BC_RESULT best_accuracy=1.000000

#Circuit Summary:
#---------------
#number of inputs = 36
#number of outputs = 7
#number of gates = 288
#number of wires = 324
#number of equivalent faults = 461

#Circuit Summary:
#---------------
#number of inputs = 41
#number of outputs = 32
#number of gates = 662
#number of wires = 703
#number of equivalent faults = 534

#Circuit Summary:
#---------------
#number of inputs = 41
#number of outputs = 32
#number of gates = 590
#number of wires = 631
#number of equivalent faults = 1574

#Circuit Summary:
#---------------
#number of inputs = 33
#number of outputs = 25
#number of gates = 1056
#number of wires = 1089
#number of equivalent faults = 1876

#Circuit Summary:
#---------------
#number of inputs = 157
#number of outputs = 64
#number of gates = 1400
#number of wires = 1557
#number of equivalent faults = 2595

#Circuit Summary:
#---------------
#number of inputs = 50
#number of outputs = 22
#number of gates = 1983
#number of wires = 2033
#number of equivalent faults = 3428

#Circuit Summary:
#---------------
#number of inputs = 178
#number of outputs = 123
#number of gates = 2973
#number of wires = 3151
#number of equivalent faults = 5350

#Circuit Summary:
#---------------
#number of inputs = 207
#number of outputs = 108
#number of gates = 4042
#number of wires = 4249
#number of equivalent faults = 7550

#Circuit Summary:
#---------------
#number of inputs = 32
#number of outputs = 32
#number of gates = 2416
#number of wires = 2448
#number of equivalent faults = 7744

#Circuit Summary:
#---------------
#number of inputs = 1664
#number of outputs = 1742
#number of gates = 23319
#number of wires = 24983
#number of equivalent faults = 31180
VALIDATION {"aggregate": {"aborted": 4, "decisions": 27474, "detected": 496, "mean_backtrace_ratio": 1.0, "mean_backtrack_ratio": 1.0, "score": [-496, 4, 1.0, 1.0, 27474]}, "circuits": {"c1355": {"aborted": 0, "backtrace_steps": 25712, "backtracks": 107, "decisions": 4101, "detected": 50, "episodes": 50, "pi_visits": 2023, "redundant": 0}, "c1908": {"aborted": 0, "backtrace_steps": 8365, "backtracks": 3, "decisions": 1146, "detected": 50, "episodes": 50, "pi_visits": 769, "redundant": 0}, "c2670": {"aborted": 0, "backtrace_steps": 11398, "backtracks": 529, "decisions": 1411, "detected": 50, "episodes": 50, "pi_visits": 1780, "redundant": 0}, "c3540": {"aborted": 1, "backtrace_steps": 24236, "backtracks": 1036, "decisions": 2649, "detected": 49, "episodes": 50, "pi_visits": 2725, "redundant": 0}, "c432": {"aborted": 1, "backtrace_steps": 9909, "backtracks": 507, "decisions": 2009, "detected": 49, "episodes": 50, "pi_visits": 1617, "redundant": 0}, "c499": {"aborted": 0, "backtrace_steps": 25121, "backtracks": 146, "decisions": 3796, "detected": 50, "episodes": 50, "pi_visits": 2069, "redundant": 0}, "c5315": {"aborted": 0, "backtrace_steps": 7412, "backtracks": 103, "decisions": 1217, "detected": 50, "episodes": 50, "pi_visits": 911, "redundant": 0}, "c6288": {"aborted": 0, "backtrace_steps": 31981, "backtracks": 647, "decisions": 6566, "detected": 50, "episodes": 50, "pi_visits": 2527, "redundant": 0}, "c7552": {"aborted": 2, "backtrace_steps": 25434, "backtracks": 1111, "decisions": 3522, "detected": 48, "episodes": 50, "pi_visits": 3365, "redundant": 0}, "s38417_scan": {"aborted": 0, "backtrace_steps": 6914, "backtracks": 14, "decisions": 1057, "detected": 50, "episodes": 50, "pi_visits": 692, "redundant": 0}}, "label": "behavior_cloning"}
TRAIN_START stage=easy sweep=1/2 circuit=c432 difficulty=easy faults=40

#Circuit Summary:
#---------------
#number of inputs = 36
#number of outputs = 7
#number of gates = 288
#number of wires = 324
#number of equivalent faults = 461
TRAIN_RESULT {"circuit": "c432", "difficulty": "easy", "learning": {"attributed_backtrace_steps": 2413, "attributed_backtracks": 14, "backtrace_event_mismatch": 0, "backtrace_event_mismatch_abs": 0, "backtrack_event_mismatch": 0, "backtrack_event_mismatch_abs": 0, "combined_reward_sum": 3881.6072999990793, "counter_mismatch_episode": 0, "distributed_potential_reward": -537.5214554740897, "entropy_mean": 0.29745930917561053, "episodes": 40, "episodes_with_updates": 40, "extrinsic_reward_sum": 3855.476652613615, "intrinsic_reward_sum": 522.6129477092735, "policy_loss_mean": -0.005422979984814447, "ratio_mean": 1.0014249950647354, "rnd_loss_mean": 0.03499387912452221, "scaled_intrinsic_reward_sum": 26.130647385463675, "steps": 800, "terminal_reward_residual": 4392.998108087706, "total_loss_mean": -0.004867665981510072, "value_loss_mean": 0.007059812692750711}, "stage": 0, "stage_name": "easy", "summary": {"aborted": 0, "backtrace_steps": 2447, "backtracks": 14, "decisions": 800, "detected": 40, "episodes": 40, "pi_visits": 448, "redundant": 0}, "sweep": 1}
TRAIN_START stage=easy sweep=1/2 circuit=c3540 difficulty=easy faults=40

#Circuit Summary:
#---------------
#number of inputs = 50
#number of outputs = 22
#number of gates = 1983
#number of wires = 2033
#number of equivalent faults = 3428
TRAIN_RESULT {"circuit": "c3540", "difficulty": "easy", "learning": {"attributed_backtrace_steps": 4507, "attributed_backtracks": 1, "backtrace_event_mismatch": 0, "backtrace_event_mismatch_abs": 0, "backtrack_event_mismatch": 0, "backtrack_event_mismatch_abs": 0, "combined_reward_sum": 3887.006079590562, "counter_mismatch_episode": 0, "distributed_potential_reward": -539.3783118972718, "entropy_mean": 0.3950099967420101, "episodes": 40, "episodes_with_updates": 40, "extrinsic_reward_sum": 3850.812303635462, "intrinsic_reward_sum": 723.8755191019774, "policy_loss_mean": -0.002117409935453907, "ratio_mean": 0.9979527816176414, "rnd_loss_mean": 0.03096522414125502, "scaled_intrinsic_reward_sum": 36.19377595509886, "steps": 697, "terminal_reward_residual": 4390.190615532735, "total_loss_mean": -0.004852339333046985, "value_loss_mean": 0.002430341285435134}, "stage": 0, "stage_name": "easy", "summary": {"aborted": 0, "backtrace_steps": 4555, "backtracks": 1, "decisions": 697, "detected": 40, "episodes": 40, "pi_visits": 501, "redundant": 0}, "sweep": 1}
TRAIN_START stage=easy sweep=1/2 circuit=s38417_scan difficulty=easy faults=40

#Circuit Summary:
#---------------
#number of inputs = 1664
#number of outputs = 1742
#number of gates = 23319
#number of wires = 24983
#number of equivalent faults = 31180
TRAIN_RESULT {"circuit": "s38417_scan", "difficulty": "easy", "learning": {"attributed_backtrace_steps": 350, "attributed_backtracks": 0, "backtrace_event_mismatch": 0, "backtrace_event_mismatch_abs": 0, "backtrack_event_mismatch": 0, "backtrack_event_mismatch_abs": 0, "combined_reward_sum": 3963.5641333401695, "counter_mismatch_episode": 0, "distributed_potential_reward": -172.5441176470588, "entropy_mean": 0.2674442835544285, "episodes": 40, "episodes_with_updates": 19, "extrinsic_reward_sum": 3960.0, "intrinsic_reward_sum": 71.28266680337191, "policy_loss_mean": 0.005229140271886105, "ratio_mean": 1.0004837826678628, "rnd_loss_mean": 0.02911078537765302, "scaled_intrinsic_reward_sum": 3.564133340168595, "steps": 64, "terminal_reward_residual": 4132.5441176470595, "total_loss_mean": 0.003182477382085237, "value_loss_mean": 0.0012555596880392422}, "stage": 0, "stage_name": "easy", "summary": {"aborted": 0, "backtrace_steps": 488, "backtracks": 0, "decisions": 64, "detected": 40, "episodes": 40, "pi_visits": 137, "redundant": 0}, "sweep": 1}
TRAIN_START stage=easy sweep=1/2 circuit=c1355 difficulty=easy faults=40

#Circuit Summary:
#---------------
#number of inputs = 41
#number of outputs = 32
#number of gates = 590
#number of wires = 631
#number of equivalent faults = 1574
TRAIN_RESULT {"circuit": "c1355", "difficulty": "easy", "learning": {"attributed_backtrace_steps": 13047, "attributed_backtracks": 3, "backtrace_event_mismatch": 0, "backtrace_event_mismatch_abs": 0, "backtrack_event_mismatch": 0, "backtrack_event_mismatch_abs": 0, "combined_reward_sum": 4082.007253099145, "counter_mismatch_episode": 0, "distributed_potential_reward": -467.2108318790148, "entropy_mean": 0.45909987688064574, "episodes": 40, "episodes_with_updates": 40, "extrinsic_reward_sum": 3931.6087908181007, "intrinsic_reward_sum": 3007.9692456208786, "policy_loss_mean": -0.0072873691802669786, "ratio_mean": 1.0001817852258683, "rnd_loss_mean": 0.02541372599080205, "scaled_intrinsic_reward_sum": 150.39846228104403, "steps": 2350, "terminal_reward_residual": 4398.819622697116, "total_loss_mean": -0.01034704651683569, "value_loss_mean": 0.003062642915028846}, "stage": 0, "stage_name": "easy", "summary": {"aborted": 0, "backtrace_steps": 13080, "backtracks": 3, "decisions": 2350, "detected": 40, "episodes": 40, "pi_visits": 1108, "redundant": 0}, "sweep": 1}
TRAIN_START stage=easy sweep=1/2 circuit=c5315 difficulty=easy faults=40

#Circuit Summary:
#---------------
#number of inputs = 178
#number of outputs = 123
#number of gates = 2973
#number of wires = 3151
#number of equivalent faults = 5350
TRAIN_RESULT {"circuit": "c5315", "difficulty": "easy", "learning": {"attributed_backtrace_steps": 1619, "attributed_backtracks": 0, "backtrace_event_mismatch": 0, "backtrace_event_mismatch_abs": 0, "backtrack_event_mismatch": 0, "backtrack_event_mismatch_abs": 0, "combined_reward_sum": 3940.274532175918, "counter_mismatch_episode": 0, "distributed_potential_reward": -380.95503172999, "entropy_mean": 0.5494311084039509, "episodes": 40, "episodes_with_updates": 32, "extrinsic_reward_sum": 3919.408695867282, "intrinsic_reward_sum": 417.3167261727256, "policy_loss_mean": 0.001798675482859835, "ratio_mean": 0.989493565633893, "rnd_loss_mean": 0.02268062246730551, "scaled_intrinsic_reward_sum": 20.865836308636283, "steps": 304, "terminal_reward_residual": 4300.363727597271, "total_loss_mean": -0.002207307261414826, "value_loss_mean": 0.0029766565116915444}, "stage": 0, "stage_name": "easy", "summary": {"aborted": 0, "backtrace_steps": 1694, "backtracks": 0, "decisions": 304, "detected": 40, "episodes": 40, "pi_visits": 281, "redundant": 0}, "sweep": 1}
TRAIN_START stage=easy sweep=1/2 circuit=c7552 difficulty=easy faults=40

#Circuit Summary:
#---------------
#number of inputs = 207
#number of outputs = 108
#number of gates = 4042
#number of wires = 4249
#number of equivalent faults = 7550
TRAIN_RESULT {"circuit": "c7552", "difficulty": "easy", "learning": {"attributed_backtrace_steps": 7985, "attributed_backtracks": 31, "backtrace_event_mismatch": 0, "backtrace_event_mismatch_abs": 0, "backtrack_event_mismatch": 0, "backtrack_event_mismatch_abs": 0, "combined_reward_sum": 3816.9172135306057, "counter_mismatch_episode": 0, "distributed_potential_reward": -614.9224388807709, "entropy_mean": 0.5484173658647036, "episodes": 40, "episodes_with_updates": 38, "extrinsic_reward_sum": 3747.4744171157226, "intrinsic_reward_sum": 1388.8559282976532, "policy_loss_mean": 0.00021242552075388007, "ratio_mean": 1.0050177229078192, "rnd_loss_mean": 0.018891651673536552, "scaled_intrinsic_reward_sum": 69.4427964148827, "steps": 1142, "terminal_reward_residual": 4362.396855996494, "total_loss_mean": -0.0013052502181380987, "value_loss_mean": 0.007932999597151616}, "stage": 0, "stage_name": "easy", "summary": {"aborted": 0, "backtrace_steps": 8033, "backtracks": 31, "decisions": 1142, "detected": 40, "episodes": 40, "pi_visits": 775, "redundant": 0}, "sweep": 1}
TRAIN_START stage=easy sweep=1/2 circuit=c499 difficulty=easy faults=40

#Circuit Summary:
#---------------
#number of inputs = 41
#number of outputs = 32
#number of gates = 662
#number of wires = 703
#number of equivalent faults = 534
TRAIN_RESULT {"circuit": "c499", "difficulty": "easy", "learning": {"attributed_backtrace_steps": 21017, "attributed_backtracks": 249, "backtrace_event_mismatch": 0, "backtrace_event_mismatch_abs": 0, "backtrack_event_mismatch": 0, "backtrack_event_mismatch_abs": 0, "combined_reward_sum": 3785.921048691707, "counter_mismatch_episode": 0, "distributed_potential_reward": -765.0563354094127, "entropy_mean": 0.6306669756770134, "episodes": 40, "episodes_with_updates": 40, "extrinsic_reward_sum": 3634.3015990612807, "intrinsic_reward_sum": 3032.388992608477, "policy_loss_mean": -0.003524753521196544, "ratio_mean": 0.9989315152168274, "rnd_loss_mean": 0.015077142021618783, "scaled_intrinsic_reward_sum": 151.61944963042384, "steps": 2717, "terminal_reward_residual": 4399.357934470694, "total_loss_mean": -0.004950080458365846, "value_loss_mean": 0.009762686918838881}, "stage": 0, "stage_name": "easy", "summary": {"aborted": 0, "backtrace_steps": 21044, "backtracks": 249, "decisions": 2717, "detected": 40, "episodes": 40, "pi_visits": 1722, "redundant": 0}, "sweep": 1}
TRAIN_START stage=easy sweep=1/2 circuit=c1908 difficulty=easy faults=40

#Circuit Summary:
#---------------
#number of inputs = 33
#number of outputs = 25
#number of gates = 1056
#number of wires = 1089
#number of equivalent faults = 1876
TRAIN_RESULT {"circuit": "c1908", "difficulty": "easy", "learning": {"attributed_backtrace_steps": 13358, "attributed_backtracks": 501, "backtrace_event_mismatch": 0, "backtrace_event_mismatch_abs": 0, "backtrack_event_mismatch": 0, "backtrack_event_mismatch_abs": 0, "combined_reward_sum": 3628.371598278396, "counter_mismatch_episode": 0, "distributed_potential_reward": -639.2848982870075, "entropy_mean": 0.4965385995805264, "episodes": 40, "episodes_with_updates": 40, "extrinsic_reward_sum": 3543.579114501876, "intrinsic_reward_sum": 1695.849675530392, "policy_loss_mean": 0.029538325971225278, "ratio_mean": 1.0020431712269784, "rnd_loss_mean": 0.011453312099911272, "scaled_intrinsic_reward_sum": 84.79248377651963, "steps": 1901, "terminal_reward_residual": 4182.864012788884, "total_loss_mean": 0.06157635268755257, "value_loss_mean": 0.07400682032603072}, "stage": 0, "stage_name": "easy", "summary": {"aborted": 1, "backtrace_steps": 13426, "backtracks": 501, "decisions": 1901, "detected": 39, "episodes": 40, "pi_visits": 1503, "redundant": 0}, "sweep": 1}
TRAIN_START stage=easy sweep=1/2 circuit=c6288 difficulty=easy faults=40

#Circuit Summary:
#---------------
#number of inputs = 32
#number of outputs = 32
#number of gates = 2416
#number of wires = 2448
#number of equivalent faults = 7744
TRAIN_RESULT {"circuit": "c6288", "difficulty": "easy", "learning": {"attributed_backtrace_steps": 7729, "attributed_backtracks": 7, "backtrace_event_mismatch": 0, "backtrace_event_mismatch_abs": 0, "backtrack_event_mismatch": 0, "backtrack_event_mismatch_abs": 0, "combined_reward_sum": 3824.652569464033, "counter_mismatch_episode": 0, "distributed_potential_reward": -626.9392936868555, "entropy_mean": 0.49342691376805303, "episodes": 40, "episodes_with_updates": 40, "extrinsic_reward_sum": 3771.0131795417205, "intrinsic_reward_sum": 1072.7877984462455, "policy_loss_mean": -0.012370340569759719, "ratio_mean": 1.00258848965168, "rnd_loss_mean": 0.007448833645321428, "scaled_intrinsic_reward_sum": 53.63938992231228, "steps": 1827, "terminal_reward_residual": 4397.9524732285745, "total_loss_mean": -0.013264638726832345, "value_loss_mean": 0.008079940307652578}, "stage": 0, "stage_name": "easy", "summary": {"aborted": 0, "backtrace_steps": 7746, "backtracks": 7, "decisions": 1827, "detected": 40, "episodes": 40, "pi_visits": 908, "redundant": 0}, "sweep": 1}
TRAIN_START stage=easy sweep=1/2 circuit=c2670 difficulty=easy faults=40

#Circuit Summary:
#---------------
#number of inputs = 157
#number of outputs = 64
#number of gates = 1400
#number of wires = 1557
#number of equivalent faults = 2595
TRAIN_RESULT {"circuit": "c2670", "difficulty": "easy", "learning": {"attributed_backtrace_steps": 1502, "attributed_backtracks": 1, "backtrace_event_mismatch": 0, "backtrace_event_mismatch_abs": 0, "backtrack_event_mismatch": 0, "backtrack_event_mismatch_abs": 0, "combined_reward_sum": 3937.784108625557, "counter_mismatch_episode": 0, "distributed_potential_reward": -386.6164262659029, "entropy_mean": 0.5283762122903551, "episodes": 40, "episodes_with_updates": 35, "extrinsic_reward_sum": 3931.6526866531854, "intrinsic_reward_sum": 122.62843944742647, "policy_loss_mean": -0.0008146677831453936, "ratio_mean": 0.9856401920318604, "rnd_loss_mean": 0.005401353764214686, "scaled_intrinsic_reward_sum": 6.131421972371323, "steps": 285, "terminal_reward_residual": 4318.269112919087, "total_loss_mean": -0.004498727679518717, "value_loss_mean": 0.003199404833243794}, "stage": 0, "stage_name": "easy", "summary": {"aborted": 0, "backtrace_steps": 1578, "backtracks": 1, "decisions": 285, "detected": 40, "episodes": 40, "pi_visits": 291, "redundant": 0}, "sweep": 1}

#Circuit Summary:
#---------------
#number of inputs = 36
#number of outputs = 7
#number of gates = 288
#number of wires = 324
#number of equivalent faults = 461

#Circuit Summary:
#---------------
#number of inputs = 41
#number of outputs = 32
#number of gates = 662
#number of wires = 703
#number of equivalent faults = 534

#Circuit Summary:
#---------------
#number of inputs = 41
#number of outputs = 32
#number of gates = 590
#number of wires = 631
#number of equivalent faults = 1574

#Circuit Summary:
#---------------
#number of inputs = 33
#number of outputs = 25
#number of gates = 1056
#number of wires = 1089
#number of equivalent faults = 1876

#Circuit Summary:
#---------------
#number of inputs = 157
#number of outputs = 64
#number of gates = 1400
#number of wires = 1557
#number of equivalent faults = 2595

#Circuit Summary:
#---------------
#number of inputs = 50
#number of outputs = 22
#number of gates = 1983
#number of wires = 2033
#number of equivalent faults = 3428

#Circuit Summary:
#---------------
#number of inputs = 178
#number of outputs = 123
#number of gates = 2973
#number of wires = 3151
#number of equivalent faults = 5350

#Circuit Summary:
#---------------
#number of inputs = 207
#number of outputs = 108
#number of gates = 4042
#number of wires = 4249
#number of equivalent faults = 7550

#Circuit Summary:
#---------------
#number of inputs = 32
#number of outputs = 32
#number of gates = 2416
#number of wires = 2448
#number of equivalent faults = 7744

#Circuit Summary:
#---------------
#number of inputs = 1664
#number of outputs = 1742
#number of gates = 23319
#number of wires = 24983
#number of equivalent faults = 31180
VALIDATION selection=kept {"aggregate": {"aborted": 9, "decisions": 29564, "detected": 491, "mean_backtrace_ratio": 1.2067071140787393, "mean_backtrack_ratio": 1.0772050232086605, "score": [-491, 9, 1.0772050232086605, 1.2067071140787393, 29564]}, "circuits": {"c1355": {"aborted": 0, "backtrace_steps": 18872, "backtracks": 3, "decisions": 3734, "detected": 50, "episodes": 50, "pi_visits": 1757, "redundant": 0}, "c1908": {"aborted": 0, "backtrace_steps": 13705, "backtracks": 7, "decisions": 1563, "detected": 50, "episodes": 50, "pi_visits": 978, "redundant": 0}, "c2670": {"aborted": 3, "backtrace_steps": 24015, "backtracks": 1513, "decisions": 2484, "detected": 47, "episodes": 50, "pi_visits": 3755, "redundant": 0}, "c3540": {"aborted": 2, "backtrace_steps": 35590, "backtracks": 1281, "decisions": 3667, "detected": 48, "episodes": 50, "pi_visits": 3268, "redundant": 0}, "c432": {"aborted": 1, "backtrace_steps": 9563, "backtracks": 507, "decisions": 2004, "detected": 49, "episodes": 50, "pi_visits": 1623, "redundant": 0}, "c499": {"aborted": 0, "backtrace_steps": 21698, "backtracks": 1, "decisions": 3245, "detected": 50, "episodes": 50, "pi_visits": 1813, "redundant": 0}, "c5315": {"aborted": 0, "backtrace_steps": 6753, "backtracks": 0, "decisions": 1093, "detected": 50, "episodes": 50, "pi_visits": 721, "redundant": 0}, "c6288": {"aborted": 3, "backtrace_steps": 59225, "backtracks": 1833, "decisions": 8512, "detected": 47, "episodes": 50, "pi_visits": 4879, "redundant": 0}, "c7552": {"aborted": 0, "backtrace_steps": 13159, "backtracks": 130, "decisions": 2208, "detected": 50, "episodes": 50, "pi_visits": 1313, "redundant": 0}, "s38417_scan": {"aborted": 0, "backtrace_steps": 6984, "backtracks": 5, "decisions": 1054, "detected": 50, "episodes": 50, "pi_visits": 683, "redundant": 0}}, "label": "easy_sweep_1"}
TRAIN_START stage=easy sweep=2/2 circuit=c2670 difficulty=easy faults=40

#Circuit Summary:
#---------------
#number of inputs = 157
#number of outputs = 64
#number of gates = 1400
#number of wires = 1557
#number of equivalent faults = 2595
TRAIN_RESULT {"circuit": "c2670", "difficulty": "easy", "learning": {"attributed_backtrace_steps": 1520, "attributed_backtracks": 0, "backtrace_event_mismatch": 0, "backtrace_event_mismatch_abs": 0, "backtrack_event_mismatch": 0, "backtrack_event_mismatch_abs": 0, "combined_reward_sum": 3987.6383532202435, "counter_mismatch_episode": 0, "distributed_potential_reward": -334.9699156315905, "entropy_mean": 0.504549413067954, "episodes": 40, "episodes_with_updates": 35, "extrinsic_reward_sum": 3983.2991972874975, "intrinsic_reward_sum": 86.78311865493146, "policy_loss_mean": -0.0015873601710024688, "ratio_mean": 1.0002825583730426, "rnd_loss_mean": 0.0036135163357747455, "scaled_intrinsic_reward_sum": 4.339155932746572, "steps": 302, "terminal_reward_residual": 4318.269112919087, "total_loss_mean": -0.006098997646144458, "value_loss_mean": 0.0010677132585052668}, "stage": 0, "stage_name": "easy", "summary": {"aborted": 0, "backtrace_steps": 1596, "backtracks": 0, "decisions": 302, "detected": 40, "episodes": 40, "pi_visits": 294, "redundant": 0}, "sweep": 2}
TRAIN_START stage=easy sweep=2/2 circuit=c5315 difficulty=easy faults=40

#Circuit Summary:
#---------------
#number of inputs = 178
#number of outputs = 123
#number of gates = 2973
#number of wires = 3151
#number of equivalent faults = 5350
TRAIN_RESULT {"circuit": "c5315", "difficulty": "easy", "learning": {"attributed_backtrace_steps": 3186, "attributed_backtracks": 1, "backtrace_event_mismatch": 0, "backtrace_event_mismatch_abs": 0, "backtrack_event_mismatch": 0, "backtrack_event_mismatch_abs": 0, "combined_reward_sum": 3841.2654089200546, "counter_mismatch_episode": 0, "distributed_potential_reward": -464.0775499006388, "entropy_mean": 0.5943636046722531, "episodes": 40, "episodes_with_updates": 32, "extrinsic_reward_sum": 3836.2861776966333, "intrinsic_reward_sum": 99.58462446843556, "policy_loss_mean": 0.0067590331673272885, "ratio_mean": 0.9963079318404198, "rnd_loss_mean": 0.002762648458883632, "scaled_intrinsic_reward_sum": 4.979231223421779, "steps": 431, "terminal_reward_residual": 4300.363727597271, "total_loss_mean": 0.0032772030390333384, "value_loss_mean": 0.004923611698927743}, "stage": 0, "stage_name": "easy", "summary": {"aborted": 0, "backtrace_steps": 3261, "backtracks": 1, "decisions": 431, "detected": 40, "episodes": 40, "pi_visits": 337, "redundant": 0}, "sweep": 2}
TRAIN_START stage=easy sweep=2/2 circuit=s38417_scan difficulty=easy faults=40

#Circuit Summary:
#---------------
#number of inputs = 1664
#number of outputs = 1742
#number of gates = 23319
#number of wires = 24983
#number of equivalent faults = 31180
TRAIN_RESULT {"circuit": "s38417_scan", "difficulty": "easy", "learning": {"attributed_backtrace_steps": 315, "attributed_backtracks": 0, "backtrace_event_mismatch": 0, "backtrace_event_mismatch_abs": 0, "backtrack_event_mismatch": 0, "backtrack_event_mismatch_abs": 0, "combined_reward_sum": 3937.1676504468896, "counter_mismatch_episode": 0, "distributed_potential_reward": -195.87745098039213, "entropy_mean": 0.4797956661174172, "episodes": 40, "episodes_with_updates": 19, "extrinsic_reward_sum": 3936.666666666667, "intrinsic_reward_sum": 10.01967560445993, "policy_loss_mean": 0.0020296901868852345, "ratio_mean": 0.9900214170154772, "rnd_loss_mean": 0.0023683638091346153, "scaled_intrinsic_reward_sum": 0.5009837802229965, "steps": 59, "terminal_reward_residual": 4132.5441176470595, "total_loss_mean": -0.0014916135788601089, "value_loss_mean": 0.002553306781632464}, "stage": 0, "stage_name": "easy", "summary": {"aborted": 0, "backtrace_steps": 453, "backtracks": 0, "decisions": 59, "detected": 40, "episodes": 40, "pi_visits": 136, "redundant": 0}, "sweep": 2}
TRAIN_START stage=easy sweep=2/2 circuit=c3540 difficulty=easy faults=40

#Circuit Summary:
#---------------
#number of inputs = 50
#number of outputs = 22
#number of gates = 1983
#number of wires = 2033
#number of equivalent faults = 3428
TRAIN_RESULT {"circuit": "c3540", "difficulty": "easy", "learning": {"attributed_backtrace_steps": 10816, "attributed_backtracks": 500, "backtrace_event_mismatch": 0, "backtrace_event_mismatch_abs": 0, "backtrack_event_mismatch": 0, "backtrack_event_mismatch_abs": 0, "combined_reward_sum": 3717.0328833409358, "counter_mismatch_episode": 0, "distributed_potential_reward": -486.541593337666, "entropy_mean": 0.5020237229764462, "episodes": 40, "episodes_with_updates": 40, "extrinsic_reward_sum": 3703.6490221950694, "intrinsic_reward_sum": 267.67722291731553, "policy_loss_mean": 0.015317919780500233, "ratio_mean": 1.0060561403632164, "rnd_loss_mean": 0.0016976426501059904, "scaled_intrinsic_reward_sum": 13.383861145865778, "steps": 1766, "terminal_reward_residual": 4190.190615532735, "total_loss_mean": 0.05533035998523701, "value_loss_mean": 0.09006533881401993}, "stage": 0, "stage_name": "easy", "summary": {"aborted": 1, "backtrace_steps": 10864, "backtracks": 500, "decisions": 1766, "detected": 39, "episodes": 40, "pi_visits": 1475, "redundant": 0}, "sweep": 2}
TRAIN_START stage=easy sweep=2/2 circuit=c499 difficulty=easy faults=40

#Circuit Summary:
#---------------
#number of inputs = 41
#number of outputs = 32
#number of gates = 662
#number of wires = 703
#number of equivalent faults = 534
TRAIN_RESULT {"circuit": "c499", "difficulty": "easy", "learning": {"attributed_backtrace_steps": 23169, "attributed_backtracks": 520, "backtrace_event_mismatch": 0, "backtrace_event_mismatch_abs": 0, "backtrack_event_mismatch": 0, "backtrack_event_mismatch_abs": 0, "combined_reward_sum": 3652.3716303529704, "counter_mismatch_episode": 0, "distributed_potential_reward": -765.4339112254863, "entropy_mean": 0.520388887822628, "episodes": 40, "episodes_with_updates": 40, "extrinsic_reward_sum": 3633.924023245206, "intrinsic_reward_sum": 368.9521421552853, "policy_loss_mean": -0.004025238525355235, "ratio_mean": 1.0024575144052505, "rnd_loss_mean": 0.0015731113264337182, "scaled_intrinsic_reward_sum": 18.447607107764263, "steps": 2993, "terminal_reward_residual": 4399.357934470692, "total_loss_mean": -0.002469954648404382, "value_loss_mean": 0.013518343504983932}, "stage": 0, "stage_name": "easy", "summary": {"aborted": 0, "backtrace_steps": 23196, "backtracks": 520, "decisions": 2993, "detected": 40, "episodes": 40, "pi_visits": 2128, "redundant": 0}, "sweep": 2}
TRAIN_START stage=easy sweep=2/2 circuit=c1908 difficulty=easy faults=40

#Circuit Summary:
#---------------
#number of inputs = 33
#number of outputs = 25
#number of gates = 1056
#number of wires = 1089
#number of equivalent faults = 1876
TRAIN_RESULT {"circuit": "c1908", "difficulty": "easy", "learning": {"attributed_backtrace_steps": 4961, "attributed_backtracks": 31, "backtrace_event_mismatch": 0, "backtrace_event_mismatch_abs": 0, "backtrack_event_mismatch": 0, "backtrack_event_mismatch_abs": 0, "combined_reward_sum": 3804.1517447341857, "counter_mismatch_episode": 0, "distributed_potential_reward": -582.1330836248792, "entropy_mean": 0.5826112709939479, "episodes": 40, "episodes_with_updates": 40, "extrinsic_reward_sum": 3800.730929164004, "intrinsic_reward_sum": 68.41631140362371, "policy_loss_mean": 0.0008201293036108837, "ratio_mean": 1.0039445474743842, "rnd_loss_mean": 0.0012471044698031618, "scaled_intrinsic_reward_sum": 3.4208155701811847, "steps": 702, "terminal_reward_residual": 4382.864012788883, "total_loss_mean": -0.002079926180886105, "value_loss_mean": 0.005852114765730221}, "stage": 0, "stage_name": "easy", "summary": {"aborted": 0, "backtrace_steps": 5029, "backtracks": 31, "decisions": 702, "detected": 40, "episodes": 40, "pi_visits": 540, "redundant": 0}, "sweep": 2}
TRAIN_START stage=easy sweep=2/2 circuit=c432 difficulty=easy faults=40

#Circuit Summary:
#---------------
#number of inputs = 36
#number of outputs = 7
#number of gates = 288
#number of wires = 324
#number of equivalent faults = 461
TRAIN_RESULT {"circuit": "c432", "difficulty": "easy", "learning": {"attributed_backtrace_steps": 9914, "attributed_backtracks": 504, "backtrace_event_mismatch": 0, "backtrace_event_mismatch_abs": 0, "backtrack_event_mismatch": 0, "backtrack_event_mismatch_abs": 0, "combined_reward_sum": 3399.1551352720394, "counter_mismatch_episode": 0, "distributed_potential_reward": -799.6175399889544, "entropy_mean": 0.49956844449043275, "episodes": 40, "episodes_with_updates": 40, "extrinsic_reward_sum": 3393.38056809875, "intrinsic_reward_sum": 115.491343465769, "policy_loss_mean": 0.02414419855340384, "ratio_mean": 1.0041868701577186, "rnd_loss_mean": 0.0010424869586131535, "scaled_intrinsic_reward_sum": 5.774567173288448, "steps": 1536, "terminal_reward_residual": 4192.998108087705, "total_loss_mean": 0.06921086519578239, "value_loss_mean": 0.10012469707871788}, "stage": 0, "stage_name": "easy", "summary": {"aborted": 1, "backtrace_steps": 9948, "backtracks": 504, "decisions": 1536, "detected": 39, "episodes": 40, "pi_visits": 1509, "redundant": 0}, "sweep": 2}
TRAIN_START stage=easy sweep=2/2 circuit=c7552 difficulty=easy faults=40

#Circuit Summary:
#---------------
#number of inputs = 207
#number of outputs = 108
#number of gates = 4042
#number of wires = 4249
#number of equivalent faults = 7550
TRAIN_RESULT {"circuit": "c7552", "difficulty": "easy", "learning": {"attributed_backtrace_steps": 6423, "attributed_backtracks": 0, "backtrace_event_mismatch": 0, "backtrace_event_mismatch_abs": 0, "backtrack_event_mismatch": 0, "backtrack_event_mismatch_abs": 0, "combined_reward_sum": 3903.9392943558178, "counter_mismatch_episode": 0, "distributed_potential_reward": -461.8617636078006, "entropy_mean": 0.44027055329398107, "episodes": 40, "episodes_with_updates": 38, "extrinsic_reward_sum": 3900.5350923886926, "intrinsic_reward_sum": 68.08403934247424, "policy_loss_mean": -0.010806135343093621, "ratio_mean": 0.9912640828835336, "rnd_loss_mean": 0.0008618804721137215, "scaled_intrinsic_reward_sum": 3.404201967123713, "steps": 996, "terminal_reward_residual": 4362.396855996494, "total_loss_mean": -0.013880723572679256, "value_loss_mean": 0.0026562338423804918}, "stage": 0, "stage_name": "easy", "summary": {"aborted": 0, "backtrace_steps": 6471, "backtracks": 0, "decisions": 996, "detected": 40, "episodes": 40, "pi_visits": 634, "redundant": 0}, "sweep": 2}
TRAIN_START stage=easy sweep=2/2 circuit=c6288 difficulty=easy faults=40

#Circuit Summary:
#---------------
#number of inputs = 32
#number of outputs = 32
#number of gates = 2416
#number of wires = 2448
#number of equivalent faults = 7744
TRAIN_RESULT {"circuit": "c6288", "difficulty": "easy", "learning": {"attributed_backtrace_steps": 9612, "attributed_backtracks": 11, "backtrace_event_mismatch": 0, "backtrace_event_mismatch_abs": 0, "backtrack_event_mismatch": 0, "backtrack_event_mismatch_abs": 0, "combined_reward_sum": 3635.292278853051, "counter_mismatch_episode": 0, "distributed_potential_reward": -769.5233678478565, "entropy_mean": 0.6308223202824592, "episodes": 40, "episodes_with_updates": 40, "extrinsic_reward_sum": 3628.429105380719, "intrinsic_reward_sum": 137.26346944667637, "policy_loss_mean": 0.00770321189193055, "ratio_mean": 0.9979392006993294, "rnd_loss_mean": 0.0007474646714399569, "scaled_intrinsic_reward_sum": 6.863173472333819, "steps": 2374, "terminal_reward_residual": 4397.9524732285745, "total_loss_mean": 0.007014534035988618, "value_loss_mean": 0.01123908960580593}, "stage": 0, "stage_name": "easy", "summary": {"aborted": 0, "backtrace_steps": 9629, "backtracks": 11, "decisions": 2374, "detected": 40, "episodes": 40, "pi_visits": 903, "redundant": 0}, "sweep": 2}
TRAIN_START stage=easy sweep=2/2 circuit=c1355 difficulty=easy faults=40

#Circuit Summary:
#---------------
#number of inputs = 41
#number of outputs = 32
#number of gates = 590
#number of wires = 631
#number of equivalent faults = 1574
TRAIN_RESULT {"circuit": "c1355", "difficulty": "easy", "learning": {"attributed_backtrace_steps": 24787, "attributed_backtracks": 1053, "backtrace_event_mismatch": 0, "backtrace_event_mismatch_abs": 0, "backtrack_event_mismatch": 0, "backtrack_event_mismatch_abs": 0, "combined_reward_sum": 3247.822737415113, "counter_mismatch_episode": 0, "distributed_potential_reward": -771.3332859191132, "entropy_mean": 0.42363124489784243, "episodes": 40, "episodes_with_updates": 40, "extrinsic_reward_sum": 3227.4863367780026, "intrinsic_reward_sum": 406.7280127421976, "policy_loss_mean": 0.052442170400172475, "ratio_mean": 1.0016898214817047, "rnd_loss_mean": 0.0008539042129996233, "scaled_intrinsic_reward_sum": 20.33640063710989, "steps": 5221, "terminal_reward_residual": 3998.819622697115, "total_loss_mean": 0.1411667973967269, "value_loss_mean": 0.18592189386836253}, "stage": 0, "stage_name": "easy", "summary": {"aborted": 2, "backtrace_steps": 24820, "backtracks": 1053, "decisions": 5221, "detected": 38, "episodes": 40, "pi_visits": 3109, "redundant": 0}, "sweep": 2}

#Circuit Summary:
#---------------
#number of inputs = 36
#number of outputs = 7
#number of gates = 288
#number of wires = 324
#number of equivalent faults = 461

#Circuit Summary:
#---------------
#number of inputs = 41
#number of outputs = 32
#number of gates = 662
#number of wires = 703
#number of equivalent faults = 534

#Circuit Summary:
#---------------
#number of inputs = 41
#number of outputs = 32
#number of gates = 590
#number of wires = 631
#number of equivalent faults = 1574

#Circuit Summary:
#---------------
#number of inputs = 33
#number of outputs = 25
#number of gates = 1056
#number of wires = 1089
#number of equivalent faults = 1876

#Circuit Summary:
#---------------
#number of inputs = 157
#number of outputs = 64
#number of gates = 1400
#number of wires = 1557
#number of equivalent faults = 2595

#Circuit Summary:
#---------------
#number of inputs = 50
#number of outputs = 22
#number of gates = 1983
#number of wires = 2033
#number of equivalent faults = 3428

#Circuit Summary:
#---------------
#number of inputs = 178
#number of outputs = 123
#number of gates = 2973
#number of wires = 3151
#number of equivalent faults = 5350

#Circuit Summary:
#---------------
#number of inputs = 207
#number of outputs = 108
#number of gates = 4042
#number of wires = 4249
#number of equivalent faults = 7550

#Circuit Summary:
#---------------
#number of inputs = 32
#number of outputs = 32
#number of gates = 2416
#number of wires = 2448
#number of equivalent faults = 7744

#Circuit Summary:
#---------------
#number of inputs = 1664
#number of outputs = 1742
#number of gates = 23319
#number of wires = 24983
#number of equivalent faults = 31180
VALIDATION selection=kept {"aggregate": {"aborted": 7, "decisions": 30183, "detected": 493, "mean_backtrace_ratio": 1.0916069910085677, "mean_backtrack_ratio": 0.9941262297803737, "score": [-493, 7, 0.9941262297803737, 1.0916069910085677, 30183]}, "circuits": {"c1355": {"aborted": 0, "backtrace_steps": 20772, "backtracks": 23, "decisions": 3822, "detected": 50, "episodes": 50, "pi_visits": 1844, "redundant": 0}, "c1908": {"aborted": 0, "backtrace_steps": 11860, "backtracks": 6, "decisions": 1417, "detected": 50, "episodes": 50, "pi_visits": 911, "redundant": 0}, "c2670": {"aborted": 1, "backtrace_steps": 12196, "backtracks": 625, "decisions": 1461, "detected": 49, "episodes": 50, "pi_visits": 1948, "redundant": 0}, "c3540": {"aborted": 2, "backtrace_steps": 28153, "backtracks": 1038, "decisions": 2973, "detected": 48, "episodes": 50, "pi_visits": 2849, "redundant": 0}, "c432": {"aborted": 1, "backtrace_steps": 12477, "backtracks": 516, "decisions": 1861, "detected": 49, "episodes": 50, "pi_visits": 1636, "redundant": 0}, "c499": {"aborted": 0, "backtrace_steps": 21565, "backtracks": 69, "decisions": 3399, "detected": 50, "episodes": 50, "pi_visits": 1907, "redundant": 0}, "c5315": {"aborted": 0, "backtrace_steps": 7455, "backtracks": 124, "decisions": 1215, "detected": 50, "episodes": 50, "pi_visits": 942, "redundant": 0}, "c6288": {"aborted": 1, "backtrace_steps": 40667, "backtracks": 626, "decisions": 9184, "detected": 49, "episodes": 50, "pi_visits": 2570, "redundant": 0}, "c7552": {"aborted": 2, "backtrace_steps": 26408, "backtracks": 1217, "decisions": 3715, "detected": 48, "episodes": 50, "pi_visits": 3548, "redundant": 0}, "s38417_scan": {"aborted": 0, "backtrace_steps": 7090, "backtracks": 11, "decisions": 1136, "detected": 50, "episodes": 50, "pi_visits": 700, "redundant": 0}}, "label": "easy_sweep_2"}
TRAIN_START stage=medium sweep=1/2 circuit=c1355 difficulty=medium faults=40

#Circuit Summary:
#---------------
#number of inputs = 41
#number of outputs = 32
#number of gates = 590
#number of wires = 631
#number of equivalent faults = 1574
TRAIN_RESULT {"circuit": "c1355", "difficulty": "medium", "learning": {"attributed_backtrace_steps": 19904, "attributed_backtracks": 238, "backtrace_event_mismatch": 0, "backtrace_event_mismatch_abs": 0, "backtrack_event_mismatch": 0, "backtrack_event_mismatch_abs": 0, "combined_reward_sum": 3569.26763188599, "counter_mismatch_episode": 0, "distributed_potential_reward": -1013.4424337457186, "entropy_mean": 0.4361251227557659, "episodes": 40, "episodes_with_updates": 40, "extrinsic_reward_sum": 3565.726505572424, "intrinsic_reward_sum": 177.0563156783331, "policy_loss_mean": 0.00479622115381062, "ratio_mean": 0.999502994120121, "rnd_loss_mean": 0.0005518649435543921, "scaled_intrinsic_reward_sum": 3.541126313566663, "steps": 3656, "terminal_reward_residual": 4579.168939318141, "total_loss_mean": 0.020006265491247177, "value_loss_mean": 0.03478133442113176}, "stage": 1, "stage_name": "medium", "summary": {"aborted": 0, "backtrace_steps": 19947, "backtracks": 238, "decisions": 3656, "detected": 40, "episodes": 40, "pi_visits": 1966, "redundant": 0}, "sweep": 1}
TRAIN_START stage=medium sweep=1/2 circuit=c1908 difficulty=easy faults=40

#Circuit Summary:
#---------------
#number of inputs = 33
#number of outputs = 25
#number of gates = 1056
#number of wires = 1089
#number of equivalent faults = 1876
TRAIN_RESULT {"circuit": "c1908", "difficulty": "easy", "learning": {"attributed_backtrace_steps": 5406, "attributed_backtracks": 2, "backtrace_event_mismatch": 0, "backtrace_event_mismatch_abs": 0, "backtrack_event_mismatch": 0, "backtrack_event_mismatch_abs": 0, "combined_reward_sum": 3770.0672509668484, "counter_mismatch_episode": 0, "distributed_potential_reward": -613.5530581780137, "entropy_mean": 0.43431262522935865, "episodes": 40, "episodes_with_updates": 40, "extrinsic_reward_sum": 3769.3109546108703, "intrinsic_reward_sum": 37.81481779898026, "policy_loss_mean": -0.0281511532724835, "ratio_mean": 1.0061485961079597, "rnd_loss_mean": 0.0006211819571035448, "scaled_intrinsic_reward_sum": 0.756296355979605, "steps": 729, "terminal_reward_residual": 4382.864012788883, "total_loss_mean": -0.02745320290559903, "value_loss_mean": 0.005739026666560676}, "stage": 1, "stage_name": "medium", "summary": {"aborted": 0, "backtrace_steps": 5474, "backtracks": 2, "decisions": 729, "detected": 40, "episodes": 40, "pi_visits": 519, "redundant": 0}, "sweep": 1}
TRAIN_START stage=medium sweep=1/2 circuit=c3540 difficulty=easy faults=40

#Circuit Summary:
#---------------
#number of inputs = 50
#number of outputs = 22
#number of gates = 1983
#number of wires = 2033
#number of equivalent faults = 3428
TRAIN_RESULT {"circuit": "c3540", "difficulty": "easy", "learning": {"attributed_backtrace_steps": 4802, "attributed_backtracks": 2, "backtrace_event_mismatch": 0, "backtrace_event_mismatch_abs": 0, "backtrack_event_mismatch": 0, "backtrack_event_mismatch_abs": 0, "combined_reward_sum": 3788.339390602915, "counter_mismatch_episode": 0, "distributed_potential_reward": -602.9119319484413, "entropy_mean": 0.5351609416306019, "episodes": 40, "episodes_with_updates": 40, "extrinsic_reward_sum": 3787.278683584294, "intrinsic_reward_sum": 53.035350931070504, "policy_loss_mean": 0.004387536115245894, "ratio_mean": 0.99901532381773, "rnd_loss_mean": 0.0007915005982795265, "scaled_intrinsic_reward_sum": 1.0607070186214098, "steps": 737, "terminal_reward_residual": 4390.190615532735, "total_loss_mean": 0.004024433728773147, "value_loss_mean": 0.004625404952093959}, "stage": 1, "stage_name": "medium", "summary": {"aborted": 0, "backtrace_steps": 4850, "backtracks": 2, "decisions": 737, "detected": 40, "episodes": 40, "pi_visits": 526, "redundant": 0}, "sweep": 1}
TRAIN_START stage=medium sweep=1/2 circuit=c499 difficulty=easy faults=40

#Circuit Summary:
#---------------
#number of inputs = 41
#number of outputs = 32
#number of gates = 662
#number of wires = 703
#number of equivalent faults = 534
TRAIN_RESULT {"circuit": "c499", "difficulty": "easy", "learning": {"attributed_backtrace_steps": 25120, "attributed_backtracks": 518, "backtrace_event_mismatch": 0, "backtrace_event_mismatch_abs": 0, "backtrack_event_mismatch": 0, "backtrack_event_mismatch_abs": 0, "combined_reward_sum": 3520.892621964016, "counter_mismatch_episode": 0, "distributed_potential_reward": -681.9983195315658, "entropy_mean": 0.534996971487999, "episodes": 40, "episodes_with_updates": 40, "extrinsic_reward_sum": 3517.3596149391283, "intrinsic_reward_sum": 176.65035124445, "policy_loss_mean": 0.042309395477059294, "ratio_mean": 1.00046925842762, "rnd_loss_mean": 0.0005041178643296007, "scaled_intrinsic_reward_sum": 3.5330070248890006, "steps": 3486, "terminal_reward_residual": 4199.357934470693, "total_loss_mean": 0.08974936913873535, "value_loss_mean": 0.10022990556171862}, "stage": 1, "stage_name": "medium", "summary": {"aborted": 1, "backtrace_steps": 25147, "backtracks": 518, "decisions": 3486, "detected": 39, "episodes": 40, "pi_visits": 2139, "redundant": 0}, "sweep": 1}
TRAIN_START stage=medium sweep=1/2 circuit=c1908 difficulty=medium faults=40

#Circuit Summary:
#---------------
#number of inputs = 33
#number of outputs = 25
#number of gates = 1056
#number of wires = 1089
#number of equivalent faults = 1876
TRAIN_RESULT {"circuit": "c1908", "difficulty": "medium", "learning": {"attributed_backtrace_steps": 18450, "attributed_backtracks": 501, "backtrace_event_mismatch": 0, "backtrace_event_mismatch_abs": 0, "backtrack_event_mismatch": 0, "backtrack_event_mismatch_abs": 0, "combined_reward_sum": 3655.652138116426, "counter_mismatch_episode": 0, "distributed_potential_reward": -540.4615115107048, "entropy_mean": 0.6085511177778244, "episodes": 40, "episodes_with_updates": 40, "extrinsic_reward_sum": 3652.684896215913, "intrinsic_reward_sum": 148.3620950256889, "policy_loss_mean": 0.020535135199315845, "ratio_mean": 1.0068778917193413, "rnd_loss_mean": 0.00044545694399857896, "scaled_intrinsic_reward_sum": 2.967241900513778, "steps": 2698, "terminal_reward_residual": 4193.146407726617, "total_loss_mean": 0.0655446686083451, "value_loss_mean": 0.09610458621900761}, "stage": 1, "stage_name": "medium", "summary": {"aborted": 1, "backtrace_steps": 18532, "backtracks": 501, "decisions": 2698, "detected": 39, "episodes": 40, "pi_visits": 1695, "redundant": 0}, "sweep": 1}
TRAIN_START stage=medium sweep=1/2 circuit=c7552 difficulty=easy faults=40

#Circuit Summary:
#---------------
#number of inputs = 207
#number of outputs = 108
#number of gates = 4042
#number of wires = 4249
#number of equivalent faults = 7550
TRAIN_RESULT {"circuit": "c7552", "difficulty": "easy", "learning": {"attributed_backtrace_steps": 6253, "attributed_backtracks": 1, "backtrace_event_mismatch": 0, "backtrace_event_mismatch_abs": 0, "backtrack_event_mismatch": 0, "backtrack_event_mismatch_abs": 0, "combined_reward_sum": 3879.533836600461, "counter_mismatch_episode": 0, "distributed_potential_reward": -483.83892463261, "entropy_mean": 0.577109127452499, "episodes": 40, "episodes_with_updates": 38, "extrinsic_reward_sum": 3878.5579313638846, "intrinsic_reward_sum": 48.795261828818035, "policy_loss_mean": -0.0184576917580623, "ratio_mean": 1.0003634628496672, "rnd_loss_mean": 0.0005986260251742543, "scaled_intrinsic_reward_sum": 0.9759052365763605, "steps": 943, "terminal_reward_residual": 4362.396855996494, "total_loss_mean": -0.01932302089679931, "value_loss_mean": 0.004040432923435027}, "stage": 1, "stage_name": "medium", "summary": {"aborted": 0, "backtrace_steps": 6301, "backtracks": 1, "decisions": 943, "detected": 40, "episodes": 40, "pi_visits": 623, "redundant": 0}, "sweep": 1}
TRAIN_START stage=medium sweep=1/2 circuit=c2670 difficulty=easy faults=40

#Circuit Summary:
#---------------
#number of inputs = 157
#number of outputs = 64
#number of gates = 1400
#number of wires = 1557
#number of equivalent faults = 2595
TRAIN_RESULT {"circuit": "c2670", "difficulty": "easy", "learning": {"attributed_backtrace_steps": 1644, "attributed_backtracks": 0, "backtrace_event_mismatch": 0, "backtrace_event_mismatch_abs": 0, "backtrack_event_mismatch": 0, "backtrack_event_mismatch_abs": 0, "combined_reward_sum": 3933.7025033734035, "counter_mismatch_episode": 0, "distributed_potential_reward": -384.863800872556, "entropy_mean": 0.5374420881271362, "episodes": 40, "episodes_with_updates": 35, "extrinsic_reward_sum": 3933.4053120465323, "intrinsic_reward_sum": 14.859566343591688, "policy_loss_mean": -0.0021264290836240565, "ratio_mean": 0.9957288197108678, "rnd_loss_mean": 0.0004852649098860898, "scaled_intrinsic_reward_sum": 0.2971913268718338, "steps": 326, "terminal_reward_residual": 4318.269112919087, "total_loss_mean": -0.0036781083659401964, "value_loss_mean": 0.0022710615700426776}, "stage": 1, "stage_name": "medium", "summary": {"aborted": 0, "backtrace_steps": 1720, "backtracks": 0, "decisions": 326, "detected": 40, "episodes": 40, "pi_visits": 307, "redundant": 0}, "sweep": 1}
TRAIN_START stage=medium sweep=1/2 circuit=s38417_scan difficulty=medium faults=40

#Circuit Summary:
#---------------
#number of inputs = 1664
#number of outputs = 1742
#number of gates = 23319
#number of wires = 24983
#number of equivalent faults = 31180
TRAIN_RESULT {"circuit": "s38417_scan", "difficulty": "medium", "learning": {"attributed_backtrace_steps": 4728, "attributed_backtracks": 3, "backtrace_event_mismatch": 0, "backtrace_event_mismatch_abs": 0, "backtrack_event_mismatch": 0, "backtrack_event_mismatch_abs": 0, "combined_reward_sum": 3899.2243440698653, "counter_mismatch_episode": 0, "distributed_potential_reward": -482.15160650232093, "entropy_mean": 0.6041912652552128, "episodes": 40, "episodes_with_updates": 40, "extrinsic_reward_sum": 3898.572296596469, "intrinsic_reward_sum": 32.60237366978867, "policy_loss_mean": -0.0011735546984709799, "ratio_mean": 1.00024354159832, "rnd_loss_mean": 0.00045690039478358814, "scaled_intrinsic_reward_sum": 0.6520474733957734, "steps": 748, "terminal_reward_residual": 4380.72390309879, "total_loss_mean": 2.3520339163951574e-05, "value_loss_mean": 0.008436063626868417}, "stage": 1, "stage_name": "medium", "summary": {"aborted": 0, "backtrace_steps": 4808, "backtracks": 3, "decisions": 748, "detected": 40, "episodes": 40, "pi_visits": 528, "redundant": 0}, "sweep": 1}
TRAIN_START stage=medium sweep=1/2 circuit=c6288 difficulty=easy faults=40

#Circuit Summary:
#---------------
#number of inputs = 32
#number of outputs = 32
#number of gates = 2416
#number of wires = 2448
#number of equivalent faults = 7744
TRAIN_RESULT {"circuit": "c6288", "difficulty": "easy", "learning": {"attributed_backtrace_steps": 15608, "attributed_backtracks": 274, "backtrace_event_mismatch": 0, "backtrace_event_mismatch_abs": 0, "backtrack_event_mismatch": 0, "backtrack_event_mismatch_abs": 0, "combined_reward_sum": 3575.334281676932, "counter_mismatch_episode": 0, "distributed_potential_reward": -825.319113642361, "entropy_mean": 0.6752463564276695, "episodes": 40, "episodes_with_updates": 40, "extrinsic_reward_sum": 3572.6333595862134, "intrinsic_reward_sum": 135.04610453593173, "policy_loss_mean": 0.001678543188245385, "ratio_mean": 1.0007997825741768, "rnd_loss_mean": 0.00037837620948266704, "scaled_intrinsic_reward_sum": 2.7009220907186346, "steps": 3376, "terminal_reward_residual": 4397.9524732285745, "total_loss_mean": 0.005370645018410869, "value_loss_mean": 0.01413666423613904}, "stage": 1, "stage_name": "medium", "summary": {"aborted": 0, "backtrace_steps": 15625, "backtracks": 274, "decisions": 3376, "detected": 40, "episodes": 40, "pi_visits": 1443, "redundant": 0}, "sweep": 1}
TRAIN_START stage=medium sweep=1/2 circuit=c5315 difficulty=medium faults=40

#Circuit Summary:
#---------------
#number of inputs = 178
#number of outputs = 123
#number of gates = 2973
#number of wires = 3151
#number of equivalent faults = 5350
TRAIN_RESULT {"circuit": "c5315", "difficulty": "medium", "learning": {"attributed_backtrace_steps": 6328, "attributed_backtracks": 7, "backtrace_event_mismatch": 0, "backtrace_event_mismatch_abs": 0, "backtrack_event_mismatch": 0, "backtrack_event_mismatch_abs": 0, "combined_reward_sum": 3909.341284968452, "counter_mismatch_episode": 0, "distributed_potential_reward": -484.2602063044279, "entropy_mean": 0.6059027880430221, "episodes": 40, "episodes_with_updates": 40, "extrinsic_reward_sum": 3908.2573296032483, "intrinsic_reward_sum": 54.1977682601821, "policy_loss_mean": -0.0022732512676157056, "ratio_mean": 1.0011904373764993, "rnd_loss_mean": 0.0005230161550571211, "scaled_intrinsic_reward_sum": 1.0839553652036422, "steps": 1029, "terminal_reward_residual": 4392.517535907676, "total_loss_mean": -0.002586480296213267, "value_loss_mean": 0.005432568165997509}, "stage": 1, "stage_name": "medium", "summary": {"aborted": 0, "backtrace_steps": 6420, "backtracks": 7, "decisions": 1029, "detected": 40, "episodes": 40, "pi_visits": 723, "redundant": 0}, "sweep": 1}
TRAIN_START stage=medium sweep=1/2 circuit=c1355 difficulty=easy faults=40

#Circuit Summary:
#---------------
#number of inputs = 41
#number of outputs = 32
#number of gates = 590
#number of wires = 631
#number of equivalent faults = 1574
TRAIN_RESULT {"circuit": "c1355", "difficulty": "easy", "learning": {"attributed_backtrace_steps": 14117, "attributed_backtracks": 70, "backtrace_event_mismatch": 0, "backtrace_event_mismatch_abs": 0, "backtrack_event_mismatch": 0, "backtrack_event_mismatch_abs": 0, "combined_reward_sum": 3482.212087496983, "counter_mismatch_episode": 0, "distributed_potential_reward": -918.4358351264949, "entropy_mean": 0.4494854748249054, "episodes": 40, "episodes_with_updates": 40, "extrinsic_reward_sum": 3480.383787570622, "intrinsic_reward_sum": 91.41499631800417, "policy_loss_mean": 0.025065979111241178, "ratio_mean": 0.9985486924648285, "rnd_loss_mean": 0.00034260569882462735, "scaled_intrinsic_reward_sum": 1.828299926360083, "steps": 2588, "terminal_reward_residual": 4398.819622697116, "total_loss_mean": 0.03457014151790645, "value_loss_mean": 0.023503179306862874}, "stage": 1, "stage_name": "medium", "summary": {"aborted": 0, "backtrace_steps": 14150, "backtracks": 70, "decisions": 2588, "detected": 40, "episodes": 40, "pi_visits": 1191, "redundant": 0}, "sweep": 1}
TRAIN_START stage=medium sweep=1/2 circuit=c3540 difficulty=medium faults=40

#Circuit Summary:
#---------------
#number of inputs = 50
#number of outputs = 22
#number of gates = 1983
#number of wires = 2033
#number of equivalent faults = 3428
TRAIN_RESULT {"circuit": "c3540", "difficulty": "medium", "learning": {"attributed_backtrace_steps": 9021, "attributed_backtracks": 39, "backtrace_event_mismatch": 0, "backtrace_event_mismatch_abs": 0, "backtrack_event_mismatch": 0, "backtrack_event_mismatch_abs": 0, "combined_reward_sum": 3917.915716692644, "counter_mismatch_episode": 0, "distributed_potential_reward": -818.7706186293807, "entropy_mean": 0.4073780193924904, "episodes": 40, "episodes_with_updates": 40, "extrinsic_reward_sum": 3916.610117230884, "intrinsic_reward_sum": 65.27997308806874, "policy_loss_mean": -0.04704417123575695, "ratio_mean": 1.0103609204292296, "rnd_loss_mean": 0.0005501479841768742, "scaled_intrinsic_reward_sum": 1.305599461761375, "steps": 1163, "terminal_reward_residual": 4735.3807358602635, "total_loss_mean": -0.03957262105832342, "value_loss_mean": 0.019016880838898943}, "stage": 1, "stage_name": "medium", "summary": {"aborted": 0, "backtrace_steps": 9080, "backtracks": 39, "decisions": 1163, "detected": 40, "episodes": 40, "pi_visits": 771, "redundant": 0}, "sweep": 1}
TRAIN_START stage=medium sweep=1/2 circuit=c499 difficulty=medium faults=40

#Circuit Summary:
#---------------
#number of inputs = 41
#number of outputs = 32
#number of gates = 662
#number of wires = 703
#number of equivalent faults = 534
TRAIN_RESULT {"circuit": "c499", "difficulty": "medium", "learning": {"attributed_backtrace_steps": 18119, "attributed_backtracks": 3, "backtrace_event_mismatch": 0, "backtrace_event_mismatch_abs": 0, "backtrack_event_mismatch": 0, "backtrack_event_mismatch_abs": 0, "combined_reward_sum": 3988.989773644611, "counter_mismatch_episode": 0, "distributed_potential_reward": -412.8373666985509, "entropy_mean": 0.3660696767270565, "episodes": 40, "episodes_with_updates": 40, "extrinsic_reward_sum": 3986.981988458154, "intrinsic_reward_sum": 100.38925932284205, "policy_loss_mean": 0.010679501491540577, "ratio_mean": 0.9995838910341263, "rnd_loss_mean": 0.0003386072210560087, "scaled_intrinsic_reward_sum": 2.0077851864568417, "steps": 2819, "terminal_reward_residual": 4399.819355156706, "total_loss_mean": 0.010733956744297756, "value_loss_mean": 0.003769607226422522}, "stage": 1, "stage_name": "medium", "summary": {"aborted": 0, "backtrace_steps": 18128, "backtracks": 3, "decisions": 2819, "detected": 40, "episodes": 40, "pi_visits": 1631, "redundant": 0}, "sweep": 1}
TRAIN_START stage=medium sweep=1/2 circuit=c432 difficulty=medium faults=40

#Circuit Summary:
#---------------
#number of inputs = 36
#number of outputs = 7
#number of gates = 288
#number of wires = 324
#number of equivalent faults = 461
TRAIN_RESULT {"circuit": "c432", "difficulty": "medium", "learning": {"attributed_backtrace_steps": 3412, "attributed_backtracks": 0, "backtrace_event_mismatch": 0, "backtrace_event_mismatch_abs": 0, "backtrack_event_mismatch": 0, "backtrack_event_mismatch_abs": 0, "combined_reward_sum": 3993.5510400799667, "counter_mismatch_episode": 0, "distributed_potential_reward": -399.38930995781743, "entropy_mean": 0.3033132214099169, "episodes": 40, "episodes_with_updates": 40, "extrinsic_reward_sum": 3992.66499074021, "intrinsic_reward_sum": 44.30246698783314, "policy_loss_mean": -0.0023962779227986175, "ratio_mean": 1.0003505781292916, "rnd_loss_mean": 0.0004048154289193917, "scaled_intrinsic_reward_sum": 0.8860493397566629, "steps": 1051, "terminal_reward_residual": 4392.054300698027, "total_loss_mean": -0.0032611271482892333, "value_loss_mean": 0.0013034338531724642}, "stage": 1, "stage_name": "medium", "summary": {"aborted": 0, "backtrace_steps": 3476, "backtracks": 0, "decisions": 1051, "detected": 40, "episodes": 40, "pi_visits": 521, "redundant": 0}, "sweep": 1}
TRAIN_START stage=medium sweep=1/2 circuit=c6288 difficulty=medium faults=40

#Circuit Summary:
#---------------
#number of inputs = 32
#number of outputs = 32
#number of gates = 2416
#number of wires = 2448
#number of equivalent faults = 7744
TRAIN_RESULT {"circuit": "c6288", "difficulty": "medium", "learning": {"attributed_backtrace_steps": 18346, "attributed_backtracks": 40, "backtrace_event_mismatch": 0, "backtrace_event_mismatch_abs": 0, "backtrack_event_mismatch": 0, "backtrack_event_mismatch_abs": 0, "combined_reward_sum": 3746.382903508404, "counter_mismatch_episode": 0, "distributed_potential_reward": -655.467868972698, "entropy_mean": 0.42057634368538854, "episodes": 40, "episodes_with_updates": 40, "extrinsic_reward_sum": 3744.5140150852744, "intrinsic_reward_sum": 93.4444211565171, "policy_loss_mean": 0.01541841347461741, "ratio_mean": 0.999052780866623, "rnd_loss_mean": 0.0002825178380589932, "scaled_intrinsic_reward_sum": 1.8688884231303413, "steps": 3131, "terminal_reward_residual": 4399.981884057972, "total_loss_mean": 0.019020410321536473, "value_loss_mean": 0.01140975769230863}, "stage": 1, "stage_name": "medium", "summary": {"aborted": 0, "backtrace_steps": 18347, "backtracks": 40, "decisions": 3131, "detected": 40, "episodes": 40, "pi_visits": 1133, "redundant": 0}, "sweep": 1}
TRAIN_START stage=medium sweep=1/2 circuit=c5315 difficulty=easy faults=40

#Circuit Summary:
#---------------
#number of inputs = 178
#number of outputs = 123
#number of gates = 2973
#number of wires = 3151
#number of equivalent faults = 5350
TRAIN_RESULT {"circuit": "c5315", "difficulty": "easy", "learning": {"attributed_backtrace_steps": 1232, "attributed_backtracks": 1, "backtrace_event_mismatch": 0, "backtrace_event_mismatch_abs": 0, "backtrack_event_mismatch": 0, "backtrack_event_mismatch_abs": 0, "combined_reward_sum": 3914.3326518530066, "counter_mismatch_episode": 0, "distributed_potential_reward": -386.2710978035553, "entropy_mean": 0.40000123251229525, "episodes": 40, "episodes_with_updates": 32, "extrinsic_reward_sum": 3914.0926297937167, "intrinsic_reward_sum": 12.001102964509503, "policy_loss_mean": -0.006483863289759029, "ratio_mean": 1.0011939853429794, "rnd_loss_mean": 0.0004477285388020391, "scaled_intrinsic_reward_sum": 0.24002205929019, "steps": 248, "terminal_reward_residual": 4300.363727597271, "total_loss_mean": -0.006651881485595368, "value_loss_mean": 0.003663975759479854}, "stage": 1, "stage_name": "medium", "summary": {"aborted": 0, "backtrace_steps": 1307, "backtracks": 1, "decisions": 248, "detected": 40, "episodes": 40, "pi_visits": 261, "redundant": 0}, "sweep": 1}
TRAIN_START stage=medium sweep=1/2 circuit=c432 difficulty=easy faults=40

#Circuit Summary:
#---------------
#number of inputs = 36
#number of outputs = 7
#number of gates = 288
#number of wires = 324
#number of equivalent faults = 461
TRAIN_RESULT {"circuit": "c432", "difficulty": "easy", "learning": {"attributed_backtrace_steps": 8232, "attributed_backtracks": 500, "backtrace_event_mismatch": 0, "backtrace_event_mismatch_abs": 0, "backtrack_event_mismatch": 0, "backtrack_event_mismatch_abs": 0, "combined_reward_sum": 3623.2130378054667, "counter_mismatch_episode": 0, "distributed_potential_reward": -571.0305688213343, "entropy_mean": 0.3592469923198223, "episodes": 40, "episodes_with_updates": 40, "extrinsic_reward_sum": 3621.96753926637, "intrinsic_reward_sum": 62.274926954778984, "policy_loss_mean": 0.015417614293983205, "ratio_mean": 1.004171147942543, "rnd_loss_mean": 0.0004953652500262251, "scaled_intrinsic_reward_sum": 1.2454985390955793, "steps": 1272, "terminal_reward_residual": 4192.998108087705, "total_loss_mean": 0.06265769208548591, "value_loss_mean": 0.09807263172115199}, "stage": 1, "stage_name": "medium", "summary": {"aborted": 1, "backtrace_steps": 8266, "backtracks": 500, "decisions": 1272, "detected": 39, "episodes": 40, "pi_visits": 1440, "redundant": 0}, "sweep": 1}
TRAIN_START stage=medium sweep=1/2 circuit=s38417_scan difficulty=easy faults=40

#Circuit Summary:
#---------------
#number of inputs = 1664
#number of outputs = 1742
#number of gates = 23319
#number of wires = 24983
#number of equivalent faults = 31180
TRAIN_RESULT {"circuit": "s38417_scan", "difficulty": "easy", "learning": {"attributed_backtrace_steps": 300, "attributed_backtracks": 0, "backtrace_event_mismatch": 0, "backtrace_event_mismatch_abs": 0, "backtrack_event_mismatch": 0, "backtrack_event_mismatch_abs": 0, "combined_reward_sum": 3972.7016989067724, "counter_mismatch_episode": 0, "distributed_potential_reward": -159.87745098039213, "entropy_mean": 0.3627616010214153, "episodes": 40, "episodes_with_updates": 19, "extrinsic_reward_sum": 3972.6666666666665, "intrinsic_reward_sum": 1.7516120052657083, "policy_loss_mean": 0.012424103253962178, "ratio_mean": 0.993019207527763, "rnd_loss_mean": 0.0003259440020069872, "scaled_intrinsic_reward_sum": 0.03503224010531418, "steps": 52, "terminal_reward_residual": 4132.5441176470595, "total_loss_mean": 0.011074942922660787, "value_loss_mean": 0.0009292954368184406}, "stage": 1, "stage_name": "medium", "summary": {"aborted": 0, "backtrace_steps": 438, "backtracks": 0, "decisions": 52, "detected": 40, "episodes": 40, "pi_visits": 133, "redundant": 0}, "sweep": 1}
TRAIN_START stage=medium sweep=1/2 circuit=c2670 difficulty=medium faults=40

#Circuit Summary:
#---------------
#number of inputs = 157
#number of outputs = 64
#number of gates = 1400
#number of wires = 1557
#number of equivalent faults = 2595
TRAIN_RESULT {"circuit": "c2670", "difficulty": "medium", "learning": {"attributed_backtrace_steps": 7012, "attributed_backtracks": 1, "backtrace_event_mismatch": 0, "backtrace_event_mismatch_abs": 0, "backtrack_event_mismatch": 0, "backtrack_event_mismatch_abs": 0, "combined_reward_sum": 3961.3340560850183, "counter_mismatch_episode": 0, "distributed_potential_reward": -434.86776325551347, "entropy_mean": 0.5265005312860012, "episodes": 40, "episodes_with_updates": 40, "extrinsic_reward_sum": 3960.5639820123133, "intrinsic_reward_sum": 38.50370363528117, "policy_loss_mean": -0.00842928274651058, "ratio_mean": 1.0000555768609047, "rnd_loss_mean": 0.0003271596051490633, "scaled_intrinsic_reward_sum": 0.7700740727056232, "steps": 1095, "terminal_reward_residual": 4395.431745267826, "total_loss_mean": -0.010162778329686262, "value_loss_mean": 0.0017980137739868952}, "stage": 1, "stage_name": "medium", "summary": {"aborted": 0, "backtrace_steps": 7080, "backtracks": 1, "decisions": 1095, "detected": 40, "episodes": 40, "pi_visits": 759, "redundant": 0}, "sweep": 1}
TRAIN_START stage=medium sweep=1/2 circuit=c7552 difficulty=medium faults=40

#Circuit Summary:
#---------------
#number of inputs = 207
#number of outputs = 108
#number of gates = 4042
#number of wires = 4249
#number of equivalent faults = 7550
TRAIN_RESULT {"circuit": "c7552", "difficulty": "medium", "learning": {"attributed_backtrace_steps": 18822, "attributed_backtracks": 504, "backtrace_event_mismatch": 0, "backtrace_event_mismatch_abs": 0, "backtrack_event_mismatch": 0, "backtrack_event_mismatch_abs": 0, "combined_reward_sum": 3873.782541252532, "counter_mismatch_episode": 0, "distributed_potential_reward": -587.0011010355911, "entropy_mean": 0.5000779785215854, "episodes": 40, "episodes_with_updates": 40, "extrinsic_reward_sum": 3872.0403147451357, "intrinsic_reward_sum": 87.11132536998475, "policy_loss_mean": 0.013731435558293014, "ratio_mean": 1.0053939267992973, "rnd_loss_mean": 0.0002773167951090727, "scaled_intrinsic_reward_sum": 1.7422265073996959, "steps": 2661, "terminal_reward_residual": 4459.041415780725, "total_loss_mean": 0.060381533212785145, "value_loss_mean": 0.09830097408994334}, "stage": 1, "stage_name": "medium", "summary": {"aborted": 1, "backtrace_steps": 18858, "backtracks": 504, "decisions": 2661, "detected": 39, "episodes": 40, "pi_visits": 2244, "redundant": 0}, "sweep": 1}

#Circuit Summary:
#---------------
#number of inputs = 36
#number of outputs = 7
#number of gates = 288
#number of wires = 324
#number of equivalent faults = 461

#Circuit Summary:
#---------------
#number of inputs = 41
#number of outputs = 32
#number of gates = 662
#number of wires = 703
#number of equivalent faults = 534

#Circuit Summary:
#---------------
#number of inputs = 41
#number of outputs = 32
#number of gates = 590
#number of wires = 631
#number of equivalent faults = 1574

#Circuit Summary:
#---------------
#number of inputs = 33
#number of outputs = 25
#number of gates = 1056
#number of wires = 1089
#number of equivalent faults = 1876

#Circuit Summary:
#---------------
#number of inputs = 157
#number of outputs = 64
#number of gates = 1400
#number of wires = 1557
#number of equivalent faults = 2595

#Circuit Summary:
#---------------
#number of inputs = 50
#number of outputs = 22
#number of gates = 1983
#number of wires = 2033
#number of equivalent faults = 3428

#Circuit Summary:
#---------------
#number of inputs = 178
#number of outputs = 123
#number of gates = 2973
#number of wires = 3151
#number of equivalent faults = 5350

#Circuit Summary:
#---------------
#number of inputs = 207
#number of outputs = 108
#number of gates = 4042
#number of wires = 4249
#number of equivalent faults = 7550

#Circuit Summary:
#---------------
#number of inputs = 32
#number of outputs = 32
#number of gates = 2416
#number of wires = 2448
#number of equivalent faults = 7744

#Circuit Summary:
#---------------
#number of inputs = 1664
#number of outputs = 1742
#number of gates = 23319
#number of wires = 24983
#number of equivalent faults = 31180
VALIDATION selection=best {"aggregate": {"aborted": 3, "decisions": 25218, "detected": 497, "mean_backtrace_ratio": 1.0431815416066397, "mean_backtrack_ratio": 0.9720533964928707, "score": [-497, 3, 0.9720533964928707, 1.0431815416066397, 25218]}, "circuits": {"c1355": {"aborted": 0, "backtrace_steps": 22513, "backtracks": 31, "decisions": 3524, "detected": 50, "episodes": 50, "pi_visits": 1796, "redundant": 0}, "c1908": {"aborted": 0, "backtrace_steps": 15044, "backtracks": 12, "decisions": 1604, "detected": 50, "episodes": 50, "pi_visits": 1022, "redundant": 0}, "c2670": {"aborted": 1, "backtrace_steps": 14046, "backtracks": 729, "decisions": 1636, "detected": 49, "episodes": 50, "pi_visits": 2139, "redundant": 0}, "c3540": {"aborted": 1, "backtrace_steps": 28722, "backtracks": 1019, "decisions": 2730, "detected": 49, "episodes": 50, "pi_visits": 2733, "redundant": 0}, "c432": {"aborted": 1, "backtrace_steps": 8289, "backtracks": 504, "decisions": 1781, "detected": 49, "episodes": 50, "pi_visits": 1615, "redundant": 0}, "c499": {"aborted": 0, "backtrace_steps": 25108, "backtracks": 3, "decisions": 3279, "detected": 50, "episodes": 50, "pi_visits": 1814, "redundant": 0}, "c5315": {"aborted": 0, "backtrace_steps": 6746, "backtracks": 2, "decisions": 1116, "detected": 50, "episodes": 50, "pi_visits": 745, "redundant": 0}, "c6288": {"aborted": 0, "backtrace_steps": 31981, "backtracks": 647, "decisions": 6566, "detected": 50, "episodes": 50, "pi_visits": 2527, "redundant": 0}, "c7552": {"aborted": 0, "backtrace_steps": 11549, "backtracks": 39, "decisions": 1829, "detected": 50, "episodes": 50, "pi_visits": 1128, "redundant": 0}, "s38417_scan": {"aborted": 0, "backtrace_steps": 7883, "backtracks": 14, "decisions": 1153, "detected": 50, "episodes": 50, "pi_visits": 748, "redundant": 0}}, "label": "medium_sweep_1"}
TRAIN_START stage=medium sweep=2/2 circuit=c432 difficulty=medium faults=40

#Circuit Summary:
#---------------
#number of inputs = 36
#number of outputs = 7
#number of gates = 288
#number of wires = 324
#number of equivalent faults = 461
TRAIN_RESULT {"circuit": "c432", "difficulty": "medium", "learning": {"attributed_backtrace_steps": 3914, "attributed_backtracks": 4, "backtrace_event_mismatch": 0, "backtrace_event_mismatch_abs": 0, "backtrack_event_mismatch": 0, "backtrack_event_mismatch_abs": 0, "combined_reward_sum": 3858.714428586226, "counter_mismatch_episode": 0, "distributed_potential_reward": -534.095945013081, "entropy_mean": 0.42951387390494344, "episodes": 40, "episodes_with_updates": 40, "extrinsic_reward_sum": 3857.9583556849475, "intrinsic_reward_sum": 37.80364506396722, "policy_loss_mean": 0.00916345168807311, "ratio_mean": 0.9994752615690231, "rnd_loss_mean": 0.00030283246087492444, "scaled_intrinsic_reward_sum": 0.7560729012793443, "steps": 1107, "terminal_reward_residual": 4392.054300698027, "total_loss_mean": 0.009367573772760807, "value_loss_mean": 0.004703380409046077}, "stage": 1, "stage_name": "medium", "summary": {"aborted": 0, "backtrace_steps": 3978, "backtracks": 4, "decisions": 1107, "detected": 40, "episodes": 40, "pi_visits": 549, "redundant": 0}, "sweep": 2}
TRAIN_START stage=medium sweep=2/2 circuit=c1908 difficulty=medium faults=40

#Circuit Summary:
#---------------
#number of inputs = 33
#number of outputs = 25
#number of gates = 1056
#number of wires = 1089
#number of equivalent faults = 1876
TRAIN_RESULT {"circuit": "c1908", "difficulty": "medium", "learning": {"attributed_backtrace_steps": 8341, "attributed_backtracks": 0, "backtrace_event_mismatch": 0, "backtrace_event_mismatch_abs": 0, "backtrack_event_mismatch": 0, "backtrack_event_mismatch_abs": 0, "combined_reward_sum": 3903.586628094785, "counter_mismatch_episode": 0, "distributed_potential_reward": -490.1350514898404, "entropy_mean": 0.4089989386498928, "episodes": 40, "episodes_with_updates": 40, "extrinsic_reward_sum": 3903.0113562367756, "intrinsic_reward_sum": 28.76359290042457, "policy_loss_mean": 0.0035972127632703634, "ratio_mean": 0.9993148893117905, "rnd_loss_mean": 0.00023230758488352877, "scaled_intrinsic_reward_sum": 0.5752718580084913, "steps": 1061, "terminal_reward_residual": 4393.146407726616, "total_loss_mean": 0.0030985090881586073, "value_loss_mean": 0.003092581631790381}, "stage": 1, "stage_name": "medium", "summary": {"aborted": 0, "backtrace_steps": 8423, "backtracks": 0, "decisions": 1061, "detected": 40, "episodes": 40, "pi_visits": 709, "redundant": 0}, "sweep": 2}
TRAIN_START stage=medium sweep=2/2 circuit=c499 difficulty=easy faults=40

#Circuit Summary:
#---------------
#number of inputs = 41
#number of outputs = 32
#number of gates = 662
#number of wires = 703
#number of equivalent faults = 534
TRAIN_RESULT {"circuit": "c499", "difficulty": "easy", "learning": {"attributed_backtrace_steps": 22860, "attributed_backtracks": 566, "backtrace_event_mismatch": 0, "backtrace_event_mismatch_abs": 0, "backtrack_event_mismatch": 0, "backtrack_event_mismatch_abs": 0, "combined_reward_sum": 3387.68475464313, "counter_mismatch_episode": 0, "distributed_potential_reward": -813.4133827702113, "entropy_mean": 0.2541263457387686, "episodes": 40, "episodes_with_updates": 40, "extrinsic_reward_sum": 3385.944551700482, "intrinsic_reward_sum": 87.01014713239921, "policy_loss_mean": 0.043200072925537826, "ratio_mean": 1.0008802190423012, "rnd_loss_mean": 0.0002090372086968273, "scaled_intrinsic_reward_sum": 1.7402029426479837, "steps": 3219, "terminal_reward_residual": 4199.357934470694, "total_loss_mean": 0.09799985068384558, "value_loss_mean": 0.1121408263250487}, "stage": 1, "stage_name": "medium", "summary": {"aborted": 1, "backtrace_steps": 22887, "backtracks": 566, "decisions": 3219, "detected": 39, "episodes": 40, "pi_visits": 2310, "redundant": 0}, "sweep": 2}
TRAIN_START stage=medium sweep=2/2 circuit=c1355 difficulty=easy faults=40

#Circuit Summary:
#---------------
#number of inputs = 41
#number of outputs = 32
#number of gates = 590
#number of wires = 631
#number of equivalent faults = 1574
TRAIN_RESULT {"circuit": "c1355", "difficulty": "easy", "learning": {"attributed_backtrace_steps": 12245, "attributed_backtracks": 5, "backtrace_event_mismatch": 0, "backtrace_event_mismatch_abs": 0, "backtrack_event_mismatch": 0, "backtrack_event_mismatch_abs": 0, "combined_reward_sum": 3916.3252108113375, "counter_mismatch_episode": 0, "distributed_potential_reward": -483.2980881750877, "entropy_mean": 0.30286385118961334, "episodes": 40, "episodes_with_updates": 40, "extrinsic_reward_sum": 3915.521534522027, "intrinsic_reward_sum": 40.183814465472125, "policy_loss_mean": -0.01466883810935542, "ratio_mean": 1.0003956437110901, "rnd_loss_mean": 0.00015411389758810402, "scaled_intrinsic_reward_sum": 0.8036762893094426, "steps": 2138, "terminal_reward_residual": 4398.819622697116, "total_loss_mean": -0.013582705962471664, "value_loss_mean": 0.005200904645607807}, "stage": 1, "stage_name": "medium", "summary": {"aborted": 0, "backtrace_steps": 12278, "backtracks": 5, "decisions": 2138, "detected": 40, "episodes": 40, "pi_visits": 1094, "redundant": 0}, "sweep": 2}
TRAIN_START stage=medium sweep=2/2 circuit=c5315 difficulty=medium faults=40

#Circuit Summary:
#---------------
#number of inputs = 178
#number of outputs = 123
#number of gates = 2973
#number of wires = 3151
#number of equivalent faults = 5350
TRAIN_RESULT {"circuit": "c5315", "difficulty": "medium", "learning": {"attributed_backtrace_steps": 15223, "attributed_backtracks": 502, "backtrace_event_mismatch": 0, "backtrace_event_mismatch_abs": 0, "backtrack_event_mismatch": 0, "backtrack_event_mismatch_abs": 0, "combined_reward_sum": 3690.4129551657843, "counter_mismatch_episode": 0, "distributed_potential_reward": -503.31276518809545, "entropy_mean": 0.4188729889690876, "episodes": 40, "episodes_with_updates": 40, "extrinsic_reward_sum": 3689.2047707195816, "intrinsic_reward_sum": 60.40922231011861, "policy_loss_mean": 0.03171532453852706, "ratio_mean": 1.0038410931825639, "rnd_loss_mean": 0.00030341615711222404, "scaled_intrinsic_reward_sum": 1.208184446202372, "steps": 1748, "terminal_reward_residual": 4192.517535907677, "total_loss_mean": 0.08066993196553085, "value_loss_mean": 0.10209794788243017}, "stage": 1, "stage_name": "medium", "summary": {"aborted": 1, "backtrace_steps": 15315, "backtracks": 502, "decisions": 1748, "detected": 39, "episodes": 40, "pi_visits": 1693, "redundant": 0}, "sweep": 2}
TRAIN_START stage=medium sweep=2/2 circuit=c2670 difficulty=medium faults=40

#Circuit Summary:
#---------------
#number of inputs = 157
#number of outputs = 64
#number of gates = 1400
#number of wires = 1557
#number of equivalent faults = 2595
TRAIN_RESULT {"circuit": "c2670", "difficulty": "medium", "learning": {"attributed_backtrace_steps": 7276, "attributed_backtracks": 3, "backtrace_event_mismatch": 0, "backtrace_event_mismatch_abs": 0, "backtrack_event_mismatch": 0, "backtrack_event_mismatch_abs": 0, "combined_reward_sum": 3905.661716417269, "counter_mismatch_episode": 0, "distributed_potential_reward": -490.39202123481886, "entropy_mean": 0.40428697392344476, "episodes": 40, "episodes_with_updates": 40, "extrinsic_reward_sum": 3905.0397240330076, "intrinsic_reward_sum": 31.099619213061246, "policy_loss_mean": -0.010289495819597505, "ratio_mean": 1.0027094647288322, "rnd_loss_mean": 0.00024173492711270227, "scaled_intrinsic_reward_sum": 0.621992384261225, "steps": 1104, "terminal_reward_residual": 4395.431745267826, "total_loss_mean": -0.008808058936847375, "value_loss_mean": 0.007005745578499045}, "stage": 1, "stage_name": "medium", "summary": {"aborted": 0, "backtrace_steps": 7344, "backtracks": 3, "decisions": 1104, "detected": 40, "episodes": 40, "pi_visits": 772, "redundant": 0}, "sweep": 2}
TRAIN_START stage=medium sweep=2/2 circuit=c6288 difficulty=medium faults=40

#Circuit Summary:
#---------------
#number of inputs = 32
#number of outputs = 32
#number of gates = 2416
#number of wires = 2448
#number of equivalent faults = 7744
TRAIN_RESULT {"circuit": "c6288", "difficulty": "medium", "learning": {"attributed_backtrace_steps": 22389, "attributed_backtracks": 180, "backtrace_event_mismatch": 0, "backtrace_event_mismatch_abs": 0, "backtrack_event_mismatch": 0, "backtrack_event_mismatch_abs": 0, "combined_reward_sum": 3584.519942086491, "counter_mismatch_episode": 0, "distributed_potential_reward": -817.2180016487077, "entropy_mean": 0.5839739948511123, "episodes": 40, "episodes_with_updates": 40, "extrinsic_reward_sum": 3582.763882409265, "intrinsic_reward_sum": 87.80298386128669, "policy_loss_mean": 0.008735071204137057, "ratio_mean": 0.9978816255927085, "rnd_loss_mean": 0.00019609364589996404, "scaled_intrinsic_reward_sum": 1.7560596772257344, "steps": 3874, "terminal_reward_residual": 4399.981884057972, "total_loss_mean": 0.014609250717330723, "value_loss_mean": 0.017588097797124648}, "stage": 1, "stage_name": "medium", "summary": {"aborted": 0, "backtrace_steps": 22390, "backtracks": 180, "decisions": 3874, "detected": 40, "episodes": 40, "pi_visits": 1445, "redundant": 0}, "sweep": 2}
TRAIN_START stage=medium sweep=2/2 circuit=c432 difficulty=easy faults=40

#Circuit Summary:
#---------------
#number of inputs = 36
#number of outputs = 7
#number of gates = 288
#number of wires = 324
#number of equivalent faults = 461
TRAIN_RESULT {"circuit": "c432", "difficulty": "easy", "learning": {"attributed_backtrace_steps": 1864, "attributed_backtracks": 0, "backtrace_event_mismatch": 0, "backtrace_event_mismatch_abs": 0, "backtrack_event_mismatch": 0, "backtrack_event_mismatch_abs": 0, "combined_reward_sum": 3975.3536129180966, "counter_mismatch_episode": 0, "distributed_potential_reward": -418.31047166022904, "entropy_mean": 0.3620615996420383, "episodes": 40, "episodes_with_updates": 40, "extrinsic_reward_sum": 3974.687636427476, "intrinsic_reward_sum": 33.298824530964005, "policy_loss_mean": -0.018194453709293158, "ratio_mean": 1.00127325206995, "rnd_loss_mean": 0.00041724109323695304, "scaled_intrinsic_reward_sum": 0.6659764906192802, "steps": 712, "terminal_reward_residual": 4392.998108087706, "total_loss_mean": -0.018956891214475035, "value_loss_mean": 0.0020957414511940443}, "stage": 1, "stage_name": "medium", "summary": {"aborted": 0, "backtrace_steps": 1898, "backtracks": 0, "decisions": 712, "detected": 40, "episodes": 40, "pi_visits": 400, "redundant": 0}, "sweep": 2}
TRAIN_START stage=medium sweep=2/2 circuit=c5315 difficulty=easy faults=40

#Circuit Summary:
#---------------
#number of inputs = 178
#number of outputs = 123
#number of gates = 2973
#number of wires = 3151
#number of equivalent faults = 5350
TRAIN_RESULT {"circuit": "c5315", "difficulty": "easy", "learning": {"attributed_backtrace_steps": 1171, "attributed_backtracks": 1, "backtrace_event_mismatch": 0, "backtrace_event_mismatch_abs": 0, "backtrack_event_mismatch": 0, "backtrack_event_mismatch_abs": 0, "combined_reward_sum": 3942.736192479116, "counter_mismatch_episode": 0, "distributed_potential_reward": -357.79410723705064, "entropy_mean": 0.399584268219769, "episodes": 40, "episodes_with_updates": 32, "extrinsic_reward_sum": 3942.569620360221, "intrinsic_reward_sum": 8.32860594470443, "policy_loss_mean": 0.010696668052560199, "ratio_mean": 0.989953201264143, "rnd_loss_mean": 0.00029341072036004334, "scaled_intrinsic_reward_sum": 0.16657211889408863, "steps": 240, "terminal_reward_residual": 4300.363727597271, "total_loss_mean": 0.010122814346686937, "value_loss_mean": 0.002848133411816889}, "stage": 1, "stage_name": "medium", "summary": {"aborted": 0, "backtrace_steps": 1246, "backtracks": 1, "decisions": 240, "detected": 40, "episodes": 40, "pi_visits": 254, "redundant": 0}, "sweep": 2}
TRAIN_START stage=medium sweep=2/2 circuit=s38417_scan difficulty=easy faults=40

#Circuit Summary:
#---------------
#number of inputs = 1664
#number of outputs = 1742
#number of gates = 23319
#number of wires = 24983
#number of equivalent faults = 31180
TRAIN_RESULT {"circuit": "s38417_scan", "difficulty": "easy", "learning": {"attributed_backtrace_steps": 130, "attributed_backtracks": 0, "backtrace_event_mismatch": 0, "backtrace_event_mismatch_abs": 0, "backtrack_event_mismatch": 0, "backtrack_event_mismatch_abs": 0, "combined_reward_sum": 3996.68299934486, "counter_mismatch_episode": 0, "distributed_potential_reward": -135.87745098039215, "entropy_mean": 0.31943263662488836, "episodes": 40, "episodes_with_updates": 19, "extrinsic_reward_sum": 3996.6666666666665, "intrinsic_reward_sum": 0.8166339097019073, "policy_loss_mean": 0.0022280624405922075, "ratio_mean": 0.9768758761255365, "rnd_loss_mean": 0.0002246628175367062, "scaled_intrinsic_reward_sum": 0.01633267819403815, "steps": 31, "terminal_reward_residual": 4132.5441176470595, "total_loss_mean": 0.0007460601872911578, "value_loss_mean": 0.0002303217344505308}, "stage": 1, "stage_name": "medium", "summary": {"aborted": 0, "backtrace_steps": 268, "backtracks": 0, "decisions": 31, "detected": 40, "episodes": 40, "pi_visits": 124, "redundant": 0}, "sweep": 2}
TRAIN_START stage=medium sweep=2/2 circuit=c1355 difficulty=medium faults=40

#Circuit Summary:
#---------------
#number of inputs = 41
#number of outputs = 32
#number of gates = 590
#number of wires = 631
#number of equivalent faults = 1574
TRAIN_RESULT {"circuit": "c1355", "difficulty": "medium", "learning": {"attributed_backtrace_steps": 18891, "attributed_backtracks": 18, "backtrace_event_mismatch": 0, "backtrace_event_mismatch_abs": 0, "backtrack_event_mismatch": 0, "backtrack_event_mismatch_abs": 0, "combined_reward_sum": 3854.5277892433287, "counter_mismatch_episode": 0, "distributed_potential_reward": -726.0584617052953, "entropy_mean": 0.4335513159632683, "episodes": 40, "episodes_with_updates": 40, "extrinsic_reward_sum": 3853.1104776128477, "intrinsic_reward_sum": 70.86558152407768, "policy_loss_mean": 0.0005549206209252589, "ratio_mean": 1.0006972506642342, "rnd_loss_mean": 0.00017206707670993637, "scaled_intrinsic_reward_sum": 1.4173116304815532, "steps": 3263, "terminal_reward_residual": 4579.168939318141, "total_loss_mean": 0.011327678203815594, "value_loss_mean": 0.025881025279522872}, "stage": 1, "stage_name": "medium", "summary": {"aborted": 0, "backtrace_steps": 18934, "backtracks": 18, "decisions": 3263, "detected": 40, "episodes": 40, "pi_visits": 1631, "redundant": 0}, "sweep": 2}
TRAIN_START stage=medium sweep=2/2 circuit=c3540 difficulty=easy faults=40

#Circuit Summary:
#---------------
#number of inputs = 50
#number of outputs = 22
#number of gates = 1983
#number of wires = 2033
#number of equivalent faults = 3428
TRAIN_RESULT {"circuit": "c3540", "difficulty": "easy", "learning": {"attributed_backtrace_steps": 5199, "attributed_backtracks": 47, "backtrace_event_mismatch": 0, "backtrace_event_mismatch_abs": 0, "backtrack_event_mismatch": 0, "backtrack_event_mismatch_abs": 0, "combined_reward_sum": 3848.300810185827, "counter_mismatch_episode": 0, "distributed_potential_reward": -542.4622584707051, "entropy_mean": 0.4566872827708721, "episodes": 40, "episodes_with_updates": 40, "extrinsic_reward_sum": 3847.7283570620293, "intrinsic_reward_sum": 28.622656189836608, "policy_loss_mean": -0.003564109475701116, "ratio_mean": 1.0018328860402108, "rnd_loss_mean": 0.0002989707732922398, "scaled_intrinsic_reward_sum": 0.5724531237967323, "steps": 762, "terminal_reward_residual": 4390.190615532735, "total_loss_mean": -0.003219044752768241, "value_loss_mean": 0.005257003373117186}, "stage": 1, "stage_name": "medium", "summary": {"aborted": 0, "backtrace_steps": 5247, "backtracks": 47, "decisions": 762, "detected": 40, "episodes": 40, "pi_visits": 588, "redundant": 0}, "sweep": 2}
TRAIN_START stage=medium sweep=2/2 circuit=s38417_scan difficulty=medium faults=40

#Circuit Summary:
#---------------
#number of inputs = 1664
#number of outputs = 1742
#number of gates = 23319
#number of wires = 24983
#number of equivalent faults = 31180
TRAIN_RESULT {"circuit": "s38417_scan", "difficulty": "medium", "learning": {"attributed_backtrace_steps": 4996, "attributed_backtracks": 0, "backtrace_event_mismatch": 0, "backtrace_event_mismatch_abs": 0, "backtrack_event_mismatch": 0, "backtrack_event_mismatch_abs": 0, "combined_reward_sum": 3961.5939574916115, "counter_mismatch_episode": 0, "distributed_potential_reward": -419.52566362337853, "entropy_mean": 0.509862695634365, "episodes": 40, "episodes_with_updates": 40, "extrinsic_reward_sum": 3961.1982394754114, "intrinsic_reward_sum": 19.785900809972212, "policy_loss_mean": -0.005872179232028429, "ratio_mean": 0.9996305540204048, "rnd_loss_mean": 0.00019164207733410877, "scaled_intrinsic_reward_sum": 0.39571801619944424, "steps": 834, "terminal_reward_residual": 4380.72390309879, "total_loss_mean": -0.007666787803918851, "value_loss_mean": 0.0015094095851964084}, "stage": 1, "stage_name": "medium", "summary": {"aborted": 0, "backtrace_steps": 5076, "backtracks": 0, "decisions": 834, "detected": 40, "episodes": 40, "pi_visits": 585, "redundant": 0}, "sweep": 2}
TRAIN_START stage=medium sweep=2/2 circuit=c7552 difficulty=medium faults=40

#Circuit Summary:
#---------------
#number of inputs = 207
#number of outputs = 108
#number of gates = 4042
#number of wires = 4249
#number of equivalent faults = 7550
TRAIN_RESULT {"circuit": "c7552", "difficulty": "medium", "learning": {"attributed_backtrace_steps": 19134, "attributed_backtracks": 403, "backtrace_event_mismatch": 0, "backtrace_event_mismatch_abs": 0, "backtrack_event_mismatch": 0, "backtrack_event_mismatch_abs": 0, "combined_reward_sum": 4148.932345434662, "counter_mismatch_episode": 0, "distributed_potential_reward": -511.2568963187558, "entropy_mean": 0.48227616474032403, "episodes": 40, "episodes_with_updates": 40, "extrinsic_reward_sum": 4147.78451946197, "intrinsic_reward_sum": 57.39129863462709, "policy_loss_mean": -0.021368080332467797, "ratio_mean": 1.0028295665979385, "rnd_loss_mean": 0.0001784893927833764, "scaled_intrinsic_reward_sum": 1.1478259726925415, "steps": 2558, "terminal_reward_residual": 4659.041415780727, "total_loss_mean": -0.018034196051303297, "value_loss_mean": 0.011490530081209727}, "stage": 1, "stage_name": "medium", "summary": {"aborted": 0, "backtrace_steps": 19170, "backtracks": 403, "decisions": 2558, "detected": 40, "episodes": 40, "pi_visits": 1973, "redundant": 0}, "sweep": 2}
TRAIN_START stage=medium sweep=2/2 circuit=c6288 difficulty=easy faults=40

#Circuit Summary:
#---------------
#number of inputs = 32
#number of outputs = 32
#number of gates = 2416
#number of wires = 2448
#number of equivalent faults = 7744
TRAIN_RESULT {"circuit": "c6288", "difficulty": "easy", "learning": {"attributed_backtrace_steps": 23636, "attributed_backtracks": 747, "backtrace_event_mismatch": 0, "backtrace_event_mismatch_abs": 0, "backtrack_event_mismatch": 0, "backtrack_event_mismatch_abs": 0, "combined_reward_sum": 3461.312028633267, "counter_mismatch_episode": 0, "distributed_potential_reward": -939.0056642313867, "entropy_mean": 0.6647462993860245, "episodes": 40, "episodes_with_updates": 40, "extrinsic_reward_sum": 3458.9468089971883, "intrinsic_reward_sum": 118.26098180396481, "policy_loss_mean": 0.026561353087890892, "ratio_mean": 0.9985051676630974, "rnd_loss_mean": 0.00014424735454667825, "scaled_intrinsic_reward_sum": 2.3652196360792965, "steps": 6281, "terminal_reward_residual": 4397.9524732285745, "total_loss_mean": 0.029048841127951162, "value_loss_mean": 0.011622439985512757}, "stage": 1, "stage_name": "medium", "summary": {"aborted": 0, "backtrace_steps": 23653, "backtracks": 747, "decisions": 6281, "detected": 40, "episodes": 40, "pi_visits": 2380, "redundant": 0}, "sweep": 2}
TRAIN_START stage=medium sweep=2/2 circuit=c7552 difficulty=easy faults=40

#Circuit Summary:
#---------------
#number of inputs = 207
#number of outputs = 108
#number of gates = 4042
#number of wires = 4249
#number of equivalent faults = 7550
TRAIN_RESULT {"circuit": "c7552", "difficulty": "easy", "learning": {"attributed_backtrace_steps": 6342, "attributed_backtracks": 0, "backtrace_event_mismatch": 0, "backtrace_event_mismatch_abs": 0, "backtrack_event_mismatch": 0, "backtrack_event_mismatch_abs": 0, "combined_reward_sum": 3898.462583282357, "counter_mismatch_episode": 0, "distributed_potential_reward": -464.50875305436074, "entropy_mean": 0.5680939594381734, "episodes": 40, "episodes_with_updates": 38, "extrinsic_reward_sum": 3897.8881029421336, "intrinsic_reward_sum": 28.724017011210076, "policy_loss_mean": -0.003294580609929797, "ratio_mean": 0.9967137010473954, "rnd_loss_mean": 0.0002505807899165359, "scaled_intrinsic_reward_sum": 0.5744803402242018, "steps": 966, "terminal_reward_residual": 4362.396855996494, "total_loss_mean": -0.004465971191070582, "value_loss_mean": 0.003338159793010594}, "stage": 1, "stage_name": "medium", "summary": {"aborted": 0, "backtrace_steps": 6390, "backtracks": 0, "decisions": 966, "detected": 40, "episodes": 40, "pi_visits": 615, "redundant": 0}, "sweep": 2}
TRAIN_START stage=medium sweep=2/2 circuit=c1908 difficulty=easy faults=40

#Circuit Summary:
#---------------
#number of inputs = 33
#number of outputs = 25
#number of gates = 1056
#number of wires = 1089
#number of equivalent faults = 1876
TRAIN_RESULT {"circuit": "c1908", "difficulty": "easy", "learning": {"attributed_backtrace_steps": 5129, "attributed_backtracks": 2, "backtrace_event_mismatch": 0, "backtrace_event_mismatch_abs": 0, "backtrack_event_mismatch": 0, "backtrack_event_mismatch_abs": 0, "combined_reward_sum": 3774.42264897939, "counter_mismatch_episode": 0, "distributed_potential_reward": -608.7858293095528, "entropy_mean": 0.615385964512825, "episodes": 40, "episodes_with_updates": 40, "extrinsic_reward_sum": 3774.078183479331, "intrinsic_reward_sum": 17.223275002936365, "policy_loss_mean": -0.0013924826169386506, "ratio_mean": 1.0043545290827751, "rnd_loss_mean": 0.00020742887336382408, "scaled_intrinsic_reward_sum": 0.34446550005872734, "steps": 698, "terminal_reward_residual": 4382.864012788883, "total_loss_mean": -0.0014773848582990468, "value_loss_mean": 0.005984055452063331}, "stage": 1, "stage_name": "medium", "summary": {"aborted": 0, "backtrace_steps": 5197, "backtracks": 2, "decisions": 698, "detected": 40, "episodes": 40, "pi_visits": 500, "redundant": 0}, "sweep": 2}
TRAIN_START stage=medium sweep=2/2 circuit=c499 difficulty=medium faults=40

#Circuit Summary:
#---------------
#number of inputs = 41
#number of outputs = 32
#number of gates = 662
#number of wires = 703
#number of equivalent faults = 534
TRAIN_RESULT {"circuit": "c499", "difficulty": "medium", "learning": {"attributed_backtrace_steps": 28188, "attributed_backtracks": 567, "backtrace_event_mismatch": 0, "backtrace_event_mismatch_abs": 0, "backtrack_event_mismatch": 0, "backtrack_event_mismatch_abs": 0, "combined_reward_sum": 3790.202775397394, "counter_mismatch_episode": 0, "distributed_potential_reward": -611.0854610256293, "entropy_mean": 0.6144889056682586, "episodes": 40, "episodes_with_updates": 40, "extrinsic_reward_sum": 3788.7338941310754, "intrinsic_reward_sum": 73.44406331588046, "policy_loss_mean": 0.00010997052304446697, "ratio_mean": 1.0004918202757835, "rnd_loss_mean": 0.00013406814960035263, "scaled_intrinsic_reward_sum": 1.4688812663176092, "steps": 3710, "terminal_reward_residual": 4399.819355156706, "total_loss_mean": 0.003157760458998382, "value_loss_mean": 0.012240468845993746}, "stage": 1, "stage_name": "medium", "summary": {"aborted": 0, "backtrace_steps": 28197, "backtracks": 567, "decisions": 3710, "detected": 40, "episodes": 40, "pi_visits": 2729, "redundant": 0}, "sweep": 2}
TRAIN_START stage=medium sweep=2/2 circuit=c2670 difficulty=easy faults=40

#Circuit Summary:
#---------------
#number of inputs = 157
#number of outputs = 64
#number of gates = 1400
#number of wires = 1557
#number of equivalent faults = 2595
TRAIN_RESULT {"circuit": "c2670", "difficulty": "easy", "learning": {"attributed_backtrace_steps": 1579, "attributed_backtracks": 0, "backtrace_event_mismatch": 0, "backtrace_event_mismatch_abs": 0, "backtrack_event_mismatch": 0, "backtrack_event_mismatch_abs": 0, "combined_reward_sum": 3965.576202553169, "counter_mismatch_episode": 0, "distributed_potential_reward": -352.8352859789333, "entropy_mean": 0.5850849909441812, "episodes": 40, "episodes_with_updates": 35, "extrinsic_reward_sum": 3965.433826940155, "intrinsic_reward_sum": 7.118780650679249, "policy_loss_mean": -0.0008461332335303138, "ratio_mean": 0.9908966098512922, "rnd_loss_mean": 0.0001936699028842018, "scaled_intrinsic_reward_sum": 0.142375613013585, "steps": 293, "terminal_reward_residual": 4318.269112919087, "total_loss_mean": -0.0029691664874137913, "value_loss_mean": 0.0016047830716291044}, "stage": 1, "stage_name": "medium", "summary": {"aborted": 0, "backtrace_steps": 1655, "backtracks": 0, "decisions": 293, "detected": 40, "episodes": 40, "pi_visits": 293, "redundant": 0}, "sweep": 2}
TRAIN_START stage=medium sweep=2/2 circuit=c3540 difficulty=medium faults=40

#Circuit Summary:
#---------------
#number of inputs = 50
#number of outputs = 22
#number of gates = 1983
#number of wires = 2033
#number of equivalent faults = 3428
TRAIN_RESULT {"circuit": "c3540", "difficulty": "medium", "learning": {"attributed_backtrace_steps": 11808, "attributed_backtracks": 148, "backtrace_event_mismatch": 0, "backtrace_event_mismatch_abs": 0, "backtrack_event_mismatch": 0, "backtrack_event_mismatch_abs": 0, "combined_reward_sum": 3811.81825409514, "counter_mismatch_episode": 0, "distributed_potential_reward": -924.4915780730508, "entropy_mean": 0.6224008001387119, "episodes": 40, "episodes_with_updates": 40, "extrinsic_reward_sum": 3810.889157787215, "intrinsic_reward_sum": 46.45481539628512, "policy_loss_mean": -0.010638654997455888, "ratio_mean": 1.0046163707971574, "rnd_loss_mean": 0.00023551431586383843, "scaled_intrinsic_reward_sum": 0.9290963079257024, "steps": 1481, "terminal_reward_residual": 4735.380735860264, "total_loss_mean": -0.000349925144109875, "value_loss_mean": 0.026801465403696056}, "stage": 1, "stage_name": "medium", "summary": {"aborted": 0, "backtrace_steps": 11867, "backtracks": 148, "decisions": 1481, "detected": 40, "episodes": 40, "pi_visits": 951, "redundant": 0}, "sweep": 2}

#Circuit Summary:
#---------------
#number of inputs = 36
#number of outputs = 7
#number of gates = 288
#number of wires = 324
#number of equivalent faults = 461

#Circuit Summary:
#---------------
#number of inputs = 41
#number of outputs = 32
#number of gates = 662
#number of wires = 703
#number of equivalent faults = 534

#Circuit Summary:
#---------------
#number of inputs = 41
#number of outputs = 32
#number of gates = 590
#number of wires = 631
#number of equivalent faults = 1574

#Circuit Summary:
#---------------
#number of inputs = 33
#number of outputs = 25
#number of gates = 1056
#number of wires = 1089
#number of equivalent faults = 1876

#Circuit Summary:
#---------------
#number of inputs = 157
#number of outputs = 64
#number of gates = 1400
#number of wires = 1557
#number of equivalent faults = 2595

#Circuit Summary:
#---------------
#number of inputs = 50
#number of outputs = 22
#number of gates = 1983
#number of wires = 2033
#number of equivalent faults = 3428

#Circuit Summary:
#---------------
#number of inputs = 178
#number of outputs = 123
#number of gates = 2973
#number of wires = 3151
#number of equivalent faults = 5350

#Circuit Summary:
#---------------
#number of inputs = 207
#number of outputs = 108
#number of gates = 4042
#number of wires = 4249
#number of equivalent faults = 7550

#Circuit Summary:
#---------------
#number of inputs = 32
#number of outputs = 32
#number of gates = 2416
#number of wires = 2448
#number of equivalent faults = 7744

#Circuit Summary:
#---------------
#number of inputs = 1664
#number of outputs = 1742
#number of gates = 23319
#number of wires = 24983
#number of equivalent faults = 31180
VALIDATION selection=kept {"aggregate": {"aborted": 7, "decisions": 31651, "detected": 493, "mean_backtrace_ratio": 1.4934594135658632, "mean_backtrack_ratio": 22.680161717904877, "score": [-493, 7, 22.680161717904877, 1.4934594135658632, 31651]}, "circuits": {"c1355": {"aborted": 0, "backtrace_steps": 24810, "backtracks": 5, "decisions": 5269, "detected": 50, "episodes": 50, "pi_visits": 1857, "redundant": 0}, "c1908": {"aborted": 1, "backtrace_steps": 17566, "backtracks": 507, "decisions": 2106, "detected": 49, "episodes": 50, "pi_visits": 1922, "redundant": 0}, "c2670": {"aborted": 0, "backtrace_steps": 7940, "backtracks": 19, "decisions": 1130, "detected": 50, "episodes": 50, "pi_visits": 828, "redundant": 0}, "c3540": {"aborted": 3, "backtrace_steps": 40759, "backtracks": 1821, "decisions": 3883, "detected": 47, "episodes": 50, "pi_visits": 4364, "redundant": 0}, "c432": {"aborted": 1, "backtrace_steps": 19303, "backtracks": 890, "decisions": 3014, "detected": 49, "episodes": 50, "pi_visits": 2608, "redundant": 0}, "c499": {"aborted": 0, "backtrace_steps": 26230, "backtracks": 64, "decisions": 3278, "detected": 50, "episodes": 50, "pi_visits": 1918, "redundant": 0}, "c5315": {"aborted": 1, "backtrace_steps": 16078, "backtracks": 505, "decisions": 2136, "detected": 49, "episodes": 50, "pi_visits": 1744, "redundant": 0}, "c6288": {"aborted": 0, "backtrace_steps": 29728, "backtracks": 605, "decisions": 5723, "detected": 50, "episodes": 50, "pi_visits": 2447, "redundant": 0}, "c7552": {"aborted": 0, "backtrace_steps": 15453, "backtracks": 1, "decisions": 2141, "detected": 50, "episodes": 50, "pi_visits": 1313, "redundant": 0}, "s38417_scan": {"aborted": 1, "backtrace_steps": 19310, "backtracks": 671, "decisions": 2971, "detected": 49, "episodes": 50, "pi_visits": 1961, "redundant": 0}}, "label": "medium_sweep_2"}
TRAIN_START stage=hard sweep=1/3 circuit=s38417_scan difficulty=easy faults=20

#Circuit Summary:
#---------------
#number of inputs = 1664
#number of outputs = 1742
#number of gates = 23319
#number of wires = 24983
#number of equivalent faults = 31180
TRAIN_RESULT {"circuit": "s38417_scan", "difficulty": "easy", "learning": {"attributed_backtrace_steps": 325, "attributed_backtracks": 0, "backtrace_event_mismatch": 0, "backtrace_event_mismatch_abs": 0, "backtrack_event_mismatch": 0, "backtrack_event_mismatch_abs": 0, "combined_reward_sum": 1933.3333333333333, "counter_mismatch_episode": 0, "distributed_potential_reward": -157.62745098039213, "entropy_mean": 0.6009991489923917, "episodes": 20, "episodes_with_updates": 13, "extrinsic_reward_sum": 1933.3333333333333, "intrinsic_reward_sum": 0.0, "policy_loss_mean": 0.03777061997411343, "ratio_mean": 0.9704810610184302, "rnd_loss_mean": 0.0, "scaled_intrinsic_reward_sum": 0.0, "steps": 47, "terminal_reward_residual": 2090.9607843137255, "total_loss_mean": 0.03947849521556726, "value_loss_mean": 0.004617749243502308}, "stage": 2, "stage_name": "hard", "summary": {"aborted": 0, "backtrace_steps": 378, "backtracks": 0, "decisions": 47, "detected": 20, "episodes": 20, "pi_visits": 82, "redundant": 0}, "sweep": 1}
TRAIN_START stage=hard sweep=1/3 circuit=c2670 difficulty=medium faults=20

#Circuit Summary:
#---------------
#number of inputs = 157
#number of outputs = 64
#number of gates = 1400
#number of wires = 1557
#number of equivalent faults = 2595
TRAIN_RESULT {"circuit": "c2670", "difficulty": "medium", "learning": {"attributed_backtrace_steps": 3941, "attributed_backtracks": 1, "backtrace_event_mismatch": 0, "backtrace_event_mismatch_abs": 0, "backtrack_event_mismatch": 0, "backtrack_event_mismatch_abs": 0, "combined_reward_sum": 1911.4690343103553, "counter_mismatch_episode": 0, "distributed_potential_reward": -285.70252919907966, "entropy_mean": 0.5773060455918312, "episodes": 20, "episodes_with_updates": 20, "extrinsic_reward_sum": 1911.4690343103553, "intrinsic_reward_sum": 0.0, "policy_loss_mean": -0.0036405824357643723, "ratio_mean": 0.9993497610092164, "rnd_loss_mean": 0.0, "scaled_intrinsic_reward_sum": 0.0, "steps": 600, "terminal_reward_residual": 2197.171563509435, "total_loss_mean": -0.0024927117861807345, "value_loss_mean": 0.003450353507651016}, "stage": 2, "stage_name": "hard", "summary": {"aborted": 0, "backtrace_steps": 3982, "backtracks": 1, "decisions": 600, "detected": 20, "episodes": 20, "pi_visits": 409, "redundant": 0}, "sweep": 1}
TRAIN_START stage=hard sweep=1/3 circuit=c6288 difficulty=hard faults=20

#Circuit Summary:
#---------------
#number of inputs = 32
#number of outputs = 32
#number of gates = 2416
#number of wires = 2448
#number of equivalent faults = 7744
TRAIN_RESULT {"circuit": "c6288", "difficulty": "hard", "learning": {"attributed_backtrace_steps": 13975, "attributed_backtracks": 46, "backtrace_event_mismatch": 0, "backtrace_event_mismatch_abs": 0, "backtrack_event_mismatch": 0, "backtrack_event_mismatch_abs": 0, "combined_reward_sum": 2221.3002053224727, "counter_mismatch_episode": 0, "distributed_potential_reward": -218.5818261469427, "entropy_mean": 0.46771440356969834, "episodes": 20, "episodes_with_updates": 20, "extrinsic_reward_sum": 2221.3002053224723, "intrinsic_reward_sum": 0.0, "policy_loss_mean": -0.07807194422930479, "ratio_mean": 1.00168234705925, "rnd_loss_mean": 0.0, "scaled_intrinsic_reward_sum": 0.0, "steps": 1952, "terminal_reward_residual": 2439.882031469416, "total_loss_mean": -0.06195271308533847, "value_loss_mean": 0.033173895307118076}, "stage": 2, "stage_name": "hard", "summary": {"aborted": 0, "backtrace_steps": 13984, "backtracks": 46, "decisions": 1952, "detected": 20, "episodes": 20, "pi_visits": 682, "redundant": 0}, "sweep": 1}
TRAIN_START stage=hard sweep=1/3 circuit=c499 difficulty=easy faults=20

#Circuit Summary:
#---------------
#number of inputs = 41
#number of outputs = 32
#number of gates = 662
#number of wires = 703
#number of equivalent faults = 534
TRAIN_RESULT {"circuit": "c499", "difficulty": "easy", "learning": {"attributed_backtrace_steps": 10798, "attributed_backtracks": 67, "backtrace_event_mismatch": 0, "backtrace_event_mismatch_abs": 0, "backtrack_event_mismatch": 0, "backtrack_event_mismatch_abs": 0, "combined_reward_sum": 1697.7974299120754, "counter_mismatch_episode": 0, "distributed_potential_reward": -501.84232373707243, "entropy_mean": 0.5829303741455079, "episodes": 20, "episodes_with_updates": 20, "extrinsic_reward_sum": 1697.797429912075, "intrinsic_reward_sum": 0.0, "policy_loss_mean": 0.09899248456349596, "ratio_mean": 0.9973563373088836, "rnd_loss_mean": 0.0, "scaled_intrinsic_reward_sum": 0.0, "steps": 1348, "terminal_reward_residual": 2199.6397536491477, "total_loss_mean": 0.11919598198728636, "value_loss_mean": 0.041572858492145315}, "stage": 2, "stage_name": "hard", "summary": {"aborted": 0, "backtrace_steps": 10813, "backtracks": 67, "decisions": 1348, "detected": 20, "episodes": 20, "pi_visits": 808, "redundant": 0}, "sweep": 1}
TRAIN_START stage=hard sweep=1/3 circuit=c1908 difficulty=medium faults=20

#Circuit Summary:
#---------------
#number of inputs = 33
#number of outputs = 25
#number of gates = 1056
#number of wires = 1089
#number of equivalent faults = 1876
TRAIN_RESULT {"circuit": "c1908", "difficulty": "medium", "learning": {"attributed_backtrace_steps": 3231, "attributed_backtracks": 0, "backtrace_event_mismatch": 0, "backtrace_event_mismatch_abs": 0, "backtrack_event_mismatch": 0, "backtrack_event_mismatch_abs": 0, "combined_reward_sum": 1974.7629827989724, "counter_mismatch_episode": 0, "distributed_potential_reward": -220.19205501120248, "entropy_mean": 0.6019217818975449, "episodes": 20, "episodes_with_updates": 20, "extrinsic_reward_sum": 1974.7629827989722, "intrinsic_reward_sum": 0.0, "policy_loss_mean": -0.019700068328529597, "ratio_mean": 1.001086476445198, "rnd_loss_mean": 0.0, "scaled_intrinsic_reward_sum": 0.0, "steps": 433, "terminal_reward_residual": 2194.9550378101744, "total_loss_mean": -0.019033700274303556, "value_loss_mean": 0.0025365788693306967}, "stage": 2, "stage_name": "hard", "summary": {"aborted": 0, "backtrace_steps": 3289, "backtracks": 0, "decisions": 433, "detected": 20, "episodes": 20, "pi_visits": 320, "redundant": 0}, "sweep": 1}
TRAIN_START stage=hard sweep=1/3 circuit=c2670 difficulty=hard faults=20

#Circuit Summary:
#---------------
#number of inputs = 157
#number of outputs = 64
#number of gates = 1400
#number of wires = 1557
#number of equivalent faults = 2595
TRAIN_RESULT {"circuit": "c2670", "difficulty": "hard", "learning": {"attributed_backtrace_steps": 33297, "attributed_backtracks": 2539, "backtrace_event_mismatch": 0, "backtrace_event_mismatch_abs": 0, "backtrack_event_mismatch": 0, "backtrack_event_mismatch_abs": 0, "combined_reward_sum": 824.4115272278323, "counter_mismatch_episode": 0, "distributed_potential_reward": -654.8397764153185, "entropy_mean": 0.5450425982475281, "episodes": 20, "episodes_with_updates": 20, "extrinsic_reward_sum": 824.4115272278365, "intrinsic_reward_sum": 0.0, "policy_loss_mean": 0.38958301560487596, "ratio_mean": 1.002428838610649, "rnd_loss_mean": 0.0, "scaled_intrinsic_reward_sum": 0.0, "steps": 3795, "terminal_reward_residual": 1479.2513036431546, "total_loss_mean": 0.8435661718482151, "value_loss_mean": 0.9090564081445336}, "stage": 2, "stage_name": "hard", "summary": {"aborted": 5, "backtrace_steps": 33320, "backtracks": 2539, "decisions": 3795, "detected": 15, "episodes": 20, "pi_visits": 5524, "redundant": 0}, "sweep": 1}
TRAIN_START stage=hard sweep=1/3 circuit=c7552 difficulty=easy faults=20

#Circuit Summary:
#---------------
#number of inputs = 207
#number of outputs = 108
#number of gates = 4042
#number of wires = 4249
#number of equivalent faults = 7550
TRAIN_RESULT {"circuit": "c7552", "difficulty": "easy", "learning": {"attributed_backtrace_steps": 3636, "attributed_backtracks": 1, "backtrace_event_mismatch": 0, "backtrace_event_mismatch_abs": 0, "backtrack_event_mismatch": 0, "backtrack_event_mismatch_abs": 0, "combined_reward_sum": 1913.760363623468, "counter_mismatch_episode": 0, "distributed_potential_reward": -257.61015248956124, "entropy_mean": 0.530264053079817, "episodes": 20, "episodes_with_updates": 18, "extrinsic_reward_sum": 1913.7603636234678, "intrinsic_reward_sum": 0.0, "policy_loss_mean": -0.10079131378895706, "ratio_mean": 1.008804933892356, "rnd_loss_mean": 0.0, "scaled_intrinsic_reward_sum": 0.0, "steps": 486, "terminal_reward_residual": 2171.3705161130288, "total_loss_mean": -0.09442715160548687, "value_loss_mean": 0.01378885748433984}, "stage": 2, "stage_name": "hard", "summary": {"aborted": 0, "backtrace_steps": 3657, "backtracks": 1, "decisions": 486, "detected": 20, "episodes": 20, "pi_visits": 337, "redundant": 0}, "sweep": 1}
TRAIN_START stage=hard sweep=1/3 circuit=c7552 difficulty=medium faults=20

#Circuit Summary:
#---------------
#number of inputs = 207
#number of outputs = 108
#number of gates = 4042
#number of wires = 4249
#number of equivalent faults = 7550
TRAIN_RESULT {"circuit": "c7552", "difficulty": "medium", "learning": {"attributed_backtrace_steps": 7659, "attributed_backtracks": 1, "backtrace_event_mismatch": 0, "backtrace_event_mismatch_abs": 0, "backtrack_event_mismatch": 0, "backtrack_event_mismatch_abs": 0, "combined_reward_sum": 2050.3870246379556, "counter_mismatch_episode": 0, "distributed_potential_reward": -229.01864503657873, "entropy_mean": 0.5123904272913933, "episodes": 20, "episodes_with_updates": 20, "extrinsic_reward_sum": 2050.3870246379556, "intrinsic_reward_sum": 0.0, "policy_loss_mean": -0.08449209528043866, "ratio_mean": 1.0056470721960067, "rnd_loss_mean": 0.0, "scaled_intrinsic_reward_sum": 0.0, "steps": 1109, "terminal_reward_residual": 2279.4056696745342, "total_loss_mean": -0.07696123979985714, "value_loss_mean": 0.016086490132147448}, "stage": 2, "stage_name": "hard", "summary": {"aborted": 0, "backtrace_steps": 7680, "backtracks": 1, "decisions": 1109, "detected": 20, "episodes": 20, "pi_visits": 659, "redundant": 0}, "sweep": 1}
TRAIN_START stage=hard sweep=1/3 circuit=c432 difficulty=hard faults=20

#Circuit Summary:
#---------------
#number of inputs = 36
#number of outputs = 7
#number of gates = 288
#number of wires = 324
#number of equivalent faults = 461
TRAIN_RESULT {"circuit": "c432", "difficulty": "hard", "learning": {"attributed_backtrace_steps": 16009, "attributed_backtracks": 1028, "backtrace_event_mismatch": 0, "backtrace_event_mismatch_abs": 0, "backtrack_event_mismatch": 0, "backtrack_event_mismatch_abs": 0, "combined_reward_sum": 1549.436175352612, "counter_mismatch_episode": 0, "distributed_potential_reward": -548.9878938539053, "entropy_mean": 0.5524554446339607, "episodes": 20, "episodes_with_updates": 20, "extrinsic_reward_sum": 1549.4361753526164, "intrinsic_reward_sum": 0.0, "policy_loss_mean": 0.11453199863899499, "ratio_mean": 1.0054258912801743, "rnd_loss_mean": 0.0, "scaled_intrinsic_reward_sum": 0.0, "steps": 2738, "terminal_reward_residual": 2098.4240692065223, "total_loss_mean": 0.30033108324278146, "value_loss_mean": 0.37270307348517234}, "stage": 2, "stage_name": "hard", "summary": {"aborted": 2, "backtrace_steps": 16024, "backtracks": 1028, "decisions": 2738, "detected": 18, "episodes": 20, "pi_visits": 2348, "redundant": 0}, "sweep": 1}
TRAIN_START stage=hard sweep=1/3 circuit=c1355 difficulty=hard faults=20

#Circuit Summary:
#---------------
#number of inputs = 41
#number of outputs = 32
#number of gates = 590
#number of wires = 631
#number of equivalent faults = 1574
TRAIN_RESULT {"circuit": "c1355", "difficulty": "hard", "learning": {"attributed_backtrace_steps": 24540, "attributed_backtracks": 1425, "backtrace_event_mismatch": 0, "backtrace_event_mismatch_abs": 0, "backtrack_event_mismatch": 0, "backtrack_event_mismatch_abs": 0, "combined_reward_sum": 1643.8999304922597, "counter_mismatch_episode": 0, "distributed_potential_reward": -555.9716115674674, "entropy_mean": 0.4259122908115387, "episodes": 20, "episodes_with_updates": 20, "extrinsic_reward_sum": 1643.89993049226, "intrinsic_reward_sum": 0.0, "policy_loss_mean": 0.06323179136961699, "ratio_mean": 1.0008965671062469, "rnd_loss_mean": 0.0, "scaled_intrinsic_reward_sum": 0.0, "steps": 5415, "terminal_reward_residual": 2199.8715420597273, "total_loss_mean": 0.2600221559405327, "value_loss_mean": 0.39443251916673033}, "stage": 2, "stage_name": "hard", "summary": {"aborted": 2, "backtrace_steps": 24550, "backtracks": 1425, "decisions": 5415, "detected": 18, "episodes": 20, "pi_visits": 3588, "redundant": 0}, "sweep": 1}
TRAIN_START stage=hard sweep=1/3 circuit=c499 difficulty=medium faults=20

#Circuit Summary:
#---------------
#number of inputs = 41
#number of outputs = 32
#number of gates = 662
#number of wires = 703
#number of equivalent faults = 534
TRAIN_RESULT {"circuit": "c499", "difficulty": "medium", "learning": {"attributed_backtrace_steps": 8781, "attributed_backtracks": 22, "backtrace_event_mismatch": 0, "backtrace_event_mismatch_abs": 0, "backtrack_event_mismatch": 0, "backtrack_event_mismatch_abs": 0, "combined_reward_sum": 1828.9810129365017, "counter_mismatch_episode": 0, "distributed_potential_reward": -370.99878504329604, "entropy_mean": 0.31752353310585024, "episodes": 20, "episodes_with_updates": 20, "extrinsic_reward_sum": 1828.9810129365019, "intrinsic_reward_sum": 0.0, "policy_loss_mean": 0.041976534947752955, "ratio_mean": 0.9997103065252304, "rnd_loss_mean": 0.0, "scaled_intrinsic_reward_sum": 0.0, "steps": 1393, "terminal_reward_residual": 2199.979797979798, "total_loss_mean": 0.054141125082969664, "value_loss_mean": 0.024964223289862274}, "stage": 2, "stage_name": "hard", "summary": {"aborted": 0, "backtrace_steps": 8782, "backtracks": 22, "decisions": 1393, "detected": 20, "episodes": 20, "pi_visits": 811, "redundant": 0}, "sweep": 1}
TRAIN_START stage=hard sweep=1/3 circuit=c7552 difficulty=hard faults=20

#Circuit Summary:
#---------------
#number of inputs = 207
#number of outputs = 108
#number of gates = 4042
#number of wires = 4249
#number of equivalent faults = 7550
TRAIN_RESULT {"circuit": "c7552", "difficulty": "hard", "learning": {"attributed_backtrace_steps": 20432, "attributed_backtracks": 1567, "backtrace_event_mismatch": 0, "backtrace_event_mismatch_abs": 0, "backtrack_event_mismatch": 0, "backtrack_event_mismatch_abs": 0, "combined_reward_sum": 1842.8566526995373, "counter_mismatch_episode": 0, "distributed_potential_reward": -356.99724187831083, "entropy_mean": 0.3964529141783714, "episodes": 20, "episodes_with_updates": 20, "extrinsic_reward_sum": 1842.85665269953, "intrinsic_reward_sum": 0.0, "policy_loss_mean": 0.0001542508602142334, "ratio_mean": 1.010077139735222, "rnd_loss_mean": 0.0, "scaled_intrinsic_reward_sum": 0.0, "steps": 2632, "terminal_reward_residual": 2199.853894577841, "total_loss_mean": 0.20259290412068368, "value_loss_mean": 0.4056702165864408}, "stage": 2, "stage_name": "hard", "summary": {"aborted": 2, "backtrace_steps": 20437, "backtracks": 1567, "decisions": 2632, "detected": 18, "episodes": 20, "pi_visits": 3532, "redundant": 0}, "sweep": 1}
TRAIN_START stage=hard sweep=1/3 circuit=c6288 difficulty=easy faults=20

#Circuit Summary:
#---------------
#number of inputs = 32
#number of outputs = 32
#number of gates = 2416
#number of wires = 2448
#number of equivalent faults = 7744
TRAIN_RESULT {"circuit": "c6288", "difficulty": "easy", "learning": {"attributed_backtrace_steps": 10567, "attributed_backtracks": 263, "backtrace_event_mismatch": 0, "backtrace_event_mismatch_abs": 0, "backtrack_event_mismatch": 0, "backtrack_event_mismatch_abs": 0, "combined_reward_sum": 1800.3972629331784, "counter_mismatch_episode": 0, "distributed_potential_reward": -398.85501167393437, "entropy_mean": 0.3346621170639992, "episodes": 20, "episodes_with_updates": 20, "extrinsic_reward_sum": 1800.3972629331786, "intrinsic_reward_sum": 0.0, "policy_loss_mean": 0.01915913699194789, "ratio_mean": 1.0000211626291275, "rnd_loss_mean": 0.0, "scaled_intrinsic_reward_sum": 0.0, "steps": 1909, "terminal_reward_residual": 2199.2522746071127, "total_loss_mean": 0.022122737928293647, "value_loss_mean": 0.006596527530928142}, "stage": 2, "stage_name": "hard", "summary": {"aborted": 0, "backtrace_steps": 10571, "backtracks": 263, "decisions": 1909, "detected": 20, "episodes": 20, "pi_visits": 941, "redundant": 0}, "sweep": 1}
TRAIN_START stage=hard sweep=1/3 circuit=c1908 difficulty=easy faults=20

#Circuit Summary:
#---------------
#number of inputs = 33
#number of outputs = 25
#number of gates = 1056
#number of wires = 1089
#number of equivalent faults = 1876
TRAIN_RESULT {"circuit": "c1908", "difficulty": "easy", "learning": {"attributed_backtrace_steps": 1462, "attributed_backtracks": 0, "backtrace_event_mismatch": 0, "backtrace_event_mismatch_abs": 0, "backtrack_event_mismatch": 0, "backtrack_event_mismatch_abs": 0, "combined_reward_sum": 1985.000575678124, "counter_mismatch_episode": 0, "distributed_potential_reward": -204.42733115566529, "entropy_mean": 0.3787600636482239, "episodes": 20, "episodes_with_updates": 20, "extrinsic_reward_sum": 1985.0005756781238, "intrinsic_reward_sum": 0.0, "policy_loss_mean": 0.00016213878989219667, "ratio_mean": 1.0062965333461762, "rnd_loss_mean": 0.0, "scaled_intrinsic_reward_sum": 0.0, "steps": 254, "terminal_reward_residual": 2189.427906833789, "total_loss_mean": 0.0007580560253700241, "value_loss_mean": 0.001949354977114126}, "stage": 2, "stage_name": "hard", "summary": {"aborted": 0, "backtrace_steps": 1501, "backtracks": 0, "decisions": 254, "detected": 20, "episodes": 20, "pi_visits": 194, "redundant": 0}, "sweep": 1}
TRAIN_START stage=hard sweep=1/3 circuit=c5315 difficulty=hard faults=20

#Circuit Summary:
#---------------
#number of inputs = 178
#number of outputs = 123
#number of gates = 2973
#number of wires = 3151
#number of equivalent faults = 5350
TRAIN_RESULT {"circuit": "c5315", "difficulty": "hard", "learning": {"attributed_backtrace_steps": 4661, "attributed_backtracks": 102, "backtrace_event_mismatch": 0, "backtrace_event_mismatch_abs": 0, "backtrack_event_mismatch": 0, "backtrack_event_mismatch_abs": 0, "combined_reward_sum": 2221.125513799885, "counter_mismatch_episode": 0, "distributed_potential_reward": -358.4971394276714, "entropy_mean": 0.43389900773763657, "episodes": 20, "episodes_with_updates": 20, "extrinsic_reward_sum": 2221.1255137998855, "intrinsic_reward_sum": 0.0, "policy_loss_mean": -0.12783098295331002, "ratio_mean": 1.0088138550519943, "rnd_loss_mean": 0.0, "scaled_intrinsic_reward_sum": 0.0, "steps": 682, "terminal_reward_residual": 2579.6226532275564, "total_loss_mean": -0.11582289589568973, "value_loss_mean": 0.024883973062969744}, "stage": 2, "stage_name": "hard", "summary": {"aborted": 0, "backtrace_steps": 4670, "backtracks": 102, "decisions": 682, "detected": 20, "episodes": 20, "pi_visits": 593, "redundant": 0}, "sweep": 1}
TRAIN_START stage=hard sweep=1/3 circuit=c2670 difficulty=easy faults=20

#Circuit Summary:
#---------------
#number of inputs = 157
#number of outputs = 64
#number of gates = 1400
#number of wires = 1557
#number of equivalent faults = 2595
TRAIN_RESULT {"circuit": "c2670", "difficulty": "easy", "learning": {"attributed_backtrace_steps": 555, "attributed_backtracks": 0, "backtrace_event_mismatch": 0, "backtrace_event_mismatch_abs": 0, "backtrack_event_mismatch": 0, "backtrack_event_mismatch_abs": 0, "combined_reward_sum": 2002.658561104138, "counter_mismatch_episode": 0, "distributed_potential_reward": -143.0913007584496, "entropy_mean": 0.4243676122277975, "episodes": 20, "episodes_with_updates": 16, "extrinsic_reward_sum": 2002.658561104138, "intrinsic_reward_sum": 0.0, "policy_loss_mean": 0.07548878761008382, "ratio_mean": 0.9537962675094604, "rnd_loss_mean": 0.0, "scaled_intrinsic_reward_sum": 0.0, "steps": 114, "terminal_reward_residual": 2145.7498618625877, "total_loss_mean": 0.07835605787113309, "value_loss_mean": 0.006583276452147402}, "stage": 2, "stage_name": "hard", "summary": {"aborted": 0, "backtrace_steps": 593, "backtracks": 0, "decisions": 114, "detected": 20, "episodes": 20, "pi_visits": 127, "redundant": 0}, "sweep": 1}
TRAIN_START stage=hard sweep=1/3 circuit=c3540 difficulty=hard faults=20

#Circuit Summary:
#---------------
#number of inputs = 50
#number of outputs = 22
#number of gates = 1983
#number of wires = 2033
#number of equivalent faults = 3428
TRAIN_RESULT {"circuit": "c3540", "difficulty": "hard", "learning": {"attributed_backtrace_steps": 70573, "attributed_backtracks": 3099, "backtrace_event_mismatch": 0, "backtrace_event_mismatch_abs": 0, "backtrack_event_mismatch": 0, "backtrack_event_mismatch_abs": 0, "combined_reward_sum": 703.4634448295969, "counter_mismatch_episode": 0, "distributed_potential_reward": -695.6927908407326, "entropy_mean": 0.3570114493370056, "episodes": 20, "episodes_with_updates": 20, "extrinsic_reward_sum": 703.4634448295857, "intrinsic_reward_sum": 0.0, "policy_loss_mean": 0.4922022050246596, "ratio_mean": 1.0044760525226593, "rnd_loss_mean": 0.0, "scaled_intrinsic_reward_sum": 0.0, "steps": 5771, "terminal_reward_residual": 1399.1562356703184, "total_loss_mean": 1.0303970269858838, "value_loss_mean": 1.077103739255108}, "stage": 2, "stage_name": "hard", "summary": {"aborted": 6, "backtrace_steps": 70587, "backtracks": 3099, "decisions": 5771, "detected": 14, "episodes": 20, "pi_visits": 6486, "redundant": 0}, "sweep": 1}
TRAIN_START stage=hard sweep=1/3 circuit=c1908 difficulty=hard faults=20

#Circuit Summary:
#---------------
#number of inputs = 33
#number of outputs = 25
#number of gates = 1056
#number of wires = 1089
#number of equivalent faults = 1876
TRAIN_RESULT {"circuit": "c1908", "difficulty": "hard", "learning": {"attributed_backtrace_steps": 51994, "attributed_backtracks": 3013, "backtrace_event_mismatch": 0, "backtrace_event_mismatch_abs": 0, "backtrack_event_mismatch": 0, "backtrack_event_mismatch_abs": 0, "combined_reward_sum": 714.8122053478392, "counter_mismatch_episode": 0, "distributed_potential_reward": -504.6822993434566, "entropy_mean": 0.581425005197525, "episodes": 20, "episodes_with_updates": 20, "extrinsic_reward_sum": 714.8122053478477, "intrinsic_reward_sum": 0.0, "policy_loss_mean": 0.4219463013112545, "ratio_mean": 1.0019937306642532, "rnd_loss_mean": 0.0, "scaled_intrinsic_reward_sum": 0.0, "steps": 4951, "terminal_reward_residual": 1219.4945046913047, "total_loss_mean": 0.9066827617585659, "value_loss_mean": 0.9706358156632632}, "stage": 2, "stage_name": "hard", "summary": {"aborted": 6, "backtrace_steps": 52014, "backtracks": 3013, "decisions": 4951, "detected": 14, "episodes": 20, "pi_visits": 6553, "redundant": 0}, "sweep": 1}
TRAIN_START stage=hard sweep=1/3 circuit=c6288 difficulty=medium faults=20

#Circuit Summary:
#---------------
#number of inputs = 32
#number of outputs = 32
#number of gates = 2416
#number of wires = 2448
#number of equivalent faults = 7744
TRAIN_RESULT {"circuit": "c6288", "difficulty": "medium", "learning": {"attributed_backtrace_steps": 26352, "attributed_backtracks": 537, "backtrace_event_mismatch": 0, "backtrace_event_mismatch_abs": 0, "backtrack_event_mismatch": 0, "backtrack_event_mismatch_abs": 0, "combined_reward_sum": 1576.1496652132105, "counter_mismatch_episode": 0, "distributed_potential_reward": -423.8322188447586, "entropy_mean": 0.6397840648889541, "episodes": 20, "episodes_with_updates": 20, "extrinsic_reward_sum": 1576.1496652132114, "intrinsic_reward_sum": 0.0, "policy_loss_mean": -0.040559844998642805, "ratio_mean": 1.0029906779527664, "rnd_loss_mean": 0.0, "scaled_intrinsic_reward_sum": 0.0, "steps": 4035, "terminal_reward_residual": 1999.98188405797, "total_loss_mean": 0.055691755888983605, "value_loss_mean": 0.19378277320647613}, "stage": 2, "stage_name": "hard", "summary": {"aborted": 1, "backtrace_steps": 26353, "backtracks": 537, "decisions": 4035, "detected": 19, "episodes": 20, "pi_visits": 1592, "redundant": 0}, "sweep": 1}
TRAIN_START stage=hard sweep=1/3 circuit=c1355 difficulty=easy faults=20

#Circuit Summary:
#---------------
#number of inputs = 41
#number of outputs = 32
#number of gates = 590
#number of wires = 631
#number of equivalent faults = 1574
TRAIN_RESULT {"circuit": "c1355", "difficulty": "easy", "learning": {"attributed_backtrace_steps": 6962, "attributed_backtracks": 10, "backtrace_event_mismatch": 0, "backtrace_event_mismatch_abs": 0, "backtrack_event_mismatch": 0, "backtrack_event_mismatch_abs": 0, "combined_reward_sum": 1795.1245654324944, "counter_mismatch_episode": 0, "distributed_potential_reward": -404.3259528628776, "entropy_mean": 0.6026112139225006, "episodes": 20, "episodes_with_updates": 20, "extrinsic_reward_sum": 1795.124565432494, "intrinsic_reward_sum": 0.0, "policy_loss_mean": -0.06397949753154535, "ratio_mean": 1.0011161416769028, "rnd_loss_mean": 0.0, "scaled_intrinsic_reward_sum": 0.0, "steps": 1353, "terminal_reward_residual": 2199.4505182953712, "total_loss_mean": -0.05383627474075183, "value_loss_mean": 0.02149167755851522}, "stage": 2, "stage_name": "hard", "summary": {"aborted": 0, "backtrace_steps": 6976, "backtracks": 10, "decisions": 1353, "detected": 20, "episodes": 20, "pi_visits": 574, "redundant": 0}, "sweep": 1}
TRAIN_START stage=hard sweep=1/3 circuit=c1355 difficulty=medium faults=20

#Circuit Summary:
#---------------
#number of inputs = 41
#number of outputs = 32
#number of gates = 590
#number of wires = 631
#number of equivalent faults = 1574
TRAIN_RESULT {"circuit": "c1355", "difficulty": "medium", "learning": {"attributed_backtrace_steps": 11638, "attributed_backtracks": 174, "backtrace_event_mismatch": 0, "backtrace_event_mismatch_abs": 0, "backtrack_event_mismatch": 0, "backtrack_event_mismatch_abs": 0, "combined_reward_sum": 1773.455733007551, "counter_mismatch_episode": 0, "distributed_potential_reward": -526.1597920893242, "entropy_mean": 0.5351138457655906, "episodes": 20, "episodes_with_updates": 20, "extrinsic_reward_sum": 1773.4557330075506, "intrinsic_reward_sum": 0.0, "policy_loss_mean": -0.059347230941057205, "ratio_mean": 1.0019189596176148, "rnd_loss_mean": 0.0, "scaled_intrinsic_reward_sum": 0.0, "steps": 2203, "terminal_reward_residual": 2299.615525096875, "total_loss_mean": -0.04587742909789085, "value_loss_mean": 0.028009831765666605}, "stage": 2, "stage_name": "hard", "summary": {"aborted": 0, "backtrace_steps": 11658, "backtracks": 174, "decisions": 2203, "detected": 20, "episodes": 20, "pi_visits": 1118, "redundant": 0}, "sweep": 1}
TRAIN_START stage=hard sweep=1/3 circuit=c499 difficulty=hard faults=20

#Circuit Summary:
#---------------
#number of inputs = 41
#number of outputs = 32
#number of gates = 662
#number of wires = 703
#number of equivalent faults = 534
TRAIN_RESULT {"circuit": "c499", "difficulty": "hard", "learning": {"attributed_backtrace_steps": 40888, "attributed_backtracks": 2725, "backtrace_event_mismatch": 0, "backtrace_event_mismatch_abs": 0, "backtrack_event_mismatch": 0, "backtrack_event_mismatch_abs": 0, "combined_reward_sum": 1147.2701751563138, "counter_mismatch_episode": 0, "distributed_potential_reward": -472.7298248437062, "entropy_mean": 0.4876133993268013, "episodes": 20, "episodes_with_updates": 20, "extrinsic_reward_sum": 1147.2701751563036, "intrinsic_reward_sum": 0.0, "policy_loss_mean": 0.2582265158649534, "ratio_mean": 0.9998027682304382, "rnd_loss_mean": 0.0, "scaled_intrinsic_reward_sum": 0.0, "steps": 4749, "terminal_reward_residual": 1620.0000000000102, "total_loss_mean": 0.5978106602444313, "value_loss_mean": 0.6801434677792713}, "stage": 2, "stage_name": "hard", "summary": {"aborted": 4, "backtrace_steps": 40888, "backtracks": 2725, "decisions": 4749, "detected": 16, "episodes": 20, "pi_visits": 6215, "redundant": 0}, "sweep": 1}
TRAIN_START stage=hard sweep=1/3 circuit=s38417_scan difficulty=hard faults=20

#Circuit Summary:
#---------------
#number of inputs = 1664
#number of outputs = 1742
#number of gates = 23319
#number of wires = 24983
#number of equivalent faults = 31180
TRAIN_RESULT {"circuit": "s38417_scan", "difficulty": "hard", "learning": {"attributed_backtrace_steps": 5867, "attributed_backtracks": 14, "backtrace_event_mismatch": 0, "backtrace_event_mismatch_abs": 0, "backtrack_event_mismatch": 0, "backtrack_event_mismatch_abs": 0, "combined_reward_sum": 2089.4707197889766, "counter_mismatch_episode": 0, "distributed_potential_reward": -309.8868321322299, "entropy_mean": 0.5006805658340454, "episodes": 20, "episodes_with_updates": 20, "extrinsic_reward_sum": 2089.4707197889766, "intrinsic_reward_sum": 0.0, "policy_loss_mean": -0.1724247496575117, "ratio_mean": 1.0053333222866059, "rnd_loss_mean": 0.0, "scaled_intrinsic_reward_sum": 0.0, "steps": 879, "terminal_reward_residual": 2399.3575519212063, "total_loss_mean": -0.1494932148605585, "value_loss_mean": 0.046864442573860285}, "stage": 2, "stage_name": "hard", "summary": {"aborted": 0, "backtrace_steps": 5894, "backtracks": 14, "decisions": 879, "detected": 20, "episodes": 20, "pi_visits": 590, "redundant": 0}, "sweep": 1}
TRAIN_START stage=hard sweep=1/3 circuit=c432 difficulty=medium faults=20

#Circuit Summary:
#---------------
#number of inputs = 36
#number of outputs = 7
#number of gates = 288
#number of wires = 324
#number of equivalent faults = 461
TRAIN_RESULT {"circuit": "c432", "difficulty": "medium", "learning": {"attributed_backtrace_steps": 1681, "attributed_backtracks": 2, "backtrace_event_mismatch": 0, "backtrace_event_mismatch_abs": 0, "backtrack_event_mismatch": 0, "backtrack_event_mismatch_abs": 0, "combined_reward_sum": 1961.0760675441572, "counter_mismatch_episode": 0, "distributed_potential_reward": -235.2570524178036, "entropy_mean": 0.414404958486557, "episodes": 20, "episodes_with_updates": 20, "extrinsic_reward_sum": 1961.076067544157, "intrinsic_reward_sum": 0.0, "policy_loss_mean": -0.0418020264536608, "ratio_mean": 1.000850173830986, "rnd_loss_mean": 0.0, "scaled_intrinsic_reward_sum": 0.0, "steps": 474, "terminal_reward_residual": 2196.3331199619606, "total_loss_mean": -0.03875910256174393, "value_loss_mean": 0.006914656062144786}, "stage": 2, "stage_name": "hard", "summary": {"aborted": 0, "backtrace_steps": 1711, "backtracks": 2, "decisions": 474, "detected": 20, "episodes": 20, "pi_visits": 237, "redundant": 0}, "sweep": 1}
TRAIN_START stage=hard sweep=1/3 circuit=c432 difficulty=easy faults=20

#Circuit Summary:
#---------------
#number of inputs = 36
#number of outputs = 7
#number of gates = 288
#number of wires = 324
#number of equivalent faults = 461
TRAIN_RESULT {"circuit": "c432", "difficulty": "easy", "learning": {"attributed_backtrace_steps": 827, "attributed_backtracks": 0, "backtrace_event_mismatch": 0, "backtrace_event_mismatch_abs": 0, "backtrack_event_mismatch": 0, "backtrack_event_mismatch_abs": 0, "combined_reward_sum": 2002.5456541125795, "counter_mismatch_episode": 0, "distributed_potential_reward": -194.16678331653463, "entropy_mean": 0.3858951359987259, "episodes": 20, "episodes_with_updates": 20, "extrinsic_reward_sum": 2002.5456541125795, "intrinsic_reward_sum": 0.0, "policy_loss_mean": -0.0327323304489255, "ratio_mean": 1.0019666790962218, "rnd_loss_mean": 0.0, "scaled_intrinsic_reward_sum": 0.0, "steps": 322, "terminal_reward_residual": 2196.7124374291143, "total_loss_mean": -0.03210658584721386, "value_loss_mean": 0.002023281023139134}, "stage": 2, "stage_name": "hard", "summary": {"aborted": 0, "backtrace_steps": 842, "backtracks": 0, "decisions": 322, "detected": 20, "episodes": 20, "pi_visits": 200, "redundant": 0}, "sweep": 1}
TRAIN_START stage=hard sweep=1/3 circuit=c3540 difficulty=easy faults=20

#Circuit Summary:
#---------------
#number of inputs = 50
#number of outputs = 22
#number of gates = 1983
#number of wires = 2033
#number of equivalent faults = 3428
TRAIN_RESULT {"circuit": "c3540", "difficulty": "easy", "learning": {"attributed_backtrace_steps": 2255, "attributed_backtracks": 1, "backtrace_event_mismatch": 0, "backtrace_event_mismatch_abs": 0, "backtrack_event_mismatch": 0, "backtrack_event_mismatch_abs": 0, "combined_reward_sum": 1925.2623092387387, "counter_mismatch_episode": 0, "distributed_potential_reward": -272.1051591233319, "entropy_mean": 0.4615198761224747, "episodes": 20, "episodes_with_updates": 20, "extrinsic_reward_sum": 1925.2623092387387, "intrinsic_reward_sum": 0.0, "policy_loss_mean": 0.008591935512959026, "ratio_mean": 0.9999338954687118, "rnd_loss_mean": 0.0, "scaled_intrinsic_reward_sum": 0.0, "steps": 376, "terminal_reward_residual": 2197.367468362071, "total_loss_mean": 0.010374284774297849, "value_loss_mean": 0.004487739145406522}, "stage": 2, "stage_name": "hard", "summary": {"aborted": 0, "backtrace_steps": 2272, "backtracks": 1, "decisions": 376, "detected": 20, "episodes": 20, "pi_visits": 265, "redundant": 0}, "sweep": 1}
TRAIN_START stage=hard sweep=1/3 circuit=c3540 difficulty=medium faults=20

#Circuit Summary:
#---------------
#number of inputs = 50
#number of outputs = 22
#number of gates = 1983
#number of wires = 2033
#number of equivalent faults = 3428
TRAIN_RESULT {"circuit": "c3540", "difficulty": "medium", "learning": {"attributed_backtrace_steps": 18132, "attributed_backtracks": 531, "backtrace_event_mismatch": 0, "backtrace_event_mismatch_abs": 0, "backtrack_event_mismatch": 0, "backtrack_event_mismatch_abs": 0, "combined_reward_sum": 1650.1931376062637, "counter_mismatch_episode": 0, "distributed_potential_reward": -487.68373432037146, "entropy_mean": 0.4628657415509224, "episodes": 20, "episodes_with_updates": 20, "extrinsic_reward_sum": 1650.1931376062662, "intrinsic_reward_sum": 0.0, "policy_loss_mean": 0.053318252135068175, "ratio_mean": 1.0043171435594558, "rnd_loss_mean": 0.0, "scaled_intrinsic_reward_sum": 0.0, "steps": 1508, "terminal_reward_residual": 2137.8768719266377, "total_loss_mean": 0.15821207063272597, "value_loss_mean": 0.21071336286258885}, "stage": 2, "stage_name": "hard", "summary": {"aborted": 1, "backtrace_steps": 18164, "backtracks": 531, "decisions": 1508, "detected": 19, "episodes": 20, "pi_visits": 1414, "redundant": 0}, "sweep": 1}
TRAIN_START stage=hard sweep=1/3 circuit=s38417_scan difficulty=medium faults=20

#Circuit Summary:
#---------------
#number of inputs = 1664
#number of outputs = 1742
#number of gates = 23319
#number of wires = 24983
#number of equivalent faults = 31180
TRAIN_RESULT {"circuit": "s38417_scan", "difficulty": "medium", "learning": {"attributed_backtrace_steps": 2066, "attributed_backtracks": 0, "backtrace_event_mismatch": 0, "backtrace_event_mismatch_abs": 0, "backtrack_event_mismatch": 0, "backtrack_event_mismatch_abs": 0, "combined_reward_sum": 1990.3158077503904, "counter_mismatch_episode": 0, "distributed_potential_reward": -194.84713157253458, "entropy_mean": 0.37721721827983856, "episodes": 20, "episodes_with_updates": 20, "extrinsic_reward_sum": 1990.3158077503897, "intrinsic_reward_sum": 0.0, "policy_loss_mean": -0.01484740455634892, "ratio_mean": 0.9988147050142289, "rnd_loss_mean": 0.0, "scaled_intrinsic_reward_sum": 0.0, "steps": 351, "terminal_reward_residual": 2185.1629393229246, "total_loss_mean": -0.014182318933308125, "value_loss_mean": 0.0020846056475420484}, "stage": 2, "stage_name": "hard", "summary": {"aborted": 0, "backtrace_steps": 2116, "backtracks": 0, "decisions": 351, "detected": 20, "episodes": 20, "pi_visits": 249, "redundant": 0}, "sweep": 1}
TRAIN_START stage=hard sweep=1/3 circuit=c5315 difficulty=easy faults=20

#Circuit Summary:
#---------------
#number of inputs = 178
#number of outputs = 123
#number of gates = 2973
#number of wires = 3151
#number of equivalent faults = 5350
TRAIN_RESULT {"circuit": "c5315", "difficulty": "easy", "learning": {"attributed_backtrace_steps": 438, "attributed_backtracks": 0, "backtrace_event_mismatch": 0, "backtrace_event_mismatch_abs": 0, "backtrack_event_mismatch": 0, "backtrack_event_mismatch_abs": 0, "combined_reward_sum": 1994.3976164973606, "counter_mismatch_episode": 0, "distributed_potential_reward": -136.07026550177335, "entropy_mean": 0.33283986364092144, "episodes": 20, "episodes_with_updates": 14, "extrinsic_reward_sum": 1994.3976164973606, "intrinsic_reward_sum": 0.0, "policy_loss_mean": -0.00033541469435606686, "ratio_mean": 1.0002546310424805, "rnd_loss_mean": 0.0, "scaled_intrinsic_reward_sum": 0.0, "steps": 100, "terminal_reward_residual": 2130.467881999134, "total_loss_mean": -3.092306932168347e-05, "value_loss_mean": 0.0012746616505735023}, "stage": 2, "stage_name": "hard", "summary": {"aborted": 0, "backtrace_steps": 474, "backtracks": 0, "decisions": 100, "detected": 20, "episodes": 20, "pi_visits": 110, "redundant": 0}, "sweep": 1}
TRAIN_START stage=hard sweep=1/3 circuit=c5315 difficulty=medium faults=20

#Circuit Summary:
#---------------
#number of inputs = 178
#number of outputs = 123
#number of gates = 2973
#number of wires = 3151
#number of equivalent faults = 5350
TRAIN_RESULT {"circuit": "c5315", "difficulty": "medium", "learning": {"attributed_backtrace_steps": 2999, "attributed_backtracks": 0, "backtrace_event_mismatch": 0, "backtrace_event_mismatch_abs": 0, "backtrack_event_mismatch": 0, "backtrack_event_mismatch_abs": 0, "combined_reward_sum": 1996.5878070490508, "counter_mismatch_episode": 0, "distributed_potential_reward": -200.21718117242298, "entropy_mean": 0.3530505448579788, "episodes": 20, "episodes_with_updates": 20, "extrinsic_reward_sum": 1996.5878070490503, "intrinsic_reward_sum": 0.0, "policy_loss_mean": -0.011904420368955471, "ratio_mean": 1.000278189778328, "rnd_loss_mean": 0.0, "scaled_intrinsic_reward_sum": 0.0, "steps": 530, "terminal_reward_residual": 2196.8049882214736, "total_loss_mean": -0.011434538185130804, "value_loss_mean": 0.0016458649915875867}, "stage": 2, "stage_name": "hard", "summary": {"aborted": 0, "backtrace_steps": 3039, "backtracks": 0, "decisions": 530, "detected": 20, "episodes": 20, "pi_visits": 354, "redundant": 0}, "sweep": 1}

#Circuit Summary:
#---------------
#number of inputs = 36
#number of outputs = 7
#number of gates = 288
#number of wires = 324
#number of equivalent faults = 461

#Circuit Summary:
#---------------
#number of inputs = 41
#number of outputs = 32
#number of gates = 662
#number of wires = 703
#number of equivalent faults = 534

#Circuit Summary:
#---------------
#number of inputs = 41
#number of outputs = 32
#number of gates = 590
#number of wires = 631
#number of equivalent faults = 1574

#Circuit Summary:
#---------------
#number of inputs = 33
#number of outputs = 25
#number of gates = 1056
#number of wires = 1089
#number of equivalent faults = 1876

#Circuit Summary:
#---------------
#number of inputs = 157
#number of outputs = 64
#number of gates = 1400
#number of wires = 1557
#number of equivalent faults = 2595

#Circuit Summary:
#---------------
#number of inputs = 50
#number of outputs = 22
#number of gates = 1983
#number of wires = 2033
#number of equivalent faults = 3428

#Circuit Summary:
#---------------
#number of inputs = 178
#number of outputs = 123
#number of gates = 2973
#number of wires = 3151
#number of equivalent faults = 5350

#Circuit Summary:
#---------------
#number of inputs = 207
#number of outputs = 108
#number of gates = 4042
#number of wires = 4249
#number of equivalent faults = 7550

#Circuit Summary:
#---------------
#number of inputs = 32
#number of outputs = 32
#number of gates = 2416
#number of wires = 2448
#number of equivalent faults = 7744

#Circuit Summary:
#---------------
#number of inputs = 1664
#number of outputs = 1742
#number of gates = 23319
#number of wires = 24983
#number of equivalent faults = 31180
VALIDATION selection=kept {"aggregate": {"aborted": 10, "decisions": 29434, "detected": 490, "mean_backtrace_ratio": 1.229058099714113, "mean_backtrack_ratio": 1.1309595291315406, "score": [-490, 10, 1.1309595291315406, 1.229058099714113, 29434]}, "circuits": {"c1355": {"aborted": 0, "backtrace_steps": 18806, "backtracks": 17, "decisions": 3330, "detected": 50, "episodes": 50, "pi_visits": 1781, "redundant": 0}, "c1908": {"aborted": 0, "backtrace_steps": 13781, "backtracks": 7, "decisions": 1583, "detected": 50, "episodes": 50, "pi_visits": 991, "redundant": 0}, "c2670": {"aborted": 3, "backtrace_steps": 21838, "backtracks": 1514, "decisions": 2555, "detected": 47, "episodes": 50, "pi_visits": 3759, "redundant": 0}, "c3540": {"aborted": 3, "backtrace_steps": 50408, "backtracks": 1761, "decisions": 4627, "detected": 47, "episodes": 50, "pi_visits": 4249, "redundant": 0}, "c432": {"aborted": 1, "backtrace_steps": 8284, "backtracks": 504, "decisions": 1706, "detected": 49, "episodes": 50, "pi_visits": 1600, "redundant": 0}, "c499": {"aborted": 0, "backtrace_steps": 21677, "backtracks": 1, "decisions": 3239, "detected": 50, "episodes": 50, "pi_visits": 1813, "redundant": 0}, "c5315": {"aborted": 0, "backtrace_steps": 6536, "backtracks": 2, "decisions": 1057, "detected": 50, "episodes": 50, "pi_visits": 734, "redundant": 0}, "c6288": {"aborted": 3, "backtrace_steps": 59225, "backtracks": 1833, "decisions": 8512, "detected": 47, "episodes": 50, "pi_visits": 4879, "redundant": 0}, "c7552": {"aborted": 0, "backtrace_steps": 11177, "backtracks": 50, "decisions": 1765, "detected": 50, "episodes": 50, "pi_visits": 1118, "redundant": 0}, "s38417_scan": {"aborted": 0, "backtrace_steps": 7217, "backtracks": 5, "decisions": 1060, "detected": 50, "episodes": 50, "pi_visits": 701, "redundant": 0}}, "label": "hard_sweep_1"}
TRAIN_START stage=hard sweep=2/3 circuit=c1908 difficulty=medium faults=20

#Circuit Summary:
#---------------
#number of inputs = 33
#number of outputs = 25
#number of gates = 1056
#number of wires = 1089
#number of equivalent faults = 1876
TRAIN_RESULT {"circuit": "c1908", "difficulty": "medium", "learning": {"attributed_backtrace_steps": 4378, "attributed_backtracks": 3, "backtrace_event_mismatch": 0, "backtrace_event_mismatch_abs": 0, "backtrack_event_mismatch": 0, "backtrack_event_mismatch_abs": 0, "combined_reward_sum": 1890.3023305129323, "counter_mismatch_episode": 0, "distributed_potential_reward": -307.8890394035099, "entropy_mean": 0.3407477244734764, "episodes": 20, "episodes_with_updates": 20, "extrinsic_reward_sum": 1890.3023305129318, "intrinsic_reward_sum": 0.0, "policy_loss_mean": 0.024725984936230815, "ratio_mean": 0.9994958370923996, "rnd_loss_mean": 0.0, "scaled_intrinsic_reward_sum": 0.0, "steps": 594, "terminal_reward_residual": 2198.191369916442, "total_loss_mean": 0.030391334866681063, "value_loss_mean": 0.012012193075497635}, "stage": 2, "stage_name": "hard", "summary": {"aborted": 0, "backtrace_steps": 4402, "backtracks": 3, "decisions": 594, "detected": 20, "episodes": 20, "pi_visits": 373, "redundant": 0}, "sweep": 2}
TRAIN_START stage=hard sweep=2/3 circuit=c499 difficulty=medium faults=20

#Circuit Summary:
#---------------
#number of inputs = 41
#number of outputs = 32
#number of gates = 662
#number of wires = 703
#number of equivalent faults = 534
TRAIN_RESULT {"circuit": "c499", "difficulty": "medium", "learning": {"attributed_backtrace_steps": 14179, "attributed_backtracks": 401, "backtrace_event_mismatch": 0, "backtrace_event_mismatch_abs": 0, "backtrack_event_mismatch": 0, "backtrack_event_mismatch_abs": 0, "combined_reward_sum": 1892.1849804968042, "counter_mismatch_episode": 0, "distributed_potential_reward": -307.6545766801023, "entropy_mean": 0.37734542191028597, "episodes": 20, "episodes_with_updates": 20, "extrinsic_reward_sum": 1892.1849804968044, "intrinsic_reward_sum": 0.0, "policy_loss_mean": -0.009262819541618228, "ratio_mean": 1.0004570841789246, "rnd_loss_mean": 0.0, "scaled_intrinsic_reward_sum": 0.0, "steps": 1965, "terminal_reward_residual": 2199.8395571769065, "total_loss_mean": -0.0035442627035081387, "value_loss_mean": 0.01219180625048466}, "stage": 2, "stage_name": "hard", "summary": {"aborted": 0, "backtrace_steps": 14187, "backtracks": 401, "decisions": 1965, "detected": 20, "episodes": 20, "pi_visits": 1610, "redundant": 0}, "sweep": 2}
TRAIN_START stage=hard sweep=2/3 circuit=c2670 difficulty=hard faults=20

#Circuit Summary:
#---------------
#number of inputs = 157
#number of outputs = 64
#number of gates = 1400
#number of wires = 1557
#number of equivalent faults = 2595
TRAIN_RESULT {"circuit": "c2670", "difficulty": "hard", "learning": {"attributed_backtrace_steps": 42256, "attributed_backtracks": 3177, "backtrace_event_mismatch": 0, "backtrace_event_mismatch_abs": 0, "backtrack_event_mismatch": 0, "backtrack_event_mismatch_abs": 0, "combined_reward_sum": 627.5304257996135, "counter_mismatch_episode": 0, "distributed_potential_reward": -651.7208778435383, "entropy_mean": 0.301216483861208, "episodes": 20, "episodes_with_updates": 20, "extrinsic_reward_sum": 627.5304257996171, "intrinsic_reward_sum": 0.0, "policy_loss_mean": 0.4193283827160485, "ratio_mean": 1.0020371049642562, "rnd_loss_mean": 0.0, "scaled_intrinsic_reward_sum": 0.0, "steps": 4354, "terminal_reward_residual": 1279.251303643155, "total_loss_mean": 0.9155623679980636, "value_loss_mean": 0.993070395605173}, "stage": 2, "stage_name": "hard", "summary": {"aborted": 6, "backtrace_steps": 42279, "backtracks": 3177, "decisions": 4354, "detected": 14, "episodes": 20, "pi_visits": 6807, "redundant": 0}, "sweep": 2}
TRAIN_START stage=hard sweep=2/3 circuit=c1908 difficulty=hard faults=20

#Circuit Summary:
#---------------
#number of inputs = 33
#number of outputs = 25
#number of gates = 1056
#number of wires = 1089
#number of equivalent faults = 1876
TRAIN_RESULT {"circuit": "c1908", "difficulty": "hard", "learning": {"attributed_backtrace_steps": 54857, "attributed_backtracks": 3008, "backtrace_event_mismatch": 0, "backtrace_event_mismatch_abs": 0, "backtrack_event_mismatch": 0, "backtrack_event_mismatch_abs": 0, "combined_reward_sum": 770.3280459449494, "counter_mismatch_episode": 0, "distributed_potential_reward": -449.16645874634605, "entropy_mean": 0.2654654048383236, "episodes": 20, "episodes_with_updates": 20, "extrinsic_reward_sum": 770.3280459449584, "intrinsic_reward_sum": 0.0, "policy_loss_mean": 0.36213703975081446, "ratio_mean": 1.00257668197155, "rnd_loss_mean": 0.0, "scaled_intrinsic_reward_sum": 0.0, "steps": 5055, "terminal_reward_residual": 1219.4945046913044, "total_loss_mean": 0.8315407104790211, "value_loss_mean": 0.9393382483161986}, "stage": 2, "stage_name": "hard", "summary": {"aborted": 6, "backtrace_steps": 54877, "backtracks": 3008, "decisions": 5055, "detected": 14, "episodes": 20, "pi_visits": 6537, "redundant": 0}, "sweep": 2}
TRAIN_START stage=hard sweep=2/3 circuit=c499 difficulty=easy faults=20

#Circuit Summary:
#---------------
#number of inputs = 41
#number of outputs = 32
#number of gates = 662
#number of wires = 703
#number of equivalent faults = 534
TRAIN_RESULT {"circuit": "c499", "difficulty": "easy", "learning": {"attributed_backtrace_steps": 6182, "attributed_backtracks": 2, "backtrace_event_mismatch": 0, "backtrace_event_mismatch_abs": 0, "backtrack_event_mismatch": 0, "backtrack_event_mismatch_abs": 0, "combined_reward_sum": 1922.675396662608, "counter_mismatch_episode": 0, "distributed_potential_reward": -277.04278415893947, "entropy_mean": 0.19032883942127227, "episodes": 20, "episodes_with_updates": 20, "extrinsic_reward_sum": 1922.6753966626075, "intrinsic_reward_sum": 0.0, "policy_loss_mean": -0.16809602826833725, "ratio_mean": 1.0022062987089158, "rnd_loss_mean": 0.0, "scaled_intrinsic_reward_sum": 0.0, "steps": 947, "terminal_reward_residual": 2199.7181808215464, "total_loss_mean": -0.14928951039910315, "value_loss_mean": 0.037993688602000475}, "stage": 2, "stage_name": "hard", "summary": {"aborted": 0, "backtrace_steps": 6194, "backtracks": 2, "decisions": 947, "detected": 20, "episodes": 20, "pi_visits": 497, "redundant": 0}, "sweep": 2}
TRAIN_START stage=hard sweep=2/3 circuit=c7552 difficulty=hard faults=20

#Circuit Summary:
#---------------
#number of inputs = 207
#number of outputs = 108
#number of gates = 4042
#number of wires = 4249
#number of equivalent faults = 7550
TRAIN_RESULT {"circuit": "c7552", "difficulty": "hard", "learning": {"attributed_backtrace_steps": 4468, "attributed_backtracks": 18, "backtrace_event_mismatch": 0, "backtrace_event_mismatch_abs": 0, "backtrack_event_mismatch": 0, "backtrack_event_mismatch_abs": 0, "combined_reward_sum": 2462.2609105473207, "counter_mismatch_episode": 0, "distributed_potential_reward": -137.59298403051258, "entropy_mean": 0.23499170392751695, "episodes": 20, "episodes_with_updates": 20, "extrinsic_reward_sum": 2462.2609105473207, "intrinsic_reward_sum": 0.0, "policy_loss_mean": -0.30812798663973806, "ratio_mean": 1.005043837428093, "rnd_loss_mean": 0.0, "scaled_intrinsic_reward_sum": 0.0, "steps": 748, "terminal_reward_residual": 2599.8538945778337, "total_loss_mean": -0.26066365614533427, "value_loss_mean": 0.09539862181991339}, "stage": 2, "stage_name": "hard", "summary": {"aborted": 0, "backtrace_steps": 4473, "backtracks": 18, "decisions": 748, "detected": 20, "episodes": 20, "pi_visits": 435, "redundant": 0}, "sweep": 2}
TRAIN_START stage=hard sweep=2/3 circuit=s38417_scan difficulty=easy faults=20

#Circuit Summary:
#---------------
#number of inputs = 1664
#number of outputs = 1742
#number of gates = 23319
#number of wires = 24983
#number of equivalent faults = 31180
TRAIN_RESULT {"circuit": "s38417_scan", "difficulty": "easy", "learning": {"attributed_backtrace_steps": 43, "attributed_backtracks": 0, "backtrace_event_mismatch": 0, "backtrace_event_mismatch_abs": 0, "backtrack_event_mismatch": 0, "backtrack_event_mismatch_abs": 0, "combined_reward_sum": 2000.0, "counter_mismatch_episode": 0, "distributed_potential_reward": -41.58333333333333, "entropy_mean": 0.17606020967165628, "episodes": 20, "episodes_with_updates": 6, "extrinsic_reward_sum": 2000.0, "intrinsic_reward_sum": 0.0, "policy_loss_mean": 0.03268607333302498, "ratio_mean": 0.9989783465862274, "rnd_loss_mean": 0.0, "scaled_intrinsic_reward_sum": 0.0, "steps": 11, "terminal_reward_residual": 2041.5833333333333, "total_loss_mean": 0.03313744626939297, "value_loss_mean": 0.001254865521332249}, "stage": 2, "stage_name": "hard", "summary": {"aborted": 0, "backtrace_steps": 128, "backtracks": 0, "decisions": 11, "detected": 20, "episodes": 20, "pi_visits": 58, "redundant": 0}, "sweep": 2}
TRAIN_START stage=hard sweep=2/3 circuit=c2670 difficulty=easy faults=20

#Circuit Summary:
#---------------
#number of inputs = 157
#number of outputs = 64
#number of gates = 1400
#number of wires = 1557
#number of equivalent faults = 2595
TRAIN_RESULT {"circuit": "c2670", "difficulty": "easy", "learning": {"attributed_backtrace_steps": 942, "attributed_backtracks": 0, "backtrace_event_mismatch": 0, "backtrace_event_mismatch_abs": 0, "backtrack_event_mismatch": 0, "backtrack_event_mismatch_abs": 0, "combined_reward_sum": 1983.464537584982, "counter_mismatch_episode": 0, "distributed_potential_reward": -189.0547134715185, "entropy_mean": 0.2897077367493981, "episodes": 20, "episodes_with_updates": 19, "extrinsic_reward_sum": 1983.4645375849823, "intrinsic_reward_sum": 0.0, "policy_loss_mean": 0.00941351150839565, "ratio_mean": 0.9993243029243067, "rnd_loss_mean": 0.0, "scaled_intrinsic_reward_sum": 0.0, "steps": 190, "terminal_reward_residual": 2172.5192510565003, "total_loss_mean": 0.009750332164051207, "value_loss_mean": 0.0012530554438279452}, "stage": 2, "stage_name": "hard", "summary": {"aborted": 0, "backtrace_steps": 980, "backtracks": 0, "decisions": 190, "detected": 20, "episodes": 20, "pi_visits": 166, "redundant": 0}, "sweep": 2}
TRAIN_START stage=hard sweep=2/3 circuit=c432 difficulty=easy faults=20

#Circuit Summary:
#---------------
#number of inputs = 36
#number of outputs = 7
#number of gates = 288
#number of wires = 324
#number of equivalent faults = 461
TRAIN_RESULT {"circuit": "c432", "difficulty": "easy", "learning": {"attributed_backtrace_steps": 1206, "attributed_backtracks": 0, "backtrace_event_mismatch": 0, "backtrace_event_mismatch_abs": 0, "backtrack_event_mismatch": 0, "backtrack_event_mismatch_abs": 0, "combined_reward_sum": 1963.0683227840036, "counter_mismatch_episode": 0, "distributed_potential_reward": -233.21734787458715, "entropy_mean": 0.2773774705827236, "episodes": 20, "episodes_with_updates": 20, "extrinsic_reward_sum": 1963.0683227840036, "intrinsic_reward_sum": 0.0, "policy_loss_mean": -0.0026201461558230223, "ratio_mean": 1.0003919839859008, "rnd_loss_mean": 0.0, "scaled_intrinsic_reward_sum": 0.0, "steps": 437, "terminal_reward_residual": 2196.285670658591, "total_loss_mean": -0.0019457688671536745, "value_loss_mean": 0.001903508830582723}, "stage": 2, "stage_name": "hard", "summary": {"aborted": 0, "backtrace_steps": 1225, "backtracks": 0, "decisions": 437, "detected": 20, "episodes": 20, "pi_visits": 211, "redundant": 0}, "sweep": 2}
TRAIN_START stage=hard sweep=2/3 circuit=c1355 difficulty=hard faults=20

#Circuit Summary:
#---------------
#number of inputs = 41
#number of outputs = 32
#number of gates = 590
#number of wires = 631
#number of equivalent faults = 1574
TRAIN_RESULT {"circuit": "c1355", "difficulty": "hard", "learning": {"attributed_backtrace_steps": 29102, "attributed_backtracks": 1840, "backtrace_event_mismatch": 0, "backtrace_event_mismatch_abs": 0, "backtrack_event_mismatch": 0, "backtrack_event_mismatch_abs": 0, "combined_reward_sum": 1429.4797418690844, "counter_mismatch_episode": 0, "distributed_potential_reward": -570.3918001906213, "entropy_mean": 0.2261827938258648, "episodes": 20, "episodes_with_updates": 20, "extrinsic_reward_sum": 1429.4797418690948, "intrinsic_reward_sum": 0.0, "policy_loss_mean": 0.17254374716430904, "ratio_mean": 1.0014405578374863, "rnd_loss_mean": 0.0, "scaled_intrinsic_reward_sum": 0.0, "steps": 5378, "terminal_reward_residual": 1999.871542059716, "total_loss_mean": 0.4602324370294809, "value_loss_mean": 0.5758297237800434}, "stage": 2, "stage_name": "hard", "summary": {"aborted": 3, "backtrace_steps": 29112, "backtracks": 1840, "decisions": 5378, "detected": 17, "episodes": 20, "pi_visits": 4407, "redundant": 0}, "sweep": 2}
TRAIN_START stage=hard sweep=2/3 circuit=c3540 difficulty=easy faults=20

#Circuit Summary:
#---------------
#number of inputs = 50
#number of outputs = 22
#number of gates = 1983
#number of wires = 2033
#number of equivalent faults = 3428
TRAIN_RESULT {"circuit": "c3540", "difficulty": "easy", "learning": {"attributed_backtrace_steps": 1683, "attributed_backtracks": 0, "backtrace_event_mismatch": 0, "backtrace_event_mismatch_abs": 0, "backtrack_event_mismatch": 0, "backtrack_event_mismatch_abs": 0, "combined_reward_sum": 1995.6475439591761, "counter_mismatch_episode": 0, "distributed_potential_reward": -197.17560321148784, "entropy_mean": 0.14759471639990807, "episodes": 20, "episodes_with_updates": 20, "extrinsic_reward_sum": 1995.6475439591761, "intrinsic_reward_sum": 0.0, "policy_loss_mean": -0.015762519639611127, "ratio_mean": 1.0004293948411942, "rnd_loss_mean": 0.0, "scaled_intrinsic_reward_sum": 0.0, "steps": 298, "terminal_reward_residual": 2192.823147170664, "total_loss_mean": -0.015312275924588902, "value_loss_mean": 0.001195677094437997}, "stage": 2, "stage_name": "hard", "summary": {"aborted": 0, "backtrace_steps": 1714, "backtracks": 0, "decisions": 298, "detected": 20, "episodes": 20, "pi_visits": 224, "redundant": 0}, "sweep": 2}
TRAIN_START stage=hard sweep=2/3 circuit=c2670 difficulty=medium faults=20

#Circuit Summary:
#---------------
#number of inputs = 157
#number of outputs = 64
#number of gates = 1400
#number of wires = 1557
#number of equivalent faults = 2595
TRAIN_RESULT {"circuit": "c2670", "difficulty": "medium", "learning": {"attributed_backtrace_steps": 3809, "attributed_backtracks": 2, "backtrace_event_mismatch": 0, "backtrace_event_mismatch_abs": 0, "backtrack_event_mismatch": 0, "backtrack_event_mismatch_abs": 0, "combined_reward_sum": 1949.8335994080385, "counter_mismatch_episode": 0, "distributed_potential_reward": -248.4265823503519, "entropy_mean": 0.20580154657363892, "episodes": 20, "episodes_with_updates": 20, "extrinsic_reward_sum": 1949.8335994080387, "intrinsic_reward_sum": 0.0, "policy_loss_mean": -0.004840959736611694, "ratio_mean": 1.0001225739717483, "rnd_loss_mean": 0.0, "scaled_intrinsic_reward_sum": 0.0, "steps": 594, "terminal_reward_residual": 2198.2601817583904, "total_loss_mean": -0.0028671449050307273, "value_loss_mean": 0.004359231653506867}, "stage": 2, "stage_name": "hard", "summary": {"aborted": 0, "backtrace_steps": 3836, "backtracks": 2, "decisions": 594, "detected": 20, "episodes": 20, "pi_visits": 411, "redundant": 0}, "sweep": 2}
TRAIN_START stage=hard sweep=2/3 circuit=c5315 difficulty=medium faults=20

#Circuit Summary:
#---------------
#number of inputs = 178
#number of outputs = 123
#number of gates = 2973
#number of wires = 3151
#number of equivalent faults = 5350
TRAIN_RESULT {"circuit": "c5315", "difficulty": "medium", "learning": {"attributed_backtrace_steps": 3150, "attributed_backtracks": 1, "backtrace_event_mismatch": 0, "backtrace_event_mismatch_abs": 0, "backtrack_event_mismatch": 0, "backtrack_event_mismatch_abs": 0, "combined_reward_sum": 1964.7830946513973, "counter_mismatch_episode": 0, "distributed_potential_reward": -230.92945303480565, "entropy_mean": 0.21592683121562004, "episodes": 20, "episodes_with_updates": 20, "extrinsic_reward_sum": 1964.7830946513975, "intrinsic_reward_sum": 0.0, "policy_loss_mean": -0.0014896649401634932, "ratio_mean": 1.000250342488289, "rnd_loss_mean": 0.0, "scaled_intrinsic_reward_sum": 0.0, "steps": 506, "terminal_reward_residual": 2195.7125476862034, "total_loss_mean": -0.00035288274521008136, "value_loss_mean": 0.002705418344703503}, "stage": 2, "stage_name": "hard", "summary": {"aborted": 0, "backtrace_steps": 3202, "backtracks": 1, "decisions": 506, "detected": 20, "episodes": 20, "pi_visits": 366, "redundant": 0}, "sweep": 2}
TRAIN_START stage=hard sweep=2/3 circuit=c6288 difficulty=easy faults=20

#Circuit Summary:
#---------------
#number of inputs = 32
#number of outputs = 32
#number of gates = 2416
#number of wires = 2448
#number of equivalent faults = 7744
TRAIN_RESULT {"circuit": "c6288", "difficulty": "easy", "learning": {"attributed_backtrace_steps": 4252, "attributed_backtracks": 8, "backtrace_event_mismatch": 0, "backtrace_event_mismatch_abs": 0, "backtrack_event_mismatch": 0, "backtrack_event_mismatch_abs": 0, "combined_reward_sum": 1810.2150799713559, "counter_mismatch_episode": 0, "distributed_potential_reward": -388.4851186501067, "entropy_mean": 0.2991998217999935, "episodes": 20, "episodes_with_updates": 20, "extrinsic_reward_sum": 1810.2150799713556, "intrinsic_reward_sum": 0.0, "policy_loss_mean": 0.008511196775361895, "ratio_mean": 1.0016127288341523, "rnd_loss_mean": 0.0, "scaled_intrinsic_reward_sum": 0.0, "steps": 981, "terminal_reward_residual": 2198.7001986214623, "total_loss_mean": 0.01428965360391885, "value_loss_mean": 0.012155311770038679}, "stage": 2, "stage_name": "hard", "summary": {"aborted": 0, "backtrace_steps": 4265, "backtracks": 8, "decisions": 981, "detected": 20, "episodes": 20, "pi_visits": 497, "redundant": 0}, "sweep": 2}
TRAIN_START stage=hard sweep=2/3 circuit=c6288 difficulty=hard faults=20

#Circuit Summary:
#---------------
#number of inputs = 32
#number of outputs = 32
#number of gates = 2416
#number of wires = 2448
#number of equivalent faults = 7744
TRAIN_RESULT {"circuit": "c6288", "difficulty": "hard", "learning": {"attributed_backtrace_steps": 28912, "attributed_backtracks": 511, "backtrace_event_mismatch": 0, "backtrace_event_mismatch_abs": 0, "backtrack_event_mismatch": 0, "backtrack_event_mismatch_abs": 0, "combined_reward_sum": 2032.0643862080206, "counter_mismatch_episode": 0, "distributed_potential_reward": -207.81764526140125, "entropy_mean": 0.2668679140508175, "episodes": 20, "episodes_with_updates": 20, "extrinsic_reward_sum": 2032.0643862080178, "intrinsic_reward_sum": 0.0, "policy_loss_mean": -0.015914291236549617, "ratio_mean": 1.0061671763658524, "rnd_loss_mean": 0.0, "scaled_intrinsic_reward_sum": 0.0, "steps": 7066, "terminal_reward_residual": 2239.882031469419, "total_loss_mean": 0.08880118047818542, "value_loss_mean": 0.20996467587538065}, "stage": 2, "stage_name": "hard", "summary": {"aborted": 1, "backtrace_steps": 28921, "backtracks": 511, "decisions": 7066, "detected": 19, "episodes": 20, "pi_visits": 1605, "redundant": 0}, "sweep": 2}
TRAIN_START stage=hard sweep=2/3 circuit=s38417_scan difficulty=medium faults=20

#Circuit Summary:
#---------------
#number of inputs = 1664
#number of outputs = 1742
#number of gates = 23319
#number of wires = 24983
#number of equivalent faults = 31180
TRAIN_RESULT {"circuit": "s38417_scan", "difficulty": "medium", "learning": {"attributed_backtrace_steps": 2850, "attributed_backtracks": 0, "backtrace_event_mismatch": 0, "backtrace_event_mismatch_abs": 0, "backtrack_event_mismatch": 0, "backtrack_event_mismatch_abs": 0, "combined_reward_sum": 1976.0520951624837, "counter_mismatch_episode": 0, "distributed_potential_reward": -219.5088686133819, "entropy_mean": 0.2349359966814518, "episodes": 20, "episodes_with_updates": 20, "extrinsic_reward_sum": 1976.0520951624833, "intrinsic_reward_sum": 0.0, "policy_loss_mean": 0.019791898105904693, "ratio_mean": 0.9997180551290512, "rnd_loss_mean": 0.0, "scaled_intrinsic_reward_sum": 0.0, "steps": 451, "terminal_reward_residual": 2195.5609637758653, "total_loss_mean": 0.02063872397884552, "value_loss_mean": 0.002163523685885593}, "stage": 2, "stage_name": "hard", "summary": {"aborted": 0, "backtrace_steps": 2880, "backtracks": 0, "decisions": 451, "detected": 20, "episodes": 20, "pi_visits": 302, "redundant": 0}, "sweep": 2}
TRAIN_START stage=hard sweep=2/3 circuit=c7552 difficulty=medium faults=20

#Circuit Summary:
#---------------
#number of inputs = 207
#number of outputs = 108
#number of gates = 4042
#number of wires = 4249
#number of equivalent faults = 7550
TRAIN_RESULT {"circuit": "c7552", "difficulty": "medium", "learning": {"attributed_backtrace_steps": 11316, "attributed_backtracks": 501, "backtrace_event_mismatch": 0, "backtrace_event_mismatch_abs": 0, "backtrack_event_mismatch": 0, "backtrack_event_mismatch_abs": 0, "combined_reward_sum": 1896.5448565034583, "counter_mismatch_episode": 0, "distributed_potential_reward": -283.09088960272976, "entropy_mean": 0.30013837218284606, "episodes": 20, "episodes_with_updates": 20, "extrinsic_reward_sum": 1896.544856503461, "intrinsic_reward_sum": 0.0, "policy_loss_mean": 0.018731529905926435, "ratio_mean": 1.0092092782258988, "rnd_loss_mean": 0.0, "scaled_intrinsic_reward_sum": 0.0, "steps": 1389, "terminal_reward_residual": 2179.6357461061907, "total_loss_mean": 0.10802751489100046, "value_loss_mean": 0.17919226457597687}, "stage": 2, "stage_name": "hard", "summary": {"aborted": 1, "backtrace_steps": 11331, "backtracks": 501, "decisions": 1389, "detected": 19, "episodes": 20, "pi_visits": 1535, "redundant": 0}, "sweep": 2}
TRAIN_START stage=hard sweep=2/3 circuit=s38417_scan difficulty=hard faults=20

#Circuit Summary:
#---------------
#number of inputs = 1664
#number of outputs = 1742
#number of gates = 23319
#number of wires = 24983
#number of equivalent faults = 31180
TRAIN_RESULT {"circuit": "s38417_scan", "difficulty": "hard", "learning": {"attributed_backtrace_steps": 6419, "attributed_backtracks": 12, "backtrace_event_mismatch": 0, "backtrace_event_mismatch_abs": 0, "backtrack_event_mismatch": 0, "backtrack_event_mismatch_abs": 0, "combined_reward_sum": 2120.960601824884, "counter_mismatch_episode": 0, "distributed_potential_reward": -278.39695009632203, "entropy_mean": 0.4582062721252441, "episodes": 20, "episodes_with_updates": 20, "extrinsic_reward_sum": 2120.960601824884, "intrinsic_reward_sum": 0.0, "policy_loss_mean": -0.04491250505525386, "ratio_mean": 1.0133951425552368, "rnd_loss_mean": 0.0, "scaled_intrinsic_reward_sum": 0.0, "steps": 937, "terminal_reward_residual": 2399.357551921206, "total_loss_mean": -0.039280032902024684, "value_loss_mean": 0.012181353100277192}, "stage": 2, "stage_name": "hard", "summary": {"aborted": 0, "backtrace_steps": 6446, "backtracks": 12, "decisions": 937, "detected": 20, "episodes": 20, "pi_visits": 613, "redundant": 0}, "sweep": 2}
TRAIN_START stage=hard sweep=2/3 circuit=c3540 difficulty=hard faults=20

#Circuit Summary:
#---------------
#number of inputs = 50
#number of outputs = 22
#number of gates = 1983
#number of wires = 2033
#number of equivalent faults = 3428
TRAIN_RESULT {"circuit": "c3540", "difficulty": "hard", "learning": {"attributed_backtrace_steps": 60862, "attributed_backtracks": 2378, "backtrace_event_mismatch": 0, "backtrace_event_mismatch_abs": 0, "backtrack_event_mismatch": 0, "backtrack_event_mismatch_abs": 0, "combined_reward_sum": 1195.064974952901, "counter_mismatch_episode": 0, "distributed_potential_reward": -604.0912607174221, "entropy_mean": 0.5705210879445076, "episodes": 20, "episodes_with_updates": 20, "extrinsic_reward_sum": 1195.0649749528927, "intrinsic_reward_sum": 0.0, "policy_loss_mean": 0.3056908676400781, "ratio_mean": 1.0087442994117737, "rnd_loss_mean": 0.0, "scaled_intrinsic_reward_sum": 0.0, "steps": 5116, "terminal_reward_residual": 1799.1562356703153, "total_loss_mean": 0.6936803033575416, "value_loss_mean": 0.7771199439186602}, "stage": 2, "stage_name": "hard", "summary": {"aborted": 4, "backtrace_steps": 60876, "backtracks": 2378, "decisions": 5116, "detected": 16, "episodes": 20, "pi_visits": 5031, "redundant": 0}, "sweep": 2}
TRAIN_START stage=hard sweep=2/3 circuit=c3540 difficulty=medium faults=20

#Circuit Summary:
#---------------
#number of inputs = 50
#number of outputs = 22
#number of gates = 1983
#number of wires = 2033
#number of equivalent faults = 3428
TRAIN_RESULT {"circuit": "c3540", "difficulty": "medium", "learning": {"attributed_backtrace_steps": 3469, "attributed_backtracks": 22, "backtrace_event_mismatch": 0, "backtrace_event_mismatch_abs": 0, "backtrack_event_mismatch": 0, "backtrack_event_mismatch_abs": 0, "combined_reward_sum": 1924.2152280843288, "counter_mismatch_episode": 0, "distributed_potential_reward": -473.28863584929627, "entropy_mean": 0.5196349024772644, "episodes": 20, "episodes_with_updates": 20, "extrinsic_reward_sum": 1924.215228084329, "intrinsic_reward_sum": 0.0, "policy_loss_mean": -0.03196296996902674, "ratio_mean": 1.0085692912340165, "rnd_loss_mean": 0.0, "scaled_intrinsic_reward_sum": 0.0, "steps": 508, "terminal_reward_residual": 2397.503863933626, "total_loss_mean": -0.019012894947081804, "value_loss_mean": 0.0269394216069486}, "stage": 2, "stage_name": "hard", "summary": {"aborted": 0, "backtrace_steps": 3496, "backtracks": 22, "decisions": 508, "detected": 20, "episodes": 20, "pi_visits": 328, "redundant": 0}, "sweep": 2}
TRAIN_START stage=hard sweep=2/3 circuit=c7552 difficulty=easy faults=20

#Circuit Summary:
#---------------
#number of inputs = 207
#number of outputs = 108
#number of gates = 4042
#number of wires = 4249
#number of equivalent faults = 7550
TRAIN_RESULT {"circuit": "c7552", "difficulty": "easy", "learning": {"attributed_backtrace_steps": 2963, "attributed_backtracks": 3, "backtrace_event_mismatch": 0, "backtrace_event_mismatch_abs": 0, "backtrack_event_mismatch": 0, "backtrack_event_mismatch_abs": 0, "combined_reward_sum": 1960.6746810046861, "counter_mismatch_episode": 0, "distributed_potential_reward": -230.3516588787791, "entropy_mean": 0.3911528497934341, "episodes": 20, "episodes_with_updates": 20, "extrinsic_reward_sum": 1960.6746810046861, "intrinsic_reward_sum": 0.0, "policy_loss_mean": 0.0032049317989731206, "ratio_mean": 1.0003175497055055, "rnd_loss_mean": 0.0, "scaled_intrinsic_reward_sum": 0.0, "steps": 485, "terminal_reward_residual": 2191.026339883465, "total_loss_mean": 0.004472394419281045, "value_loss_mean": 0.003317230968968943}, "stage": 2, "stage_name": "hard", "summary": {"aborted": 0, "backtrace_steps": 2990, "backtracks": 3, "decisions": 485, "detected": 20, "episodes": 20, "pi_visits": 311, "redundant": 0}, "sweep": 2}
TRAIN_START stage=hard sweep=2/3 circuit=c1355 difficulty=easy faults=20

#Circuit Summary:
#---------------
#number of inputs = 41
#number of outputs = 32
#number of gates = 590
#number of wires = 631
#number of equivalent faults = 1574
TRAIN_RESULT {"circuit": "c1355", "difficulty": "easy", "learning": {"attributed_backtrace_steps": 5904, "attributed_backtracks": 5, "backtrace_event_mismatch": 0, "backtrace_event_mismatch_abs": 0, "backtrack_event_mismatch": 0, "backtrack_event_mismatch_abs": 0, "combined_reward_sum": 1909.8155028096492, "counter_mismatch_episode": 0, "distributed_potential_reward": -289.55360159209545, "entropy_mean": 0.391883111000061, "episodes": 20, "episodes_with_updates": 20, "extrinsic_reward_sum": 1909.8155028096487, "intrinsic_reward_sum": 0.0, "policy_loss_mean": 0.028983617597259582, "ratio_mean": 0.9993385195732116, "rnd_loss_mean": 0.0, "scaled_intrinsic_reward_sum": 0.0, "steps": 1109, "terminal_reward_residual": 2199.369104401744, "total_loss_mean": 0.03451944442931563, "value_loss_mean": 0.01185542666935362}, "stage": 2, "stage_name": "hard", "summary": {"aborted": 0, "backtrace_steps": 5923, "backtracks": 5, "decisions": 1109, "detected": 20, "episodes": 20, "pi_visits": 537, "redundant": 0}, "sweep": 2}
TRAIN_START stage=hard sweep=2/3 circuit=c5315 difficulty=hard faults=20

#Circuit Summary:
#---------------
#number of inputs = 178
#number of outputs = 123
#number of gates = 2973
#number of wires = 3151
#number of equivalent faults = 5350
TRAIN_RESULT {"circuit": "c5315", "difficulty": "hard", "learning": {"attributed_backtrace_steps": 4499, "attributed_backtracks": 74, "backtrace_event_mismatch": 0, "backtrace_event_mismatch_abs": 0, "backtrack_event_mismatch": 0, "backtrack_event_mismatch_abs": 0, "combined_reward_sum": 2323.3425700025164, "counter_mismatch_episode": 0, "distributed_potential_reward": -256.28008322503985, "entropy_mean": 0.39596729129552843, "episodes": 20, "episodes_with_updates": 20, "extrinsic_reward_sum": 2323.342570002517, "intrinsic_reward_sum": 0.0, "policy_loss_mean": -0.15306487120687962, "ratio_mean": 1.0091833919286728, "rnd_loss_mean": 0.0, "scaled_intrinsic_reward_sum": 0.0, "steps": 683, "terminal_reward_residual": 2579.622653227557, "total_loss_mean": -0.1381030637770891, "value_loss_mean": 0.0307155484566465}, "stage": 2, "stage_name": "hard", "summary": {"aborted": 0, "backtrace_steps": 4508, "backtracks": 74, "decisions": 683, "detected": 20, "episodes": 20, "pi_visits": 542, "redundant": 0}, "sweep": 2}
TRAIN_START stage=hard sweep=2/3 circuit=c432 difficulty=hard faults=20

#Circuit Summary:
#---------------
#number of inputs = 36
#number of outputs = 7
#number of gates = 288
#number of wires = 324
#number of equivalent faults = 461
TRAIN_RESULT {"circuit": "c432", "difficulty": "hard", "learning": {"attributed_backtrace_steps": 7751, "attributed_backtracks": 510, "backtrace_event_mismatch": 0, "backtrace_event_mismatch_abs": 0, "backtrack_event_mismatch": 0, "backtrack_event_mismatch_abs": 0, "combined_reward_sum": 1867.8891825359929, "counter_mismatch_episode": 0, "distributed_potential_reward": -430.53488667052676, "entropy_mean": 0.39316111505031587, "episodes": 20, "episodes_with_updates": 20, "extrinsic_reward_sum": 1867.889182535996, "intrinsic_reward_sum": 0.0, "policy_loss_mean": 0.08631991054862738, "ratio_mean": 1.0029868453741073, "rnd_loss_mean": 0.0, "scaled_intrinsic_reward_sum": 0.0, "steps": 1338, "terminal_reward_residual": 2298.424069206524, "total_loss_mean": 0.19048439674079418, "value_loss_mean": 0.20911528517026454}, "stage": 2, "stage_name": "hard", "summary": {"aborted": 1, "backtrace_steps": 7766, "backtracks": 510, "decisions": 1338, "detected": 19, "episodes": 20, "pi_visits": 1311, "redundant": 0}, "sweep": 2}
TRAIN_START stage=hard sweep=2/3 circuit=c1908 difficulty=easy faults=20

#Circuit Summary:
#---------------
#number of inputs = 33
#number of outputs = 25
#number of gates = 1056
#number of wires = 1089
#number of equivalent faults = 1876
TRAIN_RESULT {"circuit": "c1908", "difficulty": "easy", "learning": {"attributed_backtrace_steps": 2326, "attributed_backtracks": 1, "backtrace_event_mismatch": 0, "backtrace_event_mismatch_abs": 0, "backtrack_event_mismatch": 0, "backtrack_event_mismatch_abs": 0, "combined_reward_sum": 1895.5299751906443, "counter_mismatch_episode": 0, "distributed_potential_reward": -297.9061307644499, "entropy_mean": 0.3812781199812889, "episodes": 20, "episodes_with_updates": 20, "extrinsic_reward_sum": 1895.5299751906446, "intrinsic_reward_sum": 0.0, "policy_loss_mean": 0.05618363237008452, "ratio_mean": 0.9927570015192032, "rnd_loss_mean": 0.0, "scaled_intrinsic_reward_sum": 0.0, "steps": 342, "terminal_reward_residual": 2193.4361059550947, "total_loss_mean": 0.059999170061200854, "value_loss_mean": 0.008393631677608936}, "stage": 2, "stage_name": "hard", "summary": {"aborted": 0, "backtrace_steps": 2355, "backtracks": 1, "decisions": 342, "detected": 20, "episodes": 20, "pi_visits": 249, "redundant": 0}, "sweep": 2}
TRAIN_START stage=hard sweep=2/3 circuit=c5315 difficulty=easy faults=20

#Circuit Summary:
#---------------
#number of inputs = 178
#number of outputs = 123
#number of gates = 2973
#number of wires = 3151
#number of equivalent faults = 5350
TRAIN_RESULT {"circuit": "c5315", "difficulty": "easy", "learning": {"attributed_backtrace_steps": 687, "attributed_backtracks": 0, "backtrace_event_mismatch": 0, "backtrace_event_mismatch_abs": 0, "backtrack_event_mismatch": 0, "backtrack_event_mismatch_abs": 0, "combined_reward_sum": 1996.4679051107623, "counter_mismatch_episode": 0, "distributed_potential_reward": -173.42794048737574, "entropy_mean": 0.3927134606573317, "episodes": 20, "episodes_with_updates": 18, "extrinsic_reward_sum": 1996.4679051107626, "intrinsic_reward_sum": 0.0, "policy_loss_mean": 0.019234498393618397, "ratio_mean": 0.9982120825184716, "rnd_loss_mean": 0.0, "scaled_intrinsic_reward_sum": 0.0, "steps": 134, "terminal_reward_residual": 2169.8958455981383, "total_loss_mean": 0.019411530914819904, "value_loss_mean": 0.001139492608167024}, "stage": 2, "stage_name": "hard", "summary": {"aborted": 0, "backtrace_steps": 726, "backtracks": 0, "decisions": 134, "detected": 20, "episodes": 20, "pi_visits": 139, "redundant": 0}, "sweep": 2}
TRAIN_START stage=hard sweep=2/3 circuit=c499 difficulty=hard faults=20

#Circuit Summary:
#---------------
#number of inputs = 41
#number of outputs = 32
#number of gates = 662
#number of wires = 703
#number of equivalent faults = 534
TRAIN_RESULT {"circuit": "c499", "difficulty": "hard", "learning": {"attributed_backtrace_steps": 32908, "attributed_backtracks": 2325, "backtrace_event_mismatch": 0, "backtrace_event_mismatch_abs": 0, "backtrack_event_mismatch": 0, "backtrack_event_mismatch_abs": 0, "combined_reward_sum": 1262.9880688719747, "counter_mismatch_episode": 0, "distributed_potential_reward": -357.011931128028, "entropy_mean": 0.3539221197366714, "episodes": 20, "episodes_with_updates": 20, "extrinsic_reward_sum": 1262.9880688719736, "intrinsic_reward_sum": 0.0, "policy_loss_mean": 0.30029154001967984, "ratio_mean": 0.9997186213731766, "rnd_loss_mean": 0.0, "scaled_intrinsic_reward_sum": 0.0, "steps": 3933, "terminal_reward_residual": 1620.0000000000016, "total_loss_mean": 0.6689413871034049, "value_loss_mean": 0.7380075069289888}, "stage": 2, "stage_name": "hard", "summary": {"aborted": 4, "backtrace_steps": 32908, "backtracks": 2325, "decisions": 3933, "detected": 16, "episodes": 20, "pi_visits": 5412, "redundant": 0}, "sweep": 2}
TRAIN_START stage=hard sweep=2/3 circuit=c6288 difficulty=medium faults=20

#Circuit Summary:
#---------------
#number of inputs = 32
#number of outputs = 32
#number of gates = 2416
#number of wires = 2448
#number of equivalent faults = 7744
TRAIN_RESULT {"circuit": "c6288", "difficulty": "medium", "learning": {"attributed_backtrace_steps": 34560, "attributed_backtracks": 838, "backtrace_event_mismatch": 0, "backtrace_event_mismatch_abs": 0, "backtrack_event_mismatch": 0, "backtrack_event_mismatch_abs": 0, "combined_reward_sum": 1450.419506177311, "counter_mismatch_episode": 0, "distributed_potential_reward": -549.5804938226928, "entropy_mean": 0.252641549706459, "episodes": 20, "episodes_with_updates": 20, "extrinsic_reward_sum": 1450.419506177309, "intrinsic_reward_sum": 0.0, "policy_loss_mean": 0.05589806037023663, "ratio_mean": 1.000232771039009, "rnd_loss_mean": 0.0, "scaled_intrinsic_reward_sum": 0.0, "steps": 4769, "terminal_reward_residual": 2000.0000000000018, "total_loss_mean": 0.1510980905033648, "value_loss_mean": 0.19090533710550517}, "stage": 2, "stage_name": "hard", "summary": {"aborted": 1, "backtrace_steps": 34560, "backtracks": 838, "decisions": 4769, "detected": 19, "episodes": 20, "pi_visits": 2197, "redundant": 0}, "sweep": 2}
TRAIN_START stage=hard sweep=2/3 circuit=c1355 difficulty=medium faults=20

#Circuit Summary:
#---------------
#number of inputs = 41
#number of outputs = 32
#number of gates = 590
#number of wires = 631
#number of equivalent faults = 1574
TRAIN_RESULT {"circuit": "c1355", "difficulty": "medium", "learning": {"attributed_backtrace_steps": 8704, "attributed_backtracks": 14, "backtrace_event_mismatch": 0, "backtrace_event_mismatch_abs": 0, "backtrack_event_mismatch": 0, "backtrack_event_mismatch_abs": 0, "combined_reward_sum": 1830.9865930266342, "counter_mismatch_episode": 0, "distributed_potential_reward": -448.56682119463306, "entropy_mean": 0.30771689414978026, "episodes": 20, "episodes_with_updates": 20, "extrinsic_reward_sum": 1830.9865930266342, "intrinsic_reward_sum": 0.0, "policy_loss_mean": -0.005126382037997246, "ratio_mean": 1.0004671454429626, "rnd_loss_mean": 0.0, "scaled_intrinsic_reward_sum": 0.0, "steps": 1589, "terminal_reward_residual": 2279.553414221267, "total_loss_mean": 0.0074516251683235165, "value_loss_mean": 0.025771452486515044}, "stage": 2, "stage_name": "hard", "summary": {"aborted": 0, "backtrace_steps": 8727, "backtracks": 14, "decisions": 1589, "detected": 20, "episodes": 20, "pi_visits": 825, "redundant": 0}, "sweep": 2}
TRAIN_START stage=hard sweep=2/3 circuit=c432 difficulty=medium faults=20

#Circuit Summary:
#---------------
#number of inputs = 36
#number of outputs = 7
#number of gates = 288
#number of wires = 324
#number of equivalent faults = 461
TRAIN_RESULT {"circuit": "c432", "difficulty": "medium", "learning": {"attributed_backtrace_steps": 1600, "attributed_backtracks": 1, "backtrace_event_mismatch": 0, "backtrace_event_mismatch_abs": 0, "backtrack_event_mismatch": 0, "backtrack_event_mismatch_abs": 0, "combined_reward_sum": 1991.4785406675567, "counter_mismatch_episode": 0, "distributed_potential_reward": -204.24264006851013, "entropy_mean": 0.26440140455961225, "episodes": 20, "episodes_with_updates": 20, "extrinsic_reward_sum": 1991.478540667557, "intrinsic_reward_sum": 0.0, "policy_loss_mean": -0.07199638597667217, "ratio_mean": 1.0021062403917314, "rnd_loss_mean": 0.0, "scaled_intrinsic_reward_sum": 0.0, "steps": 513, "terminal_reward_residual": 2195.721180736067, "total_loss_mean": -0.06914724037051201, "value_loss_mean": 0.006227098382078111}, "stage": 2, "stage_name": "hard", "summary": {"aborted": 0, "backtrace_steps": 1634, "backtracks": 1, "decisions": 513, "detected": 20, "episodes": 20, "pi_visits": 259, "redundant": 0}, "sweep": 2}

#Circuit Summary:
#---------------
#number of inputs = 36
#number of outputs = 7
#number of gates = 288
#number of wires = 324
#number of equivalent faults = 461

#Circuit Summary:
#---------------
#number of inputs = 41
#number of outputs = 32
#number of gates = 662
#number of wires = 703
#number of equivalent faults = 534

#Circuit Summary:
#---------------
#number of inputs = 41
#number of outputs = 32
#number of gates = 590
#number of wires = 631
#number of equivalent faults = 1574

#Circuit Summary:
#---------------
#number of inputs = 33
#number of outputs = 25
#number of gates = 1056
#number of wires = 1089
#number of equivalent faults = 1876

#Circuit Summary:
#---------------
#number of inputs = 157
#number of outputs = 64
#number of gates = 1400
#number of wires = 1557
#number of equivalent faults = 2595

#Circuit Summary:
#---------------
#number of inputs = 50
#number of outputs = 22
#number of gates = 1983
#number of wires = 2033
#number of equivalent faults = 3428

#Circuit Summary:
#---------------
#number of inputs = 178
#number of outputs = 123
#number of gates = 2973
#number of wires = 3151
#number of equivalent faults = 5350

#Circuit Summary:
#---------------
#number of inputs = 207
#number of outputs = 108
#number of gates = 4042
#number of wires = 4249
#number of equivalent faults = 7550

#Circuit Summary:
#---------------
#number of inputs = 32
#number of outputs = 32
#number of gates = 2416
#number of wires = 2448
#number of equivalent faults = 7744

#Circuit Summary:
#---------------
#number of inputs = 1664
#number of outputs = 1742
#number of gates = 23319
#number of wires = 24983
#number of equivalent faults = 31180
VALIDATION selection=kept {"aggregate": {"aborted": 10, "decisions": 29702, "detected": 490, "mean_backtrace_ratio": 1.274540779588563, "mean_backtrack_ratio": 1.1615778754337391, "score": [-490, 10, 1.1615778754337391, 1.274540779588563, 29702]}, "circuits": {"c1355": {"aborted": 0, "backtrace_steps": 18705, "backtracks": 8, "decisions": 3225, "detected": 50, "episodes": 50, "pi_visits": 1777, "redundant": 0}, "c1908": {"aborted": 0, "backtrace_steps": 14395, "backtracks": 6, "decisions": 1610, "detected": 50, "episodes": 50, "pi_visits": 991, "redundant": 0}, "c2670": {"aborted": 3, "backtrace_steps": 23944, "backtracks": 1513, "decisions": 2509, "detected": 47, "episodes": 50, "pi_visits": 3762, "redundant": 0}, "c3540": {"aborted": 2, "backtrace_steps": 41461, "backtracks": 1501, "decisions": 4037, "detected": 48, "episodes": 50, "pi_visits": 3739, "redundant": 0}, "c432": {"aborted": 2, "backtrace_steps": 14268, "backtracks": 1004, "decisions": 2687, "detected": 48, "episodes": 50, "pi_visits": 2594, "redundant": 0}, "c499": {"aborted": 0, "backtrace_steps": 21698, "backtracks": 1, "decisions": 3245, "detected": 50, "episodes": 50, "pi_visits": 1813, "redundant": 0}, "c5315": {"aborted": 0, "backtrace_steps": 6431, "backtracks": 1, "decisions": 1037, "detected": 50, "episodes": 50, "pi_visits": 725, "redundant": 0}, "c6288": {"aborted": 3, "backtrace_steps": 59225, "backtracks": 1833, "decisions": 8512, "detected": 47, "episodes": 50, "pi_visits": 4879, "redundant": 0}, "c7552": {"aborted": 0, "backtrace_steps": 11420, "backtracks": 50, "decisions": 1805, "detected": 50, "episodes": 50, "pi_visits": 1137, "redundant": 0}, "s38417_scan": {"aborted": 0, "backtrace_steps": 7007, "backtracks": 5, "decisions": 1035, "detected": 50, "episodes": 50, "pi_visits": 686, "redundant": 0}}, "label": "hard_sweep_2"}
TRAIN_START stage=hard sweep=3/3 circuit=s38417_scan difficulty=hard faults=20

#Circuit Summary:
#---------------
#number of inputs = 1664
#number of outputs = 1742
#number of gates = 23319
#number of wires = 24983
#number of equivalent faults = 31180
TRAIN_RESULT {"circuit": "s38417_scan", "difficulty": "hard", "learning": {"attributed_backtrace_steps": 7373, "attributed_backtracks": 7, "backtrace_event_mismatch": 0, "backtrace_event_mismatch_abs": 0, "backtrack_event_mismatch": 0, "backtrack_event_mismatch_abs": 0, "combined_reward_sum": 2160.2519300360273, "counter_mismatch_episode": 0, "distributed_potential_reward": -239.10562188517866, "entropy_mean": 0.28846796676516534, "episodes": 20, "episodes_with_updates": 20, "extrinsic_reward_sum": 2160.2519300360273, "intrinsic_reward_sum": 0.0, "policy_loss_mean": -0.10018191165290773, "ratio_mean": 1.0054200083017348, "rnd_loss_mean": 0.0, "scaled_intrinsic_reward_sum": 0.0, "steps": 1133, "terminal_reward_residual": 2399.357551921206, "total_loss_mean": -0.08843753677792847, "value_loss_mean": 0.024065680472995156}, "stage": 2, "stage_name": "hard", "summary": {"aborted": 0, "backtrace_steps": 7400, "backtracks": 7, "decisions": 1133, "detected": 20, "episodes": 20, "pi_visits": 699, "redundant": 0}, "sweep": 3}
TRAIN_START stage=hard sweep=3/3 circuit=c5315 difficulty=medium faults=20

#Circuit Summary:
#---------------
#number of inputs = 178
#number of outputs = 123
#number of gates = 2973
#number of wires = 3151
#number of equivalent faults = 5350
TRAIN_RESULT {"circuit": "c5315", "difficulty": "medium", "learning": {"attributed_backtrace_steps": 2789, "attributed_backtracks": 0, "backtrace_event_mismatch": 0, "backtrace_event_mismatch_abs": 0, "backtrack_event_mismatch": 0, "backtrack_event_mismatch_abs": 0, "combined_reward_sum": 2007.429358349298, "counter_mismatch_episode": 0, "distributed_potential_reward": -189.37562987217552, "entropy_mean": 0.20667290985584258, "episodes": 20, "episodes_with_updates": 20, "extrinsic_reward_sum": 2007.4293583492977, "intrinsic_reward_sum": 0.0, "policy_loss_mean": 0.02440648894989863, "ratio_mean": 0.9988450318574905, "rnd_loss_mean": 0.0, "scaled_intrinsic_reward_sum": 0.0, "steps": 478, "terminal_reward_residual": 2196.8049882214736, "total_loss_mean": 0.02521714980248362, "value_loss_mean": 0.0020346695448097306}, "stage": 2, "stage_name": "hard", "summary": {"aborted": 0, "backtrace_steps": 2829, "backtracks": 0, "decisions": 478, "detected": 20, "episodes": 20, "pi_visits": 342, "redundant": 0}, "sweep": 3}
TRAIN_START stage=hard sweep=3/3 circuit=c7552 difficulty=easy faults=20

#Circuit Summary:
#---------------
#number of inputs = 207
#number of outputs = 108
#number of gates = 4042
#number of wires = 4249
#number of equivalent faults = 7550
TRAIN_RESULT {"circuit": "c7552", "difficulty": "easy", "learning": {"attributed_backtrace_steps": 2367, "attributed_backtracks": 0, "backtrace_event_mismatch": 0, "backtrace_event_mismatch_abs": 0, "backtrack_event_mismatch": 0, "backtrack_event_mismatch_abs": 0, "combined_reward_sum": 1983.749650780705, "counter_mismatch_episode": 0, "distributed_potential_reward": -187.62086533232463, "entropy_mean": 0.1950661080578963, "episodes": 20, "episodes_with_updates": 18, "extrinsic_reward_sum": 1983.7496507807048, "intrinsic_reward_sum": 0.0, "policy_loss_mean": 0.016149364955102403, "ratio_mean": 0.9977022078302171, "rnd_loss_mean": 0.0, "scaled_intrinsic_reward_sum": 0.0, "steps": 401, "terminal_reward_residual": 2171.370516113029, "total_loss_mean": 0.016805965699151985, "value_loss_mean": 0.0017033346440358502}, "stage": 2, "stage_name": "hard", "summary": {"aborted": 0, "backtrace_steps": 2388, "backtracks": 0, "decisions": 401, "detected": 20, "episodes": 20, "pi_visits": 259, "redundant": 0}, "sweep": 3}
TRAIN_START stage=hard sweep=3/3 circuit=c1355 difficulty=hard faults=20

#Circuit Summary:
#---------------
#number of inputs = 41
#number of outputs = 32
#number of gates = 590
#number of wires = 631
#number of equivalent faults = 1574
TRAIN_RESULT {"circuit": "c1355", "difficulty": "hard", "learning": {"attributed_backtrace_steps": 26475, "attributed_backtracks": 1806, "backtrace_event_mismatch": 0, "backtrace_event_mismatch_abs": 0, "backtrack_event_mismatch": 0, "backtrack_event_mismatch_abs": 0, "combined_reward_sum": 1565.5542276408203, "counter_mismatch_episode": 0, "distributed_potential_reward": -434.31731441892754, "entropy_mean": 0.1674630142748356, "episodes": 20, "episodes_with_updates": 20, "extrinsic_reward_sum": 1565.55422764081, "intrinsic_reward_sum": 0.0, "policy_loss_mean": 0.1422798853367567, "ratio_mean": 1.0007574886083603, "rnd_loss_mean": 0.0, "scaled_intrinsic_reward_sum": 0.0, "steps": 4736, "terminal_reward_residual": 1999.8715420597375, "total_loss_mean": 0.430712054669857, "value_loss_mean": 0.577199228014797}, "stage": 2, "stage_name": "hard", "summary": {"aborted": 3, "backtrace_steps": 26485, "backtracks": 1806, "decisions": 4736, "detected": 17, "episodes": 20, "pi_visits": 4345, "redundant": 0}, "sweep": 3}
TRAIN_START stage=hard sweep=3/3 circuit=c499 difficulty=easy faults=20

#Circuit Summary:
#---------------
#number of inputs = 41
#number of outputs = 32
#number of gates = 662
#number of wires = 703
#number of equivalent faults = 534
TRAIN_RESULT {"circuit": "c499", "difficulty": "easy", "learning": {"attributed_backtrace_steps": 8848, "attributed_backtracks": 2, "backtrace_event_mismatch": 0, "backtrace_event_mismatch_abs": 0, "backtrack_event_mismatch": 0, "backtrack_event_mismatch_abs": 0, "combined_reward_sum": 1831.7253371828165, "counter_mismatch_episode": 0, "distributed_potential_reward": -367.9144164663298, "entropy_mean": 0.119143370911479, "episodes": 20, "episodes_with_updates": 20, "extrinsic_reward_sum": 1831.7253371828165, "intrinsic_reward_sum": 0.0, "policy_loss_mean": 0.02773015758721158, "ratio_mean": 0.9990442007780075, "rnd_loss_mean": 0.0, "scaled_intrinsic_reward_sum": 0.0, "steps": 1223, "terminal_reward_residual": 2199.6397536491463, "total_loss_mean": 0.03275410632486455, "value_loss_mean": 0.010286182799609378}, "stage": 2, "stage_name": "hard", "summary": {"aborted": 0, "backtrace_steps": 8863, "backtracks": 2, "decisions": 1223, "detected": 20, "episodes": 20, "pi_visits": 679, "redundant": 0}, "sweep": 3}
TRAIN_START stage=hard sweep=3/3 circuit=c499 difficulty=hard faults=20

#Circuit Summary:
#---------------
#number of inputs = 41
#number of outputs = 32
#number of gates = 662
#number of wires = 703
#number of equivalent faults = 534
TRAIN_RESULT {"circuit": "c499", "difficulty": "hard", "learning": {"attributed_backtrace_steps": 32154, "attributed_backtracks": 2291, "backtrace_event_mismatch": 0, "backtrace_event_mismatch_abs": 0, "backtrack_event_mismatch": 0, "backtrack_event_mismatch_abs": 0, "combined_reward_sum": 1375.6542723822158, "counter_mismatch_episode": 0, "distributed_potential_reward": -244.34572761778776, "entropy_mean": 0.16111265905201436, "episodes": 20, "episodes_with_updates": 20, "extrinsic_reward_sum": 1375.654272382214, "intrinsic_reward_sum": 0.0, "policy_loss_mean": 0.2754021104745334, "ratio_mean": 1.0012135624885559, "rnd_loss_mean": 0.0, "scaled_intrinsic_reward_sum": 0.0, "steps": 3884, "terminal_reward_residual": 1620.000000000002, "total_loss_mean": 0.6411510152334813, "value_loss_mean": 0.7318200088076992}, "stage": 2, "stage_name": "hard", "summary": {"aborted": 4, "backtrace_steps": 32154, "backtracks": 2291, "decisions": 3884, "detected": 16, "episodes": 20, "pi_visits": 5347, "redundant": 0}, "sweep": 3}
TRAIN_START stage=hard sweep=3/3 circuit=c2670 difficulty=easy faults=20

#Circuit Summary:
#---------------
#number of inputs = 157
#number of outputs = 64
#number of gates = 1400
#number of wires = 1557
#number of equivalent faults = 2595
TRAIN_RESULT {"circuit": "c2670", "difficulty": "easy", "learning": {"attributed_backtrace_steps": 570, "attributed_backtracks": 0, "backtrace_event_mismatch": 0, "backtrace_event_mismatch_abs": 0, "backtrack_event_mismatch": 0, "backtrack_event_mismatch_abs": 0, "combined_reward_sum": 1999.58066618173, "counter_mismatch_episode": 0, "distributed_potential_reward": -146.16919568085768, "entropy_mean": 0.17021178314462304, "episodes": 20, "episodes_with_updates": 16, "extrinsic_reward_sum": 1999.58066618173, "intrinsic_reward_sum": 0.0, "policy_loss_mean": -0.048978197039105, "ratio_mean": 1.0052363611757755, "rnd_loss_mean": 0.0, "scaled_intrinsic_reward_sum": 0.0, "steps": 113, "terminal_reward_residual": 2145.7498618625877, "total_loss_mean": -0.04749412281671539, "value_loss_mean": 0.0033085712138927192}, "stage": 2, "stage_name": "hard", "summary": {"aborted": 0, "backtrace_steps": 608, "backtracks": 0, "decisions": 113, "detected": 20, "episodes": 20, "pi_visits": 129, "redundant": 0}, "sweep": 3}
TRAIN_START stage=hard sweep=3/3 circuit=c432 difficulty=medium faults=20

#Circuit Summary:
#---------------
#number of inputs = 36
#number of outputs = 7
#number of gates = 288
#number of wires = 324
#number of equivalent faults = 461
TRAIN_RESULT {"circuit": "c432", "difficulty": "medium", "learning": {"attributed_backtrace_steps": 1457, "attributed_backtracks": 0, "backtrace_event_mismatch": 0, "backtrace_event_mismatch_abs": 0, "backtrack_event_mismatch": 0, "backtrack_event_mismatch_abs": 0, "combined_reward_sum": 2026.2277753602852, "counter_mismatch_episode": 0, "distributed_potential_reward": -170.1053446016755, "entropy_mean": 0.1691069632768631, "episodes": 20, "episodes_with_updates": 20, "extrinsic_reward_sum": 2026.2277753602852, "intrinsic_reward_sum": 0.0, "policy_loss_mean": -0.04833978684619069, "ratio_mean": 1.001180186867714, "rnd_loss_mean": 0.0, "scaled_intrinsic_reward_sum": 0.0, "steps": 465, "terminal_reward_residual": 2196.3331199619606, "total_loss_mean": -0.04700049506500363, "value_loss_mean": 0.0030167990538757295}, "stage": 2, "stage_name": "hard", "summary": {"aborted": 0, "backtrace_steps": 1487, "backtracks": 0, "decisions": 465, "detected": 20, "episodes": 20, "pi_visits": 239, "redundant": 0}, "sweep": 3}
TRAIN_START stage=hard sweep=3/3 circuit=c2670 difficulty=hard faults=20

#Circuit Summary:
#---------------
#number of inputs = 157
#number of outputs = 64
#number of gates = 1400
#number of wires = 1557
#number of equivalent faults = 2595
TRAIN_RESULT {"circuit": "c2670", "difficulty": "hard", "learning": {"attributed_backtrace_steps": 42187, "attributed_backtracks": 3141, "backtrace_event_mismatch": 0, "backtrace_event_mismatch_abs": 0, "backtrack_event_mismatch": 0, "backtrack_event_mismatch_abs": 0, "combined_reward_sum": 466.64094298627776, "counter_mismatch_episode": 0, "distributed_potential_reward": -812.6103606568719, "entropy_mean": 0.20497817769646645, "episodes": 20, "episodes_with_updates": 20, "extrinsic_reward_sum": 466.64094298628254, "intrinsic_reward_sum": 0.0, "policy_loss_mean": 0.4817500746343285, "ratio_mean": 1.0005410104990005, "rnd_loss_mean": 0.0, "scaled_intrinsic_reward_sum": 0.0, "steps": 4639, "terminal_reward_residual": 1279.251303643154, "total_loss_mean": 1.011673149559647, "value_loss_mean": 1.0602561042178422}, "stage": 2, "stage_name": "hard", "summary": {"aborted": 6, "backtrace_steps": 42210, "backtracks": 3141, "decisions": 4639, "detected": 14, "episodes": 20, "pi_visits": 6755, "redundant": 0}, "sweep": 3}
TRAIN_START stage=hard sweep=3/3 circuit=c3540 difficulty=medium faults=20

#Circuit Summary:
#---------------
#number of inputs = 50
#number of outputs = 22
#number of gates = 1983
#number of wires = 2033
#number of equivalent faults = 3428
TRAIN_RESULT {"circuit": "c3540", "difficulty": "medium", "learning": {"attributed_backtrace_steps": 5831, "attributed_backtracks": 29, "backtrace_event_mismatch": 0, "backtrace_event_mismatch_abs": 0, "backtrack_event_mismatch": 0, "backtrack_event_mismatch_abs": 0, "combined_reward_sum": 1953.200544404637, "counter_mismatch_episode": 0, "distributed_potential_reward": -384.67632752200353, "entropy_mean": 0.2284069649875164, "episodes": 20, "episodes_with_updates": 20, "extrinsic_reward_sum": 1953.2005444046367, "intrinsic_reward_sum": 0.0, "policy_loss_mean": -0.13664894960820675, "ratio_mean": 1.0089056193828583, "rnd_loss_mean": 0.0, "scaled_intrinsic_reward_sum": 0.0, "steps": 731, "terminal_reward_residual": 2337.8768719266404, "total_loss_mean": -0.11554855741560459, "value_loss_mean": 0.04265759226400405}, "stage": 2, "stage_name": "hard", "summary": {"aborted": 0, "backtrace_steps": 5863, "backtracks": 29, "decisions": 731, "detected": 20, "episodes": 20, "pi_visits": 445, "redundant": 0}, "sweep": 3}
TRAIN_START stage=hard sweep=3/3 circuit=c499 difficulty=medium faults=20

#Circuit Summary:
#---------------
#number of inputs = 41
#number of outputs = 32
#number of gates = 662
#number of wires = 703
#number of equivalent faults = 534
TRAIN_RESULT {"circuit": "c499", "difficulty": "medium", "learning": {"attributed_backtrace_steps": 9702, "attributed_backtracks": 1, "backtrace_event_mismatch": 0, "backtrace_event_mismatch_abs": 0, "backtrack_event_mismatch": 0, "backtrack_event_mismatch_abs": 0, "combined_reward_sum": 1991.2939866164263, "counter_mismatch_episode": 0, "distributed_potential_reward": -208.6858113633716, "entropy_mean": 0.3488856852054596, "episodes": 20, "episodes_with_updates": 20, "extrinsic_reward_sum": 1991.2939866164263, "intrinsic_reward_sum": 0.0, "policy_loss_mean": -0.05914187468588352, "ratio_mean": 1.0008860528469086, "rnd_loss_mean": 0.0, "scaled_intrinsic_reward_sum": 0.0, "steps": 1414, "terminal_reward_residual": 2199.979797979798, "total_loss_mean": -0.056426283717155454, "value_loss_mean": 0.006128951231949032}, "stage": 2, "stage_name": "hard", "summary": {"aborted": 0, "backtrace_steps": 9703, "backtracks": 1, "decisions": 1414, "detected": 20, "episodes": 20, "pi_visits": 821, "redundant": 0}, "sweep": 3}
TRAIN_START stage=hard sweep=3/3 circuit=c7552 difficulty=medium faults=20

#Circuit Summary:
#---------------
#number of inputs = 207
#number of outputs = 108
#number of gates = 4042
#number of wires = 4249
#number of equivalent faults = 7550
TRAIN_RESULT {"circuit": "c7552", "difficulty": "medium", "learning": {"attributed_backtrace_steps": 7647, "attributed_backtracks": 7, "backtrace_event_mismatch": 0, "backtrace_event_mismatch_abs": 0, "backtrack_event_mismatch": 0, "backtrack_event_mismatch_abs": 0, "combined_reward_sum": 1991.2892739003587, "counter_mismatch_episode": 0, "distributed_potential_reward": -288.11639577417554, "entropy_mean": 0.25519212484359743, "episodes": 20, "episodes_with_updates": 20, "extrinsic_reward_sum": 1991.2892739003587, "intrinsic_reward_sum": 0.0, "policy_loss_mean": -0.04959923599381, "ratio_mean": 1.0009347647428513, "rnd_loss_mean": 0.0, "scaled_intrinsic_reward_sum": 0.0, "steps": 1137, "terminal_reward_residual": 2279.4056696745342, "total_loss_mean": -0.03905518506653607, "value_loss_mean": 0.02159848531591706}, "stage": 2, "stage_name": "hard", "summary": {"aborted": 0, "backtrace_steps": 7668, "backtracks": 7, "decisions": 1137, "detected": 20, "episodes": 20, "pi_visits": 674, "redundant": 0}, "sweep": 3}
TRAIN_START stage=hard sweep=3/3 circuit=s38417_scan difficulty=easy faults=20

#Circuit Summary:
#---------------
#number of inputs = 1664
#number of outputs = 1742
#number of gates = 23319
#number of wires = 24983
#number of equivalent faults = 31180
TRAIN_RESULT {"circuit": "s38417_scan", "difficulty": "easy", "learning": {"attributed_backtrace_steps": 85, "attributed_backtracks": 0, "backtrace_event_mismatch": 0, "backtrace_event_mismatch_abs": 0, "backtrack_event_mismatch": 0, "backtrack_event_mismatch_abs": 0, "combined_reward_sum": 1998.3333333333333, "counter_mismatch_episode": 0, "distributed_potential_reward": -92.62745098039215, "entropy_mean": 0.2083337398675772, "episodes": 20, "episodes_with_updates": 13, "extrinsic_reward_sum": 1998.3333333333333, "intrinsic_reward_sum": 0.0, "policy_loss_mean": 0.013950139640096145, "ratio_mean": 1.0020362643095164, "rnd_loss_mean": 0.0, "scaled_intrinsic_reward_sum": 0.0, "steps": 20, "terminal_reward_residual": 2090.9607843137255, "total_loss_mean": 0.013918641450940274, "value_loss_mean": 0.0003536705256780036}, "stage": 2, "stage_name": "hard", "summary": {"aborted": 0, "backtrace_steps": 138, "backtracks": 0, "decisions": 20, "detected": 20, "episodes": 20, "pi_visits": 66, "redundant": 0}, "sweep": 3}
TRAIN_START stage=hard sweep=3/3 circuit=c1908 difficulty=easy faults=20

#Circuit Summary:
#---------------
#number of inputs = 33
#number of outputs = 25
#number of gates = 1056
#number of wires = 1089
#number of equivalent faults = 1876
TRAIN_RESULT {"circuit": "c1908", "difficulty": "easy", "learning": {"attributed_backtrace_steps": 2407, "attributed_backtracks": 1, "backtrace_event_mismatch": 0, "backtrace_event_mismatch_abs": 0, "backtrack_event_mismatch": 0, "backtrack_event_mismatch_abs": 0, "combined_reward_sum": 1872.8417139248781, "counter_mismatch_episode": 0, "distributed_potential_reward": -316.58619290891096, "entropy_mean": 0.2889512874186039, "episodes": 20, "episodes_with_updates": 20, "extrinsic_reward_sum": 1872.8417139248784, "intrinsic_reward_sum": 0.0, "policy_loss_mean": 0.003078665235079825, "ratio_mean": 1.001679739356041, "rnd_loss_mean": 0.0, "scaled_intrinsic_reward_sum": 0.0, "steps": 345, "terminal_reward_residual": 2189.4279068337887, "total_loss_mean": 0.00607032619882375, "value_loss_mean": 0.00656122307991609}, "stage": 2, "stage_name": "hard", "summary": {"aborted": 0, "backtrace_steps": 2446, "backtracks": 1, "decisions": 345, "detected": 20, "episodes": 20, "pi_visits": 243, "redundant": 0}, "sweep": 3}
TRAIN_START stage=hard sweep=3/3 circuit=c5315 difficulty=hard faults=20

#Circuit Summary:
#---------------
#number of inputs = 178
#number of outputs = 123
#number of gates = 2973
#number of wires = 3151
#number of equivalent faults = 5350
TRAIN_RESULT {"circuit": "c5315", "difficulty": "hard", "learning": {"attributed_backtrace_steps": 4053, "attributed_backtracks": 24, "backtrace_event_mismatch": 0, "backtrace_event_mismatch_abs": 0, "backtrack_event_mismatch": 0, "backtrack_event_mismatch_abs": 0, "combined_reward_sum": 2334.056168087627, "counter_mismatch_episode": 0, "distributed_potential_reward": -245.56648513992914, "entropy_mean": 0.3314148411154747, "episodes": 20, "episodes_with_updates": 20, "extrinsic_reward_sum": 2334.0561680876276, "intrinsic_reward_sum": 0.0, "policy_loss_mean": -0.1486450394615531, "ratio_mean": 1.0101567775011062, "rnd_loss_mean": 0.0, "scaled_intrinsic_reward_sum": 0.0, "steps": 602, "terminal_reward_residual": 2579.6226532275573, "total_loss_mean": -0.1294764233753085, "value_loss_mean": 0.039000059571117164}, "stage": 2, "stage_name": "hard", "summary": {"aborted": 0, "backtrace_steps": 4062, "backtracks": 24, "decisions": 602, "detected": 20, "episodes": 20, "pi_visits": 437, "redundant": 0}, "sweep": 3}
TRAIN_START stage=hard sweep=3/3 circuit=c432 difficulty=easy faults=20

#Circuit Summary:
#---------------
#number of inputs = 36
#number of outputs = 7
#number of gates = 288
#number of wires = 324
#number of equivalent faults = 461
TRAIN_RESULT {"circuit": "c432", "difficulty": "easy", "learning": {"attributed_backtrace_steps": 881, "attributed_backtracks": 1, "backtrace_event_mismatch": 0, "backtrace_event_mismatch_abs": 0, "backtrack_event_mismatch": 0, "backtrack_event_mismatch_abs": 0, "combined_reward_sum": 1971.608781904066, "counter_mismatch_episode": 0, "distributed_potential_reward": -225.10365552504805, "entropy_mean": 0.31662150099873543, "episodes": 20, "episodes_with_updates": 20, "extrinsic_reward_sum": 1971.608781904066, "intrinsic_reward_sum": 0.0, "policy_loss_mean": 0.06228117104619742, "ratio_mean": 0.9966349184513092, "rnd_loss_mean": 0.0, "scaled_intrinsic_reward_sum": 0.0, "steps": 327, "terminal_reward_residual": 2196.7124374291143, "total_loss_mean": 0.065788634121418, "value_loss_mean": 0.007648164860438555}, "stage": 2, "stage_name": "hard", "summary": {"aborted": 0, "backtrace_steps": 896, "backtracks": 1, "decisions": 327, "detected": 20, "episodes": 20, "pi_visits": 199, "redundant": 0}, "sweep": 3}
TRAIN_START stage=hard sweep=3/3 circuit=c6288 difficulty=medium faults=20

#Circuit Summary:
#---------------
#number of inputs = 32
#number of outputs = 32
#number of gates = 2416
#number of wires = 2448
#number of equivalent faults = 7744
TRAIN_RESULT {"circuit": "c6288", "difficulty": "medium", "learning": {"attributed_backtrace_steps": 19746, "attributed_backtracks": 509, "backtrace_event_mismatch": 0, "backtrace_event_mismatch_abs": 0, "backtrack_event_mismatch": 0, "backtrack_event_mismatch_abs": 0, "combined_reward_sum": 1547.3630188868294, "counter_mismatch_episode": 0, "distributed_potential_reward": -452.61886517114056, "entropy_mean": 0.4687163457274437, "episodes": 20, "episodes_with_updates": 20, "extrinsic_reward_sum": 1547.36301888683, "intrinsic_reward_sum": 0.0, "policy_loss_mean": 0.13605058366665618, "ratio_mean": 0.9985988825559616, "rnd_loss_mean": 0.0, "scaled_intrinsic_reward_sum": 0.0, "steps": 4257, "terminal_reward_residual": 1999.98188405797, "total_loss_mean": 0.2385235580499284, "value_loss_mean": 0.20588342562841716}, "stage": 2, "stage_name": "hard", "summary": {"aborted": 1, "backtrace_steps": 19747, "backtracks": 509, "decisions": 4257, "detected": 19, "episodes": 20, "pi_visits": 1542, "redundant": 0}, "sweep": 3}
TRAIN_START stage=hard sweep=3/3 circuit=c1908 difficulty=medium faults=20

#Circuit Summary:
#---------------
#number of inputs = 33
#number of outputs = 25
#number of gates = 1056
#number of wires = 1089
#number of equivalent faults = 1876
TRAIN_RESULT {"circuit": "c1908", "difficulty": "medium", "learning": {"attributed_backtrace_steps": 3482, "attributed_backtracks": 0, "backtrace_event_mismatch": 0, "backtrace_event_mismatch_abs": 0, "backtrack_event_mismatch": 0, "backtrack_event_mismatch_abs": 0, "combined_reward_sum": 1967.1649453202426, "counter_mismatch_episode": 0, "distributed_potential_reward": -227.7900924899314, "entropy_mean": 0.38380666822195053, "episodes": 20, "episodes_with_updates": 20, "extrinsic_reward_sum": 1967.1649453202426, "intrinsic_reward_sum": 0.0, "policy_loss_mean": -0.022679969028104097, "ratio_mean": 1.0014789432287217, "rnd_loss_mean": 0.0, "scaled_intrinsic_reward_sum": 0.0, "steps": 486, "terminal_reward_residual": 2194.9550378101744, "total_loss_mean": -0.021894469182007013, "value_loss_mean": 0.002338613267056644}, "stage": 2, "stage_name": "hard", "summary": {"aborted": 0, "backtrace_steps": 3540, "backtracks": 0, "decisions": 486, "detected": 20, "episodes": 20, "pi_visits": 332, "redundant": 0}, "sweep": 3}
TRAIN_START stage=hard sweep=3/3 circuit=c6288 difficulty=hard faults=20

#Circuit Summary:
#---------------
#number of inputs = 32
#number of outputs = 32
#number of gates = 2416
#number of wires = 2448
#number of equivalent faults = 7744
TRAIN_RESULT {"circuit": "c6288", "difficulty": "hard", "learning": {"attributed_backtrace_steps": 55831, "attributed_backtracks": 693, "backtrace_event_mismatch": 0, "backtrace_event_mismatch_abs": 0, "backtrack_event_mismatch": 0, "backtrack_event_mismatch_abs": 0, "combined_reward_sum": 1797.0917743604152, "counter_mismatch_episode": 0, "distributed_potential_reward": -442.7902571090092, "entropy_mean": 0.4586672022938728, "episodes": 20, "episodes_with_updates": 20, "extrinsic_reward_sum": 1797.0917743604105, "intrinsic_reward_sum": 0.0, "policy_loss_mean": -0.005055369343608618, "ratio_mean": 1.000807875394821, "rnd_loss_mean": 0.0, "scaled_intrinsic_reward_sum": 0.0, "steps": 19920, "terminal_reward_residual": 2239.88203146942, "total_loss_mean": 0.11369389425963164, "value_loss_mean": 0.23841587555943988}, "stage": 2, "stage_name": "hard", "summary": {"aborted": 1, "backtrace_steps": 55840, "backtracks": 693, "decisions": 19920, "detected": 19, "episodes": 20, "pi_visits": 1969, "redundant": 0}, "sweep": 3}
TRAIN_START stage=hard sweep=3/3 circuit=c3540 difficulty=easy faults=20

#Circuit Summary:
#---------------
#number of inputs = 50
#number of outputs = 22
#number of gates = 1983
#number of wires = 2033
#number of equivalent faults = 3428
TRAIN_RESULT {"circuit": "c3540", "difficulty": "easy", "learning": {"attributed_backtrace_steps": 2763, "attributed_backtracks": 3, "backtrace_event_mismatch": 0, "backtrace_event_mismatch_abs": 0, "backtrack_event_mismatch": 0, "backtrack_event_mismatch_abs": 0, "combined_reward_sum": 1832.5205852428135, "counter_mismatch_episode": 0, "distributed_potential_reward": -364.84688311925805, "entropy_mean": 0.4262680888175964, "episodes": 20, "episodes_with_updates": 20, "extrinsic_reward_sum": 1832.520585242813, "intrinsic_reward_sum": 0.0, "policy_loss_mean": 0.05526811780873686, "ratio_mean": 0.9914112508296966, "rnd_loss_mean": 0.0, "scaled_intrinsic_reward_sum": 0.0, "steps": 411, "terminal_reward_residual": 2197.367468362071, "total_loss_mean": 0.0607399721746333, "value_loss_mean": 0.011796244638389908}, "stage": 2, "stage_name": "hard", "summary": {"aborted": 0, "backtrace_steps": 2780, "backtracks": 3, "decisions": 411, "detected": 20, "episodes": 20, "pi_visits": 292, "redundant": 0}, "sweep": 3}
TRAIN_START stage=hard sweep=3/3 circuit=c7552 difficulty=hard faults=20

#Circuit Summary:
#---------------
#number of inputs = 207
#number of outputs = 108
#number of gates = 4042
#number of wires = 4249
#number of equivalent faults = 7550
TRAIN_RESULT {"circuit": "c7552", "difficulty": "hard", "learning": {"attributed_backtrace_steps": 4965, "attributed_backtracks": 77, "backtrace_event_mismatch": 0, "backtrace_event_mismatch_abs": 0, "backtrack_event_mismatch": 0, "backtrack_event_mismatch_abs": 0, "combined_reward_sum": 2442.8139590935184, "counter_mismatch_episode": 0, "distributed_potential_reward": -157.0399354843144, "entropy_mean": 0.39369909912347795, "episodes": 20, "episodes_with_updates": 20, "extrinsic_reward_sum": 2442.813959093519, "intrinsic_reward_sum": 0.0, "policy_loss_mean": -0.18169956132769585, "ratio_mean": 1.0126929610967637, "rnd_loss_mean": 0.0, "scaled_intrinsic_reward_sum": 0.0, "steps": 801, "terminal_reward_residual": 2599.8538945778328, "total_loss_mean": -0.16493710726499558, "value_loss_mean": 0.03431231006979942}, "stage": 2, "stage_name": "hard", "summary": {"aborted": 0, "backtrace_steps": 4970, "backtracks": 77, "decisions": 801, "detected": 20, "episodes": 20, "pi_visits": 549, "redundant": 0}, "sweep": 3}
TRAIN_START stage=hard sweep=3/3 circuit=s38417_scan difficulty=medium faults=20

#Circuit Summary:
#---------------
#number of inputs = 1664
#number of outputs = 1742
#number of gates = 23319
#number of wires = 24983
#number of equivalent faults = 31180
TRAIN_RESULT {"circuit": "s38417_scan", "difficulty": "medium", "learning": {"attributed_backtrace_steps": 2428, "attributed_backtracks": 2, "backtrace_event_mismatch": 0, "backtrace_event_mismatch_abs": 0, "backtrack_event_mismatch": 0, "backtrack_event_mismatch_abs": 0, "combined_reward_sum": 1922.4030072901319, "counter_mismatch_episode": 0, "distributed_potential_reward": -262.75993203279296, "entropy_mean": 0.4335808604955673, "episodes": 20, "episodes_with_updates": 20, "extrinsic_reward_sum": 1922.4030072901317, "intrinsic_reward_sum": 0.0, "policy_loss_mean": 0.09730816017836333, "ratio_mean": 0.9866798251867295, "rnd_loss_mean": 0.0, "scaled_intrinsic_reward_sum": 0.0, "steps": 351, "terminal_reward_residual": 2185.1629393229246, "total_loss_mean": 0.10375899020582438, "value_loss_mean": 0.013768823340069503}, "stage": 2, "stage_name": "hard", "summary": {"aborted": 0, "backtrace_steps": 2478, "backtracks": 2, "decisions": 351, "detected": 20, "episodes": 20, "pi_visits": 268, "redundant": 0}, "sweep": 3}
TRAIN_START stage=hard sweep=3/3 circuit=c2670 difficulty=medium faults=20

#Circuit Summary:
#---------------
#number of inputs = 157
#number of outputs = 64
#number of gates = 1400
#number of wires = 1557
#number of equivalent faults = 2595
TRAIN_RESULT {"circuit": "c2670", "difficulty": "medium", "learning": {"attributed_backtrace_steps": 3389, "attributed_backtracks": 0, "backtrace_event_mismatch": 0, "backtrace_event_mismatch_abs": 0, "backtrack_event_mismatch": 0, "backtrack_event_mismatch_abs": 0, "combined_reward_sum": 1970.6562416596205, "counter_mismatch_episode": 0, "distributed_potential_reward": -226.51532184981494, "entropy_mean": 0.4373212426900864, "episodes": 20, "episodes_with_updates": 20, "extrinsic_reward_sum": 1970.6562416596203, "intrinsic_reward_sum": 0.0, "policy_loss_mean": 0.03543414012528956, "ratio_mean": 0.9981703490018845, "rnd_loss_mean": 0.0, "scaled_intrinsic_reward_sum": 0.0, "steps": 516, "terminal_reward_residual": 2197.171563509435, "total_loss_mean": 0.0366467300336808, "value_loss_mean": 0.0032998228300129993}, "stage": 2, "stage_name": "hard", "summary": {"aborted": 0, "backtrace_steps": 3430, "backtracks": 0, "decisions": 516, "detected": 20, "episodes": 20, "pi_visits": 361, "redundant": 0}, "sweep": 3}
TRAIN_START stage=hard sweep=3/3 circuit=c6288 difficulty=easy faults=20

#Circuit Summary:
#---------------
#number of inputs = 32
#number of outputs = 32
#number of gates = 2416
#number of wires = 2448
#number of equivalent faults = 7744
TRAIN_RESULT {"circuit": "c6288", "difficulty": "easy", "learning": {"attributed_backtrace_steps": 11136, "attributed_backtracks": 275, "backtrace_event_mismatch": 0, "backtrace_event_mismatch_abs": 0, "backtrack_event_mismatch": 0, "backtrack_event_mismatch_abs": 0, "combined_reward_sum": 1699.9802144218652, "counter_mismatch_episode": 0, "distributed_potential_reward": -499.27206018524754, "entropy_mean": 0.5639558419585228, "episodes": 20, "episodes_with_updates": 20, "extrinsic_reward_sum": 1699.9802144218654, "intrinsic_reward_sum": 0.0, "policy_loss_mean": 0.0450859888427658, "ratio_mean": 0.9953613013029099, "rnd_loss_mean": 0.0, "scaled_intrinsic_reward_sum": 0.0, "steps": 2324, "terminal_reward_residual": 2199.2522746071127, "total_loss_mean": 0.055160460049228276, "value_loss_mean": 0.02127685675804969}, "stage": 2, "stage_name": "hard", "summary": {"aborted": 0, "backtrace_steps": 11140, "backtracks": 275, "decisions": 2324, "detected": 20, "episodes": 20, "pi_visits": 966, "redundant": 0}, "sweep": 3}
TRAIN_START stage=hard sweep=3/3 circuit=c1908 difficulty=hard faults=20

#Circuit Summary:
#---------------
#number of inputs = 33
#number of outputs = 25
#number of gates = 1056
#number of wires = 1089
#number of equivalent faults = 1876
TRAIN_RESULT {"circuit": "c1908", "difficulty": "hard", "learning": {"attributed_backtrace_steps": 44146, "attributed_backtracks": 2511, "backtrace_event_mismatch": 0, "backtrace_event_mismatch_abs": 0, "backtrack_event_mismatch": 0, "backtrack_event_mismatch_abs": 0, "combined_reward_sum": 958.4345929054541, "counter_mismatch_episode": 0, "distributed_potential_reward": -461.0599117858471, "entropy_mean": 0.502921462059021, "episodes": 20, "episodes_with_updates": 20, "extrinsic_reward_sum": 958.4345929054598, "intrinsic_reward_sum": 0.0, "policy_loss_mean": 0.38330169073306025, "ratio_mean": 1.001897594332695, "rnd_loss_mean": 0.0, "scaled_intrinsic_reward_sum": 0.0, "steps": 4195, "terminal_reward_residual": 1419.4945046913074, "total_loss_mean": 0.8155401962809264, "value_loss_mean": 0.8654828686499968}, "stage": 2, "stage_name": "hard", "summary": {"aborted": 5, "backtrace_steps": 44166, "backtracks": 2511, "decisions": 4195, "detected": 15, "episodes": 20, "pi_visits": 5564, "redundant": 0}, "sweep": 3}
TRAIN_START stage=hard sweep=3/3 circuit=c5315 difficulty=easy faults=20

#Circuit Summary:
#---------------
#number of inputs = 178
#number of outputs = 123
#number of gates = 2973
#number of wires = 3151
#number of equivalent faults = 5350
TRAIN_RESULT {"circuit": "c5315", "difficulty": "easy", "learning": {"attributed_backtrace_steps": 945, "attributed_backtracks": 0, "backtrace_event_mismatch": 0, "backtrace_event_mismatch_abs": 0, "backtrack_event_mismatch": 0, "backtrack_event_mismatch_abs": 0, "combined_reward_sum": 1941.1416411096718, "counter_mismatch_episode": 0, "distributed_potential_reward": -189.32624088946227, "entropy_mean": 0.5249989117894854, "episodes": 20, "episodes_with_updates": 14, "extrinsic_reward_sum": 1941.1416411096718, "intrinsic_reward_sum": 0.0, "policy_loss_mean": -0.10722026654652186, "ratio_mean": 1.0143408647605352, "rnd_loss_mean": 0.0, "scaled_intrinsic_reward_sum": 0.0, "steps": 162, "terminal_reward_residual": 2130.467881999134, "total_loss_mean": -0.10061285804424967, "value_loss_mean": 0.014264809466632349}, "stage": 2, "stage_name": "hard", "summary": {"aborted": 0, "backtrace_steps": 981, "backtracks": 0, "decisions": 162, "detected": 20, "episodes": 20, "pi_visits": 142, "redundant": 0}, "sweep": 3}
TRAIN_START stage=hard sweep=3/3 circuit=c432 difficulty=hard faults=20

#Circuit Summary:
#---------------
#number of inputs = 36
#number of outputs = 7
#number of gates = 288
#number of wires = 324
#number of equivalent faults = 461
TRAIN_RESULT {"circuit": "c432", "difficulty": "hard", "learning": {"attributed_backtrace_steps": 20464, "attributed_backtracks": 1535, "backtrace_event_mismatch": 0, "backtrace_event_mismatch_abs": 0, "backtrack_event_mismatch": 0, "backtrack_event_mismatch_abs": 0, "combined_reward_sum": 1198.8889208348296, "counter_mismatch_episode": 0, "distributed_potential_reward": -699.535148371693, "entropy_mean": 0.40487632900476456, "episodes": 20, "episodes_with_updates": 20, "extrinsic_reward_sum": 1198.8889208348314, "intrinsic_reward_sum": 0.0, "policy_loss_mean": 0.12890011742711066, "ratio_mean": 1.0043920308351517, "rnd_loss_mean": 0.0, "scaled_intrinsic_reward_sum": 0.0, "steps": 3441, "terminal_reward_residual": 1898.4240692065246, "total_loss_mean": 0.37727819513529537, "value_loss_mean": 0.49756587324664}, "stage": 2, "stage_name": "hard", "summary": {"aborted": 3, "backtrace_steps": 20479, "backtracks": 1535, "decisions": 3441, "detected": 17, "episodes": 20, "pi_visits": 3377, "redundant": 0}, "sweep": 3}
TRAIN_START stage=hard sweep=3/3 circuit=c1355 difficulty=easy faults=20

#Circuit Summary:
#---------------
#number of inputs = 41
#number of outputs = 32
#number of gates = 590
#number of wires = 631
#number of equivalent faults = 1574
TRAIN_RESULT {"circuit": "c1355", "difficulty": "easy", "learning": {"attributed_backtrace_steps": 6576, "attributed_backtracks": 74, "backtrace_event_mismatch": 0, "backtrace_event_mismatch_abs": 0, "backtrack_event_mismatch": 0, "backtrack_event_mismatch_abs": 0, "combined_reward_sum": 1791.7457498041929, "counter_mismatch_episode": 0, "distributed_potential_reward": -407.70476849117864, "entropy_mean": 0.3945410817861557, "episodes": 20, "episodes_with_updates": 20, "extrinsic_reward_sum": 1791.7457498041927, "intrinsic_reward_sum": 0.0, "policy_loss_mean": -0.03071934524923563, "ratio_mean": 1.001569491624832, "rnd_loss_mean": 0.0, "scaled_intrinsic_reward_sum": 0.0, "steps": 1292, "terminal_reward_residual": 2199.4505182953717, "total_loss_mean": -0.021673524379730226, "value_loss_mean": 0.018880725861527024}, "stage": 2, "stage_name": "hard", "summary": {"aborted": 0, "backtrace_steps": 6590, "backtracks": 74, "decisions": 1292, "detected": 20, "episodes": 20, "pi_visits": 648, "redundant": 0}, "sweep": 3}
TRAIN_START stage=hard sweep=3/3 circuit=c1355 difficulty=medium faults=20

#Circuit Summary:
#---------------
#number of inputs = 41
#number of outputs = 32
#number of gates = 590
#number of wires = 631
#number of equivalent faults = 1574
TRAIN_RESULT {"circuit": "c1355", "difficulty": "medium", "learning": {"attributed_backtrace_steps": 17501, "attributed_backtracks": 739, "backtrace_event_mismatch": 0, "backtrace_event_mismatch_abs": 0, "backtrack_event_mismatch": 0, "backtrack_event_mismatch_abs": 0, "combined_reward_sum": 1544.6819183998857, "counter_mismatch_episode": 0, "distributed_potential_reward": -554.933606696989, "entropy_mean": 0.3680441126227379, "episodes": 20, "episodes_with_updates": 20, "extrinsic_reward_sum": 1544.6819183998857, "intrinsic_reward_sum": 0.0, "policy_loss_mean": 0.020994798839092256, "ratio_mean": 1.0004316061735152, "rnd_loss_mean": 0.0, "scaled_intrinsic_reward_sum": 0.0, "steps": 3625, "terminal_reward_residual": 2099.6155250968745, "total_loss_mean": 0.10905499148648232, "value_loss_mean": 0.17685645590536297}, "stage": 2, "stage_name": "hard", "summary": {"aborted": 1, "backtrace_steps": 17521, "backtracks": 739, "decisions": 3625, "detected": 19, "episodes": 20, "pi_visits": 2199, "redundant": 0}, "sweep": 3}
TRAIN_START stage=hard sweep=3/3 circuit=c3540 difficulty=hard faults=20

#Circuit Summary:
#---------------
#number of inputs = 50
#number of outputs = 22
#number of gates = 1983
#number of wires = 2033
#number of equivalent faults = 3428
TRAIN_RESULT {"circuit": "c3540", "difficulty": "hard", "learning": {"attributed_backtrace_steps": 69305, "attributed_backtracks": 3130, "backtrace_event_mismatch": 0, "backtrace_event_mismatch_abs": 0, "backtrack_event_mismatch": 0, "backtrack_event_mismatch_abs": 0, "combined_reward_sum": 732.2469275625504, "counter_mismatch_episode": 0, "distributed_potential_reward": -666.9093081077834, "entropy_mean": 0.474033360183239, "episodes": 20, "episodes_with_updates": 20, "extrinsic_reward_sum": 732.2469275625372, "intrinsic_reward_sum": 0.0, "policy_loss_mean": 0.38168186489492656, "ratio_mean": 1.0109943717718124, "rnd_loss_mean": 0.0, "scaled_intrinsic_reward_sum": 0.0, "steps": 6398, "terminal_reward_residual": 1399.1562356703203, "total_loss_mean": 0.8907425382290967, "value_loss_mean": 1.0190694493707269}, "stage": 2, "stage_name": "hard", "summary": {"aborted": 6, "backtrace_steps": 69319, "backtracks": 3130, "decisions": 6398, "detected": 14, "episodes": 20, "pi_visits": 6528, "redundant": 0}, "sweep": 3}

#Circuit Summary:
#---------------
#number of inputs = 36
#number of outputs = 7
#number of gates = 288
#number of wires = 324
#number of equivalent faults = 461

#Circuit Summary:
#---------------
#number of inputs = 41
#number of outputs = 32
#number of gates = 662
#number of wires = 703
#number of equivalent faults = 534

#Circuit Summary:
#---------------
#number of inputs = 41
#number of outputs = 32
#number of gates = 590
#number of wires = 631
#number of equivalent faults = 1574

#Circuit Summary:
#---------------
#number of inputs = 33
#number of outputs = 25
#number of gates = 1056
#number of wires = 1089
#number of equivalent faults = 1876

#Circuit Summary:
#---------------
#number of inputs = 157
#number of outputs = 64
#number of gates = 1400
#number of wires = 1557
#number of equivalent faults = 2595

#Circuit Summary:
#---------------
#number of inputs = 50
#number of outputs = 22
#number of gates = 1983
#number of wires = 2033
#number of equivalent faults = 3428

#Circuit Summary:
#---------------
#number of inputs = 178
#number of outputs = 123
#number of gates = 2973
#number of wires = 3151
#number of equivalent faults = 5350

#Circuit Summary:
#---------------
#number of inputs = 207
#number of outputs = 108
#number of gates = 4042
#number of wires = 4249
#number of equivalent faults = 7550

#Circuit Summary:
#---------------
#number of inputs = 32
#number of outputs = 32
#number of gates = 2416
#number of wires = 2448
#number of equivalent faults = 7744

#Circuit Summary:
#---------------
#number of inputs = 1664
#number of outputs = 1742
#number of gates = 23319
#number of wires = 24983
#number of equivalent faults = 31180
VALIDATION selection=kept {"aggregate": {"aborted": 9, "decisions": 28749, "detected": 491, "mean_backtrace_ratio": 1.1813123058347281, "mean_backtrack_ratio": 1.0602685417353046, "score": [-491, 9, 1.0602685417353046, 1.1813123058347281, 28749]}, "circuits": {"c1355": {"aborted": 0, "backtrace_steps": 19412, "backtracks": 11, "decisions": 3873, "detected": 50, "episodes": 50, "pi_visits": 1814, "redundant": 0}, "c1908": {"aborted": 0, "backtrace_steps": 14120, "backtracks": 7, "decisions": 1593, "detected": 50, "episodes": 50, "pi_visits": 988, "redundant": 0}, "c2670": {"aborted": 3, "backtrace_steps": 23881, "backtracks": 1513, "decisions": 2487, "detected": 47, "episodes": 50, "pi_visits": 3758, "redundant": 0}, "c3540": {"aborted": 2, "backtrace_steps": 29651, "backtracks": 1043, "decisions": 2947, "detected": 48, "episodes": 50, "pi_visits": 2815, "redundant": 0}, "c432": {"aborted": 1, "backtrace_steps": 8986, "backtracks": 507, "decisions": 1832, "detected": 49, "episodes": 50, "pi_visits": 1623, "redundant": 0}, "c499": {"aborted": 0, "backtrace_steps": 21698, "backtracks": 1, "decisions": 3245, "detected": 50, "episodes": 50, "pi_visits": 1813, "redundant": 0}, "c5315": {"aborted": 0, "backtrace_steps": 6750, "backtracks": 0, "decisions": 1089, "detected": 50, "episodes": 50, "pi_visits": 717, "redundant": 0}, "c6288": {"aborted": 3, "backtrace_steps": 59225, "backtracks": 1833, "decisions": 8512, "detected": 47, "episodes": 50, "pi_visits": 4879, "redundant": 0}, "c7552": {"aborted": 0, "backtrace_steps": 12927, "backtracks": 114, "decisions": 2118, "detected": 50, "episodes": 50, "pi_visits": 1282, "redundant": 0}, "s38417_scan": {"aborted": 0, "backtrace_steps": 6984, "backtracks": 5, "decisions": 1053, "detected": 50, "episodes": 50, "pi_visits": 683, "redundant": 0}}, "label": "hard_sweep_3"}
TRAINING_COMPLETE best=medium_sweep_1 score=[-497, 3, 0.9720533964928707, 1.0431815416066397, 25218]
