SMARTATPG_EMBEDDINGS_V2
backend smartatpg
feature_schema SMARTATPG_FEATURES_V1
snapshot feb4b0f9238e9f3098b7e34d0bffd42ef3e5ee44971d006d20c65f06b590cee7
circuit_hash ce4b5c9ef9d9b6d6
dimension 80
count 1089
G1 0.00253894716 0.000164953424 0.0961182192 0 0.000121812685 0.173608795 0 5.01522954e-05 1.15975672e-05 0.000358112738 0.000496062916 0.00233169971 0.000734169211 0.0188608523 0.0177780315 0 0.00109477318 0.00978785381 0.00076645118 0 0.0231125187 4.84953598e-05 0.00258622295 0.0158644356 0.000274597289 0.00192089169 0 0 0.000790133723 4.51252527e-05 3.89239649e-05 0 0 4.19750251e-07 0 0.0308773443 0.00332074659 0.000946658722 6.76886111e-06 0 0.0388368182 0 0.000337004778 0.00111684157 0 0 0 3.86006177e-05 2.3412133e-06 0 0 0.000701238867 0 3.23964778e-05 0 0.0359628759 2.94819747e-05 5.10625205e-06 8.97350947e-06 0.0429269001 0 0 0.00362214982 0.0252039004 1 0 0 0 0 0 0 0 0 0 0.387761921 0.138895214 0.128840223 0.524303854 1 1
G10 0.00253894716 0.000164953424 0.0961182192 0 0.000121812685 0.173608795 0 5.01522954e-05 1.15975672e-05 0.000358112738 0.000496062916 0.00233169971 0.000734169211 0.0188608523 0.0177780315 0 0.00109477318 0.00978785381 0.00076645118 0 0.0231125187 4.84953598e-05 0.00258622295 0.0158644356 0.000274597289 0.00192089169 0 0 0.000790133723 4.51252527e-05 3.89239649e-05 0 0 4.19750251e-07 0 0.0308773443 0.00332074659 0.000946658722 6.76886111e-06 0 0.0388368182 0 0.000337004778 0.00111684157 0 0 0 3.86006177e-05 2.3412133e-06 0 0 0.000701238867 0 3.23964778e-05 0 0.0359628759 2.94819747e-05 5.10625205e-06 8.97350947e-06 0.0429269001 0 0 0.00362214982 0.0252039004 1 0 0 0 0 0 0 0 0 0 0.387761921 0.138895214 0.128840223 0.524303854 1 1
G11 0.00253894716 0.000164953424 0.0961182192 0 0.000121812685 0.173608795 0 5.01522954e-05 1.15975672e-05 0.000358112738 0.000496062916 0.00233169971 0.000734169211 0.0188608523 0.0177780315 0 0.00109477318 0.00978785381 0.00076645118 0 0.0231125187 4.84953598e-05 0.00258622295 0.0158644356 0.000274597289 0.00192089169 0 0 0.000790133723 4.51252527e-05 3.89239649e-05 0 0 4.19750251e-07 0 0.0308773443 0.00332074659 0.000946658722 6.76886111e-06 0 0.0388368182 0 0.000337004778 0.00111684157 0 0 0 3.86006177e-05 2.3412133e-06 0 0 0.000701238867 0 3.23964778e-05 0 0.0359628759 2.94819747e-05 5.10625205e-06 8.97350947e-06 0.0429269001 0 0 0.00362214982 0.0252039004 1 0 0 0 0 0 0 0 0 0 0.387761921 0.138895214 0.128840223 0.473954648 1 1
G112 0.00253894716 0.000164953424 0.0961182192 0 0.000121812685 0.173608795 0 5.01522954e-05 1.15975672e-05 0.000358112738 0.000496062916 0.00233169971 0.000734169211 0.0188608523 0.0177780315 0 0.00109477318 0.00978785381 0.00076645118 0 0.0231125187 4.84953598e-05 0.00258622295 0.0158644356 0.000274597289 0.00192089169 0 0 0.000790133723 4.51252527e-05 3.89239649e-05 0 0 4.19750251e-07 0 0.0308773443 0.00332074659 0.000946658722 6.76886111e-06 0 0.0388368182 0 0.000337004778 0.00111684157 0 0 0 3.86006177e-05 2.3412133e-06 0 0 0.000701238867 0 3.23964778e-05 0 0.0359628759 2.94819747e-05 5.10625205e-06 8.97350947e-06 0.0429269001 0 0 0.00362214982 0.0252039004 0 0 0 0 0 1 0 0 0 0.0227272734 0.489301085 0.220143706 0.204206929 0.748489022 1 1
G12 0.00253894716 0.000164953424 0.0961182192 0 0.000121812685 0.173608795 0 5.01522954e-05 1.15975672e-05 0.000358112738 0.000496062916 0.00233169971 0.000734169211 0.0188608523 0.0177780315 0 0.00109477318 0.00978785381 0.00076645118 0 0.0231125187 4.84953598e-05 0.00258622295 0.0158644356 0.000274597289 0.00192089169 0 0 0.000790133723 4.51252527e-05 3.89239649e-05 0 0 4.19750251e-07 0 0.0308773443 0.00332074659 0.000946658722 6.76886111e-06 0 0.0388368182 0 0.000337004778 0.00111684157 0 0 0 3.86006177e-05 2.3412133e-06 0 0 0.000701238867 0 3.23964778e-05 0 0.0359628759 2.94819747e-05 5.10625205e-06 8.97350947e-06 0.0429269001 0 0 0.00362214982 0.0252039004 1 0 0 0 0 0 0 0 0 0 0.387761921 0.138895214 0.128840223 0.473954648 1 1
G13 0.00253894716 0.000164953424 0.0961182192 0 0.000121812685 0.173608795 0 5.01522954e-05 1.15975672e-05 0.000358112738 0.000496062916 0.00233169971 0.000734169211 0.0188608523 0.0177780315 0 0.00109477318 0.00978785381 0.00076645118 0 0.0231125187 4.84953598e-05 0.00258622295 0.0158644356 0.000274597289 0.00192089169 0 0 0.000790133723 4.51252527e-05 3.89239649e-05 0 0 4.19750251e-07 0 0.0308773443 0.00332074659 0.000946658722 6.76886111e-06 0 0.0388368182 0 0.000337004778 0.00111684157 0 0 0 3.86006177e-05 2.3412133e-06 0 0 0.000701238867 0 3.23964778e-05 0 0.0359628759 2.94819747e-05 5.10625205e-06 8.97350947e-06 0.0429269001 0 0 0.00362214982 0.0252039004 1 0 0 0 0 0 0 0 0 0 0.387761921 0.138895214 0.128840223 0.473954648 1 1
G14 0.00253894716 0.000164953424 0.0961182192 0 0.000121812685 0.173608795 0 5.01522954e-05 1.15975672e-05 0.000358112738 0.000496062916 0.00233169971 0.000734169211 0.0188608523 0.0177780315 0 0.00109477318 0.00978785381 0.00076645118 0 0.0231125187 4.84953598e-05 0.00258622295 0.0158644356 0.000274597289 0.00192089169 0 0 0.000790133723 4.51252527e-05 3.89239649e-05 0 0 4.19750251e-07 0 0.0308773443 0.00332074659 0.000946658722 6.76886111e-06 0 0.0388368182 0 0.000337004778 0.00111684157 0 0 0 3.86006177e-05 2.3412133e-06 0 0 0.000701238867 0 3.23964778e-05 0 0.0359628759 2.94819747e-05 5.10625205e-06 8.97350947e-06 0.0429269001 0 0 0.00362214982 0.0252039004 1 0 0 0 0 0 0 0 0 0 0.387761921 0.138895214 0.128840223 0.473954648 1 1
G147 0.00253894716 0.000164953424 0.0961182192 0 0.000121812685 0.173608795 0 5.01522954e-05 1.15975672e-05 0.000358112738 0.000496062916 0.00233169971 0.000734169211 0.0188608523 0.0177780315 0 0.00109477318 0.00978785381 0.00076645118 0 0.0231125187 4.84953598e-05 0.00258622295 0.0158644356 0.000274597289 0.00192089169 0 0 0.000790133723 4.51252527e-05 3.89239649e-05 0 0 4.19750251e-07 0 0.0308773443 0.00332074659 0.000946658722 6.76886111e-06 0 0.0388368182 0 0.000337004778 0.00111684157 0 0 0 3.86006177e-05 2.3412133e-06 0 0 0.000701238867 0 3.23964778e-05 0 0.0359628759 2.94819747e-05 5.10625205e-06 8.97350947e-06 0.0429269001 0 0 0.00362214982 0.0252039004 0 0 0 0 0 1 0 0 0 0.0227272734 0.489301085 0.220143706 0.204206929 0.735892415 1 1
G15 0.00253894716 0.000164953424 0.0961182192 0 0.000121812685 0.173608795 0 5.01522954e-05 1.15975672e-05 0.000358112738 0.000496062916 0.00233169971 0.000734169211 0.0188608523 0.0177780315 0 0.00109477318 0.00978785381 0.00076645118 0 0.0231125187 4.84953598e-05 0.00258622295 0.0158644356 0.000274597289 0.00192089169 0 0 0.000790133723 4.51252527e-05 3.89239649e-05 0 0 4.19750251e-07 0 0.0308773443 0.00332074659 0.000946658722 6.76886111e-06 0 0.0388368182 0 0.000337004778 0.00111684157 0 0 0 3.86006177e-05 2.3412133e-06 0 0 0.000701238867 0 3.23964778e-05 0 0.0359628759 2.94819747e-05 5.10625205e-06 8.97350947e-06 0.0429269001 0 0 0.00362214982 0.0252039004 1 0 0 0 0 0 0 0 0 0 0.387761921 0.138895214 0.128840223 0.524303854 1 1
G151 0.00253894716 0.000164953424 0.0961182192 0 0.000121812685 0.173608795 0 5.01522954e-05 1.15975672e-05 0.000358112738 0.000496062916 0.00233169971 0.000734169211 0.0188608523 0.0177780315 0 0.00109477318 0.00978785381 0.00076645118 0 0.0231125187 4.84953598e-05 0.00258622295 0.0158644356 0.000274597289 0.00192089169 0 0 0.000790133723 4.51252527e-05 3.89239649e-05 0 0 4.19750251e-07 0 0.0308773443 0.00332074659 0.000946658722 6.76886111e-06 0 0.0388368182 0 0.000337004778 0.00111684157 0 0 0 3.86006177e-05 2.3412133e-06 0 0 0.000701238867 0 3.23964778e-05 0 0.0359628759 2.94819747e-05 5.10625205e-06 8.97350947e-06 0.0429269001 0 0 0.00362214982 0.0252039004 0 0 0 0 0 1 0 0 0 0.0227272734 0.387761921 0.220143706 0.204206929 0.771250486 1 1
G154 0.00253894716 0.000164953424 0.0961182192 0 0.000121812685 0.173608795 0 5.01522954e-05 1.15975672e-05 0.000358112738 0.000496062916 0.00233169971 0.000734169211 0.0188608523 0.0177780315 0 0.00109477318 0.00978785381 0.00076645118 0 0.0231125187 4.84953598e-05 0.00258622295 0.0158644356 0.000274597289 0.00192089169 0 0 0.000790133723 4.51252527e-05 3.89239649e-05 0 0 4.19750251e-07 0 0.0308773443 0.00332074659 0.000946658722 6.76886111e-06 0 0.0388368182 0 0.000337004778 0.00111684157 0 0 0 3.86006177e-05 2.3412133e-06 0 0 0.000701238867 0 3.23964778e-05 0 0.0359628759 2.94819747e-05 5.10625205e-06 8.97350947e-06 0.0429269001 0 0 0.00362214982 0.0252039004 0 0 0 0 0 1 0 0 0 0.0227272734 0.387761921 0.220143706 0.204206929 0.725118756 1 1
G157 0.00253894716 0.000164953424 0.0961182192 0 0.000121812685 0.173608795 0 5.01522954e-05 1.15975672e-05 0.000358112738 0.000496062916 0.00233169971 0.000734169211 0.0188608523 0.0177780315 0 0.00109477318 0.00978785381 0.00076645118 0 0.0231125187 4.84953598e-05 0.00258622295 0.0158644356 0.000274597289 0.00192089169 0 0 0.000790133723 4.51252527e-05 3.89239649e-05 0 0 4.19750251e-07 0 0.0308773443 0.00332074659 0.000946658722 6.76886111e-06 0 0.0388368182 0 0.000337004778 0.00111684157 0 0 0 3.86006177e-05 2.3412133e-06 0 0 0.000701238867 0 3.23964778e-05 0 0.0359628759 2.94819747e-05 5.10625205e-06 8.97350947e-06 0.0429269001 0 0 0.00362214982 0.0252039004 0 0 0 0 0 1 0 0 0 0.0227272734 0.489301085 0.220143706 0.204206929 0.741040349 1 1
G16 0.00253894716 0.000164953424 0.0961182192 0 0.000121812685 0.173608795 0 5.01522954e-05 1.15975672e-05 0.000358112738 0.000496062916 0.00233169971 0.000734169211 0.0188608523 0.0177780315 0 0.00109477318 0.00978785381 0.00076645118 0 0.0231125187 4.84953598e-05 0.00258622295 0.0158644356 0.000274597289 0.00192089169 0 0 0.000790133723 4.51252527e-05 3.89239649e-05 0 0 4.19750251e-07 0 0.0308773443 0.00332074659 0.000946658722 6.76886111e-06 0 0.0388368182 0 0.000337004778 0.00111684157 0 0 0 3.86006177e-05 2.3412133e-06 0 0 0.000701238867 0 3.23964778e-05 0 0.0359628759 2.94819747e-05 5.10625205e-06 8.97350947e-06 0.0429269001 0 0 0.00362214982 0.0252039004 1 0 0 0 0 0 0 0 0 0 0.387761921 0.138895214 0.128840223 0.524303854 1 1
G161 0.00253894716 0.000164953424 0.0961182192 0 0.000121812685 0.173608795 0 5.01522954e-05 1.15975672e-05 0.000358112738 0.000496062916 0.00233169971 0.000734169211 0.0188608523 0.0177780315 0 0.00109477318 0.00978785381 0.00076645118 0 0.0231125187 4.84953598e-05 0.00258622295 0.0158644356 0.000274597289 0.00192089169 0 0 0.000790133723 4.51252527e-05 3.89239649e-05 0 0 4.19750251e-07 0 0.0308773443 0.00332074659 0.000946658722 6.76886111e-06 0 0.0388368182 0 0.000337004778 0.00111684157 0 0 0 3.86006177e-05 2.3412133e-06 0 0 0.000701238867 0 3.23964778e-05 0 0.0359628759 2.94819747e-05 5.10625205e-06 8.97350947e-06 0.0429269001 0 0 0.00362214982 0.0252039004 0 0 0 0 0 1 0 0 0 0.0227272734 0.489301085 0.220143706 0.204206929 0.771250486 1 1
G165 0.00253894716 0.000164953424 0.0961182192 0 0.000121812685 0.173608795 0 5.01522954e-05 1.15975672e-05 0.000358112738 0.000496062916 0.00233169971 0.000734169211 0.0188608523 0.0177780315 0 0.00109477318 0.00978785381 0.00076645118 0 0.0231125187 4.84953598e-05 0.00258622295 0.0158644356 0.000274597289 0.00192089169 0 0 0.000790133723 4.51252527e-05 3.89239649e-05 0 0 4.19750251e-07 0 0.0308773443 0.00332074659 0.000946658722 6.76886111e-06 0 0.0388368182 0 0.000337004778 0.00111684157 0 0 0 3.86006177e-05 2.3412133e-06 0 0 0.000701238867 0 3.23964778e-05 0 0.0359628759 2.94819747e-05 5.10625205e-06 8.97350947e-06 0.0429269001 0 0 0.00362214982 0.0252039004 0 0 0 0 0 1 0 0 0 0.0227272734 0.489301085 0.220143706 0.204206929 0.735892415 1 1
G169 0.00253894716 0.000164953424 0.0961182192 0 0.000121812685 0.173608795 0 5.01522954e-05 1.15975672e-05 0.000358112738 0.000496062916 0.00233169971 0.000734169211 0.0188608523 0.0177780315 0 0.00109477318 0.00978785381 0.00076645118 0 0.0231125187 4.84953598e-05 0.00258622295 0.0158644356 0.000274597289 0.00192089169 0 0 0.000790133723 4.51252527e-05 3.89239649e-05 0 0 4.19750251e-07 0 0.0308773443 0.00332074659 0.000946658722 6.76886111e-06 0 0.0388368182 0 0.000337004778 0.00111684157 0 0 0 3.86006177e-05 2.3412133e-06 0 0 0.000701238867 0 3.23964778e-05 0 0.0359628759 2.94819747e-05 5.10625205e-06 8.97350947e-06 0.0429269001 0 0 0.00362214982 0.0252039004 0 0 0 0 0 1 0 0 0 0.0227272734 0.489301085 0.220143706 0.204206929 0.771250486 1 1
G17 0.00253894716 0.000164953424 0.0961182192 0 0.000121812685 0.173608795 0 5.01522954e-05 1.15975672e-05 0.000358112738 0.000496062916 0.00233169971 0.000734169211 0.0188608523 0.0177780315 0 0.00109477318 0.00978785381 0.00076645118 0 0.0231125187 4.84953598e-05 0.00258622295 0.0158644356 0.000274597289 0.00192089169 0 0 0.000790133723 4.51252527e-05 3.89239649e-05 0 0 4.19750251e-07 0 0.0308773443 0.00332074659 0.000946658722 6.76886111e-06 0 0.0388368182 0 0.000337004778 0.00111684157 0 0 0 3.86006177e-05 2.3412133e-06 0 0 0.000701238867 0 3.23964778e-05 0 0.0359628759 2.94819747e-05 5.10625205e-06 8.97350947e-06 0.0429269001 0 0 0.00362214982 0.0252039004 1 0 0 0 0 0 0 0 0 0 0.489301085 0.138895214 0.128840223 0.762497842 1 1
G18 0.00253894716 0.000164953424 0.0961182192 0 0.000121812685 0.173608795 0 5.01522954e-05 1.15975672e-05 0.000358112738 0.000496062916 0.00233169971 0.000734169211 0.0188608523 0.0177780315 0 0.00109477318 0.00978785381 0.00076645118 0 0.0231125187 4.84953598e-05 0.00258622295 0.0158644356 0.000274597289 0.00192089169 0 0 0.000790133723 4.51252527e-05 3.89239649e-05 0 0 4.19750251e-07 0 0.0308773443 0.00332074659 0.000946658722 6.76886111e-06 0 0.0388368182 0 0.000337004778 0.00111684157 0 0 0 3.86006177e-05 2.3412133e-06 0 0 0.000701238867 0 3.23964778e-05 0 0.0359628759 2.94819747e-05 5.10625205e-06 8.97350947e-06 0.0429269001 0 0 0.00362214982 0.0252039004 1 0 0 0 0 0 0 0 0 0 0.387761921 0.138895214 0.128840223 0.78754288 1 1
G19 0.00253894716 0.000164953424 0.0961182192 0 0.000121812685 0.173608795 0 5.01522954e-05 1.15975672e-05 0.000358112738 0.000496062916 0.00233169971 0.000734169211 0.0188608523 0.0177780315 0 0.00109477318 0.00978785381 0.00076645118 0 0.0231125187 4.84953598e-05 0.00258622295 0.0158644356 0.000274597289 0.00192089169 0 0 0.000790133723 4.51252527e-05 3.89239649e-05 0 0 4.19750251e-07 0 0.0308773443 0.00332074659 0.000946658722 6.76886111e-06 0 0.0388368182 0 0.000337004778 0.00111684157 0 0 0 3.86006177e-05 2.3412133e-06 0 0 0.000701238867 0 3.23964778e-05 0 0.0359628759 2.94819747e-05 5.10625205e-06 8.97350947e-06 0.0429269001 0 0 0.00362214982 0.0252039004 1 0 0 0 0 0 0 0 0 0 0.489301085 0.138895214 0.128840223 0.698139787 1 1
G2 0.00253894716 0.000164953424 0.0961182192 0 0.000121812685 0.173608795 0 5.01522954e-05 1.15975672e-05 0.000358112738 0.000496062916 0.00233169971 0.000734169211 0.0188608523 0.0177780315 0 0.00109477318 0.00978785381 0.00076645118 0 0.0231125187 4.84953598e-05 0.00258622295 0.0158644356 0.000274597289 0.00192089169 0 0 0.000790133723 4.51252527e-05 3.89239649e-05 0 0 4.19750251e-07 0 0.0308773443 0.00332074659 0.000946658722 6.76886111e-06 0 0.0388368182 0 0.000337004778 0.00111684157 0 0 0 3.86006177e-05 2.3412133e-06 0 0 0.000701238867 0 3.23964778e-05 0 0.0359628759 2.94819747e-05 5.10625205e-06 8.97350947e-06 0.0429269001 0 0 0.00362214982 0.0252039004 1 0 0 0 0 0 0 0 0 0 0.387761921 0.138895214 0.128840223 0.524303854 1 1
G116 0.00253894716 0.000164953424 0.0961182192 0 0.000121812685 0.173608795 0 5.01522954e-05 1.15975672e-05 0.000358112738 0.000496062916 0.00233169971 0.000734169211 0.0188608523 0.0177780315 0 0.00109477318 0.00978785381 0.00076645118 0 0.0231125187 4.84953598e-05 0.00258622295 0.0158644356 0.000274597289 0.00192089169 0 0 0.000790133723 4.51252527e-05 3.89239649e-05 0 0 4.19750251e-07 0 0.0308773443 0.00332074659 0.000946658722 6.76886111e-06 0 0.0388368182 0 0.000337004778 0.00111684157 0 0 0 3.86006177e-05 2.3412133e-06 0 0 0.000701238867 0 3.23964778e-05 0 0.0359628759 2.94819747e-05 5.10625205e-06 8.97350947e-06 0.0429269001 0 0 0.00362214982 0.0252039004 0 0 0 0 0 1 0 0 0 0.0227272734 0.387761921 0.220143706 0.204206929 0.753284276 1 1
G20 0.00253894716 0.000164953424 0.0961182192 0 0.000121812685 0.173608795 0 5.01522954e-05 1.15975672e-05 0.000358112738 0.000496062916 0.00233169971 0.000734169211 0.0188608523 0.0177780315 0 0.00109477318 0.00978785381 0.00076645118 0 0.0231125187 4.84953598e-05 0.00258622295 0.0158644356 0.000274597289 0.00192089169 0 0 0.000790133723 4.51252527e-05 3.89239649e-05 0 0 4.19750251e-07 0 0.0308773443 0.00332074659 0.000946658722 6.76886111e-06 0 0.0388368182 0 0.000337004778 0.00111684157 0 0 0 3.86006177e-05 2.3412133e-06 0 0 0.000701238867 0 3.23964778e-05 0 0.0359628759 2.94819747e-05 5.10625205e-06 8.97350947e-06 0.0429269001 0 0 0.00362214982 0.0252039004 1 0 0 0 0 0 0 0 0 0 0.387761921 0.138895214 0.128840223 0.755633533 1 1
G21 0.00253894716 0.000164953424 0.0961182192 0 0.000121812685 0.173608795 0 5.01522954e-05 1.15975672e-05 0.000358112738 0.000496062916 0.00233169971 0.000734169211 0.0188608523 0.0177780315 0 0.00109477318 0.00978785381 0.00076645118 0 0.0231125187 4.84953598e-05 0.00258622295 0.0158644356 0.000274597289 0.00192089169 0 0 0.000790133723 4.51252527e-05 3.89239649e-05 0 0 4.19750251e-07 0 0.0308773443 0.00332074659 0.000946658722 6.76886111e-06 0 0.0388368182 0 0.000337004778 0.00111684157 0 0 0 3.86006177e-05 2.3412133e-06 0 0 0.000701238867 0 3.23964778e-05 0 0.0359628759 2.94819747e-05 5.10625205e-06 8.97350947e-06 0.0429269001 0 0 0.00362214982 0.0252039004 1 0 0 0 0 0 0 0 0 0 0.387761921 0.138895214 0.128840223 0.583192229 1 1
G22 0.00253894716 0.000164953424 0.0961182192 0 0.000121812685 0.173608795 0 5.01522954e-05 1.15975672e-05 0.000358112738 0.000496062916 0.00233169971 0.000734169211 0.0188608523 0.0177780315 0 0.00109477318 0.00978785381 0.00076645118 0 0.0231125187 4.84953598e-05 0.00258622295 0.0158644356 0.000274597289 0.00192089169 0 0 0.000790133723 4.51252527e-05 3.89239649e-05 0 0 4.19750251e-07 0 0.0308773443 0.00332074659 0.000946658722 6.76886111e-06 0 0.0388368182 0 0.000337004778 0.00111684157 0 0 0 3.86006177e-05 2.3412133e-06 0 0 0.000701238867 0 3.23964778e-05 0 0.0359628759 2.94819747e-05 5.10625205e-06 8.97350947e-06 0.0429269001 0 0 0.00362214982 0.0252039004 1 0 0 0 0 0 0 0 0 0 0.387761921 0.138895214 0.128840223 0.583192229 1 1
G23 0.00253894716 0.000164953424 0.0961182192 0 0.000121812685 0.173608795 0 5.01522954e-05 1.15975672e-05 0.000358112738 0.000496062916 0.00233169971 0.000734169211 0.0188608523 0.0177780315 0 0.00109477318 0.00978785381 0.00076645118 0 0.0231125187 4.84953598e-05 0.00258622295 0.0158644356 0.000274597289 0.00192089169 0 0 0.000790133723 4.51252527e-05 3.89239649e-05 0 0 4.19750251e-07 0 0.0308773443 0.00332074659 0.000946658722 6.76886111e-06 0 0.0388368182 0 0.000337004778 0.00111684157 0 0 0 3.86006177e-05 2.3412133e-06 0 0 0.000701238867 0 3.23964778e-05 0 0.0359628759 2.94819747e-05 5.10625205e-06 8.97350947e-06 0.0429269001 0 0 0.00362214982 0.0252039004 1 0 0 0 0 0 0 0 0 0 0.387761921 0.138895214 0.128840223 0.698139787 1 1
G179 0.00253894716 0.000164953424 0.0961182192 0 0.000121812685 0.173608795 0 5.01522954e-05 1.15975672e-05 0.000358112738 0.000496062916 0.00233169971 0.000734169211 0.0188608523 0.0177780315 0 0.00109477318 0.00978785381 0.00076645118 0 0.0231125187 4.84953598e-05 0.00258622295 0.0158644356 0.000274597289 0.00192089169 0 0 0.000790133723 4.51252527e-05 3.89239649e-05 0 0 4.19750251e-07 0 0.0308773443 0.00332074659 0.000946658722 6.76886111e-06 0 0.0388368182 0 0.000337004778 0.00111684157 0 0 0 3.86006177e-05 2.3412133e-06 0 0 0.000701238867 0 3.23964778e-05 0 0.0359628759 2.94819747e-05 5.10625205e-06 8.97350947e-06 0.0429269001 0 0 0.00362214982 0.0252039004 0 0 0 0 0 1 0 0 0 0.0227272734 0.387761921 0.220143706 0.204206929 0.694868326 1 1
G182 0.00253894716 0.000164953424 0.0961182192 0 0.000121812685 0.173608795 0 5.01522954e-05 1.15975672e-05 0.000358112738 0.000496062916 0.00233169971 0.000734169211 0.0188608523 0.0177780315 0 0.00109477318 0.00978785381 0.00076645118 0 0.0231125187 4.84953598e-05 0.00258622295 0.0158644356 0.000274597289 0.00192089169 0 0 0.000790133723 4.51252527e-05 3.89239649e-05 0 0 4.19750251e-07 0 0.0308773443 0.00332074659 0.000946658722 6.76886111e-06 0 0.0388368182 0 0.000337004778 0.00111684157 0 0 0 3.86006177e-05 2.3412133e-06 0 0 0.000701238867 0 3.23964778e-05 0 0.0359628759 2.94819747e-05 5.10625205e-06 8.97350947e-06 0.0429269001 0 0 0.00362214982 0.0252039004 0 0 0 0 0 1 0 0 0 0.0227272734 0.387761921 0.220143706 0.204206929 0.771250486 1 1
G24 0.00253894716 0.000164953424 0.0961182192 0 0.000121812685 0.173608795 0 5.01522954e-05 1.15975672e-05 0.000358112738 0.000496062916 0.00233169971 0.000734169211 0.0188608523 0.0177780315 0 0.00109477318 0.00978785381 0.00076645118 0 0.0231125187 4.84953598e-05 0.00258622295 0.0158644356 0.000274597289 0.00192089169 0 0 0.000790133723 4.51252527e-05 3.89239649e-05 0 0 4.19750251e-07 0 0.0308773443 0.00332074659 0.000946658722 6.76886111e-06 0 0.0388368182 0 0.000337004778 0.00111684157 0 0 0 3.86006177e-05 2.3412133e-06 0 0 0.000701238867 0 3.23964778e-05 0 0.0359628759 2.94819747e-05 5.10625205e-06 8.97350947e-06 0.0429269001 0 0 0.00362214982 0.0252039004 1 0 0 0 0 0 0 0 0 0 0.489301085 0.138895214 0.128840223 0.762497842 1 1
G175 0.00253894716 0.000164953424 0.0961182192 0 0.000121812685 0.173608795 0 5.01522954e-05 1.15975672e-05 0.000358112738 0.000496062916 0.00233169971 0.000734169211 0.0188608523 0.0177780315 0 0.00109477318 0.00978785381 0.00076645118 0 0.0231125187 4.84953598e-05 0.00258622295 0.0158644356 0.000274597289 0.00192089169 0 0 0.000790133723 4.51252527e-05 3.89239649e-05 0 0 4.19750251e-07 0 0.0308773443 0.00332074659 0.000946658722 6.76886111e-06 0 0.0388368182 0 0.000337004778 0.00111684157 0 0 0 3.86006177e-05 2.3412133e-06 0 0 0.000701238867 0 3.23964778e-05 0 0.0359628759 2.94819747e-05 5.10625205e-06 8.97350947e-06 0.0429269001 0 0 0.00362214982 0.0252039004 0 0 0 0 0 1 0 0 0 0.0227272734 0.387761921 0.220143706 0.204206929 0.760239482 1 1
G178 0.00253894716 0.000164953424 0.0961182192 0 0.000121812685 0.173608795 0 5.01522954e-05 1.15975672e-05 0.000358112738 0.000496062916 0.00233169971 0.000734169211 0.0188608523 0.0177780315 0 0.00109477318 0.00978785381 0.00076645118 0 0.0231125187 4.84953598e-05 0.00258622295 0.0158644356 0.000274597289 0.00192089169 0 0 0.000790133723 4.51252527e-05 3.89239649e-05 0 0 4.19750251e-07 0 0.0308773443 0.00332074659 0.000946658722 6.76886111e-06 0 0.0388368182 0 0.000337004778 0.00111684157 0 0 0 3.86006177e-05 2.3412133e-06 0 0 0.000701238867 0 3.23964778e-05 0 0.0359628759 2.94819747e-05 5.10625205e-06 8.97350947e-06 0.0429269001 0 0 0.00362214982 0.0252039004 0 0 0 0 0 1 0 0 0 0.0227272734 0.244650543 0.220143706 0.204206929 0.789476812 1 1
G25 0.00253894716 0.000164953424 0.0961182192 0 0.000121812685 0.173608795 0 5.01522954e-05 1.15975672e-05 0.000358112738 0.000496062916 0.00233169971 0.000734169211 0.0188608523 0.0177780315 0 0.00109477318 0.00978785381 0.00076645118 0 0.0231125187 4.84953598e-05 0.00258622295 0.0158644356 0.000274597289 0.00192089169 0 0 0.000790133723 4.51252527e-05 3.89239649e-05 0 0 4.19750251e-07 0 0.0308773443 0.00332074659 0.000946658722 6.76886111e-06 0 0.0388368182 0 0.000337004778 0.00111684157 0 0 0 3.86006177e-05 2.3412133e-06 0 0 0.000701238867 0 3.23964778e-05 0 0.0359628759 2.94819747e-05 5.10625205e-06 8.97350947e-06 0.0429269001 0 0 0.00362214982 0.0252039004 1 0 0 0 0 0 0 0 0 0 0.387761921 0.138895214 0.128840223 0.791389585 1 1
G185 0.00253894716 0.000164953424 0.0961182192 0 0.000121812685 0.173608795 0 5.01522954e-05 1.15975672e-05 0.000358112738 0.000496062916 0.00233169971 0.000734169211 0.0188608523 0.0177780315 0 0.00109477318 0.00978785381 0.00076645118 0 0.0231125187 4.84953598e-05 0.00258622295 0.0158644356 0.000274597289 0.00192089169 0 0 0.000790133723 4.51252527e-05 3.89239649e-05 0 0 4.19750251e-07 0 0.0308773443 0.00332074659 0.000946658722 6.76886111e-06 0 0.0388368182 0 0.000337004778 0.00111684157 0 0 0 3.86006177e-05 2.3412133e-06 0 0 0.000701238867 0 3.23964778e-05 0 0.0359628759 2.94819747e-05 5.10625205e-06 8.97350947e-06 0.0429269001 0 0 0.00362214982 0.0252039004 0 0 0 0 0 1 0 0 0 0.0227272734 0.387761921 0.220143706 0.204206929 0.789476812 1 1
G26 0.00253894716 0.000164953424 0.0961182192 0 0.000121812685 0.173608795 0 5.01522954e-05 1.15975672e-05 0.000358112738 0.000496062916 0.00233169971 0.000734169211 0.0188608523 0.0177780315 0 0.00109477318 0.00978785381 0.00076645118 0 0.0231125187 4.84953598e-05 0.00258622295 0.0158644356 0.000274597289 0.00192089169 0 0 0.000790133723 4.51252527e-05 3.89239649e-05 0 0 4.19750251e-07 0 0.0308773443 0.00332074659 0.000946658722 6.76886111e-06 0 0.0388368182 0 0.000337004778 0.00111684157 0 0 0 3.86006177e-05 2.3412133e-06 0 0 0.000701238867 0 3.23964778e-05 0 0.0359628759 2.94819747e-05 5.10625205e-06 8.97350947e-06 0.0429269001 0 0 0.00362214982 0.0252039004 1 0 0 0 0 0 0 0 0 0 0.387761921 0.138895214 0.128840223 0.771250486 1 1
G188 0.00253894716 0.000164953424 0.0961182192 0 0.000121812685 0.173608795 0 5.01522954e-05 1.15975672e-05 0.000358112738 0.000496062916 0.00233169971 0.000734169211 0.0188608523 0.0177780315 0 0.00109477318 0.00978785381 0.00076645118 0 0.0231125187 4.84953598e-05 0.00258622295 0.0158644356 0.000274597289 0.00192089169 0 0 0.000790133723 4.51252527e-05 3.89239649e-05 0 0 4.19750251e-07 0 0.0308773443 0.00332074659 0.000946658722 6.76886111e-06 0 0.0388368182 0 0.000337004778 0.00111684157 0 0 0 3.86006177e-05 2.3412133e-06 0 0 0.000701238867 0 3.23964778e-05 0 0.0359628759 2.94819747e-05 5.10625205e-06 8.97350947e-06 0.0429269001 0 0 0.00362214982 0.0252039004 0 0 0 0 0 1 0 0 0 0.0227272734 0.387761921 0.220143706 0.204206929 0.769102991 1 1
G265 0.00253894716 0.000164953424 0.0961182192 0 0.000121812685 0.173608795 0 5.01522954e-05 1.15975672e-05 0.000358112738 0.000496062916 0.00233169971 0.000734169211 0.0188608523 0.0177780315 0 0.00109477318 0.00978785381 0.00076645118 0 0.0231125187 4.84953598e-05 0.00258622295 0.0158644356 0.000274597289 0.00192089169 0 0 0.000790133723 4.51252527e-05 3.89239649e-05 0 0 4.19750251e-07 0 0.0308773443 0.00332074659 0.000946658722 6.76886111e-06 0 0.0388368182 0 0.000337004778 0.00111684157 0 0 0 3.86006177e-05 2.3412133e-06 0 0 0.000701238867 0 3.23964778e-05 0 0.0359628759 2.94819747e-05 5.10625205e-06 8.97350947e-06 0.0429269001 0 0 0.00362214982 0.0252039004 0 0 0 0 0 1 0 0 0 0.0227272734 0.387761921 0.220143706 0.204206929 0.515326679 1 1
G268 0.00253894716 0.000164953424 0.0961182192 0 0.000121812685 0.173608795 0 5.01522954e-05 1.15975672e-05 0.000358112738 0.000496062916 0.00233169971 0.000734169211 0.0188608523 0.0177780315 0 0.00109477318 0.00978785381 0.00076645118 0 0.0231125187 4.84953598e-05 0.00258622295 0.0158644356 0.000274597289 0.00192089169 0 0 0.000790133723 4.51252527e-05 3.89239649e-05 0 0 4.19750251e-07 0 0.0308773443 0.00332074659 0.000946658722 6.76886111e-06 0 0.0388368182 0 0.000337004778 0.00111684157 0 0 0 3.86006177e-05 2.3412133e-06 0 0 0.000701238867 0 3.23964778e-05 0 0.0359628759 2.94819747e-05 5.10625205e-06 8.97350947e-06 0.0429269001 0 0 0.00362214982 0.0252039004 0 0 0 0 0 1 0 0 0 0.0227272734 0.387761921 0.220143706 0.204206929 0.515326679 1 1
G27 0.00253894716 0.000164953424 0.0961182192 0 0.000121812685 0.173608795 0 5.01522954e-05 1.15975672e-05 0.000358112738 0.000496062916 0.00233169971 0.000734169211 0.0188608523 0.0177780315 0 0.00109477318 0.00978785381 0.00076645118 0 0.0231125187 4.84953598e-05 0.00258622295 0.0158644356 0.000274597289 0.00192089169 0 0 0.000790133723 4.51252527e-05 3.89239649e-05 0 0 4.19750251e-07 0 0.0308773443 0.00332074659 0.000946658722 6.76886111e-06 0 0.0388368182 0 0.000337004778 0.00111684157 0 0 0 3.86006177e-05 2.3412133e-06 0 0 0.000701238867 0 3.23964778e-05 0 0.0359628759 2.94819747e-05 5.10625205e-06 8.97350947e-06 0.0429269001 0 0 0.00362214982 0.0252039004 1 0 0 0 0 0 0 0 0 0 0.387761921 0.138895214 0.128840223 0.771250486 1 1
G191 0.00253894716 0.000164953424 0.0961182192 0 0.000121812685 0.173608795 0 5.01522954e-05 1.15975672e-05 0.000358112738 0.000496062916 0.00233169971 0.000734169211 0.0188608523 0.0177780315 0 0.00109477318 0.00978785381 0.00076645118 0 0.0231125187 4.84953598e-05 0.00258622295 0.0158644356 0.000274597289 0.00192089169 0 0 0.000790133723 4.51252527e-05 3.89239649e-05 0 0 4.19750251e-07 0 0.0308773443 0.00332074659 0.000946658722 6.76886111e-06 0 0.0388368182 0 0.000337004778 0.00111684157 0 0 0 3.86006177e-05 2.3412133e-06 0 0 0.000701238867 0 3.23964778e-05 0 0.0359628759 2.94819747e-05 5.10625205e-06 8.97350947e-06 0.0429269001 0 0 0.00362214982 0.0252039004 0 0 0 0 0 1 0 0 0 0.0227272734 0.387761921 0.220143706 0.204206929 0.769102991 1 1
G28 0.00253894716 0.000164953424 0.0961182192 0 0.000121812685 0.173608795 0 5.01522954e-05 1.15975672e-05 0.000358112738 0.000496062916 0.00233169971 0.000734169211 0.0188608523 0.0177780315 0 0.00109477318 0.00978785381 0.00076645118 0 0.0231125187 4.84953598e-05 0.00258622295 0.0158644356 0.000274597289 0.00192089169 0 0 0.000790133723 4.51252527e-05 3.89239649e-05 0 0 4.19750251e-07 0 0.0308773443 0.00332074659 0.000946658722 6.76886111e-06 0 0.0388368182 0 0.000337004778 0.00111684157 0 0 0 3.86006177e-05 2.3412133e-06 0 0 0.000701238867 0 3.23964778e-05 0 0.0359628759 2.94819747e-05 5.10625205e-06 8.97350947e-06 0.0429269001 0 0 0.00362214982 0.0252039004 1 0 0 0 0 0 0 0 0 0 0.387761921 0.138895214 0.128840223 0.771250486 1 1
G194 0.00253894716 0.000164953424 0.0961182192 0 0.000121812685 0.173608795 0 5.01522954e-05 1.15975672e-05 0.000358112738 0.000496062916 0.00233169971 0.000734169211 0.0188608523 0.0177780315 0 0.00109477318 0.00978785381 0.00076645118 0 0.0231125187 4.84953598e-05 0.00258622295 0.0158644356 0.000274597289 0.00192089169 0 0 0.000790133723 4.51252527e-05 3.89239649e-05 0 0 4.19750251e-07 0 0.0308773443 0.00332074659 0.000946658722 6.76886111e-06 0 0.0388368182 0 0.000337004778 0.00111684157 0 0 0 3.86006177e-05 2.3412133e-06 0 0 0.000701238867 0 3.23964778e-05 0 0.0359628759 2.94819747e-05 5.10625205e-06 8.97350947e-06 0.0429269001 0 0 0.00362214982 0.0252039004 0 0 0 0 0 1 0 0 0 0.0227272734 0.387761921 0.220143706 0.204206929 0.769102991 1 1
G29 0.00253894716 0.000164953424 0.0961182192 0 0.000121812685 0.173608795 0 5.01522954e-05 1.15975672e-05 0.000358112738 0.000496062916 0.00233169971 0.000734169211 0.0188608523 0.0177780315 0 0.00109477318 0.00978785381 0.00076645118 0 0.0231125187 4.84953598e-05 0.00258622295 0.0158644356 0.000274597289 0.00192089169 0 0 0.000790133723 4.51252527e-05 3.89239649e-05 0 0 4.19750251e-07 0 0.0308773443 0.00332074659 0.000946658722 6.76886111e-06 0 0.0388368182 0 0.000337004778 0.00111684157 0 0 0 3.86006177e-05 2.3412133e-06 0 0 0.000701238867 0 3.23964778e-05 0 0.0359628759 2.94819747e-05 5.10625205e-06 8.97350947e-06 0.0429269001 0 0 0.00362214982 0.0252039004 1 0 0 0 0 0 0 0 0 0 0.387761921 0.138895214 0.128840223 0.583192229 1 1
G173 0.00253894716 0.000164953424 0.0961182192 0 0.000121812685 0.173608795 0 5.01522954e-05 1.15975672e-05 0.000358112738 0.000496062916 0.00233169971 0.000734169211 0.0188608523 0.0177780315 0 0.00109477318 0.00978785381 0.00076645118 0 0.0231125187 4.84953598e-05 0.00258622295 0.0158644356 0.000274597289 0.00192089169 0 0 0.000790133723 4.51252527e-05 3.89239649e-05 0 0 4.19750251e-07 0 0.0308773443 0.00332074659 0.000946658722 6.76886111e-06 0 0.0388368182 0 0.000337004778 0.00111684157 0 0 0 3.86006177e-05 2.3412133e-06 0 0 0.000701238867 0 3.23964778e-05 0 0.0359628759 2.94819747e-05 5.10625205e-06 8.97350947e-06 0.0429269001 0 0 0.00362214982 0.0252039004 0 0 1 0 0 0 0 0 0 0.0227272734 0.244650543 0.277790427 0.204206929 0.57022208 1 1
G199 0.00253894716 0.000164953424 0.0961182192 0 0.000121812685 0.173608795 0 5.01522954e-05 1.15975672e-05 0.000358112738 0.000496062916 0.00233169971 0.000734169211 0.0188608523 0.0177780315 0 0.00109477318 0.00978785381 0.00076645118 0 0.0231125187 4.84953598e-05 0.00258622295 0.0158644356 0.000274597289 0.00192089169 0 0 0.000790133723 4.51252527e-05 3.89239649e-05 0 0 4.19750251e-07 0 0.0308773443 0.00332074659 0.000946658722 6.76886111e-06 0 0.0388368182 0 0.000337004778 0.00111684157 0 0 0 3.86006177e-05 2.3412133e-06 0 0 0.000701238867 0 3.23964778e-05 0 0.0359628759 2.94819747e-05 5.10625205e-06 8.97350947e-06 0.0429269001 0 0 0.00362214982 0.0252039004 0 0 0 0 0 1 0 0 0 0.0227272734 0.387761921 0.220143706 0.204206929 0.691534579 1 1
G292 0.00253894716 0.000164953424 0.0961182192 0 0.000121812685 0.173608795 0 5.01522954e-05 1.15975672e-05 0.000358112738 0.000496062916 0.00233169971 0.000734169211 0.0188608523 0.0177780315 0 0.00109477318 0.00978785381 0.00076645118 0 0.0231125187 4.84953598e-05 0.00258622295 0.0158644356 0.000274597289 0.00192089169 0 0 0.000790133723 4.51252527e-05 3.89239649e-05 0 0 4.19750251e-07 0 0.0308773443 0.00332074659 0.000946658722 6.76886111e-06 0 0.0388368182 0 0.000337004778 0.00111684157 0 0 0 3.86006177e-05 2.3412133e-06 0 0 0.000701238867 0 3.23964778e-05 0 0.0359628759 2.94819747e-05 5.10625205e-06 8.97350947e-06 0.0429269001 0 0 0.00362214982 0.0252039004 0 0 0 0 0 1 0 0 0 0.0227272734 0.387761921 0.220143706 0.204206929 0.515326679 1 1
G295 0.00253894716 0.000164953424 0.0961182192 0 0.000121812685 0.173608795 0 5.01522954e-05 1.15975672e-05 0.000358112738 0.000496062916 0.00233169971 0.000734169211 0.0188608523 0.0177780315 0 0.00109477318 0.00978785381 0.00076645118 0 0.0231125187 4.84953598e-05 0.00258622295 0.0158644356 0.000274597289 0.00192089169 0 0 0.000790133723 4.51252527e-05 3.89239649e-05 0 0 4.19750251e-07 0 0.0308773443 0.00332074659 0.000946658722 6.76886111e-06 0 0.0388368182 0 0.000337004778 0.00111684157 0 0 0 3.86006177e-05 2.3412133e-06 0 0 0.000701238867 0 3.23964778e-05 0 0.0359628759 2.94819747e-05 5.10625205e-06 8.97350947e-06 0.0429269001 0 0 0.00362214982 0.0252039004 0 0 0 0 0 1 0 0 0 0.0227272734 0.387761921 0.220143706 0.204206929 0.46187973 1 1
G298 0.00253894716 0.000164953424 0.0961182192 0 0.000121812685 0.173608795 0 5.01522954e-05 1.15975672e-05 0.000358112738 0.000496062916 0.00233169971 0.000734169211 0.0188608523 0.0177780315 0 0.00109477318 0.00978785381 0.00076645118 0 0.0231125187 4.84953598e-05 0.00258622295 0.0158644356 0.000274597289 0.00192089169 0 0 0.000790133723 4.51252527e-05 3.89239649e-05 0 0 4.19750251e-07 0 0.0308773443 0.00332074659 0.000946658722 6.76886111e-06 0 0.0388368182 0 0.000337004778 0.00111684157 0 0 0 3.86006177e-05 2.3412133e-06 0 0 0.000701238867 0 3.23964778e-05 0 0.0359628759 2.94819747e-05 5.10625205e-06 8.97350947e-06 0.0429269001 0 0 0.00362214982 0.0252039004 0 0 0 0 0 1 0 0 0 0.0227272734 0.387761921 0.220143706 0.204206929 0.46187973 1 1
G3 0.00253894716 0.000164953424 0.0961182192 0 0.000121812685 0.173608795 0 5.01522954e-05 1.15975672e-05 0.000358112738 0.000496062916 0.00233169971 0.000734169211 0.0188608523 0.0177780315 0 0.00109477318 0.00978785381 0.00076645118 0 0.0231125187 4.84953598e-05 0.00258622295 0.0158644356 0.000274597289 0.00192089169 0 0 0.000790133723 4.51252527e-05 3.89239649e-05 0 0 4.19750251e-07 0 0.0308773443 0.00332074659 0.000946658722 6.76886111e-06 0 0.0388368182 0 0.000337004778 0.00111684157 0 0 0 3.86006177e-05 2.3412133e-06 0 0 0.000701238867 0 3.23964778e-05 0 0.0359628759 2.94819747e-05 5.10625205e-06 8.97350947e-06 0.0429269001 0 0 0.00362214982 0.0252039004 1 0 0 0 0 0 0 0 0 0 0.387761921 0.138895214 0.128840223 0.524303854 1 1
G119 0.00253894716 0.000164953424 0.0961182192 0 0.000121812685 0.173608795 0 5.01522954e-05 1.15975672e-05 0.000358112738 0.000496062916 0.00233169971 0.000734169211 0.0188608523 0.0177780315 0 0.00109477318 0.00978785381 0.00076645118 0 0.0231125187 4.84953598e-05 0.00258622295 0.0158644356 0.000274597289 0.00192089169 0 0 0.000790133723 4.51252527e-05 3.89239649e-05 0 0 4.19750251e-07 0 0.0308773443 0.00332074659 0.000946658722 6.76886111e-06 0 0.0388368182 0 0.000337004778 0.00111684157 0 0 0 3.86006177e-05 2.3412133e-06 0 0 0.000701238867 0 3.23964778e-05 0 0.0359628759 2.94819747e-05 5.10625205e-06 8.97350947e-06 0.0429269001 0 0 0.00362214982 0.0252039004 0 0 0 0 0 1 0 0 0 0.0227272734 0.489301085 0.220143706 0.204206929 0.725118756 1 1
G271 0.00253894716 0.000164953424 0.0961182192 0 0.000121812685 0.173608795 0 5.01522954e-05 1.15975672e-05 0.000358112738 0.000496062916 0.00233169971 0.000734169211 0.0188608523 0.0177780315 0 0.00109477318 0.00978785381 0.00076645118 0 0.0231125187 4.84953598e-05 0.00258622295 0.0158644356 0.000274597289 0.00192089169 0 0 0.000790133723 4.51252527e-05 3.89239649e-05 0 0 4.19750251e-07 0 0.0308773443 0.00332074659 0.000946658722 6.76886111e-06 0 0.0388368182 0 0.000337004778 0.00111684157 0 0 0 3.86006177e-05 2.3412133e-06 0 0 0.000701238867 0 3.23964778e-05 0 0.0359628759 2.94819747e-05 5.10625205e-06 8.97350947e-06 0.0429269001 0 0 0.00362214982 0.0252039004 0 0 0 0 0 1 0 0 0 0.0227272734 0.387761921 0.220143706 0.204206929 0.515326679 1 1
G30 0.00253894716 0.000164953424 0.0961182192 0 0.000121812685 0.173608795 0 5.01522954e-05 1.15975672e-05 0.000358112738 0.000496062916 0.00233169971 0.000734169211 0.0188608523 0.0177780315 0 0.00109477318 0.00978785381 0.00076645118 0 0.0231125187 4.84953598e-05 0.00258622295 0.0158644356 0.000274597289 0.00192089169 0 0 0.000790133723 4.51252527e-05 3.89239649e-05 0 0 4.19750251e-07 0 0.0308773443 0.00332074659 0.000946658722 6.76886111e-06 0 0.0388368182 0 0.000337004778 0.00111684157 0 0 0 3.86006177e-05 2.3412133e-06 0 0 0.000701238867 0 3.23964778e-05 0 0.0359628759 2.94819747e-05 5.10625205e-06 8.97350947e-06 0.0429269001 0 0 0.00362214982 0.0252039004 1 0 0 0 0 0 0 0 0 0 0.387761921 0.138895214 0.128840223 0.583192229 1 1
G174 0.00253894716 0.000164953424 0.0961182192 0 0.000121812685 0.173608795 0 5.01522954e-05 1.15975672e-05 0.000358112738 0.000496062916 0.00233169971 0.000734169211 0.0188608523 0.0177780315 0 0.00109477318 0.00978785381 0.00076645118 0 0.0231125187 4.84953598e-05 0.00258622295 0.0158644356 0.000274597289 0.00192089169 0 0 0.000790133723 4.51252527e-05 3.89239649e-05 0 0 4.19750251e-07 0 0.0308773443 0.00332074659 0.000946658722 6.76886111e-06 0 0.0388368182 0 0.000337004778 0.00111684157 0 0 0 3.86006177e-05 2.3412133e-06 0 0 0.000701238867 0 3.23964778e-05 0 0.0359628759 2.94819747e-05 5.10625205e-06 8.97350947e-06 0.0429269001 0 0 0.00362214982 0.0252039004 0 0 1 0 0 0 0 0 0 0.0227272734 0.244650543 0.277790427 0.204206929 0.57022208 1 1
G202 0.00253894716 0.000164953424 0.0961182192 0 0.000121812685 0.173608795 0 5.01522954e-05 1.15975672e-05 0.000358112738 0.000496062916 0.00233169971 0.000734169211 0.0188608523 0.0177780315 0 0.00109477318 0.00978785381 0.00076645118 0 0.0231125187 4.84953598e-05 0.00258622295 0.0158644356 0.000274597289 0.00192089169 0 0 0.000790133723 4.51252527e-05 3.89239649e-05 0 0 4.19750251e-07 0 0.0308773443 0.00332074659 0.000946658722 6.76886111e-06 0 0.0388368182 0 0.000337004778 0.00111684157 0 0 0 3.86006177e-05 2.3412133e-06 0 0 0.000701238867 0 3.23964778e-05 0 0.0359628759 2.94819747e-05 5.10625205e-06 8.97350947e-06 0.0429269001 0 0 0.00362214982 0.0252039004 0 0 0 0 0 1 0 0 0 0.0227272734 0.387761921 0.220143706 0.204206929 0.684670269 1 1
G301 0.00253894716 0.000164953424 0.0961182192 0 0.000121812685 0.173608795 0 5.01522954e-05 1.15975672e-05 0.000358112738 0.000496062916 0.00233169971 0.000734169211 0.0188608523 0.0177780315 0 0.00109477318 0.00978785381 0.00076645118 0 0.0231125187 4.84953598e-05 0.00258622295 0.0158644356 0.000274597289 0.00192089169 0 0 0.000790133723 4.51252527e-05 3.89239649e-05 0 0 4.19750251e-07 0 0.0308773443 0.00332074659 0.000946658722 6.76886111e-06 0 0.0388368182 0 0.000337004778 0.00111684157 0 0 0 3.86006177e-05 2.3412133e-06 0 0 0.000701238867 0 3.23964778e-05 0 0.0359628759 2.94819747e-05 5.10625205e-06 8.97350947e-06 0.0429269001 0 0 0.00362214982 0.0252039004 0 0 0 0 0 1 0 0 0 0.0227272734 0.387761921 0.220143706 0.204206929 0.46187973 1 1
G304 0.00253894716 0.000164953424 0.0961182192 0 0.000121812685 0.173608795 0 5.01522954e-05 1.15975672e-05 0.000358112738 0.000496062916 0.00233169971 0.000734169211 0.0188608523 0.0177780315 0 0.00109477318 0.00978785381 0.00076645118 0 0.0231125187 4.84953598e-05 0.00258622295 0.0158644356 0.000274597289 0.00192089169 0 0 0.000790133723 4.51252527e-05 3.89239649e-05 0 0 4.19750251e-07 0 0.0308773443 0.00332074659 0.000946658722 6.76886111e-06 0 0.0388368182 0 0.000337004778 0.00111684157 0 0 0 3.86006177e-05 2.3412133e-06 0 0 0.000701238867 0 3.23964778e-05 0 0.0359628759 2.94819747e-05 5.10625205e-06 8.97350947e-06 0.0429269001 0 0 0.00362214982 0.0252039004 0 0 0 0 0 1 0 0 0 0.0227272734 0.387761921 0.220143706 0.204206929 0.46187973 1 1
G307 0.00253894716 0.000164953424 0.0961182192 0 0.000121812685 0.173608795 0 5.01522954e-05 1.15975672e-05 0.000358112738 0.000496062916 0.00233169971 0.000734169211 0.0188608523 0.0177780315 0 0.00109477318 0.00978785381 0.00076645118 0 0.0231125187 4.84953598e-05 0.00258622295 0.0158644356 0.000274597289 0.00192089169 0 0 0.000790133723 4.51252527e-05 3.89239649e-05 0 0 4.19750251e-07 0 0.0308773443 0.00332074659 0.000946658722 6.76886111e-06 0 0.0388368182 0 0.000337004778 0.00111684157 0 0 0 3.86006177e-05 2.3412133e-06 0 0 0.000701238867 0 3.23964778e-05 0 0.0359628759 2.94819747e-05 5.10625205e-06 8.97350947e-06 0.0429269001 0 0 0.00362214982 0.0252039004 0 0 0 0 0 1 0 0 0 0.0227272734 0.387761921 0.220143706 0.204206929 0.515326679 1 1
G31 0.00253894716 0.000164953424 0.0961182192 0 0.000121812685 0.173608795 0 5.01522954e-05 1.15975672e-05 0.000358112738 0.000496062916 0.00233169971 0.000734169211 0.0188608523 0.0177780315 0 0.00109477318 0.00978785381 0.00076645118 0 0.0231125187 4.84953598e-05 0.00258622295 0.0158644356 0.000274597289 0.00192089169 0 0 0.000790133723 4.51252527e-05 3.89239649e-05 0 0 4.19750251e-07 0 0.0308773443 0.00332074659 0.000946658722 6.76886111e-06 0 0.0388368182 0 0.000337004778 0.00111684157 0 0 0 3.86006177e-05 2.3412133e-06 0 0 0.000701238867 0 3.23964778e-05 0 0.0359628759 2.94819747e-05 5.10625205e-06 8.97350947e-06 0.0429269001 0 0 0.00362214982 0.0252039004 1 0 0 0 0 0 0 0 0 0 0.568060994 0.138895214 0.128840223 0.773371935 1 1
G205 0.00253894716 0.000164953424 0.0961182192 0 0.000121812685 0.173608795 0 5.01522954e-05 1.15975672e-05 0.000358112738 0.000496062916 0.00233169971 0.000734169211 0.0188608523 0.0177780315 0 0.00109477318 0.00978785381 0.00076645118 0 0.0231125187 4.84953598e-05 0.00258622295 0.0158644356 0.000274597289 0.00192089169 0 0 0.000790133723 4.51252527e-05 3.89239649e-05 0 0 4.19750251e-07 0 0.0308773443 0.00332074659 0.000946658722 6.76886111e-06 0 0.0388368182 0 0.000337004778 0.00111684157 0 0 0 3.86006177e-05 2.3412133e-06 0 0 0.000701238867 0 3.23964778e-05 0 0.0359628759 2.94819747e-05 5.10625205e-06 8.97350947e-06 0.0429269001 0 0 0.00362214982 0.0252039004 0 0 0 0 0 1 0 0 0 0.0227272734 0.686820924 0.220143706 0.204206929 0.807724237 1 1
G212 0.00253894716 0.000164953424 0.0961182192 0 0.000121812685 0.173608795 0 5.01522954e-05 1.15975672e-05 0.000358112738 0.000496062916 0.00233169971 0.000734169211 0.0188608523 0.0177780315 0 0.00109477318 0.00978785381 0.00076645118 0 0.0231125187 4.84953598e-05 0.00258622295 0.0158644356 0.000274597289 0.00192089169 0 0 0.000790133723 4.51252527e-05 3.89239649e-05 0 0 4.19750251e-07 0 0.0308773443 0.00332074659 0.000946658722 6.76886111e-06 0 0.0388368182 0 0.000337004778 0.00111684157 0 0 0 3.86006177e-05 2.3412133e-06 0 0 0.000701238867 0 3.23964778e-05 0 0.0359628759 2.94819747e-05 5.10625205e-06 8.97350947e-06 0.0429269001 0 0 0.00362214982 0.0252039004 0 0 0 0 0 1 0 0 0 0.0227272734 0.686820924 0.220143706 0.204206929 0.827372909 1 1
G219 0.00253894716 0.000164953424 0.0961182192 0 0.000121812685 0.173608795 0 5.01522954e-05 1.15975672e-05 0.000358112738 0.000496062916 0.00233169971 0.000734169211 0.0188608523 0.0177780315 0 0.00109477318 0.00978785381 0.00076645118 0 0.0231125187 4.84953598e-05 0.00258622295 0.0158644356 0.000274597289 0.00192089169 0 0 0.000790133723 4.51252527e-05 3.89239649e-05 0 0 4.19750251e-07 0 0.0308773443 0.00332074659 0.000946658722 6.76886111e-06 0 0.0388368182 0 0.000337004778 0.00111684157 0 0 0 3.86006177e-05 2.3412133e-06 0 0 0.000701238867 0 3.23964778e-05 0 0.0359628759 2.94819747e-05 5.10625205e-06 8.97350947e-06 0.0429269001 0 0 0.00362214982 0.0252039004 0 0 0 0 0 1 0 0 0 0.0227272734 0.387761921 0.220143706 0.204206929 0.771250486 1 1
G222 0.00253894716 0.000164953424 0.0961182192 0 0.000121812685 0.173608795 0 5.01522954e-05 1.15975672e-05 0.000358112738 0.000496062916 0.00233169971 0.000734169211 0.0188608523 0.0177780315 0 0.00109477318 0.00978785381 0.00076645118 0 0.0231125187 4.84953598e-05 0.00258622295 0.0158644356 0.000274597289 0.00192089169 0 0 0.000790133723 4.51252527e-05 3.89239649e-05 0 0 4.19750251e-07 0 0.0308773443 0.00332074659 0.000946658722 6.76886111e-06 0 0.0388368182 0 0.000337004778 0.00111684157 0 0 0 3.86006177e-05 2.3412133e-06 0 0 0.000701238867 0 3.23964778e-05 0 0.0359628759 2.94819747e-05 5.10625205e-06 8.97350947e-06 0.0429269001 0 0 0.00362214982 0.0252039004 0 0 0 0 0 1 0 0 0 0.0227272734 0.387761921 0.220143706 0.204206929 0.779586196 1 1
G310 0.00253894716 0.000164953424 0.0961182192 0 0.000121812685 0.173608795 0 5.01522954e-05 1.15975672e-05 0.000358112738 0.000496062916 0.00233169971 0.000734169211 0.0188608523 0.0177780315 0 0.00109477318 0.00978785381 0.00076645118 0 0.0231125187 4.84953598e-05 0.00258622295 0.0158644356 0.000274597289 0.00192089169 0 0 0.000790133723 4.51252527e-05 3.89239649e-05 0 0 4.19750251e-07 0 0.0308773443 0.00332074659 0.000946658722 6.76886111e-06 0 0.0388368182 0 0.000337004778 0.00111684157 0 0 0 3.86006177e-05 2.3412133e-06 0 0 0.000701238867 0 3.23964778e-05 0 0.0359628759 2.94819747e-05 5.10625205e-06 8.97350947e-06 0.0429269001 0 0 0.00362214982 0.0252039004 0 0 0 0 0 1 0 0 0 0.0227272734 0.387761921 0.220143706 0.204206929 0.515326679 1 1
G313 0.00253894716 0.000164953424 0.0961182192 0 0.000121812685 0.173608795 0 5.01522954e-05 1.15975672e-05 0.000358112738 0.000496062916 0.00233169971 0.000734169211 0.0188608523 0.0177780315 0 0.00109477318 0.00978785381 0.00076645118 0 0.0231125187 4.84953598e-05 0.00258622295 0.0158644356 0.000274597289 0.00192089169 0 0 0.000790133723 4.51252527e-05 3.89239649e-05 0 0 4.19750251e-07 0 0.0308773443 0.00332074659 0.000946658722 6.76886111e-06 0 0.0388368182 0 0.000337004778 0.00111684157 0 0 0 3.86006177e-05 2.3412133e-06 0 0 0.000701238867 0 3.23964778e-05 0 0.0359628759 2.94819747e-05 5.10625205e-06 8.97350947e-06 0.0429269001 0 0 0.00362214982 0.0252039004 0 0 0 0 0 1 0 0 0 0.0454545468 0.244650543 0.277790427 0.257680446 0.755633533 1 1
G314 0.00253894716 0.000164953424 0.0961182192 0 0.000121812685 0.173608795 0 5.01522954e-05 1.15975672e-05 0.000358112738 0.000496062916 0.00233169971 0.000734169211 0.0188608523 0.0177780315 0 0.00109477318 0.00978785381 0.00076645118 0 0.0231125187 4.84953598e-05 0.00258622295 0.0158644356 0.000274597289 0.00192089169 0 0 0.000790133723 4.51252527e-05 3.89239649e-05 0 0 4.19750251e-07 0 0.0308773443 0.00332074659 0.000946658722 6.76886111e-06 0 0.0388368182 0 0.000337004778 0.00111684157 0 0 0 3.86006177e-05 2.3412133e-06 0 0 0.000701238867 0 3.23964778e-05 0 0.0359628759 2.94819747e-05 5.10625205e-06 8.97350947e-06 0.0429269001 0 0 0.00362214982 0.0252039004 0 0 0 0 0 1 0 0 0 0.0454545468 0.244650543 0.277790427 0.257680446 0.755633533 1 1
G315 0.00253894716 0.000164953424 0.0961182192 0 0.000121812685 0.173608795 0 5.01522954e-05 1.15975672e-05 0.000358112738 0.000496062916 0.00233169971 0.000734169211 0.0188608523 0.0177780315 0 0.00109477318 0.00978785381 0.00076645118 0 0.0231125187 4.84953598e-05 0.00258622295 0.0158644356 0.000274597289 0.00192089169 0 0 0.000790133723 4.51252527e-05 3.89239649e-05 0 0 4.19750251e-07 0 0.0308773443 0.00332074659 0.000946658722 6.76886111e-06 0 0.0388368182 0 0.000337004778 0.00111684157 0 0 0 3.86006177e-05 2.3412133e-06 0 0 0.000701238867 0 3.23964778e-05 0 0.0359628759 2.94819747e-05 5.10625205e-06 8.97350947e-06 0.0429269001 0 0 0.00362214982 0.0252039004 0 0 0 0 0 1 0 0 0 0.0454545468 0.244650543 0.277790427 0.257680446 0.755633533 1 1
G32 0.00253894716 0.000164953424 0.0961182192 0 0.000121812685 0.173608795 0 5.01522954e-05 1.15975672e-05 0.000358112738 0.000496062916 0.00233169971 0.000734169211 0.0188608523 0.0177780315 0 0.00109477318 0.00978785381 0.00076645118 0 0.0231125187 4.84953598e-05 0.00258622295 0.0158644356 0.000274597289 0.00192089169 0 0 0.000790133723 4.51252527e-05 3.89239649e-05 0 0 4.19750251e-07 0 0.0308773443 0.00332074659 0.000946658722 6.76886111e-06 0 0.0388368182 0 0.000337004778 0.00111684157 0 0 0 3.86006177e-05 2.3412133e-06 0 0 0.000701238867 0 3.23964778e-05 0 0.0359628759 2.94819747e-05 5.10625205e-06 8.97350947e-06 0.0429269001 0 0 0.00362214982 0.0252039004 1 0 0 0 0 0 0 0 0 0 0.568060994 0.138895214 0.128840223 0.505864024 1 1
G225 0.00253894716 0.000164953424 0.0961182192 0 0.000121812685 0.173608795 0 5.01522954e-05 1.15975672e-05 0.000358112738 0.000496062916 0.00233169971 0.000734169211 0.0188608523 0.0177780315 0 0.00109477318 0.00978785381 0.00076645118 0 0.0231125187 4.84953598e-05 0.00258622295 0.0158644356 0.000274597289 0.00192089169 0 0 0.000790133723 4.51252527e-05 3.89239649e-05 0 0 4.19750251e-07 0 0.0308773443 0.00332074659 0.000946658722 6.76886111e-06 0 0.0388368182 0 0.000337004778 0.00111684157 0 0 0 3.86006177e-05 2.3412133e-06 0 0 0.000701238867 0 3.23964778e-05 0 0.0359628759 2.94819747e-05 5.10625205e-06 8.97350947e-06 0.0429269001 0 0 0.00362214982 0.0252039004 0 0 0 0 0 1 0 0 0 0.0227272734 0.387761921 0.220143706 0.204206929 0.766928852 1 1
G228 0.00253894716 0.000164953424 0.0961182192 0 0.000121812685 0.173608795 0 5.01522954e-05 1.15975672e-05 0.000358112738 0.000496062916 0.00233169971 0.000734169211 0.0188608523 0.0177780315 0 0.00109477318 0.00978785381 0.00076645118 0 0.0231125187 4.84953598e-05 0.00258622295 0.0158644356 0.000274597289 0.00192089169 0 0 0.000790133723 4.51252527e-05 3.89239649e-05 0 0 4.19750251e-07 0 0.0308773443 0.00332074659 0.000946658722 6.76886111e-06 0 0.0388368182 0 0.000337004778 0.00111684157 0 0 0 3.86006177e-05 2.3412133e-06 0 0 0.000701238867 0 3.23964778e-05 0 0.0359628759 2.94819747e-05 5.10625205e-06 8.97350947e-06 0.0429269001 0 0 0.00362214982 0.0252039004 0 0 0 0 0 1 0 0 0 0.0227272734 0.686820924 0.220143706 0.204206929 0.55621326 1 1
G235 0.00253894716 0.000164953424 0.0961182192 0 0.000121812685 0.173608795 0 5.01522954e-05 1.15975672e-05 0.000358112738 0.000496062916 0.00233169971 0.000734169211 0.0188608523 0.0177780315 0 0.00109477318 0.00978785381 0.00076645118 0 0.0231125187 4.84953598e-05 0.00258622295 0.0158644356 0.000274597289 0.00192089169 0 0 0.000790133723 4.51252527e-05 3.89239649e-05 0 0 4.19750251e-07 0 0.0308773443 0.00332074659 0.000946658722 6.76886111e-06 0 0.0388368182 0 0.000337004778 0.00111684157 0 0 0 3.86006177e-05 2.3412133e-06 0 0 0.000701238867 0 3.23964778e-05 0 0.0359628759 2.94819747e-05 5.10625205e-06 8.97350947e-06 0.0429269001 0 0 0.00362214982 0.0252039004 0 0 0 0 0 1 0 0 0 0.0227272734 0.244650543 0.220143706 0.204206929 0.495860308 1 1
G322 0.00253894716 0.000164953424 0.0961182192 0 0.000121812685 0.173608795 0 5.01522954e-05 1.15975672e-05 0.000358112738 0.000496062916 0.00233169971 0.000734169211 0.0188608523 0.0177780315 0 0.00109477318 0.00978785381 0.00076645118 0 0.0231125187 4.84953598e-05 0.00258622295 0.0158644356 0.000274597289 0.00192089169 0 0 0.000790133723 4.51252527e-05 3.89239649e-05 0 0 4.19750251e-07 0 0.0308773443 0.00332074659 0.000946658722 6.76886111e-06 0 0.0388368182 0 0.000337004778 0.00111684157 0 0 0 3.86006177e-05 2.3412133e-06 0 0 0.000701238867 0 3.23964778e-05 0 0.0359628759 2.94819747e-05 5.10625205e-06 8.97350947e-06 0.0429269001 0 0 0.00362214982 0.0252039004 0 0 0 0 0 1 0 0 0 0.0454545468 0.244650543 0.277790427 0.257680446 0.755633533 1 1
G323 0.00253894716 0.000164953424 0.0961182192 0 0.000121812685 0.173608795 0 5.01522954e-05 1.15975672e-05 0.000358112738 0.000496062916 0.00233169971 0.000734169211 0.0188608523 0.0177780315 0 0.00109477318 0.00978785381 0.00076645118 0 0.0231125187 4.84953598e-05 0.00258622295 0.0158644356 0.000274597289 0.00192089169 0 0 0.000790133723 4.51252527e-05 3.89239649e-05 0 0 4.19750251e-07 0 0.0308773443 0.00332074659 0.000946658722 6.76886111e-06 0 0.0388368182 0 0.000337004778 0.00111684157 0 0 0 3.86006177e-05 2.3412133e-06 0 0 0.000701238867 0 3.23964778e-05 0 0.0359628759 2.94819747e-05 5.10625205e-06 8.97350947e-06 0.0429269001 0 0 0.00362214982 0.0252039004 0 0 0 0 0 1 0 0 0 0.0454545468 0.244650543 0.277790427 0.257680446 0.783609748 1 1
G324 0.00253894716 0.000164953424 0.0961182192 0 0.000121812685 0.173608795 0 5.01522954e-05 1.15975672e-05 0.000358112738 0.000496062916 0.00233169971 0.000734169211 0.0188608523 0.0177780315 0 0.00109477318 0.00978785381 0.00076645118 0 0.0231125187 4.84953598e-05 0.00258622295 0.0158644356 0.000274597289 0.00192089169 0 0 0.000790133723 4.51252527e-05 3.89239649e-05 0 0 4.19750251e-07 0 0.0308773443 0.00332074659 0.000946658722 6.76886111e-06 0 0.0388368182 0 0.000337004778 0.00111684157 0 0 0 3.86006177e-05 2.3412133e-06 0 0 0.000701238867 0 3.23964778e-05 0 0.0359628759 2.94819747e-05 5.10625205e-06 8.97350947e-06 0.0429269001 0 0 0.00362214982 0.0252039004 0 0 0 0 0 1 0 0 0 0.0454545468 0.244650543 0.277790427 0.257680446 0.783609748 1 1
G325 0.00253894716 0.000164953424 0.0961182192 0 0.000121812685 0.173608795 0 5.01522954e-05 1.15975672e-05 0.000358112738 0.000496062916 0.00233169971 0.000734169211 0.0188608523 0.0177780315 0 0.00109477318 0.00978785381 0.00076645118 0 0.0231125187 4.84953598e-05 0.00258622295 0.0158644356 0.000274597289 0.00192089169 0 0 0.000790133723 4.51252527e-05 3.89239649e-05 0 0 4.19750251e-07 0 0.0308773443 0.00332074659 0.000946658722 6.76886111e-06 0 0.0388368182 0 0.000337004778 0.00111684157 0 0 0 3.86006177e-05 2.3412133e-06 0 0 0.000701238867 0 3.23964778e-05 0 0.0359628759 2.94819747e-05 5.10625205e-06 8.97350947e-06 0.0429269001 0 0 0.00362214982 0.0252039004 0 0 0 0 0 1 0 0 0 0.0454545468 0.244650543 0.277790427 0.257680446 0.783609748 1 1
G326 0.00253894716 0.000164953424 0.0961182192 0 0.000121812685 0.173608795 0 5.01522954e-05 1.15975672e-05 0.000358112738 0.000496062916 0.00233169971 0.000734169211 0.0188608523 0.0177780315 0 0.00109477318 0.00978785381 0.00076645118 0 0.0231125187 4.84953598e-05 0.00258622295 0.0158644356 0.000274597289 0.00192089169 0 0 0.000790133723 4.51252527e-05 3.89239649e-05 0 0 4.19750251e-07 0 0.0308773443 0.00332074659 0.000946658722 6.76886111e-06 0 0.0388368182 0 0.000337004778 0.00111684157 0 0 0 3.86006177e-05 2.3412133e-06 0 0 0.000701238867 0 3.23964778e-05 0 0.0359628759 2.94819747e-05 5.10625205e-06 8.97350947e-06 0.0429269001 0 0 0.00362214982 0.0252039004 0 0 0 0 0 1 0 0 0 0.0454545468 0.244650543 0.277790427 0.257680446 0.783609748 1 1
G327 0.00253894716 0.000164953424 0.0961182192 0 0.000121812685 0.173608795 0 5.01522954e-05 1.15975672e-05 0.000358112738 0.000496062916 0.00233169971 0.000734169211 0.0188608523 0.0177780315 0 0.00109477318 0.00978785381 0.00076645118 0 0.0231125187 4.84953598e-05 0.00258622295 0.0158644356 0.000274597289 0.00192089169 0 0 0.000790133723 4.51252527e-05 3.89239649e-05 0 0 4.19750251e-07 0 0.0308773443 0.00332074659 0.000946658722 6.76886111e-06 0 0.0388368182 0 0.000337004778 0.00111684157 0 0 0 3.86006177e-05 2.3412133e-06 0 0 0.000701238867 0 3.23964778e-05 0 0.0359628759 2.94819747e-05 5.10625205e-06 8.97350947e-06 0.0429269001 0 0 0.00362214982 0.0252039004 0 0 0 0 0 1 0 0 0 0.0454545468 0.244650543 0.277790427 0.257680446 0.755633533 1 1
G328 0.00253894716 0.000164953424 0.0961182192 0 0.000121812685 0.173608795 0 5.01522954e-05 1.15975672e-05 0.000358112738 0.000496062916 0.00233169971 0.000734169211 0.0188608523 0.0177780315 0 0.00109477318 0.00978785381 0.00076645118 0 0.0231125187 4.84953598e-05 0.00258622295 0.0158644356 0.000274597289 0.00192089169 0 0 0.000790133723 4.51252527e-05 3.89239649e-05 0 0 4.19750251e-07 0 0.0308773443 0.00332074659 0.000946658722 6.76886111e-06 0 0.0388368182 0 0.000337004778 0.00111684157 0 0 0 3.86006177e-05 2.3412133e-06 0 0 0.000701238867 0 3.23964778e-05 0 0.0359628759 2.94819747e-05 5.10625205e-06 8.97350947e-06 0.0429269001 0 0 0.00362214982 0.0252039004 0 0 0 0 0 1 0 0 0 0.0454545468 0.244650543 0.277790427 0.257680446 0.755633533 1 1
G33 0.00253894716 0.000164953424 0.0961182192 0 0.000121812685 0.173608795 0 5.01522954e-05 1.15975672e-05 0.000358112738 0.000496062916 0.00233169971 0.000734169211 0.0188608523 0.0177780315 0 0.00109477318 0.00978785381 0.00076645118 0 0.0231125187 4.84953598e-05 0.00258622295 0.0158644356 0.000274597289 0.00192089169 0 0 0.000790133723 4.51252527e-05 3.89239649e-05 0 0 4.19750251e-07 0 0.0308773443 0.00332074659 0.000946658722 6.76886111e-06 0 0.0388368182 0 0.000337004778 0.00111684157 0 0 0 3.86006177e-05 2.3412133e-06 0 0 0.000701238867 0 3.23964778e-05 0 0.0359628759 2.94819747e-05 5.10625205e-06 8.97350947e-06 0.0429269001 0 0 0.00362214982 0.0252039004 1 0 0 0 0 0 0 0 0 0 0.733951628 0.138895214 0.128840223 0.505864024 1 1
G197 0.00253894716 0.000164953424 0.0961182192 0 0.000121812685 0.173608795 0 5.01522954e-05 1.15975672e-05 0.000358112738 0.000496062916 0.00233169971 0.000734169211 0.0188608523 0.0177780315 0 0.00109477318 0.00978785381 0.00076645118 0 0.0231125187 4.84953598e-05 0.00258622295 0.0158644356 0.000274597289 0.00192089169 0 0 0.000790133723 4.51252527e-05 3.89239649e-05 0 0 4.19750251e-07 0 0.0308773443 0.00332074659 0.000946658722 6.76886111e-06 0 0.0388368182 0 0.000337004778 0.00111684157 0 0 0 3.86006177e-05 2.3412133e-06 0 0 0.000701238867 0 3.23964778e-05 0 0.0359628759 2.94819747e-05 5.10625205e-06 8.97350947e-06 0.0429269001 0 0 0.00362214982 0.0252039004 0 0 0 0 0 1 0 0 0 0.0227272734 0.244650543 0.220143706 0.204206929 0.805982769 1 1
G198 0.00253894716 0.000164953424 0.0961182192 0 0.000121812685 0.173608795 0 5.01522954e-05 1.15975672e-05 0.000358112738 0.000496062916 0.00233169971 0.000734169211 0.0188608523 0.0177780315 0 0.00109477318 0.00978785381 0.00076645118 0 0.0231125187 4.84953598e-05 0.00258622295 0.0158644356 0.000274597289 0.00192089169 0 0 0.000790133723 4.51252527e-05 3.89239649e-05 0 0 4.19750251e-07 0 0.0308773443 0.00332074659 0.000946658722 6.76886111e-06 0 0.0388368182 0 0.000337004778 0.00111684157 0 0 0 3.86006177e-05 2.3412133e-06 0 0 0.000701238867 0 3.23964778e-05 0 0.0359628759 2.94819747e-05 5.10625205e-06 8.97350947e-06 0.0429269001 0 0 0.00362214982 0.0252039004 0 0 0 0 0 1 0 0 0 0.0227272734 0.244650543 0.220143706 0.204206929 0.805982769 1 1
G238 0.00253894716 0.000164953424 0.0961182192 0 0.000121812685 0.173608795 0 5.01522954e-05 1.15975672e-05 0.000358112738 0.000496062916 0.00233169971 0.000734169211 0.0188608523 0.0177780315 0 0.00109477318 0.00978785381 0.00076645118 0 0.0231125187 4.84953598e-05 0.00258622295 0.0158644356 0.000274597289 0.00192089169 0 0 0.000790133723 4.51252527e-05 3.89239649e-05 0 0 4.19750251e-07 0 0.0308773443 0.00332074659 0.000946658722 6.76886111e-06 0 0.0388368182 0 0.000337004778 0.00111684157 0 0 0 3.86006177e-05 2.3412133e-06 0 0 0.000701238867 0 3.23964778e-05 0 0.0359628759 2.94819747e-05 5.10625205e-06 8.97350947e-06 0.0429269001 0 0 0.00362214982 0.0252039004 0 0 0 0 0 1 0 0 0 0.0227272734 0.387761921 0.220143706 0.204206929 0.57022208 1 1
G241 0.00253894716 0.000164953424 0.0961182192 0 0.000121812685 0.173608795 0 5.01522954e-05 1.15975672e-05 0.000358112738 0.000496062916 0.00233169971 0.000734169211 0.0188608523 0.0177780315 0 0.00109477318 0.00978785381 0.00076645118 0 0.0231125187 4.84953598e-05 0.00258622295 0.0158644356 0.000274597289 0.00192089169 0 0 0.000790133723 4.51252527e-05 3.89239649e-05 0 0 4.19750251e-07 0 0.0308773443 0.00332074659 0.000946658722 6.76886111e-06 0 0.0388368182 0 0.000337004778 0.00111684157 0 0 0 3.86006177e-05 2.3412133e-06 0 0 0.000701238867 0 3.23964778e-05 0 0.0359628759 2.94819747e-05 5.10625205e-06 8.97350947e-06 0.0429269001 0 0 0.00362214982 0.0252039004 0 0 0 0 0 1 0 0 0 0.0227272734 0.686820924 0.220143706 0.204206929 0.694868326 1 1
G248 0.00253894716 0.000164953424 0.0961182192 0 0.000121812685 0.173608795 0 5.01522954e-05 1.15975672e-05 0.000358112738 0.000496062916 0.00233169971 0.000734169211 0.0188608523 0.0177780315 0 0.00109477318 0.00978785381 0.00076645118 0 0.0231125187 4.84953598e-05 0.00258622295 0.0158644356 0.000274597289 0.00192089169 0 0 0.000790133723 4.51252527e-05 3.89239649e-05 0 0 4.19750251e-07 0 0.0308773443 0.00332074659 0.000946658722 6.76886111e-06 0 0.0388368182 0 0.000337004778 0.00111684157 0 0 0 3.86006177e-05 2.3412133e-06 0 0 0.000701238867 0 3.23964778e-05 0 0.0359628759 2.94819747e-05 5.10625205e-06 8.97350947e-06 0.0429269001 0 0 0.00362214982 0.0252039004 0 0 0 0 0 1 0 0 0 0.0227272734 0.568060994 0.220143706 0.204206929 0.684670269 1 1
G253 0.00253894716 0.000164953424 0.0961182192 0 0.000121812685 0.173608795 0 5.01522954e-05 1.15975672e-05 0.000358112738 0.000496062916 0.00233169971 0.000734169211 0.0188608523 0.0177780315 0 0.00109477318 0.00978785381 0.00076645118 0 0.0231125187 4.84953598e-05 0.00258622295 0.0158644356 0.000274597289 0.00192089169 0 0 0.000790133723 4.51252527e-05 3.89239649e-05 0 0 4.19750251e-07 0 0.0308773443 0.00332074659 0.000946658722 6.76886111e-06 0 0.0388368182 0 0.000337004778 0.00111684157 0 0 0 3.86006177e-05 2.3412133e-06 0 0 0.000701238867 0 3.23964778e-05 0 0.0359628759 2.94819747e-05 5.10625205e-06 8.97350947e-06 0.0429269001 0 0 0.00362214982 0.0252039004 0 0 0 0 0 1 0 0 0 0.0227272734 0.686820924 0.220143706 0.204206929 0.55621326 1 1
G260 0.00253894716 0.000164953424 0.0961182192 0 0.000121812685 0.173608795 0 5.01522954e-05 1.15975672e-05 0.000358112738 0.000496062916 0.00233169971 0.000734169211 0.0188608523 0.0177780315 0 0.00109477318 0.00978785381 0.00076645118 0 0.0231125187 4.84953598e-05 0.00258622295 0.0158644356 0.000274597289 0.00192089169 0 0 0.000790133723 4.51252527e-05 3.89239649e-05 0 0 4.19750251e-07 0 0.0308773443 0.00332074659 0.000946658722 6.76886111e-06 0 0.0388368182 0 0.000337004778 0.00111684157 0 0 0 3.86006177e-05 2.3412133e-06 0 0 0.000701238867 0 3.23964778e-05 0 0.0359628759 2.94819747e-05 5.10625205e-06 8.97350947e-06 0.0429269001 0 0 0.00362214982 0.0252039004 0 0 0 0 0 1 0 0 0 0.0227272734 0.568060994 0.220143706 0.204206929 0.495860308 1 1
G329 0.00253894716 0.000164953424 0.0961182192 0 0.000121812685 0.173608795 0 5.01522954e-05 1.15975672e-05 0.000358112738 0.000496062916 0.00233169971 0.000734169211 0.0188608523 0.0177780315 0 0.00109477318 0.00978785381 0.00076645118 0 0.0231125187 4.84953598e-05 0.00258622295 0.0158644356 0.000274597289 0.00192089169 0 0 0.000790133723 4.51252527e-05 3.89239649e-05 0 0 4.19750251e-07 0 0.0308773443 0.00332074659 0.000946658722 6.76886111e-06 0 0.0388368182 0 0.000337004778 0.00111684157 0 0 0 3.86006177e-05 2.3412133e-06 0 0 0.000701238867 0 3.23964778e-05 0 0.0359628759 2.94819747e-05 5.10625205e-06 8.97350947e-06 0.0429269001 0 0 0.00362214982 0.0252039004 0 0 1 0 0 0 0 0 0 0.0454545468 0.244650543 0.359038919 0.257680446 0.684670269 1 1
G330 0.00253894716 0.000164953424 0.0961182192 0 0.000121812685 0.173608795 0 5.01522954e-05 1.15975672e-05 0.000358112738 0.000496062916 0.00233169971 0.000734169211 0.0188608523 0.0177780315 0 0.00109477318 0.00978785381 0.00076645118 0 0.0231125187 4.84953598e-05 0.00258622295 0.0158644356 0.000274597289 0.00192089169 0 0 0.000790133723 4.51252527e-05 3.89239649e-05 0 0 4.19750251e-07 0 0.0308773443 0.00332074659 0.000946658722 6.76886111e-06 0 0.0388368182 0 0.000337004778 0.00111684157 0 0 0 3.86006177e-05 2.3412133e-06 0 0 0.000701238867 0 3.23964778e-05 0 0.0359628759 2.94819747e-05 5.10625205e-06 8.97350947e-06 0.0429269001 0 0 0.00362214982 0.0252039004 0 0 1 0 0 0 0 0 0 0.0454545468 0.244650543 0.359038919 0.257680446 0.722318411 1 1
G331 0.00253894716 0.000164953424 0.0961182192 0 0.000121812685 0.173608795 0 5.01522954e-05 1.15975672e-05 0.000358112738 0.000496062916 0.00233169971 0.000734169211 0.0188608523 0.0177780315 0 0.00109477318 0.00978785381 0.00076645118 0 0.0231125187 4.84953598e-05 0.00258622295 0.0158644356 0.000274597289 0.00192089169 0 0 0.000790133723 4.51252527e-05 3.89239649e-05 0 0 4.19750251e-07 0 0.0308773443 0.00332074659 0.000946658722 6.76886111e-06 0 0.0388368182 0 0.000337004778 0.00111684157 0 0 0 3.86006177e-05 2.3412133e-06 0 0 0.000701238867 0 3.23964778e-05 0 0.0359628759 2.94819747e-05 5.10625205e-06 8.97350947e-06 0.0429269001 0 0 0.00362214982 0.0252039004 0 0 1 0 0 0 0 0 0 0.0454545468 0.244650543 0.359038919 0.257680446 0.704504728 1 1
G332 0.00253894716 0.000164953424 0.0961182192 0 0.000121812685 0.173608795 0 5.01522954e-05 1.15975672e-05 0.000358112738 0.000496062916 0.00233169971 0.000734169211 0.0188608523 0.0177780315 0 0.00109477318 0.00978785381 0.00076645118 0 0.0231125187 4.84953598e-05 0.00258622295 0.0158644356 0.000274597289 0.00192089169 0 0 0.000790133723 4.51252527e-05 3.89239649e-05 0 0 4.19750251e-07 0 0.0308773443 0.00332074659 0.000946658722 6.76886111e-06 0 0.0388368182 0 0.000337004778 0.00111684157 0 0 0 3.86006177e-05 2.3412133e-06 0 0 0.000701238867 0 3.23964778e-05 0 0.0359628759 2.94819747e-05 5.10625205e-06 8.97350947e-06 0.0429269001 0 0 0.00362214982 0.0252039004 0 0 1 0 0 0 0 0 0 0.0454545468 0.244650543 0.359038919 0.257680446 0.631971776 1 1
G333 0.00253894716 0.000164953424 0.0961182192 0 0.000121812685 0.173608795 0 5.01522954e-05 1.15975672e-05 0.000358112738 0.000496062916 0.00233169971 0.000734169211 0.0188608523 0.0177780315 0 0.00109477318 0.00978785381 0.00076645118 0 0.0231125187 4.84953598e-05 0.00258622295 0.0158644356 0.000274597289 0.00192089169 0 0 0.000790133723 4.51252527e-05 3.89239649e-05 0 0 4.19750251e-07 0 0.0308773443 0.00332074659 0.000946658722 6.76886111e-06 0 0.0388368182 0 0.000337004778 0.00111684157 0 0 0 3.86006177e-05 2.3412133e-06 0 0 0.000701238867 0 3.23964778e-05 0 0.0359628759 2.94819747e-05 5.10625205e-06 8.97350947e-06 0.0429269001 0 0 0.00362214982 0.0252039004 0 0 1 0 0 0 0 0 0 0.0454545468 0.244650543 0.359038919 0.257680446 0.532842994 1 1
G334 0.00253894716 0.000164953424 0.0961182192 0 0.000121812685 0.173608795 0 5.01522954e-05 1.15975672e-05 0.000358112738 0.000496062916 0.00233169971 0.000734169211 0.0188608523 0.0177780315 0 0.00109477318 0.00978785381 0.00076645118 0 0.0231125187 4.84953598e-05 0.00258622295 0.0158644356 0.000274597289 0.00192089169 0 0 0.000790133723 4.51252527e-05 3.89239649e-05 0 0 4.19750251e-07 0 0.0308773443 0.00332074659 0.000946658722 6.76886111e-06 0 0.0388368182 0 0.000337004778 0.00111684157 0 0 0 3.86006177e-05 2.3412133e-06 0 0 0.000701238867 0 3.23964778e-05 0 0.0359628759 2.94819747e-05 5.10625205e-06 8.97350947e-06 0.0429269001 0 0 0.00362214982 0.0252039004 0 0 1 0 0 0 0 0 0 0.0454545468 0.244650543 0.359038919 0.257680446 0.601005912 1 1
G335 0.00253894716 0.000164953424 0.0961182192 0 0.000121812685 0.173608795 0 5.01522954e-05 1.15975672e-05 0.000358112738 0.000496062916 0.00233169971 0.000734169211 0.0188608523 0.0177780315 0 0.00109477318 0.00978785381 0.00076645118 0 0.0231125187 4.84953598e-05 0.00258622295 0.0158644356 0.000274597289 0.00192089169 0 0 0.000790133723 4.51252527e-05 3.89239649e-05 0 0 4.19750251e-07 0 0.0308773443 0.00332074659 0.000946658722 6.76886111e-06 0 0.0388368182 0 0.000337004778 0.00111684157 0 0 0 3.86006177e-05 2.3412133e-06 0 0 0.000701238867 0 3.23964778e-05 0 0.0359628759 2.94819747e-05 5.10625205e-06 8.97350947e-06 0.0429269001 0 0 0.00362214982 0.0252039004 0 0 0 0 0 1 0 0 0 0.0454545468 0.387761921 0.277790427 0.257680446 0.812847078 1 1
G338 0.00253894716 0.000164953424 0.0961182192 0 0.000121812685 0.173608795 0 5.01522954e-05 1.15975672e-05 0.000358112738 0.000496062916 0.00233169971 0.000734169211 0.0188608523 0.0177780315 0 0.00109477318 0.00978785381 0.00076645118 0 0.0231125187 4.84953598e-05 0.00258622295 0.0158644356 0.000274597289 0.00192089169 0 0 0.000790133723 4.51252527e-05 3.89239649e-05 0 0 4.19750251e-07 0 0.0308773443 0.00332074659 0.000946658722 6.76886111e-06 0 0.0388368182 0 0.000337004778 0.00111684157 0 0 0 3.86006177e-05 2.3412133e-06 0 0 0.000701238867 0 3.23964778e-05 0 0.0359628759 2.94819747e-05 5.10625205e-06 8.97350947e-06 0.0429269001 0 0 0.00362214982 0.0252039004 0 0 0 0 0 1 0 0 0 0.0454545468 0.387761921 0.277790427 0.257680446 0.819452226 1 1
G347 0.00253894716 0.000164953424 0.0961182192 0 0.000121812685 0.173608795 0 5.01522954e-05 1.15975672e-05 0.000358112738 0.000496062916 0.00233169971 0.000734169211 0.0188608523 0.0177780315 0 0.00109477318 0.00978785381 0.00076645118 0 0.0231125187 4.84953598e-05 0.00258622295 0.0158644356 0.000274597289 0.00192089169 0 0 0.000790133723 4.51252527e-05 3.89239649e-05 0 0 4.19750251e-07 0 0.0308773443 0.00332074659 0.000946658722 6.76886111e-06 0 0.0388368182 0 0.000337004778 0.00111684157 0 0 0 3.86006177e-05 2.3412133e-06 0 0 0.000701238867 0 3.23964778e-05 0 0.0359628759 2.94819747e-05 5.10625205e-06 8.97350947e-06 0.0429269001 0 0 0.00362214982 0.0252039004 0 0 0 0 0 1 0 0 0 0.0454545468 0.387761921 0.277790427 0.257680446 0.804223776 1 1
G350 0.00253894716 0.000164953424 0.0961182192 0 0.000121812685 0.173608795 0 5.01522954e-05 1.15975672e-05 0.000358112738 0.000496062916 0.00233169971 0.000734169211 0.0188608523 0.0177780315 0 0.00109477318 0.00978785381 0.00076645118 0 0.0231125187 4.84953598e-05 0.00258622295 0.0158644356 0.000274597289 0.00192089169 0 0 0.000790133723 4.51252527e-05 3.89239649e-05 0 0 4.19750251e-07 0 0.0308773443 0.00332074659 0.000946658722 6.76886111e-06 0 0.0388368182 0 0.000337004778 0.00111684157 0 0 0 3.86006177e-05 2.3412133e-06 0 0 0.000701238867 0 3.23964778e-05 0 0.0359628759 2.94819747e-05 5.10625205e-06 8.97350947e-06 0.0429269001 0 0 0.00362214982 0.0252039004 0 0 0 0 0 1 0 0 0 0.0454545468 0.387761921 0.277790427 0.257680446 0.811156034 1 1
G353 0.00253894716 0.000164953424 0.0961182192 0 0.000121812685 0.173608795 0 5.01522954e-05 1.15975672e-05 0.000358112738 0.000496062916 0.00233169971 0.000734169211 0.0188608523 0.0177780315 0 0.00109477318 0.00978785381 0.00076645118 0 0.0231125187 4.84953598e-05 0.00258622295 0.0158644356 0.000274597289 0.00192089169 0 0 0.000790133723 4.51252527e-05 3.89239649e-05 0 0 4.19750251e-07 0 0.0308773443 0.00332074659 0.000946658722 6.76886111e-06 0 0.0388368182 0 0.000337004778 0.00111684157 0 0 0 3.86006177e-05 2.3412133e-06 0 0 0.000701238867 0 3.23964778e-05 0 0.0359628759 2.94819747e-05 5.10625205e-06 8.97350947e-06 0.0429269001 0 0 0.00362214982 0.0252039004 0 1 0 0 0 0 0 0 0 0.0454545468 0.387761921 0.220143706 0.299157739 0.764727354 1 1
G359 0.00253894716 0.000164953424 0.0961182192 0 0.000121812685 0.173608795 0 5.01522954e-05 1.15975672e-05 0.000358112738 0.000496062916 0.00233169971 0.000734169211 0.0188608523 0.0177780315 0 0.00109477318 0.00978785381 0.00076645118 0 0.0231125187 4.84953598e-05 0.00258622295 0.0158644356 0.000274597289 0.00192089169 0 0 0.000790133723 4.51252527e-05 3.89239649e-05 0 0 4.19750251e-07 0 0.0308773443 0.00332074659 0.000946658722 6.76886111e-06 0 0.0388368182 0 0.000337004778 0.00111684157 0 0 0 3.86006177e-05 2.3412133e-06 0 0 0.000701238867 0 3.23964778e-05 0 0.0359628759 2.94819747e-05 5.10625205e-06 8.97350947e-06 0.0429269001 0 0 0.00362214982 0.0252039004 0 0 0 0 0 1 0 0 0 0.0454545468 0.387761921 0.277790427 0.257680446 0.807724237 1 1
G362 0.00253894716 0.000164953424 0.0961182192 0 0.000121812685 0.173608795 0 5.01522954e-05 1.15975672e-05 0.000358112738 0.000496062916 0.00233169971 0.000734169211 0.0188608523 0.0177780315 0 0.00109477318 0.00978785381 0.00076645118 0 0.0231125187 4.84953598e-05 0.00258622295 0.0158644356 0.000274597289 0.00192089169 0 0 0.000790133723 4.51252527e-05 3.89239649e-05 0 0 4.19750251e-07 0 0.0308773443 0.00332074659 0.000946658722 6.76886111e-06 0 0.0388368182 0 0.000337004778 0.00111684157 0 0 0 3.86006177e-05 2.3412133e-06 0 0 0.000701238867 0 3.23964778e-05 0 0.0359628759 2.94819747e-05 5.10625205e-06 8.97350947e-06 0.0429269001 0 0 0.00362214982 0.0252039004 0 0 0 0 0 1 0 0 0 0.0454545468 0.387761921 0.277790427 0.257680446 0.814521849 1 1
G365 0.00253894716 0.000164953424 0.0961182192 0 0.000121812685 0.173608795 0 5.01522954e-05 1.15975672e-05 0.000358112738 0.000496062916 0.00233169971 0.000734169211 0.0188608523 0.0177780315 0 0.00109477318 0.00978785381 0.00076645118 0 0.0231125187 4.84953598e-05 0.00258622295 0.0158644356 0.000274597289 0.00192089169 0 0 0.000790133723 4.51252527e-05 3.89239649e-05 0 0 4.19750251e-07 0 0.0308773443 0.00332074659 0.000946658722 6.76886111e-06 0 0.0388368182 0 0.000337004778 0.00111684157 0 0 0 3.86006177e-05 2.3412133e-06 0 0 0.000701238867 0 3.23964778e-05 0 0.0359628759 2.94819747e-05 5.10625205e-06 8.97350947e-06 0.0429269001 0 0 0.00362214982 0.0252039004 0 1 0 0 0 0 0 0 0 0.0454545468 0.387761921 0.220143706 0.299157739 0.78754288 1 1
G368 0.00253894716 0.000164953424 0.0961182192 0 0.000121812685 0.173608795 0 5.01522954e-05 1.15975672e-05 0.000358112738 0.000496062916 0.00233169971 0.000734169211 0.0188608523 0.0177780315 0 0.00109477318 0.00978785381 0.00076645118 0 0.0231125187 4.84953598e-05 0.00258622295 0.0158644356 0.000274597289 0.00192089169 0 0 0.000790133723 4.51252527e-05 3.89239649e-05 0 0 4.19750251e-07 0 0.0308773443 0.00332074659 0.000946658722 6.76886111e-06 0 0.0388368182 0 0.000337004778 0.00111684157 0 0 0 3.86006177e-05 2.3412133e-06 0 0 0.000701238867 0 3.23964778e-05 0 0.0359628759 2.94819747e-05 5.10625205e-06 8.97350947e-06 0.0429269001 0 0 0.00362214982 0.0252039004 0 0 0 0 0 1 0 0 0 0.0454545468 0.387761921 0.277790427 0.257680446 0.793281674 1 1
G374 0.00253894716 0.000164953424 0.0961182192 0 0.000121812685 0.173608795 0 5.01522954e-05 1.15975672e-05 0.000358112738 0.000496062916 0.00233169971 0.000734169211 0.0188608523 0.0177780315 0 0.00109477318 0.00978785381 0.00076645118 0 0.0231125187 4.84953598e-05 0.00258622295 0.0158644356 0.000274597289 0.00192089169 0 0 0.000790133723 4.51252527e-05 3.89239649e-05 0 0 4.19750251e-07 0 0.0308773443 0.00332074659 0.000946658722 6.76886111e-06 0 0.0388368182 0 0.000337004778 0.00111684157 0 0 0 3.86006177e-05 2.3412133e-06 0 0 0.000701238867 0 3.23964778e-05 0 0.0359628759 2.94819747e-05 5.10625205e-06 8.97350947e-06 0.0429269001 0 0 0.00362214982 0.0252039004 0 0 0 0 0 1 0 0 0 0.0454545468 0.387761921 0.277790427 0.257680446 0.769102991 1 1
G377 0.00253894716 0.000164953424 0.0961182192 0 0.000121812685 0.173608795 0 5.01522954e-05 1.15975672e-05 0.000358112738 0.000496062916 0.00233169971 0.000734169211 0.0188608523 0.0177780315 0 0.00109477318 0.00978785381 0.00076645118 0 0.0231125187 4.84953598e-05 0.00258622295 0.0158644356 0.000274597289 0.00192089169 0 0 0.000790133723 4.51252527e-05 3.89239649e-05 0 0 4.19750251e-07 0 0.0308773443 0.00332074659 0.000946658722 6.76886111e-06 0 0.0388368182 0 0.000337004778 0.00111684157 0 0 0 3.86006177e-05 2.3412133e-06 0 0 0.000701238867 0 3.23964778e-05 0 0.0359628759 2.94819747e-05 5.10625205e-06 8.97350947e-06 0.0429269001 0 0 0.00362214982 0.0252039004 0 0 0 0 0 1 0 0 0 0.0454545468 0.387761921 0.277790427 0.257680446 0.777539194 1 1
G380 0.00253894716 0.000164953424 0.0961182192 0 0.000121812685 0.173608795 0 5.01522954e-05 1.15975672e-05 0.000358112738 0.000496062916 0.00233169971 0.000734169211 0.0188608523 0.0177780315 0 0.00109477318 0.00978785381 0.00076645118 0 0.0231125187 4.84953598e-05 0.00258622295 0.0158644356 0.000274597289 0.00192089169 0 0 0.000790133723 4.51252527e-05 3.89239649e-05 0 0 4.19750251e-07 0 0.0308773443 0.00332074659 0.000946658722 6.76886111e-06 0 0.0388368182 0 0.000337004778 0.00111684157 0 0 0 3.86006177e-05 2.3412133e-06 0 0 0.000701238867 0 3.23964778e-05 0 0.0359628759 2.94819747e-05 5.10625205e-06 8.97350947e-06 0.0429269001 0 0 0.00362214982 0.0252039004 0 0 1 0 0 0 0 0 0 0.0454545468 0.244650543 0.359038919 0.257680446 0.681134462 1 1
G381 0.00253894716 0.000164953424 0.0961182192 0 0.000121812685 0.173608795 0 5.01522954e-05 1.15975672e-05 0.000358112738 0.000496062916 0.00233169971 0.000734169211 0.0188608523 0.0177780315 0 0.00109477318 0.00978785381 0.00076645118 0 0.0231125187 4.84953598e-05 0.00258622295 0.0158644356 0.000274597289 0.00192089169 0 0 0.000790133723 4.51252527e-05 3.89239649e-05 0 0 4.19750251e-07 0 0.0308773443 0.00332074659 0.000946658722 6.76886111e-06 0 0.0388368182 0 0.000337004778 0.00111684157 0 0 0 3.86006177e-05 2.3412133e-06 0 0 0.000701238867 0 3.23964778e-05 0 0.0359628759 2.94819747e-05 5.10625205e-06 8.97350947e-06 0.0429269001 0 0 0.00362214982 0.0252039004 0 0 1 0 0 0 0 0 0 0.0454545468 0.244650543 0.359038919 0.257680446 0.673841059 1 1
G382 0.00253894716 0.000164953424 0.0961182192 0 0.000121812685 0.173608795 0 5.01522954e-05 1.15975672e-05 0.000358112738 0.000496062916 0.00233169971 0.000734169211 0.0188608523 0.0177780315 0 0.00109477318 0.00978785381 0.00076645118 0 0.0231125187 4.84953598e-05 0.00258622295 0.0158644356 0.000274597289 0.00192089169 0 0 0.000790133723 4.51252527e-05 3.89239649e-05 0 0 4.19750251e-07 0 0.0308773443 0.00332074659 0.000946658722 6.76886111e-06 0 0.0388368182 0 0.000337004778 0.00111684157 0 0 0 3.86006177e-05 2.3412133e-06 0 0 0.000701238867 0 3.23964778e-05 0 0.0359628759 2.94819747e-05 5.10625205e-06 8.97350947e-06 0.0429269001 0 0 0.00362214982 0.0252039004 0 0 1 0 0 0 0 0 0 0.0454545468 0.568060994 0.322504699 0.204206929 0.766928852 1 1
G387 0.00253894716 0.000164953424 0.0961182192 0 0.000121812685 0.173608795 0 5.01522954e-05 1.15975672e-05 0.000358112738 0.000496062916 0.00233169971 0.000734169211 0.0188608523 0.0177780315 0 0.00109477318 0.00978785381 0.00076645118 0 0.0231125187 4.84953598e-05 0.00258622295 0.0158644356 0.000274597289 0.00192089169 0 0 0.000790133723 4.51252527e-05 3.89239649e-05 0 0 4.19750251e-07 0 0.0308773443 0.00332074659 0.000946658722 6.76886111e-06 0 0.0388368182 0 0.000337004778 0.00111684157 0 0 0 3.86006177e-05 2.3412133e-06 0 0 0.000701238867 0 3.23964778e-05 0 0.0359628759 2.94819747e-05 5.10625205e-06 8.97350947e-06 0.0429269001 0 0 0.00362214982 0.0252039004 0 0 1 0 0 0 0 0 0 0.0454545468 0.489301085 0.359038919 0.257680446 0.773371935 1 1
G391 0.00253894716 0.000164953424 0.0961182192 0 0.000121812685 0.173608795 0 5.01522954e-05 1.15975672e-05 0.000358112738 0.000496062916 0.00233169971 0.000734169211 0.0188608523 0.0177780315 0 0.00109477318 0.00978785381 0.00076645118 0 0.0231125187 4.84953598e-05 0.00258622295 0.0158644356 0.000274597289 0.00192089169 0 0 0.000790133723 4.51252527e-05 3.89239649e-05 0 0 4.19750251e-07 0 0.0308773443 0.00332074659 0.000946658722 6.76886111e-06 0 0.0388368182 0 0.000337004778 0.00111684157 0 0 0 3.86006177e-05 2.3412133e-06 0 0 0.000701238867 0 3.23964778e-05 0 0.0359628759 2.94819747e-05 5.10625205e-06 8.97350947e-06 0.0429269001 0 0 0.00362214982 0.0252039004 0 0 1 0 0 0 0 0 0 0.0454545468 0.489301085 0.359038919 0.257680446 0.783609748 1 1
G4 0.00253894716 0.000164953424 0.0961182192 0 0.000121812685 0.173608795 0 5.01522954e-05 1.15975672e-05 0.000358112738 0.000496062916 0.00233169971 0.000734169211 0.0188608523 0.0177780315 0 0.00109477318 0.00978785381 0.00076645118 0 0.0231125187 4.84953598e-05 0.00258622295 0.0158644356 0.000274597289 0.00192089169 0 0 0.000790133723 4.51252527e-05 3.89239649e-05 0 0 4.19750251e-07 0 0.0308773443 0.00332074659 0.000946658722 6.76886111e-06 0 0.0388368182 0 0.000337004778 0.00111684157 0 0 0 3.86006177e-05 2.3412133e-06 0 0 0.000701238867 0 3.23964778e-05 0 0.0359628759 2.94819747e-05 5.10625205e-06 8.97350947e-06 0.0429269001 0 0 0.00362214982 0.0252039004 1 0 0 0 0 0 0 0 0 0 0.387761921 0.138895214 0.128840223 0.524303854 1 1
G123 0.00253894716 0.000164953424 0.0961182192 0 0.000121812685 0.173608795 0 5.01522954e-05 1.15975672e-05 0.000358112738 0.000496062916 0.00233169971 0.000734169211 0.0188608523 0.0177780315 0 0.00109477318 0.00978785381 0.00076645118 0 0.0231125187 4.84953598e-05 0.00258622295 0.0158644356 0.000274597289 0.00192089169 0 0 0.000790133723 4.51252527e-05 3.89239649e-05 0 0 4.19750251e-07 0 0.0308773443 0.00332074659 0.000946658722 6.76886111e-06 0 0.0388368182 0 0.000337004778 0.00111684157 0 0 0 3.86006177e-05 2.3412133e-06 0 0 0.000701238867 0 3.23964778e-05 0 0.0359628759 2.94819747e-05 5.10625205e-06 8.97350947e-06 0.0429269001 0 0 0.00362214982 0.0252039004 0 0 0 0 0 1 0 0 0 0.0227272734 0.568060994 0.220143706 0.204206929 0.775467992 1 1
G274 0.00253894716 0.000164953424 0.0961182192 0 0.000121812685 0.173608795 0 5.01522954e-05 1.15975672e-05 0.000358112738 0.000496062916 0.00233169971 0.000734169211 0.0188608523 0.0177780315 0 0.00109477318 0.00978785381 0.00076645118 0 0.0231125187 4.84953598e-05 0.00258622295 0.0158644356 0.000274597289 0.00192089169 0 0 0.000790133723 4.51252527e-05 3.89239649e-05 0 0 4.19750251e-07 0 0.0308773443 0.00332074659 0.000946658722 6.76886111e-06 0 0.0388368182 0 0.000337004778 0.00111684157 0 0 0 3.86006177e-05 2.3412133e-06 0 0 0.000701238867 0 3.23964778e-05 0 0.0359628759 2.94819747e-05 5.10625205e-06 8.97350947e-06 0.0429269001 0 0 0.00362214982 0.0252039004 0 0 0 0 0 1 0 0 0 0.0227272734 0.387761921 0.220143706 0.204206929 0.515326679 1 1
G316 0.00253894716 0.000164953424 0.0961182192 0 0.000121812685 0.173608795 0 5.01522954e-05 1.15975672e-05 0.000358112738 0.000496062916 0.00233169971 0.000734169211 0.0188608523 0.0177780315 0 0.00109477318 0.00978785381 0.00076645118 0 0.0231125187 4.84953598e-05 0.00258622295 0.0158644356 0.000274597289 0.00192089169 0 0 0.000790133723 4.51252527e-05 3.89239649e-05 0 0 4.19750251e-07 0 0.0308773443 0.00332074659 0.000946658722 6.76886111e-06 0 0.0388368182 0 0.000337004778 0.00111684157 0 0 0 3.86006177e-05 2.3412133e-06 0 0 0.000701238867 0 3.23964778e-05 0 0.0359628759 2.94819747e-05 5.10625205e-06 8.97350947e-06 0.0429269001 0 0 0.00362214982 0.0252039004 0 0 0 0 0 1 0 0 0 0.0454545468 0.244650543 0.277790427 0.257680446 0.755633533 1 1
G395 0.00253894716 0.000164953424 0.0961182192 0 0.000121812685 0.173608795 0 5.01522954e-05 1.15975672e-05 0.000358112738 0.000496062916 0.00233169971 0.000734169211 0.0188608523 0.0177780315 0 0.00109477318 0.00978785381 0.00076645118 0 0.0231125187 4.84953598e-05 0.00258622295 0.0158644356 0.000274597289 0.00192089169 0 0 0.000790133723 4.51252527e-05 3.89239649e-05 0 0 4.19750251e-07 0 0.0308773443 0.00332074659 0.000946658722 6.76886111e-06 0 0.0388368182 0 0.000337004778 0.00111684157 0 0 0 3.86006177e-05 2.3412133e-06 0 0 0.000701238867 0 3.23964778e-05 0 0.0359628759 2.94819747e-05 5.10625205e-06 8.97350947e-06 0.0429269001 0 0 0.00362214982 0.0252039004 0 0 0 0 0 1 0 0 0 0.0454545468 0.387761921 0.277790427 0.257680446 0.773371935 1 1
G404 0.00253894716 0.000164953424 0.0961182192 0 0.000121812685 0.173608795 0 5.01522954e-05 1.15975672e-05 0.000358112738 0.000496062916 0.00233169971 0.000734169211 0.0188608523 0.0177780315 0 0.00109477318 0.00978785381 0.00076645118 0 0.0231125187 4.84953598e-05 0.00258622295 0.0158644356 0.000274597289 0.00192089169 0 0 0.000790133723 4.51252527e-05 3.89239649e-05 0 0 4.19750251e-07 0 0.0308773443 0.00332074659 0.000946658722 6.76886111e-06 0 0.0388368182 0 0.000337004778 0.00111684157 0 0 0 3.86006177e-05 2.3412133e-06 0 0 0.000701238867 0 3.23964778e-05 0 0.0359628759 2.94819747e-05 5.10625205e-06 8.97350947e-06 0.0429269001 0 0 0.00362214982 0.0252039004 0 0 0 0 0 1 0 0 0 0.0454545468 0.387761921 0.277790427 0.257680446 0.769102991 1 1
G407 0.00253894716 0.000164953424 0.0961182192 0 0.000121812685 0.173608795 0 5.01522954e-05 1.15975672e-05 0.000358112738 0.000496062916 0.00233169971 0.000734169211 0.0188608523 0.0177780315 0 0.00109477318 0.00978785381 0.00076645118 0 0.0231125187 4.84953598e-05 0.00258622295 0.0158644356 0.000274597289 0.00192089169 0 0 0.000790133723 4.51252527e-05 3.89239649e-05 0 0 4.19750251e-07 0 0.0308773443 0.00332074659 0.000946658722 6.76886111e-06 0 0.0388368182 0 0.000337004778 0.00111684157 0 0 0 3.86006177e-05 2.3412133e-06 0 0 0.000701238867 0 3.23964778e-05 0 0.0359628759 2.94819747e-05 5.10625205e-06 8.97350947e-06 0.0429269001 0 0 0.00362214982 0.0252039004 0 0 0 0 0 1 0 0 0 0.0454545468 0.387761921 0.277790427 0.257680446 0.746041179 1 1
G410 0.00253894716 0.000164953424 0.0961182192 0 0.000121812685 0.173608795 0 5.01522954e-05 1.15975672e-05 0.000358112738 0.000496062916 0.00233169971 0.000734169211 0.0188608523 0.0177780315 0 0.00109477318 0.00978785381 0.00076645118 0 0.0231125187 4.84953598e-05 0.00258622295 0.0158644356 0.000274597289 0.00192089169 0 0 0.000790133723 4.51252527e-05 3.89239649e-05 0 0 4.19750251e-07 0 0.0308773443 0.00332074659 0.000946658722 6.76886111e-06 0 0.0388368182 0 0.000337004778 0.00111684157 0 0 0 3.86006177e-05 2.3412133e-06 0 0 0.000701238867 0 3.23964778e-05 0 0.0359628759 2.94819747e-05 5.10625205e-06 8.97350947e-06 0.0429269001 0 0 0.00362214982 0.0252039004 0 0 0 0 0 1 0 0 0 0.0454545468 0.387761921 0.277790427 0.257680446 0.871012688 1 1
G413 0.00253894716 0.000164953424 0.0961182192 0 0.000121812685 0.173608795 0 5.01522954e-05 1.15975672e-05 0.000358112738 0.000496062916 0.00233169971 0.000734169211 0.0188608523 0.0177780315 0 0.00109477318 0.00978785381 0.00076645118 0 0.0231125187 4.84953598e-05 0.00258622295 0.0158644356 0.000274597289 0.00192089169 0 0 0.000790133723 4.51252527e-05 3.89239649e-05 0 0 4.19750251e-07 0 0.0308773443 0.00332074659 0.000946658722 6.76886111e-06 0 0.0388368182 0 0.000337004778 0.00111684157 0 0 0 3.86006177e-05 2.3412133e-06 0 0 0.000701238867 0 3.23964778e-05 0 0.0359628759 2.94819747e-05 5.10625205e-06 8.97350947e-06 0.0429269001 0 0 0.00362214982 0.0252039004 0 0 0 0 0 1 0 0 0 0.0454545468 0.387761921 0.277790427 0.257680446 0.75090307 1 1
G416 0.00253894716 0.000164953424 0.0961182192 0 0.000121812685 0.173608795 0 5.01522954e-05 1.15975672e-05 0.000358112738 0.000496062916 0.00233169971 0.000734169211 0.0188608523 0.0177780315 0 0.00109477318 0.00978785381 0.00076645118 0 0.0231125187 4.84953598e-05 0.00258622295 0.0158644356 0.000274597289 0.00192089169 0 0 0.000790133723 4.51252527e-05 3.89239649e-05 0 0 4.19750251e-07 0 0.0308773443 0.00332074659 0.000946658722 6.76886111e-06 0 0.0388368182 0 0.000337004778 0.00111684157 0 0 0 3.86006177e-05 2.3412133e-06 0 0 0.000701238867 0 3.23964778e-05 0 0.0359628759 2.94819747e-05 5.10625205e-06 8.97350947e-06 0.0429269001 0 0 0.00362214982 0.0252039004 0 0 0 0 0 1 0 0 0 0.0454545468 0.387761921 0.277790427 0.257680446 0.769102991 1 1
G419 0.00253894716 0.000164953424 0.0961182192 0 0.000121812685 0.173608795 0 5.01522954e-05 1.15975672e-05 0.000358112738 0.000496062916 0.00233169971 0.000734169211 0.0188608523 0.0177780315 0 0.00109477318 0.00978785381 0.00076645118 0 0.0231125187 4.84953598e-05 0.00258622295 0.0158644356 0.000274597289 0.00192089169 0 0 0.000790133723 4.51252527e-05 3.89239649e-05 0 0 4.19750251e-07 0 0.0308773443 0.00332074659 0.000946658722 6.76886111e-06 0 0.0388368182 0 0.000337004778 0.00111684157 0 0 0 3.86006177e-05 2.3412133e-06 0 0 0.000701238867 0 3.23964778e-05 0 0.0359628759 2.94819747e-05 5.10625205e-06 8.97350947e-06 0.0429269001 0 0 0.00362214982 0.0252039004 0 0 0 0 0 1 0 0 0 0.0454545468 0.387761921 0.277790427 0.257680446 0.722318411 1 1
G425 0.00253894716 0.000164953424 0.0961182192 0 0.000121812685 0.173608795 0 5.01522954e-05 1.15975672e-05 0.000358112738 0.000496062916 0.00233169971 0.000734169211 0.0188608523 0.0177780315 0 0.00109477318 0.00978785381 0.00076645118 0 0.0231125187 4.84953598e-05 0.00258622295 0.0158644356 0.000274597289 0.00192089169 0 0 0.000790133723 4.51252527e-05 3.89239649e-05 0 0 4.19750251e-07 0 0.0308773443 0.00332074659 0.000946658722 6.76886111e-06 0 0.0388368182 0 0.000337004778 0.00111684157 0 0 0 3.86006177e-05 2.3412133e-06 0 0 0.000701238867 0 3.23964778e-05 0 0.0359628759 2.94819747e-05 5.10625205e-06 8.97350947e-06 0.0429269001 0 0 0.00362214982 0.0252039004 0 0 0 0 0 1 0 0 0 0.0454545468 0.387761921 0.277790427 0.257680446 0.722318411 1 1
G428 0.00253894716 0.000164953424 0.0961182192 0 0.000121812685 0.173608795 0 5.01522954e-05 1.15975672e-05 0.000358112738 0.000496062916 0.00233169971 0.000734169211 0.0188608523 0.0177780315 0 0.00109477318 0.00978785381 0.00076645118 0 0.0231125187 4.84953598e-05 0.00258622295 0.0158644356 0.000274597289 0.00192089169 0 0 0.000790133723 4.51252527e-05 3.89239649e-05 0 0 4.19750251e-07 0 0.0308773443 0.00332074659 0.000946658722 6.76886111e-06 0 0.0388368182 0 0.000337004778 0.00111684157 0 0 0 3.86006177e-05 2.3412133e-06 0 0 0.000701238867 0 3.23964778e-05 0 0.0359628759 2.94819747e-05 5.10625205e-06 8.97350947e-06 0.0429269001 0 0 0.00362214982 0.0252039004 0 0 0 0 0 1 0 0 0 0.0454545468 0.387761921 0.277790427 0.257680446 0.779586196 1 1
G431 0.00253894716 0.000164953424 0.0961182192 0 0.000121812685 0.173608795 0 5.01522954e-05 1.15975672e-05 0.000358112738 0.000496062916 0.00233169971 0.000734169211 0.0188608523 0.0177780315 0 0.00109477318 0.00978785381 0.00076645118 0 0.0231125187 4.84953598e-05 0.00258622295 0.0158644356 0.000274597289 0.00192089169 0 0 0.000790133723 4.51252527e-05 3.89239649e-05 0 0 4.19750251e-07 0 0.0308773443 0.00332074659 0.000946658722 6.76886111e-06 0 0.0388368182 0 0.000337004778 0.00111684157 0 0 0 3.86006177e-05 2.3412133e-06 0 0 0.000701238867 0 3.23964778e-05 0 0.0359628759 2.94819747e-05 5.10625205e-06 8.97350947e-06 0.0429269001 0 0 0.00362214982 0.0252039004 0 0 0 0 0 1 0 0 0 0.0454545468 0.387761921 0.277790427 0.257680446 0.738485277 1 1
G437 0.00253894716 0.000164953424 0.0961182192 0 0.000121812685 0.173608795 0 5.01522954e-05 1.15975672e-05 0.000358112738 0.000496062916 0.00233169971 0.000734169211 0.0188608523 0.0177780315 0 0.00109477318 0.00978785381 0.00076645118 0 0.0231125187 4.84953598e-05 0.00258622295 0.0158644356 0.000274597289 0.00192089169 0 0 0.000790133723 4.51252527e-05 3.89239649e-05 0 0 4.19750251e-07 0 0.0308773443 0.00332074659 0.000946658722 6.76886111e-06 0 0.0388368182 0 0.000337004778 0.00111684157 0 0 0 3.86006177e-05 2.3412133e-06 0 0 0.000701238867 0 3.23964778e-05 0 0.0359628759 2.94819747e-05 5.10625205e-06 8.97350947e-06 0.0429269001 0 0 0.00362214982 0.0252039004 0 0 0 0 0 1 0 0 0 0.0454545468 0.387761921 0.277790427 0.257680446 0.793281674 1 1
G440 0.00253894716 0.000164953424 0.0961182192 0 0.000121812685 0.173608795 0 5.01522954e-05 1.15975672e-05 0.000358112738 0.000496062916 0.00233169971 0.000734169211 0.0188608523 0.0177780315 0 0.00109477318 0.00978785381 0.00076645118 0 0.0231125187 4.84953598e-05 0.00258622295 0.0158644356 0.000274597289 0.00192089169 0 0 0.000790133723 4.51252527e-05 3.89239649e-05 0 0 4.19750251e-07 0 0.0308773443 0.00332074659 0.000946658722 6.76886111e-06 0 0.0388368182 0 0.000337004778 0.00111684157 0 0 0 3.86006177e-05 2.3412133e-06 0 0 0.000701238867 0 3.23964778e-05 0 0.0359628759 2.94819747e-05 5.10625205e-06 8.97350947e-06 0.0429269001 0 0 0.00362214982 0.0252039004 0 0 0 0 0 1 0 0 0 0.0454545468 0.387761921 0.277790427 0.257680446 0.78754288 1 1
G443 0.00253894716 0.000164953424 0.0961182192 0 0.000121812685 0.173608795 0 5.01522954e-05 1.15975672e-05 0.000358112738 0.000496062916 0.00233169971 0.000734169211 0.0188608523 0.0177780315 0 0.00109477318 0.00978785381 0.00076645118 0 0.0231125187 4.84953598e-05 0.00258622295 0.0158644356 0.000274597289 0.00192089169 0 0 0.000790133723 4.51252527e-05 3.89239649e-05 0 0 4.19750251e-07 0 0.0308773443 0.00332074659 0.000946658722 6.76886111e-06 0 0.0388368182 0 0.000337004778 0.00111684157 0 0 0 3.86006177e-05 2.3412133e-06 0 0 0.000701238867 0 3.23964778e-05 0 0.0359628759 2.94819747e-05 5.10625205e-06 8.97350947e-06 0.0429269001 0 0 0.00362214982 0.0252039004 0 0 0 0 0 1 0 0 0 0.0454545468 0.387761921 0.277790427 0.257680446 0.766928852 1 1
G446 0.00253894716 0.000164953424 0.0961182192 0 0.000121812685 0.173608795 0 5.01522954e-05 1.15975672e-05 0.000358112738 0.000496062916 0.00233169971 0.000734169211 0.0188608523 0.0177780315 0 0.00109477318 0.00978785381 0.00076645118 0 0.0231125187 4.84953598e-05 0.00258622295 0.0158644356 0.000274597289 0.00192089169 0 0 0.000790133723 4.51252527e-05 3.89239649e-05 0 0 4.19750251e-07 0 0.0308773443 0.00332074659 0.000946658722 6.76886111e-06 0 0.0388368182 0 0.000337004778 0.00111684157 0 0 0 3.86006177e-05 2.3412133e-06 0 0 0.000701238867 0 3.23964778e-05 0 0.0359628759 2.94819747e-05 5.10625205e-06 8.97350947e-06 0.0429269001 0 0 0.00362214982 0.0252039004 0 0 0 0 0 1 0 0 0 0.0454545468 0.387761921 0.277790427 0.257680446 0.78754288 1 1
G449 0.00253894716 0.000164953424 0.0961182192 0 0.000121812685 0.173608795 0 5.01522954e-05 1.15975672e-05 0.000358112738 0.000496062916 0.00233169971 0.000734169211 0.0188608523 0.0177780315 0 0.00109477318 0.00978785381 0.00076645118 0 0.0231125187 4.84953598e-05 0.00258622295 0.0158644356 0.000274597289 0.00192089169 0 0 0.000790133723 4.51252527e-05 3.89239649e-05 0 0 4.19750251e-07 0 0.0308773443 0.00332074659 0.000946658722 6.76886111e-06 0 0.0388368182 0 0.000337004778 0.00111684157 0 0 0 3.86006177e-05 2.3412133e-06 0 0 0.000701238867 0 3.23964778e-05 0 0.0359628759 2.94819747e-05 5.10625205e-06 8.97350947e-06 0.0429269001 0 0 0.00362214982 0.0252039004 0 0 0 0 0 1 0 0 0 0.0454545468 0.387761921 0.277790427 0.257680446 0.766928852 1 1
G452 0.00253894716 0.000164953424 0.0961182192 0 0.000121812685 0.173608795 0 5.01522954e-05 1.15975672e-05 0.000358112738 0.000496062916 0.00233169971 0.000734169211 0.0188608523 0.0177780315 0 0.00109477318 0.00978785381 0.00076645118 0 0.0231125187 4.84953598e-05 0.00258622295 0.0158644356 0.000274597289 0.00192089169 0 0 0.000790133723 4.51252527e-05 3.89239649e-05 0 0 4.19750251e-07 0 0.0308773443 0.00332074659 0.000946658722 6.76886111e-06 0 0.0388368182 0 0.000337004778 0.00111684157 0 0 0 3.86006177e-05 2.3412133e-06 0 0 0.000701238867 0 3.23964778e-05 0 0.0359628759 2.94819747e-05 5.10625205e-06 8.97350947e-06 0.0429269001 0 0 0.00362214982 0.0252039004 0 0 0 0 0 1 0 0 0 0.0454545468 0.387761921 0.277790427 0.257680446 0.78754288 1 1
G455 0.00253894716 0.000164953424 0.0961182192 0 0.000121812685 0.173608795 0 5.01522954e-05 1.15975672e-05 0.000358112738 0.000496062916 0.00233169971 0.000734169211 0.0188608523 0.0177780315 0 0.00109477318 0.00978785381 0.00076645118 0 0.0231125187 4.84953598e-05 0.00258622295 0.0158644356 0.000274597289 0.00192089169 0 0 0.000790133723 4.51252527e-05 3.89239649e-05 0 0 4.19750251e-07 0 0.0308773443 0.00332074659 0.000946658722 6.76886111e-06 0 0.0388368182 0 0.000337004778 0.00111684157 0 0 0 3.86006177e-05 2.3412133e-06 0 0 0.000701238867 0 3.23964778e-05 0 0.0359628759 2.94819747e-05 5.10625205e-06 8.97350947e-06 0.0429269001 0 0 0.00362214982 0.0252039004 0 0 0 0 0 1 0 0 0 0.0454545468 0.387761921 0.277790427 0.257680446 0.766928852 1 1
G458 0.00253894716 0.000164953424 0.0961182192 0 0.000121812685 0.173608795 0 5.01522954e-05 1.15975672e-05 0.000358112738 0.000496062916 0.00233169971 0.000734169211 0.0188608523 0.0177780315 0 0.00109477318 0.00978785381 0.00076645118 0 0.0231125187 4.84953598e-05 0.00258622295 0.0158644356 0.000274597289 0.00192089169 0 0 0.000790133723 4.51252527e-05 3.89239649e-05 0 0 4.19750251e-07 0 0.0308773443 0.00332074659 0.000946658722 6.76886111e-06 0 0.0388368182 0 0.000337004778 0.00111684157 0 0 0 3.86006177e-05 2.3412133e-06 0 0 0.000701238867 0 3.23964778e-05 0 0.0359628759 2.94819747e-05 5.10625205e-06 8.97350947e-06 0.0429269001 0 0 0.00362214982 0.0252039004 0 0 0 0 0 1 0 0 0 0.0454545468 0.387761921 0.277790427 0.257680446 0.78754288 1 1
G461 0.00253894716 0.000164953424 0.0961182192 0 0.000121812685 0.173608795 0 5.01522954e-05 1.15975672e-05 0.000358112738 0.000496062916 0.00233169971 0.000734169211 0.0188608523 0.0177780315 0 0.00109477318 0.00978785381 0.00076645118 0 0.0231125187 4.84953598e-05 0.00258622295 0.0158644356 0.000274597289 0.00192089169 0 0 0.000790133723 4.51252527e-05 3.89239649e-05 0 0 4.19750251e-07 0 0.0308773443 0.00332074659 0.000946658722 6.76886111e-06 0 0.0388368182 0 0.000337004778 0.00111684157 0 0 0 3.86006177e-05 2.3412133e-06 0 0 0.000701238867 0 3.23964778e-05 0 0.0359628759 2.94819747e-05 5.10625205e-06 8.97350947e-06 0.0429269001 0 0 0.00362214982 0.0252039004 0 1 0 0 0 0 0 0 0 0.0454545468 0.387761921 0.277790427 0.333047152 0.548764586 1 1
G464 0.00253894716 0.000164953424 0.0961182192 0 0.000121812685 0.173608795 0 5.01522954e-05 1.15975672e-05 0.000358112738 0.000496062916 0.00233169971 0.000734169211 0.0188608523 0.0177780315 0 0.00109477318 0.00978785381 0.00076645118 0 0.0231125187 4.84953598e-05 0.00258622295 0.0158644356 0.000274597289 0.00192089169 0 0 0.000790133723 4.51252527e-05 3.89239649e-05 0 0 4.19750251e-07 0 0.0308773443 0.00332074659 0.000946658722 6.76886111e-06 0 0.0388368182 0 0.000337004778 0.00111684157 0 0 0 3.86006177e-05 2.3412133e-06 0 0 0.000701238867 0 3.23964778e-05 0 0.0359628759 2.94819747e-05 5.10625205e-06 8.97350947e-06 0.0429269001 0 0 0.00362214982 0.0252039004 0 1 0 0 0 0 0 0 0 0.0454545468 0.387761921 0.277790427 0.333047152 0.548764586 1 1
G467 0.00253894716 0.000164953424 0.0961182192 0 0.000121812685 0.173608795 0 5.01522954e-05 1.15975672e-05 0.000358112738 0.000496062916 0.00233169971 0.000734169211 0.0188608523 0.0177780315 0 0.00109477318 0.00978785381 0.00076645118 0 0.0231125187 4.84953598e-05 0.00258622295 0.0158644356 0.000274597289 0.00192089169 0 0 0.000790133723 4.51252527e-05 3.89239649e-05 0 0 4.19750251e-07 0 0.0308773443 0.00332074659 0.000946658722 6.76886111e-06 0 0.0388368182 0 0.000337004778 0.00111684157 0 0 0 3.86006177e-05 2.3412133e-06 0 0 0.000701238867 0 3.23964778e-05 0 0.0359628759 2.94819747e-05 5.10625205e-06 8.97350947e-06 0.0429269001 0 0 0.00362214982 0.0252039004 0 0 0 0 0 1 0 0 0 0.0454545468 0.387761921 0.277790427 0.257680446 0.862352848 1 1
G470 0.00253894716 0.000164953424 0.0961182192 0 0.000121812685 0.173608795 0 5.01522954e-05 1.15975672e-05 0.000358112738 0.000496062916 0.00233169971 0.000734169211 0.0188608523 0.0177780315 0 0.00109477318 0.00978785381 0.00076645118 0 0.0231125187 4.84953598e-05 0.00258622295 0.0158644356 0.000274597289 0.00192089169 0 0 0.000790133723 4.51252527e-05 3.89239649e-05 0 0 4.19750251e-07 0 0.0308773443 0.00332074659 0.000946658722 6.76886111e-06 0 0.0388368182 0 0.000337004778 0.00111684157 0 0 0 3.86006177e-05 2.3412133e-06 0 0 0.000701238867 0 3.23964778e-05 0 0.0359628759 2.94819747e-05 5.10625205e-06 8.97350947e-06 0.0429269001 0 0 0.00362214982 0.0252039004 0 0 0 0 0 1 0 0 0 0.0454545468 0.387761921 0.277790427 0.257680446 0.819452226 1 1
G479 0.00253894716 0.000164953424 0.0961182192 0 0.000121812685 0.173608795 0 5.01522954e-05 1.15975672e-05 0.000358112738 0.000496062916 0.00233169971 0.000734169211 0.0188608523 0.0177780315 0 0.00109477318 0.00978785381 0.00076645118 0 0.0231125187 4.84953598e-05 0.00258622295 0.0158644356 0.000274597289 0.00192089169 0 0 0.000790133723 4.51252527e-05 3.89239649e-05 0 0 4.19750251e-07 0 0.0308773443 0.00332074659 0.000946658722 6.76886111e-06 0 0.0388368182 0 0.000337004778 0.00111684157 0 0 0 3.86006177e-05 2.3412133e-06 0 0 0.000701238867 0 3.23964778e-05 0 0.0359628759 2.94819747e-05 5.10625205e-06 8.97350947e-06 0.0429269001 0 0 0.00362214982 0.0252039004 0 0 0 0 0 1 0 0 0 0.0454545468 0.387761921 0.277790427 0.257680446 0.814521849 1 1
G482 0.00253894716 0.000164953424 0.0961182192 0 0.000121812685 0.173608795 0 5.01522954e-05 1.15975672e-05 0.000358112738 0.000496062916 0.00233169971 0.000734169211 0.0188608523 0.0177780315 0 0.00109477318 0.00978785381 0.00076645118 0 0.0231125187 4.84953598e-05 0.00258622295 0.0158644356 0.000274597289 0.00192089169 0 0 0.000790133723 4.51252527e-05 3.89239649e-05 0 0 4.19750251e-07 0 0.0308773443 0.00332074659 0.000946658722 6.76886111e-06 0 0.0388368182 0 0.000337004778 0.00111684157 0 0 0 3.86006177e-05 2.3412133e-06 0 0 0.000701238867 0 3.23964778e-05 0 0.0359628759 2.94819747e-05 5.10625205e-06 8.97350947e-06 0.0429269001 0 0 0.00362214982 0.0252039004 0 0 0 0 0 1 0 0 0 0.0454545468 0.387761921 0.277790427 0.257680446 0.811156034 1 1
G485 0.00253894716 0.000164953424 0.0961182192 0 0.000121812685 0.173608795 0 5.01522954e-05 1.15975672e-05 0.000358112738 0.000496062916 0.00233169971 0.000734169211 0.0188608523 0.0177780315 0 0.00109477318 0.00978785381 0.00076645118 0 0.0231125187 4.84953598e-05 0.00258622295 0.0158644356 0.000274597289 0.00192089169 0 0 0.000790133723 4.51252527e-05 3.89239649e-05 0 0 4.19750251e-07 0 0.0308773443 0.00332074659 0.000946658722 6.76886111e-06 0 0.0388368182 0 0.000337004778 0.00111684157 0 0 0 3.86006177e-05 2.3412133e-06 0 0 0.000701238867 0 3.23964778e-05 0 0.0359628759 2.94819747e-05 5.10625205e-06 8.97350947e-06 0.0429269001 0 0 0.00362214982 0.0252039004 0 0 0 0 0 1 0 0 0 0.0454545468 0.387761921 0.277790427 0.257680446 0.814521849 1 1
G488 0.00253894716 0.000164953424 0.0961182192 0 0.000121812685 0.173608795 0 5.01522954e-05 1.15975672e-05 0.000358112738 0.000496062916 0.00233169971 0.000734169211 0.0188608523 0.0177780315 0 0.00109477318 0.00978785381 0.00076645118 0 0.0231125187 4.84953598e-05 0.00258622295 0.0158644356 0.000274597289 0.00192089169 0 0 0.000790133723 4.51252527e-05 3.89239649e-05 0 0 4.19750251e-07 0 0.0308773443 0.00332074659 0.000946658722 6.76886111e-06 0 0.0388368182 0 0.000337004778 0.00111684157 0 0 0 3.86006177e-05 2.3412133e-06 0 0 0.000701238867 0 3.23964778e-05 0 0.0359628759 2.94819747e-05 5.10625205e-06 8.97350947e-06 0.0429269001 0 0 0.00362214982 0.0252039004 0 0 0 0 0 1 0 0 0 0.0454545468 0.387761921 0.277790427 0.257680446 0.84221375 1 1
G491 0.00253894716 0.000164953424 0.0961182192 0 0.000121812685 0.173608795 0 5.01522954e-05 1.15975672e-05 0.000358112738 0.000496062916 0.00233169971 0.000734169211 0.0188608523 0.0177780315 0 0.00109477318 0.00978785381 0.00076645118 0 0.0231125187 4.84953598e-05 0.00258622295 0.0158644356 0.000274597289 0.00192089169 0 0 0.000790133723 4.51252527e-05 3.89239649e-05 0 0 4.19750251e-07 0 0.0308773443 0.00332074659 0.000946658722 6.76886111e-06 0 0.0388368182 0 0.000337004778 0.00111684157 0 0 0 3.86006177e-05 2.3412133e-06 0 0 0.000701238867 0 3.23964778e-05 0 0.0359628759 2.94819747e-05 5.10625205e-06 8.97350947e-06 0.0429269001 0 0 0.00362214982 0.0252039004 0 0 0 0 0 1 0 0 0 0.0454545468 0.387761921 0.277790427 0.257680446 0.898851693 1 1
G494 0.00253894716 0.000164953424 0.0961182192 0 0.000121812685 0.173608795 0 5.01522954e-05 1.15975672e-05 0.000358112738 0.000496062916 0.00233169971 0.000734169211 0.0188608523 0.0177780315 0 0.00109477318 0.00978785381 0.00076645118 0 0.0231125187 4.84953598e-05 0.00258622295 0.0158644356 0.000274597289 0.00192089169 0 0 0.000790133723 4.51252527e-05 3.89239649e-05 0 0 4.19750251e-07 0 0.0308773443 0.00332074659 0.000946658722 6.76886111e-06 0 0.0388368182 0 0.000337004778 0.00111684157 0 0 0 3.86006177e-05 2.3412133e-06 0 0 0.000701238867 0 3.23964778e-05 0 0.0359628759 2.94819747e-05 5.10625205e-06 8.97350947e-06 0.0429269001 0 0 0.00362214982 0.0252039004 0 0 0 0 0 1 0 0 0 0.0454545468 0.387761921 0.277790427 0.257680446 0.793281674 1 1
G5 0.00253894716 0.000164953424 0.0961182192 0 0.000121812685 0.173608795 0 5.01522954e-05 1.15975672e-05 0.000358112738 0.000496062916 0.00233169971 0.000734169211 0.0188608523 0.0177780315 0 0.00109477318 0.00978785381 0.00076645118 0 0.0231125187 4.84953598e-05 0.00258622295 0.0158644356 0.000274597289 0.00192089169 0 0 0.000790133723 4.51252527e-05 3.89239649e-05 0 0 4.19750251e-07 0 0.0308773443 0.00332074659 0.000946658722 6.76886111e-06 0 0.0388368182 0 0.000337004778 0.00111684157 0 0 0 3.86006177e-05 2.3412133e-06 0 0 0.000701238867 0 3.23964778e-05 0 0.0359628759 2.94819747e-05 5.10625205e-06 8.97350947e-06 0.0429269001 0 0 0.00362214982 0.0252039004 1 0 0 0 0 0 0 0 0 0 0.387761921 0.138895214 0.128840223 0.473954648 1 1
G128 0.00253894716 0.000164953424 0.0961182192 0 0.000121812685 0.173608795 0 5.01522954e-05 1.15975672e-05 0.000358112738 0.000496062916 0.00233169971 0.000734169211 0.0188608523 0.0177780315 0 0.00109477318 0.00978785381 0.00076645118 0 0.0231125187 4.84953598e-05 0.00258622295 0.0158644356 0.000274597289 0.00192089169 0 0 0.000790133723 4.51252527e-05 3.89239649e-05 0 0 4.19750251e-07 0 0.0308773443 0.00332074659 0.000946658722 6.76886111e-06 0 0.0388368182 0 0.000337004778 0.00111684157 0 0 0 3.86006177e-05 2.3412133e-06 0 0 0.000701238867 0 3.23964778e-05 0 0.0359628759 2.94819747e-05 5.10625205e-06 8.97350947e-06 0.0429269001 0 0 0.00362214982 0.0252039004 0 0 0 0 0 1 0 0 0 0.0227272734 0.387761921 0.220143706 0.204206929 0.762497842 1 1
G277 0.00253894716 0.000164953424 0.0961182192 0 0.000121812685 0.173608795 0 5.01522954e-05 1.15975672e-05 0.000358112738 0.000496062916 0.00233169971 0.000734169211 0.0188608523 0.0177780315 0 0.00109477318 0.00978785381 0.00076645118 0 0.0231125187 4.84953598e-05 0.00258622295 0.0158644356 0.000274597289 0.00192089169 0 0 0.000790133723 4.51252527e-05 3.89239649e-05 0 0 4.19750251e-07 0 0.0308773443 0.00332074659 0.000946658722 6.76886111e-06 0 0.0388368182 0 0.000337004778 0.00111684157 0 0 0 3.86006177e-05 2.3412133e-06 0 0 0.000701238867 0 3.23964778e-05 0 0.0359628759 2.94819747e-05 5.10625205e-06 8.97350947e-06 0.0429269001 0 0 0.00362214982 0.0252039004 0 0 0 0 0 1 0 0 0 0.0227272734 0.387761921 0.220143706 0.204206929 0.46187973 1 1
G317 0.00253894716 0.000164953424 0.0961182192 0 0.000121812685 0.173608795 0 5.01522954e-05 1.15975672e-05 0.000358112738 0.000496062916 0.00233169971 0.000734169211 0.0188608523 0.0177780315 0 0.00109477318 0.00978785381 0.00076645118 0 0.0231125187 4.84953598e-05 0.00258622295 0.0158644356 0.000274597289 0.00192089169 0 0 0.000790133723 4.51252527e-05 3.89239649e-05 0 0 4.19750251e-07 0 0.0308773443 0.00332074659 0.000946658722 6.76886111e-06 0 0.0388368182 0 0.000337004778 0.00111684157 0 0 0 3.86006177e-05 2.3412133e-06 0 0 0.000701238867 0 3.23964778e-05 0 0.0359628759 2.94819747e-05 5.10625205e-06 8.97350947e-06 0.0429269001 0 0 0.00362214982 0.0252039004 0 0 0 0 0 1 0 0 0 0.0454545468 0.244650543 0.277790427 0.257680446 0.783609748 1 1
G341 0.00253894716 0.000164953424 0.0961182192 0 0.000121812685 0.173608795 0 5.01522954e-05 1.15975672e-05 0.000358112738 0.000496062916 0.00233169971 0.000734169211 0.0188608523 0.0177780315 0 0.00109477318 0.00978785381 0.00076645118 0 0.0231125187 4.84953598e-05 0.00258622295 0.0158644356 0.000274597289 0.00192089169 0 0 0.000790133723 4.51252527e-05 3.89239649e-05 0 0 4.19750251e-07 0 0.0308773443 0.00332074659 0.000946658722 6.76886111e-06 0 0.0388368182 0 0.000337004778 0.00111684157 0 0 0 3.86006177e-05 2.3412133e-06 0 0 0.000701238867 0 3.23964778e-05 0 0.0359628759 2.94819747e-05 5.10625205e-06 8.97350947e-06 0.0429269001 0 0 0.00362214982 0.0252039004 0 0 0 0 0 1 0 0 0 0.0454545468 0.387761921 0.277790427 0.257680446 0.812847078 1 1
G497 0.00253894716 0.000164953424 0.0961182192 0 0.000121812685 0.173608795 0 5.01522954e-05 1.15975672e-05 0.000358112738 0.000496062916 0.00233169971 0.000734169211 0.0188608523 0.0177780315 0 0.00109477318 0.00978785381 0.00076645118 0 0.0231125187 4.84953598e-05 0.00258622295 0.0158644356 0.000274597289 0.00192089169 0 0 0.000790133723 4.51252527e-05 3.89239649e-05 0 0 4.19750251e-07 0 0.0308773443 0.00332074659 0.000946658722 6.76886111e-06 0 0.0388368182 0 0.000337004778 0.00111684157 0 0 0 3.86006177e-05 2.3412133e-06 0 0 0.000701238867 0 3.23964778e-05 0 0.0359628759 2.94819747e-05 5.10625205e-06 8.97350947e-06 0.0429269001 0 0 0.00362214982 0.0252039004 0 0 0 0 0 1 0 0 0 0.0454545468 0.387761921 0.277790427 0.257680446 0.760239482 1 1
G506 0.00253894716 0.000164953424 0.0961182192 0 0.000121812685 0.173608795 0 5.01522954e-05 1.15975672e-05 0.000358112738 0.000496062916 0.00233169971 0.000734169211 0.0188608523 0.0177780315 0 0.00109477318 0.00978785381 0.00076645118 0 0.0231125187 4.84953598e-05 0.00258622295 0.0158644356 0.000274597289 0.00192089169 0 0 0.000790133723 4.51252527e-05 3.89239649e-05 0 0 4.19750251e-07 0 0.0308773443 0.00332074659 0.000946658722 6.76886111e-06 0 0.0388368182 0 0.000337004778 0.00111684157 0 0 0 3.86006177e-05 2.3412133e-06 0 0 0.000701238867 0 3.23964778e-05 0 0.0359628759 2.94819747e-05 5.10625205e-06 8.97350947e-06 0.0429269001 0 0 0.00362214982 0.0252039004 0 0 0 0 0 1 0 0 0 0.0454545468 0.387761921 0.277790427 0.257680446 0.775467992 1 1
G521 0.00253894716 0.000164953424 0.0961182192 0 0.000121812685 0.173608795 0 5.01522954e-05 1.15975672e-05 0.000358112738 0.000496062916 0.00233169971 0.000734169211 0.0188608523 0.0177780315 0 0.00109477318 0.00978785381 0.00076645118 0 0.0231125187 4.84953598e-05 0.00258622295 0.0158644356 0.000274597289 0.00192089169 0 0 0.000790133723 4.51252527e-05 3.89239649e-05 0 0 4.19750251e-07 0 0.0308773443 0.00332074659 0.000946658722 6.76886111e-06 0 0.0388368182 0 0.000337004778 0.00111684157 0 0 0 3.86006177e-05 2.3412133e-06 0 0 0.000701238867 0 3.23964778e-05 0 0.0359628759 2.94819747e-05 5.10625205e-06 8.97350947e-06 0.0429269001 0 0 0.00362214982 0.0252039004 0 0 0 0 0 1 0 0 0 0.0454545468 0.387761921 0.277790427 0.257680446 0.733260512 1 1
G524 0.00253894716 0.000164953424 0.0961182192 0 0.000121812685 0.173608795 0 5.01522954e-05 1.15975672e-05 0.000358112738 0.000496062916 0.00233169971 0.000734169211 0.0188608523 0.0177780315 0 0.00109477318 0.00978785381 0.00076645118 0 0.0231125187 4.84953598e-05 0.00258622295 0.0158644356 0.000274597289 0.00192089169 0 0 0.000790133723 4.51252527e-05 3.89239649e-05 0 0 4.19750251e-07 0 0.0308773443 0.00332074659 0.000946658722 6.76886111e-06 0 0.0388368182 0 0.000337004778 0.00111684157 0 0 0 3.86006177e-05 2.3412133e-06 0 0 0.000701238867 0 3.23964778e-05 0 0.0359628759 2.94819747e-05 5.10625205e-06 8.97350947e-06 0.0429269001 0 0 0.00362214982 0.0252039004 0 0 0 0 0 1 0 0 0 0.0454545468 0.387761921 0.277790427 0.257680446 0.733260512 1 1
G530 0.00253894716 0.000164953424 0.0961182192 0 0.000121812685 0.173608795 0 5.01522954e-05 1.15975672e-05 0.000358112738 0.000496062916 0.00233169971 0.000734169211 0.0188608523 0.0177780315 0 0.00109477318 0.00978785381 0.00076645118 0 0.0231125187 4.84953598e-05 0.00258622295 0.0158644356 0.000274597289 0.00192089169 0 0 0.000790133723 4.51252527e-05 3.89239649e-05 0 0 4.19750251e-07 0 0.0308773443 0.00332074659 0.000946658722 6.76886111e-06 0 0.0388368182 0 0.000337004778 0.00111684157 0 0 0 3.86006177e-05 2.3412133e-06 0 0 0.000701238867 0 3.23964778e-05 0 0.0359628759 2.94819747e-05 5.10625205e-06 8.97350947e-06 0.0429269001 0 0 0.00362214982 0.0252039004 0 0 0 0 0 1 0 0 0 0.0454545468 0.387761921 0.277790427 0.257680446 0.78754288 1 1
G533 0.00253894716 0.000164953424 0.0961182192 0 0.000121812685 0.173608795 0 5.01522954e-05 1.15975672e-05 0.000358112738 0.000496062916 0.00233169971 0.000734169211 0.0188608523 0.0177780315 0 0.00109477318 0.00978785381 0.00076645118 0 0.0231125187 4.84953598e-05 0.00258622295 0.0158644356 0.000274597289 0.00192089169 0 0 0.000790133723 4.51252527e-05 3.89239649e-05 0 0 4.19750251e-07 0 0.0308773443 0.00332074659 0.000946658722 6.76886111e-06 0 0.0388368182 0 0.000337004778 0.00111684157 0 0 0 3.86006177e-05 2.3412133e-06 0 0 0.000701238867 0 3.23964778e-05 0 0.0359628759 2.94819747e-05 5.10625205e-06 8.97350947e-06 0.0429269001 0 0 0.00362214982 0.0252039004 0 0 0 0 0 1 0 0 0 0.0681818202 0.244650543 0.389928162 0.299157739 0.662297249 1 1
G534 0.00253894716 0.000164953424 0.0961182192 0 0.000121812685 0.173608795 0 5.01522954e-05 1.15975672e-05 0.000358112738 0.000496062916 0.00233169971 0.000734169211 0.0188608523 0.0177780315 0 0.00109477318 0.00978785381 0.00076645118 0 0.0231125187 4.84953598e-05 0.00258622295 0.0158644356 0.000274597289 0.00192089169 0 0 0.000790133723 4.51252527e-05 3.89239649e-05 0 0 4.19750251e-07 0 0.0308773443 0.00332074659 0.000946658722 6.76886111e-06 0 0.0388368182 0 0.000337004778 0.00111684157 0 0 0 3.86006177e-05 2.3412133e-06 0 0 0.000701238867 0 3.23964778e-05 0 0.0359628759 2.94819747e-05 5.10625205e-06 8.97350947e-06 0.0429269001 0 0 0.00362214982 0.0252039004 0 0 0 0 0 1 0 0 0 0.0681818202 0.244650543 0.389928162 0.299157739 0.654155493 1 1
G535 0.00253894716 0.000164953424 0.0961182192 0 0.000121812685 0.173608795 0 5.01522954e-05 1.15975672e-05 0.000358112738 0.000496062916 0.00233169971 0.000734169211 0.0188608523 0.0177780315 0 0.00109477318 0.00978785381 0.00076645118 0 0.0231125187 4.84953598e-05 0.00258622295 0.0158644356 0.000274597289 0.00192089169 0 0 0.000790133723 4.51252527e-05 3.89239649e-05 0 0 4.19750251e-07 0 0.0308773443 0.00332074659 0.000946658722 6.76886111e-06 0 0.0388368182 0 0.000337004778 0.00111684157 0 0 0 3.86006177e-05 2.3412133e-06 0 0 0.000701238867 0 3.23964778e-05 0 0.0359628759 2.94819747e-05 5.10625205e-06 8.97350947e-06 0.0429269001 0 0 0.00362214982 0.0252039004 0 0 0 0 0 1 0 0 0 0.0681818202 0.244650543 0.322504699 0.299157739 0.771250486 1 1
G538 0.00253894716 0.000164953424 0.0961182192 0 0.000121812685 0.173608795 0 5.01522954e-05 1.15975672e-05 0.000358112738 0.000496062916 0.00233169971 0.000734169211 0.0188608523 0.0177780315 0 0.00109477318 0.00978785381 0.00076645118 0 0.0231125187 4.84953598e-05 0.00258622295 0.0158644356 0.000274597289 0.00192089169 0 0 0.000790133723 4.51252527e-05 3.89239649e-05 0 0 4.19750251e-07 0 0.0308773443 0.00332074659 0.000946658722 6.76886111e-06 0 0.0388368182 0 0.000337004778 0.00111684157 0 0 0 3.86006177e-05 2.3412133e-06 0 0 0.000701238867 0 3.23964778e-05 0 0.0359628759 2.94819747e-05 5.10625205e-06 8.97350947e-06 0.0429269001 0 0 0.00362214982 0.0252039004 0 0 0 0 0 1 0 0 0 0.0681818202 0.244650543 0.322504699 0.299157739 0.766928852 1 1
G539 0.00253894716 0.000164953424 0.0961182192 0 0.000121812685 0.173608795 0 5.01522954e-05 1.15975672e-05 0.000358112738 0.000496062916 0.00233169971 0.000734169211 0.0188608523 0.0177780315 0 0.00109477318 0.00978785381 0.00076645118 0 0.0231125187 4.84953598e-05 0.00258622295 0.0158644356 0.000274597289 0.00192089169 0 0 0.000790133723 4.51252527e-05 3.89239649e-05 0 0 4.19750251e-07 0 0.0308773443 0.00332074659 0.000946658722 6.76886111e-06 0 0.0388368182 0 0.000337004778 0.00111684157 0 0 0 3.86006177e-05 2.3412133e-06 0 0 0.000701238867 0 3.23964778e-05 0 0.0359628759 2.94819747e-05 5.10625205e-06 8.97350947e-06 0.0429269001 0 0 0.00362214982 0.0252039004 0 0 0 0 0 1 0 0 0 0.0681818202 0.244650543 0.322504699 0.299157739 0.869801462 1 1
G541 0.00253894716 0.000164953424 0.0961182192 0 0.000121812685 0.173608795 0 5.01522954e-05 1.15975672e-05 0.000358112738 0.000496062916 0.00233169971 0.000734169211 0.0188608523 0.0177780315 0 0.00109477318 0.00978785381 0.00076645118 0 0.0231125187 4.84953598e-05 0.00258622295 0.0158644356 0.000274597289 0.00192089169 0 0 0.000790133723 4.51252527e-05 3.89239649e-05 0 0 4.19750251e-07 0 0.0308773443 0.00332074659 0.000946658722 6.76886111e-06 0 0.0388368182 0 0.000337004778 0.00111684157 0 0 0 3.86006177e-05 2.3412133e-06 0 0 0.000701238867 0 3.23964778e-05 0 0.0359628759 2.94819747e-05 5.10625205e-06 8.97350947e-06 0.0429269001 0 0 0.00362214982 0.0252039004 0 0 0 0 0 1 0 0 0 0.0681818202 0.244650543 0.322504699 0.299157739 0.777539194 1 1
G542 0.00253894716 0.000164953424 0.0961182192 0 0.000121812685 0.173608795 0 5.01522954e-05 1.15975672e-05 0.000358112738 0.000496062916 0.00233169971 0.000734169211 0.0188608523 0.0177780315 0 0.00109477318 0.00978785381 0.00076645118 0 0.0231125187 4.84953598e-05 0.00258622295 0.0158644356 0.000274597289 0.00192089169 0 0 0.000790133723 4.51252527e-05 3.89239649e-05 0 0 4.19750251e-07 0 0.0308773443 0.00332074659 0.000946658722 6.76886111e-06 0 0.0388368182 0 0.000337004778 0.00111684157 0 0 0 3.86006177e-05 2.3412133e-06 0 0 0.000701238867 0 3.23964778e-05 0 0.0359628759 2.94819747e-05 5.10625205e-06 8.97350947e-06 0.0429269001 0 0 0.00362214982 0.0252039004 0 0 0 0 0 1 0 0 0 0.0681818202 0.244650543 0.322504699 0.299157739 0.75090307 1 1
G544 0.00253894716 0.000164953424 0.0961182192 0 0.000121812685 0.173608795 0 5.01522954e-05 1.15975672e-05 0.000358112738 0.000496062916 0.00233169971 0.000734169211 0.0188608523 0.0177780315 0 0.00109477318 0.00978785381 0.00076645118 0 0.0231125187 4.84953598e-05 0.00258622295 0.0158644356 0.000274597289 0.00192089169 0 0 0.000790133723 4.51252527e-05 3.89239649e-05 0 0 4.19750251e-07 0 0.0308773443 0.00332074659 0.000946658722 6.76886111e-06 0 0.0388368182 0 0.000337004778 0.00111684157 0 0 0 3.86006177e-05 2.3412133e-06 0 0 0.000701238867 0 3.23964778e-05 0 0.0359628759 2.94819747e-05 5.10625205e-06 8.97350947e-06 0.0429269001 0 0 0.00362214982 0.0252039004 0 1 0 0 0 0 0 0 0 0.0681818202 0.244650543 0.220143706 0.333047152 0.853242099 1 1
G545 0.00253894716 0.000164953424 0.0961182192 0 0.000121812685 0.173608795 0 5.01522954e-05 1.15975672e-05 0.000358112738 0.000496062916 0.00233169971 0.000734169211 0.0188608523 0.0177780315 0 0.00109477318 0.00978785381 0.00076645118 0 0.0231125187 4.84953598e-05 0.00258622295 0.0158644356 0.000274597289 0.00192089169 0 0 0.000790133723 4.51252527e-05 3.89239649e-05 0 0 4.19750251e-07 0 0.0308773443 0.00332074659 0.000946658722 6.76886111e-06 0 0.0388368182 0 0.000337004778 0.00111684157 0 0 0 3.86006177e-05 2.3412133e-06 0 0 0.000701238867 0 3.23964778e-05 0 0.0359628759 2.94819747e-05 5.10625205e-06 8.97350947e-06 0.0429269001 0 0 0.00362214982 0.0252039004 0 1 0 0 0 0 0 0 0 0.0681818202 0.244650543 0.220143706 0.333047152 0.825817227 1 1
G546 0.00253894716 0.000164953424 0.0961182192 0 0.000121812685 0.173608795 0 5.01522954e-05 1.15975672e-05 0.000358112738 0.000496062916 0.00233169971 0.000734169211 0.0188608523 0.0177780315 0 0.00109477318 0.00978785381 0.00076645118 0 0.0231125187 4.84953598e-05 0.00258622295 0.0158644356 0.000274597289 0.00192089169 0 0 0.000790133723 4.51252527e-05 3.89239649e-05 0 0 4.19750251e-07 0 0.0308773443 0.00332074659 0.000946658722 6.76886111e-06 0 0.0388368182 0 0.000337004778 0.00111684157 0 0 0 3.86006177e-05 2.3412133e-06 0 0 0.000701238867 0 3.23964778e-05 0 0.0359628759 2.94819747e-05 5.10625205e-06 8.97350947e-06 0.0429269001 0 0 0.00362214982 0.0252039004 0 0 1 0 0 0 0 0 0 0.0681818202 0.489301085 0.359038919 0.204206929 0.779586196 1 1
G550 0.00253894716 0.000164953424 0.0961182192 0 0.000121812685 0.173608795 0 5.01522954e-05 1.15975672e-05 0.000358112738 0.000496062916 0.00233169971 0.000734169211 0.0188608523 0.0177780315 0 0.00109477318 0.00978785381 0.00076645118 0 0.0231125187 4.84953598e-05 0.00258622295 0.0158644356 0.000274597289 0.00192089169 0 0 0.000790133723 4.51252527e-05 3.89239649e-05 0 0 4.19750251e-07 0 0.0308773443 0.00332074659 0.000946658722 6.76886111e-06 0 0.0388368182 0 0.000337004778 0.00111684157 0 0 0 3.86006177e-05 2.3412133e-06 0 0 0.000701238867 0 3.23964778e-05 0 0.0359628759 2.94819747e-05 5.10625205e-06 8.97350947e-06 0.0429269001 0 0 0.00362214982 0.0252039004 0 0 1 0 0 0 0 0 0 0.0681818202 0.489301085 0.359038919 0.204206929 0.779586196 1 1
G554 0.00253894716 0.000164953424 0.0961182192 0 0.000121812685 0.173608795 0 5.01522954e-05 1.15975672e-05 0.000358112738 0.000496062916 0.00233169971 0.000734169211 0.0188608523 0.0177780315 0 0.00109477318 0.00978785381 0.00076645118 0 0.0231125187 4.84953598e-05 0.00258622295 0.0158644356 0.000274597289 0.00192089169 0 0 0.000790133723 4.51252527e-05 3.89239649e-05 0 0 4.19750251e-07 0 0.0308773443 0.00332074659 0.000946658722 6.76886111e-06 0 0.0388368182 0 0.000337004778 0.00111684157 0 0 0 3.86006177e-05 2.3412133e-06 0 0 0.000701238867 0 3.23964778e-05 0 0.0359628759 2.94819747e-05 5.10625205e-06 8.97350947e-06 0.0429269001 0 0 0.00362214982 0.0252039004 0 0 1 0 0 0 0 0 0 0.0681818202 0.387761921 0.359038919 0.204206929 0.789476812 1 1
G557 0.00253894716 0.000164953424 0.0961182192 0 0.000121812685 0.173608795 0 5.01522954e-05 1.15975672e-05 0.000358112738 0.000496062916 0.00233169971 0.000734169211 0.0188608523 0.0177780315 0 0.00109477318 0.00978785381 0.00076645118 0 0.0231125187 4.84953598e-05 0.00258622295 0.0158644356 0.000274597289 0.00192089169 0 0 0.000790133723 4.51252527e-05 3.89239649e-05 0 0 4.19750251e-07 0 0.0308773443 0.00332074659 0.000946658722 6.76886111e-06 0 0.0388368182 0 0.000337004778 0.00111684157 0 0 0 3.86006177e-05 2.3412133e-06 0 0 0.000701238867 0 3.23964778e-05 0 0.0359628759 2.94819747e-05 5.10625205e-06 8.97350947e-06 0.0429269001 0 0 0.00362214982 0.0252039004 0 0 1 0 0 0 0 0 0 0.0681818202 0.387761921 0.359038919 0.204206929 0.769102991 1 1
G560 0.00253894716 0.000164953424 0.0961182192 0 0.000121812685 0.173608795 0 5.01522954e-05 1.15975672e-05 0.000358112738 0.000496062916 0.00233169971 0.000734169211 0.0188608523 0.0177780315 0 0.00109477318 0.00978785381 0.00076645118 0 0.0231125187 4.84953598e-05 0.00258622295 0.0158644356 0.000274597289 0.00192089169 0 0 0.000790133723 4.51252527e-05 3.89239649e-05 0 0 4.19750251e-07 0 0.0308773443 0.00332074659 0.000946658722 6.76886111e-06 0 0.0388368182 0 0.000337004778 0.00111684157 0 0 0 3.86006177e-05 2.3412133e-06 0 0 0.000701238867 0 3.23964778e-05 0 0.0359628759 2.94819747e-05 5.10625205e-06 8.97350947e-06 0.0429269001 0 0 0.00362214982 0.0252039004 0 0 0 0 0 1 0 0 0 0.0681818202 0.244650543 0.322504699 0.299157739 0.868581831 1 1
G561 0.00253894716 0.000164953424 0.0961182192 0 0.000121812685 0.173608795 0 5.01522954e-05 1.15975672e-05 0.000358112738 0.000496062916 0.00233169971 0.000734169211 0.0188608523 0.0177780315 0 0.00109477318 0.00978785381 0.00076645118 0 0.0231125187 4.84953598e-05 0.00258622295 0.0158644356 0.000274597289 0.00192089169 0 0 0.000790133723 4.51252527e-05 3.89239649e-05 0 0 4.19750251e-07 0 0.0308773443 0.00332074659 0.000946658722 6.76886111e-06 0 0.0388368182 0 0.000337004778 0.00111684157 0 0 0 3.86006177e-05 2.3412133e-06 0 0 0.000701238867 0 3.23964778e-05 0 0.0359628759 2.94819747e-05 5.10625205e-06 8.97350947e-06 0.0429269001 0 0 0.00362214982 0.0252039004 0 0 0 0 0 1 0 0 0 0.0681818202 0.244650543 0.322504699 0.299157739 0.872215569 1 1
G562 0.00253894716 0.000164953424 0.0961182192 0 0.000121812685 0.173608795 0 5.01522954e-05 1.15975672e-05 0.000358112738 0.000496062916 0.00233169971 0.000734169211 0.0188608523 0.0177780315 0 0.00109477318 0.00978785381 0.00076645118 0 0.0231125187 4.84953598e-05 0.00258622295 0.0158644356 0.000274597289 0.00192089169 0 0 0.000790133723 4.51252527e-05 3.89239649e-05 0 0 4.19750251e-07 0 0.0308773443 0.00332074659 0.000946658722 6.76886111e-06 0 0.0388368182 0 0.000337004778 0.00111684157 0 0 0 3.86006177e-05 2.3412133e-06 0 0 0.000701238867 0 3.23964778e-05 0 0.0359628759 2.94819747e-05 5.10625205e-06 8.97350947e-06 0.0429269001 0 0 0.00362214982 0.0252039004 0 0 0 0 0 1 0 0 0 0.0681818202 0.244650543 0.322504699 0.299157739 0.863616526 1 1
G563 0.00253894716 0.000164953424 0.0961182192 0 0.000121812685 0.173608795 0 5.01522954e-05 1.15975672e-05 0.000358112738 0.000496062916 0.00233169971 0.000734169211 0.0188608523 0.0177780315 0 0.00109477318 0.00978785381 0.00076645118 0 0.0231125187 4.84953598e-05 0.00258622295 0.0158644356 0.000274597289 0.00192089169 0 0 0.000790133723 4.51252527e-05 3.89239649e-05 0 0 4.19750251e-07 0 0.0308773443 0.00332074659 0.000946658722 6.76886111e-06 0 0.0388368182 0 0.000337004778 0.00111684157 0 0 0 3.86006177e-05 2.3412133e-06 0 0 0.000701238867 0 3.23964778e-05 0 0.0359628759 2.94819747e-05 5.10625205e-06 8.97350947e-06 0.0429269001 0 0 0.00362214982 0.0252039004 0 0 0 0 0 1 0 0 0 0.0681818202 0.244650543 0.322504699 0.299157739 0.850549459 1 1
G564 0.00253894716 0.000164953424 0.0961182192 0 0.000121812685 0.173608795 0 5.01522954e-05 1.15975672e-05 0.000358112738 0.000496062916 0.00233169971 0.000734169211 0.0188608523 0.0177780315 0 0.00109477318 0.00978785381 0.00076645118 0 0.0231125187 4.84953598e-05 0.00258622295 0.0158644356 0.000274597289 0.00192089169 0 0 0.000790133723 4.51252527e-05 3.89239649e-05 0 0 4.19750251e-07 0 0.0308773443 0.00332074659 0.000946658722 6.76886111e-06 0 0.0388368182 0 0.000337004778 0.00111684157 0 0 0 3.86006177e-05 2.3412133e-06 0 0 0.000701238867 0 3.23964778e-05 0 0.0359628759 2.94819747e-05 5.10625205e-06 8.97350947e-06 0.0429269001 0 0 0.00362214982 0.0252039004 0 0 0 0 0 1 0 0 0 0.0681818202 0.244650543 0.322504699 0.299157739 0.851900935 1 1
G565 0.00253894716 0.000164953424 0.0961182192 0 0.000121812685 0.173608795 0 5.01522954e-05 1.15975672e-05 0.000358112738 0.000496062916 0.00233169971 0.000734169211 0.0188608523 0.0177780315 0 0.00109477318 0.00978785381 0.00076645118 0 0.0231125187 4.84953598e-05 0.00258622295 0.0158644356 0.000274597289 0.00192089169 0 0 0.000790133723 4.51252527e-05 3.89239649e-05 0 0 4.19750251e-07 0 0.0308773443 0.00332074659 0.000946658722 6.76886111e-06 0 0.0388368182 0 0.000337004778 0.00111684157 0 0 0 3.86006177e-05 2.3412133e-06 0 0 0.000701238867 0 3.23964778e-05 0 0.0359628759 2.94819747e-05 5.10625205e-06 8.97350947e-06 0.0429269001 0 0 0.00362214982 0.0252039004 0 0 0 0 0 1 0 0 0 0.0681818202 0.244650543 0.322504699 0.299157739 0.837892115 1 1
G566 0.00253894716 0.000164953424 0.0961182192 0 0.000121812685 0.173608795 0 5.01522954e-05 1.15975672e-05 0.000358112738 0.000496062916 0.00233169971 0.000734169211 0.0188608523 0.0177780315 0 0.00109477318 0.00978785381 0.00076645118 0 0.0231125187 4.84953598e-05 0.00258622295 0.0158644356 0.000274597289 0.00192089169 0 0 0.000790133723 4.51252527e-05 3.89239649e-05 0 0 4.19750251e-07 0 0.0308773443 0.00332074659 0.000946658722 6.76886111e-06 0 0.0388368182 0 0.000337004778 0.00111684157 0 0 0 3.86006177e-05 2.3412133e-06 0 0 0.000701238867 0 3.23964778e-05 0 0.0359628759 2.94819747e-05 5.10625205e-06 8.97350947e-06 0.0429269001 0 0 0.00362214982 0.0252039004 0 0 0 0 0 1 0 0 0 0.0681818202 0.244650543 0.322504699 0.299157739 0.839344561 1 1
G567 0.00253894716 0.000164953424 0.0961182192 0 0.000121812685 0.173608795 0 5.01522954e-05 1.15975672e-05 0.000358112738 0.000496062916 0.00233169971 0.000734169211 0.0188608523 0.0177780315 0 0.00109477318 0.00978785381 0.00076645118 0 0.0231125187 4.84953598e-05 0.00258622295 0.0158644356 0.000274597289 0.00192089169 0 0 0.000790133723 4.51252527e-05 3.89239649e-05 0 0 4.19750251e-07 0 0.0308773443 0.00332074659 0.000946658722 6.76886111e-06 0 0.0388368182 0 0.000337004778 0.00111684157 0 0 0 3.86006177e-05 2.3412133e-06 0 0 0.000701238867 0 3.23964778e-05 0 0.0359628759 2.94819747e-05 5.10625205e-06 8.97350947e-06 0.0429269001 0 0 0.00362214982 0.0252039004 0 0 0 0 0 1 0 0 0 0.0681818202 0.244650543 0.322504699 0.299157739 0.824247539 1 1
G582 0.00253894716 0.000164953424 0.0961182192 0 0.000121812685 0.173608795 0 5.01522954e-05 1.15975672e-05 0.000358112738 0.000496062916 0.00233169971 0.000734169211 0.0188608523 0.0177780315 0 0.00109477318 0.00978785381 0.00076645118 0 0.0231125187 4.84953598e-05 0.00258622295 0.0158644356 0.000274597289 0.00192089169 0 0 0.000790133723 4.51252527e-05 3.89239649e-05 0 0 4.19750251e-07 0 0.0308773443 0.00332074659 0.000946658722 6.76886111e-06 0 0.0388368182 0 0.000337004778 0.00111684157 0 0 0 3.86006177e-05 2.3412133e-06 0 0 0.000701238867 0 3.23964778e-05 0 0.0359628759 2.94819747e-05 5.10625205e-06 8.97350947e-06 0.0429269001 0 0 0.00362214982 0.0252039004 0 0 0 0 0 1 0 0 0 0.0681818202 0.387761921 0.322504699 0.299157739 0.85589391 1 1
G585 0.00253894716 0.000164953424 0.0961182192 0 0.000121812685 0.173608795 0 5.01522954e-05 1.15975672e-05 0.000358112738 0.000496062916 0.00233169971 0.000734169211 0.0188608523 0.0177780315 0 0.00109477318 0.00978785381 0.00076645118 0 0.0231125187 4.84953598e-05 0.00258622295 0.0158644356 0.000274597289 0.00192089169 0 0 0.000790133723 4.51252527e-05 3.89239649e-05 0 0 4.19750251e-07 0 0.0308773443 0.00332074659 0.000946658722 6.76886111e-06 0 0.0388368182 0 0.000337004778 0.00111684157 0 0 0 3.86006177e-05 2.3412133e-06 0 0 0.000701238867 0 3.23964778e-05 0 0.0359628759 2.94819747e-05 5.10625205e-06 8.97350947e-06 0.0429269001 0 0 0.00362214982 0.0252039004 0 0 0 0 0 1 0 0 0 0.0681818202 0.244650543 0.322504699 0.299157739 0.861079991 1 1
G586 0.00253894716 0.000164953424 0.0961182192 0 0.000121812685 0.173608795 0 5.01522954e-05 1.15975672e-05 0.000358112738 0.000496062916 0.00233169971 0.000734169211 0.0188608523 0.0177780315 0 0.00109477318 0.00978785381 0.00076645118 0 0.0231125187 4.84953598e-05 0.00258622295 0.0158644356 0.000274597289 0.00192089169 0 0 0.000790133723 4.51252527e-05 3.89239649e-05 0 0 4.19750251e-07 0 0.0308773443 0.00332074659 0.000946658722 6.76886111e-06 0 0.0388368182 0 0.000337004778 0.00111684157 0 0 0 3.86006177e-05 2.3412133e-06 0 0 0.000701238867 0 3.23964778e-05 0 0.0359628759 2.94819747e-05 5.10625205e-06 8.97350947e-06 0.0429269001 0 0 0.00362214982 0.0252039004 0 0 0 0 0 1 0 0 0 0.0681818202 0.387761921 0.322504699 0.299157739 0.811156034 1 1
G589 0.00253894716 0.000164953424 0.0961182192 0 0.000121812685 0.173608795 0 5.01522954e-05 1.15975672e-05 0.000358112738 0.000496062916 0.00233169971 0.000734169211 0.0188608523 0.0177780315 0 0.00109477318 0.00978785381 0.00076645118 0 0.0231125187 4.84953598e-05 0.00258622295 0.0158644356 0.000274597289 0.00192089169 0 0 0.000790133723 4.51252527e-05 3.89239649e-05 0 0 4.19750251e-07 0 0.0308773443 0.00332074659 0.000946658722 6.76886111e-06 0 0.0388368182 0 0.000337004778 0.00111684157 0 0 0 3.86006177e-05 2.3412133e-06 0 0 0.000701238867 0 3.23964778e-05 0 0.0359628759 2.94819747e-05 5.10625205e-06 8.97350947e-06 0.0429269001 0 0 0.00362214982 0.0252039004 0 0 0 0 0 1 0 0 0 0.0681818202 0.244650543 0.322504699 0.299157739 0.817824185 1 1
G590 0.00253894716 0.000164953424 0.0961182192 0 0.000121812685 0.173608795 0 5.01522954e-05 1.15975672e-05 0.000358112738 0.000496062916 0.00233169971 0.000734169211 0.0188608523 0.0177780315 0 0.00109477318 0.00978785381 0.00076645118 0 0.0231125187 4.84953598e-05 0.00258622295 0.0158644356 0.000274597289 0.00192089169 0 0 0.000790133723 4.51252527e-05 3.89239649e-05 0 0 4.19750251e-07 0 0.0308773443 0.00332074659 0.000946658722 6.76886111e-06 0 0.0388368182 0 0.000337004778 0.00111684157 0 0 0 3.86006177e-05 2.3412133e-06 0 0 0.000701238867 0 3.23964778e-05 0 0.0359628759 2.94819747e-05 5.10625205e-06 8.97350947e-06 0.0429269001 0 0 0.00362214982 0.0252039004 0 0 0 0 0 1 0 0 0 0.0681818202 0.387761921 0.322504699 0.299157739 0.811156034 1 1
G594 0.00253894716 0.000164953424 0.0961182192 0 0.000121812685 0.173608795 0 5.01522954e-05 1.15975672e-05 0.000358112738 0.000496062916 0.00233169971 0.000734169211 0.0188608523 0.0177780315 0 0.00109477318 0.00978785381 0.00076645118 0 0.0231125187 4.84953598e-05 0.00258622295 0.0158644356 0.000274597289 0.00192089169 0 0 0.000790133723 4.51252527e-05 3.89239649e-05 0 0 4.19750251e-07 0 0.0308773443 0.00332074659 0.000946658722 6.76886111e-06 0 0.0388368182 0 0.000337004778 0.00111684157 0 0 0 3.86006177e-05 2.3412133e-06 0 0 0.000701238867 0 3.23964778e-05 0 0.0359628759 2.94819747e-05 5.10625205e-06 8.97350947e-06 0.0429269001 0 0 0.00362214982 0.0252039004 0 0 0 0 0 1 0 0 0 0.0681818202 0.387761921 0.322504699 0.299157739 0.822663665 1 1
G598 0.00253894716 0.000164953424 0.0961182192 0 0.000121812685 0.173608795 0 5.01522954e-05 1.15975672e-05 0.000358112738 0.000496062916 0.00233169971 0.000734169211 0.0188608523 0.0177780315 0 0.00109477318 0.00978785381 0.00076645118 0 0.0231125187 4.84953598e-05 0.00258622295 0.0158644356 0.000274597289 0.00192089169 0 0 0.000790133723 4.51252527e-05 3.89239649e-05 0 0 4.19750251e-07 0 0.0308773443 0.00332074659 0.000946658722 6.76886111e-06 0 0.0388368182 0 0.000337004778 0.00111684157 0 0 0 3.86006177e-05 2.3412133e-06 0 0 0.000701238867 0 3.23964778e-05 0 0.0359628759 2.94819747e-05 5.10625205e-06 8.97350947e-06 0.0429269001 0 0 0.00362214982 0.0252039004 0 0 0 0 0 1 0 0 0 0.0681818202 0.387761921 0.322504699 0.299157739 0.805982769 1 1
G6 0.00253894716 0.000164953424 0.0961182192 0 0.000121812685 0.173608795 0 5.01522954e-05 1.15975672e-05 0.000358112738 0.000496062916 0.00233169971 0.000734169211 0.0188608523 0.0177780315 0 0.00109477318 0.00978785381 0.00076645118 0 0.0231125187 4.84953598e-05 0.00258622295 0.0158644356 0.000274597289 0.00192089169 0 0 0.000790133723 4.51252527e-05 3.89239649e-05 0 0 4.19750251e-07 0 0.0308773443 0.00332074659 0.000946658722 6.76886111e-06 0 0.0388368182 0 0.000337004778 0.00111684157 0 0 0 3.86006177e-05 2.3412133e-06 0 0 0.000701238867 0 3.23964778e-05 0 0.0359628759 2.94819747e-05 5.10625205e-06 8.97350947e-06 0.0429269001 0 0 0.00362214982 0.0252039004 1 0 0 0 0 0 0 0 0 0 0.387761921 0.138895214 0.128840223 0.473954648 1 1
G131 0.00253894716 0.000164953424 0.0961182192 0 0.000121812685 0.173608795 0 5.01522954e-05 1.15975672e-05 0.000358112738 0.000496062916 0.00233169971 0.000734169211 0.0188608523 0.0177780315 0 0.00109477318 0.00978785381 0.00076645118 0 0.0231125187 4.84953598e-05 0.00258622295 0.0158644356 0.000274597289 0.00192089169 0 0 0.000790133723 4.51252527e-05 3.89239649e-05 0 0 4.19750251e-07 0 0.0308773443 0.00332074659 0.000946658722 6.76886111e-06 0 0.0388368182 0 0.000337004778 0.00111684157 0 0 0 3.86006177e-05 2.3412133e-06 0 0 0.000701238867 0 3.23964778e-05 0 0.0359628759 2.94819747e-05 5.10625205e-06 8.97350947e-06 0.0429269001 0 0 0.00362214982 0.0252039004 0 0 0 0 0 1 0 0 0 0.0227272734 0.387761921 0.220143706 0.204206929 0.735892415 1 1
G280 0.00253894716 0.000164953424 0.0961182192 0 0.000121812685 0.173608795 0 5.01522954e-05 1.15975672e-05 0.000358112738 0.000496062916 0.00233169971 0.000734169211 0.0188608523 0.0177780315 0 0.00109477318 0.00978785381 0.00076645118 0 0.0231125187 4.84953598e-05 0.00258622295 0.0158644356 0.000274597289 0.00192089169 0 0 0.000790133723 4.51252527e-05 3.89239649e-05 0 0 4.19750251e-07 0 0.0308773443 0.00332074659 0.000946658722 6.76886111e-06 0 0.0388368182 0 0.000337004778 0.00111684157 0 0 0 3.86006177e-05 2.3412133e-06 0 0 0.000701238867 0 3.23964778e-05 0 0.0359628759 2.94819747e-05 5.10625205e-06 8.97350947e-06 0.0429269001 0 0 0.00362214982 0.0252039004 0 0 0 0 0 1 0 0 0 0.0227272734 0.387761921 0.220143706 0.204206929 0.46187973 1 1
G318 0.00253894716 0.000164953424 0.0961182192 0 0.000121812685 0.173608795 0 5.01522954e-05 1.15975672e-05 0.000358112738 0.000496062916 0.00233169971 0.000734169211 0.0188608523 0.0177780315 0 0.00109477318 0.00978785381 0.00076645118 0 0.0231125187 4.84953598e-05 0.00258622295 0.0158644356 0.000274597289 0.00192089169 0 0 0.000790133723 4.51252527e-05 3.89239649e-05 0 0 4.19750251e-07 0 0.0308773443 0.00332074659 0.000946658722 6.76886111e-06 0 0.0388368182 0 0.000337004778 0.00111684157 0 0 0 3.86006177e-05 2.3412133e-06 0 0 0.000701238867 0 3.23964778e-05 0 0.0359628759 2.94819747e-05 5.10625205e-06 8.97350947e-06 0.0429269001 0 0 0.00362214982 0.0252039004 0 0 0 0 0 1 0 0 0 0.0454545468 0.244650543 0.277790427 0.257680446 0.783609748 1 1
G344 0.00253894716 0.000164953424 0.0961182192 0 0.000121812685 0.173608795 0 5.01522954e-05 1.15975672e-05 0.000358112738 0.000496062916 0.00233169971 0.000734169211 0.0188608523 0.0177780315 0 0.00109477318 0.00978785381 0.00076645118 0 0.0231125187 4.84953598e-05 0.00258622295 0.0158644356 0.000274597289 0.00192089169 0 0 0.000790133723 4.51252527e-05 3.89239649e-05 0 0 4.19750251e-07 0 0.0308773443 0.00332074659 0.000946658722 6.76886111e-06 0 0.0388368182 0 0.000337004778 0.00111684157 0 0 0 3.86006177e-05 2.3412133e-06 0 0 0.000701238867 0 3.23964778e-05 0 0.0359628759 2.94819747e-05 5.10625205e-06 8.97350947e-06 0.0429269001 0 0 0.00362214982 0.0252039004 0 0 0 0 0 1 0 0 0 0.0454545468 0.387761921 0.277790427 0.257680446 0.819452226 1 1
G515 0.00253894716 0.000164953424 0.0961182192 0 0.000121812685 0.173608795 0 5.01522954e-05 1.15975672e-05 0.000358112738 0.000496062916 0.00233169971 0.000734169211 0.0188608523 0.0177780315 0 0.00109477318 0.00978785381 0.00076645118 0 0.0231125187 4.84953598e-05 0.00258622295 0.0158644356 0.000274597289 0.00192089169 0 0 0.000790133723 4.51252527e-05 3.89239649e-05 0 0 4.19750251e-07 0 0.0308773443 0.00332074659 0.000946658722 6.76886111e-06 0 0.0388368182 0 0.000337004778 0.00111684157 0 0 0 3.86006177e-05 2.3412133e-06 0 0 0.000701238867 0 3.23964778e-05 0 0.0359628759 2.94819747e-05 5.10625205e-06 8.97350947e-06 0.0429269001 0 0 0.00362214982 0.0252039004 0 0 0 0 0 1 0 0 0 0.0454545468 0.387761921 0.277790427 0.257680446 0.733260512 1 1
G601 0.00253894716 0.000164953424 0.0961182192 0 0.000121812685 0.173608795 0 5.01522954e-05 1.15975672e-05 0.000358112738 0.000496062916 0.00233169971 0.000734169211 0.0188608523 0.0177780315 0 0.00109477318 0.00978785381 0.00076645118 0 0.0231125187 4.84953598e-05 0.00258622295 0.0158644356 0.000274597289 0.00192089169 0 0 0.000790133723 4.51252527e-05 3.89239649e-05 0 0 4.19750251e-07 0 0.0308773443 0.00332074659 0.000946658722 6.76886111e-06 0 0.0388368182 0 0.000337004778 0.00111684157 0 0 0 3.86006177e-05 2.3412133e-06 0 0 0.000701238867 0 3.23964778e-05 0 0.0359628759 2.94819747e-05 5.10625205e-06 8.97350947e-06 0.0429269001 0 0 0.00362214982 0.0252039004 0 0 0 0 0 1 0 0 0 0.0681818202 0.244650543 0.322504699 0.299157739 0.812847078 1 1
G602 0.00253894716 0.000164953424 0.0961182192 0 0.000121812685 0.173608795 0 5.01522954e-05 1.15975672e-05 0.000358112738 0.000496062916 0.00233169971 0.000734169211 0.0188608523 0.0177780315 0 0.00109477318 0.00978785381 0.00076645118 0 0.0231125187 4.84953598e-05 0.00258622295 0.0158644356 0.000274597289 0.00192089169 0 0 0.000790133723 4.51252527e-05 3.89239649e-05 0 0 4.19750251e-07 0 0.0308773443 0.00332074659 0.000946658722 6.76886111e-06 0 0.0388368182 0 0.000337004778 0.00111684157 0 0 0 3.86006177e-05 2.3412133e-06 0 0 0.000701238867 0 3.23964778e-05 0 0.0359628759 2.94819747e-05 5.10625205e-06 8.97350947e-06 0.0429269001 0 0 0.00362214982 0.0252039004 0 0 0 0 0 1 0 0 0 0.0681818202 0.387761921 0.322504699 0.299157739 0.802446961 1 1
G605 0.00253894716 0.000164953424 0.0961182192 0 0.000121812685 0.173608795 0 5.01522954e-05 1.15975672e-05 0.000358112738 0.000496062916 0.00233169971 0.000734169211 0.0188608523 0.0177780315 0 0.00109477318 0.00978785381 0.00076645118 0 0.0231125187 4.84953598e-05 0.00258622295 0.0158644356 0.000274597289 0.00192089169 0 0 0.000790133723 4.51252527e-05 3.89239649e-05 0 0 4.19750251e-07 0 0.0308773443 0.00332074659 0.000946658722 6.76886111e-06 0 0.0388368182 0 0.000337004778 0.00111684157 0 0 0 3.86006177e-05 2.3412133e-06 0 0 0.000701238867 0 3.23964778e-05 0 0.0359628759 2.94819747e-05 5.10625205e-06 8.97350947e-06 0.0429269001 0 0 0.00362214982 0.0252039004 0 0 0 0 0 1 0 0 0 0.0681818202 0.244650543 0.322504699 0.299157739 0.80944854 1 1
G606 0.00253894716 0.000164953424 0.0961182192 0 0.000121812685 0.173608795 0 5.01522954e-05 1.15975672e-05 0.000358112738 0.000496062916 0.00233169971 0.000734169211 0.0188608523 0.0177780315 0 0.00109477318 0.00978785381 0.00076645118 0 0.0231125187 4.84953598e-05 0.00258622295 0.0158644356 0.000274597289 0.00192089169 0 0 0.000790133723 4.51252527e-05 3.89239649e-05 0 0 4.19750251e-07 0 0.0308773443 0.00332074659 0.000946658722 6.76886111e-06 0 0.0388368182 0 0.000337004778 0.00111684157 0 0 0 3.86006177e-05 2.3412133e-06 0 0 0.000701238867 0 3.23964778e-05 0 0.0359628759 2.94819747e-05 5.10625205e-06 8.97350947e-06 0.0429269001 0 0 0.00362214982 0.0252039004 0 0 0 0 0 1 0 0 0 0.0681818202 0.387761921 0.359038919 0.257680446 0.762497842 1 1
G609 0.00253894716 0.000164953424 0.0961182192 0 0.000121812685 0.173608795 0 5.01522954e-05 1.15975672e-05 0.000358112738 0.000496062916 0.00233169971 0.000734169211 0.0188608523 0.0177780315 0 0.00109477318 0.00978785381 0.00076645118 0 0.0231125187 4.84953598e-05 0.00258622295 0.0158644356 0.000274597289 0.00192089169 0 0 0.000790133723 4.51252527e-05 3.89239649e-05 0 0 4.19750251e-07 0 0.0308773443 0.00332074659 0.000946658722 6.76886111e-06 0 0.0388368182 0 0.000337004778 0.00111684157 0 0 0 3.86006177e-05 2.3412133e-06 0 0 0.000701238867 0 3.23964778e-05 0 0.0359628759 2.94819747e-05 5.10625205e-06 8.97350947e-06 0.0429269001 0 0 0.00362214982 0.0252039004 0 0 0 0 0 1 0 0 0 0.0681818202 0.387761921 0.359038919 0.257680446 0.892562985 1 1
G612 0.00253894716 0.000164953424 0.0961182192 0 0.000121812685 0.173608795 0 5.01522954e-05 1.15975672e-05 0.000358112738 0.000496062916 0.00233169971 0.000734169211 0.0188608523 0.0177780315 0 0.00109477318 0.00978785381 0.00076645118 0 0.0231125187 4.84953598e-05 0.00258622295 0.0158644356 0.000274597289 0.00192089169 0 0 0.000790133723 4.51252527e-05 3.89239649e-05 0 0 4.19750251e-07 0 0.0308773443 0.00332074659 0.000946658722 6.76886111e-06 0 0.0388368182 0 0.000337004778 0.00111684157 0 0 0 3.86006177e-05 2.3412133e-06 0 0 0.000701238867 0 3.23964778e-05 0 0.0359628759 2.94819747e-05 5.10625205e-06 8.97350947e-06 0.0429269001 0 0 0.00362214982 0.0252039004 0 0 0 0 0 1 0 0 0 0.0681818202 0.387761921 0.322504699 0.299157739 0.805982769 1 1
G615 0.00253894716 0.000164953424 0.0961182192 0 0.000121812685 0.173608795 0 5.01522954e-05 1.15975672e-05 0.000358112738 0.000496062916 0.00233169971 0.000734169211 0.0188608523 0.0177780315 0 0.00109477318 0.00978785381 0.00076645118 0 0.0231125187 4.84953598e-05 0.00258622295 0.0158644356 0.000274597289 0.00192089169 0 0 0.000790133723 4.51252527e-05 3.89239649e-05 0 0 4.19750251e-07 0 0.0308773443 0.00332074659 0.000946658722 6.76886111e-06 0 0.0388368182 0 0.000337004778 0.00111684157 0 0 0 3.86006177e-05 2.3412133e-06 0 0 0.000701238867 0 3.23964778e-05 0 0.0359628759 2.94819747e-05 5.10625205e-06 8.97350947e-06 0.0429269001 0 0 0.00362214982 0.0252039004 0 0 0 0 0 1 0 0 0 0.0681818202 0.244650543 0.322504699 0.299157739 0.812847078 1 1
G616 0.00253894716 0.000164953424 0.0961182192 0 0.000121812685 0.173608795 0 5.01522954e-05 1.15975672e-05 0.000358112738 0.000496062916 0.00233169971 0.000734169211 0.0188608523 0.0177780315 0 0.00109477318 0.00978785381 0.00076645118 0 0.0231125187 4.84953598e-05 0.00258622295 0.0158644356 0.000274597289 0.00192089169 0 0 0.000790133723 4.51252527e-05 3.89239649e-05 0 0 4.19750251e-07 0 0.0308773443 0.00332074659 0.000946658722 6.76886111e-06 0 0.0388368182 0 0.000337004778 0.00111684157 0 0 0 3.86006177e-05 2.3412133e-06 0 0 0.000701238867 0 3.23964778e-05 0 0.0359628759 2.94819747e-05 5.10625205e-06 8.97350947e-06 0.0429269001 0 0 0.00362214982 0.0252039004 0 0 0 0 0 1 0 0 0 0.0681818202 0.387761921 0.322504699 0.299157739 0.834950626 1 1
G619 0.00253894716 0.000164953424 0.0961182192 0 0.000121812685 0.173608795 0 5.01522954e-05 1.15975672e-05 0.000358112738 0.000496062916 0.00233169971 0.000734169211 0.0188608523 0.0177780315 0 0.00109477318 0.00978785381 0.00076645118 0 0.0231125187 4.84953598e-05 0.00258622295 0.0158644356 0.000274597289 0.00192089169 0 0 0.000790133723 4.51252527e-05 3.89239649e-05 0 0 4.19750251e-07 0 0.0308773443 0.00332074659 0.000946658722 6.76886111e-06 0 0.0388368182 0 0.000337004778 0.00111684157 0 0 0 3.86006177e-05 2.3412133e-06 0 0 0.000701238867 0 3.23964778e-05 0 0.0359628759 2.94819747e-05 5.10625205e-06 8.97350947e-06 0.0429269001 0 0 0.00362214982 0.0252039004 0 0 0 0 0 1 0 0 0 0.0681818202 0.244650543 0.322504699 0.299157739 0.840785027 1 1
G620 0.00253894716 0.000164953424 0.0961182192 0 0.000121812685 0.173608795 0 5.01522954e-05 1.15975672e-05 0.000358112738 0.000496062916 0.00233169971 0.000734169211 0.0188608523 0.0177780315 0 0.00109477318 0.00978785381 0.00076645118 0 0.0231125187 4.84953598e-05 0.00258622295 0.0158644356 0.000274597289 0.00192089169 0 0 0.000790133723 4.51252527e-05 3.89239649e-05 0 0 4.19750251e-07 0 0.0308773443 0.00332074659 0.000946658722 6.76886111e-06 0 0.0388368182 0 0.000337004778 0.00111684157 0 0 0 3.86006177e-05 2.3412133e-06 0 0 0.000701238867 0 3.23964778e-05 0 0.0359628759 2.94819747e-05 5.10625205e-06 8.97350947e-06 0.0429269001 0 0 0.00362214982 0.0252039004 0 0 0 0 0 1 0 0 0 0.0681818202 0.387761921 0.359038919 0.257680446 0.894684434 1 1
G623 0.00253894716 0.000164953424 0.0961182192 0 0.000121812685 0.173608795 0 5.01522954e-05 1.15975672e-05 0.000358112738 0.000496062916 0.00233169971 0.000734169211 0.0188608523 0.0177780315 0 0.00109477318 0.00978785381 0.00076645118 0 0.0231125187 4.84953598e-05 0.00258622295 0.0158644356 0.000274597289 0.00192089169 0 0 0.000790133723 4.51252527e-05 3.89239649e-05 0 0 4.19750251e-07 0 0.0308773443 0.00332074659 0.000946658722 6.76886111e-06 0 0.0388368182 0 0.000337004778 0.00111684157 0 0 0 3.86006177e-05 2.3412133e-06 0 0 0.000701238867 0 3.23964778e-05 0 0.0359628759 2.94819747e-05 5.10625205e-06 8.97350947e-06 0.0429269001 0 0 0.00362214982 0.0252039004 0 0 0 0 0 1 0 0 0 0.0681818202 0.244650543 0.322504699 0.299157739 0.897819161 1 1
G624 0.00253894716 0.000164953424 0.0961182192 0 0.000121812685 0.173608795 0 5.01522954e-05 1.15975672e-05 0.000358112738 0.000496062916 0.00233169971 0.000734169211 0.0188608523 0.0177780315 0 0.00109477318 0.00978785381 0.00076645118 0 0.0231125187 4.84953598e-05 0.00258622295 0.0158644356 0.000274597289 0.00192089169 0 0 0.000790133723 4.51252527e-05 3.89239649e-05 0 0 4.19750251e-07 0 0.0308773443 0.00332074659 0.000946658722 6.76886111e-06 0 0.0388368182 0 0.000337004778 0.00111684157 0 0 0 3.86006177e-05 2.3412133e-06 0 0 0.000701238867 0 3.23964778e-05 0 0.0359628759 2.94819747e-05 5.10625205e-06 8.97350947e-06 0.0429269001 0 0 0.00362214982 0.0252039004 0 0 0 0 0 1 0 0 0 0.0681818202 0.387761921 0.359038919 0.257680446 0.78558737 1 1
G627 0.00253894716 0.000164953424 0.0961182192 0 0.000121812685 0.173608795 0 5.01522954e-05 1.15975672e-05 0.000358112738 0.000496062916 0.00233169971 0.000734169211 0.0188608523 0.0177780315 0 0.00109477318 0.00978785381 0.00076645118 0 0.0231125187 4.84953598e-05 0.00258622295 0.0158644356 0.000274597289 0.00192089169 0 0 0.000790133723 4.51252527e-05 3.89239649e-05 0 0 4.19750251e-07 0 0.0308773443 0.00332074659 0.000946658722 6.76886111e-06 0 0.0388368182 0 0.000337004778 0.00111684157 0 0 0 3.86006177e-05 2.3412133e-06 0 0 0.000701238867 0 3.23964778e-05 0 0.0359628759 2.94819747e-05 5.10625205e-06 8.97350947e-06 0.0429269001 0 0 0.00362214982 0.0252039004 0 0 0 0 0 1 0 0 0 0.0681818202 0.244650543 0.322504699 0.299157739 0.791389585 1 1
G631 0.00253894716 0.000164953424 0.0961182192 0 0.000121812685 0.173608795 0 5.01522954e-05 1.15975672e-05 0.000358112738 0.000496062916 0.00233169971 0.000734169211 0.0188608523 0.0177780315 0 0.00109477318 0.00978785381 0.00076645118 0 0.0231125187 4.84953598e-05 0.00258622295 0.0158644356 0.000274597289 0.00192089169 0 0 0.000790133723 4.51252527e-05 3.89239649e-05 0 0 4.19750251e-07 0 0.0308773443 0.00332074659 0.000946658722 6.76886111e-06 0 0.0388368182 0 0.000337004778 0.00111684157 0 0 0 3.86006177e-05 2.3412133e-06 0 0 0.000701238867 0 3.23964778e-05 0 0.0359628759 2.94819747e-05 5.10625205e-06 8.97350947e-06 0.0429269001 0 0 0.00362214982 0.0252039004 0 0 0 0 0 1 0 0 0 0.0681818202 0.244650543 0.322504699 0.299157739 0.743558586 1 1
G635 0.00253894716 0.000164953424 0.0961182192 0 0.000121812685 0.173608795 0 5.01522954e-05 1.15975672e-05 0.000358112738 0.000496062916 0.00233169971 0.000734169211 0.0188608523 0.0177780315 0 0.00109477318 0.00978785381 0.00076645118 0 0.0231125187 4.84953598e-05 0.00258622295 0.0158644356 0.000274597289 0.00192089169 0 0 0.000790133723 4.51252527e-05 3.89239649e-05 0 0 4.19750251e-07 0 0.0308773443 0.00332074659 0.000946658722 6.76886111e-06 0 0.0388368182 0 0.000337004778 0.00111684157 0 0 0 3.86006177e-05 2.3412133e-06 0 0 0.000701238867 0 3.23964778e-05 0 0.0359628759 2.94819747e-05 5.10625205e-06 8.97350947e-06 0.0429269001 0 0 0.00362214982 0.0252039004 0 0 0 0 0 1 0 0 0 0.0681818202 0.244650543 0.322504699 0.299157739 0.757951677 1 1
G637 0.00253894716 0.000164953424 0.0961182192 0 0.000121812685 0.173608795 0 5.01522954e-05 1.15975672e-05 0.000358112738 0.000496062916 0.00233169971 0.000734169211 0.0188608523 0.0177780315 0 0.00109477318 0.00978785381 0.00076645118 0 0.0231125187 4.84953598e-05 0.00258622295 0.0158644356 0.000274597289 0.00192089169 0 0 0.000790133723 4.51252527e-05 3.89239649e-05 0 0 4.19750251e-07 0 0.0308773443 0.00332074659 0.000946658722 6.76886111e-06 0 0.0388368182 0 0.000337004778 0.00111684157 0 0 0 3.86006177e-05 2.3412133e-06 0 0 0.000701238867 0 3.23964778e-05 0 0.0359628759 2.94819747e-05 5.10625205e-06 8.97350947e-06 0.0429269001 0 0 0.00362214982 0.0252039004 0 0 0 0 0 1 0 0 0 0.0681818202 0.244650543 0.322504699 0.299157739 0.748489022 1 1
G639 0.00253894716 0.000164953424 0.0961182192 0 0.000121812685 0.173608795 0 5.01522954e-05 1.15975672e-05 0.000358112738 0.000496062916 0.00233169971 0.000734169211 0.0188608523 0.0177780315 0 0.00109477318 0.00978785381 0.00076645118 0 0.0231125187 4.84953598e-05 0.00258622295 0.0158644356 0.000274597289 0.00192089169 0 0 0.000790133723 4.51252527e-05 3.89239649e-05 0 0 4.19750251e-07 0 0.0308773443 0.00332074659 0.000946658722 6.76886111e-06 0 0.0388368182 0 0.000337004778 0.00111684157 0 0 0 3.86006177e-05 2.3412133e-06 0 0 0.000701238867 0 3.23964778e-05 0 0.0359628759 2.94819747e-05 5.10625205e-06 8.97350947e-06 0.0429269001 0 0 0.00362214982 0.0252039004 0 0 0 0 0 1 0 0 0 0.0681818202 0.244650543 0.322504699 0.299157739 0.78558737 1 1
G640 0.00253894716 0.000164953424 0.0961182192 0 0.000121812685 0.173608795 0 5.01522954e-05 1.15975672e-05 0.000358112738 0.000496062916 0.00233169971 0.000734169211 0.0188608523 0.0177780315 0 0.00109477318 0.00978785381 0.00076645118 0 0.0231125187 4.84953598e-05 0.00258622295 0.0158644356 0.000274597289 0.00192089169 0 0 0.000790133723 4.51252527e-05 3.89239649e-05 0 0 4.19750251e-07 0 0.0308773443 0.00332074659 0.000946658722 6.76886111e-06 0 0.0388368182 0 0.000337004778 0.00111684157 0 0 0 3.86006177e-05 2.3412133e-06 0 0 0.000701238867 0 3.23964778e-05 0 0.0359628759 2.94819747e-05 5.10625205e-06 8.97350947e-06 0.0429269001 0 0 0.00362214982 0.0252039004 0 0 0 0 0 1 0 0 0 0.0681818202 0.244650543 0.322504699 0.299157739 0.766928852 1 1
G641 0.00253894716 0.000164953424 0.0961182192 0 0.000121812685 0.173608795 0 5.01522954e-05 1.15975672e-05 0.000358112738 0.000496062916 0.00233169971 0.000734169211 0.0188608523 0.0177780315 0 0.00109477318 0.00978785381 0.00076645118 0 0.0231125187 4.84953598e-05 0.00258622295 0.0158644356 0.000274597289 0.00192089169 0 0 0.000790133723 4.51252527e-05 3.89239649e-05 0 0 4.19750251e-07 0 0.0308773443 0.00332074659 0.000946658722 6.76886111e-06 0 0.0388368182 0 0.000337004778 0.00111684157 0 0 0 3.86006177e-05 2.3412133e-06 0 0 0.000701238867 0 3.23964778e-05 0 0.0359628759 2.94819747e-05 5.10625205e-06 8.97350947e-06 0.0429269001 0 0 0.00362214982 0.0252039004 0 0 0 0 0 1 0 0 0 0.0681818202 0.387761921 0.322504699 0.299157739 0.766928852 1 1
G645 0.00253894716 0.000164953424 0.0961182192 0 0.000121812685 0.173608795 0 5.01522954e-05 1.15975672e-05 0.000358112738 0.000496062916 0.00233169971 0.000734169211 0.0188608523 0.0177780315 0 0.00109477318 0.00978785381 0.00076645118 0 0.0231125187 4.84953598e-05 0.00258622295 0.0158644356 0.000274597289 0.00192089169 0 0 0.000790133723 4.51252527e-05 3.89239649e-05 0 0 4.19750251e-07 0 0.0308773443 0.00332074659 0.000946658722 6.76886111e-06 0 0.0388368182 0 0.000337004778 0.00111684157 0 0 0 3.86006177e-05 2.3412133e-06 0 0 0.000701238867 0 3.23964778e-05 0 0.0359628759 2.94819747e-05 5.10625205e-06 8.97350947e-06 0.0429269001 0 0 0.00362214982 0.0252039004 0 0 0 0 0 1 0 0 0 0.0681818202 0.387761921 0.322504699 0.299157739 0.775467992 1 1
G649 0.00253894716 0.000164953424 0.0961182192 0 0.000121812685 0.173608795 0 5.01522954e-05 1.15975672e-05 0.000358112738 0.000496062916 0.00233169971 0.000734169211 0.0188608523 0.0177780315 0 0.00109477318 0.00978785381 0.00076645118 0 0.0231125187 4.84953598e-05 0.00258622295 0.0158644356 0.000274597289 0.00192089169 0 0 0.000790133723 4.51252527e-05 3.89239649e-05 0 0 4.19750251e-07 0 0.0308773443 0.00332074659 0.000946658722 6.76886111e-06 0 0.0388368182 0 0.000337004778 0.00111684157 0 0 0 3.86006177e-05 2.3412133e-06 0 0 0.000701238867 0 3.23964778e-05 0 0.0359628759 2.94819747e-05 5.10625205e-06 8.97350947e-06 0.0429269001 0 0 0.00362214982 0.0252039004 0 0 0 0 0 1 0 0 0 0.0681818202 0.244650543 0.322504699 0.299157739 0.730588436 1 1
G651 0.00253894716 0.000164953424 0.0961182192 0 0.000121812685 0.173608795 0 5.01522954e-05 1.15975672e-05 0.000358112738 0.000496062916 0.00233169971 0.000734169211 0.0188608523 0.0177780315 0 0.00109477318 0.00978785381 0.00076645118 0 0.0231125187 4.84953598e-05 0.00258622295 0.0158644356 0.000274597289 0.00192089169 0 0 0.000790133723 4.51252527e-05 3.89239649e-05 0 0 4.19750251e-07 0 0.0308773443 0.00332074659 0.000946658722 6.76886111e-06 0 0.0388368182 0 0.000337004778 0.00111684157 0 0 0 3.86006177e-05 2.3412133e-06 0 0 0.000701238867 0 3.23964778e-05 0 0.0359628759 2.94819747e-05 5.10625205e-06 8.97350947e-06 0.0429269001 0 0 0.00362214982 0.0252039004 0 0 0 0 0 1 0 0 0 0.0681818202 0.244650543 0.322504699 0.299157739 0.719472528 1 1
G652 0.00253894716 0.000164953424 0.0961182192 0 0.000121812685 0.173608795 0 5.01522954e-05 1.15975672e-05 0.000358112738 0.000496062916 0.00233169971 0.000734169211 0.0188608523 0.0177780315 0 0.00109477318 0.00978785381 0.00076645118 0 0.0231125187 4.84953598e-05 0.00258622295 0.0158644356 0.000274597289 0.00192089169 0 0 0.000790133723 4.51252527e-05 3.89239649e-05 0 0 4.19750251e-07 0 0.0308773443 0.00332074659 0.000946658722 6.76886111e-06 0 0.0388368182 0 0.000337004778 0.00111684157 0 0 0 3.86006177e-05 2.3412133e-06 0 0 0.000701238867 0 3.23964778e-05 0 0.0359628759 2.94819747e-05 5.10625205e-06 8.97350947e-06 0.0429269001 0 0 0.00362214982 0.0252039004 0 0 0 0 0 1 0 0 0 0.0681818202 0.244650543 0.322504699 0.299157739 0.730588436 1 1
G653 0.00253894716 0.000164953424 0.0961182192 0 0.000121812685 0.173608795 0 5.01522954e-05 1.15975672e-05 0.000358112738 0.000496062916 0.00233169971 0.000734169211 0.0188608523 0.0177780315 0 0.00109477318 0.00978785381 0.00076645118 0 0.0231125187 4.84953598e-05 0.00258622295 0.0158644356 0.000274597289 0.00192089169 0 0 0.000790133723 4.51252527e-05 3.89239649e-05 0 0 4.19750251e-07 0 0.0308773443 0.00332074659 0.000946658722 6.76886111e-06 0 0.0388368182 0 0.000337004778 0.00111684157 0 0 0 3.86006177e-05 2.3412133e-06 0 0 0.000701238867 0 3.23964778e-05 0 0.0359628759 2.94819747e-05 5.10625205e-06 8.97350947e-06 0.0429269001 0 0 0.00362214982 0.0252039004 0 0 0 0 0 1 0 0 0 0.0681818202 0.244650543 0.322504699 0.299157739 0.730588436 1 1
G654 0.00253894716 0.000164953424 0.0961182192 0 0.000121812685 0.173608795 0 5.01522954e-05 1.15975672e-05 0.000358112738 0.000496062916 0.00233169971 0.000734169211 0.0188608523 0.0177780315 0 0.00109477318 0.00978785381 0.00076645118 0 0.0231125187 4.84953598e-05 0.00258622295 0.0158644356 0.000274597289 0.00192089169 0 0 0.000790133723 4.51252527e-05 3.89239649e-05 0 0 4.19750251e-07 0 0.0308773443 0.00332074659 0.000946658722 6.76886111e-06 0 0.0388368182 0 0.000337004778 0.00111684157 0 0 0 3.86006177e-05 2.3412133e-06 0 0 0.000701238867 0 3.23964778e-05 0 0.0359628759 2.94819747e-05 5.10625205e-06 8.97350947e-06 0.0429269001 0 0 0.00362214982 0.0252039004 0 0 0 0 0 1 0 0 0 0.0681818202 0.244650543 0.322504699 0.299157739 0.719472528 1 1
G656 0.00253894716 0.000164953424 0.0961182192 0 0.000121812685 0.173608795 0 5.01522954e-05 1.15975672e-05 0.000358112738 0.000496062916 0.00233169971 0.000734169211 0.0188608523 0.0177780315 0 0.00109477318 0.00978785381 0.00076645118 0 0.0231125187 4.84953598e-05 0.00258622295 0.0158644356 0.000274597289 0.00192089169 0 0 0.000790133723 4.51252527e-05 3.89239649e-05 0 0 4.19750251e-07 0 0.0308773443 0.00332074659 0.000946658722 6.76886111e-06 0 0.0388368182 0 0.000337004778 0.00111684157 0 0 0 3.86006177e-05 2.3412133e-06 0 0 0.000701238867 0 3.23964778e-05 0 0.0359628759 2.94819747e-05 5.10625205e-06 8.97350947e-06 0.0429269001 0 0 0.00362214982 0.0252039004 0 0 0 0 0 1 0 0 0 0.0681818202 0.244650543 0.322504699 0.299157739 0.78558737 1 1
G657 0.00253894716 0.000164953424 0.0961182192 0 0.000121812685 0.173608795 0 5.01522954e-05 1.15975672e-05 0.000358112738 0.000496062916 0.00233169971 0.000734169211 0.0188608523 0.0177780315 0 0.00109477318 0.00978785381 0.00076645118 0 0.0231125187 4.84953598e-05 0.00258622295 0.0158644356 0.000274597289 0.00192089169 0 0 0.000790133723 4.51252527e-05 3.89239649e-05 0 0 4.19750251e-07 0 0.0308773443 0.00332074659 0.000946658722 6.76886111e-06 0 0.0388368182 0 0.000337004778 0.00111684157 0 0 0 3.86006177e-05 2.3412133e-06 0 0 0.000701238867 0 3.23964778e-05 0 0.0359628759 2.94819747e-05 5.10625205e-06 8.97350947e-06 0.0429269001 0 0 0.00362214982 0.0252039004 0 0 0 0 0 1 0 0 0 0.0681818202 0.387761921 0.322504699 0.299157739 0.861079991 1 1
G660 0.00253894716 0.000164953424 0.0961182192 0 0.000121812685 0.173608795 0 5.01522954e-05 1.15975672e-05 0.000358112738 0.000496062916 0.00233169971 0.000734169211 0.0188608523 0.0177780315 0 0.00109477318 0.00978785381 0.00076645118 0 0.0231125187 4.84953598e-05 0.00258622295 0.0158644356 0.000274597289 0.00192089169 0 0 0.000790133723 4.51252527e-05 3.89239649e-05 0 0 4.19750251e-07 0 0.0308773443 0.00332074659 0.000946658722 6.76886111e-06 0 0.0388368182 0 0.000337004778 0.00111684157 0 0 0 3.86006177e-05 2.3412133e-06 0 0 0.000701238867 0 3.23964778e-05 0 0.0359628759 2.94819747e-05 5.10625205e-06 8.97350947e-06 0.0429269001 0 0 0.00362214982 0.0252039004 0 0 0 0 0 1 0 0 0 0.0681818202 0.387761921 0.322504699 0.299157739 0.817824185 1 1
G663 0.00253894716 0.000164953424 0.0961182192 0 0.000121812685 0.173608795 0 5.01522954e-05 1.15975672e-05 0.000358112738 0.000496062916 0.00233169971 0.000734169211 0.0188608523 0.0177780315 0 0.00109477318 0.00978785381 0.00076645118 0 0.0231125187 4.84953598e-05 0.00258622295 0.0158644356 0.000274597289 0.00192089169 0 0 0.000790133723 4.51252527e-05 3.89239649e-05 0 0 4.19750251e-07 0 0.0308773443 0.00332074659 0.000946658722 6.76886111e-06 0 0.0388368182 0 0.000337004778 0.00111684157 0 0 0 3.86006177e-05 2.3412133e-06 0 0 0.000701238867 0 3.23964778e-05 0 0.0359628759 2.94819747e-05 5.10625205e-06 8.97350947e-06 0.0429269001 0 0 0.00362214982 0.0252039004 0 0 0 0 0 1 0 0 0 0.0681818202 0.387761921 0.322504699 0.299157739 0.817824185 1 1
G666 0.00253894716 0.000164953424 0.0961182192 0 0.000121812685 0.173608795 0 5.01522954e-05 1.15975672e-05 0.000358112738 0.000496062916 0.00233169971 0.000734169211 0.0188608523 0.0177780315 0 0.00109477318 0.00978785381 0.00076645118 0 0.0231125187 4.84953598e-05 0.00258622295 0.0158644356 0.000274597289 0.00192089169 0 0 0.000790133723 4.51252527e-05 3.89239649e-05 0 0 4.19750251e-07 0 0.0308773443 0.00332074659 0.000946658722 6.76886111e-06 0 0.0388368182 0 0.000337004778 0.00111684157 0 0 0 3.86006177e-05 2.3412133e-06 0 0 0.000701238867 0 3.23964778e-05 0 0.0359628759 2.94819747e-05 5.10625205e-06 8.97350947e-06 0.0429269001 0 0 0.00362214982 0.0252039004 0 0 0 0 0 1 0 0 0 0.0681818202 0.387761921 0.322504699 0.299157739 0.82891494 1 1
G669 0.00253894716 0.000164953424 0.0961182192 0 0.000121812685 0.173608795 0 5.01522954e-05 1.15975672e-05 0.000358112738 0.000496062916 0.00233169971 0.000734169211 0.0188608523 0.0177780315 0 0.00109477318 0.00978785381 0.00076645118 0 0.0231125187 4.84953598e-05 0.00258622295 0.0158644356 0.000274597289 0.00192089169 0 0 0.000790133723 4.51252527e-05 3.89239649e-05 0 0 4.19750251e-07 0 0.0308773443 0.00332074659 0.000946658722 6.76886111e-06 0 0.0388368182 0 0.000337004778 0.00111684157 0 0 0 3.86006177e-05 2.3412133e-06 0 0 0.000701238867 0 3.23964778e-05 0 0.0359628759 2.94819747e-05 5.10625205e-06 8.97350947e-06 0.0429269001 0 0 0.00362214982 0.0252039004 0 0 0 0 0 1 0 0 0 0.0681818202 0.387761921 0.322504699 0.299157739 0.812847078 1 1
G672 0.00253894716 0.000164953424 0.0961182192 0 0.000121812685 0.173608795 0 5.01522954e-05 1.15975672e-05 0.000358112738 0.000496062916 0.00233169971 0.000734169211 0.0188608523 0.0177780315 0 0.00109477318 0.00978785381 0.00076645118 0 0.0231125187 4.84953598e-05 0.00258622295 0.0158644356 0.000274597289 0.00192089169 0 0 0.000790133723 4.51252527e-05 3.89239649e-05 0 0 4.19750251e-07 0 0.0308773443 0.00332074659 0.000946658722 6.76886111e-06 0 0.0388368182 0 0.000337004778 0.00111684157 0 0 0 3.86006177e-05 2.3412133e-06 0 0 0.000701238867 0 3.23964778e-05 0 0.0359628759 2.94819747e-05 5.10625205e-06 8.97350947e-06 0.0429269001 0 0 0.00362214982 0.0252039004 0 0 0 0 0 1 0 0 0 0.0681818202 0.387761921 0.322504699 0.299157739 0.80944854 1 1
G681 0.00253894716 0.000164953424 0.0961182192 0 0.000121812685 0.173608795 0 5.01522954e-05 1.15975672e-05 0.000358112738 0.000496062916 0.00233169971 0.000734169211 0.0188608523 0.0177780315 0 0.00109477318 0.00978785381 0.00076645118 0 0.0231125187 4.84953598e-05 0.00258622295 0.0158644356 0.000274597289 0.00192089169 0 0 0.000790133723 4.51252527e-05 3.89239649e-05 0 0 4.19750251e-07 0 0.0308773443 0.00332074659 0.000946658722 6.76886111e-06 0 0.0388368182 0 0.000337004778 0.00111684157 0 0 0 3.86006177e-05 2.3412133e-06 0 0 0.000701238867 0 3.23964778e-05 0 0.0359628759 2.94819747e-05 5.10625205e-06 8.97350947e-06 0.0429269001 0 0 0.00362214982 0.0252039004 0 0 0 0 0 1 0 0 0 0.0681818202 0.387761921 0.322504699 0.299157739 0.812847078 1 1
G684 0.00253894716 0.000164953424 0.0961182192 0 0.000121812685 0.173608795 0 5.01522954e-05 1.15975672e-05 0.000358112738 0.000496062916 0.00233169971 0.000734169211 0.0188608523 0.0177780315 0 0.00109477318 0.00978785381 0.00076645118 0 0.0231125187 4.84953598e-05 0.00258622295 0.0158644356 0.000274597289 0.00192089169 0 0 0.000790133723 4.51252527e-05 3.89239649e-05 0 0 4.19750251e-07 0 0.0308773443 0.00332074659 0.000946658722 6.76886111e-06 0 0.0388368182 0 0.000337004778 0.00111684157 0 0 0 3.86006177e-05 2.3412133e-06 0 0 0.000701238867 0 3.23964778e-05 0 0.0359628759 2.94819747e-05 5.10625205e-06 8.97350947e-06 0.0429269001 0 0 0.00362214982 0.0252039004 0 0 0 0 0 1 0 0 0 0.0681818202 0.387761921 0.322504699 0.299157739 0.840785027 1 1
G687 0.00253894716 0.000164953424 0.0961182192 0 0.000121812685 0.173608795 0 5.01522954e-05 1.15975672e-05 0.000358112738 0.000496062916 0.00233169971 0.000734169211 0.0188608523 0.0177780315 0 0.00109477318 0.00978785381 0.00076645118 0 0.0231125187 4.84953598e-05 0.00258622295 0.0158644356 0.000274597289 0.00192089169 0 0 0.000790133723 4.51252527e-05 3.89239649e-05 0 0 4.19750251e-07 0 0.0308773443 0.00332074659 0.000946658722 6.76886111e-06 0 0.0388368182 0 0.000337004778 0.00111684157 0 0 0 3.86006177e-05 2.3412133e-06 0 0 0.000701238867 0 3.23964778e-05 0 0.0359628759 2.94819747e-05 5.10625205e-06 8.97350947e-06 0.0429269001 0 0 0.00362214982 0.0252039004 0 0 0 0 0 1 0 0 0 0.0681818202 0.387761921 0.322504699 0.299157739 0.897819161 1 1
G690 0.00253894716 0.000164953424 0.0961182192 0 0.000121812685 0.173608795 0 5.01522954e-05 1.15975672e-05 0.000358112738 0.000496062916 0.00233169971 0.000734169211 0.0188608523 0.0177780315 0 0.00109477318 0.00978785381 0.00076645118 0 0.0231125187 4.84953598e-05 0.00258622295 0.0158644356 0.000274597289 0.00192089169 0 0 0.000790133723 4.51252527e-05 3.89239649e-05 0 0 4.19750251e-07 0 0.0308773443 0.00332074659 0.000946658722 6.76886111e-06 0 0.0388368182 0 0.000337004778 0.00111684157 0 0 0 3.86006177e-05 2.3412133e-06 0 0 0.000701238867 0 3.23964778e-05 0 0.0359628759 2.94819747e-05 5.10625205e-06 8.97350947e-06 0.0429269001 0 0 0.00362214982 0.0252039004 0 0 0 0 0 1 0 0 0 0.0681818202 0.387761921 0.322504699 0.299157739 0.791389585 1 1
G693 0.00253894716 0.000164953424 0.0961182192 0 0.000121812685 0.173608795 0 5.01522954e-05 1.15975672e-05 0.000358112738 0.000496062916 0.00233169971 0.000734169211 0.0188608523 0.0177780315 0 0.00109477318 0.00978785381 0.00076645118 0 0.0231125187 4.84953598e-05 0.00258622295 0.0158644356 0.000274597289 0.00192089169 0 0 0.000790133723 4.51252527e-05 3.89239649e-05 0 0 4.19750251e-07 0 0.0308773443 0.00332074659 0.000946658722 6.76886111e-06 0 0.0388368182 0 0.000337004778 0.00111684157 0 0 0 3.86006177e-05 2.3412133e-06 0 0 0.000701238867 0 3.23964778e-05 0 0.0359628759 2.94819747e-05 5.10625205e-06 8.97350947e-06 0.0429269001 0 0 0.00362214982 0.0252039004 0 0 0 0 0 1 0 0 0 0.0681818202 0.387761921 0.322504699 0.299157739 0.775467992 1 1
G696 0.00253894716 0.000164953424 0.0961182192 0 0.000121812685 0.173608795 0 5.01522954e-05 1.15975672e-05 0.000358112738 0.000496062916 0.00233169971 0.000734169211 0.0188608523 0.0177780315 0 0.00109477318 0.00978785381 0.00076645118 0 0.0231125187 4.84953598e-05 0.00258622295 0.0158644356 0.000274597289 0.00192089169 0 0 0.000790133723 4.51252527e-05 3.89239649e-05 0 0 4.19750251e-07 0 0.0308773443 0.00332074659 0.000946658722 6.76886111e-06 0 0.0388368182 0 0.000337004778 0.00111684157 0 0 0 3.86006177e-05 2.3412133e-06 0 0 0.000701238867 0 3.23964778e-05 0 0.0359628759 2.94819747e-05 5.10625205e-06 8.97350947e-06 0.0429269001 0 0 0.00362214982 0.0252039004 0 0 0 0 0 1 0 0 0 0.0681818202 0.387761921 0.322504699 0.299157739 0.783609748 1 1
G7 0.00253894716 0.000164953424 0.0961182192 0 0.000121812685 0.173608795 0 5.01522954e-05 1.15975672e-05 0.000358112738 0.000496062916 0.00233169971 0.000734169211 0.0188608523 0.0177780315 0 0.00109477318 0.00978785381 0.00076645118 0 0.0231125187 4.84953598e-05 0.00258622295 0.0158644356 0.000274597289 0.00192089169 0 0 0.000790133723 4.51252527e-05 3.89239649e-05 0 0 4.19750251e-07 0 0.0308773443 0.00332074659 0.000946658722 6.76886111e-06 0 0.0388368182 0 0.000337004778 0.00111684157 0 0 0 3.86006177e-05 2.3412133e-06 0 0 0.000701238867 0 3.23964778e-05 0 0.0359628759 2.94819747e-05 5.10625205e-06 8.97350947e-06 0.0429269001 0 0 0.00362214982 0.0252039004 1 0 0 0 0 0 0 0 0 0 0.387761921 0.138895214 0.128840223 0.473954648 1 1
G134 0.00253894716 0.000164953424 0.0961182192 0 0.000121812685 0.173608795 0 5.01522954e-05 1.15975672e-05 0.000358112738 0.000496062916 0.00233169971 0.000734169211 0.0188608523 0.0177780315 0 0.00109477318 0.00978785381 0.00076645118 0 0.0231125187 4.84953598e-05 0.00258622295 0.0158644356 0.000274597289 0.00192089169 0 0 0.000790133723 4.51252527e-05 3.89239649e-05 0 0 4.19750251e-07 0 0.0308773443 0.00332074659 0.000946658722 6.76886111e-06 0 0.0388368182 0 0.000337004778 0.00111684157 0 0 0 3.86006177e-05 2.3412133e-06 0 0 0.000701238867 0 3.23964778e-05 0 0.0359628759 2.94819747e-05 5.10625205e-06 8.97350947e-06 0.0429269001 0 0 0.00362214982 0.0252039004 0 0 0 0 0 1 0 0 0 0.0227272734 0.489301085 0.220143706 0.204206929 0.789476812 1 1
G283 0.00253894716 0.000164953424 0.0961182192 0 0.000121812685 0.173608795 0 5.01522954e-05 1.15975672e-05 0.000358112738 0.000496062916 0.00233169971 0.000734169211 0.0188608523 0.0177780315 0 0.00109477318 0.00978785381 0.00076645118 0 0.0231125187 4.84953598e-05 0.00258622295 0.0158644356 0.000274597289 0.00192089169 0 0 0.000790133723 4.51252527e-05 3.89239649e-05 0 0 4.19750251e-07 0 0.0308773443 0.00332074659 0.000946658722 6.76886111e-06 0 0.0388368182 0 0.000337004778 0.00111684157 0 0 0 3.86006177e-05 2.3412133e-06 0 0 0.000701238867 0 3.23964778e-05 0 0.0359628759 2.94819747e-05 5.10625205e-06 8.97350947e-06 0.0429269001 0 0 0.00362214982 0.0252039004 0 0 0 0 0 1 0 0 0 0.0227272734 0.387761921 0.220143706 0.204206929 0.46187973 1 1
G319 0.00253894716 0.000164953424 0.0961182192 0 0.000121812685 0.173608795 0 5.01522954e-05 1.15975672e-05 0.000358112738 0.000496062916 0.00233169971 0.000734169211 0.0188608523 0.0177780315 0 0.00109477318 0.00978785381 0.00076645118 0 0.0231125187 4.84953598e-05 0.00258622295 0.0158644356 0.000274597289 0.00192089169 0 0 0.000790133723 4.51252527e-05 3.89239649e-05 0 0 4.19750251e-07 0 0.0308773443 0.00332074659 0.000946658722 6.76886111e-06 0 0.0388368182 0 0.000337004778 0.00111684157 0 0 0 3.86006177e-05 2.3412133e-06 0 0 0.000701238867 0 3.23964778e-05 0 0.0359628759 2.94819747e-05 5.10625205e-06 8.97350947e-06 0.0429269001 0 0 0.00362214982 0.0252039004 0 0 0 0 0 1 0 0 0 0.0454545468 0.244650543 0.277790427 0.257680446 0.783609748 1 1
G473 0.00253894716 0.000164953424 0.0961182192 0 0.000121812685 0.173608795 0 5.01522954e-05 1.15975672e-05 0.000358112738 0.000496062916 0.00233169971 0.000734169211 0.0188608523 0.0177780315 0 0.00109477318 0.00978785381 0.00076645118 0 0.0231125187 4.84953598e-05 0.00258622295 0.0158644356 0.000274597289 0.00192089169 0 0 0.000790133723 4.51252527e-05 3.89239649e-05 0 0 4.19750251e-07 0 0.0308773443 0.00332074659 0.000946658722 6.76886111e-06 0 0.0388368182 0 0.000337004778 0.00111684157 0 0 0 3.86006177e-05 2.3412133e-06 0 0 0.000701238867 0 3.23964778e-05 0 0.0359628759 2.94819747e-05 5.10625205e-06 8.97350947e-06 0.0429269001 0 0 0.00362214982 0.0252039004 0 0 0 0 0 1 0 0 0 0.0454545468 0.387761921 0.277790427 0.257680446 0.819452226 1 1
G476 0.00253894716 0.000164953424 0.0961182192 0 0.000121812685 0.173608795 0 5.01522954e-05 1.15975672e-05 0.000358112738 0.000496062916 0.00233169971 0.000734169211 0.0188608523 0.0177780315 0 0.00109477318 0.00978785381 0.00076645118 0 0.0231125187 4.84953598e-05 0.00258622295 0.0158644356 0.000274597289 0.00192089169 0 0 0.000790133723 4.51252527e-05 3.89239649e-05 0 0 4.19750251e-07 0 0.0308773443 0.00332074659 0.000946658722 6.76886111e-06 0 0.0388368182 0 0.000337004778 0.00111684157 0 0 0 3.86006177e-05 2.3412133e-06 0 0 0.000701238867 0 3.23964778e-05 0 0.0359628759 2.94819747e-05 5.10625205e-06 8.97350947e-06 0.0429269001 0 0 0.00362214982 0.0252039004 0 0 0 0 0 1 0 0 0 0.0454545468 0.387761921 0.277790427 0.257680446 0.830443501 1 1
G527 0.00253894716 0.000164953424 0.0961182192 0 0.000121812685 0.173608795 0 5.01522954e-05 1.15975672e-05 0.000358112738 0.000496062916 0.00233169971 0.000734169211 0.0188608523 0.0177780315 0 0.00109477318 0.00978785381 0.00076645118 0 0.0231125187 4.84953598e-05 0.00258622295 0.0158644356 0.000274597289 0.00192089169 0 0 0.000790133723 4.51252527e-05 3.89239649e-05 0 0 4.19750251e-07 0 0.0308773443 0.00332074659 0.000946658722 6.76886111e-06 0 0.0388368182 0 0.000337004778 0.00111684157 0 0 0 3.86006177e-05 2.3412133e-06 0 0 0.000701238867 0 3.23964778e-05 0 0.0359628759 2.94819747e-05 5.10625205e-06 8.97350947e-06 0.0429269001 0 0 0.00362214982 0.0252039004 0 0 0 0 0 1 0 0 0 0.0454545468 0.387761921 0.277790427 0.257680446 0.78754288 1 1
G593 0.00253894716 0.000164953424 0.0961182192 0 0.000121812685 0.173608795 0 5.01522954e-05 1.15975672e-05 0.000358112738 0.000496062916 0.00233169971 0.000734169211 0.0188608523 0.0177780315 0 0.00109477318 0.00978785381 0.00076645118 0 0.0231125187 4.84953598e-05 0.00258622295 0.0158644356 0.000274597289 0.00192089169 0 0 0.000790133723 4.51252527e-05 3.89239649e-05 0 0 4.19750251e-07 0 0.0308773443 0.00332074659 0.000946658722 6.76886111e-06 0 0.0388368182 0 0.000337004778 0.00111684157 0 0 0 3.86006177e-05 2.3412133e-06 0 0 0.000701238867 0 3.23964778e-05 0 0.0359628759 2.94819747e-05 5.10625205e-06 8.97350947e-06 0.0429269001 0 0 0.00362214982 0.0252039004 0 0 0 0 0 1 0 0 0 0.0681818202 0.244650543 0.322504699 0.299157739 0.817824185 1 1
G597 0.00253894716 0.000164953424 0.0961182192 0 0.000121812685 0.173608795 0 5.01522954e-05 1.15975672e-05 0.000358112738 0.000496062916 0.00233169971 0.000734169211 0.0188608523 0.0177780315 0 0.00109477318 0.00978785381 0.00076645118 0 0.0231125187 4.84953598e-05 0.00258622295 0.0158644356 0.000274597289 0.00192089169 0 0 0.000790133723 4.51252527e-05 3.89239649e-05 0 0 4.19750251e-07 0 0.0308773443 0.00332074659 0.000946658722 6.76886111e-06 0 0.0388368182 0 0.000337004778 0.00111684157 0 0 0 3.86006177e-05 2.3412133e-06 0 0 0.000701238867 0 3.23964778e-05 0 0.0359628759 2.94819747e-05 5.10625205e-06 8.97350947e-06 0.0429269001 0 0 0.00362214982 0.0252039004 0 0 0 0 0 1 0 0 0 0.0681818202 0.244650543 0.322504699 0.299157739 0.82891494 1 1
G655 0.00253894716 0.000164953424 0.0961182192 0 0.000121812685 0.173608795 0 5.01522954e-05 1.15975672e-05 0.000358112738 0.000496062916 0.00233169971 0.000734169211 0.0188608523 0.0177780315 0 0.00109477318 0.00978785381 0.00076645118 0 0.0231125187 4.84953598e-05 0.00258622295 0.0158644356 0.000274597289 0.00192089169 0 0 0.000790133723 4.51252527e-05 3.89239649e-05 0 0 4.19750251e-07 0 0.0308773443 0.00332074659 0.000946658722 6.76886111e-06 0 0.0388368182 0 0.000337004778 0.00111684157 0 0 0 3.86006177e-05 2.3412133e-06 0 0 0.000701238867 0 3.23964778e-05 0 0.0359628759 2.94819747e-05 5.10625205e-06 8.97350947e-06 0.0429269001 0 0 0.00362214982 0.0252039004 0 0 0 0 0 1 0 0 0 0.0681818202 0.244650543 0.322504699 0.299157739 0.78558737 1 1
G711 0.00253894716 0.000164953424 0.0961182192 0 0.000121812685 0.173608795 0 5.01522954e-05 1.15975672e-05 0.000358112738 0.000496062916 0.00233169971 0.000734169211 0.0188608523 0.0177780315 0 0.00109477318 0.00978785381 0.00076645118 0 0.0231125187 4.84953598e-05 0.00258622295 0.0158644356 0.000274597289 0.00192089169 0 0 0.000790133723 4.51252527e-05 3.89239649e-05 0 0 4.19750251e-07 0 0.0308773443 0.00332074659 0.000946658722 6.76886111e-06 0 0.0388368182 0 0.000337004778 0.00111684157 0 0 0 3.86006177e-05 2.3412133e-06 0 0 0.000701238867 0 3.23964778e-05 0 0.0359628759 2.94819747e-05 5.10625205e-06 8.97350947e-06 0.0429269001 0 0 0.00362214982 0.0252039004 0 0 1 0 0 0 0 0 0 0.0909090936 0.244650543 0.440287411 0.299157739 0.719472528 1 1
G712 0.00253894716 0.000164953424 0.0961182192 0 0.000121812685 0.173608795 0 5.01522954e-05 1.15975672e-05 0.000358112738 0.000496062916 0.00233169971 0.000734169211 0.0188608523 0.0177780315 0 0.00109477318 0.00978785381 0.00076645118 0 0.0231125187 4.84953598e-05 0.00258622295 0.0158644356 0.000274597289 0.00192089169 0 0 0.000790133723 4.51252527e-05 3.89239649e-05 0 0 4.19750251e-07 0 0.0308773443 0.00332074659 0.000946658722 6.76886111e-06 0 0.0388368182 0 0.000337004778 0.00111684157 0 0 0 3.86006177e-05 2.3412133e-06 0 0 0.000701238867 0 3.23964778e-05 0 0.0359628759 2.94819747e-05 5.10625205e-06 8.97350947e-06 0.0429269001 0 0 0.00362214982 0.0252039004 0 0 1 0 0 0 0 0 0 0.0909090936 0.244650543 0.440287411 0.299157739 0.719472528 1 1
G713 0.00253894716 0.000164953424 0.0961182192 0 0.000121812685 0.173608795 0 5.01522954e-05 1.15975672e-05 0.000358112738 0.000496062916 0.00233169971 0.000734169211 0.0188608523 0.0177780315 0 0.00109477318 0.00978785381 0.00076645118 0 0.0231125187 4.84953598e-05 0.00258622295 0.0158644356 0.000274597289 0.00192089169 0 0 0.000790133723 4.51252527e-05 3.89239649e-05 0 0 4.19750251e-07 0 0.0308773443 0.00332074659 0.000946658722 6.76886111e-06 0 0.0388368182 0 0.000337004778 0.00111684157 0 0 0 3.86006177e-05 2.3412133e-06 0 0 0.000701238867 0 3.23964778e-05 0 0.0359628759 2.94819747e-05 5.10625205e-06 8.97350947e-06 0.0429269001 0 0 0.00362214982 0.0252039004 0 0 1 0 0 0 0 0 0 0.0909090936 0.244650543 0.440287411 0.299157739 0.777539194 1 1
G714 0.00253894716 0.000164953424 0.0961182192 0 0.000121812685 0.173608795 0 5.01522954e-05 1.15975672e-05 0.000358112738 0.000496062916 0.00233169971 0.000734169211 0.0188608523 0.0177780315 0 0.00109477318 0.00978785381 0.00076645118 0 0.0231125187 4.84953598e-05 0.00258622295 0.0158644356 0.000274597289 0.00192089169 0 0 0.000790133723 4.51252527e-05 3.89239649e-05 0 0 4.19750251e-07 0 0.0308773443 0.00332074659 0.000946658722 6.76886111e-06 0 0.0388368182 0 0.000337004778 0.00111684157 0 0 0 3.86006177e-05 2.3412133e-06 0 0 0.000701238867 0 3.23964778e-05 0 0.0359628759 2.94819747e-05 5.10625205e-06 8.97350947e-06 0.0429269001 0 0 0.00362214982 0.0252039004 0 0 1 0 0 0 0 0 0 0.0909090936 0.244650543 0.440287411 0.299157739 0.777539194 1 1
G715 0.00253894716 0.000164953424 0.0961182192 0 0.000121812685 0.173608795 0 5.01522954e-05 1.15975672e-05 0.000358112738 0.000496062916 0.00233169971 0.000734169211 0.0188608523 0.0177780315 0 0.00109477318 0.00978785381 0.00076645118 0 0.0231125187 4.84953598e-05 0.00258622295 0.0158644356 0.000274597289 0.00192089169 0 0 0.000790133723 4.51252527e-05 3.89239649e-05 0 0 4.19750251e-07 0 0.0308773443 0.00332074659 0.000946658722 6.76886111e-06 0 0.0388368182 0 0.000337004778 0.00111684157 0 0 0 3.86006177e-05 2.3412133e-06 0 0 0.000701238867 0 3.23964778e-05 0 0.0359628759 2.94819747e-05 5.10625205e-06 8.97350947e-06 0.0429269001 0 0 0.00362214982 0.0252039004 0 0 0 0 0 1 0 0 0 0.0909090936 0.244650543 0.359038919 0.333047152 0.80944854 1 1
G716 0.00253894716 0.000164953424 0.0961182192 0 0.000121812685 0.173608795 0 5.01522954e-05 1.15975672e-05 0.000358112738 0.000496062916 0.00233169971 0.000734169211 0.0188608523 0.0177780315 0 0.00109477318 0.00978785381 0.00076645118 0 0.0231125187 4.84953598e-05 0.00258622295 0.0158644356 0.000274597289 0.00192089169 0 0 0.000790133723 4.51252527e-05 3.89239649e-05 0 0 4.19750251e-07 0 0.0308773443 0.00332074659 0.000946658722 6.76886111e-06 0 0.0388368182 0 0.000337004778 0.00111684157 0 0 0 3.86006177e-05 2.3412133e-06 0 0 0.000701238867 0 3.23964778e-05 0 0.0359628759 2.94819747e-05 5.10625205e-06 8.97350947e-06 0.0429269001 0 0 0.00362214982 0.0252039004 0 0 0 0 0 1 0 0 0 0.0909090936 0.244650543 0.359038919 0.333047152 0.854573011 1 1
G718 0.00253894716 0.000164953424 0.0961182192 0 0.000121812685 0.173608795 0 5.01522954e-05 1.15975672e-05 0.000358112738 0.000496062916 0.00233169971 0.000734169211 0.0188608523 0.0177780315 0 0.00109477318 0.00978785381 0.00076645118 0 0.0231125187 4.84953598e-05 0.00258622295 0.0158644356 0.000274597289 0.00192089169 0 0 0.000790133723 4.51252527e-05 3.89239649e-05 0 0 4.19750251e-07 0 0.0308773443 0.00332074659 0.000946658722 6.76886111e-06 0 0.0388368182 0 0.000337004778 0.00111684157 0 0 0 3.86006177e-05 2.3412133e-06 0 0 0.000701238867 0 3.23964778e-05 0 0.0359628759 2.94819747e-05 5.10625205e-06 8.97350947e-06 0.0429269001 0 0 0.00362214982 0.0252039004 0 0 0 0 0 1 0 0 0 0.0909090936 0.244650543 0.359038919 0.333047152 0.80944854 1 1
G719 0.00253894716 0.000164953424 0.0961182192 0 0.000121812685 0.173608795 0 5.01522954e-05 1.15975672e-05 0.000358112738 0.000496062916 0.00233169971 0.000734169211 0.0188608523 0.0177780315 0 0.00109477318 0.00978785381 0.00076645118 0 0.0231125187 4.84953598e-05 0.00258622295 0.0158644356 0.000274597289 0.00192089169 0 0 0.000790133723 4.51252527e-05 3.89239649e-05 0 0 4.19750251e-07 0 0.0308773443 0.00332074659 0.000946658722 6.76886111e-06 0 0.0388368182 0 0.000337004778 0.00111684157 0 0 0 3.86006177e-05 2.3412133e-06 0 0 0.000701238867 0 3.23964778e-05 0 0.0359628759 2.94819747e-05 5.10625205e-06 8.97350947e-06 0.0429269001 0 0 0.00362214982 0.0252039004 0 0 0 0 0 1 0 0 0 0.0909090936 0.244650543 0.359038919 0.333047152 0.821065307 1 1
G720 0.00253894716 0.000164953424 0.0961182192 0 0.000121812685 0.173608795 0 5.01522954e-05 1.15975672e-05 0.000358112738 0.000496062916 0.00233169971 0.000734169211 0.0188608523 0.0177780315 0 0.00109477318 0.00978785381 0.00076645118 0 0.0231125187 4.84953598e-05 0.00258622295 0.0158644356 0.000274597289 0.00192089169 0 0 0.000790133723 4.51252527e-05 3.89239649e-05 0 0 4.19750251e-07 0 0.0308773443 0.00332074659 0.000946658722 6.76886111e-06 0 0.0388368182 0 0.000337004778 0.00111684157 0 0 0 3.86006177e-05 2.3412133e-06 0 0 0.000701238867 0 3.23964778e-05 0 0.0359628759 2.94819747e-05 5.10625205e-06 8.97350947e-06 0.0429269001 0 0 0.00362214982 0.0252039004 0 0 0 0 0 1 0 0 0 0.0909090936 0.244650543 0.359038919 0.333047152 0.800651908 1 1
G721 0.00253894716 0.000164953424 0.0961182192 0 0.000121812685 0.173608795 0 5.01522954e-05 1.15975672e-05 0.000358112738 0.000496062916 0.00233169971 0.000734169211 0.0188608523 0.0177780315 0 0.00109477318 0.00978785381 0.00076645118 0 0.0231125187 4.84953598e-05 0.00258622295 0.0158644356 0.000274597289 0.00192089169 0 0 0.000790133723 4.51252527e-05 3.89239649e-05 0 0 4.19750251e-07 0 0.0308773443 0.00332074659 0.000946658722 6.76886111e-06 0 0.0388368182 0 0.000337004778 0.00111684157 0 0 0 3.86006177e-05 2.3412133e-06 0 0 0.000701238867 0 3.23964778e-05 0 0.0359628759 2.94819747e-05 5.10625205e-06 8.97350947e-06 0.0429269001 0 0 0.00362214982 0.0252039004 0 0 0 0 0 1 0 0 0 0.0909090936 0.244650543 0.359038919 0.333047152 0.804223776 1 1
G722 0.00253894716 0.000164953424 0.0961182192 0 0.000121812685 0.173608795 0 5.01522954e-05 1.15975672e-05 0.000358112738 0.000496062916 0.00233169971 0.000734169211 0.0188608523 0.0177780315 0 0.00109477318 0.00978785381 0.00076645118 0 0.0231125187 4.84953598e-05 0.00258622295 0.0158644356 0.000274597289 0.00192089169 0 0 0.000790133723 4.51252527e-05 3.89239649e-05 0 0 4.19750251e-07 0 0.0308773443 0.00332074659 0.000946658722 6.76886111e-06 0 0.0388368182 0 0.000337004778 0.00111684157 0 0 0 3.86006177e-05 2.3412133e-06 0 0 0.000701238867 0 3.23964778e-05 0 0.0359628759 2.94819747e-05 5.10625205e-06 8.97350947e-06 0.0429269001 0 0 0.00362214982 0.0252039004 0 0 0 0 0 1 0 0 0 0.0909090936 0.244650543 0.322504699 0.361700237 0.900898695 1 1
G723 0.00253894716 0.000164953424 0.0961182192 0 0.000121812685 0.173608795 0 5.01522954e-05 1.15975672e-05 0.000358112738 0.000496062916 0.00233169971 0.000734169211 0.0188608523 0.0177780315 0 0.00109477318 0.00978785381 0.00076645118 0 0.0231125187 4.84953598e-05 0.00258622295 0.0158644356 0.000274597289 0.00192089169 0 0 0.000790133723 4.51252527e-05 3.89239649e-05 0 0 4.19750251e-07 0 0.0308773443 0.00332074659 0.000946658722 6.76886111e-06 0 0.0388368182 0 0.000337004778 0.00111684157 0 0 0 3.86006177e-05 2.3412133e-06 0 0 0.000701238867 0 3.23964778e-05 0 0.0359628759 2.94819747e-05 5.10625205e-06 8.97350947e-06 0.0429269001 0 0 0.00362214982 0.0252039004 0 0 0 0 0 1 0 0 0 0.0909090936 0.244650543 0.359038919 0.333047152 0.833461106 1 1
G724 0.00253894716 0.000164953424 0.0961182192 0 0.000121812685 0.173608795 0 5.01522954e-05 1.15975672e-05 0.000358112738 0.000496062916 0.00233169971 0.000734169211 0.0188608523 0.0177780315 0 0.00109477318 0.00978785381 0.00076645118 0 0.0231125187 4.84953598e-05 0.00258622295 0.0158644356 0.000274597289 0.00192089169 0 0 0.000790133723 4.51252527e-05 3.89239649e-05 0 0 4.19750251e-07 0 0.0308773443 0.00332074659 0.000946658722 6.76886111e-06 0 0.0388368182 0 0.000337004778 0.00111684157 0 0 0 3.86006177e-05 2.3412133e-06 0 0 0.000701238867 0 3.23964778e-05 0 0.0359628759 2.94819747e-05 5.10625205e-06 8.97350947e-06 0.0429269001 0 0 0.00362214982 0.0252039004 0 0 0 0 0 1 0 0 0 0.0909090936 0.244650543 0.322504699 0.361700237 0.78558737 1 1
G728 0.00253894716 0.000164953424 0.0961182192 0 0.000121812685 0.173608795 0 5.01522954e-05 1.15975672e-05 0.000358112738 0.000496062916 0.00233169971 0.000734169211 0.0188608523 0.0177780315 0 0.00109477318 0.00978785381 0.00076645118 0 0.0231125187 4.84953598e-05 0.00258622295 0.0158644356 0.000274597289 0.00192089169 0 0 0.000790133723 4.51252527e-05 3.89239649e-05 0 0 4.19750251e-07 0 0.0308773443 0.00332074659 0.000946658722 6.76886111e-06 0 0.0388368182 0 0.000337004778 0.00111684157 0 0 0 3.86006177e-05 2.3412133e-06 0 0 0.000701238867 0 3.23964778e-05 0 0.0359628759 2.94819747e-05 5.10625205e-06 8.97350947e-06 0.0429269001 0 0 0.00362214982 0.0252039004 0 0 0 0 0 1 0 0 0 0.0909090936 0.244650543 0.359038919 0.333047152 0.773371935 1 1
G730 0.00253894716 0.000164953424 0.0961182192 0 0.000121812685 0.173608795 0 5.01522954e-05 1.15975672e-05 0.000358112738 0.000496062916 0.00233169971 0.000734169211 0.0188608523 0.0177780315 0 0.00109477318 0.00978785381 0.00076645118 0 0.0231125187 4.84953598e-05 0.00258622295 0.0158644356 0.000274597289 0.00192089169 0 0 0.000790133723 4.51252527e-05 3.89239649e-05 0 0 4.19750251e-07 0 0.0308773443 0.00332074659 0.000946658722 6.76886111e-06 0 0.0388368182 0 0.000337004778 0.00111684157 0 0 0 3.86006177e-05 2.3412133e-06 0 0 0.000701238867 0 3.23964778e-05 0 0.0359628759 2.94819747e-05 5.10625205e-06 8.97350947e-06 0.0429269001 0 0 0.00362214982 0.0252039004 0 0 0 0 0 1 0 0 0 0.0909090936 0.244650543 0.277790427 0.361700237 1 1 1
G731 0.00253894716 0.000164953424 0.0961182192 0 0.000121812685 0.173608795 0 5.01522954e-05 1.15975672e-05 0.000358112738 0.000496062916 0.00233169971 0.000734169211 0.0188608523 0.0177780315 0 0.00109477318 0.00978785381 0.00076645118 0 0.0231125187 4.84953598e-05 0.00258622295 0.0158644356 0.000274597289 0.00192089169 0 0 0.000790133723 4.51252527e-05 3.89239649e-05 0 0 4.19750251e-07 0 0.0308773443 0.00332074659 0.000946658722 6.76886111e-06 0 0.0388368182 0 0.000337004778 0.00111684157 0 0 0 3.86006177e-05 2.3412133e-06 0 0 0.000701238867 0 3.23964778e-05 0 0.0359628759 2.94819747e-05 5.10625205e-06 8.97350947e-06 0.0429269001 0 0 0.00362214982 0.0252039004 0 0 0 0 0 1 0 0 0 0.0909090936 0.387761921 0.277790427 0.361700237 0.777539194 1 1
G734 0.00253894716 0.000164953424 0.0961182192 0 0.000121812685 0.173608795 0 5.01522954e-05 1.15975672e-05 0.000358112738 0.000496062916 0.00233169971 0.000734169211 0.0188608523 0.0177780315 0 0.00109477318 0.00978785381 0.00076645118 0 0.0231125187 4.84953598e-05 0.00258622295 0.0158644356 0.000274597289 0.00192089169 0 0 0.000790133723 4.51252527e-05 3.89239649e-05 0 0 4.19750251e-07 0 0.0308773443 0.00332074659 0.000946658722 6.76886111e-06 0 0.0388368182 0 0.000337004778 0.00111684157 0 0 0 3.86006177e-05 2.3412133e-06 0 0 0.000701238867 0 3.23964778e-05 0 0.0359628759 2.94819747e-05 5.10625205e-06 8.97350947e-06 0.0429269001 0 0 0.00362214982 0.0252039004 0 0 0 0 0 1 0 0 0 0.0909090936 0.244650543 0.277790427 0.361700237 1 1 1
G735 0.00253894716 0.000164953424 0.0961182192 0 0.000121812685 0.173608795 0 5.01522954e-05 1.15975672e-05 0.000358112738 0.000496062916 0.00233169971 0.000734169211 0.0188608523 0.0177780315 0 0.00109477318 0.00978785381 0.00076645118 0 0.0231125187 4.84953598e-05 0.00258622295 0.0158644356 0.000274597289 0.00192089169 0 0 0.000790133723 4.51252527e-05 3.89239649e-05 0 0 4.19750251e-07 0 0.0308773443 0.00332074659 0.000946658722 6.76886111e-06 0 0.0388368182 0 0.000337004778 0.00111684157 0 0 0 3.86006177e-05 2.3412133e-06 0 0 0.000701238867 0 3.23964778e-05 0 0.0359628759 2.94819747e-05 5.10625205e-06 8.97350947e-06 0.0429269001 0 0 0.00362214982 0.0252039004 0 0 0 0 0 1 0 0 0 0.0909090936 0.387761921 0.277790427 0.361700237 0.777539194 1 1
G772 0.00253894716 0.000164953424 0.0961182192 0 0.000121812685 0.173608795 0 5.01522954e-05 1.15975672e-05 0.000358112738 0.000496062916 0.00233169971 0.000734169211 0.0188608523 0.0177780315 0 0.00109477318 0.00978785381 0.00076645118 0 0.0231125187 4.84953598e-05 0.00258622295 0.0158644356 0.000274597289 0.00192089169 0 0 0.000790133723 4.51252527e-05 3.89239649e-05 0 0 4.19750251e-07 0 0.0308773443 0.00332074659 0.000946658722 6.76886111e-06 0 0.0388368182 0 0.000337004778 0.00111684157 0 0 0 3.86006177e-05 2.3412133e-06 0 0 0.000701238867 0 3.23964778e-05 0 0.0359628759 2.94819747e-05 5.10625205e-06 8.97350947e-06 0.0429269001 0 0 0.00362214982 0.0252039004 0 0 0 0 0 1 0 0 0 0.0909090936 0.244650543 0.359038919 0.333047152 0.861079991 1 1
G773 0.00253894716 0.000164953424 0.0961182192 0 0.000121812685 0.173608795 0 5.01522954e-05 1.15975672e-05 0.000358112738 0.000496062916 0.00233169971 0.000734169211 0.0188608523 0.0177780315 0 0.00109477318 0.00978785381 0.00076645118 0 0.0231125187 4.84953598e-05 0.00258622295 0.0158644356 0.000274597289 0.00192089169 0 0 0.000790133723 4.51252527e-05 3.89239649e-05 0 0 4.19750251e-07 0 0.0308773443 0.00332074659 0.000946658722 6.76886111e-06 0 0.0388368182 0 0.000337004778 0.00111684157 0 0 0 3.86006177e-05 2.3412133e-06 0 0 0.000701238867 0 3.23964778e-05 0 0.0359628759 2.94819747e-05 5.10625205e-06 8.97350947e-06 0.0429269001 0 0 0.00362214982 0.0252039004 0 0 1 0 0 0 0 0 0 0.0909090936 0.244650543 0.461399913 0.333047152 0.854573011 1 1
G774 0.00253894716 0.000164953424 0.0961182192 0 0.000121812685 0.173608795 0 5.01522954e-05 1.15975672e-05 0.000358112738 0.000496062916 0.00233169971 0.000734169211 0.0188608523 0.0177780315 0 0.00109477318 0.00978785381 0.00076645118 0 0.0231125187 4.84953598e-05 0.00258622295 0.0158644356 0.000274597289 0.00192089169 0 0 0.000790133723 4.51252527e-05 3.89239649e-05 0 0 4.19750251e-07 0 0.0308773443 0.00332074659 0.000946658722 6.76886111e-06 0 0.0388368182 0 0.000337004778 0.00111684157 0 0 0 3.86006177e-05 2.3412133e-06 0 0 0.000701238867 0 3.23964778e-05 0 0.0359628759 2.94819747e-05 5.10625205e-06 8.97350947e-06 0.0429269001 0 0 0.00362214982 0.0252039004 0 0 0 0 0 1 0 0 0 0.0909090936 0.244650543 0.359038919 0.333047152 0.817824185 1 1
G775 0.00253894716 0.000164953424 0.0961182192 0 0.000121812685 0.173608795 0 5.01522954e-05 1.15975672e-05 0.000358112738 0.000496062916 0.00233169971 0.000734169211 0.0188608523 0.0177780315 0 0.00109477318 0.00978785381 0.00076645118 0 0.0231125187 4.84953598e-05 0.00258622295 0.0158644356 0.000274597289 0.00192089169 0 0 0.000790133723 4.51252527e-05 3.89239649e-05 0 0 4.19750251e-07 0 0.0308773443 0.00332074659 0.000946658722 6.76886111e-06 0 0.0388368182 0 0.000337004778 0.00111684157 0 0 0 3.86006177e-05 2.3412133e-06 0 0 0.000701238867 0 3.23964778e-05 0 0.0359628759 2.94819747e-05 5.10625205e-06 8.97350947e-06 0.0429269001 0 0 0.00362214982 0.0252039004 0 0 1 0 0 0 0 0 0 0.0909090936 0.244650543 0.461399913 0.333047152 0.80944854 1 1
G776 0.00253894716 0.000164953424 0.0961182192 0 0.000121812685 0.173608795 0 5.01522954e-05 1.15975672e-05 0.000358112738 0.000496062916 0.00233169971 0.000734169211 0.0188608523 0.0177780315 0 0.00109477318 0.00978785381 0.00076645118 0 0.0231125187 4.84953598e-05 0.00258622295 0.0158644356 0.000274597289 0.00192089169 0 0 0.000790133723 4.51252527e-05 3.89239649e-05 0 0 4.19750251e-07 0 0.0308773443 0.00332074659 0.000946658722 6.76886111e-06 0 0.0388368182 0 0.000337004778 0.00111684157 0 0 0 3.86006177e-05 2.3412133e-06 0 0 0.000701238867 0 3.23964778e-05 0 0.0359628759 2.94819747e-05 5.10625205e-06 8.97350947e-06 0.0429269001 0 0 0.00362214982 0.0252039004 0 0 0 0 0 1 0 0 0 0.0909090936 0.244650543 0.359038919 0.333047152 0.817824185 1 1
G777 0.00253894716 0.000164953424 0.0961182192 0 0.000121812685 0.173608795 0 5.01522954e-05 1.15975672e-05 0.000358112738 0.000496062916 0.00233169971 0.000734169211 0.0188608523 0.0177780315 0 0.00109477318 0.00978785381 0.00076645118 0 0.0231125187 4.84953598e-05 0.00258622295 0.0158644356 0.000274597289 0.00192089169 0 0 0.000790133723 4.51252527e-05 3.89239649e-05 0 0 4.19750251e-07 0 0.0308773443 0.00332074659 0.000946658722 6.76886111e-06 0 0.0388368182 0 0.000337004778 0.00111684157 0 0 0 3.86006177e-05 2.3412133e-06 0 0 0.000701238867 0 3.23964778e-05 0 0.0359628759 2.94819747e-05 5.10625205e-06 8.97350947e-06 0.0429269001 0 0 0.00362214982 0.0252039004 0 0 1 0 0 0 0 0 0 0.0909090936 0.244650543 0.461399913 0.333047152 0.80944854 1 1
G778 0.00253894716 0.000164953424 0.0961182192 0 0.000121812685 0.173608795 0 5.01522954e-05 1.15975672e-05 0.000358112738 0.000496062916 0.00233169971 0.000734169211 0.0188608523 0.0177780315 0 0.00109477318 0.00978785381 0.00076645118 0 0.0231125187 4.84953598e-05 0.00258622295 0.0158644356 0.000274597289 0.00192089169 0 0 0.000790133723 4.51252527e-05 3.89239649e-05 0 0 4.19750251e-07 0 0.0308773443 0.00332074659 0.000946658722 6.76886111e-06 0 0.0388368182 0 0.000337004778 0.00111684157 0 0 0 3.86006177e-05 2.3412133e-06 0 0 0.000701238867 0 3.23964778e-05 0 0.0359628759 2.94819747e-05 5.10625205e-06 8.97350947e-06 0.0429269001 0 0 0.00362214982 0.0252039004 0 0 0 0 0 1 0 0 0 0.0909090936 0.244650543 0.359038919 0.333047152 0.82891494 1 1
G779 0.00253894716 0.000164953424 0.0961182192 0 0.000121812685 0.173608795 0 5.01522954e-05 1.15975672e-05 0.000358112738 0.000496062916 0.00233169971 0.000734169211 0.0188608523 0.0177780315 0 0.00109477318 0.00978785381 0.00076645118 0 0.0231125187 4.84953598e-05 0.00258622295 0.0158644356 0.000274597289 0.00192089169 0 0 0.000790133723 4.51252527e-05 3.89239649e-05 0 0 4.19750251e-07 0 0.0308773443 0.00332074659 0.000946658722 6.76886111e-06 0 0.0388368182 0 0.000337004778 0.00111684157 0 0 0 3.86006177e-05 2.3412133e-06 0 0 0.000701238867 0 3.23964778e-05 0 0.0359628759 2.94819747e-05 5.10625205e-06 8.97350947e-06 0.0429269001 0 0 0.00362214982 0.0252039004 0 0 1 0 0 0 0 0 0 0.0909090936 0.244650543 0.461399913 0.333047152 0.821065307 1 1
G780 0.00253894716 0.000164953424 0.0961182192 0 0.000121812685 0.173608795 0 5.01522954e-05 1.15975672e-05 0.000358112738 0.000496062916 0.00233169971 0.000734169211 0.0188608523 0.0177780315 0 0.00109477318 0.00978785381 0.00076645118 0 0.0231125187 4.84953598e-05 0.00258622295 0.0158644356 0.000274597289 0.00192089169 0 0 0.000790133723 4.51252527e-05 3.89239649e-05 0 0 4.19750251e-07 0 0.0308773443 0.00332074659 0.000946658722 6.76886111e-06 0 0.0388368182 0 0.000337004778 0.00111684157 0 0 0 3.86006177e-05 2.3412133e-06 0 0 0.000701238867 0 3.23964778e-05 0 0.0359628759 2.94819747e-05 5.10625205e-06 8.97350947e-06 0.0429269001 0 0 0.00362214982 0.0252039004 0 0 0 0 0 1 0 0 0 0.0909090936 0.244650543 0.359038919 0.333047152 0.812847078 1 1
G781 0.00253894716 0.000164953424 0.0961182192 0 0.000121812685 0.173608795 0 5.01522954e-05 1.15975672e-05 0.000358112738 0.000496062916 0.00233169971 0.000734169211 0.0188608523 0.0177780315 0 0.00109477318 0.00978785381 0.00076645118 0 0.0231125187 4.84953598e-05 0.00258622295 0.0158644356 0.000274597289 0.00192089169 0 0 0.000790133723 4.51252527e-05 3.89239649e-05 0 0 4.19750251e-07 0 0.0308773443 0.00332074659 0.000946658722 6.76886111e-06 0 0.0388368182 0 0.000337004778 0.00111684157 0 0 0 3.86006177e-05 2.3412133e-06 0 0 0.000701238867 0 3.23964778e-05 0 0.0359628759 2.94819747e-05 5.10625205e-06 8.97350947e-06 0.0429269001 0 0 0.00362214982 0.0252039004 0 0 1 0 0 0 0 0 0 0.0909090936 0.244650543 0.461399913 0.333047152 0.804223776 1 1
G782 0.00253894716 0.000164953424 0.0961182192 0 0.000121812685 0.173608795 0 5.01522954e-05 1.15975672e-05 0.000358112738 0.000496062916 0.00233169971 0.000734169211 0.0188608523 0.0177780315 0 0.00109477318 0.00978785381 0.00076645118 0 0.0231125187 4.84953598e-05 0.00258622295 0.0158644356 0.000274597289 0.00192089169 0 0 0.000790133723 4.51252527e-05 3.89239649e-05 0 0 4.19750251e-07 0 0.0308773443 0.00332074659 0.000946658722 6.76886111e-06 0 0.0388368182 0 0.000337004778 0.00111684157 0 0 0 3.86006177e-05 2.3412133e-06 0 0 0.000701238867 0 3.23964778e-05 0 0.0359628759 2.94819747e-05 5.10625205e-06 8.97350947e-06 0.0429269001 0 0 0.00362214982 0.0252039004 0 0 0 0 0 1 0 0 0 0.0909090936 0.244650543 0.359038919 0.333047152 0.80944854 1 1
G783 0.00253894716 0.000164953424 0.0961182192 0 0.000121812685 0.173608795 0 5.01522954e-05 1.15975672e-05 0.000358112738 0.000496062916 0.00233169971 0.000734169211 0.0188608523 0.0177780315 0 0.00109477318 0.00978785381 0.00076645118 0 0.0231125187 4.84953598e-05 0.00258622295 0.0158644356 0.000274597289 0.00192089169 0 0 0.000790133723 4.51252527e-05 3.89239649e-05 0 0 4.19750251e-07 0 0.0308773443 0.00332074659 0.000946658722 6.76886111e-06 0 0.0388368182 0 0.000337004778 0.00111684157 0 0 0 3.86006177e-05 2.3412133e-06 0 0 0.000701238867 0 3.23964778e-05 0 0.0359628759 2.94819747e-05 5.10625205e-06 8.97350947e-06 0.0429269001 0 0 0.00362214982 0.0252039004 0 0 1 0 0 0 0 0 0 0.0909090936 0.244650543 0.461399913 0.333047152 0.800651908 1 1
G785 0.00253894716 0.000164953424 0.0961182192 0 0.000121812685 0.173608795 0 5.01522954e-05 1.15975672e-05 0.000358112738 0.000496062916 0.00233169971 0.000734169211 0.0188608523 0.0177780315 0 0.00109477318 0.00978785381 0.00076645118 0 0.0231125187 4.84953598e-05 0.00258622295 0.0158644356 0.000274597289 0.00192089169 0 0 0.000790133723 4.51252527e-05 3.89239649e-05 0 0 4.19750251e-07 0 0.0308773443 0.00332074659 0.000946658722 6.76886111e-06 0 0.0388368182 0 0.000337004778 0.00111684157 0 0 0 3.86006177e-05 2.3412133e-06 0 0 0.000701238867 0 3.23964778e-05 0 0.0359628759 2.94819747e-05 5.10625205e-06 8.97350947e-06 0.0429269001 0 0 0.00362214982 0.0252039004 0 0 0 0 0 1 0 0 0 0.0909090936 0.244650543 0.322504699 0.361700237 0.779586196 1 1
G787 0.00253894716 0.000164953424 0.0961182192 0 0.000121812685 0.173608795 0 5.01522954e-05 1.15975672e-05 0.000358112738 0.000496062916 0.00233169971 0.000734169211 0.0188608523 0.0177780315 0 0.00109477318 0.00978785381 0.00076645118 0 0.0231125187 4.84953598e-05 0.00258622295 0.0158644356 0.000274597289 0.00192089169 0 0 0.000790133723 4.51252527e-05 3.89239649e-05 0 0 4.19750251e-07 0 0.0308773443 0.00332074659 0.000946658722 6.76886111e-06 0 0.0388368182 0 0.000337004778 0.00111684157 0 0 0 3.86006177e-05 2.3412133e-06 0 0 0.000701238867 0 3.23964778e-05 0 0.0359628759 2.94819747e-05 5.10625205e-06 8.97350947e-06 0.0429269001 0 0 0.00362214982 0.0252039004 0 0 0 0 0 1 0 0 0 0.0909090936 0.244650543 0.359038919 0.333047152 0.812847078 1 1
G788 0.00253894716 0.000164953424 0.0961182192 0 0.000121812685 0.173608795 0 5.01522954e-05 1.15975672e-05 0.000358112738 0.000496062916 0.00233169971 0.000734169211 0.0188608523 0.0177780315 0 0.00109477318 0.00978785381 0.00076645118 0 0.0231125187 4.84953598e-05 0.00258622295 0.0158644356 0.000274597289 0.00192089169 0 0 0.000790133723 4.51252527e-05 3.89239649e-05 0 0 4.19750251e-07 0 0.0308773443 0.00332074659 0.000946658722 6.76886111e-06 0 0.0388368182 0 0.000337004778 0.00111684157 0 0 0 3.86006177e-05 2.3412133e-06 0 0 0.000701238867 0 3.23964778e-05 0 0.0359628759 2.94819747e-05 5.10625205e-06 8.97350947e-06 0.0429269001 0 0 0.00362214982 0.0252039004 0 0 1 0 0 0 0 0 0 0.0909090936 0.244650543 0.461399913 0.333047152 0.804223776 1 1
G789 0.00253894716 0.000164953424 0.0961182192 0 0.000121812685 0.173608795 0 5.01522954e-05 1.15975672e-05 0.000358112738 0.000496062916 0.00233169971 0.000734169211 0.0188608523 0.0177780315 0 0.00109477318 0.00978785381 0.00076645118 0 0.0231125187 4.84953598e-05 0.00258622295 0.0158644356 0.000274597289 0.00192089169 0 0 0.000790133723 4.51252527e-05 3.89239649e-05 0 0 4.19750251e-07 0 0.0308773443 0.00332074659 0.000946658722 6.76886111e-06 0 0.0388368182 0 0.000337004778 0.00111684157 0 0 0 3.86006177e-05 2.3412133e-06 0 0 0.000701238867 0 3.23964778e-05 0 0.0359628759 2.94819747e-05 5.10625205e-06 8.97350947e-06 0.0429269001 0 0 0.00362214982 0.0252039004 0 0 0 0 0 1 0 0 0 0.0909090936 0.244650543 0.359038919 0.333047152 0.804223776 1 1
G790 0.00253894716 0.000164953424 0.0961182192 0 0.000121812685 0.173608795 0 5.01522954e-05 1.15975672e-05 0.000358112738 0.000496062916 0.00233169971 0.000734169211 0.0188608523 0.0177780315 0 0.00109477318 0.00978785381 0.00076645118 0 0.0231125187 4.84953598e-05 0.00258622295 0.0158644356 0.000274597289 0.00192089169 0 0 0.000790133723 4.51252527e-05 3.89239649e-05 0 0 4.19750251e-07 0 0.0308773443 0.00332074659 0.000946658722 6.76886111e-06 0 0.0388368182 0 0.000337004778 0.00111684157 0 0 0 3.86006177e-05 2.3412133e-06 0 0 0.000701238867 0 3.23964778e-05 0 0.0359628759 2.94819747e-05 5.10625205e-06 8.97350947e-06 0.0429269001 0 0 0.00362214982 0.0252039004 0 0 0 0 0 1 0 0 0 0.0909090936 0.244650543 0.359038919 0.333047152 0.840785027 1 1
G791 0.00253894716 0.000164953424 0.0961182192 0 0.000121812685 0.173608795 0 5.01522954e-05 1.15975672e-05 0.000358112738 0.000496062916 0.00233169971 0.000734169211 0.0188608523 0.0177780315 0 0.00109477318 0.00978785381 0.00076645118 0 0.0231125187 4.84953598e-05 0.00258622295 0.0158644356 0.000274597289 0.00192089169 0 0 0.000790133723 4.51252527e-05 3.89239649e-05 0 0 4.19750251e-07 0 0.0308773443 0.00332074659 0.000946658722 6.76886111e-06 0 0.0388368182 0 0.000337004778 0.00111684157 0 0 0 3.86006177e-05 2.3412133e-06 0 0 0.000701238867 0 3.23964778e-05 0 0.0359628759 2.94819747e-05 5.10625205e-06 8.97350947e-06 0.0429269001 0 0 0.00362214982 0.0252039004 0 0 1 0 0 0 0 0 0 0.0909090936 0.244650543 0.461399913 0.333047152 0.833461106 1 1
G792 0.00253894716 0.000164953424 0.0961182192 0 0.000121812685 0.173608795 0 5.01522954e-05 1.15975672e-05 0.000358112738 0.000496062916 0.00233169971 0.000734169211 0.0188608523 0.0177780315 0 0.00109477318 0.00978785381 0.00076645118 0 0.0231125187 4.84953598e-05 0.00258622295 0.0158644356 0.000274597289 0.00192089169 0 0 0.000790133723 4.51252527e-05 3.89239649e-05 0 0 4.19750251e-07 0 0.0308773443 0.00332074659 0.000946658722 6.76886111e-06 0 0.0388368182 0 0.000337004778 0.00111684157 0 0 0 3.86006177e-05 2.3412133e-06 0 0 0.000701238867 0 3.23964778e-05 0 0.0359628759 2.94819747e-05 5.10625205e-06 8.97350947e-06 0.0429269001 0 0 0.00362214982 0.0252039004 0 0 0 0 0 1 0 0 0 0.0909090936 0.244650543 0.359038919 0.333047152 0.897819161 1 1
G793 0.00253894716 0.000164953424 0.0961182192 0 0.000121812685 0.173608795 0 5.01522954e-05 1.15975672e-05 0.000358112738 0.000496062916 0.00233169971 0.000734169211 0.0188608523 0.0177780315 0 0.00109477318 0.00978785381 0.00076645118 0 0.0231125187 4.84953598e-05 0.00258622295 0.0158644356 0.000274597289 0.00192089169 0 0 0.000790133723 4.51252527e-05 3.89239649e-05 0 0 4.19750251e-07 0 0.0308773443 0.00332074659 0.000946658722 6.76886111e-06 0 0.0388368182 0 0.000337004778 0.00111684157 0 0 0 3.86006177e-05 2.3412133e-06 0 0 0.000701238867 0 3.23964778e-05 0 0.0359628759 2.94819747e-05 5.10625205e-06 8.97350947e-06 0.0429269001 0 0 0.00362214982 0.0252039004 0 0 1 0 0 0 0 0 0 0.0909090936 0.244650543 0.461399913 0.333047152 0.892562985 1 1
G794 0.00253894716 0.000164953424 0.0961182192 0 0.000121812685 0.173608795 0 5.01522954e-05 1.15975672e-05 0.000358112738 0.000496062916 0.00233169971 0.000734169211 0.0188608523 0.0177780315 0 0.00109477318 0.00978785381 0.00076645118 0 0.0231125187 4.84953598e-05 0.00258622295 0.0158644356 0.000274597289 0.00192089169 0 0 0.000790133723 4.51252527e-05 3.89239649e-05 0 0 4.19750251e-07 0 0.0308773443 0.00332074659 0.000946658722 6.76886111e-06 0 0.0388368182 0 0.000337004778 0.00111684157 0 0 0 3.86006177e-05 2.3412133e-06 0 0 0.000701238867 0 3.23964778e-05 0 0.0359628759 2.94819747e-05 5.10625205e-06 8.97350947e-06 0.0429269001 0 0 0.00362214982 0.0252039004 0 0 0 0 0 1 0 0 0 0.0909090936 0.244650543 0.322504699 0.361700237 0.894684434 1 1
G795 0.00253894716 0.000164953424 0.0961182192 0 0.000121812685 0.173608795 0 5.01522954e-05 1.15975672e-05 0.000358112738 0.000496062916 0.00233169971 0.000734169211 0.0188608523 0.0177780315 0 0.00109477318 0.00978785381 0.00076645118 0 0.0231125187 4.84953598e-05 0.00258622295 0.0158644356 0.000274597289 0.00192089169 0 0 0.000790133723 4.51252527e-05 3.89239649e-05 0 0 4.19750251e-07 0 0.0308773443 0.00332074659 0.000946658722 6.76886111e-06 0 0.0388368182 0 0.000337004778 0.00111684157 0 0 0 3.86006177e-05 2.3412133e-06 0 0 0.000701238867 0 3.23964778e-05 0 0.0359628759 2.94819747e-05 5.10625205e-06 8.97350947e-06 0.0429269001 0 0 0.00362214982 0.0252039004 0 0 0 0 0 1 0 0 0 0.0909090936 0.244650543 0.359038919 0.333047152 0.791389585 1 1
G796 0.00253894716 0.000164953424 0.0961182192 0 0.000121812685 0.173608795 0 5.01522954e-05 1.15975672e-05 0.000358112738 0.000496062916 0.00233169971 0.000734169211 0.0188608523 0.0177780315 0 0.00109477318 0.00978785381 0.00076645118 0 0.0231125187 4.84953598e-05 0.00258622295 0.0158644356 0.000274597289 0.00192089169 0 0 0.000790133723 4.51252527e-05 3.89239649e-05 0 0 4.19750251e-07 0 0.0308773443 0.00332074659 0.000946658722 6.76886111e-06 0 0.0388368182 0 0.000337004778 0.00111684157 0 0 0 3.86006177e-05 2.3412133e-06 0 0 0.000701238867 0 3.23964778e-05 0 0.0359628759 2.94819747e-05 5.10625205e-06 8.97350947e-06 0.0429269001 0 0 0.00362214982 0.0252039004 0 0 1 0 0 0 0 0 0 0.0909090936 0.244650543 0.461399913 0.333047152 0.781609535 1 1
G8 0.00253894716 0.000164953424 0.0961182192 0 0.000121812685 0.173608795 0 5.01522954e-05 1.15975672e-05 0.000358112738 0.000496062916 0.00233169971 0.000734169211 0.0188608523 0.0177780315 0 0.00109477318 0.00978785381 0.00076645118 0 0.0231125187 4.84953598e-05 0.00258622295 0.0158644356 0.000274597289 0.00192089169 0 0 0.000790133723 4.51252527e-05 3.89239649e-05 0 0 4.19750251e-07 0 0.0308773443 0.00332074659 0.000946658722 6.76886111e-06 0 0.0388368182 0 0.000337004778 0.00111684157 0 0 0 3.86006177e-05 2.3412133e-06 0 0 0.000701238867 0 3.23964778e-05 0 0.0359628759 2.94819747e-05 5.10625205e-06 8.97350947e-06 0.0429269001 0 0 0.00362214982 0.0252039004 1 0 0 0 0 0 0 0 0 0 0.387761921 0.138895214 0.128840223 0.473954648 1 1
G138 0.00253894716 0.000164953424 0.0961182192 0 0.000121812685 0.173608795 0 5.01522954e-05 1.15975672e-05 0.000358112738 0.000496062916 0.00233169971 0.000734169211 0.0188608523 0.0177780315 0 0.00109477318 0.00978785381 0.00076645118 0 0.0231125187 4.84953598e-05 0.00258622295 0.0158644356 0.000274597289 0.00192089169 0 0 0.000790133723 4.51252527e-05 3.89239649e-05 0 0 4.19750251e-07 0 0.0308773443 0.00332074659 0.000946658722 6.76886111e-06 0 0.0388368182 0 0.000337004778 0.00111684157 0 0 0 3.86006177e-05 2.3412133e-06 0 0 0.000701238867 0 3.23964778e-05 0 0.0359628759 2.94819747e-05 5.10625205e-06 8.97350947e-06 0.0429269001 0 0 0.00362214982 0.0252039004 0 0 0 0 0 1 0 0 0 0.0227272734 0.489301085 0.220143706 0.204206929 0.735892415 1 1
G286 0.00253894716 0.000164953424 0.0961182192 0 0.000121812685 0.173608795 0 5.01522954e-05 1.15975672e-05 0.000358112738 0.000496062916 0.00233169971 0.000734169211 0.0188608523 0.0177780315 0 0.00109477318 0.00978785381 0.00076645118 0 0.0231125187 4.84953598e-05 0.00258622295 0.0158644356 0.000274597289 0.00192089169 0 0 0.000790133723 4.51252527e-05 3.89239649e-05 0 0 4.19750251e-07 0 0.0308773443 0.00332074659 0.000946658722 6.76886111e-06 0 0.0388368182 0 0.000337004778 0.00111684157 0 0 0 3.86006177e-05 2.3412133e-06 0 0 0.000701238867 0 3.23964778e-05 0 0.0359628759 2.94819747e-05 5.10625205e-06 8.97350947e-06 0.0429269001 0 0 0.00362214982 0.0252039004 0 0 0 0 0 1 0 0 0 0.0227272734 0.387761921 0.220143706 0.204206929 0.46187973 1 1
G320 0.00253894716 0.000164953424 0.0961182192 0 0.000121812685 0.173608795 0 5.01522954e-05 1.15975672e-05 0.000358112738 0.000496062916 0.00233169971 0.000734169211 0.0188608523 0.0177780315 0 0.00109477318 0.00978785381 0.00076645118 0 0.0231125187 4.84953598e-05 0.00258622295 0.0158644356 0.000274597289 0.00192089169 0 0 0.000790133723 4.51252527e-05 3.89239649e-05 0 0 4.19750251e-07 0 0.0308773443 0.00332074659 0.000946658722 6.76886111e-06 0 0.0388368182 0 0.000337004778 0.00111684157 0 0 0 3.86006177e-05 2.3412133e-06 0 0 0.000701238867 0 3.23964778e-05 0 0.0359628759 2.94819747e-05 5.10625205e-06 8.97350947e-06 0.0429269001 0 0 0.00362214982 0.0252039004 0 0 0 0 0 1 0 0 0 0.0454545468 0.244650543 0.277790427 0.257680446 0.783609748 1 1
G398 0.00253894716 0.000164953424 0.0961182192 0 0.000121812685 0.173608795 0 5.01522954e-05 1.15975672e-05 0.000358112738 0.000496062916 0.00233169971 0.000734169211 0.0188608523 0.0177780315 0 0.00109477318 0.00978785381 0.00076645118 0 0.0231125187 4.84953598e-05 0.00258622295 0.0158644356 0.000274597289 0.00192089169 0 0 0.000790133723 4.51252527e-05 3.89239649e-05 0 0 4.19750251e-07 0 0.0308773443 0.00332074659 0.000946658722 6.76886111e-06 0 0.0388368182 0 0.000337004778 0.00111684157 0 0 0 3.86006177e-05 2.3412133e-06 0 0 0.000701238867 0 3.23964778e-05 0 0.0359628759 2.94819747e-05 5.10625205e-06 8.97350947e-06 0.0429269001 0 0 0.00362214982 0.0252039004 0 0 0 0 0 1 0 0 0 0.0454545468 0.387761921 0.277790427 0.257680446 0.773371935 1 1
G500 0.00253894716 0.000164953424 0.0961182192 0 0.000121812685 0.173608795 0 5.01522954e-05 1.15975672e-05 0.000358112738 0.000496062916 0.00233169971 0.000734169211 0.0188608523 0.0177780315 0 0.00109477318 0.00978785381 0.00076645118 0 0.0231125187 4.84953598e-05 0.00258622295 0.0158644356 0.000274597289 0.00192089169 0 0 0.000790133723 4.51252527e-05 3.89239649e-05 0 0 4.19750251e-07 0 0.0308773443 0.00332074659 0.000946658722 6.76886111e-06 0 0.0388368182 0 0.000337004778 0.00111684157 0 0 0 3.86006177e-05 2.3412133e-06 0 0 0.000701238867 0 3.23964778e-05 0 0.0359628759 2.94819747e-05 5.10625205e-06 8.97350947e-06 0.0429269001 0 0 0.00362214982 0.0252039004 0 0 0 0 0 1 0 0 0 0.0454545468 0.387761921 0.277790427 0.257680446 0.760239482 1 1
G518 0.00253894716 0.000164953424 0.0961182192 0 0.000121812685 0.173608795 0 5.01522954e-05 1.15975672e-05 0.000358112738 0.000496062916 0.00233169971 0.000734169211 0.0188608523 0.0177780315 0 0.00109477318 0.00978785381 0.00076645118 0 0.0231125187 4.84953598e-05 0.00258622295 0.0158644356 0.000274597289 0.00192089169 0 0 0.000790133723 4.51252527e-05 3.89239649e-05 0 0 4.19750251e-07 0 0.0308773443 0.00332074659 0.000946658722 6.76886111e-06 0 0.0388368182 0 0.000337004778 0.00111684157 0 0 0 3.86006177e-05 2.3412133e-06 0 0 0.000701238867 0 3.23964778e-05 0 0.0359628759 2.94819747e-05 5.10625205e-06 8.97350947e-06 0.0429269001 0 0 0.00362214982 0.0252039004 0 0 0 0 0 1 0 0 0 0.0454545468 0.387761921 0.277790427 0.257680446 0.733260512 1 1
G536 0.00253894716 0.000164953424 0.0961182192 0 0.000121812685 0.173608795 0 5.01522954e-05 1.15975672e-05 0.000358112738 0.000496062916 0.00233169971 0.000734169211 0.0188608523 0.0177780315 0 0.00109477318 0.00978785381 0.00076645118 0 0.0231125187 4.84953598e-05 0.00258622295 0.0158644356 0.000274597289 0.00192089169 0 0 0.000790133723 4.51252527e-05 3.89239649e-05 0 0 4.19750251e-07 0 0.0308773443 0.00332074659 0.000946658722 6.76886111e-06 0 0.0388368182 0 0.000337004778 0.00111684157 0 0 0 3.86006177e-05 2.3412133e-06 0 0 0.000701238867 0 3.23964778e-05 0 0.0359628759 2.94819747e-05 5.10625205e-06 8.97350947e-06 0.0429269001 0 0 0.00362214982 0.0252039004 0 0 0 0 0 1 0 0 0 0.0681818202 0.244650543 0.322504699 0.299157739 0.771250486 1 1
G636 0.00253894716 0.000164953424 0.0961182192 0 0.000121812685 0.173608795 0 5.01522954e-05 1.15975672e-05 0.000358112738 0.000496062916 0.00233169971 0.000734169211 0.0188608523 0.0177780315 0 0.00109477318 0.00978785381 0.00076645118 0 0.0231125187 4.84953598e-05 0.00258622295 0.0158644356 0.000274597289 0.00192089169 0 0 0.000790133723 4.51252527e-05 3.89239649e-05 0 0 4.19750251e-07 0 0.0308773443 0.00332074659 0.000946658722 6.76886111e-06 0 0.0388368182 0 0.000337004778 0.00111684157 0 0 0 3.86006177e-05 2.3412133e-06 0 0 0.000701238867 0 3.23964778e-05 0 0.0359628759 2.94819747e-05 5.10625205e-06 8.97350947e-06 0.0429269001 0 0 0.00362214982 0.0252039004 0 0 0 0 0 1 0 0 0 0.0681818202 0.244650543 0.322504699 0.299157739 0.757951677 1 1
G650 0.00253894716 0.000164953424 0.0961182192 0 0.000121812685 0.173608795 0 5.01522954e-05 1.15975672e-05 0.000358112738 0.000496062916 0.00233169971 0.000734169211 0.0188608523 0.0177780315 0 0.00109477318 0.00978785381 0.00076645118 0 0.0231125187 4.84953598e-05 0.00258622295 0.0158644356 0.000274597289 0.00192089169 0 0 0.000790133723 4.51252527e-05 3.89239649e-05 0 0 4.19750251e-07 0 0.0308773443 0.00332074659 0.000946658722 6.76886111e-06 0 0.0388368182 0 0.000337004778 0.00111684157 0 0 0 3.86006177e-05 2.3412133e-06 0 0 0.000701238867 0 3.23964778e-05 0 0.0359628759 2.94819747e-05 5.10625205e-06 8.97350947e-06 0.0429269001 0 0 0.00362214982 0.0252039004 0 0 0 0 0 1 0 0 0 0.0681818202 0.244650543 0.322504699 0.299157739 0.730588436 1 1
G699 0.00253894716 0.000164953424 0.0961182192 0 0.000121812685 0.173608795 0 5.01522954e-05 1.15975672e-05 0.000358112738 0.000496062916 0.00233169971 0.000734169211 0.0188608523 0.0177780315 0 0.00109477318 0.00978785381 0.00076645118 0 0.0231125187 4.84953598e-05 0.00258622295 0.0158644356 0.000274597289 0.00192089169 0 0 0.000790133723 4.51252527e-05 3.89239649e-05 0 0 4.19750251e-07 0 0.0308773443 0.00332074659 0.000946658722 6.76886111e-06 0 0.0388368182 0 0.000337004778 0.00111684157 0 0 0 3.86006177e-05 2.3412133e-06 0 0 0.000701238867 0 3.23964778e-05 0 0.0359628759 2.94819747e-05 5.10625205e-06 8.97350947e-06 0.0429269001 0 0 0.00362214982 0.0252039004 0 0 1 0 0 0 0 0 0 0.0909090936 0.244650543 0.440287411 0.299157739 0.762497842 1 1
G700 0.00253894716 0.000164953424 0.0961182192 0 0.000121812685 0.173608795 0 5.01522954e-05 1.15975672e-05 0.000358112738 0.000496062916 0.00233169971 0.000734169211 0.0188608523 0.0177780315 0 0.00109477318 0.00978785381 0.00076645118 0 0.0231125187 4.84953598e-05 0.00258622295 0.0158644356 0.000274597289 0.00192089169 0 0 0.000790133723 4.51252527e-05 3.89239649e-05 0 0 4.19750251e-07 0 0.0308773443 0.00332074659 0.000946658722 6.76886111e-06 0 0.0388368182 0 0.000337004778 0.00111684157 0 0 0 3.86006177e-05 2.3412133e-06 0 0 0.000701238867 0 3.23964778e-05 0 0.0359628759 2.94819747e-05 5.10625205e-06 8.97350947e-06 0.0429269001 0 0 0.00362214982 0.0252039004 0 0 1 0 0 0 0 0 0 0.0909090936 0.244650543 0.440287411 0.299157739 0.762497842 1 1
G705 0.00253894716 0.000164953424 0.0961182192 0 0.000121812685 0.173608795 0 5.01522954e-05 1.15975672e-05 0.000358112738 0.000496062916 0.00233169971 0.000734169211 0.0188608523 0.0177780315 0 0.00109477318 0.00978785381 0.00076645118 0 0.0231125187 4.84953598e-05 0.00258622295 0.0158644356 0.000274597289 0.00192089169 0 0 0.000790133723 4.51252527e-05 3.89239649e-05 0 0 4.19750251e-07 0 0.0308773443 0.00332074659 0.000946658722 6.76886111e-06 0 0.0388368182 0 0.000337004778 0.00111684157 0 0 0 3.86006177e-05 2.3412133e-06 0 0 0.000701238867 0 3.23964778e-05 0 0.0359628759 2.94819747e-05 5.10625205e-06 8.97350947e-06 0.0429269001 0 0 0.00362214982 0.0252039004 0 0 1 0 0 0 0 0 0 0.0909090936 0.244650543 0.440287411 0.299157739 0.748489022 1 1
G706 0.00253894716 0.000164953424 0.0961182192 0 0.000121812685 0.173608795 0 5.01522954e-05 1.15975672e-05 0.000358112738 0.000496062916 0.00233169971 0.000734169211 0.0188608523 0.0177780315 0 0.00109477318 0.00978785381 0.00076645118 0 0.0231125187 4.84953598e-05 0.00258622295 0.0158644356 0.000274597289 0.00192089169 0 0 0.000790133723 4.51252527e-05 3.89239649e-05 0 0 4.19750251e-07 0 0.0308773443 0.00332074659 0.000946658722 6.76886111e-06 0 0.0388368182 0 0.000337004778 0.00111684157 0 0 0 3.86006177e-05 2.3412133e-06 0 0 0.000701238867 0 3.23964778e-05 0 0.0359628759 2.94819747e-05 5.10625205e-06 8.97350947e-06 0.0429269001 0 0 0.00362214982 0.0252039004 0 0 1 0 0 0 0 0 0 0.0909090936 0.244650543 0.440287411 0.299157739 0.748489022 1 1
G709 0.00253894716 0.000164953424 0.0961182192 0 0.000121812685 0.173608795 0 5.01522954e-05 1.15975672e-05 0.000358112738 0.000496062916 0.00233169971 0.000734169211 0.0188608523 0.0177780315 0 0.00109477318 0.00978785381 0.00076645118 0 0.0231125187 4.84953598e-05 0.00258622295 0.0158644356 0.000274597289 0.00192089169 0 0 0.000790133723 4.51252527e-05 3.89239649e-05 0 0 4.19750251e-07 0 0.0308773443 0.00332074659 0.000946658722 6.76886111e-06 0 0.0388368182 0 0.000337004778 0.00111684157 0 0 0 3.86006177e-05 2.3412133e-06 0 0 0.000701238867 0 3.23964778e-05 0 0.0359628759 2.94819747e-05 5.10625205e-06 8.97350947e-06 0.0429269001 0 0 0.00362214982 0.0252039004 0 0 1 0 0 0 0 0 0 0.0909090936 0.244650543 0.440287411 0.299157739 0.719472528 1 1
G710 0.00253894716 0.000164953424 0.0961182192 0 0.000121812685 0.173608795 0 5.01522954e-05 1.15975672e-05 0.000358112738 0.000496062916 0.00233169971 0.000734169211 0.0188608523 0.0177780315 0 0.00109477318 0.00978785381 0.00076645118 0 0.0231125187 4.84953598e-05 0.00258622295 0.0158644356 0.000274597289 0.00192089169 0 0 0.000790133723 4.51252527e-05 3.89239649e-05 0 0 4.19750251e-07 0 0.0308773443 0.00332074659 0.000946658722 6.76886111e-06 0 0.0388368182 0 0.000337004778 0.00111684157 0 0 0 3.86006177e-05 2.3412133e-06 0 0 0.000701238867 0 3.23964778e-05 0 0.0359628759 2.94819747e-05 5.10625205e-06 8.97350947e-06 0.0429269001 0 0 0.00362214982 0.0252039004 0 0 1 0 0 0 0 0 0 0.0909090936 0.244650543 0.440287411 0.299157739 0.719472528 1 1
G717 0.00253894716 0.000164953424 0.0961182192 0 0.000121812685 0.173608795 0 5.01522954e-05 1.15975672e-05 0.000358112738 0.000496062916 0.00233169971 0.000734169211 0.0188608523 0.0177780315 0 0.00109477318 0.00978785381 0.00076645118 0 0.0231125187 4.84953598e-05 0.00258622295 0.0158644356 0.000274597289 0.00192089169 0 0 0.000790133723 4.51252527e-05 3.89239649e-05 0 0 4.19750251e-07 0 0.0308773443 0.00332074659 0.000946658722 6.76886111e-06 0 0.0388368182 0 0.000337004778 0.00111684157 0 0 0 3.86006177e-05 2.3412133e-06 0 0 0.000701238867 0 3.23964778e-05 0 0.0359628759 2.94819747e-05 5.10625205e-06 8.97350947e-06 0.0429269001 0 0 0.00362214982 0.0252039004 0 0 1 0 0 0 0 0 0 0.113636367 0.244650543 0.461399913 0.427997947 0.75090307 1 1
G799 0.00253894716 0.000164953424 0.0961182192 0 0.000121812685 0.173608795 0 5.01522954e-05 1.15975672e-05 0.000358112738 0.000496062916 0.00233169971 0.000734169211 0.0188608523 0.0177780315 0 0.00109477318 0.00978785381 0.00076645118 0 0.0231125187 4.84953598e-05 0.00258622295 0.0158644356 0.000274597289 0.00192089169 0 0 0.000790133723 4.51252527e-05 3.89239649e-05 0 0 4.19750251e-07 0 0.0308773443 0.00332074659 0.000946658722 6.76886111e-06 0 0.0388368182 0 0.000337004778 0.00111684157 0 0 0 3.86006177e-05 2.3412133e-06 0 0 0.000701238867 0 3.23964778e-05 0 0.0359628759 2.94819747e-05 5.10625205e-06 8.97350947e-06 0.0429269001 0 0 0.00362214982 0.0252039004 0 0 1 0 0 0 0 0 0 0.113636367 0.387761921 0.461399913 0.427997947 0.735892415 1 1
G805 0.00253894716 0.000164953424 0.0961182192 0 0.000121812685 0.173608795 0 5.01522954e-05 1.15975672e-05 0.000358112738 0.000496062916 0.00233169971 0.000734169211 0.0188608523 0.0177780315 0 0.00109477318 0.00978785381 0.00076645118 0 0.0231125187 4.84953598e-05 0.00258622295 0.0158644356 0.000274597289 0.00192089169 0 0 0.000790133723 4.51252527e-05 3.89239649e-05 0 0 4.19750251e-07 0 0.0308773443 0.00332074659 0.000946658722 6.76886111e-06 0 0.0388368182 0 0.000337004778 0.00111684157 0 0 0 3.86006177e-05 2.3412133e-06 0 0 0.000701238867 0 3.23964778e-05 0 0.0359628759 2.94819747e-05 5.10625205e-06 8.97350947e-06 0.0429269001 0 0 0.00362214982 0.0252039004 0 0 0 0 0 1 0 0 0 0.0909090936 0.244650543 0.359038919 0.333047152 0.775467992 1 1
G807 0.00253894716 0.000164953424 0.0961182192 0 0.000121812685 0.173608795 0 5.01522954e-05 1.15975672e-05 0.000358112738 0.000496062916 0.00233169971 0.000734169211 0.0188608523 0.0177780315 0 0.00109477318 0.00978785381 0.00076645118 0 0.0231125187 4.84953598e-05 0.00258622295 0.0158644356 0.000274597289 0.00192089169 0 0 0.000790133723 4.51252527e-05 3.89239649e-05 0 0 4.19750251e-07 0 0.0308773443 0.00332074659 0.000946658722 6.76886111e-06 0 0.0388368182 0 0.000337004778 0.00111684157 0 0 0 3.86006177e-05 2.3412133e-06 0 0 0.000701238867 0 3.23964778e-05 0 0.0359628759 2.94819747e-05 5.10625205e-06 8.97350947e-06 0.0429269001 0 0 0.00362214982 0.0252039004 0 0 0 0 0 1 0 0 0 0.0909090936 0.244650543 0.359038919 0.333047152 0.764727354 1 1
G808 0.00253894716 0.000164953424 0.0961182192 0 0.000121812685 0.173608795 0 5.01522954e-05 1.15975672e-05 0.000358112738 0.000496062916 0.00233169971 0.000734169211 0.0188608523 0.0177780315 0 0.00109477318 0.00978785381 0.00076645118 0 0.0231125187 4.84953598e-05 0.00258622295 0.0158644356 0.000274597289 0.00192089169 0 0 0.000790133723 4.51252527e-05 3.89239649e-05 0 0 4.19750251e-07 0 0.0308773443 0.00332074659 0.000946658722 6.76886111e-06 0 0.0388368182 0 0.000337004778 0.00111684157 0 0 0 3.86006177e-05 2.3412133e-06 0 0 0.000701238867 0 3.23964778e-05 0 0.0359628759 2.94819747e-05 5.10625205e-06 8.97350947e-06 0.0429269001 0 0 0.00362214982 0.0252039004 0 0 0 0 0 1 0 0 0 0.0909090936 0.244650543 0.359038919 0.333047152 0.783609748 1 1
G810 0.00253894716 0.000164953424 0.0961182192 0 0.000121812685 0.173608795 0 5.01522954e-05 1.15975672e-05 0.000358112738 0.000496062916 0.00233169971 0.000734169211 0.0188608523 0.0177780315 0 0.00109477318 0.00978785381 0.00076645118 0 0.0231125187 4.84953598e-05 0.00258622295 0.0158644356 0.000274597289 0.00192089169 0 0 0.000790133723 4.51252527e-05 3.89239649e-05 0 0 4.19750251e-07 0 0.0308773443 0.00332074659 0.000946658722 6.76886111e-06 0 0.0388368182 0 0.000337004778 0.00111684157 0 0 0 3.86006177e-05 2.3412133e-06 0 0 0.000701238867 0 3.23964778e-05 0 0.0359628759 2.94819747e-05 5.10625205e-06 8.97350947e-06 0.0429269001 0 0 0.00362214982 0.0252039004 0 0 1 0 0 0 0 0 0 0.113636367 0.387761921 0.461399913 0.427997947 0.704504728 1 1
G813 0.00253894716 0.000164953424 0.0961182192 0 0.000121812685 0.173608795 0 5.01522954e-05 1.15975672e-05 0.000358112738 0.000496062916 0.00233169971 0.000734169211 0.0188608523 0.0177780315 0 0.00109477318 0.00978785381 0.00076645118 0 0.0231125187 4.84953598e-05 0.00258622295 0.0158644356 0.000274597289 0.00192089169 0 0 0.000790133723 4.51252527e-05 3.89239649e-05 0 0 4.19750251e-07 0 0.0308773443 0.00332074659 0.000946658722 6.76886111e-06 0 0.0388368182 0 0.000337004778 0.00111684157 0 0 0 3.86006177e-05 2.3412133e-06 0 0 0.000701238867 0 3.23964778e-05 0 0.0359628759 2.94819747e-05 5.10625205e-06 8.97350947e-06 0.0429269001 0 0 0.00362214982 0.0252039004 0 0 1 0 0 0 0 0 0 0.113636367 0.387761921 0.461399913 0.427997947 0.704504728 1 1
G816 0.00253894716 0.000164953424 0.0961182192 0 0.000121812685 0.173608795 0 5.01522954e-05 1.15975672e-05 0.000358112738 0.000496062916 0.00233169971 0.000734169211 0.0188608523 0.0177780315 0 0.00109477318 0.00978785381 0.00076645118 0 0.0231125187 4.84953598e-05 0.00258622295 0.0158644356 0.000274597289 0.00192089169 0 0 0.000790133723 4.51252527e-05 3.89239649e-05 0 0 4.19750251e-07 0 0.0308773443 0.00332074659 0.000946658722 6.76886111e-06 0 0.0388368182 0 0.000337004778 0.00111684157 0 0 0 3.86006177e-05 2.3412133e-06 0 0 0.000701238867 0 3.23964778e-05 0 0.0359628759 2.94819747e-05 5.10625205e-06 8.97350947e-06 0.0429269001 0 0 0.00362214982 0.0252039004 0 0 1 0 0 0 0 0 0 0.113636367 0.387761921 0.461399913 0.427997947 0.766928852 1 1
G819 0.00253894716 0.000164953424 0.0961182192 0 0.000121812685 0.173608795 0 5.01522954e-05 1.15975672e-05 0.000358112738 0.000496062916 0.00233169971 0.000734169211 0.0188608523 0.0177780315 0 0.00109477318 0.00978785381 0.00076645118 0 0.0231125187 4.84953598e-05 0.00258622295 0.0158644356 0.000274597289 0.00192089169 0 0 0.000790133723 4.51252527e-05 3.89239649e-05 0 0 4.19750251e-07 0 0.0308773443 0.00332074659 0.000946658722 6.76886111e-06 0 0.0388368182 0 0.000337004778 0.00111684157 0 0 0 3.86006177e-05 2.3412133e-06 0 0 0.000701238867 0 3.23964778e-05 0 0.0359628759 2.94819747e-05 5.10625205e-06 8.97350947e-06 0.0429269001 0 0 0.00362214982 0.0252039004 0 0 0 0 0 1 0 0 0 0.0909090936 0.387761921 0.277790427 0.361700237 0.793281674 1 1
G822 0.00253894716 0.000164953424 0.0961182192 0 0.000121812685 0.173608795 0 5.01522954e-05 1.15975672e-05 0.000358112738 0.000496062916 0.00233169971 0.000734169211 0.0188608523 0.0177780315 0 0.00109477318 0.00978785381 0.00076645118 0 0.0231125187 4.84953598e-05 0.00258622295 0.0158644356 0.000274597289 0.00192089169 0 0 0.000790133723 4.51252527e-05 3.89239649e-05 0 0 4.19750251e-07 0 0.0308773443 0.00332074659 0.000946658722 6.76886111e-06 0 0.0388368182 0 0.000337004778 0.00111684157 0 0 0 3.86006177e-05 2.3412133e-06 0 0 0.000701238867 0 3.23964778e-05 0 0.0359628759 2.94819747e-05 5.10625205e-06 8.97350947e-06 0.0429269001 0 0 0.00362214982 0.0252039004 0 0 0 0 0 1 0 0 0 0.0909090936 0.387761921 0.277790427 0.361700237 0.78754288 1 1
G825 0.00253894716 0.000164953424 0.0961182192 0 0.000121812685 0.173608795 0 5.01522954e-05 1.15975672e-05 0.000358112738 0.000496062916 0.00233169971 0.000734169211 0.0188608523 0.0177780315 0 0.00109477318 0.00978785381 0.00076645118 0 0.0231125187 4.84953598e-05 0.00258622295 0.0158644356 0.000274597289 0.00192089169 0 0 0.000790133723 4.51252527e-05 3.89239649e-05 0 0 4.19750251e-07 0 0.0308773443 0.00332074659 0.000946658722 6.76886111e-06 0 0.0388368182 0 0.000337004778 0.00111684157 0 0 0 3.86006177e-05 2.3412133e-06 0 0 0.000701238867 0 3.23964778e-05 0 0.0359628759 2.94819747e-05 5.10625205e-06 8.97350947e-06 0.0429269001 0 0 0.00362214982 0.0252039004 0 0 0 0 0 1 0 0 0 0.0909090936 0.387761921 0.277790427 0.361700237 0.766928852 1 1
G828 0.00253894716 0.000164953424 0.0961182192 0 0.000121812685 0.173608795 0 5.01522954e-05 1.15975672e-05 0.000358112738 0.000496062916 0.00233169971 0.000734169211 0.0188608523 0.0177780315 0 0.00109477318 0.00978785381 0.00076645118 0 0.0231125187 4.84953598e-05 0.00258622295 0.0158644356 0.000274597289 0.00192089169 0 0 0.000790133723 4.51252527e-05 3.89239649e-05 0 0 4.19750251e-07 0 0.0308773443 0.00332074659 0.000946658722 6.76886111e-06 0 0.0388368182 0 0.000337004778 0.00111684157 0 0 0 3.86006177e-05 2.3412133e-06 0 0 0.000701238867 0 3.23964778e-05 0 0.0359628759 2.94819747e-05 5.10625205e-06 8.97350947e-06 0.0429269001 0 0 0.00362214982 0.0252039004 0 0 0 0 0 1 0 0 0 0.0909090936 0.387761921 0.277790427 0.361700237 0.78754288 1 1
G831 0.00253894716 0.000164953424 0.0961182192 0 0.000121812685 0.173608795 0 5.01522954e-05 1.15975672e-05 0.000358112738 0.000496062916 0.00233169971 0.000734169211 0.0188608523 0.0177780315 0 0.00109477318 0.00978785381 0.00076645118 0 0.0231125187 4.84953598e-05 0.00258622295 0.0158644356 0.000274597289 0.00192089169 0 0 0.000790133723 4.51252527e-05 3.89239649e-05 0 0 4.19750251e-07 0 0.0308773443 0.00332074659 0.000946658722 6.76886111e-06 0 0.0388368182 0 0.000337004778 0.00111684157 0 0 0 3.86006177e-05 2.3412133e-06 0 0 0.000701238867 0 3.23964778e-05 0 0.0359628759 2.94819747e-05 5.10625205e-06 8.97350947e-06 0.0429269001 0 0 0.00362214982 0.0252039004 0 0 0 0 0 1 0 0 0 0.13636364 0.387761921 0.480498493 0.445713937 0.748489022 1 1
G835 0.00253894716 0.000164953424 0.0961182192 0 0.000121812685 0.173608795 0 5.01522954e-05 1.15975672e-05 0.000358112738 0.000496062916 0.00233169971 0.000734169211 0.0188608523 0.0177780315 0 0.00109477318 0.00978785381 0.00076645118 0 0.0231125187 4.84953598e-05 0.00258622295 0.0158644356 0.000274597289 0.00192089169 0 0 0.000790133723 4.51252527e-05 3.89239649e-05 0 0 4.19750251e-07 0 0.0308773443 0.00332074659 0.000946658722 6.76886111e-06 0 0.0388368182 0 0.000337004778 0.00111684157 0 0 0 3.86006177e-05 2.3412133e-06 0 0 0.000701238867 0 3.23964778e-05 0 0.0359628759 2.94819747e-05 5.10625205e-06 8.97350947e-06 0.0429269001 0 0 0.00362214982 0.0252039004 0 0 1 0 0 0 0 0 0 0.113636367 0.244650543 0.461399913 0.299157739 0.85589391 1 1
G836 0.00253894716 0.000164953424 0.0961182192 0 0.000121812685 0.173608795 0 5.01522954e-05 1.15975672e-05 0.000358112738 0.000496062916 0.00233169971 0.000734169211 0.0188608523 0.0177780315 0 0.00109477318 0.00978785381 0.00076645118 0 0.0231125187 4.84953598e-05 0.00258622295 0.0158644356 0.000274597289 0.00192089169 0 0 0.000790133723 4.51252527e-05 3.89239649e-05 0 0 4.19750251e-07 0 0.0308773443 0.00332074659 0.000946658722 6.76886111e-06 0 0.0388368182 0 0.000337004778 0.00111684157 0 0 0 3.86006177e-05 2.3412133e-06 0 0 0.000701238867 0 3.23964778e-05 0 0.0359628759 2.94819747e-05 5.10625205e-06 8.97350947e-06 0.0429269001 0 0 0.00362214982 0.0252039004 0 0 1 0 0 0 0 0 0 0.113636367 0.244650543 0.461399913 0.299157739 0.811156034 1 1
G837 0.00253894716 0.000164953424 0.0961182192 0 0.000121812685 0.173608795 0 5.01522954e-05 1.15975672e-05 0.000358112738 0.000496062916 0.00233169971 0.000734169211 0.0188608523 0.0177780315 0 0.00109477318 0.00978785381 0.00076645118 0 0.0231125187 4.84953598e-05 0.00258622295 0.0158644356 0.000274597289 0.00192089169 0 0 0.000790133723 4.51252527e-05 3.89239649e-05 0 0 4.19750251e-07 0 0.0308773443 0.00332074659 0.000946658722 6.76886111e-06 0 0.0388368182 0 0.000337004778 0.00111684157 0 0 0 3.86006177e-05 2.3412133e-06 0 0 0.000701238867 0 3.23964778e-05 0 0.0359628759 2.94819747e-05 5.10625205e-06 8.97350947e-06 0.0429269001 0 0 0.00362214982 0.0252039004 0 0 1 0 0 0 0 0 0 0.113636367 0.244650543 0.461399913 0.299157739 0.811156034 1 1
G838 0.00253894716 0.000164953424 0.0961182192 0 0.000121812685 0.173608795 0 5.01522954e-05 1.15975672e-05 0.000358112738 0.000496062916 0.00233169971 0.000734169211 0.0188608523 0.0177780315 0 0.00109477318 0.00978785381 0.00076645118 0 0.0231125187 4.84953598e-05 0.00258622295 0.0158644356 0.000274597289 0.00192089169 0 0 0.000790133723 4.51252527e-05 3.89239649e-05 0 0 4.19750251e-07 0 0.0308773443 0.00332074659 0.000946658722 6.76886111e-06 0 0.0388368182 0 0.000337004778 0.00111684157 0 0 0 3.86006177e-05 2.3412133e-06 0 0 0.000701238867 0 3.23964778e-05 0 0.0359628759 2.94819747e-05 5.10625205e-06 8.97350947e-06 0.0429269001 0 0 0.00362214982 0.0252039004 0 0 1 0 0 0 0 0 0 0.113636367 0.244650543 0.461399913 0.299157739 0.822663665 1 1
G839 0.00253894716 0.000164953424 0.0961182192 0 0.000121812685 0.173608795 0 5.01522954e-05 1.15975672e-05 0.000358112738 0.000496062916 0.00233169971 0.000734169211 0.0188608523 0.0177780315 0 0.00109477318 0.00978785381 0.00076645118 0 0.0231125187 4.84953598e-05 0.00258622295 0.0158644356 0.000274597289 0.00192089169 0 0 0.000790133723 4.51252527e-05 3.89239649e-05 0 0 4.19750251e-07 0 0.0308773443 0.00332074659 0.000946658722 6.76886111e-06 0 0.0388368182 0 0.000337004778 0.00111684157 0 0 0 3.86006177e-05 2.3412133e-06 0 0 0.000701238867 0 3.23964778e-05 0 0.0359628759 2.94819747e-05 5.10625205e-06 8.97350947e-06 0.0429269001 0 0 0.00362214982 0.0252039004 0 0 1 0 0 0 0 0 0 0.113636367 0.244650543 0.461399913 0.299157739 0.805982769 1 1
G840 0.00253894716 0.000164953424 0.0961182192 0 0.000121812685 0.173608795 0 5.01522954e-05 1.15975672e-05 0.000358112738 0.000496062916 0.00233169971 0.000734169211 0.0188608523 0.0177780315 0 0.00109477318 0.00978785381 0.00076645118 0 0.0231125187 4.84953598e-05 0.00258622295 0.0158644356 0.000274597289 0.00192089169 0 0 0.000790133723 4.51252527e-05 3.89239649e-05 0 0 4.19750251e-07 0 0.0308773443 0.00332074659 0.000946658722 6.76886111e-06 0 0.0388368182 0 0.000337004778 0.00111684157 0 0 0 3.86006177e-05 2.3412133e-06 0 0 0.000701238867 0 3.23964778e-05 0 0.0359628759 2.94819747e-05 5.10625205e-06 8.97350947e-06 0.0429269001 0 0 0.00362214982 0.0252039004 0 0 1 0 0 0 0 0 0 0.113636367 0.244650543 0.461399913 0.299157739 0.802446961 1 1
G841 0.00253894716 0.000164953424 0.0961182192 0 0.000121812685 0.173608795 0 5.01522954e-05 1.15975672e-05 0.000358112738 0.000496062916 0.00233169971 0.000734169211 0.0188608523 0.0177780315 0 0.00109477318 0.00978785381 0.00076645118 0 0.0231125187 4.84953598e-05 0.00258622295 0.0158644356 0.000274597289 0.00192089169 0 0 0.000790133723 4.51252527e-05 3.89239649e-05 0 0 4.19750251e-07 0 0.0308773443 0.00332074659 0.000946658722 6.76886111e-06 0 0.0388368182 0 0.000337004778 0.00111684157 0 0 0 3.86006177e-05 2.3412133e-06 0 0 0.000701238867 0 3.23964778e-05 0 0.0359628759 2.94819747e-05 5.10625205e-06 8.97350947e-06 0.0429269001 0 0 0.00362214982 0.0252039004 0 0 1 0 0 0 0 0 0 0.113636367 0.244650543 0.461399913 0.299157739 0.805982769 1 1
G842 0.00253894716 0.000164953424 0.0961182192 0 0.000121812685 0.173608795 0 5.01522954e-05 1.15975672e-05 0.000358112738 0.000496062916 0.00233169971 0.000734169211 0.0188608523 0.0177780315 0 0.00109477318 0.00978785381 0.00076645118 0 0.0231125187 4.84953598e-05 0.00258622295 0.0158644356 0.000274597289 0.00192089169 0 0 0.000790133723 4.51252527e-05 3.89239649e-05 0 0 4.19750251e-07 0 0.0308773443 0.00332074659 0.000946658722 6.76886111e-06 0 0.0388368182 0 0.000337004778 0.00111684157 0 0 0 3.86006177e-05 2.3412133e-06 0 0 0.000701238867 0 3.23964778e-05 0 0.0359628759 2.94819747e-05 5.10625205e-06 8.97350947e-06 0.0429269001 0 0 0.00362214982 0.0252039004 0 0 1 0 0 0 0 0 0 0.113636367 0.244650543 0.461399913 0.299157739 0.834950626 1 1
G843 0.00253894716 0.000164953424 0.0961182192 0 0.000121812685 0.173608795 0 5.01522954e-05 1.15975672e-05 0.000358112738 0.000496062916 0.00233169971 0.000734169211 0.0188608523 0.0177780315 0 0.00109477318 0.00978785381 0.00076645118 0 0.0231125187 4.84953598e-05 0.00258622295 0.0158644356 0.000274597289 0.00192089169 0 0 0.000790133723 4.51252527e-05 3.89239649e-05 0 0 4.19750251e-07 0 0.0308773443 0.00332074659 0.000946658722 6.76886111e-06 0 0.0388368182 0 0.000337004778 0.00111684157 0 0 0 3.86006177e-05 2.3412133e-06 0 0 0.000701238867 0 3.23964778e-05 0 0.0359628759 2.94819747e-05 5.10625205e-06 8.97350947e-06 0.0429269001 0 0 0.00362214982 0.0252039004 0 0 1 0 0 0 0 0 0 0.113636367 0.244650543 0.461399913 0.299157739 0.893626928 1 1
G844 0.00253894716 0.000164953424 0.0961182192 0 0.000121812685 0.173608795 0 5.01522954e-05 1.15975672e-05 0.000358112738 0.000496062916 0.00233169971 0.000734169211 0.0188608523 0.0177780315 0 0.00109477318 0.00978785381 0.00076645118 0 0.0231125187 4.84953598e-05 0.00258622295 0.0158644356 0.000274597289 0.00192089169 0 0 0.000790133723 4.51252527e-05 3.89239649e-05 0 0 4.19750251e-07 0 0.0308773443 0.00332074659 0.000946658722 6.76886111e-06 0 0.0388368182 0 0.000337004778 0.00111684157 0 0 0 3.86006177e-05 2.3412133e-06 0 0 0.000701238867 0 3.23964778e-05 0 0.0359628759 2.94819747e-05 5.10625205e-06 8.97350947e-06 0.0429269001 0 0 0.00362214982 0.0252039004 0 0 1 0 0 0 0 0 0 0.113636367 0.244650543 0.461399913 0.299157739 0.783609748 1 1
G855 0.00253894716 0.000164953424 0.0961182192 0 0.000121812685 0.173608795 0 5.01522954e-05 1.15975672e-05 0.000358112738 0.000496062916 0.00233169971 0.000734169211 0.0188608523 0.0177780315 0 0.00109477318 0.00978785381 0.00076645118 0 0.0231125187 4.84953598e-05 0.00258622295 0.0158644356 0.000274597289 0.00192089169 0 0 0.000790133723 4.51252527e-05 3.89239649e-05 0 0 4.19750251e-07 0 0.0308773443 0.00332074659 0.000946658722 6.76886111e-06 0 0.0388368182 0 0.000337004778 0.00111684157 0 0 0 3.86006177e-05 2.3412133e-06 0 0 0.000701238867 0 3.23964778e-05 0 0.0359628759 2.94819747e-05 5.10625205e-06 8.97350947e-06 0.0429269001 0 0 0.00362214982 0.0252039004 0 0 1 0 0 0 0 0 0 0.13636364 0.244650543 0.542648375 0.333047152 0.755633533 1 1
G856 0.00253894716 0.000164953424 0.0961182192 0 0.000121812685 0.173608795 0 5.01522954e-05 1.15975672e-05 0.000358112738 0.000496062916 0.00233169971 0.000734169211 0.0188608523 0.0177780315 0 0.00109477318 0.00978785381 0.00076645118 0 0.0231125187 4.84953598e-05 0.00258622295 0.0158644356 0.000274597289 0.00192089169 0 0 0.000790133723 4.51252527e-05 3.89239649e-05 0 0 4.19750251e-07 0 0.0308773443 0.00332074659 0.000946658722 6.76886111e-06 0 0.0388368182 0 0.000337004778 0.00111684157 0 0 0 3.86006177e-05 2.3412133e-06 0 0 0.000701238867 0 3.23964778e-05 0 0.0359628759 2.94819747e-05 5.10625205e-06 8.97350947e-06 0.0429269001 0 0 0.00362214982 0.0252039004 0 0 0 0 0 1 0 0 0 0.13636364 0.244650543 0.480498493 0.445713937 0.766928852 1 1
G857 0.00253894716 0.000164953424 0.0961182192 0 0.000121812685 0.173608795 0 5.01522954e-05 1.15975672e-05 0.000358112738 0.000496062916 0.00233169971 0.000734169211 0.0188608523 0.0177780315 0 0.00109477318 0.00978785381 0.00076645118 0 0.0231125187 4.84953598e-05 0.00258622295 0.0158644356 0.000274597289 0.00192089169 0 0 0.000790133723 4.51252527e-05 3.89239649e-05 0 0 4.19750251e-07 0 0.0308773443 0.00332074659 0.000946658722 6.76886111e-06 0 0.0388368182 0 0.000337004778 0.00111684157 0 0 0 3.86006177e-05 2.3412133e-06 0 0 0.000701238867 0 3.23964778e-05 0 0.0359628759 2.94819747e-05 5.10625205e-06 8.97350947e-06 0.0429269001 0 0 0.00362214982 0.0252039004 0 0 0 0 0 1 0 0 0 0.113636367 0.244650543 0.416685641 0.299157739 0.845036685 1 1
G858 0.00253894716 0.000164953424 0.0961182192 0 0.000121812685 0.173608795 0 5.01522954e-05 1.15975672e-05 0.000358112738 0.000496062916 0.00233169971 0.000734169211 0.0188608523 0.0177780315 0 0.00109477318 0.00978785381 0.00076645118 0 0.0231125187 4.84953598e-05 0.00258622295 0.0158644356 0.000274597289 0.00192089169 0 0 0.000790133723 4.51252527e-05 3.89239649e-05 0 0 4.19750251e-07 0 0.0308773443 0.00332074659 0.000946658722 6.76886111e-06 0 0.0388368182 0 0.000337004778 0.00111684157 0 0 0 3.86006177e-05 2.3412133e-06 0 0 0.000701238867 0 3.23964778e-05 0 0.0359628759 2.94819747e-05 5.10625205e-06 8.97350947e-06 0.0429269001 0 0 0.00362214982 0.0252039004 0 0 0 0 0 1 0 0 0 0.113636367 0.244650543 0.416685641 0.299157739 0.849187434 1 1
G859 0.00253894716 0.000164953424 0.0961182192 0 0.000121812685 0.173608795 0 5.01522954e-05 1.15975672e-05 0.000358112738 0.000496062916 0.00233169971 0.000734169211 0.0188608523 0.0177780315 0 0.00109477318 0.00978785381 0.00076645118 0 0.0231125187 4.84953598e-05 0.00258622295 0.0158644356 0.000274597289 0.00192089169 0 0 0.000790133723 4.51252527e-05 3.89239649e-05 0 0 4.19750251e-07 0 0.0308773443 0.00332074659 0.000946658722 6.76886111e-06 0 0.0388368182 0 0.000337004778 0.00111684157 0 0 0 3.86006177e-05 2.3412133e-06 0 0 0.000701238867 0 3.23964778e-05 0 0.0359628759 2.94819747e-05 5.10625205e-06 8.97350947e-06 0.0429269001 0 0 0.00362214982 0.0252039004 0 0 0 0 0 1 0 0 0 0.113636367 0.244650543 0.416685641 0.299157739 0.850549459 1 1
G860 0.00253894716 0.000164953424 0.0961182192 0 0.000121812685 0.173608795 0 5.01522954e-05 1.15975672e-05 0.000358112738 0.000496062916 0.00233169971 0.000734169211 0.0188608523 0.0177780315 0 0.00109477318 0.00978785381 0.00076645118 0 0.0231125187 4.84953598e-05 0.00258622295 0.0158644356 0.000274597289 0.00192089169 0 0 0.000790133723 4.51252527e-05 3.89239649e-05 0 0 4.19750251e-07 0 0.0308773443 0.00332074659 0.000946658722 6.76886111e-06 0 0.0388368182 0 0.000337004778 0.00111684157 0 0 0 3.86006177e-05 2.3412133e-06 0 0 0.000701238867 0 3.23964778e-05 0 0.0359628759 2.94819747e-05 5.10625205e-06 8.97350947e-06 0.0429269001 0 0 0.00362214982 0.0252039004 0 0 0 0 0 1 0 0 0 0.113636367 0.244650543 0.416685641 0.299157739 0.836427569 1 1
G861 0.00253894716 0.000164953424 0.0961182192 0 0.000121812685 0.173608795 0 5.01522954e-05 1.15975672e-05 0.000358112738 0.000496062916 0.00233169971 0.000734169211 0.0188608523 0.0177780315 0 0.00109477318 0.00978785381 0.00076645118 0 0.0231125187 4.84953598e-05 0.00258622295 0.0158644356 0.000274597289 0.00192089169 0 0 0.000790133723 4.51252527e-05 3.89239649e-05 0 0 4.19750251e-07 0 0.0308773443 0.00332074659 0.000946658722 6.76886111e-06 0 0.0388368182 0 0.000337004778 0.00111684157 0 0 0 3.86006177e-05 2.3412133e-06 0 0 0.000701238867 0 3.23964778e-05 0 0.0359628759 2.94819747e-05 5.10625205e-06 8.97350947e-06 0.0429269001 0 0 0.00362214982 0.0252039004 0 0 1 0 0 0 0 0 0 0.13636364 0.387761921 0.480498493 0.445713937 0.847814798 1 1
G864 0.00253894716 0.000164953424 0.0961182192 0 0.000121812685 0.173608795 0 5.01522954e-05 1.15975672e-05 0.000358112738 0.000496062916 0.00233169971 0.000734169211 0.0188608523 0.0177780315 0 0.00109477318 0.00978785381 0.00076645118 0 0.0231125187 4.84953598e-05 0.00258622295 0.0158644356 0.000274597289 0.00192089169 0 0 0.000790133723 4.51252527e-05 3.89239649e-05 0 0 4.19750251e-07 0 0.0308773443 0.00332074659 0.000946658722 6.76886111e-06 0 0.0388368182 0 0.000337004778 0.00111684157 0 0 0 3.86006177e-05 2.3412133e-06 0 0 0.000701238867 0 3.23964778e-05 0 0.0359628759 2.94819747e-05 5.10625205e-06 8.97350947e-06 0.0429269001 0 0 0.00362214982 0.0252039004 0 0 1 0 0 0 0 0 0 0.13636364 0.387761921 0.480498493 0.445713937 0.800651908 1 1
G867 0.00253894716 0.000164953424 0.0961182192 0 0.000121812685 0.173608795 0 5.01522954e-05 1.15975672e-05 0.000358112738 0.000496062916 0.00233169971 0.000734169211 0.0188608523 0.0177780315 0 0.00109477318 0.00978785381 0.00076645118 0 0.0231125187 4.84953598e-05 0.00258622295 0.0158644356 0.000274597289 0.00192089169 0 0 0.000790133723 4.51252527e-05 3.89239649e-05 0 0 4.19750251e-07 0 0.0308773443 0.00332074659 0.000946658722 6.76886111e-06 0 0.0388368182 0 0.000337004778 0.00111684157 0 0 0 3.86006177e-05 2.3412133e-06 0 0 0.000701238867 0 3.23964778e-05 0 0.0359628759 2.94819747e-05 5.10625205e-06 8.97350947e-06 0.0429269001 0 0 0.00362214982 0.0252039004 0 0 1 0 0 0 0 0 0 0.13636364 0.387761921 0.480498493 0.445713937 0.800651908 1 1
G870 0.00253894716 0.000164953424 0.0961182192 0 0.000121812685 0.173608795 0 5.01522954e-05 1.15975672e-05 0.000358112738 0.000496062916 0.00233169971 0.000734169211 0.0188608523 0.0177780315 0 0.00109477318 0.00978785381 0.00076645118 0 0.0231125187 4.84953598e-05 0.00258622295 0.0158644356 0.000274597289 0.00192089169 0 0 0.000790133723 4.51252527e-05 3.89239649e-05 0 0 4.19750251e-07 0 0.0308773443 0.00332074659 0.000946658722 6.76886111e-06 0 0.0388368182 0 0.000337004778 0.00111684157 0 0 0 3.86006177e-05 2.3412133e-06 0 0 0.000701238867 0 3.23964778e-05 0 0.0359628759 2.94819747e-05 5.10625205e-06 8.97350947e-06 0.0429269001 0 0 0.00362214982 0.0252039004 0 0 1 0 0 0 0 0 0 0.13636364 0.387761921 0.480498493 0.445713937 0.812847078 1 1
G873 0.00253894716 0.000164953424 0.0961182192 0 0.000121812685 0.173608795 0 5.01522954e-05 1.15975672e-05 0.000358112738 0.000496062916 0.00233169971 0.000734169211 0.0188608523 0.0177780315 0 0.00109477318 0.00978785381 0.00076645118 0 0.0231125187 4.84953598e-05 0.00258622295 0.0158644356 0.000274597289 0.00192089169 0 0 0.000790133723 4.51252527e-05 3.89239649e-05 0 0 4.19750251e-07 0 0.0308773443 0.00332074659 0.000946658722 6.76886111e-06 0 0.0388368182 0 0.000337004778 0.00111684157 0 0 0 3.86006177e-05 2.3412133e-06 0 0 0.000701238867 0 3.23964778e-05 0 0.0359628759 2.94819747e-05 5.10625205e-06 8.97350947e-06 0.0429269001 0 0 0.00362214982 0.0252039004 0 0 1 0 0 0 0 0 0 0.13636364 0.387761921 0.480498493 0.445713937 0.795153499 1 1
G876 0.00253894716 0.000164953424 0.0961182192 0 0.000121812685 0.173608795 0 5.01522954e-05 1.15975672e-05 0.000358112738 0.000496062916 0.00233169971 0.000734169211 0.0188608523 0.0177780315 0 0.00109477318 0.00978785381 0.00076645118 0 0.0231125187 4.84953598e-05 0.00258622295 0.0158644356 0.000274597289 0.00192089169 0 0 0.000790133723 4.51252527e-05 3.89239649e-05 0 0 4.19750251e-07 0 0.0308773443 0.00332074659 0.000946658722 6.76886111e-06 0 0.0388368182 0 0.000337004778 0.00111684157 0 0 0 3.86006177e-05 2.3412133e-06 0 0 0.000701238867 0 3.23964778e-05 0 0.0359628759 2.94819747e-05 5.10625205e-06 8.97350947e-06 0.0429269001 0 0 0.00362214982 0.0252039004 0 0 1 0 0 0 0 0 0 0.13636364 0.387761921 0.480498493 0.445713937 0.791389585 1 1
G879 0.00253894716 0.000164953424 0.0961182192 0 0.000121812685 0.173608795 0 5.01522954e-05 1.15975672e-05 0.000358112738 0.000496062916 0.00233169971 0.000734169211 0.0188608523 0.0177780315 0 0.00109477318 0.00978785381 0.00076645118 0 0.0231125187 4.84953598e-05 0.00258622295 0.0158644356 0.000274597289 0.00192089169 0 0 0.000790133723 4.51252527e-05 3.89239649e-05 0 0 4.19750251e-07 0 0.0308773443 0.00332074659 0.000946658722 6.76886111e-06 0 0.0388368182 0 0.000337004778 0.00111684157 0 0 0 3.86006177e-05 2.3412133e-06 0 0 0.000701238867 0 3.23964778e-05 0 0.0359628759 2.94819747e-05 5.10625205e-06 8.97350947e-06 0.0429269001 0 0 0.00362214982 0.0252039004 0 0 1 0 0 0 0 0 0 0.13636364 0.387761921 0.480498493 0.445713937 0.795153499 1 1
G882 0.00253894716 0.000164953424 0.0961182192 0 0.000121812685 0.173608795 0 5.01522954e-05 1.15975672e-05 0.000358112738 0.000496062916 0.00233169971 0.000734169211 0.0188608523 0.0177780315 0 0.00109477318 0.00978785381 0.00076645118 0 0.0231125187 4.84953598e-05 0.00258622295 0.0158644356 0.000274597289 0.00192089169 0 0 0.000790133723 4.51252527e-05 3.89239649e-05 0 0 4.19750251e-07 0 0.0308773443 0.00332074659 0.000946658722 6.76886111e-06 0 0.0388368182 0 0.000337004778 0.00111684157 0 0 0 3.86006177e-05 2.3412133e-06 0 0 0.000701238867 0 3.23964778e-05 0 0.0359628759 2.94819747e-05 5.10625205e-06 8.97350947e-06 0.0429269001 0 0 0.00362214982 0.0252039004 0 0 1 0 0 0 0 0 0 0.13636364 0.387761921 0.480498493 0.445713937 0.825817227 1 1
G885 0.00253894716 0.000164953424 0.0961182192 0 0.000121812685 0.173608795 0 5.01522954e-05 1.15975672e-05 0.000358112738 0.000496062916 0.00233169971 0.000734169211 0.0188608523 0.0177780315 0 0.00109477318 0.00978785381 0.00076645118 0 0.0231125187 4.84953598e-05 0.00258622295 0.0158644356 0.000274597289 0.00192089169 0 0 0.000790133723 4.51252527e-05 3.89239649e-05 0 0 4.19750251e-07 0 0.0308773443 0.00332074659 0.000946658722 6.76886111e-06 0 0.0388368182 0 0.000337004778 0.00111684157 0 0 0 3.86006177e-05 2.3412133e-06 0 0 0.000701238867 0 3.23964778e-05 0 0.0359628759 2.94819747e-05 5.10625205e-06 8.97350947e-06 0.0429269001 0 0 0.00362214982 0.0252039004 0 0 1 0 0 0 0 0 0 0.13636364 0.387761921 0.480498493 0.445713937 0.887144089 1 1
G888 0.00253894716 0.000164953424 0.0961182192 0 0.000121812685 0.173608795 0 5.01522954e-05 1.15975672e-05 0.000358112738 0.000496062916 0.00233169971 0.000734169211 0.0188608523 0.0177780315 0 0.00109477318 0.00978785381 0.00076645118 0 0.0231125187 4.84953598e-05 0.00258622295 0.0158644356 0.000274597289 0.00192089169 0 0 0.000790133723 4.51252527e-05 3.89239649e-05 0 0 4.19750251e-07 0 0.0308773443 0.00332074659 0.000946658722 6.76886111e-06 0 0.0388368182 0 0.000337004778 0.00111684157 0 0 0 3.86006177e-05 2.3412133e-06 0 0 0.000701238867 0 3.23964778e-05 0 0.0359628759 2.94819747e-05 5.10625205e-06 8.97350947e-06 0.0429269001 0 0 0.00362214982 0.0252039004 0 0 1 0 0 0 0 0 0 0.13636364 0.387761921 0.480498493 0.445713937 0.771250486 1 1
G894 0.00253894716 0.000164953424 0.0961182192 0 0.000121812685 0.173608795 0 5.01522954e-05 1.15975672e-05 0.000358112738 0.000496062916 0.00233169971 0.000734169211 0.0188608523 0.0177780315 0 0.00109477318 0.00978785381 0.00076645118 0 0.0231125187 4.84953598e-05 0.00258622295 0.0158644356 0.000274597289 0.00192089169 0 0 0.000790133723 4.51252527e-05 3.89239649e-05 0 0 4.19750251e-07 0 0.0308773443 0.00332074659 0.000946658722 6.76886111e-06 0 0.0388368182 0 0.000337004778 0.00111684157 0 0 0 3.86006177e-05 2.3412133e-06 0 0 0.000701238867 0 3.23964778e-05 0 0.0359628759 2.94819747e-05 5.10625205e-06 8.97350947e-06 0.0429269001 0 0 0.00362214982 0.0252039004 0 0 0 0 0 1 0 0 0 0.13636364 0.244650543 0.480498493 0.445713937 0.735892415 1 1
G895 0.00253894716 0.000164953424 0.0961182192 0 0.000121812685 0.173608795 0 5.01522954e-05 1.15975672e-05 0.000358112738 0.000496062916 0.00233169971 0.000734169211 0.0188608523 0.0177780315 0 0.00109477318 0.00978785381 0.00076645118 0 0.0231125187 4.84953598e-05 0.00258622295 0.0158644356 0.000274597289 0.00192089169 0 0 0.000790133723 4.51252527e-05 3.89239649e-05 0 0 4.19750251e-07 0 0.0308773443 0.00332074659 0.000946658722 6.76886111e-06 0 0.0388368182 0 0.000337004778 0.00111684157 0 0 0 3.86006177e-05 2.3412133e-06 0 0 0.000701238867 0 3.23964778e-05 0 0.0359628759 2.94819747e-05 5.10625205e-06 8.97350947e-06 0.0429269001 0 0 0.00362214982 0.0252039004 0 0 1 0 0 0 0 0 0 0.13636364 0.244650543 0.542648375 0.333047152 0.722318411 1 1
G9 0.00253894716 0.000164953424 0.0961182192 0 0.000121812685 0.173608795 0 5.01522954e-05 1.15975672e-05 0.000358112738 0.000496062916 0.00233169971 0.000734169211 0.0188608523 0.0177780315 0 0.00109477318 0.00978785381 0.00076645118 0 0.0231125187 4.84953598e-05 0.00258622295 0.0158644356 0.000274597289 0.00192089169 0 0 0.000790133723 4.51252527e-05 3.89239649e-05 0 0 4.19750251e-07 0 0.0308773443 0.00332074659 0.000946658722 6.76886111e-06 0 0.0388368182 0 0.000337004778 0.00111684157 0 0 0 3.86006177e-05 2.3412133e-06 0 0 0.000701238867 0 3.23964778e-05 0 0.0359628759 2.94819747e-05 5.10625205e-06 8.97350947e-06 0.0429269001 0 0 0.00362214982 0.0252039004 1 0 0 0 0 0 0 0 0 0 0.387761921 0.138895214 0.128840223 0.473954648 1 1
G142 0.00253894716 0.000164953424 0.0961182192 0 0.000121812685 0.173608795 0 5.01522954e-05 1.15975672e-05 0.000358112738 0.000496062916 0.00233169971 0.000734169211 0.0188608523 0.0177780315 0 0.00109477318 0.00978785381 0.00076645118 0 0.0231125187 4.84953598e-05 0.00258622295 0.0158644356 0.000274597289 0.00192089169 0 0 0.000790133723 4.51252527e-05 3.89239649e-05 0 0 4.19750251e-07 0 0.0308773443 0.00332074659 0.000946658722 6.76886111e-06 0 0.0388368182 0 0.000337004778 0.00111684157 0 0 0 3.86006177e-05 2.3412133e-06 0 0 0.000701238867 0 3.23964778e-05 0 0.0359628759 2.94819747e-05 5.10625205e-06 8.97350947e-06 0.0429269001 0 0 0.00362214982 0.0252039004 0 0 0 0 0 1 0 0 0 0.0227272734 0.568060994 0.220143706 0.204206929 0.771250486 1 1
G289 0.00253894716 0.000164953424 0.0961182192 0 0.000121812685 0.173608795 0 5.01522954e-05 1.15975672e-05 0.000358112738 0.000496062916 0.00233169971 0.000734169211 0.0188608523 0.0177780315 0 0.00109477318 0.00978785381 0.00076645118 0 0.0231125187 4.84953598e-05 0.00258622295 0.0158644356 0.000274597289 0.00192089169 0 0 0.000790133723 4.51252527e-05 3.89239649e-05 0 0 4.19750251e-07 0 0.0308773443 0.00332074659 0.000946658722 6.76886111e-06 0 0.0388368182 0 0.000337004778 0.00111684157 0 0 0 3.86006177e-05 2.3412133e-06 0 0 0.000701238867 0 3.23964778e-05 0 0.0359628759 2.94819747e-05 5.10625205e-06 8.97350947e-06 0.0429269001 0 0 0.00362214982 0.0252039004 0 0 0 0 0 1 0 0 0 0.0227272734 0.387761921 0.220143706 0.204206929 0.46187973 1 1
G321 0.00253894716 0.000164953424 0.0961182192 0 0.000121812685 0.173608795 0 5.01522954e-05 1.15975672e-05 0.000358112738 0.000496062916 0.00233169971 0.000734169211 0.0188608523 0.0177780315 0 0.00109477318 0.00978785381 0.00076645118 0 0.0231125187 4.84953598e-05 0.00258622295 0.0158644356 0.000274597289 0.00192089169 0 0 0.000790133723 4.51252527e-05 3.89239649e-05 0 0 4.19750251e-07 0 0.0308773443 0.00332074659 0.000946658722 6.76886111e-06 0 0.0388368182 0 0.000337004778 0.00111684157 0 0 0 3.86006177e-05 2.3412133e-06 0 0 0.000701238867 0 3.23964778e-05 0 0.0359628759 2.94819747e-05 5.10625205e-06 8.97350947e-06 0.0429269001 0 0 0.00362214982 0.0252039004 0 0 0 0 0 1 0 0 0 0.0454545468 0.244650543 0.277790427 0.257680446 0.783609748 1 1
G356 0.00253894716 0.000164953424 0.0961182192 0 0.000121812685 0.173608795 0 5.01522954e-05 1.15975672e-05 0.000358112738 0.000496062916 0.00233169971 0.000734169211 0.0188608523 0.0177780315 0 0.00109477318 0.00978785381 0.00076645118 0 0.0231125187 4.84953598e-05 0.00258622295 0.0158644356 0.000274597289 0.00192089169 0 0 0.000790133723 4.51252527e-05 3.89239649e-05 0 0 4.19750251e-07 0 0.0308773443 0.00332074659 0.000946658722 6.76886111e-06 0 0.0388368182 0 0.000337004778 0.00111684157 0 0 0 3.86006177e-05 2.3412133e-06 0 0 0.000701238867 0 3.23964778e-05 0 0.0359628759 2.94819747e-05 5.10625205e-06 8.97350947e-06 0.0429269001 0 0 0.00362214982 0.0252039004 0 0 0 0 0 1 0 0 0 0.0454545468 0.387761921 0.277790427 0.257680446 0.789476812 1 1
G401 0.00253894716 0.000164953424 0.0961182192 0 0.000121812685 0.173608795 0 5.01522954e-05 1.15975672e-05 0.000358112738 0.000496062916 0.00233169971 0.000734169211 0.0188608523 0.0177780315 0 0.00109477318 0.00978785381 0.00076645118 0 0.0231125187 4.84953598e-05 0.00258622295 0.0158644356 0.000274597289 0.00192089169 0 0 0.000790133723 4.51252527e-05 3.89239649e-05 0 0 4.19750251e-07 0 0.0308773443 0.00332074659 0.000946658722 6.76886111e-06 0 0.0388368182 0 0.000337004778 0.00111684157 0 0 0 3.86006177e-05 2.3412133e-06 0 0 0.000701238867 0 3.23964778e-05 0 0.0359628759 2.94819747e-05 5.10625205e-06 8.97350947e-06 0.0429269001 0 0 0.00362214982 0.0252039004 0 0 0 0 0 1 0 0 0 0.0454545468 0.387761921 0.277790427 0.257680446 0.769102991 1 1
G509 0.00253894716 0.000164953424 0.0961182192 0 0.000121812685 0.173608795 0 5.01522954e-05 1.15975672e-05 0.000358112738 0.000496062916 0.00233169971 0.000734169211 0.0188608523 0.0177780315 0 0.00109477318 0.00978785381 0.00076645118 0 0.0231125187 4.84953598e-05 0.00258622295 0.0158644356 0.000274597289 0.00192089169 0 0 0.000790133723 4.51252527e-05 3.89239649e-05 0 0 4.19750251e-07 0 0.0308773443 0.00332074659 0.000946658722 6.76886111e-06 0 0.0388368182 0 0.000337004778 0.00111684157 0 0 0 3.86006177e-05 2.3412133e-06 0 0 0.000701238867 0 3.23964778e-05 0 0.0359628759 2.94819747e-05 5.10625205e-06 8.97350947e-06 0.0429269001 0 0 0.00362214982 0.0252039004 0 0 0 0 0 1 0 0 0 0.0454545468 0.387761921 0.277790427 0.257680446 0.777539194 1 1
G512 0.00253894716 0.000164953424 0.0961182192 0 0.000121812685 0.173608795 0 5.01522954e-05 1.15975672e-05 0.000358112738 0.000496062916 0.00233169971 0.000734169211 0.0188608523 0.0177780315 0 0.00109477318 0.00978785381 0.00076645118 0 0.0231125187 4.84953598e-05 0.00258622295 0.0158644356 0.000274597289 0.00192089169 0 0 0.000790133723 4.51252527e-05 3.89239649e-05 0 0 4.19750251e-07 0 0.0308773443 0.00332074659 0.000946658722 6.76886111e-06 0 0.0388368182 0 0.000337004778 0.00111684157 0 0 0 3.86006177e-05 2.3412133e-06 0 0 0.000701238867 0 3.23964778e-05 0 0.0359628759 2.94819747e-05 5.10625205e-06 8.97350947e-06 0.0429269001 0 0 0.00362214982 0.0252039004 0 0 0 0 0 1 0 0 0 0.0454545468 0.387761921 0.277790427 0.257680446 0.78558737 1 1
G537 0.00253894716 0.000164953424 0.0961182192 0 0.000121812685 0.173608795 0 5.01522954e-05 1.15975672e-05 0.000358112738 0.000496062916 0.00233169971 0.000734169211 0.0188608523 0.0177780315 0 0.00109477318 0.00978785381 0.00076645118 0 0.0231125187 4.84953598e-05 0.00258622295 0.0158644356 0.000274597289 0.00192089169 0 0 0.000790133723 4.51252527e-05 3.89239649e-05 0 0 4.19750251e-07 0 0.0308773443 0.00332074659 0.000946658722 6.76886111e-06 0 0.0388368182 0 0.000337004778 0.00111684157 0 0 0 3.86006177e-05 2.3412133e-06 0 0 0.000701238867 0 3.23964778e-05 0 0.0359628759 2.94819747e-05 5.10625205e-06 8.97350947e-06 0.0429269001 0 0 0.00362214982 0.0252039004 0 0 0 0 0 1 0 0 0 0.0681818202 0.244650543 0.322504699 0.299157739 0.766928852 1 1
G644 0.00253894716 0.000164953424 0.0961182192 0 0.000121812685 0.173608795 0 5.01522954e-05 1.15975672e-05 0.000358112738 0.000496062916 0.00233169971 0.000734169211 0.0188608523 0.0177780315 0 0.00109477318 0.00978785381 0.00076645118 0 0.0231125187 4.84953598e-05 0.00258622295 0.0158644356 0.000274597289 0.00192089169 0 0 0.000790133723 4.51252527e-05 3.89239649e-05 0 0 4.19750251e-07 0 0.0308773443 0.00332074659 0.000946658722 6.76886111e-06 0 0.0388368182 0 0.000337004778 0.00111684157 0 0 0 3.86006177e-05 2.3412133e-06 0 0 0.000701238867 0 3.23964778e-05 0 0.0359628759 2.94819747e-05 5.10625205e-06 8.97350947e-06 0.0429269001 0 0 0.00362214982 0.0252039004 0 0 0 0 0 1 0 0 0 0.0681818202 0.244650543 0.322504699 0.299157739 0.775467992 1 1
G648 0.00253894716 0.000164953424 0.0961182192 0 0.000121812685 0.173608795 0 5.01522954e-05 1.15975672e-05 0.000358112738 0.000496062916 0.00233169971 0.000734169211 0.0188608523 0.0177780315 0 0.00109477318 0.00978785381 0.00076645118 0 0.0231125187 4.84953598e-05 0.00258622295 0.0158644356 0.000274597289 0.00192089169 0 0 0.000790133723 4.51252527e-05 3.89239649e-05 0 0 4.19750251e-07 0 0.0308773443 0.00332074659 0.000946658722 6.76886111e-06 0 0.0388368182 0 0.000337004778 0.00111684157 0 0 0 3.86006177e-05 2.3412133e-06 0 0 0.000701238867 0 3.23964778e-05 0 0.0359628759 2.94819747e-05 5.10625205e-06 8.97350947e-06 0.0429269001 0 0 0.00362214982 0.0252039004 0 0 0 0 0 1 0 0 0 0.0681818202 0.244650543 0.322504699 0.299157739 0.783609748 1 1
G675 0.00253894716 0.000164953424 0.0961182192 0 0.000121812685 0.173608795 0 5.01522954e-05 1.15975672e-05 0.000358112738 0.000496062916 0.00233169971 0.000734169211 0.0188608523 0.0177780315 0 0.00109477318 0.00978785381 0.00076645118 0 0.0231125187 4.84953598e-05 0.00258622295 0.0158644356 0.000274597289 0.00192089169 0 0 0.000790133723 4.51252527e-05 3.89239649e-05 0 0 4.19750251e-07 0 0.0308773443 0.00332074659 0.000946658722 6.76886111e-06 0 0.0388368182 0 0.000337004778 0.00111684157 0 0 0 3.86006177e-05 2.3412133e-06 0 0 0.000701238867 0 3.23964778e-05 0 0.0359628759 2.94819747e-05 5.10625205e-06 8.97350947e-06 0.0429269001 0 0 0.00362214982 0.0252039004 0 0 0 0 0 1 0 0 0 0.0681818202 0.387761921 0.322504699 0.299157739 0.78754288 1 1
G678 0.00253894716 0.000164953424 0.0961182192 0 0.000121812685 0.173608795 0 5.01522954e-05 1.15975672e-05 0.000358112738 0.000496062916 0.00233169971 0.000734169211 0.0188608523 0.0177780315 0 0.00109477318 0.00978785381 0.00076645118 0 0.0231125187 4.84953598e-05 0.00258622295 0.0158644356 0.000274597289 0.00192089169 0 0 0.000790133723 4.51252527e-05 3.89239649e-05 0 0 4.19750251e-07 0 0.0308773443 0.00332074659 0.000946658722 6.76886111e-06 0 0.0388368182 0 0.000337004778 0.00111684157 0 0 0 3.86006177e-05 2.3412133e-06 0 0 0.000701238867 0 3.23964778e-05 0 0.0359628759 2.94819747e-05 5.10625205e-06 8.97350947e-06 0.0429269001 0 0 0.00362214982 0.0252039004 0 0 0 0 0 1 0 0 0 0.0681818202 0.387761921 0.322504699 0.299157739 0.904922247 1 1
G701 0.00253894716 0.000164953424 0.0961182192 0 0.000121812685 0.173608795 0 5.01522954e-05 1.15975672e-05 0.000358112738 0.000496062916 0.00233169971 0.000734169211 0.0188608523 0.0177780315 0 0.00109477318 0.00978785381 0.00076645118 0 0.0231125187 4.84953598e-05 0.00258622295 0.0158644356 0.000274597289 0.00192089169 0 0 0.000790133723 4.51252527e-05 3.89239649e-05 0 0 4.19750251e-07 0 0.0308773443 0.00332074659 0.000946658722 6.76886111e-06 0 0.0388368182 0 0.000337004778 0.00111684157 0 0 0 3.86006177e-05 2.3412133e-06 0 0 0.000701238867 0 3.23964778e-05 0 0.0359628759 2.94819747e-05 5.10625205e-06 8.97350947e-06 0.0429269001 0 0 0.00362214982 0.0252039004 0 0 1 0 0 0 0 0 0 0.0909090936 0.244650543 0.440287411 0.299157739 0.757951677 1 1
G702 0.00253894716 0.000164953424 0.0961182192 0 0.000121812685 0.173608795 0 5.01522954e-05 1.15975672e-05 0.000358112738 0.000496062916 0.00233169971 0.000734169211 0.0188608523 0.0177780315 0 0.00109477318 0.00978785381 0.00076645118 0 0.0231125187 4.84953598e-05 0.00258622295 0.0158644356 0.000274597289 0.00192089169 0 0 0.000790133723 4.51252527e-05 3.89239649e-05 0 0 4.19750251e-07 0 0.0308773443 0.00332074659 0.000946658722 6.76886111e-06 0 0.0388368182 0 0.000337004778 0.00111684157 0 0 0 3.86006177e-05 2.3412133e-06 0 0 0.000701238867 0 3.23964778e-05 0 0.0359628759 2.94819747e-05 5.10625205e-06 8.97350947e-06 0.0429269001 0 0 0.00362214982 0.0252039004 0 0 1 0 0 0 0 0 0 0.0909090936 0.244650543 0.440287411 0.299157739 0.757951677 1 1
G725 0.00253894716 0.000164953424 0.0961182192 0 0.000121812685 0.173608795 0 5.01522954e-05 1.15975672e-05 0.000358112738 0.000496062916 0.00233169971 0.000734169211 0.0188608523 0.0177780315 0 0.00109477318 0.00978785381 0.00076645118 0 0.0231125187 4.84953598e-05 0.00258622295 0.0158644356 0.000274597289 0.00192089169 0 0 0.000790133723 4.51252527e-05 3.89239649e-05 0 0 4.19750251e-07 0 0.0308773443 0.00332074659 0.000946658722 6.76886111e-06 0 0.0388368182 0 0.000337004778 0.00111684157 0 0 0 3.86006177e-05 2.3412133e-06 0 0 0.000701238867 0 3.23964778e-05 0 0.0359628759 2.94819747e-05 5.10625205e-06 8.97350947e-06 0.0429269001 0 0 0.00362214982 0.0252039004 0 0 1 0 0 0 0 0 0 0.113636367 0.244650543 0.461399913 0.427997947 0.746041179 1 1
G784 0.00253894716 0.000164953424 0.0961182192 0 0.000121812685 0.173608795 0 5.01522954e-05 1.15975672e-05 0.000358112738 0.000496062916 0.00233169971 0.000734169211 0.0188608523 0.0177780315 0 0.00109477318 0.00978785381 0.00076645118 0 0.0231125187 4.84953598e-05 0.00258622295 0.0158644356 0.000274597289 0.00192089169 0 0 0.000790133723 4.51252527e-05 3.89239649e-05 0 0 4.19750251e-07 0 0.0308773443 0.00332074659 0.000946658722 6.76886111e-06 0 0.0388368182 0 0.000337004778 0.00111684157 0 0 0 3.86006177e-05 2.3412133e-06 0 0 0.000701238867 0 3.23964778e-05 0 0.0359628759 2.94819747e-05 5.10625205e-06 8.97350947e-06 0.0429269001 0 0 0.00362214982 0.0252039004 0 0 0 0 0 1 0 0 0 0.0909090936 0.244650543 0.359038919 0.333047152 0.78558737 1 1
G786 0.00253894716 0.000164953424 0.0961182192 0 0.000121812685 0.173608795 0 5.01522954e-05 1.15975672e-05 0.000358112738 0.000496062916 0.00233169971 0.000734169211 0.0188608523 0.0177780315 0 0.00109477318 0.00978785381 0.00076645118 0 0.0231125187 4.84953598e-05 0.00258622295 0.0158644356 0.000274597289 0.00192089169 0 0 0.000790133723 4.51252527e-05 3.89239649e-05 0 0 4.19750251e-07 0 0.0308773443 0.00332074659 0.000946658722 6.76886111e-06 0 0.0388368182 0 0.000337004778 0.00111684157 0 0 0 3.86006177e-05 2.3412133e-06 0 0 0.000701238867 0 3.23964778e-05 0 0.0359628759 2.94819747e-05 5.10625205e-06 8.97350947e-06 0.0429269001 0 0 0.00362214982 0.0252039004 0 0 0 0 0 1 0 0 0 0.0909090936 0.244650543 0.359038919 0.333047152 0.903925002 1 1
G806 0.00253894716 0.000164953424 0.0961182192 0 0.000121812685 0.173608795 0 5.01522954e-05 1.15975672e-05 0.000358112738 0.000496062916 0.00233169971 0.000734169211 0.0188608523 0.0177780315 0 0.00109477318 0.00978785381 0.00076645118 0 0.0231125187 4.84953598e-05 0.00258622295 0.0158644356 0.000274597289 0.00192089169 0 0 0.000790133723 4.51252527e-05 3.89239649e-05 0 0 4.19750251e-07 0 0.0308773443 0.00332074659 0.000946658722 6.76886111e-06 0 0.0388368182 0 0.000337004778 0.00111684157 0 0 0 3.86006177e-05 2.3412133e-06 0 0 0.000701238867 0 3.23964778e-05 0 0.0359628759 2.94819747e-05 5.10625205e-06 8.97350947e-06 0.0429269001 0 0 0.00362214982 0.0252039004 0 0 1 0 0 0 0 0 0 0.0909090936 0.244650543 0.461399913 0.333047152 0.764727354 1 1
G809 0.00253894716 0.000164953424 0.0961182192 0 0.000121812685 0.173608795 0 5.01522954e-05 1.15975672e-05 0.000358112738 0.000496062916 0.00233169971 0.000734169211 0.0188608523 0.0177780315 0 0.00109477318 0.00978785381 0.00076645118 0 0.0231125187 4.84953598e-05 0.00258622295 0.0158644356 0.000274597289 0.00192089169 0 0 0.000790133723 4.51252527e-05 3.89239649e-05 0 0 4.19750251e-07 0 0.0308773443 0.00332074659 0.000946658722 6.76886111e-06 0 0.0388368182 0 0.000337004778 0.00111684157 0 0 0 3.86006177e-05 2.3412133e-06 0 0 0.000701238867 0 3.23964778e-05 0 0.0359628759 2.94819747e-05 5.10625205e-06 8.97350947e-06 0.0429269001 0 0 0.00362214982 0.0252039004 0 0 1 0 0 0 0 0 0 0.0909090936 0.244650543 0.461399913 0.333047152 0.773371935 1 1
G845 0.00253894716 0.000164953424 0.0961182192 0 0.000121812685 0.173608795 0 5.01522954e-05 1.15975672e-05 0.000358112738 0.000496062916 0.00233169971 0.000734169211 0.0188608523 0.0177780315 0 0.00109477318 0.00978785381 0.00076645118 0 0.0231125187 4.84953598e-05 0.00258622295 0.0158644356 0.000274597289 0.00192089169 0 0 0.000790133723 4.51252527e-05 3.89239649e-05 0 0 4.19750251e-07 0 0.0308773443 0.00332074659 0.000946658722 6.76886111e-06 0 0.0388368182 0 0.000337004778 0.00111684157 0 0 0 3.86006177e-05 2.3412133e-06 0 0 0.000701238867 0 3.23964778e-05 0 0.0359628759 2.94819747e-05 5.10625205e-06 8.97350947e-06 0.0429269001 0 0 0.00362214982 0.0252039004 0 0 0 0 0 1 0 0 0 0.13636364 0.387761921 0.480498493 0.445713937 0.743558586 1 1
G849 0.00253894716 0.000164953424 0.0961182192 0 0.000121812685 0.173608795 0 5.01522954e-05 1.15975672e-05 0.000358112738 0.000496062916 0.00233169971 0.000734169211 0.0188608523 0.0177780315 0 0.00109477318 0.00978785381 0.00076645118 0 0.0231125187 4.84953598e-05 0.00258622295 0.0158644356 0.000274597289 0.00192089169 0 0 0.000790133723 4.51252527e-05 3.89239649e-05 0 0 4.19750251e-07 0 0.0308773443 0.00332074659 0.000946658722 6.76886111e-06 0 0.0388368182 0 0.000337004778 0.00111684157 0 0 0 3.86006177e-05 2.3412133e-06 0 0 0.000701238867 0 3.23964778e-05 0 0.0359628759 2.94819747e-05 5.10625205e-06 8.97350947e-06 0.0429269001 0 0 0.00362214982 0.0252039004 0 0 1 0 0 0 0 0 0 0.113636367 0.244650543 0.461399913 0.299157739 0.766928852 1 1
G850 0.00253894716 0.000164953424 0.0961182192 0 0.000121812685 0.173608795 0 5.01522954e-05 1.15975672e-05 0.000358112738 0.000496062916 0.00233169971 0.000734169211 0.0188608523 0.0177780315 0 0.00109477318 0.00978785381 0.00076645118 0 0.0231125187 4.84953598e-05 0.00258622295 0.0158644356 0.000274597289 0.00192089169 0 0 0.000790133723 4.51252527e-05 3.89239649e-05 0 0 4.19750251e-07 0 0.0308773443 0.00332074659 0.000946658722 6.76886111e-06 0 0.0388368182 0 0.000337004778 0.00111684157 0 0 0 3.86006177e-05 2.3412133e-06 0 0 0.000701238867 0 3.23964778e-05 0 0.0359628759 2.94819747e-05 5.10625205e-06 8.97350947e-06 0.0429269001 0 0 0.00362214982 0.0252039004 0 0 1 0 0 0 0 0 0 0.113636367 0.244650543 0.461399913 0.299157739 0.775467992 1 1
G898 0.00253894716 0.000164953424 0.0961182192 0 0.000121812685 0.173608795 0 5.01522954e-05 1.15975672e-05 0.000358112738 0.000496062916 0.00233169971 0.000734169211 0.0188608523 0.0177780315 0 0.00109477318 0.00978785381 0.00076645118 0 0.0231125187 4.84953598e-05 0.00258622295 0.0158644356 0.000274597289 0.00192089169 0 0 0.000790133723 4.51252527e-05 3.89239649e-05 0 0 4.19750251e-07 0 0.0308773443 0.00332074659 0.000946658722 6.76886111e-06 0 0.0388368182 0 0.000337004778 0.00111684157 0 0 0 3.86006177e-05 2.3412133e-06 0 0 0.000701238867 0 3.23964778e-05 0 0.0359628759 2.94819747e-05 5.10625205e-06 8.97350947e-06 0.0429269001 0 0 0.00362214982 0.0252039004 0 0 1 0 0 0 0 0 0 0.13636364 0.387761921 0.480498493 0.445713937 0.753284276 1 1
G901 0.00253894716 0.000164953424 0.0961182192 0 0.000121812685 0.173608795 0 5.01522954e-05 1.15975672e-05 0.000358112738 0.000496062916 0.00233169971 0.000734169211 0.0188608523 0.0177780315 0 0.00109477318 0.00978785381 0.00076645118 0 0.0231125187 4.84953598e-05 0.00258622295 0.0158644356 0.000274597289 0.00192089169 0 0 0.000790133723 4.51252527e-05 3.89239649e-05 0 0 4.19750251e-07 0 0.0308773443 0.00332074659 0.000946658722 6.76886111e-06 0 0.0388368182 0 0.000337004778 0.00111684157 0 0 0 3.86006177e-05 2.3412133e-06 0 0 0.000701238867 0 3.23964778e-05 0 0.0359628759 2.94819747e-05 5.10625205e-06 8.97350947e-06 0.0429269001 0 0 0.00362214982 0.0252039004 0 0 1 0 0 0 0 0 0 0.13636364 0.387761921 0.480498493 0.445713937 0.762497842 1 1
G904 0.00253894716 0.000164953424 0.0961182192 0 0.000121812685 0.173608795 0 5.01522954e-05 1.15975672e-05 0.000358112738 0.000496062916 0.00233169971 0.000734169211 0.0188608523 0.0177780315 0 0.00109477318 0.00978785381 0.00076645118 0 0.0231125187 4.84953598e-05 0.00258622295 0.0158644356 0.000274597289 0.00192089169 0 0 0.000790133723 4.51252527e-05 3.89239649e-05 0 0 4.19750251e-07 0 0.0308773443 0.00332074659 0.000946658722 6.76886111e-06 0 0.0388368182 0 0.000337004778 0.00111684157 0 0 0 3.86006177e-05 2.3412133e-06 0 0 0.000701238867 0 3.23964778e-05 0 0.0359628759 2.94819747e-05 5.10625205e-06 8.97350947e-06 0.0429269001 0 0 0.00362214982 0.0252039004 0 0 0 0 0 1 0 0 0 0.13636364 0.244650543 0.480498493 0.445713937 0.704504728 1 1
G905 0.00253894716 0.000164953424 0.0961182192 0 0.000121812685 0.173608795 0 5.01522954e-05 1.15975672e-05 0.000358112738 0.000496062916 0.00233169971 0.000734169211 0.0188608523 0.0177780315 0 0.00109477318 0.00978785381 0.00076645118 0 0.0231125187 4.84953598e-05 0.00258622295 0.0158644356 0.000274597289 0.00192089169 0 0 0.000790133723 4.51252527e-05 3.89239649e-05 0 0 4.19750251e-07 0 0.0308773443 0.00332074659 0.000946658722 6.76886111e-06 0 0.0388368182 0 0.000337004778 0.00111684157 0 0 0 3.86006177e-05 2.3412133e-06 0 0 0.000701238867 0 3.23964778e-05 0 0.0359628759 2.94819747e-05 5.10625205e-06 8.97350947e-06 0.0429269001 0 0 0.00362214982 0.0252039004 0 0 1 0 0 0 0 0 0 0.13636364 0.244650543 0.542648375 0.333047152 0.688136041 1 1
G906 0.00253894716 0.000164953424 0.0961182192 0 0.000121812685 0.173608795 0 5.01522954e-05 1.15975672e-05 0.000358112738 0.000496062916 0.00233169971 0.000734169211 0.0188608523 0.0177780315 0 0.00109477318 0.00978785381 0.00076645118 0 0.0231125187 4.84953598e-05 0.00258622295 0.0158644356 0.000274597289 0.00192089169 0 0 0.000790133723 4.51252527e-05 3.89239649e-05 0 0 4.19750251e-07 0 0.0308773443 0.00332074659 0.000946658722 6.76886111e-06 0 0.0388368182 0 0.000337004778 0.00111684157 0 0 0 3.86006177e-05 2.3412133e-06 0 0 0.000701238867 0 3.23964778e-05 0 0.0359628759 2.94819747e-05 5.10625205e-06 8.97350947e-06 0.0429269001 0 0 0.00362214982 0.0252039004 0 0 0 0 0 1 0 0 0 0.13636364 0.244650543 0.480498493 0.445713937 0.704504728 1 1
G907 0.00253894716 0.000164953424 0.0961182192 0 0.000121812685 0.173608795 0 5.01522954e-05 1.15975672e-05 0.000358112738 0.000496062916 0.00233169971 0.000734169211 0.0188608523 0.0177780315 0 0.00109477318 0.00978785381 0.00076645118 0 0.0231125187 4.84953598e-05 0.00258622295 0.0158644356 0.000274597289 0.00192089169 0 0 0.000790133723 4.51252527e-05 3.89239649e-05 0 0 4.19750251e-07 0 0.0308773443 0.00332074659 0.000946658722 6.76886111e-06 0 0.0388368182 0 0.000337004778 0.00111684157 0 0 0 3.86006177e-05 2.3412133e-06 0 0 0.000701238867 0 3.23964778e-05 0 0.0359628759 2.94819747e-05 5.10625205e-06 8.97350947e-06 0.0429269001 0 0 0.00362214982 0.0252039004 0 0 1 0 0 0 0 0 0 0.13636364 0.244650543 0.542648375 0.333047152 0.688136041 1 1
G908 0.00253894716 0.000164953424 0.0961182192 0 0.000121812685 0.173608795 0 5.01522954e-05 1.15975672e-05 0.000358112738 0.000496062916 0.00233169971 0.000734169211 0.0188608523 0.0177780315 0 0.00109477318 0.00978785381 0.00076645118 0 0.0231125187 4.84953598e-05 0.00258622295 0.0158644356 0.000274597289 0.00192089169 0 0 0.000790133723 4.51252527e-05 3.89239649e-05 0 0 4.19750251e-07 0 0.0308773443 0.00332074659 0.000946658722 6.76886111e-06 0 0.0388368182 0 0.000337004778 0.00111684157 0 0 0 3.86006177e-05 2.3412133e-06 0 0 0.000701238867 0 3.23964778e-05 0 0.0359628759 2.94819747e-05 5.10625205e-06 8.97350947e-06 0.0429269001 0 0 0.00362214982 0.0252039004 0 0 0 0 0 1 0 0 0 0.159090906 0.244650543 0.497934133 0.46188736 0.75090307 1 1
G909 0.00253894716 0.000164953424 0.0961182192 0 0.000121812685 0.173608795 0 5.01522954e-05 1.15975672e-05 0.000358112738 0.000496062916 0.00233169971 0.000734169211 0.0188608523 0.0177780315 0 0.00109477318 0.00978785381 0.00076645118 0 0.0231125187 4.84953598e-05 0.00258622295 0.0158644356 0.000274597289 0.00192089169 0 0 0.000790133723 4.51252527e-05 3.89239649e-05 0 0 4.19750251e-07 0 0.0308773443 0.00332074659 0.000946658722 6.76886111e-06 0 0.0388368182 0 0.000337004778 0.00111684157 0 0 0 3.86006177e-05 2.3412133e-06 0 0 0.000701238867 0 3.23964778e-05 0 0.0359628759 2.94819747e-05 5.10625205e-06 8.97350947e-06 0.0429269001 0 0 0.00362214982 0.0252039004 0 0 1 0 0 0 0 0 0 0.159090906 0.244650543 0.542648375 0.299157739 0.757951677 1 1
G911 0.00253894716 0.000164953424 0.0961182192 0 0.000121812685 0.173608795 0 5.01522954e-05 1.15975672e-05 0.000358112738 0.000496062916 0.00233169971 0.000734169211 0.0188608523 0.0177780315 0 0.00109477318 0.00978785381 0.00076645118 0 0.0231125187 4.84953598e-05 0.00258622295 0.0158644356 0.000274597289 0.00192089169 0 0 0.000790133723 4.51252527e-05 3.89239649e-05 0 0 4.19750251e-07 0 0.0308773443 0.00332074659 0.000946658722 6.76886111e-06 0 0.0388368182 0 0.000337004778 0.00111684157 0 0 0 3.86006177e-05 2.3412133e-06 0 0 0.000701238867 0 3.23964778e-05 0 0.0359628759 2.94819747e-05 5.10625205e-06 8.97350947e-06 0.0429269001 0 0 0.00362214982 0.0252039004 0 0 0 0 0 1 0 0 0 0.159090906 0.387761921 0.497934133 0.46188736 0.78558737 1 1
G914 0.00253894716 0.000164953424 0.0961182192 0 0.000121812685 0.173608795 0 5.01522954e-05 1.15975672e-05 0.000358112738 0.000496062916 0.00233169971 0.000734169211 0.0188608523 0.0177780315 0 0.00109477318 0.00978785381 0.00076645118 0 0.0231125187 4.84953598e-05 0.00258622295 0.0158644356 0.000274597289 0.00192089169 0 0 0.000790133723 4.51252527e-05 3.89239649e-05 0 0 4.19750251e-07 0 0.0308773443 0.00332074659 0.000946658722 6.76886111e-06 0 0.0388368182 0 0.000337004778 0.00111684157 0 0 0 3.86006177e-05 2.3412133e-06 0 0 0.000701238867 0 3.23964778e-05 0 0.0359628759 2.94819747e-05 5.10625205e-06 8.97350947e-06 0.0429269001 0 0 0.00362214982 0.0252039004 0 0 0 0 0 1 0 0 0 0.159090906 0.387761921 0.497934133 0.46188736 0.746041179 1 1
G917 0.00253894716 0.000164953424 0.0961182192 0 0.000121812685 0.173608795 0 5.01522954e-05 1.15975672e-05 0.000358112738 0.000496062916 0.00233169971 0.000734169211 0.0188608523 0.0177780315 0 0.00109477318 0.00978785381 0.00076645118 0 0.0231125187 4.84953598e-05 0.00258622295 0.0158644356 0.000274597289 0.00192089169 0 0 0.000790133723 4.51252527e-05 3.89239649e-05 0 0 4.19750251e-07 0 0.0308773443 0.00332074659 0.000946658722 6.76886111e-06 0 0.0388368182 0 0.000337004778 0.00111684157 0 0 0 3.86006177e-05 2.3412133e-06 0 0 0.000701238867 0 3.23964778e-05 0 0.0359628759 2.94819747e-05 5.10625205e-06 8.97350947e-06 0.0429269001 0 0 0.00362214982 0.0252039004 0 0 1 0 0 0 0 0 0 0.159090906 0.244650543 0.542648375 0.299157739 0.725118756 1 1
G919 0.00253894716 0.000164953424 0.0961182192 0 0.000121812685 0.173608795 0 5.01522954e-05 1.15975672e-05 0.000358112738 0.000496062916 0.00233169971 0.000734169211 0.0188608523 0.0177780315 0 0.00109477318 0.00978785381 0.00076645118 0 0.0231125187 4.84953598e-05 0.00258622295 0.0158644356 0.000274597289 0.00192089169 0 0 0.000790133723 4.51252527e-05 3.89239649e-05 0 0 4.19750251e-07 0 0.0308773443 0.00332074659 0.000946658722 6.76886111e-06 0 0.0388368182 0 0.000337004778 0.00111684157 0 0 0 3.86006177e-05 2.3412133e-06 0 0 0.000701238867 0 3.23964778e-05 0 0.0359628759 2.94819747e-05 5.10625205e-06 8.97350947e-06 0.0429269001 0 0 0.00362214982 0.0252039004 0 0 1 0 0 0 0 0 0 0.159090906 0.244650543 0.542648375 0.299157739 0.691534579 1 1
G920 0.00253894716 0.000164953424 0.0961182192 0 0.000121812685 0.173608795 0 5.01522954e-05 1.15975672e-05 0.000358112738 0.000496062916 0.00233169971 0.000734169211 0.0188608523 0.0177780315 0 0.00109477318 0.00978785381 0.00076645118 0 0.0231125187 4.84953598e-05 0.00258622295 0.0158644356 0.000274597289 0.00192089169 0 0 0.000790133723 4.51252527e-05 3.89239649e-05 0 0 4.19750251e-07 0 0.0308773443 0.00332074659 0.000946658722 6.76886111e-06 0 0.0388368182 0 0.000337004778 0.00111684157 0 0 0 3.86006177e-05 2.3412133e-06 0 0 0.000701238867 0 3.23964778e-05 0 0.0359628759 2.94819747e-05 5.10625205e-06 8.97350947e-06 0.0429269001 0 0 0.00362214982 0.0252039004 0 0 1 0 0 0 0 0 0 0.159090906 0.244650543 0.542648375 0.299157739 0.691534579 1 1
G924 0.00253894716 0.000164953424 0.0961182192 0 0.000121812685 0.173608795 0 5.01522954e-05 1.15975672e-05 0.000358112738 0.000496062916 0.00233169971 0.000734169211 0.0188608523 0.0177780315 0 0.00109477318 0.00978785381 0.00076645118 0 0.0231125187 4.84953598e-05 0.00258622295 0.0158644356 0.000274597289 0.00192089169 0 0 0.000790133723 4.51252527e-05 3.89239649e-05 0 0 4.19750251e-07 0 0.0308773443 0.00332074659 0.000946658722 6.76886111e-06 0 0.0388368182 0 0.000337004778 0.00111684157 0 0 0 3.86006177e-05 2.3412133e-06 0 0 0.000701238867 0 3.23964778e-05 0 0.0359628759 2.94819747e-05 5.10625205e-06 8.97350947e-06 0.0429269001 0 0 0.00362214982 0.0252039004 0 0 1 0 0 0 0 0 0 0.159090906 0.244650543 0.567728996 0.361700237 0.789476812 1 1
G925 0.00253894716 0.000164953424 0.0961182192 0 0.000121812685 0.173608795 0 5.01522954e-05 1.15975672e-05 0.000358112738 0.000496062916 0.00233169971 0.000734169211 0.0188608523 0.0177780315 0 0.00109477318 0.00978785381 0.00076645118 0 0.0231125187 4.84953598e-05 0.00258622295 0.0158644356 0.000274597289 0.00192089169 0 0 0.000790133723 4.51252527e-05 3.89239649e-05 0 0 4.19750251e-07 0 0.0308773443 0.00332074659 0.000946658722 6.76886111e-06 0 0.0388368182 0 0.000337004778 0.00111684157 0 0 0 3.86006177e-05 2.3412133e-06 0 0 0.000701238867 0 3.23964778e-05 0 0.0359628759 2.94819747e-05 5.10625205e-06 8.97350947e-06 0.0429269001 0 0 0.00362214982 0.0252039004 0 0 0 0 0 1 0 0 0 0.159090906 0.244650543 0.497934133 0.46188736 0.800651908 1 1
G926 0.00253894716 0.000164953424 0.0961182192 0 0.000121812685 0.173608795 0 5.01522954e-05 1.15975672e-05 0.000358112738 0.000496062916 0.00233169971 0.000734169211 0.0188608523 0.0177780315 0 0.00109477318 0.00978785381 0.00076645118 0 0.0231125187 4.84953598e-05 0.00258622295 0.0158644356 0.000274597289 0.00192089169 0 0 0.000790133723 4.51252527e-05 3.89239649e-05 0 0 4.19750251e-07 0 0.0308773443 0.00332074659 0.000946658722 6.76886111e-06 0 0.0388368182 0 0.000337004778 0.00111684157 0 0 0 3.86006177e-05 2.3412133e-06 0 0 0.000701238867 0 3.23964778e-05 0 0.0359628759 2.94819747e-05 5.10625205e-06 8.97350947e-06 0.0429269001 0 0 0.00362214982 0.0252039004 0 0 1 0 0 0 0 0 0 0.159090906 0.244650543 0.567728996 0.361700237 0.839344561 1 1
G927 0.00253894716 0.000164953424 0.0961182192 0 0.000121812685 0.173608795 0 5.01522954e-05 1.15975672e-05 0.000358112738 0.000496062916 0.00233169971 0.000734169211 0.0188608523 0.0177780315 0 0.00109477318 0.00978785381 0.00076645118 0 0.0231125187 4.84953598e-05 0.00258622295 0.0158644356 0.000274597289 0.00192089169 0 0 0.000790133723 4.51252527e-05 3.89239649e-05 0 0 4.19750251e-07 0 0.0308773443 0.00332074659 0.000946658722 6.76886111e-06 0 0.0388368182 0 0.000337004778 0.00111684157 0 0 0 3.86006177e-05 2.3412133e-06 0 0 0.000701238867 0 3.23964778e-05 0 0.0359628759 2.94819747e-05 5.10625205e-06 8.97350947e-06 0.0429269001 0 0 0.00362214982 0.0252039004 0 0 0 0 0 1 0 0 0 0.159090906 0.244650543 0.497934133 0.46188736 0.847814798 1 1
G928 0.00253894716 0.000164953424 0.0961182192 0 0.000121812685 0.173608795 0 5.01522954e-05 1.15975672e-05 0.000358112738 0.000496062916 0.00233169971 0.000734169211 0.0188608523 0.0177780315 0 0.00109477318 0.00978785381 0.00076645118 0 0.0231125187 4.84953598e-05 0.00258622295 0.0158644356 0.000274597289 0.00192089169 0 0 0.000790133723 4.51252527e-05 3.89239649e-05 0 0 4.19750251e-07 0 0.0308773443 0.00332074659 0.000946658722 6.76886111e-06 0 0.0388368182 0 0.000337004778 0.00111684157 0 0 0 3.86006177e-05 2.3412133e-06 0 0 0.000701238867 0 3.23964778e-05 0 0.0359628759 2.94819747e-05 5.10625205e-06 8.97350947e-06 0.0429269001 0 0 0.00362214982 0.0252039004 0 0 1 0 0 0 0 0 0 0.159090906 0.244650543 0.567728996 0.361700237 0.789476812 1 1
G929 0.00253894716 0.000164953424 0.0961182192 0 0.000121812685 0.173608795 0 5.01522954e-05 1.15975672e-05 0.000358112738 0.000496062916 0.00233169971 0.000734169211 0.0188608523 0.0177780315 0 0.00109477318 0.00978785381 0.00076645118 0 0.0231125187 4.84953598e-05 0.00258622295 0.0158644356 0.000274597289 0.00192089169 0 0 0.000790133723 4.51252527e-05 3.89239649e-05 0 0 4.19750251e-07 0 0.0308773443 0.00332074659 0.000946658722 6.76886111e-06 0 0.0388368182 0 0.000337004778 0.00111684157 0 0 0 3.86006177e-05 2.3412133e-06 0 0 0.000701238867 0 3.23964778e-05 0 0.0359628759 2.94819747e-05 5.10625205e-06 8.97350947e-06 0.0429269001 0 0 0.00362214982 0.0252039004 0 0 0 0 0 1 0 0 0 0.159090906 0.244650543 0.497934133 0.46188736 0.800651908 1 1
G930 0.00253894716 0.000164953424 0.0961182192 0 0.000121812685 0.173608795 0 5.01522954e-05 1.15975672e-05 0.000358112738 0.000496062916 0.00233169971 0.000734169211 0.0188608523 0.0177780315 0 0.00109477318 0.00978785381 0.00076645118 0 0.0231125187 4.84953598e-05 0.00258622295 0.0158644356 0.000274597289 0.00192089169 0 0 0.000790133723 4.51252527e-05 3.89239649e-05 0 0 4.19750251e-07 0 0.0308773443 0.00332074659 0.000946658722 6.76886111e-06 0 0.0388368182 0 0.000337004778 0.00111684157 0 0 0 3.86006177e-05 2.3412133e-06 0 0 0.000701238867 0 3.23964778e-05 0 0.0359628759 2.94819747e-05 5.10625205e-06 8.97350947e-06 0.0429269001 0 0 0.00362214982 0.0252039004 0 0 1 0 0 0 0 0 0 0.159090906 0.244650543 0.567728996 0.361700237 0.802446961 1 1
G931 0.00253894716 0.000164953424 0.0961182192 0 0.000121812685 0.173608795 0 5.01522954e-05 1.15975672e-05 0.000358112738 0.000496062916 0.00233169971 0.000734169211 0.0188608523 0.0177780315 0 0.00109477318 0.00978785381 0.00076645118 0 0.0231125187 4.84953598e-05 0.00258622295 0.0158644356 0.000274597289 0.00192089169 0 0 0.000790133723 4.51252527e-05 3.89239649e-05 0 0 4.19750251e-07 0 0.0308773443 0.00332074659 0.000946658722 6.76886111e-06 0 0.0388368182 0 0.000337004778 0.00111684157 0 0 0 3.86006177e-05 2.3412133e-06 0 0 0.000701238867 0 3.23964778e-05 0 0.0359628759 2.94819747e-05 5.10625205e-06 8.97350947e-06 0.0429269001 0 0 0.00362214982 0.0252039004 0 0 0 0 0 1 0 0 0 0.159090906 0.244650543 0.497934133 0.46188736 0.812847078 1 1
G932 0.00253894716 0.000164953424 0.0961182192 0 0.000121812685 0.173608795 0 5.01522954e-05 1.15975672e-05 0.000358112738 0.000496062916 0.00233169971 0.000734169211 0.0188608523 0.0177780315 0 0.00109477318 0.00978785381 0.00076645118 0 0.0231125187 4.84953598e-05 0.00258622295 0.0158644356 0.000274597289 0.00192089169 0 0 0.000790133723 4.51252527e-05 3.89239649e-05 0 0 4.19750251e-07 0 0.0308773443 0.00332074659 0.000946658722 6.76886111e-06 0 0.0388368182 0 0.000337004778 0.00111684157 0 0 0 3.86006177e-05 2.3412133e-06 0 0 0.000701238867 0 3.23964778e-05 0 0.0359628759 2.94819747e-05 5.10625205e-06 8.97350947e-06 0.0429269001 0 0 0.00362214982 0.0252039004 0 0 1 0 0 0 0 0 0 0.159090906 0.244650543 0.567728996 0.361700237 0.779586196 1 1
G933 0.00253894716 0.000164953424 0.0961182192 0 0.000121812685 0.173608795 0 5.01522954e-05 1.15975672e-05 0.000358112738 0.000496062916 0.00233169971 0.000734169211 0.0188608523 0.0177780315 0 0.00109477318 0.00978785381 0.00076645118 0 0.0231125187 4.84953598e-05 0.00258622295 0.0158644356 0.000274597289 0.00192089169 0 0 0.000790133723 4.51252527e-05 3.89239649e-05 0 0 4.19750251e-07 0 0.0308773443 0.00332074659 0.000946658722 6.76886111e-06 0 0.0388368182 0 0.000337004778 0.00111684157 0 0 0 3.86006177e-05 2.3412133e-06 0 0 0.000701238867 0 3.23964778e-05 0 0.0359628759 2.94819747e-05 5.10625205e-06 8.97350947e-06 0.0429269001 0 0 0.00362214982 0.0252039004 0 0 0 0 0 1 0 0 0 0.159090906 0.244650543 0.497934133 0.46188736 0.791389585 1 1
G934 0.00253894716 0.000164953424 0.0961182192 0 0.000121812685 0.173608795 0 5.01522954e-05 1.15975672e-05 0.000358112738 0.000496062916 0.00233169971 0.000734169211 0.0188608523 0.0177780315 0 0.00109477318 0.00978785381 0.00076645118 0 0.0231125187 4.84953598e-05 0.00258622295 0.0158644356 0.000274597289 0.00192089169 0 0 0.000790133723 4.51252527e-05 3.89239649e-05 0 0 4.19750251e-07 0 0.0308773443 0.00332074659 0.000946658722 6.76886111e-06 0 0.0388368182 0 0.000337004778 0.00111684157 0 0 0 3.86006177e-05 2.3412133e-06 0 0 0.000701238867 0 3.23964778e-05 0 0.0359628759 2.94819747e-05 5.10625205e-06 8.97350947e-06 0.0429269001 0 0 0.00362214982 0.0252039004 0 0 1 0 0 0 0 0 0 0.159090906 0.244650543 0.567728996 0.361700237 0.783609748 1 1
G935 0.00253894716 0.000164953424 0.0961182192 0 0.000121812685 0.173608795 0 5.01522954e-05 1.15975672e-05 0.000358112738 0.000496062916 0.00233169971 0.000734169211 0.0188608523 0.0177780315 0 0.00109477318 0.00978785381 0.00076645118 0 0.0231125187 4.84953598e-05 0.00258622295 0.0158644356 0.000274597289 0.00192089169 0 0 0.000790133723 4.51252527e-05 3.89239649e-05 0 0 4.19750251e-07 0 0.0308773443 0.00332074659 0.000946658722 6.76886111e-06 0 0.0388368182 0 0.000337004778 0.00111684157 0 0 0 3.86006177e-05 2.3412133e-06 0 0 0.000701238867 0 3.23964778e-05 0 0.0359628759 2.94819747e-05 5.10625205e-06 8.97350947e-06 0.0429269001 0 0 0.00362214982 0.0252039004 0 0 0 0 0 1 0 0 0 0.159090906 0.244650543 0.497934133 0.46188736 0.795153499 1 1
G936 0.00253894716 0.000164953424 0.0961182192 0 0.000121812685 0.173608795 0 5.01522954e-05 1.15975672e-05 0.000358112738 0.000496062916 0.00233169971 0.000734169211 0.0188608523 0.0177780315 0 0.00109477318 0.00978785381 0.00076645118 0 0.0231125187 4.84953598e-05 0.00258622295 0.0158644356 0.000274597289 0.00192089169 0 0 0.000790133723 4.51252527e-05 3.89239649e-05 0 0 4.19750251e-07 0 0.0308773443 0.00332074659 0.000946658722 6.76886111e-06 0 0.0388368182 0 0.000337004778 0.00111684157 0 0 0 3.86006177e-05 2.3412133e-06 0 0 0.000701238867 0 3.23964778e-05 0 0.0359628759 2.94819747e-05 5.10625205e-06 8.97350947e-06 0.0429269001 0 0 0.00362214982 0.0252039004 0 0 1 0 0 0 0 0 0 0.159090906 0.244650543 0.567728996 0.361700237 0.816180825 1 1
G937 0.00253894716 0.000164953424 0.0961182192 0 0.000121812685 0.173608795 0 5.01522954e-05 1.15975672e-05 0.000358112738 0.000496062916 0.00233169971 0.000734169211 0.0188608523 0.0177780315 0 0.00109477318 0.00978785381 0.00076645118 0 0.0231125187 4.84953598e-05 0.00258622295 0.0158644356 0.000274597289 0.00192089169 0 0 0.000790133723 4.51252527e-05 3.89239649e-05 0 0 4.19750251e-07 0 0.0308773443 0.00332074659 0.000946658722 6.76886111e-06 0 0.0388368182 0 0.000337004778 0.00111684157 0 0 0 3.86006177e-05 2.3412133e-06 0 0 0.000701238867 0 3.23964778e-05 0 0.0359628759 2.94819747e-05 5.10625205e-06 8.97350947e-06 0.0429269001 0 0 0.00362214982 0.0252039004 0 0 0 0 0 1 0 0 0 0.159090906 0.244650543 0.497934133 0.46188736 0.825817227 1 1
G938 0.00253894716 0.000164953424 0.0961182192 0 0.000121812685 0.173608795 0 5.01522954e-05 1.15975672e-05 0.000358112738 0.000496062916 0.00233169971 0.000734169211 0.0188608523 0.0177780315 0 0.00109477318 0.00978785381 0.00076645118 0 0.0231125187 4.84953598e-05 0.00258622295 0.0158644356 0.000274597289 0.00192089169 0 0 0.000790133723 4.51252527e-05 3.89239649e-05 0 0 4.19750251e-07 0 0.0308773443 0.00332074659 0.000946658722 6.76886111e-06 0 0.0388368182 0 0.000337004778 0.00111684157 0 0 0 3.86006177e-05 2.3412133e-06 0 0 0.000701238867 0 3.23964778e-05 0 0.0359628759 2.94819747e-05 5.10625205e-06 8.97350947e-06 0.0429269001 0 0 0.00362214982 0.0252039004 0 0 1 0 0 0 0 0 0 0.159090906 0.244650543 0.579182625 0.333047152 0.762497842 1 1
G939 0.00253894716 0.000164953424 0.0961182192 0 0.000121812685 0.173608795 0 5.01522954e-05 1.15975672e-05 0.000358112738 0.000496062916 0.00233169971 0.000734169211 0.0188608523 0.0177780315 0 0.00109477318 0.00978785381 0.00076645118 0 0.0231125187 4.84953598e-05 0.00258622295 0.0158644356 0.000274597289 0.00192089169 0 0 0.000790133723 4.51252527e-05 3.89239649e-05 0 0 4.19750251e-07 0 0.0308773443 0.00332074659 0.000946658722 6.76886111e-06 0 0.0388368182 0 0.000337004778 0.00111684157 0 0 0 3.86006177e-05 2.3412133e-06 0 0 0.000701238867 0 3.23964778e-05 0 0.0359628759 2.94819747e-05 5.10625205e-06 8.97350947e-06 0.0429269001 0 0 0.00362214982 0.0252039004 0 0 0 0 0 1 0 0 0 0.159090906 0.244650543 0.497934133 0.46188736 0.769102991 1 1
G941 0.00253894716 0.000164953424 0.0961182192 0 0.000121812685 0.173608795 0 5.01522954e-05 1.15975672e-05 0.000358112738 0.000496062916 0.00233169971 0.000734169211 0.0188608523 0.0177780315 0 0.00109477318 0.00978785381 0.00076645118 0 0.0231125187 4.84953598e-05 0.00258622295 0.0158644356 0.000274597289 0.00192089169 0 0 0.000790133723 4.51252527e-05 3.89239649e-05 0 0 4.19750251e-07 0 0.0308773443 0.00332074659 0.000946658722 6.76886111e-06 0 0.0388368182 0 0.000337004778 0.00111684157 0 0 0 3.86006177e-05 2.3412133e-06 0 0 0.000701238867 0 3.23964778e-05 0 0.0359628759 2.94819747e-05 5.10625205e-06 8.97350947e-06 0.0429269001 0 0 0.00362214982 0.0252039004 0 0 1 0 0 0 0 0 0 0.159090906 0.244650543 0.567728996 0.361700237 0.748489022 1 1
G942 0.00253894716 0.000164953424 0.0961182192 0 0.000121812685 0.173608795 0 5.01522954e-05 1.15975672e-05 0.000358112738 0.000496062916 0.00233169971 0.000734169211 0.0188608523 0.0177780315 0 0.00109477318 0.00978785381 0.00076645118 0 0.0231125187 4.84953598e-05 0.00258622295 0.0158644356 0.000274597289 0.00192089169 0 0 0.000790133723 4.51252527e-05 3.89239649e-05 0 0 4.19750251e-07 0 0.0308773443 0.00332074659 0.000946658722 6.76886111e-06 0 0.0388368182 0 0.000337004778 0.00111684157 0 0 0 3.86006177e-05 2.3412133e-06 0 0 0.000701238867 0 3.23964778e-05 0 0.0359628759 2.94819747e-05 5.10625205e-06 8.97350947e-06 0.0429269001 0 0 0.00362214982 0.0252039004 0 0 0 0 0 1 0 0 0 0.159090906 0.244650543 0.497934133 0.46188736 0.762497842 1 1
G943 0.00253894716 0.000164953424 0.0961182192 0 0.000121812685 0.173608795 0 5.01522954e-05 1.15975672e-05 0.000358112738 0.000496062916 0.00233169971 0.000734169211 0.0188608523 0.0177780315 0 0.00109477318 0.00978785381 0.00076645118 0 0.0231125187 4.84953598e-05 0.00258622295 0.0158644356 0.000274597289 0.00192089169 0 0 0.000790133723 4.51252527e-05 3.89239649e-05 0 0 4.19750251e-07 0 0.0308773443 0.00332074659 0.000946658722 6.76886111e-06 0 0.0388368182 0 0.000337004778 0.00111684157 0 0 0 3.86006177e-05 2.3412133e-06 0 0 0.000701238867 0 3.23964778e-05 0 0.0359628759 2.94819747e-05 5.10625205e-06 8.97350947e-06 0.0429269001 0 0 0.00362214982 0.0252039004 0 0 1 0 0 0 0 0 0 0.181818187 0.244650543 0.480498493 0.515360892 0.743558586 1 1
G944 0.00253894716 0.000164953424 0.0961182192 0 0.000121812685 0.173608795 0 5.01522954e-05 1.15975672e-05 0.000358112738 0.000496062916 0.00233169971 0.000734169211 0.0188608523 0.0177780315 0 0.00109477318 0.00978785381 0.00076645118 0 0.0231125187 4.84953598e-05 0.00258622295 0.0158644356 0.000274597289 0.00192089169 0 0 0.000790133723 4.51252527e-05 3.89239649e-05 0 0 4.19750251e-07 0 0.0308773443 0.00332074659 0.000946658722 6.76886111e-06 0 0.0388368182 0 0.000337004778 0.00111684157 0 0 0 3.86006177e-05 2.3412133e-06 0 0 0.000701238867 0 3.23964778e-05 0 0.0359628759 2.94819747e-05 5.10625205e-06 8.97350947e-06 0.0429269001 0 0 0.00362214982 0.0252039004 0 0 0 0 0 1 0 0 0 0.159090906 0.244650543 0.497934133 0.46188736 0.795153499 1 1
G945 0.00253894716 0.000164953424 0.0961182192 0 0.000121812685 0.173608795 0 5.01522954e-05 1.15975672e-05 0.000358112738 0.000496062916 0.00233169971 0.000734169211 0.0188608523 0.0177780315 0 0.00109477318 0.00978785381 0.00076645118 0 0.0231125187 4.84953598e-05 0.00258622295 0.0158644356 0.000274597289 0.00192089169 0 0 0.000790133723 4.51252527e-05 3.89239649e-05 0 0 4.19750251e-07 0 0.0308773443 0.00332074659 0.000946658722 6.76886111e-06 0 0.0388368182 0 0.000337004778 0.00111684157 0 0 0 3.86006177e-05 2.3412133e-06 0 0 0.000701238867 0 3.23964778e-05 0 0.0359628759 2.94819747e-05 5.10625205e-06 8.97350947e-06 0.0429269001 0 0 0.00362214982 0.0252039004 0 0 1 0 0 0 0 0 0 0.159090906 0.244650543 0.567728996 0.361700237 0.783609748 1 1
G946 0.00253894716 0.000164953424 0.0961182192 0 0.000121812685 0.173608795 0 5.01522954e-05 1.15975672e-05 0.000358112738 0.000496062916 0.00233169971 0.000734169211 0.0188608523 0.0177780315 0 0.00109477318 0.00978785381 0.00076645118 0 0.0231125187 4.84953598e-05 0.00258622295 0.0158644356 0.000274597289 0.00192089169 0 0 0.000790133723 4.51252527e-05 3.89239649e-05 0 0 4.19750251e-07 0 0.0308773443 0.00332074659 0.000946658722 6.76886111e-06 0 0.0388368182 0 0.000337004778 0.00111684157 0 0 0 3.86006177e-05 2.3412133e-06 0 0 0.000701238867 0 3.23964778e-05 0 0.0359628759 2.94819747e-05 5.10625205e-06 8.97350947e-06 0.0429269001 0 0 0.00362214982 0.0252039004 0 0 0 0 0 1 0 0 0 0.159090906 0.244650543 0.497934133 0.46188736 0.886039853 1 1
G947 0.00253894716 0.000164953424 0.0961182192 0 0.000121812685 0.173608795 0 5.01522954e-05 1.15975672e-05 0.000358112738 0.000496062916 0.00233169971 0.000734169211 0.0188608523 0.0177780315 0 0.00109477318 0.00978785381 0.00076645118 0 0.0231125187 4.84953598e-05 0.00258622295 0.0158644356 0.000274597289 0.00192089169 0 0 0.000790133723 4.51252527e-05 3.89239649e-05 0 0 4.19750251e-07 0 0.0308773443 0.00332074659 0.000946658722 6.76886111e-06 0 0.0388368182 0 0.000337004778 0.00111684157 0 0 0 3.86006177e-05 2.3412133e-06 0 0 0.000701238867 0 3.23964778e-05 0 0.0359628759 2.94819747e-05 5.10625205e-06 8.97350947e-06 0.0429269001 0 0 0.00362214982 0.0252039004 0 0 1 0 0 0 0 0 0 0.159090906 0.244650543 0.579182625 0.333047152 0.882684827 1 1
G948 0.00253894716 0.000164953424 0.0961182192 0 0.000121812685 0.173608795 0 5.01522954e-05 1.15975672e-05 0.000358112738 0.000496062916 0.00233169971 0.000734169211 0.0188608523 0.0177780315 0 0.00109477318 0.00978785381 0.00076645118 0 0.0231125187 4.84953598e-05 0.00258622295 0.0158644356 0.000274597289 0.00192089169 0 0 0.000790133723 4.51252527e-05 3.89239649e-05 0 0 4.19750251e-07 0 0.0308773443 0.00332074659 0.000946658722 6.76886111e-06 0 0.0388368182 0 0.000337004778 0.00111684157 0 0 0 3.86006177e-05 2.3412133e-06 0 0 0.000701238867 0 3.23964778e-05 0 0.0359628759 2.94819747e-05 5.10625205e-06 8.97350947e-06 0.0429269001 0 0 0.00362214982 0.0252039004 0 0 1 0 0 0 0 0 0 0.181818187 0.387761921 0.480498493 0.515360892 0.707602441 1 1
G951 0.00253894716 0.000164953424 0.0961182192 0 0.000121812685 0.173608795 0 5.01522954e-05 1.15975672e-05 0.000358112738 0.000496062916 0.00233169971 0.000734169211 0.0188608523 0.0177780315 0 0.00109477318 0.00978785381 0.00076645118 0 0.0231125187 4.84953598e-05 0.00258622295 0.0158644356 0.000274597289 0.00192089169 0 0 0.000790133723 4.51252527e-05 3.89239649e-05 0 0 4.19750251e-07 0 0.0308773443 0.00332074659 0.000946658722 6.76886111e-06 0 0.0388368182 0 0.000337004778 0.00111684157 0 0 0 3.86006177e-05 2.3412133e-06 0 0 0.000701238867 0 3.23964778e-05 0 0.0359628759 2.94819747e-05 5.10625205e-06 8.97350947e-06 0.0429269001 0 0 0.00362214982 0.0252039004 0 0 0 0 0 1 0 0 0 0.159090906 0.244650543 0.497934133 0.46188736 0.753284276 1 1
G952 0.00253894716 0.000164953424 0.0961182192 0 0.000121812685 0.173608795 0 5.01522954e-05 1.15975672e-05 0.000358112738 0.000496062916 0.00233169971 0.000734169211 0.0188608523 0.0177780315 0 0.00109477318 0.00978785381 0.00076645118 0 0.0231125187 4.84953598e-05 0.00258622295 0.0158644356 0.000274597289 0.00192089169 0 0 0.000790133723 4.51252527e-05 3.89239649e-05 0 0 4.19750251e-07 0 0.0308773443 0.00332074659 0.000946658722 6.76886111e-06 0 0.0388368182 0 0.000337004778 0.00111684157 0 0 0 3.86006177e-05 2.3412133e-06 0 0 0.000701238867 0 3.23964778e-05 0 0.0359628759 2.94819747e-05 5.10625205e-06 8.97350947e-06 0.0429269001 0 0 0.00362214982 0.0252039004 0 0 1 0 0 0 0 0 0 0.159090906 0.244650543 0.567728996 0.361700237 0.738485277 1 1
G956 0.00253894716 0.000164953424 0.0961182192 0 0.000121812685 0.173608795 0 5.01522954e-05 1.15975672e-05 0.000358112738 0.000496062916 0.00233169971 0.000734169211 0.0188608523 0.0177780315 0 0.00109477318 0.00978785381 0.00076645118 0 0.0231125187 4.84953598e-05 0.00258622295 0.0158644356 0.000274597289 0.00192089169 0 0 0.000790133723 4.51252527e-05 3.89239649e-05 0 0 4.19750251e-07 0 0.0308773443 0.00332074659 0.000946658722 6.76886111e-06 0 0.0388368182 0 0.000337004778 0.00111684157 0 0 0 3.86006177e-05 2.3412133e-06 0 0 0.000701238867 0 3.23964778e-05 0 0.0359628759 2.94819747e-05 5.10625205e-06 8.97350947e-06 0.0429269001 0 0 0.00362214982 0.0252039004 0 0 1 0 0 0 0 0 0 0.181818187 0.387761921 0.480498493 0.515360892 0.670077085 1 1
G959 0.00253894716 0.000164953424 0.0961182192 0 0.000121812685 0.173608795 0 5.01522954e-05 1.15975672e-05 0.000358112738 0.000496062916 0.00233169971 0.000734169211 0.0188608523 0.0177780315 0 0.00109477318 0.00978785381 0.00076645118 0 0.0231125187 4.84953598e-05 0.00258622295 0.0158644356 0.000274597289 0.00192089169 0 0 0.000790133723 4.51252527e-05 3.89239649e-05 0 0 4.19750251e-07 0 0.0308773443 0.00332074659 0.000946658722 6.76886111e-06 0 0.0388368182 0 0.000337004778 0.00111684157 0 0 0 3.86006177e-05 2.3412133e-06 0 0 0.000701238867 0 3.23964778e-05 0 0.0359628759 2.94819747e-05 5.10625205e-06 8.97350947e-06 0.0429269001 0 0 0.00362214982 0.0252039004 0 0 1 0 0 0 0 0 0 0.181818187 0.387761921 0.480498493 0.515360892 0.670077085 1 1
G962 0.00253894716 0.000164953424 0.0961182192 0 0.000121812685 0.173608795 0 5.01522954e-05 1.15975672e-05 0.000358112738 0.000496062916 0.00233169971 0.000734169211 0.0188608523 0.0177780315 0 0.00109477318 0.00978785381 0.00076645118 0 0.0231125187 4.84953598e-05 0.00258622295 0.0158644356 0.000274597289 0.00192089169 0 0 0.000790133723 4.51252527e-05 3.89239649e-05 0 0 4.19750251e-07 0 0.0308773443 0.00332074659 0.000946658722 6.76886111e-06 0 0.0388368182 0 0.000337004778 0.00111684157 0 0 0 3.86006177e-05 2.3412133e-06 0 0 0.000701238867 0 3.23964778e-05 0 0.0359628759 2.94819747e-05 5.10625205e-06 8.97350947e-06 0.0429269001 0 0 0.00362214982 0.0252039004 0 0 1 0 0 0 0 0 0 0.181818187 0.244650543 0.567728996 0.333047152 0.791389585 1 1
G963 0.00253894716 0.000164953424 0.0961182192 0 0.000121812685 0.173608795 0 5.01522954e-05 1.15975672e-05 0.000358112738 0.000496062916 0.00233169971 0.000734169211 0.0188608523 0.0177780315 0 0.00109477318 0.00978785381 0.00076645118 0 0.0231125187 4.84953598e-05 0.00258622295 0.0158644356 0.000274597289 0.00192089169 0 0 0.000790133723 4.51252527e-05 3.89239649e-05 0 0 4.19750251e-07 0 0.0308773443 0.00332074659 0.000946658722 6.76886111e-06 0 0.0388368182 0 0.000337004778 0.00111684157 0 0 0 3.86006177e-05 2.3412133e-06 0 0 0.000701238867 0 3.23964778e-05 0 0.0359628759 2.94819747e-05 5.10625205e-06 8.97350947e-06 0.0429269001 0 0 0.00362214982 0.0252039004 0 0 1 0 0 0 0 0 0 0.181818187 0.244650543 0.567728996 0.333047152 0.840785027 1 1
G964 0.00253894716 0.000164953424 0.0961182192 0 0.000121812685 0.173608795 0 5.01522954e-05 1.15975672e-05 0.000358112738 0.000496062916 0.00233169971 0.000734169211 0.0188608523 0.0177780315 0 0.00109477318 0.00978785381 0.00076645118 0 0.0231125187 4.84953598e-05 0.00258622295 0.0158644356 0.000274597289 0.00192089169 0 0 0.000790133723 4.51252527e-05 3.89239649e-05 0 0 4.19750251e-07 0 0.0308773443 0.00332074659 0.000946658722 6.76886111e-06 0 0.0388368182 0 0.000337004778 0.00111684157 0 0 0 3.86006177e-05 2.3412133e-06 0 0 0.000701238867 0 3.23964778e-05 0 0.0359628759 2.94819747e-05 5.10625205e-06 8.97350947e-06 0.0429269001 0 0 0.00362214982 0.0252039004 0 0 1 0 0 0 0 0 0 0.181818187 0.244650543 0.567728996 0.333047152 0.791389585 1 1
G965 0.00253894716 0.000164953424 0.0961182192 0 0.000121812685 0.173608795 0 5.01522954e-05 1.15975672e-05 0.000358112738 0.000496062916 0.00233169971 0.000734169211 0.0188608523 0.0177780315 0 0.00109477318 0.00978785381 0.00076645118 0 0.0231125187 4.84953598e-05 0.00258622295 0.0158644356 0.000274597289 0.00192089169 0 0 0.000790133723 4.51252527e-05 3.89239649e-05 0 0 4.19750251e-07 0 0.0308773443 0.00332074659 0.000946658722 6.76886111e-06 0 0.0388368182 0 0.000337004778 0.00111684157 0 0 0 3.86006177e-05 2.3412133e-06 0 0 0.000701238867 0 3.23964778e-05 0 0.0359628759 2.94819747e-05 5.10625205e-06 8.97350947e-06 0.0429269001 0 0 0.00362214982 0.0252039004 0 0 0 0 0 1 0 0 0 0.181818187 0.244650543 0.513973355 0.476765484 0.743558586 1 1
G966 0.00253894716 0.000164953424 0.0961182192 0 0.000121812685 0.173608795 0 5.01522954e-05 1.15975672e-05 0.000358112738 0.000496062916 0.00233169971 0.000734169211 0.0188608523 0.0177780315 0 0.00109477318 0.00978785381 0.00076645118 0 0.0231125187 4.84953598e-05 0.00258622295 0.0158644356 0.000274597289 0.00192089169 0 0 0.000790133723 4.51252527e-05 3.89239649e-05 0 0 4.19750251e-07 0 0.0308773443 0.00332074659 0.000946658722 6.76886111e-06 0 0.0388368182 0 0.000337004778 0.00111684157 0 0 0 3.86006177e-05 2.3412133e-06 0 0 0.000701238867 0 3.23964778e-05 0 0.0359628759 2.94819747e-05 5.10625205e-06 8.97350947e-06 0.0429269001 0 0 0.00362214982 0.0252039004 0 0 0 0 0 1 0 0 0 0.181818187 0.244650543 0.513973355 0.476765484 0.783609748 1 1
G967 0.00253894716 0.000164953424 0.0961182192 0 0.000121812685 0.173608795 0 5.01522954e-05 1.15975672e-05 0.000358112738 0.000496062916 0.00233169971 0.000734169211 0.0188608523 0.0177780315 0 0.00109477318 0.00978785381 0.00076645118 0 0.0231125187 4.84953598e-05 0.00258622295 0.0158644356 0.000274597289 0.00192089169 0 0 0.000790133723 4.51252527e-05 3.89239649e-05 0 0 4.19750251e-07 0 0.0308773443 0.00332074659 0.000946658722 6.76886111e-06 0 0.0388368182 0 0.000337004778 0.00111684157 0 0 0 3.86006177e-05 2.3412133e-06 0 0 0.000701238867 0 3.23964778e-05 0 0.0359628759 2.94819747e-05 5.10625205e-06 8.97350947e-06 0.0429269001 0 0 0.00362214982 0.0252039004 0 0 1 0 0 0 0 0 0 0.181818187 0.244650543 0.567728996 0.333047152 0.804223776 1 1
G968 0.00253894716 0.000164953424 0.0961182192 0 0.000121812685 0.173608795 0 5.01522954e-05 1.15975672e-05 0.000358112738 0.000496062916 0.00233169971 0.000734169211 0.0188608523 0.0177780315 0 0.00109477318 0.00978785381 0.00076645118 0 0.0231125187 4.84953598e-05 0.00258622295 0.0158644356 0.000274597289 0.00192089169 0 0 0.000790133723 4.51252527e-05 3.89239649e-05 0 0 4.19750251e-07 0 0.0308773443 0.00332074659 0.000946658722 6.76886111e-06 0 0.0388368182 0 0.000337004778 0.00111684157 0 0 0 3.86006177e-05 2.3412133e-06 0 0 0.000701238867 0 3.23964778e-05 0 0.0359628759 2.94819747e-05 5.10625205e-06 8.97350947e-06 0.0429269001 0 0 0.00362214982 0.0252039004 0 0 1 0 0 0 0 0 0 0.181818187 0.244650543 0.567728996 0.333047152 0.781609535 1 1
G969 0.00253894716 0.000164953424 0.0961182192 0 0.000121812685 0.173608795 0 5.01522954e-05 1.15975672e-05 0.000358112738 0.000496062916 0.00233169971 0.000734169211 0.0188608523 0.0177780315 0 0.00109477318 0.00978785381 0.00076645118 0 0.0231125187 4.84953598e-05 0.00258622295 0.0158644356 0.000274597289 0.00192089169 0 0 0.000790133723 4.51252527e-05 3.89239649e-05 0 0 4.19750251e-07 0 0.0308773443 0.00332074659 0.000946658722 6.76886111e-06 0 0.0388368182 0 0.000337004778 0.00111684157 0 0 0 3.86006177e-05 2.3412133e-06 0 0 0.000701238867 0 3.23964778e-05 0 0.0359628759 2.94819747e-05 5.10625205e-06 8.97350947e-06 0.0429269001 0 0 0.00362214982 0.0252039004 0 0 1 0 0 0 0 0 0 0.181818187 0.244650543 0.567728996 0.333047152 0.78558737 1 1
G970 0.00253894716 0.000164953424 0.0961182192 0 0.000121812685 0.173608795 0 5.01522954e-05 1.15975672e-05 0.000358112738 0.000496062916 0.00233169971 0.000734169211 0.0188608523 0.0177780315 0 0.00109477318 0.00978785381 0.00076645118 0 0.0231125187 4.84953598e-05 0.00258622295 0.0158644356 0.000274597289 0.00192089169 0 0 0.000790133723 4.51252527e-05 3.89239649e-05 0 0 4.19750251e-07 0 0.0308773443 0.00332074659 0.000946658722 6.76886111e-06 0 0.0388368182 0 0.000337004778 0.00111684157 0 0 0 3.86006177e-05 2.3412133e-06 0 0 0.000701238867 0 3.23964778e-05 0 0.0359628759 2.94819747e-05 5.10625205e-06 8.97350947e-06 0.0429269001 0 0 0.00362214982 0.0252039004 0 0 1 0 0 0 0 0 0 0.181818187 0.244650543 0.567728996 0.333047152 0.817824185 1 1
G971 0.00253894716 0.000164953424 0.0961182192 0 0.000121812685 0.173608795 0 5.01522954e-05 1.15975672e-05 0.000358112738 0.000496062916 0.00233169971 0.000734169211 0.0188608523 0.0177780315 0 0.00109477318 0.00978785381 0.00076645118 0 0.0231125187 4.84953598e-05 0.00258622295 0.0158644356 0.000274597289 0.00192089169 0 0 0.000790133723 4.51252527e-05 3.89239649e-05 0 0 4.19750251e-07 0 0.0308773443 0.00332074659 0.000946658722 6.76886111e-06 0 0.0388368182 0 0.000337004778 0.00111684157 0 0 0 3.86006177e-05 2.3412133e-06 0 0 0.000701238867 0 3.23964778e-05 0 0.0359628759 2.94819747e-05 5.10625205e-06 8.97350947e-06 0.0429269001 0 0 0.00362214982 0.0252039004 0 0 1 0 0 0 0 0 0 0.181818187 0.244650543 0.555580854 0.361700237 0.760239482 1 1
G972 0.00253894716 0.000164953424 0.0961182192 0 0.000121812685 0.173608795 0 5.01522954e-05 1.15975672e-05 0.000358112738 0.000496062916 0.00233169971 0.000734169211 0.0188608523 0.0177780315 0 0.00109477318 0.00978785381 0.00076645118 0 0.0231125187 4.84953598e-05 0.00258622295 0.0158644356 0.000274597289 0.00192089169 0 0 0.000790133723 4.51252527e-05 3.89239649e-05 0 0 4.19750251e-07 0 0.0308773443 0.00332074659 0.000946658722 6.76886111e-06 0 0.0388368182 0 0.000337004778 0.00111684157 0 0 0 3.86006177e-05 2.3412133e-06 0 0 0.000701238867 0 3.23964778e-05 0 0.0359628759 2.94819747e-05 5.10625205e-06 8.97350947e-06 0.0429269001 0 0 0.00362214982 0.0252039004 0 0 1 0 0 0 0 0 0 0.181818187 0.244650543 0.567728996 0.333047152 0.75090307 1 1
G974 0.00253894716 0.000164953424 0.0961182192 0 0.000121812685 0.173608795 0 5.01522954e-05 1.15975672e-05 0.000358112738 0.000496062916 0.00233169971 0.000734169211 0.0188608523 0.0177780315 0 0.00109477318 0.00978785381 0.00076645118 0 0.0231125187 4.84953598e-05 0.00258622295 0.0158644356 0.000274597289 0.00192089169 0 0 0.000790133723 4.51252527e-05 3.89239649e-05 0 0 4.19750251e-07 0 0.0308773443 0.00332074659 0.000946658722 6.76886111e-06 0 0.0388368182 0 0.000337004778 0.00111684157 0 0 0 3.86006177e-05 2.3412133e-06 0 0 0.000701238867 0 3.23964778e-05 0 0.0359628759 2.94819747e-05 5.10625205e-06 8.97350947e-06 0.0429269001 0 0 0.00362214982 0.0252039004 0 0 1 0 0 0 0 0 0 0.181818187 0.244650543 0.567728996 0.333047152 0.78558737 1 1
G1003 0.00253894716 0.000164953424 0.0961182192 0 0.000121812685 0.173608795 0 5.01522954e-05 1.15975672e-05 0.000358112738 0.000496062916 0.00233169971 0.000734169211 0.0188608523 0.0177780315 0 0.00109477318 0.00978785381 0.00076645118 0 0.0231125187 4.84953598e-05 0.00258622295 0.0158644356 0.000274597289 0.00192089169 0 0 0.000790133723 4.51252527e-05 3.89239649e-05 0 0 4.19750251e-07 0 0.0308773443 0.00332074659 0.000946658722 6.76886111e-06 0 0.0388368182 0 0.000337004778 0.00111684157 0 0 0 3.86006177e-05 2.3412133e-06 0 0 0.000701238867 0 3.23964778e-05 0 0.0359628759 2.94819747e-05 5.10625205e-06 8.97350947e-06 0.0429269001 0 0 0.00362214982 0.0252039004 0 0 1 0 0 0 0 0 0 0.204545453 0.387761921 0.513973355 0.537254095 0.771250486 1 1
G1035 0.00253894716 0.000164953424 0.0961182192 0 0.000121812685 0.173608795 0 5.01522954e-05 1.15975672e-05 0.000358112738 0.000496062916 0.00233169971 0.000734169211 0.0188608523 0.0177780315 0 0.00109477318 0.00978785381 0.00076645118 0 0.0231125187 4.84953598e-05 0.00258622295 0.0158644356 0.000274597289 0.00192089169 0 0 0.000790133723 4.51252527e-05 3.89239649e-05 0 0 4.19750251e-07 0 0.0308773443 0.00332074659 0.000946658722 6.76886111e-06 0 0.0388368182 0 0.000337004778 0.00111684157 0 0 0 3.86006177e-05 2.3412133e-06 0 0 0.000701238867 0 3.23964778e-05 0 0.0359628759 2.94819747e-05 5.10625205e-06 8.97350947e-06 0.0429269001 0 0 0.00362214982 0.0252039004 0 0 0 0 0 1 0 0 0 0.227272734 0.244650543 0.590016782 0.490540475 0.775467992 1 1
G975 0.00253894716 0.000164953424 0.0961182192 0 0.000121812685 0.173608795 0 5.01522954e-05 1.15975672e-05 0.000358112738 0.000496062916 0.00233169971 0.000734169211 0.0188608523 0.0177780315 0 0.00109477318 0.00978785381 0.00076645118 0 0.0231125187 4.84953598e-05 0.00258622295 0.0158644356 0.000274597289 0.00192089169 0 0 0.000790133723 4.51252527e-05 3.89239649e-05 0 0 4.19750251e-07 0 0.0308773443 0.00332074659 0.000946658722 6.76886111e-06 0 0.0388368182 0 0.000337004778 0.00111684157 0 0 0 3.86006177e-05 2.3412133e-06 0 0 0.000701238867 0 3.23964778e-05 0 0.0359628759 2.94819747e-05 5.10625205e-06 8.97350947e-06 0.0429269001 0 0 0.00362214982 0.0252039004 0 0 1 0 0 0 0 0 0 0.181818187 0.244650543 0.555580854 0.361700237 0.881551981 1 1
G1000 0.00253894716 0.000164953424 0.0961182192 0 0.000121812685 0.173608795 0 5.01522954e-05 1.15975672e-05 0.000358112738 0.000496062916 0.00233169971 0.000734169211 0.0188608523 0.0177780315 0 0.00109477318 0.00978785381 0.00076645118 0 0.0231125187 4.84953598e-05 0.00258622295 0.0158644356 0.000274597289 0.00192089169 0 0 0.000790133723 4.51252527e-05 3.89239649e-05 0 0 4.19750251e-07 0 0.0308773443 0.00332074659 0.000946658722 6.76886111e-06 0 0.0388368182 0 0.000337004778 0.00111684157 0 0 0 3.86006177e-05 2.3412133e-06 0 0 0.000701238867 0 3.23964778e-05 0 0.0359628759 2.94819747e-05 5.10625205e-06 8.97350947e-06 0.0429269001 0 0 0.00362214982 0.0252039004 0 0 1 0 0 0 0 0 0 0.204545453 0.387761921 0.513973355 0.526629627 0.874596775 1 1
G1034 0.00253894716 0.000164953424 0.0961182192 0 0.000121812685 0.173608795 0 5.01522954e-05 1.15975672e-05 0.000358112738 0.000496062916 0.00233169971 0.000734169211 0.0188608523 0.0177780315 0 0.00109477318 0.00978785381 0.00076645118 0 0.0231125187 4.84953598e-05 0.00258622295 0.0158644356 0.000274597289 0.00192089169 0 0 0.000790133723 4.51252527e-05 3.89239649e-05 0 0 4.19750251e-07 0 0.0308773443 0.00332074659 0.000946658722 6.76886111e-06 0 0.0388368182 0 0.000337004778 0.00111684157 0 0 0 3.86006177e-05 2.3412133e-06 0 0 0.000701238867 0 3.23964778e-05 0 0.0359628759 2.94819747e-05 5.10625205e-06 8.97350947e-06 0.0429269001 0 0 0.00362214982 0.0252039004 0 0 0 0 0 1 0 0 0 0.227272734 0.244650543 0.579182625 0.490540475 0.873410225 1 1
G976 0.00253894716 0.000164953424 0.0961182192 0 0.000121812685 0.173608795 0 5.01522954e-05 1.15975672e-05 0.000358112738 0.000496062916 0.00233169971 0.000734169211 0.0188608523 0.0177780315 0 0.00109477318 0.00978785381 0.00076645118 0 0.0231125187 4.84953598e-05 0.00258622295 0.0158644356 0.000274597289 0.00192089169 0 0 0.000790133723 4.51252527e-05 3.89239649e-05 0 0 4.19750251e-07 0 0.0308773443 0.00332074659 0.000946658722 6.76886111e-06 0 0.0388368182 0 0.000337004778 0.00111684157 0 0 0 3.86006177e-05 2.3412133e-06 0 0 0.000701238867 0 3.23964778e-05 0 0.0359628759 2.94819747e-05 5.10625205e-06 8.97350947e-06 0.0429269001 0 0 0.00362214982 0.0252039004 0 0 1 0 0 0 0 0 0 0.181818187 0.244650543 0.567728996 0.333047152 0.741040349 1 1
G1006 0.00253894716 0.000164953424 0.0961182192 0 0.000121812685 0.173608795 0 5.01522954e-05 1.15975672e-05 0.000358112738 0.000496062916 0.00233169971 0.000734169211 0.0188608523 0.0177780315 0 0.00109477318 0.00978785381 0.00076645118 0 0.0231125187 4.84953598e-05 0.00258622295 0.0158644356 0.000274597289 0.00192089169 0 0 0.000790133723 4.51252527e-05 3.89239649e-05 0 0 4.19750251e-07 0 0.0308773443 0.00332074659 0.000946658722 6.76886111e-06 0 0.0388368182 0 0.000337004778 0.00111684157 0 0 0 3.86006177e-05 2.3412133e-06 0 0 0.000701238867 0 3.23964778e-05 0 0.0359628759 2.94819747e-05 5.10625205e-06 8.97350947e-06 0.0429269001 0 0 0.00362214982 0.0252039004 0 0 1 0 0 0 0 0 0 0.204545453 0.387761921 0.513973355 0.537254095 0.722318411 1 1
G1037 0.00253894716 0.000164953424 0.0961182192 0 0.000121812685 0.173608795 0 5.01522954e-05 1.15975672e-05 0.000358112738 0.000496062916 0.00233169971 0.000734169211 0.0188608523 0.0177780315 0 0.00109477318 0.00978785381 0.00076645118 0 0.0231125187 4.84953598e-05 0.00258622295 0.0158644356 0.000274597289 0.00192089169 0 0 0.000790133723 4.51252527e-05 3.89239649e-05 0 0 4.19750251e-07 0 0.0308773443 0.00332074659 0.000946658722 6.76886111e-06 0 0.0388368182 0 0.000337004778 0.00111684157 0 0 0 3.86006177e-05 2.3412133e-06 0 0 0.000701238867 0 3.23964778e-05 0 0.0359628759 2.94819747e-05 5.10625205e-06 8.97350947e-06 0.0429269001 0 0 0.00362214982 0.0252039004 0 0 0 0 0 1 0 0 0 0.227272734 0.244650543 0.590016782 0.490540475 0.735892415 1 1
G977 0.00253894716 0.000164953424 0.0961182192 0 0.000121812685 0.173608795 0 5.01522954e-05 1.15975672e-05 0.000358112738 0.000496062916 0.00233169971 0.000734169211 0.0188608523 0.0177780315 0 0.00109477318 0.00978785381 0.00076645118 0 0.0231125187 4.84953598e-05 0.00258622295 0.0158644356 0.000274597289 0.00192089169 0 0 0.000790133723 4.51252527e-05 3.89239649e-05 0 0 4.19750251e-07 0 0.0308773443 0.00332074659 0.000946658722 6.76886111e-06 0 0.0388368182 0 0.000337004778 0.00111684157 0 0 0 3.86006177e-05 2.3412133e-06 0 0 0.000701238867 0 3.23964778e-05 0 0.0359628759 2.94819747e-05 5.10625205e-06 8.97350947e-06 0.0429269001 0 0 0.00362214982 0.0252039004 0 0 0 0 0 1 0 0 0 0.204545453 0.387761921 0.567728996 0.46188736 0.741040349 1 1
G1024 0.00253894716 0.000164953424 0.0961182192 0 0.000121812685 0.173608795 0 5.01522954e-05 1.15975672e-05 0.000358112738 0.000496062916 0.00233169971 0.000734169211 0.0188608523 0.0177780315 0 0.00109477318 0.00978785381 0.00076645118 0 0.0231125187 4.84953598e-05 0.00258622295 0.0158644356 0.000274597289 0.00192089169 0 0 0.000790133723 4.51252527e-05 3.89239649e-05 0 0 4.19750251e-07 0 0.0308773443 0.00332074659 0.000946658722 6.76886111e-06 0 0.0388368182 0 0.000337004778 0.00111684157 0 0 0 3.86006177e-05 2.3412133e-06 0 0 0.000701238867 0 3.23964778e-05 0 0.0359628759 2.94819747e-05 5.10625205e-06 8.97350947e-06 0.0429269001 0 0 0.00362214982 0.0252039004 0 0 0 0 0 1 0 0 0 0.227272734 0.244650543 0.513973355 0.537254095 0.738485277 1 1
G980 0.00253894716 0.000164953424 0.0961182192 0 0.000121812685 0.173608795 0 5.01522954e-05 1.15975672e-05 0.000358112738 0.000496062916 0.00233169971 0.000734169211 0.0188608523 0.0177780315 0 0.00109477318 0.00978785381 0.00076645118 0 0.0231125187 4.84953598e-05 0.00258622295 0.0158644356 0.000274597289 0.00192089169 0 0 0.000790133723 4.51252527e-05 3.89239649e-05 0 0 4.19750251e-07 0 0.0308773443 0.00332074659 0.000946658722 6.76886111e-06 0 0.0388368182 0 0.000337004778 0.00111684157 0 0 0 3.86006177e-05 2.3412133e-06 0 0 0.000701238867 0 3.23964778e-05 0 0.0359628759 2.94819747e-05 5.10625205e-06 8.97350947e-06 0.0429269001 0 0 0.00362214982 0.0252039004 0 0 1 0 0 0 0 0 0 0.204545453 0.244650543 0.513973355 0.537254095 0.777539194 1 1
G1009 0.00253894716 0.000164953424 0.0961182192 0 0.000121812685 0.173608795 0 5.01522954e-05 1.15975672e-05 0.000358112738 0.000496062916 0.00233169971 0.000734169211 0.0188608523 0.0177780315 0 0.00109477318 0.00978785381 0.00076645118 0 0.0231125187 4.84953598e-05 0.00258622295 0.0158644356 0.000274597289 0.00192089169 0 0 0.000790133723 4.51252527e-05 3.89239649e-05 0 0 4.19750251e-07 0 0.0308773443 0.00332074659 0.000946658722 6.76886111e-06 0 0.0388368182 0 0.000337004778 0.00111684157 0 0 0 3.86006177e-05 2.3412133e-06 0 0 0.000701238867 0 3.23964778e-05 0 0.0359628759 2.94819747e-05 5.10625205e-06 8.97350947e-06 0.0429269001 0 0 0.00362214982 0.0252039004 0 0 0 0 0 1 0 0 0 0.227272734 0.387761921 0.590016782 0.490540475 0.775467992 1 1
G1075 0.00253894716 0.000164953424 0.0961182192 0 0.000121812685 0.173608795 0 5.01522954e-05 1.15975672e-05 0.000358112738 0.000496062916 0.00233169971 0.000734169211 0.0188608523 0.0177780315 0 0.00109477318 0.00978785381 0.00076645118 0 0.0231125187 4.84953598e-05 0.00258622295 0.0158644356 0.000274597289 0.00192089169 0 0 0.000790133723 4.51252527e-05 3.89239649e-05 0 0 4.19750251e-07 0 0.0308773443 0.00332074659 0.000946658722 6.76886111e-06 0 0.0388368182 0 0.000337004778 0.00111684157 0 0 0 3.86006177e-05 2.3412133e-06 0 0 0.000701238867 0 3.23964778e-05 0 0.0359628759 2.94819747e-05 5.10625205e-06 8.97350947e-06 0.0429269001 0 0 0.00362214982 0.0252039004 0 0 0 0 0 1 0 0 0 0.25 0.387761921 0.542648375 0.556838155 0.807724237 1 1
G1078 0.00253894716 0.000164953424 0.0961182192 0 0.000121812685 0.173608795 0 5.01522954e-05 1.15975672e-05 0.000358112738 0.000496062916 0.00233169971 0.000734169211 0.0188608523 0.0177780315 0 0.00109477318 0.00978785381 0.00076645118 0 0.0231125187 4.84953598e-05 0.00258622295 0.0158644356 0.000274597289 0.00192089169 0 0 0.000790133723 4.51252527e-05 3.89239649e-05 0 0 4.19750251e-07 0 0.0308773443 0.00332074659 0.000946658722 6.76886111e-06 0 0.0388368182 0 0.000337004778 0.00111684157 0 0 0 3.86006177e-05 2.3412133e-06 0 0 0.000701238867 0 3.23964778e-05 0 0.0359628759 2.94819747e-05 5.10625205e-06 8.97350947e-06 0.0429269001 0 0 0.00362214982 0.0252039004 0 0 0 0 0 1 0 0 0 0.25 0.387761921 0.542648375 0.556838155 0.773371935 1 1
G1113 0.00253894716 0.000164953424 0.0961182192 0 0.000121812685 0.173608795 0 5.01522954e-05 1.15975672e-05 0.000358112738 0.000496062916 0.00233169971 0.000734169211 0.0188608523 0.0177780315 0 0.00109477318 0.00978785381 0.00076645118 0 0.0231125187 4.84953598e-05 0.00258622295 0.0158644356 0.000274597289 0.00192089169 0 0 0.000790133723 4.51252527e-05 3.89239649e-05 0 0 4.19750251e-07 0 0.0308773443 0.00332074659 0.000946658722 6.76886111e-06 0 0.0388368182 0 0.000337004778 0.00111684157 0 0 0 3.86006177e-05 2.3412133e-06 0 0 0.000701238867 0 3.23964778e-05 0 0.0359628759 2.94819747e-05 5.10625205e-06 8.97350947e-06 0.0429269001 0 0 0.00362214982 0.0252039004 0 0 0 0 0 1 0 0 0 0.272727281 0.244650543 0.610071838 0.515360892 0.805982769 1 1
G1115 0.00253894716 0.000164953424 0.0961182192 0 0.000121812685 0.173608795 0 5.01522954e-05 1.15975672e-05 0.000358112738 0.000496062916 0.00233169971 0.000734169211 0.0188608523 0.0177780315 0 0.00109477318 0.00978785381 0.00076645118 0 0.0231125187 4.84953598e-05 0.00258622295 0.0158644356 0.000274597289 0.00192089169 0 0 0.000790133723 4.51252527e-05 3.89239649e-05 0 0 4.19750251e-07 0 0.0308773443 0.00332074659 0.000946658722 6.76886111e-06 0 0.0388368182 0 0.000337004778 0.00111684157 0 0 0 3.86006177e-05 2.3412133e-06 0 0 0.000701238867 0 3.23964778e-05 0 0.0359628759 2.94819747e-05 5.10625205e-06 8.97350947e-06 0.0429269001 0 0 0.00362214982 0.0252039004 0 0 0 0 0 1 0 0 0 0.272727281 0.244650543 0.610071838 0.515360892 0.771250486 1 1
G981 0.00253894716 0.000164953424 0.0961182192 0 0.000121812685 0.173608795 0 5.01522954e-05 1.15975672e-05 0.000358112738 0.000496062916 0.00233169971 0.000734169211 0.0188608523 0.0177780315 0 0.00109477318 0.00978785381 0.00076645118 0 0.0231125187 4.84953598e-05 0.00258622295 0.0158644356 0.000274597289 0.00192089169 0 0 0.000790133723 4.51252527e-05 3.89239649e-05 0 0 4.19750251e-07 0 0.0308773443 0.00332074659 0.000946658722 6.76886111e-06 0 0.0388368182 0 0.000337004778 0.00111684157 0 0 0 3.86006177e-05 2.3412133e-06 0 0 0.000701238867 0 3.23964778e-05 0 0.0359628759 2.94819747e-05 5.10625205e-06 8.97350947e-06 0.0429269001 0 0 0.00362214982 0.0252039004 0 0 1 0 0 0 0 0 0 0.204545453 0.387761921 0.513973355 0.537254095 0.830443501 1 1
G1053 0.00253894716 0.000164953424 0.0961182192 0 0.000121812685 0.173608795 0 5.01522954e-05 1.15975672e-05 0.000358112738 0.000496062916 0.00233169971 0.000734169211 0.0188608523 0.0177780315 0 0.00109477318 0.00978785381 0.00076645118 0 0.0231125187 4.84953598e-05 0.00258622295 0.0158644356 0.000274597289 0.00192089169 0 0 0.000790133723 4.51252527e-05 3.89239649e-05 0 0 4.19750251e-07 0 0.0308773443 0.00332074659 0.000946658722 6.76886111e-06 0 0.0388368182 0 0.000337004778 0.00111684157 0 0 0 3.86006177e-05 2.3412133e-06 0 0 0.000701238867 0 3.23964778e-05 0 0.0359628759 2.94819747e-05 5.10625205e-06 8.97350947e-06 0.0429269001 0 0 0.00362214982 0.0252039004 0 0 0 0 0 1 0 0 0 0.227272734 0.387761921 0.590016782 0.490540475 0.82891494 1 1
G1056 0.00253894716 0.000164953424 0.0961182192 0 0.000121812685 0.173608795 0 5.01522954e-05 1.15975672e-05 0.000358112738 0.000496062916 0.00233169971 0.000734169211 0.0188608523 0.0177780315 0 0.00109477318 0.00978785381 0.00076645118 0 0.0231125187 4.84953598e-05 0.00258622295 0.0158644356 0.000274597289 0.00192089169 0 0 0.000790133723 4.51252527e-05 3.89239649e-05 0 0 4.19750251e-07 0 0.0308773443 0.00332074659 0.000946658722 6.76886111e-06 0 0.0388368182 0 0.000337004778 0.00111684157 0 0 0 3.86006177e-05 2.3412133e-06 0 0 0.000701238867 0 3.23964778e-05 0 0.0359628759 2.94819747e-05 5.10625205e-06 8.97350947e-06 0.0429269001 0 0 0.00362214982 0.0252039004 0 0 0 0 0 1 0 0 0 0.227272734 0.387761921 0.590016782 0.490540475 0.919236779 1 1
G1098 0.00253894716 0.000164953424 0.0961182192 0 0.000121812685 0.173608795 0 5.01522954e-05 1.15975672e-05 0.000358112738 0.000496062916 0.00233169971 0.000734169211 0.0188608523 0.0177780315 0 0.00109477318 0.00978785381 0.00076645118 0 0.0231125187 4.84953598e-05 0.00258622295 0.0158644356 0.000274597289 0.00192089169 0 0 0.000790133723 4.51252527e-05 3.89239649e-05 0 0 4.19750251e-07 0 0.0308773443 0.00332074659 0.000946658722 6.76886111e-06 0 0.0388368182 0 0.000337004778 0.00111684157 0 0 0 3.86006177e-05 2.3412133e-06 0 0 0.000701238867 0 3.23964778e-05 0 0.0359628759 2.94819747e-05 5.10625205e-06 8.97350947e-06 0.0429269001 0 0 0.00362214982 0.0252039004 0 0 0 0 0 1 0 0 0 0.25 0.244650543 0.542648375 0.556838155 0.827372909 1 1
G1099 0.00253894716 0.000164953424 0.0961182192 0 0.000121812685 0.173608795 0 5.01522954e-05 1.15975672e-05 0.000358112738 0.000496062916 0.00233169971 0.000734169211 0.0188608523 0.0177780315 0 0.00109477318 0.00978785381 0.00076645118 0 0.0231125187 4.84953598e-05 0.00258622295 0.0158644356 0.000274597289 0.00192089169 0 0 0.000790133723 4.51252527e-05 3.89239649e-05 0 0 4.19750251e-07 0 0.0308773443 0.00332074659 0.000946658722 6.76886111e-06 0 0.0388368182 0 0.000337004778 0.00111684157 0 0 0 3.86006177e-05 2.3412133e-06 0 0 0.000701238867 0 3.23964778e-05 0 0.0359628759 2.94819747e-05 5.10625205e-06 8.97350947e-06 0.0429269001 0 0 0.00362214982 0.0252039004 0 0 0 0 0 1 0 0 0 0.25 0.244650543 0.542648375 0.556838155 0.918318093 1 1
G984 0.00253894716 0.000164953424 0.0961182192 0 0.000121812685 0.173608795 0 5.01522954e-05 1.15975672e-05 0.000358112738 0.000496062916 0.00233169971 0.000734169211 0.0188608523 0.0177780315 0 0.00109477318 0.00978785381 0.00076645118 0 0.0231125187 4.84953598e-05 0.00258622295 0.0158644356 0.000274597289 0.00192089169 0 0 0.000790133723 4.51252527e-05 3.89239649e-05 0 0 4.19750251e-07 0 0.0308773443 0.00332074659 0.000946658722 6.76886111e-06 0 0.0388368182 0 0.000337004778 0.00111684157 0 0 0 3.86006177e-05 2.3412133e-06 0 0 0.000701238867 0 3.23964778e-05 0 0.0359628759 2.94819747e-05 5.10625205e-06 8.97350947e-06 0.0429269001 0 0 0.00362214982 0.0252039004 0 0 1 0 0 0 0 0 0 0.204545453 0.387761921 0.513973355 0.537254095 0.777539194 1 1
G1041 0.00253894716 0.000164953424 0.0961182192 0 0.000121812685 0.173608795 0 5.01522954e-05 1.15975672e-05 0.000358112738 0.000496062916 0.00233169971 0.000734169211 0.0188608523 0.0177780315 0 0.00109477318 0.00978785381 0.00076645118 0 0.0231125187 4.84953598e-05 0.00258622295 0.0158644356 0.000274597289 0.00192089169 0 0 0.000790133723 4.51252527e-05 3.89239649e-05 0 0 4.19750251e-07 0 0.0308773443 0.00332074659 0.000946658722 6.76886111e-06 0 0.0388368182 0 0.000337004778 0.00111684157 0 0 0 3.86006177e-05 2.3412133e-06 0 0 0.000701238867 0 3.23964778e-05 0 0.0359628759 2.94819747e-05 5.10625205e-06 8.97350947e-06 0.0429269001 0 0 0.00362214982 0.0252039004 0 0 0 0 0 1 0 0 0 0.227272734 0.387761921 0.590016782 0.490540475 0.80944854 1 1
G1044 0.00253894716 0.000164953424 0.0961182192 0 0.000121812685 0.173608795 0 5.01522954e-05 1.15975672e-05 0.000358112738 0.000496062916 0.00233169971 0.000734169211 0.0188608523 0.0177780315 0 0.00109477318 0.00978785381 0.00076645118 0 0.0231125187 4.84953598e-05 0.00258622295 0.0158644356 0.000274597289 0.00192089169 0 0 0.000790133723 4.51252527e-05 3.89239649e-05 0 0 4.19750251e-07 0 0.0308773443 0.00332074659 0.000946658722 6.76886111e-06 0 0.0388368182 0 0.000337004778 0.00111684157 0 0 0 3.86006177e-05 2.3412133e-06 0 0 0.000701238867 0 3.23964778e-05 0 0.0359628759 2.94819747e-05 5.10625205e-06 8.97350947e-06 0.0429269001 0 0 0.00362214982 0.0252039004 0 0 0 0 0 1 0 0 0 0.227272734 0.387761921 0.590016782 0.490540475 0.775467992 1 1
G1092 0.00253894716 0.000164953424 0.0961182192 0 0.000121812685 0.173608795 0 5.01522954e-05 1.15975672e-05 0.000358112738 0.000496062916 0.00233169971 0.000734169211 0.0188608523 0.0177780315 0 0.00109477318 0.00978785381 0.00076645118 0 0.0231125187 4.84953598e-05 0.00258622295 0.0158644356 0.000274597289 0.00192089169 0 0 0.000790133723 4.51252527e-05 3.89239649e-05 0 0 4.19750251e-07 0 0.0308773443 0.00332074659 0.000946658722 6.76886111e-06 0 0.0388368182 0 0.000337004778 0.00111684157 0 0 0 3.86006177e-05 2.3412133e-06 0 0 0.000701238867 0 3.23964778e-05 0 0.0359628759 2.94819747e-05 5.10625205e-06 8.97350947e-06 0.0429269001 0 0 0.00362214982 0.0252039004 0 0 0 0 0 1 0 0 0 0.25 0.244650543 0.542648375 0.556838155 0.822663665 1 1
G1093 0.00253894716 0.000164953424 0.0961182192 0 0.000121812685 0.173608795 0 5.01522954e-05 1.15975672e-05 0.000358112738 0.000496062916 0.00233169971 0.000734169211 0.0188608523 0.0177780315 0 0.00109477318 0.00978785381 0.00076645118 0 0.0231125187 4.84953598e-05 0.00258622295 0.0158644356 0.000274597289 0.00192089169 0 0 0.000790133723 4.51252527e-05 3.89239649e-05 0 0 4.19750251e-07 0 0.0308773443 0.00332074659 0.000946658722 6.76886111e-06 0 0.0388368182 0 0.000337004778 0.00111684157 0 0 0 3.86006177e-05 2.3412133e-06 0 0 0.000701238867 0 3.23964778e-05 0 0.0359628759 2.94819747e-05 5.10625205e-06 8.97350947e-06 0.0429269001 0 0 0.00362214982 0.0252039004 0 0 0 0 0 1 0 0 0 0.25 0.244650543 0.542648375 0.556838155 0.791389585 1 1
G1112 0.00253894716 0.000164953424 0.0961182192 0 0.000121812685 0.173608795 0 5.01522954e-05 1.15975672e-05 0.000358112738 0.000496062916 0.00233169971 0.000734169211 0.0188608523 0.0177780315 0 0.00109477318 0.00978785381 0.00076645118 0 0.0231125187 4.84953598e-05 0.00258622295 0.0158644356 0.000274597289 0.00192089169 0 0 0.000790133723 4.51252527e-05 3.89239649e-05 0 0 4.19750251e-07 0 0.0308773443 0.00332074659 0.000946658722 6.76886111e-06 0 0.0388368182 0 0.000337004778 0.00111684157 0 0 0 3.86006177e-05 2.3412133e-06 0 0 0.000701238867 0 3.23964778e-05 0 0.0359628759 2.94819747e-05 5.10625205e-06 8.97350947e-06 0.0429269001 0 0 0.00362214982 0.0252039004 0 0 1 0 0 0 0 0 0 0.272727281 0.244650543 0.73919034 0.515360892 0.78754288 1 1
G1114 0.00253894716 0.000164953424 0.0961182192 0 0.000121812685 0.173608795 0 5.01522954e-05 1.15975672e-05 0.000358112738 0.000496062916 0.00233169971 0.000734169211 0.0188608523 0.0177780315 0 0.00109477318 0.00978785381 0.00076645118 0 0.0231125187 4.84953598e-05 0.00258622295 0.0158644356 0.000274597289 0.00192089169 0 0 0.000790133723 4.51252527e-05 3.89239649e-05 0 0 4.19750251e-07 0 0.0308773443 0.00332074659 0.000946658722 6.76886111e-06 0 0.0388368182 0 0.000337004778 0.00111684157 0 0 0 3.86006177e-05 2.3412133e-06 0 0 0.000701238867 0 3.23964778e-05 0 0.0359628759 2.94819747e-05 5.10625205e-06 8.97350947e-06 0.0429269001 0 0 0.00362214982 0.0252039004 0 0 1 0 0 0 0 0 0 0.272727281 0.244650543 0.73919034 0.515360892 0.748489022 1 1
G1143 0.00253894716 0.000164953424 0.0961182192 0 0.000121812685 0.173608795 0 5.01522954e-05 1.15975672e-05 0.000358112738 0.000496062916 0.00233169971 0.000734169211 0.0188608523 0.0177780315 0 0.00109477318 0.00978785381 0.00076645118 0 0.0231125187 4.84953598e-05 0.00258622295 0.0158644356 0.000274597289 0.00192089169 0 0 0.000790133723 4.51252527e-05 3.89239649e-05 0 0 4.19750251e-07 0 0.0308773443 0.00332074659 0.000946658722 6.76886111e-06 0 0.0388368182 0 0.000337004778 0.00111684157 0 0 0 3.86006177e-05 2.3412133e-06 0 0 0.000701238867 0 3.23964778e-05 0 0.0359628759 2.94819747e-05 5.10625205e-06 8.97350947e-06 0.0429269001 0 0 0.00362214982 0.0252039004 0 0 1 0 0 0 0 0 0 0.295454532 0.244650543 0.681543589 0.556838155 0.779586196 1 1
G1144 0.00253894716 0.000164953424 0.0961182192 0 0.000121812685 0.173608795 0 5.01522954e-05 1.15975672e-05 0.000358112738 0.000496062916 0.00233169971 0.000734169211 0.0188608523 0.0177780315 0 0.00109477318 0.00978785381 0.00076645118 0 0.0231125187 4.84953598e-05 0.00258622295 0.0158644356 0.000274597289 0.00192089169 0 0 0.000790133723 4.51252527e-05 3.89239649e-05 0 0 4.19750251e-07 0 0.0308773443 0.00332074659 0.000946658722 6.76886111e-06 0 0.0388368182 0 0.000337004778 0.00111684157 0 0 0 3.86006177e-05 2.3412133e-06 0 0 0.000701238867 0 3.23964778e-05 0 0.0359628759 2.94819747e-05 5.10625205e-06 8.97350947e-06 0.0429269001 0 0 0.00362214982 0.0252039004 0 0 1 0 0 0 0 0 0 0.295454532 0.244650543 0.681543589 0.556838155 0.738485277 1 1
G1160 0.00253894716 0.000164953424 0.0961182192 0 0.000121812685 0.173608795 0 5.01522954e-05 1.15975672e-05 0.000358112738 0.000496062916 0.00233169971 0.000734169211 0.0188608523 0.0177780315 0 0.00109477318 0.00978785381 0.00076645118 0 0.0231125187 4.84953598e-05 0.00258622295 0.0158644356 0.000274597289 0.00192089169 0 0 0.000790133723 4.51252527e-05 3.89239649e-05 0 0 4.19750251e-07 0 0.0308773443 0.00332074659 0.000946658722 6.76886111e-06 0 0.0388368182 0 0.000337004778 0.00111684157 0 0 0 3.86006177e-05 2.3412133e-06 0 0 0.000701238867 0 3.23964778e-05 0 0.0359628759 2.94819747e-05 5.10625205e-06 8.97350947e-06 0.0429269001 0 0 0.00362214982 0.0252039004 0 0 1 0 0 0 0 0 0 0.318181813 0.387761921 0.718077838 0.638299763 0.743558586 1 1
G1163 0.00253894716 0.000164953424 0.0961182192 0 0.000121812685 0.173608795 0 5.01522954e-05 1.15975672e-05 0.000358112738 0.000496062916 0.00233169971 0.000734169211 0.0188608523 0.0177780315 0 0.00109477318 0.00978785381 0.00076645118 0 0.0231125187 4.84953598e-05 0.00258622295 0.0158644356 0.000274597289 0.00192089169 0 0 0.000790133723 4.51252527e-05 3.89239649e-05 0 0 4.19750251e-07 0 0.0308773443 0.00332074659 0.000946658722 6.76886111e-06 0 0.0388368182 0 0.000337004778 0.00111684157 0 0 0 3.86006177e-05 2.3412133e-06 0 0 0.000701238867 0 3.23964778e-05 0 0.0359628759 2.94819747e-05 5.10625205e-06 8.97350947e-06 0.0429269001 0 0 0.00362214982 0.0252039004 0 0 1 0 0 0 0 0 0 0.318181813 0.387761921 0.718077838 0.638299763 0.691534579 1 1
G1198 0.00253894716 0.000164953424 0.0961182192 0 0.000121812685 0.173608795 0 5.01522954e-05 1.15975672e-05 0.000358112738 0.000496062916 0.00233169971 0.000734169211 0.0188608523 0.0177780315 0 0.00109477318 0.00978785381 0.00076645118 0 0.0231125187 4.84953598e-05 0.00258622295 0.0158644356 0.000274597289 0.00192089169 0 0 0.000790133723 4.51252527e-05 3.89239649e-05 0 0 4.19750251e-07 0 0.0308773443 0.00332074659 0.000946658722 6.76886111e-06 0 0.0388368182 0 0.000337004778 0.00111684157 0 0 0 3.86006177e-05 2.3412133e-06 0 0 0.000701238867 0 3.23964778e-05 0 0.0359628759 2.94819747e-05 5.10625205e-06 8.97350947e-06 0.0429269001 0 0 0.00362214982 0.0252039004 0 0 1 0 0 0 0 0 0 0.340909094 0.244650543 0.75828892 0.490540475 0.641185343 1 1
G1199 0.00253894716 0.000164953424 0.0961182192 0 0.000121812685 0.173608795 0 5.01522954e-05 1.15975672e-05 0.000358112738 0.000496062916 0.00233169971 0.000734169211 0.0188608523 0.0177780315 0 0.00109477318 0.00978785381 0.00076645118 0 0.0231125187 4.84953598e-05 0.00258622295 0.0158644356 0.000274597289 0.00192089169 0 0 0.000790133723 4.51252527e-05 3.89239649e-05 0 0 4.19750251e-07 0 0.0308773443 0.00332074659 0.000946658722 6.76886111e-06 0 0.0388368182 0 0.000337004778 0.00111684157 0 0 0 3.86006177e-05 2.3412133e-06 0 0 0.000701238867 0 3.23964778e-05 0 0.0359628759 2.94819747e-05 5.10625205e-06 8.97350947e-06 0.0429269001 0 0 0.00362214982 0.0252039004 0 0 0 0 0 1 0 0 0 0.340909094 0.244650543 0.694476068 0.671187162 0.691534579 1 1
G1200 0.00253894716 0.000164953424 0.0961182192 0 0.000121812685 0.173608795 0 5.01522954e-05 1.15975672e-05 0.000358112738 0.000496062916 0.00233169971 0.000734169211 0.0188608523 0.0177780315 0 0.00109477318 0.00978785381 0.00076645118 0 0.0231125187 4.84953598e-05 0.00258622295 0.0158644356 0.000274597289 0.00192089169 0 0 0.000790133723 4.51252527e-05 3.89239649e-05 0 0 4.19750251e-07 0 0.0308773443 0.00332074659 0.000946658722 6.76886111e-06 0 0.0388368182 0 0.000337004778 0.00111684157 0 0 0 3.86006177e-05 2.3412133e-06 0 0 0.000701238867 0 3.23964778e-05 0 0.0359628759 2.94819747e-05 5.10625205e-06 8.97350947e-06 0.0429269001 0 0 0.00362214982 0.0252039004 0 0 1 0 0 0 0 0 0 0.340909094 0.244650543 0.75828892 0.490540475 0.707602441 1 1
G1201 0.00253894716 0.000164953424 0.0961182192 0 0.000121812685 0.173608795 0 5.01522954e-05 1.15975672e-05 0.000358112738 0.000496062916 0.00233169971 0.000734169211 0.0188608523 0.0177780315 0 0.00109477318 0.00978785381 0.00076645118 0 0.0231125187 4.84953598e-05 0.00258622295 0.0158644356 0.000274597289 0.00192089169 0 0 0.000790133723 4.51252527e-05 3.89239649e-05 0 0 4.19750251e-07 0 0.0308773443 0.00332074659 0.000946658722 6.76886111e-06 0 0.0388368182 0 0.000337004778 0.00111684157 0 0 0 3.86006177e-05 2.3412133e-06 0 0 0.000701238867 0 3.23964778e-05 0 0.0359628759 2.94819747e-05 5.10625205e-06 8.97350947e-06 0.0429269001 0 0 0.00362214982 0.0252039004 0 0 0 0 0 1 0 0 0 0.340909094 0.244650543 0.694476068 0.671187162 0.743558586 1 1
G1215 0.00253894716 0.000164953424 0.0961182192 0 0.000121812685 0.173608795 0 5.01522954e-05 1.15975672e-05 0.000358112738 0.000496062916 0.00233169971 0.000734169211 0.0188608523 0.0177780315 0 0.00109477318 0.00978785381 0.00076645118 0 0.0231125187 4.84953598e-05 0.00258622295 0.0158644356 0.000274597289 0.00192089169 0 0 0.000790133723 4.51252527e-05 3.89239649e-05 0 0 4.19750251e-07 0 0.0308773443 0.00332074659 0.000946658722 6.76886111e-06 0 0.0388368182 0 0.000337004778 0.00111684157 0 0 0 3.86006177e-05 2.3412133e-06 0 0 0.000701238867 0 3.23964778e-05 0 0.0359628759 2.94819747e-05 5.10625205e-06 8.97350947e-06 0.0429269001 0 0 0.00362214982 0.0252039004 0 0 1 0 0 0 0 0 0 0.363636374 0.244650543 0.779856324 0.476765484 0.645616353 1 1
G1216 0.00253894716 0.000164953424 0.0961182192 0 0.000121812685 0.173608795 0 5.01522954e-05 1.15975672e-05 0.000358112738 0.000496062916 0.00233169971 0.000734169211 0.0188608523 0.0177780315 0 0.00109477318 0.00978785381 0.00076645118 0 0.0231125187 4.84953598e-05 0.00258622295 0.0158644356 0.000274597289 0.00192089169 0 0 0.000790133723 4.51252527e-05 3.89239649e-05 0 0 4.19750251e-07 0 0.0308773443 0.00332074659 0.000946658722 6.76886111e-06 0 0.0388368182 0 0.000337004778 0.00111684157 0 0 0 3.86006177e-05 2.3412133e-06 0 0 0.000701238867 0 3.23964778e-05 0 0.0359628759 2.94819747e-05 5.10625205e-06 8.97350947e-06 0.0429269001 0 0 0.00362214982 0.0252039004 0 0 1 0 0 0 0 0 0 0.363636374 0.244650543 0.779856324 0.476765484 0.710646272 1 1
G1239 0.00253894716 0.000164953424 0.0961182192 0 0.000121812685 0.173608795 0 5.01522954e-05 1.15975672e-05 0.000358112738 0.000496062916 0.00233169971 0.000734169211 0.0188608523 0.0177780315 0 0.00109477318 0.00978785381 0.00076645118 0 0.0231125187 4.84953598e-05 0.00258622295 0.0158644356 0.000274597289 0.00192089169 0 0 0.000790133723 4.51252527e-05 3.89239649e-05 0 0 4.19750251e-07 0 0.0308773443 0.00332074659 0.000946658722 6.76886111e-06 0 0.0388368182 0 0.000337004778 0.00111684157 0 0 0 3.86006177e-05 2.3412133e-06 0 0 0.000701238867 0 3.23964778e-05 0 0.0359628759 2.94819747e-05 5.10625205e-06 8.97350947e-06 0.0429269001 0 0 0.00362214982 0.0252039004 0 0 1 0 0 0 0 0 0 0.386363626 0.244650543 0.660431087 0.707571566 0.57022208 1 1
G1240 0.00253894716 0.000164953424 0.0961182192 0 0.000121812685 0.173608795 0 5.01522954e-05 1.15975672e-05 0.000358112738 0.000496062916 0.00233169971 0.000734169211 0.0188608523 0.0177780315 0 0.00109477318 0.00978785381 0.00076645118 0 0.0231125187 4.84953598e-05 0.00258622295 0.0158644356 0.000274597289 0.00192089169 0 0 0.000790133723 4.51252527e-05 3.89239649e-05 0 0 4.19750251e-07 0 0.0308773443 0.00332074659 0.000946658722 6.76886111e-06 0 0.0388368182 0 0.000337004778 0.00111684157 0 0 0 3.86006177e-05 2.3412133e-06 0 0 0.000701238867 0 3.23964778e-05 0 0.0359628759 2.94819747e-05 5.10625205e-06 8.97350947e-06 0.0429269001 0 0 0.00362214982 0.0252039004 0 0 1 0 0 0 0 0 0 0.386363626 0.387761921 0.660431087 0.707571566 0.662297249 1 1
G1259 0.00253894716 0.000164953424 0.0961182192 0 0.000121812685 0.173608795 0 5.01522954e-05 1.15975672e-05 0.000358112738 0.000496062916 0.00233169971 0.000734169211 0.0188608523 0.0177780315 0 0.00109477318 0.00978785381 0.00076645118 0 0.0231125187 4.84953598e-05 0.00258622295 0.0158644356 0.000274597289 0.00192089169 0 0 0.000790133723 4.51252527e-05 3.89239649e-05 0 0 4.19750251e-07 0 0.0308773443 0.00332074659 0.000946658722 6.76886111e-06 0 0.0388368182 0 0.000337004778 0.00111684157 0 0 0 3.86006177e-05 2.3412133e-06 0 0 0.000701238867 0 3.23964778e-05 0 0.0359628759 2.94819747e-05 5.10625205e-06 8.97350947e-06 0.0429269001 0 0 0.00362214982 0.0252039004 0 0 0 0 0 1 0 0 0 0.409090906 0.244650543 0.767196298 0.619380713 0.56335777 1 1
G1284 0.00253894716 0.000164953424 0.0961182192 0 0.000121812685 0.173608795 0 5.01522954e-05 1.15975672e-05 0.000358112738 0.000496062916 0.00233169971 0.000734169211 0.0188608523 0.0177780315 0 0.00109477318 0.00978785381 0.00076645118 0 0.0231125187 4.84953598e-05 0.00258622295 0.0158644356 0.000274597289 0.00192089169 0 0 0.000790133723 4.51252527e-05 3.89239649e-05 0 0 4.19750251e-07 0 0.0308773443 0.00332074659 0.000946658722 6.76886111e-06 0 0.0388368182 0 0.000337004778 0.00111684157 0 0 0 3.86006177e-05 2.3412133e-06 0 0 0.000701238867 0 3.23964778e-05 0 0.0359628759 2.94819747e-05 5.10625205e-06 8.97350947e-06 0.0429269001 0 0 0.00362214982 0.0252039004 0 0 0 0 0 1 0 0 0 0.409090906 0.387761921 0.767196298 0.619380713 0.84363091 1 1
G1296 0.00253894716 0.000164953424 0.0961182192 0 0.000121812685 0.173608795 0 5.01522954e-05 1.15975672e-05 0.000358112738 0.000496062916 0.00233169971 0.000734169211 0.0188608523 0.0177780315 0 0.00109477318 0.00978785381 0.00076645118 0 0.0231125187 4.84953598e-05 0.00258622295 0.0158644356 0.000274597289 0.00192089169 0 0 0.000790133723 4.51252527e-05 3.89239649e-05 0 0 4.19750251e-07 0 0.0308773443 0.00332074659 0.000946658722 6.76886111e-06 0 0.0388368182 0 0.000337004778 0.00111684157 0 0 0 3.86006177e-05 2.3412133e-06 0 0 0.000701238867 0 3.23964778e-05 0 0.0359628759 2.94819747e-05 5.10625205e-06 8.97350947e-06 0.0429269001 0 0 0.00362214982 0.0252039004 0 0 0 0 0 1 0 0 0 0.409090906 0.387761921 0.767196298 0.619380713 0.658273697 1 1
G1302 0.00253894716 0.000164953424 0.0961182192 0 0.000121812685 0.173608795 0 5.01522954e-05 1.15975672e-05 0.000358112738 0.000496062916 0.00233169971 0.000734169211 0.0188608523 0.0177780315 0 0.00109477318 0.00978785381 0.00076645118 0 0.0231125187 4.84953598e-05 0.00258622295 0.0158644356 0.000274597289 0.00192089169 0 0 0.000790133723 4.51252527e-05 3.89239649e-05 0 0 4.19750251e-07 0 0.0308773443 0.00332074659 0.000946658722 6.76886111e-06 0 0.0388368182 0 0.000337004778 0.00111684157 0 0 0 3.86006177e-05 2.3412133e-06 0 0 0.000701238867 0 3.23964778e-05 0 0.0359628759 2.94819747e-05 5.10625205e-06 8.97350947e-06 0.0429269001 0 0 0.00362214982 0.0252039004 0 1 0 0 0 0 0 0 0 0.431818187 0.387761921 0.389928162 0.6442011 0.532842994 1 1
G1320 0.00253894716 0.000164953424 0.0961182192 0 0.000121812685 0.173608795 0 5.01522954e-05 1.15975672e-05 0.000358112738 0.000496062916 0.00233169971 0.000734169211 0.0188608523 0.0177780315 0 0.00109477318 0.00978785381 0.00076645118 0 0.0231125187 4.84953598e-05 0.00258622295 0.0158644356 0.000274597289 0.00192089169 0 0 0.000790133723 4.51252527e-05 3.89239649e-05 0 0 4.19750251e-07 0 0.0308773443 0.00332074659 0.000946658722 6.76886111e-06 0 0.0388368182 0 0.000337004778 0.00111684157 0 0 0 3.86006177e-05 2.3412133e-06 0 0 0.000701238867 0 3.23964778e-05 0 0.0359628759 2.94819747e-05 5.10625205e-06 8.97350947e-06 0.0429269001 0 0 0.00362214982 0.0252039004 0 0 0 0 0 1 0 0 0 0.431818187 0.244650543 0.674750268 0.715654492 0.84221375 1 1
G1331 0.00253894716 0.000164953424 0.0961182192 0 0.000121812685 0.173608795 0 5.01522954e-05 1.15975672e-05 0.000358112738 0.000496062916 0.00233169971 0.000734169211 0.0188608523 0.0177780315 0 0.00109477318 0.00978785381 0.00076645118 0 0.0231125187 4.84953598e-05 0.00258622295 0.0158644356 0.000274597289 0.00192089169 0 0 0.000790133723 4.51252527e-05 3.89239649e-05 0 0 4.19750251e-07 0 0.0308773443 0.00332074659 0.000946658722 6.76886111e-06 0 0.0388368182 0 0.000337004778 0.00111684157 0 0 0 3.86006177e-05 2.3412133e-06 0 0 0.000701238867 0 3.23964778e-05 0 0.0359628759 2.94819747e-05 5.10625205e-06 8.97350947e-06 0.0429269001 0 0 0.00362214982 0.0252039004 0 0 0 0 0 1 0 0 0 0.431818187 0.244650543 0.674750268 0.715654492 0.701351166 1 1
G1335 0.00253894716 0.000164953424 0.0961182192 0 0.000121812685 0.173608795 0 5.01522954e-05 1.15975672e-05 0.000358112738 0.000496062916 0.00233169971 0.000734169211 0.0188608523 0.0177780315 0 0.00109477318 0.00978785381 0.00076645118 0 0.0231125187 4.84953598e-05 0.00258622295 0.0158644356 0.000274597289 0.00192089169 0 0 0.000790133723 4.51252527e-05 3.89239649e-05 0 0 4.19750251e-07 0 0.0308773443 0.00332074659 0.000946658722 6.76886111e-06 0 0.0388368182 0 0.000337004778 0.00111684157 0 0 0 3.86006177e-05 2.3412133e-06 0 0 0.000701238867 0 3.23964778e-05 0 0.0359628759 2.94819747e-05 5.10625205e-06 8.97350947e-06 0.0429269001 0 0 0.00362214982 0.0252039004 0 0 0 0 0 1 0 0 0 0.454545468 0.244650543 0.700642169 0.386520684 0.797005594 1 1
G987 0.00253894716 0.000164953424 0.0961182192 0 0.000121812685 0.173608795 0 5.01522954e-05 1.15975672e-05 0.000358112738 0.000496062916 0.00233169971 0.000734169211 0.0188608523 0.0177780315 0 0.00109477318 0.00978785381 0.00076645118 0 0.0231125187 4.84953598e-05 0.00258622295 0.0158644356 0.000274597289 0.00192089169 0 0 0.000790133723 4.51252527e-05 3.89239649e-05 0 0 4.19750251e-07 0 0.0308773443 0.00332074659 0.000946658722 6.76886111e-06 0 0.0388368182 0 0.000337004778 0.00111684157 0 0 0 3.86006177e-05 2.3412133e-06 0 0 0.000701238867 0 3.23964778e-05 0 0.0359628759 2.94819747e-05 5.10625205e-06 8.97350947e-06 0.0429269001 0 0 0.00362214982 0.0252039004 0 0 1 0 0 0 0 0 0 0.204545453 0.244650543 0.513973355 0.537254095 0.791389585 1 1
G1019 0.00253894716 0.000164953424 0.0961182192 0 0.000121812685 0.173608795 0 5.01522954e-05 1.15975672e-05 0.000358112738 0.000496062916 0.00233169971 0.000734169211 0.0188608523 0.0177780315 0 0.00109477318 0.00978785381 0.00076645118 0 0.0231125187 4.84953598e-05 0.00258622295 0.0158644356 0.000274597289 0.00192089169 0 0 0.000790133723 4.51252527e-05 3.89239649e-05 0 0 4.19750251e-07 0 0.0308773443 0.00332074659 0.000946658722 6.76886111e-06 0 0.0388368182 0 0.000337004778 0.00111684157 0 0 0 3.86006177e-05 2.3412133e-06 0 0 0.000701238867 0 3.23964778e-05 0 0.0359628759 2.94819747e-05 5.10625205e-06 8.97350947e-06 0.0429269001 0 0 0.00362214982 0.0252039004 0 0 0 0 0 1 0 0 0 0.227272734 0.387761921 0.590016782 0.490540475 0.789476812 1 1
G1069 0.00253894716 0.000164953424 0.0961182192 0 0.000121812685 0.173608795 0 5.01522954e-05 1.15975672e-05 0.000358112738 0.000496062916 0.00233169971 0.000734169211 0.0188608523 0.0177780315 0 0.00109477318 0.00978785381 0.00076645118 0 0.0231125187 4.84953598e-05 0.00258622295 0.0158644356 0.000274597289 0.00192089169 0 0 0.000790133723 4.51252527e-05 3.89239649e-05 0 0 4.19750251e-07 0 0.0308773443 0.00332074659 0.000946658722 6.76886111e-06 0 0.0388368182 0 0.000337004778 0.00111684157 0 0 0 3.86006177e-05 2.3412133e-06 0 0 0.000701238867 0 3.23964778e-05 0 0.0359628759 2.94819747e-05 5.10625205e-06 8.97350947e-06 0.0429269001 0 0 0.00362214982 0.0252039004 0 0 0 0 0 1 0 0 0 0.25 0.387761921 0.542648375 0.556838155 0.78754288 1 1
G1072 0.00253894716 0.000164953424 0.0961182192 0 0.000121812685 0.173608795 0 5.01522954e-05 1.15975672e-05 0.000358112738 0.000496062916 0.00233169971 0.000734169211 0.0188608523 0.0177780315 0 0.00109477318 0.00978785381 0.00076645118 0 0.0231125187 4.84953598e-05 0.00258622295 0.0158644356 0.000274597289 0.00192089169 0 0 0.000790133723 4.51252527e-05 3.89239649e-05 0 0 4.19750251e-07 0 0.0308773443 0.00332074659 0.000946658722 6.76886111e-06 0 0.0388368182 0 0.000337004778 0.00111684157 0 0 0 3.86006177e-05 2.3412133e-06 0 0 0.000701238867 0 3.23964778e-05 0 0.0359628759 2.94819747e-05 5.10625205e-06 8.97350947e-06 0.0429269001 0 0 0.00362214982 0.0252039004 0 0 0 0 0 1 0 0 0 0.25 0.387761921 0.542648375 0.556838155 0.889331818 1 1
G1111 0.00253894716 0.000164953424 0.0961182192 0 0.000121812685 0.173608795 0 5.01522954e-05 1.15975672e-05 0.000358112738 0.000496062916 0.00233169971 0.000734169211 0.0188608523 0.0177780315 0 0.00109477318 0.00978785381 0.00076645118 0 0.0231125187 4.84953598e-05 0.00258622295 0.0158644356 0.000274597289 0.00192089169 0 0 0.000790133723 4.51252527e-05 3.89239649e-05 0 0 4.19750251e-07 0 0.0308773443 0.00332074659 0.000946658722 6.76886111e-06 0 0.0388368182 0 0.000337004778 0.00111684157 0 0 0 3.86006177e-05 2.3412133e-06 0 0 0.000701238867 0 3.23964778e-05 0 0.0359628759 2.94819747e-05 5.10625205e-06 8.97350947e-06 0.0429269001 0 0 0.00362214982 0.0252039004 0 0 0 0 0 1 0 0 0 0.272727281 0.244650543 0.610071838 0.515360892 0.888241351 1 1
G1130 0.00253894716 0.000164953424 0.0961182192 0 0.000121812685 0.173608795 0 5.01522954e-05 1.15975672e-05 0.000358112738 0.000496062916 0.00233169971 0.000734169211 0.0188608523 0.0177780315 0 0.00109477318 0.00978785381 0.00076645118 0 0.0231125187 4.84953598e-05 0.00258622295 0.0158644356 0.000274597289 0.00192089169 0 0 0.000790133723 4.51252527e-05 3.89239649e-05 0 0 4.19750251e-07 0 0.0308773443 0.00332074659 0.000946658722 6.76886111e-06 0 0.0388368182 0 0.000337004778 0.00111684157 0 0 0 3.86006177e-05 2.3412133e-06 0 0 0.000701238867 0 3.23964778e-05 0 0.0359628759 2.94819747e-05 5.10625205e-06 8.97350947e-06 0.0429269001 0 0 0.00362214982 0.0252039004 0 0 0 0 0 1 0 0 0 0.272727281 0.244650543 0.610071838 0.515360892 0.78558737 1 1
G988 0.00253894716 0.000164953424 0.0961182192 0 0.000121812685 0.173608795 0 5.01522954e-05 1.15975672e-05 0.000358112738 0.000496062916 0.00233169971 0.000734169211 0.0188608523 0.0177780315 0 0.00109477318 0.00978785381 0.00076645118 0 0.0231125187 4.84953598e-05 0.00258622295 0.0158644356 0.000274597289 0.00192089169 0 0 0.000790133723 4.51252527e-05 3.89239649e-05 0 0 4.19750251e-07 0 0.0308773443 0.00332074659 0.000946658722 6.76886111e-06 0 0.0388368182 0 0.000337004778 0.00111684157 0 0 0 3.86006177e-05 2.3412133e-06 0 0 0.000701238867 0 3.23964778e-05 0 0.0359628759 2.94819747e-05 5.10625205e-06 8.97350947e-06 0.0429269001 0 0 0.00362214982 0.0252039004 0 0 1 0 0 0 0 0 0 0.204545453 0.244650543 0.513973355 0.537254095 0.766928852 1 1
G1012 0.00253894716 0.000164953424 0.0961182192 0 0.000121812685 0.173608795 0 5.01522954e-05 1.15975672e-05 0.000358112738 0.000496062916 0.00233169971 0.000734169211 0.0188608523 0.0177780315 0 0.00109477318 0.00978785381 0.00076645118 0 0.0231125187 4.84953598e-05 0.00258622295 0.0158644356 0.000274597289 0.00192089169 0 0 0.000790133723 4.51252527e-05 3.89239649e-05 0 0 4.19750251e-07 0 0.0308773443 0.00332074659 0.000946658722 6.76886111e-06 0 0.0388368182 0 0.000337004778 0.00111684157 0 0 0 3.86006177e-05 2.3412133e-06 0 0 0.000701238867 0 3.23964778e-05 0 0.0359628759 2.94819747e-05 5.10625205e-06 8.97350947e-06 0.0429269001 0 0 0.00362214982 0.0252039004 0 0 0 0 0 1 0 0 0 0.227272734 0.387761921 0.590016782 0.490540475 0.764727354 1 1
G1062 0.00253894716 0.000164953424 0.0961182192 0 0.000121812685 0.173608795 0 5.01522954e-05 1.15975672e-05 0.000358112738 0.000496062916 0.00233169971 0.000734169211 0.0188608523 0.0177780315 0 0.00109477318 0.00978785381 0.00076645118 0 0.0231125187 4.84953598e-05 0.00258622295 0.0158644356 0.000274597289 0.00192089169 0 0 0.000790133723 4.51252527e-05 3.89239649e-05 0 0 4.19750251e-07 0 0.0308773443 0.00332074659 0.000946658722 6.76886111e-06 0 0.0388368182 0 0.000337004778 0.00111684157 0 0 0 3.86006177e-05 2.3412133e-06 0 0 0.000701238867 0 3.23964778e-05 0 0.0359628759 2.94819747e-05 5.10625205e-06 8.97350947e-06 0.0429269001 0 0 0.00362214982 0.0252039004 0 0 0 0 0 1 0 0 0 0.25 0.387761921 0.542648375 0.556838155 0.824247539 1 1
G1081 0.00253894716 0.000164953424 0.0961182192 0 0.000121812685 0.173608795 0 5.01522954e-05 1.15975672e-05 0.000358112738 0.000496062916 0.00233169971 0.000734169211 0.0188608523 0.0177780315 0 0.00109477318 0.00978785381 0.00076645118 0 0.0231125187 4.84953598e-05 0.00258622295 0.0158644356 0.000274597289 0.00192089169 0 0 0.000790133723 4.51252527e-05 3.89239649e-05 0 0 4.19750251e-07 0 0.0308773443 0.00332074659 0.000946658722 6.76886111e-06 0 0.0388368182 0 0.000337004778 0.00111684157 0 0 0 3.86006177e-05 2.3412133e-06 0 0 0.000701238867 0 3.23964778e-05 0 0.0359628759 2.94819747e-05 5.10625205e-06 8.97350947e-06 0.0429269001 0 0 0.00362214982 0.0252039004 0 0 0 0 0 1 0 0 0 0.25 0.387761921 0.542648375 0.556838155 0.762497842 1 1
G1124 0.00253894716 0.000164953424 0.0961182192 0 0.000121812685 0.173608795 0 5.01522954e-05 1.15975672e-05 0.000358112738 0.000496062916 0.00233169971 0.000734169211 0.0188608523 0.0177780315 0 0.00109477318 0.00978785381 0.00076645118 0 0.0231125187 4.84953598e-05 0.00258622295 0.0158644356 0.000274597289 0.00192089169 0 0 0.000790133723 4.51252527e-05 3.89239649e-05 0 0 4.19750251e-07 0 0.0308773443 0.00332074659 0.000946658722 6.76886111e-06 0 0.0388368182 0 0.000337004778 0.00111684157 0 0 0 3.86006177e-05 2.3412133e-06 0 0 0.000701238867 0 3.23964778e-05 0 0.0359628759 2.94819747e-05 5.10625205e-06 8.97350947e-06 0.0429269001 0 0 0.00362214982 0.0252039004 0 0 1 0 0 0 0 0 0 0.272727281 0.244650543 0.70662421 0.515360892 0.727874994 1 1
G1125 0.00253894716 0.000164953424 0.0961182192 0 0.000121812685 0.173608795 0 5.01522954e-05 1.15975672e-05 0.000358112738 0.000496062916 0.00233169971 0.000734169211 0.0188608523 0.0177780315 0 0.00109477318 0.00978785381 0.00076645118 0 0.0231125187 4.84953598e-05 0.00258622295 0.0158644356 0.000274597289 0.00192089169 0 0 0.000790133723 4.51252527e-05 3.89239649e-05 0 0 4.19750251e-07 0 0.0308773443 0.00332074659 0.000946658722 6.76886111e-06 0 0.0388368182 0 0.000337004778 0.00111684157 0 0 0 3.86006177e-05 2.3412133e-06 0 0 0.000701238867 0 3.23964778e-05 0 0.0359628759 2.94819747e-05 5.10625205e-06 8.97350947e-06 0.0429269001 0 0 0.00362214982 0.0252039004 0 0 0 0 0 1 0 0 0 0.272727281 0.244650543 0.610071838 0.515360892 0.775467992 1 1
G1132 0.00253894716 0.000164953424 0.0961182192 0 0.000121812685 0.173608795 0 5.01522954e-05 1.15975672e-05 0.000358112738 0.000496062916 0.00233169971 0.000734169211 0.0188608523 0.0177780315 0 0.00109477318 0.00978785381 0.00076645118 0 0.0231125187 4.84953598e-05 0.00258622295 0.0158644356 0.000274597289 0.00192089169 0 0 0.000790133723 4.51252527e-05 3.89239649e-05 0 0 4.19750251e-07 0 0.0308773443 0.00332074659 0.000946658722 6.76886111e-06 0 0.0388368182 0 0.000337004778 0.00111684157 0 0 0 3.86006177e-05 2.3412133e-06 0 0 0.000701238867 0 3.23964778e-05 0 0.0359628759 2.94819747e-05 5.10625205e-06 8.97350947e-06 0.0429269001 0 0 0.00362214982 0.0252039004 0 0 0 0 0 1 0 0 0 0.272727281 0.387761921 0.610071838 0.515360892 0.822663665 1 1
G1135 0.00253894716 0.000164953424 0.0961182192 0 0.000121812685 0.173608795 0 5.01522954e-05 1.15975672e-05 0.000358112738 0.000496062916 0.00233169971 0.000734169211 0.0188608523 0.0177780315 0 0.00109477318 0.00978785381 0.00076645118 0 0.0231125187 4.84953598e-05 0.00258622295 0.0158644356 0.000274597289 0.00192089169 0 0 0.000790133723 4.51252527e-05 3.89239649e-05 0 0 4.19750251e-07 0 0.0308773443 0.00332074659 0.000946658722 6.76886111e-06 0 0.0388368182 0 0.000337004778 0.00111684157 0 0 0 3.86006177e-05 2.3412133e-06 0 0 0.000701238867 0 3.23964778e-05 0 0.0359628759 2.94819747e-05 5.10625205e-06 8.97350947e-06 0.0429269001 0 0 0.00362214982 0.0252039004 0 0 0 0 0 1 0 0 0 0.272727281 0.387761921 0.610071838 0.515360892 0.915532589 1 1
G1151 0.00253894716 0.000164953424 0.0961182192 0 0.000121812685 0.173608795 0 5.01522954e-05 1.15975672e-05 0.000358112738 0.000496062916 0.00233169971 0.000734169211 0.0188608523 0.0177780315 0 0.00109477318 0.00978785381 0.00076645118 0 0.0231125187 4.84953598e-05 0.00258622295 0.0158644356 0.000274597289 0.00192089169 0 0 0.000790133723 4.51252527e-05 3.89239649e-05 0 0 4.19750251e-07 0 0.0308773443 0.00332074659 0.000946658722 6.76886111e-06 0 0.0388368182 0 0.000337004778 0.00111684157 0 0 0 3.86006177e-05 2.3412133e-06 0 0 0.000701238867 0 3.23964778e-05 0 0.0359628759 2.94819747e-05 5.10625205e-06 8.97350947e-06 0.0429269001 0 0 0.00362214982 0.0252039004 0 0 1 0 0 0 0 0 0 0.295454532 0.244650543 0.70662421 0.490540475 0.733260512 1 1
G1166 0.00253894716 0.000164953424 0.0961182192 0 0.000121812685 0.173608795 0 5.01522954e-05 1.15975672e-05 0.000358112738 0.000496062916 0.00233169971 0.000734169211 0.0188608523 0.0177780315 0 0.00109477318 0.00978785381 0.00076645118 0 0.0231125187 4.84953598e-05 0.00258622295 0.0158644356 0.000274597289 0.00192089169 0 0 0.000790133723 4.51252527e-05 3.89239649e-05 0 0 4.19750251e-07 0 0.0308773443 0.00332074659 0.000946658722 6.76886111e-06 0 0.0388368182 0 0.000337004778 0.00111684157 0 0 0 3.86006177e-05 2.3412133e-06 0 0 0.000701238867 0 3.23964778e-05 0 0.0359628759 2.94819747e-05 5.10625205e-06 8.97350947e-06 0.0429269001 0 0 0.00362214982 0.0252039004 0 0 0 0 0 1 0 0 0 0.295454532 0.244650543 0.567728996 0.574554145 0.821065307 1 1
G1167 0.00253894716 0.000164953424 0.0961182192 0 0.000121812685 0.173608795 0 5.01522954e-05 1.15975672e-05 0.000358112738 0.000496062916 0.00233169971 0.000734169211 0.0188608523 0.0177780315 0 0.00109477318 0.00978785381 0.00076645118 0 0.0231125187 4.84953598e-05 0.00258622295 0.0158644356 0.000274597289 0.00192089169 0 0 0.000790133723 4.51252527e-05 3.89239649e-05 0 0 4.19750251e-07 0 0.0308773443 0.00332074659 0.000946658722 6.76886111e-06 0 0.0388368182 0 0.000337004778 0.00111684157 0 0 0 3.86006177e-05 2.3412133e-06 0 0 0.000701238867 0 3.23964778e-05 0 0.0359628759 2.94819747e-05 5.10625205e-06 8.97350947e-06 0.0429269001 0 0 0.00362214982 0.0252039004 0 0 1 0 0 0 0 0 0 0.295454532 0.244650543 0.718077838 0.515360892 0.800651908 1 1
G1169 0.00253894716 0.000164953424 0.0961182192 0 0.000121812685 0.173608795 0 5.01522954e-05 1.15975672e-05 0.000358112738 0.000496062916 0.00233169971 0.000734169211 0.0188608523 0.0177780315 0 0.00109477318 0.00978785381 0.00076645118 0 0.0231125187 4.84953598e-05 0.00258622295 0.0158644356 0.000274597289 0.00192089169 0 0 0.000790133723 4.51252527e-05 3.89239649e-05 0 0 4.19750251e-07 0 0.0308773443 0.00332074659 0.000946658722 6.76886111e-06 0 0.0388368182 0 0.000337004778 0.00111684157 0 0 0 3.86006177e-05 2.3412133e-06 0 0 0.000701238867 0 3.23964778e-05 0 0.0359628759 2.94819747e-05 5.10625205e-06 8.97350947e-06 0.0429269001 0 0 0.00362214982 0.0252039004 0 0 0 0 0 1 0 0 0 0.295454532 0.244650543 0.567728996 0.574554145 0.914594173 1 1
G1170 0.00253894716 0.000164953424 0.0961182192 0 0.000121812685 0.173608795 0 5.01522954e-05 1.15975672e-05 0.000358112738 0.000496062916 0.00233169971 0.000734169211 0.0188608523 0.0177780315 0 0.00109477318 0.00978785381 0.00076645118 0 0.0231125187 4.84953598e-05 0.00258622295 0.0158644356 0.000274597289 0.00192089169 0 0 0.000790133723 4.51252527e-05 3.89239649e-05 0 0 4.19750251e-07 0 0.0308773443 0.00332074659 0.000946658722 6.76886111e-06 0 0.0388368182 0 0.000337004778 0.00111684157 0 0 0 3.86006177e-05 2.3412133e-06 0 0 0.000701238867 0 3.23964778e-05 0 0.0359628759 2.94819747e-05 5.10625205e-06 8.97350947e-06 0.0429269001 0 0 0.00362214982 0.0252039004 0 0 1 0 0 0 0 0 0 0.295454532 0.244650543 0.718077838 0.515360892 0.902922034 1 1
G1171 0.00253894716 0.000164953424 0.0961182192 0 0.000121812685 0.173608795 0 5.01522954e-05 1.15975672e-05 0.000358112738 0.000496062916 0.00233169971 0.000734169211 0.0188608523 0.0177780315 0 0.00109477318 0.00978785381 0.00076645118 0 0.0231125187 4.84953598e-05 0.00258622295 0.0158644356 0.000274597289 0.00192089169 0 0 0.000790133723 4.51252527e-05 3.89239649e-05 0 0 4.19750251e-07 0 0.0308773443 0.00332074659 0.000946658722 6.76886111e-06 0 0.0388368182 0 0.000337004778 0.00111684157 0 0 0 3.86006177e-05 2.3412133e-06 0 0 0.000701238867 0 3.23964778e-05 0 0.0359628759 2.94819747e-05 5.10625205e-06 8.97350947e-06 0.0429269001 0 0 0.00362214982 0.0252039004 0 0 1 0 0 0 0 0 0 0.318181813 0.387761921 0.681543589 0.660857975 0.684670269 1 1
G1187 0.00253894716 0.000164953424 0.0961182192 0 0.000121812685 0.173608795 0 5.01522954e-05 1.15975672e-05 0.000358112738 0.000496062916 0.00233169971 0.000734169211 0.0188608523 0.0177780315 0 0.00109477318 0.00978785381 0.00076645118 0 0.0231125187 4.84953598e-05 0.00258622295 0.0158644356 0.000274597289 0.00192089169 0 0 0.000790133723 4.51252527e-05 3.89239649e-05 0 0 4.19750251e-07 0 0.0308773443 0.00332074659 0.000946658722 6.76886111e-06 0 0.0388368182 0 0.000337004778 0.00111684157 0 0 0 3.86006177e-05 2.3412133e-06 0 0 0.000701238867 0 3.23964778e-05 0 0.0359628759 2.94819747e-05 5.10625205e-06 8.97350947e-06 0.0429269001 0 0 0.00362214982 0.0252039004 0 0 1 0 0 0 0 0 0 0.318181813 0.244650543 0.718077838 0.537254095 0.797005594 1 1
G1188 0.00253894716 0.000164953424 0.0961182192 0 0.000121812685 0.173608795 0 5.01522954e-05 1.15975672e-05 0.000358112738 0.000496062916 0.00233169971 0.000734169211 0.0188608523 0.0177780315 0 0.00109477318 0.00978785381 0.00076645118 0 0.0231125187 4.84953598e-05 0.00258622295 0.0158644356 0.000274597289 0.00192089169 0 0 0.000790133723 4.51252527e-05 3.89239649e-05 0 0 4.19750251e-07 0 0.0308773443 0.00332074659 0.000946658722 6.76886111e-06 0 0.0388368182 0 0.000337004778 0.00111684157 0 0 0 3.86006177e-05 2.3412133e-06 0 0 0.000701238867 0 3.23964778e-05 0 0.0359628759 2.94819747e-05 5.10625205e-06 8.97350947e-06 0.0429269001 0 0 0.00362214982 0.0252039004 0 0 1 0 0 0 0 0 0 0.318181813 0.244650543 0.718077838 0.537254095 0.900898695 1 1
G1203 0.00253894716 0.000164953424 0.0961182192 0 0.000121812685 0.173608795 0 5.01522954e-05 1.15975672e-05 0.000358112738 0.000496062916 0.00233169971 0.000734169211 0.0188608523 0.0177780315 0 0.00109477318 0.00978785381 0.00076645118 0 0.0231125187 4.84953598e-05 0.00258622295 0.0158644356 0.000274597289 0.00192089169 0 0 0.000790133723 4.51252527e-05 3.89239649e-05 0 0 4.19750251e-07 0 0.0308773443 0.00332074659 0.000946658722 6.76886111e-06 0 0.0388368182 0 0.000337004778 0.00111684157 0 0 0 3.86006177e-05 2.3412133e-06 0 0 0.000701238867 0 3.23964778e-05 0 0.0359628759 2.94819747e-05 5.10625205e-06 8.97350947e-06 0.0429269001 0 0 0.00362214982 0.0252039004 0 0 1 0 0 0 0 0 0 0.340909094 0.244650543 0.771505773 0.476765484 0.636639178 1 1
G1204 0.00253894716 0.000164953424 0.0961182192 0 0.000121812685 0.173608795 0 5.01522954e-05 1.15975672e-05 0.000358112738 0.000496062916 0.00233169971 0.000734169211 0.0188608523 0.0177780315 0 0.00109477318 0.00978785381 0.00076645118 0 0.0231125187 4.84953598e-05 0.00258622295 0.0158644356 0.000274597289 0.00192089169 0 0 0.000790133723 4.51252527e-05 3.89239649e-05 0 0 4.19750251e-07 0 0.0308773443 0.00332074659 0.000946658722 6.76886111e-06 0 0.0388368182 0 0.000337004778 0.00111684157 0 0 0 3.86006177e-05 2.3412133e-06 0 0 0.000701238867 0 3.23964778e-05 0 0.0359628759 2.94819747e-05 5.10625205e-06 8.97350947e-06 0.0429269001 0 0 0.00362214982 0.0252039004 0 0 0 0 0 1 0 0 0 0.340909094 0.244650543 0.718077838 0.638299763 0.684670269 1 1
G1209 0.00253894716 0.000164953424 0.0961182192 0 0.000121812685 0.173608795 0 5.01522954e-05 1.15975672e-05 0.000358112738 0.000496062916 0.00233169971 0.000734169211 0.0188608523 0.0177780315 0 0.00109477318 0.00978785381 0.00076645118 0 0.0231125187 4.84953598e-05 0.00258622295 0.0158644356 0.000274597289 0.00192089169 0 0 0.000790133723 4.51252527e-05 3.89239649e-05 0 0 4.19750251e-07 0 0.0308773443 0.00332074659 0.000946658722 6.76886111e-06 0 0.0388368182 0 0.000337004778 0.00111684157 0 0 0 3.86006177e-05 2.3412133e-06 0 0 0.000701238867 0 3.23964778e-05 0 0.0359628759 2.94819747e-05 5.10625205e-06 8.97350947e-06 0.0429269001 0 0 0.00362214982 0.0252039004 0 0 1 0 0 0 0 0 0 0.340909094 0.387761921 0.70662421 0.671187162 0.764727354 1 1
G1212 0.00253894716 0.000164953424 0.0961182192 0 0.000121812685 0.173608795 0 5.01522954e-05 1.15975672e-05 0.000358112738 0.000496062916 0.00233169971 0.000734169211 0.0188608523 0.0177780315 0 0.00109477318 0.00978785381 0.00076645118 0 0.0231125187 4.84953598e-05 0.00258622295 0.0158644356 0.000274597289 0.00192089169 0 0 0.000790133723 4.51252527e-05 3.89239649e-05 0 0 4.19750251e-07 0 0.0308773443 0.00332074659 0.000946658722 6.76886111e-06 0 0.0388368182 0 0.000337004778 0.00111684157 0 0 0 3.86006177e-05 2.3412133e-06 0 0 0.000701238867 0 3.23964778e-05 0 0.0359628759 2.94819747e-05 5.10625205e-06 8.97350947e-06 0.0429269001 0 0 0.00362214982 0.0252039004 0 0 1 0 0 0 0 0 0 0.340909094 0.387761921 0.70662421 0.671187162 0.883810341 1 1
G1218 0.00253894716 0.000164953424 0.0961182192 0 0.000121812685 0.173608795 0 5.01522954e-05 1.15975672e-05 0.000358112738 0.000496062916 0.00233169971 0.000734169211 0.0188608523 0.0177780315 0 0.00109477318 0.00978785381 0.00076645118 0 0.0231125187 4.84953598e-05 0.00258622295 0.0158644356 0.000274597289 0.00192089169 0 0 0.000790133723 4.51252527e-05 3.89239649e-05 0 0 4.19750251e-07 0 0.0308773443 0.00332074659 0.000946658722 6.76886111e-06 0 0.0388368182 0 0.000337004778 0.00111684157 0 0 0 3.86006177e-05 2.3412133e-06 0 0 0.000701238867 0 3.23964778e-05 0 0.0359628759 2.94819747e-05 5.10625205e-06 8.97350947e-06 0.0429269001 0 0 0.00362214982 0.0252039004 0 0 1 0 0 0 0 0 0 0.363636374 0.244650543 0.748967052 0.46188736 0.641185343 1 1
G1244 0.00253894716 0.000164953424 0.0961182192 0 0.000121812685 0.173608795 0 5.01522954e-05 1.15975672e-05 0.000358112738 0.000496062916 0.00233169971 0.000734169211 0.0188608523 0.0177780315 0 0.00109477318 0.00978785381 0.00076645118 0 0.0231125187 4.84953598e-05 0.00258622295 0.0158644356 0.000274597289 0.00192089169 0 0 0.000790133723 4.51252527e-05 3.89239649e-05 0 0 4.19750251e-07 0 0.0308773443 0.00332074659 0.000946658722 6.76886111e-06 0 0.0388368182 0 0.000337004778 0.00111684157 0 0 0 3.86006177e-05 2.3412133e-06 0 0 0.000701238867 0 3.23964778e-05 0 0.0359628759 2.94819747e-05 5.10625205e-06 8.97350947e-06 0.0429269001 0 0 0.00362214982 0.0252039004 0 0 0 0 0 1 0 0 0 0.363636374 0.244650543 0.728911996 0.660857975 0.882684827 1 1
G1245 0.00253894716 0.000164953424 0.0961182192 0 0.000121812685 0.173608795 0 5.01522954e-05 1.15975672e-05 0.000358112738 0.000496062916 0.00233169971 0.000734169211 0.0188608523 0.0177780315 0 0.00109477318 0.00978785381 0.00076645118 0 0.0231125187 4.84953598e-05 0.00258622295 0.0158644356 0.000274597289 0.00192089169 0 0 0.000790133723 4.51252527e-05 3.89239649e-05 0 0 4.19750251e-07 0 0.0308773443 0.00332074659 0.000946658722 6.76886111e-06 0 0.0388368182 0 0.000337004778 0.00111684157 0 0 0 3.86006177e-05 2.3412133e-06 0 0 0.000701238867 0 3.23964778e-05 0 0.0359628759 2.94819747e-05 5.10625205e-06 8.97350947e-06 0.0429269001 0 0 0.00362214982 0.0252039004 0 0 1 0 0 0 0 0 0 0.386363626 0.244650543 0.645009398 0.699121177 0.57022208 1 1
G1250 0.00253894716 0.000164953424 0.0961182192 0 0.000121812685 0.173608795 0 5.01522954e-05 1.15975672e-05 0.000358112738 0.000496062916 0.00233169971 0.000734169211 0.0188608523 0.0177780315 0 0.00109477318 0.00978785381 0.00076645118 0 0.0231125187 4.84953598e-05 0.00258622295 0.0158644356 0.000274597289 0.00192089169 0 0 0.000790133723 4.51252527e-05 3.89239649e-05 0 0 4.19750251e-07 0 0.0308773443 0.00332074659 0.000946658722 6.76886111e-06 0 0.0388368182 0 0.000337004778 0.00111684157 0 0 0 3.86006177e-05 2.3412133e-06 0 0 0.000701238867 0 3.23964778e-05 0 0.0359628759 2.94819747e-05 5.10625205e-06 8.97350947e-06 0.0429269001 0 0 0.00362214982 0.0252039004 0 0 0 0 0 1 0 0 0 0.363636374 0.244650543 0.728911996 0.660857975 0.762497842 1 1
G1261 0.00253894716 0.000164953424 0.0961182192 0 0.000121812685 0.173608795 0 5.01522954e-05 1.15975672e-05 0.000358112738 0.000496062916 0.00233169971 0.000734169211 0.0188608523 0.0177780315 0 0.00109477318 0.00978785381 0.00076645118 0 0.0231125187 4.84953598e-05 0.00258622295 0.0158644356 0.000274597289 0.00192089169 0 0 0.000790133723 4.51252527e-05 3.89239649e-05 0 0 4.19750251e-07 0 0.0308773443 0.00332074659 0.000946658722 6.76886111e-06 0 0.0388368182 0 0.000337004778 0.00111684157 0 0 0 3.86006177e-05 2.3412133e-06 0 0 0.000701238867 0 3.23964778e-05 0 0.0359628759 2.94819747e-05 5.10625205e-06 8.97350947e-06 0.0429269001 0 0 0.00362214982 0.0252039004 0 0 0 0 0 1 0 0 0 0.409090906 0.244650543 0.75828892 0.605605721 0.56335777 1 1
G1305 0.00253894716 0.000164953424 0.0961182192 0 0.000121812685 0.173608795 0 5.01522954e-05 1.15975672e-05 0.000358112738 0.000496062916 0.00233169971 0.000734169211 0.0188608523 0.0177780315 0 0.00109477318 0.00978785381 0.00076645118 0 0.0231125187 4.84953598e-05 0.00258622295 0.0158644356 0.000274597289 0.00192089169 0 0 0.000790133723 4.51252527e-05 3.89239649e-05 0 0 4.19750251e-07 0 0.0308773443 0.00332074659 0.000946658722 6.76886111e-06 0 0.0388368182 0 0.000337004778 0.00111684157 0 0 0 3.86006177e-05 2.3412133e-06 0 0 0.000701238867 0 3.23964778e-05 0 0.0359628759 2.94819747e-05 5.10625205e-06 8.97350947e-06 0.0429269001 0 0 0.00362214982 0.0252039004 0 1 0 0 0 0 0 0 0 0.431818187 0.387761921 0.389928162 0.63220489 0.532842994 1 1
G1336 0.00253894716 0.000164953424 0.0961182192 0 0.000121812685 0.173608795 0 5.01522954e-05 1.15975672e-05 0.000358112738 0.000496062916 0.00233169971 0.000734169211 0.0188608523 0.0177780315 0 0.00109477318 0.00978785381 0.00076645118 0 0.0231125187 4.84953598e-05 0.00258622295 0.0158644356 0.000274597289 0.00192089169 0 0 0.000790133723 4.51252527e-05 3.89239649e-05 0 0 4.19750251e-07 0 0.0308773443 0.00332074659 0.000946658722 6.76886111e-06 0 0.0388368182 0 0.000337004778 0.00111684157 0 0 0 3.86006177e-05 2.3412133e-06 0 0 0.000701238867 0 3.23964778e-05 0 0.0359628759 2.94819747e-05 5.10625205e-06 8.97350947e-06 0.0429269001 0 0 0.00362214982 0.0252039004 0 0 0 0 0 1 0 0 0 0.454545468 0.244650543 0.688114107 0.386520684 0.797005594 1 1
G989 0.00253894716 0.000164953424 0.0961182192 0 0.000121812685 0.173608795 0 5.01522954e-05 1.15975672e-05 0.000358112738 0.000496062916 0.00233169971 0.000734169211 0.0188608523 0.0177780315 0 0.00109477318 0.00978785381 0.00076645118 0 0.0231125187 4.84953598e-05 0.00258622295 0.0158644356 0.000274597289 0.00192089169 0 0 0.000790133723 4.51252527e-05 3.89239649e-05 0 0 4.19750251e-07 0 0.0308773443 0.00332074659 0.000946658722 6.76886111e-06 0 0.0388368182 0 0.000337004778 0.00111684157 0 0 0 3.86006177e-05 2.3412133e-06 0 0 0.000701238867 0 3.23964778e-05 0 0.0359628759 2.94819747e-05 5.10625205e-06 8.97350947e-06 0.0429269001 0 0 0.00362214982 0.0252039004 0 0 1 0 0 0 0 0 0 0.204545453 0.489301085 0.513973355 0.537254095 0.771250486 1 1
G1031 0.00253894716 0.000164953424 0.0961182192 0 0.000121812685 0.173608795 0 5.01522954e-05 1.15975672e-05 0.000358112738 0.000496062916 0.00233169971 0.000734169211 0.0188608523 0.0177780315 0 0.00109477318 0.00978785381 0.00076645118 0 0.0231125187 4.84953598e-05 0.00258622295 0.0158644356 0.000274597289 0.00192089169 0 0 0.000790133723 4.51252527e-05 3.89239649e-05 0 0 4.19750251e-07 0 0.0308773443 0.00332074659 0.000946658722 6.76886111e-06 0 0.0388368182 0 0.000337004778 0.00111684157 0 0 0 3.86006177e-05 2.3412133e-06 0 0 0.000701238867 0 3.23964778e-05 0 0.0359628759 2.94819747e-05 5.10625205e-06 8.97350947e-06 0.0429269001 0 0 0.00362214982 0.0252039004 0 0 0 0 0 1 0 0 0 0.227272734 0.387761921 0.590016782 0.490540475 0.807724237 1 1
G1047 0.00253894716 0.000164953424 0.0961182192 0 0.000121812685 0.173608795 0 5.01522954e-05 1.15975672e-05 0.000358112738 0.000496062916 0.00233169971 0.000734169211 0.0188608523 0.0177780315 0 0.00109477318 0.00978785381 0.00076645118 0 0.0231125187 4.84953598e-05 0.00258622295 0.0158644356 0.000274597289 0.00192089169 0 0 0.000790133723 4.51252527e-05 3.89239649e-05 0 0 4.19750251e-07 0 0.0308773443 0.00332074659 0.000946658722 6.76886111e-06 0 0.0388368182 0 0.000337004778 0.00111684157 0 0 0 3.86006177e-05 2.3412133e-06 0 0 0.000701238867 0 3.23964778e-05 0 0.0359628759 2.94819747e-05 5.10625205e-06 8.97350947e-06 0.0429269001 0 0 0.00362214982 0.0252039004 0 0 0 0 0 1 0 0 0 0.227272734 0.387761921 0.590016782 0.490540475 0.769102991 1 1
G1050 0.00253894716 0.000164953424 0.0961182192 0 0.000121812685 0.173608795 0 5.01522954e-05 1.15975672e-05 0.000358112738 0.000496062916 0.00233169971 0.000734169211 0.0188608523 0.0177780315 0 0.00109477318 0.00978785381 0.00076645118 0 0.0231125187 4.84953598e-05 0.00258622295 0.0158644356 0.000274597289 0.00192089169 0 0 0.000790133723 4.51252527e-05 3.89239649e-05 0 0 4.19750251e-07 0 0.0308773443 0.00332074659 0.000946658722 6.76886111e-06 0 0.0388368182 0 0.000337004778 0.00111684157 0 0 0 3.86006177e-05 2.3412133e-06 0 0 0.000701238867 0 3.23964778e-05 0 0.0359628759 2.94819747e-05 5.10625205e-06 8.97350947e-06 0.0429269001 0 0 0.00362214982 0.0252039004 0 0 0 0 0 1 0 0 0 0.227272734 0.387761921 0.590016782 0.490540475 0.895735562 1 1
G1094 0.00253894716 0.000164953424 0.0961182192 0 0.000121812685 0.173608795 0 5.01522954e-05 1.15975672e-05 0.000358112738 0.000496062916 0.00233169971 0.000734169211 0.0188608523 0.0177780315 0 0.00109477318 0.00978785381 0.00076645118 0 0.0231125187 4.84953598e-05 0.00258622295 0.0158644356 0.000274597289 0.00192089169 0 0 0.000790133723 4.51252527e-05 3.89239649e-05 0 0 4.19750251e-07 0 0.0308773443 0.00332074659 0.000946658722 6.76886111e-06 0 0.0388368182 0 0.000337004778 0.00111684157 0 0 0 3.86006177e-05 2.3412133e-06 0 0 0.000701238867 0 3.23964778e-05 0 0.0359628759 2.94819747e-05 5.10625205e-06 8.97350947e-06 0.0429269001 0 0 0.00362214982 0.0252039004 0 0 1 0 0 0 0 0 0 0.25 0.244650543 0.600295126 0.361700237 0.755633533 1 1
G1095 0.00253894716 0.000164953424 0.0961182192 0 0.000121812685 0.173608795 0 5.01522954e-05 1.15975672e-05 0.000358112738 0.000496062916 0.00233169971 0.000734169211 0.0188608523 0.0177780315 0 0.00109477318 0.00978785381 0.00076645118 0 0.0231125187 4.84953598e-05 0.00258622295 0.0158644356 0.000274597289 0.00192089169 0 0 0.000790133723 4.51252527e-05 3.89239649e-05 0 0 4.19750251e-07 0 0.0308773443 0.00332074659 0.000946658722 6.76886111e-06 0 0.0388368182 0 0.000337004778 0.00111684157 0 0 0 3.86006177e-05 2.3412133e-06 0 0 0.000701238867 0 3.23964778e-05 0 0.0359628759 2.94819747e-05 5.10625205e-06 8.97350947e-06 0.0429269001 0 0 0.00362214982 0.0252039004 0 0 0 0 0 1 0 0 0 0.25 0.244650543 0.542648375 0.556838155 0.769102991 1 1
G1096 0.00253894716 0.000164953424 0.0961182192 0 0.000121812685 0.173608795 0 5.01522954e-05 1.15975672e-05 0.000358112738 0.000496062916 0.00233169971 0.000734169211 0.0188608523 0.0177780315 0 0.00109477318 0.00978785381 0.00076645118 0 0.0231125187 4.84953598e-05 0.00258622295 0.0158644356 0.000274597289 0.00192089169 0 0 0.000790133723 4.51252527e-05 3.89239649e-05 0 0 4.19750251e-07 0 0.0308773443 0.00332074659 0.000946658722 6.76886111e-06 0 0.0388368182 0 0.000337004778 0.00111684157 0 0 0 3.86006177e-05 2.3412133e-06 0 0 0.000701238867 0 3.23964778e-05 0 0.0359628759 2.94819747e-05 5.10625205e-06 8.97350947e-06 0.0429269001 0 0 0.00362214982 0.0252039004 0 0 1 0 0 0 0 0 0 0.25 0.244650543 0.600295126 0.361700237 0.889331818 1 1
G1097 0.00253894716 0.000164953424 0.0961182192 0 0.000121812685 0.173608795 0 5.01522954e-05 1.15975672e-05 0.000358112738 0.000496062916 0.00233169971 0.000734169211 0.0188608523 0.0177780315 0 0.00109477318 0.00978785381 0.00076645118 0 0.0231125187 4.84953598e-05 0.00258622295 0.0158644356 0.000274597289 0.00192089169 0 0 0.000790133723 4.51252527e-05 3.89239649e-05 0 0 4.19750251e-07 0 0.0308773443 0.00332074659 0.000946658722 6.76886111e-06 0 0.0388368182 0 0.000337004778 0.00111684157 0 0 0 3.86006177e-05 2.3412133e-06 0 0 0.000701238867 0 3.23964778e-05 0 0.0359628759 2.94819747e-05 5.10625205e-06 8.97350947e-06 0.0429269001 0 0 0.00362214982 0.0252039004 0 0 0 0 0 1 0 0 0 0.25 0.244650543 0.542648375 0.556838155 0.895735562 1 1
G1104 0.00253894716 0.000164953424 0.0961182192 0 0.000121812685 0.173608795 0 5.01522954e-05 1.15975672e-05 0.000358112738 0.000496062916 0.00233169971 0.000734169211 0.0188608523 0.0177780315 0 0.00109477318 0.00978785381 0.00076645118 0 0.0231125187 4.84953598e-05 0.00258622295 0.0158644356 0.000274597289 0.00192089169 0 0 0.000790133723 4.51252527e-05 3.89239649e-05 0 0 4.19750251e-07 0 0.0308773443 0.00332074659 0.000946658722 6.76886111e-06 0 0.0388368182 0 0.000337004778 0.00111684157 0 0 0 3.86006177e-05 2.3412133e-06 0 0 0.000701238867 0 3.23964778e-05 0 0.0359628759 2.94819747e-05 5.10625205e-06 8.97350947e-06 0.0429269001 0 0 0.00362214982 0.0252039004 0 0 0 0 0 1 0 0 0 0.25 0.387761921 0.542648375 0.556838155 0.805982769 1 1
G1107 0.00253894716 0.000164953424 0.0961182192 0 0.000121812685 0.173608795 0 5.01522954e-05 1.15975672e-05 0.000358112738 0.000496062916 0.00233169971 0.000734169211 0.0188608523 0.0177780315 0 0.00109477318 0.00978785381 0.00076645118 0 0.0231125187 4.84953598e-05 0.00258622295 0.0158644356 0.000274597289 0.00192089169 0 0 0.000790133723 4.51252527e-05 3.89239649e-05 0 0 4.19750251e-07 0 0.0308773443 0.00332074659 0.000946658722 6.76886111e-06 0 0.0388368182 0 0.000337004778 0.00111684157 0 0 0 3.86006177e-05 2.3412133e-06 0 0 0.000701238867 0 3.23964778e-05 0 0.0359628759 2.94819747e-05 5.10625205e-06 8.97350947e-06 0.0429269001 0 0 0.00362214982 0.0252039004 0 0 0 0 0 1 0 0 0 0.25 0.387761921 0.542648375 0.556838155 0.899878204 1 1
G1116 0.00253894716 0.000164953424 0.0961182192 0 0.000121812685 0.173608795 0 5.01522954e-05 1.15975672e-05 0.000358112738 0.000496062916 0.00233169971 0.000734169211 0.0188608523 0.0177780315 0 0.00109477318 0.00978785381 0.00076645118 0 0.0231125187 4.84953598e-05 0.00258622295 0.0158644356 0.000274597289 0.00192089169 0 0 0.000790133723 4.51252527e-05 3.89239649e-05 0 0 4.19750251e-07 0 0.0308773443 0.00332074659 0.000946658722 6.76886111e-06 0 0.0388368182 0 0.000337004778 0.00111684157 0 0 0 3.86006177e-05 2.3412133e-06 0 0 0.000701238867 0 3.23964778e-05 0 0.0359628759 2.94819747e-05 5.10625205e-06 8.97350947e-06 0.0429269001 0 0 0.00362214982 0.0252039004 0 0 1 0 0 0 0 0 0 0.272727281 0.244650543 0.645009398 0.333047152 0.757951677 1 1
G1117 0.00253894716 0.000164953424 0.0961182192 0 0.000121812685 0.173608795 0 5.01522954e-05 1.15975672e-05 0.000358112738 0.000496062916 0.00233169971 0.000734169211 0.0188608523 0.0177780315 0 0.00109477318 0.00978785381 0.00076645118 0 0.0231125187 4.84953598e-05 0.00258622295 0.0158644356 0.000274597289 0.00192089169 0 0 0.000790133723 4.51252527e-05 3.89239649e-05 0 0 4.19750251e-07 0 0.0308773443 0.00332074659 0.000946658722 6.76886111e-06 0 0.0388368182 0 0.000337004778 0.00111684157 0 0 0 3.86006177e-05 2.3412133e-06 0 0 0.000701238867 0 3.23964778e-05 0 0.0359628759 2.94819747e-05 5.10625205e-06 8.97350947e-06 0.0429269001 0 0 0.00362214982 0.0252039004 0 0 1 0 0 0 0 0 0 0.272727281 0.244650543 0.645009398 0.333047152 0.89041549 1 1
G1145 0.00253894716 0.000164953424 0.0961182192 0 0.000121812685 0.173608795 0 5.01522954e-05 1.15975672e-05 0.000358112738 0.000496062916 0.00233169971 0.000734169211 0.0188608523 0.0177780315 0 0.00109477318 0.00978785381 0.00076645118 0 0.0231125187 4.84953598e-05 0.00258622295 0.0158644356 0.000274597289 0.00192089169 0 0 0.000790133723 4.51252527e-05 3.89239649e-05 0 0 4.19750251e-07 0 0.0308773443 0.00332074659 0.000946658722 6.76886111e-06 0 0.0388368182 0 0.000337004778 0.00111684157 0 0 0 3.86006177e-05 2.3412133e-06 0 0 0.000701238867 0 3.23964778e-05 0 0.0359628759 2.94819747e-05 5.10625205e-06 8.97350947e-06 0.0429269001 0 0 0.00362214982 0.0252039004 0 0 1 0 0 0 0 0 0 0.295454532 0.387761921 0.513973355 0.56590718 0.741040349 1 1
G1148 0.00253894716 0.000164953424 0.0961182192 0 0.000121812685 0.173608795 0 5.01522954e-05 1.15975672e-05 0.000358112738 0.000496062916 0.00233169971 0.000734169211 0.0188608523 0.0177780315 0 0.00109477318 0.00978785381 0.00076645118 0 0.0231125187 4.84953598e-05 0.00258622295 0.0158644356 0.000274597289 0.00192089169 0 0 0.000790133723 4.51252527e-05 3.89239649e-05 0 0 4.19750251e-07 0 0.0308773443 0.00332074659 0.000946658722 6.76886111e-06 0 0.0388368182 0 0.000337004778 0.00111684157 0 0 0 3.86006177e-05 2.3412133e-06 0 0 0.000701238867 0 3.23964778e-05 0 0.0359628759 2.94819747e-05 5.10625205e-06 8.97350947e-06 0.0429269001 0 0 0.00362214982 0.0252039004 0 0 1 0 0 0 0 0 0 0.295454532 0.387761921 0.513973355 0.56590718 0.882684827 1 1
G1152 0.00253894716 0.000164953424 0.0961182192 0 0.000121812685 0.173608795 0 5.01522954e-05 1.15975672e-05 0.000358112738 0.000496062916 0.00233169971 0.000734169211 0.0188608523 0.0177780315 0 0.00109477318 0.00978785381 0.00076645118 0 0.0231125187 4.84953598e-05 0.00258622295 0.0158644356 0.000274597289 0.00192089169 0 0 0.000790133723 4.51252527e-05 3.89239649e-05 0 0 4.19750251e-07 0 0.0308773443 0.00332074659 0.000946658722 6.76886111e-06 0 0.0388368182 0 0.000337004778 0.00111684157 0 0 0 3.86006177e-05 2.3412133e-06 0 0 0.000701238867 0 3.23964778e-05 0 0.0359628759 2.94819747e-05 5.10625205e-06 8.97350947e-06 0.0429269001 0 0 0.00362214982 0.0252039004 0 0 0 0 0 1 0 0 0 0.272727281 0.244650543 0.610071838 0.515360892 0.812847078 1 1
G1154 0.00253894716 0.000164953424 0.0961182192 0 0.000121812685 0.173608795 0 5.01522954e-05 1.15975672e-05 0.000358112738 0.000496062916 0.00233169971 0.000734169211 0.0188608523 0.0177780315 0 0.00109477318 0.00978785381 0.00076645118 0 0.0231125187 4.84953598e-05 0.00258622295 0.0158644356 0.000274597289 0.00192089169 0 0 0.000790133723 4.51252527e-05 3.89239649e-05 0 0 4.19750251e-07 0 0.0308773443 0.00332074659 0.000946658722 6.76886111e-06 0 0.0388368182 0 0.000337004778 0.00111684157 0 0 0 3.86006177e-05 2.3412133e-06 0 0 0.000701238867 0 3.23964778e-05 0 0.0359628759 2.94819747e-05 5.10625205e-06 8.97350947e-06 0.0429269001 0 0 0.00362214982 0.0252039004 0 0 0 0 0 1 0 0 0 0.272727281 0.244650543 0.610071838 0.515360892 0.903925002 1 1
G1176 0.00253894716 0.000164953424 0.0961182192 0 0.000121812685 0.173608795 0 5.01522954e-05 1.15975672e-05 0.000358112738 0.000496062916 0.00233169971 0.000734169211 0.0188608523 0.0177780315 0 0.00109477318 0.00978785381 0.00076645118 0 0.0231125187 4.84953598e-05 0.00258622295 0.0158644356 0.000274597289 0.00192089169 0 0 0.000790133723 4.51252527e-05 3.89239649e-05 0 0 4.19750251e-07 0 0.0308773443 0.00332074659 0.000946658722 6.76886111e-06 0 0.0388368182 0 0.000337004778 0.00111684157 0 0 0 3.86006177e-05 2.3412133e-06 0 0 0.000701238867 0 3.23964778e-05 0 0.0359628759 2.94819747e-05 5.10625205e-06 8.97350947e-06 0.0429269001 0 0 0.00362214982 0.0252039004 0 0 1 0 0 0 0 0 0 0.318181813 0.244650543 0.667718589 0.333047152 0.878108919 1 1
G1177 0.00253894716 0.000164953424 0.0961182192 0 0.000121812685 0.173608795 0 5.01522954e-05 1.15975672e-05 0.000358112738 0.000496062916 0.00233169971 0.000734169211 0.0188608523 0.0177780315 0 0.00109477318 0.00978785381 0.00076645118 0 0.0231125187 4.84953598e-05 0.00258622295 0.0158644356 0.000274597289 0.00192089169 0 0 0.000790133723 4.51252527e-05 3.89239649e-05 0 0 4.19750251e-07 0 0.0308773443 0.00332074659 0.000946658722 6.76886111e-06 0 0.0388368182 0 0.000337004778 0.00111684157 0 0 0 3.86006177e-05 2.3412133e-06 0 0 0.000701238867 0 3.23964778e-05 0 0.0359628759 2.94819747e-05 5.10625205e-06 8.97350947e-06 0.0429269001 0 0 0.00362214982 0.0252039004 0 0 0 0 0 1 0 0 0 0.318181813 0.244650543 0.619393706 0.490540475 0.881551981 1 1
G1185 0.00253894716 0.000164953424 0.0961182192 0 0.000121812685 0.173608795 0 5.01522954e-05 1.15975672e-05 0.000358112738 0.000496062916 0.00233169971 0.000734169211 0.0188608523 0.0177780315 0 0.00109477318 0.00978785381 0.00076645118 0 0.0231125187 4.84953598e-05 0.00258622295 0.0158644356 0.000274597289 0.00192089169 0 0 0.000790133723 4.51252527e-05 3.89239649e-05 0 0 4.19750251e-07 0 0.0308773443 0.00332074659 0.000946658722 6.76886111e-06 0 0.0388368182 0 0.000337004778 0.00111684157 0 0 0 3.86006177e-05 2.3412133e-06 0 0 0.000701238867 0 3.23964778e-05 0 0.0359628759 2.94819747e-05 5.10625205e-06 8.97350947e-06 0.0429269001 0 0 0.00362214982 0.0252039004 0 0 0 0 0 1 0 0 0 0.318181813 0.244650543 0.619393706 0.490540475 0.738485277 1 1
G1186 0.00253894716 0.000164953424 0.0961182192 0 0.000121812685 0.173608795 0 5.01522954e-05 1.15975672e-05 0.000358112738 0.000496062916 0.00233169971 0.000734169211 0.0188608523 0.0177780315 0 0.00109477318 0.00978785381 0.00076645118 0 0.0231125187 4.84953598e-05 0.00258622295 0.0158644356 0.000274597289 0.00192089169 0 0 0.000790133723 4.51252527e-05 3.89239649e-05 0 0 4.19750251e-07 0 0.0308773443 0.00332074659 0.000946658722 6.76886111e-06 0 0.0388368182 0 0.000337004778 0.00111684157 0 0 0 3.86006177e-05 2.3412133e-06 0 0 0.000701238867 0 3.23964778e-05 0 0.0359628759 2.94819747e-05 5.10625205e-06 8.97350947e-06 0.0429269001 0 0 0.00362214982 0.0252039004 0 0 1 0 0 0 0 0 0 0.318181813 0.244650543 0.667718589 0.333047152 0.730588436 1 1
G1202 0.00253894716 0.000164953424 0.0961182192 0 0.000121812685 0.173608795 0 5.01522954e-05 1.15975672e-05 0.000358112738 0.000496062916 0.00233169971 0.000734169211 0.0188608523 0.0177780315 0 0.00109477318 0.00978785381 0.00076645118 0 0.0231125187 4.84953598e-05 0.00258622295 0.0158644356 0.000274597289 0.00192089169 0 0 0.000790133723 4.51252527e-05 3.89239649e-05 0 0 4.19750251e-07 0 0.0308773443 0.00332074659 0.000946658722 6.76886111e-06 0 0.0388368182 0 0.000337004778 0.00111684157 0 0 0 3.86006177e-05 2.3412133e-06 0 0 0.000701238867 0 3.23964778e-05 0 0.0359628759 2.94819747e-05 5.10625205e-06 8.97350947e-06 0.0429269001 0 0 0.00362214982 0.0252039004 0 0 1 0 0 0 0 0 0 0.340909094 0.244650543 0.579182625 0.361700237 0.876946032 1 1
G1208 0.00253894716 0.000164953424 0.0961182192 0 0.000121812685 0.173608795 0 5.01522954e-05 1.15975672e-05 0.000358112738 0.000496062916 0.00233169971 0.000734169211 0.0188608523 0.0177780315 0 0.00109477318 0.00978785381 0.00076645118 0 0.0231125187 4.84953598e-05 0.00258622295 0.0158644356 0.000274597289 0.00192089169 0 0 0.000790133723 4.51252527e-05 3.89239649e-05 0 0 4.19750251e-07 0 0.0308773443 0.00332074659 0.000946658722 6.76886111e-06 0 0.0388368182 0 0.000337004778 0.00111684157 0 0 0 3.86006177e-05 2.3412133e-06 0 0 0.000701238867 0 3.23964778e-05 0 0.0359628759 2.94819747e-05 5.10625205e-06 8.97350947e-06 0.0429269001 0 0 0.00362214982 0.0252039004 0 0 1 0 0 0 0 0 0 0.340909094 0.244650543 0.579182625 0.361700237 0.727874994 1 1
G1217 0.00253894716 0.000164953424 0.0961182192 0 0.000121812685 0.173608795 0 5.01522954e-05 1.15975672e-05 0.000358112738 0.000496062916 0.00233169971 0.000734169211 0.0188608523 0.0177780315 0 0.00109477318 0.00978785381 0.00076645118 0 0.0231125187 4.84953598e-05 0.00258622295 0.0158644356 0.000274597289 0.00192089169 0 0 0.000790133723 4.51252527e-05 3.89239649e-05 0 0 4.19750251e-07 0 0.0308773443 0.00332074659 0.000946658722 6.76886111e-06 0 0.0388368182 0 0.000337004778 0.00111684157 0 0 0 3.86006177e-05 2.3412133e-06 0 0 0.000701238867 0 3.23964778e-05 0 0.0359628759 2.94819747e-05 5.10625205e-06 8.97350947e-06 0.0429269001 0 0 0.00362214982 0.0252039004 0 0 1 0 0 0 0 0 0 0.363636374 0.244650543 0.513973355 0.547303915 0.869801462 1 1
G1236 0.00253894716 0.000164953424 0.0961182192 0 0.000121812685 0.173608795 0 5.01522954e-05 1.15975672e-05 0.000358112738 0.000496062916 0.00233169971 0.000734169211 0.0188608523 0.0177780315 0 0.00109477318 0.00978785381 0.00076645118 0 0.0231125187 4.84953598e-05 0.00258622295 0.0158644356 0.000274597289 0.00192089169 0 0 0.000790133723 4.51252527e-05 3.89239649e-05 0 0 4.19750251e-07 0 0.0308773443 0.00332074659 0.000946658722 6.76886111e-06 0 0.0388368182 0 0.000337004778 0.00111684157 0 0 0 3.86006177e-05 2.3412133e-06 0 0 0.000701238867 0 3.23964778e-05 0 0.0359628759 2.94819747e-05 5.10625205e-06 8.97350947e-06 0.0429269001 0 0 0.00362214982 0.0252039004 0 0 1 0 0 0 0 0 0 0.363636374 0.387761921 0.513973355 0.547303915 0.710646272 1 1
G1253 0.00253894716 0.000164953424 0.0961182192 0 0.000121812685 0.173608795 0 5.01522954e-05 1.15975672e-05 0.000358112738 0.000496062916 0.00233169971 0.000734169211 0.0188608523 0.0177780315 0 0.00109477318 0.00978785381 0.00076645118 0 0.0231125187 4.84953598e-05 0.00258622295 0.0158644356 0.000274597289 0.00192089169 0 0 0.000790133723 4.51252527e-05 3.89239649e-05 0 0 4.19750251e-07 0 0.0308773443 0.00332074659 0.000946658722 6.76886111e-06 0 0.0388368182 0 0.000337004778 0.00111684157 0 0 0 3.86006177e-05 2.3412133e-06 0 0 0.000701238867 0 3.23964778e-05 0 0.0359628759 2.94819747e-05 5.10625205e-06 8.97350947e-06 0.0429269001 0 0 0.00362214982 0.0252039004 0 0 0 0 0 1 0 0 0 0.386363626 0.387761921 0.600295126 0.490540475 0.868581831 1 1
G1268 0.00253894716 0.000164953424 0.0961182192 0 0.000121812685 0.173608795 0 5.01522954e-05 1.15975672e-05 0.000358112738 0.000496062916 0.00233169971 0.000734169211 0.0188608523 0.0177780315 0 0.00109477318 0.00978785381 0.00076645118 0 0.0231125187 4.84953598e-05 0.00258622295 0.0158644356 0.000274597289 0.00192089169 0 0 0.000790133723 4.51252527e-05 3.89239649e-05 0 0 4.19750251e-07 0 0.0308773443 0.00332074659 0.000946658722 6.76886111e-06 0 0.0388368182 0 0.000337004778 0.00111684157 0 0 0 3.86006177e-05 2.3412133e-06 0 0 0.000701238867 0 3.23964778e-05 0 0.0359628759 2.94819747e-05 5.10625205e-06 8.97350947e-06 0.0429269001 0 0 0.00362214982 0.0252039004 0 0 0 0 0 1 0 0 0 0.386363626 0.244650543 0.600295126 0.490540475 0.707602441 1 1
G1280 0.00253894716 0.000164953424 0.0961182192 0 0.000121812685 0.173608795 0 5.01522954e-05 1.15975672e-05 0.000358112738 0.000496062916 0.00233169971 0.000734169211 0.0188608523 0.0177780315 0 0.00109477318 0.00978785381 0.00076645118 0 0.0231125187 4.84953598e-05 0.00258622295 0.0158644356 0.000274597289 0.00192089169 0 0 0.000790133723 4.51252527e-05 3.89239649e-05 0 0 4.19750251e-07 0 0.0308773443 0.00332074659 0.000946658722 6.76886111e-06 0 0.0388368182 0 0.000337004778 0.00111684157 0 0 0 3.86006177e-05 2.3412133e-06 0 0 0.000701238867 0 3.23964778e-05 0 0.0359628759 2.94819747e-05 5.10625205e-06 8.97350947e-06 0.0429269001 0 0 0.00362214982 0.0252039004 0 0 0 0 0 1 0 0 0 0.409090906 0.244650543 0.542648375 0.56590718 0.867353678 1 1
G1321 0.00253894716 0.000164953424 0.0961182192 0 0.000121812685 0.173608795 0 5.01522954e-05 1.15975672e-05 0.000358112738 0.000496062916 0.00233169971 0.000734169211 0.0188608523 0.0177780315 0 0.00109477318 0.00978785381 0.00076645118 0 0.0231125187 4.84953598e-05 0.00258622295 0.0158644356 0.000274597289 0.00192089169 0 0 0.000790133723 4.51252527e-05 3.89239649e-05 0 0 4.19750251e-07 0 0.0308773443 0.00332074659 0.000946658722 6.76886111e-06 0 0.0388368182 0 0.000337004778 0.00111684157 0 0 0 3.86006177e-05 2.3412133e-06 0 0 0.000701238867 0 3.23964778e-05 0 0.0359628759 2.94819747e-05 5.10625205e-06 8.97350947e-06 0.0429269001 0 0 0.00362214982 0.0252039004 0 0 1 0 0 0 0 0 0 0.431818187 0.244650543 0.779856324 0.515360892 0.82891494 1 1
G1332 0.00253894716 0.000164953424 0.0961182192 0 0.000121812685 0.173608795 0 5.01522954e-05 1.15975672e-05 0.000358112738 0.000496062916 0.00233169971 0.000734169211 0.0188608523 0.0177780315 0 0.00109477318 0.00978785381 0.00076645118 0 0.0231125187 4.84953598e-05 0.00258622295 0.0158644356 0.000274597289 0.00192089169 0 0 0.000790133723 4.51252527e-05 3.89239649e-05 0 0 4.19750251e-07 0 0.0308773443 0.00332074659 0.000946658722 6.76886111e-06 0 0.0388368182 0 0.000337004778 0.00111684157 0 0 0 3.86006177e-05 2.3412133e-06 0 0 0.000701238867 0 3.23964778e-05 0 0.0359628759 2.94819747e-05 5.10625205e-06 8.97350947e-06 0.0429269001 0 0 0.00362214982 0.0252039004 0 0 1 0 0 0 0 0 0 0.431818187 0.244650543 0.748967052 0.56590718 0.589333773 1 1
G1337 0.00253894716 0.000164953424 0.0961182192 0 0.000121812685 0.173608795 0 5.01522954e-05 1.15975672e-05 0.000358112738 0.000496062916 0.00233169971 0.000734169211 0.0188608523 0.0177780315 0 0.00109477318 0.00978785381 0.00076645118 0 0.0231125187 4.84953598e-05 0.00258622295 0.0158644356 0.000274597289 0.00192089169 0 0 0.000790133723 4.51252527e-05 3.89239649e-05 0 0 4.19750251e-07 0 0.0308773443 0.00332074659 0.000946658722 6.76886111e-06 0 0.0388368182 0 0.000337004778 0.00111684157 0 0 0 3.86006177e-05 2.3412133e-06 0 0 0.000701238867 0 3.23964778e-05 0 0.0359628759 2.94819747e-05 5.10625205e-06 8.97350947e-06 0.0429269001 0 0 0.00362214982 0.0252039004 0 0 1 0 0 0 0 0 0 0.454545468 0.244650543 0.823751032 0.56590718 0.821065307 1 1
G1353 0.00253894716 0.000164953424 0.0961182192 0 0.000121812685 0.173608795 0 5.01522954e-05 1.15975672e-05 0.000358112738 0.000496062916 0.00233169971 0.000734169211 0.0188608523 0.0177780315 0 0.00109477318 0.00978785381 0.00076645118 0 0.0231125187 4.84953598e-05 0.00258622295 0.0158644356 0.000274597289 0.00192089169 0 0 0.000790133723 4.51252527e-05 3.89239649e-05 0 0 4.19750251e-07 0 0.0308773443 0.00332074659 0.000946658722 6.76886111e-06 0 0.0388368182 0 0.000337004778 0.00111684157 0 0 0 3.86006177e-05 2.3412133e-06 0 0 0.000701238867 0 3.23964778e-05 0 0.0359628759 2.94819747e-05 5.10625205e-06 8.97350947e-06 0.0429269001 0 0 0.00362214982 0.0252039004 0 0 1 0 0 0 0 0 0 0.454545468 0.244650543 0.839537382 0.490540475 0.627176523 1 1
G1355 0.00253894716 0.000164953424 0.0961182192 0 0.000121812685 0.173608795 0 5.01522954e-05 1.15975672e-05 0.000358112738 0.000496062916 0.00233169971 0.000734169211 0.0188608523 0.0177780315 0 0.00109477318 0.00978785381 0.00076645118 0 0.0231125187 4.84953598e-05 0.00258622295 0.0158644356 0.000274597289 0.00192089169 0 0 0.000790133723 4.51252527e-05 3.89239649e-05 0 0 4.19750251e-07 0 0.0308773443 0.00332074659 0.000946658722 6.76886111e-06 0 0.0388368182 0 0.000337004778 0.00111684157 0 0 0 3.86006177e-05 2.3412133e-06 0 0 0.000701238867 0 3.23964778e-05 0 0.0359628759 2.94819747e-05 5.10625205e-06 8.97350947e-06 0.0429269001 0 0 0.00362214982 0.0252039004 0 0 1 0 0 0 0 0 0 0.477272719 0.244650543 0.723568141 0.727155685 0.793281674 1 1
G1363 0.00253894716 0.000164953424 0.0961182192 0 0.000121812685 0.173608795 0 5.01522954e-05 1.15975672e-05 0.000358112738 0.000496062916 0.00233169971 0.000734169211 0.0188608523 0.0177780315 0 0.00109477318 0.00978785381 0.00076645118 0 0.0231125187 4.84953598e-05 0.00258622295 0.0158644356 0.000274597289 0.00192089169 0 0 0.000790133723 4.51252527e-05 3.89239649e-05 0 0 4.19750251e-07 0 0.0308773443 0.00332074659 0.000946658722 6.76886111e-06 0 0.0388368182 0 0.000337004778 0.00111684157 0 0 0 3.86006177e-05 2.3412133e-06 0 0 0.000701238867 0 3.23964778e-05 0 0.0359628759 2.94819747e-05 5.10625205e-06 8.97350947e-06 0.0429269001 0 0 0.00362214982 0.0252039004 0 0 1 0 0 0 0 0 0 0.477272719 0.387761921 0.712432861 0.699121177 0.473954648 1 1
G1369 0.00253894716 0.000164953424 0.0961182192 0 0.000121812685 0.173608795 0 5.01522954e-05 1.15975672e-05 0.000358112738 0.000496062916 0.00233169971 0.000734169211 0.0188608523 0.0177780315 0 0.00109477318 0.00978785381 0.00076645118 0 0.0231125187 4.84953598e-05 0.00258622295 0.0158644356 0.000274597289 0.00192089169 0 0 0.000790133723 4.51252527e-05 3.89239649e-05 0 0 4.19750251e-07 0 0.0308773443 0.00332074659 0.000946658722 6.76886111e-06 0 0.0388368182 0 0.000337004778 0.00111684157 0 0 0 3.86006177e-05 2.3412133e-06 0 0 0.000701238867 0 3.23964778e-05 0 0.0359628759 2.94819747e-05 5.10625205e-06 8.97350947e-06 0.0429269001 0 0 0.00362214982 0.0252039004 0 0 0 0 0 1 0 0 0 0.5 0.244650543 0.787872732 0.676144183 0.791389585 1 1
G1381 0.00253894716 0.000164953424 0.0961182192 0 0.000121812685 0.173608795 0 5.01522954e-05 1.15975672e-05 0.000358112738 0.000496062916 0.00233169971 0.000734169211 0.0188608523 0.0177780315 0 0.00109477318 0.00978785381 0.00076645118 0 0.0231125187 4.84953598e-05 0.00258622295 0.0158644356 0.000274597289 0.00192089169 0 0 0.000790133723 4.51252527e-05 3.89239649e-05 0 0 4.19750251e-07 0 0.0308773443 0.00332074659 0.000946658722 6.76886111e-06 0 0.0388368182 0 0.000337004778 0.00111684157 0 0 0 3.86006177e-05 2.3412133e-06 0 0 0.000701238867 0 3.23964778e-05 0 0.0359628759 2.94819747e-05 5.10625205e-06 8.97350947e-06 0.0429269001 0 0 0.00362214982 0.0252039004 0 0 0 0 0 1 0 0 0 0.5 0.244650543 0.75828892 0.666094303 0.84363091 1 1
G1383 0.00253894716 0.000164953424 0.0961182192 0 0.000121812685 0.173608795 0 5.01522954e-05 1.15975672e-05 0.000358112738 0.000496062916 0.00233169971 0.000734169211 0.0188608523 0.0177780315 0 0.00109477318 0.00978785381 0.00076645118 0 0.0231125187 4.84953598e-05 0.00258622295 0.0158644356 0.000274597289 0.00192089169 0 0 0.000790133723 4.51252527e-05 3.89239649e-05 0 0 4.19750251e-07 0 0.0308773443 0.00332074659 0.000946658722 6.76886111e-06 0 0.0388368182 0 0.000337004778 0.00111684157 0 0 0 3.86006177e-05 2.3412133e-06 0 0 0.000701238867 0 3.23964778e-05 0 0.0359628759 2.94819747e-05 5.10625205e-06 8.97350947e-06 0.0429269001 0 0 0.00362214982 0.0252039004 0 0 1 0 0 0 0 0 0 0.522727251 0.387761921 0.7441383 0.257680446 0.78558737 1 1
G1445 0.00253894716 0.000164953424 0.0961182192 0 0.000121812685 0.173608795 0 5.01522954e-05 1.15975672e-05 0.000358112738 0.000496062916 0.00233169971 0.000734169211 0.0188608523 0.0177780315 0 0.00109477318 0.00978785381 0.00076645118 0 0.0231125187 4.84953598e-05 0.00258622295 0.0158644356 0.000274597289 0.00192089169 0 0 0.000790133723 4.51252527e-05 3.89239649e-05 0 0 4.19750251e-07 0 0.0308773443 0.00332074659 0.000946658722 6.76886111e-06 0 0.0388368182 0 0.000337004778 0.00111684157 0 0 0 3.86006177e-05 2.3412133e-06 0 0 0.000701238867 0 3.23964778e-05 0 0.0359628759 2.94819747e-05 5.10625205e-06 8.97350947e-06 0.0429269001 0 0 0.00362214982 0.0252039004 0 0 0 0 0 1 0 0 0 0.545454562 0.387761921 0.322504699 0.694747388 0.789476812 1 1
G1448 0.00253894716 0.000164953424 0.0961182192 0 0.000121812685 0.173608795 0 5.01522954e-05 1.15975672e-05 0.000358112738 0.000496062916 0.00233169971 0.000734169211 0.0188608523 0.0177780315 0 0.00109477318 0.00978785381 0.00076645118 0 0.0231125187 4.84953598e-05 0.00258622295 0.0158644356 0.000274597289 0.00192089169 0 0 0.000790133723 4.51252527e-05 3.89239649e-05 0 0 4.19750251e-07 0 0.0308773443 0.00332074659 0.000946658722 6.76886111e-06 0 0.0388368182 0 0.000337004778 0.00111684157 0 0 0 3.86006177e-05 2.3412133e-06 0 0 0.000701238867 0 3.23964778e-05 0 0.0359628759 2.94819747e-05 5.10625205e-06 8.97350947e-06 0.0429269001 0 0 0.00362214982 0.0252039004 0 0 0 0 0 1 0 0 0 0.545454562 0.387761921 0.322504699 0.694747388 0.783609748 1 1
G1461 0.00253894716 0.000164953424 0.0961182192 0 0.000121812685 0.173608795 0 5.01522954e-05 1.15975672e-05 0.000358112738 0.000496062916 0.00233169971 0.000734169211 0.0188608523 0.0177780315 0 0.00109477318 0.00978785381 0.00076645118 0 0.0231125187 4.84953598e-05 0.00258622295 0.0158644356 0.000274597289 0.00192089169 0 0 0.000790133723 4.51252527e-05 3.89239649e-05 0 0 4.19750251e-07 0 0.0308773443 0.00332074659 0.000946658722 6.76886111e-06 0 0.0388368182 0 0.000337004778 0.00111684157 0 0 0 3.86006177e-05 2.3412133e-06 0 0 0.000701238867 0 3.23964778e-05 0 0.0359628759 2.94819747e-05 5.10625205e-06 8.97350947e-06 0.0429269001 0 0 0.00362214982 0.0252039004 0 0 1 0 0 0 0 0 0 0.568181813 0.244650543 0.771505773 0.333047152 0.773371935 1 1
G1462 0.00253894716 0.000164953424 0.0961182192 0 0.000121812685 0.173608795 0 5.01522954e-05 1.15975672e-05 0.000358112738 0.000496062916 0.00233169971 0.000734169211 0.0188608523 0.0177780315 0 0.00109477318 0.00978785381 0.00076645118 0 0.0231125187 4.84953598e-05 0.00258622295 0.0158644356 0.000274597289 0.00192089169 0 0 0.000790133723 4.51252527e-05 3.89239649e-05 0 0 4.19750251e-07 0 0.0308773443 0.00332074659 0.000946658722 6.76886111e-06 0 0.0388368182 0 0.000337004778 0.00111684157 0 0 0 3.86006177e-05 2.3412133e-06 0 0 0.000701238867 0 3.23964778e-05 0 0.0359628759 2.94819747e-05 5.10625205e-06 8.97350947e-06 0.0429269001 0 0 0.00362214982 0.0252039004 0 0 0 0 0 1 0 0 0 0.568181813 0.244650543 0.753682196 0.333047152 0.789476812 1 1
G1463 0.00253894716 0.000164953424 0.0961182192 0 0.000121812685 0.173608795 0 5.01522954e-05 1.15975672e-05 0.000358112738 0.000496062916 0.00233169971 0.000734169211 0.0188608523 0.0177780315 0 0.00109477318 0.00978785381 0.00076645118 0 0.0231125187 4.84953598e-05 0.00258622295 0.0158644356 0.000274597289 0.00192089169 0 0 0.000790133723 4.51252527e-05 3.89239649e-05 0 0 4.19750251e-07 0 0.0308773443 0.00332074659 0.000946658722 6.76886111e-06 0 0.0388368182 0 0.000337004778 0.00111684157 0 0 0 3.86006177e-05 2.3412133e-06 0 0 0.000701238867 0 3.23964778e-05 0 0.0359628759 2.94819747e-05 5.10625205e-06 8.97350947e-06 0.0429269001 0 0 0.00362214982 0.0252039004 0 0 1 0 0 0 0 0 0 0.568181813 0.244650543 0.771505773 0.333047152 0.779586196 1 1
G1464 0.00253894716 0.000164953424 0.0961182192 0 0.000121812685 0.173608795 0 5.01522954e-05 1.15975672e-05 0.000358112738 0.000496062916 0.00233169971 0.000734169211 0.0188608523 0.0177780315 0 0.00109477318 0.00978785381 0.00076645118 0 0.0231125187 4.84953598e-05 0.00258622295 0.0158644356 0.000274597289 0.00192089169 0 0 0.000790133723 4.51252527e-05 3.89239649e-05 0 0 4.19750251e-07 0 0.0308773443 0.00332074659 0.000946658722 6.76886111e-06 0 0.0388368182 0 0.000337004778 0.00111684157 0 0 0 3.86006177e-05 2.3412133e-06 0 0 0.000701238867 0 3.23964778e-05 0 0.0359628759 2.94819747e-05 5.10625205e-06 8.97350947e-06 0.0429269001 0 0 0.00362214982 0.0252039004 0 0 0 0 0 1 0 0 0 0.568181813 0.244650543 0.753682196 0.333047152 0.795153499 1 1
G1471 0.00253894716 0.000164953424 0.0961182192 0 0.000121812685 0.173608795 0 5.01522954e-05 1.15975672e-05 0.000358112738 0.000496062916 0.00233169971 0.000734169211 0.0188608523 0.0177780315 0 0.00109477318 0.00978785381 0.00076645118 0 0.0231125187 4.84953598e-05 0.00258622295 0.0158644356 0.000274597289 0.00192089169 0 0 0.000790133723 4.51252527e-05 3.89239649e-05 0 0 4.19750251e-07 0 0.0308773443 0.00332074659 0.000946658722 6.76886111e-06 0 0.0388368182 0 0.000337004778 0.00111684157 0 0 0 3.86006177e-05 2.3412133e-06 0 0 0.000701238867 0 3.23964778e-05 0 0.0359628759 2.94819747e-05 5.10625205e-06 8.97350947e-06 0.0429269001 0 0 0.00362214982 0.0252039004 0 0 1 0 0 0 0 0 0 0.590909064 0.244650543 0.513973355 0.299157739 0.775467992 1 1
G1472 0.00253894716 0.000164953424 0.0961182192 0 0.000121812685 0.173608795 0 5.01522954e-05 1.15975672e-05 0.000358112738 0.000496062916 0.00233169971 0.000734169211 0.0188608523 0.0177780315 0 0.00109477318 0.00978785381 0.00076645118 0 0.0231125187 4.84953598e-05 0.00258622295 0.0158644356 0.000274597289 0.00192089169 0 0 0.000790133723 4.51252527e-05 3.89239649e-05 0 0 4.19750251e-07 0 0.0308773443 0.00332074659 0.000946658722 6.76886111e-06 0 0.0388368182 0 0.000337004778 0.00111684157 0 0 0 3.86006177e-05 2.3412133e-06 0 0 0.000701238867 0 3.23964778e-05 0 0.0359628759 2.94819747e-05 5.10625205e-06 8.97350947e-06 0.0429269001 0 0 0.00362214982 0.0252039004 0 0 1 0 0 0 0 0 0 0.590909064 0.244650543 0.513973355 0.299157739 0.781609535 1 1
G1479 0.00253894716 0.000164953424 0.0961182192 0 0.000121812685 0.173608795 0 5.01522954e-05 1.15975672e-05 0.000358112738 0.000496062916 0.00233169971 0.000734169211 0.0188608523 0.0177780315 0 0.00109477318 0.00978785381 0.00076645118 0 0.0231125187 4.84953598e-05 0.00258622295 0.0158644356 0.000274597289 0.00192089169 0 0 0.000790133723 4.51252527e-05 3.89239649e-05 0 0 4.19750251e-07 0 0.0308773443 0.00332074659 0.000946658722 6.76886111e-06 0 0.0388368182 0 0.000337004778 0.00111684157 0 0 0 3.86006177e-05 2.3412133e-06 0 0 0.000701238867 0 3.23964778e-05 0 0.0359628759 2.94819747e-05 5.10625205e-06 8.97350947e-06 0.0429269001 0 0 0.00362214982 0.0252039004 0 0 1 0 0 0 0 0 0 0.613636374 0.244650543 0.480498493 0.490540475 0.762497842 1 1
G1480 0.00253894716 0.000164953424 0.0961182192 0 0.000121812685 0.173608795 0 5.01522954e-05 1.15975672e-05 0.000358112738 0.000496062916 0.00233169971 0.000734169211 0.0188608523 0.0177780315 0 0.00109477318 0.00978785381 0.00076645118 0 0.0231125187 4.84953598e-05 0.00258622295 0.0158644356 0.000274597289 0.00192089169 0 0 0.000790133723 4.51252527e-05 3.89239649e-05 0 0 4.19750251e-07 0 0.0308773443 0.00332074659 0.000946658722 6.76886111e-06 0 0.0388368182 0 0.000337004778 0.00111684157 0 0 0 3.86006177e-05 2.3412133e-06 0 0 0.000701238867 0 3.23964778e-05 0 0.0359628759 2.94819747e-05 5.10625205e-06 8.97350947e-06 0.0429269001 0 0 0.00362214982 0.0252039004 0 0 1 0 0 0 0 0 0 0.613636374 0.387761921 0.480498493 0.490540475 0.769102991 1 1
G1488 0.00253894716 0.000164953424 0.0961182192 0 0.000121812685 0.173608795 0 5.01522954e-05 1.15975672e-05 0.000358112738 0.000496062916 0.00233169971 0.000734169211 0.0188608523 0.0177780315 0 0.00109477318 0.00978785381 0.00076645118 0 0.0231125187 4.84953598e-05 0.00258622295 0.0158644356 0.000274597289 0.00192089169 0 0 0.000790133723 4.51252527e-05 3.89239649e-05 0 0 4.19750251e-07 0 0.0308773443 0.00332074659 0.000946658722 6.76886111e-06 0 0.0388368182 0 0.000337004778 0.00111684157 0 0 0 3.86006177e-05 2.3412133e-06 0 0 0.000701238867 0 3.23964778e-05 0 0.0359628759 2.94819747e-05 5.10625205e-06 8.97350947e-06 0.0429269001 0 0 0.00362214982 0.0252039004 0 0 0 0 0 1 0 0 0 0.636363626 0.244650543 0.542648375 0.46188736 0.760239482 1 1
G1496 0.00253894716 0.000164953424 0.0961182192 0 0.000121812685 0.173608795 0 5.01522954e-05 1.15975672e-05 0.000358112738 0.000496062916 0.00233169971 0.000734169211 0.0188608523 0.0177780315 0 0.00109477318 0.00978785381 0.00076645118 0 0.0231125187 4.84953598e-05 0.00258622295 0.0158644356 0.000274597289 0.00192089169 0 0 0.000790133723 4.51252527e-05 3.89239649e-05 0 0 4.19750251e-07 0 0.0308773443 0.00332074659 0.000946658722 6.76886111e-06 0 0.0388368182 0 0.000337004778 0.00111684157 0 0 0 3.86006177e-05 2.3412133e-06 0 0 0.000701238867 0 3.23964778e-05 0 0.0359628759 2.94819747e-05 5.10625205e-06 8.97350947e-06 0.0429269001 0 0 0.00362214982 0.0252039004 0 0 0 0 0 1 0 0 0 0.636363626 0.387761921 0.542648375 0.46188736 0.766928852 1 1
G1499 0.00253894716 0.000164953424 0.0961182192 0 0.000121812685 0.173608795 0 5.01522954e-05 1.15975672e-05 0.000358112738 0.000496062916 0.00233169971 0.000734169211 0.0188608523 0.0177780315 0 0.00109477318 0.00978785381 0.00076645118 0 0.0231125187 4.84953598e-05 0.00258622295 0.0158644356 0.000274597289 0.00192089169 0 0 0.000790133723 4.51252527e-05 3.89239649e-05 0 0 4.19750251e-07 0 0.0308773443 0.00332074659 0.000946658722 6.76886111e-06 0 0.0388368182 0 0.000337004778 0.00111684157 0 0 0 3.86006177e-05 2.3412133e-06 0 0 0.000701238867 0 3.23964778e-05 0 0.0359628759 2.94819747e-05 5.10625205e-06 8.97350947e-06 0.0429269001 0 0 0.00362214982 0.0252039004 0 1 0 0 0 0 0 0 0 0.636363626 0.387761921 0.322504699 0.56590718 0.753284276 1 1
G1511 0.00253894716 0.000164953424 0.0961182192 0 0.000121812685 0.173608795 0 5.01522954e-05 1.15975672e-05 0.000358112738 0.000496062916 0.00233169971 0.000734169211 0.0188608523 0.0177780315 0 0.00109477318 0.00978785381 0.00076645118 0 0.0231125187 4.84953598e-05 0.00258622295 0.0158644356 0.000274597289 0.00192089169 0 0 0.000790133723 4.51252527e-05 3.89239649e-05 0 0 4.19750251e-07 0 0.0308773443 0.00332074659 0.000946658722 6.76886111e-06 0 0.0388368182 0 0.000337004778 0.00111684157 0 0 0 3.86006177e-05 2.3412133e-06 0 0 0.000701238867 0 3.23964778e-05 0 0.0359628759 2.94819747e-05 5.10625205e-06 8.97350947e-06 0.0429269001 0 0 0.00362214982 0.0252039004 0 0 0 0 0 1 0 0 0 0.659090936 0.846351802 0.619393706 0.333047152 0.75090307 1 1
G1522 0.00253894716 0.000164953424 0.0961182192 0 0.000121812685 0.173608795 0 5.01522954e-05 1.15975672e-05 0.000358112738 0.000496062916 0.00233169971 0.000734169211 0.0188608523 0.0177780315 0 0.00109477318 0.00978785381 0.00076645118 0 0.0231125187 4.84953598e-05 0.00258622295 0.0158644356 0.000274597289 0.00192089169 0 0 0.000790133723 4.51252527e-05 3.89239649e-05 0 0 4.19750251e-07 0 0.0308773443 0.00332074659 0.000946658722 6.76886111e-06 0 0.0388368182 0 0.000337004778 0.00111684157 0 0 0 3.86006177e-05 2.3412133e-06 0 0 0.000701238867 0 3.23964778e-05 0 0.0359628759 2.94819747e-05 5.10625205e-06 8.97350947e-06 0.0429269001 0 0 0.00362214982 0.0252039004 0 0 0 0 0 1 0 0 0 0.659090936 0.978602171 0.619393706 0.333047152 0.75090307 1 1
G1608 0.00253894716 0.000164953424 0.0961182192 0 0.000121812685 0.173608795 0 5.01522954e-05 1.15975672e-05 0.000358112738 0.000496062916 0.00233169971 0.000734169211 0.0188608523 0.0177780315 0 0.00109477318 0.00978785381 0.00076645118 0 0.0231125187 4.84953598e-05 0.00258622295 0.0158644356 0.000274597289 0.00192089169 0 0 0.000790133723 4.51252527e-05 3.89239649e-05 0 0 4.19750251e-07 0 0.0308773443 0.00332074659 0.000946658722 6.76886111e-06 0 0.0388368182 0 0.000337004778 0.00111684157 0 0 0 3.86006177e-05 2.3412133e-06 0 0 0.000701238867 0 3.23964778e-05 0 0.0359628759 2.94819747e-05 5.10625205e-06 8.97350947e-06 0.0429269001 0 0 0.00362214982 0.0252039004 0 1 0 0 0 0 0 0 0 0.659090936 0.244650543 0.322504699 0.547303915 0.99292767 1 1
G1609 0.00253894716 0.000164953424 0.0961182192 0 0.000121812685 0.173608795 0 5.01522954e-05 1.15975672e-05 0.000358112738 0.000496062916 0.00233169971 0.000734169211 0.0188608523 0.0177780315 0 0.00109477318 0.00978785381 0.00076645118 0 0.0231125187 4.84953598e-05 0.00258622295 0.0158644356 0.000274597289 0.00192089169 0 0 0.000790133723 4.51252527e-05 3.89239649e-05 0 0 4.19750251e-07 0 0.0308773443 0.00332074659 0.000946658722 6.76886111e-06 0 0.0388368182 0 0.000337004778 0.00111684157 0 0 0 3.86006177e-05 2.3412133e-06 0 0 0.000701238867 0 3.23964778e-05 0 0.0359628759 2.94819747e-05 5.10625205e-06 8.97350947e-06 0.0429269001 0 0 0.00362214982 0.0252039004 0 1 0 0 0 0 0 0 0 0.659090936 0.955822885 0.322504699 0.547303915 0.75090307 1 1
G993 0.00253894716 0.000164953424 0.0961182192 0 0.000121812685 0.173608795 0 5.01522954e-05 1.15975672e-05 0.000358112738 0.000496062916 0.00233169971 0.000734169211 0.0188608523 0.0177780315 0 0.00109477318 0.00978785381 0.00076645118 0 0.0231125187 4.84953598e-05 0.00258622295 0.0158644356 0.000274597289 0.00192089169 0 0 0.000790133723 4.51252527e-05 3.89239649e-05 0 0 4.19750251e-07 0 0.0308773443 0.00332074659 0.000946658722 6.76886111e-06 0 0.0388368182 0 0.000337004778 0.00111684157 0 0 0 3.86006177e-05 2.3412133e-06 0 0 0.000701238867 0 3.23964778e-05 0 0.0359628759 2.94819747e-05 5.10625205e-06 8.97350947e-06 0.0429269001 0 0 0.00362214982 0.0252039004 0 0 1 0 0 0 0 0 0 0.204545453 0.244650543 0.513973355 0.537254095 0.805982769 1 1
G1015 0.00253894716 0.000164953424 0.0961182192 0 0.000121812685 0.173608795 0 5.01522954e-05 1.15975672e-05 0.000358112738 0.000496062916 0.00233169971 0.000734169211 0.0188608523 0.0177780315 0 0.00109477318 0.00978785381 0.00076645118 0 0.0231125187 4.84953598e-05 0.00258622295 0.0158644356 0.000274597289 0.00192089169 0 0 0.000790133723 4.51252527e-05 3.89239649e-05 0 0 4.19750251e-07 0 0.0308773443 0.00332074659 0.000946658722 6.76886111e-06 0 0.0388368182 0 0.000337004778 0.00111684157 0 0 0 3.86006177e-05 2.3412133e-06 0 0 0.000701238867 0 3.23964778e-05 0 0.0359628759 2.94819747e-05 5.10625205e-06 8.97350947e-06 0.0429269001 0 0 0.00362214982 0.0252039004 0 0 0 0 0 1 0 0 0 0.227272734 0.489301085 0.590016782 0.490540475 0.804223776 1 1
G1059 0.00253894716 0.000164953424 0.0961182192 0 0.000121812685 0.173608795 0 5.01522954e-05 1.15975672e-05 0.000358112738 0.000496062916 0.00233169971 0.000734169211 0.0188608523 0.0177780315 0 0.00109477318 0.00978785381 0.00076645118 0 0.0231125187 4.84953598e-05 0.00258622295 0.0158644356 0.000274597289 0.00192089169 0 0 0.000790133723 4.51252527e-05 3.89239649e-05 0 0 4.19750251e-07 0 0.0308773443 0.00332074659 0.000946658722 6.76886111e-06 0 0.0388368182 0 0.000337004778 0.00111684157 0 0 0 3.86006177e-05 2.3412133e-06 0 0 0.000701238867 0 3.23964778e-05 0 0.0359628759 2.94819747e-05 5.10625205e-06 8.97350947e-06 0.0429269001 0 0 0.00362214982 0.0252039004 0 0 0 0 0 1 0 0 0 0.25 0.387761921 0.542648375 0.556838155 0.802446961 1 1
G1084 0.00253894716 0.000164953424 0.0961182192 0 0.000121812685 0.173608795 0 5.01522954e-05 1.15975672e-05 0.000358112738 0.000496062916 0.00233169971 0.000734169211 0.0188608523 0.0177780315 0 0.00109477318 0.00978785381 0.00076645118 0 0.0231125187 4.84953598e-05 0.00258622295 0.0158644356 0.000274597289 0.00192089169 0 0 0.000790133723 4.51252527e-05 3.89239649e-05 0 0 4.19750251e-07 0 0.0308773443 0.00332074659 0.000946658722 6.76886111e-06 0 0.0388368182 0 0.000337004778 0.00111684157 0 0 0 3.86006177e-05 2.3412133e-06 0 0 0.000701238867 0 3.23964778e-05 0 0.0359628759 2.94819747e-05 5.10625205e-06 8.97350947e-06 0.0429269001 0 0 0.00362214982 0.0252039004 0 0 0 0 0 1 0 0 0 0.25 0.387761921 0.542648375 0.556838155 0.805982769 1 1
G1087 0.00253894716 0.000164953424 0.0961182192 0 0.000121812685 0.173608795 0 5.01522954e-05 1.15975672e-05 0.000358112738 0.000496062916 0.00233169971 0.000734169211 0.0188608523 0.0177780315 0 0.00109477318 0.00978785381 0.00076645118 0 0.0231125187 4.84953598e-05 0.00258622295 0.0158644356 0.000274597289 0.00192089169 0 0 0.000790133723 4.51252527e-05 3.89239649e-05 0 0 4.19750251e-07 0 0.0308773443 0.00332074659 0.000946658722 6.76886111e-06 0 0.0388368182 0 0.000337004778 0.00111684157 0 0 0 3.86006177e-05 2.3412133e-06 0 0 0.000701238867 0 3.23964778e-05 0 0.0359628759 2.94819747e-05 5.10625205e-06 8.97350947e-06 0.0429269001 0 0 0.00362214982 0.0252039004 0 0 0 0 0 1 0 0 0 0.25 0.387761921 0.542648375 0.556838155 0.899878204 1 1
G1118 0.00253894716 0.000164953424 0.0961182192 0 0.000121812685 0.173608795 0 5.01522954e-05 1.15975672e-05 0.000358112738 0.000496062916 0.00233169971 0.000734169211 0.0188608523 0.0177780315 0 0.00109477318 0.00978785381 0.00076645118 0 0.0231125187 4.84953598e-05 0.00258622295 0.0158644356 0.000274597289 0.00192089169 0 0 0.000790133723 4.51252527e-05 3.89239649e-05 0 0 4.19750251e-07 0 0.0308773443 0.00332074659 0.000946658722 6.76886111e-06 0 0.0388368182 0 0.000337004778 0.00111684157 0 0 0 3.86006177e-05 2.3412133e-06 0 0 0.000701238867 0 3.23964778e-05 0 0.0359628759 2.94819747e-05 5.10625205e-06 8.97350947e-06 0.0429269001 0 0 0.00362214982 0.0252039004 0 0 0 0 0 1 0 0 0 0.272727281 0.387761921 0.610071838 0.515360892 0.800651908 1 1
G1121 0.00253894716 0.000164953424 0.0961182192 0 0.000121812685 0.173608795 0 5.01522954e-05 1.15975672e-05 0.000358112738 0.000496062916 0.00233169971 0.000734169211 0.0188608523 0.0177780315 0 0.00109477318 0.00978785381 0.00076645118 0 0.0231125187 4.84953598e-05 0.00258622295 0.0158644356 0.000274597289 0.00192089169 0 0 0.000790133723 4.51252527e-05 3.89239649e-05 0 0 4.19750251e-07 0 0.0308773443 0.00332074659 0.000946658722 6.76886111e-06 0 0.0388368182 0 0.000337004778 0.00111684157 0 0 0 3.86006177e-05 2.3412133e-06 0 0 0.000701238867 0 3.23964778e-05 0 0.0359628759 2.94819747e-05 5.10625205e-06 8.97350947e-06 0.0429269001 0 0 0.00362214982 0.0252039004 0 0 0 0 0 1 0 0 0 0.272727281 0.387761921 0.610071838 0.515360892 0.902922034 1 1
G1129 0.00253894716 0.000164953424 0.0961182192 0 0.000121812685 0.173608795 0 5.01522954e-05 1.15975672e-05 0.000358112738 0.000496062916 0.00233169971 0.000734169211 0.0188608523 0.0177780315 0 0.00109477318 0.00978785381 0.00076645118 0 0.0231125187 4.84953598e-05 0.00258622295 0.0158644356 0.000274597289 0.00192089169 0 0 0.000790133723 4.51252527e-05 3.89239649e-05 0 0 4.19750251e-07 0 0.0308773443 0.00332074659 0.000946658722 6.76886111e-06 0 0.0388368182 0 0.000337004778 0.00111684157 0 0 0 3.86006177e-05 2.3412133e-06 0 0 0.000701238867 0 3.23964778e-05 0 0.0359628759 2.94819747e-05 5.10625205e-06 8.97350947e-06 0.0429269001 0 0 0.00362214982 0.0252039004 0 0 0 0 0 1 0 0 0 0.272727281 0.244650543 0.610071838 0.515360892 0.812847078 1 1
G1131 0.00253894716 0.000164953424 0.0961182192 0 0.000121812685 0.173608795 0 5.01522954e-05 1.15975672e-05 0.000358112738 0.000496062916 0.00233169971 0.000734169211 0.0188608523 0.0177780315 0 0.00109477318 0.00978785381 0.00076645118 0 0.0231125187 4.84953598e-05 0.00258622295 0.0158644356 0.000274597289 0.00192089169 0 0 0.000790133723 4.51252527e-05 3.89239649e-05 0 0 4.19750251e-07 0 0.0308773443 0.00332074659 0.000946658722 6.76886111e-06 0 0.0388368182 0 0.000337004778 0.00111684157 0 0 0 3.86006177e-05 2.3412133e-06 0 0 0.000701238867 0 3.23964778e-05 0 0.0359628759 2.94819747e-05 5.10625205e-06 8.97350947e-06 0.0429269001 0 0 0.00362214982 0.0252039004 0 0 0 0 0 1 0 0 0 0.272727281 0.244650543 0.610071838 0.515360892 0.903925002 1 1
G1153 0.00253894716 0.000164953424 0.0961182192 0 0.000121812685 0.173608795 0 5.01522954e-05 1.15975672e-05 0.000358112738 0.000496062916 0.00233169971 0.000734169211 0.0188608523 0.0177780315 0 0.00109477318 0.00978785381 0.00076645118 0 0.0231125187 4.84953598e-05 0.00258622295 0.0158644356 0.000274597289 0.00192089169 0 0 0.000790133723 4.51252527e-05 3.89239649e-05 0 0 4.19750251e-07 0 0.0308773443 0.00332074659 0.000946658722 6.76886111e-06 0 0.0388368182 0 0.000337004778 0.00111684157 0 0 0 3.86006177e-05 2.3412133e-06 0 0 0.000701238867 0 3.23964778e-05 0 0.0359628759 2.94819747e-05 5.10625205e-06 8.97350947e-06 0.0429269001 0 0 0.00362214982 0.0252039004 0 0 1 0 0 0 0 0 0 0.295454532 0.244650543 0.718077838 0.515360892 0.775467992 1 1
G1155 0.00253894716 0.000164953424 0.0961182192 0 0.000121812685 0.173608795 0 5.01522954e-05 1.15975672e-05 0.000358112738 0.000496062916 0.00233169971 0.000734169211 0.0188608523 0.0177780315 0 0.00109477318 0.00978785381 0.00076645118 0 0.0231125187 4.84953598e-05 0.00258622295 0.0158644356 0.000274597289 0.00192089169 0 0 0.000790133723 4.51252527e-05 3.89239649e-05 0 0 4.19750251e-07 0 0.0308773443 0.00332074659 0.000946658722 6.76886111e-06 0 0.0388368182 0 0.000337004778 0.00111684157 0 0 0 3.86006177e-05 2.3412133e-06 0 0 0.000701238867 0 3.23964778e-05 0 0.0359628759 2.94819747e-05 5.10625205e-06 8.97350947e-06 0.0429269001 0 0 0.00362214982 0.0252039004 0 0 1 0 0 0 0 0 0 0.295454532 0.244650543 0.718077838 0.515360892 0.882684827 1 1
G1156 0.00253894716 0.000164953424 0.0961182192 0 0.000121812685 0.173608795 0 5.01522954e-05 1.15975672e-05 0.000358112738 0.000496062916 0.00233169971 0.000734169211 0.0188608523 0.0177780315 0 0.00109477318 0.00978785381 0.00076645118 0 0.0231125187 4.84953598e-05 0.00258622295 0.0158644356 0.000274597289 0.00192089169 0 0 0.000790133723 4.51252527e-05 3.89239649e-05 0 0 4.19750251e-07 0 0.0308773443 0.00332074659 0.000946658722 6.76886111e-06 0 0.0388368182 0 0.000337004778 0.00111684157 0 0 0 3.86006177e-05 2.3412133e-06 0 0 0.000701238867 0 3.23964778e-05 0 0.0359628759 2.94819747e-05 5.10625205e-06 8.97350947e-06 0.0429269001 0 0 0.00362214982 0.0252039004 0 0 0 0 0 1 0 0 0 0.295454532 0.244650543 0.567728996 0.574554145 0.908855379 1 1
G1168 0.00253894716 0.000164953424 0.0961182192 0 0.000121812685 0.173608795 0 5.01522954e-05 1.15975672e-05 0.000358112738 0.000496062916 0.00233169971 0.000734169211 0.0188608523 0.0177780315 0 0.00109477318 0.00978785381 0.00076645118 0 0.0231125187 4.84953598e-05 0.00258622295 0.0158644356 0.000274597289 0.00192089169 0 0 0.000790133723 4.51252527e-05 3.89239649e-05 0 0 4.19750251e-07 0 0.0308773443 0.00332074659 0.000946658722 6.76886111e-06 0 0.0388368182 0 0.000337004778 0.00111684157 0 0 0 3.86006177e-05 2.3412133e-06 0 0 0.000701238867 0 3.23964778e-05 0 0.0359628759 2.94819747e-05 5.10625205e-06 8.97350947e-06 0.0429269001 0 0 0.00362214982 0.0252039004 0 0 0 0 0 1 0 0 0 0.295454532 0.244650543 0.567728996 0.574554145 0.811156034 1 1
G1174 0.00253894716 0.000164953424 0.0961182192 0 0.000121812685 0.173608795 0 5.01522954e-05 1.15975672e-05 0.000358112738 0.000496062916 0.00233169971 0.000734169211 0.0188608523 0.0177780315 0 0.00109477318 0.00978785381 0.00076645118 0 0.0231125187 4.84953598e-05 0.00258622295 0.0158644356 0.000274597289 0.00192089169 0 0 0.000790133723 4.51252527e-05 3.89239649e-05 0 0 4.19750251e-07 0 0.0308773443 0.00332074659 0.000946658722 6.76886111e-06 0 0.0388368182 0 0.000337004778 0.00111684157 0 0 0 3.86006177e-05 2.3412133e-06 0 0 0.000701238867 0 3.23964778e-05 0 0.0359628759 2.94819747e-05 5.10625205e-06 8.97350947e-06 0.0429269001 0 0 0.00362214982 0.0252039004 0 0 1 0 0 0 0 0 0 0.295454532 0.244650543 0.718077838 0.515360892 0.775467992 1 1
G1175 0.00253894716 0.000164953424 0.0961182192 0 0.000121812685 0.173608795 0 5.01522954e-05 1.15975672e-05 0.000358112738 0.000496062916 0.00233169971 0.000734169211 0.0188608523 0.0177780315 0 0.00109477318 0.00978785381 0.00076645118 0 0.0231125187 4.84953598e-05 0.00258622295 0.0158644356 0.000274597289 0.00192089169 0 0 0.000790133723 4.51252527e-05 3.89239649e-05 0 0 4.19750251e-07 0 0.0308773443 0.00332074659 0.000946658722 6.76886111e-06 0 0.0388368182 0 0.000337004778 0.00111684157 0 0 0 3.86006177e-05 2.3412133e-06 0 0 0.000701238867 0 3.23964778e-05 0 0.0359628759 2.94819747e-05 5.10625205e-06 8.97350947e-06 0.0429269001 0 0 0.00362214982 0.0252039004 0 0 1 0 0 0 0 0 0 0.295454532 0.244650543 0.718077838 0.515360892 0.882684827 1 1
G1189 0.00253894716 0.000164953424 0.0961182192 0 0.000121812685 0.173608795 0 5.01522954e-05 1.15975672e-05 0.000358112738 0.000496062916 0.00233169971 0.000734169211 0.0188608523 0.0177780315 0 0.00109477318 0.00978785381 0.00076645118 0 0.0231125187 4.84953598e-05 0.00258622295 0.0158644356 0.000274597289 0.00192089169 0 0 0.000790133723 4.51252527e-05 3.89239649e-05 0 0 4.19750251e-07 0 0.0308773443 0.00332074659 0.000946658722 6.76886111e-06 0 0.0388368182 0 0.000337004778 0.00111684157 0 0 0 3.86006177e-05 2.3412133e-06 0 0 0.000701238867 0 3.23964778e-05 0 0.0359628759 2.94819747e-05 5.10625205e-06 8.97350947e-06 0.0429269001 0 0 0.00362214982 0.0252039004 0 0 1 0 0 0 0 0 0 0.318181813 0.387761921 0.694476068 0.671187162 0.738485277 1 1
G1192 0.00253894716 0.000164953424 0.0961182192 0 0.000121812685 0.173608795 0 5.01522954e-05 1.15975672e-05 0.000358112738 0.000496062916 0.00233169971 0.000734169211 0.0188608523 0.0177780315 0 0.00109477318 0.00978785381 0.00076645118 0 0.0231125187 4.84953598e-05 0.00258622295 0.0158644356 0.000274597289 0.00192089169 0 0 0.000790133723 4.51252527e-05 3.89239649e-05 0 0 4.19750251e-07 0 0.0308773443 0.00332074659 0.000946658722 6.76886111e-06 0 0.0388368182 0 0.000337004778 0.00111684157 0 0 0 3.86006177e-05 2.3412133e-06 0 0 0.000701238867 0 3.23964778e-05 0 0.0359628759 2.94819747e-05 5.10625205e-06 8.97350947e-06 0.0429269001 0 0 0.00362214982 0.0252039004 0 0 1 0 0 0 0 0 0 0.318181813 0.387761921 0.694476068 0.671187162 0.863616526 1 1
G1219 0.00253894716 0.000164953424 0.0961182192 0 0.000121812685 0.173608795 0 5.01522954e-05 1.15975672e-05 0.000358112738 0.000496062916 0.00233169971 0.000734169211 0.0188608523 0.0177780315 0 0.00109477318 0.00978785381 0.00076645118 0 0.0231125187 4.84953598e-05 0.00258622295 0.0158644356 0.000274597289 0.00192089169 0 0 0.000790133723 4.51252527e-05 3.89239649e-05 0 0 4.19750251e-07 0 0.0308773443 0.00332074659 0.000946658722 6.76886111e-06 0 0.0388368182 0 0.000337004778 0.00111684157 0 0 0 3.86006177e-05 2.3412133e-06 0 0 0.000701238867 0 3.23964778e-05 0 0.0359628759 2.94819747e-05 5.10625205e-06 8.97350947e-06 0.0429269001 0 0 0.00362214982 0.0252039004 0 0 1 0 0 0 0 0 0 0.340909094 0.244650543 0.795580685 0.574554145 0.84221375 1 1
G1220 0.00253894716 0.000164953424 0.0961182192 0 0.000121812685 0.173608795 0 5.01522954e-05 1.15975672e-05 0.000358112738 0.000496062916 0.00233169971 0.000734169211 0.0188608523 0.0177780315 0 0.00109477318 0.00978785381 0.00076645118 0 0.0231125187 4.84953598e-05 0.00258622295 0.0158644356 0.000274597289 0.00192089169 0 0 0.000790133723 4.51252527e-05 3.89239649e-05 0 0 4.19750251e-07 0 0.0308773443 0.00332074659 0.000946658722 6.76886111e-06 0 0.0388368182 0 0.000337004778 0.00111684157 0 0 0 3.86006177e-05 2.3412133e-06 0 0 0.000701238867 0 3.23964778e-05 0 0.0359628759 2.94819747e-05 5.10625205e-06 8.97350947e-06 0.0429269001 0 0 0.00362214982 0.0252039004 0 0 0 0 0 1 0 0 0 0.340909094 0.244650543 0.728911996 0.649920881 0.875775337 1 1
G1225 0.00253894716 0.000164953424 0.0961182192 0 0.000121812685 0.173608795 0 5.01522954e-05 1.15975672e-05 0.000358112738 0.000496062916 0.00233169971 0.000734169211 0.0188608523 0.0177780315 0 0.00109477318 0.00978785381 0.00076645118 0 0.0231125187 4.84953598e-05 0.00258622295 0.0158644356 0.000274597289 0.00192089169 0 0 0.000790133723 4.51252527e-05 3.89239649e-05 0 0 4.19750251e-07 0 0.0308773443 0.00332074659 0.000946658722 6.76886111e-06 0 0.0388368182 0 0.000337004778 0.00111684157 0 0 0 3.86006177e-05 2.3412133e-06 0 0 0.000701238867 0 3.23964778e-05 0 0.0359628759 2.94819747e-05 5.10625205e-06 8.97350947e-06 0.0429269001 0 0 0.00362214982 0.0252039004 0 0 0 0 0 1 0 0 0 0.340909094 0.244650543 0.728911996 0.649920881 0.762497842 1 1
G1226 0.00253894716 0.000164953424 0.0961182192 0 0.000121812685 0.173608795 0 5.01522954e-05 1.15975672e-05 0.000358112738 0.000496062916 0.00233169971 0.000734169211 0.0188608523 0.0177780315 0 0.00109477318 0.00978785381 0.00076645118 0 0.0231125187 4.84953598e-05 0.00258622295 0.0158644356 0.000274597289 0.00192089169 0 0 0.000790133723 4.51252527e-05 3.89239649e-05 0 0 4.19750251e-07 0 0.0308773443 0.00332074659 0.000946658722 6.76886111e-06 0 0.0388368182 0 0.000337004778 0.00111684157 0 0 0 3.86006177e-05 2.3412133e-06 0 0 0.000701238867 0 3.23964778e-05 0 0.0359628759 2.94819747e-05 5.10625205e-06 8.97350947e-06 0.0429269001 0 0 0.00362214982 0.0252039004 0 0 1 0 0 0 0 0 0 0.340909094 0.244650543 0.795580685 0.574554145 0.691534579 1 1
G1243 0.00253894716 0.000164953424 0.0961182192 0 0.000121812685 0.173608795 0 5.01522954e-05 1.15975672e-05 0.000358112738 0.000496062916 0.00233169971 0.000734169211 0.0188608523 0.0177780315 0 0.00109477318 0.00978785381 0.00076645118 0 0.0231125187 4.84953598e-05 0.00258622295 0.0158644356 0.000274597289 0.00192089169 0 0 0.000790133723 4.51252527e-05 3.89239649e-05 0 0 4.19750251e-07 0 0.0308773443 0.00332074659 0.000946658722 6.76886111e-06 0 0.0388368182 0 0.000337004778 0.00111684157 0 0 0 3.86006177e-05 2.3412133e-06 0 0 0.000701238867 0 3.23964778e-05 0 0.0359628759 2.94819747e-05 5.10625205e-06 8.97350947e-06 0.0429269001 0 0 0.00362214982 0.0252039004 0 0 1 0 0 0 0 0 0 0.363636374 0.244650543 0.817070961 0.537254095 0.868581831 1 1
G1246 0.00253894716 0.000164953424 0.0961182192 0 0.000121812685 0.173608795 0 5.01522954e-05 1.15975672e-05 0.000358112738 0.000496062916 0.00233169971 0.000734169211 0.0188608523 0.0177780315 0 0.00109477318 0.00978785381 0.00076645118 0 0.0231125187 4.84953598e-05 0.00258622295 0.0158644356 0.000274597289 0.00192089169 0 0 0.000790133723 4.51252527e-05 3.89239649e-05 0 0 4.19750251e-07 0 0.0308773443 0.00332074659 0.000946658722 6.76886111e-06 0 0.0388368182 0 0.000337004778 0.00111684157 0 0 0 3.86006177e-05 2.3412133e-06 0 0 0.000701238867 0 3.23964778e-05 0 0.0359628759 2.94819747e-05 5.10625205e-06 8.97350947e-06 0.0429269001 0 0 0.00362214982 0.0252039004 0 0 1 0 0 0 0 0 0 0.363636374 0.244650543 0.795580685 0.515360892 0.850549459 1 1
G1251 0.00253894716 0.000164953424 0.0961182192 0 0.000121812685 0.173608795 0 5.01522954e-05 1.15975672e-05 0.000358112738 0.000496062916 0.00233169971 0.000734169211 0.0188608523 0.0177780315 0 0.00109477318 0.00978785381 0.00076645118 0 0.0231125187 4.84953598e-05 0.00258622295 0.0158644356 0.000274597289 0.00192089169 0 0 0.000790133723 4.51252527e-05 3.89239649e-05 0 0 4.19750251e-07 0 0.0308773443 0.00332074659 0.000946658722 6.76886111e-06 0 0.0388368182 0 0.000337004778 0.00111684157 0 0 0 3.86006177e-05 2.3412133e-06 0 0 0.000701238867 0 3.23964778e-05 0 0.0359628759 2.94819747e-05 5.10625205e-06 8.97350947e-06 0.0429269001 0 0 0.00362214982 0.0252039004 0 0 1 0 0 0 0 0 0 0.363636374 0.244650543 0.817070961 0.537254095 0.733260512 1 1
G1252 0.00253894716 0.000164953424 0.0961182192 0 0.000121812685 0.173608795 0 5.01522954e-05 1.15975672e-05 0.000358112738 0.000496062916 0.00233169971 0.000734169211 0.0188608523 0.0177780315 0 0.00109477318 0.00978785381 0.00076645118 0 0.0231125187 4.84953598e-05 0.00258622295 0.0158644356 0.000274597289 0.00192089169 0 0 0.000790133723 4.51252527e-05 3.89239649e-05 0 0 4.19750251e-07 0 0.0308773443 0.00332074659 0.000946658722 6.76886111e-06 0 0.0388368182 0 0.000337004778 0.00111684157 0 0 0 3.86006177e-05 2.3412133e-06 0 0 0.000701238867 0 3.23964778e-05 0 0.0359628759 2.94819747e-05 5.10625205e-06 8.97350947e-06 0.0429269001 0 0 0.00362214982 0.0252039004 0 0 1 0 0 0 0 0 0 0.363636374 0.244650543 0.795580685 0.515360892 0.710646272 1 1
G1260 0.00253894716 0.000164953424 0.0961182192 0 0.000121812685 0.173608795 0 5.01522954e-05 1.15975672e-05 0.000358112738 0.000496062916 0.00233169971 0.000734169211 0.0188608523 0.0177780315 0 0.00109477318 0.00978785381 0.00076645118 0 0.0231125187 4.84953598e-05 0.00258622295 0.0158644356 0.000274597289 0.00192089169 0 0 0.000790133723 4.51252527e-05 3.89239649e-05 0 0 4.19750251e-07 0 0.0308773443 0.00332074659 0.000946658722 6.76886111e-06 0 0.0388368182 0 0.000337004778 0.00111684157 0 0 0 3.86006177e-05 2.3412133e-06 0 0 0.000701238867 0 3.23964778e-05 0 0.0359628759 2.94819747e-05 5.10625205e-06 8.97350947e-06 0.0429269001 0 0 0.00362214982 0.0252039004 0 0 1 0 0 0 0 0 0 0.386363626 0.244650543 0.787872732 0.574554145 0.863616526 1 1
G1262 0.00253894716 0.000164953424 0.0961182192 0 0.000121812685 0.173608795 0 5.01522954e-05 1.15975672e-05 0.000358112738 0.000496062916 0.00233169971 0.000734169211 0.0188608523 0.0177780315 0 0.00109477318 0.00978785381 0.00076645118 0 0.0231125187 4.84953598e-05 0.00258622295 0.0158644356 0.000274597289 0.00192089169 0 0 0.000790133723 4.51252527e-05 3.89239649e-05 0 0 4.19750251e-07 0 0.0308773443 0.00332074659 0.000946658722 6.76886111e-06 0 0.0388368182 0 0.000337004778 0.00111684157 0 0 0 3.86006177e-05 2.3412133e-06 0 0 0.000701238867 0 3.23964778e-05 0 0.0359628759 2.94819747e-05 5.10625205e-06 8.97350947e-06 0.0429269001 0 0 0.00362214982 0.0252039004 0 0 1 0 0 0 0 0 0 0.386363626 0.244650543 0.728911996 0.741460979 0.817824185 1 1
G1269 0.00253894716 0.000164953424 0.0961182192 0 0.000121812685 0.173608795 0 5.01522954e-05 1.15975672e-05 0.000358112738 0.000496062916 0.00233169971 0.000734169211 0.0188608523 0.0177780315 0 0.00109477318 0.00978785381 0.00076645118 0 0.0231125187 4.84953598e-05 0.00258622295 0.0158644356 0.000274597289 0.00192089169 0 0 0.000790133723 4.51252527e-05 3.89239649e-05 0 0 4.19750251e-07 0 0.0308773443 0.00332074659 0.000946658722 6.76886111e-06 0 0.0388368182 0 0.000337004778 0.00111684157 0 0 0 3.86006177e-05 2.3412133e-06 0 0 0.000701238867 0 3.23964778e-05 0 0.0359628759 2.94819747e-05 5.10625205e-06 8.97350947e-06 0.0429269001 0 0 0.00362214982 0.0252039004 0 0 1 0 0 0 0 0 0 0.386363626 0.244650543 0.787872732 0.574554145 0.722318411 1 1
G1276 0.00253894716 0.000164953424 0.0961182192 0 0.000121812685 0.173608795 0 5.01522954e-05 1.15975672e-05 0.000358112738 0.000496062916 0.00233169971 0.000734169211 0.0188608523 0.0177780315 0 0.00109477318 0.00978785381 0.00076645118 0 0.0231125187 4.84953598e-05 0.00258622295 0.0158644356 0.000274597289 0.00192089169 0 0 0.000790133723 4.51252527e-05 3.89239649e-05 0 0 4.19750251e-07 0 0.0308773443 0.00332074659 0.000946658722 6.76886111e-06 0 0.0388368182 0 0.000337004778 0.00111684157 0 0 0 3.86006177e-05 2.3412133e-06 0 0 0.000701238867 0 3.23964778e-05 0 0.0359628759 2.94819747e-05 5.10625205e-06 8.97350947e-06 0.0429269001 0 0 0.00362214982 0.0252039004 0 0 1 0 0 0 0 0 0 0.386363626 0.387761921 0.728911996 0.741460979 0.627176523 1 1
G1279 0.00253894716 0.000164953424 0.0961182192 0 0.000121812685 0.173608795 0 5.01522954e-05 1.15975672e-05 0.000358112738 0.000496062916 0.00233169971 0.000734169211 0.0188608523 0.0177780315 0 0.00109477318 0.00978785381 0.00076645118 0 0.0231125187 4.84953598e-05 0.00258622295 0.0158644356 0.000274597289 0.00192089169 0 0 0.000790133723 4.51252527e-05 3.89239649e-05 0 0 4.19750251e-07 0 0.0308773443 0.00332074659 0.000946658722 6.76886111e-06 0 0.0388368182 0 0.000337004778 0.00111684157 0 0 0 3.86006177e-05 2.3412133e-06 0 0 0.000701238867 0 3.23964778e-05 0 0.0359628759 2.94819747e-05 5.10625205e-06 8.97350947e-06 0.0429269001 0 0 0.00362214982 0.0252039004 0 0 1 0 0 0 0 0 0 0.409090906 0.244650543 0.73919034 0.73444593 0.839344561 1 1
G1287 0.00253894716 0.000164953424 0.0961182192 0 0.000121812685 0.173608795 0 5.01522954e-05 1.15975672e-05 0.000358112738 0.000496062916 0.00233169971 0.000734169211 0.0188608523 0.0177780315 0 0.00109477318 0.00978785381 0.00076645118 0 0.0231125187 4.84953598e-05 0.00258622295 0.0158644356 0.000274597289 0.00192089169 0 0 0.000790133723 4.51252527e-05 3.89239649e-05 0 0 4.19750251e-07 0 0.0308773443 0.00332074659 0.000946658722 6.76886111e-06 0 0.0388368182 0 0.000337004778 0.00111684157 0 0 0 3.86006177e-05 2.3412133e-06 0 0 0.000701238867 0 3.23964778e-05 0 0.0359628759 2.94819747e-05 5.10625205e-06 8.97350947e-06 0.0429269001 0 0 0.00362214982 0.0252039004 0 0 0 0 0 1 0 0 0 0.409090906 0.387761921 0.803003192 0.680972397 0.816180825 1 1
G1299 0.00253894716 0.000164953424 0.0961182192 0 0.000121812685 0.173608795 0 5.01522954e-05 1.15975672e-05 0.000358112738 0.000496062916 0.00233169971 0.000734169211 0.0188608523 0.0177780315 0 0.00109477318 0.00978785381 0.00076645118 0 0.0231125187 4.84953598e-05 0.00258622295 0.0158644356 0.000274597289 0.00192089169 0 0 0.000790133723 4.51252527e-05 3.89239649e-05 0 0 4.19750251e-07 0 0.0308773443 0.00332074659 0.000946658722 6.76886111e-06 0 0.0388368182 0 0.000337004778 0.00111684157 0 0 0 3.86006177e-05 2.3412133e-06 0 0 0.000701238867 0 3.23964778e-05 0 0.0359628759 2.94819747e-05 5.10625205e-06 8.97350947e-06 0.0429269001 0 0 0.00362214982 0.0252039004 0 0 1 0 0 0 0 0 0 0.409090906 0.387761921 0.73919034 0.73444593 0.662297249 1 1
G1316 0.00253894716 0.000164953424 0.0961182192 0 0.000121812685 0.173608795 0 5.01522954e-05 1.15975672e-05 0.000358112738 0.000496062916 0.00233169971 0.000734169211 0.0188608523 0.0177780315 0 0.00109477318 0.00978785381 0.00076645118 0 0.0231125187 4.84953598e-05 0.00258622295 0.0158644356 0.000274597289 0.00192089169 0 0 0.000790133723 4.51252527e-05 3.89239649e-05 0 0 4.19750251e-07 0 0.0308773443 0.00332074659 0.000946658722 6.76886111e-06 0 0.0388368182 0 0.000337004778 0.00111684157 0 0 0 3.86006177e-05 2.3412133e-06 0 0 0.000701238867 0 3.23964778e-05 0 0.0359628759 2.94819747e-05 5.10625205e-06 8.97350947e-06 0.0429269001 0 0 0.00362214982 0.0252039004 0 0 0 0 0 1 0 0 0 0.409090906 0.244650543 0.803003192 0.680972397 0.872215569 1 1
G1317 0.00253894716 0.000164953424 0.0961182192 0 0.000121812685 0.173608795 0 5.01522954e-05 1.15975672e-05 0.000358112738 0.000496062916 0.00233169971 0.000734169211 0.0188608523 0.0177780315 0 0.00109477318 0.00978785381 0.00076645118 0 0.0231125187 4.84953598e-05 0.00258622295 0.0158644356 0.000274597289 0.00192089169 0 0 0.000790133723 4.51252527e-05 3.89239649e-05 0 0 4.19750251e-07 0 0.0308773443 0.00332074659 0.000946658722 6.76886111e-06 0 0.0388368182 0 0.000337004778 0.00111684157 0 0 0 3.86006177e-05 2.3412133e-06 0 0 0.000701238867 0 3.23964778e-05 0 0.0359628759 2.94819747e-05 5.10625205e-06 8.97350947e-06 0.0429269001 0 0 0.00362214982 0.0252039004 0 0 0 0 0 1 0 0 0 0.431818187 0.387761921 0.795580685 0.690268219 0.837892115 1 1
G1322 0.00253894716 0.000164953424 0.0961182192 0 0.000121812685 0.173608795 0 5.01522954e-05 1.15975672e-05 0.000358112738 0.000496062916 0.00233169971 0.000734169211 0.0188608523 0.0177780315 0 0.00109477318 0.00978785381 0.00076645118 0 0.0231125187 4.84953598e-05 0.00258622295 0.0158644356 0.000274597289 0.00192089169 0 0 0.000790133723 4.51252527e-05 3.89239649e-05 0 0 4.19750251e-07 0 0.0308773443 0.00332074659 0.000946658722 6.76886111e-06 0 0.0388368182 0 0.000337004778 0.00111684157 0 0 0 3.86006177e-05 2.3412133e-06 0 0 0.000701238867 0 3.23964778e-05 0 0.0359628759 2.94819747e-05 5.10625205e-06 8.97350947e-06 0.0429269001 0 0 0.00362214982 0.0252039004 0 0 0 0 0 1 0 0 0 0.431818187 0.244650543 0.73919034 0.748220921 0.819452226 1 1
G1333 0.00253894716 0.000164953424 0.0961182192 0 0.000121812685 0.173608795 0 5.01522954e-05 1.15975672e-05 0.000358112738 0.000496062916 0.00233169971 0.000734169211 0.0188608523 0.0177780315 0 0.00109477318 0.00978785381 0.00076645118 0 0.0231125187 4.84953598e-05 0.00258622295 0.0158644356 0.000274597289 0.00192089169 0 0 0.000790133723 4.51252527e-05 3.89239649e-05 0 0 4.19750251e-07 0 0.0308773443 0.00332074659 0.000946658722 6.76886111e-06 0 0.0388368182 0 0.000337004778 0.00111684157 0 0 0 3.86006177e-05 2.3412133e-06 0 0 0.000701238867 0 3.23964778e-05 0 0.0359628759 2.94819747e-05 5.10625205e-06 8.97350947e-06 0.0429269001 0 0 0.00362214982 0.0252039004 0 0 0 0 0 1 0 0 0 0.431818187 0.244650543 0.795580685 0.690268219 0.658273697 1 1
G1338 0.00253894716 0.000164953424 0.0961182192 0 0.000121812685 0.173608795 0 5.01522954e-05 1.15975672e-05 0.000358112738 0.000496062916 0.00233169971 0.000734169211 0.0188608523 0.0177780315 0 0.00109477318 0.00978785381 0.00076645118 0 0.0231125187 4.84953598e-05 0.00258622295 0.0158644356 0.000274597289 0.00192089169 0 0 0.000790133723 4.51252527e-05 3.89239649e-05 0 0 4.19750251e-07 0 0.0308773443 0.00332074659 0.000946658722 6.76886111e-06 0 0.0388368182 0 0.000337004778 0.00111684157 0 0 0 3.86006177e-05 2.3412133e-06 0 0 0.000701238867 0 3.23964778e-05 0 0.0359628759 2.94819747e-05 5.10625205e-06 8.97350947e-06 0.0429269001 0 0 0.00362214982 0.0252039004 0 0 0 0 0 1 0 0 0 0.454545468 0.244650543 0.748967052 0.741460979 0.849187434 1 1
G1339 0.00253894716 0.000164953424 0.0961182192 0 0.000121812685 0.173608795 0 5.01522954e-05 1.15975672e-05 0.000358112738 0.000496062916 0.00233169971 0.000734169211 0.0188608523 0.0177780315 0 0.00109477318 0.00978785381 0.00076645118 0 0.0231125187 4.84953598e-05 0.00258622295 0.0158644356 0.000274597289 0.00192089169 0 0 0.000790133723 4.51252527e-05 3.89239649e-05 0 0 4.19750251e-07 0 0.0308773443 0.00332074659 0.000946658722 6.76886111e-06 0 0.0388368182 0 0.000337004778 0.00111684157 0 0 0 3.86006177e-05 2.3412133e-06 0 0 0.000701238867 0 3.23964778e-05 0 0.0359628759 2.94819747e-05 5.10625205e-06 8.97350947e-06 0.0429269001 0 0 0.00362214982 0.0252039004 0 0 1 0 0 0 0 0 0 0.454545468 0.244650543 0.803003192 0.547303915 0.816180825 1 1
G1356 0.00253894716 0.000164953424 0.0961182192 0 0.000121812685 0.173608795 0 5.01522954e-05 1.15975672e-05 0.000358112738 0.000496062916 0.00233169971 0.000734169211 0.0188608523 0.0177780315 0 0.00109477318 0.00978785381 0.00076645118 0 0.0231125187 4.84953598e-05 0.00258622295 0.0158644356 0.000274597289 0.00192089169 0 0 0.000790133723 4.51252527e-05 3.89239649e-05 0 0 4.19750251e-07 0 0.0308773443 0.00332074659 0.000946658722 6.76886111e-06 0 0.0388368182 0 0.000337004778 0.00111684157 0 0 0 3.86006177e-05 2.3412133e-06 0 0 0.000701238867 0 3.23964778e-05 0 0.0359628759 2.94819747e-05 5.10625205e-06 8.97350947e-06 0.0429269001 0 0 0.00362214982 0.0252039004 0 0 1 0 0 0 0 0 0 0.477272719 0.244650543 0.854170442 0.490540475 0.824247539 1 1
G1370 0.00253894716 0.000164953424 0.0961182192 0 0.000121812685 0.173608795 0 5.01522954e-05 1.15975672e-05 0.000358112738 0.000496062916 0.00233169971 0.000734169211 0.0188608523 0.0177780315 0 0.00109477318 0.00978785381 0.00076645118 0 0.0231125187 4.84953598e-05 0.00258622295 0.0158644356 0.000274597289 0.00192089169 0 0 0.000790133723 4.51252527e-05 3.89239649e-05 0 0 4.19750251e-07 0 0.0308773443 0.00332074659 0.000946658722 6.76886111e-06 0 0.0388368182 0 0.000337004778 0.00111684157 0 0 0 3.86006177e-05 2.3412133e-06 0 0 0.000701238867 0 3.23964778e-05 0 0.0359628759 2.94819747e-05 5.10625205e-06 8.97350947e-06 0.0429269001 0 0 0.00362214982 0.0252039004 0 0 1 0 0 0 0 0 0 0.5 0.244650543 0.700642169 0.748220921 0.791389585 1 1
G1386 0.00253894716 0.000164953424 0.0961182192 0 0.000121812685 0.173608795 0 5.01522954e-05 1.15975672e-05 0.000358112738 0.000496062916 0.00233169971 0.000734169211 0.0188608523 0.0177780315 0 0.00109477318 0.00978785381 0.00076645118 0 0.0231125187 4.84953598e-05 0.00258622295 0.0158644356 0.000274597289 0.00192089169 0 0 0.000790133723 4.51252527e-05 3.89239649e-05 0 0 4.19750251e-07 0 0.0308773443 0.00332074659 0.000946658722 6.76886111e-06 0 0.0388368182 0 0.000337004778 0.00111684157 0 0 0 3.86006177e-05 2.3412133e-06 0 0 0.000701238867 0 3.23964778e-05 0 0.0359628759 2.94819747e-05 5.10625205e-06 8.97350947e-06 0.0429269001 0 0 0.00362214982 0.0252039004 0 0 1 0 0 0 0 0 0 0.522727251 0.387761921 0.817070961 0.257680446 0.78558737 1 1
G1451 0.00253894716 0.000164953424 0.0961182192 0 0.000121812685 0.173608795 0 5.01522954e-05 1.15975672e-05 0.000358112738 0.000496062916 0.00233169971 0.000734169211 0.0188608523 0.0177780315 0 0.00109477318 0.00978785381 0.00076645118 0 0.0231125187 4.84953598e-05 0.00258622295 0.0158644356 0.000274597289 0.00192089169 0 0 0.000790133723 4.51252527e-05 3.89239649e-05 0 0 4.19750251e-07 0 0.0308773443 0.00332074659 0.000946658722 6.76886111e-06 0 0.0388368182 0 0.000337004778 0.00111684157 0 0 0 3.86006177e-05 2.3412133e-06 0 0 0.000701238867 0 3.23964778e-05 0 0.0359628759 2.94819747e-05 5.10625205e-06 8.97350947e-06 0.0429269001 0 0 0.00362214982 0.0252039004 0 0 0 0 0 1 0 0 0 0.545454562 0.387761921 0.322504699 0.761045098 0.789476812 1 1
G1454 0.00253894716 0.000164953424 0.0961182192 0 0.000121812685 0.173608795 0 5.01522954e-05 1.15975672e-05 0.000358112738 0.000496062916 0.00233169971 0.000734169211 0.0188608523 0.0177780315 0 0.00109477318 0.00978785381 0.00076645118 0 0.0231125187 4.84953598e-05 0.00258622295 0.0158644356 0.000274597289 0.00192089169 0 0 0.000790133723 4.51252527e-05 3.89239649e-05 0 0 4.19750251e-07 0 0.0308773443 0.00332074659 0.000946658722 6.76886111e-06 0 0.0388368182 0 0.000337004778 0.00111684157 0 0 0 3.86006177e-05 2.3412133e-06 0 0 0.000701238867 0 3.23964778e-05 0 0.0359628759 2.94819747e-05 5.10625205e-06 8.97350947e-06 0.0429269001 0 0 0.00362214982 0.0252039004 0 0 0 0 0 1 0 0 0 0.545454562 0.387761921 0.322504699 0.761045098 0.783609748 1 1
G1465 0.00253894716 0.000164953424 0.0961182192 0 0.000121812685 0.173608795 0 5.01522954e-05 1.15975672e-05 0.000358112738 0.000496062916 0.00233169971 0.000734169211 0.0188608523 0.0177780315 0 0.00109477318 0.00978785381 0.00076645118 0 0.0231125187 4.84953598e-05 0.00258622295 0.0158644356 0.000274597289 0.00192089169 0 0 0.000790133723 4.51252527e-05 3.89239649e-05 0 0 4.19750251e-07 0 0.0308773443 0.00332074659 0.000946658722 6.76886111e-06 0 0.0388368182 0 0.000337004778 0.00111684157 0 0 0 3.86006177e-05 2.3412133e-06 0 0 0.000701238867 0 3.23964778e-05 0 0.0359628759 2.94819747e-05 5.10625205e-06 8.97350947e-06 0.0429269001 0 0 0.00362214982 0.0252039004 0 0 1 0 0 0 0 0 0 0.568181813 0.244650543 0.836478055 0.333047152 0.773371935 1 1
G1466 0.00253894716 0.000164953424 0.0961182192 0 0.000121812685 0.173608795 0 5.01522954e-05 1.15975672e-05 0.000358112738 0.000496062916 0.00233169971 0.000734169211 0.0188608523 0.0177780315 0 0.00109477318 0.00978785381 0.00076645118 0 0.0231125187 4.84953598e-05 0.00258622295 0.0158644356 0.000274597289 0.00192089169 0 0 0.000790133723 4.51252527e-05 3.89239649e-05 0 0 4.19750251e-07 0 0.0308773443 0.00332074659 0.000946658722 6.76886111e-06 0 0.0388368182 0 0.000337004778 0.00111684157 0 0 0 3.86006177e-05 2.3412133e-06 0 0 0.000701238867 0 3.23964778e-05 0 0.0359628759 2.94819747e-05 5.10625205e-06 8.97350947e-06 0.0429269001 0 0 0.00362214982 0.0252039004 0 0 0 0 0 1 0 0 0 0.568181813 0.244650543 0.823751032 0.333047152 0.783609748 1 1
G1467 0.00253894716 0.000164953424 0.0961182192 0 0.000121812685 0.173608795 0 5.01522954e-05 1.15975672e-05 0.000358112738 0.000496062916 0.00233169971 0.000734169211 0.0188608523 0.0177780315 0 0.00109477318 0.00978785381 0.00076645118 0 0.0231125187 4.84953598e-05 0.00258622295 0.0158644356 0.000274597289 0.00192089169 0 0 0.000790133723 4.51252527e-05 3.89239649e-05 0 0 4.19750251e-07 0 0.0308773443 0.00332074659 0.000946658722 6.76886111e-06 0 0.0388368182 0 0.000337004778 0.00111684157 0 0 0 3.86006177e-05 2.3412133e-06 0 0 0.000701238867 0 3.23964778e-05 0 0.0359628759 2.94819747e-05 5.10625205e-06 8.97350947e-06 0.0429269001 0 0 0.00362214982 0.0252039004 0 0 1 0 0 0 0 0 0 0.568181813 0.244650543 0.836478055 0.333047152 0.779586196 1 1
G1468 0.00253894716 0.000164953424 0.0961182192 0 0.000121812685 0.173608795 0 5.01522954e-05 1.15975672e-05 0.000358112738 0.000496062916 0.00233169971 0.000734169211 0.0188608523 0.0177780315 0 0.00109477318 0.00978785381 0.00076645118 0 0.0231125187 4.84953598e-05 0.00258622295 0.0158644356 0.000274597289 0.00192089169 0 0 0.000790133723 4.51252527e-05 3.89239649e-05 0 0 4.19750251e-07 0 0.0308773443 0.00332074659 0.000946658722 6.76886111e-06 0 0.0388368182 0 0.000337004778 0.00111684157 0 0 0 3.86006177e-05 2.3412133e-06 0 0 0.000701238867 0 3.23964778e-05 0 0.0359628759 2.94819747e-05 5.10625205e-06 8.97350947e-06 0.0429269001 0 0 0.00362214982 0.0252039004 0 0 0 0 0 1 0 0 0 0.568181813 0.244650543 0.823751032 0.333047152 0.789476812 1 1
G1473 0.00253894716 0.000164953424 0.0961182192 0 0.000121812685 0.173608795 0 5.01522954e-05 1.15975672e-05 0.000358112738 0.000496062916 0.00233169971 0.000734169211 0.0188608523 0.0177780315 0 0.00109477318 0.00978785381 0.00076645118 0 0.0231125187 4.84953598e-05 0.00258622295 0.0158644356 0.000274597289 0.00192089169 0 0 0.000790133723 4.51252527e-05 3.89239649e-05 0 0 4.19750251e-07 0 0.0308773443 0.00332074659 0.000946658722 6.76886111e-06 0 0.0388368182 0 0.000337004778 0.00111684157 0 0 0 3.86006177e-05 2.3412133e-06 0 0 0.000701238867 0 3.23964778e-05 0 0.0359628759 2.94819747e-05 5.10625205e-06 8.97350947e-06 0.0429269001 0 0 0.00362214982 0.0252039004 0 0 1 0 0 0 0 0 0 0.590909064 0.244650543 0.461399913 0.299157739 0.775467992 1 1
G1474 0.00253894716 0.000164953424 0.0961182192 0 0.000121812685 0.173608795 0 5.01522954e-05 1.15975672e-05 0.000358112738 0.000496062916 0.00233169971 0.000734169211 0.0188608523 0.0177780315 0 0.00109477318 0.00978785381 0.00076645118 0 0.0231125187 4.84953598e-05 0.00258622295 0.0158644356 0.000274597289 0.00192089169 0 0 0.000790133723 4.51252527e-05 3.89239649e-05 0 0 4.19750251e-07 0 0.0308773443 0.00332074659 0.000946658722 6.76886111e-06 0 0.0388368182 0 0.000337004778 0.00111684157 0 0 0 3.86006177e-05 2.3412133e-06 0 0 0.000701238867 0 3.23964778e-05 0 0.0359628759 2.94819747e-05 5.10625205e-06 8.97350947e-06 0.0429269001 0 0 0.00362214982 0.0252039004 0 0 1 0 0 0 0 0 0 0.590909064 0.244650543 0.461399913 0.299157739 0.781609535 1 1
G1483 0.00253894716 0.000164953424 0.0961182192 0 0.000121812685 0.173608795 0 5.01522954e-05 1.15975672e-05 0.000358112738 0.000496062916 0.00233169971 0.000734169211 0.0188608523 0.0177780315 0 0.00109477318 0.00978785381 0.00076645118 0 0.0231125187 4.84953598e-05 0.00258622295 0.0158644356 0.000274597289 0.00192089169 0 0 0.000790133723 4.51252527e-05 3.89239649e-05 0 0 4.19750251e-07 0 0.0308773443 0.00332074659 0.000946658722 6.76886111e-06 0 0.0388368182 0 0.000337004778 0.00111684157 0 0 0 3.86006177e-05 2.3412133e-06 0 0 0.000701238867 0 3.23964778e-05 0 0.0359628759 2.94819747e-05 5.10625205e-06 8.97350947e-06 0.0429269001 0 0 0.00362214982 0.0252039004 0 0 1 0 0 0 0 0 0 0.613636374 0.244650543 0.480498493 0.445713937 0.762497842 1 1
G1484 0.00253894716 0.000164953424 0.0961182192 0 0.000121812685 0.173608795 0 5.01522954e-05 1.15975672e-05 0.000358112738 0.000496062916 0.00233169971 0.000734169211 0.0188608523 0.0177780315 0 0.00109477318 0.00978785381 0.00076645118 0 0.0231125187 4.84953598e-05 0.00258622295 0.0158644356 0.000274597289 0.00192089169 0 0 0.000790133723 4.51252527e-05 3.89239649e-05 0 0 4.19750251e-07 0 0.0308773443 0.00332074659 0.000946658722 6.76886111e-06 0 0.0388368182 0 0.000337004778 0.00111684157 0 0 0 3.86006177e-05 2.3412133e-06 0 0 0.000701238867 0 3.23964778e-05 0 0.0359628759 2.94819747e-05 5.10625205e-06 8.97350947e-06 0.0429269001 0 0 0.00362214982 0.0252039004 0 0 1 0 0 0 0 0 0 0.613636374 0.387761921 0.480498493 0.445713937 0.769102991 1 1
G1489 0.00253894716 0.000164953424 0.0961182192 0 0.000121812685 0.173608795 0 5.01522954e-05 1.15975672e-05 0.000358112738 0.000496062916 0.00233169971 0.000734169211 0.0188608523 0.0177780315 0 0.00109477318 0.00978785381 0.00076645118 0 0.0231125187 4.84953598e-05 0.00258622295 0.0158644356 0.000274597289 0.00192089169 0 0 0.000790133723 4.51252527e-05 3.89239649e-05 0 0 4.19750251e-07 0 0.0308773443 0.00332074659 0.000946658722 6.76886111e-06 0 0.0388368182 0 0.000337004778 0.00111684157 0 0 0 3.86006177e-05 2.3412133e-06 0 0 0.000701238867 0 3.23964778e-05 0 0.0359628759 2.94819747e-05 5.10625205e-06 8.97350947e-06 0.0429269001 0 0 0.00362214982 0.0252039004 0 0 0 0 0 1 0 0 0 0.636363626 0.244650543 0.497934133 0.46188736 0.760239482 1 1
G1502 0.00253894716 0.000164953424 0.0961182192 0 0.000121812685 0.173608795 0 5.01522954e-05 1.15975672e-05 0.000358112738 0.000496062916 0.00233169971 0.000734169211 0.0188608523 0.0177780315 0 0.00109477318 0.00978785381 0.00076645118 0 0.0231125187 4.84953598e-05 0.00258622295 0.0158644356 0.000274597289 0.00192089169 0 0 0.000790133723 4.51252527e-05 3.89239649e-05 0 0 4.19750251e-07 0 0.0308773443 0.00332074659 0.000946658722 6.76886111e-06 0 0.0388368182 0 0.000337004778 0.00111684157 0 0 0 3.86006177e-05 2.3412133e-06 0 0 0.000701238867 0 3.23964778e-05 0 0.0359628759 2.94819747e-05 5.10625205e-06 8.97350947e-06 0.0429269001 0 0 0.00362214982 0.0252039004 0 0 0 0 0 1 0 0 0 0.636363626 0.387761921 0.497934133 0.46188736 0.766928852 1 1
G1505 0.00253894716 0.000164953424 0.0961182192 0 0.000121812685 0.173608795 0 5.01522954e-05 1.15975672e-05 0.000358112738 0.000496062916 0.00233169971 0.000734169211 0.0188608523 0.0177780315 0 0.00109477318 0.00978785381 0.00076645118 0 0.0231125187 4.84953598e-05 0.00258622295 0.0158644356 0.000274597289 0.00192089169 0 0 0.000790133723 4.51252527e-05 3.89239649e-05 0 0 4.19750251e-07 0 0.0308773443 0.00332074659 0.000946658722 6.76886111e-06 0 0.0388368182 0 0.000337004778 0.00111684157 0 0 0 3.86006177e-05 2.3412133e-06 0 0 0.000701238867 0 3.23964778e-05 0 0.0359628759 2.94819747e-05 5.10625205e-06 8.97350947e-06 0.0429269001 0 0 0.00362214982 0.0252039004 0 1 0 0 0 0 0 0 0 0.636363626 0.387761921 0.322504699 0.537254095 0.753284276 1 1
G1538 0.00253894716 0.000164953424 0.0961182192 0 0.000121812685 0.173608795 0 5.01522954e-05 1.15975672e-05 0.000358112738 0.000496062916 0.00233169971 0.000734169211 0.0188608523 0.0177780315 0 0.00109477318 0.00978785381 0.00076645118 0 0.0231125187 4.84953598e-05 0.00258622295 0.0158644356 0.000274597289 0.00192089169 0 0 0.000790133723 4.51252527e-05 3.89239649e-05 0 0 4.19750251e-07 0 0.0308773443 0.00332074659 0.000946658722 6.76886111e-06 0 0.0388368182 0 0.000337004778 0.00111684157 0 0 0 3.86006177e-05 2.3412133e-06 0 0 0.000701238867 0 3.23964778e-05 0 0.0359628759 2.94819747e-05 5.10625205e-06 8.97350947e-06 0.0429269001 0 0 0.00362214982 0.0252039004 0 0 0 0 0 1 0 0 0 0.659090936 0.846351802 0.590016782 0.333047152 0.75090307 1 1
G1549 0.00253894716 0.000164953424 0.0961182192 0 0.000121812685 0.173608795 0 5.01522954e-05 1.15975672e-05 0.000358112738 0.000496062916 0.00233169971 0.000734169211 0.0188608523 0.0177780315 0 0.00109477318 0.00978785381 0.00076645118 0 0.0231125187 4.84953598e-05 0.00258622295 0.0158644356 0.000274597289 0.00192089169 0 0 0.000790133723 4.51252527e-05 3.89239649e-05 0 0 4.19750251e-07 0 0.0308773443 0.00332074659 0.000946658722 6.76886111e-06 0 0.0388368182 0 0.000337004778 0.00111684157 0 0 0 3.86006177e-05 2.3412133e-06 0 0 0.000701238867 0 3.23964778e-05 0 0.0359628759 2.94819747e-05 5.10625205e-06 8.97350947e-06 0.0429269001 0 0 0.00362214982 0.0252039004 0 0 0 0 0 1 0 0 0 0.659090936 0.931471467 0.590016782 0.333047152 0.75090307 1 1
G1624 0.00253894716 0.000164953424 0.0961182192 0 0.000121812685 0.173608795 0 5.01522954e-05 1.15975672e-05 0.000358112738 0.000496062916 0.00233169971 0.000734169211 0.0188608523 0.0177780315 0 0.00109477318 0.00978785381 0.00076645118 0 0.0231125187 4.84953598e-05 0.00258622295 0.0158644356 0.000274597289 0.00192089169 0 0 0.000790133723 4.51252527e-05 3.89239649e-05 0 0 4.19750251e-07 0 0.0308773443 0.00332074659 0.000946658722 6.76886111e-06 0 0.0388368182 0 0.000337004778 0.00111684157 0 0 0 3.86006177e-05 2.3412133e-06 0 0 0.000701238867 0 3.23964778e-05 0 0.0359628759 2.94819747e-05 5.10625205e-06 8.97350947e-06 0.0429269001 0 0 0.00362214982 0.0252039004 0 1 0 0 0 0 0 0 0 0.659090936 0.244650543 0.322504699 0.547303915 0.99292767 1 1
G1625 0.00253894716 0.000164953424 0.0961182192 0 0.000121812685 0.173608795 0 5.01522954e-05 1.15975672e-05 0.000358112738 0.000496062916 0.00233169971 0.000734169211 0.0188608523 0.0177780315 0 0.00109477318 0.00978785381 0.00076645118 0 0.0231125187 4.84953598e-05 0.00258622295 0.0158644356 0.000274597289 0.00192089169 0 0 0.000790133723 4.51252527e-05 3.89239649e-05 0 0 4.19750251e-07 0 0.0308773443 0.00332074659 0.000946658722 6.76886111e-06 0 0.0388368182 0 0.000337004778 0.00111684157 0 0 0 3.86006177e-05 2.3412133e-06 0 0 0.000701238867 0 3.23964778e-05 0 0.0359628759 2.94819747e-05 5.10625205e-06 8.97350947e-06 0.0429269001 0 0 0.00362214982 0.0252039004 0 1 0 0 0 0 0 0 0 0.659090936 1 0.322504699 0.547303915 0.75090307 1 1
G994 0.00253894716 0.000164953424 0.0961182192 0 0.000121812685 0.173608795 0 5.01522954e-05 1.15975672e-05 0.000358112738 0.000496062916 0.00233169971 0.000734169211 0.0188608523 0.0177780315 0 0.00109477318 0.00978785381 0.00076645118 0 0.0231125187 4.84953598e-05 0.00258622295 0.0158644356 0.000274597289 0.00192089169 0 0 0.000790133723 4.51252527e-05 3.89239649e-05 0 0 4.19750251e-07 0 0.0308773443 0.00332074659 0.000946658722 6.76886111e-06 0 0.0388368182 0 0.000337004778 0.00111684157 0 0 0 3.86006177e-05 2.3412133e-06 0 0 0.000701238867 0 3.23964778e-05 0 0.0359628759 2.94819747e-05 5.10625205e-06 8.97350947e-06 0.0429269001 0 0 0.00362214982 0.0252039004 0 0 1 0 0 0 0 0 0 0.204545453 0.244650543 0.513973355 0.526629627 0.746041179 1 1
G1025 0.00253894716 0.000164953424 0.0961182192 0 0.000121812685 0.173608795 0 5.01522954e-05 1.15975672e-05 0.000358112738 0.000496062916 0.00233169971 0.000734169211 0.0188608523 0.0177780315 0 0.00109477318 0.00978785381 0.00076645118 0 0.0231125187 4.84953598e-05 0.00258622295 0.0158644356 0.000274597289 0.00192089169 0 0 0.000790133723 4.51252527e-05 3.89239649e-05 0 0 4.19750251e-07 0 0.0308773443 0.00332074659 0.000946658722 6.76886111e-06 0 0.0388368182 0 0.000337004778 0.00111684157 0 0 0 3.86006177e-05 2.3412133e-06 0 0 0.000701238867 0 3.23964778e-05 0 0.0359628759 2.94819747e-05 5.10625205e-06 8.97350947e-06 0.0429269001 0 0 0.00362214982 0.0252039004 0 0 0 0 0 1 0 0 0 0.227272734 0.387761921 0.579182625 0.490540475 0.743558586 1 1
G1065 0.00253894716 0.000164953424 0.0961182192 0 0.000121812685 0.173608795 0 5.01522954e-05 1.15975672e-05 0.000358112738 0.000496062916 0.00233169971 0.000734169211 0.0188608523 0.0177780315 0 0.00109477318 0.00978785381 0.00076645118 0 0.0231125187 4.84953598e-05 0.00258622295 0.0158644356 0.000274597289 0.00192089169 0 0 0.000790133723 4.51252527e-05 3.89239649e-05 0 0 4.19750251e-07 0 0.0308773443 0.00332074659 0.000946658722 6.76886111e-06 0 0.0388368182 0 0.000337004778 0.00111684157 0 0 0 3.86006177e-05 2.3412133e-06 0 0 0.000701238867 0 3.23964778e-05 0 0.0359628759 2.94819747e-05 5.10625205e-06 8.97350947e-06 0.0429269001 0 0 0.00362214982 0.0252039004 0 0 0 0 0 1 0 0 0 0.25 0.244650543 0.542648375 0.547303915 0.775467992 1 1
G1334 0.00253894716 0.000164953424 0.0961182192 0 0.000121812685 0.173608795 0 5.01522954e-05 1.15975672e-05 0.000358112738 0.000496062916 0.00233169971 0.000734169211 0.0188608523 0.0177780315 0 0.00109477318 0.00978785381 0.00076645118 0 0.0231125187 4.84953598e-05 0.00258622295 0.0158644356 0.000274597289 0.00192089169 0 0 0.000790133723 4.51252527e-05 3.89239649e-05 0 0 4.19750251e-07 0 0.0308773443 0.00332074659 0.000946658722 6.76886111e-06 0 0.0388368182 0 0.000337004778 0.00111684157 0 0 0 3.86006177e-05 2.3412133e-06 0 0 0.000701238867 0 3.23964778e-05 0 0.0359628759 2.94819747e-05 5.10625205e-06 8.97350947e-06 0.0429269001 0 0 0.00362214982 0.0252039004 0 0 1 0 0 0 0 0 0 0.431818187 0.244650543 0.854170442 0.515360892 0.606562495 1 1
G1354 0.00253894716 0.000164953424 0.0961182192 0 0.000121812685 0.173608795 0 5.01522954e-05 1.15975672e-05 0.000358112738 0.000496062916 0.00233169971 0.000734169211 0.0188608523 0.0177780315 0 0.00109477318 0.00978785381 0.00076645118 0 0.0231125187 4.84953598e-05 0.00258622295 0.0158644356 0.000274597289 0.00192089169 0 0 0.000790133723 4.51252527e-05 3.89239649e-05 0 0 4.19750251e-07 0 0.0308773443 0.00332074659 0.000946658722 6.76886111e-06 0 0.0388368182 0 0.000337004778 0.00111684157 0 0 0 3.86006177e-05 2.3412133e-06 0 0 0.000701238867 0 3.23964778e-05 0 0.0359628759 2.94819747e-05 5.10625205e-06 8.97350947e-06 0.0429269001 0 0 0.00362214982 0.0252039004 0 0 1 0 0 0 0 0 0 0.454545468 0.244650543 0.803003192 0.547303915 0.589333773 1 1
G1366 0.00253894716 0.000164953424 0.0961182192 0 0.000121812685 0.173608795 0 5.01522954e-05 1.15975672e-05 0.000358112738 0.000496062916 0.00233169971 0.000734169211 0.0188608523 0.0177780315 0 0.00109477318 0.00978785381 0.00076645118 0 0.0231125187 4.84953598e-05 0.00258622295 0.0158644356 0.000274597289 0.00192089169 0 0 0.000790133723 4.51252527e-05 3.89239649e-05 0 0 4.19750251e-07 0 0.0308773443 0.00332074659 0.000946658722 6.76886111e-06 0 0.0388368182 0 0.000337004778 0.00111684157 0 0 0 3.86006177e-05 2.3412133e-06 0 0 0.000701238867 0 3.23964778e-05 0 0.0359628759 2.94819747e-05 5.10625205e-06 8.97350947e-06 0.0429269001 0 0 0.00362214982 0.0252039004 0 0 1 0 0 0 0 0 0 0.477272719 0.387761921 0.712432861 0.748220921 0.448909581 1 1
G1382 0.00253894716 0.000164953424 0.0961182192 0 0.000121812685 0.173608795 0 5.01522954e-05 1.15975672e-05 0.000358112738 0.000496062916 0.00233169971 0.000734169211 0.0188608523 0.0177780315 0 0.00109477318 0.00978785381 0.00076645118 0 0.0231125187 4.84953598e-05 0.00258622295 0.0158644356 0.000274597289 0.00192089169 0 0 0.000790133723 4.51252527e-05 3.89239649e-05 0 0 4.19750251e-07 0 0.0308773443 0.00332074659 0.000946658722 6.76886111e-06 0 0.0388368182 0 0.000337004778 0.00111684157 0 0 0 3.86006177e-05 2.3412133e-06 0 0 0.000701238867 0 3.23964778e-05 0 0.0359628759 2.94819747e-05 5.10625205e-06 8.97350947e-06 0.0429269001 0 0 0.00362214982 0.0252039004 0 0 0 0 0 1 0 0 0 0.5 0.244650543 0.810160458 0.666094303 0.837892115 1 1
G995 0.00253894716 0.000164953424 0.0961182192 0 0.000121812685 0.173608795 0 5.01522954e-05 1.15975672e-05 0.000358112738 0.000496062916 0.00233169971 0.000734169211 0.0188608523 0.0177780315 0 0.00109477318 0.00978785381 0.00076645118 0 0.0231125187 4.84953598e-05 0.00258622295 0.0158644356 0.000274597289 0.00192089169 0 0 0.000790133723 4.51252527e-05 3.89239649e-05 0 0 4.19750251e-07 0 0.0308773443 0.00332074659 0.000946658722 6.76886111e-06 0 0.0388368182 0 0.000337004778 0.00111684157 0 0 0 3.86006177e-05 2.3412133e-06 0 0 0.000701238867 0 3.23964778e-05 0 0.0359628759 2.94819747e-05 5.10625205e-06 8.97350947e-06 0.0429269001 0 0 0.00362214982 0.0252039004 0 0 0 0 0 1 0 0 0 0.204545453 0.244650543 0.567728996 0.46188736 0.704504728 1 1
G996 0.00253894716 0.000164953424 0.0961182192 0 0.000121812685 0.173608795 0 5.01522954e-05 1.15975672e-05 0.000358112738 0.000496062916 0.00233169971 0.000734169211 0.0188608523 0.0177780315 0 0.00109477318 0.00978785381 0.00076645118 0 0.0231125187 4.84953598e-05 0.00258622295 0.0158644356 0.000274597289 0.00192089169 0 0 0.000790133723 4.51252527e-05 3.89239649e-05 0 0 4.19750251e-07 0 0.0308773443 0.00332074659 0.000946658722 6.76886111e-06 0 0.0388368182 0 0.000337004778 0.00111684157 0 0 0 3.86006177e-05 2.3412133e-06 0 0 0.000701238867 0 3.23964778e-05 0 0.0359628759 2.94819747e-05 5.10625205e-06 8.97350947e-06 0.0429269001 0 0 0.00362214982 0.0252039004 0 0 1 0 0 0 0 0 0 0.204545453 0.244650543 0.513973355 0.537254095 0.733260512 1 1
G1028 0.00253894716 0.000164953424 0.0961182192 0 0.000121812685 0.173608795 0 5.01522954e-05 1.15975672e-05 0.000358112738 0.000496062916 0.00233169971 0.000734169211 0.0188608523 0.0177780315 0 0.00109477318 0.00978785381 0.00076645118 0 0.0231125187 4.84953598e-05 0.00258622295 0.0158644356 0.000274597289 0.00192089169 0 0 0.000790133723 4.51252527e-05 3.89239649e-05 0 0 4.19750251e-07 0 0.0308773443 0.00332074659 0.000946658722 6.76886111e-06 0 0.0388368182 0 0.000337004778 0.00111684157 0 0 0 3.86006177e-05 2.3412133e-06 0 0 0.000701238867 0 3.23964778e-05 0 0.0359628759 2.94819747e-05 5.10625205e-06 8.97350947e-06 0.0429269001 0 0 0.00362214982 0.0252039004 0 0 0 0 0 1 0 0 0 0.227272734 0.387761921 0.590016782 0.490540475 0.730588436 1 1
G1067 0.00253894716 0.000164953424 0.0961182192 0 0.000121812685 0.173608795 0 5.01522954e-05 1.15975672e-05 0.000358112738 0.000496062916 0.00233169971 0.000734169211 0.0188608523 0.0177780315 0 0.00109477318 0.00978785381 0.00076645118 0 0.0231125187 4.84953598e-05 0.00258622295 0.0158644356 0.000274597289 0.00192089169 0 0 0.000790133723 4.51252527e-05 3.89239649e-05 0 0 4.19750251e-07 0 0.0308773443 0.00332074659 0.000946658722 6.76886111e-06 0 0.0388368182 0 0.000337004778 0.00111684157 0 0 0 3.86006177e-05 2.3412133e-06 0 0 0.000701238867 0 3.23964778e-05 0 0.0359628759 2.94819747e-05 5.10625205e-06 8.97350947e-06 0.0429269001 0 0 0.00362214982 0.0252039004 0 0 1 0 0 0 0 0 0 0.25 0.244650543 0.694476068 0.490540475 0.698139787 1 1
G1068 0.00253894716 0.000164953424 0.0961182192 0 0.000121812685 0.173608795 0 5.01522954e-05 1.15975672e-05 0.000358112738 0.000496062916 0.00233169971 0.000734169211 0.0188608523 0.0177780315 0 0.00109477318 0.00978785381 0.00076645118 0 0.0231125187 4.84953598e-05 0.00258622295 0.0158644356 0.000274597289 0.00192089169 0 0 0.000790133723 4.51252527e-05 3.89239649e-05 0 0 4.19750251e-07 0 0.0308773443 0.00332074659 0.000946658722 6.76886111e-06 0 0.0388368182 0 0.000337004778 0.00111684157 0 0 0 3.86006177e-05 2.3412133e-06 0 0 0.000701238867 0 3.23964778e-05 0 0.0359628759 2.94819747e-05 5.10625205e-06 8.97350947e-06 0.0429269001 0 0 0.00362214982 0.0252039004 0 0 0 0 0 1 0 0 0 0.25 0.244650543 0.542648375 0.556838155 0.727874994 1 1
G1103 0.00253894716 0.000164953424 0.0961182192 0 0.000121812685 0.173608795 0 5.01522954e-05 1.15975672e-05 0.000358112738 0.000496062916 0.00233169971 0.000734169211 0.0188608523 0.0177780315 0 0.00109477318 0.00978785381 0.00076645118 0 0.0231125187 4.84953598e-05 0.00258622295 0.0158644356 0.000274597289 0.00192089169 0 0 0.000790133723 4.51252527e-05 3.89239649e-05 0 0 4.19750251e-07 0 0.0308773443 0.00332074659 0.000946658722 6.76886111e-06 0 0.0388368182 0 0.000337004778 0.00111684157 0 0 0 3.86006177e-05 2.3412133e-06 0 0 0.000701238867 0 3.23964778e-05 0 0.0359628759 2.94819747e-05 5.10625205e-06 8.97350947e-06 0.0429269001 0 0 0.00362214982 0.0252039004 0 0 1 0 0 0 0 0 0 0.272727281 0.244650543 0.694476068 0.515360892 0.691534579 1 1
G1126 0.00253894716 0.000164953424 0.0961182192 0 0.000121812685 0.173608795 0 5.01522954e-05 1.15975672e-05 0.000358112738 0.000496062916 0.00233169971 0.000734169211 0.0188608523 0.0177780315 0 0.00109477318 0.00978785381 0.00076645118 0 0.0231125187 4.84953598e-05 0.00258622295 0.0158644356 0.000274597289 0.00192089169 0 0 0.000790133723 4.51252527e-05 3.89239649e-05 0 0 4.19750251e-07 0 0.0308773443 0.00332074659 0.000946658722 6.76886111e-06 0 0.0388368182 0 0.000337004778 0.00111684157 0 0 0 3.86006177e-05 2.3412133e-06 0 0 0.000701238867 0 3.23964778e-05 0 0.0359628759 2.94819747e-05 5.10625205e-06 8.97350947e-06 0.0429269001 0 0 0.00362214982 0.0252039004 0 0 1 0 0 0 0 0 0 0.295454532 0.387761921 0.681543589 0.649920881 0.636639178 1 1
G1159 0.00253894716 0.000164953424 0.0961182192 0 0.000121812685 0.173608795 0 5.01522954e-05 1.15975672e-05 0.000358112738 0.000496062916 0.00233169971 0.000734169211 0.0188608523 0.0177780315 0 0.00109477318 0.00978785381 0.00076645118 0 0.0231125187 4.84953598e-05 0.00258622295 0.0158644356 0.000274597289 0.00192089169 0 0 0.000790133723 4.51252527e-05 3.89239649e-05 0 0 4.19750251e-07 0 0.0308773443 0.00332074659 0.000946658722 6.76886111e-06 0 0.0388368182 0 0.000337004778 0.00111684157 0 0 0 3.86006177e-05 2.3412133e-06 0 0 0.000701238867 0 3.23964778e-05 0 0.0359628759 2.94819747e-05 5.10625205e-06 8.97350947e-06 0.0429269001 0 0 0.00362214982 0.0252039004 0 0 0 0 0 1 0 0 0 0.318181813 0.244650543 0.70662421 0.638299763 0.636639178 1 1
G998 0.00253894716 0.000164953424 0.0961182192 0 0.000121812685 0.173608795 0 5.01522954e-05 1.15975672e-05 0.000358112738 0.000496062916 0.00233169971 0.000734169211 0.0188608523 0.0177780315 0 0.00109477318 0.00978785381 0.00076645118 0 0.0231125187 4.84953598e-05 0.00258622295 0.0158644356 0.000274597289 0.00192089169 0 0 0.000790133723 4.51252527e-05 3.89239649e-05 0 0 4.19750251e-07 0 0.0308773443 0.00332074659 0.000946658722 6.76886111e-06 0 0.0388368182 0 0.000337004778 0.00111684157 0 0 0 3.86006177e-05 2.3412133e-06 0 0 0.000701238867 0 3.23964778e-05 0 0.0359628759 2.94819747e-05 5.10625205e-06 8.97350947e-06 0.0429269001 0 0 0.00362214982 0.0252039004 0 0 0 0 0 1 0 0 0 0.204545453 0.244650543 0.567728996 0.46188736 0.684670269 1 1
G1022 0.00253894716 0.000164953424 0.0961182192 0 0.000121812685 0.173608795 0 5.01522954e-05 1.15975672e-05 0.000358112738 0.000496062916 0.00233169971 0.000734169211 0.0188608523 0.0177780315 0 0.00109477318 0.00978785381 0.00076645118 0 0.0231125187 4.84953598e-05 0.00258622295 0.0158644356 0.000274597289 0.00192089169 0 0 0.000790133723 4.51252527e-05 3.89239649e-05 0 0 4.19750251e-07 0 0.0308773443 0.00332074659 0.000946658722 6.76886111e-06 0 0.0388368182 0 0.000337004778 0.00111684157 0 0 0 3.86006177e-05 2.3412133e-06 0 0 0.000701238867 0 3.23964778e-05 0 0.0359628759 2.94819747e-05 5.10625205e-06 8.97350947e-06 0.0429269001 0 0 0.00362214982 0.0252039004 0 0 1 0 0 0 0 0 0 0.227272734 0.244650543 0.667718589 0.46188736 0.617172837 1 1
G999 0.00253894716 0.000164953424 0.0961182192 0 0.000121812685 0.173608795 0 5.01522954e-05 1.15975672e-05 0.000358112738 0.000496062916 0.00233169971 0.000734169211 0.0188608523 0.0177780315 0 0.00109477318 0.00978785381 0.00076645118 0 0.0231125187 4.84953598e-05 0.00258622295 0.0158644356 0.000274597289 0.00192089169 0 0 0.000790133723 4.51252527e-05 3.89239649e-05 0 0 4.19750251e-07 0 0.0308773443 0.00332074659 0.000946658722 6.76886111e-06 0 0.0388368182 0 0.000337004778 0.00111684157 0 0 0 3.86006177e-05 2.3412133e-06 0 0 0.000701238867 0 3.23964778e-05 0 0.0359628759 2.94819747e-05 5.10625205e-06 8.97350947e-06 0.0429269001 0 0 0.00362214982 0.0252039004 0 0 0 0 0 1 0 0 0 0.204545453 0.244650543 0.567728996 0.46188736 0.684670269 1 1
G1023 0.00253894716 0.000164953424 0.0961182192 0 0.000121812685 0.173608795 0 5.01522954e-05 1.15975672e-05 0.000358112738 0.000496062916 0.00233169971 0.000734169211 0.0188608523 0.0177780315 0 0.00109477318 0.00978785381 0.00076645118 0 0.0231125187 4.84953598e-05 0.00258622295 0.0158644356 0.000274597289 0.00192089169 0 0 0.000790133723 4.51252527e-05 3.89239649e-05 0 0 4.19750251e-07 0 0.0308773443 0.00332074659 0.000946658722 6.76886111e-06 0 0.0388368182 0 0.000337004778 0.00111684157 0 0 0 3.86006177e-05 2.3412133e-06 0 0 0.000701238867 0 3.23964778e-05 0 0.0359628759 2.94819747e-05 5.10625205e-06 8.97350947e-06 0.0429269001 0 0 0.00362214982 0.0252039004 0 0 1 0 0 0 0 0 0 0.227272734 0.244650543 0.667718589 0.46188736 0.617172837 1 1
G1038 0.00253894716 0.000164953424 0.0961182192 0 0.000121812685 0.173608795 0 5.01522954e-05 1.15975672e-05 0.000358112738 0.000496062916 0.00233169971 0.000734169211 0.0188608523 0.0177780315 0 0.00109477318 0.00978785381 0.00076645118 0 0.0231125187 4.84953598e-05 0.00258622295 0.0158644356 0.000274597289 0.00192089169 0 0 0.000790133723 4.51252527e-05 3.89239649e-05 0 0 4.19750251e-07 0 0.0308773443 0.00332074659 0.000946658722 6.76886111e-06 0 0.0388368182 0 0.000337004778 0.00111684157 0 0 0 3.86006177e-05 2.3412133e-06 0 0 0.000701238867 0 3.23964778e-05 0 0.0359628759 2.94819747e-05 5.10625205e-06 8.97350947e-06 0.0429269001 0 0 0.00362214982 0.0252039004 0 0 1 0 0 0 0 0 0 0.25 0.387761921 0.636829317 0.625903368 0.54098475 1 1
G1091 0.00253894716 0.000164953424 0.0961182192 0 0.000121812685 0.173608795 0 5.01522954e-05 1.15975672e-05 0.000358112738 0.000496062916 0.00233169971 0.000734169211 0.0188608523 0.0177780315 0 0.00109477318 0.00978785381 0.00076645118 0 0.0231125187 4.84953598e-05 0.00258622295 0.0158644356 0.000274597289 0.00192089169 0 0 0.000790133723 4.51252527e-05 3.89239649e-05 0 0 4.19750251e-07 0 0.0308773443 0.00332074659 0.000946658722 6.76886111e-06 0 0.0388368182 0 0.000337004778 0.00111684157 0 0 0 3.86006177e-05 2.3412133e-06 0 0 0.000701238867 0 3.23964778e-05 0 0.0359628759 2.94819747e-05 5.10625205e-06 8.97350947e-06 0.0429269001 0 0 0.00362214982 0.0252039004 0 0 0 0 0 1 0 0 0 0.272727281 0.244650543 0.681543589 0.598315477 0.606562495 1 1
__smartatpg_bin_109_1 0.00253894716 0.000164953424 0.0961182192 0 0.000121812685 0.173608795 0 5.01522954e-05 1.15975672e-05 0.000358112738 0.000496062916 0.00233169971 0.000734169211 0.0188608523 0.0177780315 0 0.00109477318 0.00978785381 0.00076645118 0 0.0231125187 4.84953598e-05 0.00258622295 0.0158644356 0.000274597289 0.00192089169 0 0 0.000790133723 4.51252527e-05 3.89239649e-05 0 0 4.19750251e-07 0 0.0308773443 0.00332074659 0.000946658722 6.76886111e-06 0 0.0388368182 0 0.000337004778 0.00111684157 0 0 0 3.86006177e-05 2.3412133e-06 0 0 0.000701238867 0 3.23964778e-05 0 0.0359628759 2.94819747e-05 5.10625205e-06 8.97350947e-06 0.0429269001 0 0 0.00362214982 0.0252039004 0 1 0 0 0 0 0 0 0 0.0454545468 0.244650543 0.277790427 0.333047152 0.684670269 1 1
G422 0.00253894716 0.000164953424 0.0961182192 0 0.000121812685 0.173608795 0 5.01522954e-05 1.15975672e-05 0.000358112738 0.000496062916 0.00233169971 0.000734169211 0.0188608523 0.0177780315 0 0.00109477318 0.00978785381 0.00076645118 0 0.0231125187 4.84953598e-05 0.00258622295 0.0158644356 0.000274597289 0.00192089169 0 0 0.000790133723 4.51252527e-05 3.89239649e-05 0 0 4.19750251e-07 0 0.0308773443 0.00332074659 0.000946658722 6.76886111e-06 0 0.0388368182 0 0.000337004778 0.00111684157 0 0 0 3.86006177e-05 2.3412133e-06 0 0 0.000701238867 0 3.23964778e-05 0 0.0359628759 2.94819747e-05 5.10625205e-06 8.97350947e-06 0.0429269001 0 0 0.00362214982 0.0252039004 0 1 0 0 0 0 0 0 0 0.0681818202 0.387761921 0.220143706 0.386520684 0.677525759 1 1
G1110 0.00253894716 0.000164953424 0.0961182192 0 0.000121812685 0.173608795 0 5.01522954e-05 1.15975672e-05 0.000358112738 0.000496062916 0.00233169971 0.000734169211 0.0188608523 0.0177780315 0 0.00109477318 0.00978785381 0.00076645118 0 0.0231125187 4.84953598e-05 0.00258622295 0.0158644356 0.000274597289 0.00192089169 0 0 0.000790133723 4.51252527e-05 3.89239649e-05 0 0 4.19750251e-07 0 0.0308773443 0.00332074659 0.000946658722 6.76886111e-06 0 0.0388368182 0 0.000337004778 0.00111684157 0 0 0 3.86006177e-05 2.3412133e-06 0 0 0.000701238867 0 3.23964778e-05 0 0.0359628759 2.94819747e-05 5.10625205e-06 8.97350947e-06 0.0429269001 0 0 0.00362214982 0.0252039004 0 0 1 0 0 0 0 0 0 0.295454532 0.244650543 0.700642169 0.257680446 0.55621326 1 1
G540 0.00253894716 0.000164953424 0.0961182192 0 0.000121812685 0.173608795 0 5.01522954e-05 1.15975672e-05 0.000358112738 0.000496062916 0.00233169971 0.000734169211 0.0188608523 0.0177780315 0 0.00109477318 0.00978785381 0.00076645118 0 0.0231125187 4.84953598e-05 0.00258622295 0.0158644356 0.000274597289 0.00192089169 0 0 0.000790133723 4.51252527e-05 3.89239649e-05 0 0 4.19750251e-07 0 0.0308773443 0.00332074659 0.000946658722 6.76886111e-06 0 0.0388368182 0 0.000337004778 0.00111684157 0 0 0 3.86006177e-05 2.3412133e-06 0 0 0.000701238867 0 3.23964778e-05 0 0.0359628759 2.94819747e-05 5.10625205e-06 8.97350947e-06 0.0429269001 0 0 0.00362214982 0.0252039004 0 0 0 0 0 1 0 0 0 0.0909090936 0.244650543 0.440287411 0.257680446 0.673841059 1 1
G1090 0.00253894716 0.000164953424 0.0961182192 0 0.000121812685 0.173608795 0 5.01522954e-05 1.15975672e-05 0.000358112738 0.000496062916 0.00233169971 0.000734169211 0.0188608523 0.0177780315 0 0.00109477318 0.00978785381 0.00076645118 0 0.0231125187 4.84953598e-05 0.00258622295 0.0158644356 0.000274597289 0.00192089169 0 0 0.000790133723 4.51252527e-05 3.89239649e-05 0 0 4.19750251e-07 0 0.0308773443 0.00332074659 0.000946658722 6.76886111e-06 0 0.0388368182 0 0.000337004778 0.00111684157 0 0 0 3.86006177e-05 2.3412133e-06 0 0 0.000701238867 0 3.23964778e-05 0 0.0359628759 2.94819747e-05 5.10625205e-06 8.97350947e-06 0.0429269001 0 0 0.00362214982 0.0252039004 0 0 1 0 0 0 0 0 0 0.272727281 0.244650543 0.700642169 0.427997947 0.505864024 1 1
G1140 0.00253894716 0.000164953424 0.0961182192 0 0.000121812685 0.173608795 0 5.01522954e-05 1.15975672e-05 0.000358112738 0.000496062916 0.00233169971 0.000734169211 0.0188608523 0.0177780315 0 0.00109477318 0.00978785381 0.00076645118 0 0.0231125187 4.84953598e-05 0.00258622295 0.0158644356 0.000274597289 0.00192089169 0 0 0.000790133723 4.51252527e-05 3.89239649e-05 0 0 4.19750251e-07 0 0.0308773443 0.00332074659 0.000946658722 6.76886111e-06 0 0.0388368182 0 0.000337004778 0.00111684157 0 0 0 3.86006177e-05 2.3412133e-06 0 0 0.000701238867 0 3.23964778e-05 0 0.0359628759 2.94819747e-05 5.10625205e-06 8.97350947e-06 0.0429269001 0 0 0.00362214982 0.0252039004 0 0 1 0 0 0 0 0 0 0.318181813 0.387761921 0.528823376 0.655469835 0.46187973 1 1
G1182 0.00253894716 0.000164953424 0.0961182192 0 0.000121812685 0.173608795 0 5.01522954e-05 1.15975672e-05 0.000358112738 0.000496062916 0.00233169971 0.000734169211 0.0188608523 0.0177780315 0 0.00109477318 0.00978785381 0.00076645118 0 0.0231125187 4.84953598e-05 0.00258622295 0.0158644356 0.000274597289 0.00192089169 0 0 0.000790133723 4.51252527e-05 3.89239649e-05 0 0 4.19750251e-07 0 0.0308773443 0.00332074659 0.000946658722 6.76886111e-06 0 0.0388368182 0 0.000337004778 0.00111684157 0 0 0 3.86006177e-05 2.3412133e-06 0 0 0.000701238867 0 3.23964778e-05 0 0.0359628759 2.94819747e-05 5.10625205e-06 8.97350947e-06 0.0429269001 0 0 0.00362214982 0.0252039004 0 0 1 0 0 0 0 0 0 0.340909094 0.387761921 0.723568141 0.257680446 0.764727354 1 1
G1195 0.00253894716 0.000164953424 0.0961182192 0 0.000121812685 0.173608795 0 5.01522954e-05 1.15975672e-05 0.000358112738 0.000496062916 0.00233169971 0.000734169211 0.0188608523 0.0177780315 0 0.00109477318 0.00978785381 0.00076645118 0 0.0231125187 4.84953598e-05 0.00258622295 0.0158644356 0.000274597289 0.00192089169 0 0 0.000790133723 4.51252527e-05 3.89239649e-05 0 0 4.19750251e-07 0 0.0308773443 0.00332074659 0.000946658722 6.76886111e-06 0 0.0388368182 0 0.000337004778 0.00111684157 0 0 0 3.86006177e-05 2.3412133e-06 0 0 0.000701238867 0 3.23964778e-05 0 0.0359628759 2.94819747e-05 5.10625205e-06 8.97350947e-06 0.0429269001 0 0 0.00362214982 0.0252039004 0 0 0 0 0 1 0 0 0 0.340909094 0.387761921 0.712432861 0.503364682 0.448909581 1 1
G1221 0.00253894716 0.000164953424 0.0961182192 0 0.000121812685 0.173608795 0 5.01522954e-05 1.15975672e-05 0.000358112738 0.000496062916 0.00233169971 0.000734169211 0.0188608523 0.0177780315 0 0.00109477318 0.00978785381 0.00076645118 0 0.0231125187 4.84953598e-05 0.00258622295 0.0158644356 0.000274597289 0.00192089169 0 0 0.000790133723 4.51252527e-05 3.89239649e-05 0 0 4.19750251e-07 0 0.0308773443 0.00332074659 0.000946658722 6.76886111e-06 0 0.0388368182 0 0.000337004778 0.00111684157 0 0 0 3.86006177e-05 2.3412133e-06 0 0 0.000701238867 0 3.23964778e-05 0 0.0359628759 2.94819747e-05 5.10625205e-06 8.97350947e-06 0.0429269001 0 0 0.00362214982 0.0252039004 0 0 0 0 0 1 0 0 0 0.363636374 0.244650543 0.555580854 0.666094303 0.837892115 1 1
G1230 0.00253894716 0.000164953424 0.0961182192 0 0.000121812685 0.173608795 0 5.01522954e-05 1.15975672e-05 0.000358112738 0.000496062916 0.00233169971 0.000734169211 0.0188608523 0.0177780315 0 0.00109477318 0.00978785381 0.00076645118 0 0.0231125187 4.84953598e-05 0.00258622295 0.0158644356 0.000274597289 0.00192089169 0 0 0.000790133723 4.51252527e-05 3.89239649e-05 0 0 4.19750251e-07 0 0.0308773443 0.00332074659 0.000946658722 6.76886111e-06 0 0.0388368182 0 0.000337004778 0.00111684157 0 0 0 3.86006177e-05 2.3412133e-06 0 0 0.000701238867 0 3.23964778e-05 0 0.0359628759 2.94819747e-05 5.10625205e-06 8.97350947e-06 0.0429269001 0 0 0.00362214982 0.0252039004 0 0 0 0 0 1 0 0 0 0.363636374 0.387761921 0.322504699 0.676144183 0.762497842 1 1
G1233 0.00253894716 0.000164953424 0.0961182192 0 0.000121812685 0.173608795 0 5.01522954e-05 1.15975672e-05 0.000358112738 0.000496062916 0.00233169971 0.000734169211 0.0188608523 0.0177780315 0 0.00109477318 0.00978785381 0.00076645118 0 0.0231125187 4.84953598e-05 0.00258622295 0.0158644356 0.000274597289 0.00192089169 0 0 0.000790133723 4.51252527e-05 3.89239649e-05 0 0 4.19750251e-07 0 0.0308773443 0.00332074659 0.000946658722 6.76886111e-06 0 0.0388368182 0 0.000337004778 0.00111684157 0 0 0 3.86006177e-05 2.3412133e-06 0 0 0.000701238867 0 3.23964778e-05 0 0.0359628759 2.94819747e-05 5.10625205e-06 8.97350947e-06 0.0429269001 0 0 0.00362214982 0.0252039004 0 0 0 0 0 1 0 0 0 0.363636374 0.387761921 0.322504699 0.676144183 0.783609748 1 1
G1264 0.00253894716 0.000164953424 0.0961182192 0 0.000121812685 0.173608795 0 5.01522954e-05 1.15975672e-05 0.000358112738 0.000496062916 0.00233169971 0.000734169211 0.0188608523 0.0177780315 0 0.00109477318 0.00978785381 0.00076645118 0 0.0231125187 4.84953598e-05 0.00258622295 0.0158644356 0.000274597289 0.00192089169 0 0 0.000790133723 4.51252527e-05 3.89239649e-05 0 0 4.19750251e-07 0 0.0308773443 0.00332074659 0.000946658722 6.76886111e-06 0 0.0388368182 0 0.000337004778 0.00111684157 0 0 0 3.86006177e-05 2.3412133e-06 0 0 0.000701238867 0 3.23964778e-05 0 0.0359628759 2.94819747e-05 5.10625205e-06 8.97350947e-06 0.0429269001 0 0 0.00362214982 0.0252039004 0 0 1 0 0 0 0 0 0 0.386363626 0.244650543 0.753682196 0.333047152 0.773371935 1 1
G1265 0.00253894716 0.000164953424 0.0961182192 0 0.000121812685 0.173608795 0 5.01522954e-05 1.15975672e-05 0.000358112738 0.000496062916 0.00233169971 0.000734169211 0.0188608523 0.0177780315 0 0.00109477318 0.00978785381 0.00076645118 0 0.0231125187 4.84953598e-05 0.00258622295 0.0158644356 0.000274597289 0.00192089169 0 0 0.000790133723 4.51252527e-05 3.89239649e-05 0 0 4.19750251e-07 0 0.0308773443 0.00332074659 0.000946658722 6.76886111e-06 0 0.0388368182 0 0.000337004778 0.00111684157 0 0 0 3.86006177e-05 2.3412133e-06 0 0 0.000701238867 0 3.23964778e-05 0 0.0359628759 2.94819747e-05 5.10625205e-06 8.97350947e-06 0.0429269001 0 0 0.00362214982 0.0252039004 0 0 0 0 0 1 0 0 0 0.386363626 0.244650543 0.734117031 0.333047152 0.783609748 1 1
G1266 0.00253894716 0.000164953424 0.0961182192 0 0.000121812685 0.173608795 0 5.01522954e-05 1.15975672e-05 0.000358112738 0.000496062916 0.00233169971 0.000734169211 0.0188608523 0.0177780315 0 0.00109477318 0.00978785381 0.00076645118 0 0.0231125187 4.84953598e-05 0.00258622295 0.0158644356 0.000274597289 0.00192089169 0 0 0.000790133723 4.51252527e-05 3.89239649e-05 0 0 4.19750251e-07 0 0.0308773443 0.00332074659 0.000946658722 6.76886111e-06 0 0.0388368182 0 0.000337004778 0.00111684157 0 0 0 3.86006177e-05 2.3412133e-06 0 0 0.000701238867 0 3.23964778e-05 0 0.0359628759 2.94819747e-05 5.10625205e-06 8.97350947e-06 0.0429269001 0 0 0.00362214982 0.0252039004 0 0 1 0 0 0 0 0 0 0.386363626 0.244650543 0.753682196 0.333047152 0.75090307 1 1
G1267 0.00253894716 0.000164953424 0.0961182192 0 0.000121812685 0.173608795 0 5.01522954e-05 1.15975672e-05 0.000358112738 0.000496062916 0.00233169971 0.000734169211 0.0188608523 0.0177780315 0 0.00109477318 0.00978785381 0.00076645118 0 0.0231125187 4.84953598e-05 0.00258622295 0.0158644356 0.000274597289 0.00192089169 0 0 0.000790133723 4.51252527e-05 3.89239649e-05 0 0 4.19750251e-07 0 0.0308773443 0.00332074659 0.000946658722 6.76886111e-06 0 0.0388368182 0 0.000337004778 0.00111684157 0 0 0 3.86006177e-05 2.3412133e-06 0 0 0.000701238867 0 3.23964778e-05 0 0.0359628759 2.94819747e-05 5.10625205e-06 8.97350947e-06 0.0429269001 0 0 0.00362214982 0.0252039004 0 0 0 0 0 1 0 0 0 0.386363626 0.244650543 0.734117031 0.333047152 0.762497842 1 1
G1282 0.00253894716 0.000164953424 0.0961182192 0 0.000121812685 0.173608795 0 5.01522954e-05 1.15975672e-05 0.000358112738 0.000496062916 0.00233169971 0.000734169211 0.0188608523 0.0177780315 0 0.00109477318 0.00978785381 0.00076645118 0 0.0231125187 4.84953598e-05 0.00258622295 0.0158644356 0.000274597289 0.00192089169 0 0 0.000790133723 4.51252527e-05 3.89239649e-05 0 0 4.19750251e-07 0 0.0308773443 0.00332074659 0.000946658722 6.76886111e-06 0 0.0388368182 0 0.000337004778 0.00111684157 0 0 0 3.86006177e-05 2.3412133e-06 0 0 0.000701238867 0 3.23964778e-05 0 0.0359628759 2.94819747e-05 5.10625205e-06 8.97350947e-06 0.0429269001 0 0 0.00362214982 0.0252039004 0 0 1 0 0 0 0 0 0 0.409090906 0.244650543 0.461399913 0.299157739 0.775467992 1 1
G1283 0.00253894716 0.000164953424 0.0961182192 0 0.000121812685 0.173608795 0 5.01522954e-05 1.15975672e-05 0.000358112738 0.000496062916 0.00233169971 0.000734169211 0.0188608523 0.0177780315 0 0.00109477318 0.00978785381 0.00076645118 0 0.0231125187 4.84953598e-05 0.00258622295 0.0158644356 0.000274597289 0.00192089169 0 0 0.000790133723 4.51252527e-05 3.89239649e-05 0 0 4.19750251e-07 0 0.0308773443 0.00332074659 0.000946658722 6.76886111e-06 0 0.0388368182 0 0.000337004778 0.00111684157 0 0 0 3.86006177e-05 2.3412133e-06 0 0 0.000701238867 0 3.23964778e-05 0 0.0359628759 2.94819747e-05 5.10625205e-06 8.97350947e-06 0.0429269001 0 0 0.00362214982 0.0252039004 0 0 1 0 0 0 0 0 0 0.409090906 0.244650543 0.461399913 0.299157739 0.753284276 1 1
G1312 0.00253894716 0.000164953424 0.0961182192 0 0.000121812685 0.173608795 0 5.01522954e-05 1.15975672e-05 0.000358112738 0.000496062916 0.00233169971 0.000734169211 0.0188608523 0.0177780315 0 0.00109477318 0.00978785381 0.00076645118 0 0.0231125187 4.84953598e-05 0.00258622295 0.0158644356 0.000274597289 0.00192089169 0 0 0.000790133723 4.51252527e-05 3.89239649e-05 0 0 4.19750251e-07 0 0.0308773443 0.00332074659 0.000946658722 6.76886111e-06 0 0.0388368182 0 0.000337004778 0.00111684157 0 0 0 3.86006177e-05 2.3412133e-06 0 0 0.000701238867 0 3.23964778e-05 0 0.0359628759 2.94819747e-05 5.10625205e-06 8.97350947e-06 0.0429269001 0 0 0.00362214982 0.0252039004 0 0 1 0 0 0 0 0 0 0.431818187 0.244650543 0.480498493 0.445713937 0.762497842 1 1
G1313 0.00253894716 0.000164953424 0.0961182192 0 0.000121812685 0.173608795 0 5.01522954e-05 1.15975672e-05 0.000358112738 0.000496062916 0.00233169971 0.000734169211 0.0188608523 0.0177780315 0 0.00109477318 0.00978785381 0.00076645118 0 0.0231125187 4.84953598e-05 0.00258622295 0.0158644356 0.000274597289 0.00192089169 0 0 0.000790133723 4.51252527e-05 3.89239649e-05 0 0 4.19750251e-07 0 0.0308773443 0.00332074659 0.000946658722 6.76886111e-06 0 0.0388368182 0 0.000337004778 0.00111684157 0 0 0 3.86006177e-05 2.3412133e-06 0 0 0.000701238867 0 3.23964778e-05 0 0.0359628759 2.94819747e-05 5.10625205e-06 8.97350947e-06 0.0429269001 0 0 0.00362214982 0.0252039004 0 0 1 0 0 0 0 0 0 0.431818187 0.387761921 0.480498493 0.445713937 0.738485277 1 1
G1330 0.00253894716 0.000164953424 0.0961182192 0 0.000121812685 0.173608795 0 5.01522954e-05 1.15975672e-05 0.000358112738 0.000496062916 0.00233169971 0.000734169211 0.0188608523 0.0177780315 0 0.00109477318 0.00978785381 0.00076645118 0 0.0231125187 4.84953598e-05 0.00258622295 0.0158644356 0.000274597289 0.00192089169 0 0 0.000790133723 4.51252527e-05 3.89239649e-05 0 0 4.19750251e-07 0 0.0308773443 0.00332074659 0.000946658722 6.76886111e-06 0 0.0388368182 0 0.000337004778 0.00111684157 0 0 0 3.86006177e-05 2.3412133e-06 0 0 0.000701238867 0 3.23964778e-05 0 0.0359628759 2.94819747e-05 5.10625205e-06 8.97350947e-06 0.0429269001 0 0 0.00362214982 0.0252039004 0 0 0 0 0 1 0 0 0 0.454545468 0.244650543 0.497934133 0.46188736 0.760239482 1 1
G1347 0.00253894716 0.000164953424 0.0961182192 0 0.000121812685 0.173608795 0 5.01522954e-05 1.15975672e-05 0.000358112738 0.000496062916 0.00233169971 0.000734169211 0.0188608523 0.0177780315 0 0.00109477318 0.00978785381 0.00076645118 0 0.0231125187 4.84953598e-05 0.00258622295 0.0158644356 0.000274597289 0.00192089169 0 0 0.000790133723 4.51252527e-05 3.89239649e-05 0 0 4.19750251e-07 0 0.0308773443 0.00332074659 0.000946658722 6.76886111e-06 0 0.0388368182 0 0.000337004778 0.00111684157 0 0 0 3.86006177e-05 2.3412133e-06 0 0 0.000701238867 0 3.23964778e-05 0 0.0359628759 2.94819747e-05 5.10625205e-06 8.97350947e-06 0.0429269001 0 0 0.00362214982 0.0252039004 0 0 0 0 0 1 0 0 0 0.454545468 0.387761921 0.497934133 0.46188736 0.735892415 1 1
G1350 0.00253894716 0.000164953424 0.0961182192 0 0.000121812685 0.173608795 0 5.01522954e-05 1.15975672e-05 0.000358112738 0.000496062916 0.00233169971 0.000734169211 0.0188608523 0.0177780315 0 0.00109477318 0.00978785381 0.00076645118 0 0.0231125187 4.84953598e-05 0.00258622295 0.0158644356 0.000274597289 0.00192089169 0 0 0.000790133723 4.51252527e-05 3.89239649e-05 0 0 4.19750251e-07 0 0.0308773443 0.00332074659 0.000946658722 6.76886111e-06 0 0.0388368182 0 0.000337004778 0.00111684157 0 0 0 3.86006177e-05 2.3412133e-06 0 0 0.000701238867 0 3.23964778e-05 0 0.0359628759 2.94819747e-05 5.10625205e-06 8.97350947e-06 0.0429269001 0 0 0.00362214982 0.0252039004 0 0 0 0 0 1 0 0 0 0.454545468 0.387761921 0.497934133 0.46188736 0.735892415 1 1
__smartatpg_bin_113_1 0.00253894716 0.000164953424 0.0961182192 0 0.000121812685 0.173608795 0 5.01522954e-05 1.15975672e-05 0.000358112738 0.000496062916 0.00233169971 0.000734169211 0.0188608523 0.0177780315 0 0.00109477318 0.00978785381 0.00076645118 0 0.0231125187 4.84953598e-05 0.00258622295 0.0158644356 0.000274597289 0.00192089169 0 0 0.000790133723 4.51252527e-05 3.89239649e-05 0 0 4.19750251e-07 0 0.0308773443 0.00332074659 0.000946658722 6.76886111e-06 0 0.0388368182 0 0.000337004778 0.00111684157 0 0 0 3.86006177e-05 2.3412133e-06 0 0 0.000701238867 0 3.23964778e-05 0 0.0359628759 2.94819747e-05 5.10625205e-06 8.97350947e-06 0.0429269001 0 0 0.00362214982 0.0252039004 0 1 0 0 0 0 0 0 0 0.0454545468 0.244650543 0.277790427 0.333047152 0.746041179 1 1
G434 0.00253894716 0.000164953424 0.0961182192 0 0.000121812685 0.173608795 0 5.01522954e-05 1.15975672e-05 0.000358112738 0.000496062916 0.00233169971 0.000734169211 0.0188608523 0.0177780315 0 0.00109477318 0.00978785381 0.00076645118 0 0.0231125187 4.84953598e-05 0.00258622295 0.0158644356 0.000274597289 0.00192089169 0 0 0.000790133723 4.51252527e-05 3.89239649e-05 0 0 4.19750251e-07 0 0.0308773443 0.00332074659 0.000946658722 6.76886111e-06 0 0.0388368182 0 0.000337004778 0.00111684157 0 0 0 3.86006177e-05 2.3412133e-06 0 0 0.000701238867 0 3.23964778e-05 0 0.0359628759 2.94819747e-05 5.10625205e-06 8.97350947e-06 0.0429269001 0 0 0.00362214982 0.0252039004 0 1 0 0 0 0 0 0 0 0.0681818202 0.387761921 0.220143706 0.386520684 0.741040349 1 1
G543 0.00253894716 0.000164953424 0.0961182192 0 0.000121812685 0.173608795 0 5.01522954e-05 1.15975672e-05 0.000358112738 0.000496062916 0.00233169971 0.000734169211 0.0188608523 0.0177780315 0 0.00109477318 0.00978785381 0.00076645118 0 0.0231125187 4.84953598e-05 0.00258622295 0.0158644356 0.000274597289 0.00192089169 0 0 0.000790133723 4.51252527e-05 3.89239649e-05 0 0 4.19750251e-07 0 0.0308773443 0.00332074659 0.000946658722 6.76886111e-06 0 0.0388368182 0 0.000337004778 0.00111684157 0 0 0 3.86006177e-05 2.3412133e-06 0 0 0.000701238867 0 3.23964778e-05 0 0.0359628759 2.94819747e-05 5.10625205e-06 8.97350947e-06 0.0429269001 0 0 0.00362214982 0.0252039004 0 0 0 0 0 1 0 0 0 0.0909090936 0.244650543 0.440287411 0.257680446 0.738485277 1 1
G703 0.00253894716 0.000164953424 0.0961182192 0 0.000121812685 0.173608795 0 5.01522954e-05 1.15975672e-05 0.000358112738 0.000496062916 0.00233169971 0.000734169211 0.0188608523 0.0177780315 0 0.00109477318 0.00978785381 0.00076645118 0 0.0231125187 4.84953598e-05 0.00258622295 0.0158644356 0.000274597289 0.00192089169 0 0 0.000790133723 4.51252527e-05 3.89239649e-05 0 0 4.19750251e-07 0 0.0308773443 0.00332074659 0.000946658722 6.76886111e-06 0 0.0388368182 0 0.000337004778 0.00111684157 0 0 0 3.86006177e-05 2.3412133e-06 0 0 0.000701238867 0 3.23964778e-05 0 0.0359628759 2.94819747e-05 5.10625205e-06 8.97350947e-06 0.0429269001 0 0 0.00362214982 0.0252039004 0 0 1 0 0 0 0 0 0 0.0909090936 0.244650543 0.513973355 0.257680446 0.730588436 1 1
G704 0.00253894716 0.000164953424 0.0961182192 0 0.000121812685 0.173608795 0 5.01522954e-05 1.15975672e-05 0.000358112738 0.000496062916 0.00233169971 0.000734169211 0.0188608523 0.0177780315 0 0.00109477318 0.00978785381 0.00076645118 0 0.0231125187 4.84953598e-05 0.00258622295 0.0158644356 0.000274597289 0.00192089169 0 0 0.000790133723 4.51252527e-05 3.89239649e-05 0 0 4.19750251e-07 0 0.0308773443 0.00332074659 0.000946658722 6.76886111e-06 0 0.0388368182 0 0.000337004778 0.00111684157 0 0 0 3.86006177e-05 2.3412133e-06 0 0 0.000701238867 0 3.23964778e-05 0 0.0359628759 2.94819747e-05 5.10625205e-06 8.97350947e-06 0.0429269001 0 0 0.00362214982 0.0252039004 0 0 1 0 0 0 0 0 0 0.113636367 0.244650543 0.416685641 0.299157739 0.727874994 1 1
G729 0.00253894716 0.000164953424 0.0961182192 0 0.000121812685 0.173608795 0 5.01522954e-05 1.15975672e-05 0.000358112738 0.000496062916 0.00233169971 0.000734169211 0.0188608523 0.0177780315 0 0.00109477318 0.00978785381 0.00076645118 0 0.0231125187 4.84953598e-05 0.00258622295 0.0158644356 0.000274597289 0.00192089169 0 0 0.000790133723 4.51252527e-05 3.89239649e-05 0 0 4.19750251e-07 0 0.0308773443 0.00332074659 0.000946658722 6.76886111e-06 0 0.0388368182 0 0.000337004778 0.00111684157 0 0 0 3.86006177e-05 2.3412133e-06 0 0 0.000701238867 0 3.23964778e-05 0 0.0359628759 2.94819747e-05 5.10625205e-06 8.97350947e-06 0.0429269001 0 0 0.00362214982 0.0252039004 0 0 1 0 0 0 0 0 0 0.13636364 0.244650543 0.440287411 0.408413857 0.716579616 1 1
G851 0.00253894716 0.000164953424 0.0961182192 0 0.000121812685 0.173608795 0 5.01522954e-05 1.15975672e-05 0.000358112738 0.000496062916 0.00233169971 0.000734169211 0.0188608523 0.0177780315 0 0.00109477318 0.00978785381 0.00076645118 0 0.0231125187 4.84953598e-05 0.00258622295 0.0158644356 0.000274597289 0.00192089169 0 0 0.000790133723 4.51252527e-05 3.89239649e-05 0 0 4.19750251e-07 0 0.0308773443 0.00332074659 0.000946658722 6.76886111e-06 0 0.0388368182 0 0.000337004778 0.00111684157 0 0 0 3.86006177e-05 2.3412133e-06 0 0 0.000701238867 0 3.23964778e-05 0 0.0359628759 2.94819747e-05 5.10625205e-06 8.97350947e-06 0.0429269001 0 0 0.00362214982 0.0252039004 0 0 0 0 0 1 0 0 0 0.159090906 0.387761921 0.461399913 0.427997947 0.713638127 1 1
G1181 0.00253894716 0.000164953424 0.0961182192 0 0.000121812685 0.173608795 0 5.01522954e-05 1.15975672e-05 0.000358112738 0.000496062916 0.00233169971 0.000734169211 0.0188608523 0.0177780315 0 0.00109477318 0.00978785381 0.00076645118 0 0.0231125187 4.84953598e-05 0.00258622295 0.0158644356 0.000274597289 0.00192089169 0 0 0.000790133723 4.51252527e-05 3.89239649e-05 0 0 4.19750251e-07 0 0.0308773443 0.00332074659 0.000946658722 6.76886111e-06 0 0.0388368182 0 0.000337004778 0.00111684157 0 0 0 3.86006177e-05 2.3412133e-06 0 0 0.000701238867 0 3.23964778e-05 0 0.0359628759 2.94819747e-05 5.10625205e-06 8.97350947e-06 0.0429269001 0 0 0.00362214982 0.0252039004 0 0 1 0 0 0 0 0 0 0.340909094 0.244650543 0.7441383 0.445713937 0.583192229 1 1
G910 0.00253894716 0.000164953424 0.0961182192 0 0.000121812685 0.173608795 0 5.01522954e-05 1.15975672e-05 0.000358112738 0.000496062916 0.00233169971 0.000734169211 0.0188608523 0.0177780315 0 0.00109477318 0.00978785381 0.00076645118 0 0.0231125187 4.84953598e-05 0.00258622295 0.0158644356 0.000274597289 0.00192089169 0 0 0.000790133723 4.51252527e-05 3.89239649e-05 0 0 4.19750251e-07 0 0.0308773443 0.00332074659 0.000946658722 6.76886111e-06 0 0.0388368182 0 0.000337004778 0.00111684157 0 0 0 3.86006177e-05 2.3412133e-06 0 0 0.000701238867 0 3.23964778e-05 0 0.0359628759 2.94819747e-05 5.10625205e-06 8.97350947e-06 0.0429269001 0 0 0.00362214982 0.0252039004 0 0 0 0 0 1 0 0 0 0.181818187 0.244650543 0.480498493 0.445713937 0.716579616 1 1
G1158 0.00253894716 0.000164953424 0.0961182192 0 0.000121812685 0.173608795 0 5.01522954e-05 1.15975672e-05 0.000358112738 0.000496062916 0.00233169971 0.000734169211 0.0188608523 0.0177780315 0 0.00109477318 0.00978785381 0.00076645118 0 0.0231125187 4.84953598e-05 0.00258622295 0.0158644356 0.000274597289 0.00192089169 0 0 0.000790133723 4.51252527e-05 3.89239649e-05 0 0 4.19750251e-07 0 0.0308773443 0.00332074659 0.000946658722 6.76886111e-06 0 0.0388368182 0 0.000337004778 0.00111684157 0 0 0 3.86006177e-05 2.3412133e-06 0 0 0.000701238867 0 3.23964778e-05 0 0.0359628759 2.94819747e-05 5.10625205e-06 8.97350947e-06 0.0429269001 0 0 0.00362214982 0.0252039004 0 0 1 0 0 0 0 0 0 0.318181813 0.244650543 0.75828892 0.46188736 0.576827288 1 1
G1205 0.00253894716 0.000164953424 0.0961182192 0 0.000121812685 0.173608795 0 5.01522954e-05 1.15975672e-05 0.000358112738 0.000496062916 0.00233169971 0.000734169211 0.0188608523 0.0177780315 0 0.00109477318 0.00978785381 0.00076645118 0 0.0231125187 4.84953598e-05 0.00258622295 0.0158644356 0.000274597289 0.00192089169 0 0 0.000790133723 4.51252527e-05 3.89239649e-05 0 0 4.19750251e-07 0 0.0308773443 0.00332074659 0.000946658722 6.76886111e-06 0 0.0388368182 0 0.000337004778 0.00111684157 0 0 0 3.86006177e-05 2.3412133e-06 0 0 0.000701238867 0 3.23964778e-05 0 0.0359628759 2.94819747e-05 5.10625205e-06 8.97350947e-06 0.0429269001 0 0 0.00362214982 0.0252039004 0 0 1 0 0 0 0 0 0 0.363636374 0.387761921 0.628301084 0.694747388 0.485249966 1 1
G1247 0.00253894716 0.000164953424 0.0961182192 0 0.000121812685 0.173608795 0 5.01522954e-05 1.15975672e-05 0.000358112738 0.000496062916 0.00233169971 0.000734169211 0.0188608523 0.0177780315 0 0.00109477318 0.00978785381 0.00076645118 0 0.0231125187 4.84953598e-05 0.00258622295 0.0158644356 0.000274597289 0.00192089169 0 0 0.000790133723 4.51252527e-05 3.89239649e-05 0 0 4.19750251e-07 0 0.0308773443 0.00332074659 0.000946658722 6.76886111e-06 0 0.0388368182 0 0.000337004778 0.00111684157 0 0 0 3.86006177e-05 2.3412133e-06 0 0 0.000701238867 0 3.23964778e-05 0 0.0359628759 2.94819747e-05 5.10625205e-06 8.97350947e-06 0.0429269001 0 0 0.00362214982 0.0252039004 0 0 1 0 0 0 0 0 0 0.386363626 0.387761921 0.76279211 0.257680446 0.764727354 1 1
G1256 0.00253894716 0.000164953424 0.0961182192 0 0.000121812685 0.173608795 0 5.01522954e-05 1.15975672e-05 0.000358112738 0.000496062916 0.00233169971 0.000734169211 0.0188608523 0.0177780315 0 0.00109477318 0.00978785381 0.00076645118 0 0.0231125187 4.84953598e-05 0.00258622295 0.0158644356 0.000274597289 0.00192089169 0 0 0.000790133723 4.51252527e-05 3.89239649e-05 0 0 4.19750251e-07 0 0.0308773443 0.00332074659 0.000946658722 6.76886111e-06 0 0.0388368182 0 0.000337004778 0.00111684157 0 0 0 3.86006177e-05 2.3412133e-06 0 0 0.000701238867 0 3.23964778e-05 0 0.0359628759 2.94819747e-05 5.10625205e-06 8.97350947e-06 0.0429269001 0 0 0.00362214982 0.0252039004 0 0 0 0 0 1 0 0 0 0.386363626 0.387761921 0.753682196 0.590727568 0.473954648 1 1
G1281 0.00253894716 0.000164953424 0.0961182192 0 0.000121812685 0.173608795 0 5.01522954e-05 1.15975672e-05 0.000358112738 0.000496062916 0.00233169971 0.000734169211 0.0188608523 0.0177780315 0 0.00109477318 0.00978785381 0.00076645118 0 0.0231125187 4.84953598e-05 0.00258622295 0.0158644356 0.000274597289 0.00192089169 0 0 0.000790133723 4.51252527e-05 3.89239649e-05 0 0 4.19750251e-07 0 0.0308773443 0.00332074659 0.000946658722 6.76886111e-06 0 0.0388368182 0 0.000337004778 0.00111684157 0 0 0 3.86006177e-05 2.3412133e-06 0 0 0.000701238867 0 3.23964778e-05 0 0.0359628759 2.94819747e-05 5.10625205e-06 8.97350947e-06 0.0429269001 0 0 0.00362214982 0.0252039004 0 0 0 0 0 1 0 0 0 0.409090906 0.244650543 0.645009398 0.703394413 0.854573011 1 1
G1290 0.00253894716 0.000164953424 0.0961182192 0 0.000121812685 0.173608795 0 5.01522954e-05 1.15975672e-05 0.000358112738 0.000496062916 0.00233169971 0.000734169211 0.0188608523 0.0177780315 0 0.00109477318 0.00978785381 0.00076645118 0 0.0231125187 4.84953598e-05 0.00258622295 0.0158644356 0.000274597289 0.00192089169 0 0 0.000790133723 4.51252527e-05 3.89239649e-05 0 0 4.19750251e-07 0 0.0308773443 0.00332074659 0.000946658722 6.76886111e-06 0 0.0388368182 0 0.000337004778 0.00111684157 0 0 0 3.86006177e-05 2.3412133e-06 0 0 0.000701238867 0 3.23964778e-05 0 0.0359628759 2.94819747e-05 5.10625205e-06 8.97350947e-06 0.0429269001 0 0 0.00362214982 0.0252039004 0 0 0 0 0 1 0 0 0 0.409090906 0.387761921 0.322504699 0.711656988 0.762497842 1 1
G1293 0.00253894716 0.000164953424 0.0961182192 0 0.000121812685 0.173608795 0 5.01522954e-05 1.15975672e-05 0.000358112738 0.000496062916 0.00233169971 0.000734169211 0.0188608523 0.0177780315 0 0.00109477318 0.00978785381 0.00076645118 0 0.0231125187 4.84953598e-05 0.00258622295 0.0158644356 0.000274597289 0.00192089169 0 0 0.000790133723 4.51252527e-05 3.89239649e-05 0 0 4.19750251e-07 0 0.0308773443 0.00332074659 0.000946658722 6.76886111e-06 0 0.0388368182 0 0.000337004778 0.00111684157 0 0 0 3.86006177e-05 2.3412133e-06 0 0 0.000701238867 0 3.23964778e-05 0 0.0359628759 2.94819747e-05 5.10625205e-06 8.97350947e-06 0.0429269001 0 0 0.00362214982 0.0252039004 0 0 0 0 0 1 0 0 0 0.409090906 0.387761921 0.322504699 0.711656988 0.783609748 1 1
G1324 0.00253894716 0.000164953424 0.0961182192 0 0.000121812685 0.173608795 0 5.01522954e-05 1.15975672e-05 0.000358112738 0.000496062916 0.00233169971 0.000734169211 0.0188608523 0.0177780315 0 0.00109477318 0.00978785381 0.00076645118 0 0.0231125187 4.84953598e-05 0.00258622295 0.0158644356 0.000274597289 0.00192089169 0 0 0.000790133723 4.51252527e-05 3.89239649e-05 0 0 4.19750251e-07 0 0.0308773443 0.00332074659 0.000946658722 6.76886111e-06 0 0.0388368182 0 0.000337004778 0.00111684157 0 0 0 3.86006177e-05 2.3412133e-06 0 0 0.000701238867 0 3.23964778e-05 0 0.0359628759 2.94819747e-05 5.10625205e-06 8.97350947e-06 0.0429269001 0 0 0.00362214982 0.0252039004 0 0 1 0 0 0 0 0 0 0.431818187 0.244650543 0.787872732 0.333047152 0.773371935 1 1
G1325 0.00253894716 0.000164953424 0.0961182192 0 0.000121812685 0.173608795 0 5.01522954e-05 1.15975672e-05 0.000358112738 0.000496062916 0.00233169971 0.000734169211 0.0188608523 0.0177780315 0 0.00109477318 0.00978785381 0.00076645118 0 0.0231125187 4.84953598e-05 0.00258622295 0.0158644356 0.000274597289 0.00192089169 0 0 0.000790133723 4.51252527e-05 3.89239649e-05 0 0 4.19750251e-07 0 0.0308773443 0.00332074659 0.000946658722 6.76886111e-06 0 0.0388368182 0 0.000337004778 0.00111684157 0 0 0 3.86006177e-05 2.3412133e-06 0 0 0.000701238867 0 3.23964778e-05 0 0.0359628759 2.94819747e-05 5.10625205e-06 8.97350947e-06 0.0429269001 0 0 0.00362214982 0.0252039004 0 0 0 0 0 1 0 0 0 0.431818187 0.244650543 0.771505773 0.333047152 0.789476812 1 1
G1326 0.00253894716 0.000164953424 0.0961182192 0 0.000121812685 0.173608795 0 5.01522954e-05 1.15975672e-05 0.000358112738 0.000496062916 0.00233169971 0.000734169211 0.0188608523 0.0177780315 0 0.00109477318 0.00978785381 0.00076645118 0 0.0231125187 4.84953598e-05 0.00258622295 0.0158644356 0.000274597289 0.00192089169 0 0 0.000790133723 4.51252527e-05 3.89239649e-05 0 0 4.19750251e-07 0 0.0308773443 0.00332074659 0.000946658722 6.76886111e-06 0 0.0388368182 0 0.000337004778 0.00111684157 0 0 0 3.86006177e-05 2.3412133e-06 0 0 0.000701238867 0 3.23964778e-05 0 0.0359628759 2.94819747e-05 5.10625205e-06 8.97350947e-06 0.0429269001 0 0 0.00362214982 0.0252039004 0 0 1 0 0 0 0 0 0 0.431818187 0.244650543 0.787872732 0.333047152 0.75090307 1 1
G1327 0.00253894716 0.000164953424 0.0961182192 0 0.000121812685 0.173608795 0 5.01522954e-05 1.15975672e-05 0.000358112738 0.000496062916 0.00233169971 0.000734169211 0.0188608523 0.0177780315 0 0.00109477318 0.00978785381 0.00076645118 0 0.0231125187 4.84953598e-05 0.00258622295 0.0158644356 0.000274597289 0.00192089169 0 0 0.000790133723 4.51252527e-05 3.89239649e-05 0 0 4.19750251e-07 0 0.0308773443 0.00332074659 0.000946658722 6.76886111e-06 0 0.0388368182 0 0.000337004778 0.00111684157 0 0 0 3.86006177e-05 2.3412133e-06 0 0 0.000701238867 0 3.23964778e-05 0 0.0359628759 2.94819747e-05 5.10625205e-06 8.97350947e-06 0.0429269001 0 0 0.00362214982 0.0252039004 0 0 0 0 0 1 0 0 0 0.431818187 0.244650543 0.771505773 0.333047152 0.769102991 1 1
G1341 0.00253894716 0.000164953424 0.0961182192 0 0.000121812685 0.173608795 0 5.01522954e-05 1.15975672e-05 0.000358112738 0.000496062916 0.00233169971 0.000734169211 0.0188608523 0.0177780315 0 0.00109477318 0.00978785381 0.00076645118 0 0.0231125187 4.84953598e-05 0.00258622295 0.0158644356 0.000274597289 0.00192089169 0 0 0.000790133723 4.51252527e-05 3.89239649e-05 0 0 4.19750251e-07 0 0.0308773443 0.00332074659 0.000946658722 6.76886111e-06 0 0.0388368182 0 0.000337004778 0.00111684157 0 0 0 3.86006177e-05 2.3412133e-06 0 0 0.000701238867 0 3.23964778e-05 0 0.0359628759 2.94819747e-05 5.10625205e-06 8.97350947e-06 0.0429269001 0 0 0.00362214982 0.0252039004 0 0 1 0 0 0 0 0 0 0.454545468 0.244650543 0.513973355 0.299157739 0.775467992 1 1
G1342 0.00253894716 0.000164953424 0.0961182192 0 0.000121812685 0.173608795 0 5.01522954e-05 1.15975672e-05 0.000358112738 0.000496062916 0.00233169971 0.000734169211 0.0188608523 0.0177780315 0 0.00109477318 0.00978785381 0.00076645118 0 0.0231125187 4.84953598e-05 0.00258622295 0.0158644356 0.000274597289 0.00192089169 0 0 0.000790133723 4.51252527e-05 3.89239649e-05 0 0 4.19750251e-07 0 0.0308773443 0.00332074659 0.000946658722 6.76886111e-06 0 0.0388368182 0 0.000337004778 0.00111684157 0 0 0 3.86006177e-05 2.3412133e-06 0 0 0.000701238867 0 3.23964778e-05 0 0.0359628759 2.94819747e-05 5.10625205e-06 8.97350947e-06 0.0429269001 0 0 0.00362214982 0.0252039004 0 0 1 0 0 0 0 0 0 0.454545468 0.244650543 0.513973355 0.299157739 0.753284276 1 1
G1358 0.00253894716 0.000164953424 0.0961182192 0 0.000121812685 0.173608795 0 5.01522954e-05 1.15975672e-05 0.000358112738 0.000496062916 0.00233169971 0.000734169211 0.0188608523 0.0177780315 0 0.00109477318 0.00978785381 0.00076645118 0 0.0231125187 4.84953598e-05 0.00258622295 0.0158644356 0.000274597289 0.00192089169 0 0 0.000790133723 4.51252527e-05 3.89239649e-05 0 0 4.19750251e-07 0 0.0308773443 0.00332074659 0.000946658722 6.76886111e-06 0 0.0388368182 0 0.000337004778 0.00111684157 0 0 0 3.86006177e-05 2.3412133e-06 0 0 0.000701238867 0 3.23964778e-05 0 0.0359628759 2.94819747e-05 5.10625205e-06 8.97350947e-06 0.0429269001 0 0 0.00362214982 0.0252039004 0 0 1 0 0 0 0 0 0 0.477272719 0.244650543 0.480498493 0.490540475 0.762497842 1 1
G1359 0.00253894716 0.000164953424 0.0961182192 0 0.000121812685 0.173608795 0 5.01522954e-05 1.15975672e-05 0.000358112738 0.000496062916 0.00233169971 0.000734169211 0.0188608523 0.0177780315 0 0.00109477318 0.00978785381 0.00076645118 0 0.0231125187 4.84953598e-05 0.00258622295 0.0158644356 0.000274597289 0.00192089169 0 0 0.000790133723 4.51252527e-05 3.89239649e-05 0 0 4.19750251e-07 0 0.0308773443 0.00332074659 0.000946658722 6.76886111e-06 0 0.0388368182 0 0.000337004778 0.00111684157 0 0 0 3.86006177e-05 2.3412133e-06 0 0 0.000701238867 0 3.23964778e-05 0 0.0359628759 2.94819747e-05 5.10625205e-06 8.97350947e-06 0.0429269001 0 0 0.00362214982 0.0252039004 0 0 1 0 0 0 0 0 0 0.477272719 0.387761921 0.480498493 0.490540475 0.738485277 1 1
G1374 0.00253894716 0.000164953424 0.0961182192 0 0.000121812685 0.173608795 0 5.01522954e-05 1.15975672e-05 0.000358112738 0.000496062916 0.00233169971 0.000734169211 0.0188608523 0.0177780315 0 0.00109477318 0.00978785381 0.00076645118 0 0.0231125187 4.84953598e-05 0.00258622295 0.0158644356 0.000274597289 0.00192089169 0 0 0.000790133723 4.51252527e-05 3.89239649e-05 0 0 4.19750251e-07 0 0.0308773443 0.00332074659 0.000946658722 6.76886111e-06 0 0.0388368182 0 0.000337004778 0.00111684157 0 0 0 3.86006177e-05 2.3412133e-06 0 0 0.000701238867 0 3.23964778e-05 0 0.0359628759 2.94819747e-05 5.10625205e-06 8.97350947e-06 0.0429269001 0 0 0.00362214982 0.0252039004 0 0 0 0 0 1 0 0 0 0.5 0.244650543 0.542648375 0.46188736 0.760239482 1 1
G1389 0.00253894716 0.000164953424 0.0961182192 0 0.000121812685 0.173608795 0 5.01522954e-05 1.15975672e-05 0.000358112738 0.000496062916 0.00233169971 0.000734169211 0.0188608523 0.0177780315 0 0.00109477318 0.00978785381 0.00076645118 0 0.0231125187 4.84953598e-05 0.00258622295 0.0158644356 0.000274597289 0.00192089169 0 0 0.000790133723 4.51252527e-05 3.89239649e-05 0 0 4.19750251e-07 0 0.0308773443 0.00332074659 0.000946658722 6.76886111e-06 0 0.0388368182 0 0.000337004778 0.00111684157 0 0 0 3.86006177e-05 2.3412133e-06 0 0 0.000701238867 0 3.23964778e-05 0 0.0359628759 2.94819747e-05 5.10625205e-06 8.97350947e-06 0.0429269001 0 0 0.00362214982 0.0252039004 0 0 0 0 0 1 0 0 0 0.5 0.387761921 0.542648375 0.46188736 0.735892415 1 1
G1392 0.00253894716 0.000164953424 0.0961182192 0 0.000121812685 0.173608795 0 5.01522954e-05 1.15975672e-05 0.000358112738 0.000496062916 0.00233169971 0.000734169211 0.0188608523 0.0177780315 0 0.00109477318 0.00978785381 0.00076645118 0 0.0231125187 4.84953598e-05 0.00258622295 0.0158644356 0.000274597289 0.00192089169 0 0 0.000790133723 4.51252527e-05 3.89239649e-05 0 0 4.19750251e-07 0 0.0308773443 0.00332074659 0.000946658722 6.76886111e-06 0 0.0388368182 0 0.000337004778 0.00111684157 0 0 0 3.86006177e-05 2.3412133e-06 0 0 0.000701238867 0 3.23964778e-05 0 0.0359628759 2.94819747e-05 5.10625205e-06 8.97350947e-06 0.0429269001 0 0 0.00362214982 0.0252039004 0 0 0 0 0 1 0 0 0 0.5 0.387761921 0.542648375 0.46188736 0.735892415 1 1
__smartatpg_bin_136_1 0.00253894716 0.000164953424 0.0961182192 0 0.000121812685 0.173608795 0 5.01522954e-05 1.15975672e-05 0.000358112738 0.000496062916 0.00233169971 0.000734169211 0.0188608523 0.0177780315 0 0.00109477318 0.00978785381 0.00076645118 0 0.0231125187 4.84953598e-05 0.00258622295 0.0158644356 0.000274597289 0.00192089169 0 0 0.000790133723 4.51252527e-05 3.89239649e-05 0 0 4.19750251e-07 0 0.0308773443 0.00332074659 0.000946658722 6.76886111e-06 0 0.0388368182 0 0.000337004778 0.00111684157 0 0 0 3.86006177e-05 2.3412133e-06 0 0 0.000701238867 0 3.23964778e-05 0 0.0359628759 2.94819747e-05 5.10625205e-06 8.97350947e-06 0.0429269001 0 0 0.00362214982 0.0252039004 0 1 0 0 0 0 0 0 0 0.0454545468 0.244650543 0.277790427 0.333047152 0.781609535 1 1
G503 0.00253894716 0.000164953424 0.0961182192 0 0.000121812685 0.173608795 0 5.01522954e-05 1.15975672e-05 0.000358112738 0.000496062916 0.00233169971 0.000734169211 0.0188608523 0.0177780315 0 0.00109477318 0.00978785381 0.00076645118 0 0.0231125187 4.84953598e-05 0.00258622295 0.0158644356 0.000274597289 0.00192089169 0 0 0.000790133723 4.51252527e-05 3.89239649e-05 0 0 4.19750251e-07 0 0.0308773443 0.00332074659 0.000946658722 6.76886111e-06 0 0.0388368182 0 0.000337004778 0.00111684157 0 0 0 3.86006177e-05 2.3412133e-06 0 0 0.000701238867 0 3.23964778e-05 0 0.0359628759 2.94819747e-05 5.10625205e-06 8.97350947e-06 0.0429269001 0 0 0.00362214982 0.0252039004 0 1 0 0 0 0 0 0 0 0.0681818202 0.387761921 0.220143706 0.386520684 0.777539194 1 1
G638 0.00253894716 0.000164953424 0.0961182192 0 0.000121812685 0.173608795 0 5.01522954e-05 1.15975672e-05 0.000358112738 0.000496062916 0.00233169971 0.000734169211 0.0188608523 0.0177780315 0 0.00109477318 0.00978785381 0.00076645118 0 0.0231125187 4.84953598e-05 0.00258622295 0.0158644356 0.000274597289 0.00192089169 0 0 0.000790133723 4.51252527e-05 3.89239649e-05 0 0 4.19750251e-07 0 0.0308773443 0.00332074659 0.000946658722 6.76886111e-06 0 0.0388368182 0 0.000337004778 0.00111684157 0 0 0 3.86006177e-05 2.3412133e-06 0 0 0.000701238867 0 3.23964778e-05 0 0.0359628759 2.94819747e-05 5.10625205e-06 8.97350947e-06 0.0429269001 0 0 0.00362214982 0.0252039004 0 0 0 0 0 1 0 0 0 0.0909090936 0.244650543 0.440287411 0.257680446 0.775467992 1 1
G707 0.00253894716 0.000164953424 0.0961182192 0 0.000121812685 0.173608795 0 5.01522954e-05 1.15975672e-05 0.000358112738 0.000496062916 0.00233169971 0.000734169211 0.0188608523 0.0177780315 0 0.00109477318 0.00978785381 0.00076645118 0 0.0231125187 4.84953598e-05 0.00258622295 0.0158644356 0.000274597289 0.00192089169 0 0 0.000790133723 4.51252527e-05 3.89239649e-05 0 0 4.19750251e-07 0 0.0308773443 0.00332074659 0.000946658722 6.76886111e-06 0 0.0388368182 0 0.000337004778 0.00111684157 0 0 0 3.86006177e-05 2.3412133e-06 0 0 0.000701238867 0 3.23964778e-05 0 0.0359628759 2.94819747e-05 5.10625205e-06 8.97350947e-06 0.0429269001 0 0 0.00362214982 0.0252039004 0 0 1 0 0 0 0 0 0 0.113636367 0.244650543 0.416685641 0.299157739 0.766928852 1 1
G708 0.00253894716 0.000164953424 0.0961182192 0 0.000121812685 0.173608795 0 5.01522954e-05 1.15975672e-05 0.000358112738 0.000496062916 0.00233169971 0.000734169211 0.0188608523 0.0177780315 0 0.00109477318 0.00978785381 0.00076645118 0 0.0231125187 4.84953598e-05 0.00258622295 0.0158644356 0.000274597289 0.00192089169 0 0 0.000790133723 4.51252527e-05 3.89239649e-05 0 0 4.19750251e-07 0 0.0308773443 0.00332074659 0.000946658722 6.76886111e-06 0 0.0388368182 0 0.000337004778 0.00111684157 0 0 0 3.86006177e-05 2.3412133e-06 0 0 0.000701238867 0 3.23964778e-05 0 0.0359628759 2.94819747e-05 5.10625205e-06 8.97350947e-06 0.0429269001 0 0 0.00362214982 0.0252039004 0 0 1 0 0 0 0 0 0 0.0909090936 0.244650543 0.513973355 0.257680446 0.769102991 1 1
G802 0.00253894716 0.000164953424 0.0961182192 0 0.000121812685 0.173608795 0 5.01522954e-05 1.15975672e-05 0.000358112738 0.000496062916 0.00233169971 0.000734169211 0.0188608523 0.0177780315 0 0.00109477318 0.00978785381 0.00076645118 0 0.0231125187 4.84953598e-05 0.00258622295 0.0158644356 0.000274597289 0.00192089169 0 0 0.000790133723 4.51252527e-05 3.89239649e-05 0 0 4.19750251e-07 0 0.0308773443 0.00332074659 0.000946658722 6.76886111e-06 0 0.0388368182 0 0.000337004778 0.00111684157 0 0 0 3.86006177e-05 2.3412133e-06 0 0 0.000701238867 0 3.23964778e-05 0 0.0359628759 2.94819747e-05 5.10625205e-06 8.97350947e-06 0.0429269001 0 0 0.00362214982 0.0252039004 0 0 1 0 0 0 0 0 0 0.13636364 0.387761921 0.440287411 0.408413857 0.757951677 1 1
G896 0.00253894716 0.000164953424 0.0961182192 0 0.000121812685 0.173608795 0 5.01522954e-05 1.15975672e-05 0.000358112738 0.000496062916 0.00233169971 0.000734169211 0.0188608523 0.0177780315 0 0.00109477318 0.00978785381 0.00076645118 0 0.0231125187 4.84953598e-05 0.00258622295 0.0158644356 0.000274597289 0.00192089169 0 0 0.000790133723 4.51252527e-05 3.89239649e-05 0 0 4.19750251e-07 0 0.0308773443 0.00332074659 0.000946658722 6.76886111e-06 0 0.0388368182 0 0.000337004778 0.00111684157 0 0 0 3.86006177e-05 2.3412133e-06 0 0 0.000701238867 0 3.23964778e-05 0 0.0359628759 2.94819747e-05 5.10625205e-06 8.97350947e-06 0.0429269001 0 0 0.00362214982 0.0252039004 0 0 0 0 0 1 0 0 0 0.159090906 0.244650543 0.461399913 0.427997947 0.757951677 1 1
G897 0.00253894716 0.000164953424 0.0961182192 0 0.000121812685 0.173608795 0 5.01522954e-05 1.15975672e-05 0.000358112738 0.000496062916 0.00233169971 0.000734169211 0.0188608523 0.0177780315 0 0.00109477318 0.00978785381 0.00076645118 0 0.0231125187 4.84953598e-05 0.00258622295 0.0158644356 0.000274597289 0.00192089169 0 0 0.000790133723 4.51252527e-05 3.89239649e-05 0 0 4.19750251e-07 0 0.0308773443 0.00332074659 0.000946658722 6.76886111e-06 0 0.0388368182 0 0.000337004778 0.00111684157 0 0 0 3.86006177e-05 2.3412133e-06 0 0 0.000701238867 0 3.23964778e-05 0 0.0359628759 2.94819747e-05 5.10625205e-06 8.97350947e-06 0.0429269001 0 0 0.00362214982 0.0252039004 0 0 1 0 0 0 0 0 0 0.159090906 0.244650543 0.528823376 0.333047152 0.746041179 1 1
G918 0.00253894716 0.000164953424 0.0961182192 0 0.000121812685 0.173608795 0 5.01522954e-05 1.15975672e-05 0.000358112738 0.000496062916 0.00233169971 0.000734169211 0.0188608523 0.0177780315 0 0.00109477318 0.00978785381 0.00076645118 0 0.0231125187 4.84953598e-05 0.00258622295 0.0158644356 0.000274597289 0.00192089169 0 0 0.000790133723 4.51252527e-05 3.89239649e-05 0 0 4.19750251e-07 0 0.0308773443 0.00332074659 0.000946658722 6.76886111e-06 0 0.0388368182 0 0.000337004778 0.00111684157 0 0 0 3.86006177e-05 2.3412133e-06 0 0 0.000701238867 0 3.23964778e-05 0 0.0359628759 2.94819747e-05 5.10625205e-06 8.97350947e-06 0.0429269001 0 0 0.00362214982 0.0252039004 0 0 1 0 0 0 0 0 0 0.181818187 0.244650543 0.528823376 0.299157739 0.748489022 1 1
G953 0.00253894716 0.000164953424 0.0961182192 0 0.000121812685 0.173608795 0 5.01522954e-05 1.15975672e-05 0.000358112738 0.000496062916 0.00233169971 0.000734169211 0.0188608523 0.0177780315 0 0.00109477318 0.00978785381 0.00076645118 0 0.0231125187 4.84953598e-05 0.00258622295 0.0158644356 0.000274597289 0.00192089169 0 0 0.000790133723 4.51252527e-05 3.89239649e-05 0 0 4.19750251e-07 0 0.0308773443 0.00332074659 0.000946658722 6.76886111e-06 0 0.0388368182 0 0.000337004778 0.00111684157 0 0 0 3.86006177e-05 2.3412133e-06 0 0 0.000701238867 0 3.23964778e-05 0 0.0359628759 2.94819747e-05 5.10625205e-06 8.97350947e-06 0.0429269001 0 0 0.00362214982 0.0252039004 0 0 1 0 0 0 0 0 0 0.204545453 0.387761921 0.480498493 0.503364682 0.733260512 1 1
G1066 0.00253894716 0.000164953424 0.0961182192 0 0.000121812685 0.173608795 0 5.01522954e-05 1.15975672e-05 0.000358112738 0.000496062916 0.00233169971 0.000734169211 0.0188608523 0.0177780315 0 0.00109477318 0.00978785381 0.00076645118 0 0.0231125187 4.84953598e-05 0.00258622295 0.0158644356 0.000274597289 0.00192089169 0 0 0.000790133723 4.51252527e-05 3.89239649e-05 0 0 4.19750251e-07 0 0.0308773443 0.00332074659 0.000946658722 6.76886111e-06 0 0.0388368182 0 0.000337004778 0.00111684157 0 0 0 3.86006177e-05 2.3412133e-06 0 0 0.000701238867 0 3.23964778e-05 0 0.0359628759 2.94819747e-05 5.10625205e-06 8.97350947e-06 0.0429269001 0 0 0.00362214982 0.0252039004 0 0 1 0 0 0 0 0 0 0.25 0.244650543 0.674750268 0.46188736 0.691534579 1 1
G997 0.00253894716 0.000164953424 0.0961182192 0 0.000121812685 0.173608795 0 5.01522954e-05 1.15975672e-05 0.000358112738 0.000496062916 0.00233169971 0.000734169211 0.0188608523 0.0177780315 0 0.00109477318 0.00978785381 0.00076645118 0 0.0231125187 4.84953598e-05 0.00258622295 0.0158644356 0.000274597289 0.00192089169 0 0 0.000790133723 4.51252527e-05 3.89239649e-05 0 0 4.19750251e-07 0 0.0308773443 0.00332074659 0.000946658722 6.76886111e-06 0 0.0388368182 0 0.000337004778 0.00111684157 0 0 0 3.86006177e-05 2.3412133e-06 0 0 0.000701238867 0 3.23964778e-05 0 0.0359628759 2.94819747e-05 5.10625205e-06 8.97350947e-06 0.0429269001 0 0 0.00362214982 0.0252039004 0 0 0 0 0 1 0 0 0 0.227272734 0.244650543 0.555580854 0.46188736 0.738485277 1 1
G1036 0.00253894716 0.000164953424 0.0961182192 0 0.000121812685 0.173608795 0 5.01522954e-05 1.15975672e-05 0.000358112738 0.000496062916 0.00233169971 0.000734169211 0.0188608523 0.0177780315 0 0.00109477318 0.00978785381 0.00076645118 0 0.0231125187 4.84953598e-05 0.00258622295 0.0158644356 0.000274597289 0.00192089169 0 0 0.000790133723 4.51252527e-05 3.89239649e-05 0 0 4.19750251e-07 0 0.0308773443 0.00332074659 0.000946658722 6.76886111e-06 0 0.0388368182 0 0.000337004778 0.00111684157 0 0 0 3.86006177e-05 2.3412133e-06 0 0 0.000701238867 0 3.23964778e-05 0 0.0359628759 2.94819747e-05 5.10625205e-06 8.97350947e-06 0.0429269001 0 0 0.00362214982 0.0252039004 0 0 1 0 0 0 0 0 0 0.25 0.244650543 0.681543589 0.490540475 0.684670269 1 1
G1100 0.00253894716 0.000164953424 0.0961182192 0 0.000121812685 0.173608795 0 5.01522954e-05 1.15975672e-05 0.000358112738 0.000496062916 0.00233169971 0.000734169211 0.0188608523 0.0177780315 0 0.00109477318 0.00978785381 0.00076645118 0 0.0231125187 4.84953598e-05 0.00258622295 0.0158644356 0.000274597289 0.00192089169 0 0 0.000790133723 4.51252527e-05 3.89239649e-05 0 0 4.19750251e-07 0 0.0308773443 0.00332074659 0.000946658722 6.76886111e-06 0 0.0388368182 0 0.000337004778 0.00111684157 0 0 0 3.86006177e-05 2.3412133e-06 0 0 0.000701238867 0 3.23964778e-05 0 0.0359628759 2.94819747e-05 5.10625205e-06 8.97350947e-06 0.0429269001 0 0 0.00362214982 0.0252039004 0 0 1 0 0 0 0 0 0 0.272727281 0.387761921 0.652868569 0.63220489 0.636639178 1 1
G1138 0.00253894716 0.000164953424 0.0961182192 0 0.000121812685 0.173608795 0 5.01522954e-05 1.15975672e-05 0.000358112738 0.000496062916 0.00233169971 0.000734169211 0.0188608523 0.0177780315 0 0.00109477318 0.00978785381 0.00076645118 0 0.0231125187 4.84953598e-05 0.00258622295 0.0158644356 0.000274597289 0.00192089169 0 0 0.000790133723 4.51252527e-05 3.89239649e-05 0 0 4.19750251e-07 0 0.0308773443 0.00332074659 0.000946658722 6.76886111e-06 0 0.0388368182 0 0.000337004778 0.00111684157 0 0 0 3.86006177e-05 2.3412133e-06 0 0 0.000701238867 0 3.23964778e-05 0 0.0359628759 2.94819747e-05 5.10625205e-06 8.97350947e-06 0.0429269001 0 0 0.00362214982 0.0252039004 0 0 1 0 0 0 0 0 0 0.295454532 0.244650543 0.748967052 0.537254095 0.57022208 1 1
G1139 0.00253894716 0.000164953424 0.0961182192 0 0.000121812685 0.173608795 0 5.01522954e-05 1.15975672e-05 0.000358112738 0.000496062916 0.00233169971 0.000734169211 0.0188608523 0.0177780315 0 0.00109477318 0.00978785381 0.00076645118 0 0.0231125187 4.84953598e-05 0.00258622295 0.0158644356 0.000274597289 0.00192089169 0 0 0.000790133723 4.51252527e-05 3.89239649e-05 0 0 4.19750251e-07 0 0.0308773443 0.00332074659 0.000946658722 6.76886111e-06 0 0.0388368182 0 0.000337004778 0.00111684157 0 0 0 3.86006177e-05 2.3412133e-06 0 0 0.000701238867 0 3.23964778e-05 0 0.0359628759 2.94819747e-05 5.10625205e-06 8.97350947e-06 0.0429269001 0 0 0.00362214982 0.0252039004 0 0 0 0 0 1 0 0 0 0.295454532 0.244650543 0.688114107 0.612620771 0.677525759 1 1
G1157 0.00253894716 0.000164953424 0.0961182192 0 0.000121812685 0.173608795 0 5.01522954e-05 1.15975672e-05 0.000358112738 0.000496062916 0.00233169971 0.000734169211 0.0188608523 0.0177780315 0 0.00109477318 0.00978785381 0.00076645118 0 0.0231125187 4.84953598e-05 0.00258622295 0.0158644356 0.000274597289 0.00192089169 0 0 0.000790133723 4.51252527e-05 3.89239649e-05 0 0 4.19750251e-07 0 0.0308773443 0.00332074659 0.000946658722 6.76886111e-06 0 0.0388368182 0 0.000337004778 0.00111684157 0 0 0 3.86006177e-05 2.3412133e-06 0 0 0.000701238867 0 3.23964778e-05 0 0.0359628759 2.94819747e-05 5.10625205e-06 8.97350947e-06 0.0429269001 0 0 0.00362214982 0.0252039004 0 0 1 0 0 0 0 0 0 0.318181813 0.244650543 0.753682196 0.46188736 0.606562495 1 1
G1178 0.00253894716 0.000164953424 0.0961182192 0 0.000121812685 0.173608795 0 5.01522954e-05 1.15975672e-05 0.000358112738 0.000496062916 0.00233169971 0.000734169211 0.0188608523 0.0177780315 0 0.00109477318 0.00978785381 0.00076645118 0 0.0231125187 4.84953598e-05 0.00258622295 0.0158644356 0.000274597289 0.00192089169 0 0 0.000790133723 4.51252527e-05 3.89239649e-05 0 0 4.19750251e-07 0 0.0308773443 0.00332074659 0.000946658722 6.76886111e-06 0 0.0388368182 0 0.000337004778 0.00111684157 0 0 0 3.86006177e-05 2.3412133e-06 0 0 0.000701238867 0 3.23964778e-05 0 0.0359628759 2.94819747e-05 5.10625205e-06 8.97350947e-06 0.0429269001 0 0 0.00362214982 0.0252039004 0 0 1 0 0 0 0 0 0 0.340909094 0.387761921 0.681543589 0.699121177 0.46187973 1 1
G1222 0.00253894716 0.000164953424 0.0961182192 0 0.000121812685 0.173608795 0 5.01522954e-05 1.15975672e-05 0.000358112738 0.000496062916 0.00233169971 0.000734169211 0.0188608523 0.0177780315 0 0.00109477318 0.00978785381 0.00076645118 0 0.0231125187 4.84953598e-05 0.00258622295 0.0158644356 0.000274597289 0.00192089169 0 0 0.000790133723 4.51252527e-05 3.89239649e-05 0 0 4.19750251e-07 0 0.0308773443 0.00332074659 0.000946658722 6.76886111e-06 0 0.0388368182 0 0.000337004778 0.00111684157 0 0 0 3.86006177e-05 2.3412133e-06 0 0 0.000701238867 0 3.23964778e-05 0 0.0359628759 2.94819747e-05 5.10625205e-06 8.97350947e-06 0.0429269001 0 0 0.00362214982 0.0252039004 0 0 1 0 0 0 0 0 0 0.363636374 0.387761921 0.767196298 0.257680446 0.764727354 1 1
G1227 0.00253894716 0.000164953424 0.0961182192 0 0.000121812685 0.173608795 0 5.01522954e-05 1.15975672e-05 0.000358112738 0.000496062916 0.00233169971 0.000734169211 0.0188608523 0.0177780315 0 0.00109477318 0.00978785381 0.00076645118 0 0.0231125187 4.84953598e-05 0.00258622295 0.0158644356 0.000274597289 0.00192089169 0 0 0.000790133723 4.51252527e-05 3.89239649e-05 0 0 4.19750251e-07 0 0.0308773443 0.00332074659 0.000946658722 6.76886111e-06 0 0.0388368182 0 0.000337004778 0.00111684157 0 0 0 3.86006177e-05 2.3412133e-06 0 0 0.000701238867 0 3.23964778e-05 0 0.0359628759 2.94819747e-05 5.10625205e-06 8.97350947e-06 0.0429269001 0 0 0.00362214982 0.0252039004 0 0 0 0 0 1 0 0 0 0.363636374 0.387761921 0.75828892 0.638299763 0.448909581 1 1
G1263 0.00253894716 0.000164953424 0.0961182192 0 0.000121812685 0.173608795 0 5.01522954e-05 1.15975672e-05 0.000358112738 0.000496062916 0.00233169971 0.000734169211 0.0188608523 0.0177780315 0 0.00109477318 0.00978785381 0.00076645118 0 0.0231125187 4.84953598e-05 0.00258622295 0.0158644356 0.000274597289 0.00192089169 0 0 0.000790133723 4.51252527e-05 3.89239649e-05 0 0 4.19750251e-07 0 0.0308773443 0.00332074659 0.000946658722 6.76886111e-06 0 0.0388368182 0 0.000337004778 0.00111684157 0 0 0 3.86006177e-05 2.3412133e-06 0 0 0.000701238867 0 3.23964778e-05 0 0.0359628759 2.94819747e-05 5.10625205e-06 8.97350947e-06 0.0429269001 0 0 0.00362214982 0.0252039004 0 0 0 0 0 1 0 0 0 0.386363626 0.244650543 0.694476068 0.707571566 0.850549459 1 1
G1270 0.00253894716 0.000164953424 0.0961182192 0 0.000121812685 0.173608795 0 5.01522954e-05 1.15975672e-05 0.000358112738 0.000496062916 0.00233169971 0.000734169211 0.0188608523 0.0177780315 0 0.00109477318 0.00978785381 0.00076645118 0 0.0231125187 4.84953598e-05 0.00258622295 0.0158644356 0.000274597289 0.00192089169 0 0 0.000790133723 4.51252527e-05 3.89239649e-05 0 0 4.19750251e-07 0 0.0308773443 0.00332074659 0.000946658722 6.76886111e-06 0 0.0388368182 0 0.000337004778 0.00111684157 0 0 0 3.86006177e-05 2.3412133e-06 0 0 0.000701238867 0 3.23964778e-05 0 0.0359628759 2.94819747e-05 5.10625205e-06 8.97350947e-06 0.0429269001 0 0 0.00362214982 0.0252039004 0 0 0 0 0 1 0 0 0 0.386363626 0.387761921 0.322504699 0.715654492 0.762497842 1 1
G1273 0.00253894716 0.000164953424 0.0961182192 0 0.000121812685 0.173608795 0 5.01522954e-05 1.15975672e-05 0.000358112738 0.000496062916 0.00233169971 0.000734169211 0.0188608523 0.0177780315 0 0.00109477318 0.00978785381 0.00076645118 0 0.0231125187 4.84953598e-05 0.00258622295 0.0158644356 0.000274597289 0.00192089169 0 0 0.000790133723 4.51252527e-05 3.89239649e-05 0 0 4.19750251e-07 0 0.0308773443 0.00332074659 0.000946658722 6.76886111e-06 0 0.0388368182 0 0.000337004778 0.00111684157 0 0 0 3.86006177e-05 2.3412133e-06 0 0 0.000701238867 0 3.23964778e-05 0 0.0359628759 2.94819747e-05 5.10625205e-06 8.97350947e-06 0.0429269001 0 0 0.00362214982 0.0252039004 0 0 0 0 0 1 0 0 0 0.386363626 0.387761921 0.322504699 0.715654492 0.783609748 1 1
G1308 0.00253894716 0.000164953424 0.0961182192 0 0.000121812685 0.173608795 0 5.01522954e-05 1.15975672e-05 0.000358112738 0.000496062916 0.00233169971 0.000734169211 0.0188608523 0.0177780315 0 0.00109477318 0.00978785381 0.00076645118 0 0.0231125187 4.84953598e-05 0.00258622295 0.0158644356 0.000274597289 0.00192089169 0 0 0.000790133723 4.51252527e-05 3.89239649e-05 0 0 4.19750251e-07 0 0.0308773443 0.00332074659 0.000946658722 6.76886111e-06 0 0.0388368182 0 0.000337004778 0.00111684157 0 0 0 3.86006177e-05 2.3412133e-06 0 0 0.000701238867 0 3.23964778e-05 0 0.0359628759 2.94819747e-05 5.10625205e-06 8.97350947e-06 0.0429269001 0 0 0.00362214982 0.0252039004 0 0 1 0 0 0 0 0 0 0.409090906 0.244650543 0.791763783 0.333047152 0.773371935 1 1
G1309 0.00253894716 0.000164953424 0.0961182192 0 0.000121812685 0.173608795 0 5.01522954e-05 1.15975672e-05 0.000358112738 0.000496062916 0.00233169971 0.000734169211 0.0188608523 0.0177780315 0 0.00109477318 0.00978785381 0.00076645118 0 0.0231125187 4.84953598e-05 0.00258622295 0.0158644356 0.000274597289 0.00192089169 0 0 0.000790133723 4.51252527e-05 3.89239649e-05 0 0 4.19750251e-07 0 0.0308773443 0.00332074659 0.000946658722 6.76886111e-06 0 0.0388368182 0 0.000337004778 0.00111684157 0 0 0 3.86006177e-05 2.3412133e-06 0 0 0.000701238867 0 3.23964778e-05 0 0.0359628759 2.94819747e-05 5.10625205e-06 8.97350947e-06 0.0429269001 0 0 0.00362214982 0.0252039004 0 0 0 0 0 1 0 0 0 0.409090906 0.244650543 0.77572453 0.333047152 0.783609748 1 1
G1310 0.00253894716 0.000164953424 0.0961182192 0 0.000121812685 0.173608795 0 5.01522954e-05 1.15975672e-05 0.000358112738 0.000496062916 0.00233169971 0.000734169211 0.0188608523 0.0177780315 0 0.00109477318 0.00978785381 0.00076645118 0 0.0231125187 4.84953598e-05 0.00258622295 0.0158644356 0.000274597289 0.00192089169 0 0 0.000790133723 4.51252527e-05 3.89239649e-05 0 0 4.19750251e-07 0 0.0308773443 0.00332074659 0.000946658722 6.76886111e-06 0 0.0388368182 0 0.000337004778 0.00111684157 0 0 0 3.86006177e-05 2.3412133e-06 0 0 0.000701238867 0 3.23964778e-05 0 0.0359628759 2.94819747e-05 5.10625205e-06 8.97350947e-06 0.0429269001 0 0 0.00362214982 0.0252039004 0 0 1 0 0 0 0 0 0 0.409090906 0.244650543 0.791763783 0.333047152 0.75090307 1 1
G1311 0.00253894716 0.000164953424 0.0961182192 0 0.000121812685 0.173608795 0 5.01522954e-05 1.15975672e-05 0.000358112738 0.000496062916 0.00233169971 0.000734169211 0.0188608523 0.0177780315 0 0.00109477318 0.00978785381 0.00076645118 0 0.0231125187 4.84953598e-05 0.00258622295 0.0158644356 0.000274597289 0.00192089169 0 0 0.000790133723 4.51252527e-05 3.89239649e-05 0 0 4.19750251e-07 0 0.0308773443 0.00332074659 0.000946658722 6.76886111e-06 0 0.0388368182 0 0.000337004778 0.00111684157 0 0 0 3.86006177e-05 2.3412133e-06 0 0 0.000701238867 0 3.23964778e-05 0 0.0359628759 2.94819747e-05 5.10625205e-06 8.97350947e-06 0.0429269001 0 0 0.00362214982 0.0252039004 0 0 0 0 0 1 0 0 0 0.409090906 0.244650543 0.77572453 0.333047152 0.762497842 1 1
G1328 0.00253894716 0.000164953424 0.0961182192 0 0.000121812685 0.173608795 0 5.01522954e-05 1.15975672e-05 0.000358112738 0.000496062916 0.00233169971 0.000734169211 0.0188608523 0.0177780315 0 0.00109477318 0.00978785381 0.00076645118 0 0.0231125187 4.84953598e-05 0.00258622295 0.0158644356 0.000274597289 0.00192089169 0 0 0.000790133723 4.51252527e-05 3.89239649e-05 0 0 4.19750251e-07 0 0.0308773443 0.00332074659 0.000946658722 6.76886111e-06 0 0.0388368182 0 0.000337004778 0.00111684157 0 0 0 3.86006177e-05 2.3412133e-06 0 0 0.000701238867 0 3.23964778e-05 0 0.0359628759 2.94819747e-05 5.10625205e-06 8.97350947e-06 0.0429269001 0 0 0.00362214982 0.0252039004 0 0 1 0 0 0 0 0 0 0.431818187 0.244650543 0.461399913 0.299157739 0.775467992 1 1
G1329 0.00253894716 0.000164953424 0.0961182192 0 0.000121812685 0.173608795 0 5.01522954e-05 1.15975672e-05 0.000358112738 0.000496062916 0.00233169971 0.000734169211 0.0188608523 0.0177780315 0 0.00109477318 0.00978785381 0.00076645118 0 0.0231125187 4.84953598e-05 0.00258622295 0.0158644356 0.000274597289 0.00192089169 0 0 0.000790133723 4.51252527e-05 3.89239649e-05 0 0 4.19750251e-07 0 0.0308773443 0.00332074659 0.000946658722 6.76886111e-06 0 0.0388368182 0 0.000337004778 0.00111684157 0 0 0 3.86006177e-05 2.3412133e-06 0 0 0.000701238867 0 3.23964778e-05 0 0.0359628759 2.94819747e-05 5.10625205e-06 8.97350947e-06 0.0429269001 0 0 0.00362214982 0.0252039004 0 0 1 0 0 0 0 0 0 0.431818187 0.244650543 0.461399913 0.299157739 0.753284276 1 1
G1343 0.00253894716 0.000164953424 0.0961182192 0 0.000121812685 0.173608795 0 5.01522954e-05 1.15975672e-05 0.000358112738 0.000496062916 0.00233169971 0.000734169211 0.0188608523 0.0177780315 0 0.00109477318 0.00978785381 0.00076645118 0 0.0231125187 4.84953598e-05 0.00258622295 0.0158644356 0.000274597289 0.00192089169 0 0 0.000790133723 4.51252527e-05 3.89239649e-05 0 0 4.19750251e-07 0 0.0308773443 0.00332074659 0.000946658722 6.76886111e-06 0 0.0388368182 0 0.000337004778 0.00111684157 0 0 0 3.86006177e-05 2.3412133e-06 0 0 0.000701238867 0 3.23964778e-05 0 0.0359628759 2.94819747e-05 5.10625205e-06 8.97350947e-06 0.0429269001 0 0 0.00362214982 0.0252039004 0 0 1 0 0 0 0 0 0 0.454545468 0.244650543 0.480498493 0.445713937 0.762497842 1 1
G1344 0.00253894716 0.000164953424 0.0961182192 0 0.000121812685 0.173608795 0 5.01522954e-05 1.15975672e-05 0.000358112738 0.000496062916 0.00233169971 0.000734169211 0.0188608523 0.0177780315 0 0.00109477318 0.00978785381 0.00076645118 0 0.0231125187 4.84953598e-05 0.00258622295 0.0158644356 0.000274597289 0.00192089169 0 0 0.000790133723 4.51252527e-05 3.89239649e-05 0 0 4.19750251e-07 0 0.0308773443 0.00332074659 0.000946658722 6.76886111e-06 0 0.0388368182 0 0.000337004778 0.00111684157 0 0 0 3.86006177e-05 2.3412133e-06 0 0 0.000701238867 0 3.23964778e-05 0 0.0359628759 2.94819747e-05 5.10625205e-06 8.97350947e-06 0.0429269001 0 0 0.00362214982 0.0252039004 0 0 1 0 0 0 0 0 0 0.454545468 0.387761921 0.480498493 0.445713937 0.738485277 1 1
G1362 0.00253894716 0.000164953424 0.0961182192 0 0.000121812685 0.173608795 0 5.01522954e-05 1.15975672e-05 0.000358112738 0.000496062916 0.00233169971 0.000734169211 0.0188608523 0.0177780315 0 0.00109477318 0.00978785381 0.00076645118 0 0.0231125187 4.84953598e-05 0.00258622295 0.0158644356 0.000274597289 0.00192089169 0 0 0.000790133723 4.51252527e-05 3.89239649e-05 0 0 4.19750251e-07 0 0.0308773443 0.00332074659 0.000946658722 6.76886111e-06 0 0.0388368182 0 0.000337004778 0.00111684157 0 0 0 3.86006177e-05 2.3412133e-06 0 0 0.000701238867 0 3.23964778e-05 0 0.0359628759 2.94819747e-05 5.10625205e-06 8.97350947e-06 0.0429269001 0 0 0.00362214982 0.0252039004 0 0 0 0 0 1 0 0 0 0.477272719 0.244650543 0.497934133 0.46188736 0.760239482 1 1
G1375 0.00253894716 0.000164953424 0.0961182192 0 0.000121812685 0.173608795 0 5.01522954e-05 1.15975672e-05 0.000358112738 0.000496062916 0.00233169971 0.000734169211 0.0188608523 0.0177780315 0 0.00109477318 0.00978785381 0.00076645118 0 0.0231125187 4.84953598e-05 0.00258622295 0.0158644356 0.000274597289 0.00192089169 0 0 0.000790133723 4.51252527e-05 3.89239649e-05 0 0 4.19750251e-07 0 0.0308773443 0.00332074659 0.000946658722 6.76886111e-06 0 0.0388368182 0 0.000337004778 0.00111684157 0 0 0 3.86006177e-05 2.3412133e-06 0 0 0.000701238867 0 3.23964778e-05 0 0.0359628759 2.94819747e-05 5.10625205e-06 8.97350947e-06 0.0429269001 0 0 0.00362214982 0.0252039004 0 0 0 0 0 1 0 0 0 0.477272719 0.387761921 0.497934133 0.46188736 0.735892415 1 1
G1378 0.00253894716 0.000164953424 0.0961182192 0 0.000121812685 0.173608795 0 5.01522954e-05 1.15975672e-05 0.000358112738 0.000496062916 0.00233169971 0.000734169211 0.0188608523 0.0177780315 0 0.00109477318 0.00978785381 0.00076645118 0 0.0231125187 4.84953598e-05 0.00258622295 0.0158644356 0.000274597289 0.00192089169 0 0 0.000790133723 4.51252527e-05 3.89239649e-05 0 0 4.19750251e-07 0 0.0308773443 0.00332074659 0.000946658722 6.76886111e-06 0 0.0388368182 0 0.000337004778 0.00111684157 0 0 0 3.86006177e-05 2.3412133e-06 0 0 0.000701238867 0 3.23964778e-05 0 0.0359628759 2.94819747e-05 5.10625205e-06 8.97350947e-06 0.0429269001 0 0 0.00362214982 0.0252039004 0 0 0 0 0 1 0 0 0 0.477272719 0.387761921 0.497934133 0.46188736 0.735892415 1 1
G1395 0.00253894716 0.000164953424 0.0961182192 0 0.000121812685 0.173608795 0 5.01522954e-05 1.15975672e-05 0.000358112738 0.000496062916 0.00233169971 0.000734169211 0.0188608523 0.0177780315 0 0.00109477318 0.00978785381 0.00076645118 0 0.0231125187 4.84953598e-05 0.00258622295 0.0158644356 0.000274597289 0.00192089169 0 0 0.000790133723 4.51252527e-05 3.89239649e-05 0 0 4.19750251e-07 0 0.0308773443 0.00332074659 0.000946658722 6.76886111e-06 0 0.0388368182 0 0.000337004778 0.00111684157 0 0 0 3.86006177e-05 2.3412133e-06 0 0 0.000701238867 0 3.23964778e-05 0 0.0359628759 2.94819747e-05 5.10625205e-06 8.97350947e-06 0.0429269001 0 0 0.00362214982 0.0252039004 0 1 0 0 0 0 0 0 0 0.5 0.955822885 0.513973355 0.590727568 0.701351166 1 1
G1410 0.00253894716 0.000164953424 0.0961182192 0 0.000121812685 0.173608795 0 5.01522954e-05 1.15975672e-05 0.000358112738 0.000496062916 0.00233169971 0.000734169211 0.0188608523 0.0177780315 0 0.00109477318 0.00978785381 0.00076645118 0 0.0231125187 4.84953598e-05 0.00258622295 0.0158644356 0.000274597289 0.00192089169 0 0 0.000790133723 4.51252527e-05 3.89239649e-05 0 0 4.19750251e-07 0 0.0308773443 0.00332074659 0.000946658722 6.76886111e-06 0 0.0388368182 0 0.000337004778 0.00111684157 0 0 0 3.86006177e-05 2.3412133e-06 0 0 0.000701238867 0 3.23964778e-05 0 0.0359628759 2.94819747e-05 5.10625205e-06 8.97350947e-06 0.0429269001 0 0 0.00362214982 0.0252039004 0 1 0 0 0 0 0 0 0 0.5 0.812711537 0.513973355 0.590727568 0.701351166 1 1
G1420 0.00253894716 0.000164953424 0.0961182192 0 0.000121812685 0.173608795 0 5.01522954e-05 1.15975672e-05 0.000358112738 0.000496062916 0.00233169971 0.000734169211 0.0188608523 0.0177780315 0 0.00109477318 0.00978785381 0.00076645118 0 0.0231125187 4.84953598e-05 0.00258622295 0.0158644356 0.000274597289 0.00192089169 0 0 0.000790133723 4.51252527e-05 3.89239649e-05 0 0 4.19750251e-07 0 0.0308773443 0.00332074659 0.000946658722 6.76886111e-06 0 0.0388368182 0 0.000337004778 0.00111684157 0 0 0 3.86006177e-05 2.3412133e-06 0 0 0.000701238867 0 3.23964778e-05 0 0.0359628759 2.94819747e-05 5.10625205e-06 8.97350947e-06 0.0429269001 0 0 0.00362214982 0.0252039004 0 1 0 0 0 0 0 0 0 0.5 0.931471467 0.513973355 0.590727568 0.701351166 1 1
G1434 0.00253894716 0.000164953424 0.0961182192 0 0.000121812685 0.173608795 0 5.01522954e-05 1.15975672e-05 0.000358112738 0.000496062916 0.00233169971 0.000734169211 0.0188608523 0.0177780315 0 0.00109477318 0.00978785381 0.00076645118 0 0.0231125187 4.84953598e-05 0.00258622295 0.0158644356 0.000274597289 0.00192089169 0 0 0.000790133723 4.51252527e-05 3.89239649e-05 0 0 4.19750251e-07 0 0.0308773443 0.00332074659 0.000946658722 6.76886111e-06 0 0.0388368182 0 0.000337004778 0.00111684157 0 0 0 3.86006177e-05 2.3412133e-06 0 0 0.000701238867 0 3.23964778e-05 0 0.0359628759 2.94819747e-05 5.10625205e-06 8.97350947e-06 0.0429269001 0 0 0.00362214982 0.0252039004 0 1 0 0 0 0 0 0 0 0.5 0.568060994 0.513973355 0.590727568 0.701351166 1 1
__smartatpg_bin_171_1 0.00253894716 0.000164953424 0.0961182192 0 0.000121812685 0.173608795 0 5.01522954e-05 1.15975672e-05 0.000358112738 0.000496062916 0.00233169971 0.000734169211 0.0188608523 0.0177780315 0 0.00109477318 0.00978785381 0.00076645118 0 0.0231125187 4.84953598e-05 0.00258622295 0.0158644356 0.000274597289 0.00192089169 0 0 0.000790133723 4.51252527e-05 3.89239649e-05 0 0 4.19750251e-07 0 0.0308773443 0.00332074659 0.000946658722 6.76886111e-06 0 0.0388368182 0 0.000337004778 0.00111684157 0 0 0 3.86006177e-05 2.3412133e-06 0 0 0.000701238867 0 3.23964778e-05 0 0.0359628759 2.94819747e-05 5.10625205e-06 8.97350947e-06 0.0429269001 0 0 0.00362214982 0.0252039004 0 1 0 0 0 0 0 0 0 0.0454545468 0.244650543 0.277790427 0.333047152 0.764727354 1 1
__smartatpg_bin_171_2 0.00253894716 0.000164953424 0.0961182192 0 0.000121812685 0.173608795 0 5.01522954e-05 1.15975672e-05 0.000358112738 0.000496062916 0.00233169971 0.000734169211 0.0188608523 0.0177780315 0 0.00109477318 0.00978785381 0.00076645118 0 0.0231125187 4.84953598e-05 0.00258622295 0.0158644356 0.000274597289 0.00192089169 0 0 0.000790133723 4.51252527e-05 3.89239649e-05 0 0 4.19750251e-07 0 0.0308773443 0.00332074659 0.000946658722 6.76886111e-06 0 0.0388368182 0 0.000337004778 0.00111684157 0 0 0 3.86006177e-05 2.3412133e-06 0 0 0.000701238867 0 3.23964778e-05 0 0.0359628759 2.94819747e-05 5.10625205e-06 8.97350947e-06 0.0429269001 0 0 0.00362214982 0.0252039004 0 1 0 0 0 0 0 0 0 0.0681818202 0.244650543 0.277790427 0.333047152 0.764727354 1 1
G568 0.00253894716 0.000164953424 0.0961182192 0 0.000121812685 0.173608795 0 5.01522954e-05 1.15975672e-05 0.000358112738 0.000496062916 0.00233169971 0.000734169211 0.0188608523 0.0177780315 0 0.00109477318 0.00978785381 0.00076645118 0 0.0231125187 4.84953598e-05 0.00258622295 0.0158644356 0.000274597289 0.00192089169 0 0 0.000790133723 4.51252527e-05 3.89239649e-05 0 0 4.19750251e-07 0 0.0308773443 0.00332074659 0.000946658722 6.76886111e-06 0 0.0388368182 0 0.000337004778 0.00111684157 0 0 0 3.86006177e-05 2.3412133e-06 0 0 0.000701238867 0 3.23964778e-05 0 0.0359628759 2.94819747e-05 5.10625205e-06 8.97350947e-06 0.0429269001 0 0 0.00362214982 0.0252039004 0 0 1 0 0 0 0 0 0 0.0909090936 0.244650543 0.497934133 0.299157739 0.75090307 1 1
__smartatpg_bin_172_1 0.00253894716 0.000164953424 0.0961182192 0 0.000121812685 0.173608795 0 5.01522954e-05 1.15975672e-05 0.000358112738 0.000496062916 0.00233169971 0.000734169211 0.0188608523 0.0177780315 0 0.00109477318 0.00978785381 0.00076645118 0 0.0231125187 4.84953598e-05 0.00258622295 0.0158644356 0.000274597289 0.00192089169 0 0 0.000790133723 4.51252527e-05 3.89239649e-05 0 0 4.19750251e-07 0 0.0308773443 0.00332074659 0.000946658722 6.76886111e-06 0 0.0388368182 0 0.000337004778 0.00111684157 0 0 0 3.86006177e-05 2.3412133e-06 0 0 0.000701238867 0 3.23964778e-05 0 0.0359628759 2.94819747e-05 5.10625205e-06 8.97350947e-06 0.0429269001 0 0 0.00362214982 0.0252039004 0 1 0 0 0 0 0 0 0 0.0454545468 0.244650543 0.277790427 0.333047152 0.764727354 1 1
__smartatpg_bin_172_2 0.00253894716 0.000164953424 0.0961182192 0 0.000121812685 0.173608795 0 5.01522954e-05 1.15975672e-05 0.000358112738 0.000496062916 0.00233169971 0.000734169211 0.0188608523 0.0177780315 0 0.00109477318 0.00978785381 0.00076645118 0 0.0231125187 4.84953598e-05 0.00258622295 0.0158644356 0.000274597289 0.00192089169 0 0 0.000790133723 4.51252527e-05 3.89239649e-05 0 0 4.19750251e-07 0 0.0308773443 0.00332074659 0.000946658722 6.76886111e-06 0 0.0388368182 0 0.000337004778 0.00111684157 0 0 0 3.86006177e-05 2.3412133e-06 0 0 0.000701238867 0 3.23964778e-05 0 0.0359628759 2.94819747e-05 5.10625205e-06 8.97350947e-06 0.0429269001 0 0 0.00362214982 0.0252039004 0 1 0 0 0 0 0 0 0 0.0681818202 0.244650543 0.277790427 0.333047152 0.764727354 1 1
G569 0.00253894716 0.000164953424 0.0961182192 0 0.000121812685 0.173608795 0 5.01522954e-05 1.15975672e-05 0.000358112738 0.000496062916 0.00233169971 0.000734169211 0.0188608523 0.0177780315 0 0.00109477318 0.00978785381 0.00076645118 0 0.0231125187 4.84953598e-05 0.00258622295 0.0158644356 0.000274597289 0.00192089169 0 0 0.000790133723 4.51252527e-05 3.89239649e-05 0 0 4.19750251e-07 0 0.0308773443 0.00332074659 0.000946658722 6.76886111e-06 0 0.0388368182 0 0.000337004778 0.00111684157 0 0 0 3.86006177e-05 2.3412133e-06 0 0 0.000701238867 0 3.23964778e-05 0 0.0359628759 2.94819747e-05 5.10625205e-06 8.97350947e-06 0.0429269001 0 0 0.00362214982 0.0252039004 0 0 1 0 0 0 0 0 0 0.0909090936 0.244650543 0.497934133 0.299157739 0.75090307 1 1
__smartatpg_bin_173_1 0.00253894716 0.000164953424 0.0961182192 0 0.000121812685 0.173608795 0 5.01522954e-05 1.15975672e-05 0.000358112738 0.000496062916 0.00233169971 0.000734169211 0.0188608523 0.0177780315 0 0.00109477318 0.00978785381 0.00076645118 0 0.0231125187 4.84953598e-05 0.00258622295 0.0158644356 0.000274597289 0.00192089169 0 0 0.000790133723 4.51252527e-05 3.89239649e-05 0 0 4.19750251e-07 0 0.0308773443 0.00332074659 0.000946658722 6.76886111e-06 0 0.0388368182 0 0.000337004778 0.00111684157 0 0 0 3.86006177e-05 2.3412133e-06 0 0 0.000701238867 0 3.23964778e-05 0 0.0359628759 2.94819747e-05 5.10625205e-06 8.97350947e-06 0.0429269001 0 0 0.00362214982 0.0252039004 0 1 0 0 0 0 0 0 0 0.0681818202 0.244650543 0.277790427 0.333047152 0.760239482 1 1
G570 0.00253894716 0.000164953424 0.0961182192 0 0.000121812685 0.173608795 0 5.01522954e-05 1.15975672e-05 0.000358112738 0.000496062916 0.00233169971 0.000734169211 0.0188608523 0.0177780315 0 0.00109477318 0.00978785381 0.00076645118 0 0.0231125187 4.84953598e-05 0.00258622295 0.0158644356 0.000274597289 0.00192089169 0 0 0.000790133723 4.51252527e-05 3.89239649e-05 0 0 4.19750251e-07 0 0.0308773443 0.00332074659 0.000946658722 6.76886111e-06 0 0.0388368182 0 0.000337004778 0.00111684157 0 0 0 3.86006177e-05 2.3412133e-06 0 0 0.000701238867 0 3.23964778e-05 0 0.0359628759 2.94819747e-05 5.10625205e-06 8.97350947e-06 0.0429269001 0 0 0.00362214982 0.0252039004 0 0 1 0 0 0 0 0 0 0.0909090936 0.387761921 0.440287411 0.257680446 0.753284276 1 1
G738 0.00253894716 0.000164953424 0.0961182192 0 0.000121812685 0.173608795 0 5.01522954e-05 1.15975672e-05 0.000358112738 0.000496062916 0.00233169971 0.000734169211 0.0188608523 0.0177780315 0 0.00109477318 0.00978785381 0.00076645118 0 0.0231125187 4.84953598e-05 0.00258622295 0.0158644356 0.000274597289 0.00192089169 0 0 0.000790133723 4.51252527e-05 3.89239649e-05 0 0 4.19750251e-07 0 0.0308773443 0.00332074659 0.000946658722 6.76886111e-06 0 0.0388368182 0 0.000337004778 0.00111684157 0 0 0 3.86006177e-05 2.3412133e-06 0 0 0.000701238867 0 3.23964778e-05 0 0.0359628759 2.94819747e-05 5.10625205e-06 8.97350947e-06 0.0429269001 0 0 0.00362214982 0.0252039004 0 0 1 0 0 0 0 0 0 0.113636367 1 0.440287411 0.427997947 0.741040349 1 1
G755 0.00253894716 0.000164953424 0.0961182192 0 0.000121812685 0.173608795 0 5.01522954e-05 1.15975672e-05 0.000358112738 0.000496062916 0.00233169971 0.000734169211 0.0188608523 0.0177780315 0 0.00109477318 0.00978785381 0.00076645118 0 0.0231125187 4.84953598e-05 0.00258622295 0.0158644356 0.000274597289 0.00192089169 0 0 0.000790133723 4.51252527e-05 3.89239649e-05 0 0 4.19750251e-07 0 0.0308773443 0.00332074659 0.000946658722 6.76886111e-06 0 0.0388368182 0 0.000337004778 0.00111684157 0 0 0 3.86006177e-05 2.3412133e-06 0 0 0.000701238867 0 3.23964778e-05 0 0.0359628759 2.94819747e-05 5.10625205e-06 8.97350947e-06 0.0429269001 0 0 0.00362214982 0.0252039004 0 0 1 0 0 0 0 0 0 0.113636367 1 0.440287411 0.427997947 0.741040349 1 1
__smartatpg_bin_174_1 0.00253894716 0.000164953424 0.0961182192 0 0.000121812685 0.173608795 0 5.01522954e-05 1.15975672e-05 0.000358112738 0.000496062916 0.00233169971 0.000734169211 0.0188608523 0.0177780315 0 0.00109477318 0.00978785381 0.00076645118 0 0.0231125187 4.84953598e-05 0.00258622295 0.0158644356 0.000274597289 0.00192089169 0 0 0.000790133723 4.51252527e-05 3.89239649e-05 0 0 4.19750251e-07 0 0.0308773443 0.00332074659 0.000946658722 6.76886111e-06 0 0.0388368182 0 0.000337004778 0.00111684157 0 0 0 3.86006177e-05 2.3412133e-06 0 0 0.000701238867 0 3.23964778e-05 0 0.0359628759 2.94819747e-05 5.10625205e-06 8.97350947e-06 0.0429269001 0 0 0.00362214982 0.0252039004 0 1 0 0 0 0 0 0 0 0.0681818202 0.244650543 0.277790427 0.333047152 0.99292767 1 1
G573 0.00253894716 0.000164953424 0.0961182192 0 0.000121812685 0.173608795 0 5.01522954e-05 1.15975672e-05 0.000358112738 0.000496062916 0.00233169971 0.000734169211 0.0188608523 0.0177780315 0 0.00109477318 0.00978785381 0.00076645118 0 0.0231125187 4.84953598e-05 0.00258622295 0.0158644356 0.000274597289 0.00192089169 0 0 0.000790133723 4.51252527e-05 3.89239649e-05 0 0 4.19750251e-07 0 0.0308773443 0.00332074659 0.000946658722 6.76886111e-06 0 0.0388368182 0 0.000337004778 0.00111684157 0 0 0 3.86006177e-05 2.3412133e-06 0 0 0.000701238867 0 3.23964778e-05 0 0.0359628759 2.94819747e-05 5.10625205e-06 8.97350947e-06 0.0429269001 0 0 0.00362214982 0.0252039004 0 1 0 0 0 0 0 0 0 0.0909090936 0.775523841 0.277790427 0.408413857 0.991113961 1 1
__smartatpg_bin_695_2 0.00253894716 0.000164953424 0.0961182192 0 0.000121812685 0.173608795 0 5.01522954e-05 1.15975672e-05 0.000358112738 0.000496062916 0.00233169971 0.000734169211 0.0188608523 0.0177780315 0 0.00109477318 0.00978785381 0.00076645118 0 0.0231125187 4.84953598e-05 0.00258622295 0.0158644356 0.000274597289 0.00192089169 0 0 0.000790133723 4.51252527e-05 3.89239649e-05 0 0 4.19750251e-07 0 0.0308773443 0.00332074659 0.000946658722 6.76886111e-06 0 0.0388368182 0 0.000337004778 0.00111684157 0 0 0 3.86006177e-05 2.3412133e-06 0 0 0.000701238867 0 3.23964778e-05 0 0.0359628759 2.94819747e-05 5.10625205e-06 8.97350947e-06 0.0429269001 0 0 0.00362214982 0.0252039004 0 1 0 0 0 0 0 0 0 0.522727251 0.244650543 0.513973355 0.590727568 0.730588436 1 1
__smartatpg_bin_695_5 0.00253894716 0.000164953424 0.0961182192 0 0.000121812685 0.173608795 0 5.01522954e-05 1.15975672e-05 0.000358112738 0.000496062916 0.00233169971 0.000734169211 0.0188608523 0.0177780315 0 0.00109477318 0.00978785381 0.00076645118 0 0.0231125187 4.84953598e-05 0.00258622295 0.0158644356 0.000274597289 0.00192089169 0 0 0.000790133723 4.51252527e-05 3.89239649e-05 0 0 4.19750251e-07 0 0.0308773443 0.00332074659 0.000946658722 6.76886111e-06 0 0.0388368182 0 0.000337004778 0.00111684157 0 0 0 3.86006177e-05 2.3412133e-06 0 0 0.000701238867 0 3.23964778e-05 0 0.0359628759 2.94819747e-05 5.10625205e-06 8.97350947e-06 0.0429269001 0 0 0.00362214982 0.0252039004 0 1 0 0 0 0 0 0 0 0.659090936 0.244650543 0.389928162 0.503364682 0.753284276 1 1
__smartatpg_bin_695_6 0.00253894716 0.000164953424 0.0961182192 0 0.000121812685 0.173608795 0 5.01522954e-05 1.15975672e-05 0.000358112738 0.000496062916 0.00233169971 0.000734169211 0.0188608523 0.0177780315 0 0.00109477318 0.00978785381 0.00076645118 0 0.0231125187 4.84953598e-05 0.00258622295 0.0158644356 0.000274597289 0.00192089169 0 0 0.000790133723 4.51252527e-05 3.89239649e-05 0 0 4.19750251e-07 0 0.0308773443 0.00332074659 0.000946658722 6.76886111e-06 0 0.0388368182 0 0.000337004778 0.00111684157 0 0 0 3.86006177e-05 2.3412133e-06 0 0 0.000701238867 0 3.23964778e-05 0 0.0359628759 2.94819747e-05 5.10625205e-06 8.97350947e-06 0.0429269001 0 0 0.00362214982 0.0252039004 0 1 0 0 0 0 0 0 0 0.659090936 0.244650543 0.389928162 0.503364682 0.753284276 1 1
__smartatpg_bin_695_4 0.00253894716 0.000164953424 0.0961182192 0 0.000121812685 0.173608795 0 5.01522954e-05 1.15975672e-05 0.000358112738 0.000496062916 0.00233169971 0.000734169211 0.0188608523 0.0177780315 0 0.00109477318 0.00978785381 0.00076645118 0 0.0231125187 4.84953598e-05 0.00258622295 0.0158644356 0.000274597289 0.00192089169 0 0 0.000790133723 4.51252527e-05 3.89239649e-05 0 0 4.19750251e-07 0 0.0308773443 0.00332074659 0.000946658722 6.76886111e-06 0 0.0388368182 0 0.000337004778 0.00111684157 0 0 0 3.86006177e-05 2.3412133e-06 0 0 0.000701238867 0 3.23964778e-05 0 0.0359628759 2.94819747e-05 5.10625205e-06 8.97350947e-06 0.0429269001 0 0 0.00362214982 0.0252039004 0 1 0 0 0 0 0 0 0 0.681818187 0.244650543 0.416685641 0.63220489 0.713638127 1 1
__smartatpg_bin_709_1 0.00253894716 0.000164953424 0.0961182192 0 0.000121812685 0.173608795 0 5.01522954e-05 1.15975672e-05 0.000358112738 0.000496062916 0.00233169971 0.000734169211 0.0188608523 0.0177780315 0 0.00109477318 0.00978785381 0.00076645118 0 0.0231125187 4.84953598e-05 0.00258622295 0.0158644356 0.000274597289 0.00192089169 0 0 0.000790133723 4.51252527e-05 3.89239649e-05 0 0 4.19750251e-07 0 0.0308773443 0.00332074659 0.000946658722 6.76886111e-06 0 0.0388368182 0 0.000337004778 0.00111684157 0 0 0 3.86006177e-05 2.3412133e-06 0 0 0.000701238867 0 3.23964778e-05 0 0.0359628759 2.94819747e-05 5.10625205e-06 8.97350947e-06 0.0429269001 0 0 0.00362214982 0.0252039004 0 1 0 0 0 0 0 0 0 0.681818187 0.244650543 0.600295126 0.46188736 0.879264176 1 1
__smartatpg_bin_709_3 0.00253894716 0.000164953424 0.0961182192 0 0.000121812685 0.173608795 0 5.01522954e-05 1.15975672e-05 0.000358112738 0.000496062916 0.00233169971 0.000734169211 0.0188608523 0.0177780315 0 0.00109477318 0.00978785381 0.00076645118 0 0.0231125187 4.84953598e-05 0.00258622295 0.0158644356 0.000274597289 0.00192089169 0 0 0.000790133723 4.51252527e-05 3.89239649e-05 0 0 4.19750251e-07 0 0.0308773443 0.00332074659 0.000946658722 6.76886111e-06 0 0.0388368182 0 0.000337004778 0.00111684157 0 0 0 3.86006177e-05 2.3412133e-06 0 0 0.000701238867 0 3.23964778e-05 0 0.0359628759 2.94819747e-05 5.10625205e-06 8.97350947e-06 0.0429269001 0 0 0.00362214982 0.0252039004 0 1 0 0 0 0 0 0 0 0.522727251 0.244650543 0.461399913 0.655469835 0.851900935 1 1
__smartatpg_bin_710_1 0.00253894716 0.000164953424 0.0961182192 0 0.000121812685 0.173608795 0 5.01522954e-05 1.15975672e-05 0.000358112738 0.000496062916 0.00233169971 0.000734169211 0.0188608523 0.0177780315 0 0.00109477318 0.00978785381 0.00076645118 0 0.0231125187 4.84953598e-05 0.00258622295 0.0158644356 0.000274597289 0.00192089169 0 0 0.000790133723 4.51252527e-05 3.89239649e-05 0 0 4.19750251e-07 0 0.0308773443 0.00332074659 0.000946658722 6.76886111e-06 0 0.0388368182 0 0.000337004778 0.00111684157 0 0 0 3.86006177e-05 2.3412133e-06 0 0 0.000701238867 0 3.23964778e-05 0 0.0359628759 2.94819747e-05 5.10625205e-06 8.97350947e-06 0.0429269001 0 0 0.00362214982 0.0252039004 0 1 0 0 0 0 0 0 0 0.681818187 0.244650543 0.600295126 0.46188736 0.879264176 1 1
__smartatpg_bin_710_3 0.00253894716 0.000164953424 0.0961182192 0 0.000121812685 0.173608795 0 5.01522954e-05 1.15975672e-05 0.000358112738 0.000496062916 0.00233169971 0.000734169211 0.0188608523 0.0177780315 0 0.00109477318 0.00978785381 0.00076645118 0 0.0231125187 4.84953598e-05 0.00258622295 0.0158644356 0.000274597289 0.00192089169 0 0 0.000790133723 4.51252527e-05 3.89239649e-05 0 0 4.19750251e-07 0 0.0308773443 0.00332074659 0.000946658722 6.76886111e-06 0 0.0388368182 0 0.000337004778 0.00111684157 0 0 0 3.86006177e-05 2.3412133e-06 0 0 0.000701238867 0 3.23964778e-05 0 0.0359628759 2.94819747e-05 5.10625205e-06 8.97350947e-06 0.0429269001 0 0 0.00362214982 0.0252039004 0 1 0 0 0 0 0 0 0 0.522727251 0.244650543 0.461399913 0.655469835 0.851900935 1 1
__smartatpg_bin_711_1 0.00253894716 0.000164953424 0.0961182192 0 0.000121812685 0.173608795 0 5.01522954e-05 1.15975672e-05 0.000358112738 0.000496062916 0.00233169971 0.000734169211 0.0188608523 0.0177780315 0 0.00109477318 0.00978785381 0.00076645118 0 0.0231125187 4.84953598e-05 0.00258622295 0.0158644356 0.000274597289 0.00192089169 0 0 0.000790133723 4.51252527e-05 3.89239649e-05 0 0 4.19750251e-07 0 0.0308773443 0.00332074659 0.000946658722 6.76886111e-06 0 0.0388368182 0 0.000337004778 0.00111684157 0 0 0 3.86006177e-05 2.3412133e-06 0 0 0.000701238867 0 3.23964778e-05 0 0.0359628759 2.94819747e-05 5.10625205e-06 8.97350947e-06 0.0429269001 0 0 0.00362214982 0.0252039004 0 1 0 0 0 0 0 0 0 0.681818187 0.244650543 0.600295126 0.46188736 0.879264176 1 1
__smartatpg_bin_711_3 0.00253894716 0.000164953424 0.0961182192 0 0.000121812685 0.173608795 0 5.01522954e-05 1.15975672e-05 0.000358112738 0.000496062916 0.00233169971 0.000734169211 0.0188608523 0.0177780315 0 0.00109477318 0.00978785381 0.00076645118 0 0.0231125187 4.84953598e-05 0.00258622295 0.0158644356 0.000274597289 0.00192089169 0 0 0.000790133723 4.51252527e-05 3.89239649e-05 0 0 4.19750251e-07 0 0.0308773443 0.00332074659 0.000946658722 6.76886111e-06 0 0.0388368182 0 0.000337004778 0.00111684157 0 0 0 3.86006177e-05 2.3412133e-06 0 0 0.000701238867 0 3.23964778e-05 0 0.0359628759 2.94819747e-05 5.10625205e-06 8.97350947e-06 0.0429269001 0 0 0.00362214982 0.0252039004 0 1 0 0 0 0 0 0 0 0.522727251 0.244650543 0.461399913 0.655469835 0.851900935 1 1
__smartatpg_bin_712_1 0.00253894716 0.000164953424 0.0961182192 0 0.000121812685 0.173608795 0 5.01522954e-05 1.15975672e-05 0.000358112738 0.000496062916 0.00233169971 0.000734169211 0.0188608523 0.0177780315 0 0.00109477318 0.00978785381 0.00076645118 0 0.0231125187 4.84953598e-05 0.00258622295 0.0158644356 0.000274597289 0.00192089169 0 0 0.000790133723 4.51252527e-05 3.89239649e-05 0 0 4.19750251e-07 0 0.0308773443 0.00332074659 0.000946658722 6.76886111e-06 0 0.0388368182 0 0.000337004778 0.00111684157 0 0 0 3.86006177e-05 2.3412133e-06 0 0 0.000701238867 0 3.23964778e-05 0 0.0359628759 2.94819747e-05 5.10625205e-06 8.97350947e-06 0.0429269001 0 0 0.00362214982 0.0252039004 0 1 0 0 0 0 0 0 0 0.681818187 0.244650543 0.600295126 0.46188736 0.879264176 1 1
__smartatpg_bin_712_3 0.00253894716 0.000164953424 0.0961182192 0 0.000121812685 0.173608795 0 5.01522954e-05 1.15975672e-05 0.000358112738 0.000496062916 0.00233169971 0.000734169211 0.0188608523 0.0177780315 0 0.00109477318 0.00978785381 0.00076645118 0 0.0231125187 4.84953598e-05 0.00258622295 0.0158644356 0.000274597289 0.00192089169 0 0 0.000790133723 4.51252527e-05 3.89239649e-05 0 0 4.19750251e-07 0 0.0308773443 0.00332074659 0.000946658722 6.76886111e-06 0 0.0388368182 0 0.000337004778 0.00111684157 0 0 0 3.86006177e-05 2.3412133e-06 0 0 0.000701238867 0 3.23964778e-05 0 0.0359628759 2.94819747e-05 5.10625205e-06 8.97350947e-06 0.0429269001 0 0 0.00362214982 0.0252039004 0 1 0 0 0 0 0 0 0 0.522727251 0.244650543 0.461399913 0.655469835 0.851900935 1 1
__smartatpg_bin_713_1 0.00253894716 0.000164953424 0.0961182192 0 0.000121812685 0.173608795 0 5.01522954e-05 1.15975672e-05 0.000358112738 0.000496062916 0.00233169971 0.000734169211 0.0188608523 0.0177780315 0 0.00109477318 0.00978785381 0.00076645118 0 0.0231125187 4.84953598e-05 0.00258622295 0.0158644356 0.000274597289 0.00192089169 0 0 0.000790133723 4.51252527e-05 3.89239649e-05 0 0 4.19750251e-07 0 0.0308773443 0.00332074659 0.000946658722 6.76886111e-06 0 0.0388368182 0 0.000337004778 0.00111684157 0 0 0 3.86006177e-05 2.3412133e-06 0 0 0.000701238867 0 3.23964778e-05 0 0.0359628759 2.94819747e-05 5.10625205e-06 8.97350947e-06 0.0429269001 0 0 0.00362214982 0.0252039004 0 1 0 0 0 0 0 0 0 0.681818187 0.244650543 0.600295126 0.46188736 0.873410225 1 1
__smartatpg_bin_713_3 0.00253894716 0.000164953424 0.0961182192 0 0.000121812685 0.173608795 0 5.01522954e-05 1.15975672e-05 0.000358112738 0.000496062916 0.00233169971 0.000734169211 0.0188608523 0.0177780315 0 0.00109477318 0.00978785381 0.00076645118 0 0.0231125187 4.84953598e-05 0.00258622295 0.0158644356 0.000274597289 0.00192089169 0 0 0.000790133723 4.51252527e-05 3.89239649e-05 0 0 4.19750251e-07 0 0.0308773443 0.00332074659 0.000946658722 6.76886111e-06 0 0.0388368182 0 0.000337004778 0.00111684157 0 0 0 3.86006177e-05 2.3412133e-06 0 0 0.000701238867 0 3.23964778e-05 0 0.0359628759 2.94819747e-05 5.10625205e-06 8.97350947e-06 0.0429269001 0 0 0.00362214982 0.0252039004 0 1 0 0 0 0 0 0 0 0.522727251 0.244650543 0.461399913 0.655469835 0.845036685 1 1
__smartatpg_bin_714_1 0.00253894716 0.000164953424 0.0961182192 0 0.000121812685 0.173608795 0 5.01522954e-05 1.15975672e-05 0.000358112738 0.000496062916 0.00233169971 0.000734169211 0.0188608523 0.0177780315 0 0.00109477318 0.00978785381 0.00076645118 0 0.0231125187 4.84953598e-05 0.00258622295 0.0158644356 0.000274597289 0.00192089169 0 0 0.000790133723 4.51252527e-05 3.89239649e-05 0 0 4.19750251e-07 0 0.0308773443 0.00332074659 0.000946658722 6.76886111e-06 0 0.0388368182 0 0.000337004778 0.00111684157 0 0 0 3.86006177e-05 2.3412133e-06 0 0 0.000701238867 0 3.23964778e-05 0 0.0359628759 2.94819747e-05 5.10625205e-06 8.97350947e-06 0.0429269001 0 0 0.00362214982 0.0252039004 0 1 0 0 0 0 0 0 0 0.681818187 0.244650543 0.600295126 0.46188736 0.873410225 1 1
__smartatpg_bin_714_3 0.00253894716 0.000164953424 0.0961182192 0 0.000121812685 0.173608795 0 5.01522954e-05 1.15975672e-05 0.000358112738 0.000496062916 0.00233169971 0.000734169211 0.0188608523 0.0177780315 0 0.00109477318 0.00978785381 0.00076645118 0 0.0231125187 4.84953598e-05 0.00258622295 0.0158644356 0.000274597289 0.00192089169 0 0 0.000790133723 4.51252527e-05 3.89239649e-05 0 0 4.19750251e-07 0 0.0308773443 0.00332074659 0.000946658722 6.76886111e-06 0 0.0388368182 0 0.000337004778 0.00111684157 0 0 0 3.86006177e-05 2.3412133e-06 0 0 0.000701238867 0 3.23964778e-05 0 0.0359628759 2.94819747e-05 5.10625205e-06 8.97350947e-06 0.0429269001 0 0 0.00362214982 0.0252039004 0 1 0 0 0 0 0 0 0 0.522727251 0.244650543 0.461399913 0.655469835 0.845036685 1 1
__smartatpg_bin_715_1 0.00253894716 0.000164953424 0.0961182192 0 0.000121812685 0.173608795 0 5.01522954e-05 1.15975672e-05 0.000358112738 0.000496062916 0.00233169971 0.000734169211 0.0188608523 0.0177780315 0 0.00109477318 0.00978785381 0.00076645118 0 0.0231125187 4.84953598e-05 0.00258622295 0.0158644356 0.000274597289 0.00192089169 0 0 0.000790133723 4.51252527e-05 3.89239649e-05 0 0 4.19750251e-07 0 0.0308773443 0.00332074659 0.000946658722 6.76886111e-06 0 0.0388368182 0 0.000337004778 0.00111684157 0 0 0 3.86006177e-05 2.3412133e-06 0 0 0.000701238867 0 3.23964778e-05 0 0.0359628759 2.94819747e-05 5.10625205e-06 8.97350947e-06 0.0429269001 0 0 0.00362214982 0.0252039004 0 1 0 0 0 0 0 0 0 0.681818187 0.244650543 0.600295126 0.46188736 0.873410225 1 1
__smartatpg_bin_715_3 0.00253894716 0.000164953424 0.0961182192 0 0.000121812685 0.173608795 0 5.01522954e-05 1.15975672e-05 0.000358112738 0.000496062916 0.00233169971 0.000734169211 0.0188608523 0.0177780315 0 0.00109477318 0.00978785381 0.00076645118 0 0.0231125187 4.84953598e-05 0.00258622295 0.0158644356 0.000274597289 0.00192089169 0 0 0.000790133723 4.51252527e-05 3.89239649e-05 0 0 4.19750251e-07 0 0.0308773443 0.00332074659 0.000946658722 6.76886111e-06 0 0.0388368182 0 0.000337004778 0.00111684157 0 0 0 3.86006177e-05 2.3412133e-06 0 0 0.000701238867 0 3.23964778e-05 0 0.0359628759 2.94819747e-05 5.10625205e-06 8.97350947e-06 0.0429269001 0 0 0.00362214982 0.0252039004 0 1 0 0 0 0 0 0 0 0.522727251 0.244650543 0.461399913 0.655469835 0.845036685 1 1
__smartatpg_bin_716_1 0.00253894716 0.000164953424 0.0961182192 0 0.000121812685 0.173608795 0 5.01522954e-05 1.15975672e-05 0.000358112738 0.000496062916 0.00233169971 0.000734169211 0.0188608523 0.0177780315 0 0.00109477318 0.00978785381 0.00076645118 0 0.0231125187 4.84953598e-05 0.00258622295 0.0158644356 0.000274597289 0.00192089169 0 0 0.000790133723 4.51252527e-05 3.89239649e-05 0 0 4.19750251e-07 0 0.0308773443 0.00332074659 0.000946658722 6.76886111e-06 0 0.0388368182 0 0.000337004778 0.00111684157 0 0 0 3.86006177e-05 2.3412133e-06 0 0 0.000701238867 0 3.23964778e-05 0 0.0359628759 2.94819747e-05 5.10625205e-06 8.97350947e-06 0.0429269001 0 0 0.00362214982 0.0252039004 0 1 0 0 0 0 0 0 0 0.681818187 0.244650543 0.600295126 0.46188736 0.735892415 1 1
__smartatpg_bin_716_3 0.00253894716 0.000164953424 0.0961182192 0 0.000121812685 0.173608795 0 5.01522954e-05 1.15975672e-05 0.000358112738 0.000496062916 0.00233169971 0.000734169211 0.0188608523 0.0177780315 0 0.00109477318 0.00978785381 0.00076645118 0 0.0231125187 4.84953598e-05 0.00258622295 0.0158644356 0.000274597289 0.00192089169 0 0 0.000790133723 4.51252527e-05 3.89239649e-05 0 0 4.19750251e-07 0 0.0308773443 0.00332074659 0.000946658722 6.76886111e-06 0 0.0388368182 0 0.000337004778 0.00111684157 0 0 0 3.86006177e-05 2.3412133e-06 0 0 0.000701238867 0 3.23964778e-05 0 0.0359628759 2.94819747e-05 5.10625205e-06 8.97350947e-06 0.0429269001 0 0 0.00362214982 0.0252039004 0 1 0 0 0 0 0 0 0 0.522727251 0.244650543 0.461399913 0.655469835 0.666230381 1 1
__smartatpg_bin_717_1 0.00253894716 0.000164953424 0.0961182192 0 0.000121812685 0.173608795 0 5.01522954e-05 1.15975672e-05 0.000358112738 0.000496062916 0.00233169971 0.000734169211 0.0188608523 0.0177780315 0 0.00109477318 0.00978785381 0.00076645118 0 0.0231125187 4.84953598e-05 0.00258622295 0.0158644356 0.000274597289 0.00192089169 0 0 0.000790133723 4.51252527e-05 3.89239649e-05 0 0 4.19750251e-07 0 0.0308773443 0.00332074659 0.000946658722 6.76886111e-06 0 0.0388368182 0 0.000337004778 0.00111684157 0 0 0 3.86006177e-05 2.3412133e-06 0 0 0.000701238867 0 3.23964778e-05 0 0.0359628759 2.94819747e-05 5.10625205e-06 8.97350947e-06 0.0429269001 0 0 0.00362214982 0.0252039004 0 1 0 0 0 0 0 0 0 0.681818187 0.244650543 0.600295126 0.46188736 0.735892415 1 1
__smartatpg_bin_717_3 0.00253894716 0.000164953424 0.0961182192 0 0.000121812685 0.173608795 0 5.01522954e-05 1.15975672e-05 0.000358112738 0.000496062916 0.00233169971 0.000734169211 0.0188608523 0.0177780315 0 0.00109477318 0.00978785381 0.00076645118 0 0.0231125187 4.84953598e-05 0.00258622295 0.0158644356 0.000274597289 0.00192089169 0 0 0.000790133723 4.51252527e-05 3.89239649e-05 0 0 4.19750251e-07 0 0.0308773443 0.00332074659 0.000946658722 6.76886111e-06 0 0.0388368182 0 0.000337004778 0.00111684157 0 0 0 3.86006177e-05 2.3412133e-06 0 0 0.000701238867 0 3.23964778e-05 0 0.0359628759 2.94819747e-05 5.10625205e-06 8.97350947e-06 0.0429269001 0 0 0.00362214982 0.0252039004 0 1 0 0 0 0 0 0 0 0.522727251 0.244650543 0.461399913 0.655469835 0.666230381 1 1
__smartatpg_bin_718_1 0.00253894716 0.000164953424 0.0961182192 0 0.000121812685 0.173608795 0 5.01522954e-05 1.15975672e-05 0.000358112738 0.000496062916 0.00233169971 0.000734169211 0.0188608523 0.0177780315 0 0.00109477318 0.00978785381 0.00076645118 0 0.0231125187 4.84953598e-05 0.00258622295 0.0158644356 0.000274597289 0.00192089169 0 0 0.000790133723 4.51252527e-05 3.89239649e-05 0 0 4.19750251e-07 0 0.0308773443 0.00332074659 0.000946658722 6.76886111e-06 0 0.0388368182 0 0.000337004778 0.00111684157 0 0 0 3.86006177e-05 2.3412133e-06 0 0 0.000701238867 0 3.23964778e-05 0 0.0359628759 2.94819747e-05 5.10625205e-06 8.97350947e-06 0.0429269001 0 0 0.00362214982 0.0252039004 0 1 0 0 0 0 0 0 0 0.681818187 0.244650543 0.600295126 0.46188736 0.735892415 1 1
__smartatpg_bin_718_3 0.00253894716 0.000164953424 0.0961182192 0 0.000121812685 0.173608795 0 5.01522954e-05 1.15975672e-05 0.000358112738 0.000496062916 0.00233169971 0.000734169211 0.0188608523 0.0177780315 0 0.00109477318 0.00978785381 0.00076645118 0 0.0231125187 4.84953598e-05 0.00258622295 0.0158644356 0.000274597289 0.00192089169 0 0 0.000790133723 4.51252527e-05 3.89239649e-05 0 0 4.19750251e-07 0 0.0308773443 0.00332074659 0.000946658722 6.76886111e-06 0 0.0388368182 0 0.000337004778 0.00111684157 0 0 0 3.86006177e-05 2.3412133e-06 0 0 0.000701238867 0 3.23964778e-05 0 0.0359628759 2.94819747e-05 5.10625205e-06 8.97350947e-06 0.0429269001 0 0 0.00362214982 0.0252039004 0 1 0 0 0 0 0 0 0 0.522727251 0.244650543 0.461399913 0.655469835 0.666230381 1 1
__smartatpg_bin_719_1 0.00253894716 0.000164953424 0.0961182192 0 0.000121812685 0.173608795 0 5.01522954e-05 1.15975672e-05 0.000358112738 0.000496062916 0.00233169971 0.000734169211 0.0188608523 0.0177780315 0 0.00109477318 0.00978785381 0.00076645118 0 0.0231125187 4.84953598e-05 0.00258622295 0.0158644356 0.000274597289 0.00192089169 0 0 0.000790133723 4.51252527e-05 3.89239649e-05 0 0 4.19750251e-07 0 0.0308773443 0.00332074659 0.000946658722 6.76886111e-06 0 0.0388368182 0 0.000337004778 0.00111684157 0 0 0 3.86006177e-05 2.3412133e-06 0 0 0.000701238867 0 3.23964778e-05 0 0.0359628759 2.94819747e-05 5.10625205e-06 8.97350947e-06 0.0429269001 0 0 0.00362214982 0.0252039004 0 1 0 0 0 0 0 0 0 0.681818187 0.244650543 0.600295126 0.46188736 0.735892415 1 1
__smartatpg_bin_719_3 0.00253894716 0.000164953424 0.0961182192 0 0.000121812685 0.173608795 0 5.01522954e-05 1.15975672e-05 0.000358112738 0.000496062916 0.00233169971 0.000734169211 0.0188608523 0.0177780315 0 0.00109477318 0.00978785381 0.00076645118 0 0.0231125187 4.84953598e-05 0.00258622295 0.0158644356 0.000274597289 0.00192089169 0 0 0.000790133723 4.51252527e-05 3.89239649e-05 0 0 4.19750251e-07 0 0.0308773443 0.00332074659 0.000946658722 6.76886111e-06 0 0.0388368182 0 0.000337004778 0.00111684157 0 0 0 3.86006177e-05 2.3412133e-06 0 0 0.000701238867 0 3.23964778e-05 0 0.0359628759 2.94819747e-05 5.10625205e-06 8.97350947e-06 0.0429269001 0 0 0.00362214982 0.0252039004 0 1 0 0 0 0 0 0 0 0.522727251 0.244650543 0.461399913 0.655469835 0.666230381 1 1
__smartatpg_bin_720_1 0.00253894716 0.000164953424 0.0961182192 0 0.000121812685 0.173608795 0 5.01522954e-05 1.15975672e-05 0.000358112738 0.000496062916 0.00233169971 0.000734169211 0.0188608523 0.0177780315 0 0.00109477318 0.00978785381 0.00076645118 0 0.0231125187 4.84953598e-05 0.00258622295 0.0158644356 0.000274597289 0.00192089169 0 0 0.000790133723 4.51252527e-05 3.89239649e-05 0 0 4.19750251e-07 0 0.0308773443 0.00332074659 0.000946658722 6.76886111e-06 0 0.0388368182 0 0.000337004778 0.00111684157 0 0 0 3.86006177e-05 2.3412133e-06 0 0 0.000701238867 0 3.23964778e-05 0 0.0359628759 2.94819747e-05 5.10625205e-06 8.97350947e-06 0.0429269001 0 0 0.00362214982 0.0252039004 0 1 0 0 0 0 0 0 0 0.681818187 0.244650543 0.600295126 0.46188736 0.735892415 1 1
__smartatpg_bin_720_3 0.00253894716 0.000164953424 0.0961182192 0 0.000121812685 0.173608795 0 5.01522954e-05 1.15975672e-05 0.000358112738 0.000496062916 0.00233169971 0.000734169211 0.0188608523 0.0177780315 0 0.00109477318 0.00978785381 0.00076645118 0 0.0231125187 4.84953598e-05 0.00258622295 0.0158644356 0.000274597289 0.00192089169 0 0 0.000790133723 4.51252527e-05 3.89239649e-05 0 0 4.19750251e-07 0 0.0308773443 0.00332074659 0.000946658722 6.76886111e-06 0 0.0388368182 0 0.000337004778 0.00111684157 0 0 0 3.86006177e-05 2.3412133e-06 0 0 0.000701238867 0 3.23964778e-05 0 0.0359628759 2.94819747e-05 5.10625205e-06 8.97350947e-06 0.0429269001 0 0 0.00362214982 0.0252039004 0 1 0 0 0 0 0 0 0 0.522727251 0.244650543 0.461399913 0.655469835 0.666230381 1 1
__smartatpg_bin_721_1 0.00253894716 0.000164953424 0.0961182192 0 0.000121812685 0.173608795 0 5.01522954e-05 1.15975672e-05 0.000358112738 0.000496062916 0.00233169971 0.000734169211 0.0188608523 0.0177780315 0 0.00109477318 0.00978785381 0.00076645118 0 0.0231125187 4.84953598e-05 0.00258622295 0.0158644356 0.000274597289 0.00192089169 0 0 0.000790133723 4.51252527e-05 3.89239649e-05 0 0 4.19750251e-07 0 0.0308773443 0.00332074659 0.000946658722 6.76886111e-06 0 0.0388368182 0 0.000337004778 0.00111684157 0 0 0 3.86006177e-05 2.3412133e-06 0 0 0.000701238867 0 3.23964778e-05 0 0.0359628759 2.94819747e-05 5.10625205e-06 8.97350947e-06 0.0429269001 0 0 0.00362214982 0.0252039004 0 1 0 0 0 0 0 0 0 0.681818187 0.244650543 0.600295126 0.46188736 0.735892415 1 1
__smartatpg_bin_721_3 0.00253894716 0.000164953424 0.0961182192 0 0.000121812685 0.173608795 0 5.01522954e-05 1.15975672e-05 0.000358112738 0.000496062916 0.00233169971 0.000734169211 0.0188608523 0.0177780315 0 0.00109477318 0.00978785381 0.00076645118 0 0.0231125187 4.84953598e-05 0.00258622295 0.0158644356 0.000274597289 0.00192089169 0 0 0.000790133723 4.51252527e-05 3.89239649e-05 0 0 4.19750251e-07 0 0.0308773443 0.00332074659 0.000946658722 6.76886111e-06 0 0.0388368182 0 0.000337004778 0.00111684157 0 0 0 3.86006177e-05 2.3412133e-06 0 0 0.000701238867 0 3.23964778e-05 0 0.0359628759 2.94819747e-05 5.10625205e-06 8.97350947e-06 0.0429269001 0 0 0.00362214982 0.0252039004 0 1 0 0 0 0 0 0 0 0.522727251 0.244650543 0.461399913 0.655469835 0.666230381 1 1
__smartatpg_bin_722_1 0.00253894716 0.000164953424 0.0961182192 0 0.000121812685 0.173608795 0 5.01522954e-05 1.15975672e-05 0.000358112738 0.000496062916 0.00233169971 0.000734169211 0.0188608523 0.0177780315 0 0.00109477318 0.00978785381 0.00076645118 0 0.0231125187 4.84953598e-05 0.00258622295 0.0158644356 0.000274597289 0.00192089169 0 0 0.000790133723 4.51252527e-05 3.89239649e-05 0 0 4.19750251e-07 0 0.0308773443 0.00332074659 0.000946658722 6.76886111e-06 0 0.0388368182 0 0.000337004778 0.00111684157 0 0 0 3.86006177e-05 2.3412133e-06 0 0 0.000701238867 0 3.23964778e-05 0 0.0359628759 2.94819747e-05 5.10625205e-06 8.97350947e-06 0.0429269001 0 0 0.00362214982 0.0252039004 0 1 0 0 0 0 0 0 0 0.681818187 0.244650543 0.600295126 0.46188736 0.735892415 1 1
__smartatpg_bin_722_3 0.00253894716 0.000164953424 0.0961182192 0 0.000121812685 0.173608795 0 5.01522954e-05 1.15975672e-05 0.000358112738 0.000496062916 0.00233169971 0.000734169211 0.0188608523 0.0177780315 0 0.00109477318 0.00978785381 0.00076645118 0 0.0231125187 4.84953598e-05 0.00258622295 0.0158644356 0.000274597289 0.00192089169 0 0 0.000790133723 4.51252527e-05 3.89239649e-05 0 0 4.19750251e-07 0 0.0308773443 0.00332074659 0.000946658722 6.76886111e-06 0 0.0388368182 0 0.000337004778 0.00111684157 0 0 0 3.86006177e-05 2.3412133e-06 0 0 0.000701238867 0 3.23964778e-05 0 0.0359628759 2.94819747e-05 5.10625205e-06 8.97350947e-06 0.0429269001 0 0 0.00362214982 0.0252039004 0 1 0 0 0 0 0 0 0 0.522727251 0.244650543 0.461399913 0.655469835 0.666230381 1 1
__smartatpg_bin_723_1 0.00253894716 0.000164953424 0.0961182192 0 0.000121812685 0.173608795 0 5.01522954e-05 1.15975672e-05 0.000358112738 0.000496062916 0.00233169971 0.000734169211 0.0188608523 0.0177780315 0 0.00109477318 0.00978785381 0.00076645118 0 0.0231125187 4.84953598e-05 0.00258622295 0.0158644356 0.000274597289 0.00192089169 0 0 0.000790133723 4.51252527e-05 3.89239649e-05 0 0 4.19750251e-07 0 0.0308773443 0.00332074659 0.000946658722 6.76886111e-06 0 0.0388368182 0 0.000337004778 0.00111684157 0 0 0 3.86006177e-05 2.3412133e-06 0 0 0.000701238867 0 3.23964778e-05 0 0.0359628759 2.94819747e-05 5.10625205e-06 8.97350947e-06 0.0429269001 0 0 0.00362214982 0.0252039004 0 1 0 0 0 0 0 0 0 0.681818187 0.244650543 0.359038919 0.598315477 0.884928644 1 1
__smartatpg_bin_723_3 0.00253894716 0.000164953424 0.0961182192 0 0.000121812685 0.173608795 0 5.01522954e-05 1.15975672e-05 0.000358112738 0.000496062916 0.00233169971 0.000734169211 0.0188608523 0.0177780315 0 0.00109477318 0.00978785381 0.00076645118 0 0.0231125187 4.84953598e-05 0.00258622295 0.0158644356 0.000274597289 0.00192089169 0 0 0.000790133723 4.51252527e-05 3.89239649e-05 0 0 4.19750251e-07 0 0.0308773443 0.00332074659 0.000946658722 6.76886111e-06 0 0.0388368182 0 0.000337004778 0.00111684157 0 0 0 3.86006177e-05 2.3412133e-06 0 0 0.000701238867 0 3.23964778e-05 0 0.0359628759 2.94819747e-05 5.10625205e-06 8.97350947e-06 0.0429269001 0 0 0.00362214982 0.0252039004 0 1 0 0 0 0 0 0 0 0.522727251 0.244650543 0.461399913 0.655469835 0.874596775 1 1
__smartatpg_bin_724_1 0.00253894716 0.000164953424 0.0961182192 0 0.000121812685 0.173608795 0 5.01522954e-05 1.15975672e-05 0.000358112738 0.000496062916 0.00233169971 0.000734169211 0.0188608523 0.0177780315 0 0.00109477318 0.00978785381 0.00076645118 0 0.0231125187 4.84953598e-05 0.00258622295 0.0158644356 0.000274597289 0.00192089169 0 0 0.000790133723 4.51252527e-05 3.89239649e-05 0 0 4.19750251e-07 0 0.0308773443 0.00332074659 0.000946658722 6.76886111e-06 0 0.0388368182 0 0.000337004778 0.00111684157 0 0 0 3.86006177e-05 2.3412133e-06 0 0 0.000701238867 0 3.23964778e-05 0 0.0359628759 2.94819747e-05 5.10625205e-06 8.97350947e-06 0.0429269001 0 0 0.00362214982 0.0252039004 0 1 0 0 0 0 0 0 0 0.681818187 0.244650543 0.359038919 0.598315477 0.884928644 1 1
__smartatpg_bin_724_3 0.00253894716 0.000164953424 0.0961182192 0 0.000121812685 0.173608795 0 5.01522954e-05 1.15975672e-05 0.000358112738 0.000496062916 0.00233169971 0.000734169211 0.0188608523 0.0177780315 0 0.00109477318 0.00978785381 0.00076645118 0 0.0231125187 4.84953598e-05 0.00258622295 0.0158644356 0.000274597289 0.00192089169 0 0 0.000790133723 4.51252527e-05 3.89239649e-05 0 0 4.19750251e-07 0 0.0308773443 0.00332074659 0.000946658722 6.76886111e-06 0 0.0388368182 0 0.000337004778 0.00111684157 0 0 0 3.86006177e-05 2.3412133e-06 0 0 0.000701238867 0 3.23964778e-05 0 0.0359628759 2.94819747e-05 5.10625205e-06 8.97350947e-06 0.0429269001 0 0 0.00362214982 0.0252039004 0 1 0 0 0 0 0 0 0 0.522727251 0.244650543 0.461399913 0.655469835 0.874596775 1 1
__smartatpg_bin_725_1 0.00253894716 0.000164953424 0.0961182192 0 0.000121812685 0.173608795 0 5.01522954e-05 1.15975672e-05 0.000358112738 0.000496062916 0.00233169971 0.000734169211 0.0188608523 0.0177780315 0 0.00109477318 0.00978785381 0.00076645118 0 0.0231125187 4.84953598e-05 0.00258622295 0.0158644356 0.000274597289 0.00192089169 0 0 0.000790133723 4.51252527e-05 3.89239649e-05 0 0 4.19750251e-07 0 0.0308773443 0.00332074659 0.000946658722 6.76886111e-06 0 0.0388368182 0 0.000337004778 0.00111684157 0 0 0 3.86006177e-05 2.3412133e-06 0 0 0.000701238867 0 3.23964778e-05 0 0.0359628759 2.94819747e-05 5.10625205e-06 8.97350947e-06 0.0429269001 0 0 0.00362214982 0.0252039004 0 1 0 0 0 0 0 0 0 0.681818187 0.244650543 0.359038919 0.598315477 0.884928644 1 1
__smartatpg_bin_725_3 0.00253894716 0.000164953424 0.0961182192 0 0.000121812685 0.173608795 0 5.01522954e-05 1.15975672e-05 0.000358112738 0.000496062916 0.00233169971 0.000734169211 0.0188608523 0.0177780315 0 0.00109477318 0.00978785381 0.00076645118 0 0.0231125187 4.84953598e-05 0.00258622295 0.0158644356 0.000274597289 0.00192089169 0 0 0.000790133723 4.51252527e-05 3.89239649e-05 0 0 4.19750251e-07 0 0.0308773443 0.00332074659 0.000946658722 6.76886111e-06 0 0.0388368182 0 0.000337004778 0.00111684157 0 0 0 3.86006177e-05 2.3412133e-06 0 0 0.000701238867 0 3.23964778e-05 0 0.0359628759 2.94819747e-05 5.10625205e-06 8.97350947e-06 0.0429269001 0 0 0.00362214982 0.0252039004 0 1 0 0 0 0 0 0 0 0.522727251 0.244650543 0.461399913 0.655469835 0.874596775 1 1
__smartatpg_bin_726_1 0.00253894716 0.000164953424 0.0961182192 0 0.000121812685 0.173608795 0 5.01522954e-05 1.15975672e-05 0.000358112738 0.000496062916 0.00233169971 0.000734169211 0.0188608523 0.0177780315 0 0.00109477318 0.00978785381 0.00076645118 0 0.0231125187 4.84953598e-05 0.00258622295 0.0158644356 0.000274597289 0.00192089169 0 0 0.000790133723 4.51252527e-05 3.89239649e-05 0 0 4.19750251e-07 0 0.0308773443 0.00332074659 0.000946658722 6.76886111e-06 0 0.0388368182 0 0.000337004778 0.00111684157 0 0 0 3.86006177e-05 2.3412133e-06 0 0 0.000701238867 0 3.23964778e-05 0 0.0359628759 2.94819747e-05 5.10625205e-06 8.97350947e-06 0.0429269001 0 0 0.00362214982 0.0252039004 0 1 0 0 0 0 0 0 0 0.681818187 0.244650543 0.359038919 0.598315477 0.884928644 1 1
__smartatpg_bin_726_3 0.00253894716 0.000164953424 0.0961182192 0 0.000121812685 0.173608795 0 5.01522954e-05 1.15975672e-05 0.000358112738 0.000496062916 0.00233169971 0.000734169211 0.0188608523 0.0177780315 0 0.00109477318 0.00978785381 0.00076645118 0 0.0231125187 4.84953598e-05 0.00258622295 0.0158644356 0.000274597289 0.00192089169 0 0 0.000790133723 4.51252527e-05 3.89239649e-05 0 0 4.19750251e-07 0 0.0308773443 0.00332074659 0.000946658722 6.76886111e-06 0 0.0388368182 0 0.000337004778 0.00111684157 0 0 0 3.86006177e-05 2.3412133e-06 0 0 0.000701238867 0 3.23964778e-05 0 0.0359628759 2.94819747e-05 5.10625205e-06 8.97350947e-06 0.0429269001 0 0 0.00362214982 0.0252039004 0 1 0 0 0 0 0 0 0 0.522727251 0.244650543 0.461399913 0.655469835 0.874596775 1 1
__smartatpg_bin_727_1 0.00253894716 0.000164953424 0.0961182192 0 0.000121812685 0.173608795 0 5.01522954e-05 1.15975672e-05 0.000358112738 0.000496062916 0.00233169971 0.000734169211 0.0188608523 0.0177780315 0 0.00109477318 0.00978785381 0.00076645118 0 0.0231125187 4.84953598e-05 0.00258622295 0.0158644356 0.000274597289 0.00192089169 0 0 0.000790133723 4.51252527e-05 3.89239649e-05 0 0 4.19750251e-07 0 0.0308773443 0.00332074659 0.000946658722 6.76886111e-06 0 0.0388368182 0 0.000337004778 0.00111684157 0 0 0 3.86006177e-05 2.3412133e-06 0 0 0.000701238867 0 3.23964778e-05 0 0.0359628759 2.94819747e-05 5.10625205e-06 8.97350947e-06 0.0429269001 0 0 0.00362214982 0.0252039004 0 1 0 0 0 0 0 0 0 0.681818187 0.244650543 0.359038919 0.598315477 0.879264176 1 1
__smartatpg_bin_727_3 0.00253894716 0.000164953424 0.0961182192 0 0.000121812685 0.173608795 0 5.01522954e-05 1.15975672e-05 0.000358112738 0.000496062916 0.00233169971 0.000734169211 0.0188608523 0.0177780315 0 0.00109477318 0.00978785381 0.00076645118 0 0.0231125187 4.84953598e-05 0.00258622295 0.0158644356 0.000274597289 0.00192089169 0 0 0.000790133723 4.51252527e-05 3.89239649e-05 0 0 4.19750251e-07 0 0.0308773443 0.00332074659 0.000946658722 6.76886111e-06 0 0.0388368182 0 0.000337004778 0.00111684157 0 0 0 3.86006177e-05 2.3412133e-06 0 0 0.000701238867 0 3.23964778e-05 0 0.0359628759 2.94819747e-05 5.10625205e-06 8.97350947e-06 0.0429269001 0 0 0.00362214982 0.0252039004 0 1 0 0 0 0 0 0 0 0.522727251 0.244650543 0.461399913 0.655469835 0.868581831 1 1
__smartatpg_bin_728_1 0.00253894716 0.000164953424 0.0961182192 0 0.000121812685 0.173608795 0 5.01522954e-05 1.15975672e-05 0.000358112738 0.000496062916 0.00233169971 0.000734169211 0.0188608523 0.0177780315 0 0.00109477318 0.00978785381 0.00076645118 0 0.0231125187 4.84953598e-05 0.00258622295 0.0158644356 0.000274597289 0.00192089169 0 0 0.000790133723 4.51252527e-05 3.89239649e-05 0 0 4.19750251e-07 0 0.0308773443 0.00332074659 0.000946658722 6.76886111e-06 0 0.0388368182 0 0.000337004778 0.00111684157 0 0 0 3.86006177e-05 2.3412133e-06 0 0 0.000701238867 0 3.23964778e-05 0 0.0359628759 2.94819747e-05 5.10625205e-06 8.97350947e-06 0.0429269001 0 0 0.00362214982 0.0252039004 0 1 0 0 0 0 0 0 0 0.681818187 0.244650543 0.359038919 0.598315477 0.879264176 1 1
__smartatpg_bin_728_3 0.00253894716 0.000164953424 0.0961182192 0 0.000121812685 0.173608795 0 5.01522954e-05 1.15975672e-05 0.000358112738 0.000496062916 0.00233169971 0.000734169211 0.0188608523 0.0177780315 0 0.00109477318 0.00978785381 0.00076645118 0 0.0231125187 4.84953598e-05 0.00258622295 0.0158644356 0.000274597289 0.00192089169 0 0 0.000790133723 4.51252527e-05 3.89239649e-05 0 0 4.19750251e-07 0 0.0308773443 0.00332074659 0.000946658722 6.76886111e-06 0 0.0388368182 0 0.000337004778 0.00111684157 0 0 0 3.86006177e-05 2.3412133e-06 0 0 0.000701238867 0 3.23964778e-05 0 0.0359628759 2.94819747e-05 5.10625205e-06 8.97350947e-06 0.0429269001 0 0 0.00362214982 0.0252039004 0 1 0 0 0 0 0 0 0 0.522727251 0.244650543 0.461399913 0.655469835 0.868581831 1 1
__smartatpg_bin_729_1 0.00253894716 0.000164953424 0.0961182192 0 0.000121812685 0.173608795 0 5.01522954e-05 1.15975672e-05 0.000358112738 0.000496062916 0.00233169971 0.000734169211 0.0188608523 0.0177780315 0 0.00109477318 0.00978785381 0.00076645118 0 0.0231125187 4.84953598e-05 0.00258622295 0.0158644356 0.000274597289 0.00192089169 0 0 0.000790133723 4.51252527e-05 3.89239649e-05 0 0 4.19750251e-07 0 0.0308773443 0.00332074659 0.000946658722 6.76886111e-06 0 0.0388368182 0 0.000337004778 0.00111684157 0 0 0 3.86006177e-05 2.3412133e-06 0 0 0.000701238867 0 3.23964778e-05 0 0.0359628759 2.94819747e-05 5.10625205e-06 8.97350947e-06 0.0429269001 0 0 0.00362214982 0.0252039004 0 1 0 0 0 0 0 0 0 0.681818187 0.244650543 0.359038919 0.598315477 0.879264176 1 1
__smartatpg_bin_729_3 0.00253894716 0.000164953424 0.0961182192 0 0.000121812685 0.173608795 0 5.01522954e-05 1.15975672e-05 0.000358112738 0.000496062916 0.00233169971 0.000734169211 0.0188608523 0.0177780315 0 0.00109477318 0.00978785381 0.00076645118 0 0.0231125187 4.84953598e-05 0.00258622295 0.0158644356 0.000274597289 0.00192089169 0 0 0.000790133723 4.51252527e-05 3.89239649e-05 0 0 4.19750251e-07 0 0.0308773443 0.00332074659 0.000946658722 6.76886111e-06 0 0.0388368182 0 0.000337004778 0.00111684157 0 0 0 3.86006177e-05 2.3412133e-06 0 0 0.000701238867 0 3.23964778e-05 0 0.0359628759 2.94819747e-05 5.10625205e-06 8.97350947e-06 0.0429269001 0 0 0.00362214982 0.0252039004 0 1 0 0 0 0 0 0 0 0.522727251 0.244650543 0.461399913 0.655469835 0.868581831 1 1
__smartatpg_bin_730_1 0.00253894716 0.000164953424 0.0961182192 0 0.000121812685 0.173608795 0 5.01522954e-05 1.15975672e-05 0.000358112738 0.000496062916 0.00233169971 0.000734169211 0.0188608523 0.0177780315 0 0.00109477318 0.00978785381 0.00076645118 0 0.0231125187 4.84953598e-05 0.00258622295 0.0158644356 0.000274597289 0.00192089169 0 0 0.000790133723 4.51252527e-05 3.89239649e-05 0 0 4.19750251e-07 0 0.0308773443 0.00332074659 0.000946658722 6.76886111e-06 0 0.0388368182 0 0.000337004778 0.00111684157 0 0 0 3.86006177e-05 2.3412133e-06 0 0 0.000701238867 0 3.23964778e-05 0 0.0359628759 2.94819747e-05 5.10625205e-06 8.97350947e-06 0.0429269001 0 0 0.00362214982 0.0252039004 0 1 0 0 0 0 0 0 0 0.681818187 0.244650543 0.359038919 0.598315477 0.879264176 1 1
__smartatpg_bin_730_3 0.00253894716 0.000164953424 0.0961182192 0 0.000121812685 0.173608795 0 5.01522954e-05 1.15975672e-05 0.000358112738 0.000496062916 0.00233169971 0.000734169211 0.0188608523 0.0177780315 0 0.00109477318 0.00978785381 0.00076645118 0 0.0231125187 4.84953598e-05 0.00258622295 0.0158644356 0.000274597289 0.00192089169 0 0 0.000790133723 4.51252527e-05 3.89239649e-05 0 0 4.19750251e-07 0 0.0308773443 0.00332074659 0.000946658722 6.76886111e-06 0 0.0388368182 0 0.000337004778 0.00111684157 0 0 0 3.86006177e-05 2.3412133e-06 0 0 0.000701238867 0 3.23964778e-05 0 0.0359628759 2.94819747e-05 5.10625205e-06 8.97350947e-06 0.0429269001 0 0 0.00362214982 0.0252039004 0 1 0 0 0 0 0 0 0 0.522727251 0.244650543 0.461399913 0.655469835 0.868581831 1 1
__smartatpg_bin_731_1 0.00253894716 0.000164953424 0.0961182192 0 0.000121812685 0.173608795 0 5.01522954e-05 1.15975672e-05 0.000358112738 0.000496062916 0.00233169971 0.000734169211 0.0188608523 0.0177780315 0 0.00109477318 0.00978785381 0.00076645118 0 0.0231125187 4.84953598e-05 0.00258622295 0.0158644356 0.000274597289 0.00192089169 0 0 0.000790133723 4.51252527e-05 3.89239649e-05 0 0 4.19750251e-07 0 0.0308773443 0.00332074659 0.000946658722 6.76886111e-06 0 0.0388368182 0 0.000337004778 0.00111684157 0 0 0 3.86006177e-05 2.3412133e-06 0 0 0.000701238867 0 3.23964778e-05 0 0.0359628759 2.94819747e-05 5.10625205e-06 8.97350947e-06 0.0429269001 0 0 0.00362214982 0.0252039004 0 1 0 0 0 0 0 0 0 0.681818187 0.244650543 0.359038919 0.598315477 0.879264176 1 1
__smartatpg_bin_731_3 0.00253894716 0.000164953424 0.0961182192 0 0.000121812685 0.173608795 0 5.01522954e-05 1.15975672e-05 0.000358112738 0.000496062916 0.00233169971 0.000734169211 0.0188608523 0.0177780315 0 0.00109477318 0.00978785381 0.00076645118 0 0.0231125187 4.84953598e-05 0.00258622295 0.0158644356 0.000274597289 0.00192089169 0 0 0.000790133723 4.51252527e-05 3.89239649e-05 0 0 4.19750251e-07 0 0.0308773443 0.00332074659 0.000946658722 6.76886111e-06 0 0.0388368182 0 0.000337004778 0.00111684157 0 0 0 3.86006177e-05 2.3412133e-06 0 0 0.000701238867 0 3.23964778e-05 0 0.0359628759 2.94819747e-05 5.10625205e-06 8.97350947e-06 0.0429269001 0 0 0.00362214982 0.0252039004 0 1 0 0 0 0 0 0 0 0.522727251 0.244650543 0.461399913 0.655469835 0.868581831 1 1
__smartatpg_bin_732_1 0.00253894716 0.000164953424 0.0961182192 0 0.000121812685 0.173608795 0 5.01522954e-05 1.15975672e-05 0.000358112738 0.000496062916 0.00233169971 0.000734169211 0.0188608523 0.0177780315 0 0.00109477318 0.00978785381 0.00076645118 0 0.0231125187 4.84953598e-05 0.00258622295 0.0158644356 0.000274597289 0.00192089169 0 0 0.000790133723 4.51252527e-05 3.89239649e-05 0 0 4.19750251e-07 0 0.0308773443 0.00332074659 0.000946658722 6.76886111e-06 0 0.0388368182 0 0.000337004778 0.00111684157 0 0 0 3.86006177e-05 2.3412133e-06 0 0 0.000701238867 0 3.23964778e-05 0 0.0359628759 2.94819747e-05 5.10625205e-06 8.97350947e-06 0.0429269001 0 0 0.00362214982 0.0252039004 0 1 0 0 0 0 0 0 0 0.681818187 0.244650543 0.359038919 0.598315477 0.981110275 1 1
__smartatpg_bin_732_3 0.00253894716 0.000164953424 0.0961182192 0 0.000121812685 0.173608795 0 5.01522954e-05 1.15975672e-05 0.000358112738 0.000496062916 0.00233169971 0.000734169211 0.0188608523 0.0177780315 0 0.00109477318 0.00978785381 0.00076645118 0 0.0231125187 4.84953598e-05 0.00258622295 0.0158644356 0.000274597289 0.00192089169 0 0 0.000790133723 4.51252527e-05 3.89239649e-05 0 0 4.19750251e-07 0 0.0308773443 0.00332074659 0.000946658722 6.76886111e-06 0 0.0388368182 0 0.000337004778 0.00111684157 0 0 0 3.86006177e-05 2.3412133e-06 0 0 0.000701238867 0 3.23964778e-05 0 0.0359628759 2.94819747e-05 5.10625205e-06 8.97350947e-06 0.0429269001 0 0 0.00362214982 0.0252039004 0 1 0 0 0 0 0 0 0 0.522727251 0.244650543 0.322504699 0.649920881 0.97588551 1 1
__smartatpg_bin_733_1 0.00253894716 0.000164953424 0.0961182192 0 0.000121812685 0.173608795 0 5.01522954e-05 1.15975672e-05 0.000358112738 0.000496062916 0.00233169971 0.000734169211 0.0188608523 0.0177780315 0 0.00109477318 0.00978785381 0.00076645118 0 0.0231125187 4.84953598e-05 0.00258622295 0.0158644356 0.000274597289 0.00192089169 0 0 0.000790133723 4.51252527e-05 3.89239649e-05 0 0 4.19750251e-07 0 0.0308773443 0.00332074659 0.000946658722 6.76886111e-06 0 0.0388368182 0 0.000337004778 0.00111684157 0 0 0 3.86006177e-05 2.3412133e-06 0 0 0.000701238867 0 3.23964778e-05 0 0.0359628759 2.94819747e-05 5.10625205e-06 8.97350947e-06 0.0429269001 0 0 0.00362214982 0.0252039004 0 1 0 0 0 0 0 0 0 0.681818187 0.244650543 0.359038919 0.598315477 0.981110275 1 1
__smartatpg_bin_733_3 0.00253894716 0.000164953424 0.0961182192 0 0.000121812685 0.173608795 0 5.01522954e-05 1.15975672e-05 0.000358112738 0.000496062916 0.00233169971 0.000734169211 0.0188608523 0.0177780315 0 0.00109477318 0.00978785381 0.00076645118 0 0.0231125187 4.84953598e-05 0.00258622295 0.0158644356 0.000274597289 0.00192089169 0 0 0.000790133723 4.51252527e-05 3.89239649e-05 0 0 4.19750251e-07 0 0.0308773443 0.00332074659 0.000946658722 6.76886111e-06 0 0.0388368182 0 0.000337004778 0.00111684157 0 0 0 3.86006177e-05 2.3412133e-06 0 0 0.000701238867 0 3.23964778e-05 0 0.0359628759 2.94819747e-05 5.10625205e-06 8.97350947e-06 0.0429269001 0 0 0.00362214982 0.0252039004 0 1 0 0 0 0 0 0 0 0.522727251 0.244650543 0.322504699 0.649920881 0.97588551 1 1
__smartatpg_bin_734_1 0.00253894716 0.000164953424 0.0961182192 0 0.000121812685 0.173608795 0 5.01522954e-05 1.15975672e-05 0.000358112738 0.000496062916 0.00233169971 0.000734169211 0.0188608523 0.0177780315 0 0.00109477318 0.00978785381 0.00076645118 0 0.0231125187 4.84953598e-05 0.00258622295 0.0158644356 0.000274597289 0.00192089169 0 0 0.000790133723 4.51252527e-05 3.89239649e-05 0 0 4.19750251e-07 0 0.0308773443 0.00332074659 0.000946658722 6.76886111e-06 0 0.0388368182 0 0.000337004778 0.00111684157 0 0 0 3.86006177e-05 2.3412133e-06 0 0 0.000701238867 0 3.23964778e-05 0 0.0359628759 2.94819747e-05 5.10625205e-06 8.97350947e-06 0.0429269001 0 0 0.00362214982 0.0252039004 0 1 0 0 0 0 0 0 0 0.681818187 0.244650543 0.359038919 0.676144183 0.981110275 1 1
__smartatpg_bin_734_3 0.00253894716 0.000164953424 0.0961182192 0 0.000121812685 0.173608795 0 5.01522954e-05 1.15975672e-05 0.000358112738 0.000496062916 0.00233169971 0.000734169211 0.0188608523 0.0177780315 0 0.00109477318 0.00978785381 0.00076645118 0 0.0231125187 4.84953598e-05 0.00258622295 0.0158644356 0.000274597289 0.00192089169 0 0 0.000790133723 4.51252527e-05 3.89239649e-05 0 0 4.19750251e-07 0 0.0308773443 0.00332074659 0.000946658722 6.76886111e-06 0 0.0388368182 0 0.000337004778 0.00111684157 0 0 0 3.86006177e-05 2.3412133e-06 0 0 0.000701238867 0 3.23964778e-05 0 0.0359628759 2.94819747e-05 5.10625205e-06 8.97350947e-06 0.0429269001 0 0 0.00362214982 0.0252039004 0 1 0 0 0 0 0 0 0 0.522727251 0.244650543 0.322504699 0.649920881 0.984298289 1 1
__smartatpg_bin_735_1 0.00253894716 0.000164953424 0.0961182192 0 0.000121812685 0.173608795 0 5.01522954e-05 1.15975672e-05 0.000358112738 0.000496062916 0.00233169971 0.000734169211 0.0188608523 0.0177780315 0 0.00109477318 0.00978785381 0.00076645118 0 0.0231125187 4.84953598e-05 0.00258622295 0.0158644356 0.000274597289 0.00192089169 0 0 0.000790133723 4.51252527e-05 3.89239649e-05 0 0 4.19750251e-07 0 0.0308773443 0.00332074659 0.000946658722 6.76886111e-06 0 0.0388368182 0 0.000337004778 0.00111684157 0 0 0 3.86006177e-05 2.3412133e-06 0 0 0.000701238867 0 3.23964778e-05 0 0.0359628759 2.94819747e-05 5.10625205e-06 8.97350947e-06 0.0429269001 0 0 0.00362214982 0.0252039004 0 1 0 0 0 0 0 0 0 0.681818187 0.244650543 0.359038919 0.676144183 0.981110275 1 1
__smartatpg_bin_735_3 0.00253894716 0.000164953424 0.0961182192 0 0.000121812685 0.173608795 0 5.01522954e-05 1.15975672e-05 0.000358112738 0.000496062916 0.00233169971 0.000734169211 0.0188608523 0.0177780315 0 0.00109477318 0.00978785381 0.00076645118 0 0.0231125187 4.84953598e-05 0.00258622295 0.0158644356 0.000274597289 0.00192089169 0 0 0.000790133723 4.51252527e-05 3.89239649e-05 0 0 4.19750251e-07 0 0.0308773443 0.00332074659 0.000946658722 6.76886111e-06 0 0.0388368182 0 0.000337004778 0.00111684157 0 0 0 3.86006177e-05 2.3412133e-06 0 0 0.000701238867 0 3.23964778e-05 0 0.0359628759 2.94819747e-05 5.10625205e-06 8.97350947e-06 0.0429269001 0 0 0.00362214982 0.0252039004 0 1 0 0 0 0 0 0 0 0.522727251 0.244650543 0.322504699 0.649920881 0.984298289 1 1
__smartatpg_bin_736_1 0.00253894716 0.000164953424 0.0961182192 0 0.000121812685 0.173608795 0 5.01522954e-05 1.15975672e-05 0.000358112738 0.000496062916 0.00233169971 0.000734169211 0.0188608523 0.0177780315 0 0.00109477318 0.00978785381 0.00076645118 0 0.0231125187 4.84953598e-05 0.00258622295 0.0158644356 0.000274597289 0.00192089169 0 0 0.000790133723 4.51252527e-05 3.89239649e-05 0 0 4.19750251e-07 0 0.0308773443 0.00332074659 0.000946658722 6.76886111e-06 0 0.0388368182 0 0.000337004778 0.00111684157 0 0 0 3.86006177e-05 2.3412133e-06 0 0 0.000701238867 0 3.23964778e-05 0 0.0359628759 2.94819747e-05 5.10625205e-06 8.97350947e-06 0.0429269001 0 0 0.00362214982 0.0252039004 0 1 0 0 0 0 0 0 0 0.681818187 0.244650543 0.359038919 0.676144183 0.981110275 1 1
__smartatpg_bin_736_3 0.00253894716 0.000164953424 0.0961182192 0 0.000121812685 0.173608795 0 5.01522954e-05 1.15975672e-05 0.000358112738 0.000496062916 0.00233169971 0.000734169211 0.0188608523 0.0177780315 0 0.00109477318 0.00978785381 0.00076645118 0 0.0231125187 4.84953598e-05 0.00258622295 0.0158644356 0.000274597289 0.00192089169 0 0 0.000790133723 4.51252527e-05 3.89239649e-05 0 0 4.19750251e-07 0 0.0308773443 0.00332074659 0.000946658722 6.76886111e-06 0 0.0388368182 0 0.000337004778 0.00111684157 0 0 0 3.86006177e-05 2.3412133e-06 0 0 0.000701238867 0 3.23964778e-05 0 0.0359628759 2.94819747e-05 5.10625205e-06 8.97350947e-06 0.0429269001 0 0 0.00362214982 0.0252039004 0 1 0 0 0 0 0 0 0 0.522727251 0.244650543 0.322504699 0.649920881 0.984298289 1 1
__smartatpg_bin_737_1 0.00253894716 0.000164953424 0.0961182192 0 0.000121812685 0.173608795 0 5.01522954e-05 1.15975672e-05 0.000358112738 0.000496062916 0.00233169971 0.000734169211 0.0188608523 0.0177780315 0 0.00109477318 0.00978785381 0.00076645118 0 0.0231125187 4.84953598e-05 0.00258622295 0.0158644356 0.000274597289 0.00192089169 0 0 0.000790133723 4.51252527e-05 3.89239649e-05 0 0 4.19750251e-07 0 0.0308773443 0.00332074659 0.000946658722 6.76886111e-06 0 0.0388368182 0 0.000337004778 0.00111684157 0 0 0 3.86006177e-05 2.3412133e-06 0 0 0.000701238867 0 3.23964778e-05 0 0.0359628759 2.94819747e-05 5.10625205e-06 8.97350947e-06 0.0429269001 0 0 0.00362214982 0.0252039004 0 1 0 0 0 0 0 0 0 0.681818187 0.244650543 0.359038919 0.676144183 0.981110275 1 1
__smartatpg_bin_737_3 0.00253894716 0.000164953424 0.0961182192 0 0.000121812685 0.173608795 0 5.01522954e-05 1.15975672e-05 0.000358112738 0.000496062916 0.00233169971 0.000734169211 0.0188608523 0.0177780315 0 0.00109477318 0.00978785381 0.00076645118 0 0.0231125187 4.84953598e-05 0.00258622295 0.0158644356 0.000274597289 0.00192089169 0 0 0.000790133723 4.51252527e-05 3.89239649e-05 0 0 4.19750251e-07 0 0.0308773443 0.00332074659 0.000946658722 6.76886111e-06 0 0.0388368182 0 0.000337004778 0.00111684157 0 0 0 3.86006177e-05 2.3412133e-06 0 0 0.000701238867 0 3.23964778e-05 0 0.0359628759 2.94819747e-05 5.10625205e-06 8.97350947e-06 0.0429269001 0 0 0.00362214982 0.0252039004 0 1 0 0 0 0 0 0 0 0.522727251 0.244650543 0.322504699 0.649920881 0.984298289 1 1
__smartatpg_bin_738_1 0.00253894716 0.000164953424 0.0961182192 0 0.000121812685 0.173608795 0 5.01522954e-05 1.15975672e-05 0.000358112738 0.000496062916 0.00233169971 0.000734169211 0.0188608523 0.0177780315 0 0.00109477318 0.00978785381 0.00076645118 0 0.0231125187 4.84953598e-05 0.00258622295 0.0158644356 0.000274597289 0.00192089169 0 0 0.000790133723 4.51252527e-05 3.89239649e-05 0 0 4.19750251e-07 0 0.0308773443 0.00332074659 0.000946658722 6.76886111e-06 0 0.0388368182 0 0.000337004778 0.00111684157 0 0 0 3.86006177e-05 2.3412133e-06 0 0 0.000701238867 0 3.23964778e-05 0 0.0359628759 2.94819747e-05 5.10625205e-06 8.97350947e-06 0.0429269001 0 0 0.00362214982 0.0252039004 0 1 0 0 0 0 0 0 0 0.681818187 0.244650543 0.359038919 0.676144183 0.981110275 1 1
__smartatpg_bin_738_3 0.00253894716 0.000164953424 0.0961182192 0 0.000121812685 0.173608795 0 5.01522954e-05 1.15975672e-05 0.000358112738 0.000496062916 0.00233169971 0.000734169211 0.0188608523 0.0177780315 0 0.00109477318 0.00978785381 0.00076645118 0 0.0231125187 4.84953598e-05 0.00258622295 0.0158644356 0.000274597289 0.00192089169 0 0 0.000790133723 4.51252527e-05 3.89239649e-05 0 0 4.19750251e-07 0 0.0308773443 0.00332074659 0.000946658722 6.76886111e-06 0 0.0388368182 0 0.000337004778 0.00111684157 0 0 0 3.86006177e-05 2.3412133e-06 0 0 0.000701238867 0 3.23964778e-05 0 0.0359628759 2.94819747e-05 5.10625205e-06 8.97350947e-06 0.0429269001 0 0 0.00362214982 0.0252039004 0 1 0 0 0 0 0 0 0 0.522727251 0.244650543 0.322504699 0.649920881 0.984298289 1 1
__smartatpg_bin_739_1 0.00253894716 0.000164953424 0.0961182192 0 0.000121812685 0.173608795 0 5.01522954e-05 1.15975672e-05 0.000358112738 0.000496062916 0.00233169971 0.000734169211 0.0188608523 0.0177780315 0 0.00109477318 0.00978785381 0.00076645118 0 0.0231125187 4.84953598e-05 0.00258622295 0.0158644356 0.000274597289 0.00192089169 0 0 0.000790133723 4.51252527e-05 3.89239649e-05 0 0 4.19750251e-07 0 0.0308773443 0.00332074659 0.000946658722 6.76886111e-06 0 0.0388368182 0 0.000337004778 0.00111684157 0 0 0 3.86006177e-05 2.3412133e-06 0 0 0.000701238867 0 3.23964778e-05 0 0.0359628759 2.94819747e-05 5.10625205e-06 8.97350947e-06 0.0429269001 0 0 0.00362214982 0.0252039004 0 1 0 0 0 0 0 0 0 0.681818187 0.244650543 0.359038919 0.676144183 0.981110275 1 1
__smartatpg_bin_739_3 0.00253894716 0.000164953424 0.0961182192 0 0.000121812685 0.173608795 0 5.01522954e-05 1.15975672e-05 0.000358112738 0.000496062916 0.00233169971 0.000734169211 0.0188608523 0.0177780315 0 0.00109477318 0.00978785381 0.00076645118 0 0.0231125187 4.84953598e-05 0.00258622295 0.0158644356 0.000274597289 0.00192089169 0 0 0.000790133723 4.51252527e-05 3.89239649e-05 0 0 4.19750251e-07 0 0.0308773443 0.00332074659 0.000946658722 6.76886111e-06 0 0.0388368182 0 0.000337004778 0.00111684157 0 0 0 3.86006177e-05 2.3412133e-06 0 0 0.000701238867 0 3.23964778e-05 0 0.0359628759 2.94819747e-05 5.10625205e-06 8.97350947e-06 0.0429269001 0 0 0.00362214982 0.0252039004 0 1 0 0 0 0 0 0 0 0.522727251 0.244650543 0.322504699 0.649920881 0.984298289 1 1
__smartatpg_bin_740_1 0.00253894716 0.000164953424 0.0961182192 0 0.000121812685 0.173608795 0 5.01522954e-05 1.15975672e-05 0.000358112738 0.000496062916 0.00233169971 0.000734169211 0.0188608523 0.0177780315 0 0.00109477318 0.00978785381 0.00076645118 0 0.0231125187 4.84953598e-05 0.00258622295 0.0158644356 0.000274597289 0.00192089169 0 0 0.000790133723 4.51252527e-05 3.89239649e-05 0 0 4.19750251e-07 0 0.0308773443 0.00332074659 0.000946658722 6.76886111e-06 0 0.0388368182 0 0.000337004778 0.00111684157 0 0 0 3.86006177e-05 2.3412133e-06 0 0 0.000701238867 0 3.23964778e-05 0 0.0359628759 2.94819747e-05 5.10625205e-06 8.97350947e-06 0.0429269001 0 0 0.00362214982 0.0252039004 0 1 0 0 0 0 0 0 0 0.681818187 0.244650543 0.359038919 0.598315477 0.735892415 1 1
__smartatpg_bin_740_3 0.00253894716 0.000164953424 0.0961182192 0 0.000121812685 0.173608795 0 5.01522954e-05 1.15975672e-05 0.000358112738 0.000496062916 0.00233169971 0.000734169211 0.0188608523 0.0177780315 0 0.00109477318 0.00978785381 0.00076645118 0 0.0231125187 4.84953598e-05 0.00258622295 0.0158644356 0.000274597289 0.00192089169 0 0 0.000790133723 4.51252527e-05 3.89239649e-05 0 0 4.19750251e-07 0 0.0308773443 0.00332074659 0.000946658722 6.76886111e-06 0 0.0388368182 0 0.000337004778 0.00111684157 0 0 0 3.86006177e-05 2.3412133e-06 0 0 0.000701238867 0 3.23964778e-05 0 0.0359628759 2.94819747e-05 5.10625205e-06 8.97350947e-06 0.0429269001 0 0 0.00362214982 0.0252039004 0 1 0 0 0 0 0 0 0 0.522727251 0.244650543 0.461399913 0.655469835 0.710646272 1 1
__smartatpg_bin_741_1 0.00253894716 0.000164953424 0.0961182192 0 0.000121812685 0.173608795 0 5.01522954e-05 1.15975672e-05 0.000358112738 0.000496062916 0.00233169971 0.000734169211 0.0188608523 0.0177780315 0 0.00109477318 0.00978785381 0.00076645118 0 0.0231125187 4.84953598e-05 0.00258622295 0.0158644356 0.000274597289 0.00192089169 0 0 0.000790133723 4.51252527e-05 3.89239649e-05 0 0 4.19750251e-07 0 0.0308773443 0.00332074659 0.000946658722 6.76886111e-06 0 0.0388368182 0 0.000337004778 0.00111684157 0 0 0 3.86006177e-05 2.3412133e-06 0 0 0.000701238867 0 3.23964778e-05 0 0.0359628759 2.94819747e-05 5.10625205e-06 8.97350947e-06 0.0429269001 0 0 0.00362214982 0.0252039004 0 1 0 0 0 0 0 0 0 0.681818187 0.244650543 0.359038919 0.598315477 0.735892415 1 1
__smartatpg_bin_741_3 0.00253894716 0.000164953424 0.0961182192 0 0.000121812685 0.173608795 0 5.01522954e-05 1.15975672e-05 0.000358112738 0.000496062916 0.00233169971 0.000734169211 0.0188608523 0.0177780315 0 0.00109477318 0.00978785381 0.00076645118 0 0.0231125187 4.84953598e-05 0.00258622295 0.0158644356 0.000274597289 0.00192089169 0 0 0.000790133723 4.51252527e-05 3.89239649e-05 0 0 4.19750251e-07 0 0.0308773443 0.00332074659 0.000946658722 6.76886111e-06 0 0.0388368182 0 0.000337004778 0.00111684157 0 0 0 3.86006177e-05 2.3412133e-06 0 0 0.000701238867 0 3.23964778e-05 0 0.0359628759 2.94819747e-05 5.10625205e-06 8.97350947e-06 0.0429269001 0 0 0.00362214982 0.0252039004 0 1 0 0 0 0 0 0 0 0.522727251 0.244650543 0.461399913 0.655469835 0.710646272 1 1
__smartatpg_bin_742_1 0.00253894716 0.000164953424 0.0961182192 0 0.000121812685 0.173608795 0 5.01522954e-05 1.15975672e-05 0.000358112738 0.000496062916 0.00233169971 0.000734169211 0.0188608523 0.0177780315 0 0.00109477318 0.00978785381 0.00076645118 0 0.0231125187 4.84953598e-05 0.00258622295 0.0158644356 0.000274597289 0.00192089169 0 0 0.000790133723 4.51252527e-05 3.89239649e-05 0 0 4.19750251e-07 0 0.0308773443 0.00332074659 0.000946658722 6.76886111e-06 0 0.0388368182 0 0.000337004778 0.00111684157 0 0 0 3.86006177e-05 2.3412133e-06 0 0 0.000701238867 0 3.23964778e-05 0 0.0359628759 2.94819747e-05 5.10625205e-06 8.97350947e-06 0.0429269001 0 0 0.00362214982 0.0252039004 0 1 0 0 0 0 0 0 0 0.681818187 0.244650543 0.359038919 0.598315477 0.735892415 1 1
__smartatpg_bin_742_3 0.00253894716 0.000164953424 0.0961182192 0 0.000121812685 0.173608795 0 5.01522954e-05 1.15975672e-05 0.000358112738 0.000496062916 0.00233169971 0.000734169211 0.0188608523 0.0177780315 0 0.00109477318 0.00978785381 0.00076645118 0 0.0231125187 4.84953598e-05 0.00258622295 0.0158644356 0.000274597289 0.00192089169 0 0 0.000790133723 4.51252527e-05 3.89239649e-05 0 0 4.19750251e-07 0 0.0308773443 0.00332074659 0.000946658722 6.76886111e-06 0 0.0388368182 0 0.000337004778 0.00111684157 0 0 0 3.86006177e-05 2.3412133e-06 0 0 0.000701238867 0 3.23964778e-05 0 0.0359628759 2.94819747e-05 5.10625205e-06 8.97350947e-06 0.0429269001 0 0 0.00362214982 0.0252039004 0 1 0 0 0 0 0 0 0 0.522727251 0.244650543 0.461399913 0.655469835 0.710646272 1 1
__smartatpg_bin_743_1 0.00253894716 0.000164953424 0.0961182192 0 0.000121812685 0.173608795 0 5.01522954e-05 1.15975672e-05 0.000358112738 0.000496062916 0.00233169971 0.000734169211 0.0188608523 0.0177780315 0 0.00109477318 0.00978785381 0.00076645118 0 0.0231125187 4.84953598e-05 0.00258622295 0.0158644356 0.000274597289 0.00192089169 0 0 0.000790133723 4.51252527e-05 3.89239649e-05 0 0 4.19750251e-07 0 0.0308773443 0.00332074659 0.000946658722 6.76886111e-06 0 0.0388368182 0 0.000337004778 0.00111684157 0 0 0 3.86006177e-05 2.3412133e-06 0 0 0.000701238867 0 3.23964778e-05 0 0.0359628759 2.94819747e-05 5.10625205e-06 8.97350947e-06 0.0429269001 0 0 0.00362214982 0.0252039004 0 1 0 0 0 0 0 0 0 0.681818187 0.244650543 0.359038919 0.598315477 0.735892415 1 1
__smartatpg_bin_743_3 0.00253894716 0.000164953424 0.0961182192 0 0.000121812685 0.173608795 0 5.01522954e-05 1.15975672e-05 0.000358112738 0.000496062916 0.00233169971 0.000734169211 0.0188608523 0.0177780315 0 0.00109477318 0.00978785381 0.00076645118 0 0.0231125187 4.84953598e-05 0.00258622295 0.0158644356 0.000274597289 0.00192089169 0 0 0.000790133723 4.51252527e-05 3.89239649e-05 0 0 4.19750251e-07 0 0.0308773443 0.00332074659 0.000946658722 6.76886111e-06 0 0.0388368182 0 0.000337004778 0.00111684157 0 0 0 3.86006177e-05 2.3412133e-06 0 0 0.000701238867 0 3.23964778e-05 0 0.0359628759 2.94819747e-05 5.10625205e-06 8.97350947e-06 0.0429269001 0 0 0.00362214982 0.0252039004 0 1 0 0 0 0 0 0 0 0.522727251 0.244650543 0.461399913 0.655469835 0.710646272 1 1
__smartatpg_bin_744_1 0.00253894716 0.000164953424 0.0961182192 0 0.000121812685 0.173608795 0 5.01522954e-05 1.15975672e-05 0.000358112738 0.000496062916 0.00233169971 0.000734169211 0.0188608523 0.0177780315 0 0.00109477318 0.00978785381 0.00076645118 0 0.0231125187 4.84953598e-05 0.00258622295 0.0158644356 0.000274597289 0.00192089169 0 0 0.000790133723 4.51252527e-05 3.89239649e-05 0 0 4.19750251e-07 0 0.0308773443 0.00332074659 0.000946658722 6.76886111e-06 0 0.0388368182 0 0.000337004778 0.00111684157 0 0 0 3.86006177e-05 2.3412133e-06 0 0 0.000701238867 0 3.23964778e-05 0 0.0359628759 2.94819747e-05 5.10625205e-06 8.97350947e-06 0.0429269001 0 0 0.00362214982 0.0252039004 0 1 0 0 0 0 0 0 0 0.681818187 0.244650543 0.359038919 0.598315477 0.735892415 1 1
__smartatpg_bin_744_3 0.00253894716 0.000164953424 0.0961182192 0 0.000121812685 0.173608795 0 5.01522954e-05 1.15975672e-05 0.000358112738 0.000496062916 0.00233169971 0.000734169211 0.0188608523 0.0177780315 0 0.00109477318 0.00978785381 0.00076645118 0 0.0231125187 4.84953598e-05 0.00258622295 0.0158644356 0.000274597289 0.00192089169 0 0 0.000790133723 4.51252527e-05 3.89239649e-05 0 0 4.19750251e-07 0 0.0308773443 0.00332074659 0.000946658722 6.76886111e-06 0 0.0388368182 0 0.000337004778 0.00111684157 0 0 0 3.86006177e-05 2.3412133e-06 0 0 0.000701238867 0 3.23964778e-05 0 0.0359628759 2.94819747e-05 5.10625205e-06 8.97350947e-06 0.0429269001 0 0 0.00362214982 0.0252039004 0 1 0 0 0 0 0 0 0 0.522727251 0.244650543 0.461399913 0.655469835 0.710646272 1 1
__smartatpg_bin_745_1 0.00253894716 0.000164953424 0.0961182192 0 0.000121812685 0.173608795 0 5.01522954e-05 1.15975672e-05 0.000358112738 0.000496062916 0.00233169971 0.000734169211 0.0188608523 0.0177780315 0 0.00109477318 0.00978785381 0.00076645118 0 0.0231125187 4.84953598e-05 0.00258622295 0.0158644356 0.000274597289 0.00192089169 0 0 0.000790133723 4.51252527e-05 3.89239649e-05 0 0 4.19750251e-07 0 0.0308773443 0.00332074659 0.000946658722 6.76886111e-06 0 0.0388368182 0 0.000337004778 0.00111684157 0 0 0 3.86006177e-05 2.3412133e-06 0 0 0.000701238867 0 3.23964778e-05 0 0.0359628759 2.94819747e-05 5.10625205e-06 8.97350947e-06 0.0429269001 0 0 0.00362214982 0.0252039004 0 1 0 0 0 0 0 0 0 0.681818187 0.244650543 0.359038919 0.598315477 0.735892415 1 1
__smartatpg_bin_745_3 0.00253894716 0.000164953424 0.0961182192 0 0.000121812685 0.173608795 0 5.01522954e-05 1.15975672e-05 0.000358112738 0.000496062916 0.00233169971 0.000734169211 0.0188608523 0.0177780315 0 0.00109477318 0.00978785381 0.00076645118 0 0.0231125187 4.84953598e-05 0.00258622295 0.0158644356 0.000274597289 0.00192089169 0 0 0.000790133723 4.51252527e-05 3.89239649e-05 0 0 4.19750251e-07 0 0.0308773443 0.00332074659 0.000946658722 6.76886111e-06 0 0.0388368182 0 0.000337004778 0.00111684157 0 0 0 3.86006177e-05 2.3412133e-06 0 0 0.000701238867 0 3.23964778e-05 0 0.0359628759 2.94819747e-05 5.10625205e-06 8.97350947e-06 0.0429269001 0 0 0.00362214982 0.0252039004 0 1 0 0 0 0 0 0 0 0.522727251 0.244650543 0.461399913 0.655469835 0.710646272 1 1
__smartatpg_bin_746_1 0.00253894716 0.000164953424 0.0961182192 0 0.000121812685 0.173608795 0 5.01522954e-05 1.15975672e-05 0.000358112738 0.000496062916 0.00233169971 0.000734169211 0.0188608523 0.0177780315 0 0.00109477318 0.00978785381 0.00076645118 0 0.0231125187 4.84953598e-05 0.00258622295 0.0158644356 0.000274597289 0.00192089169 0 0 0.000790133723 4.51252527e-05 3.89239649e-05 0 0 4.19750251e-07 0 0.0308773443 0.00332074659 0.000946658722 6.76886111e-06 0 0.0388368182 0 0.000337004778 0.00111684157 0 0 0 3.86006177e-05 2.3412133e-06 0 0 0.000701238867 0 3.23964778e-05 0 0.0359628759 2.94819747e-05 5.10625205e-06 8.97350947e-06 0.0429269001 0 0 0.00362214982 0.0252039004 0 1 0 0 0 0 0 0 0 0.681818187 0.244650543 0.359038919 0.598315477 0.735892415 1 1
__smartatpg_bin_746_3 0.00253894716 0.000164953424 0.0961182192 0 0.000121812685 0.173608795 0 5.01522954e-05 1.15975672e-05 0.000358112738 0.000496062916 0.00233169971 0.000734169211 0.0188608523 0.0177780315 0 0.00109477318 0.00978785381 0.00076645118 0 0.0231125187 4.84953598e-05 0.00258622295 0.0158644356 0.000274597289 0.00192089169 0 0 0.000790133723 4.51252527e-05 3.89239649e-05 0 0 4.19750251e-07 0 0.0308773443 0.00332074659 0.000946658722 6.76886111e-06 0 0.0388368182 0 0.000337004778 0.00111684157 0 0 0 3.86006177e-05 2.3412133e-06 0 0 0.000701238867 0 3.23964778e-05 0 0.0359628759 2.94819747e-05 5.10625205e-06 8.97350947e-06 0.0429269001 0 0 0.00362214982 0.0252039004 0 1 0 0 0 0 0 0 0 0.522727251 0.244650543 0.461399913 0.655469835 0.710646272 1 1
__smartatpg_bin_747_1 0.00253894716 0.000164953424 0.0961182192 0 0.000121812685 0.173608795 0 5.01522954e-05 1.15975672e-05 0.000358112738 0.000496062916 0.00233169971 0.000734169211 0.0188608523 0.0177780315 0 0.00109477318 0.00978785381 0.00076645118 0 0.0231125187 4.84953598e-05 0.00258622295 0.0158644356 0.000274597289 0.00192089169 0 0 0.000790133723 4.51252527e-05 3.89239649e-05 0 0 4.19750251e-07 0 0.0308773443 0.00332074659 0.000946658722 6.76886111e-06 0 0.0388368182 0 0.000337004778 0.00111684157 0 0 0 3.86006177e-05 2.3412133e-06 0 0 0.000701238867 0 3.23964778e-05 0 0.0359628759 2.94819747e-05 5.10625205e-06 8.97350947e-06 0.0429269001 0 0 0.00362214982 0.0252039004 0 1 0 0 0 0 0 0 0 0.681818187 0.244650543 0.359038919 0.598315477 0.735892415 1 1
__smartatpg_bin_747_3 0.00253894716 0.000164953424 0.0961182192 0 0.000121812685 0.173608795 0 5.01522954e-05 1.15975672e-05 0.000358112738 0.000496062916 0.00233169971 0.000734169211 0.0188608523 0.0177780315 0 0.00109477318 0.00978785381 0.00076645118 0 0.0231125187 4.84953598e-05 0.00258622295 0.0158644356 0.000274597289 0.00192089169 0 0 0.000790133723 4.51252527e-05 3.89239649e-05 0 0 4.19750251e-07 0 0.0308773443 0.00332074659 0.000946658722 6.76886111e-06 0 0.0388368182 0 0.000337004778 0.00111684157 0 0 0 3.86006177e-05 2.3412133e-06 0 0 0.000701238867 0 3.23964778e-05 0 0.0359628759 2.94819747e-05 5.10625205e-06 8.97350947e-06 0.0429269001 0 0 0.00362214982 0.0252039004 0 1 0 0 0 0 0 0 0 0.522727251 0.244650543 0.461399913 0.655469835 0.710646272 1 1
__smartatpg_bin_748_1 0.00253894716 0.000164953424 0.0961182192 0 0.000121812685 0.173608795 0 5.01522954e-05 1.15975672e-05 0.000358112738 0.000496062916 0.00233169971 0.000734169211 0.0188608523 0.0177780315 0 0.00109477318 0.00978785381 0.00076645118 0 0.0231125187 4.84953598e-05 0.00258622295 0.0158644356 0.000274597289 0.00192089169 0 0 0.000790133723 4.51252527e-05 3.89239649e-05 0 0 4.19750251e-07 0 0.0308773443 0.00332074659 0.000946658722 6.76886111e-06 0 0.0388368182 0 0.000337004778 0.00111684157 0 0 0 3.86006177e-05 2.3412133e-06 0 0 0.000701238867 0 3.23964778e-05 0 0.0359628759 2.94819747e-05 5.10625205e-06 8.97350947e-06 0.0429269001 0 0 0.00362214982 0.0252039004 0 1 0 0 0 0 0 0 0 0.681818187 0.244650543 0.359038919 0.598315477 0.735892415 1 1
__smartatpg_bin_748_3 0.00253894716 0.000164953424 0.0961182192 0 0.000121812685 0.173608795 0 5.01522954e-05 1.15975672e-05 0.000358112738 0.000496062916 0.00233169971 0.000734169211 0.0188608523 0.0177780315 0 0.00109477318 0.00978785381 0.00076645118 0 0.0231125187 4.84953598e-05 0.00258622295 0.0158644356 0.000274597289 0.00192089169 0 0 0.000790133723 4.51252527e-05 3.89239649e-05 0 0 4.19750251e-07 0 0.0308773443 0.00332074659 0.000946658722 6.76886111e-06 0 0.0388368182 0 0.000337004778 0.00111684157 0 0 0 3.86006177e-05 2.3412133e-06 0 0 0.000701238867 0 3.23964778e-05 0 0.0359628759 2.94819747e-05 5.10625205e-06 8.97350947e-06 0.0429269001 0 0 0.00362214982 0.0252039004 0 1 0 0 0 0 0 0 0 0.522727251 0.244650543 0.461399913 0.655469835 0.710646272 1 1
__smartatpg_bin_92_1 0.00253894716 0.000164953424 0.0961182192 0 0.000121812685 0.173608795 0 5.01522954e-05 1.15975672e-05 0.000358112738 0.000496062916 0.00233169971 0.000734169211 0.0188608523 0.0177780315 0 0.00109477318 0.00978785381 0.00076645118 0 0.0231125187 4.84953598e-05 0.00258622295 0.0158644356 0.000274597289 0.00192089169 0 0 0.000790133723 4.51252527e-05 3.89239649e-05 0 0 4.19750251e-07 0 0.0308773443 0.00332074659 0.000946658722 6.76886111e-06 0 0.0388368182 0 0.000337004778 0.00111684157 0 0 0 3.86006177e-05 2.3412133e-06 0 0 0.000701238867 0 3.23964778e-05 0 0.0359628759 2.94819747e-05 5.10625205e-06 8.97350947e-06 0.0429269001 0 0 0.00362214982 0.0252039004 0 1 0 0 0 0 0 0 0 0.0454545468 0.244650543 0.277790427 0.333047152 0.753284276 1 1
G371 0.00253894716 0.000164953424 0.0961182192 0 0.000121812685 0.173608795 0 5.01522954e-05 1.15975672e-05 0.000358112738 0.000496062916 0.00233169971 0.000734169211 0.0188608523 0.0177780315 0 0.00109477318 0.00978785381 0.00076645118 0 0.0231125187 4.84953598e-05 0.00258622295 0.0158644356 0.000274597289 0.00192089169 0 0 0.000790133723 4.51252527e-05 3.89239649e-05 0 0 4.19750251e-07 0 0.0308773443 0.00332074659 0.000946658722 6.76886111e-06 0 0.0388368182 0 0.000337004778 0.00111684157 0 0 0 3.86006177e-05 2.3412133e-06 0 0 0.000701238867 0 3.23964778e-05 0 0.0359628759 2.94819747e-05 5.10625205e-06 8.97350947e-06 0.0429269001 0 0 0.00362214982 0.0252039004 0 1 0 0 0 0 0 0 0 0.0681818202 0.387761921 0.220143706 0.386520684 0.748489022 1 1
G628 0.00253894716 0.000164953424 0.0961182192 0 0.000121812685 0.173608795 0 5.01522954e-05 1.15975672e-05 0.000358112738 0.000496062916 0.00233169971 0.000734169211 0.0188608523 0.0177780315 0 0.00109477318 0.00978785381 0.00076645118 0 0.0231125187 4.84953598e-05 0.00258622295 0.0158644356 0.000274597289 0.00192089169 0 0 0.000790133723 4.51252527e-05 3.89239649e-05 0 0 4.19750251e-07 0 0.0308773443 0.00332074659 0.000946658722 6.76886111e-06 0 0.0388368182 0 0.000337004778 0.00111684157 0 0 0 3.86006177e-05 2.3412133e-06 0 0 0.000701238867 0 3.23964778e-05 0 0.0359628759 2.94819747e-05 5.10625205e-06 8.97350947e-06 0.0429269001 0 0 0.00362214982 0.0252039004 0 0 0 0 0 1 0 0 0 0.0909090936 0.387761921 0.440287411 0.257680446 0.746041179 1 1
G632 0.00253894716 0.000164953424 0.0961182192 0 0.000121812685 0.173608795 0 5.01522954e-05 1.15975672e-05 0.000358112738 0.000496062916 0.00233169971 0.000734169211 0.0188608523 0.0177780315 0 0.00109477318 0.00978785381 0.00076645118 0 0.0231125187 4.84953598e-05 0.00258622295 0.0158644356 0.000274597289 0.00192089169 0 0 0.000790133723 4.51252527e-05 3.89239649e-05 0 0 4.19750251e-07 0 0.0308773443 0.00332074659 0.000946658722 6.76886111e-06 0 0.0388368182 0 0.000337004778 0.00111684157 0 0 0 3.86006177e-05 2.3412133e-06 0 0 0.000701238867 0 3.23964778e-05 0 0.0359628759 2.94819747e-05 5.10625205e-06 8.97350947e-06 0.0429269001 0 0 0.00362214982 0.0252039004 0 0 0 0 0 1 0 0 0 0.0909090936 0.387761921 0.440287411 0.257680446 0.871012688 1 1
G726 0.00253894716 0.000164953424 0.0961182192 0 0.000121812685 0.173608795 0 5.01522954e-05 1.15975672e-05 0.000358112738 0.000496062916 0.00233169971 0.000734169211 0.0188608523 0.0177780315 0 0.00109477318 0.00978785381 0.00076645118 0 0.0231125187 4.84953598e-05 0.00258622295 0.0158644356 0.000274597289 0.00192089169 0 0 0.000790133723 4.51252527e-05 3.89239649e-05 0 0 4.19750251e-07 0 0.0308773443 0.00332074659 0.000946658722 6.76886111e-06 0 0.0388368182 0 0.000337004778 0.00111684157 0 0 0 3.86006177e-05 2.3412133e-06 0 0 0.000701238867 0 3.23964778e-05 0 0.0359628759 2.94819747e-05 5.10625205e-06 8.97350947e-06 0.0429269001 0 0 0.00362214982 0.0252039004 0 0 0 0 0 1 0 0 0 0.113636367 0.244650543 0.322504699 0.427997947 0.871012688 1 1
G727 0.00253894716 0.000164953424 0.0961182192 0 0.000121812685 0.173608795 0 5.01522954e-05 1.15975672e-05 0.000358112738 0.000496062916 0.00233169971 0.000734169211 0.0188608523 0.0177780315 0 0.00109477318 0.00978785381 0.00076645118 0 0.0231125187 4.84953598e-05 0.00258622295 0.0158644356 0.000274597289 0.00192089169 0 0 0.000790133723 4.51252527e-05 3.89239649e-05 0 0 4.19750251e-07 0 0.0308773443 0.00332074659 0.000946658722 6.76886111e-06 0 0.0388368182 0 0.000337004778 0.00111684157 0 0 0 3.86006177e-05 2.3412133e-06 0 0 0.000701238867 0 3.23964778e-05 0 0.0359628759 2.94819747e-05 5.10625205e-06 8.97350947e-06 0.0429269001 0 0 0.00362214982 0.0252039004 0 0 1 0 0 0 0 0 0 0.113636367 0.244650543 0.440287411 0.333047152 0.864871085 1 1
G797 0.00253894716 0.000164953424 0.0961182192 0 0.000121812685 0.173608795 0 5.01522954e-05 1.15975672e-05 0.000358112738 0.000496062916 0.00233169971 0.000734169211 0.0188608523 0.0177780315 0 0.00109477318 0.00978785381 0.00076645118 0 0.0231125187 4.84953598e-05 0.00258622295 0.0158644356 0.000274597289 0.00192089169 0 0 0.000790133723 4.51252527e-05 3.89239649e-05 0 0 4.19750251e-07 0 0.0308773443 0.00332074659 0.000946658722 6.76886111e-06 0 0.0388368182 0 0.000337004778 0.00111684157 0 0 0 3.86006177e-05 2.3412133e-06 0 0 0.000701238867 0 3.23964778e-05 0 0.0359628759 2.94819747e-05 5.10625205e-06 8.97350947e-06 0.0429269001 0 0 0.00362214982 0.0252039004 0 0 0 0 0 1 0 0 0 0.113636367 0.244650543 0.322504699 0.427997947 0.746041179 1 1
G798 0.00253894716 0.000164953424 0.0961182192 0 0.000121812685 0.173608795 0 5.01522954e-05 1.15975672e-05 0.000358112738 0.000496062916 0.00233169971 0.000734169211 0.0188608523 0.0177780315 0 0.00109477318 0.00978785381 0.00076645118 0 0.0231125187 4.84953598e-05 0.00258622295 0.0158644356 0.000274597289 0.00192089169 0 0 0.000790133723 4.51252527e-05 3.89239649e-05 0 0 4.19750251e-07 0 0.0308773443 0.00332074659 0.000946658722 6.76886111e-06 0 0.0388368182 0 0.000337004778 0.00111684157 0 0 0 3.86006177e-05 2.3412133e-06 0 0 0.000701238867 0 3.23964778e-05 0 0.0359628759 2.94819747e-05 5.10625205e-06 8.97350947e-06 0.0429269001 0 0 0.00362214982 0.0252039004 0 0 1 0 0 0 0 0 0 0.113636367 0.244650543 0.440287411 0.333047152 0.733260512 1 1
G834 0.00253894716 0.000164953424 0.0961182192 0 0.000121812685 0.173608795 0 5.01522954e-05 1.15975672e-05 0.000358112738 0.000496062916 0.00233169971 0.000734169211 0.0188608523 0.0177780315 0 0.00109477318 0.00978785381 0.00076645118 0 0.0231125187 4.84953598e-05 0.00258622295 0.0158644356 0.000274597289 0.00192089169 0 0 0.000790133723 4.51252527e-05 3.89239649e-05 0 0 4.19750251e-07 0 0.0308773443 0.00332074659 0.000946658722 6.76886111e-06 0 0.0388368182 0 0.000337004778 0.00111684157 0 0 0 3.86006177e-05 2.3412133e-06 0 0 0.000701238867 0 3.23964778e-05 0 0.0359628759 2.94819747e-05 5.10625205e-06 8.97350947e-06 0.0429269001 0 0 0.00362214982 0.0252039004 0 0 1 0 0 0 0 0 0 0.13636364 0.244650543 0.528823376 0.299157739 0.866116762 1 1
G848 0.00253894716 0.000164953424 0.0961182192 0 0.000121812685 0.173608795 0 5.01522954e-05 1.15975672e-05 0.000358112738 0.000496062916 0.00233169971 0.000734169211 0.0188608523 0.0177780315 0 0.00109477318 0.00978785381 0.00076645118 0 0.0231125187 4.84953598e-05 0.00258622295 0.0158644356 0.000274597289 0.00192089169 0 0 0.000790133723 4.51252527e-05 3.89239649e-05 0 0 4.19750251e-07 0 0.0308773443 0.00332074659 0.000946658722 6.76886111e-06 0 0.0388368182 0 0.000337004778 0.00111684157 0 0 0 3.86006177e-05 2.3412133e-06 0 0 0.000701238867 0 3.23964778e-05 0 0.0359628759 2.94819747e-05 5.10625205e-06 8.97350947e-06 0.0429269001 0 0 0.00362214982 0.0252039004 0 0 1 0 0 0 0 0 0 0.13636364 0.244650543 0.528823376 0.299157739 0.735892415 1 1
G854 0.00253894716 0.000164953424 0.0961182192 0 0.000121812685 0.173608795 0 5.01522954e-05 1.15975672e-05 0.000358112738 0.000496062916 0.00233169971 0.000734169211 0.0188608523 0.0177780315 0 0.00109477318 0.00978785381 0.00076645118 0 0.0231125187 4.84953598e-05 0.00258622295 0.0158644356 0.000274597289 0.00192089169 0 0 0.000790133723 4.51252527e-05 3.89239649e-05 0 0 4.19750251e-07 0 0.0308773443 0.00332074659 0.000946658722 6.76886111e-06 0 0.0388368182 0 0.000337004778 0.00111684157 0 0 0 3.86006177e-05 2.3412133e-06 0 0 0.000701238867 0 3.23964778e-05 0 0.0359628759 2.94819747e-05 5.10625205e-06 8.97350947e-06 0.0429269001 0 0 0.00362214982 0.0252039004 0 0 1 0 0 0 0 0 0 0.159090906 0.244650543 0.480498493 0.427997947 0.858506143 1 1
G891 0.00253894716 0.000164953424 0.0961182192 0 0.000121812685 0.173608795 0 5.01522954e-05 1.15975672e-05 0.000358112738 0.000496062916 0.00233169971 0.000734169211 0.0188608523 0.0177780315 0 0.00109477318 0.00978785381 0.00076645118 0 0.0231125187 4.84953598e-05 0.00258622295 0.0158644356 0.000274597289 0.00192089169 0 0 0.000790133723 4.51252527e-05 3.89239649e-05 0 0 4.19750251e-07 0 0.0308773443 0.00332074659 0.000946658722 6.76886111e-06 0 0.0388368182 0 0.000337004778 0.00111684157 0 0 0 3.86006177e-05 2.3412133e-06 0 0 0.000701238867 0 3.23964778e-05 0 0.0359628759 2.94819747e-05 5.10625205e-06 8.97350947e-06 0.0429269001 0 0 0.00362214982 0.0252039004 0 0 1 0 0 0 0 0 0 0.159090906 0.387761921 0.480498493 0.427997947 0.719472528 1 1
G921 0.00253894716 0.000164953424 0.0961182192 0 0.000121812685 0.173608795 0 5.01522954e-05 1.15975672e-05 0.000358112738 0.000496062916 0.00233169971 0.000734169211 0.0188608523 0.0177780315 0 0.00109477318 0.00978785381 0.00076645118 0 0.0231125187 4.84953598e-05 0.00258622295 0.0158644356 0.000274597289 0.00192089169 0 0 0.000790133723 4.51252527e-05 3.89239649e-05 0 0 4.19750251e-07 0 0.0308773443 0.00332074659 0.000946658722 6.76886111e-06 0 0.0388368182 0 0.000337004778 0.00111684157 0 0 0 3.86006177e-05 2.3412133e-06 0 0 0.000701238867 0 3.23964778e-05 0 0.0359628759 2.94819747e-05 5.10625205e-06 8.97350947e-06 0.0429269001 0 0 0.00362214982 0.0252039004 0 0 0 0 0 1 0 0 0 0.181818187 0.387761921 0.480498493 0.46188736 0.857204914 1 1
G1340 0.00253894716 0.000164953424 0.0961182192 0 0.000121812685 0.173608795 0 5.01522954e-05 1.15975672e-05 0.000358112738 0.000496062916 0.00233169971 0.000734169211 0.0188608523 0.0177780315 0 0.00109477318 0.00978785381 0.00076645118 0 0.0231125187 4.84953598e-05 0.00258622295 0.0158644356 0.000274597289 0.00192089169 0 0 0.000790133723 4.51252527e-05 3.89239649e-05 0 0 4.19750251e-07 0 0.0308773443 0.00332074659 0.000946658722 6.76886111e-06 0 0.0388368182 0 0.000337004778 0.00111684157 0 0 0 3.86006177e-05 2.3412133e-06 0 0 0.000701238867 0 3.23964778e-05 0 0.0359628759 2.94819747e-05 5.10625205e-06 8.97350947e-06 0.0429269001 0 0 0.00362214982 0.0252039004 0 0 1 0 0 0 0 0 0 0.454545468 0.244650543 0.845519423 0.46188736 0.798838258 1 1
G940 0.00253894716 0.000164953424 0.0961182192 0 0.000121812685 0.173608795 0 5.01522954e-05 1.15975672e-05 0.000358112738 0.000496062916 0.00233169971 0.000734169211 0.0188608523 0.0177780315 0 0.00109477318 0.00978785381 0.00076645118 0 0.0231125187 4.84953598e-05 0.00258622295 0.0158644356 0.000274597289 0.00192089169 0 0 0.000790133723 4.51252527e-05 3.89239649e-05 0 0 4.19750251e-07 0 0.0308773443 0.00332074659 0.000946658722 6.76886111e-06 0 0.0388368182 0 0.000337004778 0.00111684157 0 0 0 3.86006177e-05 2.3412133e-06 0 0 0.000701238867 0 3.23964778e-05 0 0.0359628759 2.94819747e-05 5.10625205e-06 8.97350947e-06 0.0429269001 0 0 0.00362214982 0.0252039004 0 0 0 0 0 1 0 0 0 0.181818187 0.244650543 0.480498493 0.46188736 0.757951677 1 1
G973 0.00253894716 0.000164953424 0.0961182192 0 0.000121812685 0.173608795 0 5.01522954e-05 1.15975672e-05 0.000358112738 0.000496062916 0.00233169971 0.000734169211 0.0188608523 0.0177780315 0 0.00109477318 0.00978785381 0.00076645118 0 0.0231125187 4.84953598e-05 0.00258622295 0.0158644356 0.000274597289 0.00192089169 0 0 0.000790133723 4.51252527e-05 3.89239649e-05 0 0 4.19750251e-07 0 0.0308773443 0.00332074659 0.000946658722 6.76886111e-06 0 0.0388368182 0 0.000337004778 0.00111684157 0 0 0 3.86006177e-05 2.3412133e-06 0 0 0.000701238867 0 3.23964778e-05 0 0.0359628759 2.94819747e-05 5.10625205e-06 8.97350947e-06 0.0429269001 0 0 0.00362214982 0.0252039004 0 0 0 0 0 1 0 0 0 0.204545453 0.244650543 0.513973355 0.46188736 0.85589391 1 1
G1323 0.00253894716 0.000164953424 0.0961182192 0 0.000121812685 0.173608795 0 5.01522954e-05 1.15975672e-05 0.000358112738 0.000496062916 0.00233169971 0.000734169211 0.0188608523 0.0177780315 0 0.00109477318 0.00978785381 0.00076645118 0 0.0231125187 4.84953598e-05 0.00258622295 0.0158644356 0.000274597289 0.00192089169 0 0 0.000790133723 4.51252527e-05 3.89239649e-05 0 0 4.19750251e-07 0 0.0308773443 0.00332074659 0.000946658722 6.76886111e-06 0 0.0388368182 0 0.000337004778 0.00111684157 0 0 0 3.86006177e-05 2.3412133e-06 0 0 0.000701238867 0 3.23964778e-05 0 0.0359628759 2.94819747e-05 5.10625205e-06 8.97350947e-06 0.0429269001 0 0 0.00362214982 0.0252039004 0 0 1 0 0 0 0 0 0 0.431818187 0.244650543 0.787872732 0.490540475 0.795153499 1 1
G1357 0.00253894716 0.000164953424 0.0961182192 0 0.000121812685 0.173608795 0 5.01522954e-05 1.15975672e-05 0.000358112738 0.000496062916 0.00233169971 0.000734169211 0.0188608523 0.0177780315 0 0.00109477318 0.00978785381 0.00076645118 0 0.0231125187 4.84953598e-05 0.00258622295 0.0158644356 0.000274597289 0.00192089169 0 0 0.000790133723 4.51252527e-05 3.89239649e-05 0 0 4.19750251e-07 0 0.0308773443 0.00332074659 0.000946658722 6.76886111e-06 0 0.0388368182 0 0.000337004778 0.00111684157 0 0 0 3.86006177e-05 2.3412133e-06 0 0 0.000701238867 0 3.23964778e-05 0 0.0359628759 2.94819747e-05 5.10625205e-06 8.97350947e-06 0.0429269001 0 0 0.00362214982 0.0252039004 0 0 1 0 0 0 0 0 0 0.477272719 0.244650543 0.652868569 0.73444593 0.771250486 1 1
G1371 0.00253894716 0.000164953424 0.0961182192 0 0.000121812685 0.173608795 0 5.01522954e-05 1.15975672e-05 0.000358112738 0.000496062916 0.00233169971 0.000734169211 0.0188608523 0.0177780315 0 0.00109477318 0.00978785381 0.00076645118 0 0.0231125187 4.84953598e-05 0.00258622295 0.0158644356 0.000274597289 0.00192089169 0 0 0.000790133723 4.51252527e-05 3.89239649e-05 0 0 4.19750251e-07 0 0.0308773443 0.00332074659 0.000946658722 6.76886111e-06 0 0.0388368182 0 0.000337004778 0.00111684157 0 0 0 3.86006177e-05 2.3412133e-06 0 0 0.000701238867 0 3.23964778e-05 0 0.0359628759 2.94819747e-05 5.10625205e-06 8.97350947e-06 0.0429269001 0 0 0.00362214982 0.0252039004 0 0 1 0 0 0 0 0 0 0.5 0.387761921 0.803003192 0.257680446 0.764727354 1 1
G1439 0.00253894716 0.000164953424 0.0961182192 0 0.000121812685 0.173608795 0 5.01522954e-05 1.15975672e-05 0.000358112738 0.000496062916 0.00233169971 0.000734169211 0.0188608523 0.0177780315 0 0.00109477318 0.00978785381 0.00076645118 0 0.0231125187 4.84953598e-05 0.00258622295 0.0158644356 0.000274597289 0.00192089169 0 0 0.000790133723 4.51252527e-05 3.89239649e-05 0 0 4.19750251e-07 0 0.0308773443 0.00332074659 0.000946658722 6.76886111e-06 0 0.0388368182 0 0.000337004778 0.00111684157 0 0 0 3.86006177e-05 2.3412133e-06 0 0 0.000701238867 0 3.23964778e-05 0 0.0359628759 2.94819747e-05 5.10625205e-06 8.97350947e-06 0.0429269001 0 0 0.00362214982 0.0252039004 0 0 0 0 0 1 0 0 0 0.522727251 0.387761921 0.322504699 0.748220921 0.762497842 1 1
G1442 0.00253894716 0.000164953424 0.0961182192 0 0.000121812685 0.173608795 0 5.01522954e-05 1.15975672e-05 0.000358112738 0.000496062916 0.00233169971 0.000734169211 0.0188608523 0.0177780315 0 0.00109477318 0.00978785381 0.00076645118 0 0.0231125187 4.84953598e-05 0.00258622295 0.0158644356 0.000274597289 0.00192089169 0 0 0.000790133723 4.51252527e-05 3.89239649e-05 0 0 4.19750251e-07 0 0.0308773443 0.00332074659 0.000946658722 6.76886111e-06 0 0.0388368182 0 0.000337004778 0.00111684157 0 0 0 3.86006177e-05 2.3412133e-06 0 0 0.000701238867 0 3.23964778e-05 0 0.0359628759 2.94819747e-05 5.10625205e-06 8.97350947e-06 0.0429269001 0 0 0.00362214982 0.0252039004 0 0 0 0 0 1 0 0 0 0.522727251 0.387761921 0.322504699 0.748220921 0.783609748 1 1
G1457 0.00253894716 0.000164953424 0.0961182192 0 0.000121812685 0.173608795 0 5.01522954e-05 1.15975672e-05 0.000358112738 0.000496062916 0.00233169971 0.000734169211 0.0188608523 0.0177780315 0 0.00109477318 0.00978785381 0.00076645118 0 0.0231125187 4.84953598e-05 0.00258622295 0.0158644356 0.000274597289 0.00192089169 0 0 0.000790133723 4.51252527e-05 3.89239649e-05 0 0 4.19750251e-07 0 0.0308773443 0.00332074659 0.000946658722 6.76886111e-06 0 0.0388368182 0 0.000337004778 0.00111684157 0 0 0 3.86006177e-05 2.3412133e-06 0 0 0.000701238867 0 3.23964778e-05 0 0.0359628759 2.94819747e-05 5.10625205e-06 8.97350947e-06 0.0429269001 0 0 0.00362214982 0.0252039004 0 0 1 0 0 0 0 0 0 0.545454562 0.244650543 0.823751032 0.333047152 0.773371935 1 1
G1458 0.00253894716 0.000164953424 0.0961182192 0 0.000121812685 0.173608795 0 5.01522954e-05 1.15975672e-05 0.000358112738 0.000496062916 0.00233169971 0.000734169211 0.0188608523 0.0177780315 0 0.00109477318 0.00978785381 0.00076645118 0 0.0231125187 4.84953598e-05 0.00258622295 0.0158644356 0.000274597289 0.00192089169 0 0 0.000790133723 4.51252527e-05 3.89239649e-05 0 0 4.19750251e-07 0 0.0308773443 0.00332074659 0.000946658722 6.76886111e-06 0 0.0388368182 0 0.000337004778 0.00111684157 0 0 0 3.86006177e-05 2.3412133e-06 0 0 0.000701238867 0 3.23964778e-05 0 0.0359628759 2.94819747e-05 5.10625205e-06 8.97350947e-06 0.0429269001 0 0 0.00362214982 0.0252039004 0 0 0 0 0 1 0 0 0 0.545454562 0.244650543 0.810160458 0.333047152 0.783609748 1 1
G1459 0.00253894716 0.000164953424 0.0961182192 0 0.000121812685 0.173608795 0 5.01522954e-05 1.15975672e-05 0.000358112738 0.000496062916 0.00233169971 0.000734169211 0.0188608523 0.0177780315 0 0.00109477318 0.00978785381 0.00076645118 0 0.0231125187 4.84953598e-05 0.00258622295 0.0158644356 0.000274597289 0.00192089169 0 0 0.000790133723 4.51252527e-05 3.89239649e-05 0 0 4.19750251e-07 0 0.0308773443 0.00332074659 0.000946658722 6.76886111e-06 0 0.0388368182 0 0.000337004778 0.00111684157 0 0 0 3.86006177e-05 2.3412133e-06 0 0 0.000701238867 0 3.23964778e-05 0 0.0359628759 2.94819747e-05 5.10625205e-06 8.97350947e-06 0.0429269001 0 0 0.00362214982 0.0252039004 0 0 1 0 0 0 0 0 0 0.545454562 0.244650543 0.823751032 0.333047152 0.75090307 1 1
G1460 0.00253894716 0.000164953424 0.0961182192 0 0.000121812685 0.173608795 0 5.01522954e-05 1.15975672e-05 0.000358112738 0.000496062916 0.00233169971 0.000734169211 0.0188608523 0.0177780315 0 0.00109477318 0.00978785381 0.00076645118 0 0.0231125187 4.84953598e-05 0.00258622295 0.0158644356 0.000274597289 0.00192089169 0 0 0.000790133723 4.51252527e-05 3.89239649e-05 0 0 4.19750251e-07 0 0.0308773443 0.00332074659 0.000946658722 6.76886111e-06 0 0.0388368182 0 0.000337004778 0.00111684157 0 0 0 3.86006177e-05 2.3412133e-06 0 0 0.000701238867 0 3.23964778e-05 0 0.0359628759 2.94819747e-05 5.10625205e-06 8.97350947e-06 0.0429269001 0 0 0.00362214982 0.0252039004 0 0 0 0 0 1 0 0 0 0.545454562 0.244650543 0.810160458 0.333047152 0.762497842 1 1
G1469 0.00253894716 0.000164953424 0.0961182192 0 0.000121812685 0.173608795 0 5.01522954e-05 1.15975672e-05 0.000358112738 0.000496062916 0.00233169971 0.000734169211 0.0188608523 0.0177780315 0 0.00109477318 0.00978785381 0.00076645118 0 0.0231125187 4.84953598e-05 0.00258622295 0.0158644356 0.000274597289 0.00192089169 0 0 0.000790133723 4.51252527e-05 3.89239649e-05 0 0 4.19750251e-07 0 0.0308773443 0.00332074659 0.000946658722 6.76886111e-06 0 0.0388368182 0 0.000337004778 0.00111684157 0 0 0 3.86006177e-05 2.3412133e-06 0 0 0.000701238867 0 3.23964778e-05 0 0.0359628759 2.94819747e-05 5.10625205e-06 8.97350947e-06 0.0429269001 0 0 0.00362214982 0.0252039004 0 0 1 0 0 0 0 0 0 0.568181813 0.244650543 0.461399913 0.299157739 0.775467992 1 1
G1470 0.00253894716 0.000164953424 0.0961182192 0 0.000121812685 0.173608795 0 5.01522954e-05 1.15975672e-05 0.000358112738 0.000496062916 0.00233169971 0.000734169211 0.0188608523 0.0177780315 0 0.00109477318 0.00978785381 0.00076645118 0 0.0231125187 4.84953598e-05 0.00258622295 0.0158644356 0.000274597289 0.00192089169 0 0 0.000790133723 4.51252527e-05 3.89239649e-05 0 0 4.19750251e-07 0 0.0308773443 0.00332074659 0.000946658722 6.76886111e-06 0 0.0388368182 0 0.000337004778 0.00111684157 0 0 0 3.86006177e-05 2.3412133e-06 0 0 0.000701238867 0 3.23964778e-05 0 0.0359628759 2.94819747e-05 5.10625205e-06 8.97350947e-06 0.0429269001 0 0 0.00362214982 0.0252039004 0 0 1 0 0 0 0 0 0 0.568181813 0.244650543 0.461399913 0.299157739 0.753284276 1 1
G1475 0.00253894716 0.000164953424 0.0961182192 0 0.000121812685 0.173608795 0 5.01522954e-05 1.15975672e-05 0.000358112738 0.000496062916 0.00233169971 0.000734169211 0.0188608523 0.0177780315 0 0.00109477318 0.00978785381 0.00076645118 0 0.0231125187 4.84953598e-05 0.00258622295 0.0158644356 0.000274597289 0.00192089169 0 0 0.000790133723 4.51252527e-05 3.89239649e-05 0 0 4.19750251e-07 0 0.0308773443 0.00332074659 0.000946658722 6.76886111e-06 0 0.0388368182 0 0.000337004778 0.00111684157 0 0 0 3.86006177e-05 2.3412133e-06 0 0 0.000701238867 0 3.23964778e-05 0 0.0359628759 2.94819747e-05 5.10625205e-06 8.97350947e-06 0.0429269001 0 0 0.00362214982 0.0252039004 0 0 1 0 0 0 0 0 0 0.590909064 0.244650543 0.480498493 0.445713937 0.762497842 1 1
G1476 0.00253894716 0.000164953424 0.0961182192 0 0.000121812685 0.173608795 0 5.01522954e-05 1.15975672e-05 0.000358112738 0.000496062916 0.00233169971 0.000734169211 0.0188608523 0.0177780315 0 0.00109477318 0.00978785381 0.00076645118 0 0.0231125187 4.84953598e-05 0.00258622295 0.0158644356 0.000274597289 0.00192089169 0 0 0.000790133723 4.51252527e-05 3.89239649e-05 0 0 4.19750251e-07 0 0.0308773443 0.00332074659 0.000946658722 6.76886111e-06 0 0.0388368182 0 0.000337004778 0.00111684157 0 0 0 3.86006177e-05 2.3412133e-06 0 0 0.000701238867 0 3.23964778e-05 0 0.0359628759 2.94819747e-05 5.10625205e-06 8.97350947e-06 0.0429269001 0 0 0.00362214982 0.0252039004 0 0 1 0 0 0 0 0 0 0.590909064 0.387761921 0.480498493 0.445713937 0.738485277 1 1
G1487 0.00253894716 0.000164953424 0.0961182192 0 0.000121812685 0.173608795 0 5.01522954e-05 1.15975672e-05 0.000358112738 0.000496062916 0.00233169971 0.000734169211 0.0188608523 0.0177780315 0 0.00109477318 0.00978785381 0.00076645118 0 0.0231125187 4.84953598e-05 0.00258622295 0.0158644356 0.000274597289 0.00192089169 0 0 0.000790133723 4.51252527e-05 3.89239649e-05 0 0 4.19750251e-07 0 0.0308773443 0.00332074659 0.000946658722 6.76886111e-06 0 0.0388368182 0 0.000337004778 0.00111684157 0 0 0 3.86006177e-05 2.3412133e-06 0 0 0.000701238867 0 3.23964778e-05 0 0.0359628759 2.94819747e-05 5.10625205e-06 8.97350947e-06 0.0429269001 0 0 0.00362214982 0.0252039004 0 0 0 0 0 1 0 0 0 0.613636374 0.244650543 0.497934133 0.46188736 0.760239482 1 1
G1490 0.00253894716 0.000164953424 0.0961182192 0 0.000121812685 0.173608795 0 5.01522954e-05 1.15975672e-05 0.000358112738 0.000496062916 0.00233169971 0.000734169211 0.0188608523 0.0177780315 0 0.00109477318 0.00978785381 0.00076645118 0 0.0231125187 4.84953598e-05 0.00258622295 0.0158644356 0.000274597289 0.00192089169 0 0 0.000790133723 4.51252527e-05 3.89239649e-05 0 0 4.19750251e-07 0 0.0308773443 0.00332074659 0.000946658722 6.76886111e-06 0 0.0388368182 0 0.000337004778 0.00111684157 0 0 0 3.86006177e-05 2.3412133e-06 0 0 0.000701238867 0 3.23964778e-05 0 0.0359628759 2.94819747e-05 5.10625205e-06 8.97350947e-06 0.0429269001 0 0 0.00362214982 0.0252039004 0 0 0 0 0 1 0 0 0 0.613636374 0.387761921 0.497934133 0.46188736 0.735892415 1 1
G1493 0.00253894716 0.000164953424 0.0961182192 0 0.000121812685 0.173608795 0 5.01522954e-05 1.15975672e-05 0.000358112738 0.000496062916 0.00233169971 0.000734169211 0.0188608523 0.0177780315 0 0.00109477318 0.00978785381 0.00076645118 0 0.0231125187 4.84953598e-05 0.00258622295 0.0158644356 0.000274597289 0.00192089169 0 0 0.000790133723 4.51252527e-05 3.89239649e-05 0 0 4.19750251e-07 0 0.0308773443 0.00332074659 0.000946658722 6.76886111e-06 0 0.0388368182 0 0.000337004778 0.00111684157 0 0 0 3.86006177e-05 2.3412133e-06 0 0 0.000701238867 0 3.23964778e-05 0 0.0359628759 2.94819747e-05 5.10625205e-06 8.97350947e-06 0.0429269001 0 0 0.00362214982 0.0252039004 0 0 0 0 0 1 0 0 0 0.613636374 0.387761921 0.497934133 0.46188736 0.735892415 1 1
G1563 0.00253894716 0.000164953424 0.0961182192 0 0.000121812685 0.173608795 0 5.01522954e-05 1.15975672e-05 0.000358112738 0.000496062916 0.00233169971 0.000734169211 0.0188608523 0.0177780315 0 0.00109477318 0.00978785381 0.00076645118 0 0.0231125187 4.84953598e-05 0.00258622295 0.0158644356 0.000274597289 0.00192089169 0 0 0.000790133723 4.51252527e-05 3.89239649e-05 0 0 4.19750251e-07 0 0.0308773443 0.00332074659 0.000946658722 6.76886111e-06 0 0.0388368182 0 0.000337004778 0.00111684157 0 0 0 3.86006177e-05 2.3412133e-06 0 0 0.000701238867 0 3.23964778e-05 0 0.0359628759 2.94819747e-05 5.10625205e-06 8.97350947e-06 0.0429269001 0 0 0.00362214982 0.0252039004 0 1 0 0 0 0 0 0 0 0.636363626 0.905314565 0.513973355 0.590727568 0.701351166 1 1
G1576 0.00253894716 0.000164953424 0.0961182192 0 0.000121812685 0.173608795 0 5.01522954e-05 1.15975672e-05 0.000358112738 0.000496062916 0.00233169971 0.000734169211 0.0188608523 0.0177780315 0 0.00109477318 0.00978785381 0.00076645118 0 0.0231125187 4.84953598e-05 0.00258622295 0.0158644356 0.000274597289 0.00192089169 0 0 0.000790133723 4.51252527e-05 3.89239649e-05 0 0 4.19750251e-07 0 0.0308773443 0.00332074659 0.000946658722 6.76886111e-06 0 0.0388368182 0 0.000337004778 0.00111684157 0 0 0 3.86006177e-05 2.3412133e-06 0 0 0.000701238867 0 3.23964778e-05 0 0.0359628759 2.94819747e-05 5.10625205e-06 8.97350947e-06 0.0429269001 0 0 0.00362214982 0.0252039004 0 1 0 0 0 0 0 0 0 0.636363626 0.733951628 0.513973355 0.590727568 0.701351166 1 1
G1584 0.00253894716 0.000164953424 0.0961182192 0 0.000121812685 0.173608795 0 5.01522954e-05 1.15975672e-05 0.000358112738 0.000496062916 0.00233169971 0.000734169211 0.0188608523 0.0177780315 0 0.00109477318 0.00978785381 0.00076645118 0 0.0231125187 4.84953598e-05 0.00258622295 0.0158644356 0.000274597289 0.00192089169 0 0 0.000790133723 4.51252527e-05 3.89239649e-05 0 0 4.19750251e-07 0 0.0308773443 0.00332074659 0.000946658722 6.76886111e-06 0 0.0388368182 0 0.000337004778 0.00111684157 0 0 0 3.86006177e-05 2.3412133e-06 0 0 0.000701238867 0 3.23964778e-05 0 0.0359628759 2.94819747e-05 5.10625205e-06 8.97350947e-06 0.0429269001 0 0 0.00362214982 0.0252039004 0 1 0 0 0 0 0 0 0 0.636363626 0.931471467 0.513973355 0.590727568 0.701351166 1 1
G1598 0.00253894716 0.000164953424 0.0961182192 0 0.000121812685 0.173608795 0 5.01522954e-05 1.15975672e-05 0.000358112738 0.000496062916 0.00233169971 0.000734169211 0.0188608523 0.0177780315 0 0.00109477318 0.00978785381 0.00076645118 0 0.0231125187 4.84953598e-05 0.00258622295 0.0158644356 0.000274597289 0.00192089169 0 0 0.000790133723 4.51252527e-05 3.89239649e-05 0 0 4.19750251e-07 0 0.0308773443 0.00332074659 0.000946658722 6.76886111e-06 0 0.0388368182 0 0.000337004778 0.00111684157 0 0 0 3.86006177e-05 2.3412133e-06 0 0 0.000701238867 0 3.23964778e-05 0 0.0359628759 2.94819747e-05 5.10625205e-06 8.97350947e-06 0.0429269001 0 0 0.00362214982 0.0252039004 0 1 0 0 0 0 0 0 0 0.636363626 0.775523841 0.513973355 0.590727568 0.701351166 1 1
__smartatpg_bin_695_3 0.00253894716 0.000164953424 0.0961182192 0 0.000121812685 0.173608795 0 5.01522954e-05 1.15975672e-05 0.000358112738 0.000496062916 0.00233169971 0.000734169211 0.0188608523 0.0177780315 0 0.00109477318 0.00978785381 0.00076645118 0 0.0231125187 4.84953598e-05 0.00258622295 0.0158644356 0.000274597289 0.00192089169 0 0 0.000790133723 4.51252527e-05 3.89239649e-05 0 0 4.19750251e-07 0 0.0308773443 0.00332074659 0.000946658722 6.76886111e-06 0 0.0388368182 0 0.000337004778 0.00111684157 0 0 0 3.86006177e-05 2.3412133e-06 0 0 0.000701238867 0 3.23964778e-05 0 0.0359628759 2.94819747e-05 5.10625205e-06 8.97350947e-06 0.0429269001 0 0 0.00362214982 0.0252039004 0 1 0 0 0 0 0 0 0 0.636363626 0.244650543 0.513973355 0.590727568 0.730588436 1 1
__smartatpg_bin_695_1 0.00253894716 0.000164953424 0.0961182192 0 0.000121812685 0.173608795 0 5.01522954e-05 1.15975672e-05 0.000358112738 0.000496062916 0.00233169971 0.000734169211 0.0188608523 0.0177780315 0 0.00109477318 0.00978785381 0.00076645118 0 0.0231125187 4.84953598e-05 0.00258622295 0.0158644356 0.000274597289 0.00192089169 0 0 0.000790133723 4.51252527e-05 3.89239649e-05 0 0 4.19750251e-07 0 0.0308773443 0.00332074659 0.000946658722 6.76886111e-06 0 0.0388368182 0 0.000337004778 0.00111684157 0 0 0 3.86006177e-05 2.3412133e-06 0 0 0.000701238867 0 3.23964778e-05 0 0.0359628759 2.94819747e-05 5.10625205e-06 8.97350947e-06 0.0429269001 0 0 0.00362214982 0.0252039004 0 1 0 0 0 0 0 0 0 0.659090936 0.244650543 0.528823376 0.719567835 0.649937987 1 1
G1508 0.00253894716 0.000164953424 0.0961182192 0 0.000121812685 0.173608795 0 5.01522954e-05 1.15975672e-05 0.000358112738 0.000496062916 0.00233169971 0.000734169211 0.0188608523 0.0177780315 0 0.00109477318 0.00978785381 0.00076645118 0 0.0231125187 4.84953598e-05 0.00258622295 0.0158644356 0.000274597289 0.00192089169 0 0 0.000790133723 4.51252527e-05 3.89239649e-05 0 0 4.19750251e-07 0 0.0308773443 0.00332074659 0.000946658722 6.76886111e-06 0 0.0388368182 0 0.000337004778 0.00111684157 0 0 0 3.86006177e-05 2.3412133e-06 0 0 0.000701238867 0 3.23964778e-05 0 0.0359628759 2.94819747e-05 5.10625205e-06 8.97350947e-06 0.0429269001 0 0 0.00362214982 0.0252039004 0 0 1 0 0 0 0 0 0 0.704545438 0.387761921 0.873012245 0.408413857 0.419672281 1 1
__smartatpg_bin_704_1 0.00253894716 0.000164953424 0.0961182192 0 0.000121812685 0.173608795 0 5.01522954e-05 1.15975672e-05 0.000358112738 0.000496062916 0.00233169971 0.000734169211 0.0188608523 0.0177780315 0 0.00109477318 0.00978785381 0.00076645118 0 0.0231125187 4.84953598e-05 0.00258622295 0.0158644356 0.000274597289 0.00192089169 0 0 0.000790133723 4.51252527e-05 3.89239649e-05 0 0 4.19750251e-07 0 0.0308773443 0.00332074659 0.000946658722 6.76886111e-06 0 0.0388368182 0 0.000337004778 0.00111684157 0 0 0 3.86006177e-05 2.3412133e-06 0 0 0.000701238867 0 3.23964778e-05 0 0.0359628759 2.94819747e-05 5.10625205e-06 8.97350947e-06 0.0429269001 0 0 0.00362214982 0.0252039004 0 1 0 0 0 0 0 0 0 0.727272749 0.244650543 0.277790427 0.46188736 0.363937497 1 1
G1607 0.00253894716 0.000164953424 0.0961182192 0 0.000121812685 0.173608795 0 5.01522954e-05 1.15975672e-05 0.000358112738 0.000496062916 0.00233169971 0.000734169211 0.0188608523 0.0177780315 0 0.00109477318 0.00978785381 0.00076645118 0 0.0231125187 4.84953598e-05 0.00258622295 0.0158644356 0.000274597289 0.00192089169 0 0 0.000790133723 4.51252527e-05 3.89239649e-05 0 0 4.19750251e-07 0 0.0308773443 0.00332074659 0.000946658722 6.76886111e-06 0 0.0388368182 0 0.000337004778 0.00111684157 0 0 0 3.86006177e-05 2.3412133e-06 0 0 0.000701238867 0 3.23964778e-05 0 0.0359628759 2.94819747e-05 5.10625205e-06 8.97350947e-06 0.0429269001 0 0 0.00362214982 0.0252039004 0 1 0 0 0 0 0 0 0 0.75 0.244650543 0.277790427 0.503364682 0.281678885 1 1
__smartatpg_bin_709_2 0.00253894716 0.000164953424 0.0961182192 0 0.000121812685 0.173608795 0 5.01522954e-05 1.15975672e-05 0.000358112738 0.000496062916 0.00233169971 0.000734169211 0.0188608523 0.0177780315 0 0.00109477318 0.00978785381 0.00076645118 0 0.0231125187 4.84953598e-05 0.00258622295 0.0158644356 0.000274597289 0.00192089169 0 0 0.000790133723 4.51252527e-05 3.89239649e-05 0 0 4.19750251e-07 0 0.0308773443 0.00332074659 0.000946658722 6.76886111e-06 0 0.0388368182 0 0.000337004778 0.00111684157 0 0 0 3.86006177e-05 2.3412133e-06 0 0 0.000701238867 0 3.23964778e-05 0 0.0359628759 2.94819747e-05 5.10625205e-06 8.97350947e-06 0.0429269001 0 0 0.00362214982 0.0252039004 0 1 0 0 0 0 0 0 0 0.659090936 0.244650543 0.480498493 0.754743576 0.816180825 1 1
G1642 0.00253894716 0.000164953424 0.0961182192 0 0.000121812685 0.173608795 0 5.01522954e-05 1.15975672e-05 0.000358112738 0.000496062916 0.00233169971 0.000734169211 0.0188608523 0.0177780315 0 0.00109477318 0.00978785381 0.00076645118 0 0.0231125187 4.84953598e-05 0.00258622295 0.0158644356 0.000274597289 0.00192089169 0 0 0.000790133723 4.51252527e-05 3.89239649e-05 0 0 4.19750251e-07 0 0.0308773443 0.00332074659 0.000946658722 6.76886111e-06 0 0.0388368182 0 0.000337004778 0.00111684157 0 0 0 3.86006177e-05 2.3412133e-06 0 0 0.000701238867 0 3.23964778e-05 0 0.0359628759 2.94819747e-05 5.10625205e-06 8.97350947e-06 0.0429269001 0 0 0.00362214982 0.0252039004 0 0 1 0 0 0 0 0 0 0.704545438 0.387761921 0.851328075 0.46188736 0.795153499 1 1
__smartatpg_bin_710_2 0.00253894716 0.000164953424 0.0961182192 0 0.000121812685 0.173608795 0 5.01522954e-05 1.15975672e-05 0.000358112738 0.000496062916 0.00233169971 0.000734169211 0.0188608523 0.0177780315 0 0.00109477318 0.00978785381 0.00076645118 0 0.0231125187 4.84953598e-05 0.00258622295 0.0158644356 0.000274597289 0.00192089169 0 0 0.000790133723 4.51252527e-05 3.89239649e-05 0 0 4.19750251e-07 0 0.0308773443 0.00332074659 0.000946658722 6.76886111e-06 0 0.0388368182 0 0.000337004778 0.00111684157 0 0 0 3.86006177e-05 2.3412133e-06 0 0 0.000701238867 0 3.23964778e-05 0 0.0359628759 2.94819747e-05 5.10625205e-06 8.97350947e-06 0.0429269001 0 0 0.00362214982 0.0252039004 0 1 0 0 0 0 0 0 0 0.659090936 0.244650543 0.480498493 0.754743576 0.816180825 1 1
G1645 0.00253894716 0.000164953424 0.0961182192 0 0.000121812685 0.173608795 0 5.01522954e-05 1.15975672e-05 0.000358112738 0.000496062916 0.00233169971 0.000734169211 0.0188608523 0.0177780315 0 0.00109477318 0.00978785381 0.00076645118 0 0.0231125187 4.84953598e-05 0.00258622295 0.0158644356 0.000274597289 0.00192089169 0 0 0.000790133723 4.51252527e-05 3.89239649e-05 0 0 4.19750251e-07 0 0.0308773443 0.00332074659 0.000946658722 6.76886111e-06 0 0.0388368182 0 0.000337004778 0.00111684157 0 0 0 3.86006177e-05 2.3412133e-06 0 0 0.000701238867 0 3.23964778e-05 0 0.0359628759 2.94819747e-05 5.10625205e-06 8.97350947e-06 0.0429269001 0 0 0.00362214982 0.0252039004 0 0 1 0 0 0 0 0 0 0.704545438 0.387761921 0.851328075 0.46188736 0.795153499 1 1
__smartatpg_bin_711_2 0.00253894716 0.000164953424 0.0961182192 0 0.000121812685 0.173608795 0 5.01522954e-05 1.15975672e-05 0.000358112738 0.000496062916 0.00233169971 0.000734169211 0.0188608523 0.0177780315 0 0.00109477318 0.00978785381 0.00076645118 0 0.0231125187 4.84953598e-05 0.00258622295 0.0158644356 0.000274597289 0.00192089169 0 0 0.000790133723 4.51252527e-05 3.89239649e-05 0 0 4.19750251e-07 0 0.0308773443 0.00332074659 0.000946658722 6.76886111e-06 0 0.0388368182 0 0.000337004778 0.00111684157 0 0 0 3.86006177e-05 2.3412133e-06 0 0 0.000701238867 0 3.23964778e-05 0 0.0359628759 2.94819747e-05 5.10625205e-06 8.97350947e-06 0.0429269001 0 0 0.00362214982 0.0252039004 0 1 0 0 0 0 0 0 0 0.659090936 0.244650543 0.480498493 0.754743576 0.816180825 1 1
G1648 0.00253894716 0.000164953424 0.0961182192 0 0.000121812685 0.173608795 0 5.01522954e-05 1.15975672e-05 0.000358112738 0.000496062916 0.00233169971 0.000734169211 0.0188608523 0.0177780315 0 0.00109477318 0.00978785381 0.00076645118 0 0.0231125187 4.84953598e-05 0.00258622295 0.0158644356 0.000274597289 0.00192089169 0 0 0.000790133723 4.51252527e-05 3.89239649e-05 0 0 4.19750251e-07 0 0.0308773443 0.00332074659 0.000946658722 6.76886111e-06 0 0.0388368182 0 0.000337004778 0.00111684157 0 0 0 3.86006177e-05 2.3412133e-06 0 0 0.000701238867 0 3.23964778e-05 0 0.0359628759 2.94819747e-05 5.10625205e-06 8.97350947e-06 0.0429269001 0 0 0.00362214982 0.0252039004 0 0 1 0 0 0 0 0 0 0.704545438 0.387761921 0.851328075 0.46188736 0.795153499 1 1
__smartatpg_bin_712_2 0.00253894716 0.000164953424 0.0961182192 0 0.000121812685 0.173608795 0 5.01522954e-05 1.15975672e-05 0.000358112738 0.000496062916 0.00233169971 0.000734169211 0.0188608523 0.0177780315 0 0.00109477318 0.00978785381 0.00076645118 0 0.0231125187 4.84953598e-05 0.00258622295 0.0158644356 0.000274597289 0.00192089169 0 0 0.000790133723 4.51252527e-05 3.89239649e-05 0 0 4.19750251e-07 0 0.0308773443 0.00332074659 0.000946658722 6.76886111e-06 0 0.0388368182 0 0.000337004778 0.00111684157 0 0 0 3.86006177e-05 2.3412133e-06 0 0 0.000701238867 0 3.23964778e-05 0 0.0359628759 2.94819747e-05 5.10625205e-06 8.97350947e-06 0.0429269001 0 0 0.00362214982 0.0252039004 0 1 0 0 0 0 0 0 0 0.659090936 0.244650543 0.480498493 0.754743576 0.816180825 1 1
G1651 0.00253894716 0.000164953424 0.0961182192 0 0.000121812685 0.173608795 0 5.01522954e-05 1.15975672e-05 0.000358112738 0.000496062916 0.00233169971 0.000734169211 0.0188608523 0.0177780315 0 0.00109477318 0.00978785381 0.00076645118 0 0.0231125187 4.84953598e-05 0.00258622295 0.0158644356 0.000274597289 0.00192089169 0 0 0.000790133723 4.51252527e-05 3.89239649e-05 0 0 4.19750251e-07 0 0.0308773443 0.00332074659 0.000946658722 6.76886111e-06 0 0.0388368182 0 0.000337004778 0.00111684157 0 0 0 3.86006177e-05 2.3412133e-06 0 0 0.000701238867 0 3.23964778e-05 0 0.0359628759 2.94819747e-05 5.10625205e-06 8.97350947e-06 0.0429269001 0 0 0.00362214982 0.0252039004 0 0 1 0 0 0 0 0 0 0.704545438 0.387761921 0.851328075 0.46188736 0.795153499 1 1
__smartatpg_bin_713_2 0.00253894716 0.000164953424 0.0961182192 0 0.000121812685 0.173608795 0 5.01522954e-05 1.15975672e-05 0.000358112738 0.000496062916 0.00233169971 0.000734169211 0.0188608523 0.0177780315 0 0.00109477318 0.00978785381 0.00076645118 0 0.0231125187 4.84953598e-05 0.00258622295 0.0158644356 0.000274597289 0.00192089169 0 0 0.000790133723 4.51252527e-05 3.89239649e-05 0 0 4.19750251e-07 0 0.0308773443 0.00332074659 0.000946658722 6.76886111e-06 0 0.0388368182 0 0.000337004778 0.00111684157 0 0 0 3.86006177e-05 2.3412133e-06 0 0 0.000701238867 0 3.23964778e-05 0 0.0359628759 2.94819747e-05 5.10625205e-06 8.97350947e-06 0.0429269001 0 0 0.00362214982 0.0252039004 0 1 0 0 0 0 0 0 0 0.659090936 0.244650543 0.480498493 0.754743576 0.807724237 1 1
G1654 0.00253894716 0.000164953424 0.0961182192 0 0.000121812685 0.173608795 0 5.01522954e-05 1.15975672e-05 0.000358112738 0.000496062916 0.00233169971 0.000734169211 0.0188608523 0.0177780315 0 0.00109477318 0.00978785381 0.00076645118 0 0.0231125187 4.84953598e-05 0.00258622295 0.0158644356 0.000274597289 0.00192089169 0 0 0.000790133723 4.51252527e-05 3.89239649e-05 0 0 4.19750251e-07 0 0.0308773443 0.00332074659 0.000946658722 6.76886111e-06 0 0.0388368182 0 0.000337004778 0.00111684157 0 0 0 3.86006177e-05 2.3412133e-06 0 0 0.000701238867 0 3.23964778e-05 0 0.0359628759 2.94819747e-05 5.10625205e-06 8.97350947e-06 0.0429269001 0 0 0.00362214982 0.0252039004 0 0 1 0 0 0 0 0 0 0.704545438 0.387761921 0.851328075 0.46188736 0.78558737 1 1
__smartatpg_bin_714_2 0.00253894716 0.000164953424 0.0961182192 0 0.000121812685 0.173608795 0 5.01522954e-05 1.15975672e-05 0.000358112738 0.000496062916 0.00233169971 0.000734169211 0.0188608523 0.0177780315 0 0.00109477318 0.00978785381 0.00076645118 0 0.0231125187 4.84953598e-05 0.00258622295 0.0158644356 0.000274597289 0.00192089169 0 0 0.000790133723 4.51252527e-05 3.89239649e-05 0 0 4.19750251e-07 0 0.0308773443 0.00332074659 0.000946658722 6.76886111e-06 0 0.0388368182 0 0.000337004778 0.00111684157 0 0 0 3.86006177e-05 2.3412133e-06 0 0 0.000701238867 0 3.23964778e-05 0 0.0359628759 2.94819747e-05 5.10625205e-06 8.97350947e-06 0.0429269001 0 0 0.00362214982 0.0252039004 0 1 0 0 0 0 0 0 0 0.659090936 0.244650543 0.480498493 0.754743576 0.807724237 1 1
G1657 0.00253894716 0.000164953424 0.0961182192 0 0.000121812685 0.173608795 0 5.01522954e-05 1.15975672e-05 0.000358112738 0.000496062916 0.00233169971 0.000734169211 0.0188608523 0.0177780315 0 0.00109477318 0.00978785381 0.00076645118 0 0.0231125187 4.84953598e-05 0.00258622295 0.0158644356 0.000274597289 0.00192089169 0 0 0.000790133723 4.51252527e-05 3.89239649e-05 0 0 4.19750251e-07 0 0.0308773443 0.00332074659 0.000946658722 6.76886111e-06 0 0.0388368182 0 0.000337004778 0.00111684157 0 0 0 3.86006177e-05 2.3412133e-06 0 0 0.000701238867 0 3.23964778e-05 0 0.0359628759 2.94819747e-05 5.10625205e-06 8.97350947e-06 0.0429269001 0 0 0.00362214982 0.0252039004 0 0 1 0 0 0 0 0 0 0.704545438 0.387761921 0.851328075 0.46188736 0.78558737 1 1
__smartatpg_bin_715_2 0.00253894716 0.000164953424 0.0961182192 0 0.000121812685 0.173608795 0 5.01522954e-05 1.15975672e-05 0.000358112738 0.000496062916 0.00233169971 0.000734169211 0.0188608523 0.0177780315 0 0.00109477318 0.00978785381 0.00076645118 0 0.0231125187 4.84953598e-05 0.00258622295 0.0158644356 0.000274597289 0.00192089169 0 0 0.000790133723 4.51252527e-05 3.89239649e-05 0 0 4.19750251e-07 0 0.0308773443 0.00332074659 0.000946658722 6.76886111e-06 0 0.0388368182 0 0.000337004778 0.00111684157 0 0 0 3.86006177e-05 2.3412133e-06 0 0 0.000701238867 0 3.23964778e-05 0 0.0359628759 2.94819747e-05 5.10625205e-06 8.97350947e-06 0.0429269001 0 0 0.00362214982 0.0252039004 0 1 0 0 0 0 0 0 0 0.659090936 0.244650543 0.480498493 0.754743576 0.807724237 1 1
G1660 0.00253894716 0.000164953424 0.0961182192 0 0.000121812685 0.173608795 0 5.01522954e-05 1.15975672e-05 0.000358112738 0.000496062916 0.00233169971 0.000734169211 0.0188608523 0.0177780315 0 0.00109477318 0.00978785381 0.00076645118 0 0.0231125187 4.84953598e-05 0.00258622295 0.0158644356 0.000274597289 0.00192089169 0 0 0.000790133723 4.51252527e-05 3.89239649e-05 0 0 4.19750251e-07 0 0.0308773443 0.00332074659 0.000946658722 6.76886111e-06 0 0.0388368182 0 0.000337004778 0.00111684157 0 0 0 3.86006177e-05 2.3412133e-06 0 0 0.000701238867 0 3.23964778e-05 0 0.0359628759 2.94819747e-05 5.10625205e-06 8.97350947e-06 0.0429269001 0 0 0.00362214982 0.0252039004 0 0 1 0 0 0 0 0 0 0.704545438 0.387761921 0.851328075 0.46188736 0.78558737 1 1
__smartatpg_bin_716_2 0.00253894716 0.000164953424 0.0961182192 0 0.000121812685 0.173608795 0 5.01522954e-05 1.15975672e-05 0.000358112738 0.000496062916 0.00233169971 0.000734169211 0.0188608523 0.0177780315 0 0.00109477318 0.00978785381 0.00076645118 0 0.0231125187 4.84953598e-05 0.00258622295 0.0158644356 0.000274597289 0.00192089169 0 0 0.000790133723 4.51252527e-05 3.89239649e-05 0 0 4.19750251e-07 0 0.0308773443 0.00332074659 0.000946658722 6.76886111e-06 0 0.0388368182 0 0.000337004778 0.00111684157 0 0 0 3.86006177e-05 2.3412133e-06 0 0 0.000701238867 0 3.23964778e-05 0 0.0359628759 2.94819747e-05 5.10625205e-06 8.97350947e-06 0.0429269001 0 0 0.00362214982 0.0252039004 0 1 0 0 0 0 0 0 0 0.659090936 0.244650543 0.480498493 0.754743576 0.532842994 1 1
G1663 0.00253894716 0.000164953424 0.0961182192 0 0.000121812685 0.173608795 0 5.01522954e-05 1.15975672e-05 0.000358112738 0.000496062916 0.00233169971 0.000734169211 0.0188608523 0.0177780315 0 0.00109477318 0.00978785381 0.00076645118 0 0.0231125187 4.84953598e-05 0.00258622295 0.0158644356 0.000274597289 0.00192089169 0 0 0.000790133723 4.51252527e-05 3.89239649e-05 0 0 4.19750251e-07 0 0.0308773443 0.00332074659 0.000946658722 6.76886111e-06 0 0.0388368182 0 0.000337004778 0.00111684157 0 0 0 3.86006177e-05 2.3412133e-06 0 0 0.000701238867 0 3.23964778e-05 0 0.0359628759 2.94819747e-05 5.10625205e-06 8.97350947e-06 0.0429269001 0 0 0.00362214982 0.0252039004 0 1 0 0 0 0 0 0 0 0.704545438 0.387761921 0.497934133 0.789698184 0.384551495 1 1
G1746 0.00253894716 0.000164953424 0.0961182192 0 0.000121812685 0.173608795 0 5.01522954e-05 1.15975672e-05 0.000358112738 0.000496062916 0.00233169971 0.000734169211 0.0188608523 0.0177780315 0 0.00109477318 0.00978785381 0.00076645118 0 0.0231125187 4.84953598e-05 0.00258622295 0.0158644356 0.000274597289 0.00192089169 0 0 0.000790133723 4.51252527e-05 3.89239649e-05 0 0 4.19750251e-07 0 0.0308773443 0.00332074659 0.000946658722 6.76886111e-06 0 0.0388368182 0 0.000337004778 0.00111684157 0 0 0 3.86006177e-05 2.3412133e-06 0 0 0.000701238867 0 3.23964778e-05 0 0.0359628759 2.94819747e-05 5.10625205e-06 8.97350947e-06 0.0429269001 0 0 0.00362214982 0.0252039004 0 0 1 0 0 0 0 0 0 0.727272749 0.244650543 0.862463355 0.299157739 0.281678885 1 1
G1747 0.00253894716 0.000164953424 0.0961182192 0 0.000121812685 0.173608795 0 5.01522954e-05 1.15975672e-05 0.000358112738 0.000496062916 0.00233169971 0.000734169211 0.0188608523 0.0177780315 0 0.00109477318 0.00978785381 0.00076645118 0 0.0231125187 4.84953598e-05 0.00258622295 0.0158644356 0.000274597289 0.00192089169 0 0 0.000790133723 4.51252527e-05 3.89239649e-05 0 0 4.19750251e-07 0 0.0308773443 0.00332074659 0.000946658722 6.76886111e-06 0 0.0388368182 0 0.000337004778 0.00111684157 0 0 0 3.86006177e-05 2.3412133e-06 0 0 0.000701238867 0 3.23964778e-05 0 0.0359628759 2.94819747e-05 5.10625205e-06 8.97350947e-06 0.0429269001 0 0 0.00362214982 0.0252039004 0 0 0 0 0 1 0 0 0 0.727272749 0.244650543 0.854170442 0.476765484 0.384551495 1 1
G1761 0.00253894716 0.000164953424 0.0961182192 0 0.000121812685 0.173608795 0 5.01522954e-05 1.15975672e-05 0.000358112738 0.000496062916 0.00233169971 0.000734169211 0.0188608523 0.0177780315 0 0.00109477318 0.00978785381 0.00076645118 0 0.0231125187 4.84953598e-05 0.00258622295 0.0158644356 0.000274597289 0.00192089169 0 0 0.000790133723 4.51252527e-05 3.89239649e-05 0 0 4.19750251e-07 0 0.0308773443 0.00332074659 0.000946658722 6.76886111e-06 0 0.0388368182 0 0.000337004778 0.00111684157 0 0 0 3.86006177e-05 2.3412133e-06 0 0 0.000701238867 0 3.23964778e-05 0 0.0359628759 2.94819747e-05 5.10625205e-06 8.97350947e-06 0.0429269001 0 0 0.00362214982 0.0252039004 0 0 1 0 0 0 0 0 0 0.75 0.244650543 0.555580854 0.257680446 0.313588262 1 1
G1884 0.00253894716 0.000164953424 0.0961182192 0 0.000121812685 0.173608795 0 5.01522954e-05 1.15975672e-05 0.000358112738 0.000496062916 0.00233169971 0.000734169211 0.0188608523 0.0177780315 0 0.00109477318 0.00978785381 0.00076645118 0 0.0231125187 4.84953598e-05 0.00258622295 0.0158644356 0.000274597289 0.00192089169 0 0 0.000790133723 4.51252527e-05 3.89239649e-05 0 0 4.19750251e-07 0 0.0308773443 0.00332074659 0.000946658722 6.76886111e-06 0 0.0388368182 0 0.000337004778 0.00111684157 0 0 0 3.86006177e-05 2.3412133e-06 0 0 0.000701238867 0 3.23964778e-05 0 0.0359628759 2.94819747e-05 5.10625205e-06 8.97350947e-06 0.0429269001 0 0 0.00362214982 0.0252039004 0 0 1 0 0 0 0 0 0 0.772727251 0 0.440287411 0.526629627 0 1 1
__smartatpg_bin_717_2 0.00253894716 0.000164953424 0.0961182192 0 0.000121812685 0.173608795 0 5.01522954e-05 1.15975672e-05 0.000358112738 0.000496062916 0.00233169971 0.000734169211 0.0188608523 0.0177780315 0 0.00109477318 0.00978785381 0.00076645118 0 0.0231125187 4.84953598e-05 0.00258622295 0.0158644356 0.000274597289 0.00192089169 0 0 0.000790133723 4.51252527e-05 3.89239649e-05 0 0 4.19750251e-07 0 0.0308773443 0.00332074659 0.000946658722 6.76886111e-06 0 0.0388368182 0 0.000337004778 0.00111684157 0 0 0 3.86006177e-05 2.3412133e-06 0 0 0.000701238867 0 3.23964778e-05 0 0.0359628759 2.94819747e-05 5.10625205e-06 8.97350947e-06 0.0429269001 0 0 0.00362214982 0.0252039004 0 1 0 0 0 0 0 0 0 0.659090936 0.244650543 0.480498493 0.754743576 0.532842994 1 1
G1666 0.00253894716 0.000164953424 0.0961182192 0 0.000121812685 0.173608795 0 5.01522954e-05 1.15975672e-05 0.000358112738 0.000496062916 0.00233169971 0.000734169211 0.0188608523 0.0177780315 0 0.00109477318 0.00978785381 0.00076645118 0 0.0231125187 4.84953598e-05 0.00258622295 0.0158644356 0.000274597289 0.00192089169 0 0 0.000790133723 4.51252527e-05 3.89239649e-05 0 0 4.19750251e-07 0 0.0308773443 0.00332074659 0.000946658722 6.76886111e-06 0 0.0388368182 0 0.000337004778 0.00111684157 0 0 0 3.86006177e-05 2.3412133e-06 0 0 0.000701238867 0 3.23964778e-05 0 0.0359628759 2.94819747e-05 5.10625205e-06 8.97350947e-06 0.0429269001 0 0 0.00362214982 0.0252039004 0 1 0 0 0 0 0 0 0 0.704545438 0.387761921 0.497934133 0.789698184 0.384551495 1 1
G1748 0.00253894716 0.000164953424 0.0961182192 0 0.000121812685 0.173608795 0 5.01522954e-05 1.15975672e-05 0.000358112738 0.000496062916 0.00233169971 0.000734169211 0.0188608523 0.0177780315 0 0.00109477318 0.00978785381 0.00076645118 0 0.0231125187 4.84953598e-05 0.00258622295 0.0158644356 0.000274597289 0.00192089169 0 0 0.000790133723 4.51252527e-05 3.89239649e-05 0 0 4.19750251e-07 0 0.0308773443 0.00332074659 0.000946658722 6.76886111e-06 0 0.0388368182 0 0.000337004778 0.00111684157 0 0 0 3.86006177e-05 2.3412133e-06 0 0 0.000701238867 0 3.23964778e-05 0 0.0359628759 2.94819747e-05 5.10625205e-06 8.97350947e-06 0.0429269001 0 0 0.00362214982 0.0252039004 0 0 1 0 0 0 0 0 0 0.727272749 0.244650543 0.862463355 0.299157739 0.281678885 1 1
G1749 0.00253894716 0.000164953424 0.0961182192 0 0.000121812685 0.173608795 0 5.01522954e-05 1.15975672e-05 0.000358112738 0.000496062916 0.00233169971 0.000734169211 0.0188608523 0.0177780315 0 0.00109477318 0.00978785381 0.00076645118 0 0.0231125187 4.84953598e-05 0.00258622295 0.0158644356 0.000274597289 0.00192089169 0 0 0.000790133723 4.51252527e-05 3.89239649e-05 0 0 4.19750251e-07 0 0.0308773443 0.00332074659 0.000946658722 6.76886111e-06 0 0.0388368182 0 0.000337004778 0.00111684157 0 0 0 3.86006177e-05 2.3412133e-06 0 0 0.000701238867 0 3.23964778e-05 0 0.0359628759 2.94819747e-05 5.10625205e-06 8.97350947e-06 0.0429269001 0 0 0.00362214982 0.0252039004 0 0 0 0 0 1 0 0 0 0.727272749 0.244650543 0.854170442 0.476765484 0.384551495 1 1
G1762 0.00253894716 0.000164953424 0.0961182192 0 0.000121812685 0.173608795 0 5.01522954e-05 1.15975672e-05 0.000358112738 0.000496062916 0.00233169971 0.000734169211 0.0188608523 0.0177780315 0 0.00109477318 0.00978785381 0.00076645118 0 0.0231125187 4.84953598e-05 0.00258622295 0.0158644356 0.000274597289 0.00192089169 0 0 0.000790133723 4.51252527e-05 3.89239649e-05 0 0 4.19750251e-07 0 0.0308773443 0.00332074659 0.000946658722 6.76886111e-06 0 0.0388368182 0 0.000337004778 0.00111684157 0 0 0 3.86006177e-05 2.3412133e-06 0 0 0.000701238867 0 3.23964778e-05 0 0.0359628759 2.94819747e-05 5.10625205e-06 8.97350947e-06 0.0429269001 0 0 0.00362214982 0.0252039004 0 0 1 0 0 0 0 0 0 0.75 0.244650543 0.555580854 0.257680446 0.313588262 1 1
G1885 0.00253894716 0.000164953424 0.0961182192 0 0.000121812685 0.173608795 0 5.01522954e-05 1.15975672e-05 0.000358112738 0.000496062916 0.00233169971 0.000734169211 0.0188608523 0.0177780315 0 0.00109477318 0.00978785381 0.00076645118 0 0.0231125187 4.84953598e-05 0.00258622295 0.0158644356 0.000274597289 0.00192089169 0 0 0.000790133723 4.51252527e-05 3.89239649e-05 0 0 4.19750251e-07 0 0.0308773443 0.00332074659 0.000946658722 6.76886111e-06 0 0.0388368182 0 0.000337004778 0.00111684157 0 0 0 3.86006177e-05 2.3412133e-06 0 0 0.000701238867 0 3.23964778e-05 0 0.0359628759 2.94819747e-05 5.10625205e-06 8.97350947e-06 0.0429269001 0 0 0.00362214982 0.0252039004 0 0 1 0 0 0 0 0 0 0.772727251 0 0.440287411 0.526629627 0 1 1
__smartatpg_bin_718_2 0.00253894716 0.000164953424 0.0961182192 0 0.000121812685 0.173608795 0 5.01522954e-05 1.15975672e-05 0.000358112738 0.000496062916 0.00233169971 0.000734169211 0.0188608523 0.0177780315 0 0.00109477318 0.00978785381 0.00076645118 0 0.0231125187 4.84953598e-05 0.00258622295 0.0158644356 0.000274597289 0.00192089169 0 0 0.000790133723 4.51252527e-05 3.89239649e-05 0 0 4.19750251e-07 0 0.0308773443 0.00332074659 0.000946658722 6.76886111e-06 0 0.0388368182 0 0.000337004778 0.00111684157 0 0 0 3.86006177e-05 2.3412133e-06 0 0 0.000701238867 0 3.23964778e-05 0 0.0359628759 2.94819747e-05 5.10625205e-06 8.97350947e-06 0.0429269001 0 0 0.00362214982 0.0252039004 0 1 0 0 0 0 0 0 0 0.659090936 0.244650543 0.480498493 0.754743576 0.532842994 1 1
G1669 0.00253894716 0.000164953424 0.0961182192 0 0.000121812685 0.173608795 0 5.01522954e-05 1.15975672e-05 0.000358112738 0.000496062916 0.00233169971 0.000734169211 0.0188608523 0.0177780315 0 0.00109477318 0.00978785381 0.00076645118 0 0.0231125187 4.84953598e-05 0.00258622295 0.0158644356 0.000274597289 0.00192089169 0 0 0.000790133723 4.51252527e-05 3.89239649e-05 0 0 4.19750251e-07 0 0.0308773443 0.00332074659 0.000946658722 6.76886111e-06 0 0.0388368182 0 0.000337004778 0.00111684157 0 0 0 3.86006177e-05 2.3412133e-06 0 0 0.000701238867 0 3.23964778e-05 0 0.0359628759 2.94819747e-05 5.10625205e-06 8.97350947e-06 0.0429269001 0 0 0.00362214982 0.0252039004 0 1 0 0 0 0 0 0 0 0.704545438 0.387761921 0.497934133 0.789698184 0.384551495 1 1
G1750 0.00253894716 0.000164953424 0.0961182192 0 0.000121812685 0.173608795 0 5.01522954e-05 1.15975672e-05 0.000358112738 0.000496062916 0.00233169971 0.000734169211 0.0188608523 0.0177780315 0 0.00109477318 0.00978785381 0.00076645118 0 0.0231125187 4.84953598e-05 0.00258622295 0.0158644356 0.000274597289 0.00192089169 0 0 0.000790133723 4.51252527e-05 3.89239649e-05 0 0 4.19750251e-07 0 0.0308773443 0.00332074659 0.000946658722 6.76886111e-06 0 0.0388368182 0 0.000337004778 0.00111684157 0 0 0 3.86006177e-05 2.3412133e-06 0 0 0.000701238867 0 3.23964778e-05 0 0.0359628759 2.94819747e-05 5.10625205e-06 8.97350947e-06 0.0429269001 0 0 0.00362214982 0.0252039004 0 0 1 0 0 0 0 0 0 0.727272749 0.244650543 0.862463355 0.299157739 0.281678885 1 1
G1751 0.00253894716 0.000164953424 0.0961182192 0 0.000121812685 0.173608795 0 5.01522954e-05 1.15975672e-05 0.000358112738 0.000496062916 0.00233169971 0.000734169211 0.0188608523 0.0177780315 0 0.00109477318 0.00978785381 0.00076645118 0 0.0231125187 4.84953598e-05 0.00258622295 0.0158644356 0.000274597289 0.00192089169 0 0 0.000790133723 4.51252527e-05 3.89239649e-05 0 0 4.19750251e-07 0 0.0308773443 0.00332074659 0.000946658722 6.76886111e-06 0 0.0388368182 0 0.000337004778 0.00111684157 0 0 0 3.86006177e-05 2.3412133e-06 0 0 0.000701238867 0 3.23964778e-05 0 0.0359628759 2.94819747e-05 5.10625205e-06 8.97350947e-06 0.0429269001 0 0 0.00362214982 0.0252039004 0 0 0 0 0 1 0 0 0 0.727272749 0.244650543 0.854170442 0.476765484 0.384551495 1 1
G1763 0.00253894716 0.000164953424 0.0961182192 0 0.000121812685 0.173608795 0 5.01522954e-05 1.15975672e-05 0.000358112738 0.000496062916 0.00233169971 0.000734169211 0.0188608523 0.0177780315 0 0.00109477318 0.00978785381 0.00076645118 0 0.0231125187 4.84953598e-05 0.00258622295 0.0158644356 0.000274597289 0.00192089169 0 0 0.000790133723 4.51252527e-05 3.89239649e-05 0 0 4.19750251e-07 0 0.0308773443 0.00332074659 0.000946658722 6.76886111e-06 0 0.0388368182 0 0.000337004778 0.00111684157 0 0 0 3.86006177e-05 2.3412133e-06 0 0 0.000701238867 0 3.23964778e-05 0 0.0359628759 2.94819747e-05 5.10625205e-06 8.97350947e-06 0.0429269001 0 0 0.00362214982 0.0252039004 0 0 1 0 0 0 0 0 0 0.75 0.244650543 0.555580854 0.257680446 0.313588262 1 1
G1886 0.00253894716 0.000164953424 0.0961182192 0 0.000121812685 0.173608795 0 5.01522954e-05 1.15975672e-05 0.000358112738 0.000496062916 0.00233169971 0.000734169211 0.0188608523 0.0177780315 0 0.00109477318 0.00978785381 0.00076645118 0 0.0231125187 4.84953598e-05 0.00258622295 0.0158644356 0.000274597289 0.00192089169 0 0 0.000790133723 4.51252527e-05 3.89239649e-05 0 0 4.19750251e-07 0 0.0308773443 0.00332074659 0.000946658722 6.76886111e-06 0 0.0388368182 0 0.000337004778 0.00111684157 0 0 0 3.86006177e-05 2.3412133e-06 0 0 0.000701238867 0 3.23964778e-05 0 0.0359628759 2.94819747e-05 5.10625205e-06 8.97350947e-06 0.0429269001 0 0 0.00362214982 0.0252039004 0 0 1 0 0 0 0 0 0 0.772727251 0 0.440287411 0.526629627 0 1 1
__smartatpg_bin_719_2 0.00253894716 0.000164953424 0.0961182192 0 0.000121812685 0.173608795 0 5.01522954e-05 1.15975672e-05 0.000358112738 0.000496062916 0.00233169971 0.000734169211 0.0188608523 0.0177780315 0 0.00109477318 0.00978785381 0.00076645118 0 0.0231125187 4.84953598e-05 0.00258622295 0.0158644356 0.000274597289 0.00192089169 0 0 0.000790133723 4.51252527e-05 3.89239649e-05 0 0 4.19750251e-07 0 0.0308773443 0.00332074659 0.000946658722 6.76886111e-06 0 0.0388368182 0 0.000337004778 0.00111684157 0 0 0 3.86006177e-05 2.3412133e-06 0 0 0.000701238867 0 3.23964778e-05 0 0.0359628759 2.94819747e-05 5.10625205e-06 8.97350947e-06 0.0429269001 0 0 0.00362214982 0.0252039004 0 1 0 0 0 0 0 0 0 0.659090936 0.244650543 0.480498493 0.754743576 0.532842994 1 1
G1672 0.00253894716 0.000164953424 0.0961182192 0 0.000121812685 0.173608795 0 5.01522954e-05 1.15975672e-05 0.000358112738 0.000496062916 0.00233169971 0.000734169211 0.0188608523 0.0177780315 0 0.00109477318 0.00978785381 0.00076645118 0 0.0231125187 4.84953598e-05 0.00258622295 0.0158644356 0.000274597289 0.00192089169 0 0 0.000790133723 4.51252527e-05 3.89239649e-05 0 0 4.19750251e-07 0 0.0308773443 0.00332074659 0.000946658722 6.76886111e-06 0 0.0388368182 0 0.000337004778 0.00111684157 0 0 0 3.86006177e-05 2.3412133e-06 0 0 0.000701238867 0 3.23964778e-05 0 0.0359628759 2.94819747e-05 5.10625205e-06 8.97350947e-06 0.0429269001 0 0 0.00362214982 0.0252039004 0 1 0 0 0 0 0 0 0 0.704545438 0.387761921 0.497934133 0.789698184 0.384551495 1 1
G1752 0.00253894716 0.000164953424 0.0961182192 0 0.000121812685 0.173608795 0 5.01522954e-05 1.15975672e-05 0.000358112738 0.000496062916 0.00233169971 0.000734169211 0.0188608523 0.0177780315 0 0.00109477318 0.00978785381 0.00076645118 0 0.0231125187 4.84953598e-05 0.00258622295 0.0158644356 0.000274597289 0.00192089169 0 0 0.000790133723 4.51252527e-05 3.89239649e-05 0 0 4.19750251e-07 0 0.0308773443 0.00332074659 0.000946658722 6.76886111e-06 0 0.0388368182 0 0.000337004778 0.00111684157 0 0 0 3.86006177e-05 2.3412133e-06 0 0 0.000701238867 0 3.23964778e-05 0 0.0359628759 2.94819747e-05 5.10625205e-06 8.97350947e-06 0.0429269001 0 0 0.00362214982 0.0252039004 0 0 1 0 0 0 0 0 0 0.727272749 0.244650543 0.862463355 0.299157739 0.281678885 1 1
G1753 0.00253894716 0.000164953424 0.0961182192 0 0.000121812685 0.173608795 0 5.01522954e-05 1.15975672e-05 0.000358112738 0.000496062916 0.00233169971 0.000734169211 0.0188608523 0.0177780315 0 0.00109477318 0.00978785381 0.00076645118 0 0.0231125187 4.84953598e-05 0.00258622295 0.0158644356 0.000274597289 0.00192089169 0 0 0.000790133723 4.51252527e-05 3.89239649e-05 0 0 4.19750251e-07 0 0.0308773443 0.00332074659 0.000946658722 6.76886111e-06 0 0.0388368182 0 0.000337004778 0.00111684157 0 0 0 3.86006177e-05 2.3412133e-06 0 0 0.000701238867 0 3.23964778e-05 0 0.0359628759 2.94819747e-05 5.10625205e-06 8.97350947e-06 0.0429269001 0 0 0.00362214982 0.0252039004 0 0 0 0 0 1 0 0 0 0.727272749 0.244650543 0.854170442 0.476765484 0.384551495 1 1
G1764 0.00253894716 0.000164953424 0.0961182192 0 0.000121812685 0.173608795 0 5.01522954e-05 1.15975672e-05 0.000358112738 0.000496062916 0.00233169971 0.000734169211 0.0188608523 0.0177780315 0 0.00109477318 0.00978785381 0.00076645118 0 0.0231125187 4.84953598e-05 0.00258622295 0.0158644356 0.000274597289 0.00192089169 0 0 0.000790133723 4.51252527e-05 3.89239649e-05 0 0 4.19750251e-07 0 0.0308773443 0.00332074659 0.000946658722 6.76886111e-06 0 0.0388368182 0 0.000337004778 0.00111684157 0 0 0 3.86006177e-05 2.3412133e-06 0 0 0.000701238867 0 3.23964778e-05 0 0.0359628759 2.94819747e-05 5.10625205e-06 8.97350947e-06 0.0429269001 0 0 0.00362214982 0.0252039004 0 0 1 0 0 0 0 0 0 0.75 0.244650543 0.555580854 0.257680446 0.313588262 1 1
G1887 0.00253894716 0.000164953424 0.0961182192 0 0.000121812685 0.173608795 0 5.01522954e-05 1.15975672e-05 0.000358112738 0.000496062916 0.00233169971 0.000734169211 0.0188608523 0.0177780315 0 0.00109477318 0.00978785381 0.00076645118 0 0.0231125187 4.84953598e-05 0.00258622295 0.0158644356 0.000274597289 0.00192089169 0 0 0.000790133723 4.51252527e-05 3.89239649e-05 0 0 4.19750251e-07 0 0.0308773443 0.00332074659 0.000946658722 6.76886111e-06 0 0.0388368182 0 0.000337004778 0.00111684157 0 0 0 3.86006177e-05 2.3412133e-06 0 0 0.000701238867 0 3.23964778e-05 0 0.0359628759 2.94819747e-05 5.10625205e-06 8.97350947e-06 0.0429269001 0 0 0.00362214982 0.0252039004 0 0 1 0 0 0 0 0 0 0.772727251 0 0.440287411 0.526629627 0 1 1
__smartatpg_bin_720_2 0.00253894716 0.000164953424 0.0961182192 0 0.000121812685 0.173608795 0 5.01522954e-05 1.15975672e-05 0.000358112738 0.000496062916 0.00233169971 0.000734169211 0.0188608523 0.0177780315 0 0.00109477318 0.00978785381 0.00076645118 0 0.0231125187 4.84953598e-05 0.00258622295 0.0158644356 0.000274597289 0.00192089169 0 0 0.000790133723 4.51252527e-05 3.89239649e-05 0 0 4.19750251e-07 0 0.0308773443 0.00332074659 0.000946658722 6.76886111e-06 0 0.0388368182 0 0.000337004778 0.00111684157 0 0 0 3.86006177e-05 2.3412133e-06 0 0 0.000701238867 0 3.23964778e-05 0 0.0359628759 2.94819747e-05 5.10625205e-06 8.97350947e-06 0.0429269001 0 0 0.00362214982 0.0252039004 0 1 0 0 0 0 0 0 0 0.659090936 0.244650543 0.480498493 0.754743576 0.532842994 1 1
G1675 0.00253894716 0.000164953424 0.0961182192 0 0.000121812685 0.173608795 0 5.01522954e-05 1.15975672e-05 0.000358112738 0.000496062916 0.00233169971 0.000734169211 0.0188608523 0.0177780315 0 0.00109477318 0.00978785381 0.00076645118 0 0.0231125187 4.84953598e-05 0.00258622295 0.0158644356 0.000274597289 0.00192089169 0 0 0.000790133723 4.51252527e-05 3.89239649e-05 0 0 4.19750251e-07 0 0.0308773443 0.00332074659 0.000946658722 6.76886111e-06 0 0.0388368182 0 0.000337004778 0.00111684157 0 0 0 3.86006177e-05 2.3412133e-06 0 0 0.000701238867 0 3.23964778e-05 0 0.0359628759 2.94819747e-05 5.10625205e-06 8.97350947e-06 0.0429269001 0 0 0.00362214982 0.0252039004 0 1 0 0 0 0 0 0 0 0.704545438 0.387761921 0.497934133 0.789698184 0.384551495 1 1
G1754 0.00253894716 0.000164953424 0.0961182192 0 0.000121812685 0.173608795 0 5.01522954e-05 1.15975672e-05 0.000358112738 0.000496062916 0.00233169971 0.000734169211 0.0188608523 0.0177780315 0 0.00109477318 0.00978785381 0.00076645118 0 0.0231125187 4.84953598e-05 0.00258622295 0.0158644356 0.000274597289 0.00192089169 0 0 0.000790133723 4.51252527e-05 3.89239649e-05 0 0 4.19750251e-07 0 0.0308773443 0.00332074659 0.000946658722 6.76886111e-06 0 0.0388368182 0 0.000337004778 0.00111684157 0 0 0 3.86006177e-05 2.3412133e-06 0 0 0.000701238867 0 3.23964778e-05 0 0.0359628759 2.94819747e-05 5.10625205e-06 8.97350947e-06 0.0429269001 0 0 0.00362214982 0.0252039004 0 0 1 0 0 0 0 0 0 0.727272749 0.244650543 0.862463355 0.299157739 0.281678885 1 1
G1755 0.00253894716 0.000164953424 0.0961182192 0 0.000121812685 0.173608795 0 5.01522954e-05 1.15975672e-05 0.000358112738 0.000496062916 0.00233169971 0.000734169211 0.0188608523 0.0177780315 0 0.00109477318 0.00978785381 0.00076645118 0 0.0231125187 4.84953598e-05 0.00258622295 0.0158644356 0.000274597289 0.00192089169 0 0 0.000790133723 4.51252527e-05 3.89239649e-05 0 0 4.19750251e-07 0 0.0308773443 0.00332074659 0.000946658722 6.76886111e-06 0 0.0388368182 0 0.000337004778 0.00111684157 0 0 0 3.86006177e-05 2.3412133e-06 0 0 0.000701238867 0 3.23964778e-05 0 0.0359628759 2.94819747e-05 5.10625205e-06 8.97350947e-06 0.0429269001 0 0 0.00362214982 0.0252039004 0 0 0 0 0 1 0 0 0 0.727272749 0.244650543 0.854170442 0.476765484 0.384551495 1 1
G1775 0.00253894716 0.000164953424 0.0961182192 0 0.000121812685 0.173608795 0 5.01522954e-05 1.15975672e-05 0.000358112738 0.000496062916 0.00233169971 0.000734169211 0.0188608523 0.0177780315 0 0.00109477318 0.00978785381 0.00076645118 0 0.0231125187 4.84953598e-05 0.00258622295 0.0158644356 0.000274597289 0.00192089169 0 0 0.000790133723 4.51252527e-05 3.89239649e-05 0 0 4.19750251e-07 0 0.0308773443 0.00332074659 0.000946658722 6.76886111e-06 0 0.0388368182 0 0.000337004778 0.00111684157 0 0 0 3.86006177e-05 2.3412133e-06 0 0 0.000701238867 0 3.23964778e-05 0 0.0359628759 2.94819747e-05 5.10625205e-06 8.97350947e-06 0.0429269001 0 0 0.00362214982 0.0252039004 0 0 1 0 0 0 0 0 0 0.75 0.244650543 0.555580854 0.257680446 0.313588262 1 1
G1888 0.00253894716 0.000164953424 0.0961182192 0 0.000121812685 0.173608795 0 5.01522954e-05 1.15975672e-05 0.000358112738 0.000496062916 0.00233169971 0.000734169211 0.0188608523 0.0177780315 0 0.00109477318 0.00978785381 0.00076645118 0 0.0231125187 4.84953598e-05 0.00258622295 0.0158644356 0.000274597289 0.00192089169 0 0 0.000790133723 4.51252527e-05 3.89239649e-05 0 0 4.19750251e-07 0 0.0308773443 0.00332074659 0.000946658722 6.76886111e-06 0 0.0388368182 0 0.000337004778 0.00111684157 0 0 0 3.86006177e-05 2.3412133e-06 0 0 0.000701238867 0 3.23964778e-05 0 0.0359628759 2.94819747e-05 5.10625205e-06 8.97350947e-06 0.0429269001 0 0 0.00362214982 0.0252039004 0 0 1 0 0 0 0 0 0 0.772727251 0 0.440287411 0.526629627 0 1 1
__smartatpg_bin_721_2 0.00253894716 0.000164953424 0.0961182192 0 0.000121812685 0.173608795 0 5.01522954e-05 1.15975672e-05 0.000358112738 0.000496062916 0.00233169971 0.000734169211 0.0188608523 0.0177780315 0 0.00109477318 0.00978785381 0.00076645118 0 0.0231125187 4.84953598e-05 0.00258622295 0.0158644356 0.000274597289 0.00192089169 0 0 0.000790133723 4.51252527e-05 3.89239649e-05 0 0 4.19750251e-07 0 0.0308773443 0.00332074659 0.000946658722 6.76886111e-06 0 0.0388368182 0 0.000337004778 0.00111684157 0 0 0 3.86006177e-05 2.3412133e-06 0 0 0.000701238867 0 3.23964778e-05 0 0.0359628759 2.94819747e-05 5.10625205e-06 8.97350947e-06 0.0429269001 0 0 0.00362214982 0.0252039004 0 1 0 0 0 0 0 0 0 0.659090936 0.244650543 0.480498493 0.754743576 0.532842994 1 1
G1678 0.00253894716 0.000164953424 0.0961182192 0 0.000121812685 0.173608795 0 5.01522954e-05 1.15975672e-05 0.000358112738 0.000496062916 0.00233169971 0.000734169211 0.0188608523 0.0177780315 0 0.00109477318 0.00978785381 0.00076645118 0 0.0231125187 4.84953598e-05 0.00258622295 0.0158644356 0.000274597289 0.00192089169 0 0 0.000790133723 4.51252527e-05 3.89239649e-05 0 0 4.19750251e-07 0 0.0308773443 0.00332074659 0.000946658722 6.76886111e-06 0 0.0388368182 0 0.000337004778 0.00111684157 0 0 0 3.86006177e-05 2.3412133e-06 0 0 0.000701238867 0 3.23964778e-05 0 0.0359628759 2.94819747e-05 5.10625205e-06 8.97350947e-06 0.0429269001 0 0 0.00362214982 0.0252039004 0 1 0 0 0 0 0 0 0 0.704545438 0.387761921 0.497934133 0.789698184 0.384551495 1 1
G1756 0.00253894716 0.000164953424 0.0961182192 0 0.000121812685 0.173608795 0 5.01522954e-05 1.15975672e-05 0.000358112738 0.000496062916 0.00233169971 0.000734169211 0.0188608523 0.0177780315 0 0.00109477318 0.00978785381 0.00076645118 0 0.0231125187 4.84953598e-05 0.00258622295 0.0158644356 0.000274597289 0.00192089169 0 0 0.000790133723 4.51252527e-05 3.89239649e-05 0 0 4.19750251e-07 0 0.0308773443 0.00332074659 0.000946658722 6.76886111e-06 0 0.0388368182 0 0.000337004778 0.00111684157 0 0 0 3.86006177e-05 2.3412133e-06 0 0 0.000701238867 0 3.23964778e-05 0 0.0359628759 2.94819747e-05 5.10625205e-06 8.97350947e-06 0.0429269001 0 0 0.00362214982 0.0252039004 0 0 1 0 0 0 0 0 0 0.727272749 0.244650543 0.862463355 0.299157739 0.281678885 1 1
G1757 0.00253894716 0.000164953424 0.0961182192 0 0.000121812685 0.173608795 0 5.01522954e-05 1.15975672e-05 0.000358112738 0.000496062916 0.00233169971 0.000734169211 0.0188608523 0.0177780315 0 0.00109477318 0.00978785381 0.00076645118 0 0.0231125187 4.84953598e-05 0.00258622295 0.0158644356 0.000274597289 0.00192089169 0 0 0.000790133723 4.51252527e-05 3.89239649e-05 0 0 4.19750251e-07 0 0.0308773443 0.00332074659 0.000946658722 6.76886111e-06 0 0.0388368182 0 0.000337004778 0.00111684157 0 0 0 3.86006177e-05 2.3412133e-06 0 0 0.000701238867 0 3.23964778e-05 0 0.0359628759 2.94819747e-05 5.10625205e-06 8.97350947e-06 0.0429269001 0 0 0.00362214982 0.0252039004 0 0 0 0 0 1 0 0 0 0.727272749 0.244650543 0.854170442 0.476765484 0.384551495 1 1
G1784 0.00253894716 0.000164953424 0.0961182192 0 0.000121812685 0.173608795 0 5.01522954e-05 1.15975672e-05 0.000358112738 0.000496062916 0.00233169971 0.000734169211 0.0188608523 0.0177780315 0 0.00109477318 0.00978785381 0.00076645118 0 0.0231125187 4.84953598e-05 0.00258622295 0.0158644356 0.000274597289 0.00192089169 0 0 0.000790133723 4.51252527e-05 3.89239649e-05 0 0 4.19750251e-07 0 0.0308773443 0.00332074659 0.000946658722 6.76886111e-06 0 0.0388368182 0 0.000337004778 0.00111684157 0 0 0 3.86006177e-05 2.3412133e-06 0 0 0.000701238867 0 3.23964778e-05 0 0.0359628759 2.94819747e-05 5.10625205e-06 8.97350947e-06 0.0429269001 0 0 0.00362214982 0.0252039004 0 0 1 0 0 0 0 0 0 0.75 0.244650543 0.555580854 0.257680446 0.313588262 1 1
G1889 0.00253894716 0.000164953424 0.0961182192 0 0.000121812685 0.173608795 0 5.01522954e-05 1.15975672e-05 0.000358112738 0.000496062916 0.00233169971 0.000734169211 0.0188608523 0.0177780315 0 0.00109477318 0.00978785381 0.00076645118 0 0.0231125187 4.84953598e-05 0.00258622295 0.0158644356 0.000274597289 0.00192089169 0 0 0.000790133723 4.51252527e-05 3.89239649e-05 0 0 4.19750251e-07 0 0.0308773443 0.00332074659 0.000946658722 6.76886111e-06 0 0.0388368182 0 0.000337004778 0.00111684157 0 0 0 3.86006177e-05 2.3412133e-06 0 0 0.000701238867 0 3.23964778e-05 0 0.0359628759 2.94819747e-05 5.10625205e-06 8.97350947e-06 0.0429269001 0 0 0.00362214982 0.0252039004 0 0 1 0 0 0 0 0 0 0.772727251 0 0.440287411 0.526629627 0 1 1
__smartatpg_bin_722_2 0.00253894716 0.000164953424 0.0961182192 0 0.000121812685 0.173608795 0 5.01522954e-05 1.15975672e-05 0.000358112738 0.000496062916 0.00233169971 0.000734169211 0.0188608523 0.0177780315 0 0.00109477318 0.00978785381 0.00076645118 0 0.0231125187 4.84953598e-05 0.00258622295 0.0158644356 0.000274597289 0.00192089169 0 0 0.000790133723 4.51252527e-05 3.89239649e-05 0 0 4.19750251e-07 0 0.0308773443 0.00332074659 0.000946658722 6.76886111e-06 0 0.0388368182 0 0.000337004778 0.00111684157 0 0 0 3.86006177e-05 2.3412133e-06 0 0 0.000701238867 0 3.23964778e-05 0 0.0359628759 2.94819747e-05 5.10625205e-06 8.97350947e-06 0.0429269001 0 0 0.00362214982 0.0252039004 0 1 0 0 0 0 0 0 0 0.659090936 0.244650543 0.480498493 0.754743576 0.532842994 1 1
G1681 0.00253894716 0.000164953424 0.0961182192 0 0.000121812685 0.173608795 0 5.01522954e-05 1.15975672e-05 0.000358112738 0.000496062916 0.00233169971 0.000734169211 0.0188608523 0.0177780315 0 0.00109477318 0.00978785381 0.00076645118 0 0.0231125187 4.84953598e-05 0.00258622295 0.0158644356 0.000274597289 0.00192089169 0 0 0.000790133723 4.51252527e-05 3.89239649e-05 0 0 4.19750251e-07 0 0.0308773443 0.00332074659 0.000946658722 6.76886111e-06 0 0.0388368182 0 0.000337004778 0.00111684157 0 0 0 3.86006177e-05 2.3412133e-06 0 0 0.000701238867 0 3.23964778e-05 0 0.0359628759 2.94819747e-05 5.10625205e-06 8.97350947e-06 0.0429269001 0 0 0.00362214982 0.0252039004 0 1 0 0 0 0 0 0 0 0.704545438 0.387761921 0.497934133 0.789698184 0.384551495 1 1
G1758 0.00253894716 0.000164953424 0.0961182192 0 0.000121812685 0.173608795 0 5.01522954e-05 1.15975672e-05 0.000358112738 0.000496062916 0.00233169971 0.000734169211 0.0188608523 0.0177780315 0 0.00109477318 0.00978785381 0.00076645118 0 0.0231125187 4.84953598e-05 0.00258622295 0.0158644356 0.000274597289 0.00192089169 0 0 0.000790133723 4.51252527e-05 3.89239649e-05 0 0 4.19750251e-07 0 0.0308773443 0.00332074659 0.000946658722 6.76886111e-06 0 0.0388368182 0 0.000337004778 0.00111684157 0 0 0 3.86006177e-05 2.3412133e-06 0 0 0.000701238867 0 3.23964778e-05 0 0.0359628759 2.94819747e-05 5.10625205e-06 8.97350947e-06 0.0429269001 0 0 0.00362214982 0.0252039004 0 0 1 0 0 0 0 0 0 0.727272749 0.244650543 0.862463355 0.299157739 0.281678885 1 1
G1759 0.00253894716 0.000164953424 0.0961182192 0 0.000121812685 0.173608795 0 5.01522954e-05 1.15975672e-05 0.000358112738 0.000496062916 0.00233169971 0.000734169211 0.0188608523 0.0177780315 0 0.00109477318 0.00978785381 0.00076645118 0 0.0231125187 4.84953598e-05 0.00258622295 0.0158644356 0.000274597289 0.00192089169 0 0 0.000790133723 4.51252527e-05 3.89239649e-05 0 0 4.19750251e-07 0 0.0308773443 0.00332074659 0.000946658722 6.76886111e-06 0 0.0388368182 0 0.000337004778 0.00111684157 0 0 0 3.86006177e-05 2.3412133e-06 0 0 0.000701238867 0 3.23964778e-05 0 0.0359628759 2.94819747e-05 5.10625205e-06 8.97350947e-06 0.0429269001 0 0 0.00362214982 0.0252039004 0 0 0 0 0 1 0 0 0 0.727272749 0.244650543 0.854170442 0.476765484 0.384551495 1 1
G1785 0.00253894716 0.000164953424 0.0961182192 0 0.000121812685 0.173608795 0 5.01522954e-05 1.15975672e-05 0.000358112738 0.000496062916 0.00233169971 0.000734169211 0.0188608523 0.0177780315 0 0.00109477318 0.00978785381 0.00076645118 0 0.0231125187 4.84953598e-05 0.00258622295 0.0158644356 0.000274597289 0.00192089169 0 0 0.000790133723 4.51252527e-05 3.89239649e-05 0 0 4.19750251e-07 0 0.0308773443 0.00332074659 0.000946658722 6.76886111e-06 0 0.0388368182 0 0.000337004778 0.00111684157 0 0 0 3.86006177e-05 2.3412133e-06 0 0 0.000701238867 0 3.23964778e-05 0 0.0359628759 2.94819747e-05 5.10625205e-06 8.97350947e-06 0.0429269001 0 0 0.00362214982 0.0252039004 0 0 1 0 0 0 0 0 0 0.75 0.244650543 0.555580854 0.257680446 0.313588262 1 1
G1890 0.00253894716 0.000164953424 0.0961182192 0 0.000121812685 0.173608795 0 5.01522954e-05 1.15975672e-05 0.000358112738 0.000496062916 0.00233169971 0.000734169211 0.0188608523 0.0177780315 0 0.00109477318 0.00978785381 0.00076645118 0 0.0231125187 4.84953598e-05 0.00258622295 0.0158644356 0.000274597289 0.00192089169 0 0 0.000790133723 4.51252527e-05 3.89239649e-05 0 0 4.19750251e-07 0 0.0308773443 0.00332074659 0.000946658722 6.76886111e-06 0 0.0388368182 0 0.000337004778 0.00111684157 0 0 0 3.86006177e-05 2.3412133e-06 0 0 0.000701238867 0 3.23964778e-05 0 0.0359628759 2.94819747e-05 5.10625205e-06 8.97350947e-06 0.0429269001 0 0 0.00362214982 0.0252039004 0 0 1 0 0 0 0 0 0 0.772727251 0 0.440287411 0.526629627 0 1 1
__smartatpg_bin_723_2 0.00253894716 0.000164953424 0.0961182192 0 0.000121812685 0.173608795 0 5.01522954e-05 1.15975672e-05 0.000358112738 0.000496062916 0.00233169971 0.000734169211 0.0188608523 0.0177780315 0 0.00109477318 0.00978785381 0.00076645118 0 0.0231125187 4.84953598e-05 0.00258622295 0.0158644356 0.000274597289 0.00192089169 0 0 0.000790133723 4.51252527e-05 3.89239649e-05 0 0 4.19750251e-07 0 0.0308773443 0.00332074659 0.000946658722 6.76886111e-06 0 0.0388368182 0 0.000337004778 0.00111684157 0 0 0 3.86006177e-05 2.3412133e-06 0 0 0.000701238867 0 3.23964778e-05 0 0.0359628759 2.94819747e-05 5.10625205e-06 8.97350947e-06 0.0429269001 0 0 0.00362214982 0.0252039004 0 1 0 0 0 0 0 0 0 0.659090936 0.244650543 0.480498493 0.754743576 0.84363091 1 1
G1684 0.00253894716 0.000164953424 0.0961182192 0 0.000121812685 0.173608795 0 5.01522954e-05 1.15975672e-05 0.000358112738 0.000496062916 0.00233169971 0.000734169211 0.0188608523 0.0177780315 0 0.00109477318 0.00978785381 0.00076645118 0 0.0231125187 4.84953598e-05 0.00258622295 0.0158644356 0.000274597289 0.00192089169 0 0 0.000790133723 4.51252527e-05 3.89239649e-05 0 0 4.19750251e-07 0 0.0308773443 0.00332074659 0.000946658722 6.76886111e-06 0 0.0388368182 0 0.000337004778 0.00111684157 0 0 0 3.86006177e-05 2.3412133e-06 0 0 0.000701238867 0 3.23964778e-05 0 0.0359628759 2.94819747e-05 5.10625205e-06 8.97350947e-06 0.0429269001 0 0 0.00362214982 0.0252039004 0 0 1 0 0 0 0 0 0 0.704545438 0.387761921 0.885462463 0.361700237 0.804223776 1 1
__smartatpg_bin_724_2 0.00253894716 0.000164953424 0.0961182192 0 0.000121812685 0.173608795 0 5.01522954e-05 1.15975672e-05 0.000358112738 0.000496062916 0.00233169971 0.000734169211 0.0188608523 0.0177780315 0 0.00109477318 0.00978785381 0.00076645118 0 0.0231125187 4.84953598e-05 0.00258622295 0.0158644356 0.000274597289 0.00192089169 0 0 0.000790133723 4.51252527e-05 3.89239649e-05 0 0 4.19750251e-07 0 0.0308773443 0.00332074659 0.000946658722 6.76886111e-06 0 0.0388368182 0 0.000337004778 0.00111684157 0 0 0 3.86006177e-05 2.3412133e-06 0 0 0.000701238867 0 3.23964778e-05 0 0.0359628759 2.94819747e-05 5.10625205e-06 8.97350947e-06 0.0429269001 0 0 0.00362214982 0.0252039004 0 1 0 0 0 0 0 0 0 0.659090936 0.244650543 0.480498493 0.754743576 0.84363091 1 1
G1687 0.00253894716 0.000164953424 0.0961182192 0 0.000121812685 0.173608795 0 5.01522954e-05 1.15975672e-05 0.000358112738 0.000496062916 0.00233169971 0.000734169211 0.0188608523 0.0177780315 0 0.00109477318 0.00978785381 0.00076645118 0 0.0231125187 4.84953598e-05 0.00258622295 0.0158644356 0.000274597289 0.00192089169 0 0 0.000790133723 4.51252527e-05 3.89239649e-05 0 0 4.19750251e-07 0 0.0308773443 0.00332074659 0.000946658722 6.76886111e-06 0 0.0388368182 0 0.000337004778 0.00111684157 0 0 0 3.86006177e-05 2.3412133e-06 0 0 0.000701238867 0 3.23964778e-05 0 0.0359628759 2.94819747e-05 5.10625205e-06 8.97350947e-06 0.0429269001 0 0 0.00362214982 0.0252039004 0 0 1 0 0 0 0 0 0 0.704545438 0.387761921 0.885462463 0.361700237 0.804223776 1 1
__smartatpg_bin_725_2 0.00253894716 0.000164953424 0.0961182192 0 0.000121812685 0.173608795 0 5.01522954e-05 1.15975672e-05 0.000358112738 0.000496062916 0.00233169971 0.000734169211 0.0188608523 0.0177780315 0 0.00109477318 0.00978785381 0.00076645118 0 0.0231125187 4.84953598e-05 0.00258622295 0.0158644356 0.000274597289 0.00192089169 0 0 0.000790133723 4.51252527e-05 3.89239649e-05 0 0 4.19750251e-07 0 0.0308773443 0.00332074659 0.000946658722 6.76886111e-06 0 0.0388368182 0 0.000337004778 0.00111684157 0 0 0 3.86006177e-05 2.3412133e-06 0 0 0.000701238867 0 3.23964778e-05 0 0.0359628759 2.94819747e-05 5.10625205e-06 8.97350947e-06 0.0429269001 0 0 0.00362214982 0.0252039004 0 1 0 0 0 0 0 0 0 0.659090936 0.244650543 0.480498493 0.754743576 0.84363091 1 1
G1690 0.00253894716 0.000164953424 0.0961182192 0 0.000121812685 0.173608795 0 5.01522954e-05 1.15975672e-05 0.000358112738 0.000496062916 0.00233169971 0.000734169211 0.0188608523 0.0177780315 0 0.00109477318 0.00978785381 0.00076645118 0 0.0231125187 4.84953598e-05 0.00258622295 0.0158644356 0.000274597289 0.00192089169 0 0 0.000790133723 4.51252527e-05 3.89239649e-05 0 0 4.19750251e-07 0 0.0308773443 0.00332074659 0.000946658722 6.76886111e-06 0 0.0388368182 0 0.000337004778 0.00111684157 0 0 0 3.86006177e-05 2.3412133e-06 0 0 0.000701238867 0 3.23964778e-05 0 0.0359628759 2.94819747e-05 5.10625205e-06 8.97350947e-06 0.0429269001 0 0 0.00362214982 0.0252039004 0 0 1 0 0 0 0 0 0 0.704545438 0.387761921 0.885462463 0.361700237 0.804223776 1 1
__smartatpg_bin_726_2 0.00253894716 0.000164953424 0.0961182192 0 0.000121812685 0.173608795 0 5.01522954e-05 1.15975672e-05 0.000358112738 0.000496062916 0.00233169971 0.000734169211 0.0188608523 0.0177780315 0 0.00109477318 0.00978785381 0.00076645118 0 0.0231125187 4.84953598e-05 0.00258622295 0.0158644356 0.000274597289 0.00192089169 0 0 0.000790133723 4.51252527e-05 3.89239649e-05 0 0 4.19750251e-07 0 0.0308773443 0.00332074659 0.000946658722 6.76886111e-06 0 0.0388368182 0 0.000337004778 0.00111684157 0 0 0 3.86006177e-05 2.3412133e-06 0 0 0.000701238867 0 3.23964778e-05 0 0.0359628759 2.94819747e-05 5.10625205e-06 8.97350947e-06 0.0429269001 0 0 0.00362214982 0.0252039004 0 1 0 0 0 0 0 0 0 0.659090936 0.244650543 0.480498493 0.754743576 0.84363091 1 1
G1693 0.00253894716 0.000164953424 0.0961182192 0 0.000121812685 0.173608795 0 5.01522954e-05 1.15975672e-05 0.000358112738 0.000496062916 0.00233169971 0.000734169211 0.0188608523 0.0177780315 0 0.00109477318 0.00978785381 0.00076645118 0 0.0231125187 4.84953598e-05 0.00258622295 0.0158644356 0.000274597289 0.00192089169 0 0 0.000790133723 4.51252527e-05 3.89239649e-05 0 0 4.19750251e-07 0 0.0308773443 0.00332074659 0.000946658722 6.76886111e-06 0 0.0388368182 0 0.000337004778 0.00111684157 0 0 0 3.86006177e-05 2.3412133e-06 0 0 0.000701238867 0 3.23964778e-05 0 0.0359628759 2.94819747e-05 5.10625205e-06 8.97350947e-06 0.0429269001 0 0 0.00362214982 0.0252039004 0 0 1 0 0 0 0 0 0 0.704545438 0.387761921 0.885462463 0.361700237 0.804223776 1 1
__smartatpg_bin_727_2 0.00253894716 0.000164953424 0.0961182192 0 0.000121812685 0.173608795 0 5.01522954e-05 1.15975672e-05 0.000358112738 0.000496062916 0.00233169971 0.000734169211 0.0188608523 0.0177780315 0 0.00109477318 0.00978785381 0.00076645118 0 0.0231125187 4.84953598e-05 0.00258622295 0.0158644356 0.000274597289 0.00192089169 0 0 0.000790133723 4.51252527e-05 3.89239649e-05 0 0 4.19750251e-07 0 0.0308773443 0.00332074659 0.000946658722 6.76886111e-06 0 0.0388368182 0 0.000337004778 0.00111684157 0 0 0 3.86006177e-05 2.3412133e-06 0 0 0.000701238867 0 3.23964778e-05 0 0.0359628759 2.94819747e-05 5.10625205e-06 8.97350947e-06 0.0429269001 0 0 0.00362214982 0.0252039004 0 1 0 0 0 0 0 0 0 0.659090936 0.244650543 0.480498493 0.754743576 0.836427569 1 1
G1696 0.00253894716 0.000164953424 0.0961182192 0 0.000121812685 0.173608795 0 5.01522954e-05 1.15975672e-05 0.000358112738 0.000496062916 0.00233169971 0.000734169211 0.0188608523 0.0177780315 0 0.00109477318 0.00978785381 0.00076645118 0 0.0231125187 4.84953598e-05 0.00258622295 0.0158644356 0.000274597289 0.00192089169 0 0 0.000790133723 4.51252527e-05 3.89239649e-05 0 0 4.19750251e-07 0 0.0308773443 0.00332074659 0.000946658722 6.76886111e-06 0 0.0388368182 0 0.000337004778 0.00111684157 0 0 0 3.86006177e-05 2.3412133e-06 0 0 0.000701238867 0 3.23964778e-05 0 0.0359628759 2.94819747e-05 5.10625205e-06 8.97350947e-06 0.0429269001 0 0 0.00362214982 0.0252039004 0 0 1 0 0 0 0 0 0 0.704545438 0.387761921 0.885462463 0.361700237 0.795153499 1 1
__smartatpg_bin_728_2 0.00253894716 0.000164953424 0.0961182192 0 0.000121812685 0.173608795 0 5.01522954e-05 1.15975672e-05 0.000358112738 0.000496062916 0.00233169971 0.000734169211 0.0188608523 0.0177780315 0 0.00109477318 0.00978785381 0.00076645118 0 0.0231125187 4.84953598e-05 0.00258622295 0.0158644356 0.000274597289 0.00192089169 0 0 0.000790133723 4.51252527e-05 3.89239649e-05 0 0 4.19750251e-07 0 0.0308773443 0.00332074659 0.000946658722 6.76886111e-06 0 0.0388368182 0 0.000337004778 0.00111684157 0 0 0 3.86006177e-05 2.3412133e-06 0 0 0.000701238867 0 3.23964778e-05 0 0.0359628759 2.94819747e-05 5.10625205e-06 8.97350947e-06 0.0429269001 0 0 0.00362214982 0.0252039004 0 1 0 0 0 0 0 0 0 0.659090936 0.244650543 0.480498493 0.754743576 0.836427569 1 1
G1699 0.00253894716 0.000164953424 0.0961182192 0 0.000121812685 0.173608795 0 5.01522954e-05 1.15975672e-05 0.000358112738 0.000496062916 0.00233169971 0.000734169211 0.0188608523 0.0177780315 0 0.00109477318 0.00978785381 0.00076645118 0 0.0231125187 4.84953598e-05 0.00258622295 0.0158644356 0.000274597289 0.00192089169 0 0 0.000790133723 4.51252527e-05 3.89239649e-05 0 0 4.19750251e-07 0 0.0308773443 0.00332074659 0.000946658722 6.76886111e-06 0 0.0388368182 0 0.000337004778 0.00111684157 0 0 0 3.86006177e-05 2.3412133e-06 0 0 0.000701238867 0 3.23964778e-05 0 0.0359628759 2.94819747e-05 5.10625205e-06 8.97350947e-06 0.0429269001 0 0 0.00362214982 0.0252039004 0 0 1 0 0 0 0 0 0 0.704545438 0.387761921 0.885462463 0.361700237 0.795153499 1 1
__smartatpg_bin_729_2 0.00253894716 0.000164953424 0.0961182192 0 0.000121812685 0.173608795 0 5.01522954e-05 1.15975672e-05 0.000358112738 0.000496062916 0.00233169971 0.000734169211 0.0188608523 0.0177780315 0 0.00109477318 0.00978785381 0.00076645118 0 0.0231125187 4.84953598e-05 0.00258622295 0.0158644356 0.000274597289 0.00192089169 0 0 0.000790133723 4.51252527e-05 3.89239649e-05 0 0 4.19750251e-07 0 0.0308773443 0.00332074659 0.000946658722 6.76886111e-06 0 0.0388368182 0 0.000337004778 0.00111684157 0 0 0 3.86006177e-05 2.3412133e-06 0 0 0.000701238867 0 3.23964778e-05 0 0.0359628759 2.94819747e-05 5.10625205e-06 8.97350947e-06 0.0429269001 0 0 0.00362214982 0.0252039004 0 1 0 0 0 0 0 0 0 0.659090936 0.244650543 0.480498493 0.754743576 0.836427569 1 1
G1702 0.00253894716 0.000164953424 0.0961182192 0 0.000121812685 0.173608795 0 5.01522954e-05 1.15975672e-05 0.000358112738 0.000496062916 0.00233169971 0.000734169211 0.0188608523 0.0177780315 0 0.00109477318 0.00978785381 0.00076645118 0 0.0231125187 4.84953598e-05 0.00258622295 0.0158644356 0.000274597289 0.00192089169 0 0 0.000790133723 4.51252527e-05 3.89239649e-05 0 0 4.19750251e-07 0 0.0308773443 0.00332074659 0.000946658722 6.76886111e-06 0 0.0388368182 0 0.000337004778 0.00111684157 0 0 0 3.86006177e-05 2.3412133e-06 0 0 0.000701238867 0 3.23964778e-05 0 0.0359628759 2.94819747e-05 5.10625205e-06 8.97350947e-06 0.0429269001 0 0 0.00362214982 0.0252039004 0 0 1 0 0 0 0 0 0 0.704545438 0.387761921 0.885462463 0.361700237 0.795153499 1 1
__smartatpg_bin_730_2 0.00253894716 0.000164953424 0.0961182192 0 0.000121812685 0.173608795 0 5.01522954e-05 1.15975672e-05 0.000358112738 0.000496062916 0.00233169971 0.000734169211 0.0188608523 0.0177780315 0 0.00109477318 0.00978785381 0.00076645118 0 0.0231125187 4.84953598e-05 0.00258622295 0.0158644356 0.000274597289 0.00192089169 0 0 0.000790133723 4.51252527e-05 3.89239649e-05 0 0 4.19750251e-07 0 0.0308773443 0.00332074659 0.000946658722 6.76886111e-06 0 0.0388368182 0 0.000337004778 0.00111684157 0 0 0 3.86006177e-05 2.3412133e-06 0 0 0.000701238867 0 3.23964778e-05 0 0.0359628759 2.94819747e-05 5.10625205e-06 8.97350947e-06 0.0429269001 0 0 0.00362214982 0.0252039004 0 1 0 0 0 0 0 0 0 0.659090936 0.244650543 0.480498493 0.754743576 0.836427569 1 1
G1705 0.00253894716 0.000164953424 0.0961182192 0 0.000121812685 0.173608795 0 5.01522954e-05 1.15975672e-05 0.000358112738 0.000496062916 0.00233169971 0.000734169211 0.0188608523 0.0177780315 0 0.00109477318 0.00978785381 0.00076645118 0 0.0231125187 4.84953598e-05 0.00258622295 0.0158644356 0.000274597289 0.00192089169 0 0 0.000790133723 4.51252527e-05 3.89239649e-05 0 0 4.19750251e-07 0 0.0308773443 0.00332074659 0.000946658722 6.76886111e-06 0 0.0388368182 0 0.000337004778 0.00111684157 0 0 0 3.86006177e-05 2.3412133e-06 0 0 0.000701238867 0 3.23964778e-05 0 0.0359628759 2.94819747e-05 5.10625205e-06 8.97350947e-06 0.0429269001 0 0 0.00362214982 0.0252039004 0 0 1 0 0 0 0 0 0 0.704545438 0.387761921 0.885462463 0.361700237 0.795153499 1 1
__smartatpg_bin_731_2 0.00253894716 0.000164953424 0.0961182192 0 0.000121812685 0.173608795 0 5.01522954e-05 1.15975672e-05 0.000358112738 0.000496062916 0.00233169971 0.000734169211 0.0188608523 0.0177780315 0 0.00109477318 0.00978785381 0.00076645118 0 0.0231125187 4.84953598e-05 0.00258622295 0.0158644356 0.000274597289 0.00192089169 0 0 0.000790133723 4.51252527e-05 3.89239649e-05 0 0 4.19750251e-07 0 0.0308773443 0.00332074659 0.000946658722 6.76886111e-06 0 0.0388368182 0 0.000337004778 0.00111684157 0 0 0 3.86006177e-05 2.3412133e-06 0 0 0.000701238867 0 3.23964778e-05 0 0.0359628759 2.94819747e-05 5.10625205e-06 8.97350947e-06 0.0429269001 0 0 0.00362214982 0.0252039004 0 1 0 0 0 0 0 0 0 0.659090936 0.244650543 0.480498493 0.754743576 0.836427569 1 1
G1708 0.00253894716 0.000164953424 0.0961182192 0 0.000121812685 0.173608795 0 5.01522954e-05 1.15975672e-05 0.000358112738 0.000496062916 0.00233169971 0.000734169211 0.0188608523 0.0177780315 0 0.00109477318 0.00978785381 0.00076645118 0 0.0231125187 4.84953598e-05 0.00258622295 0.0158644356 0.000274597289 0.00192089169 0 0 0.000790133723 4.51252527e-05 3.89239649e-05 0 0 4.19750251e-07 0 0.0308773443 0.00332074659 0.000946658722 6.76886111e-06 0 0.0388368182 0 0.000337004778 0.00111684157 0 0 0 3.86006177e-05 2.3412133e-06 0 0 0.000701238867 0 3.23964778e-05 0 0.0359628759 2.94819747e-05 5.10625205e-06 8.97350947e-06 0.0429269001 0 0 0.00362214982 0.0252039004 0 0 1 0 0 0 0 0 0 0.704545438 0.387761921 0.885462463 0.361700237 0.795153499 1 1
__smartatpg_bin_732_2 0.00253894716 0.000164953424 0.0961182192 0 0.000121812685 0.173608795 0 5.01522954e-05 1.15975672e-05 0.000358112738 0.000496062916 0.00233169971 0.000734169211 0.0188608523 0.0177780315 0 0.00109477318 0.00978785381 0.00076645118 0 0.0231125187 4.84953598e-05 0.00258622295 0.0158644356 0.000274597289 0.00192089169 0 0 0.000790133723 4.51252527e-05 3.89239649e-05 0 0 4.19750251e-07 0 0.0308773443 0.00332074659 0.000946658722 6.76886111e-06 0 0.0388368182 0 0.000337004778 0.00111684157 0 0 0 3.86006177e-05 2.3412133e-06 0 0 0.000701238867 0 3.23964778e-05 0 0.0359628759 2.94819747e-05 5.10625205e-06 8.97350947e-06 0.0429269001 0 0 0.00362214982 0.0252039004 0 1 0 0 0 0 0 0 0 0.659090936 0.244650543 0.359038919 0.751510859 0.959204614 1 1
G1711 0.00253894716 0.000164953424 0.0961182192 0 0.000121812685 0.173608795 0 5.01522954e-05 1.15975672e-05 0.000358112738 0.000496062916 0.00233169971 0.000734169211 0.0188608523 0.0177780315 0 0.00109477318 0.00978785381 0.00076645118 0 0.0231125187 4.84953598e-05 0.00258622295 0.0158644356 0.000274597289 0.00192089169 0 0 0.000790133723 4.51252527e-05 3.89239649e-05 0 0 4.19750251e-07 0 0.0308773443 0.00332074659 0.000946658722 6.76886111e-06 0 0.0388368182 0 0.000337004778 0.00111684157 0 0 0 3.86006177e-05 2.3412133e-06 0 0 0.000701238867 0 3.23964778e-05 0 0.0359628759 2.94819747e-05 5.10625205e-06 8.97350947e-06 0.0429269001 0 0 0.00362214982 0.0252039004 0 0 1 0 0 0 0 0 0 0.704545438 0.244650543 0.883033514 0.361700237 0.939952612 1 1
__smartatpg_bin_733_2 0.00253894716 0.000164953424 0.0961182192 0 0.000121812685 0.173608795 0 5.01522954e-05 1.15975672e-05 0.000358112738 0.000496062916 0.00233169971 0.000734169211 0.0188608523 0.0177780315 0 0.00109477318 0.00978785381 0.00076645118 0 0.0231125187 4.84953598e-05 0.00258622295 0.0158644356 0.000274597289 0.00192089169 0 0 0.000790133723 4.51252527e-05 3.89239649e-05 0 0 4.19750251e-07 0 0.0308773443 0.00332074659 0.000946658722 6.76886111e-06 0 0.0388368182 0 0.000337004778 0.00111684157 0 0 0 3.86006177e-05 2.3412133e-06 0 0 0.000701238867 0 3.23964778e-05 0 0.0359628759 2.94819747e-05 5.10625205e-06 8.97350947e-06 0.0429269001 0 0 0.00362214982 0.0252039004 0 1 0 0 0 0 0 0 0 0.659090936 0.244650543 0.359038919 0.751510859 0.959204614 1 1
G1712 0.00253894716 0.000164953424 0.0961182192 0 0.000121812685 0.173608795 0 5.01522954e-05 1.15975672e-05 0.000358112738 0.000496062916 0.00233169971 0.000734169211 0.0188608523 0.0177780315 0 0.00109477318 0.00978785381 0.00076645118 0 0.0231125187 4.84953598e-05 0.00258622295 0.0158644356 0.000274597289 0.00192089169 0 0 0.000790133723 4.51252527e-05 3.89239649e-05 0 0 4.19750251e-07 0 0.0308773443 0.00332074659 0.000946658722 6.76886111e-06 0 0.0388368182 0 0.000337004778 0.00111684157 0 0 0 3.86006177e-05 2.3412133e-06 0 0 0.000701238867 0 3.23964778e-05 0 0.0359628759 2.94819747e-05 5.10625205e-06 8.97350947e-06 0.0429269001 0 0 0.00362214982 0.0252039004 0 0 1 0 0 0 0 0 0 0.704545438 0.244650543 0.883033514 0.361700237 0.939952612 1 1
__smartatpg_bin_734_2 0.00253894716 0.000164953424 0.0961182192 0 0.000121812685 0.173608795 0 5.01522954e-05 1.15975672e-05 0.000358112738 0.000496062916 0.00233169971 0.000734169211 0.0188608523 0.0177780315 0 0.00109477318 0.00978785381 0.00076645118 0 0.0231125187 4.84953598e-05 0.00258622295 0.0158644356 0.000274597289 0.00192089169 0 0 0.000790133723 4.51252527e-05 3.89239649e-05 0 0 4.19750251e-07 0 0.0308773443 0.00332074659 0.000946658722 6.76886111e-06 0 0.0388368182 0 0.000337004778 0.00111684157 0 0 0 3.86006177e-05 2.3412133e-06 0 0 0.000701238867 0 3.23964778e-05 0 0.0359628759 2.94819747e-05 5.10625205e-06 8.97350947e-06 0.0429269001 0 0 0.00362214982 0.0252039004 0 1 0 0 0 0 0 0 0 0.659090936 0.244650543 0.359038919 0.751510859 0.968436837 1 1
G1713 0.00253894716 0.000164953424 0.0961182192 0 0.000121812685 0.173608795 0 5.01522954e-05 1.15975672e-05 0.000358112738 0.000496062916 0.00233169971 0.000734169211 0.0188608523 0.0177780315 0 0.00109477318 0.00978785381 0.00076645118 0 0.0231125187 4.84953598e-05 0.00258622295 0.0158644356 0.000274597289 0.00192089169 0 0 0.000790133723 4.51252527e-05 3.89239649e-05 0 0 4.19750251e-07 0 0.0308773443 0.00332074659 0.000946658722 6.76886111e-06 0 0.0388368182 0 0.000337004778 0.00111684157 0 0 0 3.86006177e-05 2.3412133e-06 0 0 0.000701238867 0 3.23964778e-05 0 0.0359628759 2.94819747e-05 5.10625205e-06 8.97350947e-06 0.0429269001 0 0 0.00362214982 0.0252039004 0 0 1 0 0 0 0 0 0 0.704545438 0.244650543 0.912521482 0.361700237 0.939952612 1 1
__smartatpg_bin_735_2 0.00253894716 0.000164953424 0.0961182192 0 0.000121812685 0.173608795 0 5.01522954e-05 1.15975672e-05 0.000358112738 0.000496062916 0.00233169971 0.000734169211 0.0188608523 0.0177780315 0 0.00109477318 0.00978785381 0.00076645118 0 0.0231125187 4.84953598e-05 0.00258622295 0.0158644356 0.000274597289 0.00192089169 0 0 0.000790133723 4.51252527e-05 3.89239649e-05 0 0 4.19750251e-07 0 0.0308773443 0.00332074659 0.000946658722 6.76886111e-06 0 0.0388368182 0 0.000337004778 0.00111684157 0 0 0 3.86006177e-05 2.3412133e-06 0 0 0.000701238867 0 3.23964778e-05 0 0.0359628759 2.94819747e-05 5.10625205e-06 8.97350947e-06 0.0429269001 0 0 0.00362214982 0.0252039004 0 1 0 0 0 0 0 0 0 0.659090936 0.244650543 0.359038919 0.751510859 0.968436837 1 1
G1714 0.00253894716 0.000164953424 0.0961182192 0 0.000121812685 0.173608795 0 5.01522954e-05 1.15975672e-05 0.000358112738 0.000496062916 0.00233169971 0.000734169211 0.0188608523 0.0177780315 0 0.00109477318 0.00978785381 0.00076645118 0 0.0231125187 4.84953598e-05 0.00258622295 0.0158644356 0.000274597289 0.00192089169 0 0 0.000790133723 4.51252527e-05 3.89239649e-05 0 0 4.19750251e-07 0 0.0308773443 0.00332074659 0.000946658722 6.76886111e-06 0 0.0388368182 0 0.000337004778 0.00111684157 0 0 0 3.86006177e-05 2.3412133e-06 0 0 0.000701238867 0 3.23964778e-05 0 0.0359628759 2.94819747e-05 5.10625205e-06 8.97350947e-06 0.0429269001 0 0 0.00362214982 0.0252039004 0 0 1 0 0 0 0 0 0 0.704545438 0.244650543 0.912521482 0.361700237 0.939952612 1 1
__smartatpg_bin_736_2 0.00253894716 0.000164953424 0.0961182192 0 0.000121812685 0.173608795 0 5.01522954e-05 1.15975672e-05 0.000358112738 0.000496062916 0.00233169971 0.000734169211 0.0188608523 0.0177780315 0 0.00109477318 0.00978785381 0.00076645118 0 0.0231125187 4.84953598e-05 0.00258622295 0.0158644356 0.000274597289 0.00192089169 0 0 0.000790133723 4.51252527e-05 3.89239649e-05 0 0 4.19750251e-07 0 0.0308773443 0.00332074659 0.000946658722 6.76886111e-06 0 0.0388368182 0 0.000337004778 0.00111684157 0 0 0 3.86006177e-05 2.3412133e-06 0 0 0.000701238867 0 3.23964778e-05 0 0.0359628759 2.94819747e-05 5.10625205e-06 8.97350947e-06 0.0429269001 0 0 0.00362214982 0.0252039004 0 1 0 0 0 0 0 0 0 0.659090936 0.244650543 0.359038919 0.751510859 0.968436837 1 1
G1715 0.00253894716 0.000164953424 0.0961182192 0 0.000121812685 0.173608795 0 5.01522954e-05 1.15975672e-05 0.000358112738 0.000496062916 0.00233169971 0.000734169211 0.0188608523 0.0177780315 0 0.00109477318 0.00978785381 0.00076645118 0 0.0231125187 4.84953598e-05 0.00258622295 0.0158644356 0.000274597289 0.00192089169 0 0 0.000790133723 4.51252527e-05 3.89239649e-05 0 0 4.19750251e-07 0 0.0308773443 0.00332074659 0.000946658722 6.76886111e-06 0 0.0388368182 0 0.000337004778 0.00111684157 0 0 0 3.86006177e-05 2.3412133e-06 0 0 0.000701238867 0 3.23964778e-05 0 0.0359628759 2.94819747e-05 5.10625205e-06 8.97350947e-06 0.0429269001 0 0 0.00362214982 0.0252039004 0 0 1 0 0 0 0 0 0 0.704545438 0.244650543 0.912521482 0.361700237 0.939952612 1 1
__smartatpg_bin_737_2 0.00253894716 0.000164953424 0.0961182192 0 0.000121812685 0.173608795 0 5.01522954e-05 1.15975672e-05 0.000358112738 0.000496062916 0.00233169971 0.000734169211 0.0188608523 0.0177780315 0 0.00109477318 0.00978785381 0.00076645118 0 0.0231125187 4.84953598e-05 0.00258622295 0.0158644356 0.000274597289 0.00192089169 0 0 0.000790133723 4.51252527e-05 3.89239649e-05 0 0 4.19750251e-07 0 0.0308773443 0.00332074659 0.000946658722 6.76886111e-06 0 0.0388368182 0 0.000337004778 0.00111684157 0 0 0 3.86006177e-05 2.3412133e-06 0 0 0.000701238867 0 3.23964778e-05 0 0.0359628759 2.94819747e-05 5.10625205e-06 8.97350947e-06 0.0429269001 0 0 0.00362214982 0.0252039004 0 1 0 0 0 0 0 0 0 0.659090936 0.244650543 0.359038919 0.751510859 0.968436837 1 1
G1716 0.00253894716 0.000164953424 0.0961182192 0 0.000121812685 0.173608795 0 5.01522954e-05 1.15975672e-05 0.000358112738 0.000496062916 0.00233169971 0.000734169211 0.0188608523 0.0177780315 0 0.00109477318 0.00978785381 0.00076645118 0 0.0231125187 4.84953598e-05 0.00258622295 0.0158644356 0.000274597289 0.00192089169 0 0 0.000790133723 4.51252527e-05 3.89239649e-05 0 0 4.19750251e-07 0 0.0308773443 0.00332074659 0.000946658722 6.76886111e-06 0 0.0388368182 0 0.000337004778 0.00111684157 0 0 0 3.86006177e-05 2.3412133e-06 0 0 0.000701238867 0 3.23964778e-05 0 0.0359628759 2.94819747e-05 5.10625205e-06 8.97350947e-06 0.0429269001 0 0 0.00362214982 0.0252039004 0 0 1 0 0 0 0 0 0 0.704545438 0.244650543 0.912521482 0.361700237 0.939952612 1 1
__smartatpg_bin_738_2 0.00253894716 0.000164953424 0.0961182192 0 0.000121812685 0.173608795 0 5.01522954e-05 1.15975672e-05 0.000358112738 0.000496062916 0.00233169971 0.000734169211 0.0188608523 0.0177780315 0 0.00109477318 0.00978785381 0.00076645118 0 0.0231125187 4.84953598e-05 0.00258622295 0.0158644356 0.000274597289 0.00192089169 0 0 0.000790133723 4.51252527e-05 3.89239649e-05 0 0 4.19750251e-07 0 0.0308773443 0.00332074659 0.000946658722 6.76886111e-06 0 0.0388368182 0 0.000337004778 0.00111684157 0 0 0 3.86006177e-05 2.3412133e-06 0 0 0.000701238867 0 3.23964778e-05 0 0.0359628759 2.94819747e-05 5.10625205e-06 8.97350947e-06 0.0429269001 0 0 0.00362214982 0.0252039004 0 1 0 0 0 0 0 0 0 0.659090936 0.244650543 0.359038919 0.751510859 0.968436837 1 1
G1717 0.00253894716 0.000164953424 0.0961182192 0 0.000121812685 0.173608795 0 5.01522954e-05 1.15975672e-05 0.000358112738 0.000496062916 0.00233169971 0.000734169211 0.0188608523 0.0177780315 0 0.00109477318 0.00978785381 0.00076645118 0 0.0231125187 4.84953598e-05 0.00258622295 0.0158644356 0.000274597289 0.00192089169 0 0 0.000790133723 4.51252527e-05 3.89239649e-05 0 0 4.19750251e-07 0 0.0308773443 0.00332074659 0.000946658722 6.76886111e-06 0 0.0388368182 0 0.000337004778 0.00111684157 0 0 0 3.86006177e-05 2.3412133e-06 0 0 0.000701238867 0 3.23964778e-05 0 0.0359628759 2.94819747e-05 5.10625205e-06 8.97350947e-06 0.0429269001 0 0 0.00362214982 0.0252039004 0 0 1 0 0 0 0 0 0 0.704545438 0.244650543 0.912521482 0.361700237 0.939952612 1 1
__smartatpg_bin_739_2 0.00253894716 0.000164953424 0.0961182192 0 0.000121812685 0.173608795 0 5.01522954e-05 1.15975672e-05 0.000358112738 0.000496062916 0.00233169971 0.000734169211 0.0188608523 0.0177780315 0 0.00109477318 0.00978785381 0.00076645118 0 0.0231125187 4.84953598e-05 0.00258622295 0.0158644356 0.000274597289 0.00192089169 0 0 0.000790133723 4.51252527e-05 3.89239649e-05 0 0 4.19750251e-07 0 0.0308773443 0.00332074659 0.000946658722 6.76886111e-06 0 0.0388368182 0 0.000337004778 0.00111684157 0 0 0 3.86006177e-05 2.3412133e-06 0 0 0.000701238867 0 3.23964778e-05 0 0.0359628759 2.94819747e-05 5.10625205e-06 8.97350947e-06 0.0429269001 0 0 0.00362214982 0.0252039004 0 1 0 0 0 0 0 0 0 0.659090936 0.244650543 0.359038919 0.751510859 0.968436837 1 1
G1718 0.00253894716 0.000164953424 0.0961182192 0 0.000121812685 0.173608795 0 5.01522954e-05 1.15975672e-05 0.000358112738 0.000496062916 0.00233169971 0.000734169211 0.0188608523 0.0177780315 0 0.00109477318 0.00978785381 0.00076645118 0 0.0231125187 4.84953598e-05 0.00258622295 0.0158644356 0.000274597289 0.00192089169 0 0 0.000790133723 4.51252527e-05 3.89239649e-05 0 0 4.19750251e-07 0 0.0308773443 0.00332074659 0.000946658722 6.76886111e-06 0 0.0388368182 0 0.000337004778 0.00111684157 0 0 0 3.86006177e-05 2.3412133e-06 0 0 0.000701238867 0 3.23964778e-05 0 0.0359628759 2.94819747e-05 5.10625205e-06 8.97350947e-06 0.0429269001 0 0 0.00362214982 0.0252039004 0 0 1 0 0 0 0 0 0 0.704545438 0.244650543 0.912521482 0.361700237 0.939952612 1 1
__smartatpg_bin_740_2 0.00253894716 0.000164953424 0.0961182192 0 0.000121812685 0.173608795 0 5.01522954e-05 1.15975672e-05 0.000358112738 0.000496062916 0.00233169971 0.000734169211 0.0188608523 0.0177780315 0 0.00109477318 0.00978785381 0.00076645118 0 0.0231125187 4.84953598e-05 0.00258622295 0.0158644356 0.000274597289 0.00192089169 0 0 0.000790133723 4.51252527e-05 3.89239649e-05 0 0 4.19750251e-07 0 0.0308773443 0.00332074659 0.000946658722 6.76886111e-06 0 0.0388368182 0 0.000337004778 0.00111684157 0 0 0 3.86006177e-05 2.3412133e-06 0 0 0.000701238867 0 3.23964778e-05 0 0.0359628759 2.94819747e-05 5.10625205e-06 8.97350947e-06 0.0429269001 0 0 0.00362214982 0.0252039004 0 1 0 0 0 0 0 0 0 0.659090936 0.244650543 0.480498493 0.754743576 0.617172837 1 1
G1719 0.00253894716 0.000164953424 0.0961182192 0 0.000121812685 0.173608795 0 5.01522954e-05 1.15975672e-05 0.000358112738 0.000496062916 0.00233169971 0.000734169211 0.0188608523 0.0177780315 0 0.00109477318 0.00978785381 0.00076645118 0 0.0231125187 4.84953598e-05 0.00258622295 0.0158644356 0.000274597289 0.00192089169 0 0 0.000790133723 4.51252527e-05 3.89239649e-05 0 0 4.19750251e-07 0 0.0308773443 0.00332074659 0.000946658722 6.76886111e-06 0 0.0388368182 0 0.000337004778 0.00111684157 0 0 0 3.86006177e-05 2.3412133e-06 0 0 0.000701238867 0 3.23964778e-05 0 0.0359628759 2.94819747e-05 5.10625205e-06 8.97350947e-06 0.0429269001 0 0 0.00362214982 0.0252039004 0 1 0 0 0 0 0 0 0 0.704545438 0.387761921 0.389928162 0.821361482 0.384551495 1 1
G1765 0.00253894716 0.000164953424 0.0961182192 0 0.000121812685 0.173608795 0 5.01522954e-05 1.15975672e-05 0.000358112738 0.000496062916 0.00233169971 0.000734169211 0.0188608523 0.0177780315 0 0.00109477318 0.00978785381 0.00076645118 0 0.0231125187 4.84953598e-05 0.00258622295 0.0158644356 0.000274597289 0.00192089169 0 0 0.000790133723 4.51252527e-05 3.89239649e-05 0 0 4.19750251e-07 0 0.0308773443 0.00332074659 0.000946658722 6.76886111e-06 0 0.0388368182 0 0.000337004778 0.00111684157 0 0 0 3.86006177e-05 2.3412133e-06 0 0 0.000701238867 0 3.23964778e-05 0 0.0359628759 2.94819747e-05 5.10625205e-06 8.97350947e-06 0.0429269001 0 0 0.00362214982 0.0252039004 0 0 1 0 0 0 0 0 0 0.727272749 0.244650543 0.894894004 0.299157739 0.281678885 1 1
G1766 0.00253894716 0.000164953424 0.0961182192 0 0.000121812685 0.173608795 0 5.01522954e-05 1.15975672e-05 0.000358112738 0.000496062916 0.00233169971 0.000734169211 0.0188608523 0.0177780315 0 0.00109477318 0.00978785381 0.00076645118 0 0.0231125187 4.84953598e-05 0.00258622295 0.0158644356 0.000274597289 0.00192089169 0 0 0.000790133723 4.51252527e-05 3.89239649e-05 0 0 4.19750251e-07 0 0.0308773443 0.00332074659 0.000946658722 6.76886111e-06 0 0.0388368182 0 0.000337004778 0.00111684157 0 0 0 3.86006177e-05 2.3412133e-06 0 0 0.000701238867 0 3.23964778e-05 0 0.0359628759 2.94819747e-05 5.10625205e-06 8.97350947e-06 0.0429269001 0 0 0.00362214982 0.0252039004 0 0 0 0 0 1 0 0 0 0.727272749 0.244650543 0.887862265 0.386520684 0.384551495 1 1
G1794 0.00253894716 0.000164953424 0.0961182192 0 0.000121812685 0.173608795 0 5.01522954e-05 1.15975672e-05 0.000358112738 0.000496062916 0.00233169971 0.000734169211 0.0188608523 0.0177780315 0 0.00109477318 0.00978785381 0.00076645118 0 0.0231125187 4.84953598e-05 0.00258622295 0.0158644356 0.000274597289 0.00192089169 0 0 0.000790133723 4.51252527e-05 3.89239649e-05 0 0 4.19750251e-07 0 0.0308773443 0.00332074659 0.000946658722 6.76886111e-06 0 0.0388368182 0 0.000337004778 0.00111684157 0 0 0 3.86006177e-05 2.3412133e-06 0 0 0.000701238867 0 3.23964778e-05 0 0.0359628759 2.94819747e-05 5.10625205e-06 8.97350947e-06 0.0429269001 0 0 0.00362214982 0.0252039004 0 0 1 0 0 0 0 0 0 0.75 0.244650543 0.480498493 0.257680446 0.313588262 1 1
G1891 0.00253894716 0.000164953424 0.0961182192 0 0.000121812685 0.173608795 0 5.01522954e-05 1.15975672e-05 0.000358112738 0.000496062916 0.00233169971 0.000734169211 0.0188608523 0.0177780315 0 0.00109477318 0.00978785381 0.00076645118 0 0.0231125187 4.84953598e-05 0.00258622295 0.0158644356 0.000274597289 0.00192089169 0 0 0.000790133723 4.51252527e-05 3.89239649e-05 0 0 4.19750251e-07 0 0.0308773443 0.00332074659 0.000946658722 6.76886111e-06 0 0.0388368182 0 0.000337004778 0.00111684157 0 0 0 3.86006177e-05 2.3412133e-06 0 0 0.000701238867 0 3.23964778e-05 0 0.0359628759 2.94819747e-05 5.10625205e-06 8.97350947e-06 0.0429269001 0 0 0.00362214982 0.0252039004 0 0 1 0 0 0 0 0 0 0.772727251 0 0.440287411 0.46188736 0 1 1
__smartatpg_bin_741_2 0.00253894716 0.000164953424 0.0961182192 0 0.000121812685 0.173608795 0 5.01522954e-05 1.15975672e-05 0.000358112738 0.000496062916 0.00233169971 0.000734169211 0.0188608523 0.0177780315 0 0.00109477318 0.00978785381 0.00076645118 0 0.0231125187 4.84953598e-05 0.00258622295 0.0158644356 0.000274597289 0.00192089169 0 0 0.000790133723 4.51252527e-05 3.89239649e-05 0 0 4.19750251e-07 0 0.0308773443 0.00332074659 0.000946658722 6.76886111e-06 0 0.0388368182 0 0.000337004778 0.00111684157 0 0 0 3.86006177e-05 2.3412133e-06 0 0 0.000701238867 0 3.23964778e-05 0 0.0359628759 2.94819747e-05 5.10625205e-06 8.97350947e-06 0.0429269001 0 0 0.00362214982 0.0252039004 0 1 0 0 0 0 0 0 0 0.659090936 0.244650543 0.480498493 0.754743576 0.617172837 1 1
G1722 0.00253894716 0.000164953424 0.0961182192 0 0.000121812685 0.173608795 0 5.01522954e-05 1.15975672e-05 0.000358112738 0.000496062916 0.00233169971 0.000734169211 0.0188608523 0.0177780315 0 0.00109477318 0.00978785381 0.00076645118 0 0.0231125187 4.84953598e-05 0.00258622295 0.0158644356 0.000274597289 0.00192089169 0 0 0.000790133723 4.51252527e-05 3.89239649e-05 0 0 4.19750251e-07 0 0.0308773443 0.00332074659 0.000946658722 6.76886111e-06 0 0.0388368182 0 0.000337004778 0.00111684157 0 0 0 3.86006177e-05 2.3412133e-06 0 0 0.000701238867 0 3.23964778e-05 0 0.0359628759 2.94819747e-05 5.10625205e-06 8.97350947e-06 0.0429269001 0 0 0.00362214982 0.0252039004 0 1 0 0 0 0 0 0 0 0.704545438 0.387761921 0.389928162 0.821361482 0.384551495 1 1
G1767 0.00253894716 0.000164953424 0.0961182192 0 0.000121812685 0.173608795 0 5.01522954e-05 1.15975672e-05 0.000358112738 0.000496062916 0.00233169971 0.000734169211 0.0188608523 0.0177780315 0 0.00109477318 0.00978785381 0.00076645118 0 0.0231125187 4.84953598e-05 0.00258622295 0.0158644356 0.000274597289 0.00192089169 0 0 0.000790133723 4.51252527e-05 3.89239649e-05 0 0 4.19750251e-07 0 0.0308773443 0.00332074659 0.000946658722 6.76886111e-06 0 0.0388368182 0 0.000337004778 0.00111684157 0 0 0 3.86006177e-05 2.3412133e-06 0 0 0.000701238867 0 3.23964778e-05 0 0.0359628759 2.94819747e-05 5.10625205e-06 8.97350947e-06 0.0429269001 0 0 0.00362214982 0.0252039004 0 0 1 0 0 0 0 0 0 0.727272749 0.244650543 0.894894004 0.299157739 0.281678885 1 1
G1768 0.00253894716 0.000164953424 0.0961182192 0 0.000121812685 0.173608795 0 5.01522954e-05 1.15975672e-05 0.000358112738 0.000496062916 0.00233169971 0.000734169211 0.0188608523 0.0177780315 0 0.00109477318 0.00978785381 0.00076645118 0 0.0231125187 4.84953598e-05 0.00258622295 0.0158644356 0.000274597289 0.00192089169 0 0 0.000790133723 4.51252527e-05 3.89239649e-05 0 0 4.19750251e-07 0 0.0308773443 0.00332074659 0.000946658722 6.76886111e-06 0 0.0388368182 0 0.000337004778 0.00111684157 0 0 0 3.86006177e-05 2.3412133e-06 0 0 0.000701238867 0 3.23964778e-05 0 0.0359628759 2.94819747e-05 5.10625205e-06 8.97350947e-06 0.0429269001 0 0 0.00362214982 0.0252039004 0 0 0 0 0 1 0 0 0 0.727272749 0.244650543 0.887862265 0.386520684 0.384551495 1 1
G1795 0.00253894716 0.000164953424 0.0961182192 0 0.000121812685 0.173608795 0 5.01522954e-05 1.15975672e-05 0.000358112738 0.000496062916 0.00233169971 0.000734169211 0.0188608523 0.0177780315 0 0.00109477318 0.00978785381 0.00076645118 0 0.0231125187 4.84953598e-05 0.00258622295 0.0158644356 0.000274597289 0.00192089169 0 0 0.000790133723 4.51252527e-05 3.89239649e-05 0 0 4.19750251e-07 0 0.0308773443 0.00332074659 0.000946658722 6.76886111e-06 0 0.0388368182 0 0.000337004778 0.00111684157 0 0 0 3.86006177e-05 2.3412133e-06 0 0 0.000701238867 0 3.23964778e-05 0 0.0359628759 2.94819747e-05 5.10625205e-06 8.97350947e-06 0.0429269001 0 0 0.00362214982 0.0252039004 0 0 1 0 0 0 0 0 0 0.75 0.244650543 0.480498493 0.257680446 0.313588262 1 1
G1892 0.00253894716 0.000164953424 0.0961182192 0 0.000121812685 0.173608795 0 5.01522954e-05 1.15975672e-05 0.000358112738 0.000496062916 0.00233169971 0.000734169211 0.0188608523 0.0177780315 0 0.00109477318 0.00978785381 0.00076645118 0 0.0231125187 4.84953598e-05 0.00258622295 0.0158644356 0.000274597289 0.00192089169 0 0 0.000790133723 4.51252527e-05 3.89239649e-05 0 0 4.19750251e-07 0 0.0308773443 0.00332074659 0.000946658722 6.76886111e-06 0 0.0388368182 0 0.000337004778 0.00111684157 0 0 0 3.86006177e-05 2.3412133e-06 0 0 0.000701238867 0 3.23964778e-05 0 0.0359628759 2.94819747e-05 5.10625205e-06 8.97350947e-06 0.0429269001 0 0 0.00362214982 0.0252039004 0 0 1 0 0 0 0 0 0 0.772727251 0 0.440287411 0.46188736 0 1 1
__smartatpg_bin_742_2 0.00253894716 0.000164953424 0.0961182192 0 0.000121812685 0.173608795 0 5.01522954e-05 1.15975672e-05 0.000358112738 0.000496062916 0.00233169971 0.000734169211 0.0188608523 0.0177780315 0 0.00109477318 0.00978785381 0.00076645118 0 0.0231125187 4.84953598e-05 0.00258622295 0.0158644356 0.000274597289 0.00192089169 0 0 0.000790133723 4.51252527e-05 3.89239649e-05 0 0 4.19750251e-07 0 0.0308773443 0.00332074659 0.000946658722 6.76886111e-06 0 0.0388368182 0 0.000337004778 0.00111684157 0 0 0 3.86006177e-05 2.3412133e-06 0 0 0.000701238867 0 3.23964778e-05 0 0.0359628759 2.94819747e-05 5.10625205e-06 8.97350947e-06 0.0429269001 0 0 0.00362214982 0.0252039004 0 1 0 0 0 0 0 0 0 0.659090936 0.244650543 0.480498493 0.754743576 0.617172837 1 1
G1725 0.00253894716 0.000164953424 0.0961182192 0 0.000121812685 0.173608795 0 5.01522954e-05 1.15975672e-05 0.000358112738 0.000496062916 0.00233169971 0.000734169211 0.0188608523 0.0177780315 0 0.00109477318 0.00978785381 0.00076645118 0 0.0231125187 4.84953598e-05 0.00258622295 0.0158644356 0.000274597289 0.00192089169 0 0 0.000790133723 4.51252527e-05 3.89239649e-05 0 0 4.19750251e-07 0 0.0308773443 0.00332074659 0.000946658722 6.76886111e-06 0 0.0388368182 0 0.000337004778 0.00111684157 0 0 0 3.86006177e-05 2.3412133e-06 0 0 0.000701238867 0 3.23964778e-05 0 0.0359628759 2.94819747e-05 5.10625205e-06 8.97350947e-06 0.0429269001 0 0 0.00362214982 0.0252039004 0 1 0 0 0 0 0 0 0 0.704545438 0.387761921 0.389928162 0.821361482 0.384551495 1 1
G1769 0.00253894716 0.000164953424 0.0961182192 0 0.000121812685 0.173608795 0 5.01522954e-05 1.15975672e-05 0.000358112738 0.000496062916 0.00233169971 0.000734169211 0.0188608523 0.0177780315 0 0.00109477318 0.00978785381 0.00076645118 0 0.0231125187 4.84953598e-05 0.00258622295 0.0158644356 0.000274597289 0.00192089169 0 0 0.000790133723 4.51252527e-05 3.89239649e-05 0 0 4.19750251e-07 0 0.0308773443 0.00332074659 0.000946658722 6.76886111e-06 0 0.0388368182 0 0.000337004778 0.00111684157 0 0 0 3.86006177e-05 2.3412133e-06 0 0 0.000701238867 0 3.23964778e-05 0 0.0359628759 2.94819747e-05 5.10625205e-06 8.97350947e-06 0.0429269001 0 0 0.00362214982 0.0252039004 0 0 1 0 0 0 0 0 0 0.727272749 0.244650543 0.894894004 0.299157739 0.281678885 1 1
G1770 0.00253894716 0.000164953424 0.0961182192 0 0.000121812685 0.173608795 0 5.01522954e-05 1.15975672e-05 0.000358112738 0.000496062916 0.00233169971 0.000734169211 0.0188608523 0.0177780315 0 0.00109477318 0.00978785381 0.00076645118 0 0.0231125187 4.84953598e-05 0.00258622295 0.0158644356 0.000274597289 0.00192089169 0 0 0.000790133723 4.51252527e-05 3.89239649e-05 0 0 4.19750251e-07 0 0.0308773443 0.00332074659 0.000946658722 6.76886111e-06 0 0.0388368182 0 0.000337004778 0.00111684157 0 0 0 3.86006177e-05 2.3412133e-06 0 0 0.000701238867 0 3.23964778e-05 0 0.0359628759 2.94819747e-05 5.10625205e-06 8.97350947e-06 0.0429269001 0 0 0.00362214982 0.0252039004 0 0 0 0 0 1 0 0 0 0.727272749 0.244650543 0.887862265 0.386520684 0.384551495 1 1
G1796 0.00253894716 0.000164953424 0.0961182192 0 0.000121812685 0.173608795 0 5.01522954e-05 1.15975672e-05 0.000358112738 0.000496062916 0.00233169971 0.000734169211 0.0188608523 0.0177780315 0 0.00109477318 0.00978785381 0.00076645118 0 0.0231125187 4.84953598e-05 0.00258622295 0.0158644356 0.000274597289 0.00192089169 0 0 0.000790133723 4.51252527e-05 3.89239649e-05 0 0 4.19750251e-07 0 0.0308773443 0.00332074659 0.000946658722 6.76886111e-06 0 0.0388368182 0 0.000337004778 0.00111684157 0 0 0 3.86006177e-05 2.3412133e-06 0 0 0.000701238867 0 3.23964778e-05 0 0.0359628759 2.94819747e-05 5.10625205e-06 8.97350947e-06 0.0429269001 0 0 0.00362214982 0.0252039004 0 0 1 0 0 0 0 0 0 0.75 0.244650543 0.480498493 0.257680446 0.313588262 1 1
G1893 0.00253894716 0.000164953424 0.0961182192 0 0.000121812685 0.173608795 0 5.01522954e-05 1.15975672e-05 0.000358112738 0.000496062916 0.00233169971 0.000734169211 0.0188608523 0.0177780315 0 0.00109477318 0.00978785381 0.00076645118 0 0.0231125187 4.84953598e-05 0.00258622295 0.0158644356 0.000274597289 0.00192089169 0 0 0.000790133723 4.51252527e-05 3.89239649e-05 0 0 4.19750251e-07 0 0.0308773443 0.00332074659 0.000946658722 6.76886111e-06 0 0.0388368182 0 0.000337004778 0.00111684157 0 0 0 3.86006177e-05 2.3412133e-06 0 0 0.000701238867 0 3.23964778e-05 0 0.0359628759 2.94819747e-05 5.10625205e-06 8.97350947e-06 0.0429269001 0 0 0.00362214982 0.0252039004 0 0 1 0 0 0 0 0 0 0.772727251 0 0.440287411 0.46188736 0 1 1
__smartatpg_bin_743_2 0.00253894716 0.000164953424 0.0961182192 0 0.000121812685 0.173608795 0 5.01522954e-05 1.15975672e-05 0.000358112738 0.000496062916 0.00233169971 0.000734169211 0.0188608523 0.0177780315 0 0.00109477318 0.00978785381 0.00076645118 0 0.0231125187 4.84953598e-05 0.00258622295 0.0158644356 0.000274597289 0.00192089169 0 0 0.000790133723 4.51252527e-05 3.89239649e-05 0 0 4.19750251e-07 0 0.0308773443 0.00332074659 0.000946658722 6.76886111e-06 0 0.0388368182 0 0.000337004778 0.00111684157 0 0 0 3.86006177e-05 2.3412133e-06 0 0 0.000701238867 0 3.23964778e-05 0 0.0359628759 2.94819747e-05 5.10625205e-06 8.97350947e-06 0.0429269001 0 0 0.00362214982 0.0252039004 0 1 0 0 0 0 0 0 0 0.659090936 0.244650543 0.480498493 0.754743576 0.617172837 1 1
G1728 0.00253894716 0.000164953424 0.0961182192 0 0.000121812685 0.173608795 0 5.01522954e-05 1.15975672e-05 0.000358112738 0.000496062916 0.00233169971 0.000734169211 0.0188608523 0.0177780315 0 0.00109477318 0.00978785381 0.00076645118 0 0.0231125187 4.84953598e-05 0.00258622295 0.0158644356 0.000274597289 0.00192089169 0 0 0.000790133723 4.51252527e-05 3.89239649e-05 0 0 4.19750251e-07 0 0.0308773443 0.00332074659 0.000946658722 6.76886111e-06 0 0.0388368182 0 0.000337004778 0.00111684157 0 0 0 3.86006177e-05 2.3412133e-06 0 0 0.000701238867 0 3.23964778e-05 0 0.0359628759 2.94819747e-05 5.10625205e-06 8.97350947e-06 0.0429269001 0 0 0.00362214982 0.0252039004 0 1 0 0 0 0 0 0 0 0.704545438 0.387761921 0.389928162 0.821361482 0.384551495 1 1
G1771 0.00253894716 0.000164953424 0.0961182192 0 0.000121812685 0.173608795 0 5.01522954e-05 1.15975672e-05 0.000358112738 0.000496062916 0.00233169971 0.000734169211 0.0188608523 0.0177780315 0 0.00109477318 0.00978785381 0.00076645118 0 0.0231125187 4.84953598e-05 0.00258622295 0.0158644356 0.000274597289 0.00192089169 0 0 0.000790133723 4.51252527e-05 3.89239649e-05 0 0 4.19750251e-07 0 0.0308773443 0.00332074659 0.000946658722 6.76886111e-06 0 0.0388368182 0 0.000337004778 0.00111684157 0 0 0 3.86006177e-05 2.3412133e-06 0 0 0.000701238867 0 3.23964778e-05 0 0.0359628759 2.94819747e-05 5.10625205e-06 8.97350947e-06 0.0429269001 0 0 0.00362214982 0.0252039004 0 0 1 0 0 0 0 0 0 0.727272749 0.244650543 0.894894004 0.299157739 0.281678885 1 1
G1772 0.00253894716 0.000164953424 0.0961182192 0 0.000121812685 0.173608795 0 5.01522954e-05 1.15975672e-05 0.000358112738 0.000496062916 0.00233169971 0.000734169211 0.0188608523 0.0177780315 0 0.00109477318 0.00978785381 0.00076645118 0 0.0231125187 4.84953598e-05 0.00258622295 0.0158644356 0.000274597289 0.00192089169 0 0 0.000790133723 4.51252527e-05 3.89239649e-05 0 0 4.19750251e-07 0 0.0308773443 0.00332074659 0.000946658722 6.76886111e-06 0 0.0388368182 0 0.000337004778 0.00111684157 0 0 0 3.86006177e-05 2.3412133e-06 0 0 0.000701238867 0 3.23964778e-05 0 0.0359628759 2.94819747e-05 5.10625205e-06 8.97350947e-06 0.0429269001 0 0 0.00362214982 0.0252039004 0 0 0 0 0 1 0 0 0 0.727272749 0.244650543 0.887862265 0.386520684 0.384551495 1 1
G1797 0.00253894716 0.000164953424 0.0961182192 0 0.000121812685 0.173608795 0 5.01522954e-05 1.15975672e-05 0.000358112738 0.000496062916 0.00233169971 0.000734169211 0.0188608523 0.0177780315 0 0.00109477318 0.00978785381 0.00076645118 0 0.0231125187 4.84953598e-05 0.00258622295 0.0158644356 0.000274597289 0.00192089169 0 0 0.000790133723 4.51252527e-05 3.89239649e-05 0 0 4.19750251e-07 0 0.0308773443 0.00332074659 0.000946658722 6.76886111e-06 0 0.0388368182 0 0.000337004778 0.00111684157 0 0 0 3.86006177e-05 2.3412133e-06 0 0 0.000701238867 0 3.23964778e-05 0 0.0359628759 2.94819747e-05 5.10625205e-06 8.97350947e-06 0.0429269001 0 0 0.00362214982 0.0252039004 0 0 1 0 0 0 0 0 0 0.75 0.244650543 0.480498493 0.257680446 0.313588262 1 1
G1894 0.00253894716 0.000164953424 0.0961182192 0 0.000121812685 0.173608795 0 5.01522954e-05 1.15975672e-05 0.000358112738 0.000496062916 0.00233169971 0.000734169211 0.0188608523 0.0177780315 0 0.00109477318 0.00978785381 0.00076645118 0 0.0231125187 4.84953598e-05 0.00258622295 0.0158644356 0.000274597289 0.00192089169 0 0 0.000790133723 4.51252527e-05 3.89239649e-05 0 0 4.19750251e-07 0 0.0308773443 0.00332074659 0.000946658722 6.76886111e-06 0 0.0388368182 0 0.000337004778 0.00111684157 0 0 0 3.86006177e-05 2.3412133e-06 0 0 0.000701238867 0 3.23964778e-05 0 0.0359628759 2.94819747e-05 5.10625205e-06 8.97350947e-06 0.0429269001 0 0 0.00362214982 0.0252039004 0 0 1 0 0 0 0 0 0 0.772727251 0 0.440287411 0.46188736 0 1 1
__smartatpg_bin_744_2 0.00253894716 0.000164953424 0.0961182192 0 0.000121812685 0.173608795 0 5.01522954e-05 1.15975672e-05 0.000358112738 0.000496062916 0.00233169971 0.000734169211 0.0188608523 0.0177780315 0 0.00109477318 0.00978785381 0.00076645118 0 0.0231125187 4.84953598e-05 0.00258622295 0.0158644356 0.000274597289 0.00192089169 0 0 0.000790133723 4.51252527e-05 3.89239649e-05 0 0 4.19750251e-07 0 0.0308773443 0.00332074659 0.000946658722 6.76886111e-06 0 0.0388368182 0 0.000337004778 0.00111684157 0 0 0 3.86006177e-05 2.3412133e-06 0 0 0.000701238867 0 3.23964778e-05 0 0.0359628759 2.94819747e-05 5.10625205e-06 8.97350947e-06 0.0429269001 0 0 0.00362214982 0.0252039004 0 1 0 0 0 0 0 0 0 0.659090936 0.244650543 0.480498493 0.754743576 0.617172837 1 1
G1731 0.00253894716 0.000164953424 0.0961182192 0 0.000121812685 0.173608795 0 5.01522954e-05 1.15975672e-05 0.000358112738 0.000496062916 0.00233169971 0.000734169211 0.0188608523 0.0177780315 0 0.00109477318 0.00978785381 0.00076645118 0 0.0231125187 4.84953598e-05 0.00258622295 0.0158644356 0.000274597289 0.00192089169 0 0 0.000790133723 4.51252527e-05 3.89239649e-05 0 0 4.19750251e-07 0 0.0308773443 0.00332074659 0.000946658722 6.76886111e-06 0 0.0388368182 0 0.000337004778 0.00111684157 0 0 0 3.86006177e-05 2.3412133e-06 0 0 0.000701238867 0 3.23964778e-05 0 0.0359628759 2.94819747e-05 5.10625205e-06 8.97350947e-06 0.0429269001 0 0 0.00362214982 0.0252039004 0 1 0 0 0 0 0 0 0 0.704545438 0.387761921 0.389928162 0.821361482 0.384551495 1 1
G1773 0.00253894716 0.000164953424 0.0961182192 0 0.000121812685 0.173608795 0 5.01522954e-05 1.15975672e-05 0.000358112738 0.000496062916 0.00233169971 0.000734169211 0.0188608523 0.0177780315 0 0.00109477318 0.00978785381 0.00076645118 0 0.0231125187 4.84953598e-05 0.00258622295 0.0158644356 0.000274597289 0.00192089169 0 0 0.000790133723 4.51252527e-05 3.89239649e-05 0 0 4.19750251e-07 0 0.0308773443 0.00332074659 0.000946658722 6.76886111e-06 0 0.0388368182 0 0.000337004778 0.00111684157 0 0 0 3.86006177e-05 2.3412133e-06 0 0 0.000701238867 0 3.23964778e-05 0 0.0359628759 2.94819747e-05 5.10625205e-06 8.97350947e-06 0.0429269001 0 0 0.00362214982 0.0252039004 0 0 1 0 0 0 0 0 0 0.727272749 0.244650543 0.894894004 0.299157739 0.281678885 1 1
G1774 0.00253894716 0.000164953424 0.0961182192 0 0.000121812685 0.173608795 0 5.01522954e-05 1.15975672e-05 0.000358112738 0.000496062916 0.00233169971 0.000734169211 0.0188608523 0.0177780315 0 0.00109477318 0.00978785381 0.00076645118 0 0.0231125187 4.84953598e-05 0.00258622295 0.0158644356 0.000274597289 0.00192089169 0 0 0.000790133723 4.51252527e-05 3.89239649e-05 0 0 4.19750251e-07 0 0.0308773443 0.00332074659 0.000946658722 6.76886111e-06 0 0.0388368182 0 0.000337004778 0.00111684157 0 0 0 3.86006177e-05 2.3412133e-06 0 0 0.000701238867 0 3.23964778e-05 0 0.0359628759 2.94819747e-05 5.10625205e-06 8.97350947e-06 0.0429269001 0 0 0.00362214982 0.0252039004 0 0 0 0 0 1 0 0 0 0.727272749 0.244650543 0.887862265 0.386520684 0.384551495 1 1
G1798 0.00253894716 0.000164953424 0.0961182192 0 0.000121812685 0.173608795 0 5.01522954e-05 1.15975672e-05 0.000358112738 0.000496062916 0.00233169971 0.000734169211 0.0188608523 0.0177780315 0 0.00109477318 0.00978785381 0.00076645118 0 0.0231125187 4.84953598e-05 0.00258622295 0.0158644356 0.000274597289 0.00192089169 0 0 0.000790133723 4.51252527e-05 3.89239649e-05 0 0 4.19750251e-07 0 0.0308773443 0.00332074659 0.000946658722 6.76886111e-06 0 0.0388368182 0 0.000337004778 0.00111684157 0 0 0 3.86006177e-05 2.3412133e-06 0 0 0.000701238867 0 3.23964778e-05 0 0.0359628759 2.94819747e-05 5.10625205e-06 8.97350947e-06 0.0429269001 0 0 0.00362214982 0.0252039004 0 0 1 0 0 0 0 0 0 0.75 0.244650543 0.480498493 0.257680446 0.313588262 1 1
G1895 0.00253894716 0.000164953424 0.0961182192 0 0.000121812685 0.173608795 0 5.01522954e-05 1.15975672e-05 0.000358112738 0.000496062916 0.00233169971 0.000734169211 0.0188608523 0.0177780315 0 0.00109477318 0.00978785381 0.00076645118 0 0.0231125187 4.84953598e-05 0.00258622295 0.0158644356 0.000274597289 0.00192089169 0 0 0.000790133723 4.51252527e-05 3.89239649e-05 0 0 4.19750251e-07 0 0.0308773443 0.00332074659 0.000946658722 6.76886111e-06 0 0.0388368182 0 0.000337004778 0.00111684157 0 0 0 3.86006177e-05 2.3412133e-06 0 0 0.000701238867 0 3.23964778e-05 0 0.0359628759 2.94819747e-05 5.10625205e-06 8.97350947e-06 0.0429269001 0 0 0.00362214982 0.0252039004 0 0 1 0 0 0 0 0 0 0.772727251 0 0.440287411 0.46188736 0 1 1
__smartatpg_bin_745_2 0.00253894716 0.000164953424 0.0961182192 0 0.000121812685 0.173608795 0 5.01522954e-05 1.15975672e-05 0.000358112738 0.000496062916 0.00233169971 0.000734169211 0.0188608523 0.0177780315 0 0.00109477318 0.00978785381 0.00076645118 0 0.0231125187 4.84953598e-05 0.00258622295 0.0158644356 0.000274597289 0.00192089169 0 0 0.000790133723 4.51252527e-05 3.89239649e-05 0 0 4.19750251e-07 0 0.0308773443 0.00332074659 0.000946658722 6.76886111e-06 0 0.0388368182 0 0.000337004778 0.00111684157 0 0 0 3.86006177e-05 2.3412133e-06 0 0 0.000701238867 0 3.23964778e-05 0 0.0359628759 2.94819747e-05 5.10625205e-06 8.97350947e-06 0.0429269001 0 0 0.00362214982 0.0252039004 0 1 0 0 0 0 0 0 0 0.659090936 0.244650543 0.480498493 0.754743576 0.617172837 1 1
G1734 0.00253894716 0.000164953424 0.0961182192 0 0.000121812685 0.173608795 0 5.01522954e-05 1.15975672e-05 0.000358112738 0.000496062916 0.00233169971 0.000734169211 0.0188608523 0.0177780315 0 0.00109477318 0.00978785381 0.00076645118 0 0.0231125187 4.84953598e-05 0.00258622295 0.0158644356 0.000274597289 0.00192089169 0 0 0.000790133723 4.51252527e-05 3.89239649e-05 0 0 4.19750251e-07 0 0.0308773443 0.00332074659 0.000946658722 6.76886111e-06 0 0.0388368182 0 0.000337004778 0.00111684157 0 0 0 3.86006177e-05 2.3412133e-06 0 0 0.000701238867 0 3.23964778e-05 0 0.0359628759 2.94819747e-05 5.10625205e-06 8.97350947e-06 0.0429269001 0 0 0.00362214982 0.0252039004 0 1 0 0 0 0 0 0 0 0.704545438 0.387761921 0.389928162 0.821361482 0.384551495 1 1
G1776 0.00253894716 0.000164953424 0.0961182192 0 0.000121812685 0.173608795 0 5.01522954e-05 1.15975672e-05 0.000358112738 0.000496062916 0.00233169971 0.000734169211 0.0188608523 0.0177780315 0 0.00109477318 0.00978785381 0.00076645118 0 0.0231125187 4.84953598e-05 0.00258622295 0.0158644356 0.000274597289 0.00192089169 0 0 0.000790133723 4.51252527e-05 3.89239649e-05 0 0 4.19750251e-07 0 0.0308773443 0.00332074659 0.000946658722 6.76886111e-06 0 0.0388368182 0 0.000337004778 0.00111684157 0 0 0 3.86006177e-05 2.3412133e-06 0 0 0.000701238867 0 3.23964778e-05 0 0.0359628759 2.94819747e-05 5.10625205e-06 8.97350947e-06 0.0429269001 0 0 0.00362214982 0.0252039004 0 0 1 0 0 0 0 0 0 0.727272749 0.244650543 0.894894004 0.299157739 0.281678885 1 1
G1777 0.00253894716 0.000164953424 0.0961182192 0 0.000121812685 0.173608795 0 5.01522954e-05 1.15975672e-05 0.000358112738 0.000496062916 0.00233169971 0.000734169211 0.0188608523 0.0177780315 0 0.00109477318 0.00978785381 0.00076645118 0 0.0231125187 4.84953598e-05 0.00258622295 0.0158644356 0.000274597289 0.00192089169 0 0 0.000790133723 4.51252527e-05 3.89239649e-05 0 0 4.19750251e-07 0 0.0308773443 0.00332074659 0.000946658722 6.76886111e-06 0 0.0388368182 0 0.000337004778 0.00111684157 0 0 0 3.86006177e-05 2.3412133e-06 0 0 0.000701238867 0 3.23964778e-05 0 0.0359628759 2.94819747e-05 5.10625205e-06 8.97350947e-06 0.0429269001 0 0 0.00362214982 0.0252039004 0 0 0 0 0 1 0 0 0 0.727272749 0.244650543 0.887862265 0.386520684 0.384551495 1 1
G1799 0.00253894716 0.000164953424 0.0961182192 0 0.000121812685 0.173608795 0 5.01522954e-05 1.15975672e-05 0.000358112738 0.000496062916 0.00233169971 0.000734169211 0.0188608523 0.0177780315 0 0.00109477318 0.00978785381 0.00076645118 0 0.0231125187 4.84953598e-05 0.00258622295 0.0158644356 0.000274597289 0.00192089169 0 0 0.000790133723 4.51252527e-05 3.89239649e-05 0 0 4.19750251e-07 0 0.0308773443 0.00332074659 0.000946658722 6.76886111e-06 0 0.0388368182 0 0.000337004778 0.00111684157 0 0 0 3.86006177e-05 2.3412133e-06 0 0 0.000701238867 0 3.23964778e-05 0 0.0359628759 2.94819747e-05 5.10625205e-06 8.97350947e-06 0.0429269001 0 0 0.00362214982 0.0252039004 0 0 1 0 0 0 0 0 0 0.75 0.244650543 0.480498493 0.257680446 0.313588262 1 1
G1896 0.00253894716 0.000164953424 0.0961182192 0 0.000121812685 0.173608795 0 5.01522954e-05 1.15975672e-05 0.000358112738 0.000496062916 0.00233169971 0.000734169211 0.0188608523 0.0177780315 0 0.00109477318 0.00978785381 0.00076645118 0 0.0231125187 4.84953598e-05 0.00258622295 0.0158644356 0.000274597289 0.00192089169 0 0 0.000790133723 4.51252527e-05 3.89239649e-05 0 0 4.19750251e-07 0 0.0308773443 0.00332074659 0.000946658722 6.76886111e-06 0 0.0388368182 0 0.000337004778 0.00111684157 0 0 0 3.86006177e-05 2.3412133e-06 0 0 0.000701238867 0 3.23964778e-05 0 0.0359628759 2.94819747e-05 5.10625205e-06 8.97350947e-06 0.0429269001 0 0 0.00362214982 0.0252039004 0 0 1 0 0 0 0 0 0 0.772727251 0 0.440287411 0.46188736 0 1 1
__smartatpg_bin_746_2 0.00253894716 0.000164953424 0.0961182192 0 0.000121812685 0.173608795 0 5.01522954e-05 1.15975672e-05 0.000358112738 0.000496062916 0.00233169971 0.000734169211 0.0188608523 0.0177780315 0 0.00109477318 0.00978785381 0.00076645118 0 0.0231125187 4.84953598e-05 0.00258622295 0.0158644356 0.000274597289 0.00192089169 0 0 0.000790133723 4.51252527e-05 3.89239649e-05 0 0 4.19750251e-07 0 0.0308773443 0.00332074659 0.000946658722 6.76886111e-06 0 0.0388368182 0 0.000337004778 0.00111684157 0 0 0 3.86006177e-05 2.3412133e-06 0 0 0.000701238867 0 3.23964778e-05 0 0.0359628759 2.94819747e-05 5.10625205e-06 8.97350947e-06 0.0429269001 0 0 0.00362214982 0.0252039004 0 1 0 0 0 0 0 0 0 0.659090936 0.244650543 0.480498493 0.754743576 0.617172837 1 1
G1737 0.00253894716 0.000164953424 0.0961182192 0 0.000121812685 0.173608795 0 5.01522954e-05 1.15975672e-05 0.000358112738 0.000496062916 0.00233169971 0.000734169211 0.0188608523 0.0177780315 0 0.00109477318 0.00978785381 0.00076645118 0 0.0231125187 4.84953598e-05 0.00258622295 0.0158644356 0.000274597289 0.00192089169 0 0 0.000790133723 4.51252527e-05 3.89239649e-05 0 0 4.19750251e-07 0 0.0308773443 0.00332074659 0.000946658722 6.76886111e-06 0 0.0388368182 0 0.000337004778 0.00111684157 0 0 0 3.86006177e-05 2.3412133e-06 0 0 0.000701238867 0 3.23964778e-05 0 0.0359628759 2.94819747e-05 5.10625205e-06 8.97350947e-06 0.0429269001 0 0 0.00362214982 0.0252039004 0 1 0 0 0 0 0 0 0 0.704545438 0.387761921 0.389928162 0.821361482 0.384551495 1 1
G1778 0.00253894716 0.000164953424 0.0961182192 0 0.000121812685 0.173608795 0 5.01522954e-05 1.15975672e-05 0.000358112738 0.000496062916 0.00233169971 0.000734169211 0.0188608523 0.0177780315 0 0.00109477318 0.00978785381 0.00076645118 0 0.0231125187 4.84953598e-05 0.00258622295 0.0158644356 0.000274597289 0.00192089169 0 0 0.000790133723 4.51252527e-05 3.89239649e-05 0 0 4.19750251e-07 0 0.0308773443 0.00332074659 0.000946658722 6.76886111e-06 0 0.0388368182 0 0.000337004778 0.00111684157 0 0 0 3.86006177e-05 2.3412133e-06 0 0 0.000701238867 0 3.23964778e-05 0 0.0359628759 2.94819747e-05 5.10625205e-06 8.97350947e-06 0.0429269001 0 0 0.00362214982 0.0252039004 0 0 1 0 0 0 0 0 0 0.727272749 0.244650543 0.894894004 0.299157739 0.281678885 1 1
G1779 0.00253894716 0.000164953424 0.0961182192 0 0.000121812685 0.173608795 0 5.01522954e-05 1.15975672e-05 0.000358112738 0.000496062916 0.00233169971 0.000734169211 0.0188608523 0.0177780315 0 0.00109477318 0.00978785381 0.00076645118 0 0.0231125187 4.84953598e-05 0.00258622295 0.0158644356 0.000274597289 0.00192089169 0 0 0.000790133723 4.51252527e-05 3.89239649e-05 0 0 4.19750251e-07 0 0.0308773443 0.00332074659 0.000946658722 6.76886111e-06 0 0.0388368182 0 0.000337004778 0.00111684157 0 0 0 3.86006177e-05 2.3412133e-06 0 0 0.000701238867 0 3.23964778e-05 0 0.0359628759 2.94819747e-05 5.10625205e-06 8.97350947e-06 0.0429269001 0 0 0.00362214982 0.0252039004 0 0 0 0 0 1 0 0 0 0.727272749 0.244650543 0.887862265 0.386520684 0.384551495 1 1
G1800 0.00253894716 0.000164953424 0.0961182192 0 0.000121812685 0.173608795 0 5.01522954e-05 1.15975672e-05 0.000358112738 0.000496062916 0.00233169971 0.000734169211 0.0188608523 0.0177780315 0 0.00109477318 0.00978785381 0.00076645118 0 0.0231125187 4.84953598e-05 0.00258622295 0.0158644356 0.000274597289 0.00192089169 0 0 0.000790133723 4.51252527e-05 3.89239649e-05 0 0 4.19750251e-07 0 0.0308773443 0.00332074659 0.000946658722 6.76886111e-06 0 0.0388368182 0 0.000337004778 0.00111684157 0 0 0 3.86006177e-05 2.3412133e-06 0 0 0.000701238867 0 3.23964778e-05 0 0.0359628759 2.94819747e-05 5.10625205e-06 8.97350947e-06 0.0429269001 0 0 0.00362214982 0.0252039004 0 0 1 0 0 0 0 0 0 0.75 0.244650543 0.480498493 0.257680446 0.313588262 1 1
G1897 0.00253894716 0.000164953424 0.0961182192 0 0.000121812685 0.173608795 0 5.01522954e-05 1.15975672e-05 0.000358112738 0.000496062916 0.00233169971 0.000734169211 0.0188608523 0.0177780315 0 0.00109477318 0.00978785381 0.00076645118 0 0.0231125187 4.84953598e-05 0.00258622295 0.0158644356 0.000274597289 0.00192089169 0 0 0.000790133723 4.51252527e-05 3.89239649e-05 0 0 4.19750251e-07 0 0.0308773443 0.00332074659 0.000946658722 6.76886111e-06 0 0.0388368182 0 0.000337004778 0.00111684157 0 0 0 3.86006177e-05 2.3412133e-06 0 0 0.000701238867 0 3.23964778e-05 0 0.0359628759 2.94819747e-05 5.10625205e-06 8.97350947e-06 0.0429269001 0 0 0.00362214982 0.0252039004 0 0 1 0 0 0 0 0 0 0.772727251 0 0.440287411 0.46188736 0 1 1
__smartatpg_bin_747_2 0.00253894716 0.000164953424 0.0961182192 0 0.000121812685 0.173608795 0 5.01522954e-05 1.15975672e-05 0.000358112738 0.000496062916 0.00233169971 0.000734169211 0.0188608523 0.0177780315 0 0.00109477318 0.00978785381 0.00076645118 0 0.0231125187 4.84953598e-05 0.00258622295 0.0158644356 0.000274597289 0.00192089169 0 0 0.000790133723 4.51252527e-05 3.89239649e-05 0 0 4.19750251e-07 0 0.0308773443 0.00332074659 0.000946658722 6.76886111e-06 0 0.0388368182 0 0.000337004778 0.00111684157 0 0 0 3.86006177e-05 2.3412133e-06 0 0 0.000701238867 0 3.23964778e-05 0 0.0359628759 2.94819747e-05 5.10625205e-06 8.97350947e-06 0.0429269001 0 0 0.00362214982 0.0252039004 0 1 0 0 0 0 0 0 0 0.659090936 0.244650543 0.480498493 0.754743576 0.617172837 1 1
G1740 0.00253894716 0.000164953424 0.0961182192 0 0.000121812685 0.173608795 0 5.01522954e-05 1.15975672e-05 0.000358112738 0.000496062916 0.00233169971 0.000734169211 0.0188608523 0.0177780315 0 0.00109477318 0.00978785381 0.00076645118 0 0.0231125187 4.84953598e-05 0.00258622295 0.0158644356 0.000274597289 0.00192089169 0 0 0.000790133723 4.51252527e-05 3.89239649e-05 0 0 4.19750251e-07 0 0.0308773443 0.00332074659 0.000946658722 6.76886111e-06 0 0.0388368182 0 0.000337004778 0.00111684157 0 0 0 3.86006177e-05 2.3412133e-06 0 0 0.000701238867 0 3.23964778e-05 0 0.0359628759 2.94819747e-05 5.10625205e-06 8.97350947e-06 0.0429269001 0 0 0.00362214982 0.0252039004 0 1 0 0 0 0 0 0 0 0.704545438 0.387761921 0.389928162 0.821361482 0.384551495 1 1
G1780 0.00253894716 0.000164953424 0.0961182192 0 0.000121812685 0.173608795 0 5.01522954e-05 1.15975672e-05 0.000358112738 0.000496062916 0.00233169971 0.000734169211 0.0188608523 0.0177780315 0 0.00109477318 0.00978785381 0.00076645118 0 0.0231125187 4.84953598e-05 0.00258622295 0.0158644356 0.000274597289 0.00192089169 0 0 0.000790133723 4.51252527e-05 3.89239649e-05 0 0 4.19750251e-07 0 0.0308773443 0.00332074659 0.000946658722 6.76886111e-06 0 0.0388368182 0 0.000337004778 0.00111684157 0 0 0 3.86006177e-05 2.3412133e-06 0 0 0.000701238867 0 3.23964778e-05 0 0.0359628759 2.94819747e-05 5.10625205e-06 8.97350947e-06 0.0429269001 0 0 0.00362214982 0.0252039004 0 0 1 0 0 0 0 0 0 0.727272749 0.244650543 0.894894004 0.299157739 0.281678885 1 1
G1781 0.00253894716 0.000164953424 0.0961182192 0 0.000121812685 0.173608795 0 5.01522954e-05 1.15975672e-05 0.000358112738 0.000496062916 0.00233169971 0.000734169211 0.0188608523 0.0177780315 0 0.00109477318 0.00978785381 0.00076645118 0 0.0231125187 4.84953598e-05 0.00258622295 0.0158644356 0.000274597289 0.00192089169 0 0 0.000790133723 4.51252527e-05 3.89239649e-05 0 0 4.19750251e-07 0 0.0308773443 0.00332074659 0.000946658722 6.76886111e-06 0 0.0388368182 0 0.000337004778 0.00111684157 0 0 0 3.86006177e-05 2.3412133e-06 0 0 0.000701238867 0 3.23964778e-05 0 0.0359628759 2.94819747e-05 5.10625205e-06 8.97350947e-06 0.0429269001 0 0 0.00362214982 0.0252039004 0 0 0 0 0 1 0 0 0 0.727272749 0.244650543 0.887862265 0.386520684 0.384551495 1 1
G1801 0.00253894716 0.000164953424 0.0961182192 0 0.000121812685 0.173608795 0 5.01522954e-05 1.15975672e-05 0.000358112738 0.000496062916 0.00233169971 0.000734169211 0.0188608523 0.0177780315 0 0.00109477318 0.00978785381 0.00076645118 0 0.0231125187 4.84953598e-05 0.00258622295 0.0158644356 0.000274597289 0.00192089169 0 0 0.000790133723 4.51252527e-05 3.89239649e-05 0 0 4.19750251e-07 0 0.0308773443 0.00332074659 0.000946658722 6.76886111e-06 0 0.0388368182 0 0.000337004778 0.00111684157 0 0 0 3.86006177e-05 2.3412133e-06 0 0 0.000701238867 0 3.23964778e-05 0 0.0359628759 2.94819747e-05 5.10625205e-06 8.97350947e-06 0.0429269001 0 0 0.00362214982 0.0252039004 0 0 1 0 0 0 0 0 0 0.75 0.244650543 0.480498493 0.257680446 0.313588262 1 1
G1898 0.00253894716 0.000164953424 0.0961182192 0 0.000121812685 0.173608795 0 5.01522954e-05 1.15975672e-05 0.000358112738 0.000496062916 0.00233169971 0.000734169211 0.0188608523 0.0177780315 0 0.00109477318 0.00978785381 0.00076645118 0 0.0231125187 4.84953598e-05 0.00258622295 0.0158644356 0.000274597289 0.00192089169 0 0 0.000790133723 4.51252527e-05 3.89239649e-05 0 0 4.19750251e-07 0 0.0308773443 0.00332074659 0.000946658722 6.76886111e-06 0 0.0388368182 0 0.000337004778 0.00111684157 0 0 0 3.86006177e-05 2.3412133e-06 0 0 0.000701238867 0 3.23964778e-05 0 0.0359628759 2.94819747e-05 5.10625205e-06 8.97350947e-06 0.0429269001 0 0 0.00362214982 0.0252039004 0 0 1 0 0 0 0 0 0 0.772727251 0 0.440287411 0.46188736 0 1 1
__smartatpg_bin_748_2 0.00253894716 0.000164953424 0.0961182192 0 0.000121812685 0.173608795 0 5.01522954e-05 1.15975672e-05 0.000358112738 0.000496062916 0.00233169971 0.000734169211 0.0188608523 0.0177780315 0 0.00109477318 0.00978785381 0.00076645118 0 0.0231125187 4.84953598e-05 0.00258622295 0.0158644356 0.000274597289 0.00192089169 0 0 0.000790133723 4.51252527e-05 3.89239649e-05 0 0 4.19750251e-07 0 0.0308773443 0.00332074659 0.000946658722 6.76886111e-06 0 0.0388368182 0 0.000337004778 0.00111684157 0 0 0 3.86006177e-05 2.3412133e-06 0 0 0.000701238867 0 3.23964778e-05 0 0.0359628759 2.94819747e-05 5.10625205e-06 8.97350947e-06 0.0429269001 0 0 0.00362214982 0.0252039004 0 1 0 0 0 0 0 0 0 0.659090936 0.244650543 0.480498493 0.754743576 0.617172837 1 1
G1743 0.00253894716 0.000164953424 0.0961182192 0 0.000121812685 0.173608795 0 5.01522954e-05 1.15975672e-05 0.000358112738 0.000496062916 0.00233169971 0.000734169211 0.0188608523 0.0177780315 0 0.00109477318 0.00978785381 0.00076645118 0 0.0231125187 4.84953598e-05 0.00258622295 0.0158644356 0.000274597289 0.00192089169 0 0 0.000790133723 4.51252527e-05 3.89239649e-05 0 0 4.19750251e-07 0 0.0308773443 0.00332074659 0.000946658722 6.76886111e-06 0 0.0388368182 0 0.000337004778 0.00111684157 0 0 0 3.86006177e-05 2.3412133e-06 0 0 0.000701238867 0 3.23964778e-05 0 0.0359628759 2.94819747e-05 5.10625205e-06 8.97350947e-06 0.0429269001 0 0 0.00362214982 0.0252039004 0 1 0 0 0 0 0 0 0 0.704545438 0.387761921 0.389928162 0.821361482 0.384551495 1 1
G1782 0.00253894716 0.000164953424 0.0961182192 0 0.000121812685 0.173608795 0 5.01522954e-05 1.15975672e-05 0.000358112738 0.000496062916 0.00233169971 0.000734169211 0.0188608523 0.0177780315 0 0.00109477318 0.00978785381 0.00076645118 0 0.0231125187 4.84953598e-05 0.00258622295 0.0158644356 0.000274597289 0.00192089169 0 0 0.000790133723 4.51252527e-05 3.89239649e-05 0 0 4.19750251e-07 0 0.0308773443 0.00332074659 0.000946658722 6.76886111e-06 0 0.0388368182 0 0.000337004778 0.00111684157 0 0 0 3.86006177e-05 2.3412133e-06 0 0 0.000701238867 0 3.23964778e-05 0 0.0359628759 2.94819747e-05 5.10625205e-06 8.97350947e-06 0.0429269001 0 0 0.00362214982 0.0252039004 0 0 1 0 0 0 0 0 0 0.727272749 0.244650543 0.894894004 0.299157739 0.281678885 1 1
G1783 0.00253894716 0.000164953424 0.0961182192 0 0.000121812685 0.173608795 0 5.01522954e-05 1.15975672e-05 0.000358112738 0.000496062916 0.00233169971 0.000734169211 0.0188608523 0.0177780315 0 0.00109477318 0.00978785381 0.00076645118 0 0.0231125187 4.84953598e-05 0.00258622295 0.0158644356 0.000274597289 0.00192089169 0 0 0.000790133723 4.51252527e-05 3.89239649e-05 0 0 4.19750251e-07 0 0.0308773443 0.00332074659 0.000946658722 6.76886111e-06 0 0.0388368182 0 0.000337004778 0.00111684157 0 0 0 3.86006177e-05 2.3412133e-06 0 0 0.000701238867 0 3.23964778e-05 0 0.0359628759 2.94819747e-05 5.10625205e-06 8.97350947e-06 0.0429269001 0 0 0.00362214982 0.0252039004 0 0 0 0 0 1 0 0 0 0.727272749 0.244650543 0.887862265 0.386520684 0.384551495 1 1
G1802 0.00253894716 0.000164953424 0.0961182192 0 0.000121812685 0.173608795 0 5.01522954e-05 1.15975672e-05 0.000358112738 0.000496062916 0.00233169971 0.000734169211 0.0188608523 0.0177780315 0 0.00109477318 0.00978785381 0.00076645118 0 0.0231125187 4.84953598e-05 0.00258622295 0.0158644356 0.000274597289 0.00192089169 0 0 0.000790133723 4.51252527e-05 3.89239649e-05 0 0 4.19750251e-07 0 0.0308773443 0.00332074659 0.000946658722 6.76886111e-06 0 0.0388368182 0 0.000337004778 0.00111684157 0 0 0 3.86006177e-05 2.3412133e-06 0 0 0.000701238867 0 3.23964778e-05 0 0.0359628759 2.94819747e-05 5.10625205e-06 8.97350947e-06 0.0429269001 0 0 0.00362214982 0.0252039004 0 0 1 0 0 0 0 0 0 0.75 0.244650543 0.480498493 0.257680446 0.313588262 1 1
G1899 0.00253894716 0.000164953424 0.0961182192 0 0.000121812685 0.173608795 0 5.01522954e-05 1.15975672e-05 0.000358112738 0.000496062916 0.00233169971 0.000734169211 0.0188608523 0.0177780315 0 0.00109477318 0.00978785381 0.00076645118 0 0.0231125187 4.84953598e-05 0.00258622295 0.0158644356 0.000274597289 0.00192089169 0 0 0.000790133723 4.51252527e-05 3.89239649e-05 0 0 4.19750251e-07 0 0.0308773443 0.00332074659 0.000946658722 6.76886111e-06 0 0.0388368182 0 0.000337004778 0.00111684157 0 0 0 3.86006177e-05 2.3412133e-06 0 0 0.000701238867 0 3.23964778e-05 0 0.0359628759 2.94819747e-05 5.10625205e-06 8.97350947e-06 0.0429269001 0 0 0.00362214982 0.0252039004 0 0 1 0 0 0 0 0 0 0.772727251 0 0.440287411 0.46188736 0 1 1
__smartatpg_bin_763_2 0.00253894716 0.000164953424 0.0961182192 0 0.000121812685 0.173608795 0 5.01522954e-05 1.15975672e-05 0.000358112738 0.000496062916 0.00233169971 0.000734169211 0.0188608523 0.0177780315 0 0.00109477318 0.00978785381 0.00076645118 0 0.0231125187 4.84953598e-05 0.00258622295 0.0158644356 0.000274597289 0.00192089169 0 0 0.000790133723 4.51252527e-05 3.89239649e-05 0 0 4.19750251e-07 0 0.0308773443 0.00332074659 0.000946658722 6.76886111e-06 0 0.0388368182 0 0.000337004778 0.00111684157 0 0 0 3.86006177e-05 2.3412133e-06 0 0 0.000701238867 0 3.23964778e-05 0 0.0359628759 2.94819747e-05 5.10625205e-06 8.97350947e-06 0.0429269001 0 0 0.00362214982 0.0252039004 0 1 0 0 0 0 0 0 0 0.727272749 0.244650543 0.885462463 0.490540475 0.934159577 1 1
__smartatpg_bin_763_3 0.00253894716 0.000164953424 0.0961182192 0 0.000121812685 0.173608795 0 5.01522954e-05 1.15975672e-05 0.000358112738 0.000496062916 0.00233169971 0.000734169211 0.0188608523 0.0177780315 0 0.00109477318 0.00978785381 0.00076645118 0 0.0231125187 4.84953598e-05 0.00258622295 0.0158644356 0.000274597289 0.00192089169 0 0 0.000790133723 4.51252527e-05 3.89239649e-05 0 0 4.19750251e-07 0 0.0308773443 0.00332074659 0.000946658722 6.76886111e-06 0 0.0388368182 0 0.000337004778 0.00111684157 0 0 0 3.86006177e-05 2.3412133e-06 0 0 0.000701238867 0 3.23964778e-05 0 0.0359628759 2.94819747e-05 5.10625205e-06 8.97350947e-06 0.0429269001 0 0 0.00362214982 0.0252039004 0 1 0 0 0 0 0 0 0 0.727272749 0.244650543 0.914619744 0.490540475 0.934159577 1 1
__smartatpg_bin_763_1 0.00253894716 0.000164953424 0.0961182192 0 0.000121812685 0.173608795 0 5.01522954e-05 1.15975672e-05 0.000358112738 0.000496062916 0.00233169971 0.000734169211 0.0188608523 0.0177780315 0 0.00109477318 0.00978785381 0.00076645118 0 0.0231125187 4.84953598e-05 0.00258622295 0.0158644356 0.000274597289 0.00192089169 0 0 0.000790133723 4.51252527e-05 3.89239649e-05 0 0 4.19750251e-07 0 0.0308773443 0.00332074659 0.000946658722 6.76886111e-06 0 0.0388368182 0 0.000337004778 0.00111684157 0 0 0 3.86006177e-05 2.3412133e-06 0 0 0.000701238867 0 3.23964778e-05 0 0.0359628759 2.94819747e-05 5.10625205e-06 8.97350947e-06 0.0429269001 0 0 0.00362214982 0.0252039004 0 1 0 0 0 0 0 0 0 0.75 0.244650543 0.887862265 0.619380713 0.921964407 1 1
__smartatpg_bin_763_5 0.00253894716 0.000164953424 0.0961182192 0 0.000121812685 0.173608795 0 5.01522954e-05 1.15975672e-05 0.000358112738 0.000496062916 0.00233169971 0.000734169211 0.0188608523 0.0177780315 0 0.00109477318 0.00978785381 0.00076645118 0 0.0231125187 4.84953598e-05 0.00258622295 0.0158644356 0.000274597289 0.00192089169 0 0 0.000790133723 4.51252527e-05 3.89239649e-05 0 0 4.19750251e-07 0 0.0308773443 0.00332074659 0.000946658722 6.76886111e-06 0 0.0388368182 0 0.000337004778 0.00111684157 0 0 0 3.86006177e-05 2.3412133e-06 0 0 0.000701238867 0 3.23964778e-05 0 0.0359628759 2.94819747e-05 5.10625205e-06 8.97350947e-06 0.0429269001 0 0 0.00362214982 0.0252039004 0 1 0 0 0 0 0 0 0 0.727272749 0.244650543 0.914619744 0.490540475 0.934159577 1 1
__smartatpg_bin_763_6 0.00253894716 0.000164953424 0.0961182192 0 0.000121812685 0.173608795 0 5.01522954e-05 1.15975672e-05 0.000358112738 0.000496062916 0.00233169971 0.000734169211 0.0188608523 0.0177780315 0 0.00109477318 0.00978785381 0.00076645118 0 0.0231125187 4.84953598e-05 0.00258622295 0.0158644356 0.000274597289 0.00192089169 0 0 0.000790133723 4.51252527e-05 3.89239649e-05 0 0 4.19750251e-07 0 0.0308773443 0.00332074659 0.000946658722 6.76886111e-06 0 0.0388368182 0 0.000337004778 0.00111684157 0 0 0 3.86006177e-05 2.3412133e-06 0 0 0.000701238867 0 3.23964778e-05 0 0.0359628759 2.94819747e-05 5.10625205e-06 8.97350947e-06 0.0429269001 0 0 0.00362214982 0.0252039004 0 1 0 0 0 0 0 0 0 0.727272749 0.244650543 0.914619744 0.490540475 0.934159577 1 1
__smartatpg_bin_763_4 0.00253894716 0.000164953424 0.0961182192 0 0.000121812685 0.173608795 0 5.01522954e-05 1.15975672e-05 0.000358112738 0.000496062916 0.00233169971 0.000734169211 0.0188608523 0.0177780315 0 0.00109477318 0.00978785381 0.00076645118 0 0.0231125187 4.84953598e-05 0.00258622295 0.0158644356 0.000274597289 0.00192089169 0 0 0.000790133723 4.51252527e-05 3.89239649e-05 0 0 4.19750251e-07 0 0.0308773443 0.00332074659 0.000946658722 6.76886111e-06 0 0.0388368182 0 0.000337004778 0.00111684157 0 0 0 3.86006177e-05 2.3412133e-06 0 0 0.000701238867 0 3.23964778e-05 0 0.0359628759 2.94819747e-05 5.10625205e-06 8.97350947e-06 0.0429269001 0 0 0.00362214982 0.0252039004 0 1 0 0 0 0 0 0 0 0.75 0.244650543 0.91669625 0.619380713 0.921964407 1 1
G1760 0.00253894716 0.000164953424 0.0961182192 0 0.000121812685 0.173608795 0 5.01522954e-05 1.15975672e-05 0.000358112738 0.000496062916 0.00233169971 0.000734169211 0.0188608523 0.0177780315 0 0.00109477318 0.00978785381 0.00076645118 0 0.0231125187 4.84953598e-05 0.00258622295 0.0158644356 0.000274597289 0.00192089169 0 0 0.000790133723 4.51252527e-05 3.89239649e-05 0 0 4.19750251e-07 0 0.0308773443 0.00332074659 0.000946658722 6.76886111e-06 0 0.0388368182 0 0.000337004778 0.00111684157 0 0 0 3.86006177e-05 2.3412133e-06 0 0 0.000701238867 0 3.23964778e-05 0 0.0359628759 2.94819747e-05 5.10625205e-06 8.97350947e-06 0.0429269001 0 0 0.00362214982 0.0252039004 0 1 0 0 0 0 0 0 0 0.772727251 0.244650543 0.890233696 0.748220921 0.894684434 1 1
__smartatpg_bin_789_2 0.00253894716 0.000164953424 0.0961182192 0 0.000121812685 0.173608795 0 5.01522954e-05 1.15975672e-05 0.000358112738 0.000496062916 0.00233169971 0.000734169211 0.0188608523 0.0177780315 0 0.00109477318 0.00978785381 0.00076645118 0 0.0231125187 4.84953598e-05 0.00258622295 0.0158644356 0.000274597289 0.00192089169 0 0 0.000790133723 4.51252527e-05 3.89239649e-05 0 0 4.19750251e-07 0 0.0308773443 0.00332074659 0.000946658722 6.76886111e-06 0 0.0388368182 0 0.000337004778 0.00111684157 0 0 0 3.86006177e-05 2.3412133e-06 0 0 0.000701238867 0 3.23964778e-05 0 0.0359628759 2.94819747e-05 5.10625205e-06 8.97350947e-06 0.0429269001 0 0 0.00362214982 0.0252039004 0 1 0 0 0 0 0 0 0 0.727272749 0.244650543 0.854170442 0.590727568 0.771250486 1 1
__smartatpg_bin_789_3 0.00253894716 0.000164953424 0.0961182192 0 0.000121812685 0.173608795 0 5.01522954e-05 1.15975672e-05 0.000358112738 0.000496062916 0.00233169971 0.000734169211 0.0188608523 0.0177780315 0 0.00109477318 0.00978785381 0.00076645118 0 0.0231125187 4.84953598e-05 0.00258622295 0.0158644356 0.000274597289 0.00192089169 0 0 0.000790133723 4.51252527e-05 3.89239649e-05 0 0 4.19750251e-07 0 0.0308773443 0.00332074659 0.000946658722 6.76886111e-06 0 0.0388368182 0 0.000337004778 0.00111684157 0 0 0 3.86006177e-05 2.3412133e-06 0 0 0.000701238867 0 3.23964778e-05 0 0.0359628759 2.94819747e-05 5.10625205e-06 8.97350947e-06 0.0429269001 0 0 0.00362214982 0.0252039004 0 1 0 0 0 0 0 0 0 0.727272749 0.244650543 0.854170442 0.590727568 0.771250486 1 1
__smartatpg_bin_789_1 0.00253894716 0.000164953424 0.0961182192 0 0.000121812685 0.173608795 0 5.01522954e-05 1.15975672e-05 0.000358112738 0.000496062916 0.00233169971 0.000734169211 0.0188608523 0.0177780315 0 0.00109477318 0.00978785381 0.00076645118 0 0.0231125187 4.84953598e-05 0.00258622295 0.0158644356 0.000274597289 0.00192089169 0 0 0.000790133723 4.51252527e-05 3.89239649e-05 0 0 4.19750251e-07 0 0.0308773443 0.00332074659 0.000946658722 6.76886111e-06 0 0.0388368182 0 0.000337004778 0.00111684157 0 0 0 3.86006177e-05 2.3412133e-06 0 0 0.000701238867 0 3.23964778e-05 0 0.0359628759 2.94819747e-05 5.10625205e-06 8.97350947e-06 0.0429269001 0 0 0.00362214982 0.0252039004 0 1 0 0 0 0 0 0 0 0.75 0.244650543 0.856973052 0.719567835 0.710646272 1 1
__smartatpg_bin_789_5 0.00253894716 0.000164953424 0.0961182192 0 0.000121812685 0.173608795 0 5.01522954e-05 1.15975672e-05 0.000358112738 0.000496062916 0.00233169971 0.000734169211 0.0188608523 0.0177780315 0 0.00109477318 0.00978785381 0.00076645118 0 0.0231125187 4.84953598e-05 0.00258622295 0.0158644356 0.000274597289 0.00192089169 0 0 0.000790133723 4.51252527e-05 3.89239649e-05 0 0 4.19750251e-07 0 0.0308773443 0.00332074659 0.000946658722 6.76886111e-06 0 0.0388368182 0 0.000337004778 0.00111684157 0 0 0 3.86006177e-05 2.3412133e-06 0 0 0.000701238867 0 3.23964778e-05 0 0.0359628759 2.94819747e-05 5.10625205e-06 8.97350947e-06 0.0429269001 0 0 0.00362214982 0.0252039004 0 1 0 0 0 0 0 0 0 0.727272749 0.244650543 0.887862265 0.490540475 0.791389585 1 1
__smartatpg_bin_789_6 0.00253894716 0.000164953424 0.0961182192 0 0.000121812685 0.173608795 0 5.01522954e-05 1.15975672e-05 0.000358112738 0.000496062916 0.00233169971 0.000734169211 0.0188608523 0.0177780315 0 0.00109477318 0.00978785381 0.00076645118 0 0.0231125187 4.84953598e-05 0.00258622295 0.0158644356 0.000274597289 0.00192089169 0 0 0.000790133723 4.51252527e-05 3.89239649e-05 0 0 4.19750251e-07 0 0.0308773443 0.00332074659 0.000946658722 6.76886111e-06 0 0.0388368182 0 0.000337004778 0.00111684157 0 0 0 3.86006177e-05 2.3412133e-06 0 0 0.000701238867 0 3.23964778e-05 0 0.0359628759 2.94819747e-05 5.10625205e-06 8.97350947e-06 0.0429269001 0 0 0.00362214982 0.0252039004 0 1 0 0 0 0 0 0 0 0.727272749 0.244650543 0.887862265 0.490540475 0.791389585 1 1
__smartatpg_bin_789_4 0.00253894716 0.000164953424 0.0961182192 0 0.000121812685 0.173608795 0 5.01522954e-05 1.15975672e-05 0.000358112738 0.000496062916 0.00233169971 0.000734169211 0.0188608523 0.0177780315 0 0.00109477318 0.00978785381 0.00076645118 0 0.0231125187 4.84953598e-05 0.00258622295 0.0158644356 0.000274597289 0.00192089169 0 0 0.000790133723 4.51252527e-05 3.89239649e-05 0 0 4.19750251e-07 0 0.0308773443 0.00332074659 0.000946658722 6.76886111e-06 0 0.0388368182 0 0.000337004778 0.00111684157 0 0 0 3.86006177e-05 2.3412133e-06 0 0 0.000701238867 0 3.23964778e-05 0 0.0359628759 2.94819747e-05 5.10625205e-06 8.97350947e-06 0.0429269001 0 0 0.00362214982 0.0252039004 0 1 0 0 0 0 0 0 0 0.75 0.244650543 0.890233696 0.619380713 0.762497842 1 1
G1786 0.00253894716 0.000164953424 0.0961182192 0 0.000121812685 0.173608795 0 5.01522954e-05 1.15975672e-05 0.000358112738 0.000496062916 0.00233169971 0.000734169211 0.0188608523 0.0177780315 0 0.00109477318 0.00978785381 0.00076645118 0 0.0231125187 4.84953598e-05 0.00258622295 0.0158644356 0.000274597289 0.00192089169 0 0 0.000790133723 4.51252527e-05 3.89239649e-05 0 0 4.19750251e-07 0 0.0308773443 0.00332074659 0.000946658722 6.76886111e-06 0 0.0388368182 0 0.000337004778 0.00111684157 0 0 0 3.86006177e-05 2.3412133e-06 0 0 0.000701238867 0 3.23964778e-05 0 0.0359628759 2.94819747e-05 5.10625205e-06 8.97350947e-06 0.0429269001 0 0 0.00362214982 0.0252039004 0 0 1 0 0 0 0 0 0 0.772727251 0.244650543 0.867807209 0.797498405 0.595267117 1 1
G1803 0.00253894716 0.000164953424 0.0961182192 0 0.000121812685 0.173608795 0 5.01522954e-05 1.15975672e-05 0.000358112738 0.000496062916 0.00233169971 0.000734169211 0.0188608523 0.0177780315 0 0.00109477318 0.00978785381 0.00076645118 0 0.0231125187 4.84953598e-05 0.00258622295 0.0158644356 0.000274597289 0.00192089169 0 0 0.000790133723 4.51252527e-05 3.89239649e-05 0 0 4.19750251e-07 0 0.0308773443 0.00332074659 0.000946658722 6.76886111e-06 0 0.0388368182 0 0.000337004778 0.00111684157 0 0 0 3.86006177e-05 2.3412133e-06 0 0 0.000701238867 0 3.23964778e-05 0 0.0359628759 2.94819747e-05 5.10625205e-06 8.97350947e-06 0.0429269001 0 0 0.00362214982 0.0252039004 0 1 0 0 0 0 0 0 0 0.795454562 0.387761921 0.277790427 0.804984391 0.576827288 1 1
G1818 0.00253894716 0.000164953424 0.0961182192 0 0.000121812685 0.173608795 0 5.01522954e-05 1.15975672e-05 0.000358112738 0.000496062916 0.00233169971 0.000734169211 0.0188608523 0.0177780315 0 0.00109477318 0.00978785381 0.00076645118 0 0.0231125187 4.84953598e-05 0.00258622295 0.0158644356 0.000274597289 0.00192089169 0 0 0.000790133723 4.51252527e-05 3.89239649e-05 0 0 4.19750251e-07 0 0.0308773443 0.00332074659 0.000946658722 6.76886111e-06 0 0.0388368182 0 0.000337004778 0.00111684157 0 0 0 3.86006177e-05 2.3412133e-06 0 0 0.000701238867 0 3.23964778e-05 0 0.0359628759 2.94819747e-05 5.10625205e-06 8.97350947e-06 0.0429269001 0 0 0.00362214982 0.0252039004 0 0 1 0 0 0 0 0 0 0.818181813 0.244650543 0.887862265 0.299157739 0.515326679 1 1
G1819 0.00253894716 0.000164953424 0.0961182192 0 0.000121812685 0.173608795 0 5.01522954e-05 1.15975672e-05 0.000358112738 0.000496062916 0.00233169971 0.000734169211 0.0188608523 0.0177780315 0 0.00109477318 0.00978785381 0.00076645118 0 0.0231125187 4.84953598e-05 0.00258622295 0.0158644356 0.000274597289 0.00192089169 0 0 0.000790133723 4.51252527e-05 3.89239649e-05 0 0 4.19750251e-07 0 0.0308773443 0.00332074659 0.000946658722 6.76886111e-06 0 0.0388368182 0 0.000337004778 0.00111684157 0 0 0 3.86006177e-05 2.3412133e-06 0 0 0.000701238867 0 3.23964778e-05 0 0.0359628759 2.94819747e-05 5.10625205e-06 8.97350947e-06 0.0429269001 0 0 0.00362214982 0.0252039004 0 0 0 0 0 1 0 0 0 0.818181813 0.244650543 0.870426655 0.299157739 0.677525759 1 1
G1837 0.00253894716 0.000164953424 0.0961182192 0 0.000121812685 0.173608795 0 5.01522954e-05 1.15975672e-05 0.000358112738 0.000496062916 0.00233169971 0.000734169211 0.0188608523 0.0177780315 0 0.00109477318 0.00978785381 0.00076645118 0 0.0231125187 4.84953598e-05 0.00258622295 0.0158644356 0.000274597289 0.00192089169 0 0 0.000790133723 4.51252527e-05 3.89239649e-05 0 0 4.19750251e-07 0 0.0308773443 0.00332074659 0.000946658722 6.76886111e-06 0 0.0388368182 0 0.000337004778 0.00111684157 0 0 0 3.86006177e-05 2.3412133e-06 0 0 0.000701238867 0 3.23964778e-05 0 0.0359628759 2.94819747e-05 5.10625205e-06 8.97350947e-06 0.0429269001 0 0 0.00362214982 0.0252039004 0 0 1 0 0 0 0 0 0 0.840909064 0.244650543 0.723568141 0.386520684 0.485249966 1 1
G1842 0.00253894716 0.000164953424 0.0961182192 0 0.000121812685 0.173608795 0 5.01522954e-05 1.15975672e-05 0.000358112738 0.000496062916 0.00233169971 0.000734169211 0.0188608523 0.0177780315 0 0.00109477318 0.00978785381 0.00076645118 0 0.0231125187 4.84953598e-05 0.00258622295 0.0158644356 0.000274597289 0.00192089169 0 0 0.000790133723 4.51252527e-05 3.89239649e-05 0 0 4.19750251e-07 0 0.0308773443 0.00332074659 0.000946658722 6.76886111e-06 0 0.0388368182 0 0.000337004778 0.00111684157 0 0 0 3.86006177e-05 2.3412133e-06 0 0 0.000701238867 0 3.23964778e-05 0 0.0359628759 2.94819747e-05 5.10625205e-06 8.97350947e-06 0.0429269001 0 0 0.00362214982 0.0252039004 0 0 1 0 0 0 0 0 0 0.863636374 0.387761921 0.513973355 0.676144183 0.419672281 1 1
G1865 0.00253894716 0.000164953424 0.0961182192 0 0.000121812685 0.173608795 0 5.01522954e-05 1.15975672e-05 0.000358112738 0.000496062916 0.00233169971 0.000734169211 0.0188608523 0.0177780315 0 0.00109477318 0.00978785381 0.00076645118 0 0.0231125187 4.84953598e-05 0.00258622295 0.0158644356 0.000274597289 0.00192089169 0 0 0.000790133723 4.51252527e-05 3.89239649e-05 0 0 4.19750251e-07 0 0.0308773443 0.00332074659 0.000946658722 6.76886111e-06 0 0.0388368182 0 0.000337004778 0.00111684157 0 0 0 3.86006177e-05 2.3412133e-06 0 0 0.000701238867 0 3.23964778e-05 0 0.0359628759 2.94819747e-05 5.10625205e-06 8.97350947e-06 0.0429269001 0 0 0.00362214982 0.0252039004 0 0 1 0 0 0 0 0 0 0.886363626 0.244650543 0.753682196 0.386520684 0.313588262 1 1
G1866 0.00253894716 0.000164953424 0.0961182192 0 0.000121812685 0.173608795 0 5.01522954e-05 1.15975672e-05 0.000358112738 0.000496062916 0.00233169971 0.000734169211 0.0188608523 0.0177780315 0 0.00109477318 0.00978785381 0.00076645118 0 0.0231125187 4.84953598e-05 0.00258622295 0.0158644356 0.000274597289 0.00192089169 0 0 0.000790133723 4.51252527e-05 3.89239649e-05 0 0 4.19750251e-07 0 0.0308773443 0.00332074659 0.000946658722 6.76886111e-06 0 0.0388368182 0 0.000337004778 0.00111684157 0 0 0 3.86006177e-05 2.3412133e-06 0 0 0.000701238867 0 3.23964778e-05 0 0.0359628759 2.94819747e-05 5.10625205e-06 8.97350947e-06 0.0429269001 0 0 0.00362214982 0.0252039004 0 0 0 0 0 1 0 0 0 0.886363626 0.244650543 0.734117031 0.490540475 0.473954648 1 1
G1875 0.00253894716 0.000164953424 0.0961182192 0 0.000121812685 0.173608795 0 5.01522954e-05 1.15975672e-05 0.000358112738 0.000496062916 0.00233169971 0.000734169211 0.0188608523 0.0177780315 0 0.00109477318 0.00978785381 0.00076645118 0 0.0231125187 4.84953598e-05 0.00258622295 0.0158644356 0.000274597289 0.00192089169 0 0 0.000790133723 4.51252527e-05 3.89239649e-05 0 0 4.19750251e-07 0 0.0308773443 0.00332074659 0.000946658722 6.76886111e-06 0 0.0388368182 0 0.000337004778 0.00111684157 0 0 0 3.86006177e-05 2.3412133e-06 0 0 0.000701238867 0 3.23964778e-05 0 0.0359628759 2.94819747e-05 5.10625205e-06 8.97350947e-06 0.0429269001 0 0 0.00362214982 0.0252039004 0 0 1 0 0 0 0 0 0 0.909090936 0.244650543 0.600295126 0.299157739 0.384551495 1 1
G1906 0.00253894716 0.000164953424 0.0961182192 0 0.000121812685 0.173608795 0 5.01522954e-05 1.15975672e-05 0.000358112738 0.000496062916 0.00233169971 0.000734169211 0.0188608523 0.0177780315 0 0.00109477318 0.00978785381 0.00076645118 0 0.0231125187 4.84953598e-05 0.00258622295 0.0158644356 0.000274597289 0.00192089169 0 0 0.000790133723 4.51252527e-05 3.89239649e-05 0 0 4.19750251e-07 0 0.0308773443 0.00332074659 0.000946658722 6.76886111e-06 0 0.0388368182 0 0.000337004778 0.00111684157 0 0 0 3.86006177e-05 2.3412133e-06 0 0 0.000701238867 0 3.23964778e-05 0 0.0359628759 2.94819747e-05 5.10625205e-06 8.97350947e-06 0.0429269001 0 0 0.00362214982 0.0252039004 0 0 1 0 0 0 0 0 0 0.931818187 0 0.513973355 0.56590718 0 1 1
__smartatpg_bin_790_2 0.00253894716 0.000164953424 0.0961182192 0 0.000121812685 0.173608795 0 5.01522954e-05 1.15975672e-05 0.000358112738 0.000496062916 0.00233169971 0.000734169211 0.0188608523 0.0177780315 0 0.00109477318 0.00978785381 0.00076645118 0 0.0231125187 4.84953598e-05 0.00258622295 0.0158644356 0.000274597289 0.00192089169 0 0 0.000790133723 4.51252527e-05 3.89239649e-05 0 0 4.19750251e-07 0 0.0308773443 0.00332074659 0.000946658722 6.76886111e-06 0 0.0388368182 0 0.000337004778 0.00111684157 0 0 0 3.86006177e-05 2.3412133e-06 0 0 0.000701238867 0 3.23964778e-05 0 0.0359628759 2.94819747e-05 5.10625205e-06 8.97350947e-06 0.0429269001 0 0 0.00362214982 0.0252039004 0 1 0 0 0 0 0 0 0 0.727272749 0.244650543 0.854170442 0.547303915 0.771250486 1 1
__smartatpg_bin_790_3 0.00253894716 0.000164953424 0.0961182192 0 0.000121812685 0.173608795 0 5.01522954e-05 1.15975672e-05 0.000358112738 0.000496062916 0.00233169971 0.000734169211 0.0188608523 0.0177780315 0 0.00109477318 0.00978785381 0.00076645118 0 0.0231125187 4.84953598e-05 0.00258622295 0.0158644356 0.000274597289 0.00192089169 0 0 0.000790133723 4.51252527e-05 3.89239649e-05 0 0 4.19750251e-07 0 0.0308773443 0.00332074659 0.000946658722 6.76886111e-06 0 0.0388368182 0 0.000337004778 0.00111684157 0 0 0 3.86006177e-05 2.3412133e-06 0 0 0.000701238867 0 3.23964778e-05 0 0.0359628759 2.94819747e-05 5.10625205e-06 8.97350947e-06 0.0429269001 0 0 0.00362214982 0.0252039004 0 1 0 0 0 0 0 0 0 0.727272749 0.244650543 0.887862265 0.490540475 0.781609535 1 1
__smartatpg_bin_790_1 0.00253894716 0.000164953424 0.0961182192 0 0.000121812685 0.173608795 0 5.01522954e-05 1.15975672e-05 0.000358112738 0.000496062916 0.00233169971 0.000734169211 0.0188608523 0.0177780315 0 0.00109477318 0.00978785381 0.00076645118 0 0.0231125187 4.84953598e-05 0.00258622295 0.0158644356 0.000274597289 0.00192089169 0 0 0.000790133723 4.51252527e-05 3.89239649e-05 0 0 4.19750251e-07 0 0.0308773443 0.00332074659 0.000946658722 6.76886111e-06 0 0.0388368182 0 0.000337004778 0.00111684157 0 0 0 3.86006177e-05 2.3412133e-06 0 0 0.000701238867 0 3.23964778e-05 0 0.0359628759 2.94819747e-05 5.10625205e-06 8.97350947e-06 0.0429269001 0 0 0.00362214982 0.0252039004 0 1 0 0 0 0 0 0 0 0.75 0.244650543 0.856973052 0.649920881 0.738485277 1 1
__smartatpg_bin_790_5 0.00253894716 0.000164953424 0.0961182192 0 0.000121812685 0.173608795 0 5.01522954e-05 1.15975672e-05 0.000358112738 0.000496062916 0.00233169971 0.000734169211 0.0188608523 0.0177780315 0 0.00109477318 0.00978785381 0.00076645118 0 0.0231125187 4.84953598e-05 0.00258622295 0.0158644356 0.000274597289 0.00192089169 0 0 0.000790133723 4.51252527e-05 3.89239649e-05 0 0 4.19750251e-07 0 0.0308773443 0.00332074659 0.000946658722 6.76886111e-06 0 0.0388368182 0 0.000337004778 0.00111684157 0 0 0 3.86006177e-05 2.3412133e-06 0 0 0.000701238867 0 3.23964778e-05 0 0.0359628759 2.94819747e-05 5.10625205e-06 8.97350947e-06 0.0429269001 0 0 0.00362214982 0.0252039004 0 1 0 0 0 0 0 0 0 0.727272749 0.244650543 0.887862265 0.490540475 0.781609535 1 1
__smartatpg_bin_790_6 0.00253894716 0.000164953424 0.0961182192 0 0.000121812685 0.173608795 0 5.01522954e-05 1.15975672e-05 0.000358112738 0.000496062916 0.00233169971 0.000734169211 0.0188608523 0.0177780315 0 0.00109477318 0.00978785381 0.00076645118 0 0.0231125187 4.84953598e-05 0.00258622295 0.0158644356 0.000274597289 0.00192089169 0 0 0.000790133723 4.51252527e-05 3.89239649e-05 0 0 4.19750251e-07 0 0.0308773443 0.00332074659 0.000946658722 6.76886111e-06 0 0.0388368182 0 0.000337004778 0.00111684157 0 0 0 3.86006177e-05 2.3412133e-06 0 0 0.000701238867 0 3.23964778e-05 0 0.0359628759 2.94819747e-05 5.10625205e-06 8.97350947e-06 0.0429269001 0 0 0.00362214982 0.0252039004 0 1 0 0 0 0 0 0 0 0.727272749 0.244650543 0.854170442 0.590727568 0.760239482 1 1
__smartatpg_bin_790_4 0.00253894716 0.000164953424 0.0961182192 0 0.000121812685 0.173608795 0 5.01522954e-05 1.15975672e-05 0.000358112738 0.000496062916 0.00233169971 0.000734169211 0.0188608523 0.0177780315 0 0.00109477318 0.00978785381 0.00076645118 0 0.0231125187 4.84953598e-05 0.00258622295 0.0158644356 0.000274597289 0.00192089169 0 0 0.000790133723 4.51252527e-05 3.89239649e-05 0 0 4.19750251e-07 0 0.0308773443 0.00332074659 0.000946658722 6.76886111e-06 0 0.0388368182 0 0.000337004778 0.00111684157 0 0 0 3.86006177e-05 2.3412133e-06 0 0 0.000701238867 0 3.23964778e-05 0 0.0359628759 2.94819747e-05 5.10625205e-06 8.97350947e-06 0.0429269001 0 0 0.00362214982 0.0252039004 0 1 0 0 0 0 0 0 0 0.75 0.244650543 0.856973052 0.676144183 0.725118756 1 1
G1787 0.00253894716 0.000164953424 0.0961182192 0 0.000121812685 0.173608795 0 5.01522954e-05 1.15975672e-05 0.000358112738 0.000496062916 0.00233169971 0.000734169211 0.0188608523 0.0177780315 0 0.00109477318 0.00978785381 0.00076645118 0 0.0231125187 4.84953598e-05 0.00258622295 0.0158644356 0.000274597289 0.00192089169 0 0 0.000790133723 4.51252527e-05 3.89239649e-05 0 0 4.19750251e-07 0 0.0308773443 0.00332074659 0.000946658722 6.76886111e-06 0 0.0388368182 0 0.000337004778 0.00111684157 0 0 0 3.86006177e-05 2.3412133e-06 0 0 0.000701238867 0 3.23964778e-05 0 0.0359628759 2.94819747e-05 5.10625205e-06 8.97350947e-06 0.0429269001 0 0 0.00362214982 0.0252039004 0 0 1 0 0 0 0 0 0 0.772727251 0.244650543 0.854170442 0.797498405 0.595267117 1 1
G1806 0.00253894716 0.000164953424 0.0961182192 0 0.000121812685 0.173608795 0 5.01522954e-05 1.15975672e-05 0.000358112738 0.000496062916 0.00233169971 0.000734169211 0.0188608523 0.0177780315 0 0.00109477318 0.00978785381 0.00076645118 0 0.0231125187 4.84953598e-05 0.00258622295 0.0158644356 0.000274597289 0.00192089169 0 0 0.000790133723 4.51252527e-05 3.89239649e-05 0 0 4.19750251e-07 0 0.0308773443 0.00332074659 0.000946658722 6.76886111e-06 0 0.0388368182 0 0.000337004778 0.00111684157 0 0 0 3.86006177e-05 2.3412133e-06 0 0 0.000701238867 0 3.23964778e-05 0 0.0359628759 2.94819747e-05 5.10625205e-06 8.97350947e-06 0.0429269001 0 0 0.00362214982 0.0252039004 0 1 0 0 0 0 0 0 0 0.795454562 0.387761921 0.277790427 0.804984391 0.576827288 1 1
G1820 0.00253894716 0.000164953424 0.0961182192 0 0.000121812685 0.173608795 0 5.01522954e-05 1.15975672e-05 0.000358112738 0.000496062916 0.00233169971 0.000734169211 0.0188608523 0.0177780315 0 0.00109477318 0.00978785381 0.00076645118 0 0.0231125187 4.84953598e-05 0.00258622295 0.0158644356 0.000274597289 0.00192089169 0 0 0.000790133723 4.51252527e-05 3.89239649e-05 0 0 4.19750251e-07 0 0.0308773443 0.00332074659 0.000946658722 6.76886111e-06 0 0.0388368182 0 0.000337004778 0.00111684157 0 0 0 3.86006177e-05 2.3412133e-06 0 0 0.000701238867 0 3.23964778e-05 0 0.0359628759 2.94819747e-05 5.10625205e-06 8.97350947e-06 0.0429269001 0 0 0.00362214982 0.0252039004 0 0 1 0 0 0 0 0 0 0.818181813 0.244650543 0.887862265 0.299157739 0.515326679 1 1
G1821 0.00253894716 0.000164953424 0.0961182192 0 0.000121812685 0.173608795 0 5.01522954e-05 1.15975672e-05 0.000358112738 0.000496062916 0.00233169971 0.000734169211 0.0188608523 0.0177780315 0 0.00109477318 0.00978785381 0.00076645118 0 0.0231125187 4.84953598e-05 0.00258622295 0.0158644356 0.000274597289 0.00192089169 0 0 0.000790133723 4.51252527e-05 3.89239649e-05 0 0 4.19750251e-07 0 0.0308773443 0.00332074659 0.000946658722 6.76886111e-06 0 0.0388368182 0 0.000337004778 0.00111684157 0 0 0 3.86006177e-05 2.3412133e-06 0 0 0.000701238867 0 3.23964778e-05 0 0.0359628759 2.94819747e-05 5.10625205e-06 8.97350947e-06 0.0429269001 0 0 0.00362214982 0.0252039004 0 0 0 0 0 1 0 0 0 0.818181813 0.244650543 0.870426655 0.299157739 0.670077085 1 1
G1838 0.00253894716 0.000164953424 0.0961182192 0 0.000121812685 0.173608795 0 5.01522954e-05 1.15975672e-05 0.000358112738 0.000496062916 0.00233169971 0.000734169211 0.0188608523 0.0177780315 0 0.00109477318 0.00978785381 0.00076645118 0 0.0231125187 4.84953598e-05 0.00258622295 0.0158644356 0.000274597289 0.00192089169 0 0 0.000790133723 4.51252527e-05 3.89239649e-05 0 0 4.19750251e-07 0 0.0308773443 0.00332074659 0.000946658722 6.76886111e-06 0 0.0388368182 0 0.000337004778 0.00111684157 0 0 0 3.86006177e-05 2.3412133e-06 0 0 0.000701238867 0 3.23964778e-05 0 0.0359628759 2.94819747e-05 5.10625205e-06 8.97350947e-06 0.0429269001 0 0 0.00362214982 0.0252039004 0 0 1 0 0 0 0 0 0 0.840909064 0.244650543 0.712432861 0.386520684 0.485249966 1 1
G1845 0.00253894716 0.000164953424 0.0961182192 0 0.000121812685 0.173608795 0 5.01522954e-05 1.15975672e-05 0.000358112738 0.000496062916 0.00233169971 0.000734169211 0.0188608523 0.0177780315 0 0.00109477318 0.00978785381 0.00076645118 0 0.0231125187 4.84953598e-05 0.00258622295 0.0158644356 0.000274597289 0.00192089169 0 0 0.000790133723 4.51252527e-05 3.89239649e-05 0 0 4.19750251e-07 0 0.0308773443 0.00332074659 0.000946658722 6.76886111e-06 0 0.0388368182 0 0.000337004778 0.00111684157 0 0 0 3.86006177e-05 2.3412133e-06 0 0 0.000701238867 0 3.23964778e-05 0 0.0359628759 2.94819747e-05 5.10625205e-06 8.97350947e-06 0.0429269001 0 0 0.00362214982 0.0252039004 0 0 1 0 0 0 0 0 0 0.863636374 0.387761921 0.513973355 0.666094303 0.419672281 1 1
G1867 0.00253894716 0.000164953424 0.0961182192 0 0.000121812685 0.173608795 0 5.01522954e-05 1.15975672e-05 0.000358112738 0.000496062916 0.00233169971 0.000734169211 0.0188608523 0.0177780315 0 0.00109477318 0.00978785381 0.00076645118 0 0.0231125187 4.84953598e-05 0.00258622295 0.0158644356 0.000274597289 0.00192089169 0 0 0.000790133723 4.51252527e-05 3.89239649e-05 0 0 4.19750251e-07 0 0.0308773443 0.00332074659 0.000946658722 6.76886111e-06 0 0.0388368182 0 0.000337004778 0.00111684157 0 0 0 3.86006177e-05 2.3412133e-06 0 0 0.000701238867 0 3.23964778e-05 0 0.0359628759 2.94819747e-05 5.10625205e-06 8.97350947e-06 0.0429269001 0 0 0.00362214982 0.0252039004 0 0 1 0 0 0 0 0 0 0.886363626 0.244650543 0.7441383 0.386520684 0.313588262 1 1
G1868 0.00253894716 0.000164953424 0.0961182192 0 0.000121812685 0.173608795 0 5.01522954e-05 1.15975672e-05 0.000358112738 0.000496062916 0.00233169971 0.000734169211 0.0188608523 0.0177780315 0 0.00109477318 0.00978785381 0.00076645118 0 0.0231125187 4.84953598e-05 0.00258622295 0.0158644356 0.000274597289 0.00192089169 0 0 0.000790133723 4.51252527e-05 3.89239649e-05 0 0 4.19750251e-07 0 0.0308773443 0.00332074659 0.000946658722 6.76886111e-06 0 0.0388368182 0 0.000337004778 0.00111684157 0 0 0 3.86006177e-05 2.3412133e-06 0 0 0.000701238867 0 3.23964778e-05 0 0.0359628759 2.94819747e-05 5.10625205e-06 8.97350947e-06 0.0429269001 0 0 0.00362214982 0.0252039004 0 0 0 0 0 1 0 0 0 0.886363626 0.244650543 0.723568141 0.490540475 0.473954648 1 1
G1876 0.00253894716 0.000164953424 0.0961182192 0 0.000121812685 0.173608795 0 5.01522954e-05 1.15975672e-05 0.000358112738 0.000496062916 0.00233169971 0.000734169211 0.0188608523 0.0177780315 0 0.00109477318 0.00978785381 0.00076645118 0 0.0231125187 4.84953598e-05 0.00258622295 0.0158644356 0.000274597289 0.00192089169 0 0 0.000790133723 4.51252527e-05 3.89239649e-05 0 0 4.19750251e-07 0 0.0308773443 0.00332074659 0.000946658722 6.76886111e-06 0 0.0388368182 0 0.000337004778 0.00111684157 0 0 0 3.86006177e-05 2.3412133e-06 0 0 0.000701238867 0 3.23964778e-05 0 0.0359628759 2.94819747e-05 5.10625205e-06 8.97350947e-06 0.0429269001 0 0 0.00362214982 0.0252039004 0 0 1 0 0 0 0 0 0 0.909090936 0.244650543 0.600295126 0.299157739 0.384551495 1 1
G1907 0.00253894716 0.000164953424 0.0961182192 0 0.000121812685 0.173608795 0 5.01522954e-05 1.15975672e-05 0.000358112738 0.000496062916 0.00233169971 0.000734169211 0.0188608523 0.0177780315 0 0.00109477318 0.00978785381 0.00076645118 0 0.0231125187 4.84953598e-05 0.00258622295 0.0158644356 0.000274597289 0.00192089169 0 0 0.000790133723 4.51252527e-05 3.89239649e-05 0 0 4.19750251e-07 0 0.0308773443 0.00332074659 0.000946658722 6.76886111e-06 0 0.0388368182 0 0.000337004778 0.00111684157 0 0 0 3.86006177e-05 2.3412133e-06 0 0 0.000701238867 0 3.23964778e-05 0 0.0359628759 2.94819747e-05 5.10625205e-06 8.97350947e-06 0.0429269001 0 0 0.00362214982 0.0252039004 0 0 1 0 0 0 0 0 0 0.931818187 0 0.513973355 0.56590718 0 1 1
__smartatpg_bin_791_2 0.00253894716 0.000164953424 0.0961182192 0 0.000121812685 0.173608795 0 5.01522954e-05 1.15975672e-05 0.000358112738 0.000496062916 0.00233169971 0.000734169211 0.0188608523 0.0177780315 0 0.00109477318 0.00978785381 0.00076645118 0 0.0231125187 4.84953598e-05 0.00258622295 0.0158644356 0.000274597289 0.00192089169 0 0 0.000790133723 4.51252527e-05 3.89239649e-05 0 0 4.19750251e-07 0 0.0308773443 0.00332074659 0.000946658722 6.76886111e-06 0 0.0388368182 0 0.000337004778 0.00111684157 0 0 0 3.86006177e-05 2.3412133e-06 0 0 0.000701238867 0 3.23964778e-05 0 0.0359628759 2.94819747e-05 5.10625205e-06 8.97350947e-06 0.0429269001 0 0 0.00362214982 0.0252039004 0 1 0 0 0 0 0 0 0 0.727272749 0.244650543 0.854170442 0.590727568 0.880411804 1 1
__smartatpg_bin_791_3 0.00253894716 0.000164953424 0.0961182192 0 0.000121812685 0.173608795 0 5.01522954e-05 1.15975672e-05 0.000358112738 0.000496062916 0.00233169971 0.000734169211 0.0188608523 0.0177780315 0 0.00109477318 0.00978785381 0.00076645118 0 0.0231125187 4.84953598e-05 0.00258622295 0.0158644356 0.000274597289 0.00192089169 0 0 0.000790133723 4.51252527e-05 3.89239649e-05 0 0 4.19750251e-07 0 0.0308773443 0.00332074659 0.000946658722 6.76886111e-06 0 0.0388368182 0 0.000337004778 0.00111684157 0 0 0 3.86006177e-05 2.3412133e-06 0 0 0.000701238867 0 3.23964778e-05 0 0.0359628759 2.94819747e-05 5.10625205e-06 8.97350947e-06 0.0429269001 0 0 0.00362214982 0.0252039004 0 1 0 0 0 0 0 0 0 0.727272749 0.244650543 0.854170442 0.590727568 0.880411804 1 1
__smartatpg_bin_791_1 0.00253894716 0.000164953424 0.0961182192 0 0.000121812685 0.173608795 0 5.01522954e-05 1.15975672e-05 0.000358112738 0.000496062916 0.00233169971 0.000734169211 0.0188608523 0.0177780315 0 0.00109477318 0.00978785381 0.00076645118 0 0.0231125187 4.84953598e-05 0.00258622295 0.0158644356 0.000274597289 0.00192089169 0 0 0.000790133723 4.51252527e-05 3.89239649e-05 0 0 4.19750251e-07 0 0.0308773443 0.00332074659 0.000946658722 6.76886111e-06 0 0.0388368182 0 0.000337004778 0.00111684157 0 0 0 3.86006177e-05 2.3412133e-06 0 0 0.000701238867 0 3.23964778e-05 0 0.0359628759 2.94819747e-05 5.10625205e-06 8.97350947e-06 0.0429269001 0 0 0.00362214982 0.0252039004 0 1 0 0 0 0 0 0 0 0.75 0.244650543 0.856973052 0.719567835 0.850549459 1 1
__smartatpg_bin_791_5 0.00253894716 0.000164953424 0.0961182192 0 0.000121812685 0.173608795 0 5.01522954e-05 1.15975672e-05 0.000358112738 0.000496062916 0.00233169971 0.000734169211 0.0188608523 0.0177780315 0 0.00109477318 0.00978785381 0.00076645118 0 0.0231125187 4.84953598e-05 0.00258622295 0.0158644356 0.000274597289 0.00192089169 0 0 0.000790133723 4.51252527e-05 3.89239649e-05 0 0 4.19750251e-07 0 0.0308773443 0.00332074659 0.000946658722 6.76886111e-06 0 0.0388368182 0 0.000337004778 0.00111684157 0 0 0 3.86006177e-05 2.3412133e-06 0 0 0.000701238867 0 3.23964778e-05 0 0.0359628759 2.94819747e-05 5.10625205e-06 8.97350947e-06 0.0429269001 0 0 0.00362214982 0.0252039004 0 1 0 0 0 0 0 0 0 0.727272749 0.244650543 0.887862265 0.490540475 0.891492546 1 1
__smartatpg_bin_791_6 0.00253894716 0.000164953424 0.0961182192 0 0.000121812685 0.173608795 0 5.01522954e-05 1.15975672e-05 0.000358112738 0.000496062916 0.00233169971 0.000734169211 0.0188608523 0.0177780315 0 0.00109477318 0.00978785381 0.00076645118 0 0.0231125187 4.84953598e-05 0.00258622295 0.0158644356 0.000274597289 0.00192089169 0 0 0.000790133723 4.51252527e-05 3.89239649e-05 0 0 4.19750251e-07 0 0.0308773443 0.00332074659 0.000946658722 6.76886111e-06 0 0.0388368182 0 0.000337004778 0.00111684157 0 0 0 3.86006177e-05 2.3412133e-06 0 0 0.000701238867 0 3.23964778e-05 0 0.0359628759 2.94819747e-05 5.10625205e-06 8.97350947e-06 0.0429269001 0 0 0.00362214982 0.0252039004 0 1 0 0 0 0 0 0 0 0.727272749 0.244650543 0.887862265 0.490540475 0.891492546 1 1
__smartatpg_bin_791_4 0.00253894716 0.000164953424 0.0961182192 0 0.000121812685 0.173608795 0 5.01522954e-05 1.15975672e-05 0.000358112738 0.000496062916 0.00233169971 0.000734169211 0.0188608523 0.0177780315 0 0.00109477318 0.00978785381 0.00076645118 0 0.0231125187 4.84953598e-05 0.00258622295 0.0158644356 0.000274597289 0.00192089169 0 0 0.000790133723 4.51252527e-05 3.89239649e-05 0 0 4.19750251e-07 0 0.0308773443 0.00332074659 0.000946658722 6.76886111e-06 0 0.0388368182 0 0.000337004778 0.00111684157 0 0 0 3.86006177e-05 2.3412133e-06 0 0 0.000701238867 0 3.23964778e-05 0 0.0359628759 2.94819747e-05 5.10625205e-06 8.97350947e-06 0.0429269001 0 0 0.00362214982 0.0252039004 0 1 0 0 0 0 0 0 0 0.75 0.244650543 0.890233696 0.619380713 0.875775337 1 1
G1788 0.00253894716 0.000164953424 0.0961182192 0 0.000121812685 0.173608795 0 5.01522954e-05 1.15975672e-05 0.000358112738 0.000496062916 0.00233169971 0.000734169211 0.0188608523 0.0177780315 0 0.00109477318 0.00978785381 0.00076645118 0 0.0231125187 4.84953598e-05 0.00258622295 0.0158644356 0.000274597289 0.00192089169 0 0 0.000790133723 4.51252527e-05 3.89239649e-05 0 0 4.19750251e-07 0 0.0308773443 0.00332074659 0.000946658722 6.76886111e-06 0 0.0388368182 0 0.000337004778 0.00111684157 0 0 0 3.86006177e-05 2.3412133e-06 0 0 0.000701238867 0 3.23964778e-05 0 0.0359628759 2.94819747e-05 5.10625205e-06 8.97350947e-06 0.0429269001 0 0 0.00362214982 0.0252039004 0 1 0 0 0 0 0 0 0 0.772727251 0.387761921 0.859736979 0.804984391 0.807724237 1 1
__smartatpg_bin_792_2 0.00253894716 0.000164953424 0.0961182192 0 0.000121812685 0.173608795 0 5.01522954e-05 1.15975672e-05 0.000358112738 0.000496062916 0.00233169971 0.000734169211 0.0188608523 0.0177780315 0 0.00109477318 0.00978785381 0.00076645118 0 0.0231125187 4.84953598e-05 0.00258622295 0.0158644356 0.000274597289 0.00192089169 0 0 0.000790133723 4.51252527e-05 3.89239649e-05 0 0 4.19750251e-07 0 0.0308773443 0.00332074659 0.000946658722 6.76886111e-06 0 0.0388368182 0 0.000337004778 0.00111684157 0 0 0 3.86006177e-05 2.3412133e-06 0 0 0.000701238867 0 3.23964778e-05 0 0.0359628759 2.94819747e-05 5.10625205e-06 8.97350947e-06 0.0429269001 0 0 0.00362214982 0.0252039004 0 1 0 0 0 0 0 0 0 0.727272749 0.244650543 0.854170442 0.547303915 0.886039853 1 1
__smartatpg_bin_792_3 0.00253894716 0.000164953424 0.0961182192 0 0.000121812685 0.173608795 0 5.01522954e-05 1.15975672e-05 0.000358112738 0.000496062916 0.00233169971 0.000734169211 0.0188608523 0.0177780315 0 0.00109477318 0.00978785381 0.00076645118 0 0.0231125187 4.84953598e-05 0.00258622295 0.0158644356 0.000274597289 0.00192089169 0 0 0.000790133723 4.51252527e-05 3.89239649e-05 0 0 4.19750251e-07 0 0.0308773443 0.00332074659 0.000946658722 6.76886111e-06 0 0.0388368182 0 0.000337004778 0.00111684157 0 0 0 3.86006177e-05 2.3412133e-06 0 0 0.000701238867 0 3.23964778e-05 0 0.0359628759 2.94819747e-05 5.10625205e-06 8.97350947e-06 0.0429269001 0 0 0.00362214982 0.0252039004 0 1 0 0 0 0 0 0 0 0.727272749 0.244650543 0.887862265 0.490540475 0.891492546 1 1
__smartatpg_bin_792_1 0.00253894716 0.000164953424 0.0961182192 0 0.000121812685 0.173608795 0 5.01522954e-05 1.15975672e-05 0.000358112738 0.000496062916 0.00233169971 0.000734169211 0.0188608523 0.0177780315 0 0.00109477318 0.00978785381 0.00076645118 0 0.0231125187 4.84953598e-05 0.00258622295 0.0158644356 0.000274597289 0.00192089169 0 0 0.000790133723 4.51252527e-05 3.89239649e-05 0 0 4.19750251e-07 0 0.0308773443 0.00332074659 0.000946658722 6.76886111e-06 0 0.0388368182 0 0.000337004778 0.00111684157 0 0 0 3.86006177e-05 2.3412133e-06 0 0 0.000701238867 0 3.23964778e-05 0 0.0359628759 2.94819747e-05 5.10625205e-06 8.97350947e-06 0.0429269001 0 0 0.00362214982 0.0252039004 0 1 0 0 0 0 0 0 0 0.75 0.244650543 0.856973052 0.649920881 0.869801462 1 1
__smartatpg_bin_792_5 0.00253894716 0.000164953424 0.0961182192 0 0.000121812685 0.173608795 0 5.01522954e-05 1.15975672e-05 0.000358112738 0.000496062916 0.00233169971 0.000734169211 0.0188608523 0.0177780315 0 0.00109477318 0.00978785381 0.00076645118 0 0.0231125187 4.84953598e-05 0.00258622295 0.0158644356 0.000274597289 0.00192089169 0 0 0.000790133723 4.51252527e-05 3.89239649e-05 0 0 4.19750251e-07 0 0.0308773443 0.00332074659 0.000946658722 6.76886111e-06 0 0.0388368182 0 0.000337004778 0.00111684157 0 0 0 3.86006177e-05 2.3412133e-06 0 0 0.000701238867 0 3.23964778e-05 0 0.0359628759 2.94819747e-05 5.10625205e-06 8.97350947e-06 0.0429269001 0 0 0.00362214982 0.0252039004 0 1 0 0 0 0 0 0 0 0.727272749 0.244650543 0.887862265 0.490540475 0.891492546 1 1
__smartatpg_bin_792_6 0.00253894716 0.000164953424 0.0961182192 0 0.000121812685 0.173608795 0 5.01522954e-05 1.15975672e-05 0.000358112738 0.000496062916 0.00233169971 0.000734169211 0.0188608523 0.0177780315 0 0.00109477318 0.00978785381 0.00076645118 0 0.0231125187 4.84953598e-05 0.00258622295 0.0158644356 0.000274597289 0.00192089169 0 0 0.000790133723 4.51252527e-05 3.89239649e-05 0 0 4.19750251e-07 0 0.0308773443 0.00332074659 0.000946658722 6.76886111e-06 0 0.0388368182 0 0.000337004778 0.00111684157 0 0 0 3.86006177e-05 2.3412133e-06 0 0 0.000701238867 0 3.23964778e-05 0 0.0359628759 2.94819747e-05 5.10625205e-06 8.97350947e-06 0.0429269001 0 0 0.00362214982 0.0252039004 0 1 0 0 0 0 0 0 0 0.727272749 0.244650543 0.854170442 0.590727568 0.880411804 1 1
__smartatpg_bin_792_4 0.00253894716 0.000164953424 0.0961182192 0 0.000121812685 0.173608795 0 5.01522954e-05 1.15975672e-05 0.000358112738 0.000496062916 0.00233169971 0.000734169211 0.0188608523 0.0177780315 0 0.00109477318 0.00978785381 0.00076645118 0 0.0231125187 4.84953598e-05 0.00258622295 0.0158644356 0.000274597289 0.00192089169 0 0 0.000790133723 4.51252527e-05 3.89239649e-05 0 0 4.19750251e-07 0 0.0308773443 0.00332074659 0.000946658722 6.76886111e-06 0 0.0388368182 0 0.000337004778 0.00111684157 0 0 0 3.86006177e-05 2.3412133e-06 0 0 0.000701238867 0 3.23964778e-05 0 0.0359628759 2.94819747e-05 5.10625205e-06 8.97350947e-06 0.0429269001 0 0 0.00362214982 0.0252039004 0 1 0 0 0 0 0 0 0 0.75 0.244650543 0.856973052 0.676144183 0.863616526 1 1
G1791 0.00253894716 0.000164953424 0.0961182192 0 0.000121812685 0.173608795 0 5.01522954e-05 1.15975672e-05 0.000358112738 0.000496062916 0.00233169971 0.000734169211 0.0188608523 0.0177780315 0 0.00109477318 0.00978785381 0.00076645118 0 0.0231125187 4.84953598e-05 0.00258622295 0.0158644356 0.000274597289 0.00192089169 0 0 0.000790133723 4.51252527e-05 3.89239649e-05 0 0 4.19750251e-07 0 0.0308773443 0.00332074659 0.000946658722 6.76886111e-06 0 0.0388368182 0 0.000337004778 0.00111684157 0 0 0 3.86006177e-05 2.3412133e-06 0 0 0.000701238867 0 3.23964778e-05 0 0.0359628759 2.94819747e-05 5.10625205e-06 8.97350947e-06 0.0429269001 0 0 0.00362214982 0.0252039004 0 1 0 0 0 0 0 0 0 0.772727251 0.387761921 0.859736979 0.792334795 0.816180825 1 1
G1810 0.00253894716 0.000164953424 0.0961182192 0 0.000121812685 0.173608795 0 5.01522954e-05 1.15975672e-05 0.000358112738 0.000496062916 0.00233169971 0.000734169211 0.0188608523 0.0177780315 0 0.00109477318 0.00978785381 0.00076645118 0 0.0231125187 4.84953598e-05 0.00258622295 0.0158644356 0.000274597289 0.00192089169 0 0 0.000790133723 4.51252527e-05 3.89239649e-05 0 0 4.19750251e-07 0 0.0308773443 0.00332074659 0.000946658722 6.76886111e-06 0 0.0388368182 0 0.000337004778 0.00111684157 0 0 0 3.86006177e-05 2.3412133e-06 0 0 0.000701238867 0 3.23964778e-05 0 0.0359628759 2.94819747e-05 5.10625205e-06 8.97350947e-06 0.0429269001 0 0 0.00362214982 0.0252039004 0 0 1 0 0 0 0 0 0 0.795454562 0.686820924 1 0.80002737 0.595267117 1 1
__smartatpg_bin_804_1 0.00253894716 0.000164953424 0.0961182192 0 0.000121812685 0.173608795 0 5.01522954e-05 1.15975672e-05 0.000358112738 0.000496062916 0.00233169971 0.000734169211 0.0188608523 0.0177780315 0 0.00109477318 0.00978785381 0.00076645118 0 0.0231125187 4.84953598e-05 0.00258622295 0.0158644356 0.000274597289 0.00192089169 0 0 0.000790133723 4.51252527e-05 3.89239649e-05 0 0 4.19750251e-07 0 0.0308773443 0.00332074659 0.000946658722 6.76886111e-06 0 0.0388368182 0 0.000337004778 0.00111684157 0 0 0 3.86006177e-05 2.3412133e-06 0 0 0.000701238867 0 3.23964778e-05 0 0.0359628759 2.94819747e-05 5.10625205e-06 8.97350947e-06 0.0429269001 0 0 0.00362214982 0.0252039004 0 1 0 0 0 0 0 0 0 0.795454562 0.244650543 0.862463355 0.900423706 0.797005594 1 1
G1809 0.00253894716 0.000164953424 0.0961182192 0 0.000121812685 0.173608795 0 5.01522954e-05 1.15975672e-05 0.000358112738 0.000496062916 0.00233169971 0.000734169211 0.0188608523 0.0177780315 0 0.00109477318 0.00978785381 0.00076645118 0 0.0231125187 4.84953598e-05 0.00258622295 0.0158644356 0.000274597289 0.00192089169 0 0 0.000790133723 4.51252527e-05 3.89239649e-05 0 0 4.19750251e-07 0 0.0308773443 0.00332074659 0.000946658722 6.76886111e-06 0 0.0388368182 0 0.000337004778 0.00111684157 0 0 0 3.86006177e-05 2.3412133e-06 0 0 0.000701238867 0 3.23964778e-05 0 0.0359628759 2.94819747e-05 5.10625205e-06 8.97350947e-06 0.0429269001 0 0 0.00362214982 0.0252039004 0 1 0 0 0 0 0 0 0 0.818181813 0.244650543 0.862463355 0.987603605 0.515326679 1 1
__smartatpg_bin_806_1 0.00253894716 0.000164953424 0.0961182192 0 0.000121812685 0.173608795 0 5.01522954e-05 1.15975672e-05 0.000358112738 0.000496062916 0.00233169971 0.000734169211 0.0188608523 0.0177780315 0 0.00109477318 0.00978785381 0.00076645118 0 0.0231125187 4.84953598e-05 0.00258622295 0.0158644356 0.000274597289 0.00192089169 0 0 0.000790133723 4.51252527e-05 3.89239649e-05 0 0 4.19750251e-07 0 0.0308773443 0.00332074659 0.000946658722 6.76886111e-06 0 0.0388368182 0 0.000337004778 0.00111684157 0 0 0 3.86006177e-05 2.3412133e-06 0 0 0.000701238867 0 3.23964778e-05 0 0.0359628759 2.94819747e-05 5.10625205e-06 8.97350947e-06 0.0429269001 0 0 0.00362214982 0.0252039004 0 1 0 0 0 0 0 0 0 0.727272749 0.244650543 0.277790427 0.46188736 0.935834348 1 1
__smartatpg_bin_806_2 0.00253894716 0.000164953424 0.0961182192 0 0.000121812685 0.173608795 0 5.01522954e-05 1.15975672e-05 0.000358112738 0.000496062916 0.00233169971 0.000734169211 0.0188608523 0.0177780315 0 0.00109477318 0.00978785381 0.00076645118 0 0.0231125187 4.84953598e-05 0.00258622295 0.0158644356 0.000274597289 0.00192089169 0 0 0.000790133723 4.51252527e-05 3.89239649e-05 0 0 4.19750251e-07 0 0.0308773443 0.00332074659 0.000946658722 6.76886111e-06 0 0.0388368182 0 0.000337004778 0.00111684157 0 0 0 3.86006177e-05 2.3412133e-06 0 0 0.000701238867 0 3.23964778e-05 0 0.0359628759 2.94819747e-05 5.10625205e-06 8.97350947e-06 0.0429269001 0 0 0.00362214982 0.0252039004 0 1 0 0 0 0 0 0 0 0.840909064 0.244650543 0.220143706 0.989425957 0.495860308 1 1
G1817 0.00253894716 0.000164953424 0.0961182192 0 0.000121812685 0.173608795 0 5.01522954e-05 1.15975672e-05 0.000358112738 0.000496062916 0.00233169971 0.000734169211 0.0188608523 0.0177780315 0 0.00109477318 0.00978785381 0.00076645118 0 0.0231125187 4.84953598e-05 0.00258622295 0.0158644356 0.000274597289 0.00192089169 0 0 0.000790133723 4.51252527e-05 3.89239649e-05 0 0 4.19750251e-07 0 0.0308773443 0.00332074659 0.000946658722 6.76886111e-06 0 0.0388368182 0 0.000337004778 0.00111684157 0 0 0 3.86006177e-05 2.3412133e-06 0 0 0.000701238867 0 3.23964778e-05 0 0.0359628759 2.94819747e-05 5.10625205e-06 8.97350947e-06 0.0429269001 0 0 0.00362214982 0.0252039004 0 1 0 0 0 0 0 0 0 0.863636374 0.244650543 0.277790427 1 0.281678885 1 1
G1900 0.00253894716 0.000164953424 0.0961182192 0 0.000121812685 0.173608795 0 5.01522954e-05 1.15975672e-05 0.000358112738 0.000496062916 0.00233169971 0.000734169211 0.0188608523 0.0177780315 0 0.00109477318 0.00978785381 0.00076645118 0 0.0231125187 4.84953598e-05 0.00258622295 0.0158644356 0.000274597289 0.00192089169 0 0 0.000790133723 4.51252527e-05 3.89239649e-05 0 0 4.19750251e-07 0 0.0308773443 0.00332074659 0.000946658722 6.76886111e-06 0 0.0388368182 0 0.000337004778 0.00111684157 0 0 0 3.86006177e-05 2.3412133e-06 0 0 0.000701238867 0 3.23964778e-05 0 0.0359628759 2.94819747e-05 5.10625205e-06 8.97350947e-06 0.0429269001 0 0 0.00362214982 0.0252039004 0 0 0 0 1 0 0 0 0 0.886363626 0 0.555580854 0.386520684 0 1 1
__smartatpg_bin_811_1 0.00253894716 0.000164953424 0.0961182192 0 0.000121812685 0.173608795 0 5.01522954e-05 1.15975672e-05 0.000358112738 0.000496062916 0.00233169971 0.000734169211 0.0188608523 0.0177780315 0 0.00109477318 0.00978785381 0.00076645118 0 0.0231125187 4.84953598e-05 0.00258622295 0.0158644356 0.000274597289 0.00192089169 0 0 0.000790133723 4.51252527e-05 3.89239649e-05 0 0 4.19750251e-07 0 0.0308773443 0.00332074659 0.000946658722 6.76886111e-06 0 0.0388368182 0 0.000337004778 0.00111684157 0 0 0 3.86006177e-05 2.3412133e-06 0 0 0.000701238867 0 3.23964778e-05 0 0.0359628759 2.94819747e-05 5.10625205e-06 8.97350947e-06 0.0429269001 0 0 0.00362214982 0.0252039004 0 1 0 0 0 0 0 0 0 0.818181813 0.244650543 0.277790427 0.807414174 0.716579616 1 1
G1822 0.00253894716 0.000164953424 0.0961182192 0 0.000121812685 0.173608795 0 5.01522954e-05 1.15975672e-05 0.000358112738 0.000496062916 0.00233169971 0.000734169211 0.0188608523 0.0177780315 0 0.00109477318 0.00978785381 0.00076645118 0 0.0231125187 4.84953598e-05 0.00258622295 0.0158644356 0.000274597289 0.00192089169 0 0 0.000790133723 4.51252527e-05 3.89239649e-05 0 0 4.19750251e-07 0 0.0308773443 0.00332074659 0.000946658722 6.76886111e-06 0 0.0388368182 0 0.000337004778 0.00111684157 0 0 0 3.86006177e-05 2.3412133e-06 0 0 0.000701238867 0 3.23964778e-05 0 0.0359628759 2.94819747e-05 5.10625205e-06 8.97350947e-06 0.0429269001 0 0 0.00362214982 0.0252039004 0 1 0 0 0 0 0 0 0 0.840909064 0.387761921 0.277790427 0.821361482 0.698139787 1 1
G1848 0.00253894716 0.000164953424 0.0961182192 0 0.000121812685 0.173608795 0 5.01522954e-05 1.15975672e-05 0.000358112738 0.000496062916 0.00233169971 0.000734169211 0.0188608523 0.0177780315 0 0.00109477318 0.00978785381 0.00076645118 0 0.0231125187 4.84953598e-05 0.00258622295 0.0158644356 0.000274597289 0.00192089169 0 0 0.000790133723 4.51252527e-05 3.89239649e-05 0 0 4.19750251e-07 0 0.0308773443 0.00332074659 0.000946658722 6.76886111e-06 0 0.0388368182 0 0.000337004778 0.00111684157 0 0 0 3.86006177e-05 2.3412133e-06 0 0 0.000701238867 0 3.23964778e-05 0 0.0359628759 2.94819747e-05 5.10625205e-06 8.97350947e-06 0.0429269001 0 0 0.00362214982 0.0252039004 0 0 1 0 0 0 0 0 0 0.863636374 0.244650543 0.957657158 0.299157739 0.649937987 1 1
G1853 0.00253894716 0.000164953424 0.0961182192 0 0.000121812685 0.173608795 0 5.01522954e-05 1.15975672e-05 0.000358112738 0.000496062916 0.00233169971 0.000734169211 0.0188608523 0.0177780315 0 0.00109477318 0.00978785381 0.00076645118 0 0.0231125187 4.84953598e-05 0.00258622295 0.0158644356 0.000274597289 0.00192089169 0 0 0.000790133723 4.51252527e-05 3.89239649e-05 0 0 4.19750251e-07 0 0.0308773443 0.00332074659 0.000946658722 6.76886111e-06 0 0.0388368182 0 0.000337004778 0.00111684157 0 0 0 3.86006177e-05 2.3412133e-06 0 0 0.000701238867 0 3.23964778e-05 0 0.0359628759 2.94819747e-05 5.10625205e-06 8.97350947e-06 0.0429269001 0 0 0.00362214982 0.0252039004 0 0 0 0 0 1 0 0 0 0.863636374 0.244650543 0.887862265 0.299157739 0.694868326 1 1
G1860 0.00253894716 0.000164953424 0.0961182192 0 0.000121812685 0.173608795 0 5.01522954e-05 1.15975672e-05 0.000358112738 0.000496062916 0.00233169971 0.000734169211 0.0188608523 0.0177780315 0 0.00109477318 0.00978785381 0.00076645118 0 0.0231125187 4.84953598e-05 0.00258622295 0.0158644356 0.000274597289 0.00192089169 0 0 0.000790133723 4.51252527e-05 3.89239649e-05 0 0 4.19750251e-07 0 0.0308773443 0.00332074659 0.000946658722 6.76886111e-06 0 0.0388368182 0 0.000337004778 0.00111684157 0 0 0 3.86006177e-05 2.3412133e-06 0 0 0.000701238867 0 3.23964778e-05 0 0.0359628759 2.94819747e-05 5.10625205e-06 8.97350947e-06 0.0429269001 0 0 0.00362214982 0.0252039004 0 0 1 0 0 0 0 0 0 0.886363626 0.244650543 0.77572453 0.666094303 0.402991384 1 1
G1870 0.00253894716 0.000164953424 0.0961182192 0 0.000121812685 0.173608795 0 5.01522954e-05 1.15975672e-05 0.000358112738 0.000496062916 0.00233169971 0.000734169211 0.0188608523 0.0177780315 0 0.00109477318 0.00978785381 0.00076645118 0 0.0231125187 4.84953598e-05 0.00258622295 0.0158644356 0.000274597289 0.00192089169 0 0 0.000790133723 4.51252527e-05 3.89239649e-05 0 0 4.19750251e-07 0 0.0308773443 0.00332074659 0.000946658722 6.76886111e-06 0 0.0388368182 0 0.000337004778 0.00111684157 0 0 0 3.86006177e-05 2.3412133e-06 0 0 0.000701238867 0 3.23964778e-05 0 0.0359628759 2.94819747e-05 5.10625205e-06 8.97350947e-06 0.0429269001 0 0 0.00362214982 0.0252039004 0 0 1 0 0 0 0 0 0 0.909090936 0.244650543 0.7441383 0.723400474 0.281678885 1 1
G1901 0.00253894716 0.000164953424 0.0961182192 0 0.000121812685 0.173608795 0 5.01522954e-05 1.15975672e-05 0.000358112738 0.000496062916 0.00233169971 0.000734169211 0.0188608523 0.0177780315 0 0.00109477318 0.00978785381 0.00076645118 0 0.0231125187 4.84953598e-05 0.00258622295 0.0158644356 0.000274597289 0.00192089169 0 0 0.000790133723 4.51252527e-05 3.89239649e-05 0 0 4.19750251e-07 0 0.0308773443 0.00332074659 0.000946658722 6.76886111e-06 0 0.0388368182 0 0.000337004778 0.00111684157 0 0 0 3.86006177e-05 2.3412133e-06 0 0 0.000701238867 0 3.23964778e-05 0 0.0359628759 2.94819747e-05 5.10625205e-06 8.97350947e-06 0.0429269001 0 0 0.00362214982 0.0252039004 0 1 0 0 0 0 0 0 0 0.931818187 0 0.389928162 0.737986565 0 1 1
__smartatpg_bin_812_1 0.00253894716 0.000164953424 0.0961182192 0 0.000121812685 0.173608795 0 5.01522954e-05 1.15975672e-05 0.000358112738 0.000496062916 0.00233169971 0.000734169211 0.0188608523 0.0177780315 0 0.00109477318 0.00978785381 0.00076645118 0 0.0231125187 4.84953598e-05 0.00258622295 0.0158644356 0.000274597289 0.00192089169 0 0 0.000790133723 4.51252527e-05 3.89239649e-05 0 0 4.19750251e-07 0 0.0308773443 0.00332074659 0.000946658722 6.76886111e-06 0 0.0388368182 0 0.000337004778 0.00111684157 0 0 0 3.86006177e-05 2.3412133e-06 0 0 0.000701238867 0 3.23964778e-05 0 0.0359628759 2.94819747e-05 5.10625205e-06 8.97350947e-06 0.0429269001 0 0 0.00362214982 0.0252039004 0 1 0 0 0 0 0 0 0 0.818181813 0.244650543 0.277790427 0.807414174 0.738485277 1 1
G1825 0.00253894716 0.000164953424 0.0961182192 0 0.000121812685 0.173608795 0 5.01522954e-05 1.15975672e-05 0.000358112738 0.000496062916 0.00233169971 0.000734169211 0.0188608523 0.0177780315 0 0.00109477318 0.00978785381 0.00076645118 0 0.0231125187 4.84953598e-05 0.00258622295 0.0158644356 0.000274597289 0.00192089169 0 0 0.000790133723 4.51252527e-05 3.89239649e-05 0 0 4.19750251e-07 0 0.0308773443 0.00332074659 0.000946658722 6.76886111e-06 0 0.0388368182 0 0.000337004778 0.00111684157 0 0 0 3.86006177e-05 2.3412133e-06 0 0 0.000701238867 0 3.23964778e-05 0 0.0359628759 2.94819747e-05 5.10625205e-06 8.97350947e-06 0.0429269001 0 0 0.00362214982 0.0252039004 0 1 0 0 0 0 0 0 0 0.840909064 0.387761921 0.220143706 0.812180519 0.733260512 1 1
G1849 0.00253894716 0.000164953424 0.0961182192 0 0.000121812685 0.173608795 0 5.01522954e-05 1.15975672e-05 0.000358112738 0.000496062916 0.00233169971 0.000734169211 0.0188608523 0.0177780315 0 0.00109477318 0.00978785381 0.00076645118 0 0.0231125187 4.84953598e-05 0.00258622295 0.0158644356 0.000274597289 0.00192089169 0 0 0.000790133723 4.51252527e-05 3.89239649e-05 0 0 4.19750251e-07 0 0.0308773443 0.00332074659 0.000946658722 6.76886111e-06 0 0.0388368182 0 0.000337004778 0.00111684157 0 0 0 3.86006177e-05 2.3412133e-06 0 0 0.000701238867 0 3.23964778e-05 0 0.0359628759 2.94819747e-05 5.10625205e-06 8.97350947e-06 0.0429269001 0 0 0.00362214982 0.0252039004 0 0 1 0 0 0 0 0 0 0.863636374 0.244650543 0.950805783 0.257680446 0.649937987 1 1
G1854 0.00253894716 0.000164953424 0.0961182192 0 0.000121812685 0.173608795 0 5.01522954e-05 1.15975672e-05 0.000358112738 0.000496062916 0.00233169971 0.000734169211 0.0188608523 0.0177780315 0 0.00109477318 0.00978785381 0.00076645118 0 0.0231125187 4.84953598e-05 0.00258622295 0.0158644356 0.000274597289 0.00192089169 0 0 0.000790133723 4.51252527e-05 3.89239649e-05 0 0 4.19750251e-07 0 0.0308773443 0.00332074659 0.000946658722 6.76886111e-06 0 0.0388368182 0 0.000337004778 0.00111684157 0 0 0 3.86006177e-05 2.3412133e-06 0 0 0.000701238867 0 3.23964778e-05 0 0.0359628759 2.94819747e-05 5.10625205e-06 8.97350947e-06 0.0429269001 0 0 0.00362214982 0.0252039004 0 0 0 0 0 1 0 0 0 0.863636374 0.244650543 0.878085554 0.257680446 0.730588436 1 1
G1861 0.00253894716 0.000164953424 0.0961182192 0 0.000121812685 0.173608795 0 5.01522954e-05 1.15975672e-05 0.000358112738 0.000496062916 0.00233169971 0.000734169211 0.0188608523 0.0177780315 0 0.00109477318 0.00978785381 0.00076645118 0 0.0231125187 4.84953598e-05 0.00258622295 0.0158644356 0.000274597289 0.00192089169 0 0 0.000790133723 4.51252527e-05 3.89239649e-05 0 0 4.19750251e-07 0 0.0308773443 0.00332074659 0.000946658722 6.76886111e-06 0 0.0388368182 0 0.000337004778 0.00111684157 0 0 0 3.86006177e-05 2.3412133e-06 0 0 0.000701238867 0 3.23964778e-05 0 0.0359628759 2.94819747e-05 5.10625205e-06 8.97350947e-06 0.0429269001 0 0 0.00362214982 0.0252039004 0 0 1 0 0 0 0 0 0 0.886363626 0.244650543 0.820438802 0.666094303 0.384551495 1 1
G1871 0.00253894716 0.000164953424 0.0961182192 0 0.000121812685 0.173608795 0 5.01522954e-05 1.15975672e-05 0.000358112738 0.000496062916 0.00233169971 0.000734169211 0.0188608523 0.0177780315 0 0.00109477318 0.00978785381 0.00076645118 0 0.0231125187 4.84953598e-05 0.00258622295 0.0158644356 0.000274597289 0.00192089169 0 0 0.000790133723 4.51252527e-05 3.89239649e-05 0 0 4.19750251e-07 0 0.0308773443 0.00332074659 0.000946658722 6.76886111e-06 0 0.0388368182 0 0.000337004778 0.00111684157 0 0 0 3.86006177e-05 2.3412133e-06 0 0 0.000701238867 0 3.23964778e-05 0 0.0359628759 2.94819747e-05 5.10625205e-06 8.97350947e-06 0.0429269001 0 0 0.00362214982 0.0252039004 0 0 1 0 0 0 0 0 0 0.909090936 0.244650543 0.73919034 0.764117539 0.281678885 1 1
G1902 0.00253894716 0.000164953424 0.0961182192 0 0.000121812685 0.173608795 0 5.01522954e-05 1.15975672e-05 0.000358112738 0.000496062916 0.00233169971 0.000734169211 0.0188608523 0.0177780315 0 0.00109477318 0.00978785381 0.00076645118 0 0.0231125187 4.84953598e-05 0.00258622295 0.0158644356 0.000274597289 0.00192089169 0 0 0.000790133723 4.51252527e-05 3.89239649e-05 0 0 4.19750251e-07 0 0.0308773443 0.00332074659 0.000946658722 6.76886111e-06 0 0.0388368182 0 0.000337004778 0.00111684157 0 0 0 3.86006177e-05 2.3412133e-06 0 0 0.000701238867 0 3.23964778e-05 0 0.0359628759 2.94819747e-05 5.10625205e-06 8.97350947e-06 0.0429269001 0 0 0.00362214982 0.0252039004 0 1 0 0 0 0 0 0 0 0.931818187 0 0.389928162 0.775923193 0 1 1
__smartatpg_bin_813_1 0.00253894716 0.000164953424 0.0961182192 0 0.000121812685 0.173608795 0 5.01522954e-05 1.15975672e-05 0.000358112738 0.000496062916 0.00233169971 0.000734169211 0.0188608523 0.0177780315 0 0.00109477318 0.00978785381 0.00076645118 0 0.0231125187 4.84953598e-05 0.00258622295 0.0158644356 0.000274597289 0.00192089169 0 0 0.000790133723 4.51252527e-05 3.89239649e-05 0 0 4.19750251e-07 0 0.0308773443 0.00332074659 0.000946658722 6.76886111e-06 0 0.0388368182 0 0.000337004778 0.00111684157 0 0 0 3.86006177e-05 2.3412133e-06 0 0 0.000701238867 0 3.23964778e-05 0 0.0359628759 2.94819747e-05 5.10625205e-06 8.97350947e-06 0.0429269001 0 0 0.00362214982 0.0252039004 0 1 0 0 0 0 0 0 0 0.818181813 0.244650543 0.277790427 0.807414174 0.658273697 1 1
G1828 0.00253894716 0.000164953424 0.0961182192 0 0.000121812685 0.173608795 0 5.01522954e-05 1.15975672e-05 0.000358112738 0.000496062916 0.00233169971 0.000734169211 0.0188608523 0.0177780315 0 0.00109477318 0.00978785381 0.00076645118 0 0.0231125187 4.84953598e-05 0.00258622295 0.0158644356 0.000274597289 0.00192089169 0 0 0.000790133723 4.51252527e-05 3.89239649e-05 0 0 4.19750251e-07 0 0.0308773443 0.00332074659 0.000946658722 6.76886111e-06 0 0.0388368182 0 0.000337004778 0.00111684157 0 0 0 3.86006177e-05 2.3412133e-06 0 0 0.000701238867 0 3.23964778e-05 0 0.0359628759 2.94819747e-05 5.10625205e-06 8.97350947e-06 0.0429269001 0 0 0.00362214982 0.0252039004 0 1 0 0 0 0 0 0 0 0.840909064 0.387761921 0.220143706 0.812180519 0.649937987 1 1
G1850 0.00253894716 0.000164953424 0.0961182192 0 0.000121812685 0.173608795 0 5.01522954e-05 1.15975672e-05 0.000358112738 0.000496062916 0.00233169971 0.000734169211 0.0188608523 0.0177780315 0 0.00109477318 0.00978785381 0.00076645118 0 0.0231125187 4.84953598e-05 0.00258622295 0.0158644356 0.000274597289 0.00192089169 0 0 0.000790133723 4.51252527e-05 3.89239649e-05 0 0 4.19750251e-07 0 0.0308773443 0.00332074659 0.000946658722 6.76886111e-06 0 0.0388368182 0 0.000337004778 0.00111684157 0 0 0 3.86006177e-05 2.3412133e-06 0 0 0.000701238867 0 3.23964778e-05 0 0.0359628759 2.94819747e-05 5.10625205e-06 8.97350947e-06 0.0429269001 0 0 0.00362214982 0.0252039004 0 0 1 0 0 0 0 0 0 0.863636374 0.244650543 0.965904534 0.257680446 0.684670269 1 1
G1855 0.00253894716 0.000164953424 0.0961182192 0 0.000121812685 0.173608795 0 5.01522954e-05 1.15975672e-05 0.000358112738 0.000496062916 0.00233169971 0.000734169211 0.0188608523 0.0177780315 0 0.00109477318 0.00978785381 0.00076645118 0 0.0231125187 4.84953598e-05 0.00258622295 0.0158644356 0.000274597289 0.00192089169 0 0 0.000790133723 4.51252527e-05 3.89239649e-05 0 0 4.19750251e-07 0 0.0308773443 0.00332074659 0.000946658722 6.76886111e-06 0 0.0388368182 0 0.000337004778 0.00111684157 0 0 0 3.86006177e-05 2.3412133e-06 0 0 0.000701238867 0 3.23964778e-05 0 0.0359628759 2.94819747e-05 5.10625205e-06 8.97350947e-06 0.0429269001 0 0 0.00362214982 0.0252039004 0 0 0 0 0 1 0 0 0 0.863636374 0.244650543 0.878085554 0.257680446 0.645616353 1 1
G1862 0.00253894716 0.000164953424 0.0961182192 0 0.000121812685 0.173608795 0 5.01522954e-05 1.15975672e-05 0.000358112738 0.000496062916 0.00233169971 0.000734169211 0.0188608523 0.0177780315 0 0.00109477318 0.00978785381 0.00076645118 0 0.0231125187 4.84953598e-05 0.00258622295 0.0158644356 0.000274597289 0.00192089169 0 0 0.000790133723 4.51252527e-05 3.89239649e-05 0 0 4.19750251e-07 0 0.0308773443 0.00332074659 0.000946658722 6.76886111e-06 0 0.0388368182 0 0.000337004778 0.00111684157 0 0 0 3.86006177e-05 2.3412133e-06 0 0 0.000701238867 0 3.23964778e-05 0 0.0359628759 2.94819747e-05 5.10625205e-06 8.97350947e-06 0.0429269001 0 0 0.00362214982 0.0252039004 0 0 1 0 0 0 0 0 0 0.886363626 0.244650543 0.712432861 0.707571566 0.384551495 1 1
G1872 0.00253894716 0.000164953424 0.0961182192 0 0.000121812685 0.173608795 0 5.01522954e-05 1.15975672e-05 0.000358112738 0.000496062916 0.00233169971 0.000734169211 0.0188608523 0.0177780315 0 0.00109477318 0.00978785381 0.00076645118 0 0.0231125187 4.84953598e-05 0.00258622295 0.0158644356 0.000274597289 0.00192089169 0 0 0.000790133723 4.51252527e-05 3.89239649e-05 0 0 4.19750251e-07 0 0.0308773443 0.00332074659 0.000946658722 6.76886111e-06 0 0.0388368182 0 0.000337004778 0.00111684157 0 0 0 3.86006177e-05 2.3412133e-06 0 0 0.000701238867 0 3.23964778e-05 0 0.0359628759 2.94819747e-05 5.10625205e-06 8.97350947e-06 0.0429269001 0 0 0.00362214982 0.0252039004 0 0 1 0 0 0 0 0 0 0.909090936 0.244650543 0.779856324 0.666094303 0.281678885 1 1
G1903 0.00253894716 0.000164953424 0.0961182192 0 0.000121812685 0.173608795 0 5.01522954e-05 1.15975672e-05 0.000358112738 0.000496062916 0.00233169971 0.000734169211 0.0188608523 0.0177780315 0 0.00109477318 0.00978785381 0.00076645118 0 0.0231125187 4.84953598e-05 0.00258622295 0.0158644356 0.000274597289 0.00192089169 0 0 0.000790133723 4.51252527e-05 3.89239649e-05 0 0 4.19750251e-07 0 0.0308773443 0.00332074659 0.000946658722 6.76886111e-06 0 0.0388368182 0 0.000337004778 0.00111684157 0 0 0 3.86006177e-05 2.3412133e-06 0 0 0.000701238867 0 3.23964778e-05 0 0.0359628759 2.94819747e-05 5.10625205e-06 8.97350947e-06 0.0429269001 0 0 0.00362214982 0.0252039004 0 1 0 0 0 0 0 0 0 0.931818187 0 0.389928162 0.685678422 0 1 1
__smartatpg_bin_814_1 0.00253894716 0.000164953424 0.0961182192 0 0.000121812685 0.173608795 0 5.01522954e-05 1.15975672e-05 0.000358112738 0.000496062916 0.00233169971 0.000734169211 0.0188608523 0.0177780315 0 0.00109477318 0.00978785381 0.00076645118 0 0.0231125187 4.84953598e-05 0.00258622295 0.0158644356 0.000274597289 0.00192089169 0 0 0.000790133723 4.51252527e-05 3.89239649e-05 0 0 4.19750251e-07 0 0.0308773443 0.00332074659 0.000946658722 6.76886111e-06 0 0.0388368182 0 0.000337004778 0.00111684157 0 0 0 3.86006177e-05 2.3412133e-06 0 0 0.000701238867 0 3.23964778e-05 0 0.0359628759 2.94819747e-05 5.10625205e-06 8.97350947e-06 0.0429269001 0 0 0.00362214982 0.0252039004 0 1 0 0 0 0 0 0 0 0.818181813 0.244650543 0.277790427 0.807414174 0.576827288 1 1
G1831 0.00253894716 0.000164953424 0.0961182192 0 0.000121812685 0.173608795 0 5.01522954e-05 1.15975672e-05 0.000358112738 0.000496062916 0.00233169971 0.000734169211 0.0188608523 0.0177780315 0 0.00109477318 0.00978785381 0.00076645118 0 0.0231125187 4.84953598e-05 0.00258622295 0.0158644356 0.000274597289 0.00192089169 0 0 0.000790133723 4.51252527e-05 3.89239649e-05 0 0 4.19750251e-07 0 0.0308773443 0.00332074659 0.000946658722 6.76886111e-06 0 0.0388368182 0 0.000337004778 0.00111684157 0 0 0 3.86006177e-05 2.3412133e-06 0 0 0.000701238867 0 3.23964778e-05 0 0.0359628759 2.94819747e-05 5.10625205e-06 8.97350947e-06 0.0429269001 0 0 0.00362214982 0.0252039004 0 1 0 0 0 0 0 0 0 0.840909064 0.387761921 0.220143706 0.812180519 0.56335777 1 1
G1851 0.00253894716 0.000164953424 0.0961182192 0 0.000121812685 0.173608795 0 5.01522954e-05 1.15975672e-05 0.000358112738 0.000496062916 0.00233169971 0.000734169211 0.0188608523 0.0177780315 0 0.00109477318 0.00978785381 0.00076645118 0 0.0231125187 4.84953598e-05 0.00258622295 0.0158644356 0.000274597289 0.00192089169 0 0 0.000790133723 4.51252527e-05 3.89239649e-05 0 0 4.19750251e-07 0 0.0308773443 0.00332074659 0.000946658722 6.76886111e-06 0 0.0388368182 0 0.000337004778 0.00111684157 0 0 0 3.86006177e-05 2.3412133e-06 0 0 0.000701238867 0 3.23964778e-05 0 0.0359628759 2.94819747e-05 5.10625205e-06 8.97350947e-06 0.0429269001 0 0 0.00362214982 0.0252039004 0 0 1 0 0 0 0 0 0 0.863636374 0.244650543 0.950805783 0.257680446 0.649937987 1 1
G1856 0.00253894716 0.000164953424 0.0961182192 0 0.000121812685 0.173608795 0 5.01522954e-05 1.15975672e-05 0.000358112738 0.000496062916 0.00233169971 0.000734169211 0.0188608523 0.0177780315 0 0.00109477318 0.00978785381 0.00076645118 0 0.0231125187 4.84953598e-05 0.00258622295 0.0158644356 0.000274597289 0.00192089169 0 0 0.000790133723 4.51252527e-05 3.89239649e-05 0 0 4.19750251e-07 0 0.0308773443 0.00332074659 0.000946658722 6.76886111e-06 0 0.0388368182 0 0.000337004778 0.00111684157 0 0 0 3.86006177e-05 2.3412133e-06 0 0 0.000701238867 0 3.23964778e-05 0 0.0359628759 2.94819747e-05 5.10625205e-06 8.97350947e-06 0.0429269001 0 0 0.00362214982 0.0252039004 0 0 0 0 0 1 0 0 0 0.863636374 0.244650543 0.878085554 0.257680446 0.55621326 1 1
G1863 0.00253894716 0.000164953424 0.0961182192 0 0.000121812685 0.173608795 0 5.01522954e-05 1.15975672e-05 0.000358112738 0.000496062916 0.00233169971 0.000734169211 0.0188608523 0.0177780315 0 0.00109477318 0.00978785381 0.00076645118 0 0.0231125187 4.84953598e-05 0.00258622295 0.0158644356 0.000274597289 0.00192089169 0 0 0.000790133723 4.51252527e-05 3.89239649e-05 0 0 4.19750251e-07 0 0.0308773443 0.00332074659 0.000946658722 6.76886111e-06 0 0.0388368182 0 0.000337004778 0.00111684157 0 0 0 3.86006177e-05 2.3412133e-06 0 0 0.000701238867 0 3.23964778e-05 0 0.0359628759 2.94819747e-05 5.10625205e-06 8.97350947e-06 0.0429269001 0 0 0.00362214982 0.0252039004 0 0 1 0 0 0 0 0 0 0.886363626 0.244650543 0.590016782 0.666094303 0.384551495 1 1
G1873 0.00253894716 0.000164953424 0.0961182192 0 0.000121812685 0.173608795 0 5.01522954e-05 1.15975672e-05 0.000358112738 0.000496062916 0.00233169971 0.000734169211 0.0188608523 0.0177780315 0 0.00109477318 0.00978785381 0.00076645118 0 0.0231125187 4.84953598e-05 0.00258622295 0.0158644356 0.000274597289 0.00192089169 0 0 0.000790133723 4.51252527e-05 3.89239649e-05 0 0 4.19750251e-07 0 0.0308773443 0.00332074659 0.000946658722 6.76886111e-06 0 0.0388368182 0 0.000337004778 0.00111684157 0 0 0 3.86006177e-05 2.3412133e-06 0 0 0.000701238867 0 3.23964778e-05 0 0.0359628759 2.94819747e-05 5.10625205e-06 8.97350947e-06 0.0429269001 0 0 0.00362214982 0.0252039004 0 0 1 0 0 0 0 0 0 0.909090936 0.244650543 0.73919034 0.556838155 0.281678885 1 1
G1904 0.00253894716 0.000164953424 0.0961182192 0 0.000121812685 0.173608795 0 5.01522954e-05 1.15975672e-05 0.000358112738 0.000496062916 0.00233169971 0.000734169211 0.0188608523 0.0177780315 0 0.00109477318 0.00978785381 0.00076645118 0 0.0231125187 4.84953598e-05 0.00258622295 0.0158644356 0.000274597289 0.00192089169 0 0 0.000790133723 4.51252527e-05 3.89239649e-05 0 0 4.19750251e-07 0 0.0308773443 0.00332074659 0.000946658722 6.76886111e-06 0 0.0388368182 0 0.000337004778 0.00111684157 0 0 0 3.86006177e-05 2.3412133e-06 0 0 0.000701238867 0 3.23964778e-05 0 0.0359628759 2.94819747e-05 5.10625205e-06 8.97350947e-06 0.0429269001 0 0 0.00362214982 0.0252039004 0 1 0 0 0 0 0 0 0 0.931818187 0 0.389928162 0.590727568 0 1 1
__smartatpg_bin_815_1 0.00253894716 0.000164953424 0.0961182192 0 0.000121812685 0.173608795 0 5.01522954e-05 1.15975672e-05 0.000358112738 0.000496062916 0.00233169971 0.000734169211 0.0188608523 0.0177780315 0 0.00109477318 0.00978785381 0.00076645118 0 0.0231125187 4.84953598e-05 0.00258622295 0.0158644356 0.000274597289 0.00192089169 0 0 0.000790133723 4.51252527e-05 3.89239649e-05 0 0 4.19750251e-07 0 0.0308773443 0.00332074659 0.000946658722 6.76886111e-06 0 0.0388368182 0 0.000337004778 0.00111684157 0 0 0 3.86006177e-05 2.3412133e-06 0 0 0.000701238867 0 3.23964778e-05 0 0.0359628759 2.94819747e-05 5.10625205e-06 8.97350947e-06 0.0429269001 0 0 0.00362214982 0.0252039004 0 1 0 0 0 0 0 0 0 0.818181813 0.244650543 0.277790427 0.807414174 0.649937987 1 1
G1834 0.00253894716 0.000164953424 0.0961182192 0 0.000121812685 0.173608795 0 5.01522954e-05 1.15975672e-05 0.000358112738 0.000496062916 0.00233169971 0.000734169211 0.0188608523 0.0177780315 0 0.00109477318 0.00978785381 0.00076645118 0 0.0231125187 4.84953598e-05 0.00258622295 0.0158644356 0.000274597289 0.00192089169 0 0 0.000790133723 4.51252527e-05 3.89239649e-05 0 0 4.19750251e-07 0 0.0308773443 0.00332074659 0.000946658722 6.76886111e-06 0 0.0388368182 0 0.000337004778 0.00111684157 0 0 0 3.86006177e-05 2.3412133e-06 0 0 0.000701238867 0 3.23964778e-05 0 0.0359628759 2.94819747e-05 5.10625205e-06 8.97350947e-06 0.0429269001 0 0 0.00362214982 0.0252039004 0 1 0 0 0 0 0 0 0 0.840909064 0.387761921 0.277790427 0.821361482 0.622246146 1 1
G1852 0.00253894716 0.000164953424 0.0961182192 0 0.000121812685 0.173608795 0 5.01522954e-05 1.15975672e-05 0.000358112738 0.000496062916 0.00233169971 0.000734169211 0.0188608523 0.0177780315 0 0.00109477318 0.00978785381 0.00076645118 0 0.0231125187 4.84953598e-05 0.00258622295 0.0158644356 0.000274597289 0.00192089169 0 0 0.000790133723 4.51252527e-05 3.89239649e-05 0 0 4.19750251e-07 0 0.0308773443 0.00332074659 0.000946658722 6.76886111e-06 0 0.0388368182 0 0.000337004778 0.00111684157 0 0 0 3.86006177e-05 2.3412133e-06 0 0 0.000701238867 0 3.23964778e-05 0 0.0359628759 2.94819747e-05 5.10625205e-06 8.97350947e-06 0.0429269001 0 0 0.00362214982 0.0252039004 0 0 1 0 0 0 0 0 0 0.863636374 0.244650543 0.97069484 0.299157739 0.681134462 1 1
G1857 0.00253894716 0.000164953424 0.0961182192 0 0.000121812685 0.173608795 0 5.01522954e-05 1.15975672e-05 0.000358112738 0.000496062916 0.00233169971 0.000734169211 0.0188608523 0.0177780315 0 0.00109477318 0.00978785381 0.00076645118 0 0.0231125187 4.84953598e-05 0.00258622295 0.0158644356 0.000274597289 0.00192089169 0 0 0.000790133723 4.51252527e-05 3.89239649e-05 0 0 4.19750251e-07 0 0.0308773443 0.00332074659 0.000946658722 6.76886111e-06 0 0.0388368182 0 0.000337004778 0.00111684157 0 0 0 3.86006177e-05 2.3412133e-06 0 0 0.000701238867 0 3.23964778e-05 0 0.0359628759 2.94819747e-05 5.10625205e-06 8.97350947e-06 0.0429269001 0 0 0.00362214982 0.0252039004 0 0 0 0 0 1 0 0 0 0.863636374 0.244650543 0.887862265 0.299157739 0.617172837 1 1
G1864 0.00253894716 0.000164953424 0.0961182192 0 0.000121812685 0.173608795 0 5.01522954e-05 1.15975672e-05 0.000358112738 0.000496062916 0.00233169971 0.000734169211 0.0188608523 0.0177780315 0 0.00109477318 0.00978785381 0.00076645118 0 0.0231125187 4.84953598e-05 0.00258622295 0.0158644356 0.000274597289 0.00192089169 0 0 0.000790133723 4.51252527e-05 3.89239649e-05 0 0 4.19750251e-07 0 0.0308773443 0.00332074659 0.000946658722 6.76886111e-06 0 0.0388368182 0 0.000337004778 0.00111684157 0 0 0 3.86006177e-05 2.3412133e-06 0 0 0.000701238867 0 3.23964778e-05 0 0.0359628759 2.94819747e-05 5.10625205e-06 8.97350947e-06 0.0429269001 0 0 0.00362214982 0.0252039004 0 0 1 0 0 0 0 0 0 0.886363626 0.244650543 0.674750268 0.703394413 0.402991384 1 1
G1874 0.00253894716 0.000164953424 0.0961182192 0 0.000121812685 0.173608795 0 5.01522954e-05 1.15975672e-05 0.000358112738 0.000496062916 0.00233169971 0.000734169211 0.0188608523 0.0177780315 0 0.00109477318 0.00978785381 0.00076645118 0 0.0231125187 4.84953598e-05 0.00258622295 0.0158644356 0.000274597289 0.00192089169 0 0 0.000790133723 4.51252527e-05 3.89239649e-05 0 0 4.19750251e-07 0 0.0308773443 0.00332074659 0.000946658722 6.76886111e-06 0 0.0388368182 0 0.000337004778 0.00111684157 0 0 0 3.86006177e-05 2.3412133e-06 0 0 0.000701238867 0 3.23964778e-05 0 0.0359628759 2.94819747e-05 5.10625205e-06 8.97350947e-06 0.0429269001 0 0 0.00362214982 0.0252039004 0 0 1 0 0 0 0 0 0 0.909090936 0.244650543 0.779856324 0.63220489 0.281678885 1 1
G1905 0.00253894716 0.000164953424 0.0961182192 0 0.000121812685 0.173608795 0 5.01522954e-05 1.15975672e-05 0.000358112738 0.000496062916 0.00233169971 0.000734169211 0.0188608523 0.0177780315 0 0.00109477318 0.00978785381 0.00076645118 0 0.0231125187 4.84953598e-05 0.00258622295 0.0158644356 0.000274597289 0.00192089169 0 0 0.000790133723 4.51252527e-05 3.89239649e-05 0 0 4.19750251e-07 0 0.0308773443 0.00332074659 0.000946658722 6.76886111e-06 0 0.0388368182 0 0.000337004778 0.00111684157 0 0 0 3.86006177e-05 2.3412133e-06 0 0 0.000701238867 0 3.23964778e-05 0 0.0359628759 2.94819747e-05 5.10625205e-06 8.97350947e-06 0.0429269001 0 0 0.00362214982 0.0252039004 0 1 0 0 0 0 0 0 0 0.931818187 0 0.389928162 0.655469835 0 1 1
__smartatpg_bin_818_1 0.00253894716 0.000164953424 0.0961182192 0 0.000121812685 0.173608795 0 5.01522954e-05 1.15975672e-05 0.000358112738 0.000496062916 0.00233169971 0.000734169211 0.0188608523 0.0177780315 0 0.00109477318 0.00978785381 0.00076645118 0 0.0231125187 4.84953598e-05 0.00258622295 0.0158644356 0.000274597289 0.00192089169 0 0 0.000790133723 4.51252527e-05 3.89239649e-05 0 0 4.19750251e-07 0 0.0308773443 0.00332074659 0.000946658722 6.76886111e-06 0 0.0388368182 0 0.000337004778 0.00111684157 0 0 0 3.86006177e-05 2.3412133e-06 0 0 0.000701238867 0 3.23964778e-05 0 0.0359628759 2.94819747e-05 5.10625205e-06 8.97350947e-06 0.0429269001 0 0 0.00362214982 0.0252039004 0 1 0 0 0 0 0 0 0 0.818181813 0.244650543 0.277790427 0.807414174 0.78558737 1 1
G1839 0.00253894716 0.000164953424 0.0961182192 0 0.000121812685 0.173608795 0 5.01522954e-05 1.15975672e-05 0.000358112738 0.000496062916 0.00233169971 0.000734169211 0.0188608523 0.0177780315 0 0.00109477318 0.00978785381 0.00076645118 0 0.0231125187 4.84953598e-05 0.00258622295 0.0158644356 0.000274597289 0.00192089169 0 0 0.000790133723 4.51252527e-05 3.89239649e-05 0 0 4.19750251e-07 0 0.0308773443 0.00332074659 0.000946658722 6.76886111e-06 0 0.0388368182 0 0.000337004778 0.00111684157 0 0 0 3.86006177e-05 2.3412133e-06 0 0 0.000701238867 0 3.23964778e-05 0 0.0359628759 2.94819747e-05 5.10625205e-06 8.97350947e-06 0.0429269001 0 0 0.00362214982 0.0252039004 0 1 0 0 0 0 0 0 0 0.840909064 0.387761921 0.220143706 0.812180519 0.781609535 1 1
G1858 0.00253894716 0.000164953424 0.0961182192 0 0.000121812685 0.173608795 0 5.01522954e-05 1.15975672e-05 0.000358112738 0.000496062916 0.00233169971 0.000734169211 0.0188608523 0.0177780315 0 0.00109477318 0.00978785381 0.00076645118 0 0.0231125187 4.84953598e-05 0.00258622295 0.0158644356 0.000274597289 0.00192089169 0 0 0.000790133723 4.51252527e-05 3.89239649e-05 0 0 4.19750251e-07 0 0.0308773443 0.00332074659 0.000946658722 6.76886111e-06 0 0.0388368182 0 0.000337004778 0.00111684157 0 0 0 3.86006177e-05 2.3412133e-06 0 0 0.000701238867 0 3.23964778e-05 0 0.0359628759 2.94819747e-05 5.10625205e-06 8.97350947e-06 0.0429269001 0 0 0.00362214982 0.0252039004 0 0 0 0 0 1 0 0 0 0.863636374 0.244650543 0.878085554 0.257680446 0.779586196 1 1
G1859 0.00253894716 0.000164953424 0.0961182192 0 0.000121812685 0.173608795 0 5.01522954e-05 1.15975672e-05 0.000358112738 0.000496062916 0.00233169971 0.000734169211 0.0188608523 0.0177780315 0 0.00109477318 0.00978785381 0.00076645118 0 0.0231125187 4.84953598e-05 0.00258622295 0.0158644356 0.000274597289 0.00192089169 0 0 0.000790133723 4.51252527e-05 3.89239649e-05 0 0 4.19750251e-07 0 0.0308773443 0.00332074659 0.000946658722 6.76886111e-06 0 0.0388368182 0 0.000337004778 0.00111684157 0 0 0 3.86006177e-05 2.3412133e-06 0 0 0.000701238867 0 3.23964778e-05 0 0.0359628759 2.94819747e-05 5.10625205e-06 8.97350947e-06 0.0429269001 0 0 0.00362214982 0.0252039004 0 0 1 0 0 0 0 0 0 0.863636374 0.244650543 0.955966175 0.257680446 0.735892415 1 1
G1869 0.00253894716 0.000164953424 0.0961182192 0 0.000121812685 0.173608795 0 5.01522954e-05 1.15975672e-05 0.000358112738 0.000496062916 0.00233169971 0.000734169211 0.0188608523 0.0177780315 0 0.00109477318 0.00978785381 0.00076645118 0 0.0231125187 4.84953598e-05 0.00258622295 0.0158644356 0.000274597289 0.00192089169 0 0 0.000790133723 4.51252527e-05 3.89239649e-05 0 0 4.19750251e-07 0 0.0308773443 0.00332074659 0.000946658722 6.76886111e-06 0 0.0388368182 0 0.000337004778 0.00111684157 0 0 0 3.86006177e-05 2.3412133e-06 0 0 0.000701238867 0 3.23964778e-05 0 0.0359628759 2.94819747e-05 5.10625205e-06 8.97350947e-06 0.0429269001 0 0 0.00362214982 0.0252039004 0 0 1 0 0 0 0 0 0 0.886363626 0.244650543 0.813645482 0.680972397 0.606562495 1 1
G1877 0.00253894716 0.000164953424 0.0961182192 0 0.000121812685 0.173608795 0 5.01522954e-05 1.15975672e-05 0.000358112738 0.000496062916 0.00233169971 0.000734169211 0.0188608523 0.0177780315 0 0.00109477318 0.00978785381 0.00076645118 0 0.0231125187 4.84953598e-05 0.00258622295 0.0158644356 0.000274597289 0.00192089169 0 0 0.000790133723 4.51252527e-05 3.89239649e-05 0 0 4.19750251e-07 0 0.0308773443 0.00332074659 0.000946658722 6.76886111e-06 0 0.0388368182 0 0.000337004778 0.00111684157 0 0 0 3.86006177e-05 2.3412133e-06 0 0 0.000701238867 0 3.23964778e-05 0 0.0359628759 2.94819747e-05 5.10625205e-06 8.97350947e-06 0.0429269001 0 0 0.00362214982 0.0252039004 0 0 1 0 0 0 0 0 0 0.909090936 0.387761921 0.753682196 0.75792104 0.583192229 1 1
G1880 0.00253894716 0.000164953424 0.0961182192 0 0.000121812685 0.173608795 0 5.01522954e-05 1.15975672e-05 0.000358112738 0.000496062916 0.00233169971 0.000734169211 0.0188608523 0.0177780315 0 0.00109477318 0.00978785381 0.00076645118 0 0.0231125187 4.84953598e-05 0.00258622295 0.0158644356 0.000274597289 0.00192089169 0 0 0.000790133723 4.51252527e-05 3.89239649e-05 0 0 4.19750251e-07 0 0.0308773443 0.00332074659 0.000946658722 6.76886111e-06 0 0.0388368182 0 0.000337004778 0.00111684157 0 0 0 3.86006177e-05 2.3412133e-06 0 0 0.000701238867 0 3.23964778e-05 0 0.0359628759 2.94819747e-05 5.10625205e-06 8.97350947e-06 0.0429269001 0 0 0.00362214982 0.0252039004 0 0 1 0 0 0 0 0 0 0.931818187 0.244650543 0.854170442 0.46188736 0.495860308 1 1
G1881 0.00253894716 0.000164953424 0.0961182192 0 0.000121812685 0.173608795 0 5.01522954e-05 1.15975672e-05 0.000358112738 0.000496062916 0.00233169971 0.000734169211 0.0188608523 0.0177780315 0 0.00109477318 0.00978785381 0.00076645118 0 0.0231125187 4.84953598e-05 0.00258622295 0.0158644356 0.000274597289 0.00192089169 0 0 0.000790133723 4.51252527e-05 3.89239649e-05 0 0 4.19750251e-07 0 0.0308773443 0.00332074659 0.000946658722 6.76886111e-06 0 0.0388368182 0 0.000337004778 0.00111684157 0 0 0 3.86006177e-05 2.3412133e-06 0 0 0.000701238867 0 3.23964778e-05 0 0.0359628759 2.94819747e-05 5.10625205e-06 8.97350947e-06 0.0429269001 0 0 0.00362214982 0.0252039004 0 0 0 0 0 1 0 0 0 0.931818187 0.244650543 0.820438802 0.703394413 0.576827288 1 1
G1882 0.00253894716 0.000164953424 0.0961182192 0 0.000121812685 0.173608795 0 5.01522954e-05 1.15975672e-05 0.000358112738 0.000496062916 0.00233169971 0.000734169211 0.0188608523 0.0177780315 0 0.00109477318 0.00978785381 0.00076645118 0 0.0231125187 4.84953598e-05 0.00258622295 0.0158644356 0.000274597289 0.00192089169 0 0 0.000790133723 4.51252527e-05 3.89239649e-05 0 0 4.19750251e-07 0 0.0308773443 0.00332074659 0.000946658722 6.76886111e-06 0 0.0388368182 0 0.000337004778 0.00111684157 0 0 0 3.86006177e-05 2.3412133e-06 0 0 0.000701238867 0 3.23964778e-05 0 0.0359628759 2.94819747e-05 5.10625205e-06 8.97350947e-06 0.0429269001 0 0 0.00362214982 0.0252039004 0 0 1 0 0 0 0 0 0 0.954545438 0.244650543 0.799326301 0.46188736 0.495860308 1 1
G1883 0.00253894716 0.000164953424 0.0961182192 0 0.000121812685 0.173608795 0 5.01522954e-05 1.15975672e-05 0.000358112738 0.000496062916 0.00233169971 0.000734169211 0.0188608523 0.0177780315 0 0.00109477318 0.00978785381 0.00076645118 0 0.0231125187 4.84953598e-05 0.00258622295 0.0158644356 0.000274597289 0.00192089169 0 0 0.000790133723 4.51252527e-05 3.89239649e-05 0 0 4.19750251e-07 0 0.0308773443 0.00332074659 0.000946658722 6.76886111e-06 0 0.0388368182 0 0.000337004778 0.00111684157 0 0 0 3.86006177e-05 2.3412133e-06 0 0 0.000701238867 0 3.23964778e-05 0 0.0359628759 2.94819747e-05 5.10625205e-06 8.97350947e-06 0.0429269001 0 0 0.00362214982 0.0252039004 0 0 1 0 0 0 0 0 0 0.977272749 0.244650543 0.636829317 0.744871676 0.281678885 1 1
G1908 0.00253894716 0.000164953424 0.0961182192 0 0.000121812685 0.173608795 0 5.01522954e-05 1.15975672e-05 0.000358112738 0.000496062916 0.00233169971 0.000734169211 0.0188608523 0.0177780315 0 0.00109477318 0.00978785381 0.00076645118 0 0.0231125187 4.84953598e-05 0.00258622295 0.0158644356 0.000274597289 0.00192089169 0 0 0.000790133723 4.51252527e-05 3.89239649e-05 0 0 4.19750251e-07 0 0.0308773443 0.00332074659 0.000946658722 6.76886111e-06 0 0.0388368182 0 0.000337004778 0.00111684157 0 0 0 3.86006177e-05 2.3412133e-06 0 0 0.000701238867 0 3.23964778e-05 0 0.0359628759 2.94819747e-05 5.10625205e-06 8.97350947e-06 0.0429269001 0 0 0.00362214982 0.0252039004 0 1 0 0 0 0 0 0 0 1 0 0.389928162 0.75792104 0 1 1
