SMARTATPG_EMBEDDINGS_V2
backend smartatpg
feature_schema SMARTATPG_FEATURES_V1
snapshot 3938d6e4b7faa76fb525fc7475b41bd22ef9c0663cf259091805d660cc0ddd36
circuit_hash ad2b4d354c6e36cd
dimension 80
count 2033
G1 0 0.00534707587 1.32184601 0 0.429962963 1.79027903 0 0.00916749611 0 0 0 0 0.00581607036 0.120020546 0 0.317649573 0.00650437735 0.56156379 0 0 0 0 0 0 0.630105674 0.278815776 0 0 0.257276803 0 0 0 0.00317862513 0 0 0 0 0 0.829456031 0 0.9628371 0 0.212810755 0 0 0 0 0 0 0 0 0 0 0.247607902 0 0.192030117 0 0 0 0 0 0 0.388883173 0.388480216 1 0 0 0 0 0 0 0 0 0 0.877063036 0.108933538 0.119035155 0.568916619 1 1
G10 0 0.00534707587 1.32184601 0 0.429962963 1.79027903 0 0.00916749611 0 0 0 0 0.00581607036 0.120020546 0 0.317649573 0.00650437735 0.56156379 0 0 0 0 0 0 0.630105674 0.278815776 0 0 0.257276803 0 0 0 0.00317862513 0 0 0 0 0 0.829456031 0 0.9628371 0 0.212810755 0 0 0 0 0 0 0 0 0 0 0.247607902 0 0.192030117 0 0 0 0 0 0 0.388883173 0.388480216 1 0 0 0 0 0 0 0 0 0 0.812711537 0.108933538 0.119035155 0.373581856 1 1
G11 0 0.00534707587 1.32184601 0 0.429962963 1.79027903 0 0.00916749611 0 0 0 0 0.00581607036 0.120020546 0 0.317649573 0.00650437735 0.56156379 0 0 0 0 0 0 0.630105674 0.278815776 0 0 0.257276803 0 0 0 0.00317862513 0 0 0 0 0 0.829456031 0 0.9628371 0 0.212810755 0 0 0 0 0 0 0 0 0 0 0.247607902 0 0.192030117 0 0 0 0 0 0 0.388883173 0.388480216 1 0 0 0 0 0 0 0 0 0 0.812711537 0.108933538 0.119035155 0.269373834 1 1
G12 0 0.00534707587 1.32184601 0 0.429962963 1.79027903 0 0.00916749611 0 0 0 0 0.00581607036 0.120020546 0 0.317649573 0.00650437735 0.56156379 0 0 0 0 0 0 0.630105674 0.278815776 0 0 0.257276803 0 0 0 0.00317862513 0 0 0 0 0 0.829456031 0 0.9628371 0 0.212810755 0 0 0 0 0 0 0 0 0 0 0.247607902 0 0.192030117 0 0 0 0 0 0 0.388883173 0.388480216 1 0 0 0 0 0 0 0 0 0 0.812711537 0.108933538 0.119035155 0.312624067 1 1
G13 0 0.00534707587 1.32184601 0 0.429962963 1.79027903 0 0.00916749611 0 0 0 0 0.00581607036 0.120020546 0 0.317649573 0.00650437735 0.56156379 0 0 0 0 0 0 0.630105674 0.278815776 0 0 0.257276803 0 0 0 0.00317862513 0 0 0 0 0 0.829456031 0 0.9628371 0 0.212810755 0 0 0 0 0 0 0 0 0 0 0.247607902 0 0.192030117 0 0 0 0 0 0 0.388883173 0.388480216 1 0 0 0 0 0 0 0 0 0 0.775523841 0.108933538 0.119035155 0.312624067 1 1
G14 0 0.00534707587 1.32184601 0 0.429962963 1.79027903 0 0.00916749611 0 0 0 0 0.00581607036 0.120020546 0 0.317649573 0.00650437735 0.56156379 0 0 0 0 0 0 0.630105674 0.278815776 0 0 0.257276803 0 0 0 0.00317862513 0 0 0 0 0 0.829456031 0 0.9628371 0 0.212810755 0 0 0 0 0 0 0 0 0 0 0.247607902 0 0.192030117 0 0 0 0 0 0 0.388883173 0.388480216 1 0 0 0 0 0 0 0 0 0 0.733951628 0.108933538 0.119035155 0.596895278 1 1
G15 0 0.00534707587 1.32184601 0 0.429962963 1.79027903 0 0.00916749611 0 0 0 0 0.00581607036 0.120020546 0 0.317649573 0.00650437735 0.56156379 0 0 0 0 0 0 0.630105674 0.278815776 0 0 0.257276803 0 0 0 0.00317862513 0 0 0 0 0 0.829456031 0 0.9628371 0 0.212810755 0 0 0 0 0 0 0 0 0 0 0.247607902 0 0.192030117 0 0 0 0 0 0 0.388883173 0.388480216 1 0 0 0 0 0 0 0 0 0 0.244650543 0.108933538 0.119035155 0.759197414 1 1
G16 0 0.00534707587 1.32184601 0 0.429962963 1.79027903 0 0.00916749611 0 0 0 0 0.00581607036 0.120020546 0 0.317649573 0.00650437735 0.56156379 0 0 0 0 0 0 0.630105674 0.278815776 0 0 0.257276803 0 0 0 0.00317862513 0 0 0 0 0 0.829456031 0 0.9628371 0 0.212810755 0 0 0 0 0 0 0 0 0 0 0.247607902 0 0.192030117 0 0 0 0 0 0 0.388883173 0.388480216 1 0 0 0 0 0 0 0 0 0 0.387761921 0.108933538 0.119035155 0.750263631 1 1
G17 0 0.00534707587 1.32184601 0 0.429962963 1.79027903 0 0.00916749611 0 0 0 0 0.00581607036 0.120020546 0 0.317649573 0.00650437735 0.56156379 0 0 0 0 0 0 0.630105674 0.278815776 0 0 0.257276803 0 0 0 0.00317862513 0 0 0 0 0 0.829456031 0 0.9628371 0 0.212810755 0 0 0 0 0 0 0 0 0 0 0.247607902 0 0.192030117 0 0 0 0 0 0 0.388883173 0.388480216 1 0 0 0 0 0 0 0 0 0 0.489301085 0.108933538 0.119035155 0.749237418 1 1
G18 0 0.00534707587 1.32184601 0 0.429962963 1.79027903 0 0.00916749611 0 0 0 0 0.00581607036 0.120020546 0 0.317649573 0.00650437735 0.56156379 0 0 0 0 0 0 0.630105674 0.278815776 0 0 0.257276803 0 0 0 0.00317862513 0 0 0 0 0 0.829456031 0 0.9628371 0 0.212810755 0 0 0 0 0 0 0 0 0 0 0.247607902 0 0.192030117 0 0 0 0 0 0 0.388883173 0.388480216 1 0 0 0 0 0 0 0 0 0 0.568060994 0.108933538 0.119035155 0.750263631 1 1
G19 0 0.00534707587 1.32184601 0 0.429962963 1.79027903 0 0.00916749611 0 0 0 0 0.00581607036 0.120020546 0 0.317649573 0.00650437735 0.56156379 0 0 0 0 0 0 0.630105674 0.278815776 0 0 0.257276803 0 0 0 0.00317862513 0 0 0 0 0 0.829456031 0 0.9628371 0 0.212810755 0 0 0 0 0 0 0 0 0 0 0.247607902 0 0.192030117 0 0 0 0 0 0 0.388883173 0.388480216 1 0 0 0 0 0 0 0 0 0 0.632412493 0.108933538 0.119035155 0.749237418 1 1
G2 0 0.00534707587 1.32184601 0 0.429962963 1.79027903 0 0.00916749611 0 0 0 0 0.00581607036 0.120020546 0 0.317649573 0.00650437735 0.56156379 0 0 0 0 0 0 0.630105674 0.278815776 0 0 0.257276803 0 0 0 0.00317862513 0 0 0 0 0 0.829456031 0 0.9628371 0 0.212810755 0 0 0 0 0 0 0 0 0 0 0.247607902 0 0.192030117 0 0 0 0 0 0 0.388883173 0.388480216 1 0 0 0 0 0 0 0 0 0 0.686820924 0.108933538 0.119035155 0.568916619 1 1
G20 0 0.00534707587 1.32184601 0 0.429962963 1.79027903 0 0.00916749611 0 0 0 0 0.00581607036 0.120020546 0 0.317649573 0.00650437735 0.56156379 0 0 0 0 0 0 0.630105674 0.278815776 0 0 0.257276803 0 0 0 0.00317862513 0 0 0 0 0 0.829456031 0 0.9628371 0 0.212810755 0 0 0 0 0 0 0 0 0 0 0.247607902 0 0.192030117 0 0 0 0 0 0 0.388883173 0.388480216 1 0 0 0 0 0 0 0 0 0 0.686820924 0.108933538 0.119035155 0.750263631 1 1
G21 0 0.00534707587 1.32184601 0 0.429962963 1.79027903 0 0.00916749611 0 0 0 0 0.00581607036 0.120020546 0 0.317649573 0.00650437735 0.56156379 0 0 0 0 0 0 0.630105674 0.278815776 0 0 0.257276803 0 0 0 0.00317862513 0 0 0 0 0 0.829456031 0 0.9628371 0 0.212810755 0 0 0 0 0 0 0 0 0 0 0.247607902 0 0.192030117 0 0 0 0 0 0 0.388883173 0.388480216 1 0 0 0 0 0 0 0 0 0 0.775523841 0.108933538 0.119035155 0.696787 1 1
G22 0 0.00534707587 1.32184601 0 0.429962963 1.79027903 0 0.00916749611 0 0 0 0 0.00581607036 0.120020546 0 0.317649573 0.00650437735 0.56156379 0 0 0 0 0 0 0.630105674 0.278815776 0 0 0.257276803 0 0 0 0.00317862513 0 0 0 0 0 0.829456031 0 0.9628371 0 0.212810755 0 0 0 0 0 0 0 0 0 0 0.247607902 0 0.192030117 0 0 0 0 0 0 0.388883173 0.388480216 1 0 0 0 0 0 0 0 0 0 0.812711537 0.108933538 0.119035155 0.722238481 1 1
G23 0 0.00534707587 1.32184601 0 0.429962963 1.79027903 0 0.00916749611 0 0 0 0 0.00581607036 0.120020546 0 0.317649573 0.00650437735 0.56156379 0 0 0 0 0 0 0.630105674 0.278815776 0 0 0.257276803 0 0 0 0.00317862513 0 0 0 0 0 0.829456031 0 0.9628371 0 0.212810755 0 0 0 0 0 0 0 0 0 0 0.247607902 0 0.192030117 0 0 0 0 0 0 0.388883173 0.388480216 1 0 0 0 0 0 0 0 0 0 0.812711537 0.108933538 0.119035155 0.66790998 1 1
G24 0 0.00534707587 1.32184601 0 0.429962963 1.79027903 0 0.00916749611 0 0 0 0 0.00581607036 0.120020546 0 0.317649573 0.00650437735 0.56156379 0 0 0 0 0 0 0.630105674 0.278815776 0 0 0.257276803 0 0 0 0.00317862513 0 0 0 0 0 0.829456031 0 0.9628371 0 0.212810755 0 0 0 0 0 0 0 0 0 0 0.247607902 0 0.192030117 0 0 0 0 0 0 0.388883173 0.388480216 1 0 0 0 0 0 0 0 0 0 0.846351802 0.108933538 0.119035155 0.66790998 1 1
G25 0 0.00534707587 1.32184601 0 0.429962963 1.79027903 0 0.00916749611 0 0 0 0 0.00581607036 0.120020546 0 0.317649573 0.00650437735 0.56156379 0 0 0 0 0 0 0.630105674 0.278815776 0 0 0.257276803 0 0 0 0.00317862513 0 0 0 0 0 0.829456031 0 0.9628371 0 0.212810755 0 0 0 0 0 0 0 0 0 0 0.247607902 0 0.192030117 0 0 0 0 0 0 0.388883173 0.388480216 1 0 0 0 0 0 0 0 0 0 0.812711537 0.108933538 0.119035155 0.734082401 1 1
G26 0 0.00534707587 1.32184601 0 0.429962963 1.79027903 0 0.00916749611 0 0 0 0 0.00581607036 0.120020546 0 0.317649573 0.00650437735 0.56156379 0 0 0 0 0 0 0.630105674 0.278815776 0 0 0.257276803 0 0 0 0.00317862513 0 0 0 0 0 0.829456031 0 0.9628371 0 0.212810755 0 0 0 0 0 0 0 0 0 0 0.247607902 0 0.192030117 0 0 0 0 0 0 0.388883173 0.388480216 1 0 0 0 0 0 0 0 0 0 0.905314565 0.108933538 0.119035155 0.734082401 1 1
G27 0 0.00534707587 1.32184601 0 0.429962963 1.79027903 0 0.00916749611 0 0 0 0 0.00581607036 0.120020546 0 0.317649573 0.00650437735 0.56156379 0 0 0 0 0 0 0.630105674 0.278815776 0 0 0.257276803 0 0 0 0.00317862513 0 0 0 0 0 0.829456031 0 0.9628371 0 0.212810755 0 0 0 0 0 0 0 0 0 0 0.247607902 0 0.192030117 0 0 0 0 0 0 0.388883173 0.388480216 1 0 0 0 0 0 0 0 0 0 0.775523841 0.108933538 0.119035155 0.605172992 1 1
G28 0 0.00534707587 1.32184601 0 0.429962963 1.79027903 0 0.00916749611 0 0 0 0 0.00581607036 0.120020546 0 0.317649573 0.00650437735 0.56156379 0 0 0 0 0 0 0.630105674 0.278815776 0 0 0.257276803 0 0 0 0.00317862513 0 0 0 0 0 0.829456031 0 0.9628371 0 0.212810755 0 0 0 0 0 0 0 0 0 0 0.247607902 0 0.192030117 0 0 0 0 0 0 0.388883173 0.388480216 1 0 0 0 0 0 0 0 0 0 0.244650543 0.108933538 0.119035155 0.679807544 1 1
G29 0 0.00534707587 1.32184601 0 0.429962963 1.79027903 0 0.00916749611 0 0 0 0 0.00581607036 0.120020546 0 0.317649573 0.00650437735 0.56156379 0 0 0 0 0 0 0.630105674 0.278815776 0 0 0.257276803 0 0 0 0.00317862513 0 0 0 0 0 0.829456031 0 0.9628371 0 0.212810755 0 0 0 0 0 0 0 0 0 0 0.247607902 0 0.192030117 0 0 0 0 0 0 0.388883173 0.388480216 1 0 0 0 0 0 0 0 0 0 0.387761921 0.108933538 0.119035155 0.683040798 1 1
G3 0 0.00534707587 1.32184601 0 0.429962963 1.79027903 0 0.00916749611 0 0 0 0 0.00581607036 0.120020546 0 0.317649573 0.00650437735 0.56156379 0 0 0 0 0 0 0.630105674 0.278815776 0 0 0.257276803 0 0 0 0.00317862513 0 0 0 0 0 0.829456031 0 0.9628371 0 0.212810755 0 0 0 0 0 0 0 0 0 0 0.247607902 0 0.192030117 0 0 0 0 0 0 0.388883173 0.388480216 1 0 0 0 0 0 0 0 0 0 0.905314565 0.108933538 0.119035155 0.578832746 1 1
G30 0 0.00534707587 1.32184601 0 0.429962963 1.79027903 0 0.00916749611 0 0 0 0 0.00581607036 0.120020546 0 0.317649573 0.00650437735 0.56156379 0 0 0 0 0 0 0.630105674 0.278815776 0 0 0.257276803 0 0 0 0.00317862513 0 0 0 0 0 0.829456031 0 0.9628371 0 0.212810755 0 0 0 0 0 0 0 0 0 0 0.247607902 0 0.192030117 0 0 0 0 0 0 0.388883173 0.388480216 1 0 0 0 0 0 0 0 0 0 0.632412493 0.108933538 0.119035155 0.615545392 1 1
G31 0 0.00534707587 1.32184601 0 0.429962963 1.79027903 0 0.00916749611 0 0 0 0 0.00581607036 0.120020546 0 0.317649573 0.00650437735 0.56156379 0 0 0 0 0 0 0.630105674 0.278815776 0 0 0.257276803 0 0 0 0.00317862513 0 0 0 0 0 0.829456031 0 0.9628371 0 0.212810755 0 0 0 0 0 0 0 0 0 0 0.247607902 0 0.192030117 0 0 0 0 0 0 0.388883173 0.388480216 1 0 0 0 0 0 0 0 0 0 0.632412493 0.108933538 0.119035155 0.615545392 1 1
G32 0 0.00534707587 1.32184601 0 0.429962963 1.79027903 0 0.00916749611 0 0 0 0 0.00581607036 0.120020546 0 0.317649573 0.00650437735 0.56156379 0 0 0 0 0 0 0.630105674 0.278815776 0 0 0.257276803 0 0 0 0.00317862513 0 0 0 0 0 0.829456031 0 0.9628371 0 0.212810755 0 0 0 0 0 0 0 0 0 0 0.247607902 0 0.192030117 0 0 0 0 0 0 0.388883173 0.388480216 1 0 0 0 0 0 0 0 0 0 0.632412493 0.108933538 0.119035155 0.615545392 1 1
G33 0 0.00534707587 1.32184601 0 0.429962963 1.79027903 0 0.00916749611 0 0 0 0 0.00581607036 0.120020546 0 0.317649573 0.00650437735 0.56156379 0 0 0 0 0 0 0.630105674 0.278815776 0 0 0.257276803 0 0 0 0.00317862513 0 0 0 0 0 0.829456031 0 0.9628371 0 0.212810755 0 0 0 0 0 0 0 0 0 0 0.247607902 0 0.192030117 0 0 0 0 0 0 0.388883173 0.388480216 1 0 0 0 0 0 0 0 0 0 0.632412493 0.108933538 0.119035155 0.615545392 1 1
G34 0 0.00534707587 1.32184601 0 0.429962963 1.79027903 0 0.00916749611 0 0 0 0 0.00581607036 0.120020546 0 0.317649573 0.00650437735 0.56156379 0 0 0 0 0 0 0.630105674 0.278815776 0 0 0.257276803 0 0 0 0.00317862513 0 0 0 0 0 0.829456031 0 0.9628371 0 0.212810755 0 0 0 0 0 0 0 0 0 0 0.247607902 0 0.192030117 0 0 0 0 0 0 0.388883173 0.388480216 1 0 0 0 0 0 0 0 0 0 0.686820924 0.108933538 0.119035155 0.581997931 1 1
G35 0 0.00534707587 1.32184601 0 0.429962963 1.79027903 0 0.00916749611 0 0 0 0 0.00581607036 0.120020546 0 0.317649573 0.00650437735 0.56156379 0 0 0 0 0 0 0.630105674 0.278815776 0 0 0.257276803 0 0 0 0.00317862513 0 0 0 0 0 0.829456031 0 0.9628371 0 0.212810755 0 0 0 0 0 0 0 0 0 0 0.247607902 0 0.192030117 0 0 0 0 0 0 0.388883173 0.388480216 1 0 0 0 0 0 0 0 0 0 0.686820924 0.108933538 0.119035155 0.585097849 1 1
G36 0 0.00534707587 1.32184601 0 0.429962963 1.79027903 0 0.00916749611 0 0 0 0 0.00581607036 0.120020546 0 0.317649573 0.00650437735 0.56156379 0 0 0 0 0 0 0.630105674 0.278815776 0 0 0.257276803 0 0 0 0.00317862513 0 0 0 0 0 0.829456031 0 0.9628371 0 0.212810755 0 0 0 0 0 0 0 0 0 0 0.247607902 0 0.192030117 0 0 0 0 0 0 0.388883173 0.388480216 1 0 0 0 0 0 0 0 0 0 0.632412493 0.108933538 0.119035155 0.585097849 1 1
G37 0 0.00534707587 1.32184601 0 0.429962963 1.79027903 0 0.00916749611 0 0 0 0 0.00581607036 0.120020546 0 0.317649573 0.00650437735 0.56156379 0 0 0 0 0 0 0.630105674 0.278815776 0 0 0.257276803 0 0 0 0.00317862513 0 0 0 0 0 0.829456031 0 0.9628371 0 0.212810755 0 0 0 0 0 0 0 0 0 0 0.247607902 0 0.192030117 0 0 0 0 0 0 0.388883173 0.388480216 1 0 0 0 0 0 0 0 0 0 0.489301085 0.108933538 0.119035155 0.615545392 1 1
G38 0 0.00534707587 1.32184601 0 0.429962963 1.79027903 0 0.00916749611 0 0 0 0 0.00581607036 0.120020546 0 0.317649573 0.00650437735 0.56156379 0 0 0 0 0 0 0.630105674 0.278815776 0 0 0.257276803 0 0 0 0.00317862513 0 0 0 0 0 0.829456031 0 0.9628371 0 0.212810755 0 0 0 0 0 0 0 0 0 0 0.247607902 0 0.192030117 0 0 0 0 0 0 0.388883173 0.388480216 1 0 0 0 0 0 0 0 0 0 0.775523841 0.108933538 0.119035155 0.681432843 1 1
G39 0 0.00534707587 1.32184601 0 0.429962963 1.79027903 0 0.00916749611 0 0 0 0 0.00581607036 0.120020546 0 0.317649573 0.00650437735 0.56156379 0 0 0 0 0 0 0.630105674 0.278815776 0 0 0.257276803 0 0 0 0.00317862513 0 0 0 0 0 0.829456031 0 0.9628371 0 0.212810755 0 0 0 0 0 0 0 0 0 0 0.247607902 0 0.192030117 0 0 0 0 0 0 0.388883173 0.388480216 1 0 0 0 0 0 0 0 0 0 0.846351802 0.108933538 0.119035155 0.724683046 1 1
G397 0 0.00534707587 1.32184601 0 0.429962963 1.79027903 0 0.00916749611 0 0 0 0 0.00581607036 0.120020546 0 0.317649573 0.00650437735 0.56156379 0 0 0 0 0 0 0.630105674 0.278815776 0 0 0.257276803 0 0 0 0.00317862513 0 0 0 0 0 0.829456031 0 0.9628371 0 0.212810755 0 0 0 0 0 0 0 0 0 0 0.247607902 0 0.192030117 0 0 0 0 0 0 0.388883173 0.388480216 0 0 0 0 0 1 0 0 0 0.0185185187 0.387761921 0.172655582 0.188666254 0.605172992 1 1
G4 0 0.00534707587 1.32184601 0 0.429962963 1.79027903 0 0.00916749611 0 0 0 0 0.00581607036 0.120020546 0 0.317649573 0.00650437735 0.56156379 0 0 0 0 0 0 0.630105674 0.278815776 0 0 0.257276803 0 0 0 0.00317862513 0 0 0 0 0 0.829456031 0 0.9628371 0 0.212810755 0 0 0 0 0 0 0 0 0 0 0.247607902 0 0.192030117 0 0 0 0 0 0 0.388883173 0.388480216 1 0 0 0 0 0 0 0 0 0 0.733951628 0.108933538 0.119035155 0.679807544 1 1
G40 0 0.00534707587 1.32184601 0 0.429962963 1.79027903 0 0.00916749611 0 0 0 0 0.00581607036 0.120020546 0 0.317649573 0.00650437735 0.56156379 0 0 0 0 0 0 0.630105674 0.278815776 0 0 0.257276803 0 0 0 0.00317862513 0 0 0 0 0 0.829456031 0 0.9628371 0 0.212810755 0 0 0 0 0 0 0 0 0 0 0.247607902 0 0.192030117 0 0 0 0 0 0 0.388883173 0.388480216 1 0 0 0 0 0 0 0 0 0 0.775523841 0.108933538 0.119035155 0.719753444 1 1
G400 0 0.00534707587 1.32184601 0 0.429962963 1.79027903 0 0.00916749611 0 0 0 0 0.00581607036 0.120020546 0 0.317649573 0.00650437735 0.56156379 0 0 0 0 0 0 0.630105674 0.278815776 0 0 0.257276803 0 0 0 0.00317862513 0 0 0 0 0 0.829456031 0 0.9628371 0 0.212810755 0 0 0 0 0 0 0 0 0 0 0.247607902 0 0.192030117 0 0 0 0 0 0 0.388883173 0.388480216 0 0 0 0 0 1 0 0 0 0.0185185187 0.489301085 0.172655582 0.188666254 0.360500544 1 1
G404 0 0.00534707587 1.32184601 0 0.429962963 1.79027903 0 0.00916749611 0 0 0 0 0.00581607036 0.120020546 0 0.317649573 0.00650437735 0.56156379 0 0 0 0 0 0 0.630105674 0.278815776 0 0 0.257276803 0 0 0 0.00317862513 0 0 0 0 0 0.829456031 0 0.9628371 0 0.212810755 0 0 0 0 0 0 0 0 0 0 0.247607902 0 0.192030117 0 0 0 0 0 0 0.388883173 0.388480216 0 0 0 0 0 1 0 0 0 0.0185185187 0.775523841 0.172655582 0.188666254 0.613018632 1 1
G41 0 0.00534707587 1.32184601 0 0.429962963 1.79027903 0 0.00916749611 0 0 0 0 0.00581607036 0.120020546 0 0.317649573 0.00650437735 0.56156379 0 0 0 0 0 0 0.630105674 0.278815776 0 0 0.257276803 0 0 0 0.00317862513 0 0 0 0 0 0.829456031 0 0.9628371 0 0.212810755 0 0 0 0 0 0 0 0 0 0 0.247607902 0 0.192030117 0 0 0 0 0 0 0.388883173 0.388480216 1 0 0 0 0 0 0 0 0 0 0.733951628 0.108933538 0.119035155 0.728277028 1 1
G413 0 0.00534707587 1.32184601 0 0.429962963 1.79027903 0 0.00916749611 0 0 0 0 0.00581607036 0.120020546 0 0.317649573 0.00650437735 0.56156379 0 0 0 0 0 0 0.630105674 0.278815776 0 0 0.257276803 0 0 0 0.00317862513 0 0 0 0 0 0.829456031 0 0.9628371 0 0.212810755 0 0 0 0 0 0 0 0 0 0 0.247607902 0 0.192030117 0 0 0 0 0 0 0.388883173 0.388480216 0 0 0 0 0 1 0 0 0 0.0185185187 0.775523841 0.172655582 0.188666254 0.613018632 1 1
G42 0 0.00534707587 1.32184601 0 0.429962963 1.79027903 0 0.00916749611 0 0 0 0 0.00581607036 0.120020546 0 0.317649573 0.00650437735 0.56156379 0 0 0 0 0 0 0.630105674 0.278815776 0 0 0.257276803 0 0 0 0.00317862513 0 0 0 0 0 0.829456031 0 0.9628371 0 0.212810755 0 0 0 0 0 0 0 0 0 0 0.247607902 0 0.192030117 0 0 0 0 0 0 0.388883173 0.388480216 1 0 0 0 0 0 0 0 0 0 0.632412493 0.108933538 0.119035155 0.747163713 1 1
G422 0 0.00534707587 1.32184601 0 0.429962963 1.79027903 0 0.00916749611 0 0 0 0 0.00581607036 0.120020546 0 0.317649573 0.00650437735 0.56156379 0 0 0 0 0 0 0.630105674 0.278815776 0 0 0.257276803 0 0 0 0.00317862513 0 0 0 0 0 0.829456031 0 0.9628371 0 0.212810755 0 0 0 0 0 0 0 0 0 0 0.247607902 0 0.192030117 0 0 0 0 0 0 0.388883173 0.388480216 0 0 0 0 0 1 0 0 0 0.0185185187 0.387761921 0.172655582 0.188666254 0.732939124 1 1
G425 0 0.00534707587 1.32184601 0 0.429962963 1.79027903 0 0.00916749611 0 0 0 0 0.00581607036 0.120020546 0 0.317649573 0.00650437735 0.56156379 0 0 0 0 0 0 0.630105674 0.278815776 0 0 0.257276803 0 0 0 0.00317862513 0 0 0 0 0 0.829456031 0 0.9628371 0 0.212810755 0 0 0 0 0 0 0 0 0 0 0.247607902 0 0.192030117 0 0 0 0 0 0 0.388883173 0.388480216 0 0 0 0 0 1 0 0 0 0.0185185187 0.775523841 0.172655582 0.188666254 0.613018632 1 1
G43 0 0.00534707587 1.32184601 0 0.429962963 1.79027903 0 0.00916749611 0 0 0 0 0.00581607036 0.120020546 0 0.317649573 0.00650437735 0.56156379 0 0 0 0 0 0 0.630105674 0.278815776 0 0 0.257276803 0 0 0 0.00317862513 0 0 0 0 0 0.829456031 0 0.9628371 0 0.212810755 0 0 0 0 0 0 0 0 0 0 0.247607902 0 0.192030117 0 0 0 0 0 0 0.388883173 0.388480216 1 0 0 0 0 0 0 0 0 0 0.568060994 0.108933538 0.119035155 0.746116042 1 1
G434 0 0.00534707587 1.32184601 0 0.429962963 1.79027903 0 0.00916749611 0 0 0 0 0.00581607036 0.120020546 0 0.317649573 0.00650437735 0.56156379 0 0 0 0 0 0 0.630105674 0.278815776 0 0 0.257276803 0 0 0 0.00317862513 0 0 0 0 0 0.829456031 0 0.9628371 0 0.212810755 0 0 0 0 0 0 0 0 0 0 0.247607902 0 0.192030117 0 0 0 0 0 0 0.388883173 0.388480216 0 0 0 0 0 1 0 0 0 0.0185185187 0.489301085 0.172655582 0.188666254 0.292548925 1 1
G438 0 0.00534707587 1.32184601 0 0.429962963 1.79027903 0 0.00916749611 0 0 0 0 0.00581607036 0.120020546 0 0.317649573 0.00650437735 0.56156379 0 0 0 0 0 0 0.630105674 0.278815776 0 0 0.257276803 0 0 0 0.00317862513 0 0 0 0 0 0.829456031 0 0.9628371 0 0.212810755 0 0 0 0 0 0 0 0 0 0 0.247607902 0 0.192030117 0 0 0 0 0 0 0.388883173 0.388480216 0 0 0 0 0 1 0 0 0 0.0185185187 0.775523841 0.172655582 0.188666254 0.613018632 1 1
G44 0 0.00534707587 1.32184601 0 0.429962963 1.79027903 0 0.00916749611 0 0 0 0 0.00581607036 0.120020546 0 0.317649573 0.00650437735 0.56156379 0 0 0 0 0 0 0.630105674 0.278815776 0 0 0.257276803 0 0 0 0.00317862513 0 0 0 0 0 0.829456031 0 0.9628371 0 0.212810755 0 0 0 0 0 0 0 0 0 0 0.247607902 0 0.192030117 0 0 0 0 0 0 0.388883173 0.388480216 1 0 0 0 0 0 0 0 0 0 0.489301085 0.108933538 0.119035155 0.747163713 1 1
G447 0 0.00534707587 1.32184601 0 0.429962963 1.79027903 0 0.00916749611 0 0 0 0 0.00581607036 0.120020546 0 0.317649573 0.00650437735 0.56156379 0 0 0 0 0 0 0.630105674 0.278815776 0 0 0.257276803 0 0 0 0.00317862513 0 0 0 0 0 0.829456031 0 0.9628371 0 0.212810755 0 0 0 0 0 0 0 0 0 0 0.247607902 0 0.192030117 0 0 0 0 0 0 0.388883173 0.388480216 0 0 0 0 0 1 0 0 0 0.0185185187 0.489301085 0.172655582 0.188666254 0.292548925 1 1
G45 0 0.00534707587 1.32184601 0 0.429962963 1.79027903 0 0.00916749611 0 0 0 0 0.00581607036 0.120020546 0 0.317649573 0.00650437735 0.56156379 0 0 0 0 0 0 0.630105674 0.278815776 0 0 0.257276803 0 0 0 0.00317862513 0 0 0 0 0 0.829456031 0 0.9628371 0 0.212810755 0 0 0 0 0 0 0 0 0 0 0.247607902 0 0.192030117 0 0 0 0 0 0 0.388883173 0.388480216 1 0 0 0 0 0 0 0 0 0 0.387761921 0.108933538 0.119035155 0.746116042 1 1
G451 0 0.00534707587 1.32184601 0 0.429962963 1.79027903 0 0.00916749611 0 0 0 0 0.00581607036 0.120020546 0 0.317649573 0.00650437735 0.56156379 0 0 0 0 0 0 0.630105674 0.278815776 0 0 0.257276803 0 0 0 0.00317862513 0 0 0 0 0 0.829456031 0 0.9628371 0 0.212810755 0 0 0 0 0 0 0 0 0 0 0.247607902 0 0.192030117 0 0 0 0 0 0 0.388883173 0.388480216 0 0 0 0 0 1 0 0 0 0.0185185187 0.812711537 0.172655582 0.188666254 0.594031572 1 1
G46 0 0.00534707587 1.32184601 0 0.429962963 1.79027903 0 0.00916749611 0 0 0 0 0.00581607036 0.120020546 0 0.317649573 0.00650437735 0.56156379 0 0 0 0 0 0 0.630105674 0.278815776 0 0 0.257276803 0 0 0 0.00317862513 0 0 0 0 0 0.829456031 0 0.9628371 0 0.212810755 0 0 0 0 0 0 0 0 0 0 0.247607902 0 0.192030117 0 0 0 0 0 0 0.388883173 0.388480216 1 0 0 0 0 0 0 0 0 0 0.244650543 0.108933538 0.119035155 0.747163713 1 1
G461 0 0.00534707587 1.32184601 0 0.429962963 1.79027903 0 0.00916749611 0 0 0 0 0.00581607036 0.120020546 0 0.317649573 0.00650437735 0.56156379 0 0 0 0 0 0 0.630105674 0.278815776 0 0 0.257276803 0 0 0 0.00317862513 0 0 0 0 0 0.829456031 0 0.9628371 0 0.212810755 0 0 0 0 0 0 0 0 0 0 0.247607902 0 0.192030117 0 0 0 0 0 0 0.388883173 0.388480216 0 0 0 0 0 1 0 0 0 0.0185185187 0.568060994 0.172655582 0.188666254 0.60246408 1 1
G466 0 0.00534707587 1.32184601 0 0.429962963 1.79027903 0 0.00916749611 0 0 0 0 0.00581607036 0.120020546 0 0.317649573 0.00650437735 0.56156379 0 0 0 0 0 0 0.630105674 0.278815776 0 0 0.257276803 0 0 0 0.00317862513 0 0 0 0 0 0.829456031 0 0.9628371 0 0.212810755 0 0 0 0 0 0 0 0 0 0 0.247607902 0 0.192030117 0 0 0 0 0 0 0.388883173 0.388480216 0 0 0 1 0 0 0 0 0 0.0185185187 0.244650543 0.217867076 0.188666254 0.578832746 1 1
G467 0 0.00534707587 1.32184601 0 0.429962963 1.79027903 0 0.00916749611 0 0 0 0 0.00581607036 0.120020546 0 0.317649573 0.00650437735 0.56156379 0 0 0 0 0 0 0.630105674 0.278815776 0 0 0.257276803 0 0 0 0.00317862513 0 0 0 0 0 0.829456031 0 0.9628371 0 0.212810755 0 0 0 0 0 0 0 0 0 0 0.247607902 0 0.192030117 0 0 0 0 0 0 0.388883173 0.388480216 0 0 0 0 0 1 0 0 0 0.0185185187 0.387761921 0.172655582 0.188666254 0.664330304 1 1
G47 0 0.00534707587 1.32184601 0 0.429962963 1.79027903 0 0.00916749611 0 0 0 0 0.00581607036 0.120020546 0 0.317649573 0.00650437735 0.56156379 0 0 0 0 0 0 0.630105674 0.278815776 0 0 0.257276803 0 0 0 0.00317862513 0 0 0 0 0 0.829456031 0 0.9628371 0 0.212810755 0 0 0 0 0 0 0 0 0 0 0.247607902 0 0.192030117 0 0 0 0 0 0 0.388883173 0.388480216 1 0 0 0 0 0 0 0 0 0 0.905314565 0.108933538 0.119035155 0.705299139 1 1
G470 0 0.00534707587 1.32184601 0 0.429962963 1.79027903 0 0.00916749611 0 0 0 0 0.00581607036 0.120020546 0 0.317649573 0.00650437735 0.56156379 0 0 0 0 0 0 0.630105674 0.278815776 0 0 0.257276803 0 0 0 0.00317862513 0 0 0 0 0 0.829456031 0 0.9628371 0 0.212810755 0 0 0 0 0 0 0 0 0 0 0.247607902 0 0.192030117 0 0 0 0 0 0 0.388883173 0.388480216 0 0 0 0 0 1 0 0 0 0.0185185187 0.686820924 0.172655582 0.188666254 0.565460324 1 1
G477 0 0.00534707587 1.32184601 0 0.429962963 1.79027903 0 0.00916749611 0 0 0 0 0.00581607036 0.120020546 0 0.317649573 0.00650437735 0.56156379 0 0 0 0 0 0 0.630105674 0.278815776 0 0 0.257276803 0 0 0 0.00317862513 0 0 0 0 0 0.829456031 0 0.9628371 0 0.212810755 0 0 0 0 0 0 0 0 0 0 0.247607902 0 0.192030117 0 0 0 0 0 0 0.388883173 0.388480216 0 0 0 0 0 1 0 0 0 0.0185185187 0.387761921 0.172655582 0.188666254 0.679807544 1 1
G48 0 0.00534707587 1.32184601 0 0.429962963 1.79027903 0 0.00916749611 0 0 0 0 0.00581607036 0.120020546 0 0.317649573 0.00650437735 0.56156379 0 0 0 0 0 0 0.630105674 0.278815776 0 0 0.257276803 0 0 0 0.00317862513 0 0 0 0 0 0.829456031 0 0.9628371 0 0.212810755 0 0 0 0 0 0 0 0 0 0 0.247607902 0 0.192030117 0 0 0 0 0 0 0.388883173 0.388480216 1 0 0 0 0 0 0 0 0 0 0.632412493 0.108933538 0.119035155 0.666130781 1 1
G480 0 0.00534707587 1.32184601 0 0.429962963 1.79027903 0 0.00916749611 0 0 0 0 0.00581607036 0.120020546 0 0.317649573 0.00650437735 0.56156379 0 0 0 0 0 0 0.630105674 0.278815776 0 0 0.257276803 0 0 0 0.00317862513 0 0 0 0 0 0.829456031 0 0.9628371 0 0.212810755 0 0 0 0 0 0 0 0 0 0 0.247607902 0 0.192030117 0 0 0 0 0 0 0.388883173 0.388480216 0 0 0 0 0 1 0 0 0 0.0185185187 0.489301085 0.172655582 0.188666254 0.578832746 1 1
G484 0 0.00534707587 1.32184601 0 0.429962963 1.79027903 0 0.00916749611 0 0 0 0 0.00581607036 0.120020546 0 0.317649573 0.00650437735 0.56156379 0 0 0 0 0 0 0.630105674 0.278815776 0 0 0.257276803 0 0 0 0.00317862513 0 0 0 0 0 0.829456031 0 0.9628371 0 0.212810755 0 0 0 0 0 0 0 0 0 0 0.247607902 0 0.192030117 0 0 0 0 0 0 0.388883173 0.388480216 0 0 0 0 0 1 0 0 0 0.0185185187 0.686820924 0.172655582 0.188666254 0.565460324 1 1
G49 0 0.00534707587 1.32184601 0 0.429962963 1.79027903 0 0.00916749611 0 0 0 0 0.00581607036 0.120020546 0 0.317649573 0.00650437735 0.56156379 0 0 0 0 0 0 0.630105674 0.278815776 0 0 0.257276803 0 0 0 0.00317862513 0 0 0 0 0 0.829456031 0 0.9628371 0 0.212810755 0 0 0 0 0 0 0 0 0 0 0.247607902 0 0.192030117 0 0 0 0 0 0 0.388883173 0.388480216 1 0 0 0 0 0 0 0 0 0 0.244650543 0.108933538 0.119035155 0.679807544 1 1
G491 0 0.00534707587 1.32184601 0 0.429962963 1.79027903 0 0.00916749611 0 0 0 0 0.00581607036 0.120020546 0 0.317649573 0.00650437735 0.56156379 0 0 0 0 0 0 0.630105674 0.278815776 0 0 0.257276803 0 0 0 0.00317862513 0 0 0 0 0 0.829456031 0 0.9628371 0 0.212810755 0 0 0 0 0 0 0 0 0 0 0.247607902 0 0.192030117 0 0 0 0 0 0 0.388883173 0.388480216 0 1 0 0 0 0 0 0 0 0.0185185187 0.244650543 0.172655582 0.238070309 0.679807544 1 1
G492 0 0.00534707587 1.32184601 0 0.429962963 1.79027903 0 0.00916749611 0 0 0 0 0.00581607036 0.120020546 0 0.317649573 0.00650437735 0.56156379 0 0 0 0 0 0 0.630105674 0.278815776 0 0 0.257276803 0 0 0 0.00317862513 0 0 0 0 0 0.829456031 0 0.9628371 0 0.212810755 0 0 0 0 0 0 0 0 0 0 0.247607902 0 0.192030117 0 0 0 0 0 0 0.388883173 0.388480216 0 0 0 0 0 1 0 0 0 0.0185185187 0.489301085 0.172655582 0.188666254 0.664330304 1 1
G496 0 0.00534707587 1.32184601 0 0.429962963 1.79027903 0 0.00916749611 0 0 0 0 0.00581607036 0.120020546 0 0.317649573 0.00650437735 0.56156379 0 0 0 0 0 0 0.630105674 0.278815776 0 0 0.257276803 0 0 0 0.00317862513 0 0 0 0 0 0.829456031 0 0.9628371 0 0.212810755 0 0 0 0 0 0 0 0 0 0 0.247607902 0 0.192030117 0 0 0 0 0 0 0.388883173 0.388480216 0 0 0 0 0 1 0 0 0 0.0185185187 0.568060994 0.172655582 0.188666254 0.575599492 1 1
G5 0 0.00534707587 1.32184601 0 0.429962963 1.79027903 0 0.00916749611 0 0 0 0 0.00581607036 0.120020546 0 0.317649573 0.00650437735 0.56156379 0 0 0 0 0 0 0.630105674 0.278815776 0 0 0.257276803 0 0 0 0.00317862513 0 0 0 0 0 0.829456031 0 0.9628371 0 0.212810755 0 0 0 0 0 0 0 0 0 0 0.247607902 0 0.192030117 0 0 0 0 0 0 0.388883173 0.388480216 1 0 0 0 0 0 0 0 0 0 0.489301085 0.108933538 0.119035155 0.581997931 1 1
G50 0 0.00534707587 1.32184601 0 0.429962963 1.79027903 0 0.00916749611 0 0 0 0 0.00581607036 0.120020546 0 0.317649573 0.00650437735 0.56156379 0 0 0 0 0 0 0.630105674 0.278815776 0 0 0.257276803 0 0 0 0.00317862513 0 0 0 0 0 0.829456031 0 0.9628371 0 0.212810755 0 0 0 0 0 0 0 0 0 0 0.247607902 0 0.192030117 0 0 0 0 0 0 0.388883173 0.388480216 1 0 0 0 0 0 0 0 0 0 0.387761921 0.108933538 0.119035155 0.919465661 1 1
G501 0 0.00534707587 1.32184601 0 0.429962963 1.79027903 0 0.00916749611 0 0 0 0 0.00581607036 0.120020546 0 0.317649573 0.00650437735 0.56156379 0 0 0 0 0 0 0.630105674 0.278815776 0 0 0.257276803 0 0 0 0.00317862513 0 0 0 0 0 0.829456031 0 0.9628371 0 0.212810755 0 0 0 0 0 0 0 0 0 0 0.247607902 0 0.192030117 0 0 0 0 0 0 0.388883173 0.388480216 0 0 0 0 0 1 0 0 0 0.0185185187 1 0.172655582 0.188666254 0.692343116 1 1
G518 0 0.00534707587 1.32184601 0 0.429962963 1.79027903 0 0.00916749611 0 0 0 0 0.00581607036 0.120020546 0 0.317649573 0.00650437735 0.56156379 0 0 0 0 0 0 0.630105674 0.278815776 0 0 0.257276803 0 0 0 0.00317862513 0 0 0 0 0 0.829456031 0 0.9628371 0 0.212810755 0 0 0 0 0 0 0 0 0 0 0.247607902 0 0.192030117 0 0 0 0 0 0 0.388883173 0.388480216 0 0 0 0 0 1 0 0 0 0.0185185187 0.244650543 0.172655582 0.188666254 0.695320308 1 1
G519 0 0.00534707587 1.32184601 0 0.429962963 1.79027903 0 0.00916749611 0 0 0 0 0.00581607036 0.120020546 0 0.317649573 0.00650437735 0.56156379 0 0 0 0 0 0 0.630105674 0.278815776 0 0 0.257276803 0 0 0 0.00317862513 0 0 0 0 0 0.829456031 0 0.9628371 0 0.212810755 0 0 0 0 0 0 0 0 0 0 0.247607902 0 0.192030117 0 0 0 0 0 0 0.388883173 0.388480216 0 0 0 0 0 1 0 0 0 0.0185185187 0.489301085 0.172655582 0.188666254 0.736343205 1 1
G523 0 0.00534707587 1.32184601 0 0.429962963 1.79027903 0 0.00916749611 0 0 0 0 0.00581607036 0.120020546 0 0.317649573 0.00650437735 0.56156379 0 0 0 0 0 0 0.630105674 0.278815776 0 0 0.257276803 0 0 0 0.00317862513 0 0 0 0 0 0.829456031 0 0.9628371 0 0.212810755 0 0 0 0 0 0 0 0 0 0 0.247607902 0 0.192030117 0 0 0 0 0 0 0.388883173 0.388480216 0 0 0 0 0 1 0 0 0 0.0185185187 0.489301085 0.172655582 0.188666254 0.678164423 1 1
G527 0 0.00534707587 1.32184601 0 0.429962963 1.79027903 0 0.00916749611 0 0 0 0 0.00581607036 0.120020546 0 0.317649573 0.00650437735 0.56156379 0 0 0 0 0 0 0.630105674 0.278815776 0 0 0.257276803 0 0 0 0.00317862513 0 0 0 0 0 0.829456031 0 0.9628371 0 0.212810755 0 0 0 0 0 0 0 0 0 0 0.247607902 0 0.192030117 0 0 0 0 0 0 0.388883173 0.388480216 0 1 0 0 0 0 0 0 0 0.0185185187 0.387761921 0.172655582 0.238070309 0.678164423 1 1
G530 0 0.00534707587 1.32184601 0 0.429962963 1.79027903 0 0.00916749611 0 0 0 0 0.00581607036 0.120020546 0 0.317649573 0.00650437735 0.56156379 0 0 0 0 0 0 0.630105674 0.278815776 0 0 0.257276803 0 0 0 0.00317862513 0 0 0 0 0 0.829456031 0 0.9628371 0 0.212810755 0 0 0 0 0 0 0 0 0 0 0.247607902 0 0.192030117 0 0 0 0 0 0 0.388883173 0.388480216 0 0 0 0 0 1 0 0 0 0.0185185187 0.387761921 0.172655582 0.188666254 0.578832746 1 1
G556 0 0.00534707587 1.32184601 0 0.429962963 1.79027903 0 0.00916749611 0 0 0 0 0.00581607036 0.120020546 0 0.317649573 0.00650437735 0.56156379 0 0 0 0 0 0 0.630105674 0.278815776 0 0 0.257276803 0 0 0 0.00317862513 0 0 0 0 0 0.829456031 0 0.9628371 0 0.212810755 0 0 0 0 0 0 0 0 0 0 0.247607902 0 0.192030117 0 0 0 0 0 0 0.388883173 0.388480216 0 0 0 0 0 1 0 0 0 0.0185185187 0.387761921 0.172655582 0.188666254 0.71071738 1 1
G559 0 0.00534707587 1.32184601 0 0.429962963 1.79027903 0 0.00916749611 0 0 0 0 0.00581607036 0.120020546 0 0.317649573 0.00650437735 0.56156379 0 0 0 0 0 0 0.630105674 0.278815776 0 0 0.257276803 0 0 0 0.00317862513 0 0 0 0 0 0.829456031 0 0.9628371 0 0.212810755 0 0 0 0 0 0 0 0 0 0 0.247607902 0 0.192030117 0 0 0 0 0 0 0.388883173 0.388480216 0 0 0 0 0 1 0 0 0 0.0185185187 0.387761921 0.172655582 0.188666254 0.60246408 1 1
G562 0 0.00534707587 1.32184601 0 0.429962963 1.79027903 0 0.00916749611 0 0 0 0 0.00581607036 0.120020546 0 0.317649573 0.00650437735 0.56156379 0 0 0 0 0 0 0.630105674 0.278815776 0 0 0.257276803 0 0 0 0.00317862513 0 0 0 0 0 0.829456031 0 0.9628371 0 0.212810755 0 0 0 0 0 0 0 0 0 0 0.247607902 0 0.192030117 0 0 0 0 0 0 0.388883173 0.388480216 0 0 0 0 0 1 0 0 0 0.0185185187 0.387761921 0.172655582 0.188666254 0.714656651 1 1
G565 0 0.00534707587 1.32184601 0 0.429962963 1.79027903 0 0.00916749611 0 0 0 0 0.00581607036 0.120020546 0 0.317649573 0.00650437735 0.56156379 0 0 0 0 0 0 0.630105674 0.278815776 0 0 0.257276803 0 0 0 0.00317862513 0 0 0 0 0 0.829456031 0 0.9628371 0 0.212810755 0 0 0 0 0 0 0 0 0 0 0.247607902 0 0.192030117 0 0 0 0 0 0 0.388883173 0.388480216 0 0 0 0 0 1 0 0 0 0.0185185187 0.387761921 0.172655582 0.188666254 0.60246408 1 1
G568 0 0.00534707587 1.32184601 0 0.429962963 1.79027903 0 0.00916749611 0 0 0 0 0.00581607036 0.120020546 0 0.317649573 0.00650437735 0.56156379 0 0 0 0 0 0 0.630105674 0.278815776 0 0 0.257276803 0 0 0 0.00317862513 0 0 0 0 0 0.829456031 0 0.9628371 0 0.212810755 0 0 0 0 0 0 0 0 0 0 0.247607902 0 0.192030117 0 0 0 0 0 0 0.388883173 0.388480216 0 0 0 0 0 1 0 0 0 0.0185185187 0.489301085 0.172655582 0.188666254 0.60246408 1 1
G572 0 0.00534707587 1.32184601 0 0.429962963 1.79027903 0 0.00916749611 0 0 0 0 0.00581607036 0.120020546 0 0.317649573 0.00650437735 0.56156379 0 0 0 0 0 0 0.630105674 0.278815776 0 0 0.257276803 0 0 0 0.00317862513 0 0 0 0 0 0.829456031 0 0.9628371 0 0.212810755 0 0 0 0 0 0 0 0 0 0 0.247607902 0 0.192030117 0 0 0 0 0 0 0.388883173 0.388480216 0 0 0 0 0 1 0 0 0 0.0185185187 0.387761921 0.172655582 0.188666254 0.60246408 1 1
G578 0 0.00534707587 1.32184601 0 0.429962963 1.79027903 0 0.00916749611 0 0 0 0 0.00581607036 0.120020546 0 0.317649573 0.00650437735 0.56156379 0 0 0 0 0 0 0.630105674 0.278815776 0 0 0.257276803 0 0 0 0.00317862513 0 0 0 0 0 0.829456031 0 0.9628371 0 0.212810755 0 0 0 0 0 0 0 0 0 0 0.247607902 0 0.192030117 0 0 0 0 0 0 0.388883173 0.388480216 0 0 0 0 0 1 0 0 0 0.0185185187 0.387761921 0.172655582 0.188666254 0.60246408 1 1
G581 0 0.00534707587 1.32184601 0 0.429962963 1.79027903 0 0.00916749611 0 0 0 0 0.00581607036 0.120020546 0 0.317649573 0.00650437735 0.56156379 0 0 0 0 0 0 0.630105674 0.278815776 0 0 0.257276803 0 0 0 0.00317862513 0 0 0 0 0 0.829456031 0 0.9628371 0 0.212810755 0 0 0 0 0 0 0 0 0 0 0.247607902 0 0.192030117 0 0 0 0 0 0 0.388883173 0.388480216 0 0 0 0 0 1 0 0 0 0.0185185187 0.387761921 0.172655582 0.188666254 0.753300905 1 1
G584 0 0.00534707587 1.32184601 0 0.429962963 1.79027903 0 0.00916749611 0 0 0 0 0.00581607036 0.120020546 0 0.317649573 0.00650437735 0.56156379 0 0 0 0 0 0 0.630105674 0.278815776 0 0 0.257276803 0 0 0 0.00317862513 0 0 0 0 0 0.829456031 0 0.9628371 0 0.212810755 0 0 0 0 0 0 0 0 0 0 0.247607902 0 0.192030117 0 0 0 0 0 0 0.388883173 0.388480216 0 0 0 0 0 1 0 0 0 0.0185185187 0.387761921 0.172655582 0.188666254 0.753300905 1 1
G587 0 0.00534707587 1.32184601 0 0.429962963 1.79027903 0 0.00916749611 0 0 0 0 0.00581607036 0.120020546 0 0.317649573 0.00650437735 0.56156379 0 0 0 0 0 0 0.630105674 0.278815776 0 0 0.257276803 0 0 0 0.00317862513 0 0 0 0 0 0.829456031 0 0.9628371 0 0.212810755 0 0 0 0 0 0 0 0 0 0 0.247607902 0 0.192030117 0 0 0 0 0 0 0.388883173 0.388480216 0 0 0 0 0 1 0 0 0 0.0185185187 0.244650543 0.172655582 0.188666254 0.752295315 1 1
G588 0 0.00534707587 1.32184601 0 0.429962963 1.79027903 0 0.00916749611 0 0 0 0 0.00581607036 0.120020546 0 0.317649573 0.00650437735 0.56156379 0 0 0 0 0 0 0.630105674 0.278815776 0 0 0.257276803 0 0 0 0.00317862513 0 0 0 0 0 0.829456031 0 0.9628371 0 0.212810755 0 0 0 0 0 0 0 0 0 0 0.247607902 0 0.192030117 0 0 0 0 0 0 0.388883173 0.388480216 0 1 0 0 0 0 0 0 0 0.0185185187 0.244650543 0.172655582 0.238070309 0.752295315 1 1
G589 0 0.00534707587 1.32184601 0 0.429962963 1.79027903 0 0.00916749611 0 0 0 0 0.00581607036 0.120020546 0 0.317649573 0.00650437735 0.56156379 0 0 0 0 0 0 0.630105674 0.278815776 0 0 0.257276803 0 0 0 0.00317862513 0 0 0 0 0 0.829456031 0 0.9628371 0 0.212810755 0 0 0 0 0 0 0 0 0 0 0.247607902 0 0.192030117 0 0 0 0 0 0 0.388883173 0.388480216 0 0 1 0 0 0 0 0 0 0.0185185187 0.244650543 0.217867076 0.188666254 0.752295315 1 1
G590 0 0.00534707587 1.32184601 0 0.429962963 1.79027903 0 0.00916749611 0 0 0 0 0.00581607036 0.120020546 0 0.317649573 0.00650437735 0.56156379 0 0 0 0 0 0 0.630105674 0.278815776 0 0 0.257276803 0 0 0 0.00317862513 0 0 0 0 0 0.829456031 0 0.9628371 0 0.212810755 0 0 0 0 0 0 0 0 0 0 0.247607902 0 0.192030117 0 0 0 0 0 0 0.388883173 0.388480216 0 1 0 0 0 0 0 0 0 0.0185185187 0.387761921 0.172655582 0.238070309 0.75128293 1 1
G593 0 0.00534707587 1.32184601 0 0.429962963 1.79027903 0 0.00916749611 0 0 0 0 0.00581607036 0.120020546 0 0.317649573 0.00650437735 0.56156379 0 0 0 0 0 0 0.630105674 0.278815776 0 0 0.257276803 0 0 0 0.00317862513 0 0 0 0 0 0.829456031 0 0.9628371 0 0.212810755 0 0 0 0 0 0 0 0 0 0 0.247607902 0 0.192030117 0 0 0 0 0 0 0.388883173 0.388480216 0 0 0 0 0 1 0 0 0 0.0185185187 0.244650543 0.172655582 0.188666254 0.728277028 1 1
G594 0 0.00534707587 1.32184601 0 0.429962963 1.79027903 0 0.00916749611 0 0 0 0 0.00581607036 0.120020546 0 0.317649573 0.00650437735 0.56156379 0 0 0 0 0 0 0.630105674 0.278815776 0 0 0.257276803 0 0 0 0.00317862513 0 0 0 0 0 0.829456031 0 0.9628371 0 0.212810755 0 0 0 0 0 0 0 0 0 0 0.247607902 0 0.192030117 0 0 0 0 0 0 0.388883173 0.388480216 0 0 0 1 0 0 0 0 0 0.0185185187 1 0.217867076 0.188666254 0.676503181 1 1
G6 0 0.00534707587 1.32184601 0 0.429962963 1.79027903 0 0.00916749611 0 0 0 0 0.00581607036 0.120020546 0 0.317649573 0.00650437735 0.56156379 0 0 0 0 0 0 0.630105674 0.278815776 0 0 0.257276803 0 0 0 0.00317862513 0 0 0 0 0 0.829456031 0 0.9628371 0 0.212810755 0 0 0 0 0 0 0 0 0 0 0.247607902 0 0.192030117 0 0 0 0 0 0 0.388883173 0.388480216 1 0 0 0 0 0 0 0 0 0 0.568060994 0.108933538 0.119035155 0.683040798 1 1
G533 0 0.00534707587 1.32184601 0 0.429962963 1.79027903 0 0.00916749611 0 0 0 0 0.00581607036 0.120020546 0 0.317649573 0.00650437735 0.56156379 0 0 0 0 0 0 0.630105674 0.278815776 0 0 0.257276803 0 0 0 0.00317862513 0 0 0 0 0 0.829456031 0 0.9628371 0 0.212810755 0 0 0 0 0 0 0 0 0 0 0.247607902 0 0.192030117 0 0 0 0 0 0 0.388883173 0.388480216 0 0 0 1 0 0 0 0 0 0.0185185187 0.244650543 0.217867076 0.188666254 0.679807544 1 1
G534 0 0.00534707587 1.32184601 0 0.429962963 1.79027903 0 0.00916749611 0 0 0 0 0.00581607036 0.120020546 0 0.317649573 0.00650437735 0.56156379 0 0 0 0 0 0 0.630105674 0.278815776 0 0 0.257276803 0 0 0 0.00317862513 0 0 0 0 0 0.829456031 0 0.9628371 0 0.212810755 0 0 0 0 0 0 0 0 0 0 0.247607902 0 0.192030117 0 0 0 0 0 0 0.388883173 0.388480216 0 0 0 0 0 1 0 0 0 0.0185185187 0.387761921 0.172655582 0.188666254 0.699678302 1 1
G537 0 0.00534707587 1.32184601 0 0.429962963 1.79027903 0 0.00916749611 0 0 0 0 0.00581607036 0.120020546 0 0.317649573 0.00650437735 0.56156379 0 0 0 0 0 0 0.630105674 0.278815776 0 0 0.257276803 0 0 0 0.00317862513 0 0 0 0 0 0.829456031 0 0.9628371 0 0.212810755 0 0 0 0 0 0 0 0 0 0 0.247607902 0 0.192030117 0 0 0 0 0 0 0.388883173 0.388480216 0 0 0 0 0 1 0 0 0 0.0185185187 0.387761921 0.172655582 0.188666254 0.760158062 1 1
G611 0 0.00534707587 1.32184601 0 0.429962963 1.79027903 0 0.00916749611 0 0 0 0 0.00581607036 0.120020546 0 0.317649573 0.00650437735 0.56156379 0 0 0 0 0 0 0.630105674 0.278815776 0 0 0.257276803 0 0 0 0.00317862513 0 0 0 0 0 0.829456031 0 0.9628371 0 0.212810755 0 0 0 0 0 0 0 0 0 0 0.247607902 0 0.192030117 0 0 0 0 0 0 0.388883173 0.388480216 0 0 1 0 0 0 0 0 0 0.0185185187 0.244650543 0.217867076 0.188666254 0.684631705 1 1
G613 0 0.00534707587 1.32184601 0 0.429962963 1.79027903 0 0.00916749611 0 0 0 0 0.00581607036 0.120020546 0 0.317649573 0.00650437735 0.56156379 0 0 0 0 0 0 0.630105674 0.278815776 0 0 0.257276803 0 0 0 0.00317862513 0 0 0 0 0 0.829456031 0 0.9628371 0 0.212810755 0 0 0 0 0 0 0 0 0 0 0.247607902 0 0.192030117 0 0 0 0 0 0 0.388883173 0.388480216 0 0 0 0 0 1 0 0 0 0.0185185187 0.244650543 0.172655582 0.188666254 0.692343116 1 1
G614 0 0.00534707587 1.32184601 0 0.429962963 1.79027903 0 0.00916749611 0 0 0 0 0.00581607036 0.120020546 0 0.317649573 0.00650437735 0.56156379 0 0 0 0 0 0 0.630105674 0.278815776 0 0 0.257276803 0 0 0 0.00317862513 0 0 0 0 0 0.829456031 0 0.9628371 0 0.212810755 0 0 0 0 0 0 0 0 0 0 0.247607902 0 0.192030117 0 0 0 0 0 0 0.388883173 0.388480216 0 0 0 0 0 1 0 0 0 0.0185185187 0.244650543 0.172655582 0.188666254 0.709381044 1 1
G615 0 0.00534707587 1.32184601 0 0.429962963 1.79027903 0 0.00916749611 0 0 0 0 0.00581607036 0.120020546 0 0.317649573 0.00650437735 0.56156379 0 0 0 0 0 0 0.630105674 0.278815776 0 0 0.257276803 0 0 0 0.00317862513 0 0 0 0 0 0.829456031 0 0.9628371 0 0.212810755 0 0 0 0 0 0 0 0 0 0 0.247607902 0 0.192030117 0 0 0 0 0 0 0.388883173 0.388480216 0 0 0 0 0 1 0 0 0 0.0185185187 0.387761921 0.172655582 0.188666254 0.762061119 1 1
G618 0 0.00534707587 1.32184601 0 0.429962963 1.79027903 0 0.00916749611 0 0 0 0 0.00581607036 0.120020546 0 0.317649573 0.00650437735 0.56156379 0 0 0 0 0 0 0.630105674 0.278815776 0 0 0.257276803 0 0 0 0.00317862513 0 0 0 0 0 0.829456031 0 0.9628371 0 0.212810755 0 0 0 0 0 0 0 0 0 0 0.247607902 0 0.192030117 0 0 0 0 0 0 0.388883173 0.388480216 0 0 0 0 0 1 0 0 0 0.0185185187 0.387761921 0.172655582 0.188666254 0.715947151 1 1
G621 0 0.00534707587 1.32184601 0 0.429962963 1.79027903 0 0.00916749611 0 0 0 0 0.00581607036 0.120020546 0 0.317649573 0.00650437735 0.56156379 0 0 0 0 0 0 0.630105674 0.278815776 0 0 0.257276803 0 0 0 0.00317862513 0 0 0 0 0 0.829456031 0 0.9628371 0 0.212810755 0 0 0 0 0 0 0 0 0 0 0.247607902 0 0.192030117 0 0 0 0 0 0 0.388883173 0.388480216 0 0 0 0 0 1 0 0 0 0.0185185187 0.387761921 0.172655582 0.188666254 0.715947151 1 1
G624 0 0.00534707587 1.32184601 0 0.429962963 1.79027903 0 0.00916749611 0 0 0 0 0.00581607036 0.120020546 0 0.317649573 0.00650437735 0.56156379 0 0 0 0 0 0 0.630105674 0.278815776 0 0 0.257276803 0 0 0 0.00317862513 0 0 0 0 0 0.829456031 0 0.9628371 0 0.212810755 0 0 0 0 0 0 0 0 0 0 0.247607902 0 0.192030117 0 0 0 0 0 0 0.388883173 0.388480216 0 0 0 0 0 1 0 0 0 0.0185185187 0.387761921 0.172655582 0.188666254 0.714656651 1 1
G627 0 0.00534707587 1.32184601 0 0.429962963 1.79027903 0 0.00916749611 0 0 0 0 0.00581607036 0.120020546 0 0.317649573 0.00650437735 0.56156379 0 0 0 0 0 0 0.630105674 0.278815776 0 0 0.257276803 0 0 0 0.00317862513 0 0 0 0 0 0.829456031 0 0.9628371 0 0.212810755 0 0 0 0 0 0 0 0 0 0 0.247607902 0 0.192030117 0 0 0 0 0 0 0.388883173 0.388480216 0 0 0 0 0 1 0 0 0 0.0185185187 0.387761921 0.172655582 0.188666254 0.714656651 1 1
G630 0 0.00534707587 1.32184601 0 0.429962963 1.79027903 0 0.00916749611 0 0 0 0 0.00581607036 0.120020546 0 0.317649573 0.00650437735 0.56156379 0 0 0 0 0 0 0.630105674 0.278815776 0 0 0.257276803 0 0 0 0.00317862513 0 0 0 0 0 0.829456031 0 0.9628371 0 0.212810755 0 0 0 0 0 0 0 0 0 0 0.247607902 0 0.192030117 0 0 0 0 0 0 0.388883173 0.388480216 0 0 0 0 0 1 0 0 0 0.0185185187 0.387761921 0.172655582 0.188666254 0.714656651 1 1
G633 0 0.00534707587 1.32184601 0 0.429962963 1.79027903 0 0.00916749611 0 0 0 0 0.00581607036 0.120020546 0 0.317649573 0.00650437735 0.56156379 0 0 0 0 0 0 0.630105674 0.278815776 0 0 0.257276803 0 0 0 0.00317862513 0 0 0 0 0 0.829456031 0 0.9628371 0 0.212810755 0 0 0 0 0 0 0 0 0 0 0.247607902 0 0.192030117 0 0 0 0 0 0 0.388883173 0.388480216 0 0 0 0 0 1 0 0 0 0.0185185187 0.387761921 0.172655582 0.188666254 0.714656651 1 1
G636 0 0.00534707587 1.32184601 0 0.429962963 1.79027903 0 0.00916749611 0 0 0 0 0.00581607036 0.120020546 0 0.317649573 0.00650437735 0.56156379 0 0 0 0 0 0 0.630105674 0.278815776 0 0 0.257276803 0 0 0 0.00317862513 0 0 0 0 0 0.829456031 0 0.9628371 0 0.212810755 0 0 0 0 0 0 0 0 0 0 0.247607902 0 0.192030117 0 0 0 0 0 0 0.388883173 0.388480216 0 0 0 0 0 1 0 0 0 0.0185185187 0.387761921 0.172655582 0.188666254 0.713355005 1 1
G639 0 0.00534707587 1.32184601 0 0.429962963 1.79027903 0 0.00916749611 0 0 0 0 0.00581607036 0.120020546 0 0.317649573 0.00650437735 0.56156379 0 0 0 0 0 0 0.630105674 0.278815776 0 0 0.257276803 0 0 0 0.00317862513 0 0 0 0 0 0.829456031 0 0.9628371 0 0.212810755 0 0 0 0 0 0 0 0 0 0 0.247607902 0 0.192030117 0 0 0 0 0 0 0.388883173 0.388480216 0 0 0 0 0 1 0 0 0 0.0185185187 0.387761921 0.172655582 0.188666254 0.713355005 1 1
G642 0 0.00534707587 1.32184601 0 0.429962963 1.79027903 0 0.00916749611 0 0 0 0 0.00581607036 0.120020546 0 0.317649573 0.00650437735 0.56156379 0 0 0 0 0 0 0.630105674 0.278815776 0 0 0.257276803 0 0 0 0.00317862513 0 0 0 0 0 0.829456031 0 0.9628371 0 0.212810755 0 0 0 0 0 0 0 0 0 0 0.247607902 0 0.192030117 0 0 0 0 0 0 0.388883173 0.388480216 0 0 0 0 0 1 0 0 0 0.0185185187 0.387761921 0.172655582 0.188666254 0.713355005 1 1
G645 0 0.00534707587 1.32184601 0 0.429962963 1.79027903 0 0.00916749611 0 0 0 0 0.00581607036 0.120020546 0 0.317649573 0.00650437735 0.56156379 0 0 0 0 0 0 0.630105674 0.278815776 0 0 0.257276803 0 0 0 0.00317862513 0 0 0 0 0 0.829456031 0 0.9628371 0 0.212810755 0 0 0 0 0 0 0 0 0 0 0.247607902 0 0.192030117 0 0 0 0 0 0 0.388883173 0.388480216 0 0 0 0 0 1 0 0 0 0.0185185187 0.387761921 0.172655582 0.188666254 0.713355005 1 1
G657 0 0.00534707587 1.32184601 0 0.429962963 1.79027903 0 0.00916749611 0 0 0 0 0.00581607036 0.120020546 0 0.317649573 0.00650437735 0.56156379 0 0 0 0 0 0 0.630105674 0.278815776 0 0 0.257276803 0 0 0 0.00317862513 0 0 0 0 0 0.829456031 0 0.9628371 0 0.212810755 0 0 0 0 0 0 0 0 0 0 0.247607902 0 0.192030117 0 0 0 0 0 0 0.388883173 0.388480216 0 0 0 0 0 1 0 0 0 0.0185185187 0.387761921 0.172655582 0.188666254 0.60246408 1 1
G660 0 0.00534707587 1.32184601 0 0.429962963 1.79027903 0 0.00916749611 0 0 0 0 0.00581607036 0.120020546 0 0.317649573 0.00650437735 0.56156379 0 0 0 0 0 0 0.630105674 0.278815776 0 0 0.257276803 0 0 0 0.00317862513 0 0 0 0 0 0.829456031 0 0.9628371 0 0.212810755 0 0 0 0 0 0 0 0 0 0 0.247607902 0 0.192030117 0 0 0 0 0 0 0.388883173 0.388480216 0 0 0 0 0 1 0 0 0 0.0185185187 0.387761921 0.172655582 0.188666254 0.742928505 1 1
G663 0 0.00534707587 1.32184601 0 0.429962963 1.79027903 0 0.00916749611 0 0 0 0 0.00581607036 0.120020546 0 0.317649573 0.00650437735 0.56156379 0 0 0 0 0 0 0.630105674 0.278815776 0 0 0.257276803 0 0 0 0.00317862513 0 0 0 0 0 0.829456031 0 0.9628371 0 0.212810755 0 0 0 0 0 0 0 0 0 0 0.247607902 0 0.192030117 0 0 0 0 0 0 0.388883173 0.388480216 0 0 0 0 0 1 0 0 0 0.0185185187 0.387761921 0.172655582 0.188666254 0.70391351 1 1
G666 0 0.00534707587 1.32184601 0 0.429962963 1.79027903 0 0.00916749611 0 0 0 0 0.00581607036 0.120020546 0 0.317649573 0.00650437735 0.56156379 0 0 0 0 0 0 0.630105674 0.278815776 0 0 0.257276803 0 0 0 0.00317862513 0 0 0 0 0 0.829456031 0 0.9628371 0 0.212810755 0 0 0 0 0 0 0 0 0 0 0.247607902 0 0.192030117 0 0 0 0 0 0 0.388883173 0.388480216 0 1 0 0 0 0 0 0 0 0.0370370373 0.244650543 0.172655582 0.276391089 0.572295189 1 1
G667 0 0.00534707587 1.32184601 0 0.429962963 1.79027903 0 0.00916749611 0 0 0 0 0.00581607036 0.120020546 0 0.317649573 0.00650437735 0.56156379 0 0 0 0 0 0 0.630105674 0.278815776 0 0 0.257276803 0 0 0 0.00317862513 0 0 0 0 0 0.829456031 0 0.9628371 0 0.212810755 0 0 0 0 0 0 0 0 0 0 0.247607902 0 0.192030117 0 0 0 0 0 0 0.388883173 0.388480216 0 0 0 1 0 0 0 0 0 0.0370370373 1 0.252935857 0.188666254 0.692343116 1 1
G684 0 0.00534707587 1.32184601 0 0.429962963 1.79027903 0 0.00916749611 0 0 0 0 0.00581607036 0.120020546 0 0.317649573 0.00650437735 0.56156379 0 0 0 0 0 0 0.630105674 0.278815776 0 0 0.257276803 0 0 0 0.00317862513 0 0 0 0 0 0.829456031 0 0.9628371 0 0.212810755 0 0 0 0 0 0 0 0 0 0 0.247607902 0 0.192030117 0 0 0 0 0 0 0.388883173 0.388480216 0 0 0 1 0 0 0 0 0 0.0370370373 0.244650543 0.252935857 0.188666254 0.725890636 1 1
G685 0 0.00534707587 1.32184601 0 0.429962963 1.79027903 0 0.00916749611 0 0 0 0 0.00581607036 0.120020546 0 0.317649573 0.00650437735 0.56156379 0 0 0 0 0 0 0.630105674 0.278815776 0 0 0.257276803 0 0 0 0.00317862513 0 0 0 0 0 0.829456031 0 0.9628371 0 0.212810755 0 0 0 0 0 0 0 0 0 0 0.247607902 0 0.192030117 0 0 0 0 0 0 0.388883173 0.388480216 0 0 0 0 0 1 0 0 0 0.0370370373 0.244650543 0.252935857 0.238070309 0.678164423 1 1
G686 0 0.00534707587 1.32184601 0 0.429962963 1.79027903 0 0.00916749611 0 0 0 0 0.00581607036 0.120020546 0 0.317649573 0.00650437735 0.56156379 0 0 0 0 0 0 0.630105674 0.278815776 0 0 0.257276803 0 0 0 0.00317862513 0 0 0 0 0 0.829456031 0 0.9628371 0 0.212810755 0 0 0 0 0 0 0 0 0 0 0.247607902 0 0.192030117 0 0 0 0 0 0 0.388883173 0.388480216 0 0 0 1 0 0 0 0 0 0.0370370373 0.568060994 0.252935857 0.188666254 0.689305842 1 1
G7 0 0.00534707587 1.32184601 0 0.429962963 1.79027903 0 0.00916749611 0 0 0 0 0.00581607036 0.120020546 0 0.317649573 0.00650437735 0.56156379 0 0 0 0 0 0 0.630105674 0.278815776 0 0 0.257276803 0 0 0 0.00317862513 0 0 0 0 0 0.829456031 0 0.9628371 0 0.212810755 0 0 0 0 0 0 0 0 0 0 0.247607902 0 0.192030117 0 0 0 0 0 0 0.388883173 0.388480216 1 0 0 0 0 0 0 0 0 0 0.733951628 0.108933538 0.119035155 0.373581856 1 1
G353 0 0.00534707587 1.32184601 0 0.429962963 1.79027903 0 0.00916749611 0 0 0 0 0.00581607036 0.120020546 0 0.317649573 0.00650437735 0.56156379 0 0 0 0 0 0 0.630105674 0.278815776 0 0 0.257276803 0 0 0 0.00317862513 0 0 0 0 0 0.829456031 0 0.9628371 0 0.212810755 0 0 0 0 0 0 0 0 0 0 0.247607902 0 0.192030117 0 0 0 0 0 0 0.388883173 0.388480216 0 0 0 0 0 1 0 0 0 0.0185185187 0.812711537 0.172655582 0.188666254 0.55078131 1 1
G363 0 0.00534707587 1.32184601 0 0.429962963 1.79027903 0 0.00916749611 0 0 0 0 0.00581607036 0.120020546 0 0.317649573 0.00650437735 0.56156379 0 0 0 0 0 0 0.630105674 0.278815776 0 0 0.257276803 0 0 0 0.00317862513 0 0 0 0 0 0.829456031 0 0.9628371 0 0.212810755 0 0 0 0 0 0 0 0 0 0 0.247607902 0 0.192030117 0 0 0 0 0 0 0.388883173 0.388480216 0 0 0 0 0 1 0 0 0 0.0185185187 0.568060994 0.172655582 0.188666254 0.578832746 1 1
G540 0 0.00534707587 1.32184601 0 0.429962963 1.79027903 0 0.00916749611 0 0 0 0 0.00581607036 0.120020546 0 0.317649573 0.00650437735 0.56156379 0 0 0 0 0 0 0.630105674 0.278815776 0 0 0.257276803 0 0 0 0.00317862513 0 0 0 0 0 0.829456031 0 0.9628371 0 0.212810755 0 0 0 0 0 0 0 0 0 0 0.247607902 0 0.192030117 0 0 0 0 0 0 0.388883173 0.388480216 0 0 0 0 0 1 0 0 0 0.0185185187 0.387761921 0.172655582 0.188666254 0.360500544 1 1
G648 0 0.00534707587 1.32184601 0 0.429962963 1.79027903 0 0.00916749611 0 0 0 0 0.00581607036 0.120020546 0 0.317649573 0.00650437735 0.56156379 0 0 0 0 0 0 0.630105674 0.278815776 0 0 0.257276803 0 0 0 0.00317862513 0 0 0 0 0 0.829456031 0 0.9628371 0 0.212810755 0 0 0 0 0 0 0 0 0 0 0.247607902 0 0.192030117 0 0 0 0 0 0 0.388883173 0.388480216 0 0 0 0 0 1 0 0 0 0.0185185187 0.387761921 0.172655582 0.188666254 0.730626166 1 1
G708 0 0.00534707587 1.32184601 0 0.429962963 1.79027903 0 0.00916749611 0 0 0 0 0.00581607036 0.120020546 0 0.317649573 0.00650437735 0.56156379 0 0 0 0 0 0 0.630105674 0.278815776 0 0 0.257276803 0 0 0 0.00317862513 0 0 0 0 0 0.829456031 0 0.9628371 0 0.212810755 0 0 0 0 0 0 0 0 0 0 0.247607902 0 0.192030117 0 0 0 0 0 0 0.388883173 0.388480216 0 0 0 1 0 0 0 0 0 0.0370370373 0.568060994 0.252935857 0.188666254 0.706672132 1 1
G714 0 0.00534707587 1.32184601 0 0.429962963 1.79027903 0 0.00916749611 0 0 0 0 0.00581607036 0.120020546 0 0.317649573 0.00650437735 0.56156379 0 0 0 0 0 0 0.630105674 0.278815776 0 0 0.257276803 0 0 0 0.00317862513 0 0 0 0 0 0.829456031 0 0.9628371 0 0.212810755 0 0 0 0 0 0 0 0 0 0 0.247607902 0 0.192030117 0 0 0 0 0 0 0.388883173 0.388480216 0 0 1 0 0 0 0 0 0 0.0370370373 0.244650543 0.252935857 0.188666254 0.607833982 1 1
G717 0 0.00534707587 1.32184601 0 0.429962963 1.79027903 0 0.00916749611 0 0 0 0 0.00581607036 0.120020546 0 0.317649573 0.00650437735 0.56156379 0 0 0 0 0 0 0.630105674 0.278815776 0 0 0.257276803 0 0 0 0.00317862513 0 0 0 0 0 0.829456031 0 0.9628371 0 0.212810755 0 0 0 0 0 0 0 0 0 0 0.247607902 0 0.192030117 0 0 0 0 0 0 0.388883173 0.388480216 0 0 1 0 0 0 0 0 0 0.0370370373 0.244650543 0.252935857 0.188666254 0.607833982 1 1
G718 0 0.00534707587 1.32184601 0 0.429962963 1.79027903 0 0.00916749611 0 0 0 0 0.00581607036 0.120020546 0 0.317649573 0.00650437735 0.56156379 0 0 0 0 0 0 0.630105674 0.278815776 0 0 0.257276803 0 0 0 0.00317862513 0 0 0 0 0 0.829456031 0 0.9628371 0 0.212810755 0 0 0 0 0 0 0 0 0 0 0.247607902 0 0.192030117 0 0 0 0 0 0 0.388883173 0.388480216 0 0 1 0 0 0 0 0 0 0.0370370373 0.244650543 0.252935857 0.188666254 0.607833982 1 1
G719 0 0.00534707587 1.32184601 0 0.429962963 1.79027903 0 0.00916749611 0 0 0 0 0.00581607036 0.120020546 0 0.317649573 0.00650437735 0.56156379 0 0 0 0 0 0 0.630105674 0.278815776 0 0 0.257276803 0 0 0 0.00317862513 0 0 0 0 0 0.829456031 0 0.9628371 0 0.212810755 0 0 0 0 0 0 0 0 0 0 0.247607902 0 0.192030117 0 0 0 0 0 0 0.388883173 0.388480216 0 0 1 0 0 0 0 0 0 0.0370370373 0.244650543 0.252935857 0.188666254 0.607833982 1 1
G720 0 0.00534707587 1.32184601 0 0.429962963 1.79027903 0 0.00916749611 0 0 0 0 0.00581607036 0.120020546 0 0.317649573 0.00650437735 0.56156379 0 0 0 0 0 0 0.630105674 0.278815776 0 0 0.257276803 0 0 0 0.00317862513 0 0 0 0 0 0.829456031 0 0.9628371 0 0.212810755 0 0 0 0 0 0 0 0 0 0 0.247607902 0 0.192030117 0 0 0 0 0 0 0.388883173 0.388480216 0 0 1 0 0 0 0 0 0 0.0370370373 0.244650543 0.252935857 0.188666254 0.607833982 1 1
G721 0 0.00534707587 1.32184601 0 0.429962963 1.79027903 0 0.00916749611 0 0 0 0 0.00581607036 0.120020546 0 0.317649573 0.00650437735 0.56156379 0 0 0 0 0 0 0.630105674 0.278815776 0 0 0.257276803 0 0 0 0.00317862513 0 0 0 0 0 0.829456031 0 0.9628371 0 0.212810755 0 0 0 0 0 0 0 0 0 0 0.247607902 0 0.192030117 0 0 0 0 0 0 0.388883173 0.388480216 0 0 1 0 0 0 0 0 0 0.0370370373 0.244650543 0.252935857 0.188666254 0.607833982 1 1
G722 0 0.00534707587 1.32184601 0 0.429962963 1.79027903 0 0.00916749611 0 0 0 0 0.00581607036 0.120020546 0 0.317649573 0.00650437735 0.56156379 0 0 0 0 0 0 0.630105674 0.278815776 0 0 0.257276803 0 0 0 0.00317862513 0 0 0 0 0 0.829456031 0 0.9628371 0 0.212810755 0 0 0 0 0 0 0 0 0 0 0.247607902 0 0.192030117 0 0 0 0 0 0 0.388883173 0.388480216 0 0 0 0 0 1 0 0 0 0.0370370373 0.244650543 0.217867076 0.238070309 0.713355005 1 1
G723 0 0.00534707587 1.32184601 0 0.429962963 1.79027903 0 0.00916749611 0 0 0 0 0.00581607036 0.120020546 0 0.317649573 0.00650437735 0.56156379 0 0 0 0 0 0 0.630105674 0.278815776 0 0 0.257276803 0 0 0 0.00317862513 0 0 0 0 0 0.829456031 0 0.9628371 0 0.212810755 0 0 0 0 0 0 0 0 0 0 0.247607902 0 0.192030117 0 0 0 0 0 0 0.388883173 0.388480216 0 0 0 0 0 1 0 0 0 0.0370370373 0.244650543 0.217867076 0.238070309 0.713355005 1 1
G724 0 0.00534707587 1.32184601 0 0.429962963 1.79027903 0 0.00916749611 0 0 0 0 0.00581607036 0.120020546 0 0.317649573 0.00650437735 0.56156379 0 0 0 0 0 0 0.630105674 0.278815776 0 0 0.257276803 0 0 0 0.00317862513 0 0 0 0 0 0.829456031 0 0.9628371 0 0.212810755 0 0 0 0 0 0 0 0 0 0 0.247607902 0 0.192030117 0 0 0 0 0 0 0.388883173 0.388480216 0 0 0 0 0 1 0 0 0 0.0370370373 0.244650543 0.217867076 0.238070309 0.713355005 1 1
G725 0 0.00534707587 1.32184601 0 0.429962963 1.79027903 0 0.00916749611 0 0 0 0 0.00581607036 0.120020546 0 0.317649573 0.00650437735 0.56156379 0 0 0 0 0 0 0.630105674 0.278815776 0 0 0.257276803 0 0 0 0.00317862513 0 0 0 0 0 0.829456031 0 0.9628371 0 0.212810755 0 0 0 0 0 0 0 0 0 0 0.247607902 0 0.192030117 0 0 0 0 0 0 0.388883173 0.388480216 0 0 0 0 0 1 0 0 0 0.0370370373 0.244650543 0.217867076 0.238070309 0.713355005 1 1
G727 0 0.00534707587 1.32184601 0 0.429962963 1.79027903 0 0.00916749611 0 0 0 0 0.00581607036 0.120020546 0 0.317649573 0.00650437735 0.56156379 0 0 0 0 0 0 0.630105674 0.278815776 0 0 0.257276803 0 0 0 0.00317862513 0 0 0 0 0 0.829456031 0 0.9628371 0 0.212810755 0 0 0 0 0 0 0 0 0 0 0.247607902 0 0.192030117 0 0 0 0 0 0 0.388883173 0.388480216 0 0 1 0 0 0 0 0 0 0.0370370373 0.387761921 0.281589121 0.238070309 0.20841606 1 1
G1004 0 0.00534707587 1.32184601 0 0.429962963 1.79027903 0 0.00916749611 0 0 0 0 0.00581607036 0.120020546 0 0.317649573 0.00650437735 0.56156379 0 0 0 0 0 0 0.630105674 0.278815776 0 0 0.257276803 0 0 0 0.00317862513 0 0 0 0 0 0.829456031 0 0.9628371 0 0.212810755 0 0 0 0 0 0 0 0 0 0 0.247607902 0 0.192030117 0 0 0 0 0 0 0.388883173 0.388480216 0 1 0 0 0 0 0 0 0 0.055555556 0.244650543 0.172655582 0.307701409 0.10420803 1 1
G1022 0 0.00534707587 1.32184601 0 0.429962963 1.79027903 0 0.00916749611 0 0 0 0 0.00581607036 0.120020546 0 0.317649573 0.00650437735 0.56156379 0 0 0 0 0 0 0.630105674 0.278815776 0 0 0.257276803 0 0 0 0.00317862513 0 0 0 0 0 0.829456031 0 0.9628371 0 0.212810755 0 0 0 0 0 0 0 0 0 0 0.247607902 0 0.192030117 0 0 0 0 0 0 0.388883173 0.388480216 0 0 1 0 0 0 0 0 0 0.055555556 0.244650543 0.281589121 0.188666254 0.746116042 1 1
G3520 0 0.00534707587 1.32184601 0 0.429962963 1.79027903 0 0.00916749611 0 0 0 0 0.00581607036 0.120020546 0 0.317649573 0.00650437735 0.56156379 0 0 0 0 0 0 0.630105674 0.278815776 0 0 0.257276803 0 0 0 0.00317862513 0 0 0 0 0 0.829456031 0 0.9628371 0 0.212810755 0 0 0 0 0 0 0 0 0 0 0.247607902 0 0.192030117 0 0 0 0 0 0 0.388883173 0.388480216 0 0 0 0 0 1 0 0 0 0.0740740746 0 0.305815101 0.238070309 0 1 1
G731 0 0.00534707587 1.32184601 0 0.429962963 1.79027903 0 0.00916749611 0 0 0 0 0.00581607036 0.120020546 0 0.317649573 0.00650437735 0.56156379 0 0 0 0 0 0 0.630105674 0.278815776 0 0 0.257276803 0 0 0 0.00317862513 0 0 0 0 0 0.829456031 0 0.9628371 0 0.212810755 0 0 0 0 0 0 0 0 0 0 0.247607902 0 0.192030117 0 0 0 0 0 0 0.388883173 0.388480216 0 0 0 0 0 1 0 0 0 0.0370370373 0.387761921 0.217867076 0.238070309 0.575599492 1 1
G1016 0 0.00534707587 1.32184601 0 0.429962963 1.79027903 0 0.00916749611 0 0 0 0 0.00581607036 0.120020546 0 0.317649573 0.00650437735 0.56156379 0 0 0 0 0 0 0.630105674 0.278815776 0 0 0.257276803 0 0 0 0.00317862513 0 0 0 0 0 0.829456031 0 0.9628371 0 0.212810755 0 0 0 0 0 0 0 0 0 0 0.247607902 0 0.192030117 0 0 0 0 0 0 0.388883173 0.388480216 0 0 0 0 0 1 0 0 0 0.055555556 0.244650543 0.252935857 0.276391089 0.599705458 1 1
G735 0 0.00534707587 1.32184601 0 0.429962963 1.79027903 0 0.00916749611 0 0 0 0 0.00581607036 0.120020546 0 0.317649573 0.00650437735 0.56156379 0 0 0 0 0 0 0.630105674 0.278815776 0 0 0.257276803 0 0 0 0.00317862513 0 0 0 0 0 0.829456031 0 0.9628371 0 0.212810755 0 0 0 0 0 0 0 0 0 0 0.247607902 0 0.192030117 0 0 0 0 0 0 0.388883173 0.388480216 0 0 0 0 0 1 0 0 0 0.0370370373 0.244650543 0.217867076 0.238070309 0.599705458 1 1
G736 0 0.00534707587 1.32184601 0 0.429962963 1.79027903 0 0.00916749611 0 0 0 0 0.00581607036 0.120020546 0 0.317649573 0.00650437735 0.56156379 0 0 0 0 0 0 0.630105674 0.278815776 0 0 0.257276803 0 0 0 0.00317862513 0 0 0 0 0 0.829456031 0 0.9628371 0 0.212810755 0 0 0 0 0 0 0 0 0 0 0.247607902 0 0.192030117 0 0 0 0 0 0 0.388883173 0.388480216 0 0 0 0 0 1 0 0 0 0.0370370373 0.387761921 0.217867076 0.238070309 0.779873669 1 1
G1023 0 0.00534707587 1.32184601 0 0.429962963 1.79027903 0 0.00916749611 0 0 0 0 0.00581607036 0.120020546 0 0.317649573 0.00650437735 0.56156379 0 0 0 0 0 0 0.630105674 0.278815776 0 0 0.257276803 0 0 0 0.00317862513 0 0 0 0 0 0.829456031 0 0.9628371 0 0.212810755 0 0 0 0 0 0 0 0 0 0 0.247607902 0 0.192030117 0 0 0 0 0 0 0.388883173 0.388480216 0 0 0 0 0 1 0 0 0 0.055555556 0.244650543 0.252935857 0.276391089 0.779031456 1 1
G739 0 0.00534707587 1.32184601 0 0.429962963 1.79027903 0 0.00916749611 0 0 0 0 0.00581607036 0.120020546 0 0.317649573 0.00650437735 0.56156379 0 0 0 0 0 0 0.630105674 0.278815776 0 0 0.257276803 0 0 0 0.00317862513 0 0 0 0 0 0.829456031 0 0.9628371 0 0.212810755 0 0 0 0 0 0 0 0 0 0 0.247607902 0 0.192030117 0 0 0 0 0 0 0.388883173 0.388480216 0 0 0 0 0 1 0 0 0 0.0370370373 0.387761921 0.217867076 0.238070309 0.759197414 1 1
G1024 0 0.00534707587 1.32184601 0 0.429962963 1.79027903 0 0.00916749611 0 0 0 0 0.00581607036 0.120020546 0 0.317649573 0.00650437735 0.56156379 0 0 0 0 0 0 0.630105674 0.278815776 0 0 0.257276803 0 0 0 0.00317862513 0 0 0 0 0 0.829456031 0 0.9628371 0 0.212810755 0 0 0 0 0 0 0 0 0 0 0.247607902 0 0.192030117 0 0 0 0 0 0 0.388883173 0.388480216 0 0 0 0 0 1 0 0 0 0.055555556 0.244650543 0.252935857 0.276391089 0.771231055 1 1
G742 0 0.00534707587 1.32184601 0 0.429962963 1.79027903 0 0.00916749611 0 0 0 0 0.00581607036 0.120020546 0 0.317649573 0.00650437735 0.56156379 0 0 0 0 0 0 0.630105674 0.278815776 0 0 0.257276803 0 0 0 0.00317862513 0 0 0 0 0 0.829456031 0 0.9628371 0 0.212810755 0 0 0 0 0 0 0 0 0 0 0.247607902 0 0.192030117 0 0 0 0 0 0 0.388883173 0.388480216 0 0 0 0 0 1 0 0 0 0.0370370373 0.387761921 0.217867076 0.238070309 0.575599492 1 1
G745 0 0.00534707587 1.32184601 0 0.429962963 1.79027903 0 0.00916749611 0 0 0 0 0.00581607036 0.120020546 0 0.317649573 0.00650437735 0.56156379 0 0 0 0 0 0 0.630105674 0.278815776 0 0 0.257276803 0 0 0 0.00317862513 0 0 0 0 0 0.829456031 0 0.9628371 0 0.212810755 0 0 0 0 0 0 0 0 0 0 0.247607902 0 0.192030117 0 0 0 0 0 0 0.388883173 0.388480216 0 0 0 0 0 1 0 0 0 0.0370370373 0.489301085 0.217867076 0.238070309 0.728277028 1 1
G1104 0 0.00534707587 1.32184601 0 0.429962963 1.79027903 0 0.00916749611 0 0 0 0 0.00581607036 0.120020546 0 0.317649573 0.00650437735 0.56156379 0 0 0 0 0 0 0.630105674 0.278815776 0 0 0.257276803 0 0 0 0.00317862513 0 0 0 0 0 0.829456031 0 0.9628371 0 0.212810755 0 0 0 0 0 0 0 0 0 0 0.247607902 0 0.192030117 0 0 0 0 0 0 0.388883173 0.388480216 0 0 1 0 0 0 0 0 0 0.055555556 0.775523841 0.305815101 0.238070309 0.724683046 1 1
G1399 0 0.00534707587 1.32184601 0 0.429962963 1.79027903 0 0.00916749611 0 0 0 0 0.00581607036 0.120020546 0 0.317649573 0.00650437735 0.56156379 0 0 0 0 0 0 0.630105674 0.278815776 0 0 0.257276803 0 0 0 0.00317862513 0 0 0 0 0 0.829456031 0 0.9628371 0 0.212810755 0 0 0 0 0 0 0 0 0 0 0.247607902 0 0.192030117 0 0 0 0 0 0 0.388883173 0.388480216 0 0 0 0 0 1 0 0 0 0.0740740746 0.244650543 0.252935857 0.357105464 0.74506104 1 1
G1400 0 0.00534707587 1.32184601 0 0.429962963 1.79027903 0 0.00916749611 0 0 0 0 0.00581607036 0.120020546 0 0.317649573 0.00650437735 0.56156379 0 0 0 0 0 0 0.630105674 0.278815776 0 0 0.257276803 0 0 0 0.00317862513 0 0 0 0 0 0.829456031 0 0.9628371 0 0.212810755 0 0 0 0 0 0 0 0 0 0 0.247607902 0 0.192030117 0 0 0 0 0 0 0.388883173 0.388480216 0 0 0 0 0 1 0 0 0 0.0740740746 0.244650543 0.252935857 0.357105464 0.742928505 1 1
G1401 0 0.00534707587 1.32184601 0 0.429962963 1.79027903 0 0.00916749611 0 0 0 0 0.00581607036 0.120020546 0 0.317649573 0.00650437735 0.56156379 0 0 0 0 0 0 0.630105674 0.278815776 0 0 0.257276803 0 0 0 0.00317862513 0 0 0 0 0 0.829456031 0 0.9628371 0 0.212810755 0 0 0 0 0 0 0 0 0 0 0.247607902 0 0.192030117 0 0 0 0 0 0 0.388883173 0.388480216 0 0 0 0 0 1 0 0 0 0.0740740746 0.244650543 0.252935857 0.357105464 0.74506104 1 1
G1402 0 0.00534707587 1.32184601 0 0.429962963 1.79027903 0 0.00916749611 0 0 0 0 0.00581607036 0.120020546 0 0.317649573 0.00650437735 0.56156379 0 0 0 0 0 0 0.630105674 0.278815776 0 0 0.257276803 0 0 0 0.00317862513 0 0 0 0 0 0.829456031 0 0.9628371 0 0.212810755 0 0 0 0 0 0 0 0 0 0 0.247607902 0 0.192030117 0 0 0 0 0 0 0.388883173 0.388480216 0 0 0 0 0 1 0 0 0 0.0740740746 0.244650543 0.252935857 0.357105464 0.74506104 1 1
G749 0 0.00534707587 1.32184601 0 0.429962963 1.79027903 0 0.00916749611 0 0 0 0 0.00581607036 0.120020546 0 0.317649573 0.00650437735 0.56156379 0 0 0 0 0 0 0.630105674 0.278815776 0 0 0.257276803 0 0 0 0.00317862513 0 0 0 0 0 0.829456031 0 0.9628371 0 0.212810755 0 0 0 0 0 0 0 0 0 0 0.247607902 0 0.192030117 0 0 0 0 0 0 0.388883173 0.388480216 0 0 0 0 0 1 0 0 0 0.0370370373 0.489301085 0.217867076 0.238070309 0.575599492 1 1
G1086 0 0.00534707587 1.32184601 0 0.429962963 1.79027903 0 0.00916749611 0 0 0 0 0.00581607036 0.120020546 0 0.317649573 0.00650437735 0.56156379 0 0 0 0 0 0 0.630105674 0.278815776 0 0 0.257276803 0 0 0 0.00317862513 0 0 0 0 0 0.829456031 0 0.9628371 0 0.212810755 0 0 0 0 0 0 0 0 0 0 0.247607902 0 0.192030117 0 0 0 0 0 0 0.388883173 0.388480216 0 0 1 0 0 0 0 0 0 0.055555556 0.387761921 0.326800615 0.276391089 0.730626166 1 1
G1089 0 0.00534707587 1.32184601 0 0.429962963 1.79027903 0 0.00916749611 0 0 0 0 0.00581607036 0.120020546 0 0.317649573 0.00650437735 0.56156379 0 0 0 0 0 0 0.630105674 0.278815776 0 0 0.257276803 0 0 0 0.00317862513 0 0 0 0 0 0.829456031 0 0.9628371 0 0.212810755 0 0 0 0 0 0 0 0 0 0 0.247607902 0 0.192030117 0 0 0 0 0 0 0.388883173 0.388480216 0 0 1 0 0 0 0 0 0 0.055555556 0.387761921 0.305815101 0.238070309 0.731787086 1 1
G1378 0 0.00534707587 1.32184601 0 0.429962963 1.79027903 0 0.00916749611 0 0 0 0 0.00581607036 0.120020546 0 0.317649573 0.00650437735 0.56156379 0 0 0 0 0 0 0.630105674 0.278815776 0 0 0.257276803 0 0 0 0.00317862513 0 0 0 0 0 0.829456031 0 0.9628371 0 0.212810755 0 0 0 0 0 0 0 0 0 0 0.247607902 0 0.192030117 0 0 0 0 0 0 0.388883173 0.388480216 0 0 0 0 0 1 0 0 0 0.0740740746 0.244650543 0.281589121 0.377332509 0.746116042 1 1
G1379 0 0.00534707587 1.32184601 0 0.429962963 1.79027903 0 0.00916749611 0 0 0 0 0.00581607036 0.120020546 0 0.317649573 0.00650437735 0.56156379 0 0 0 0 0 0 0.630105674 0.278815776 0 0 0.257276803 0 0 0 0.00317862513 0 0 0 0 0 0.829456031 0 0.9628371 0 0.212810755 0 0 0 0 0 0 0 0 0 0 0.247607902 0 0.192030117 0 0 0 0 0 0 0.388883173 0.388480216 0 0 0 0 0 1 0 0 0 0.0740740746 0.244650543 0.252935857 0.357105464 0.754299879 1 1
G1380 0 0.00534707587 1.32184601 0 0.429962963 1.79027903 0 0.00916749611 0 0 0 0 0.00581607036 0.120020546 0 0.317649573 0.00650437735 0.56156379 0 0 0 0 0 0 0.630105674 0.278815776 0 0 0.257276803 0 0 0 0.00317862513 0 0 0 0 0 0.829456031 0 0.9628371 0 0.212810755 0 0 0 0 0 0 0 0 0 0 0.247607902 0 0.192030117 0 0 0 0 0 0 0.388883173 0.388480216 0 1 0 0 0 0 0 0 0 0.0740740746 0.244650543 0.326800615 0.377332509 0.725890636 1 1
G1485 0 0.00534707587 1.32184601 0 0.429962963 1.79027903 0 0.00916749611 0 0 0 0 0.00581607036 0.120020546 0 0.317649573 0.00650437735 0.56156379 0 0 0 0 0 0 0.630105674 0.278815776 0 0 0.257276803 0 0 0 0.00317862513 0 0 0 0 0 0.829456031 0 0.9628371 0 0.212810755 0 0 0 0 0 0 0 0 0 0 0.247607902 0 0.192030117 0 0 0 0 0 0 0.388883173 0.388480216 0 1 0 0 0 0 0 0 0 0.0925925896 0.244650543 0.217867076 0.426736563 0.722238481 1 1
G753 0 0.00534707587 1.32184601 0 0.429962963 1.79027903 0 0.00916749611 0 0 0 0 0.00581607036 0.120020546 0 0.317649573 0.00650437735 0.56156379 0 0 0 0 0 0 0.630105674 0.278815776 0 0 0.257276803 0 0 0 0.00317862513 0 0 0 0 0 0.829456031 0 0.9628371 0 0.212810755 0 0 0 0 0 0 0 0 0 0 0.247607902 0 0.192030117 0 0 0 0 0 0 0.388883173 0.388480216 0 1 0 0 0 0 0 0 0 0.0370370373 0.775523841 0.217867076 0.307701409 0.674823403 1 1
G1140 0 0.00534707587 1.32184601 0 0.429962963 1.79027903 0 0.00916749611 0 0 0 0 0.00581607036 0.120020546 0 0.317649573 0.00650437735 0.56156379 0 0 0 0 0 0 0.630105674 0.278815776 0 0 0.257276803 0 0 0 0.00317862513 0 0 0 0 0 0.829456031 0 0.9628371 0 0.212810755 0 0 0 0 0 0 0 0 0 0 0.247607902 0 0.192030117 0 0 0 0 0 0 0.388883173 0.388480216 0 0 0 0 0 1 0 0 0 0.055555556 0.244650543 0.305815101 0.276391089 0.674823403 1 1
G1145 0 0.00534707587 1.32184601 0 0.429962963 1.79027903 0 0.00916749611 0 0 0 0 0.00581607036 0.120020546 0 0.317649573 0.00650437735 0.56156379 0 0 0 0 0 0 0.630105674 0.278815776 0 0 0.257276803 0 0 0 0.00317862513 0 0 0 0 0 0.829456031 0 0.9628371 0 0.212810755 0 0 0 0 0 0 0 0 0 0 0.247607902 0 0.192030117 0 0 0 0 0 0 0.388883173 0.388480216 0 0 0 0 0 1 0 0 0 0.055555556 0.244650543 0.305815101 0.276391089 0.70391351 1 1
G1150 0 0.00534707587 1.32184601 0 0.429962963 1.79027903 0 0.00916749611 0 0 0 0 0.00581607036 0.120020546 0 0.317649573 0.00650437735 0.56156379 0 0 0 0 0 0 0.630105674 0.278815776 0 0 0.257276803 0 0 0 0.00317862513 0 0 0 0 0 0.829456031 0 0.9628371 0 0.212810755 0 0 0 0 0 0 0 0 0 0 0.247607902 0 0.192030117 0 0 0 0 0 0 0.388883173 0.388480216 0 0 0 0 0 1 0 0 0 0.055555556 0.244650543 0.305815101 0.276391089 0.728277028 1 1
G1155 0 0.00534707587 1.32184601 0 0.429962963 1.79027903 0 0.00916749611 0 0 0 0 0.00581607036 0.120020546 0 0.317649573 0.00650437735 0.56156379 0 0 0 0 0 0 0.630105674 0.278815776 0 0 0.257276803 0 0 0 0.00317862513 0 0 0 0 0 0.829456031 0 0.9628371 0 0.212810755 0 0 0 0 0 0 0 0 0 0 0.247607902 0 0.192030117 0 0 0 0 0 0 0.388883173 0.388480216 0 0 0 0 0 1 0 0 0 0.055555556 0.244650543 0.305815101 0.276391089 0.750263631 1 1
G769 0 0.00534707587 1.32184601 0 0.429962963 1.79027903 0 0.00916749611 0 0 0 0 0.00581607036 0.120020546 0 0.317649573 0.00650437735 0.56156379 0 0 0 0 0 0 0.630105674 0.278815776 0 0 0.257276803 0 0 0 0.00317862513 0 0 0 0 0 0.829456031 0 0.9628371 0 0.212810755 0 0 0 0 0 0 0 0 0 0 0.247607902 0 0.192030117 0 0 0 0 0 0 0.388883173 0.388480216 0 1 0 0 0 0 0 0 0 0.0370370373 0.387761921 0.217867076 0.307701409 0.695320308 1 1
G1160 0 0.00534707587 1.32184601 0 0.429962963 1.79027903 0 0.00916749611 0 0 0 0 0.00581607036 0.120020546 0 0.317649573 0.00650437735 0.56156379 0 0 0 0 0 0 0.630105674 0.278815776 0 0 0.257276803 0 0 0 0.00317862513 0 0 0 0 0 0.829456031 0 0.9628371 0 0.212810755 0 0 0 0 0 0 0 0 0 0 0.247607902 0 0.192030117 0 0 0 0 0 0 0.388883173 0.388480216 0 0 0 0 0 1 0 0 0 0.055555556 0.244650543 0.305815101 0.276391089 0.695320308 1 1
G778 0 0.00534707587 1.32184601 0 0.429962963 1.79027903 0 0.00916749611 0 0 0 0 0.00581607036 0.120020546 0 0.317649573 0.00650437735 0.56156379 0 0 0 0 0 0 0.630105674 0.278815776 0 0 0.257276803 0 0 0 0.00317862513 0 0 0 0 0 0.829456031 0 0.9628371 0 0.212810755 0 0 0 0 0 0 0 0 0 0 0.247607902 0 0.192030117 0 0 0 0 0 0 0.388883173 0.388480216 0 0 1 0 0 0 0 0 0 0.0370370373 0.387761921 0.281589121 0.238070309 0.554587603 1 1
G1057 0 0.00534707587 1.32184601 0 0.429962963 1.79027903 0 0.00916749611 0 0 0 0 0.00581607036 0.120020546 0 0.317649573 0.00650437735 0.56156379 0 0 0 0 0 0 0.630105674 0.278815776 0 0 0.257276803 0 0 0 0.00317862513 0 0 0 0 0 0.829456031 0 0.9628371 0 0.212810755 0 0 0 0 0 0 0 0 0 0 0.247607902 0 0.192030117 0 0 0 0 0 0 0.388883173 0.388480216 0 0 0 0 0 1 0 0 0 0.055555556 0.244650543 0.252935857 0.334173948 0.55078131 1 1
G781 0 0.00534707587 1.32184601 0 0.429962963 1.79027903 0 0.00916749611 0 0 0 0 0.00581607036 0.120020546 0 0.317649573 0.00650437735 0.56156379 0 0 0 0 0 0 0.630105674 0.278815776 0 0 0.257276803 0 0 0 0.00317862513 0 0 0 0 0 0.829456031 0 0.9628371 0 0.212810755 0 0 0 0 0 0 0 0 0 0 0.247607902 0 0.192030117 0 0 0 0 0 0 0.388883173 0.388480216 0 0 0 0 0 1 0 0 0 0.0370370373 0.387761921 0.217867076 0.238070309 0.599705458 1 1
G1056 0 0.00534707587 1.32184601 0 0.429962963 1.79027903 0 0.00916749611 0 0 0 0 0.00581607036 0.120020546 0 0.317649573 0.00650437735 0.56156379 0 0 0 0 0 0 0.630105674 0.278815776 0 0 0.257276803 0 0 0 0.00317862513 0 0 0 0 0 0.829456031 0 0.9628371 0 0.212810755 0 0 0 0 0 0 0 0 0 0 0.247607902 0 0.192030117 0 0 0 0 0 0 0.388883173 0.388480216 0 0 0 0 0 1 0 0 0 0.055555556 0.244650543 0.252935857 0.276391089 0.638720512 1 1
G791 0 0.00534707587 1.32184601 0 0.429962963 1.79027903 0 0.00916749611 0 0 0 0 0.00581607036 0.120020546 0 0.317649573 0.00650437735 0.56156379 0 0 0 0 0 0 0.630105674 0.278815776 0 0 0.257276803 0 0 0 0.00317862513 0 0 0 0 0 0.829456031 0 0.9628371 0 0.212810755 0 0 0 0 0 0 0 0 0 0 0.247607902 0 0.192030117 0 0 0 0 0 0 0.388883173 0.388480216 0 0 0 0 0 1 0 0 0 0.0370370373 0.244650543 0.217867076 0.238070309 0.741850793 1 1
G792 0 0.00534707587 1.32184601 0 0.429962963 1.79027903 0 0.00916749611 0 0 0 0 0.00581607036 0.120020546 0 0.317649573 0.00650437735 0.56156379 0 0 0 0 0 0 0.630105674 0.278815776 0 0 0.257276803 0 0 0 0.00317862513 0 0 0 0 0 0.829456031 0 0.9628371 0 0.212810755 0 0 0 0 0 0 0 0 0 0 0.247607902 0 0.192030117 0 0 0 0 0 0 0.388883173 0.388480216 0 0 0 0 0 1 0 0 0 0.0370370373 0.244650543 0.217867076 0.238070309 0.690832198 1 1
G793 0 0.00534707587 1.32184601 0 0.429962963 1.79027903 0 0.00916749611 0 0 0 0 0.00581607036 0.120020546 0 0.317649573 0.00650437735 0.56156379 0 0 0 0 0 0 0.630105674 0.278815776 0 0 0.257276803 0 0 0 0.00317862513 0 0 0 0 0 0.829456031 0 0.9628371 0 0.212810755 0 0 0 0 0 0 0 0 0 0 0.247607902 0 0.192030117 0 0 0 0 0 0 0.388883173 0.388480216 0 0 0 0 0 1 0 0 0 0.0370370373 0.244650543 0.217867076 0.238070309 0.724683046 1 1
G794 0 0.00534707587 1.32184601 0 0.429962963 1.79027903 0 0.00916749611 0 0 0 0 0.00581607036 0.120020546 0 0.317649573 0.00650437735 0.56156379 0 0 0 0 0 0 0.630105674 0.278815776 0 0 0.257276803 0 0 0 0.00317862513 0 0 0 0 0 0.829456031 0 0.9628371 0 0.212810755 0 0 0 0 0 0 0 0 0 0 0.247607902 0 0.192030117 0 0 0 0 0 0 0.388883173 0.388480216 0 0 0 0 0 1 0 0 0 0.0370370373 0.244650543 0.217867076 0.238070309 0.737460971 1 1
G795 0 0.00534707587 1.32184601 0 0.429962963 1.79027903 0 0.00916749611 0 0 0 0 0.00581607036 0.120020546 0 0.317649573 0.00650437735 0.56156379 0 0 0 0 0 0 0.630105674 0.278815776 0 0 0.257276803 0 0 0 0.00317862513 0 0 0 0 0 0.829456031 0 0.9628371 0 0.212810755 0 0 0 0 0 0 0 0 0 0 0.247607902 0 0.192030117 0 0 0 0 0 0 0.388883173 0.388480216 0 0 0 0 0 1 0 0 0 0.0370370373 0.244650543 0.217867076 0.238070309 0.759197414 1 1
G796 0 0.00534707587 1.32184601 0 0.429962963 1.79027903 0 0.00916749611 0 0 0 0 0.00581607036 0.120020546 0 0.317649573 0.00650437735 0.56156379 0 0 0 0 0 0 0.630105674 0.278815776 0 0 0.257276803 0 0 0 0.00317862513 0 0 0 0 0 0.829456031 0 0.9628371 0 0.212810755 0 0 0 0 0 0 0 0 0 0 0.247607902 0 0.192030117 0 0 0 0 0 0 0.388883173 0.388480216 0 0 0 0 0 1 0 0 0 0.0370370373 0.244650543 0.217867076 0.238070309 0.71071738 1 1
G797 0 0.00534707587 1.32184601 0 0.429962963 1.79027903 0 0.00916749611 0 0 0 0 0.00581607036 0.120020546 0 0.317649573 0.00650437735 0.56156379 0 0 0 0 0 0 0.630105674 0.278815776 0 0 0.257276803 0 0 0 0.00317862513 0 0 0 0 0 0.829456031 0 0.9628371 0 0.212810755 0 0 0 0 0 0 0 0 0 0 0.247607902 0 0.192030117 0 0 0 0 0 0 0.388883173 0.388480216 0 0 0 0 0 1 0 0 0 0.0370370373 0.244650543 0.217867076 0.238070309 0.738570511 1 1
G798 0 0.00534707587 1.32184601 0 0.429962963 1.79027903 0 0.00916749611 0 0 0 0 0.00581607036 0.120020546 0 0.317649573 0.00650437735 0.56156379 0 0 0 0 0 0 0.630105674 0.278815776 0 0 0.257276803 0 0 0 0.00317862513 0 0 0 0 0 0.829456031 0 0.9628371 0 0.212810755 0 0 0 0 0 0 0 0 0 0 0.247607902 0 0.192030117 0 0 0 0 0 0 0.388883173 0.388480216 0 0 0 0 0 1 0 0 0 0.0370370373 0.244650543 0.217867076 0.238070309 0.706672132 1 1
G799 0 0.00534707587 1.32184601 0 0.429962963 1.79027903 0 0.00916749611 0 0 0 0 0.00581607036 0.120020546 0 0.317649573 0.00650437735 0.56156379 0 0 0 0 0 0 0.630105674 0.278815776 0 0 0.257276803 0 0 0 0.00317862513 0 0 0 0 0 0.829456031 0 0.9628371 0 0.212810755 0 0 0 0 0 0 0 0 0 0 0.247607902 0 0.192030117 0 0 0 0 0 0 0.388883173 0.388480216 0 0 0 0 0 1 0 0 0 0.0370370373 0.244650543 0.217867076 0.238070309 0.734082401 1 1
G8 0 0.00534707587 1.32184601 0 0.429962963 1.79027903 0 0.00916749611 0 0 0 0 0.00581607036 0.120020546 0 0.317649573 0.00650437735 0.56156379 0 0 0 0 0 0 0.630105674 0.278815776 0 0 0.257276803 0 0 0 0.00317862513 0 0 0 0 0 0.829456031 0 0.9628371 0 0.212810755 0 0 0 0 0 0 0 0 0 0 0.247607902 0 0.192030117 0 0 0 0 0 0 0.388883173 0.388480216 1 0 0 0 0 0 0 0 0 0 0.812711537 0.108933538 0.119035155 0.373581856 1 1
G368 0 0.00534707587 1.32184601 0 0.429962963 1.79027903 0 0.00916749611 0 0 0 0 0.00581607036 0.120020546 0 0.317649573 0.00650437735 0.56156379 0 0 0 0 0 0 0.630105674 0.278815776 0 0 0.257276803 0 0 0 0.00317862513 0 0 0 0 0 0.829456031 0 0.9628371 0 0.212810755 0 0 0 0 0 0 0 0 0 0 0.247607902 0 0.192030117 0 0 0 0 0 0 0.388883173 0.388480216 0 0 0 0 0 1 0 0 0 0.0185185187 0.775523841 0.172655582 0.188666254 0.613018632 1 1
G377 0 0.00534707587 1.32184601 0 0.429962963 1.79027903 0 0.00916749611 0 0 0 0 0.00581607036 0.120020546 0 0.317649573 0.00650437735 0.56156379 0 0 0 0 0 0 0.630105674 0.278815776 0 0 0.257276803 0 0 0 0.00317862513 0 0 0 0 0 0.829456031 0 0.9628371 0 0.212810755 0 0 0 0 0 0 0 0 0 0 0.247607902 0 0.192030117 0 0 0 0 0 0 0.388883173 0.388480216 0 0 0 0 0 1 0 0 0 0.0185185187 0.489301085 0.172655582 0.188666254 0.558299899 1 1
G543 0 0.00534707587 1.32184601 0 0.429962963 1.79027903 0 0.00916749611 0 0 0 0 0.00581607036 0.120020546 0 0.317649573 0.00650437735 0.56156379 0 0 0 0 0 0 0.630105674 0.278815776 0 0 0.257276803 0 0 0 0.00317862513 0 0 0 0 0 0.829456031 0 0.9628371 0 0.212810755 0 0 0 0 0 0 0 0 0 0 0.247607902 0 0.192030117 0 0 0 0 0 0 0.388883173 0.388480216 0 0 0 0 0 1 0 0 0 0.0185185187 0.387761921 0.172655582 0.188666254 0.695320308 1 1
G546 0 0.00534707587 1.32184601 0 0.429962963 1.79027903 0 0.00916749611 0 0 0 0 0.00581607036 0.120020546 0 0.317649573 0.00650437735 0.56156379 0 0 0 0 0 0 0.630105674 0.278815776 0 0 0.257276803 0 0 0 0.00317862513 0 0 0 0 0 0.829456031 0 0.9628371 0 0.212810755 0 0 0 0 0 0 0 0 0 0 0.247607902 0 0.192030117 0 0 0 0 0 0 0.388883173 0.388480216 0 0 0 0 0 1 0 0 0 0.0185185187 0.387761921 0.172655582 0.188666254 0.360500544 1 1
G651 0 0.00534707587 1.32184601 0 0.429962963 1.79027903 0 0.00916749611 0 0 0 0 0.00581607036 0.120020546 0 0.317649573 0.00650437735 0.56156379 0 0 0 0 0 0 0.630105674 0.278815776 0 0 0.257276803 0 0 0 0.00317862513 0 0 0 0 0 0.829456031 0 0.9628371 0 0.212810755 0 0 0 0 0 0 0 0 0 0 0.247607902 0 0.192030117 0 0 0 0 0 0 0.388883173 0.388480216 0 0 0 0 0 1 0 0 0 0.0185185187 0.387761921 0.172655582 0.188666254 0.613018632 1 1
G654 0 0.00534707587 1.32184601 0 0.429962963 1.79027903 0 0.00916749611 0 0 0 0 0.00581607036 0.120020546 0 0.317649573 0.00650437735 0.56156379 0 0 0 0 0 0 0.630105674 0.278815776 0 0 0.257276803 0 0 0 0.00317862513 0 0 0 0 0 0.829456031 0 0.9628371 0 0.212810755 0 0 0 0 0 0 0 0 0 0 0.247607902 0 0.192030117 0 0 0 0 0 0 0.388883173 0.388480216 0 0 0 0 0 1 0 0 0 0.0185185187 0.387761921 0.172655582 0.188666254 0.729456186 1 1
G715 0 0.00534707587 1.32184601 0 0.429962963 1.79027903 0 0.00916749611 0 0 0 0 0.00581607036 0.120020546 0 0.317649573 0.00650437735 0.56156379 0 0 0 0 0 0 0.630105674 0.278815776 0 0 0.257276803 0 0 0 0.00317862513 0 0 0 0 0 0.829456031 0 0.9628371 0 0.212810755 0 0 0 0 0 0 0 0 0 0 0.247607902 0 0.192030117 0 0 0 0 0 0 0.388883173 0.388480216 0 0 1 0 0 0 0 0 0 0.0370370373 0.244650543 0.252935857 0.188666254 0.607833982 1 1
G734 0 0.00534707587 1.32184601 0 0.429962963 1.79027903 0 0.00916749611 0 0 0 0 0.00581607036 0.120020546 0 0.317649573 0.00650437735 0.56156379 0 0 0 0 0 0 0.630105674 0.278815776 0 0 0.257276803 0 0 0 0.00317862513 0 0 0 0 0 0.829456031 0 0.9628371 0 0.212810755 0 0 0 0 0 0 0 0 0 0 0.247607902 0 0.192030117 0 0 0 0 0 0 0.388883173 0.388480216 0 0 0 0 0 1 0 0 0 0.0370370373 0.244650543 0.217867076 0.238070309 0.610448658 1 1
G786 0 0.00534707587 1.32184601 0 0.429962963 1.79027903 0 0.00916749611 0 0 0 0 0.00581607036 0.120020546 0 0.317649573 0.00650437735 0.56156379 0 0 0 0 0 0 0.630105674 0.278815776 0 0 0.257276803 0 0 0 0.00317862513 0 0 0 0 0 0.829456031 0 0.9628371 0 0.212810755 0 0 0 0 0 0 0 0 0 0 0.247607902 0 0.192030117 0 0 0 0 0 0 0.388883173 0.388480216 0 0 0 0 0 1 0 0 0 0.0370370373 0.244650543 0.217867076 0.238070309 0.728277028 1 1
G800 0 0.00534707587 1.32184601 0 0.429962963 1.79027903 0 0.00916749611 0 0 0 0 0.00581607036 0.120020546 0 0.317649573 0.00650437735 0.56156379 0 0 0 0 0 0 0.630105674 0.278815776 0 0 0.257276803 0 0 0 0.00317862513 0 0 0 0 0 0.829456031 0 0.9628371 0 0.212810755 0 0 0 0 0 0 0 0 0 0 0.247607902 0 0.192030117 0 0 0 0 0 0 0.388883173 0.388480216 0 0 0 1 0 0 0 0 0 0.0370370373 0.568060994 0.281589121 0.238070309 0.750263631 1 1
G805 0 0.00534707587 1.32184601 0 0.429962963 1.79027903 0 0.00916749611 0 0 0 0 0.00581607036 0.120020546 0 0.317649573 0.00650437735 0.56156379 0 0 0 0 0 0 0.630105674 0.278815776 0 0 0.257276803 0 0 0 0.00317862513 0 0 0 0 0 0.829456031 0 0.9628371 0 0.212810755 0 0 0 0 0 0 0 0 0 0 0.247607902 0 0.192030117 0 0 0 0 0 0 0.388883173 0.388480216 0 0 0 0 1 0 0 0 0 0.0370370373 0.568060994 0.217867076 0.307701409 0.750263631 1 1
G810 0 0.00534707587 1.32184601 0 0.429962963 1.79027903 0 0.00916749611 0 0 0 0 0.00581607036 0.120020546 0 0.317649573 0.00650437735 0.56156379 0 0 0 0 0 0 0.630105674 0.278815776 0 0 0.257276803 0 0 0 0.00317862513 0 0 0 0 0 0.829456031 0 0.9628371 0 0.212810755 0 0 0 0 0 0 0 0 0 0 0.247607902 0 0.192030117 0 0 0 0 0 0 0.388883173 0.388480216 0 0 0 0 0 1 0 0 0 0.0370370373 0.387761921 0.252935857 0.238070309 0.750263631 1 1
G1074 0 0.00534707587 1.32184601 0 0.429962963 1.79027903 0 0.00916749611 0 0 0 0 0.00581607036 0.120020546 0 0.317649573 0.00650437735 0.56156379 0 0 0 0 0 0 0.630105674 0.278815776 0 0 0.257276803 0 0 0 0.00317862513 0 0 0 0 0 0.829456031 0 0.9628371 0 0.212810755 0 0 0 0 0 0 0 0 0 0 0.247607902 0 0.192030117 0 0 0 0 0 0 0.388883173 0.388480216 0 1 0 0 0 0 0 0 0 0.055555556 0.387761921 0.172655582 0.307701409 0.748204172 1 1
G1077 0 0.00534707587 1.32184601 0 0.429962963 1.79027903 0 0.00916749611 0 0 0 0 0.00581607036 0.120020546 0 0.317649573 0.00650437735 0.56156379 0 0 0 0 0 0 0.630105674 0.278815776 0 0 0.257276803 0 0 0 0.00317862513 0 0 0 0 0 0.829456031 0 0.9628371 0 0.212810755 0 0 0 0 0 0 0 0 0 0 0.247607902 0 0.192030117 0 0 0 0 0 0 0.388883173 0.388480216 0 1 0 0 0 0 0 0 0 0.055555556 0.387761921 0.217867076 0.334173948 0.748204172 1 1
G1366 0 0.00534707587 1.32184601 0 0.429962963 1.79027903 0 0.00916749611 0 0 0 0 0.00581607036 0.120020546 0 0.317649573 0.00650437735 0.56156379 0 0 0 0 0 0 0.630105674 0.278815776 0 0 0.257276803 0 0 0 0.00317862513 0 0 0 0 0 0.829456031 0 0.9628371 0 0.212810755 0 0 0 0 0 0 0 0 0 0 0.247607902 0 0.192030117 0 0 0 0 0 0 0.388883173 0.388480216 0 0 1 0 0 0 0 0 0 0.0740740746 0.387761921 0.40310201 0.276391089 0.743998587 1 1
G1369 0 0.00534707587 1.32184601 0 0.429962963 1.79027903 0 0.00916749611 0 0 0 0 0.00581607036 0.120020546 0 0.317649573 0.00650437735 0.56156379 0 0 0 0 0 0 0.630105674 0.278815776 0 0 0.257276803 0 0 0 0.00317862513 0 0 0 0 0 0.829456031 0 0.9628371 0 0.212810755 0 0 0 0 0 0 0 0 0 0 0.247607902 0 0.192030117 0 0 0 0 0 0 0.388883173 0.388480216 0 0 1 0 0 0 0 0 0 0.0740740746 0.387761921 0.390522659 0.238070309 0.743998587 1 1
G1372 0 0.00534707587 1.32184601 0 0.429962963 1.79027903 0 0.00916749611 0 0 0 0 0.00581607036 0.120020546 0 0.317649573 0.00650437735 0.56156379 0 0 0 0 0 0 0.630105674 0.278815776 0 0 0.257276803 0 0 0 0.00317862513 0 0 0 0 0 0.829456031 0 0.9628371 0 0.212810755 0 0 0 0 0 0 0 0 0 0 0.247607902 0 0.192030117 0 0 0 0 0 0 0.388883173 0.388480216 0 0 1 0 0 0 0 0 0 0.0740740746 0.387761921 0.376848131 0.276391089 0.743998587 1 1
G1375 0 0.00534707587 1.32184601 0 0.429962963 1.79027903 0 0.00916749611 0 0 0 0 0.00581607036 0.120020546 0 0.317649573 0.00650437735 0.56156379 0 0 0 0 0 0 0.630105674 0.278815776 0 0 0.257276803 0 0 0 0.00317862513 0 0 0 0 0 0.829456031 0 0.9628371 0 0.212810755 0 0 0 0 0 0 0 0 0 0 0.247607902 0 0.192030117 0 0 0 0 0 0 0.388883173 0.388480216 0 0 1 0 0 0 0 0 0 0.0740740746 0.387761921 0.361869395 0.238070309 0.743998587 1 1
G1565 0 0.00534707587 1.32184601 0 0.429962963 1.79027903 0 0.00916749611 0 0 0 0 0.00581607036 0.120020546 0 0.317649573 0.00650437735 0.56156379 0 0 0 0 0 0 0.630105674 0.278815776 0 0 0.257276803 0 0 0 0.00317862513 0 0 0 0 0 0.829456031 0 0.9628371 0 0.212810755 0 0 0 0 0 0 0 0 0 0 0.247607902 0 0.192030117 0 0 0 0 0 0 0.388883173 0.388480216 0 0 0 0 0 1 0 0 0 0.0925925896 0.775523841 0.281589121 0.453209102 0.746116042 1 1
G1574 0 0.00534707587 1.32184601 0 0.429962963 1.79027903 0 0.00916749611 0 0 0 0 0.00581607036 0.120020546 0 0.317649573 0.00650437735 0.56156379 0 0 0 0 0 0 0.630105674 0.278815776 0 0 0.257276803 0 0 0 0.00317862513 0 0 0 0 0 0.829456031 0 0.9628371 0 0.212810755 0 0 0 0 0 0 0 0 0 0 0.247607902 0 0.192030117 0 0 0 0 0 0 0.388883173 0.388480216 0 0 0 0 0 1 0 0 0 0.0925925896 0.775523841 0.252935857 0.440482408 0.746116042 1 1
G1583 0 0.00534707587 1.32184601 0 0.429962963 1.79027903 0 0.00916749611 0 0 0 0 0.00581607036 0.120020546 0 0.317649573 0.00650437735 0.56156379 0 0 0 0 0 0 0.630105674 0.278815776 0 0 0.257276803 0 0 0 0.00317862513 0 0 0 0 0 0.829456031 0 0.9628371 0 0.212810755 0 0 0 0 0 0 0 0 0 0 0.247607902 0 0.192030117 0 0 0 0 0 0 0.388883173 0.388480216 0 0 0 0 0 1 0 0 0 0.0925925896 0.775523841 0.281589121 0.426736563 0.746116042 1 1
G1592 0 0.00534707587 1.32184601 0 0.429962963 1.79027903 0 0.00916749611 0 0 0 0 0.00581607036 0.120020546 0 0.317649573 0.00650437735 0.56156379 0 0 0 0 0 0 0.630105674 0.278815776 0 0 0.257276803 0 0 0 0.00317862513 0 0 0 0 0 0.829456031 0 0.9628371 0 0.212810755 0 0 0 0 0 0 0 0 0 0 0.247607902 0 0.192030117 0 0 0 0 0 0 0.388883173 0.388480216 0 0 0 0 0 1 0 0 0 0.0925925896 0.775523841 0.252935857 0.411793977 0.746116042 1 1
G1637 0 0.00534707587 1.32184601 0 0.429962963 1.79027903 0 0.00916749611 0 0 0 0 0.00581607036 0.120020546 0 0.317649573 0.00650437735 0.56156379 0 0 0 0 0 0 0.630105674 0.278815776 0 0 0.257276803 0 0 0 0.00317862513 0 0 0 0 0 0.829456031 0 0.9628371 0 0.212810755 0 0 0 0 0 0 0 0 0 0 0.247607902 0 0.192030117 0 0 0 0 0 0 0.388883173 0.388480216 0 0 0 0 0 1 0 0 0 0.0925925896 0.775523841 0.281589121 0.453209102 0.742928505 1 1
G1646 0 0.00534707587 1.32184601 0 0.429962963 1.79027903 0 0.00916749611 0 0 0 0 0.00581607036 0.120020546 0 0.317649573 0.00650437735 0.56156379 0 0 0 0 0 0 0.630105674 0.278815776 0 0 0.257276803 0 0 0 0.00317862513 0 0 0 0 0 0.829456031 0 0.9628371 0 0.212810755 0 0 0 0 0 0 0 0 0 0 0.247607902 0 0.192030117 0 0 0 0 0 0 0.388883173 0.388480216 0 0 0 0 0 1 0 0 0 0.0925925896 0.775523841 0.252935857 0.440482408 0.742928505 1 1
G1655 0 0.00534707587 1.32184601 0 0.429962963 1.79027903 0 0.00916749611 0 0 0 0 0.00581607036 0.120020546 0 0.317649573 0.00650437735 0.56156379 0 0 0 0 0 0 0.630105674 0.278815776 0 0 0.257276803 0 0 0 0.00317862513 0 0 0 0 0 0.829456031 0 0.9628371 0 0.212810755 0 0 0 0 0 0 0 0 0 0 0.247607902 0 0.192030117 0 0 0 0 0 0 0.388883173 0.388480216 0 0 0 0 0 1 0 0 0 0.0925925896 0.775523841 0.281589121 0.426736563 0.742928505 1 1
G1664 0 0.00534707587 1.32184601 0 0.429962963 1.79027903 0 0.00916749611 0 0 0 0 0.00581607036 0.120020546 0 0.317649573 0.00650437735 0.56156379 0 0 0 0 0 0 0.630105674 0.278815776 0 0 0.257276803 0 0 0 0.00317862513 0 0 0 0 0 0.829456031 0 0.9628371 0 0.212810755 0 0 0 0 0 0 0 0 0 0 0.247607902 0 0.192030117 0 0 0 0 0 0 0.388883173 0.388480216 0 0 0 0 0 1 0 0 0 0.0925925896 0.775523841 0.252935857 0.411793977 0.742928505 1 1
G1831 0 0.00534707587 1.32184601 0 0.429962963 1.79027903 0 0.00916749611 0 0 0 0 0.00581607036 0.120020546 0 0.317649573 0.00650437735 0.56156379 0 0 0 0 0 0 0.630105674 0.278815776 0 0 0.257276803 0 0 0 0.00317862513 0 0 0 0 0 0.829456031 0 0.9628371 0 0.212810755 0 0 0 0 0 0 0 0 0 0 0.247607902 0 0.192030117 0 0 0 0 0 0 0.388883173 0.388480216 0 0 0 0 0 1 0 0 0 0.111111112 0.244650543 0.425591439 0.334173948 0.754299879 1 1
G1832 0 0.00534707587 1.32184601 0 0.429962963 1.79027903 0 0.00916749611 0 0 0 0 0.00581607036 0.120020546 0 0.317649573 0.00650437735 0.56156379 0 0 0 0 0 0 0.630105674 0.278815776 0 0 0.257276803 0 0 0 0.00317862513 0 0 0 0 0 0.829456031 0 0.9628371 0 0.212810755 0 0 0 0 0 0 0 0 0 0 0.247607902 0 0.192030117 0 0 0 0 0 0 0.388883173 0.388480216 0 0 0 0 0 1 0 0 0 0.111111112 0.244650543 0.414748639 0.307701409 0.754299879 1 1
G1833 0 0.00534707587 1.32184601 0 0.429962963 1.79027903 0 0.00916749611 0 0 0 0 0.00581607036 0.120020546 0 0.317649573 0.00650437735 0.56156379 0 0 0 0 0 0 0.630105674 0.278815776 0 0 0.257276803 0 0 0 0.00317862513 0 0 0 0 0 0.829456031 0 0.9628371 0 0.212810755 0 0 0 0 0 0 0 0 0 0 0.247607902 0 0.192030117 0 0 0 0 0 0 0.388883173 0.388480216 0 0 0 0 0 1 0 0 0 0.111111112 0.244650543 0.40310201 0.334173948 0.754299879 1 1
G1834 0 0.00534707587 1.32184601 0 0.429962963 1.79027903 0 0.00916749611 0 0 0 0 0.00581607036 0.120020546 0 0.317649573 0.00650437735 0.56156379 0 0 0 0 0 0 0.630105674 0.278815776 0 0 0.257276803 0 0 0 0.00317862513 0 0 0 0 0 0.829456031 0 0.9628371 0 0.212810755 0 0 0 0 0 0 0 0 0 0 0.247607902 0 0.192030117 0 0 0 0 0 0 0.388883173 0.388480216 0 0 0 0 0 1 0 0 0 0.111111112 0.244650543 0.390522659 0.307701409 0.754299879 1 1
G1839 0 0.00534707587 1.32184601 0 0.429962963 1.79027903 0 0.00916749611 0 0 0 0 0.00581607036 0.120020546 0 0.317649573 0.00650437735 0.56156379 0 0 0 0 0 0 0.630105674 0.278815776 0 0 0.257276803 0 0 0 0.00317862513 0 0 0 0 0 0.829456031 0 0.9628371 0 0.212810755 0 0 0 0 0 0 0 0 0 0 0.247607902 0 0.192030117 0 0 0 0 0 0 0.388883173 0.388480216 0 0 0 0 0 1 0 0 0 0.111111112 0.244650543 0.425591439 0.334173948 0.74506104 1 1
G1840 0 0.00534707587 1.32184601 0 0.429962963 1.79027903 0 0.00916749611 0 0 0 0 0.00581607036 0.120020546 0 0.317649573 0.00650437735 0.56156379 0 0 0 0 0 0 0.630105674 0.278815776 0 0 0.257276803 0 0 0 0.00317862513 0 0 0 0 0 0.829456031 0 0.9628371 0 0.212810755 0 0 0 0 0 0 0 0 0 0 0.247607902 0 0.192030117 0 0 0 0 0 0 0.388883173 0.388480216 0 0 0 0 0 1 0 0 0 0.111111112 0.244650543 0.414748639 0.307701409 0.74506104 1 1
G1841 0 0.00534707587 1.32184601 0 0.429962963 1.79027903 0 0.00916749611 0 0 0 0 0.00581607036 0.120020546 0 0.317649573 0.00650437735 0.56156379 0 0 0 0 0 0 0.630105674 0.278815776 0 0 0.257276803 0 0 0 0.00317862513 0 0 0 0 0 0.829456031 0 0.9628371 0 0.212810755 0 0 0 0 0 0 0 0 0 0 0.247607902 0 0.192030117 0 0 0 0 0 0 0.388883173 0.388480216 0 0 0 0 0 1 0 0 0 0.111111112 0.244650543 0.40310201 0.334173948 0.74506104 1 1
G1842 0 0.00534707587 1.32184601 0 0.429962963 1.79027903 0 0.00916749611 0 0 0 0 0.00581607036 0.120020546 0 0.317649573 0.00650437735 0.56156379 0 0 0 0 0 0 0.630105674 0.278815776 0 0 0.257276803 0 0 0 0.00317862513 0 0 0 0 0 0.829456031 0 0.9628371 0 0.212810755 0 0 0 0 0 0 0 0 0 0 0.247607902 0 0.192030117 0 0 0 0 0 0 0.388883173 0.388480216 0 0 0 0 0 1 0 0 0 0.111111112 0.244650543 0.390522659 0.307701409 0.74506104 1 1
G1847 0 0.00534707587 1.32184601 0 0.429962963 1.79027903 0 0.00916749611 0 0 0 0 0.00581607036 0.120020546 0 0.317649573 0.00650437735 0.56156379 0 0 0 0 0 0 0.630105674 0.278815776 0 0 0.257276803 0 0 0 0.00317862513 0 0 0 0 0 0.829456031 0 0.9628371 0 0.212810755 0 0 0 0 0 0 0 0 0 0 0.247607902 0 0.192030117 0 0 0 0 0 0 0.388883173 0.388480216 0 0 0 0 0 1 0 0 0 0.111111112 0.244650543 0.425591439 0.334173948 0.747163713 1 1
G1848 0 0.00534707587 1.32184601 0 0.429962963 1.79027903 0 0.00916749611 0 0 0 0 0.00581607036 0.120020546 0 0.317649573 0.00650437735 0.56156379 0 0 0 0 0 0 0.630105674 0.278815776 0 0 0.257276803 0 0 0 0.00317862513 0 0 0 0 0 0.829456031 0 0.9628371 0 0.212810755 0 0 0 0 0 0 0 0 0 0 0.247607902 0 0.192030117 0 0 0 0 0 0 0.388883173 0.388480216 0 0 0 0 0 1 0 0 0 0.111111112 0.244650543 0.414748639 0.307701409 0.747163713 1 1
G1849 0 0.00534707587 1.32184601 0 0.429962963 1.79027903 0 0.00916749611 0 0 0 0 0.00581607036 0.120020546 0 0.317649573 0.00650437735 0.56156379 0 0 0 0 0 0 0.630105674 0.278815776 0 0 0.257276803 0 0 0 0.00317862513 0 0 0 0 0 0.829456031 0 0.9628371 0 0.212810755 0 0 0 0 0 0 0 0 0 0 0.247607902 0 0.192030117 0 0 0 0 0 0 0.388883173 0.388480216 0 0 0 0 0 1 0 0 0 0.111111112 0.244650543 0.40310201 0.334173948 0.747163713 1 1
G1850 0 0.00534707587 1.32184601 0 0.429962963 1.79027903 0 0.00916749611 0 0 0 0 0.00581607036 0.120020546 0 0.317649573 0.00650437735 0.56156379 0 0 0 0 0 0 0.630105674 0.278815776 0 0 0.257276803 0 0 0 0.00317862513 0 0 0 0 0 0.829456031 0 0.9628371 0 0.212810755 0 0 0 0 0 0 0 0 0 0 0.247607902 0 0.192030117 0 0 0 0 0 0 0.388883173 0.388480216 0 0 0 0 0 1 0 0 0 0.111111112 0.244650543 0.390522659 0.307701409 0.747163713 1 1
G1855 0 0.00534707587 1.32184601 0 0.429962963 1.79027903 0 0.00916749611 0 0 0 0 0.00581607036 0.120020546 0 0.317649573 0.00650437735 0.56156379 0 0 0 0 0 0 0.630105674 0.278815776 0 0 0.257276803 0 0 0 0.00317862513 0 0 0 0 0 0.829456031 0 0.9628371 0 0.212810755 0 0 0 0 0 0 0 0 0 0 0.247607902 0 0.192030117 0 0 0 0 0 0 0.388883173 0.388480216 0 0 0 0 0 1 0 0 0 0.111111112 0.244650543 0.425591439 0.334173948 0.748204172 1 1
G1856 0 0.00534707587 1.32184601 0 0.429962963 1.79027903 0 0.00916749611 0 0 0 0 0.00581607036 0.120020546 0 0.317649573 0.00650437735 0.56156379 0 0 0 0 0 0 0.630105674 0.278815776 0 0 0.257276803 0 0 0 0.00317862513 0 0 0 0 0 0.829456031 0 0.9628371 0 0.212810755 0 0 0 0 0 0 0 0 0 0 0.247607902 0 0.192030117 0 0 0 0 0 0 0.388883173 0.388480216 0 0 0 0 0 1 0 0 0 0.111111112 0.244650543 0.414748639 0.307701409 0.748204172 1 1
G1857 0 0.00534707587 1.32184601 0 0.429962963 1.79027903 0 0.00916749611 0 0 0 0 0.00581607036 0.120020546 0 0.317649573 0.00650437735 0.56156379 0 0 0 0 0 0 0.630105674 0.278815776 0 0 0.257276803 0 0 0 0.00317862513 0 0 0 0 0 0.829456031 0 0.9628371 0 0.212810755 0 0 0 0 0 0 0 0 0 0 0.247607902 0 0.192030117 0 0 0 0 0 0 0.388883173 0.388480216 0 0 0 0 0 1 0 0 0 0.111111112 0.244650543 0.40310201 0.334173948 0.748204172 1 1
G1858 0 0.00534707587 1.32184601 0 0.429962963 1.79027903 0 0.00916749611 0 0 0 0 0.00581607036 0.120020546 0 0.317649573 0.00650437735 0.56156379 0 0 0 0 0 0 0.630105674 0.278815776 0 0 0.257276803 0 0 0 0.00317862513 0 0 0 0 0 0.829456031 0 0.9628371 0 0.212810755 0 0 0 0 0 0 0 0 0 0 0.247607902 0 0.192030117 0 0 0 0 0 0 0.388883173 0.388480216 0 0 0 0 0 1 0 0 0 0.111111112 0.244650543 0.390522659 0.307701409 0.748204172 1 1
G1863 0 0.00534707587 1.32184601 0 0.429962963 1.79027903 0 0.00916749611 0 0 0 0 0.00581607036 0.120020546 0 0.317649573 0.00650437735 0.56156379 0 0 0 0 0 0 0.630105674 0.278815776 0 0 0.257276803 0 0 0 0.00317862513 0 0 0 0 0 0.829456031 0 0.9628371 0 0.212810755 0 0 0 0 0 0 0 0 0 0 0.247607902 0 0.192030117 0 0 0 0 0 0 0.388883173 0.388480216 0 0 0 0 0 1 0 0 0 0.111111112 0.244650543 0.425591439 0.334173948 0.755292237 1 1
G1864 0 0.00534707587 1.32184601 0 0.429962963 1.79027903 0 0.00916749611 0 0 0 0 0.00581607036 0.120020546 0 0.317649573 0.00650437735 0.56156379 0 0 0 0 0 0 0.630105674 0.278815776 0 0 0.257276803 0 0 0 0.00317862513 0 0 0 0 0 0.829456031 0 0.9628371 0 0.212810755 0 0 0 0 0 0 0 0 0 0 0.247607902 0 0.192030117 0 0 0 0 0 0 0.388883173 0.388480216 0 0 0 0 0 1 0 0 0 0.111111112 0.244650543 0.414748639 0.307701409 0.755292237 1 1
G1865 0 0.00534707587 1.32184601 0 0.429962963 1.79027903 0 0.00916749611 0 0 0 0 0.00581607036 0.120020546 0 0.317649573 0.00650437735 0.56156379 0 0 0 0 0 0 0.630105674 0.278815776 0 0 0.257276803 0 0 0 0.00317862513 0 0 0 0 0 0.829456031 0 0.9628371 0 0.212810755 0 0 0 0 0 0 0 0 0 0 0.247607902 0 0.192030117 0 0 0 0 0 0 0.388883173 0.388480216 0 0 0 0 0 1 0 0 0 0.111111112 0.244650543 0.40310201 0.334173948 0.755292237 1 1
G1866 0 0.00534707587 1.32184601 0 0.429962963 1.79027903 0 0.00916749611 0 0 0 0 0.00581607036 0.120020546 0 0.317649573 0.00650437735 0.56156379 0 0 0 0 0 0 0.630105674 0.278815776 0 0 0.257276803 0 0 0 0.00317862513 0 0 0 0 0 0.829456031 0 0.9628371 0 0.212810755 0 0 0 0 0 0 0 0 0 0 0.247607902 0 0.192030117 0 0 0 0 0 0 0.388883173 0.388480216 0 0 0 0 0 1 0 0 0 0.111111112 0.244650543 0.390522659 0.307701409 0.755292237 1 1
G1871 0 0.00534707587 1.32184601 0 0.429962963 1.79027903 0 0.00916749611 0 0 0 0 0.00581607036 0.120020546 0 0.317649573 0.00650437735 0.56156379 0 0 0 0 0 0 0.630105674 0.278815776 0 0 0.257276803 0 0 0 0.00317862513 0 0 0 0 0 0.829456031 0 0.9628371 0 0.212810755 0 0 0 0 0 0 0 0 0 0 0.247607902 0 0.192030117 0 0 0 0 0 0 0.388883173 0.388480216 0 0 0 0 0 1 0 0 0 0.111111112 0.244650543 0.425591439 0.334173948 0.756278038 1 1
G1872 0 0.00534707587 1.32184601 0 0.429962963 1.79027903 0 0.00916749611 0 0 0 0 0.00581607036 0.120020546 0 0.317649573 0.00650437735 0.56156379 0 0 0 0 0 0 0.630105674 0.278815776 0 0 0.257276803 0 0 0 0.00317862513 0 0 0 0 0 0.829456031 0 0.9628371 0 0.212810755 0 0 0 0 0 0 0 0 0 0 0.247607902 0 0.192030117 0 0 0 0 0 0 0.388883173 0.388480216 0 0 0 0 0 1 0 0 0 0.111111112 0.244650543 0.414748639 0.307701409 0.756278038 1 1
G1873 0 0.00534707587 1.32184601 0 0.429962963 1.79027903 0 0.00916749611 0 0 0 0 0.00581607036 0.120020546 0 0.317649573 0.00650437735 0.56156379 0 0 0 0 0 0 0.630105674 0.278815776 0 0 0.257276803 0 0 0 0.00317862513 0 0 0 0 0 0.829456031 0 0.9628371 0 0.212810755 0 0 0 0 0 0 0 0 0 0 0.247607902 0 0.192030117 0 0 0 0 0 0 0.388883173 0.388480216 0 0 0 0 0 1 0 0 0 0.111111112 0.244650543 0.40310201 0.334173948 0.756278038 1 1
G1874 0 0.00534707587 1.32184601 0 0.429962963 1.79027903 0 0.00916749611 0 0 0 0 0.00581607036 0.120020546 0 0.317649573 0.00650437735 0.56156379 0 0 0 0 0 0 0.630105674 0.278815776 0 0 0.257276803 0 0 0 0.00317862513 0 0 0 0 0 0.829456031 0 0.9628371 0 0.212810755 0 0 0 0 0 0 0 0 0 0 0.247607902 0 0.192030117 0 0 0 0 0 0 0.388883173 0.388480216 0 0 0 0 0 1 0 0 0 0.111111112 0.244650543 0.390522659 0.307701409 0.756278038 1 1
G1879 0 0.00534707587 1.32184601 0 0.429962963 1.79027903 0 0.00916749611 0 0 0 0 0.00581607036 0.120020546 0 0.317649573 0.00650437735 0.56156379 0 0 0 0 0 0 0.630105674 0.278815776 0 0 0.257276803 0 0 0 0.00317862513 0 0 0 0 0 0.829456031 0 0.9628371 0 0.212810755 0 0 0 0 0 0 0 0 0 0 0.247607902 0 0.192030117 0 0 0 0 0 0 0.388883173 0.388480216 0 0 0 0 0 1 0 0 0 0.111111112 0.244650543 0.425591439 0.334173948 0.757257462 1 1
G1880 0 0.00534707587 1.32184601 0 0.429962963 1.79027903 0 0.00916749611 0 0 0 0 0.00581607036 0.120020546 0 0.317649573 0.00650437735 0.56156379 0 0 0 0 0 0 0.630105674 0.278815776 0 0 0.257276803 0 0 0 0.00317862513 0 0 0 0 0 0.829456031 0 0.9628371 0 0.212810755 0 0 0 0 0 0 0 0 0 0 0.247607902 0 0.192030117 0 0 0 0 0 0 0.388883173 0.388480216 0 0 0 0 0 1 0 0 0 0.111111112 0.244650543 0.414748639 0.307701409 0.757257462 1 1
G1881 0 0.00534707587 1.32184601 0 0.429962963 1.79027903 0 0.00916749611 0 0 0 0 0.00581607036 0.120020546 0 0.317649573 0.00650437735 0.56156379 0 0 0 0 0 0 0.630105674 0.278815776 0 0 0.257276803 0 0 0 0.00317862513 0 0 0 0 0 0.829456031 0 0.9628371 0 0.212810755 0 0 0 0 0 0 0 0 0 0 0.247607902 0 0.192030117 0 0 0 0 0 0 0.388883173 0.388480216 0 0 0 0 0 1 0 0 0 0.111111112 0.244650543 0.40310201 0.334173948 0.757257462 1 1
G1882 0 0.00534707587 1.32184601 0 0.429962963 1.79027903 0 0.00916749611 0 0 0 0 0.00581607036 0.120020546 0 0.317649573 0.00650437735 0.56156379 0 0 0 0 0 0 0.630105674 0.278815776 0 0 0.257276803 0 0 0 0.00317862513 0 0 0 0 0 0.829456031 0 0.9628371 0 0.212810755 0 0 0 0 0 0 0 0 0 0 0.247607902 0 0.192030117 0 0 0 0 0 0 0.388883173 0.388480216 0 0 0 0 0 1 0 0 0 0.111111112 0.244650543 0.390522659 0.307701409 0.757257462 1 1
G1887 0 0.00534707587 1.32184601 0 0.429962963 1.79027903 0 0.00916749611 0 0 0 0 0.00581607036 0.120020546 0 0.317649573 0.00650437735 0.56156379 0 0 0 0 0 0 0.630105674 0.278815776 0 0 0.257276803 0 0 0 0.00317862513 0 0 0 0 0 0.829456031 0 0.9628371 0 0.212810755 0 0 0 0 0 0 0 0 0 0 0.247607902 0 0.192030117 0 0 0 0 0 0 0.388883173 0.388480216 0 0 0 0 0 1 0 0 0 0.111111112 0.244650543 0.425591439 0.334173948 0.749237418 1 1
G1888 0 0.00534707587 1.32184601 0 0.429962963 1.79027903 0 0.00916749611 0 0 0 0 0.00581607036 0.120020546 0 0.317649573 0.00650437735 0.56156379 0 0 0 0 0 0 0.630105674 0.278815776 0 0 0.257276803 0 0 0 0.00317862513 0 0 0 0 0 0.829456031 0 0.9628371 0 0.212810755 0 0 0 0 0 0 0 0 0 0 0.247607902 0 0.192030117 0 0 0 0 0 0 0.388883173 0.388480216 0 0 0 0 0 1 0 0 0 0.111111112 0.244650543 0.414748639 0.307701409 0.749237418 1 1
G1889 0 0.00534707587 1.32184601 0 0.429962963 1.79027903 0 0.00916749611 0 0 0 0 0.00581607036 0.120020546 0 0.317649573 0.00650437735 0.56156379 0 0 0 0 0 0 0.630105674 0.278815776 0 0 0.257276803 0 0 0 0.00317862513 0 0 0 0 0 0.829456031 0 0.9628371 0 0.212810755 0 0 0 0 0 0 0 0 0 0 0.247607902 0 0.192030117 0 0 0 0 0 0 0.388883173 0.388480216 0 0 0 0 0 1 0 0 0 0.111111112 0.244650543 0.40310201 0.334173948 0.749237418 1 1
G1890 0 0.00534707587 1.32184601 0 0.429962963 1.79027903 0 0.00916749611 0 0 0 0 0.00581607036 0.120020546 0 0.317649573 0.00650437735 0.56156379 0 0 0 0 0 0 0.630105674 0.278815776 0 0 0.257276803 0 0 0 0.00317862513 0 0 0 0 0 0.829456031 0 0.9628371 0 0.212810755 0 0 0 0 0 0 0 0 0 0 0.247607902 0 0.192030117 0 0 0 0 0 0 0.388883173 0.388480216 0 0 0 0 0 1 0 0 0 0.111111112 0.244650543 0.390522659 0.307701409 0.749237418 1 1
G1895 0 0.00534707587 1.32184601 0 0.429962963 1.79027903 0 0.00916749611 0 0 0 0 0.00581607036 0.120020546 0 0.317649573 0.00650437735 0.56156379 0 0 0 0 0 0 0.630105674 0.278815776 0 0 0.257276803 0 0 0 0.00317862513 0 0 0 0 0 0.829456031 0 0.9628371 0 0.212810755 0 0 0 0 0 0 0 0 0 0 0.247607902 0 0.192030117 0 0 0 0 0 0 0.388883173 0.388480216 0 0 0 0 0 1 0 0 0 0.111111112 0.244650543 0.425591439 0.334173948 0.761112571 1 1
G1896 0 0.00534707587 1.32184601 0 0.429962963 1.79027903 0 0.00916749611 0 0 0 0 0.00581607036 0.120020546 0 0.317649573 0.00650437735 0.56156379 0 0 0 0 0 0 0.630105674 0.278815776 0 0 0.257276803 0 0 0 0.00317862513 0 0 0 0 0 0.829456031 0 0.9628371 0 0.212810755 0 0 0 0 0 0 0 0 0 0 0.247607902 0 0.192030117 0 0 0 0 0 0 0.388883173 0.388480216 0 0 0 0 0 1 0 0 0 0.111111112 0.244650543 0.414748639 0.307701409 0.761112571 1 1
G1897 0 0.00534707587 1.32184601 0 0.429962963 1.79027903 0 0.00916749611 0 0 0 0 0.00581607036 0.120020546 0 0.317649573 0.00650437735 0.56156379 0 0 0 0 0 0 0.630105674 0.278815776 0 0 0.257276803 0 0 0 0.00317862513 0 0 0 0 0 0.829456031 0 0.9628371 0 0.212810755 0 0 0 0 0 0 0 0 0 0 0.247607902 0 0.192030117 0 0 0 0 0 0 0.388883173 0.388480216 0 0 0 0 0 1 0 0 0 0.111111112 0.244650543 0.40310201 0.334173948 0.761112571 1 1
G1898 0 0.00534707587 1.32184601 0 0.429962963 1.79027903 0 0.00916749611 0 0 0 0 0.00581607036 0.120020546 0 0.317649573 0.00650437735 0.56156379 0 0 0 0 0 0 0.630105674 0.278815776 0 0 0.257276803 0 0 0 0.00317862513 0 0 0 0 0 0.829456031 0 0.9628371 0 0.212810755 0 0 0 0 0 0 0 0 0 0 0.247607902 0 0.192030117 0 0 0 0 0 0 0.388883173 0.388480216 0 0 0 0 0 1 0 0 0 0.111111112 0.244650543 0.390522659 0.307701409 0.761112571 1 1
G1903 0 0.00534707587 1.32184601 0 0.429962963 1.79027903 0 0.00916749611 0 0 0 0 0.00581607036 0.120020546 0 0.317649573 0.00650437735 0.56156379 0 0 0 0 0 0 0.630105674 0.278815776 0 0 0.257276803 0 0 0 0.00317862513 0 0 0 0 0 0.829456031 0 0.9628371 0 0.212810755 0 0 0 0 0 0 0 0 0 0 0.247607902 0 0.192030117 0 0 0 0 0 0 0.388883173 0.388480216 0 0 0 0 0 1 0 0 0 0.111111112 0.244650543 0.425591439 0.334173948 0.750263631 1 1
G1904 0 0.00534707587 1.32184601 0 0.429962963 1.79027903 0 0.00916749611 0 0 0 0 0.00581607036 0.120020546 0 0.317649573 0.00650437735 0.56156379 0 0 0 0 0 0 0.630105674 0.278815776 0 0 0.257276803 0 0 0 0.00317862513 0 0 0 0 0 0.829456031 0 0.9628371 0 0.212810755 0 0 0 0 0 0 0 0 0 0 0.247607902 0 0.192030117 0 0 0 0 0 0 0.388883173 0.388480216 0 0 0 0 0 1 0 0 0 0.111111112 0.244650543 0.414748639 0.307701409 0.750263631 1 1
G1905 0 0.00534707587 1.32184601 0 0.429962963 1.79027903 0 0.00916749611 0 0 0 0 0.00581607036 0.120020546 0 0.317649573 0.00650437735 0.56156379 0 0 0 0 0 0 0.630105674 0.278815776 0 0 0.257276803 0 0 0 0.00317862513 0 0 0 0 0 0.829456031 0 0.9628371 0 0.212810755 0 0 0 0 0 0 0 0 0 0 0.247607902 0 0.192030117 0 0 0 0 0 0 0.388883173 0.388480216 0 0 0 0 0 1 0 0 0 0.111111112 0.244650543 0.40310201 0.334173948 0.750263631 1 1
G1906 0 0.00534707587 1.32184601 0 0.429962963 1.79027903 0 0.00916749611 0 0 0 0 0.00581607036 0.120020546 0 0.317649573 0.00650437735 0.56156379 0 0 0 0 0 0 0.630105674 0.278815776 0 0 0.257276803 0 0 0 0.00317862513 0 0 0 0 0 0.829456031 0 0.9628371 0 0.212810755 0 0 0 0 0 0 0 0 0 0 0.247607902 0 0.192030117 0 0 0 0 0 0 0.388883173 0.388480216 0 0 0 0 0 1 0 0 0 0.111111112 0.244650543 0.390522659 0.307701409 0.750263631 1 1
G1911 0 0.00534707587 1.32184601 0 0.429962963 1.79027903 0 0.00916749611 0 0 0 0 0.00581607036 0.120020546 0 0.317649573 0.00650437735 0.56156379 0 0 0 0 0 0 0.630105674 0.278815776 0 0 0.257276803 0 0 0 0.00317862513 0 0 0 0 0 0.829456031 0 0.9628371 0 0.212810755 0 0 0 0 0 0 0 0 0 0 0.247607902 0 0.192030117 0 0 0 0 0 0 0.388883173 0.388480216 0 0 0 0 0 1 0 0 0 0.111111112 0.244650543 0.425591439 0.334173948 0.750263631 1 1
G1912 0 0.00534707587 1.32184601 0 0.429962963 1.79027903 0 0.00916749611 0 0 0 0 0.00581607036 0.120020546 0 0.317649573 0.00650437735 0.56156379 0 0 0 0 0 0 0.630105674 0.278815776 0 0 0.257276803 0 0 0 0.00317862513 0 0 0 0 0 0.829456031 0 0.9628371 0 0.212810755 0 0 0 0 0 0 0 0 0 0 0.247607902 0 0.192030117 0 0 0 0 0 0 0.388883173 0.388480216 0 0 0 0 0 1 0 0 0 0.111111112 0.244650543 0.414748639 0.307701409 0.750263631 1 1
G1913 0 0.00534707587 1.32184601 0 0.429962963 1.79027903 0 0.00916749611 0 0 0 0 0.00581607036 0.120020546 0 0.317649573 0.00650437735 0.56156379 0 0 0 0 0 0 0.630105674 0.278815776 0 0 0.257276803 0 0 0 0.00317862513 0 0 0 0 0 0.829456031 0 0.9628371 0 0.212810755 0 0 0 0 0 0 0 0 0 0 0.247607902 0 0.192030117 0 0 0 0 0 0 0.388883173 0.388480216 0 0 0 0 0 1 0 0 0 0.111111112 0.244650543 0.40310201 0.334173948 0.750263631 1 1
G1914 0 0.00534707587 1.32184601 0 0.429962963 1.79027903 0 0.00916749611 0 0 0 0 0.00581607036 0.120020546 0 0.317649573 0.00650437735 0.56156379 0 0 0 0 0 0 0.630105674 0.278815776 0 0 0.257276803 0 0 0 0.00317862513 0 0 0 0 0 0.829456031 0 0.9628371 0 0.212810755 0 0 0 0 0 0 0 0 0 0 0.247607902 0 0.192030117 0 0 0 0 0 0 0.388883173 0.388480216 0 0 0 0 0 1 0 0 0 0.111111112 0.244650543 0.390522659 0.307701409 0.750263631 1 1
G1919 0 0.00534707587 1.32184601 0 0.429962963 1.79027903 0 0.00916749611 0 0 0 0 0.00581607036 0.120020546 0 0.317649573 0.00650437735 0.56156379 0 0 0 0 0 0 0.630105674 0.278815776 0 0 0.257276803 0 0 0 0.00317862513 0 0 0 0 0 0.829456031 0 0.9628371 0 0.212810755 0 0 0 0 0 0 0 0 0 0 0.247607902 0 0.192030117 0 0 0 0 0 0 0.388883173 0.388480216 0 0 0 0 0 1 0 0 0 0.111111112 0.244650543 0.425591439 0.334173948 0.749237418 1 1
G1920 0 0.00534707587 1.32184601 0 0.429962963 1.79027903 0 0.00916749611 0 0 0 0 0.00581607036 0.120020546 0 0.317649573 0.00650437735 0.56156379 0 0 0 0 0 0 0.630105674 0.278815776 0 0 0.257276803 0 0 0 0.00317862513 0 0 0 0 0 0.829456031 0 0.9628371 0 0.212810755 0 0 0 0 0 0 0 0 0 0 0.247607902 0 0.192030117 0 0 0 0 0 0 0.388883173 0.388480216 0 0 0 0 0 1 0 0 0 0.111111112 0.244650543 0.414748639 0.307701409 0.749237418 1 1
G1921 0 0.00534707587 1.32184601 0 0.429962963 1.79027903 0 0.00916749611 0 0 0 0 0.00581607036 0.120020546 0 0.317649573 0.00650437735 0.56156379 0 0 0 0 0 0 0.630105674 0.278815776 0 0 0.257276803 0 0 0 0.00317862513 0 0 0 0 0 0.829456031 0 0.9628371 0 0.212810755 0 0 0 0 0 0 0 0 0 0 0.247607902 0 0.192030117 0 0 0 0 0 0 0.388883173 0.388480216 0 0 0 0 0 1 0 0 0 0.111111112 0.244650543 0.40310201 0.334173948 0.749237418 1 1
G1922 0 0.00534707587 1.32184601 0 0.429962963 1.79027903 0 0.00916749611 0 0 0 0 0.00581607036 0.120020546 0 0.317649573 0.00650437735 0.56156379 0 0 0 0 0 0 0.630105674 0.278815776 0 0 0.257276803 0 0 0 0.00317862513 0 0 0 0 0 0.829456031 0 0.9628371 0 0.212810755 0 0 0 0 0 0 0 0 0 0 0.247607902 0 0.192030117 0 0 0 0 0 0 0.388883173 0.388480216 0 0 0 0 0 1 0 0 0 0.111111112 0.244650543 0.390522659 0.307701409 0.749237418 1 1
G1927 0 0.00534707587 1.32184601 0 0.429962963 1.79027903 0 0.00916749611 0 0 0 0 0.00581607036 0.120020546 0 0.317649573 0.00650437735 0.56156379 0 0 0 0 0 0 0.630105674 0.278815776 0 0 0.257276803 0 0 0 0.00317862513 0 0 0 0 0 0.829456031 0 0.9628371 0 0.212810755 0 0 0 0 0 0 0 0 0 0 0.247607902 0 0.192030117 0 0 0 0 0 0 0.388883173 0.388480216 0 0 0 0 0 1 0 0 0 0.111111112 0.244650543 0.425591439 0.334173948 0.754299879 1 1
G1928 0 0.00534707587 1.32184601 0 0.429962963 1.79027903 0 0.00916749611 0 0 0 0 0.00581607036 0.120020546 0 0.317649573 0.00650437735 0.56156379 0 0 0 0 0 0 0.630105674 0.278815776 0 0 0.257276803 0 0 0 0.00317862513 0 0 0 0 0 0.829456031 0 0.9628371 0 0.212810755 0 0 0 0 0 0 0 0 0 0 0.247607902 0 0.192030117 0 0 0 0 0 0 0.388883173 0.388480216 0 0 0 0 0 1 0 0 0 0.111111112 0.244650543 0.414748639 0.307701409 0.754299879 1 1
G1929 0 0.00534707587 1.32184601 0 0.429962963 1.79027903 0 0.00916749611 0 0 0 0 0.00581607036 0.120020546 0 0.317649573 0.00650437735 0.56156379 0 0 0 0 0 0 0.630105674 0.278815776 0 0 0.257276803 0 0 0 0.00317862513 0 0 0 0 0 0.829456031 0 0.9628371 0 0.212810755 0 0 0 0 0 0 0 0 0 0 0.247607902 0 0.192030117 0 0 0 0 0 0 0.388883173 0.388480216 0 0 0 0 0 1 0 0 0 0.111111112 0.244650543 0.40310201 0.334173948 0.754299879 1 1
G1930 0 0.00534707587 1.32184601 0 0.429962963 1.79027903 0 0.00916749611 0 0 0 0 0.00581607036 0.120020546 0 0.317649573 0.00650437735 0.56156379 0 0 0 0 0 0 0.630105674 0.278815776 0 0 0.257276803 0 0 0 0.00317862513 0 0 0 0 0 0.829456031 0 0.9628371 0 0.212810755 0 0 0 0 0 0 0 0 0 0 0.247607902 0 0.192030117 0 0 0 0 0 0 0.388883173 0.388480216 0 0 0 0 0 1 0 0 0 0.111111112 0.244650543 0.390522659 0.307701409 0.754299879 1 1
G1935 0 0.00534707587 1.32184601 0 0.429962963 1.79027903 0 0.00916749611 0 0 0 0 0.00581607036 0.120020546 0 0.317649573 0.00650437735 0.56156379 0 0 0 0 0 0 0.630105674 0.278815776 0 0 0.257276803 0 0 0 0.00317862513 0 0 0 0 0 0.829456031 0 0.9628371 0 0.212810755 0 0 0 0 0 0 0 0 0 0 0.247607902 0 0.192030117 0 0 0 0 0 0 0.388883173 0.388480216 0 0 0 0 0 1 0 0 0 0.111111112 0.244650543 0.425591439 0.334173948 0.753300905 1 1
G1936 0 0.00534707587 1.32184601 0 0.429962963 1.79027903 0 0.00916749611 0 0 0 0 0.00581607036 0.120020546 0 0.317649573 0.00650437735 0.56156379 0 0 0 0 0 0 0.630105674 0.278815776 0 0 0.257276803 0 0 0 0.00317862513 0 0 0 0 0 0.829456031 0 0.9628371 0 0.212810755 0 0 0 0 0 0 0 0 0 0 0.247607902 0 0.192030117 0 0 0 0 0 0 0.388883173 0.388480216 0 0 0 0 0 1 0 0 0 0.111111112 0.244650543 0.414748639 0.307701409 0.753300905 1 1
G1937 0 0.00534707587 1.32184601 0 0.429962963 1.79027903 0 0.00916749611 0 0 0 0 0.00581607036 0.120020546 0 0.317649573 0.00650437735 0.56156379 0 0 0 0 0 0 0.630105674 0.278815776 0 0 0.257276803 0 0 0 0.00317862513 0 0 0 0 0 0.829456031 0 0.9628371 0 0.212810755 0 0 0 0 0 0 0 0 0 0 0.247607902 0 0.192030117 0 0 0 0 0 0 0.388883173 0.388480216 0 0 0 0 0 1 0 0 0 0.111111112 0.244650543 0.40310201 0.334173948 0.753300905 1 1
G1938 0 0.00534707587 1.32184601 0 0.429962963 1.79027903 0 0.00916749611 0 0 0 0 0.00581607036 0.120020546 0 0.317649573 0.00650437735 0.56156379 0 0 0 0 0 0 0.630105674 0.278815776 0 0 0.257276803 0 0 0 0.00317862513 0 0 0 0 0 0.829456031 0 0.9628371 0 0.212810755 0 0 0 0 0 0 0 0 0 0 0.247607902 0 0.192030117 0 0 0 0 0 0 0.388883173 0.388480216 0 0 0 0 0 1 0 0 0 0.111111112 0.244650543 0.390522659 0.307701409 0.753300905 1 1
G1943 0 0.00534707587 1.32184601 0 0.429962963 1.79027903 0 0.00916749611 0 0 0 0 0.00581607036 0.120020546 0 0.317649573 0.00650437735 0.56156379 0 0 0 0 0 0 0.630105674 0.278815776 0 0 0.257276803 0 0 0 0.00317862513 0 0 0 0 0 0.829456031 0 0.9628371 0 0.212810755 0 0 0 0 0 0 0 0 0 0 0.247607902 0 0.192030117 0 0 0 0 0 0 0.388883173 0.388480216 0 0 0 0 0 1 0 0 0 0.111111112 0.244650543 0.425591439 0.334173948 0.752295315 1 1
G1944 0 0.00534707587 1.32184601 0 0.429962963 1.79027903 0 0.00916749611 0 0 0 0 0.00581607036 0.120020546 0 0.317649573 0.00650437735 0.56156379 0 0 0 0 0 0 0.630105674 0.278815776 0 0 0.257276803 0 0 0 0.00317862513 0 0 0 0 0 0.829456031 0 0.9628371 0 0.212810755 0 0 0 0 0 0 0 0 0 0 0.247607902 0 0.192030117 0 0 0 0 0 0 0.388883173 0.388480216 0 0 0 0 0 1 0 0 0 0.111111112 0.244650543 0.414748639 0.307701409 0.752295315 1 1
G1945 0 0.00534707587 1.32184601 0 0.429962963 1.79027903 0 0.00916749611 0 0 0 0 0.00581607036 0.120020546 0 0.317649573 0.00650437735 0.56156379 0 0 0 0 0 0 0.630105674 0.278815776 0 0 0.257276803 0 0 0 0.00317862513 0 0 0 0 0 0.829456031 0 0.9628371 0 0.212810755 0 0 0 0 0 0 0 0 0 0 0.247607902 0 0.192030117 0 0 0 0 0 0 0.388883173 0.388480216 0 0 0 0 0 1 0 0 0 0.111111112 0.244650543 0.40310201 0.334173948 0.752295315 1 1
G1946 0 0.00534707587 1.32184601 0 0.429962963 1.79027903 0 0.00916749611 0 0 0 0 0.00581607036 0.120020546 0 0.317649573 0.00650437735 0.56156379 0 0 0 0 0 0 0.630105674 0.278815776 0 0 0.257276803 0 0 0 0.00317862513 0 0 0 0 0 0.829456031 0 0.9628371 0 0.212810755 0 0 0 0 0 0 0 0 0 0 0.247607902 0 0.192030117 0 0 0 0 0 0 0.388883173 0.388480216 0 0 0 0 0 1 0 0 0 0.111111112 0.244650543 0.390522659 0.307701409 0.752295315 1 1
G1951 0 0.00534707587 1.32184601 0 0.429962963 1.79027903 0 0.00916749611 0 0 0 0 0.00581607036 0.120020546 0 0.317649573 0.00650437735 0.56156379 0 0 0 0 0 0 0.630105674 0.278815776 0 0 0.257276803 0 0 0 0.00317862513 0 0 0 0 0 0.829456031 0 0.9628371 0 0.212810755 0 0 0 0 0 0 0 0 0 0 0.247607902 0 0.192030117 0 0 0 0 0 0 0.388883173 0.388480216 0 0 0 0 0 1 0 0 0 0.111111112 0.244650543 0.425591439 0.334173948 0.741850793 1 1
G1952 0 0.00534707587 1.32184601 0 0.429962963 1.79027903 0 0.00916749611 0 0 0 0 0.00581607036 0.120020546 0 0.317649573 0.00650437735 0.56156379 0 0 0 0 0 0 0.630105674 0.278815776 0 0 0.257276803 0 0 0 0.00317862513 0 0 0 0 0 0.829456031 0 0.9628371 0 0.212810755 0 0 0 0 0 0 0 0 0 0 0.247607902 0 0.192030117 0 0 0 0 0 0 0.388883173 0.388480216 0 0 0 0 0 1 0 0 0 0.111111112 0.244650543 0.414748639 0.307701409 0.741850793 1 1
G1953 0 0.00534707587 1.32184601 0 0.429962963 1.79027903 0 0.00916749611 0 0 0 0 0.00581607036 0.120020546 0 0.317649573 0.00650437735 0.56156379 0 0 0 0 0 0 0.630105674 0.278815776 0 0 0.257276803 0 0 0 0.00317862513 0 0 0 0 0 0.829456031 0 0.9628371 0 0.212810755 0 0 0 0 0 0 0 0 0 0 0.247607902 0 0.192030117 0 0 0 0 0 0 0.388883173 0.388480216 0 0 0 0 0 1 0 0 0 0.111111112 0.244650543 0.40310201 0.334173948 0.741850793 1 1
G1954 0 0.00534707587 1.32184601 0 0.429962963 1.79027903 0 0.00916749611 0 0 0 0 0.00581607036 0.120020546 0 0.317649573 0.00650437735 0.56156379 0 0 0 0 0 0 0.630105674 0.278815776 0 0 0.257276803 0 0 0 0.00317862513 0 0 0 0 0 0.829456031 0 0.9628371 0 0.212810755 0 0 0 0 0 0 0 0 0 0 0.247607902 0 0.192030117 0 0 0 0 0 0 0.388883173 0.388480216 0 0 0 0 0 1 0 0 0 0.111111112 0.244650543 0.390522659 0.307701409 0.741850793 1 1
G2044 0 0.00534707587 1.32184601 0 0.429962963 1.79027903 0 0.00916749611 0 0 0 0 0.00581607036 0.120020546 0 0.317649573 0.00650437735 0.56156379 0 0 0 0 0 0 0.630105674 0.278815776 0 0 0.257276803 0 0 0 0.00317862513 0 0 0 0 0 0.829456031 0 0.9628371 0 0.212810755 0 0 0 0 0 0 0 0 0 0 0.247607902 0 0.192030117 0 0 0 0 0 0 0.388883173 0.388480216 0 1 0 0 0 0 0 0 0 0.129629627 0.244650543 0.172655582 0.377332509 0.752295315 1 1
G2045 0 0.00534707587 1.32184601 0 0.429962963 1.79027903 0 0.00916749611 0 0 0 0 0.00581607036 0.120020546 0 0.317649573 0.00650437735 0.56156379 0 0 0 0 0 0 0.630105674 0.278815776 0 0 0.257276803 0 0 0 0.00317862513 0 0 0 0 0 0.829456031 0 0.9628371 0 0.212810755 0 0 0 0 0 0 0 0 0 0 0.247607902 0 0.192030117 0 0 0 0 0 0 0.388883173 0.388480216 0 1 0 0 0 0 0 0 0 0.129629627 0.244650543 0.172655582 0.357105464 0.752295315 1 1
G2046 0 0.00534707587 1.32184601 0 0.429962963 1.79027903 0 0.00916749611 0 0 0 0 0.00581607036 0.120020546 0 0.317649573 0.00650437735 0.56156379 0 0 0 0 0 0 0.630105674 0.278815776 0 0 0.257276803 0 0 0 0.00317862513 0 0 0 0 0 0.829456031 0 0.9628371 0 0.212810755 0 0 0 0 0 0 0 0 0 0 0.247607902 0 0.192030117 0 0 0 0 0 0 0.388883173 0.388480216 0 1 0 0 0 0 0 0 0 0.129629627 0.244650543 0.172655582 0.377332509 0.752295315 1 1
G2047 0 0.00534707587 1.32184601 0 0.429962963 1.79027903 0 0.00916749611 0 0 0 0 0.00581607036 0.120020546 0 0.317649573 0.00650437735 0.56156379 0 0 0 0 0 0 0.630105674 0.278815776 0 0 0.257276803 0 0 0 0.00317862513 0 0 0 0 0 0.829456031 0 0.9628371 0 0.212810755 0 0 0 0 0 0 0 0 0 0 0.247607902 0 0.192030117 0 0 0 0 0 0 0.388883173 0.388480216 0 1 0 0 0 0 0 0 0 0.129629627 0.244650543 0.172655582 0.357105464 0.752295315 1 1
G2052 0 0.00534707587 1.32184601 0 0.429962963 1.79027903 0 0.00916749611 0 0 0 0 0.00581607036 0.120020546 0 0.317649573 0.00650437735 0.56156379 0 0 0 0 0 0 0.630105674 0.278815776 0 0 0.257276803 0 0 0 0.00317862513 0 0 0 0 0 0.829456031 0 0.9628371 0 0.212810755 0 0 0 0 0 0 0 0 0 0 0.247607902 0 0.192030117 0 0 0 0 0 0 0.388883173 0.388480216 0 1 0 0 0 0 0 0 0 0.129629627 0.244650543 0.172655582 0.377332509 0.742928505 1 1
G2053 0 0.00534707587 1.32184601 0 0.429962963 1.79027903 0 0.00916749611 0 0 0 0 0.00581607036 0.120020546 0 0.317649573 0.00650437735 0.56156379 0 0 0 0 0 0 0.630105674 0.278815776 0 0 0.257276803 0 0 0 0.00317862513 0 0 0 0 0 0.829456031 0 0.9628371 0 0.212810755 0 0 0 0 0 0 0 0 0 0 0.247607902 0 0.192030117 0 0 0 0 0 0 0.388883173 0.388480216 0 1 0 0 0 0 0 0 0 0.129629627 0.244650543 0.172655582 0.357105464 0.742928505 1 1
G2054 0 0.00534707587 1.32184601 0 0.429962963 1.79027903 0 0.00916749611 0 0 0 0 0.00581607036 0.120020546 0 0.317649573 0.00650437735 0.56156379 0 0 0 0 0 0 0.630105674 0.278815776 0 0 0.257276803 0 0 0 0.00317862513 0 0 0 0 0 0.829456031 0 0.9628371 0 0.212810755 0 0 0 0 0 0 0 0 0 0 0.247607902 0 0.192030117 0 0 0 0 0 0 0.388883173 0.388480216 0 1 0 0 0 0 0 0 0 0.129629627 0.244650543 0.172655582 0.377332509 0.742928505 1 1
G2055 0 0.00534707587 1.32184601 0 0.429962963 1.79027903 0 0.00916749611 0 0 0 0 0.00581607036 0.120020546 0 0.317649573 0.00650437735 0.56156379 0 0 0 0 0 0 0.630105674 0.278815776 0 0 0.257276803 0 0 0 0.00317862513 0 0 0 0 0 0.829456031 0 0.9628371 0 0.212810755 0 0 0 0 0 0 0 0 0 0 0.247607902 0 0.192030117 0 0 0 0 0 0 0.388883173 0.388480216 0 1 0 0 0 0 0 0 0 0.129629627 0.244650543 0.172655582 0.357105464 0.742928505 1 1
G2060 0 0.00534707587 1.32184601 0 0.429962963 1.79027903 0 0.00916749611 0 0 0 0 0.00581607036 0.120020546 0 0.317649573 0.00650437735 0.56156379 0 0 0 0 0 0 0.630105674 0.278815776 0 0 0.257276803 0 0 0 0.00317862513 0 0 0 0 0 0.829456031 0 0.9628371 0 0.212810755 0 0 0 0 0 0 0 0 0 0 0.247607902 0 0.192030117 0 0 0 0 0 0 0.388883173 0.388480216 0 1 0 0 0 0 0 0 0 0.129629627 0.244650543 0.172655582 0.377332509 0.74506104 1 1
G2061 0 0.00534707587 1.32184601 0 0.429962963 1.79027903 0 0.00916749611 0 0 0 0 0.00581607036 0.120020546 0 0.317649573 0.00650437735 0.56156379 0 0 0 0 0 0 0.630105674 0.278815776 0 0 0.257276803 0 0 0 0.00317862513 0 0 0 0 0 0.829456031 0 0.9628371 0 0.212810755 0 0 0 0 0 0 0 0 0 0 0.247607902 0 0.192030117 0 0 0 0 0 0 0.388883173 0.388480216 0 1 0 0 0 0 0 0 0 0.129629627 0.244650543 0.172655582 0.357105464 0.74506104 1 1
G2062 0 0.00534707587 1.32184601 0 0.429962963 1.79027903 0 0.00916749611 0 0 0 0 0.00581607036 0.120020546 0 0.317649573 0.00650437735 0.56156379 0 0 0 0 0 0 0.630105674 0.278815776 0 0 0.257276803 0 0 0 0.00317862513 0 0 0 0 0 0.829456031 0 0.9628371 0 0.212810755 0 0 0 0 0 0 0 0 0 0 0.247607902 0 0.192030117 0 0 0 0 0 0 0.388883173 0.388480216 0 1 0 0 0 0 0 0 0 0.129629627 0.244650543 0.172655582 0.377332509 0.74506104 1 1
G2063 0 0.00534707587 1.32184601 0 0.429962963 1.79027903 0 0.00916749611 0 0 0 0 0.00581607036 0.120020546 0 0.317649573 0.00650437735 0.56156379 0 0 0 0 0 0 0.630105674 0.278815776 0 0 0.257276803 0 0 0 0.00317862513 0 0 0 0 0 0.829456031 0 0.9628371 0 0.212810755 0 0 0 0 0 0 0 0 0 0 0.247607902 0 0.192030117 0 0 0 0 0 0 0.388883173 0.388480216 0 1 0 0 0 0 0 0 0 0.129629627 0.244650543 0.172655582 0.357105464 0.74506104 1 1
G2068 0 0.00534707587 1.32184601 0 0.429962963 1.79027903 0 0.00916749611 0 0 0 0 0.00581607036 0.120020546 0 0.317649573 0.00650437735 0.56156379 0 0 0 0 0 0 0.630105674 0.278815776 0 0 0.257276803 0 0 0 0.00317862513 0 0 0 0 0 0.829456031 0 0.9628371 0 0.212810755 0 0 0 0 0 0 0 0 0 0 0.247607902 0 0.192030117 0 0 0 0 0 0 0.388883173 0.388480216 0 1 0 0 0 0 0 0 0 0.129629627 0.244650543 0.172655582 0.377332509 0.746116042 1 1
G2069 0 0.00534707587 1.32184601 0 0.429962963 1.79027903 0 0.00916749611 0 0 0 0 0.00581607036 0.120020546 0 0.317649573 0.00650437735 0.56156379 0 0 0 0 0 0 0.630105674 0.278815776 0 0 0.257276803 0 0 0 0.00317862513 0 0 0 0 0 0.829456031 0 0.9628371 0 0.212810755 0 0 0 0 0 0 0 0 0 0 0.247607902 0 0.192030117 0 0 0 0 0 0 0.388883173 0.388480216 0 1 0 0 0 0 0 0 0 0.129629627 0.244650543 0.172655582 0.357105464 0.746116042 1 1
G2070 0 0.00534707587 1.32184601 0 0.429962963 1.79027903 0 0.00916749611 0 0 0 0 0.00581607036 0.120020546 0 0.317649573 0.00650437735 0.56156379 0 0 0 0 0 0 0.630105674 0.278815776 0 0 0.257276803 0 0 0 0.00317862513 0 0 0 0 0 0.829456031 0 0.9628371 0 0.212810755 0 0 0 0 0 0 0 0 0 0 0.247607902 0 0.192030117 0 0 0 0 0 0 0.388883173 0.388480216 0 1 0 0 0 0 0 0 0 0.129629627 0.244650543 0.172655582 0.377332509 0.746116042 1 1
G2071 0 0.00534707587 1.32184601 0 0.429962963 1.79027903 0 0.00916749611 0 0 0 0 0.00581607036 0.120020546 0 0.317649573 0.00650437735 0.56156379 0 0 0 0 0 0 0.630105674 0.278815776 0 0 0.257276803 0 0 0 0.00317862513 0 0 0 0 0 0.829456031 0 0.9628371 0 0.212810755 0 0 0 0 0 0 0 0 0 0 0.247607902 0 0.192030117 0 0 0 0 0 0 0.388883173 0.388480216 0 1 0 0 0 0 0 0 0 0.129629627 0.244650543 0.172655582 0.357105464 0.746116042 1 1
G2076 0 0.00534707587 1.32184601 0 0.429962963 1.79027903 0 0.00916749611 0 0 0 0 0.00581607036 0.120020546 0 0.317649573 0.00650437735 0.56156379 0 0 0 0 0 0 0.630105674 0.278815776 0 0 0.257276803 0 0 0 0.00317862513 0 0 0 0 0 0.829456031 0 0.9628371 0 0.212810755 0 0 0 0 0 0 0 0 0 0 0.247607902 0 0.192030117 0 0 0 0 0 0 0.388883173 0.388480216 0 1 0 0 0 0 0 0 0 0.129629627 0.244650543 0.217867076 0.395426244 0.752295315 1 1
G2077 0 0.00534707587 1.32184601 0 0.429962963 1.79027903 0 0.00916749611 0 0 0 0 0.00581607036 0.120020546 0 0.317649573 0.00650437735 0.56156379 0 0 0 0 0 0 0.630105674 0.278815776 0 0 0.257276803 0 0 0 0.00317862513 0 0 0 0 0 0.829456031 0 0.9628371 0 0.212810755 0 0 0 0 0 0 0 0 0 0 0.247607902 0 0.192030117 0 0 0 0 0 0 0.388883173 0.388480216 0 1 0 0 0 0 0 0 0 0.129629627 0.244650543 0.172655582 0.357105464 0.753300905 1 1
G2078 0 0.00534707587 1.32184601 0 0.429962963 1.79027903 0 0.00916749611 0 0 0 0 0.00581607036 0.120020546 0 0.317649573 0.00650437735 0.56156379 0 0 0 0 0 0 0.630105674 0.278815776 0 0 0.257276803 0 0 0 0.00317862513 0 0 0 0 0 0.829456031 0 0.9628371 0 0.212810755 0 0 0 0 0 0 0 0 0 0 0.247607902 0 0.192030117 0 0 0 0 0 0 0.388883173 0.388480216 0 1 0 0 0 0 0 0 0 0.129629627 0.244650543 0.172655582 0.377332509 0.753300905 1 1
G2079 0 0.00534707587 1.32184601 0 0.429962963 1.79027903 0 0.00916749611 0 0 0 0 0.00581607036 0.120020546 0 0.317649573 0.00650437735 0.56156379 0 0 0 0 0 0 0.630105674 0.278815776 0 0 0.257276803 0 0 0 0.00317862513 0 0 0 0 0 0.829456031 0 0.9628371 0 0.212810755 0 0 0 0 0 0 0 0 0 0 0.247607902 0 0.192030117 0 0 0 0 0 0 0.388883173 0.388480216 0 1 0 0 0 0 0 0 0 0.129629627 0.244650543 0.172655582 0.357105464 0.753300905 1 1
G2084 0 0.00534707587 1.32184601 0 0.429962963 1.79027903 0 0.00916749611 0 0 0 0 0.00581607036 0.120020546 0 0.317649573 0.00650437735 0.56156379 0 0 0 0 0 0 0.630105674 0.278815776 0 0 0.257276803 0 0 0 0.00317862513 0 0 0 0 0 0.829456031 0 0.9628371 0 0.212810755 0 0 0 0 0 0 0 0 0 0 0.247607902 0 0.192030117 0 0 0 0 0 0 0.388883173 0.388480216 0 1 0 0 0 0 0 0 0 0.129629627 0.244650543 0.217867076 0.395426244 0.753300905 1 1
G2085 0 0.00534707587 1.32184601 0 0.429962963 1.79027903 0 0.00916749611 0 0 0 0 0.00581607036 0.120020546 0 0.317649573 0.00650437735 0.56156379 0 0 0 0 0 0 0.630105674 0.278815776 0 0 0.257276803 0 0 0 0.00317862513 0 0 0 0 0 0.829456031 0 0.9628371 0 0.212810755 0 0 0 0 0 0 0 0 0 0 0.247607902 0 0.192030117 0 0 0 0 0 0 0.388883173 0.388480216 0 1 0 0 0 0 0 0 0 0.129629627 0.244650543 0.217867076 0.377332509 0.753300905 1 1
G2086 0 0.00534707587 1.32184601 0 0.429962963 1.79027903 0 0.00916749611 0 0 0 0 0.00581607036 0.120020546 0 0.317649573 0.00650437735 0.56156379 0 0 0 0 0 0 0.630105674 0.278815776 0 0 0.257276803 0 0 0 0.00317862513 0 0 0 0 0 0.829456031 0 0.9628371 0 0.212810755 0 0 0 0 0 0 0 0 0 0 0.247607902 0 0.192030117 0 0 0 0 0 0 0.388883173 0.388480216 0 1 0 0 0 0 0 0 0 0.129629627 0.244650543 0.172655582 0.377332509 0.754299879 1 1
G2087 0 0.00534707587 1.32184601 0 0.429962963 1.79027903 0 0.00916749611 0 0 0 0 0.00581607036 0.120020546 0 0.317649573 0.00650437735 0.56156379 0 0 0 0 0 0 0.630105674 0.278815776 0 0 0.257276803 0 0 0 0.00317862513 0 0 0 0 0 0.829456031 0 0.9628371 0 0.212810755 0 0 0 0 0 0 0 0 0 0 0.247607902 0 0.192030117 0 0 0 0 0 0 0.388883173 0.388480216 0 1 0 0 0 0 0 0 0 0.129629627 0.244650543 0.172655582 0.357105464 0.754299879 1 1
G2093 0 0.00534707587 1.32184601 0 0.429962963 1.79027903 0 0.00916749611 0 0 0 0 0.00581607036 0.120020546 0 0.317649573 0.00650437735 0.56156379 0 0 0 0 0 0 0.630105674 0.278815776 0 0 0.257276803 0 0 0 0.00317862513 0 0 0 0 0 0.829456031 0 0.9628371 0 0.212810755 0 0 0 0 0 0 0 0 0 0 0.247607902 0 0.192030117 0 0 0 0 0 0 0.388883173 0.388480216 0 1 0 0 0 0 0 0 0 0.129629627 0.244650543 0.217867076 0.377332509 0.754299879 1 1
G2094 0 0.00534707587 1.32184601 0 0.429962963 1.79027903 0 0.00916749611 0 0 0 0 0.00581607036 0.120020546 0 0.317649573 0.00650437735 0.56156379 0 0 0 0 0 0 0.630105674 0.278815776 0 0 0.257276803 0 0 0 0.00317862513 0 0 0 0 0 0.829456031 0 0.9628371 0 0.212810755 0 0 0 0 0 0 0 0 0 0 0.247607902 0 0.192030117 0 0 0 0 0 0 0.388883173 0.388480216 0 1 0 0 0 0 0 0 0 0.129629627 0.244650543 0.217867076 0.395426244 0.754299879 1 1
G2095 0 0.00534707587 1.32184601 0 0.429962963 1.79027903 0 0.00916749611 0 0 0 0 0.00581607036 0.120020546 0 0.317649573 0.00650437735 0.56156379 0 0 0 0 0 0 0.630105674 0.278815776 0 0 0.257276803 0 0 0 0.00317862513 0 0 0 0 0 0.829456031 0 0.9628371 0 0.212810755 0 0 0 0 0 0 0 0 0 0 0.247607902 0 0.192030117 0 0 0 0 0 0 0.388883173 0.388480216 0 1 0 0 0 0 0 0 0 0.129629627 0.244650543 0.172655582 0.357105464 0.755292237 1 1
G2100 0 0.00534707587 1.32184601 0 0.429962963 1.79027903 0 0.00916749611 0 0 0 0 0.00581607036 0.120020546 0 0.317649573 0.00650437735 0.56156379 0 0 0 0 0 0 0.630105674 0.278815776 0 0 0.257276803 0 0 0 0.00317862513 0 0 0 0 0 0.829456031 0 0.9628371 0 0.212810755 0 0 0 0 0 0 0 0 0 0 0.247607902 0 0.192030117 0 0 0 0 0 0 0.388883173 0.388480216 0 1 0 0 0 0 0 0 0 0.129629627 0.244650543 0.217867076 0.395426244 0.746116042 1 1
G2102 0 0.00534707587 1.32184601 0 0.429962963 1.79027903 0 0.00916749611 0 0 0 0 0.00581607036 0.120020546 0 0.317649573 0.00650437735 0.56156379 0 0 0 0 0 0 0.630105674 0.278815776 0 0 0.257276803 0 0 0 0.00317862513 0 0 0 0 0 0.829456031 0 0.9628371 0 0.212810755 0 0 0 0 0 0 0 0 0 0 0.247607902 0 0.192030117 0 0 0 0 0 0 0.388883173 0.388480216 0 1 0 0 0 0 0 0 0 0.129629627 0.244650543 0.217867076 0.395426244 0.746116042 1 1
G2103 0 0.00534707587 1.32184601 0 0.429962963 1.79027903 0 0.00916749611 0 0 0 0 0.00581607036 0.120020546 0 0.317649573 0.00650437735 0.56156379 0 0 0 0 0 0 0.630105674 0.278815776 0 0 0.257276803 0 0 0 0.00317862513 0 0 0 0 0 0.829456031 0 0.9628371 0 0.212810755 0 0 0 0 0 0 0 0 0 0 0.247607902 0 0.192030117 0 0 0 0 0 0 0.388883173 0.388480216 0 1 0 0 0 0 0 0 0 0.129629627 0.244650543 0.217867076 0.377332509 0.746116042 1 1
G2108 0 0.00534707587 1.32184601 0 0.429962963 1.79027903 0 0.00916749611 0 0 0 0 0.00581607036 0.120020546 0 0.317649573 0.00650437735 0.56156379 0 0 0 0 0 0 0.630105674 0.278815776 0 0 0.257276803 0 0 0 0.00317862513 0 0 0 0 0 0.829456031 0 0.9628371 0 0.212810755 0 0 0 0 0 0 0 0 0 0 0.247607902 0 0.192030117 0 0 0 0 0 0 0.388883173 0.388480216 0 1 0 0 0 0 0 0 0 0.129629627 0.244650543 0.217867076 0.395426244 0.758230567 1 1
G2109 0 0.00534707587 1.32184601 0 0.429962963 1.79027903 0 0.00916749611 0 0 0 0 0.00581607036 0.120020546 0 0.317649573 0.00650437735 0.56156379 0 0 0 0 0 0 0.630105674 0.278815776 0 0 0.257276803 0 0 0 0.00317862513 0 0 0 0 0 0.829456031 0 0.9628371 0 0.212810755 0 0 0 0 0 0 0 0 0 0 0.247607902 0 0.192030117 0 0 0 0 0 0 0.388883173 0.388480216 0 1 0 0 0 0 0 0 0 0.129629627 0.244650543 0.217867076 0.377332509 0.758230567 1 1
G2110 0 0.00534707587 1.32184601 0 0.429962963 1.79027903 0 0.00916749611 0 0 0 0 0.00581607036 0.120020546 0 0.317649573 0.00650437735 0.56156379 0 0 0 0 0 0 0.630105674 0.278815776 0 0 0.257276803 0 0 0 0.00317862513 0 0 0 0 0 0.829456031 0 0.9628371 0 0.212810755 0 0 0 0 0 0 0 0 0 0 0.247607902 0 0.192030117 0 0 0 0 0 0 0.388883173 0.388480216 0 1 0 0 0 0 0 0 0 0.129629627 0.244650543 0.217867076 0.395426244 0.758230567 1 1
G2111 0 0.00534707587 1.32184601 0 0.429962963 1.79027903 0 0.00916749611 0 0 0 0 0.00581607036 0.120020546 0 0.317649573 0.00650437735 0.56156379 0 0 0 0 0 0 0.630105674 0.278815776 0 0 0.257276803 0 0 0 0.00317862513 0 0 0 0 0 0.829456031 0 0.9628371 0 0.212810755 0 0 0 0 0 0 0 0 0 0 0.247607902 0 0.192030117 0 0 0 0 0 0 0.388883173 0.388480216 0 1 0 0 0 0 0 0 0 0.129629627 0.244650543 0.217867076 0.377332509 0.758230567 1 1
G2116 0 0.00534707587 1.32184601 0 0.429962963 1.79027903 0 0.00916749611 0 0 0 0 0.00581607036 0.120020546 0 0.317649573 0.00650437735 0.56156379 0 0 0 0 0 0 0.630105674 0.278815776 0 0 0.257276803 0 0 0 0.00317862513 0 0 0 0 0 0.829456031 0 0.9628371 0 0.212810755 0 0 0 0 0 0 0 0 0 0 0.247607902 0 0.192030117 0 0 0 0 0 0 0.388883173 0.388480216 0 1 0 0 0 0 0 0 0 0.129629627 0.244650543 0.217867076 0.395426244 0.747163713 1 1
G2117 0 0.00534707587 1.32184601 0 0.429962963 1.79027903 0 0.00916749611 0 0 0 0 0.00581607036 0.120020546 0 0.317649573 0.00650437735 0.56156379 0 0 0 0 0 0 0.630105674 0.278815776 0 0 0.257276803 0 0 0 0.00317862513 0 0 0 0 0 0.829456031 0 0.9628371 0 0.212810755 0 0 0 0 0 0 0 0 0 0 0.247607902 0 0.192030117 0 0 0 0 0 0 0.388883173 0.388480216 0 1 0 0 0 0 0 0 0 0.129629627 0.244650543 0.217867076 0.377332509 0.747163713 1 1
G2118 0 0.00534707587 1.32184601 0 0.429962963 1.79027903 0 0.00916749611 0 0 0 0 0.00581607036 0.120020546 0 0.317649573 0.00650437735 0.56156379 0 0 0 0 0 0 0.630105674 0.278815776 0 0 0.257276803 0 0 0 0.00317862513 0 0 0 0 0 0.829456031 0 0.9628371 0 0.212810755 0 0 0 0 0 0 0 0 0 0 0.247607902 0 0.192030117 0 0 0 0 0 0 0.388883173 0.388480216 0 1 0 0 0 0 0 0 0 0.129629627 0.244650543 0.217867076 0.395426244 0.747163713 1 1
G2119 0 0.00534707587 1.32184601 0 0.429962963 1.79027903 0 0.00916749611 0 0 0 0 0.00581607036 0.120020546 0 0.317649573 0.00650437735 0.56156379 0 0 0 0 0 0 0.630105674 0.278815776 0 0 0.257276803 0 0 0 0.00317862513 0 0 0 0 0 0.829456031 0 0.9628371 0 0.212810755 0 0 0 0 0 0 0 0 0 0 0.247607902 0 0.192030117 0 0 0 0 0 0 0.388883173 0.388480216 0 1 0 0 0 0 0 0 0 0.129629627 0.244650543 0.172655582 0.357105464 0.748204172 1 1
G2124 0 0.00534707587 1.32184601 0 0.429962963 1.79027903 0 0.00916749611 0 0 0 0 0.00581607036 0.120020546 0 0.317649573 0.00650437735 0.56156379 0 0 0 0 0 0 0.630105674 0.278815776 0 0 0.257276803 0 0 0 0.00317862513 0 0 0 0 0 0.829456031 0 0.9628371 0 0.212810755 0 0 0 0 0 0 0 0 0 0 0.247607902 0 0.192030117 0 0 0 0 0 0 0.388883173 0.388480216 0 1 0 0 0 0 0 0 0 0.129629627 0.244650543 0.217867076 0.395426244 0.747163713 1 1
G2125 0 0.00534707587 1.32184601 0 0.429962963 1.79027903 0 0.00916749611 0 0 0 0 0.00581607036 0.120020546 0 0.317649573 0.00650437735 0.56156379 0 0 0 0 0 0 0.630105674 0.278815776 0 0 0.257276803 0 0 0 0.00317862513 0 0 0 0 0 0.829456031 0 0.9628371 0 0.212810755 0 0 0 0 0 0 0 0 0 0 0.247607902 0 0.192030117 0 0 0 0 0 0 0.388883173 0.388480216 0 1 0 0 0 0 0 0 0 0.129629627 0.244650543 0.217867076 0.377332509 0.747163713 1 1
G2126 0 0.00534707587 1.32184601 0 0.429962963 1.79027903 0 0.00916749611 0 0 0 0 0.00581607036 0.120020546 0 0.317649573 0.00650437735 0.56156379 0 0 0 0 0 0 0.630105674 0.278815776 0 0 0.257276803 0 0 0 0.00317862513 0 0 0 0 0 0.829456031 0 0.9628371 0 0.212810755 0 0 0 0 0 0 0 0 0 0 0.247607902 0 0.192030117 0 0 0 0 0 0 0.388883173 0.388480216 0 1 0 0 0 0 0 0 0 0.129629627 0.244650543 0.172655582 0.377332509 0.748204172 1 1
G2127 0 0.00534707587 1.32184601 0 0.429962963 1.79027903 0 0.00916749611 0 0 0 0 0.00581607036 0.120020546 0 0.317649573 0.00650437735 0.56156379 0 0 0 0 0 0 0.630105674 0.278815776 0 0 0.257276803 0 0 0 0.00317862513 0 0 0 0 0 0.829456031 0 0.9628371 0 0.212810755 0 0 0 0 0 0 0 0 0 0 0.247607902 0 0.192030117 0 0 0 0 0 0 0.388883173 0.388480216 0 1 0 0 0 0 0 0 0 0.129629627 0.244650543 0.172655582 0.357105464 0.748204172 1 1
G2132 0 0.00534707587 1.32184601 0 0.429962963 1.79027903 0 0.00916749611 0 0 0 0 0.00581607036 0.120020546 0 0.317649573 0.00650437735 0.56156379 0 0 0 0 0 0 0.630105674 0.278815776 0 0 0.257276803 0 0 0 0.00317862513 0 0 0 0 0 0.829456031 0 0.9628371 0 0.212810755 0 0 0 0 0 0 0 0 0 0 0.247607902 0 0.192030117 0 0 0 0 0 0 0.388883173 0.388480216 0 1 0 0 0 0 0 0 0 0.129629627 0.244650543 0.217867076 0.395426244 0.746116042 1 1
G2133 0 0.00534707587 1.32184601 0 0.429962963 1.79027903 0 0.00916749611 0 0 0 0 0.00581607036 0.120020546 0 0.317649573 0.00650437735 0.56156379 0 0 0 0 0 0 0.630105674 0.278815776 0 0 0.257276803 0 0 0 0.00317862513 0 0 0 0 0 0.829456031 0 0.9628371 0 0.212810755 0 0 0 0 0 0 0 0 0 0 0.247607902 0 0.192030117 0 0 0 0 0 0 0.388883173 0.388480216 0 1 0 0 0 0 0 0 0 0.129629627 0.244650543 0.172655582 0.357105464 0.747163713 1 1
G2134 0 0.00534707587 1.32184601 0 0.429962963 1.79027903 0 0.00916749611 0 0 0 0 0.00581607036 0.120020546 0 0.317649573 0.00650437735 0.56156379 0 0 0 0 0 0 0.630105674 0.278815776 0 0 0.257276803 0 0 0 0.00317862513 0 0 0 0 0 0.829456031 0 0.9628371 0 0.212810755 0 0 0 0 0 0 0 0 0 0 0.247607902 0 0.192030117 0 0 0 0 0 0 0.388883173 0.388480216 0 1 0 0 0 0 0 0 0 0.129629627 0.244650543 0.172655582 0.377332509 0.747163713 1 1
G2135 0 0.00534707587 1.32184601 0 0.429962963 1.79027903 0 0.00916749611 0 0 0 0 0.00581607036 0.120020546 0 0.317649573 0.00650437735 0.56156379 0 0 0 0 0 0 0.630105674 0.278815776 0 0 0.257276803 0 0 0 0.00317862513 0 0 0 0 0 0.829456031 0 0.9628371 0 0.212810755 0 0 0 0 0 0 0 0 0 0 0.247607902 0 0.192030117 0 0 0 0 0 0 0.388883173 0.388480216 0 1 0 0 0 0 0 0 0 0.129629627 0.244650543 0.172655582 0.357105464 0.747163713 1 1
G2140 0 0.00534707587 1.32184601 0 0.429962963 1.79027903 0 0.00916749611 0 0 0 0 0.00581607036 0.120020546 0 0.317649573 0.00650437735 0.56156379 0 0 0 0 0 0 0.630105674 0.278815776 0 0 0.257276803 0 0 0 0.00317862513 0 0 0 0 0 0.829456031 0 0.9628371 0 0.212810755 0 0 0 0 0 0 0 0 0 0 0.247607902 0 0.192030117 0 0 0 0 0 0 0.388883173 0.388480216 0 1 0 0 0 0 0 0 0 0.129629627 0.244650543 0.172655582 0.377332509 0.752295315 1 1
G2141 0 0.00534707587 1.32184601 0 0.429962963 1.79027903 0 0.00916749611 0 0 0 0 0.00581607036 0.120020546 0 0.317649573 0.00650437735 0.56156379 0 0 0 0 0 0 0.630105674 0.278815776 0 0 0.257276803 0 0 0 0.00317862513 0 0 0 0 0 0.829456031 0 0.9628371 0 0.212810755 0 0 0 0 0 0 0 0 0 0 0.247607902 0 0.192030117 0 0 0 0 0 0 0.388883173 0.388480216 0 1 0 0 0 0 0 0 0 0.129629627 0.244650543 0.172655582 0.357105464 0.752295315 1 1
G2142 0 0.00534707587 1.32184601 0 0.429962963 1.79027903 0 0.00916749611 0 0 0 0 0.00581607036 0.120020546 0 0.317649573 0.00650437735 0.56156379 0 0 0 0 0 0 0.630105674 0.278815776 0 0 0.257276803 0 0 0 0.00317862513 0 0 0 0 0 0.829456031 0 0.9628371 0 0.212810755 0 0 0 0 0 0 0 0 0 0 0.247607902 0 0.192030117 0 0 0 0 0 0 0.388883173 0.388480216 0 1 0 0 0 0 0 0 0 0.129629627 0.244650543 0.172655582 0.377332509 0.752295315 1 1
G2143 0 0.00534707587 1.32184601 0 0.429962963 1.79027903 0 0.00916749611 0 0 0 0 0.00581607036 0.120020546 0 0.317649573 0.00650437735 0.56156379 0 0 0 0 0 0 0.630105674 0.278815776 0 0 0.257276803 0 0 0 0.00317862513 0 0 0 0 0 0.829456031 0 0.9628371 0 0.212810755 0 0 0 0 0 0 0 0 0 0 0.247607902 0 0.192030117 0 0 0 0 0 0 0.388883173 0.388480216 0 1 0 0 0 0 0 0 0 0.129629627 0.244650543 0.172655582 0.357105464 0.752295315 1 1
G2148 0 0.00534707587 1.32184601 0 0.429962963 1.79027903 0 0.00916749611 0 0 0 0 0.00581607036 0.120020546 0 0.317649573 0.00650437735 0.56156379 0 0 0 0 0 0 0.630105674 0.278815776 0 0 0.257276803 0 0 0 0.00317862513 0 0 0 0 0 0.829456031 0 0.9628371 0 0.212810755 0 0 0 0 0 0 0 0 0 0 0.247607902 0 0.192030117 0 0 0 0 0 0 0.388883173 0.388480216 0 1 0 0 0 0 0 0 0 0.129629627 0.244650543 0.172655582 0.377332509 0.75128293 1 1
G2149 0 0.00534707587 1.32184601 0 0.429962963 1.79027903 0 0.00916749611 0 0 0 0 0.00581607036 0.120020546 0 0.317649573 0.00650437735 0.56156379 0 0 0 0 0 0 0.630105674 0.278815776 0 0 0.257276803 0 0 0 0.00317862513 0 0 0 0 0 0.829456031 0 0.9628371 0 0.212810755 0 0 0 0 0 0 0 0 0 0 0.247607902 0 0.192030117 0 0 0 0 0 0 0.388883173 0.388480216 0 1 0 0 0 0 0 0 0 0.129629627 0.244650543 0.172655582 0.357105464 0.75128293 1 1
G2150 0 0.00534707587 1.32184601 0 0.429962963 1.79027903 0 0.00916749611 0 0 0 0 0.00581607036 0.120020546 0 0.317649573 0.00650437735 0.56156379 0 0 0 0 0 0 0.630105674 0.278815776 0 0 0.257276803 0 0 0 0.00317862513 0 0 0 0 0 0.829456031 0 0.9628371 0 0.212810755 0 0 0 0 0 0 0 0 0 0 0.247607902 0 0.192030117 0 0 0 0 0 0 0.388883173 0.388480216 0 1 0 0 0 0 0 0 0 0.129629627 0.244650543 0.172655582 0.377332509 0.75128293 1 1
G2151 0 0.00534707587 1.32184601 0 0.429962963 1.79027903 0 0.00916749611 0 0 0 0 0.00581607036 0.120020546 0 0.317649573 0.00650437735 0.56156379 0 0 0 0 0 0 0.630105674 0.278815776 0 0 0.257276803 0 0 0 0.00317862513 0 0 0 0 0 0.829456031 0 0.9628371 0 0.212810755 0 0 0 0 0 0 0 0 0 0 0.247607902 0 0.192030117 0 0 0 0 0 0 0.388883173 0.388480216 0 1 0 0 0 0 0 0 0 0.129629627 0.244650543 0.172655582 0.357105464 0.75128293 1 1
G2156 0 0.00534707587 1.32184601 0 0.429962963 1.79027903 0 0.00916749611 0 0 0 0 0.00581607036 0.120020546 0 0.317649573 0.00650437735 0.56156379 0 0 0 0 0 0 0.630105674 0.278815776 0 0 0.257276803 0 0 0 0.00317862513 0 0 0 0 0 0.829456031 0 0.9628371 0 0.212810755 0 0 0 0 0 0 0 0 0 0 0.247607902 0 0.192030117 0 0 0 0 0 0 0.388883173 0.388480216 0 1 0 0 0 0 0 0 0 0.129629627 0.244650543 0.172655582 0.377332509 0.750263631 1 1
G2157 0 0.00534707587 1.32184601 0 0.429962963 1.79027903 0 0.00916749611 0 0 0 0 0.00581607036 0.120020546 0 0.317649573 0.00650437735 0.56156379 0 0 0 0 0 0 0.630105674 0.278815776 0 0 0.257276803 0 0 0 0.00317862513 0 0 0 0 0 0.829456031 0 0.9628371 0 0.212810755 0 0 0 0 0 0 0 0 0 0 0.247607902 0 0.192030117 0 0 0 0 0 0 0.388883173 0.388480216 0 1 0 0 0 0 0 0 0 0.129629627 0.244650543 0.172655582 0.357105464 0.750263631 1 1
G2158 0 0.00534707587 1.32184601 0 0.429962963 1.79027903 0 0.00916749611 0 0 0 0 0.00581607036 0.120020546 0 0.317649573 0.00650437735 0.56156379 0 0 0 0 0 0 0.630105674 0.278815776 0 0 0.257276803 0 0 0 0.00317862513 0 0 0 0 0 0.829456031 0 0.9628371 0 0.212810755 0 0 0 0 0 0 0 0 0 0 0.247607902 0 0.192030117 0 0 0 0 0 0 0.388883173 0.388480216 0 1 0 0 0 0 0 0 0 0.129629627 0.244650543 0.172655582 0.377332509 0.750263631 1 1
G2159 0 0.00534707587 1.32184601 0 0.429962963 1.79027903 0 0.00916749611 0 0 0 0 0.00581607036 0.120020546 0 0.317649573 0.00650437735 0.56156379 0 0 0 0 0 0 0.630105674 0.278815776 0 0 0.257276803 0 0 0 0.00317862513 0 0 0 0 0 0.829456031 0 0.9628371 0 0.212810755 0 0 0 0 0 0 0 0 0 0 0.247607902 0 0.192030117 0 0 0 0 0 0 0.388883173 0.388480216 0 1 0 0 0 0 0 0 0 0.129629627 0.244650543 0.172655582 0.357105464 0.750263631 1 1
G2164 0 0.00534707587 1.32184601 0 0.429962963 1.79027903 0 0.00916749611 0 0 0 0 0.00581607036 0.120020546 0 0.317649573 0.00650437735 0.56156379 0 0 0 0 0 0 0.630105674 0.278815776 0 0 0.257276803 0 0 0 0.00317862513 0 0 0 0 0 0.829456031 0 0.9628371 0 0.212810755 0 0 0 0 0 0 0 0 0 0 0.247607902 0 0.192030117 0 0 0 0 0 0 0.388883173 0.388480216 0 1 0 0 0 0 0 0 0 0.129629627 0.244650543 0.172655582 0.377332509 0.739671946 1 1
G2165 0 0.00534707587 1.32184601 0 0.429962963 1.79027903 0 0.00916749611 0 0 0 0 0.00581607036 0.120020546 0 0.317649573 0.00650437735 0.56156379 0 0 0 0 0 0 0.630105674 0.278815776 0 0 0.257276803 0 0 0 0.00317862513 0 0 0 0 0 0.829456031 0 0.9628371 0 0.212810755 0 0 0 0 0 0 0 0 0 0 0.247607902 0 0.192030117 0 0 0 0 0 0 0.388883173 0.388480216 0 1 0 0 0 0 0 0 0 0.129629627 0.244650543 0.172655582 0.357105464 0.739671946 1 1
G2166 0 0.00534707587 1.32184601 0 0.429962963 1.79027903 0 0.00916749611 0 0 0 0 0.00581607036 0.120020546 0 0.317649573 0.00650437735 0.56156379 0 0 0 0 0 0 0.630105674 0.278815776 0 0 0.257276803 0 0 0 0.00317862513 0 0 0 0 0 0.829456031 0 0.9628371 0 0.212810755 0 0 0 0 0 0 0 0 0 0 0.247607902 0 0.192030117 0 0 0 0 0 0 0.388883173 0.388480216 0 1 0 0 0 0 0 0 0 0.129629627 0.244650543 0.172655582 0.377332509 0.739671946 1 1
G2167 0 0.00534707587 1.32184601 0 0.429962963 1.79027903 0 0.00916749611 0 0 0 0 0.00581607036 0.120020546 0 0.317649573 0.00650437735 0.56156379 0 0 0 0 0 0 0.630105674 0.278815776 0 0 0.257276803 0 0 0 0.00317862513 0 0 0 0 0 0.829456031 0 0.9628371 0 0.212810755 0 0 0 0 0 0 0 0 0 0 0.247607902 0 0.192030117 0 0 0 0 0 0 0.388883173 0.388480216 0 1 0 0 0 0 0 0 0 0.129629627 0.244650543 0.172655582 0.357105464 0.739671946 1 1
G813 0 0.00534707587 1.32184601 0 0.429962963 1.79027903 0 0.00916749611 0 0 0 0 0.00581607036 0.120020546 0 0.317649573 0.00650437735 0.56156379 0 0 0 0 0 0 0.630105674 0.278815776 0 0 0.257276803 0 0 0 0.00317862513 0 0 0 0 0 0.829456031 0 0.9628371 0 0.212810755 0 0 0 0 0 0 0 0 0 0 0.247607902 0 0.192030117 0 0 0 0 0 0 0.388883173 0.388480216 0 0 0 0 0 1 0 0 0 0.0370370373 0.387761921 0.252935857 0.238070309 0.75128293 1 1
G1080 0 0.00534707587 1.32184601 0 0.429962963 1.79027903 0 0.00916749611 0 0 0 0 0.00581607036 0.120020546 0 0.317649573 0.00650437735 0.56156379 0 0 0 0 0 0 0.630105674 0.278815776 0 0 0.257276803 0 0 0 0.00317862513 0 0 0 0 0 0.829456031 0 0.9628371 0 0.212810755 0 0 0 0 0 0 0 0 0 0 0.247607902 0 0.192030117 0 0 0 0 0 0 0.388883173 0.388480216 0 1 0 0 0 0 0 0 0 0.055555556 0.387761921 0.217867076 0.357105464 0.748204172 1 1
G1083 0 0.00534707587 1.32184601 0 0.429962963 1.79027903 0 0.00916749611 0 0 0 0 0.00581607036 0.120020546 0 0.317649573 0.00650437735 0.56156379 0 0 0 0 0 0 0.630105674 0.278815776 0 0 0.257276803 0 0 0 0.00317862513 0 0 0 0 0 0.829456031 0 0.9628371 0 0.212810755 0 0 0 0 0 0 0 0 0 0 0.247607902 0 0.192030117 0 0 0 0 0 0 0.388883173 0.388480216 0 1 0 0 0 0 0 0 0 0.055555556 0.387761921 0.252935857 0.334173948 0.748204172 1 1
G1354 0 0.00534707587 1.32184601 0 0.429962963 1.79027903 0 0.00916749611 0 0 0 0 0.00581607036 0.120020546 0 0.317649573 0.00650437735 0.56156379 0 0 0 0 0 0 0.630105674 0.278815776 0 0 0.257276803 0 0 0 0.00317862513 0 0 0 0 0 0.829456031 0 0.9628371 0 0.212810755 0 0 0 0 0 0 0 0 0 0 0.247607902 0 0.192030117 0 0 0 0 0 0 0.388883173 0.388480216 0 0 1 0 0 0 0 0 0 0.0740740746 0.387761921 0.40310201 0.276391089 0.743998587 1 1
G1357 0 0.00534707587 1.32184601 0 0.429962963 1.79027903 0 0.00916749611 0 0 0 0 0.00581607036 0.120020546 0 0.317649573 0.00650437735 0.56156379 0 0 0 0 0 0 0.630105674 0.278815776 0 0 0.257276803 0 0 0 0.00317862513 0 0 0 0 0 0.829456031 0 0.9628371 0 0.212810755 0 0 0 0 0 0 0 0 0 0 0.247607902 0 0.192030117 0 0 0 0 0 0 0.388883173 0.388480216 0 0 1 0 0 0 0 0 0 0.0740740746 0.387761921 0.414748639 0.276391089 0.743998587 1 1
G1360 0 0.00534707587 1.32184601 0 0.429962963 1.79027903 0 0.00916749611 0 0 0 0 0.00581607036 0.120020546 0 0.317649573 0.00650437735 0.56156379 0 0 0 0 0 0 0.630105674 0.278815776 0 0 0.257276803 0 0 0 0.00317862513 0 0 0 0 0 0.829456031 0 0.9628371 0 0.212810755 0 0 0 0 0 0 0 0 0 0 0.247607902 0 0.192030117 0 0 0 0 0 0 0.388883173 0.388480216 0 0 1 0 0 0 0 0 0 0.0740740746 0.387761921 0.376848131 0.307701409 0.743998587 1 1
G1363 0 0.00534707587 1.32184601 0 0.429962963 1.79027903 0 0.00916749611 0 0 0 0 0.00581607036 0.120020546 0 0.317649573 0.00650437735 0.56156379 0 0 0 0 0 0 0.630105674 0.278815776 0 0 0.257276803 0 0 0 0.00317862513 0 0 0 0 0 0.829456031 0 0.9628371 0 0.212810755 0 0 0 0 0 0 0 0 0 0 0.247607902 0 0.192030117 0 0 0 0 0 0 0.388883173 0.388480216 0 0 1 0 0 0 0 0 0 0.0740740746 0.387761921 0.390522659 0.276391089 0.743998587 1 1
G1529 0 0.00534707587 1.32184601 0 0.429962963 1.79027903 0 0.00916749611 0 0 0 0 0.00581607036 0.120020546 0 0.317649573 0.00650437735 0.56156379 0 0 0 0 0 0 0.630105674 0.278815776 0 0 0.257276803 0 0 0 0.00317862513 0 0 0 0 0 0.829456031 0 0.9628371 0 0.212810755 0 0 0 0 0 0 0 0 0 0 0.247607902 0 0.192030117 0 0 0 0 0 0 0.388883173 0.388480216 0 0 0 0 0 1 0 0 0 0.0925925896 0.775523841 0.281589121 0.453209102 0.746116042 1 1
G1538 0 0.00534707587 1.32184601 0 0.429962963 1.79027903 0 0.00916749611 0 0 0 0 0.00581607036 0.120020546 0 0.317649573 0.00650437735 0.56156379 0 0 0 0 0 0 0.630105674 0.278815776 0 0 0.257276803 0 0 0 0.00317862513 0 0 0 0 0 0.829456031 0 0.9628371 0 0.212810755 0 0 0 0 0 0 0 0 0 0 0.247607902 0 0.192030117 0 0 0 0 0 0 0.388883173 0.388480216 0 0 0 0 0 1 0 0 0 0.0925925896 0.775523841 0.281589121 0.465057343 0.746116042 1 1
G1547 0 0.00534707587 1.32184601 0 0.429962963 1.79027903 0 0.00916749611 0 0 0 0 0.00581607036 0.120020546 0 0.317649573 0.00650437735 0.56156379 0 0 0 0 0 0 0.630105674 0.278815776 0 0 0.257276803 0 0 0 0.00317862513 0 0 0 0 0 0.829456031 0 0.9628371 0 0.212810755 0 0 0 0 0 0 0 0 0 0 0.247607902 0 0.192030117 0 0 0 0 0 0 0.388883173 0.388480216 0 0 0 0 0 1 0 0 0 0.0925925896 0.775523841 0.305815101 0.426736563 0.746116042 1 1
G1556 0 0.00534707587 1.32184601 0 0.429962963 1.79027903 0 0.00916749611 0 0 0 0 0.00581607036 0.120020546 0 0.317649573 0.00650437735 0.56156379 0 0 0 0 0 0 0.630105674 0.278815776 0 0 0.257276803 0 0 0 0.00317862513 0 0 0 0 0 0.829456031 0 0.9628371 0 0.212810755 0 0 0 0 0 0 0 0 0 0 0.247607902 0 0.192030117 0 0 0 0 0 0 0.388883173 0.388480216 0 0 0 0 0 1 0 0 0 0.0925925896 0.775523841 0.281589121 0.440482408 0.746116042 1 1
G1601 0 0.00534707587 1.32184601 0 0.429962963 1.79027903 0 0.00916749611 0 0 0 0 0.00581607036 0.120020546 0 0.317649573 0.00650437735 0.56156379 0 0 0 0 0 0 0.630105674 0.278815776 0 0 0.257276803 0 0 0 0.00317862513 0 0 0 0 0 0.829456031 0 0.9628371 0 0.212810755 0 0 0 0 0 0 0 0 0 0 0.247607902 0 0.192030117 0 0 0 0 0 0 0.388883173 0.388480216 0 0 0 0 0 1 0 0 0 0.0925925896 0.775523841 0.281589121 0.453209102 0.742928505 1 1
G1610 0 0.00534707587 1.32184601 0 0.429962963 1.79027903 0 0.00916749611 0 0 0 0 0.00581607036 0.120020546 0 0.317649573 0.00650437735 0.56156379 0 0 0 0 0 0 0.630105674 0.278815776 0 0 0.257276803 0 0 0 0.00317862513 0 0 0 0 0 0.829456031 0 0.9628371 0 0.212810755 0 0 0 0 0 0 0 0 0 0 0.247607902 0 0.192030117 0 0 0 0 0 0 0.388883173 0.388480216 0 0 0 0 0 1 0 0 0 0.0925925896 0.775523841 0.281589121 0.465057343 0.742928505 1 1
G1619 0 0.00534707587 1.32184601 0 0.429962963 1.79027903 0 0.00916749611 0 0 0 0 0.00581607036 0.120020546 0 0.317649573 0.00650437735 0.56156379 0 0 0 0 0 0 0.630105674 0.278815776 0 0 0.257276803 0 0 0 0.00317862513 0 0 0 0 0 0.829456031 0 0.9628371 0 0.212810755 0 0 0 0 0 0 0 0 0 0 0.247607902 0 0.192030117 0 0 0 0 0 0 0.388883173 0.388480216 0 0 0 0 0 1 0 0 0 0.0925925896 0.775523841 0.305815101 0.426736563 0.742928505 1 1
G1628 0 0.00534707587 1.32184601 0 0.429962963 1.79027903 0 0.00916749611 0 0 0 0 0.00581607036 0.120020546 0 0.317649573 0.00650437735 0.56156379 0 0 0 0 0 0 0.630105674 0.278815776 0 0 0.257276803 0 0 0 0.00317862513 0 0 0 0 0 0.829456031 0 0.9628371 0 0.212810755 0 0 0 0 0 0 0 0 0 0 0.247607902 0 0.192030117 0 0 0 0 0 0 0.388883173 0.388480216 0 0 0 0 0 1 0 0 0 0.0925925896 0.775523841 0.281589121 0.440482408 0.742928505 1 1
G1827 0 0.00534707587 1.32184601 0 0.429962963 1.79027903 0 0.00916749611 0 0 0 0 0.00581607036 0.120020546 0 0.317649573 0.00650437735 0.56156379 0 0 0 0 0 0 0.630105674 0.278815776 0 0 0.257276803 0 0 0 0.00317862513 0 0 0 0 0 0.829456031 0 0.9628371 0 0.212810755 0 0 0 0 0 0 0 0 0 0 0.247607902 0 0.192030117 0 0 0 0 0 0 0.388883173 0.388480216 0 0 0 0 0 1 0 0 0 0.111111112 0.244650543 0.425591439 0.334173948 0.754299879 1 1
G1828 0 0.00534707587 1.32184601 0 0.429962963 1.79027903 0 0.00916749611 0 0 0 0 0.00581607036 0.120020546 0 0.317649573 0.00650437735 0.56156379 0 0 0 0 0 0 0.630105674 0.278815776 0 0 0.257276803 0 0 0 0.00317862513 0 0 0 0 0 0.829456031 0 0.9628371 0 0.212810755 0 0 0 0 0 0 0 0 0 0 0.247607902 0 0.192030117 0 0 0 0 0 0 0.388883173 0.388480216 0 0 0 0 0 1 0 0 0 0.111111112 0.244650543 0.435734153 0.334173948 0.754299879 1 1
G1829 0 0.00534707587 1.32184601 0 0.429962963 1.79027903 0 0.00916749611 0 0 0 0 0.00581607036 0.120020546 0 0.317649573 0.00650437735 0.56156379 0 0 0 0 0 0 0.630105674 0.278815776 0 0 0.257276803 0 0 0 0.00317862513 0 0 0 0 0 0.829456031 0 0.9628371 0 0.212810755 0 0 0 0 0 0 0 0 0 0 0.247607902 0 0.192030117 0 0 0 0 0 0 0.388883173 0.388480216 0 0 0 0 0 1 0 0 0 0.111111112 0.244650543 0.40310201 0.357105464 0.754299879 1 1
G1830 0 0.00534707587 1.32184601 0 0.429962963 1.79027903 0 0.00916749611 0 0 0 0 0.00581607036 0.120020546 0 0.317649573 0.00650437735 0.56156379 0 0 0 0 0 0 0.630105674 0.278815776 0 0 0.257276803 0 0 0 0.00317862513 0 0 0 0 0 0.829456031 0 0.9628371 0 0.212810755 0 0 0 0 0 0 0 0 0 0 0.247607902 0 0.192030117 0 0 0 0 0 0 0.388883173 0.388480216 0 0 0 0 0 1 0 0 0 0.111111112 0.244650543 0.414748639 0.334173948 0.754299879 1 1
G1835 0 0.00534707587 1.32184601 0 0.429962963 1.79027903 0 0.00916749611 0 0 0 0 0.00581607036 0.120020546 0 0.317649573 0.00650437735 0.56156379 0 0 0 0 0 0 0.630105674 0.278815776 0 0 0.257276803 0 0 0 0.00317862513 0 0 0 0 0 0.829456031 0 0.9628371 0 0.212810755 0 0 0 0 0 0 0 0 0 0 0.247607902 0 0.192030117 0 0 0 0 0 0 0.388883173 0.388480216 0 0 0 0 0 1 0 0 0 0.111111112 0.244650543 0.425591439 0.334173948 0.74506104 1 1
G1836 0 0.00534707587 1.32184601 0 0.429962963 1.79027903 0 0.00916749611 0 0 0 0 0.00581607036 0.120020546 0 0.317649573 0.00650437735 0.56156379 0 0 0 0 0 0 0.630105674 0.278815776 0 0 0.257276803 0 0 0 0.00317862513 0 0 0 0 0 0.829456031 0 0.9628371 0 0.212810755 0 0 0 0 0 0 0 0 0 0 0.247607902 0 0.192030117 0 0 0 0 0 0 0.388883173 0.388480216 0 0 0 0 0 1 0 0 0 0.111111112 0.244650543 0.435734153 0.334173948 0.74506104 1 1
G1837 0 0.00534707587 1.32184601 0 0.429962963 1.79027903 0 0.00916749611 0 0 0 0 0.00581607036 0.120020546 0 0.317649573 0.00650437735 0.56156379 0 0 0 0 0 0 0.630105674 0.278815776 0 0 0.257276803 0 0 0 0.00317862513 0 0 0 0 0 0.829456031 0 0.9628371 0 0.212810755 0 0 0 0 0 0 0 0 0 0 0.247607902 0 0.192030117 0 0 0 0 0 0 0.388883173 0.388480216 0 0 0 0 0 1 0 0 0 0.111111112 0.244650543 0.40310201 0.357105464 0.74506104 1 1
G1838 0 0.00534707587 1.32184601 0 0.429962963 1.79027903 0 0.00916749611 0 0 0 0 0.00581607036 0.120020546 0 0.317649573 0.00650437735 0.56156379 0 0 0 0 0 0 0.630105674 0.278815776 0 0 0.257276803 0 0 0 0.00317862513 0 0 0 0 0 0.829456031 0 0.9628371 0 0.212810755 0 0 0 0 0 0 0 0 0 0 0.247607902 0 0.192030117 0 0 0 0 0 0 0.388883173 0.388480216 0 0 0 0 0 1 0 0 0 0.111111112 0.244650543 0.414748639 0.334173948 0.74506104 1 1
G1843 0 0.00534707587 1.32184601 0 0.429962963 1.79027903 0 0.00916749611 0 0 0 0 0.00581607036 0.120020546 0 0.317649573 0.00650437735 0.56156379 0 0 0 0 0 0 0.630105674 0.278815776 0 0 0.257276803 0 0 0 0.00317862513 0 0 0 0 0 0.829456031 0 0.9628371 0 0.212810755 0 0 0 0 0 0 0 0 0 0 0.247607902 0 0.192030117 0 0 0 0 0 0 0.388883173 0.388480216 0 0 0 0 0 1 0 0 0 0.111111112 0.244650543 0.425591439 0.334173948 0.747163713 1 1
G1844 0 0.00534707587 1.32184601 0 0.429962963 1.79027903 0 0.00916749611 0 0 0 0 0.00581607036 0.120020546 0 0.317649573 0.00650437735 0.56156379 0 0 0 0 0 0 0.630105674 0.278815776 0 0 0.257276803 0 0 0 0.00317862513 0 0 0 0 0 0.829456031 0 0.9628371 0 0.212810755 0 0 0 0 0 0 0 0 0 0 0.247607902 0 0.192030117 0 0 0 0 0 0 0.388883173 0.388480216 0 0 0 0 0 1 0 0 0 0.111111112 0.244650543 0.435734153 0.334173948 0.747163713 1 1
G1845 0 0.00534707587 1.32184601 0 0.429962963 1.79027903 0 0.00916749611 0 0 0 0 0.00581607036 0.120020546 0 0.317649573 0.00650437735 0.56156379 0 0 0 0 0 0 0.630105674 0.278815776 0 0 0.257276803 0 0 0 0.00317862513 0 0 0 0 0 0.829456031 0 0.9628371 0 0.212810755 0 0 0 0 0 0 0 0 0 0 0.247607902 0 0.192030117 0 0 0 0 0 0 0.388883173 0.388480216 0 0 0 0 0 1 0 0 0 0.111111112 0.244650543 0.40310201 0.357105464 0.747163713 1 1
G1846 0 0.00534707587 1.32184601 0 0.429962963 1.79027903 0 0.00916749611 0 0 0 0 0.00581607036 0.120020546 0 0.317649573 0.00650437735 0.56156379 0 0 0 0 0 0 0.630105674 0.278815776 0 0 0.257276803 0 0 0 0.00317862513 0 0 0 0 0 0.829456031 0 0.9628371 0 0.212810755 0 0 0 0 0 0 0 0 0 0 0.247607902 0 0.192030117 0 0 0 0 0 0 0.388883173 0.388480216 0 0 0 0 0 1 0 0 0 0.111111112 0.244650543 0.414748639 0.334173948 0.747163713 1 1
G1851 0 0.00534707587 1.32184601 0 0.429962963 1.79027903 0 0.00916749611 0 0 0 0 0.00581607036 0.120020546 0 0.317649573 0.00650437735 0.56156379 0 0 0 0 0 0 0.630105674 0.278815776 0 0 0.257276803 0 0 0 0.00317862513 0 0 0 0 0 0.829456031 0 0.9628371 0 0.212810755 0 0 0 0 0 0 0 0 0 0 0.247607902 0 0.192030117 0 0 0 0 0 0 0.388883173 0.388480216 0 0 0 0 0 1 0 0 0 0.111111112 0.244650543 0.425591439 0.334173948 0.748204172 1 1
G1852 0 0.00534707587 1.32184601 0 0.429962963 1.79027903 0 0.00916749611 0 0 0 0 0.00581607036 0.120020546 0 0.317649573 0.00650437735 0.56156379 0 0 0 0 0 0 0.630105674 0.278815776 0 0 0.257276803 0 0 0 0.00317862513 0 0 0 0 0 0.829456031 0 0.9628371 0 0.212810755 0 0 0 0 0 0 0 0 0 0 0.247607902 0 0.192030117 0 0 0 0 0 0 0.388883173 0.388480216 0 0 0 0 0 1 0 0 0 0.111111112 0.244650543 0.435734153 0.334173948 0.748204172 1 1
G1853 0 0.00534707587 1.32184601 0 0.429962963 1.79027903 0 0.00916749611 0 0 0 0 0.00581607036 0.120020546 0 0.317649573 0.00650437735 0.56156379 0 0 0 0 0 0 0.630105674 0.278815776 0 0 0.257276803 0 0 0 0.00317862513 0 0 0 0 0 0.829456031 0 0.9628371 0 0.212810755 0 0 0 0 0 0 0 0 0 0 0.247607902 0 0.192030117 0 0 0 0 0 0 0.388883173 0.388480216 0 0 0 0 0 1 0 0 0 0.111111112 0.244650543 0.40310201 0.357105464 0.748204172 1 1
G1854 0 0.00534707587 1.32184601 0 0.429962963 1.79027903 0 0.00916749611 0 0 0 0 0.00581607036 0.120020546 0 0.317649573 0.00650437735 0.56156379 0 0 0 0 0 0 0.630105674 0.278815776 0 0 0.257276803 0 0 0 0.00317862513 0 0 0 0 0 0.829456031 0 0.9628371 0 0.212810755 0 0 0 0 0 0 0 0 0 0 0.247607902 0 0.192030117 0 0 0 0 0 0 0.388883173 0.388480216 0 0 0 0 0 1 0 0 0 0.111111112 0.244650543 0.414748639 0.334173948 0.748204172 1 1
G1859 0 0.00534707587 1.32184601 0 0.429962963 1.79027903 0 0.00916749611 0 0 0 0 0.00581607036 0.120020546 0 0.317649573 0.00650437735 0.56156379 0 0 0 0 0 0 0.630105674 0.278815776 0 0 0.257276803 0 0 0 0.00317862513 0 0 0 0 0 0.829456031 0 0.9628371 0 0.212810755 0 0 0 0 0 0 0 0 0 0 0.247607902 0 0.192030117 0 0 0 0 0 0 0.388883173 0.388480216 0 0 0 0 0 1 0 0 0 0.111111112 0.244650543 0.425591439 0.334173948 0.755292237 1 1
G1860 0 0.00534707587 1.32184601 0 0.429962963 1.79027903 0 0.00916749611 0 0 0 0 0.00581607036 0.120020546 0 0.317649573 0.00650437735 0.56156379 0 0 0 0 0 0 0.630105674 0.278815776 0 0 0.257276803 0 0 0 0.00317862513 0 0 0 0 0 0.829456031 0 0.9628371 0 0.212810755 0 0 0 0 0 0 0 0 0 0 0.247607902 0 0.192030117 0 0 0 0 0 0 0.388883173 0.388480216 0 0 0 0 0 1 0 0 0 0.111111112 0.244650543 0.435734153 0.334173948 0.755292237 1 1
G1861 0 0.00534707587 1.32184601 0 0.429962963 1.79027903 0 0.00916749611 0 0 0 0 0.00581607036 0.120020546 0 0.317649573 0.00650437735 0.56156379 0 0 0 0 0 0 0.630105674 0.278815776 0 0 0.257276803 0 0 0 0.00317862513 0 0 0 0 0 0.829456031 0 0.9628371 0 0.212810755 0 0 0 0 0 0 0 0 0 0 0.247607902 0 0.192030117 0 0 0 0 0 0 0.388883173 0.388480216 0 0 0 0 0 1 0 0 0 0.111111112 0.244650543 0.40310201 0.357105464 0.755292237 1 1
G1862 0 0.00534707587 1.32184601 0 0.429962963 1.79027903 0 0.00916749611 0 0 0 0 0.00581607036 0.120020546 0 0.317649573 0.00650437735 0.56156379 0 0 0 0 0 0 0.630105674 0.278815776 0 0 0.257276803 0 0 0 0.00317862513 0 0 0 0 0 0.829456031 0 0.9628371 0 0.212810755 0 0 0 0 0 0 0 0 0 0 0.247607902 0 0.192030117 0 0 0 0 0 0 0.388883173 0.388480216 0 0 0 0 0 1 0 0 0 0.111111112 0.244650543 0.414748639 0.334173948 0.755292237 1 1
G1867 0 0.00534707587 1.32184601 0 0.429962963 1.79027903 0 0.00916749611 0 0 0 0 0.00581607036 0.120020546 0 0.317649573 0.00650437735 0.56156379 0 0 0 0 0 0 0.630105674 0.278815776 0 0 0.257276803 0 0 0 0.00317862513 0 0 0 0 0 0.829456031 0 0.9628371 0 0.212810755 0 0 0 0 0 0 0 0 0 0 0.247607902 0 0.192030117 0 0 0 0 0 0 0.388883173 0.388480216 0 0 0 0 0 1 0 0 0 0.111111112 0.244650543 0.425591439 0.334173948 0.756278038 1 1
G1868 0 0.00534707587 1.32184601 0 0.429962963 1.79027903 0 0.00916749611 0 0 0 0 0.00581607036 0.120020546 0 0.317649573 0.00650437735 0.56156379 0 0 0 0 0 0 0.630105674 0.278815776 0 0 0.257276803 0 0 0 0.00317862513 0 0 0 0 0 0.829456031 0 0.9628371 0 0.212810755 0 0 0 0 0 0 0 0 0 0 0.247607902 0 0.192030117 0 0 0 0 0 0 0.388883173 0.388480216 0 0 0 0 0 1 0 0 0 0.111111112 0.244650543 0.435734153 0.334173948 0.756278038 1 1
G1869 0 0.00534707587 1.32184601 0 0.429962963 1.79027903 0 0.00916749611 0 0 0 0 0.00581607036 0.120020546 0 0.317649573 0.00650437735 0.56156379 0 0 0 0 0 0 0.630105674 0.278815776 0 0 0.257276803 0 0 0 0.00317862513 0 0 0 0 0 0.829456031 0 0.9628371 0 0.212810755 0 0 0 0 0 0 0 0 0 0 0.247607902 0 0.192030117 0 0 0 0 0 0 0.388883173 0.388480216 0 0 0 0 0 1 0 0 0 0.111111112 0.244650543 0.40310201 0.357105464 0.756278038 1 1
G1870 0 0.00534707587 1.32184601 0 0.429962963 1.79027903 0 0.00916749611 0 0 0 0 0.00581607036 0.120020546 0 0.317649573 0.00650437735 0.56156379 0 0 0 0 0 0 0.630105674 0.278815776 0 0 0.257276803 0 0 0 0.00317862513 0 0 0 0 0 0.829456031 0 0.9628371 0 0.212810755 0 0 0 0 0 0 0 0 0 0 0.247607902 0 0.192030117 0 0 0 0 0 0 0.388883173 0.388480216 0 0 0 0 0 1 0 0 0 0.111111112 0.244650543 0.414748639 0.334173948 0.756278038 1 1
G1875 0 0.00534707587 1.32184601 0 0.429962963 1.79027903 0 0.00916749611 0 0 0 0 0.00581607036 0.120020546 0 0.317649573 0.00650437735 0.56156379 0 0 0 0 0 0 0.630105674 0.278815776 0 0 0.257276803 0 0 0 0.00317862513 0 0 0 0 0 0.829456031 0 0.9628371 0 0.212810755 0 0 0 0 0 0 0 0 0 0 0.247607902 0 0.192030117 0 0 0 0 0 0 0.388883173 0.388480216 0 0 0 0 0 1 0 0 0 0.111111112 0.244650543 0.425591439 0.334173948 0.757257462 1 1
G1876 0 0.00534707587 1.32184601 0 0.429962963 1.79027903 0 0.00916749611 0 0 0 0 0.00581607036 0.120020546 0 0.317649573 0.00650437735 0.56156379 0 0 0 0 0 0 0.630105674 0.278815776 0 0 0.257276803 0 0 0 0.00317862513 0 0 0 0 0 0.829456031 0 0.9628371 0 0.212810755 0 0 0 0 0 0 0 0 0 0 0.247607902 0 0.192030117 0 0 0 0 0 0 0.388883173 0.388480216 0 0 0 0 0 1 0 0 0 0.111111112 0.244650543 0.435734153 0.334173948 0.757257462 1 1
G1877 0 0.00534707587 1.32184601 0 0.429962963 1.79027903 0 0.00916749611 0 0 0 0 0.00581607036 0.120020546 0 0.317649573 0.00650437735 0.56156379 0 0 0 0 0 0 0.630105674 0.278815776 0 0 0.257276803 0 0 0 0.00317862513 0 0 0 0 0 0.829456031 0 0.9628371 0 0.212810755 0 0 0 0 0 0 0 0 0 0 0.247607902 0 0.192030117 0 0 0 0 0 0 0.388883173 0.388480216 0 0 0 0 0 1 0 0 0 0.111111112 0.244650543 0.40310201 0.357105464 0.757257462 1 1
G1878 0 0.00534707587 1.32184601 0 0.429962963 1.79027903 0 0.00916749611 0 0 0 0 0.00581607036 0.120020546 0 0.317649573 0.00650437735 0.56156379 0 0 0 0 0 0 0.630105674 0.278815776 0 0 0.257276803 0 0 0 0.00317862513 0 0 0 0 0 0.829456031 0 0.9628371 0 0.212810755 0 0 0 0 0 0 0 0 0 0 0.247607902 0 0.192030117 0 0 0 0 0 0 0.388883173 0.388480216 0 0 0 0 0 1 0 0 0 0.111111112 0.244650543 0.414748639 0.334173948 0.757257462 1 1
G1883 0 0.00534707587 1.32184601 0 0.429962963 1.79027903 0 0.00916749611 0 0 0 0 0.00581607036 0.120020546 0 0.317649573 0.00650437735 0.56156379 0 0 0 0 0 0 0.630105674 0.278815776 0 0 0.257276803 0 0 0 0.00317862513 0 0 0 0 0 0.829456031 0 0.9628371 0 0.212810755 0 0 0 0 0 0 0 0 0 0 0.247607902 0 0.192030117 0 0 0 0 0 0 0.388883173 0.388480216 0 0 0 0 0 1 0 0 0 0.111111112 0.244650543 0.425591439 0.334173948 0.749237418 1 1
G1884 0 0.00534707587 1.32184601 0 0.429962963 1.79027903 0 0.00916749611 0 0 0 0 0.00581607036 0.120020546 0 0.317649573 0.00650437735 0.56156379 0 0 0 0 0 0 0.630105674 0.278815776 0 0 0.257276803 0 0 0 0.00317862513 0 0 0 0 0 0.829456031 0 0.9628371 0 0.212810755 0 0 0 0 0 0 0 0 0 0 0.247607902 0 0.192030117 0 0 0 0 0 0 0.388883173 0.388480216 0 0 0 0 0 1 0 0 0 0.111111112 0.244650543 0.435734153 0.334173948 0.749237418 1 1
G1885 0 0.00534707587 1.32184601 0 0.429962963 1.79027903 0 0.00916749611 0 0 0 0 0.00581607036 0.120020546 0 0.317649573 0.00650437735 0.56156379 0 0 0 0 0 0 0.630105674 0.278815776 0 0 0.257276803 0 0 0 0.00317862513 0 0 0 0 0 0.829456031 0 0.9628371 0 0.212810755 0 0 0 0 0 0 0 0 0 0 0.247607902 0 0.192030117 0 0 0 0 0 0 0.388883173 0.388480216 0 0 0 0 0 1 0 0 0 0.111111112 0.244650543 0.40310201 0.357105464 0.749237418 1 1
G1886 0 0.00534707587 1.32184601 0 0.429962963 1.79027903 0 0.00916749611 0 0 0 0 0.00581607036 0.120020546 0 0.317649573 0.00650437735 0.56156379 0 0 0 0 0 0 0.630105674 0.278815776 0 0 0.257276803 0 0 0 0.00317862513 0 0 0 0 0 0.829456031 0 0.9628371 0 0.212810755 0 0 0 0 0 0 0 0 0 0 0.247607902 0 0.192030117 0 0 0 0 0 0 0.388883173 0.388480216 0 0 0 0 0 1 0 0 0 0.111111112 0.244650543 0.414748639 0.334173948 0.749237418 1 1
G1891 0 0.00534707587 1.32184601 0 0.429962963 1.79027903 0 0.00916749611 0 0 0 0 0.00581607036 0.120020546 0 0.317649573 0.00650437735 0.56156379 0 0 0 0 0 0 0.630105674 0.278815776 0 0 0.257276803 0 0 0 0.00317862513 0 0 0 0 0 0.829456031 0 0.9628371 0 0.212810755 0 0 0 0 0 0 0 0 0 0 0.247607902 0 0.192030117 0 0 0 0 0 0 0.388883173 0.388480216 0 0 0 0 0 1 0 0 0 0.111111112 0.244650543 0.425591439 0.334173948 0.761112571 1 1
G1892 0 0.00534707587 1.32184601 0 0.429962963 1.79027903 0 0.00916749611 0 0 0 0 0.00581607036 0.120020546 0 0.317649573 0.00650437735 0.56156379 0 0 0 0 0 0 0.630105674 0.278815776 0 0 0.257276803 0 0 0 0.00317862513 0 0 0 0 0 0.829456031 0 0.9628371 0 0.212810755 0 0 0 0 0 0 0 0 0 0 0.247607902 0 0.192030117 0 0 0 0 0 0 0.388883173 0.388480216 0 0 0 0 0 1 0 0 0 0.111111112 0.244650543 0.435734153 0.334173948 0.761112571 1 1
G1893 0 0.00534707587 1.32184601 0 0.429962963 1.79027903 0 0.00916749611 0 0 0 0 0.00581607036 0.120020546 0 0.317649573 0.00650437735 0.56156379 0 0 0 0 0 0 0.630105674 0.278815776 0 0 0.257276803 0 0 0 0.00317862513 0 0 0 0 0 0.829456031 0 0.9628371 0 0.212810755 0 0 0 0 0 0 0 0 0 0 0.247607902 0 0.192030117 0 0 0 0 0 0 0.388883173 0.388480216 0 0 0 0 0 1 0 0 0 0.111111112 0.244650543 0.40310201 0.357105464 0.761112571 1 1
G1894 0 0.00534707587 1.32184601 0 0.429962963 1.79027903 0 0.00916749611 0 0 0 0 0.00581607036 0.120020546 0 0.317649573 0.00650437735 0.56156379 0 0 0 0 0 0 0.630105674 0.278815776 0 0 0.257276803 0 0 0 0.00317862513 0 0 0 0 0 0.829456031 0 0.9628371 0 0.212810755 0 0 0 0 0 0 0 0 0 0 0.247607902 0 0.192030117 0 0 0 0 0 0 0.388883173 0.388480216 0 0 0 0 0 1 0 0 0 0.111111112 0.244650543 0.414748639 0.334173948 0.761112571 1 1
G1899 0 0.00534707587 1.32184601 0 0.429962963 1.79027903 0 0.00916749611 0 0 0 0 0.00581607036 0.120020546 0 0.317649573 0.00650437735 0.56156379 0 0 0 0 0 0 0.630105674 0.278815776 0 0 0.257276803 0 0 0 0.00317862513 0 0 0 0 0 0.829456031 0 0.9628371 0 0.212810755 0 0 0 0 0 0 0 0 0 0 0.247607902 0 0.192030117 0 0 0 0 0 0 0.388883173 0.388480216 0 0 0 0 0 1 0 0 0 0.111111112 0.244650543 0.425591439 0.334173948 0.750263631 1 1
G1900 0 0.00534707587 1.32184601 0 0.429962963 1.79027903 0 0.00916749611 0 0 0 0 0.00581607036 0.120020546 0 0.317649573 0.00650437735 0.56156379 0 0 0 0 0 0 0.630105674 0.278815776 0 0 0.257276803 0 0 0 0.00317862513 0 0 0 0 0 0.829456031 0 0.9628371 0 0.212810755 0 0 0 0 0 0 0 0 0 0 0.247607902 0 0.192030117 0 0 0 0 0 0 0.388883173 0.388480216 0 0 0 0 0 1 0 0 0 0.111111112 0.244650543 0.435734153 0.334173948 0.750263631 1 1
G1901 0 0.00534707587 1.32184601 0 0.429962963 1.79027903 0 0.00916749611 0 0 0 0 0.00581607036 0.120020546 0 0.317649573 0.00650437735 0.56156379 0 0 0 0 0 0 0.630105674 0.278815776 0 0 0.257276803 0 0 0 0.00317862513 0 0 0 0 0 0.829456031 0 0.9628371 0 0.212810755 0 0 0 0 0 0 0 0 0 0 0.247607902 0 0.192030117 0 0 0 0 0 0 0.388883173 0.388480216 0 0 0 0 0 1 0 0 0 0.111111112 0.244650543 0.40310201 0.357105464 0.750263631 1 1
G1902 0 0.00534707587 1.32184601 0 0.429962963 1.79027903 0 0.00916749611 0 0 0 0 0.00581607036 0.120020546 0 0.317649573 0.00650437735 0.56156379 0 0 0 0 0 0 0.630105674 0.278815776 0 0 0.257276803 0 0 0 0.00317862513 0 0 0 0 0 0.829456031 0 0.9628371 0 0.212810755 0 0 0 0 0 0 0 0 0 0 0.247607902 0 0.192030117 0 0 0 0 0 0 0.388883173 0.388480216 0 0 0 0 0 1 0 0 0 0.111111112 0.244650543 0.414748639 0.334173948 0.750263631 1 1
G1907 0 0.00534707587 1.32184601 0 0.429962963 1.79027903 0 0.00916749611 0 0 0 0 0.00581607036 0.120020546 0 0.317649573 0.00650437735 0.56156379 0 0 0 0 0 0 0.630105674 0.278815776 0 0 0.257276803 0 0 0 0.00317862513 0 0 0 0 0 0.829456031 0 0.9628371 0 0.212810755 0 0 0 0 0 0 0 0 0 0 0.247607902 0 0.192030117 0 0 0 0 0 0 0.388883173 0.388480216 0 0 0 0 0 1 0 0 0 0.111111112 0.244650543 0.425591439 0.334173948 0.750263631 1 1
G1908 0 0.00534707587 1.32184601 0 0.429962963 1.79027903 0 0.00916749611 0 0 0 0 0.00581607036 0.120020546 0 0.317649573 0.00650437735 0.56156379 0 0 0 0 0 0 0.630105674 0.278815776 0 0 0.257276803 0 0 0 0.00317862513 0 0 0 0 0 0.829456031 0 0.9628371 0 0.212810755 0 0 0 0 0 0 0 0 0 0 0.247607902 0 0.192030117 0 0 0 0 0 0 0.388883173 0.388480216 0 0 0 0 0 1 0 0 0 0.111111112 0.244650543 0.435734153 0.334173948 0.750263631 1 1
G1909 0 0.00534707587 1.32184601 0 0.429962963 1.79027903 0 0.00916749611 0 0 0 0 0.00581607036 0.120020546 0 0.317649573 0.00650437735 0.56156379 0 0 0 0 0 0 0.630105674 0.278815776 0 0 0.257276803 0 0 0 0.00317862513 0 0 0 0 0 0.829456031 0 0.9628371 0 0.212810755 0 0 0 0 0 0 0 0 0 0 0.247607902 0 0.192030117 0 0 0 0 0 0 0.388883173 0.388480216 0 0 0 0 0 1 0 0 0 0.111111112 0.244650543 0.40310201 0.357105464 0.750263631 1 1
G1910 0 0.00534707587 1.32184601 0 0.429962963 1.79027903 0 0.00916749611 0 0 0 0 0.00581607036 0.120020546 0 0.317649573 0.00650437735 0.56156379 0 0 0 0 0 0 0.630105674 0.278815776 0 0 0.257276803 0 0 0 0.00317862513 0 0 0 0 0 0.829456031 0 0.9628371 0 0.212810755 0 0 0 0 0 0 0 0 0 0 0.247607902 0 0.192030117 0 0 0 0 0 0 0.388883173 0.388480216 0 0 0 0 0 1 0 0 0 0.111111112 0.244650543 0.414748639 0.334173948 0.750263631 1 1
G1915 0 0.00534707587 1.32184601 0 0.429962963 1.79027903 0 0.00916749611 0 0 0 0 0.00581607036 0.120020546 0 0.317649573 0.00650437735 0.56156379 0 0 0 0 0 0 0.630105674 0.278815776 0 0 0.257276803 0 0 0 0.00317862513 0 0 0 0 0 0.829456031 0 0.9628371 0 0.212810755 0 0 0 0 0 0 0 0 0 0 0.247607902 0 0.192030117 0 0 0 0 0 0 0.388883173 0.388480216 0 0 0 0 0 1 0 0 0 0.111111112 0.244650543 0.425591439 0.334173948 0.749237418 1 1
G1916 0 0.00534707587 1.32184601 0 0.429962963 1.79027903 0 0.00916749611 0 0 0 0 0.00581607036 0.120020546 0 0.317649573 0.00650437735 0.56156379 0 0 0 0 0 0 0.630105674 0.278815776 0 0 0.257276803 0 0 0 0.00317862513 0 0 0 0 0 0.829456031 0 0.9628371 0 0.212810755 0 0 0 0 0 0 0 0 0 0 0.247607902 0 0.192030117 0 0 0 0 0 0 0.388883173 0.388480216 0 0 0 0 0 1 0 0 0 0.111111112 0.244650543 0.435734153 0.334173948 0.749237418 1 1
G1917 0 0.00534707587 1.32184601 0 0.429962963 1.79027903 0 0.00916749611 0 0 0 0 0.00581607036 0.120020546 0 0.317649573 0.00650437735 0.56156379 0 0 0 0 0 0 0.630105674 0.278815776 0 0 0.257276803 0 0 0 0.00317862513 0 0 0 0 0 0.829456031 0 0.9628371 0 0.212810755 0 0 0 0 0 0 0 0 0 0 0.247607902 0 0.192030117 0 0 0 0 0 0 0.388883173 0.388480216 0 0 0 0 0 1 0 0 0 0.111111112 0.244650543 0.40310201 0.357105464 0.749237418 1 1
G1918 0 0.00534707587 1.32184601 0 0.429962963 1.79027903 0 0.00916749611 0 0 0 0 0.00581607036 0.120020546 0 0.317649573 0.00650437735 0.56156379 0 0 0 0 0 0 0.630105674 0.278815776 0 0 0.257276803 0 0 0 0.00317862513 0 0 0 0 0 0.829456031 0 0.9628371 0 0.212810755 0 0 0 0 0 0 0 0 0 0 0.247607902 0 0.192030117 0 0 0 0 0 0 0.388883173 0.388480216 0 0 0 0 0 1 0 0 0 0.111111112 0.244650543 0.414748639 0.334173948 0.749237418 1 1
G1923 0 0.00534707587 1.32184601 0 0.429962963 1.79027903 0 0.00916749611 0 0 0 0 0.00581607036 0.120020546 0 0.317649573 0.00650437735 0.56156379 0 0 0 0 0 0 0.630105674 0.278815776 0 0 0.257276803 0 0 0 0.00317862513 0 0 0 0 0 0.829456031 0 0.9628371 0 0.212810755 0 0 0 0 0 0 0 0 0 0 0.247607902 0 0.192030117 0 0 0 0 0 0 0.388883173 0.388480216 0 0 0 0 0 1 0 0 0 0.111111112 0.244650543 0.425591439 0.334173948 0.754299879 1 1
G1924 0 0.00534707587 1.32184601 0 0.429962963 1.79027903 0 0.00916749611 0 0 0 0 0.00581607036 0.120020546 0 0.317649573 0.00650437735 0.56156379 0 0 0 0 0 0 0.630105674 0.278815776 0 0 0.257276803 0 0 0 0.00317862513 0 0 0 0 0 0.829456031 0 0.9628371 0 0.212810755 0 0 0 0 0 0 0 0 0 0 0.247607902 0 0.192030117 0 0 0 0 0 0 0.388883173 0.388480216 0 0 0 0 0 1 0 0 0 0.111111112 0.244650543 0.435734153 0.334173948 0.754299879 1 1
G1925 0 0.00534707587 1.32184601 0 0.429962963 1.79027903 0 0.00916749611 0 0 0 0 0.00581607036 0.120020546 0 0.317649573 0.00650437735 0.56156379 0 0 0 0 0 0 0.630105674 0.278815776 0 0 0.257276803 0 0 0 0.00317862513 0 0 0 0 0 0.829456031 0 0.9628371 0 0.212810755 0 0 0 0 0 0 0 0 0 0 0.247607902 0 0.192030117 0 0 0 0 0 0 0.388883173 0.388480216 0 0 0 0 0 1 0 0 0 0.111111112 0.244650543 0.40310201 0.357105464 0.754299879 1 1
G1926 0 0.00534707587 1.32184601 0 0.429962963 1.79027903 0 0.00916749611 0 0 0 0 0.00581607036 0.120020546 0 0.317649573 0.00650437735 0.56156379 0 0 0 0 0 0 0.630105674 0.278815776 0 0 0.257276803 0 0 0 0.00317862513 0 0 0 0 0 0.829456031 0 0.9628371 0 0.212810755 0 0 0 0 0 0 0 0 0 0 0.247607902 0 0.192030117 0 0 0 0 0 0 0.388883173 0.388480216 0 0 0 0 0 1 0 0 0 0.111111112 0.244650543 0.414748639 0.334173948 0.754299879 1 1
G1931 0 0.00534707587 1.32184601 0 0.429962963 1.79027903 0 0.00916749611 0 0 0 0 0.00581607036 0.120020546 0 0.317649573 0.00650437735 0.56156379 0 0 0 0 0 0 0.630105674 0.278815776 0 0 0.257276803 0 0 0 0.00317862513 0 0 0 0 0 0.829456031 0 0.9628371 0 0.212810755 0 0 0 0 0 0 0 0 0 0 0.247607902 0 0.192030117 0 0 0 0 0 0 0.388883173 0.388480216 0 0 0 0 0 1 0 0 0 0.111111112 0.244650543 0.425591439 0.334173948 0.753300905 1 1
G1932 0 0.00534707587 1.32184601 0 0.429962963 1.79027903 0 0.00916749611 0 0 0 0 0.00581607036 0.120020546 0 0.317649573 0.00650437735 0.56156379 0 0 0 0 0 0 0.630105674 0.278815776 0 0 0.257276803 0 0 0 0.00317862513 0 0 0 0 0 0.829456031 0 0.9628371 0 0.212810755 0 0 0 0 0 0 0 0 0 0 0.247607902 0 0.192030117 0 0 0 0 0 0 0.388883173 0.388480216 0 0 0 0 0 1 0 0 0 0.111111112 0.244650543 0.435734153 0.334173948 0.753300905 1 1
G1933 0 0.00534707587 1.32184601 0 0.429962963 1.79027903 0 0.00916749611 0 0 0 0 0.00581607036 0.120020546 0 0.317649573 0.00650437735 0.56156379 0 0 0 0 0 0 0.630105674 0.278815776 0 0 0.257276803 0 0 0 0.00317862513 0 0 0 0 0 0.829456031 0 0.9628371 0 0.212810755 0 0 0 0 0 0 0 0 0 0 0.247607902 0 0.192030117 0 0 0 0 0 0 0.388883173 0.388480216 0 0 0 0 0 1 0 0 0 0.111111112 0.244650543 0.40310201 0.357105464 0.753300905 1 1
G1934 0 0.00534707587 1.32184601 0 0.429962963 1.79027903 0 0.00916749611 0 0 0 0 0.00581607036 0.120020546 0 0.317649573 0.00650437735 0.56156379 0 0 0 0 0 0 0.630105674 0.278815776 0 0 0.257276803 0 0 0 0.00317862513 0 0 0 0 0 0.829456031 0 0.9628371 0 0.212810755 0 0 0 0 0 0 0 0 0 0 0.247607902 0 0.192030117 0 0 0 0 0 0 0.388883173 0.388480216 0 0 0 0 0 1 0 0 0 0.111111112 0.244650543 0.414748639 0.334173948 0.753300905 1 1
G1939 0 0.00534707587 1.32184601 0 0.429962963 1.79027903 0 0.00916749611 0 0 0 0 0.00581607036 0.120020546 0 0.317649573 0.00650437735 0.56156379 0 0 0 0 0 0 0.630105674 0.278815776 0 0 0.257276803 0 0 0 0.00317862513 0 0 0 0 0 0.829456031 0 0.9628371 0 0.212810755 0 0 0 0 0 0 0 0 0 0 0.247607902 0 0.192030117 0 0 0 0 0 0 0.388883173 0.388480216 0 0 0 0 0 1 0 0 0 0.111111112 0.244650543 0.425591439 0.334173948 0.752295315 1 1
G1940 0 0.00534707587 1.32184601 0 0.429962963 1.79027903 0 0.00916749611 0 0 0 0 0.00581607036 0.120020546 0 0.317649573 0.00650437735 0.56156379 0 0 0 0 0 0 0.630105674 0.278815776 0 0 0.257276803 0 0 0 0.00317862513 0 0 0 0 0 0.829456031 0 0.9628371 0 0.212810755 0 0 0 0 0 0 0 0 0 0 0.247607902 0 0.192030117 0 0 0 0 0 0 0.388883173 0.388480216 0 0 0 0 0 1 0 0 0 0.111111112 0.244650543 0.435734153 0.334173948 0.752295315 1 1
G1941 0 0.00534707587 1.32184601 0 0.429962963 1.79027903 0 0.00916749611 0 0 0 0 0.00581607036 0.120020546 0 0.317649573 0.00650437735 0.56156379 0 0 0 0 0 0 0.630105674 0.278815776 0 0 0.257276803 0 0 0 0.00317862513 0 0 0 0 0 0.829456031 0 0.9628371 0 0.212810755 0 0 0 0 0 0 0 0 0 0 0.247607902 0 0.192030117 0 0 0 0 0 0 0.388883173 0.388480216 0 0 0 0 0 1 0 0 0 0.111111112 0.244650543 0.40310201 0.357105464 0.752295315 1 1
G1942 0 0.00534707587 1.32184601 0 0.429962963 1.79027903 0 0.00916749611 0 0 0 0 0.00581607036 0.120020546 0 0.317649573 0.00650437735 0.56156379 0 0 0 0 0 0 0.630105674 0.278815776 0 0 0.257276803 0 0 0 0.00317862513 0 0 0 0 0 0.829456031 0 0.9628371 0 0.212810755 0 0 0 0 0 0 0 0 0 0 0.247607902 0 0.192030117 0 0 0 0 0 0 0.388883173 0.388480216 0 0 0 0 0 1 0 0 0 0.111111112 0.244650543 0.414748639 0.334173948 0.752295315 1 1
G1947 0 0.00534707587 1.32184601 0 0.429962963 1.79027903 0 0.00916749611 0 0 0 0 0.00581607036 0.120020546 0 0.317649573 0.00650437735 0.56156379 0 0 0 0 0 0 0.630105674 0.278815776 0 0 0.257276803 0 0 0 0.00317862513 0 0 0 0 0 0.829456031 0 0.9628371 0 0.212810755 0 0 0 0 0 0 0 0 0 0 0.247607902 0 0.192030117 0 0 0 0 0 0 0.388883173 0.388480216 0 0 0 0 0 1 0 0 0 0.111111112 0.244650543 0.425591439 0.334173948 0.741850793 1 1
G1948 0 0.00534707587 1.32184601 0 0.429962963 1.79027903 0 0.00916749611 0 0 0 0 0.00581607036 0.120020546 0 0.317649573 0.00650437735 0.56156379 0 0 0 0 0 0 0.630105674 0.278815776 0 0 0.257276803 0 0 0 0.00317862513 0 0 0 0 0 0.829456031 0 0.9628371 0 0.212810755 0 0 0 0 0 0 0 0 0 0 0.247607902 0 0.192030117 0 0 0 0 0 0 0.388883173 0.388480216 0 0 0 0 0 1 0 0 0 0.111111112 0.244650543 0.435734153 0.334173948 0.741850793 1 1
G1949 0 0.00534707587 1.32184601 0 0.429962963 1.79027903 0 0.00916749611 0 0 0 0 0.00581607036 0.120020546 0 0.317649573 0.00650437735 0.56156379 0 0 0 0 0 0 0.630105674 0.278815776 0 0 0.257276803 0 0 0 0.00317862513 0 0 0 0 0 0.829456031 0 0.9628371 0 0.212810755 0 0 0 0 0 0 0 0 0 0 0.247607902 0 0.192030117 0 0 0 0 0 0 0.388883173 0.388480216 0 0 0 0 0 1 0 0 0 0.111111112 0.244650543 0.40310201 0.357105464 0.741850793 1 1
G1950 0 0.00534707587 1.32184601 0 0.429962963 1.79027903 0 0.00916749611 0 0 0 0 0.00581607036 0.120020546 0 0.317649573 0.00650437735 0.56156379 0 0 0 0 0 0 0.630105674 0.278815776 0 0 0.257276803 0 0 0 0.00317862513 0 0 0 0 0 0.829456031 0 0.9628371 0 0.212810755 0 0 0 0 0 0 0 0 0 0 0.247607902 0 0.192030117 0 0 0 0 0 0 0.388883173 0.388480216 0 0 0 0 0 1 0 0 0 0.111111112 0.244650543 0.414748639 0.334173948 0.741850793 1 1
G2040 0 0.00534707587 1.32184601 0 0.429962963 1.79027903 0 0.00916749611 0 0 0 0 0.00581607036 0.120020546 0 0.317649573 0.00650437735 0.56156379 0 0 0 0 0 0 0.630105674 0.278815776 0 0 0.257276803 0 0 0 0.00317862513 0 0 0 0 0 0.829456031 0 0.9628371 0 0.212810755 0 0 0 0 0 0 0 0 0 0 0.247607902 0 0.192030117 0 0 0 0 0 0 0.388883173 0.388480216 0 1 0 0 0 0 0 0 0 0.129629627 0.244650543 0.172655582 0.377332509 0.752295315 1 1
G2041 0 0.00534707587 1.32184601 0 0.429962963 1.79027903 0 0.00916749611 0 0 0 0 0.00581607036 0.120020546 0 0.317649573 0.00650437735 0.56156379 0 0 0 0 0 0 0.630105674 0.278815776 0 0 0.257276803 0 0 0 0.00317862513 0 0 0 0 0 0.829456031 0 0.9628371 0 0.212810755 0 0 0 0 0 0 0 0 0 0 0.247607902 0 0.192030117 0 0 0 0 0 0 0.388883173 0.388480216 0 1 0 0 0 0 0 0 0 0.129629627 0.244650543 0.172655582 0.377332509 0.752295315 1 1
G2042 0 0.00534707587 1.32184601 0 0.429962963 1.79027903 0 0.00916749611 0 0 0 0 0.00581607036 0.120020546 0 0.317649573 0.00650437735 0.56156379 0 0 0 0 0 0 0.630105674 0.278815776 0 0 0.257276803 0 0 0 0.00317862513 0 0 0 0 0 0.829456031 0 0.9628371 0 0.212810755 0 0 0 0 0 0 0 0 0 0 0.247607902 0 0.192030117 0 0 0 0 0 0 0.388883173 0.388480216 0 1 0 0 0 0 0 0 0 0.129629627 0.244650543 0.172655582 0.395426244 0.752295315 1 1
G2043 0 0.00534707587 1.32184601 0 0.429962963 1.79027903 0 0.00916749611 0 0 0 0 0.00581607036 0.120020546 0 0.317649573 0.00650437735 0.56156379 0 0 0 0 0 0 0.630105674 0.278815776 0 0 0.257276803 0 0 0 0.00317862513 0 0 0 0 0 0.829456031 0 0.9628371 0 0.212810755 0 0 0 0 0 0 0 0 0 0 0.247607902 0 0.192030117 0 0 0 0 0 0 0.388883173 0.388480216 0 1 0 0 0 0 0 0 0 0.129629627 0.244650543 0.172655582 0.377332509 0.752295315 1 1
G2048 0 0.00534707587 1.32184601 0 0.429962963 1.79027903 0 0.00916749611 0 0 0 0 0.00581607036 0.120020546 0 0.317649573 0.00650437735 0.56156379 0 0 0 0 0 0 0.630105674 0.278815776 0 0 0.257276803 0 0 0 0.00317862513 0 0 0 0 0 0.829456031 0 0.9628371 0 0.212810755 0 0 0 0 0 0 0 0 0 0 0.247607902 0 0.192030117 0 0 0 0 0 0 0.388883173 0.388480216 0 1 0 0 0 0 0 0 0 0.129629627 0.244650543 0.172655582 0.377332509 0.742928505 1 1
G2049 0 0.00534707587 1.32184601 0 0.429962963 1.79027903 0 0.00916749611 0 0 0 0 0.00581607036 0.120020546 0 0.317649573 0.00650437735 0.56156379 0 0 0 0 0 0 0.630105674 0.278815776 0 0 0.257276803 0 0 0 0.00317862513 0 0 0 0 0 0.829456031 0 0.9628371 0 0.212810755 0 0 0 0 0 0 0 0 0 0 0.247607902 0 0.192030117 0 0 0 0 0 0 0.388883173 0.388480216 0 1 0 0 0 0 0 0 0 0.129629627 0.244650543 0.217867076 0.395426244 0.741850793 1 1
G2050 0 0.00534707587 1.32184601 0 0.429962963 1.79027903 0 0.00916749611 0 0 0 0 0.00581607036 0.120020546 0 0.317649573 0.00650437735 0.56156379 0 0 0 0 0 0 0.630105674 0.278815776 0 0 0.257276803 0 0 0 0.00317862513 0 0 0 0 0 0.829456031 0 0.9628371 0 0.212810755 0 0 0 0 0 0 0 0 0 0 0.247607902 0 0.192030117 0 0 0 0 0 0 0.388883173 0.388480216 0 1 0 0 0 0 0 0 0 0.129629627 0.244650543 0.172655582 0.395426244 0.742928505 1 1
G2051 0 0.00534707587 1.32184601 0 0.429962963 1.79027903 0 0.00916749611 0 0 0 0 0.00581607036 0.120020546 0 0.317649573 0.00650437735 0.56156379 0 0 0 0 0 0 0.630105674 0.278815776 0 0 0.257276803 0 0 0 0.00317862513 0 0 0 0 0 0.829456031 0 0.9628371 0 0.212810755 0 0 0 0 0 0 0 0 0 0 0.247607902 0 0.192030117 0 0 0 0 0 0 0.388883173 0.388480216 0 1 0 0 0 0 0 0 0 0.129629627 0.244650543 0.172655582 0.377332509 0.742928505 1 1
G2056 0 0.00534707587 1.32184601 0 0.429962963 1.79027903 0 0.00916749611 0 0 0 0 0.00581607036 0.120020546 0 0.317649573 0.00650437735 0.56156379 0 0 0 0 0 0 0.630105674 0.278815776 0 0 0.257276803 0 0 0 0.00317862513 0 0 0 0 0 0.829456031 0 0.9628371 0 0.212810755 0 0 0 0 0 0 0 0 0 0 0.247607902 0 0.192030117 0 0 0 0 0 0 0.388883173 0.388480216 0 1 0 0 0 0 0 0 0 0.129629627 0.244650543 0.172655582 0.377332509 0.74506104 1 1
G2057 0 0.00534707587 1.32184601 0 0.429962963 1.79027903 0 0.00916749611 0 0 0 0 0.00581607036 0.120020546 0 0.317649573 0.00650437735 0.56156379 0 0 0 0 0 0 0.630105674 0.278815776 0 0 0.257276803 0 0 0 0.00317862513 0 0 0 0 0 0.829456031 0 0.9628371 0 0.212810755 0 0 0 0 0 0 0 0 0 0 0.247607902 0 0.192030117 0 0 0 0 0 0 0.388883173 0.388480216 0 1 0 0 0 0 0 0 0 0.129629627 0.244650543 0.217867076 0.395426244 0.743998587 1 1
G2058 0 0.00534707587 1.32184601 0 0.429962963 1.79027903 0 0.00916749611 0 0 0 0 0.00581607036 0.120020546 0 0.317649573 0.00650437735 0.56156379 0 0 0 0 0 0 0.630105674 0.278815776 0 0 0.257276803 0 0 0 0.00317862513 0 0 0 0 0 0.829456031 0 0.9628371 0 0.212810755 0 0 0 0 0 0 0 0 0 0 0.247607902 0 0.192030117 0 0 0 0 0 0 0.388883173 0.388480216 0 1 0 0 0 0 0 0 0 0.129629627 0.244650543 0.217867076 0.411793977 0.743998587 1 1
G2059 0 0.00534707587 1.32184601 0 0.429962963 1.79027903 0 0.00916749611 0 0 0 0 0.00581607036 0.120020546 0 0.317649573 0.00650437735 0.56156379 0 0 0 0 0 0 0.630105674 0.278815776 0 0 0.257276803 0 0 0 0.00317862513 0 0 0 0 0 0.829456031 0 0.9628371 0 0.212810755 0 0 0 0 0 0 0 0 0 0 0.247607902 0 0.192030117 0 0 0 0 0 0 0.388883173 0.388480216 0 1 0 0 0 0 0 0 0 0.129629627 0.244650543 0.172655582 0.377332509 0.74506104 1 1
G2064 0 0.00534707587 1.32184601 0 0.429962963 1.79027903 0 0.00916749611 0 0 0 0 0.00581607036 0.120020546 0 0.317649573 0.00650437735 0.56156379 0 0 0 0 0 0 0.630105674 0.278815776 0 0 0.257276803 0 0 0 0.00317862513 0 0 0 0 0 0.829456031 0 0.9628371 0 0.212810755 0 0 0 0 0 0 0 0 0 0 0.247607902 0 0.192030117 0 0 0 0 0 0 0.388883173 0.388480216 0 1 0 0 0 0 0 0 0 0.129629627 0.244650543 0.172655582 0.377332509 0.746116042 1 1
G2066 0 0.00534707587 1.32184601 0 0.429962963 1.79027903 0 0.00916749611 0 0 0 0 0.00581607036 0.120020546 0 0.317649573 0.00650437735 0.56156379 0 0 0 0 0 0 0.630105674 0.278815776 0 0 0.257276803 0 0 0 0.00317862513 0 0 0 0 0 0.829456031 0 0.9628371 0 0.212810755 0 0 0 0 0 0 0 0 0 0 0.247607902 0 0.192030117 0 0 0 0 0 0 0.388883173 0.388480216 0 1 0 0 0 0 0 0 0 0.129629627 0.244650543 0.217867076 0.411793977 0.74506104 1 1
G2067 0 0.00534707587 1.32184601 0 0.429962963 1.79027903 0 0.00916749611 0 0 0 0 0.00581607036 0.120020546 0 0.317649573 0.00650437735 0.56156379 0 0 0 0 0 0 0.630105674 0.278815776 0 0 0.257276803 0 0 0 0.00317862513 0 0 0 0 0 0.829456031 0 0.9628371 0 0.212810755 0 0 0 0 0 0 0 0 0 0 0.247607902 0 0.192030117 0 0 0 0 0 0 0.388883173 0.388480216 0 1 0 0 0 0 0 0 0 0.129629627 0.244650543 0.217867076 0.395426244 0.74506104 1 1
G2072 0 0.00534707587 1.32184601 0 0.429962963 1.79027903 0 0.00916749611 0 0 0 0 0.00581607036 0.120020546 0 0.317649573 0.00650437735 0.56156379 0 0 0 0 0 0 0.630105674 0.278815776 0 0 0.257276803 0 0 0 0.00317862513 0 0 0 0 0 0.829456031 0 0.9628371 0 0.212810755 0 0 0 0 0 0 0 0 0 0 0.247607902 0 0.192030117 0 0 0 0 0 0 0.388883173 0.388480216 0 1 0 0 0 0 0 0 0 0.129629627 0.244650543 0.172655582 0.377332509 0.753300905 1 1
G2073 0 0.00534707587 1.32184601 0 0.429962963 1.79027903 0 0.00916749611 0 0 0 0 0.00581607036 0.120020546 0 0.317649573 0.00650437735 0.56156379 0 0 0 0 0 0 0.630105674 0.278815776 0 0 0.257276803 0 0 0 0.00317862513 0 0 0 0 0 0.829456031 0 0.9628371 0 0.212810755 0 0 0 0 0 0 0 0 0 0 0.247607902 0 0.192030117 0 0 0 0 0 0 0.388883173 0.388480216 0 1 0 0 0 0 0 0 0 0.129629627 0.244650543 0.217867076 0.395426244 0.752295315 1 1
G2075 0 0.00534707587 1.32184601 0 0.429962963 1.79027903 0 0.00916749611 0 0 0 0 0.00581607036 0.120020546 0 0.317649573 0.00650437735 0.56156379 0 0 0 0 0 0 0.630105674 0.278815776 0 0 0.257276803 0 0 0 0.00317862513 0 0 0 0 0 0.829456031 0 0.9628371 0 0.212810755 0 0 0 0 0 0 0 0 0 0 0.247607902 0 0.192030117 0 0 0 0 0 0 0.388883173 0.388480216 0 1 0 0 0 0 0 0 0 0.129629627 0.244650543 0.217867076 0.395426244 0.752295315 1 1
G2080 0 0.00534707587 1.32184601 0 0.429962963 1.79027903 0 0.00916749611 0 0 0 0 0.00581607036 0.120020546 0 0.317649573 0.00650437735 0.56156379 0 0 0 0 0 0 0.630105674 0.278815776 0 0 0.257276803 0 0 0 0.00317862513 0 0 0 0 0 0.829456031 0 0.9628371 0 0.212810755 0 0 0 0 0 0 0 0 0 0 0.247607902 0 0.192030117 0 0 0 0 0 0 0.388883173 0.388480216 0 1 0 0 0 0 0 0 0 0.129629627 0.244650543 0.172655582 0.377332509 0.754299879 1 1
G2081 0 0.00534707587 1.32184601 0 0.429962963 1.79027903 0 0.00916749611 0 0 0 0 0.00581607036 0.120020546 0 0.317649573 0.00650437735 0.56156379 0 0 0 0 0 0 0.630105674 0.278815776 0 0 0.257276803 0 0 0 0.00317862513 0 0 0 0 0 0.829456031 0 0.9628371 0 0.212810755 0 0 0 0 0 0 0 0 0 0 0.247607902 0 0.192030117 0 0 0 0 0 0 0.388883173 0.388480216 0 1 0 0 0 0 0 0 0 0.129629627 0.244650543 0.217867076 0.395426244 0.753300905 1 1
G2082 0 0.00534707587 1.32184601 0 0.429962963 1.79027903 0 0.00916749611 0 0 0 0 0.00581607036 0.120020546 0 0.317649573 0.00650437735 0.56156379 0 0 0 0 0 0 0.630105674 0.278815776 0 0 0.257276803 0 0 0 0.00317862513 0 0 0 0 0 0.829456031 0 0.9628371 0 0.212810755 0 0 0 0 0 0 0 0 0 0 0.247607902 0 0.192030117 0 0 0 0 0 0 0.388883173 0.388480216 0 1 0 0 0 0 0 0 0 0.129629627 0.244650543 0.217867076 0.411793977 0.753300905 1 1
G2088 0 0.00534707587 1.32184601 0 0.429962963 1.79027903 0 0.00916749611 0 0 0 0 0.00581607036 0.120020546 0 0.317649573 0.00650437735 0.56156379 0 0 0 0 0 0 0.630105674 0.278815776 0 0 0.257276803 0 0 0 0.00317862513 0 0 0 0 0 0.829456031 0 0.9628371 0 0.212810755 0 0 0 0 0 0 0 0 0 0 0.247607902 0 0.192030117 0 0 0 0 0 0 0.388883173 0.388480216 0 1 0 0 0 0 0 0 0 0.129629627 0.244650543 0.172655582 0.377332509 0.755292237 1 1
G2089 0 0.00534707587 1.32184601 0 0.429962963 1.79027903 0 0.00916749611 0 0 0 0 0.00581607036 0.120020546 0 0.317649573 0.00650437735 0.56156379 0 0 0 0 0 0 0.630105674 0.278815776 0 0 0.257276803 0 0 0 0.00317862513 0 0 0 0 0 0.829456031 0 0.9628371 0 0.212810755 0 0 0 0 0 0 0 0 0 0 0.247607902 0 0.192030117 0 0 0 0 0 0 0.388883173 0.388480216 0 1 0 0 0 0 0 0 0 0.129629627 0.244650543 0.217867076 0.395426244 0.754299879 1 1
G2090 0 0.00534707587 1.32184601 0 0.429962963 1.79027903 0 0.00916749611 0 0 0 0 0.00581607036 0.120020546 0 0.317649573 0.00650437735 0.56156379 0 0 0 0 0 0 0.630105674 0.278815776 0 0 0.257276803 0 0 0 0.00317862513 0 0 0 0 0 0.829456031 0 0.9628371 0 0.212810755 0 0 0 0 0 0 0 0 0 0 0.247607902 0 0.192030117 0 0 0 0 0 0 0.388883173 0.388480216 0 1 0 0 0 0 0 0 0 0.129629627 0.244650543 0.217867076 0.411793977 0.754299879 1 1
G2091 0 0.00534707587 1.32184601 0 0.429962963 1.79027903 0 0.00916749611 0 0 0 0 0.00581607036 0.120020546 0 0.317649573 0.00650437735 0.56156379 0 0 0 0 0 0 0.630105674 0.278815776 0 0 0.257276803 0 0 0 0.00317862513 0 0 0 0 0 0.829456031 0 0.9628371 0 0.212810755 0 0 0 0 0 0 0 0 0 0 0.247607902 0 0.192030117 0 0 0 0 0 0 0.388883173 0.388480216 0 1 0 0 0 0 0 0 0 0.129629627 0.244650543 0.217867076 0.395426244 0.754299879 1 1
G2096 0 0.00534707587 1.32184601 0 0.429962963 1.79027903 0 0.00916749611 0 0 0 0 0.00581607036 0.120020546 0 0.317649573 0.00650437735 0.56156379 0 0 0 0 0 0 0.630105674 0.278815776 0 0 0.257276803 0 0 0 0.00317862513 0 0 0 0 0 0.829456031 0 0.9628371 0 0.212810755 0 0 0 0 0 0 0 0 0 0 0.247607902 0 0.192030117 0 0 0 0 0 0 0.388883173 0.388480216 0 1 0 0 0 0 0 0 0 0.129629627 0.244650543 0.172655582 0.377332509 0.747163713 1 1
G2097 0 0.00534707587 1.32184601 0 0.429962963 1.79027903 0 0.00916749611 0 0 0 0 0.00581607036 0.120020546 0 0.317649573 0.00650437735 0.56156379 0 0 0 0 0 0 0.630105674 0.278815776 0 0 0.257276803 0 0 0 0.00317862513 0 0 0 0 0 0.829456031 0 0.9628371 0 0.212810755 0 0 0 0 0 0 0 0 0 0 0.247607902 0 0.192030117 0 0 0 0 0 0 0.388883173 0.388480216 0 1 0 0 0 0 0 0 0 0.129629627 0.244650543 0.217867076 0.395426244 0.746116042 1 1
G2098 0 0.00534707587 1.32184601 0 0.429962963 1.79027903 0 0.00916749611 0 0 0 0 0.00581607036 0.120020546 0 0.317649573 0.00650437735 0.56156379 0 0 0 0 0 0 0.630105674 0.278815776 0 0 0.257276803 0 0 0 0.00317862513 0 0 0 0 0 0.829456031 0 0.9628371 0 0.212810755 0 0 0 0 0 0 0 0 0 0 0.247607902 0 0.192030117 0 0 0 0 0 0 0.388883173 0.388480216 0 1 0 0 0 0 0 0 0 0.129629627 0.244650543 0.217867076 0.411793977 0.746116042 1 1
G2099 0 0.00534707587 1.32184601 0 0.429962963 1.79027903 0 0.00916749611 0 0 0 0 0.00581607036 0.120020546 0 0.317649573 0.00650437735 0.56156379 0 0 0 0 0 0 0.630105674 0.278815776 0 0 0.257276803 0 0 0 0.00317862513 0 0 0 0 0 0.829456031 0 0.9628371 0 0.212810755 0 0 0 0 0 0 0 0 0 0 0.247607902 0 0.192030117 0 0 0 0 0 0 0.388883173 0.388480216 0 1 0 0 0 0 0 0 0 0.129629627 0.244650543 0.217867076 0.395426244 0.746116042 1 1
G2104 0 0.00534707587 1.32184601 0 0.429962963 1.79027903 0 0.00916749611 0 0 0 0 0.00581607036 0.120020546 0 0.317649573 0.00650437735 0.56156379 0 0 0 0 0 0 0.630105674 0.278815776 0 0 0.257276803 0 0 0 0.00317862513 0 0 0 0 0 0.829456031 0 0.9628371 0 0.212810755 0 0 0 0 0 0 0 0 0 0 0.247607902 0 0.192030117 0 0 0 0 0 0 0.388883173 0.388480216 0 1 0 0 0 0 0 0 0 0.129629627 0.244650543 0.172655582 0.377332509 0.759197414 1 1
G2105 0 0.00534707587 1.32184601 0 0.429962963 1.79027903 0 0.00916749611 0 0 0 0 0.00581607036 0.120020546 0 0.317649573 0.00650437735 0.56156379 0 0 0 0 0 0 0.630105674 0.278815776 0 0 0.257276803 0 0 0 0.00317862513 0 0 0 0 0 0.829456031 0 0.9628371 0 0.212810755 0 0 0 0 0 0 0 0 0 0 0.247607902 0 0.192030117 0 0 0 0 0 0 0.388883173 0.388480216 0 1 0 0 0 0 0 0 0 0.129629627 0.244650543 0.217867076 0.395426244 0.758230567 1 1
G2107 0 0.00534707587 1.32184601 0 0.429962963 1.79027903 0 0.00916749611 0 0 0 0 0.00581607036 0.120020546 0 0.317649573 0.00650437735 0.56156379 0 0 0 0 0 0 0.630105674 0.278815776 0 0 0.257276803 0 0 0 0.00317862513 0 0 0 0 0 0.829456031 0 0.9628371 0 0.212810755 0 0 0 0 0 0 0 0 0 0 0.247607902 0 0.192030117 0 0 0 0 0 0 0.388883173 0.388480216 0 1 0 0 0 0 0 0 0 0.129629627 0.244650543 0.217867076 0.395426244 0.758230567 1 1
G2112 0 0.00534707587 1.32184601 0 0.429962963 1.79027903 0 0.00916749611 0 0 0 0 0.00581607036 0.120020546 0 0.317649573 0.00650437735 0.56156379 0 0 0 0 0 0 0.630105674 0.278815776 0 0 0.257276803 0 0 0 0.00317862513 0 0 0 0 0 0.829456031 0 0.9628371 0 0.212810755 0 0 0 0 0 0 0 0 0 0 0.247607902 0 0.192030117 0 0 0 0 0 0 0.388883173 0.388480216 0 1 0 0 0 0 0 0 0 0.129629627 0.244650543 0.172655582 0.377332509 0.748204172 1 1
G2114 0 0.00534707587 1.32184601 0 0.429962963 1.79027903 0 0.00916749611 0 0 0 0 0.00581607036 0.120020546 0 0.317649573 0.00650437735 0.56156379 0 0 0 0 0 0 0.630105674 0.278815776 0 0 0.257276803 0 0 0 0.00317862513 0 0 0 0 0 0.829456031 0 0.9628371 0 0.212810755 0 0 0 0 0 0 0 0 0 0 0.247607902 0 0.192030117 0 0 0 0 0 0 0.388883173 0.388480216 0 1 0 0 0 0 0 0 0 0.129629627 0.244650543 0.217867076 0.411793977 0.747163713 1 1
G2115 0 0.00534707587 1.32184601 0 0.429962963 1.79027903 0 0.00916749611 0 0 0 0 0.00581607036 0.120020546 0 0.317649573 0.00650437735 0.56156379 0 0 0 0 0 0 0.630105674 0.278815776 0 0 0.257276803 0 0 0 0.00317862513 0 0 0 0 0 0.829456031 0 0.9628371 0 0.212810755 0 0 0 0 0 0 0 0 0 0 0.247607902 0 0.192030117 0 0 0 0 0 0 0.388883173 0.388480216 0 1 0 0 0 0 0 0 0 0.129629627 0.244650543 0.217867076 0.395426244 0.747163713 1 1
G2120 0 0.00534707587 1.32184601 0 0.429962963 1.79027903 0 0.00916749611 0 0 0 0 0.00581607036 0.120020546 0 0.317649573 0.00650437735 0.56156379 0 0 0 0 0 0 0.630105674 0.278815776 0 0 0.257276803 0 0 0 0.00317862513 0 0 0 0 0 0.829456031 0 0.9628371 0 0.212810755 0 0 0 0 0 0 0 0 0 0 0.247607902 0 0.192030117 0 0 0 0 0 0 0.388883173 0.388480216 0 1 0 0 0 0 0 0 0 0.129629627 0.244650543 0.172655582 0.377332509 0.748204172 1 1
G2121 0 0.00534707587 1.32184601 0 0.429962963 1.79027903 0 0.00916749611 0 0 0 0 0.00581607036 0.120020546 0 0.317649573 0.00650437735 0.56156379 0 0 0 0 0 0 0.630105674 0.278815776 0 0 0.257276803 0 0 0 0.00317862513 0 0 0 0 0 0.829456031 0 0.9628371 0 0.212810755 0 0 0 0 0 0 0 0 0 0 0.247607902 0 0.192030117 0 0 0 0 0 0 0.388883173 0.388480216 0 1 0 0 0 0 0 0 0 0.129629627 0.244650543 0.217867076 0.395426244 0.747163713 1 1
G2122 0 0.00534707587 1.32184601 0 0.429962963 1.79027903 0 0.00916749611 0 0 0 0 0.00581607036 0.120020546 0 0.317649573 0.00650437735 0.56156379 0 0 0 0 0 0 0.630105674 0.278815776 0 0 0.257276803 0 0 0 0.00317862513 0 0 0 0 0 0.829456031 0 0.9628371 0 0.212810755 0 0 0 0 0 0 0 0 0 0 0.247607902 0 0.192030117 0 0 0 0 0 0 0.388883173 0.388480216 0 1 0 0 0 0 0 0 0 0.129629627 0.244650543 0.217867076 0.411793977 0.747163713 1 1
G2123 0 0.00534707587 1.32184601 0 0.429962963 1.79027903 0 0.00916749611 0 0 0 0 0.00581607036 0.120020546 0 0.317649573 0.00650437735 0.56156379 0 0 0 0 0 0 0.630105674 0.278815776 0 0 0.257276803 0 0 0 0.00317862513 0 0 0 0 0 0.829456031 0 0.9628371 0 0.212810755 0 0 0 0 0 0 0 0 0 0 0.247607902 0 0.192030117 0 0 0 0 0 0 0.388883173 0.388480216 0 1 0 0 0 0 0 0 0 0.129629627 0.244650543 0.217867076 0.395426244 0.747163713 1 1
G2128 0 0.00534707587 1.32184601 0 0.429962963 1.79027903 0 0.00916749611 0 0 0 0 0.00581607036 0.120020546 0 0.317649573 0.00650437735 0.56156379 0 0 0 0 0 0 0.630105674 0.278815776 0 0 0.257276803 0 0 0 0.00317862513 0 0 0 0 0 0.829456031 0 0.9628371 0 0.212810755 0 0 0 0 0 0 0 0 0 0 0.247607902 0 0.192030117 0 0 0 0 0 0 0.388883173 0.388480216 0 1 0 0 0 0 0 0 0 0.129629627 0.244650543 0.172655582 0.377332509 0.747163713 1 1
G2129 0 0.00534707587 1.32184601 0 0.429962963 1.79027903 0 0.00916749611 0 0 0 0 0.00581607036 0.120020546 0 0.317649573 0.00650437735 0.56156379 0 0 0 0 0 0 0.630105674 0.278815776 0 0 0.257276803 0 0 0 0.00317862513 0 0 0 0 0 0.829456031 0 0.9628371 0 0.212810755 0 0 0 0 0 0 0 0 0 0 0.247607902 0 0.192030117 0 0 0 0 0 0 0.388883173 0.388480216 0 1 0 0 0 0 0 0 0 0.129629627 0.244650543 0.217867076 0.395426244 0.746116042 1 1
G2130 0 0.00534707587 1.32184601 0 0.429962963 1.79027903 0 0.00916749611 0 0 0 0 0.00581607036 0.120020546 0 0.317649573 0.00650437735 0.56156379 0 0 0 0 0 0 0.630105674 0.278815776 0 0 0.257276803 0 0 0 0.00317862513 0 0 0 0 0 0.829456031 0 0.9628371 0 0.212810755 0 0 0 0 0 0 0 0 0 0 0.247607902 0 0.192030117 0 0 0 0 0 0 0.388883173 0.388480216 0 1 0 0 0 0 0 0 0 0.129629627 0.244650543 0.217867076 0.411793977 0.746116042 1 1
G2131 0 0.00534707587 1.32184601 0 0.429962963 1.79027903 0 0.00916749611 0 0 0 0 0.00581607036 0.120020546 0 0.317649573 0.00650437735 0.56156379 0 0 0 0 0 0 0.630105674 0.278815776 0 0 0.257276803 0 0 0 0.00317862513 0 0 0 0 0 0.829456031 0 0.9628371 0 0.212810755 0 0 0 0 0 0 0 0 0 0 0.247607902 0 0.192030117 0 0 0 0 0 0 0.388883173 0.388480216 0 1 0 0 0 0 0 0 0 0.129629627 0.244650543 0.217867076 0.395426244 0.746116042 1 1
G2136 0 0.00534707587 1.32184601 0 0.429962963 1.79027903 0 0.00916749611 0 0 0 0 0.00581607036 0.120020546 0 0.317649573 0.00650437735 0.56156379 0 0 0 0 0 0 0.630105674 0.278815776 0 0 0.257276803 0 0 0 0.00317862513 0 0 0 0 0 0.829456031 0 0.9628371 0 0.212810755 0 0 0 0 0 0 0 0 0 0 0.247607902 0 0.192030117 0 0 0 0 0 0 0.388883173 0.388480216 0 1 0 0 0 0 0 0 0 0.129629627 0.244650543 0.172655582 0.377332509 0.752295315 1 1
G2137 0 0.00534707587 1.32184601 0 0.429962963 1.79027903 0 0.00916749611 0 0 0 0 0.00581607036 0.120020546 0 0.317649573 0.00650437735 0.56156379 0 0 0 0 0 0 0.630105674 0.278815776 0 0 0.257276803 0 0 0 0.00317862513 0 0 0 0 0 0.829456031 0 0.9628371 0 0.212810755 0 0 0 0 0 0 0 0 0 0 0.247607902 0 0.192030117 0 0 0 0 0 0 0.388883173 0.388480216 0 1 0 0 0 0 0 0 0 0.129629627 0.244650543 0.217867076 0.395426244 0.75128293 1 1
G2138 0 0.00534707587 1.32184601 0 0.429962963 1.79027903 0 0.00916749611 0 0 0 0 0.00581607036 0.120020546 0 0.317649573 0.00650437735 0.56156379 0 0 0 0 0 0 0.630105674 0.278815776 0 0 0.257276803 0 0 0 0.00317862513 0 0 0 0 0 0.829456031 0 0.9628371 0 0.212810755 0 0 0 0 0 0 0 0 0 0 0.247607902 0 0.192030117 0 0 0 0 0 0 0.388883173 0.388480216 0 1 0 0 0 0 0 0 0 0.129629627 0.244650543 0.217867076 0.411793977 0.75128293 1 1
G2139 0 0.00534707587 1.32184601 0 0.429962963 1.79027903 0 0.00916749611 0 0 0 0 0.00581607036 0.120020546 0 0.317649573 0.00650437735 0.56156379 0 0 0 0 0 0 0.630105674 0.278815776 0 0 0.257276803 0 0 0 0.00317862513 0 0 0 0 0 0.829456031 0 0.9628371 0 0.212810755 0 0 0 0 0 0 0 0 0 0 0.247607902 0 0.192030117 0 0 0 0 0 0 0.388883173 0.388480216 0 1 0 0 0 0 0 0 0 0.129629627 0.244650543 0.217867076 0.395426244 0.75128293 1 1
G2144 0 0.00534707587 1.32184601 0 0.429962963 1.79027903 0 0.00916749611 0 0 0 0 0.00581607036 0.120020546 0 0.317649573 0.00650437735 0.56156379 0 0 0 0 0 0 0.630105674 0.278815776 0 0 0.257276803 0 0 0 0.00317862513 0 0 0 0 0 0.829456031 0 0.9628371 0 0.212810755 0 0 0 0 0 0 0 0 0 0 0.247607902 0 0.192030117 0 0 0 0 0 0 0.388883173 0.388480216 0 1 0 0 0 0 0 0 0 0.129629627 0.244650543 0.172655582 0.377332509 0.75128293 1 1
G2145 0 0.00534707587 1.32184601 0 0.429962963 1.79027903 0 0.00916749611 0 0 0 0 0.00581607036 0.120020546 0 0.317649573 0.00650437735 0.56156379 0 0 0 0 0 0 0.630105674 0.278815776 0 0 0.257276803 0 0 0 0.00317862513 0 0 0 0 0 0.829456031 0 0.9628371 0 0.212810755 0 0 0 0 0 0 0 0 0 0 0.247607902 0 0.192030117 0 0 0 0 0 0 0.388883173 0.388480216 0 1 0 0 0 0 0 0 0 0.129629627 0.244650543 0.217867076 0.395426244 0.750263631 1 1
G2146 0 0.00534707587 1.32184601 0 0.429962963 1.79027903 0 0.00916749611 0 0 0 0 0.00581607036 0.120020546 0 0.317649573 0.00650437735 0.56156379 0 0 0 0 0 0 0.630105674 0.278815776 0 0 0.257276803 0 0 0 0.00317862513 0 0 0 0 0 0.829456031 0 0.9628371 0 0.212810755 0 0 0 0 0 0 0 0 0 0 0.247607902 0 0.192030117 0 0 0 0 0 0 0.388883173 0.388480216 0 1 0 0 0 0 0 0 0 0.129629627 0.244650543 0.217867076 0.411793977 0.750263631 1 1
G2147 0 0.00534707587 1.32184601 0 0.429962963 1.79027903 0 0.00916749611 0 0 0 0 0.00581607036 0.120020546 0 0.317649573 0.00650437735 0.56156379 0 0 0 0 0 0 0.630105674 0.278815776 0 0 0.257276803 0 0 0 0.00317862513 0 0 0 0 0 0.829456031 0 0.9628371 0 0.212810755 0 0 0 0 0 0 0 0 0 0 0.247607902 0 0.192030117 0 0 0 0 0 0 0.388883173 0.388480216 0 1 0 0 0 0 0 0 0 0.129629627 0.244650543 0.172655582 0.377332509 0.75128293 1 1
G2152 0 0.00534707587 1.32184601 0 0.429962963 1.79027903 0 0.00916749611 0 0 0 0 0.00581607036 0.120020546 0 0.317649573 0.00650437735 0.56156379 0 0 0 0 0 0 0.630105674 0.278815776 0 0 0.257276803 0 0 0 0.00317862513 0 0 0 0 0 0.829456031 0 0.9628371 0 0.212810755 0 0 0 0 0 0 0 0 0 0 0.247607902 0 0.192030117 0 0 0 0 0 0 0.388883173 0.388480216 0 1 0 0 0 0 0 0 0 0.129629627 0.244650543 0.172655582 0.377332509 0.750263631 1 1
G2153 0 0.00534707587 1.32184601 0 0.429962963 1.79027903 0 0.00916749611 0 0 0 0 0.00581607036 0.120020546 0 0.317649573 0.00650437735 0.56156379 0 0 0 0 0 0 0.630105674 0.278815776 0 0 0.257276803 0 0 0 0.00317862513 0 0 0 0 0 0.829456031 0 0.9628371 0 0.212810755 0 0 0 0 0 0 0 0 0 0 0.247607902 0 0.192030117 0 0 0 0 0 0 0.388883173 0.388480216 0 1 0 0 0 0 0 0 0 0.129629627 0.244650543 0.217867076 0.395426244 0.749237418 1 1
G2154 0 0.00534707587 1.32184601 0 0.429962963 1.79027903 0 0.00916749611 0 0 0 0 0.00581607036 0.120020546 0 0.317649573 0.00650437735 0.56156379 0 0 0 0 0 0 0.630105674 0.278815776 0 0 0.257276803 0 0 0 0.00317862513 0 0 0 0 0 0.829456031 0 0.9628371 0 0.212810755 0 0 0 0 0 0 0 0 0 0 0.247607902 0 0.192030117 0 0 0 0 0 0 0.388883173 0.388480216 0 1 0 0 0 0 0 0 0 0.129629627 0.244650543 0.172655582 0.395426244 0.750263631 1 1
G2155 0 0.00534707587 1.32184601 0 0.429962963 1.79027903 0 0.00916749611 0 0 0 0 0.00581607036 0.120020546 0 0.317649573 0.00650437735 0.56156379 0 0 0 0 0 0 0.630105674 0.278815776 0 0 0.257276803 0 0 0 0.00317862513 0 0 0 0 0 0.829456031 0 0.9628371 0 0.212810755 0 0 0 0 0 0 0 0 0 0 0.247607902 0 0.192030117 0 0 0 0 0 0 0.388883173 0.388480216 0 1 0 0 0 0 0 0 0 0.129629627 0.244650543 0.172655582 0.377332509 0.750263631 1 1
G2160 0 0.00534707587 1.32184601 0 0.429962963 1.79027903 0 0.00916749611 0 0 0 0 0.00581607036 0.120020546 0 0.317649573 0.00650437735 0.56156379 0 0 0 0 0 0 0.630105674 0.278815776 0 0 0.257276803 0 0 0 0.00317862513 0 0 0 0 0 0.829456031 0 0.9628371 0 0.212810755 0 0 0 0 0 0 0 0 0 0 0.247607902 0 0.192030117 0 0 0 0 0 0 0.388883173 0.388480216 0 1 0 0 0 0 0 0 0 0.129629627 0.244650543 0.172655582 0.377332509 0.739671946 1 1
G2161 0 0.00534707587 1.32184601 0 0.429962963 1.79027903 0 0.00916749611 0 0 0 0 0.00581607036 0.120020546 0 0.317649573 0.00650437735 0.56156379 0 0 0 0 0 0 0.630105674 0.278815776 0 0 0.257276803 0 0 0 0.00317862513 0 0 0 0 0 0.829456031 0 0.9628371 0 0.212810755 0 0 0 0 0 0 0 0 0 0 0.247607902 0 0.192030117 0 0 0 0 0 0 0.388883173 0.388480216 0 1 0 0 0 0 0 0 0 0.129629627 0.244650543 0.172655582 0.377332509 0.739671946 1 1
G2162 0 0.00534707587 1.32184601 0 0.429962963 1.79027903 0 0.00916749611 0 0 0 0 0.00581607036 0.120020546 0 0.317649573 0.00650437735 0.56156379 0 0 0 0 0 0 0.630105674 0.278815776 0 0 0.257276803 0 0 0 0.00317862513 0 0 0 0 0 0.829456031 0 0.9628371 0 0.212810755 0 0 0 0 0 0 0 0 0 0 0.247607902 0 0.192030117 0 0 0 0 0 0 0.388883173 0.388480216 0 1 0 0 0 0 0 0 0 0.129629627 0.244650543 0.172655582 0.395426244 0.739671946 1 1
G2163 0 0.00534707587 1.32184601 0 0.429962963 1.79027903 0 0.00916749611 0 0 0 0 0.00581607036 0.120020546 0 0.317649573 0.00650437735 0.56156379 0 0 0 0 0 0 0.630105674 0.278815776 0 0 0.257276803 0 0 0 0.00317862513 0 0 0 0 0 0.829456031 0 0.9628371 0 0.212810755 0 0 0 0 0 0 0 0 0 0 0.247607902 0 0.192030117 0 0 0 0 0 0 0.388883173 0.388480216 0 1 0 0 0 0 0 0 0 0.129629627 0.244650543 0.172655582 0.377332509 0.739671946 1 1
G816 0 0.00534707587 1.32184601 0 0.429962963 1.79027903 0 0.00916749611 0 0 0 0 0.00581607036 0.120020546 0 0.317649573 0.00650437735 0.56156379 0 0 0 0 0 0 0.630105674 0.278815776 0 0 0.257276803 0 0 0 0.00317862513 0 0 0 0 0 0.829456031 0 0.9628371 0 0.212810755 0 0 0 0 0 0 0 0 0 0 0.247607902 0 0.192030117 0 0 0 0 0 0 0.388883173 0.388480216 0 0 0 0 0 1 0 0 0 0.0370370373 0.955822885 0.217867076 0.238070309 0.738570511 1 1
G1113 0 0.00534707587 1.32184601 0 0.429962963 1.79027903 0 0.00916749611 0 0 0 0 0.00581607036 0.120020546 0 0.317649573 0.00650437735 0.56156379 0 0 0 0 0 0 0.630105674 0.278815776 0 0 0.257276803 0 0 0 0.00317862513 0 0 0 0 0 0.829456031 0 0.9628371 0 0.212810755 0 0 0 0 0 0 0 0 0 0 0.247607902 0 0.192030117 0 0 0 0 0 0 0.388883173 0.388480216 0 0 0 0 0 1 0 0 0 0.055555556 0.244650543 0.252935857 0.276391089 0.740765333 1 1
G1114 0 0.00534707587 1.32184601 0 0.429962963 1.79027903 0 0.00916749611 0 0 0 0 0.00581607036 0.120020546 0 0.317649573 0.00650437735 0.56156379 0 0 0 0 0 0 0.630105674 0.278815776 0 0 0.257276803 0 0 0 0.00317862513 0 0 0 0 0 0.829456031 0 0.9628371 0 0.212810755 0 0 0 0 0 0 0 0 0 0 0.247607902 0 0.192030117 0 0 0 0 0 0 0.388883173 0.388480216 0 0 0 0 0 1 0 0 0 0.055555556 0.244650543 0.252935857 0.276391089 0.742928505 1 1
G1115 0 0.00534707587 1.32184601 0 0.429962963 1.79027903 0 0.00916749611 0 0 0 0 0.00581607036 0.120020546 0 0.317649573 0.00650437735 0.56156379 0 0 0 0 0 0 0.630105674 0.278815776 0 0 0.257276803 0 0 0 0.00317862513 0 0 0 0 0 0.829456031 0 0.9628371 0 0.212810755 0 0 0 0 0 0 0 0 0 0 0.247607902 0 0.192030117 0 0 0 0 0 0 0.388883173 0.388480216 0 0 0 0 0 1 0 0 0 0.055555556 0.244650543 0.252935857 0.276391089 0.743998587 1 1
G1116 0 0.00534707587 1.32184601 0 0.429962963 1.79027903 0 0.00916749611 0 0 0 0 0.00581607036 0.120020546 0 0.317649573 0.00650437735 0.56156379 0 0 0 0 0 0 0.630105674 0.278815776 0 0 0.257276803 0 0 0 0.00317862513 0 0 0 0 0 0.829456031 0 0.9628371 0 0.212810755 0 0 0 0 0 0 0 0 0 0 0.247607902 0 0.192030117 0 0 0 0 0 0 0.388883173 0.388480216 0 0 0 0 0 1 0 0 0 0.055555556 0.244650543 0.252935857 0.276391089 0.75128293 1 1
G1117 0 0.00534707587 1.32184601 0 0.429962963 1.79027903 0 0.00916749611 0 0 0 0 0.00581607036 0.120020546 0 0.317649573 0.00650437735 0.56156379 0 0 0 0 0 0 0.630105674 0.278815776 0 0 0.257276803 0 0 0 0.00317862513 0 0 0 0 0 0.829456031 0 0.9628371 0 0.212810755 0 0 0 0 0 0 0 0 0 0 0.247607902 0 0.192030117 0 0 0 0 0 0 0.388883173 0.388480216 0 0 0 0 0 1 0 0 0 0.055555556 0.244650543 0.252935857 0.276391089 0.752295315 1 1
G1118 0 0.00534707587 1.32184601 0 0.429962963 1.79027903 0 0.00916749611 0 0 0 0 0.00581607036 0.120020546 0 0.317649573 0.00650437735 0.56156379 0 0 0 0 0 0 0.630105674 0.278815776 0 0 0.257276803 0 0 0 0.00317862513 0 0 0 0 0 0.829456031 0 0.9628371 0 0.212810755 0 0 0 0 0 0 0 0 0 0 0.247607902 0 0.192030117 0 0 0 0 0 0 0.388883173 0.388480216 0 0 0 0 0 1 0 0 0 0.055555556 0.244650543 0.252935857 0.276391089 0.753300905 1 1
G1119 0 0.00534707587 1.32184601 0 0.429962963 1.79027903 0 0.00916749611 0 0 0 0 0.00581607036 0.120020546 0 0.317649573 0.00650437735 0.56156379 0 0 0 0 0 0 0.630105674 0.278815776 0 0 0.257276803 0 0 0 0.00317862513 0 0 0 0 0 0.829456031 0 0.9628371 0 0.212810755 0 0 0 0 0 0 0 0 0 0 0.247607902 0 0.192030117 0 0 0 0 0 0 0.388883173 0.388480216 0 0 0 0 0 1 0 0 0 0.055555556 0.244650543 0.252935857 0.276391089 0.74506104 1 1
G831 0 0.00534707587 1.32184601 0 0.429962963 1.79027903 0 0.00916749611 0 0 0 0 0.00581607036 0.120020546 0 0.317649573 0.00650437735 0.56156379 0 0 0 0 0 0 0.630105674 0.278815776 0 0 0.257276803 0 0 0 0.00317862513 0 0 0 0 0 0.829456031 0 0.9628371 0 0.212810755 0 0 0 0 0 0 0 0 0 0 0.247607902 0 0.192030117 0 0 0 0 0 0 0.388883173 0.388480216 0 0 0 0 0 1 0 0 0 0.0370370373 1 0.217867076 0.238070309 0.676503181 1 1
G1120 0 0.00534707587 1.32184601 0 0.429962963 1.79027903 0 0.00916749611 0 0 0 0 0.00581607036 0.120020546 0 0.317649573 0.00650437735 0.56156379 0 0 0 0 0 0 0.630105674 0.278815776 0 0 0.257276803 0 0 0 0.00317862513 0 0 0 0 0 0.829456031 0 0.9628371 0 0.212810755 0 0 0 0 0 0 0 0 0 0 0.247607902 0 0.192030117 0 0 0 0 0 0 0.388883173 0.388480216 0 0 0 0 0 1 0 0 0 0.055555556 0.244650543 0.252935857 0.276391089 0.674823403 1 1
G1121 0 0.00534707587 1.32184601 0 0.429962963 1.79027903 0 0.00916749611 0 0 0 0 0.00581607036 0.120020546 0 0.317649573 0.00650437735 0.56156379 0 0 0 0 0 0 0.630105674 0.278815776 0 0 0.257276803 0 0 0 0.00317862513 0 0 0 0 0 0.829456031 0 0.9628371 0 0.212810755 0 0 0 0 0 0 0 0 0 0 0.247607902 0 0.192030117 0 0 0 0 0 0 0.388883173 0.388480216 0 1 0 0 0 0 0 0 0 0.055555556 0.244650543 0.252935857 0.334173948 0.674823403 1 1
G1122 0 0.00534707587 1.32184601 0 0.429962963 1.79027903 0 0.00916749611 0 0 0 0 0.00581607036 0.120020546 0 0.317649573 0.00650437735 0.56156379 0 0 0 0 0 0 0.630105674 0.278815776 0 0 0.257276803 0 0 0 0.00317862513 0 0 0 0 0 0.829456031 0 0.9628371 0 0.212810755 0 0 0 0 0 0 0 0 0 0 0.247607902 0 0.192030117 0 0 0 0 0 0 0.388883173 0.388480216 0 0 0 0 0 1 0 0 0 0.055555556 0.244650543 0.252935857 0.276391089 0.70391351 1 1
G1123 0 0.00534707587 1.32184601 0 0.429962963 1.79027903 0 0.00916749611 0 0 0 0 0.00581607036 0.120020546 0 0.317649573 0.00650437735 0.56156379 0 0 0 0 0 0 0.630105674 0.278815776 0 0 0.257276803 0 0 0 0.00317862513 0 0 0 0 0 0.829456031 0 0.9628371 0 0.212810755 0 0 0 0 0 0 0 0 0 0 0.247607902 0 0.192030117 0 0 0 0 0 0 0.388883173 0.388480216 0 1 0 0 0 0 0 0 0 0.055555556 0.244650543 0.252935857 0.334173948 0.70391351 1 1
G1124 0 0.00534707587 1.32184601 0 0.429962963 1.79027903 0 0.00916749611 0 0 0 0 0.00581607036 0.120020546 0 0.317649573 0.00650437735 0.56156379 0 0 0 0 0 0 0.630105674 0.278815776 0 0 0.257276803 0 0 0 0.00317862513 0 0 0 0 0 0.829456031 0 0.9628371 0 0.212810755 0 0 0 0 0 0 0 0 0 0 0.247607902 0 0.192030117 0 0 0 0 0 0 0.388883173 0.388480216 0 0 0 0 0 1 0 0 0 0.055555556 0.244650543 0.252935857 0.276391089 0.728277028 1 1
G1125 0 0.00534707587 1.32184601 0 0.429962963 1.79027903 0 0.00916749611 0 0 0 0 0.00581607036 0.120020546 0 0.317649573 0.00650437735 0.56156379 0 0 0 0 0 0 0.630105674 0.278815776 0 0 0.257276803 0 0 0 0.00317862513 0 0 0 0 0 0.829456031 0 0.9628371 0 0.212810755 0 0 0 0 0 0 0 0 0 0 0.247607902 0 0.192030117 0 0 0 0 0 0 0.388883173 0.388480216 0 1 0 0 0 0 0 0 0 0.055555556 0.244650543 0.252935857 0.334173948 0.728277028 1 1
G1126 0 0.00534707587 1.32184601 0 0.429962963 1.79027903 0 0.00916749611 0 0 0 0 0.00581607036 0.120020546 0 0.317649573 0.00650437735 0.56156379 0 0 0 0 0 0 0.630105674 0.278815776 0 0 0.257276803 0 0 0 0.00317862513 0 0 0 0 0 0.829456031 0 0.9628371 0 0.212810755 0 0 0 0 0 0 0 0 0 0 0.247607902 0 0.192030117 0 0 0 0 0 0 0.388883173 0.388480216 0 0 0 0 0 1 0 0 0 0.055555556 0.244650543 0.252935857 0.276391089 0.750263631 1 1
G1127 0 0.00534707587 1.32184601 0 0.429962963 1.79027903 0 0.00916749611 0 0 0 0 0.00581607036 0.120020546 0 0.317649573 0.00650437735 0.56156379 0 0 0 0 0 0 0.630105674 0.278815776 0 0 0.257276803 0 0 0 0.00317862513 0 0 0 0 0 0.829456031 0 0.9628371 0 0.212810755 0 0 0 0 0 0 0 0 0 0 0.247607902 0 0.192030117 0 0 0 0 0 0 0.388883173 0.388480216 0 1 0 0 0 0 0 0 0 0.055555556 0.244650543 0.252935857 0.334173948 0.750263631 1 1
G1128 0 0.00534707587 1.32184601 0 0.429962963 1.79027903 0 0.00916749611 0 0 0 0 0.00581607036 0.120020546 0 0.317649573 0.00650437735 0.56156379 0 0 0 0 0 0 0.630105674 0.278815776 0 0 0.257276803 0 0 0 0.00317862513 0 0 0 0 0 0.829456031 0 0.9628371 0 0.212810755 0 0 0 0 0 0 0 0 0 0 0.247607902 0 0.192030117 0 0 0 0 0 0 0.388883173 0.388480216 0 0 0 0 0 1 0 0 0 0.055555556 0.244650543 0.252935857 0.276391089 0.695320308 1 1
G1129 0 0.00534707587 1.32184601 0 0.429962963 1.79027903 0 0.00916749611 0 0 0 0 0.00581607036 0.120020546 0 0.317649573 0.00650437735 0.56156379 0 0 0 0 0 0 0.630105674 0.278815776 0 0 0.257276803 0 0 0 0.00317862513 0 0 0 0 0 0.829456031 0 0.9628371 0 0.212810755 0 0 0 0 0 0 0 0 0 0 0.247607902 0 0.192030117 0 0 0 0 0 0 0.388883173 0.388480216 0 1 0 0 0 0 0 0 0 0.055555556 0.244650543 0.252935857 0.334173948 0.695320308 1 1
G1130 0 0.00534707587 1.32184601 0 0.429962963 1.79027903 0 0.00916749611 0 0 0 0 0.00581607036 0.120020546 0 0.317649573 0.00650437735 0.56156379 0 0 0 0 0 0 0.630105674 0.278815776 0 0 0.257276803 0 0 0 0.00317862513 0 0 0 0 0 0.829456031 0 0.9628371 0 0.212810755 0 0 0 0 0 0 0 0 0 0 0.247607902 0 0.192030117 0 0 0 0 0 0 0.388883173 0.388480216 0 0 0 0 0 1 0 0 0 0.055555556 0.244650543 0.252935857 0.276391089 0.721001089 1 1
G1131 0 0.00534707587 1.32184601 0 0.429962963 1.79027903 0 0.00916749611 0 0 0 0 0.00581607036 0.120020546 0 0.317649573 0.00650437735 0.56156379 0 0 0 0 0 0 0.630105674 0.278815776 0 0 0.257276803 0 0 0 0.00317862513 0 0 0 0 0 0.829456031 0 0.9628371 0 0.212810755 0 0 0 0 0 0 0 0 0 0 0.247607902 0 0.192030117 0 0 0 0 0 0 0.388883173 0.388480216 0 1 0 0 0 0 0 0 0 0.055555556 0.244650543 0.252935857 0.334173948 0.721001089 1 1
G1132 0 0.00534707587 1.32184601 0 0.429962963 1.79027903 0 0.00916749611 0 0 0 0 0.00581607036 0.120020546 0 0.317649573 0.00650437735 0.56156379 0 0 0 0 0 0 0.630105674 0.278815776 0 0 0.257276803 0 0 0 0.00317862513 0 0 0 0 0 0.829456031 0 0.9628371 0 0.212810755 0 0 0 0 0 0 0 0 0 0 0.247607902 0 0.192030117 0 0 0 0 0 0 0.388883173 0.388480216 0 0 0 0 0 1 0 0 0 0.055555556 0.244650543 0.252935857 0.276391089 0.715947151 1 1
G1133 0 0.00534707587 1.32184601 0 0.429962963 1.79027903 0 0.00916749611 0 0 0 0 0.00581607036 0.120020546 0 0.317649573 0.00650437735 0.56156379 0 0 0 0 0 0 0.630105674 0.278815776 0 0 0.257276803 0 0 0 0.00317862513 0 0 0 0 0 0.829456031 0 0.9628371 0 0.212810755 0 0 0 0 0 0 0 0 0 0 0.247607902 0 0.192030117 0 0 0 0 0 0 0.388883173 0.388480216 0 1 0 0 0 0 0 0 0 0.055555556 0.244650543 0.252935857 0.334173948 0.715947151 1 1
G1134 0 0.00534707587 1.32184601 0 0.429962963 1.79027903 0 0.00916749611 0 0 0 0 0.00581607036 0.120020546 0 0.317649573 0.00650437735 0.56156379 0 0 0 0 0 0 0.630105674 0.278815776 0 0 0.257276803 0 0 0 0.00317862513 0 0 0 0 0 0.829456031 0 0.9628371 0 0.212810755 0 0 0 0 0 0 0 0 0 0 0.247607902 0 0.192030117 0 0 0 0 0 0 0.388883173 0.388480216 0 0 0 0 0 1 0 0 0 0.055555556 0.244650543 0.252935857 0.276391089 0.724683046 1 1
G1135 0 0.00534707587 1.32184601 0 0.429962963 1.79027903 0 0.00916749611 0 0 0 0 0.00581607036 0.120020546 0 0.317649573 0.00650437735 0.56156379 0 0 0 0 0 0 0.630105674 0.278815776 0 0 0.257276803 0 0 0 0.00317862513 0 0 0 0 0 0.829456031 0 0.9628371 0 0.212810755 0 0 0 0 0 0 0 0 0 0 0.247607902 0 0.192030117 0 0 0 0 0 0 0.388883173 0.388480216 0 1 0 0 0 0 0 0 0 0.055555556 0.244650543 0.252935857 0.334173948 0.724683046 1 1
G1228 0 0.00534707587 1.32184601 0 0.429962963 1.79027903 0 0.00916749611 0 0 0 0 0.00581607036 0.120020546 0 0.317649573 0.00650437735 0.56156379 0 0 0 0 0 0 0.630105674 0.278815776 0 0 0.257276803 0 0 0 0.00317862513 0 0 0 0 0 0.829456031 0 0.9628371 0 0.212810755 0 0 0 0 0 0 0 0 0 0 0.247607902 0 0.192030117 0 0 0 0 0 0 0.388883173 0.388480216 0 1 0 0 0 0 0 0 0 0.0740740746 0.244650543 0.172655582 0.334173948 0.671406448 1 1
G1229 0 0.00534707587 1.32184601 0 0.429962963 1.79027903 0 0.00916749611 0 0 0 0 0.00581607036 0.120020546 0 0.317649573 0.00650437735 0.56156379 0 0 0 0 0 0 0.630105674 0.278815776 0 0 0.257276803 0 0 0 0.00317862513 0 0 0 0 0 0.829456031 0 0.9628371 0 0.212810755 0 0 0 0 0 0 0 0 0 0 0.247607902 0 0.192030117 0 0 0 0 0 0 0.388883173 0.388480216 0 1 0 0 0 0 0 0 0 0.0740740746 0.244650543 0.172655582 0.377332509 0.671406448 1 1
G1230 0 0.00534707587 1.32184601 0 0.429962963 1.79027903 0 0.00916749611 0 0 0 0 0.00581607036 0.120020546 0 0.317649573 0.00650437735 0.56156379 0 0 0 0 0 0 0.630105674 0.278815776 0 0 0.257276803 0 0 0 0.00317862513 0 0 0 0 0 0.829456031 0 0.9628371 0 0.212810755 0 0 0 0 0 0 0 0 0 0 0.247607902 0 0.192030117 0 0 0 0 0 0 0.388883173 0.388480216 0 1 0 0 0 0 0 0 0 0.0740740746 0.244650543 0.172655582 0.334173948 0.70110333 1 1
G1231 0 0.00534707587 1.32184601 0 0.429962963 1.79027903 0 0.00916749611 0 0 0 0 0.00581607036 0.120020546 0 0.317649573 0.00650437735 0.56156379 0 0 0 0 0 0 0.630105674 0.278815776 0 0 0.257276803 0 0 0 0.00317862513 0 0 0 0 0 0.829456031 0 0.9628371 0 0.212810755 0 0 0 0 0 0 0 0 0 0 0.247607902 0 0.192030117 0 0 0 0 0 0 0.388883173 0.388480216 0 1 0 0 0 0 0 0 0 0.0740740746 0.244650543 0.172655582 0.377332509 0.70110333 1 1
G1232 0 0.00534707587 1.32184601 0 0.429962963 1.79027903 0 0.00916749611 0 0 0 0 0.00581607036 0.120020546 0 0.317649573 0.00650437735 0.56156379 0 0 0 0 0 0 0.630105674 0.278815776 0 0 0.257276803 0 0 0 0.00317862513 0 0 0 0 0 0.829456031 0 0.9628371 0 0.212810755 0 0 0 0 0 0 0 0 0 0 0.247607902 0 0.192030117 0 0 0 0 0 0 0.388883173 0.388480216 0 1 0 0 0 0 0 0 0 0.0740740746 0.244650543 0.172655582 0.334173948 0.725890636 1 1
G1233 0 0.00534707587 1.32184601 0 0.429962963 1.79027903 0 0.00916749611 0 0 0 0 0.00581607036 0.120020546 0 0.317649573 0.00650437735 0.56156379 0 0 0 0 0 0 0.630105674 0.278815776 0 0 0.257276803 0 0 0 0.00317862513 0 0 0 0 0 0.829456031 0 0.9628371 0 0.212810755 0 0 0 0 0 0 0 0 0 0 0.247607902 0 0.192030117 0 0 0 0 0 0 0.388883173 0.388480216 0 1 0 0 0 0 0 0 0 0.0740740746 0.244650543 0.172655582 0.377332509 0.725890636 1 1
G1234 0 0.00534707587 1.32184601 0 0.429962963 1.79027903 0 0.00916749611 0 0 0 0 0.00581607036 0.120020546 0 0.317649573 0.00650437735 0.56156379 0 0 0 0 0 0 0.630105674 0.278815776 0 0 0.257276803 0 0 0 0.00317862513 0 0 0 0 0 0.829456031 0 0.9628371 0 0.212810755 0 0 0 0 0 0 0 0 0 0 0.247607902 0 0.192030117 0 0 0 0 0 0 0.388883173 0.388480216 0 1 0 0 0 0 0 0 0 0.0740740746 0.244650543 0.172655582 0.334173948 0.748204172 1 1
G1235 0 0.00534707587 1.32184601 0 0.429962963 1.79027903 0 0.00916749611 0 0 0 0 0.00581607036 0.120020546 0 0.317649573 0.00650437735 0.56156379 0 0 0 0 0 0 0.630105674 0.278815776 0 0 0.257276803 0 0 0 0.00317862513 0 0 0 0 0 0.829456031 0 0.9628371 0 0.212810755 0 0 0 0 0 0 0 0 0 0 0.247607902 0 0.192030117 0 0 0 0 0 0 0.388883173 0.388480216 0 1 0 0 0 0 0 0 0 0.0740740746 0.244650543 0.172655582 0.377332509 0.748204172 1 1
G1236 0 0.00534707587 1.32184601 0 0.429962963 1.79027903 0 0.00916749611 0 0 0 0 0.00581607036 0.120020546 0 0.317649573 0.00650437735 0.56156379 0 0 0 0 0 0 0.630105674 0.278815776 0 0 0.257276803 0 0 0 0.00317862513 0 0 0 0 0 0.829456031 0 0.9628371 0 0.212810755 0 0 0 0 0 0 0 0 0 0 0.247607902 0 0.192030117 0 0 0 0 0 0 0.388883173 0.388480216 0 1 0 0 0 0 0 0 0 0.0740740746 0.244650543 0.172655582 0.334173948 0.692343116 1 1
G1237 0 0.00534707587 1.32184601 0 0.429962963 1.79027903 0 0.00916749611 0 0 0 0 0.00581607036 0.120020546 0 0.317649573 0.00650437735 0.56156379 0 0 0 0 0 0 0.630105674 0.278815776 0 0 0.257276803 0 0 0 0.00317862513 0 0 0 0 0 0.829456031 0 0.9628371 0 0.212810755 0 0 0 0 0 0 0 0 0 0 0.247607902 0 0.192030117 0 0 0 0 0 0 0.388883173 0.388480216 0 1 0 0 0 0 0 0 0 0.0740740746 0.244650543 0.172655582 0.377332509 0.692343116 1 1
G1238 0 0.00534707587 1.32184601 0 0.429962963 1.79027903 0 0.00916749611 0 0 0 0 0.00581607036 0.120020546 0 0.317649573 0.00650437735 0.56156379 0 0 0 0 0 0 0.630105674 0.278815776 0 0 0.257276803 0 0 0 0.00317862513 0 0 0 0 0 0.829456031 0 0.9628371 0 0.212810755 0 0 0 0 0 0 0 0 0 0 0.247607902 0 0.192030117 0 0 0 0 0 0 0.388883173 0.388480216 0 1 0 0 0 0 0 0 0 0.0740740746 0.244650543 0.172655582 0.334173948 0.718495369 1 1
G1239 0 0.00534707587 1.32184601 0 0.429962963 1.79027903 0 0.00916749611 0 0 0 0 0.00581607036 0.120020546 0 0.317649573 0.00650437735 0.56156379 0 0 0 0 0 0 0.630105674 0.278815776 0 0 0.257276803 0 0 0 0.00317862513 0 0 0 0 0 0.829456031 0 0.9628371 0 0.212810755 0 0 0 0 0 0 0 0 0 0 0.247607902 0 0.192030117 0 0 0 0 0 0 0.388883173 0.388480216 0 1 0 0 0 0 0 0 0 0.0740740746 0.244650543 0.172655582 0.377332509 0.718495369 1 1
G1240 0 0.00534707587 1.32184601 0 0.429962963 1.79027903 0 0.00916749611 0 0 0 0 0.00581607036 0.120020546 0 0.317649573 0.00650437735 0.56156379 0 0 0 0 0 0 0.630105674 0.278815776 0 0 0.257276803 0 0 0 0.00317862513 0 0 0 0 0 0.829456031 0 0.9628371 0 0.212810755 0 0 0 0 0 0 0 0 0 0 0.247607902 0 0.192030117 0 0 0 0 0 0 0.388883173 0.388480216 0 1 0 0 0 0 0 0 0 0.0740740746 0.244650543 0.172655582 0.334173948 0.713355005 1 1
G1241 0 0.00534707587 1.32184601 0 0.429962963 1.79027903 0 0.00916749611 0 0 0 0 0.00581607036 0.120020546 0 0.317649573 0.00650437735 0.56156379 0 0 0 0 0 0 0.630105674 0.278815776 0 0 0.257276803 0 0 0 0.00317862513 0 0 0 0 0 0.829456031 0 0.9628371 0 0.212810755 0 0 0 0 0 0 0 0 0 0 0.247607902 0 0.192030117 0 0 0 0 0 0 0.388883173 0.388480216 0 1 0 0 0 0 0 0 0 0.0740740746 0.244650543 0.172655582 0.377332509 0.713355005 1 1
G1242 0 0.00534707587 1.32184601 0 0.429962963 1.79027903 0 0.00916749611 0 0 0 0 0.00581607036 0.120020546 0 0.317649573 0.00650437735 0.56156379 0 0 0 0 0 0 0.630105674 0.278815776 0 0 0.257276803 0 0 0 0.00317862513 0 0 0 0 0 0.829456031 0 0.9628371 0 0.212810755 0 0 0 0 0 0 0 0 0 0 0.247607902 0 0.192030117 0 0 0 0 0 0 0.388883173 0.388480216 0 1 0 0 0 0 0 0 0 0.0740740746 0.244650543 0.172655582 0.334173948 0.722238481 1 1
G1243 0 0.00534707587 1.32184601 0 0.429962963 1.79027903 0 0.00916749611 0 0 0 0 0.00581607036 0.120020546 0 0.317649573 0.00650437735 0.56156379 0 0 0 0 0 0 0.630105674 0.278815776 0 0 0.257276803 0 0 0 0.00317862513 0 0 0 0 0 0.829456031 0 0.9628371 0 0.212810755 0 0 0 0 0 0 0 0 0 0 0.247607902 0 0.192030117 0 0 0 0 0 0 0.388883173 0.388480216 0 1 0 0 0 0 0 0 0 0.0740740746 0.244650543 0.172655582 0.377332509 0.722238481 1 1
G848 0 0.00534707587 1.32184601 0 0.429962963 1.79027903 0 0.00916749611 0 0 0 0 0.00581607036 0.120020546 0 0.317649573 0.00650437735 0.56156379 0 0 0 0 0 0 0.630105674 0.278815776 0 0 0.257276803 0 0 0 0.00317862513 0 0 0 0 0 0.829456031 0 0.9628371 0 0.212810755 0 0 0 0 0 0 0 0 0 0 0.247607902 0 0.192030117 0 0 0 0 0 0 0.388883173 0.388480216 0 0 0 0 0 1 0 0 0 0.0370370373 0.244650543 0.217867076 0.276391089 0.674823403 1 1
G849 0 0.00534707587 1.32184601 0 0.429962963 1.79027903 0 0.00916749611 0 0 0 0 0.00581607036 0.120020546 0 0.317649573 0.00650437735 0.56156379 0 0 0 0 0 0 0.630105674 0.278815776 0 0 0.257276803 0 0 0 0.00317862513 0 0 0 0 0 0.829456031 0 0.9628371 0 0.212810755 0 0 0 0 0 0 0 0 0 0 0.247607902 0 0.192030117 0 0 0 0 0 0 0.388883173 0.388480216 0 0 0 0 0 1 0 0 0 0.0370370373 0.244650543 0.217867076 0.276391089 0.70391351 1 1
G850 0 0.00534707587 1.32184601 0 0.429962963 1.79027903 0 0.00916749611 0 0 0 0 0.00581607036 0.120020546 0 0.317649573 0.00650437735 0.56156379 0 0 0 0 0 0 0.630105674 0.278815776 0 0 0.257276803 0 0 0 0.00317862513 0 0 0 0 0 0.829456031 0 0.9628371 0 0.212810755 0 0 0 0 0 0 0 0 0 0 0.247607902 0 0.192030117 0 0 0 0 0 0 0.388883173 0.388480216 0 0 0 0 0 1 0 0 0 0.0370370373 0.244650543 0.217867076 0.276391089 0.728277028 1 1
G851 0 0.00534707587 1.32184601 0 0.429962963 1.79027903 0 0.00916749611 0 0 0 0 0.00581607036 0.120020546 0 0.317649573 0.00650437735 0.56156379 0 0 0 0 0 0 0.630105674 0.278815776 0 0 0.257276803 0 0 0 0.00317862513 0 0 0 0 0 0.829456031 0 0.9628371 0 0.212810755 0 0 0 0 0 0 0 0 0 0 0.247607902 0 0.192030117 0 0 0 0 0 0 0.388883173 0.388480216 0 0 0 0 0 1 0 0 0 0.0370370373 0.244650543 0.217867076 0.276391089 0.750263631 1 1
G852 0 0.00534707587 1.32184601 0 0.429962963 1.79027903 0 0.00916749611 0 0 0 0 0.00581607036 0.120020546 0 0.317649573 0.00650437735 0.56156379 0 0 0 0 0 0 0.630105674 0.278815776 0 0 0.257276803 0 0 0 0.00317862513 0 0 0 0 0 0.829456031 0 0.9628371 0 0.212810755 0 0 0 0 0 0 0 0 0 0 0.247607902 0 0.192030117 0 0 0 0 0 0 0.388883173 0.388480216 0 0 0 0 0 1 0 0 0 0.0370370373 0.244650543 0.217867076 0.276391089 0.695320308 1 1
G853 0 0.00534707587 1.32184601 0 0.429962963 1.79027903 0 0.00916749611 0 0 0 0 0.00581607036 0.120020546 0 0.317649573 0.00650437735 0.56156379 0 0 0 0 0 0 0.630105674 0.278815776 0 0 0.257276803 0 0 0 0.00317862513 0 0 0 0 0 0.829456031 0 0.9628371 0 0.212810755 0 0 0 0 0 0 0 0 0 0 0.247607902 0 0.192030117 0 0 0 0 0 0 0.388883173 0.388480216 0 0 0 0 0 1 0 0 0 0.0370370373 0.244650543 0.217867076 0.276391089 0.721001089 1 1
G854 0 0.00534707587 1.32184601 0 0.429962963 1.79027903 0 0.00916749611 0 0 0 0 0.00581607036 0.120020546 0 0.317649573 0.00650437735 0.56156379 0 0 0 0 0 0 0.630105674 0.278815776 0 0 0.257276803 0 0 0 0.00317862513 0 0 0 0 0 0.829456031 0 0.9628371 0 0.212810755 0 0 0 0 0 0 0 0 0 0 0.247607902 0 0.192030117 0 0 0 0 0 0 0.388883173 0.388480216 0 0 0 0 0 1 0 0 0 0.0370370373 0.244650543 0.217867076 0.276391089 0.715947151 1 1
G855 0 0.00534707587 1.32184601 0 0.429962963 1.79027903 0 0.00916749611 0 0 0 0 0.00581607036 0.120020546 0 0.317649573 0.00650437735 0.56156379 0 0 0 0 0 0 0.630105674 0.278815776 0 0 0.257276803 0 0 0 0.00317862513 0 0 0 0 0 0.829456031 0 0.9628371 0 0.212810755 0 0 0 0 0 0 0 0 0 0 0.247607902 0 0.192030117 0 0 0 0 0 0 0.388883173 0.388480216 0 0 0 0 0 1 0 0 0 0.0370370373 0.244650543 0.217867076 0.276391089 0.724683046 1 1
G856 0 0.00534707587 1.32184601 0 0.429962963 1.79027903 0 0.00916749611 0 0 0 0 0.00581607036 0.120020546 0 0.317649573 0.00650437735 0.56156379 0 0 0 0 0 0 0.630105674 0.278815776 0 0 0.257276803 0 0 0 0.00317862513 0 0 0 0 0 0.829456031 0 0.9628371 0 0.212810755 0 0 0 0 0 0 0 0 0 0 0.247607902 0 0.192030117 0 0 0 0 0 0 0.388883173 0.388480216 0 0 0 1 0 0 0 0 0 0.055555556 1 0.305815101 0.188666254 0.674823403 1 1
G1137 0 0.00534707587 1.32184601 0 0.429962963 1.79027903 0 0.00916749611 0 0 0 0 0.00581607036 0.120020546 0 0.317649573 0.00650437735 0.56156379 0 0 0 0 0 0 0.630105674 0.278815776 0 0 0.257276803 0 0 0 0.00317862513 0 0 0 0 0 0.829456031 0 0.9628371 0 0.212810755 0 0 0 0 0 0 0 0 0 0 0.247607902 0 0.192030117 0 0 0 0 0 0 0.388883173 0.388480216 0 0 0 0 1 0 0 0 0 0.0740740746 0.387761921 0.172655582 0.377332509 0.671406448 1 1
G1142 0 0.00534707587 1.32184601 0 0.429962963 1.79027903 0 0.00916749611 0 0 0 0 0.00581607036 0.120020546 0 0.317649573 0.00650437735 0.56156379 0 0 0 0 0 0 0.630105674 0.278815776 0 0 0.257276803 0 0 0 0.00317862513 0 0 0 0 0 0.829456031 0 0.9628371 0 0.212810755 0 0 0 0 0 0 0 0 0 0 0.247607902 0 0.192030117 0 0 0 0 0 0 0.388883173 0.388480216 0 0 0 0 1 0 0 0 0 0.0740740746 0.387761921 0.172655582 0.377332509 0.70110333 1 1
G1152 0 0.00534707587 1.32184601 0 0.429962963 1.79027903 0 0.00916749611 0 0 0 0 0.00581607036 0.120020546 0 0.317649573 0.00650437735 0.56156379 0 0 0 0 0 0 0.630105674 0.278815776 0 0 0.257276803 0 0 0 0.00317862513 0 0 0 0 0 0.829456031 0 0.9628371 0 0.212810755 0 0 0 0 0 0 0 0 0 0 0.247607902 0 0.192030117 0 0 0 0 0 0 0.388883173 0.388480216 0 0 0 0 1 0 0 0 0 0.0740740746 0.387761921 0.172655582 0.377332509 0.748204172 1 1
G1157 0 0.00534707587 1.32184601 0 0.429962963 1.79027903 0 0.00916749611 0 0 0 0 0.00581607036 0.120020546 0 0.317649573 0.00650437735 0.56156379 0 0 0 0 0 0 0.630105674 0.278815776 0 0 0.257276803 0 0 0 0.00317862513 0 0 0 0 0 0.829456031 0 0.9628371 0 0.212810755 0 0 0 0 0 0 0 0 0 0 0.247607902 0 0.192030117 0 0 0 0 0 0 0.388883173 0.388480216 0 0 0 0 1 0 0 0 0 0.0740740746 0.387761921 0.172655582 0.377332509 0.692343116 1 1
G1162 0 0.00534707587 1.32184601 0 0.429962963 1.79027903 0 0.00916749611 0 0 0 0 0.00581607036 0.120020546 0 0.317649573 0.00650437735 0.56156379 0 0 0 0 0 0 0.630105674 0.278815776 0 0 0.257276803 0 0 0 0.00317862513 0 0 0 0 0 0.829456031 0 0.9628371 0 0.212810755 0 0 0 0 0 0 0 0 0 0 0.247607902 0 0.192030117 0 0 0 0 0 0 0.388883173 0.388480216 0 0 0 0 1 0 0 0 0 0.0740740746 0.387761921 0.172655582 0.377332509 0.718495369 1 1
G1167 0 0.00534707587 1.32184601 0 0.429962963 1.79027903 0 0.00916749611 0 0 0 0 0.00581607036 0.120020546 0 0.317649573 0.00650437735 0.56156379 0 0 0 0 0 0 0.630105674 0.278815776 0 0 0.257276803 0 0 0 0.00317862513 0 0 0 0 0 0.829456031 0 0.9628371 0 0.212810755 0 0 0 0 0 0 0 0 0 0 0.247607902 0 0.192030117 0 0 0 0 0 0 0.388883173 0.388480216 0 0 0 0 1 0 0 0 0 0.0740740746 0.387761921 0.172655582 0.377332509 0.690832198 1 1
G1172 0 0.00534707587 1.32184601 0 0.429962963 1.79027903 0 0.00916749611 0 0 0 0 0.00581607036 0.120020546 0 0.317649573 0.00650437735 0.56156379 0 0 0 0 0 0 0.630105674 0.278815776 0 0 0.257276803 0 0 0 0.00317862513 0 0 0 0 0 0.829456031 0 0.9628371 0 0.212810755 0 0 0 0 0 0 0 0 0 0 0.247607902 0 0.192030117 0 0 0 0 0 0 0.388883173 0.388480216 0 0 0 0 1 0 0 0 0 0.0740740746 0.387761921 0.172655582 0.377332509 0.722238481 1 1
G873 0 0.00534707587 1.32184601 0 0.429962963 1.79027903 0 0.00916749611 0 0 0 0 0.00581607036 0.120020546 0 0.317649573 0.00650437735 0.56156379 0 0 0 0 0 0 0.630105674 0.278815776 0 0 0.257276803 0 0 0 0.00317862513 0 0 0 0 0 0.829456031 0 0.9628371 0 0.212810755 0 0 0 0 0 0 0 0 0 0 0.247607902 0 0.192030117 0 0 0 0 0 0 0.388883173 0.388480216 0 0 0 0 0 1 0 0 0 0.0370370373 0.244650543 0.252935857 0.238070309 0.696787 1 1
G874 0 0.00534707587 1.32184601 0 0.429962963 1.79027903 0 0.00916749611 0 0 0 0 0.00581607036 0.120020546 0 0.317649573 0.00650437735 0.56156379 0 0 0 0 0 0 0.630105674 0.278815776 0 0 0.257276803 0 0 0 0.00317862513 0 0 0 0 0 0.829456031 0 0.9628371 0 0.212810755 0 0 0 0 0 0 0 0 0 0 0.247607902 0 0.192030117 0 0 0 0 0 0 0.388883173 0.388480216 0 0 0 0 0 1 0 0 0 0.0370370373 0.244650543 0.252935857 0.238070309 0.676503181 1 1
G882 0 0.00534707587 1.32184601 0 0.429962963 1.79027903 0 0.00916749611 0 0 0 0 0.00581607036 0.120020546 0 0.317649573 0.00650437735 0.56156379 0 0 0 0 0 0 0.630105674 0.278815776 0 0 0.257276803 0 0 0 0.00317862513 0 0 0 0 0 0.829456031 0 0.9628371 0 0.212810755 0 0 0 0 0 0 0 0 0 0 0.247607902 0 0.192030117 0 0 0 0 0 0 0.388883173 0.388480216 0 0 0 0 0 1 0 0 0 0.0370370373 0.244650543 0.217867076 0.238070309 0.761112571 1 1
G883 0 0.00534707587 1.32184601 0 0.429962963 1.79027903 0 0.00916749611 0 0 0 0 0.00581607036 0.120020546 0 0.317649573 0.00650437735 0.56156379 0 0 0 0 0 0 0.630105674 0.278815776 0 0 0.257276803 0 0 0 0.00317862513 0 0 0 0 0 0.829456031 0 0.9628371 0 0.212810755 0 0 0 0 0 0 0 0 0 0 0.247607902 0 0.192030117 0 0 0 0 0 0 0.388883173 0.388480216 0 0 0 0 0 1 0 0 0 0.0370370373 0.244650543 0.217867076 0.238070309 0.740765333 1 1
G884 0 0.00534707587 1.32184601 0 0.429962963 1.79027903 0 0.00916749611 0 0 0 0 0.00581607036 0.120020546 0 0.317649573 0.00650437735 0.56156379 0 0 0 0 0 0 0.630105674 0.278815776 0 0 0.257276803 0 0 0 0.00317862513 0 0 0 0 0 0.829456031 0 0.9628371 0 0.212810755 0 0 0 0 0 0 0 0 0 0 0.247607902 0 0.192030117 0 0 0 0 0 0 0.388883173 0.388480216 0 0 0 1 0 0 0 0 0 0.0370370373 0.387761921 0.281589121 0.238070309 0.933099151 1 1
G887 0 0.00534707587 1.32184601 0 0.429962963 1.79027903 0 0.00916749611 0 0 0 0 0.00581607036 0.120020546 0 0.317649573 0.00650437735 0.56156379 0 0 0 0 0 0 0.630105674 0.278815776 0 0 0.257276803 0 0 0 0.00317862513 0 0 0 0 0 0.829456031 0 0.9628371 0 0.212810755 0 0 0 0 0 0 0 0 0 0 0.247607902 0 0.192030117 0 0 0 0 0 0 0.388883173 0.388480216 0 0 0 0 1 0 0 0 0 0.0370370373 0.387761921 0.217867076 0.307701409 0.712041974 1 1
G1197 0 0.00534707587 1.32184601 0 0.429962963 1.79027903 0 0.00916749611 0 0 0 0 0.00581607036 0.120020546 0 0.317649573 0.00650437735 0.56156379 0 0 0 0 0 0 0.630105674 0.278815776 0 0 0.257276803 0 0 0 0.00317862513 0 0 0 0 0 0.829456031 0 0.9628371 0 0.212810755 0 0 0 0 0 0 0 0 0 0 0.247607902 0 0.192030117 0 0 0 0 0 0 0.388883173 0.388480216 0 0 0 0 0 1 0 0 0 0.055555556 0.387761921 0.305815101 0.276391089 0.918466747 1 1
G1436 0 0.00534707587 1.32184601 0 0.429962963 1.79027903 0 0.00916749611 0 0 0 0 0.00581607036 0.120020546 0 0.317649573 0.00650437735 0.56156379 0 0 0 0 0 0 0.630105674 0.278815776 0 0 0.257276803 0 0 0 0.00317862513 0 0 0 0 0 0.829456031 0 0.9628371 0 0.212810755 0 0 0 0 0 0 0 0 0 0 0.247607902 0 0.192030117 0 0 0 0 0 0 0.388883173 0.388480216 0 1 0 0 0 0 0 0 0 0.0740740746 0.387761921 0.172655582 0.334173948 0.924041629 1 1
G1439 0 0.00534707587 1.32184601 0 0.429962963 1.79027903 0 0.00916749611 0 0 0 0 0.00581607036 0.120020546 0 0.317649573 0.00650437735 0.56156379 0 0 0 0 0 0 0.630105674 0.278815776 0 0 0.257276803 0 0 0 0.00317862513 0 0 0 0 0 0.829456031 0 0.9628371 0 0.212810755 0 0 0 0 0 0 0 0 0 0 0.247607902 0 0.192030117 0 0 0 0 0 0 0.388883173 0.388480216 0 0 1 0 0 0 0 0 0 0.0740740746 0.387761921 0.305815101 0.188666254 0.917797089 1 1
G890 0 0.00534707587 1.32184601 0 0.429962963 1.79027903 0 0.00916749611 0 0 0 0 0.00581607036 0.120020546 0 0.317649573 0.00650437735 0.56156379 0 0 0 0 0 0 0.630105674 0.278815776 0 0 0.257276803 0 0 0 0.00317862513 0 0 0 0 0 0.829456031 0 0.9628371 0 0.212810755 0 0 0 0 0 0 0 0 0 0 0.247607902 0 0.192030117 0 0 0 0 0 0 0.388883173 0.388480216 0 0 0 0 0 1 0 0 0 0.0370370373 0.244650543 0.217867076 0.238070309 0.712041974 1 1
G1000 0 0.00534707587 1.32184601 0 0.429962963 1.79027903 0 0.00916749611 0 0 0 0 0.00581607036 0.120020546 0 0.317649573 0.00650437735 0.56156379 0 0 0 0 0 0 0.630105674 0.278815776 0 0 0.257276803 0 0 0 0.00317862513 0 0 0 0 0 0.829456031 0 0.9628371 0 0.212810755 0 0 0 0 0 0 0 0 0 0 0.247607902 0 0.192030117 0 0 0 0 0 0 0.388883173 0.388480216 0 0 1 0 0 0 0 0 0 0.055555556 0.244650543 0.305815101 0.238070309 0.708032668 1 1
G891 0 0.00534707587 1.32184601 0 0.429962963 1.79027903 0 0.00916749611 0 0 0 0 0.00581607036 0.120020546 0 0.317649573 0.00650437735 0.56156379 0 0 0 0 0 0 0.630105674 0.278815776 0 0 0.257276803 0 0 0 0.00317862513 0 0 0 0 0 0.829456031 0 0.9628371 0 0.212810755 0 0 0 0 0 0 0 0 0 0 0.247607902 0 0.192030117 0 0 0 0 0 0 0.388883173 0.388480216 0 0 0 0 0 1 0 0 0 0.0370370373 0.244650543 0.217867076 0.238070309 0.712041974 1 1
G1001 0 0.00534707587 1.32184601 0 0.429962963 1.79027903 0 0.00916749611 0 0 0 0 0.00581607036 0.120020546 0 0.317649573 0.00650437735 0.56156379 0 0 0 0 0 0 0.630105674 0.278815776 0 0 0.257276803 0 0 0 0.00317862513 0 0 0 0 0 0.829456031 0 0.9628371 0 0.212810755 0 0 0 0 0 0 0 0 0 0 0.247607902 0 0.192030117 0 0 0 0 0 0 0.388883173 0.388480216 0 0 1 0 0 0 0 0 0 0.055555556 0.244650543 0.305815101 0.238070309 0.708032668 1 1
G1200 0 0.00534707587 1.32184601 0 0.429962963 1.79027903 0 0.00916749611 0 0 0 0 0.00581607036 0.120020546 0 0.317649573 0.00650437735 0.56156379 0 0 0 0 0 0 0.630105674 0.278815776 0 0 0.257276803 0 0 0 0.00317862513 0 0 0 0 0 0.829456031 0 0.9628371 0 0.212810755 0 0 0 0 0 0 0 0 0 0 0.247607902 0 0.192030117 0 0 0 0 0 0 0.388883173 0.388480216 0 0 1 0 0 0 0 0 0 0.0740740746 0.387761921 0.326800615 0.357105464 0.702514946 1 1
G1311 0 0.00534707587 1.32184601 0 0.429962963 1.79027903 0 0.00916749611 0 0 0 0 0.00581607036 0.120020546 0 0.317649573 0.00650437735 0.56156379 0 0 0 0 0 0 0.630105674 0.278815776 0 0 0.257276803 0 0 0 0.00317862513 0 0 0 0 0 0.829456031 0 0.9628371 0 0.212810755 0 0 0 0 0 0 0 0 0 0 0.247607902 0 0.192030117 0 0 0 0 0 0 0.388883173 0.388480216 0 0 0 0 0 1 0 0 0 0.0925925896 0.244650543 0.345311165 0.377332509 0.70110333 1 1
G892 0 0.00534707587 1.32184601 0 0.429962963 1.79027903 0 0.00916749611 0 0 0 0 0.00581607036 0.120020546 0 0.317649573 0.00650437735 0.56156379 0 0 0 0 0 0 0.630105674 0.278815776 0 0 0.257276803 0 0 0 0.00317862513 0 0 0 0 0 0.829456031 0 0.9628371 0 0.212810755 0 0 0 0 0 0 0 0 0 0 0.247607902 0 0.192030117 0 0 0 0 0 0 0.388883173 0.388480216 0 0 0 0 0 1 0 0 0 0.0370370373 0.244650543 0.217867076 0.238070309 0.712041974 1 1
G1002 0 0.00534707587 1.32184601 0 0.429962963 1.79027903 0 0.00916749611 0 0 0 0 0.00581607036 0.120020546 0 0.317649573 0.00650437735 0.56156379 0 0 0 0 0 0 0.630105674 0.278815776 0 0 0.257276803 0 0 0 0.00317862513 0 0 0 0 0 0.829456031 0 0.9628371 0 0.212810755 0 0 0 0 0 0 0 0 0 0 0.247607902 0 0.192030117 0 0 0 0 0 0 0.388883173 0.388480216 0 0 1 0 0 0 0 0 0 0.055555556 0.244650543 0.305815101 0.238070309 0.708032668 1 1
G893 0 0.00534707587 1.32184601 0 0.429962963 1.79027903 0 0.00916749611 0 0 0 0 0.00581607036 0.120020546 0 0.317649573 0.00650437735 0.56156379 0 0 0 0 0 0 0.630105674 0.278815776 0 0 0.257276803 0 0 0 0.00317862513 0 0 0 0 0 0.829456031 0 0.9628371 0 0.212810755 0 0 0 0 0 0 0 0 0 0 0.247607902 0 0.192030117 0 0 0 0 0 0 0.388883173 0.388480216 0 0 0 0 0 1 0 0 0 0.0370370373 0.244650543 0.217867076 0.238070309 0.712041974 1 1
G1003 0 0.00534707587 1.32184601 0 0.429962963 1.79027903 0 0.00916749611 0 0 0 0 0.00581607036 0.120020546 0 0.317649573 0.00650437735 0.56156379 0 0 0 0 0 0 0.630105674 0.278815776 0 0 0.257276803 0 0 0 0.00317862513 0 0 0 0 0 0.829456031 0 0.9628371 0 0.212810755 0 0 0 0 0 0 0 0 0 0 0.247607902 0 0.192030117 0 0 0 0 0 0 0.388883173 0.388480216 0 0 1 0 0 0 0 0 0 0.055555556 0.244650543 0.305815101 0.238070309 0.708032668 1 1
G1203 0 0.00534707587 1.32184601 0 0.429962963 1.79027903 0 0.00916749611 0 0 0 0 0.00581607036 0.120020546 0 0.317649573 0.00650437735 0.56156379 0 0 0 0 0 0 0.630105674 0.278815776 0 0 0.257276803 0 0 0 0.00317862513 0 0 0 0 0 0.829456031 0 0.9628371 0 0.212810755 0 0 0 0 0 0 0 0 0 0 0.247607902 0 0.192030117 0 0 0 0 0 0 0.388883173 0.388480216 0 0 1 0 0 0 0 0 0 0.0740740746 0.387761921 0.326800615 0.357105464 0.702514946 1 1
G1312 0 0.00534707587 1.32184601 0 0.429962963 1.79027903 0 0.00916749611 0 0 0 0 0.00581607036 0.120020546 0 0.317649573 0.00650437735 0.56156379 0 0 0 0 0 0 0.630105674 0.278815776 0 0 0.257276803 0 0 0 0.00317862513 0 0 0 0 0 0.829456031 0 0.9628371 0 0.212810755 0 0 0 0 0 0 0 0 0 0 0.247607902 0 0.192030117 0 0 0 0 0 0 0.388883173 0.388480216 0 0 0 0 0 1 0 0 0 0.0925925896 0.244650543 0.345311165 0.377332509 0.70110333 1 1
G1466 0 0.00534707587 1.32184601 0 0.429962963 1.79027903 0 0.00916749611 0 0 0 0 0.00581607036 0.120020546 0 0.317649573 0.00650437735 0.56156379 0 0 0 0 0 0 0.630105674 0.278815776 0 0 0.257276803 0 0 0 0.00317862513 0 0 0 0 0 0.829456031 0 0.9628371 0 0.212810755 0 0 0 0 0 0 0 0 0 0 0.247607902 0 0.192030117 0 0 0 0 0 0 0.388883173 0.388480216 0 0 1 0 0 0 0 0 0 0.111111112 0.244650543 0.445261806 0.377332509 0.689305842 1 1
G1467 0 0.00534707587 1.32184601 0 0.429962963 1.79027903 0 0.00916749611 0 0 0 0 0.00581607036 0.120020546 0 0.317649573 0.00650437735 0.56156379 0 0 0 0 0 0 0.630105674 0.278815776 0 0 0.257276803 0 0 0 0.00317862513 0 0 0 0 0 0.829456031 0 0.9628371 0 0.212810755 0 0 0 0 0 0 0 0 0 0 0.247607902 0 0.192030117 0 0 0 0 0 0 0.388883173 0.388480216 0 0 1 0 0 0 0 0 0 0.111111112 0.244650543 0.445261806 0.377332509 0.689305842 1 1
G1514 0 0.00534707587 1.32184601 0 0.429962963 1.79027903 0 0.00916749611 0 0 0 0 0.00581607036 0.120020546 0 0.317649573 0.00650437735 0.56156379 0 0 0 0 0 0 0.630105674 0.278815776 0 0 0.257276803 0 0 0 0.00317862513 0 0 0 0 0 0.829456031 0 0.9628371 0 0.212810755 0 0 0 0 0 0 0 0 0 0 0.247607902 0 0.192030117 0 0 0 0 0 0 0.388883173 0.388480216 0 0 1 0 0 0 0 0 0 0.129629627 0.387761921 0.454244703 0.496367663 0.674823403 1 1
G1816 0 0.00534707587 1.32184601 0 0.429962963 1.79027903 0 0.00916749611 0 0 0 0 0.00581607036 0.120020546 0 0.317649573 0.00650437735 0.56156379 0 0 0 0 0 0 0.630105674 0.278815776 0 0 0.257276803 0 0 0 0.00317862513 0 0 0 0 0 0.829456031 0 0.9628371 0 0.212810755 0 0 0 0 0 0 0 0 0 0 0.247607902 0 0.192030117 0 0 0 0 0 0 0.388883173 0.388480216 0 0 0 0 0 1 0 0 0 0.148148149 0.387761921 0.462741792 0.505652726 0.673124611 1 1
G2260 0 0.00534707587 1.32184601 0 0.429962963 1.79027903 0 0.00916749611 0 0 0 0 0.00581607036 0.120020546 0 0.317649573 0.00650437735 0.56156379 0 0 0 0 0 0 0.630105674 0.278815776 0 0 0.257276803 0 0 0 0.00317862513 0 0 0 0 0 0.829456031 0 0.9628371 0 0.212810755 0 0 0 0 0 0 0 0 0 0 0.247607902 0 0.192030117 0 0 0 0 0 0 0.388883173 0.388480216 0 0 0 0 0 1 0 0 0 0.166666672 0.387761921 0.470802933 0.514461398 0.671406448 1 1
G2266 0 0.00534707587 1.32184601 0 0.429962963 1.79027903 0 0.00916749611 0 0 0 0 0.00581607036 0.120020546 0 0.317649573 0.00650437735 0.56156379 0 0 0 0 0 0 0.630105674 0.278815776 0 0 0.257276803 0 0 0 0.00317862513 0 0 0 0 0 0.829456031 0 0.9628371 0 0.212810755 0 0 0 0 0 0 0 0 0 0 0.247607902 0 0.192030117 0 0 0 0 0 0 0.388883173 0.388480216 0 0 0 0 0 1 0 0 0 0.166666672 0.387761921 0.470802933 0.514461398 0.671406448 1 1
G2338 0 0.00534707587 1.32184601 0 0.429962963 1.79027903 0 0.00916749611 0 0 0 0 0.00581607036 0.120020546 0 0.317649573 0.00650437735 0.56156379 0 0 0 0 0 0 0.630105674 0.278815776 0 0 0.257276803 0 0 0 0.00317862513 0 0 0 0 0 0.829456031 0 0.9628371 0 0.212810755 0 0 0 0 0 0 0 0 0 0 0.247607902 0 0.192030117 0 0 0 0 0 0 0.388883173 0.388480216 0 0 0 0 0 1 0 0 0 0.185185179 0.244650543 0.478470683 0.522840202 0.669668376 1 1
G2342 0 0.00534707587 1.32184601 0 0.429962963 1.79027903 0 0.00916749611 0 0 0 0 0.00581607036 0.120020546 0 0.317649573 0.00650437735 0.56156379 0 0 0 0 0 0 0.630105674 0.278815776 0 0 0.257276803 0 0 0 0.00317862513 0 0 0 0 0 0.829456031 0 0.9628371 0 0.212810755 0 0 0 0 0 0 0 0 0 0 0.247607902 0 0.192030117 0 0 0 0 0 0 0.388883173 0.388480216 0 0 0 0 0 1 0 0 0 0.185185179 0.244650543 0.478470683 0.522840202 0.669668376 1 1
G894 0 0.00534707587 1.32184601 0 0.429962963 1.79027903 0 0.00916749611 0 0 0 0 0.00581607036 0.120020546 0 0.317649573 0.00650437735 0.56156379 0 0 0 0 0 0 0.630105674 0.278815776 0 0 0.257276803 0 0 0 0.00317862513 0 0 0 0 0 0.829456031 0 0.9628371 0 0.212810755 0 0 0 0 0 0 0 0 0 0 0.247607902 0 0.192030117 0 0 0 0 0 0 0.388883173 0.388480216 0 0 0 0 0 1 0 0 0 0.0370370373 0.387761921 0.217867076 0.238070309 0.729456186 1 1
G1206 0 0.00534707587 1.32184601 0 0.429962963 1.79027903 0 0.00916749611 0 0 0 0 0.00581607036 0.120020546 0 0.317649573 0.00650437735 0.56156379 0 0 0 0 0 0 0.630105674 0.278815776 0 0 0.257276803 0 0 0 0.00317862513 0 0 0 0 0 0.829456031 0 0.9628371 0 0.212810755 0 0 0 0 0 0 0 0 0 0 0.247607902 0 0.192030117 0 0 0 0 0 0 0.388883173 0.388480216 0 0 0 0 0 1 0 0 0 0.055555556 0.244650543 0.252935857 0.276391089 0.729456186 1 1
G1304 0 0.00534707587 1.32184601 0 0.429962963 1.79027903 0 0.00916749611 0 0 0 0 0.00581607036 0.120020546 0 0.317649573 0.00650437735 0.56156379 0 0 0 0 0 0 0.630105674 0.278815776 0 0 0.257276803 0 0 0 0.00317862513 0 0 0 0 0 0.829456031 0 0.9628371 0 0.212810755 0 0 0 0 0 0 0 0 0 0 0.247607902 0 0.192030117 0 0 0 0 0 0 0.388883173 0.388480216 0 0 1 0 0 0 0 0 0 0.0740740746 0.244650543 0.326800615 0.238070309 0.725890636 1 1
G897 0 0.00534707587 1.32184601 0 0.429962963 1.79027903 0 0.00916749611 0 0 0 0 0.00581607036 0.120020546 0 0.317649573 0.00650437735 0.56156379 0 0 0 0 0 0 0.630105674 0.278815776 0 0 0.257276803 0 0 0 0.00317862513 0 0 0 0 0 0.829456031 0 0.9628371 0 0.212810755 0 0 0 0 0 0 0 0 0 0 0.247607902 0 0.192030117 0 0 0 0 0 0 0.388883173 0.388480216 0 0 0 0 0 1 0 0 0 0.0370370373 0.244650543 0.217867076 0.238070309 0.729456186 1 1
G1207 0 0.00534707587 1.32184601 0 0.429962963 1.79027903 0 0.00916749611 0 0 0 0 0.00581607036 0.120020546 0 0.317649573 0.00650437735 0.56156379 0 0 0 0 0 0 0.630105674 0.278815776 0 0 0.257276803 0 0 0 0.00317862513 0 0 0 0 0 0.829456031 0 0.9628371 0 0.212810755 0 0 0 0 0 0 0 0 0 0 0.247607902 0 0.192030117 0 0 0 0 0 0 0.388883173 0.388480216 0 0 1 0 0 0 0 0 0 0.055555556 0.244650543 0.326800615 0.276391089 0.724683046 1 1
G1454 0 0.00534707587 1.32184601 0 0.429962963 1.79027903 0 0.00916749611 0 0 0 0 0.00581607036 0.120020546 0 0.317649573 0.00650437735 0.56156379 0 0 0 0 0 0 0.630105674 0.278815776 0 0 0.257276803 0 0 0 0.00317862513 0 0 0 0 0 0.829456031 0 0.9628371 0 0.212810755 0 0 0 0 0 0 0 0 0 0 0.247607902 0 0.192030117 0 0 0 0 0 0 0.388883173 0.388480216 0 0 1 0 0 0 0 0 0 0.0925925896 0.387761921 0.345311165 0.377332509 0.719753444 1 1
G1517 0 0.00534707587 1.32184601 0 0.429962963 1.79027903 0 0.00916749611 0 0 0 0 0.00581607036 0.120020546 0 0.317649573 0.00650437735 0.56156379 0 0 0 0 0 0 0.630105674 0.278815776 0 0 0.257276803 0 0 0 0.00317862513 0 0 0 0 0 0.829456031 0 0.9628371 0 0.212810755 0 0 0 0 0 0 0 0 0 0 0.247607902 0 0.192030117 0 0 0 0 0 0 0.388883173 0.388480216 0 0 0 0 0 1 0 0 0 0.111111112 0.244650543 0.361869395 0.395426244 0.718495369 1 1
G9 0 0.00534707587 1.32184601 0 0.429962963 1.79027903 0 0.00916749611 0 0 0 0 0.00581607036 0.120020546 0 0.317649573 0.00650437735 0.56156379 0 0 0 0 0 0 0.630105674 0.278815776 0 0 0.257276803 0 0 0 0.00317862513 0 0 0 0 0 0.829456031 0 0.9628371 0 0.212810755 0 0 0 0 0 0 0 0 0 0 0.247607902 0 0.192030117 0 0 0 0 0 0 0.388883173 0.388480216 1 0 0 0 0 0 0 0 0 0 0.775523841 0.108933538 0.119035155 0.373581856 1 1
G1147 0 0.00534707587 1.32184601 0 0.429962963 1.79027903 0 0.00916749611 0 0 0 0 0.00581607036 0.120020546 0 0.317649573 0.00650437735 0.56156379 0 0 0 0 0 0 0.630105674 0.278815776 0 0 0.257276803 0 0 0 0.00317862513 0 0 0 0 0 0.829456031 0 0.9628371 0 0.212810755 0 0 0 0 0 0 0 0 0 0 0.247607902 0 0.192030117 0 0 0 0 0 0 0.388883173 0.388480216 0 0 0 0 1 0 0 0 0 0.0740740746 0.387761921 0.172655582 0.377332509 0.725890636 1 1
G381 0 0.00534707587 1.32184601 0 0.429962963 1.79027903 0 0.00916749611 0 0 0 0 0.00581607036 0.120020546 0 0.317649573 0.00650437735 0.56156379 0 0 0 0 0 0 0.630105674 0.278815776 0 0 0.257276803 0 0 0 0.00317862513 0 0 0 0 0 0.829456031 0 0.9628371 0 0.212810755 0 0 0 0 0 0 0 0 0 0 0.247607902 0 0.192030117 0 0 0 0 0 0 0.388883173 0.388480216 0 0 0 0 0 1 0 0 0 0.0185185187 0.387761921 0.172655582 0.188666254 0.578832746 1 1
G1019 0 0.00534707587 1.32184601 0 0.429962963 1.79027903 0 0.00916749611 0 0 0 0 0.00581607036 0.120020546 0 0.317649573 0.00650437735 0.56156379 0 0 0 0 0 0 0.630105674 0.278815776 0 0 0.257276803 0 0 0 0.00317862513 0 0 0 0 0 0.829456031 0 0.9628371 0 0.212810755 0 0 0 0 0 0 0 0 0 0 0.247607902 0 0.192030117 0 0 0 0 0 0 0.388883173 0.388480216 0 1 0 0 0 0 0 0 0 0.055555556 0.244650543 0.217867076 0.334173948 0.565460324 1 1
G384 0 0.00534707587 1.32184601 0 0.429962963 1.79027903 0 0.00916749611 0 0 0 0 0.00581607036 0.120020546 0 0.317649573 0.00650437735 0.56156379 0 0 0 0 0 0 0.630105674 0.278815776 0 0 0.257276803 0 0 0 0.00317862513 0 0 0 0 0 0.829456031 0 0.9628371 0 0.212810755 0 0 0 0 0 0 0 0 0 0 0.247607902 0 0.192030117 0 0 0 0 0 0 0.388883173 0.388480216 0 0 0 0 0 1 0 0 0 0.0185185187 0.489301085 0.172655582 0.188666254 0.558299899 1 1
G388 0 0.00534707587 1.32184601 0 0.429962963 1.79027903 0 0.00916749611 0 0 0 0 0.00581607036 0.120020546 0 0.317649573 0.00650437735 0.56156379 0 0 0 0 0 0 0.630105674 0.278815776 0 0 0.257276803 0 0 0 0.00317862513 0 0 0 0 0 0.829456031 0 0.9628371 0 0.212810755 0 0 0 0 0 0 0 0 0 0 0.247607902 0 0.192030117 0 0 0 0 0 0 0.388883173 0.388480216 0 0 0 0 0 1 0 0 0 0.0185185187 0.775523841 0.172655582 0.188666254 0.613018632 1 1
G2065 0 0.00534707587 1.32184601 0 0.429962963 1.79027903 0 0.00916749611 0 0 0 0 0.00581607036 0.120020546 0 0.317649573 0.00650437735 0.56156379 0 0 0 0 0 0 0.630105674 0.278815776 0 0 0.257276803 0 0 0 0.00317862513 0 0 0 0 0 0.829456031 0 0.9628371 0 0.212810755 0 0 0 0 0 0 0 0 0 0 0.247607902 0 0.192030117 0 0 0 0 0 0 0.388883173 0.388480216 0 1 0 0 0 0 0 0 0 0.129629627 0.244650543 0.217867076 0.395426244 0.74506104 1 1
G2074 0 0.00534707587 1.32184601 0 0.429962963 1.79027903 0 0.00916749611 0 0 0 0 0.00581607036 0.120020546 0 0.317649573 0.00650437735 0.56156379 0 0 0 0 0 0 0.630105674 0.278815776 0 0 0.257276803 0 0 0 0.00317862513 0 0 0 0 0 0.829456031 0 0.9628371 0 0.212810755 0 0 0 0 0 0 0 0 0 0 0.247607902 0 0.192030117 0 0 0 0 0 0 0.388883173 0.388480216 0 1 0 0 0 0 0 0 0 0.129629627 0.244650543 0.217867076 0.411793977 0.752295315 1 1
G2083 0 0.00534707587 1.32184601 0 0.429962963 1.79027903 0 0.00916749611 0 0 0 0 0.00581607036 0.120020546 0 0.317649573 0.00650437735 0.56156379 0 0 0 0 0 0 0.630105674 0.278815776 0 0 0.257276803 0 0 0 0.00317862513 0 0 0 0 0 0.829456031 0 0.9628371 0 0.212810755 0 0 0 0 0 0 0 0 0 0 0.247607902 0 0.192030117 0 0 0 0 0 0 0.388883173 0.388480216 0 1 0 0 0 0 0 0 0 0.129629627 0.244650543 0.217867076 0.395426244 0.753300905 1 1
G2092 0 0.00534707587 1.32184601 0 0.429962963 1.79027903 0 0.00916749611 0 0 0 0 0.00581607036 0.120020546 0 0.317649573 0.00650437735 0.56156379 0 0 0 0 0 0 0.630105674 0.278815776 0 0 0.257276803 0 0 0 0.00317862513 0 0 0 0 0 0.829456031 0 0.9628371 0 0.212810755 0 0 0 0 0 0 0 0 0 0 0.247607902 0 0.192030117 0 0 0 0 0 0 0.388883173 0.388480216 0 1 0 0 0 0 0 0 0 0.129629627 0.244650543 0.217867076 0.395426244 0.754299879 1 1
G2101 0 0.00534707587 1.32184601 0 0.429962963 1.79027903 0 0.00916749611 0 0 0 0 0.00581607036 0.120020546 0 0.317649573 0.00650437735 0.56156379 0 0 0 0 0 0 0.630105674 0.278815776 0 0 0.257276803 0 0 0 0.00317862513 0 0 0 0 0 0.829456031 0 0.9628371 0 0.212810755 0 0 0 0 0 0 0 0 0 0 0.247607902 0 0.192030117 0 0 0 0 0 0 0.388883173 0.388480216 0 1 0 0 0 0 0 0 0 0.129629627 0.244650543 0.217867076 0.377332509 0.746116042 1 1
G2106 0 0.00534707587 1.32184601 0 0.429962963 1.79027903 0 0.00916749611 0 0 0 0 0.00581607036 0.120020546 0 0.317649573 0.00650437735 0.56156379 0 0 0 0 0 0 0.630105674 0.278815776 0 0 0.257276803 0 0 0 0.00317862513 0 0 0 0 0 0.829456031 0 0.9628371 0 0.212810755 0 0 0 0 0 0 0 0 0 0 0.247607902 0 0.192030117 0 0 0 0 0 0 0.388883173 0.388480216 0 1 0 0 0 0 0 0 0 0.129629627 0.244650543 0.217867076 0.411793977 0.758230567 1 1
G2113 0 0.00534707587 1.32184601 0 0.429962963 1.79027903 0 0.00916749611 0 0 0 0 0.00581607036 0.120020546 0 0.317649573 0.00650437735 0.56156379 0 0 0 0 0 0 0.630105674 0.278815776 0 0 0.257276803 0 0 0 0.00317862513 0 0 0 0 0 0.829456031 0 0.9628371 0 0.212810755 0 0 0 0 0 0 0 0 0 0 0.247607902 0 0.192030117 0 0 0 0 0 0 0.388883173 0.388480216 0 1 0 0 0 0 0 0 0 0.129629627 0.244650543 0.217867076 0.395426244 0.747163713 1 1
G549 0 0.00534707587 1.32184601 0 0.429962963 1.79027903 0 0.00916749611 0 0 0 0 0.00581607036 0.120020546 0 0.317649573 0.00650437735 0.56156379 0 0 0 0 0 0 0.630105674 0.278815776 0 0 0.257276803 0 0 0 0.00317862513 0 0 0 0 0 0.829456031 0 0.9628371 0 0.212810755 0 0 0 0 0 0 0 0 0 0 0.247607902 0 0.192030117 0 0 0 0 0 0 0.388883173 0.388480216 0 0 0 0 0 1 0 0 0 0.0185185187 0.387761921 0.172655582 0.188666254 0.714656651 1 1
G552 0 0.00534707587 1.32184601 0 0.429962963 1.79027903 0 0.00916749611 0 0 0 0 0.00581607036 0.120020546 0 0.317649573 0.00650437735 0.56156379 0 0 0 0 0 0 0.630105674 0.278815776 0 0 0.257276803 0 0 0 0.00317862513 0 0 0 0 0 0.829456031 0 0.9628371 0 0.212810755 0 0 0 0 0 0 0 0 0 0 0.247607902 0 0.192030117 0 0 0 0 0 0 0.388883173 0.388480216 0 0 0 0 0 1 0 0 0 0.0185185187 0.489301085 0.172655582 0.188666254 0.360500544 1 1
G575 0 0.00534707587 1.32184601 0 0.429962963 1.79027903 0 0.00916749611 0 0 0 0 0.00581607036 0.120020546 0 0.317649573 0.00650437735 0.56156379 0 0 0 0 0 0 0.630105674 0.278815776 0 0 0.257276803 0 0 0 0.00317862513 0 0 0 0 0 0.829456031 0 0.9628371 0 0.212810755 0 0 0 0 0 0 0 0 0 0 0.247607902 0 0.192030117 0 0 0 0 0 0 0.388883173 0.388480216 0 0 0 0 0 1 0 0 0 0.0185185187 0.387761921 0.172655582 0.188666254 0.613018632 1 1
G716 0 0.00534707587 1.32184601 0 0.429962963 1.79027903 0 0.00916749611 0 0 0 0 0.00581607036 0.120020546 0 0.317649573 0.00650437735 0.56156379 0 0 0 0 0 0 0.630105674 0.278815776 0 0 0.257276803 0 0 0 0.00317862513 0 0 0 0 0 0.829456031 0 0.9628371 0 0.212810755 0 0 0 0 0 0 0 0 0 0 0.247607902 0 0.192030117 0 0 0 0 0 0 0.388883173 0.388480216 0 0 1 0 0 0 0 0 0 0.0370370373 0.244650543 0.252935857 0.188666254 0.607833982 1 1
G726 0 0.00534707587 1.32184601 0 0.429962963 1.79027903 0 0.00916749611 0 0 0 0 0.00581607036 0.120020546 0 0.317649573 0.00650437735 0.56156379 0 0 0 0 0 0 0.630105674 0.278815776 0 0 0.257276803 0 0 0 0.00317862513 0 0 0 0 0 0.829456031 0 0.9628371 0 0.212810755 0 0 0 0 0 0 0 0 0 0 0.247607902 0 0.192030117 0 0 0 0 0 0 0.388883173 0.388480216 0 0 1 0 0 0 0 0 0 0.0370370373 0.244650543 0.281589121 0.238070309 0.546876192 1 1
G730 0 0.00534707587 1.32184601 0 0.429962963 1.79027903 0 0.00916749611 0 0 0 0 0.00581607036 0.120020546 0 0.317649573 0.00650437735 0.56156379 0 0 0 0 0 0 0.630105674 0.278815776 0 0 0.257276803 0 0 0 0.00317862513 0 0 0 0 0 0.829456031 0 0.9628371 0 0.212810755 0 0 0 0 0 0 0 0 0 0 0.247607902 0 0.192030117 0 0 0 0 0 0 0.388883173 0.388480216 0 0 1 0 0 0 0 0 0 0.0370370373 0.244650543 0.281589121 0.238070309 0.779873669 1 1
G898 0 0.00534707587 1.32184601 0 0.429962963 1.79027903 0 0.00916749611 0 0 0 0 0.00581607036 0.120020546 0 0.317649573 0.00650437735 0.56156379 0 0 0 0 0 0 0.630105674 0.278815776 0 0 0.257276803 0 0 0 0.00317862513 0 0 0 0 0 0.829456031 0 0.9628371 0 0.212810755 0 0 0 0 0 0 0 0 0 0 0.247607902 0 0.192030117 0 0 0 0 0 0 0.388883173 0.388480216 0 0 0 0 0 1 0 0 0 0.0370370373 0.387761921 0.217867076 0.238070309 0.730626166 1 1
G1208 0 0.00534707587 1.32184601 0 0.429962963 1.79027903 0 0.00916749611 0 0 0 0 0.00581607036 0.120020546 0 0.317649573 0.00650437735 0.56156379 0 0 0 0 0 0 0.630105674 0.278815776 0 0 0.257276803 0 0 0 0.00317862513 0 0 0 0 0 0.829456031 0 0.9628371 0 0.212810755 0 0 0 0 0 0 0 0 0 0 0.247607902 0 0.192030117 0 0 0 0 0 0 0.388883173 0.388480216 0 0 0 0 0 1 0 0 0 0.055555556 0.244650543 0.252935857 0.276391089 0.729456186 1 1
G901 0 0.00534707587 1.32184601 0 0.429962963 1.79027903 0 0.00916749611 0 0 0 0 0.00581607036 0.120020546 0 0.317649573 0.00650437735 0.56156379 0 0 0 0 0 0 0.630105674 0.278815776 0 0 0.257276803 0 0 0 0.00317862513 0 0 0 0 0 0.829456031 0 0.9628371 0 0.212810755 0 0 0 0 0 0 0 0 0 0 0.247607902 0 0.192030117 0 0 0 0 0 0 0.388883173 0.388480216 0 0 0 0 0 1 0 0 0 0.0370370373 0.387761921 0.217867076 0.238070309 0.730626166 1 1
G1209 0 0.00534707587 1.32184601 0 0.429962963 1.79027903 0 0.00916749611 0 0 0 0 0.00581607036 0.120020546 0 0.317649573 0.00650437735 0.56156379 0 0 0 0 0 0 0.630105674 0.278815776 0 0 0.257276803 0 0 0 0.00317862513 0 0 0 0 0 0.829456031 0 0.9628371 0 0.212810755 0 0 0 0 0 0 0 0 0 0 0.247607902 0 0.192030117 0 0 0 0 0 0 0.388883173 0.388480216 0 0 0 0 0 1 0 0 0 0.055555556 0.244650543 0.252935857 0.276391089 0.729456186 1 1
G1305 0 0.00534707587 1.32184601 0 0.429962963 1.79027903 0 0.00916749611 0 0 0 0 0.00581607036 0.120020546 0 0.317649573 0.00650437735 0.56156379 0 0 0 0 0 0 0.630105674 0.278815776 0 0 0.257276803 0 0 0 0.00317862513 0 0 0 0 0 0.829456031 0 0.9628371 0 0.212810755 0 0 0 0 0 0 0 0 0 0 0.247607902 0 0.192030117 0 0 0 0 0 0 0.388883173 0.388480216 0 0 1 0 0 0 0 0 0 0.0740740746 0.244650543 0.345311165 0.276391089 0.724683046 1 1
G1306 0 0.00534707587 1.32184601 0 0.429962963 1.79027903 0 0.00916749611 0 0 0 0 0.00581607036 0.120020546 0 0.317649573 0.00650437735 0.56156379 0 0 0 0 0 0 0.630105674 0.278815776 0 0 0.257276803 0 0 0 0.00317862513 0 0 0 0 0 0.829456031 0 0.9628371 0 0.212810755 0 0 0 0 0 0 0 0 0 0 0.247607902 0 0.192030117 0 0 0 0 0 0 0.388883173 0.388480216 0 0 1 0 0 0 0 0 0 0.0740740746 0.244650543 0.345311165 0.276391089 0.724683046 1 1
G1457 0 0.00534707587 1.32184601 0 0.429962963 1.79027903 0 0.00916749611 0 0 0 0 0.00581607036 0.120020546 0 0.317649573 0.00650437735 0.56156379 0 0 0 0 0 0 0.630105674 0.278815776 0 0 0.257276803 0 0 0 0.00317862513 0 0 0 0 0 0.829456031 0 0.9628371 0 0.212810755 0 0 0 0 0 0 0 0 0 0 0.247607902 0 0.192030117 0 0 0 0 0 0 0.388883173 0.388480216 0 0 1 0 0 0 0 0 0 0.0925925896 0.387761921 0.361869395 0.395426244 0.718495369 1 1
G1518 0 0.00534707587 1.32184601 0 0.429962963 1.79027903 0 0.00916749611 0 0 0 0 0.00581607036 0.120020546 0 0.317649573 0.00650437735 0.56156379 0 0 0 0 0 0 0.630105674 0.278815776 0 0 0.257276803 0 0 0 0.00317862513 0 0 0 0 0 0.829456031 0 0.9628371 0 0.212810755 0 0 0 0 0 0 0 0 0 0 0.247607902 0 0.192030117 0 0 0 0 0 0 0.388883173 0.388480216 0 0 0 0 0 1 0 0 0 0.111111112 0.244650543 0.376848131 0.411793977 0.718495369 1 1
G1792 0 0.00534707587 1.32184601 0 0.429962963 1.79027903 0 0.00916749611 0 0 0 0 0.00581607036 0.120020546 0 0.317649573 0.00650437735 0.56156379 0 0 0 0 0 0 0.630105674 0.278815776 0 0 0.257276803 0 0 0 0.00317862513 0 0 0 0 0 0.829456031 0 0.9628371 0 0.212810755 0 0 0 0 0 0 0 0 0 0 0.247607902 0 0.192030117 0 0 0 0 0 0 0.388883173 0.388480216 0 0 1 0 0 0 0 0 0 0.129629627 0.244650543 0.470802933 0.411793977 0.705299139 1 1
G1793 0 0.00534707587 1.32184601 0 0.429962963 1.79027903 0 0.00916749611 0 0 0 0 0.00581607036 0.120020546 0 0.317649573 0.00650437735 0.56156379 0 0 0 0 0 0 0.630105674 0.278815776 0 0 0.257276803 0 0 0 0.00317862513 0 0 0 0 0 0.829456031 0 0.9628371 0 0.212810755 0 0 0 0 0 0 0 0 0 0 0.247607902 0 0.192030117 0 0 0 0 0 0 0.388883173 0.388480216 0 0 1 0 0 0 0 0 0 0.129629627 0.244650543 0.470802933 0.395426244 0.706672132 1 1
G1819 0 0.00534707587 1.32184601 0 0.429962963 1.79027903 0 0.00916749611 0 0 0 0 0.00581607036 0.120020546 0 0.317649573 0.00650437735 0.56156379 0 0 0 0 0 0 0.630105674 0.278815776 0 0 0.257276803 0 0 0 0.00317862513 0 0 0 0 0 0.829456031 0 0.9628371 0 0.212810755 0 0 0 0 0 0 0 0 0 0 0.247607902 0 0.192030117 0 0 0 0 0 0 0.388883173 0.388480216 0 0 1 0 0 0 0 0 0 0.148148149 0.489301085 0.478470683 0.522840202 0.690832198 1 1
G2174 0 0.00534707587 1.32184601 0 0.429962963 1.79027903 0 0.00916749611 0 0 0 0 0.00581607036 0.120020546 0 0.317649573 0.00650437735 0.56156379 0 0 0 0 0 0 0.630105674 0.278815776 0 0 0.257276803 0 0 0 0.00317862513 0 0 0 0 0 0.829456031 0 0.9628371 0 0.212810755 0 0 0 0 0 0 0 0 0 0 0.247607902 0 0.192030117 0 0 0 0 0 0 0.388883173 0.388480216 0 1 0 0 0 0 0 0 0 0.166666672 0.244650543 0.281589121 0.559517562 0.75128293 1 1
G2269 0 0.00534707587 1.32184601 0 0.429962963 1.79027903 0 0.00916749611 0 0 0 0 0.00581607036 0.120020546 0 0.317649573 0.00650437735 0.56156379 0 0 0 0 0 0 0.630105674 0.278815776 0 0 0.257276803 0 0 0 0.00317862513 0 0 0 0 0 0.829456031 0 0.9628371 0 0.212810755 0 0 0 0 0 0 0 0 0 0 0.247607902 0 0.192030117 0 0 0 0 0 0 0.388883173 0.388480216 0 0 0 0 0 1 0 0 0 0.166666672 0.387761921 0.48578167 0.530829132 0.689305842 1 1
G2272 0 0.00534707587 1.32184601 0 0.429962963 1.79027903 0 0.00916749611 0 0 0 0 0.00581607036 0.120020546 0 0.317649573 0.00650437735 0.56156379 0 0 0 0 0 0 0.630105674 0.278815776 0 0 0.257276803 0 0 0 0.00317862513 0 0 0 0 0 0.829456031 0 0.9628371 0 0.212810755 0 0 0 0 0 0 0 0 0 0 0.247607902 0 0.192030117 0 0 0 0 0 0 0.388883173 0.388480216 0 0 0 0 0 1 0 0 0 0.166666672 0.387761921 0.48578167 0.530829132 0.689305842 1 1
G2339 0 0.00534707587 1.32184601 0 0.429962963 1.79027903 0 0.00916749611 0 0 0 0 0.00581607036 0.120020546 0 0.317649573 0.00650437735 0.56156379 0 0 0 0 0 0 0.630105674 0.278815776 0 0 0.257276803 0 0 0 0.00317862513 0 0 0 0 0 0.829456031 0 0.9628371 0 0.212810755 0 0 0 0 0 0 0 0 0 0 0.247607902 0 0.192030117 0 0 0 0 0 0 0.388883173 0.388480216 0 0 0 0 0 1 0 0 0 0.185185179 0.244650543 0.492767632 0.538462877 0.68776387 1 1
G2340 0 0.00534707587 1.32184601 0 0.429962963 1.79027903 0 0.00916749611 0 0 0 0 0.00581607036 0.120020546 0 0.317649573 0.00650437735 0.56156379 0 0 0 0 0 0 0.630105674 0.278815776 0 0 0.257276803 0 0 0 0.00317862513 0 0 0 0 0 0.829456031 0 0.9628371 0 0.212810755 0 0 0 0 0 0 0 0 0 0 0.247607902 0 0.192030117 0 0 0 0 0 0 0.388883173 0.388480216 0 0 0 0 0 1 0 0 0 0.185185179 0.244650543 0.492767632 0.538462877 0.68776387 1 1
G904 0 0.00534707587 1.32184601 0 0.429962963 1.79027903 0 0.00916749611 0 0 0 0 0.00581607036 0.120020546 0 0.317649573 0.00650437735 0.56156379 0 0 0 0 0 0 0.630105674 0.278815776 0 0 0.257276803 0 0 0 0.00317862513 0 0 0 0 0 0.829456031 0 0.9628371 0 0.212810755 0 0 0 0 0 0 0 0 0 0 0.247607902 0 0.192030117 0 0 0 0 0 0 0.388883173 0.388480216 0 0 0 0 0 1 0 0 0 0.0370370373 0.387761921 0.217867076 0.238070309 0.731787086 1 1
G1210 0 0.00534707587 1.32184601 0 0.429962963 1.79027903 0 0.00916749611 0 0 0 0 0.00581607036 0.120020546 0 0.317649573 0.00650437735 0.56156379 0 0 0 0 0 0 0.630105674 0.278815776 0 0 0.257276803 0 0 0 0.00317862513 0 0 0 0 0 0.829456031 0 0.9628371 0 0.212810755 0 0 0 0 0 0 0 0 0 0 0.247607902 0 0.192030117 0 0 0 0 0 0 0.388883173 0.388480216 0 0 0 0 0 1 0 0 0 0.055555556 0.244650543 0.252935857 0.276391089 0.730626166 1 1
G907 0 0.00534707587 1.32184601 0 0.429962963 1.79027903 0 0.00916749611 0 0 0 0 0.00581607036 0.120020546 0 0.317649573 0.00650437735 0.56156379 0 0 0 0 0 0 0.630105674 0.278815776 0 0 0.257276803 0 0 0 0.00317862513 0 0 0 0 0 0.829456031 0 0.9628371 0 0.212810755 0 0 0 0 0 0 0 0 0 0 0.247607902 0 0.192030117 0 0 0 0 0 0 0.388883173 0.388480216 0 0 0 0 0 1 0 0 0 0.0370370373 0.387761921 0.217867076 0.238070309 0.731787086 1 1
G1211 0 0.00534707587 1.32184601 0 0.429962963 1.79027903 0 0.00916749611 0 0 0 0 0.00581607036 0.120020546 0 0.317649573 0.00650437735 0.56156379 0 0 0 0 0 0 0.630105674 0.278815776 0 0 0.257276803 0 0 0 0.00317862513 0 0 0 0 0 0.829456031 0 0.9628371 0 0.212810755 0 0 0 0 0 0 0 0 0 0 0.247607902 0 0.192030117 0 0 0 0 0 0 0.388883173 0.388480216 0 0 0 0 0 1 0 0 0 0.055555556 0.244650543 0.252935857 0.276391089 0.730626166 1 1
G1307 0 0.00534707587 1.32184601 0 0.429962963 1.79027903 0 0.00916749611 0 0 0 0 0.00581607036 0.120020546 0 0.317649573 0.00650437735 0.56156379 0 0 0 0 0 0 0.630105674 0.278815776 0 0 0.257276803 0 0 0 0.00317862513 0 0 0 0 0 0.829456031 0 0.9628371 0 0.212810755 0 0 0 0 0 0 0 0 0 0 0.247607902 0 0.192030117 0 0 0 0 0 0 0.388883173 0.388480216 0 0 1 0 0 0 0 0 0 0.0740740746 0.244650543 0.345311165 0.276391089 0.725890636 1 1
G1308 0 0.00534707587 1.32184601 0 0.429962963 1.79027903 0 0.00916749611 0 0 0 0 0.00581607036 0.120020546 0 0.317649573 0.00650437735 0.56156379 0 0 0 0 0 0 0.630105674 0.278815776 0 0 0.257276803 0 0 0 0.00317862513 0 0 0 0 0 0.829456031 0 0.9628371 0 0.212810755 0 0 0 0 0 0 0 0 0 0 0.247607902 0 0.192030117 0 0 0 0 0 0 0.388883173 0.388480216 0 0 1 0 0 0 0 0 0 0.0740740746 0.244650543 0.345311165 0.276391089 0.725890636 1 1
G1460 0 0.00534707587 1.32184601 0 0.429962963 1.79027903 0 0.00916749611 0 0 0 0 0.00581607036 0.120020546 0 0.317649573 0.00650437735 0.56156379 0 0 0 0 0 0 0.630105674 0.278815776 0 0 0.257276803 0 0 0 0.00317862513 0 0 0 0 0 0.829456031 0 0.9628371 0 0.212810755 0 0 0 0 0 0 0 0 0 0 0.247607902 0 0.192030117 0 0 0 0 0 0 0.388883173 0.388480216 0 0 1 0 0 0 0 0 0 0.0925925896 0.387761921 0.361869395 0.395426244 0.719753444 1 1
G1519 0 0.00534707587 1.32184601 0 0.429962963 1.79027903 0 0.00916749611 0 0 0 0 0.00581607036 0.120020546 0 0.317649573 0.00650437735 0.56156379 0 0 0 0 0 0 0.630105674 0.278815776 0 0 0.257276803 0 0 0 0.00317862513 0 0 0 0 0 0.829456031 0 0.9628371 0 0.212810755 0 0 0 0 0 0 0 0 0 0 0.247607902 0 0.192030117 0 0 0 0 0 0 0.388883173 0.388480216 0 0 0 0 0 1 0 0 0 0.111111112 0.244650543 0.376848131 0.411793977 0.718495369 1 1
G910 0 0.00534707587 1.32184601 0 0.429962963 1.79027903 0 0.00916749611 0 0 0 0 0.00581607036 0.120020546 0 0.317649573 0.00650437735 0.56156379 0 0 0 0 0 0 0.630105674 0.278815776 0 0 0.257276803 0 0 0 0.00317862513 0 0 0 0 0 0.829456031 0 0.9628371 0 0.212810755 0 0 0 0 0 0 0 0 0 0 0.247607902 0 0.192030117 0 0 0 0 0 0 0.388883173 0.388480216 0 0 0 0 0 1 0 0 0 0.0370370373 0.387761921 0.217867076 0.238070309 0.731787086 1 1
G1212 0 0.00534707587 1.32184601 0 0.429962963 1.79027903 0 0.00916749611 0 0 0 0 0.00581607036 0.120020546 0 0.317649573 0.00650437735 0.56156379 0 0 0 0 0 0 0.630105674 0.278815776 0 0 0.257276803 0 0 0 0.00317862513 0 0 0 0 0 0.829456031 0 0.9628371 0 0.212810755 0 0 0 0 0 0 0 0 0 0 0.247607902 0 0.192030117 0 0 0 0 0 0 0.388883173 0.388480216 0 0 0 0 0 1 0 0 0 0.055555556 0.244650543 0.252935857 0.276391089 0.730626166 1 1
G913 0 0.00534707587 1.32184601 0 0.429962963 1.79027903 0 0.00916749611 0 0 0 0 0.00581607036 0.120020546 0 0.317649573 0.00650437735 0.56156379 0 0 0 0 0 0 0.630105674 0.278815776 0 0 0.257276803 0 0 0 0.00317862513 0 0 0 0 0 0.829456031 0 0.9628371 0 0.212810755 0 0 0 0 0 0 0 0 0 0 0.247607902 0 0.192030117 0 0 0 0 0 0 0.388883173 0.388480216 0 0 0 0 0 1 0 0 0 0.0370370373 0.387761921 0.217867076 0.238070309 0.731787086 1 1
G1213 0 0.00534707587 1.32184601 0 0.429962963 1.79027903 0 0.00916749611 0 0 0 0 0.00581607036 0.120020546 0 0.317649573 0.00650437735 0.56156379 0 0 0 0 0 0 0.630105674 0.278815776 0 0 0.257276803 0 0 0 0.00317862513 0 0 0 0 0 0.829456031 0 0.9628371 0 0.212810755 0 0 0 0 0 0 0 0 0 0 0.247607902 0 0.192030117 0 0 0 0 0 0 0.388883173 0.388480216 0 0 0 0 0 1 0 0 0 0.055555556 0.244650543 0.252935857 0.276391089 0.730626166 1 1
G1309 0 0.00534707587 1.32184601 0 0.429962963 1.79027903 0 0.00916749611 0 0 0 0 0.00581607036 0.120020546 0 0.317649573 0.00650437735 0.56156379 0 0 0 0 0 0 0.630105674 0.278815776 0 0 0.257276803 0 0 0 0.00317862513 0 0 0 0 0 0.829456031 0 0.9628371 0 0.212810755 0 0 0 0 0 0 0 0 0 0 0.247607902 0 0.192030117 0 0 0 0 0 0 0.388883173 0.388480216 0 0 1 0 0 0 0 0 0 0.0740740746 0.244650543 0.345311165 0.276391089 0.725890636 1 1
G1310 0 0.00534707587 1.32184601 0 0.429962963 1.79027903 0 0.00916749611 0 0 0 0 0.00581607036 0.120020546 0 0.317649573 0.00650437735 0.56156379 0 0 0 0 0 0 0.630105674 0.278815776 0 0 0.257276803 0 0 0 0.00317862513 0 0 0 0 0 0.829456031 0 0.9628371 0 0.212810755 0 0 0 0 0 0 0 0 0 0 0.247607902 0 0.192030117 0 0 0 0 0 0 0.388883173 0.388480216 0 0 1 0 0 0 0 0 0 0.0740740746 0.244650543 0.345311165 0.276391089 0.725890636 1 1
G1463 0 0.00534707587 1.32184601 0 0.429962963 1.79027903 0 0.00916749611 0 0 0 0 0.00581607036 0.120020546 0 0.317649573 0.00650437735 0.56156379 0 0 0 0 0 0 0.630105674 0.278815776 0 0 0.257276803 0 0 0 0.00317862513 0 0 0 0 0 0.829456031 0 0.9628371 0 0.212810755 0 0 0 0 0 0 0 0 0 0 0.247607902 0 0.192030117 0 0 0 0 0 0 0.388883173 0.388480216 0 0 1 0 0 0 0 0 0 0.0925925896 0.387761921 0.361869395 0.395426244 0.719753444 1 1
G1520 0 0.00534707587 1.32184601 0 0.429962963 1.79027903 0 0.00916749611 0 0 0 0 0.00581607036 0.120020546 0 0.317649573 0.00650437735 0.56156379 0 0 0 0 0 0 0.630105674 0.278815776 0 0 0.257276803 0 0 0 0.00317862513 0 0 0 0 0 0.829456031 0 0.9628371 0 0.212810755 0 0 0 0 0 0 0 0 0 0 0.247607902 0 0.192030117 0 0 0 0 0 0 0.388883173 0.388480216 0 0 0 0 0 1 0 0 0 0.111111112 0.244650543 0.376848131 0.411793977 0.718495369 1 1
G1794 0 0.00534707587 1.32184601 0 0.429962963 1.79027903 0 0.00916749611 0 0 0 0 0.00581607036 0.120020546 0 0.317649573 0.00650437735 0.56156379 0 0 0 0 0 0 0.630105674 0.278815776 0 0 0.257276803 0 0 0 0.00317862513 0 0 0 0 0 0.829456031 0 0.9628371 0 0.212810755 0 0 0 0 0 0 0 0 0 0 0.247607902 0 0.192030117 0 0 0 0 0 0 0.388883173 0.388480216 0 0 1 0 0 0 0 0 0 0.129629627 0.244650543 0.478470683 0.411793977 0.705299139 1 1
G1795 0 0.00534707587 1.32184601 0 0.429962963 1.79027903 0 0.00916749611 0 0 0 0 0.00581607036 0.120020546 0 0.317649573 0.00650437735 0.56156379 0 0 0 0 0 0 0.630105674 0.278815776 0 0 0.257276803 0 0 0 0.00317862513 0 0 0 0 0 0.829456031 0 0.9628371 0 0.212810755 0 0 0 0 0 0 0 0 0 0 0.247607902 0 0.192030117 0 0 0 0 0 0 0.388883173 0.388480216 0 0 1 0 0 0 0 0 0 0.129629627 0.244650543 0.478470683 0.411793977 0.705299139 1 1
G1823 0 0.00534707587 1.32184601 0 0.429962963 1.79027903 0 0.00916749611 0 0 0 0 0.00581607036 0.120020546 0 0.317649573 0.00650437735 0.56156379 0 0 0 0 0 0 0.630105674 0.278815776 0 0 0.257276803 0 0 0 0.00317862513 0 0 0 0 0 0.829456031 0 0.9628371 0 0.212810755 0 0 0 0 0 0 0 0 0 0 0.247607902 0 0.192030117 0 0 0 0 0 0 0.388883173 0.388480216 0 0 1 0 0 0 0 0 0 0.148148149 0.387761921 0.48578167 0.530829132 0.689305842 1 1
G2169 0 0.00534707587 1.32184601 0 0.429962963 1.79027903 0 0.00916749611 0 0 0 0 0.00581607036 0.120020546 0 0.317649573 0.00650437735 0.56156379 0 0 0 0 0 0 0.630105674 0.278815776 0 0 0.257276803 0 0 0 0.00317862513 0 0 0 0 0 0.829456031 0 0.9628371 0 0.212810755 0 0 0 0 0 0 0 0 0 0 0.247607902 0 0.192030117 0 0 0 0 0 0 0.388883173 0.388480216 0 0 0 0 0 1 0 0 0 0.166666672 0.387761921 0.492767632 0.538462877 0.68776387 1 1
G2408 0 0.00534707587 1.32184601 0 0.429962963 1.79027903 0 0.00916749611 0 0 0 0 0.00581607036 0.120020546 0 0.317649573 0.00650437735 0.56156379 0 0 0 0 0 0 0.630105674 0.278815776 0 0 0.257276803 0 0 0 0.00317862513 0 0 0 0 0 0.829456031 0 0.9628371 0 0.212810755 0 0 0 0 0 0 0 0 0 0 0.247607902 0 0.192030117 0 0 0 0 0 0 0.388883173 0.388480216 0 0 0 0 0 1 0 0 0 0.185185179 0.387761921 0.499456197 0.545771718 0.686205924 1 1
G2411 0 0.00534707587 1.32184601 0 0.429962963 1.79027903 0 0.00916749611 0 0 0 0 0.00581607036 0.120020546 0 0.317649573 0.00650437735 0.56156379 0 0 0 0 0 0 0.630105674 0.278815776 0 0 0.257276803 0 0 0 0.00317862513 0 0 0 0 0 0.829456031 0 0.9628371 0 0.212810755 0 0 0 0 0 0 0 0 0 0 0.247607902 0 0.192030117 0 0 0 0 0 0 0.388883173 0.388480216 0 0 0 0 0 1 0 0 0 0.185185179 0.387761921 0.499456197 0.545771718 0.686205924 1 1
G2462 0 0.00534707587 1.32184601 0 0.429962963 1.79027903 0 0.00916749611 0 0 0 0 0.00581607036 0.120020546 0 0.317649573 0.00650437735 0.56156379 0 0 0 0 0 0 0.630105674 0.278815776 0 0 0.257276803 0 0 0 0.00317862513 0 0 0 0 0 0.829456031 0 0.9628371 0 0.212810755 0 0 0 0 0 0 0 0 0 0 0.247607902 0 0.192030117 0 0 0 0 0 0 0.388883173 0.388480216 0 0 1 0 0 0 0 0 0 0.203703701 0.244650543 0.605081022 0.545771718 0.645029426 1 1
G2463 0 0.00534707587 1.32184601 0 0.429962963 1.79027903 0 0.00916749611 0 0 0 0 0.00581607036 0.120020546 0 0.317649573 0.00650437735 0.56156379 0 0 0 0 0 0 0.630105674 0.278815776 0 0 0.257276803 0 0 0 0.00317862513 0 0 0 0 0 0.829456031 0 0.9628371 0 0.212810755 0 0 0 0 0 0 0 0 0 0 0.247607902 0 0.192030117 0 0 0 0 0 0 0.388883173 0.388480216 0 0 0 0 0 1 0 0 0 0.203703701 0.244650543 0.505871713 0.552782178 0.686205924 1 1
G2464 0 0.00534707587 1.32184601 0 0.429962963 1.79027903 0 0.00916749611 0 0 0 0 0.00581607036 0.120020546 0 0.317649573 0.00650437735 0.56156379 0 0 0 0 0 0 0.630105674 0.278815776 0 0 0.257276803 0 0 0 0.00317862513 0 0 0 0 0 0.829456031 0 0.9628371 0 0.212810755 0 0 0 0 0 0 0 0 0 0 0.247607902 0 0.192030117 0 0 0 0 0 0 0.388883173 0.388480216 0 0 1 0 0 0 0 0 0 0.203703701 0.244650543 0.605081022 0.545771718 0.645029426 1 1
G2465 0 0.00534707587 1.32184601 0 0.429962963 1.79027903 0 0.00916749611 0 0 0 0 0.00581607036 0.120020546 0 0.317649573 0.00650437735 0.56156379 0 0 0 0 0 0 0.630105674 0.278815776 0 0 0.257276803 0 0 0 0.00317862513 0 0 0 0 0 0.829456031 0 0.9628371 0 0.212810755 0 0 0 0 0 0 0 0 0 0 0.247607902 0 0.192030117 0 0 0 0 0 0 0.388883173 0.388480216 0 0 0 0 0 1 0 0 0 0.203703701 0.244650543 0.505871713 0.552782178 0.686205924 1 1
G2500 0 0.00534707587 1.32184601 0 0.429962963 1.79027903 0 0.00916749611 0 0 0 0 0.00581607036 0.120020546 0 0.317649573 0.00650437735 0.56156379 0 0 0 0 0 0 0.630105674 0.278815776 0 0 0.257276803 0 0 0 0.00317862513 0 0 0 0 0 0.829456031 0 0.9628371 0 0.212810755 0 0 0 0 0 0 0 0 0 0 0.247607902 0 0.192030117 0 0 0 0 0 0 0.388883173 0.388480216 0 0 1 0 0 0 0 0 0 0.222222224 0.244650543 0.605081022 0.538462877 0.647074878 1 1
G2501 0 0.00534707587 1.32184601 0 0.429962963 1.79027903 0 0.00916749611 0 0 0 0 0.00581607036 0.120020546 0 0.317649573 0.00650437735 0.56156379 0 0 0 0 0 0 0.630105674 0.278815776 0 0 0.257276803 0 0 0 0.00317862513 0 0 0 0 0 0.829456031 0 0.9628371 0 0.212810755 0 0 0 0 0 0 0 0 0 0 0.247607902 0 0.192030117 0 0 0 0 0 0 0.388883173 0.388480216 0 0 1 0 0 0 0 0 0 0.222222224 0.244650543 0.605081022 0.538462877 0.647074878 1 1
G2530 0 0.00534707587 1.32184601 0 0.429962963 1.79027903 0 0.00916749611 0 0 0 0 0.00581607036 0.120020546 0 0.317649573 0.00650437735 0.56156379 0 0 0 0 0 0 0.630105674 0.278815776 0 0 0.257276803 0 0 0 0.00317862513 0 0 0 0 0 0.829456031 0 0.9628371 0 0.212810755 0 0 0 0 0 0 0 0 0 0 0.247607902 0 0.192030117 0 0 0 0 0 0 0.388883173 0.388480216 0 0 1 0 0 0 0 0 0 0.240740746 0.244650543 0.605081022 0.664806902 0.588135123 1 1
G2531 0 0.00534707587 1.32184601 0 0.429962963 1.79027903 0 0.00916749611 0 0 0 0 0.00581607036 0.120020546 0 0.317649573 0.00650437735 0.56156379 0 0 0 0 0 0 0.630105674 0.278815776 0 0 0.257276803 0 0 0 0.00317862513 0 0 0 0 0 0.829456031 0 0.9628371 0 0.212810755 0 0 0 0 0 0 0 0 0 0 0.247607902 0 0.192030117 0 0 0 0 0 0 0.388883173 0.388480216 0 0 1 0 0 0 0 0 0 0.240740746 0.244650543 0.605081022 0.664806902 0.588135123 1 1
G2550 0 0.00534707587 1.32184601 0 0.429962963 1.79027903 0 0.00916749611 0 0 0 0 0.00581607036 0.120020546 0 0.317649573 0.00650437735 0.56156379 0 0 0 0 0 0 0.630105674 0.278815776 0 0 0.257276803 0 0 0 0.00317862513 0 0 0 0 0 0.829456031 0 0.9628371 0 0.212810755 0 0 0 0 0 0 0 0 0 0 0.247607902 0 0.192030117 0 0 0 0 0 0 0.388883173 0.388480216 0 0 0 0 0 1 0 0 0 0.259259254 0.244650543 0.611630201 0.664806902 0.585097849 1 1
G2551 0 0.00534707587 1.32184601 0 0.429962963 1.79027903 0 0.00916749611 0 0 0 0 0.00581607036 0.120020546 0 0.317649573 0.00650437735 0.56156379 0 0 0 0 0 0 0.630105674 0.278815776 0 0 0.257276803 0 0 0 0.00317862513 0 0 0 0 0 0.829456031 0 0.9628371 0 0.212810755 0 0 0 0 0 0 0 0 0 0 0.247607902 0 0.192030117 0 0 0 0 0 0 0.388883173 0.388480216 0 0 0 0 0 1 0 0 0 0.259259254 0.244650543 0.611630201 0.664806902 0.585097849 1 1
G3523 0 0.00534707587 1.32184601 0 0.429962963 1.79027903 0 0.00916749611 0 0 0 0 0.00581607036 0.120020546 0 0.317649573 0.00650437735 0.56156379 0 0 0 0 0 0 0.630105674 0.278815776 0 0 0.257276803 0 0 0 0.00317862513 0 0 0 0 0 0.829456031 0 0.9628371 0 0.212810755 0 0 0 0 0 0 0 0 0 0 0.247607902 0 0.192030117 0 0 0 0 0 0 0.388883173 0.388480216 0 0 1 0 0 0 0 0 0 0.277777791 0 0.717323303 0.671817303 0 1 1
G916 0 0.00534707587 1.32184601 0 0.429962963 1.79027903 0 0.00916749611 0 0 0 0 0.00581607036 0.120020546 0 0.317649573 0.00650437735 0.56156379 0 0 0 0 0 0 0.630105674 0.278815776 0 0 0.257276803 0 0 0 0.00317862513 0 0 0 0 0 0.829456031 0 0.9628371 0 0.212810755 0 0 0 0 0 0 0 0 0 0 0.247607902 0 0.192030117 0 0 0 0 0 0 0.388883173 0.388480216 0 0 0 0 0 1 0 0 0 0.0370370373 0.387761921 0.217867076 0.238070309 0.610448658 1 1
G1017 0 0.00534707587 1.32184601 0 0.429962963 1.79027903 0 0.00916749611 0 0 0 0 0.00581607036 0.120020546 0 0.317649573 0.00650437735 0.56156379 0 0 0 0 0 0 0.630105674 0.278815776 0 0 0.257276803 0 0 0 0.00317862513 0 0 0 0 0 0.829456031 0 0.9628371 0 0.212810755 0 0 0 0 0 0 0 0 0 0 0.247607902 0 0.192030117 0 0 0 0 0 0 0.388883173 0.388480216 0 0 1 0 0 0 0 0 0 0.055555556 0.244650543 0.326800615 0.276391089 0.599705458 1 1
G1018 0 0.00534707587 1.32184601 0 0.429962963 1.79027903 0 0.00916749611 0 0 0 0 0.00581607036 0.120020546 0 0.317649573 0.00650437735 0.56156379 0 0 0 0 0 0 0.630105674 0.278815776 0 0 0.257276803 0 0 0 0.00317862513 0 0 0 0 0 0.829456031 0 0.9628371 0 0.212810755 0 0 0 0 0 0 0 0 0 0 0.247607902 0 0.192030117 0 0 0 0 0 0 0.388883173 0.388480216 0 0 0 0 0 1 0 0 0 0.055555556 0.244650543 0.252935857 0.276391089 0.610448658 1 1
G1214 0 0.00534707587 1.32184601 0 0.429962963 1.79027903 0 0.00916749611 0 0 0 0 0.00581607036 0.120020546 0 0.317649573 0.00650437735 0.56156379 0 0 0 0 0 0 0.630105674 0.278815776 0 0 0.257276803 0 0 0 0.00317862513 0 0 0 0 0 0.829456031 0 0.9628371 0 0.212810755 0 0 0 0 0 0 0 0 0 0 0.247607902 0 0.192030117 0 0 0 0 0 0 0.388883173 0.388480216 0 0 1 0 0 0 0 0 0 0.0740740746 0.244650543 0.326800615 0.238070309 0.60246408 1 1
G1316 0 0.00534707587 1.32184601 0 0.429962963 1.79027903 0 0.00916749611 0 0 0 0 0.00581607036 0.120020546 0 0.317649573 0.00650437735 0.56156379 0 0 0 0 0 0 0.630105674 0.278815776 0 0 0.257276803 0 0 0 0.00317862513 0 0 0 0 0 0.829456031 0 0.9628371 0 0.212810755 0 0 0 0 0 0 0 0 0 0 0.247607902 0 0.192030117 0 0 0 0 0 0 0.388883173 0.388480216 0 0 1 0 0 0 0 0 0 0.0925925896 0.244650543 0.345311165 0.377332509 0.588135123 1 1
G919 0 0.00534707587 1.32184601 0 0.429962963 1.79027903 0 0.00916749611 0 0 0 0 0.00581607036 0.120020546 0 0.317649573 0.00650437735 0.56156379 0 0 0 0 0 0 0.630105674 0.278815776 0 0 0.257276803 0 0 0 0.00317862513 0 0 0 0 0 0.829456031 0 0.9628371 0 0.212810755 0 0 0 0 0 0 0 0 0 0 0.247607902 0 0.192030117 0 0 0 0 0 0 0.388883173 0.388480216 0 0 0 0 0 1 0 0 0 0.0370370373 0.387761921 0.217867076 0.238070309 0.728277028 1 1
G1051 0 0.00534707587 1.32184601 0 0.429962963 1.79027903 0 0.00916749611 0 0 0 0 0.00581607036 0.120020546 0 0.317649573 0.00650437735 0.56156379 0 0 0 0 0 0 0.630105674 0.278815776 0 0 0.257276803 0 0 0 0.00317862513 0 0 0 0 0 0.829456031 0 0.9628371 0 0.212810755 0 0 0 0 0 0 0 0 0 0 0.247607902 0 0.192030117 0 0 0 0 0 0 0.388883173 0.388480216 0 0 1 0 0 0 0 0 0 0.055555556 0.244650543 0.326800615 0.276391089 0.723465741 1 1
G1052 0 0.00534707587 1.32184601 0 0.429962963 1.79027903 0 0.00916749611 0 0 0 0 0.00581607036 0.120020546 0 0.317649573 0.00650437735 0.56156379 0 0 0 0 0 0 0.630105674 0.278815776 0 0 0.257276803 0 0 0 0.00317862513 0 0 0 0 0 0.829456031 0 0.9628371 0 0.212810755 0 0 0 0 0 0 0 0 0 0 0.247607902 0 0.192030117 0 0 0 0 0 0 0.388883173 0.388480216 0 0 0 0 0 1 0 0 0 0.055555556 0.244650543 0.252935857 0.276391089 0.728277028 1 1
G1217 0 0.00534707587 1.32184601 0 0.429962963 1.79027903 0 0.00916749611 0 0 0 0 0.00581607036 0.120020546 0 0.317649573 0.00650437735 0.56156379 0 0 0 0 0 0 0.630105674 0.278815776 0 0 0.257276803 0 0 0 0.00317862513 0 0 0 0 0 0.829456031 0 0.9628371 0 0.212810755 0 0 0 0 0 0 0 0 0 0 0.247607902 0 0.192030117 0 0 0 0 0 0 0.388883173 0.388480216 0 0 1 0 0 0 0 0 0 0.0740740746 0.244650543 0.326800615 0.238070309 0.724683046 1 1
G1348 0 0.00534707587 1.32184601 0 0.429962963 1.79027903 0 0.00916749611 0 0 0 0 0.00581607036 0.120020546 0 0.317649573 0.00650437735 0.56156379 0 0 0 0 0 0 0.630105674 0.278815776 0 0 0.257276803 0 0 0 0.00317862513 0 0 0 0 0 0.829456031 0 0.9628371 0 0.212810755 0 0 0 0 0 0 0 0 0 0 0.247607902 0 0.192030117 0 0 0 0 0 0 0.388883173 0.388480216 0 0 1 0 0 0 0 0 0 0.0925925896 0.244650543 0.345311165 0.377332509 0.718495369 1 1
G1477 0 0.00534707587 1.32184601 0 0.429962963 1.79027903 0 0.00916749611 0 0 0 0 0.00581607036 0.120020546 0 0.317649573 0.00650437735 0.56156379 0 0 0 0 0 0 0.630105674 0.278815776 0 0 0.257276803 0 0 0 0.00317862513 0 0 0 0 0 0.829456031 0 0.9628371 0 0.212810755 0 0 0 0 0 0 0 0 0 0 0.247607902 0 0.192030117 0 0 0 0 0 0 0.388883173 0.388480216 0 0 0 0 0 1 0 0 0 0.111111112 0.244650543 0.361869395 0.395426244 0.717226624 1 1
G1527 0 0.00534707587 1.32184601 0 0.429962963 1.79027903 0 0.00916749611 0 0 0 0 0.00581607036 0.120020546 0 0.317649573 0.00650437735 0.56156379 0 0 0 0 0 0 0.630105674 0.278815776 0 0 0.257276803 0 0 0 0.00317862513 0 0 0 0 0 0.829456031 0 0.9628371 0 0.212810755 0 0 0 0 0 0 0 0 0 0 0.247607902 0 0.192030117 0 0 0 0 0 0 0.388883173 0.388480216 0 1 0 0 0 0 0 0 0 0.129629627 0.244650543 0.252935857 0.453209102 0.712041974 1 1
G922 0 0.00534707587 1.32184601 0 0.429962963 1.79027903 0 0.00916749611 0 0 0 0 0.00581607036 0.120020546 0 0.317649573 0.00650437735 0.56156379 0 0 0 0 0 0 0.630105674 0.278815776 0 0 0.257276803 0 0 0 0.00317862513 0 0 0 0 0 0.829456031 0 0.9628371 0 0.212810755 0 0 0 0 0 0 0 0 0 0 0.247607902 0 0.192030117 0 0 0 0 0 0 0.388883173 0.388480216 0 0 0 0 0 1 0 0 0 0.0370370373 0.387761921 0.217867076 0.238070309 0.599705458 1 1
G1020 0 0.00534707587 1.32184601 0 0.429962963 1.79027903 0 0.00916749611 0 0 0 0 0.00581607036 0.120020546 0 0.317649573 0.00650437735 0.56156379 0 0 0 0 0 0 0.630105674 0.278815776 0 0 0.257276803 0 0 0 0.00317862513 0 0 0 0 0 0.829456031 0 0.9628371 0 0.212810755 0 0 0 0 0 0 0 0 0 0 0.247607902 0 0.192030117 0 0 0 0 0 0 0.388883173 0.388480216 0 0 1 0 0 0 0 0 0 0.055555556 0.244650543 0.326800615 0.276391089 0.588135123 1 1
G1021 0 0.00534707587 1.32184601 0 0.429962963 1.79027903 0 0.00916749611 0 0 0 0 0.00581607036 0.120020546 0 0.317649573 0.00650437735 0.56156379 0 0 0 0 0 0 0.630105674 0.278815776 0 0 0.257276803 0 0 0 0.00317862513 0 0 0 0 0 0.829456031 0 0.9628371 0 0.212810755 0 0 0 0 0 0 0 0 0 0 0.247607902 0 0.192030117 0 0 0 0 0 0 0.388883173 0.388480216 0 0 0 0 0 1 0 0 0 0.055555556 0.244650543 0.252935857 0.276391089 0.599705458 1 1
G1215 0 0.00534707587 1.32184601 0 0.429962963 1.79027903 0 0.00916749611 0 0 0 0 0.00581607036 0.120020546 0 0.317649573 0.00650437735 0.56156379 0 0 0 0 0 0 0.630105674 0.278815776 0 0 0.257276803 0 0 0 0.00317862513 0 0 0 0 0 0.829456031 0 0.9628371 0 0.212810755 0 0 0 0 0 0 0 0 0 0 0.247607902 0 0.192030117 0 0 0 0 0 0 0.388883173 0.388480216 0 0 1 0 0 0 0 0 0 0.0740740746 0.244650543 0.326800615 0.238070309 0.591112256 1 1
G1317 0 0.00534707587 1.32184601 0 0.429962963 1.79027903 0 0.00916749611 0 0 0 0 0.00581607036 0.120020546 0 0.317649573 0.00650437735 0.56156379 0 0 0 0 0 0 0.630105674 0.278815776 0 0 0.257276803 0 0 0 0.00317862513 0 0 0 0 0 0.829456031 0 0.9628371 0 0.212810755 0 0 0 0 0 0 0 0 0 0 0.247607902 0 0.192030117 0 0 0 0 0 0 0.388883173 0.388480216 0 0 1 0 0 0 0 0 0 0.0925925896 0.244650543 0.345311165 0.377332509 0.575599492 1 1
G1470 0 0.00534707587 1.32184601 0 0.429962963 1.79027903 0 0.00916749611 0 0 0 0 0.00581607036 0.120020546 0 0.317649573 0.00650437735 0.56156379 0 0 0 0 0 0 0.630105674 0.278815776 0 0 0.257276803 0 0 0 0.00317862513 0 0 0 0 0 0.829456031 0 0.9628371 0 0.212810755 0 0 0 0 0 0 0 0 0 0 0.247607902 0 0.192030117 0 0 0 0 0 0 0.388883173 0.388480216 0 1 0 0 0 0 0 0 0 0.111111112 0.244650543 0.217867076 0.426736563 0.565460324 1 1
G925 0 0.00534707587 1.32184601 0 0.429962963 1.79027903 0 0.00916749611 0 0 0 0 0.00581607036 0.120020546 0 0.317649573 0.00650437735 0.56156379 0 0 0 0 0 0 0.630105674 0.278815776 0 0 0.257276803 0 0 0 0.00317862513 0 0 0 0 0 0.829456031 0 0.9628371 0 0.212810755 0 0 0 0 0 0 0 0 0 0 0.247607902 0 0.192030117 0 0 0 0 0 0 0.388883173 0.388480216 0 0 0 0 0 1 0 0 0 0.0370370373 0.387761921 0.217867076 0.238070309 0.741850793 1 1
G1053 0 0.00534707587 1.32184601 0 0.429962963 1.79027903 0 0.00916749611 0 0 0 0 0.00581607036 0.120020546 0 0.317649573 0.00650437735 0.56156379 0 0 0 0 0 0 0.630105674 0.278815776 0 0 0.257276803 0 0 0 0.00317862513 0 0 0 0 0 0.829456031 0 0.9628371 0 0.212810755 0 0 0 0 0 0 0 0 0 0 0.247607902 0 0.192030117 0 0 0 0 0 0 0.388883173 0.388480216 0 0 1 0 0 0 0 0 0 0.055555556 0.244650543 0.326800615 0.276391089 0.737460971 1 1
G1054 0 0.00534707587 1.32184601 0 0.429962963 1.79027903 0 0.00916749611 0 0 0 0 0.00581607036 0.120020546 0 0.317649573 0.00650437735 0.56156379 0 0 0 0 0 0 0.630105674 0.278815776 0 0 0.257276803 0 0 0 0.00317862513 0 0 0 0 0 0.829456031 0 0.9628371 0 0.212810755 0 0 0 0 0 0 0 0 0 0 0.247607902 0 0.192030117 0 0 0 0 0 0 0.388883173 0.388480216 0 0 0 0 0 1 0 0 0 0.055555556 0.244650543 0.252935857 0.276391089 0.741850793 1 1
G1218 0 0.00534707587 1.32184601 0 0.429962963 1.79027903 0 0.00916749611 0 0 0 0 0.00581607036 0.120020546 0 0.317649573 0.00650437735 0.56156379 0 0 0 0 0 0 0.630105674 0.278815776 0 0 0.257276803 0 0 0 0.00317862513 0 0 0 0 0 0.829456031 0 0.9628371 0 0.212810755 0 0 0 0 0 0 0 0 0 0 0.247607902 0 0.192030117 0 0 0 0 0 0 0.388883173 0.388480216 0 0 1 0 0 0 0 0 0 0.0740740746 0.244650543 0.326800615 0.238070309 0.738570511 1 1
G1349 0 0.00534707587 1.32184601 0 0.429962963 1.79027903 0 0.00916749611 0 0 0 0 0.00581607036 0.120020546 0 0.317649573 0.00650437735 0.56156379 0 0 0 0 0 0 0.630105674 0.278815776 0 0 0.257276803 0 0 0 0.00317862513 0 0 0 0 0 0.829456031 0 0.9628371 0 0.212810755 0 0 0 0 0 0 0 0 0 0 0.247607902 0 0.192030117 0 0 0 0 0 0 0.388883173 0.388480216 0 0 1 0 0 0 0 0 0 0.0925925896 0.244650543 0.345311165 0.377332509 0.732939124 1 1
G1478 0 0.00534707587 1.32184601 0 0.429962963 1.79027903 0 0.00916749611 0 0 0 0 0.00581607036 0.120020546 0 0.317649573 0.00650437735 0.56156379 0 0 0 0 0 0 0.630105674 0.278815776 0 0 0.257276803 0 0 0 0.00317862513 0 0 0 0 0 0.829456031 0 0.9628371 0 0.212810755 0 0 0 0 0 0 0 0 0 0 0.247607902 0 0.192030117 0 0 0 0 0 0 0.388883173 0.388480216 0 0 0 0 0 1 0 0 0 0.111111112 0.244650543 0.361869395 0.395426244 0.731787086 1 1
G1528 0 0.00534707587 1.32184601 0 0.429962963 1.79027903 0 0.00916749611 0 0 0 0 0.00581607036 0.120020546 0 0.317649573 0.00650437735 0.56156379 0 0 0 0 0 0 0.630105674 0.278815776 0 0 0.257276803 0 0 0 0.00317862513 0 0 0 0 0 0.829456031 0 0.9628371 0 0.212810755 0 0 0 0 0 0 0 0 0 0 0.247607902 0 0.192030117 0 0 0 0 0 0 0.388883173 0.388480216 0 1 0 0 0 0 0 0 0 0.129629627 0.244650543 0.252935857 0.453209102 0.727088571 1 1
G931 0 0.00534707587 1.32184601 0 0.429962963 1.79027903 0 0.00916749611 0 0 0 0 0.00581607036 0.120020546 0 0.317649573 0.00650437735 0.56156379 0 0 0 0 0 0 0.630105674 0.278815776 0 0 0.257276803 0 0 0 0.00317862513 0 0 0 0 0 0.829456031 0 0.9628371 0 0.212810755 0 0 0 0 0 0 0 0 0 0 0.247607902 0 0.192030117 0 0 0 0 0 0 0.388883173 0.388480216 0 0 1 0 0 0 0 0 0 0.055555556 0.244650543 0.305815101 0.238070309 0.709381044 1 1
G932 0 0.00534707587 1.32184601 0 0.429962963 1.79027903 0 0.00916749611 0 0 0 0 0.00581607036 0.120020546 0 0.317649573 0.00650437735 0.56156379 0 0 0 0 0 0 0.630105674 0.278815776 0 0 0.257276803 0 0 0 0.00317862513 0 0 0 0 0 0.829456031 0 0.9628371 0 0.212810755 0 0 0 0 0 0 0 0 0 0 0.247607902 0 0.192030117 0 0 0 0 0 0 0.388883173 0.388480216 0 0 1 0 0 0 0 0 0 0.055555556 0.244650543 0.305815101 0.238070309 0.709381044 1 1
G1005 0 0.00534707587 1.32184601 0 0.429962963 1.79027903 0 0.00916749611 0 0 0 0 0.00581607036 0.120020546 0 0.317649573 0.00650437735 0.56156379 0 0 0 0 0 0 0.630105674 0.278815776 0 0 0.257276803 0 0 0 0.00317862513 0 0 0 0 0 0.829456031 0 0.9628371 0 0.212810755 0 0 0 0 0 0 0 0 0 0 0.247607902 0 0.192030117 0 0 0 0 0 0 0.388883173 0.388480216 0 0 1 0 0 0 0 0 0 0.0740740746 0.387761921 0.326800615 0.357105464 0.70391351 1 1
G1442 0 0.00534707587 1.32184601 0 0.429962963 1.79027903 0 0.00916749611 0 0 0 0 0.00581607036 0.120020546 0 0.317649573 0.00650437735 0.56156379 0 0 0 0 0 0 0.630105674 0.278815776 0 0 0.257276803 0 0 0 0.00317862513 0 0 0 0 0 0.829456031 0 0.9628371 0 0.212810755 0 0 0 0 0 0 0 0 0 0 0.247607902 0 0.192030117 0 0 0 0 0 0 0.388883173 0.388480216 0 0 0 0 0 1 0 0 0 0.0925925896 0.387761921 0.345311165 0.377332509 0.78319627 1 1
G1448 0 0.00534707587 1.32184601 0 0.429962963 1.79027903 0 0.00916749611 0 0 0 0 0.00581607036 0.120020546 0 0.317649573 0.00650437735 0.56156379 0 0 0 0 0 0 0.630105674 0.278815776 0 0 0.257276803 0 0 0 0.00317862513 0 0 0 0 0 0.829456031 0 0.9628371 0 0.212810755 0 0 0 0 0 0 0 0 0 0 0.247607902 0 0.192030117 0 0 0 0 0 0 0.388883173 0.388480216 0 0 0 0 0 1 0 0 0 0.0925925896 0.387761921 0.345311165 0.377332509 0.702514946 1 1
G1510 0 0.00534707587 1.32184601 0 0.429962963 1.79027903 0 0.00916749611 0 0 0 0 0.00581607036 0.120020546 0 0.317649573 0.00650437735 0.56156379 0 0 0 0 0 0 0.630105674 0.278815776 0 0 0.257276803 0 0 0 0.00317862513 0 0 0 0 0 0.829456031 0 0.9628371 0 0.212810755 0 0 0 0 0 0 0 0 0 0 0.247607902 0 0.192030117 0 0 0 0 0 0 0.388883173 0.388480216 0 0 0 0 0 1 0 0 0 0.111111112 0.244650543 0.361869395 0.395426244 0.782372475 1 1
G1512 0 0.00534707587 1.32184601 0 0.429962963 1.79027903 0 0.00916749611 0 0 0 0 0.00581607036 0.120020546 0 0.317649573 0.00650437735 0.56156379 0 0 0 0 0 0 0.630105674 0.278815776 0 0 0.257276803 0 0 0 0.00317862513 0 0 0 0 0 0.829456031 0 0.9628371 0 0.212810755 0 0 0 0 0 0 0 0 0 0 0.247607902 0 0.192030117 0 0 0 0 0 0 0.388883173 0.388480216 0 0 0 0 0 1 0 0 0 0.111111112 0.244650543 0.361869395 0.395426244 0.70110333 1 1
G933 0 0.00534707587 1.32184601 0 0.429962963 1.79027903 0 0.00916749611 0 0 0 0 0.00581607036 0.120020546 0 0.317649573 0.00650437735 0.56156379 0 0 0 0 0 0 0.630105674 0.278815776 0 0 0.257276803 0 0 0 0.00317862513 0 0 0 0 0 0.829456031 0 0.9628371 0 0.212810755 0 0 0 0 0 0 0 0 0 0 0.247607902 0 0.192030117 0 0 0 0 0 0 0.388883173 0.388480216 0 0 1 0 0 0 0 0 0 0.055555556 0.244650543 0.305815101 0.238070309 0.709381044 1 1
G934 0 0.00534707587 1.32184601 0 0.429962963 1.79027903 0 0.00916749611 0 0 0 0 0.00581607036 0.120020546 0 0.317649573 0.00650437735 0.56156379 0 0 0 0 0 0 0.630105674 0.278815776 0 0 0.257276803 0 0 0 0.00317862513 0 0 0 0 0 0.829456031 0 0.9628371 0 0.212810755 0 0 0 0 0 0 0 0 0 0 0.247607902 0 0.192030117 0 0 0 0 0 0 0.388883173 0.388480216 0 0 1 0 0 0 0 0 0 0.055555556 0.244650543 0.305815101 0.238070309 0.709381044 1 1
G1008 0 0.00534707587 1.32184601 0 0.429962963 1.79027903 0 0.00916749611 0 0 0 0 0.00581607036 0.120020546 0 0.317649573 0.00650437735 0.56156379 0 0 0 0 0 0 0.630105674 0.278815776 0 0 0.257276803 0 0 0 0.00317862513 0 0 0 0 0 0.829456031 0 0.9628371 0 0.212810755 0 0 0 0 0 0 0 0 0 0 0.247607902 0 0.192030117 0 0 0 0 0 0 0.388883173 0.388480216 0 0 1 0 0 0 0 0 0 0.0740740746 0.387761921 0.326800615 0.357105464 0.70391351 1 1
G1445 0 0.00534707587 1.32184601 0 0.429962963 1.79027903 0 0.00916749611 0 0 0 0 0.00581607036 0.120020546 0 0.317649573 0.00650437735 0.56156379 0 0 0 0 0 0 0.630105674 0.278815776 0 0 0.257276803 0 0 0 0.00317862513 0 0 0 0 0 0.829456031 0 0.9628371 0 0.212810755 0 0 0 0 0 0 0 0 0 0 0.247607902 0 0.192030117 0 0 0 0 0 0 0.388883173 0.388480216 0 0 0 0 0 1 0 0 0 0.0925925896 0.387761921 0.345311165 0.377332509 0.78319627 1 1
G1451 0 0.00534707587 1.32184601 0 0.429962963 1.79027903 0 0.00916749611 0 0 0 0 0.00581607036 0.120020546 0 0.317649573 0.00650437735 0.56156379 0 0 0 0 0 0 0.630105674 0.278815776 0 0 0.257276803 0 0 0 0.00317862513 0 0 0 0 0 0.829456031 0 0.9628371 0 0.212810755 0 0 0 0 0 0 0 0 0 0 0.247607902 0 0.192030117 0 0 0 0 0 0 0.388883173 0.388480216 0 0 0 0 0 1 0 0 0 0.0925925896 0.387761921 0.345311165 0.377332509 0.702514946 1 1
G1511 0 0.00534707587 1.32184601 0 0.429962963 1.79027903 0 0.00916749611 0 0 0 0 0.00581607036 0.120020546 0 0.317649573 0.00650437735 0.56156379 0 0 0 0 0 0 0.630105674 0.278815776 0 0 0.257276803 0 0 0 0.00317862513 0 0 0 0 0 0.829456031 0 0.9628371 0 0.212810755 0 0 0 0 0 0 0 0 0 0 0.247607902 0 0.192030117 0 0 0 0 0 0 0.388883173 0.388480216 0 0 0 0 0 1 0 0 0 0.111111112 0.244650543 0.361869395 0.395426244 0.782372475 1 1
G1513 0 0.00534707587 1.32184601 0 0.429962963 1.79027903 0 0.00916749611 0 0 0 0 0.00581607036 0.120020546 0 0.317649573 0.00650437735 0.56156379 0 0 0 0 0 0 0.630105674 0.278815776 0 0 0.257276803 0 0 0 0.00317862513 0 0 0 0 0 0.829456031 0 0.9628371 0 0.212810755 0 0 0 0 0 0 0 0 0 0 0.247607902 0 0.192030117 0 0 0 0 0 0 0.388883173 0.388480216 0 0 0 0 0 1 0 0 0 0.111111112 0.244650543 0.361869395 0.395426244 0.70110333 1 1
G1788 0 0.00534707587 1.32184601 0 0.429962963 1.79027903 0 0.00916749611 0 0 0 0 0.00581607036 0.120020546 0 0.317649573 0.00650437735 0.56156379 0 0 0 0 0 0 0.630105674 0.278815776 0 0 0.257276803 0 0 0 0.00317862513 0 0 0 0 0 0.829456031 0 0.9628371 0 0.212810755 0 0 0 0 0 0 0 0 0 0 0.247607902 0 0.192030117 0 0 0 0 0 0 0.388883173 0.388480216 0 0 1 0 0 0 0 0 0 0.129629627 0.244650543 0.462741792 0.395426244 0.774747968 1 1
G1789 0 0.00534707587 1.32184601 0 0.429962963 1.79027903 0 0.00916749611 0 0 0 0 0.00581607036 0.120020546 0 0.317649573 0.00650437735 0.56156379 0 0 0 0 0 0 0.630105674 0.278815776 0 0 0.257276803 0 0 0 0.00317862513 0 0 0 0 0 0.829456031 0 0.9628371 0 0.212810755 0 0 0 0 0 0 0 0 0 0 0.247607902 0 0.192030117 0 0 0 0 0 0 0.388883173 0.388480216 0 0 1 0 0 0 0 0 0 0.129629627 0.244650543 0.462741792 0.395426244 0.774747968 1 1
G1790 0 0.00534707587 1.32184601 0 0.429962963 1.79027903 0 0.00916749611 0 0 0 0 0.00581607036 0.120020546 0 0.317649573 0.00650437735 0.56156379 0 0 0 0 0 0 0.630105674 0.278815776 0 0 0.257276803 0 0 0 0.00317862513 0 0 0 0 0 0.829456031 0 0.9628371 0 0.212810755 0 0 0 0 0 0 0 0 0 0 0.247607902 0 0.192030117 0 0 0 0 0 0 0.388883173 0.388480216 0 0 1 0 0 0 0 0 0 0.129629627 0.244650543 0.462741792 0.395426244 0.68776387 1 1
G1791 0 0.00534707587 1.32184601 0 0.429962963 1.79027903 0 0.00916749611 0 0 0 0 0.00581607036 0.120020546 0 0.317649573 0.00650437735 0.56156379 0 0 0 0 0 0 0.630105674 0.278815776 0 0 0.257276803 0 0 0 0.00317862513 0 0 0 0 0 0.829456031 0 0.9628371 0 0.212810755 0 0 0 0 0 0 0 0 0 0 0.247607902 0 0.192030117 0 0 0 0 0 0 0.388883173 0.388480216 0 0 1 0 0 0 0 0 0 0.129629627 0.244650543 0.462741792 0.395426244 0.68776387 1 1
G1812 0 0.00534707587 1.32184601 0 0.429962963 1.79027903 0 0.00916749611 0 0 0 0 0.00581607036 0.120020546 0 0.317649573 0.00650437735 0.56156379 0 0 0 0 0 0 0.630105674 0.278815776 0 0 0.257276803 0 0 0 0.00317862513 0 0 0 0 0 0.829456031 0 0.9628371 0 0.212810755 0 0 0 0 0 0 0 0 0 0 0.247607902 0 0.192030117 0 0 0 0 0 0 0.388883173 0.388480216 0 0 1 0 0 0 0 0 0 0.148148149 0.244650543 0.470802933 0.514461398 0.765796483 1 1
G1813 0 0.00534707587 1.32184601 0 0.429962963 1.79027903 0 0.00916749611 0 0 0 0 0.00581607036 0.120020546 0 0.317649573 0.00650437735 0.56156379 0 0 0 0 0 0 0.630105674 0.278815776 0 0 0.257276803 0 0 0 0.00317862513 0 0 0 0 0 0.829456031 0 0.9628371 0 0.212810755 0 0 0 0 0 0 0 0 0 0 0.247607902 0 0.192030117 0 0 0 0 0 0 0.388883173 0.388480216 0 0 1 0 0 0 0 0 0 0.148148149 0.387761921 0.470802933 0.514461398 0.671406448 1 1
G2038 0 0.00534707587 1.32184601 0 0.429962963 1.79027903 0 0.00916749611 0 0 0 0 0.00581607036 0.120020546 0 0.317649573 0.00650437735 0.56156379 0 0 0 0 0 0 0.630105674 0.278815776 0 0 0.257276803 0 0 0 0.00317862513 0 0 0 0 0 0.829456031 0 0.9628371 0 0.212810755 0 0 0 0 0 0 0 0 0 0 0.247607902 0 0.192030117 0 0 0 0 0 0 0.388883173 0.388480216 0 0 0 0 0 1 0 0 0 0.166666672 0.244650543 0.478470683 0.522840202 0.764871299 1 1
G2172 0 0.00534707587 1.32184601 0 0.429962963 1.79027903 0 0.00916749611 0 0 0 0 0.00581607036 0.120020546 0 0.317649573 0.00650437735 0.56156379 0 0 0 0 0 0 0.630105674 0.278815776 0 0 0.257276803 0 0 0 0.00317862513 0 0 0 0 0 0.829456031 0 0.9628371 0 0.212810755 0 0 0 0 0 0 0 0 0 0 0.247607902 0 0.192030117 0 0 0 0 0 0 0.388883173 0.388480216 0 1 0 0 0 0 0 0 0 0.185185179 0.244650543 0.281589121 0.559517562 0.760158062 1 1
G2257 0 0.00534707587 1.32184601 0 0.429962963 1.79027903 0 0.00916749611 0 0 0 0 0.00581607036 0.120020546 0 0.317649573 0.00650437735 0.56156379 0 0 0 0 0 0 0.630105674 0.278815776 0 0 0.257276803 0 0 0 0.00317862513 0 0 0 0 0 0.829456031 0 0.9628371 0 0.212810755 0 0 0 0 0 0 0 0 0 0 0.247607902 0 0.192030117 0 0 0 0 0 0 0.388883173 0.388480216 0 0 0 0 0 1 0 0 0 0.166666672 0.387761921 0.478470683 0.522840202 0.669668376 1 1
G2263 0 0.00534707587 1.32184601 0 0.429962963 1.79027903 0 0.00916749611 0 0 0 0 0.00581607036 0.120020546 0 0.317649573 0.00650437735 0.56156379 0 0 0 0 0 0 0.630105674 0.278815776 0 0 0.257276803 0 0 0 0.00317862513 0 0 0 0 0 0.829456031 0 0.9628371 0 0.212810755 0 0 0 0 0 0 0 0 0 0 0.247607902 0 0.192030117 0 0 0 0 0 0 0.388883173 0.388480216 0 0 0 0 0 1 0 0 0 0.166666672 0.387761921 0.478470683 0.522840202 0.669668376 1 1
G2337 0 0.00534707587 1.32184601 0 0.429962963 1.79027903 0 0.00916749611 0 0 0 0 0.00581607036 0.120020546 0 0.317649573 0.00650437735 0.56156379 0 0 0 0 0 0 0.630105674 0.278815776 0 0 0.257276803 0 0 0 0.00317862513 0 0 0 0 0 0.829456031 0 0.9628371 0 0.212810755 0 0 0 0 0 0 0 0 0 0 0.247607902 0 0.192030117 0 0 0 0 0 0 0.388883173 0.388480216 0 0 0 0 0 1 0 0 0 0.185185179 0.244650543 0.48578167 0.530829132 0.669668376 1 1
G2341 0 0.00534707587 1.32184601 0 0.429962963 1.79027903 0 0.00916749611 0 0 0 0 0.00581607036 0.120020546 0 0.317649573 0.00650437735 0.56156379 0 0 0 0 0 0 0.630105674 0.278815776 0 0 0.257276803 0 0 0 0.00317862513 0 0 0 0 0 0.829456031 0 0.9628371 0 0.212810755 0 0 0 0 0 0 0 0 0 0 0.247607902 0 0.192030117 0 0 0 0 0 0 0.388883173 0.388480216 0 0 0 0 0 1 0 0 0 0.185185179 0.244650543 0.48578167 0.530829132 0.669668376 1 1
G2416 0 0.00534707587 1.32184601 0 0.429962963 1.79027903 0 0.00916749611 0 0 0 0 0.00581607036 0.120020546 0 0.317649573 0.00650437735 0.56156379 0 0 0 0 0 0 0.630105674 0.278815776 0 0 0.257276803 0 0 0 0.00317862513 0 0 0 0 0 0.829456031 0 0.9628371 0 0.212810755 0 0 0 0 0 0 0 0 0 0 0.247607902 0 0.192030117 0 0 0 0 0 0 0.388883173 0.388480216 0 0 1 0 0 0 0 0 0 0.203703701 0.244650543 0.587404251 0.522840202 0.629874408 1 1
G2417 0 0.00534707587 1.32184601 0 0.429962963 1.79027903 0 0.00916749611 0 0 0 0 0.00581607036 0.120020546 0 0.317649573 0.00650437735 0.56156379 0 0 0 0 0 0 0.630105674 0.278815776 0 0 0.257276803 0 0 0 0.00317862513 0 0 0 0 0 0.829456031 0 0.9628371 0 0.212810755 0 0 0 0 0 0 0 0 0 0 0.247607902 0 0.192030117 0 0 0 0 0 0 0.388883173 0.388480216 0 0 1 0 0 0 0 0 0 0.203703701 0.244650543 0.587404251 0.530829132 0.627579093 1 1
G2418 0 0.00534707587 1.32184601 0 0.429962963 1.79027903 0 0.00916749611 0 0 0 0 0.00581607036 0.120020546 0 0.317649573 0.00650437735 0.56156379 0 0 0 0 0 0 0.630105674 0.278815776 0 0 0.257276803 0 0 0 0.00317862513 0 0 0 0 0 0.829456031 0 0.9628371 0 0.212810755 0 0 0 0 0 0 0 0 0 0 0.247607902 0 0.192030117 0 0 0 0 0 0 0.388883173 0.388480216 0 0 1 0 0 0 0 0 0 0.203703701 0.244650543 0.587404251 0.522840202 0.629874408 1 1
G2419 0 0.00534707587 1.32184601 0 0.429962963 1.79027903 0 0.00916749611 0 0 0 0 0.00581607036 0.120020546 0 0.317649573 0.00650437735 0.56156379 0 0 0 0 0 0 0.630105674 0.278815776 0 0 0.257276803 0 0 0 0.00317862513 0 0 0 0 0 0.829456031 0 0.9628371 0 0.212810755 0 0 0 0 0 0 0 0 0 0 0.247607902 0 0.192030117 0 0 0 0 0 0 0.388883173 0.388480216 0 0 1 0 0 0 0 0 0 0.203703701 0.244650543 0.587404251 0.530829132 0.627579093 1 1
G2460 0 0.00534707587 1.32184601 0 0.429962963 1.79027903 0 0.00916749611 0 0 0 0 0.00581607036 0.120020546 0 0.317649573 0.00650437735 0.56156379 0 0 0 0 0 0 0.630105674 0.278815776 0 0 0.257276803 0 0 0 0.00317862513 0 0 0 0 0 0.829456031 0 0.9628371 0 0.212810755 0 0 0 0 0 0 0 0 0 0 0.247607902 0 0.192030117 0 0 0 0 0 0 0.388883173 0.388480216 0 0 1 0 0 0 0 0 0 0.222222224 0.244650543 0.591102242 0.645916283 0.568916619 1 1
G2461 0 0.00534707587 1.32184601 0 0.429962963 1.79027903 0 0.00916749611 0 0 0 0 0.00581607036 0.120020546 0 0.317649573 0.00650437735 0.56156379 0 0 0 0 0 0 0.630105674 0.278815776 0 0 0.257276803 0 0 0 0.00317862513 0 0 0 0 0 0.829456031 0 0.9628371 0 0.212810755 0 0 0 0 0 0 0 0 0 0 0.247607902 0 0.192030117 0 0 0 0 0 0 0.388883173 0.388480216 0 0 1 0 0 0 0 0 0 0.222222224 0.244650543 0.591102242 0.645916283 0.568916619 1 1
G3522 0 0.00534707587 1.32184601 0 0.429962963 1.79027903 0 0.00916749611 0 0 0 0 0.00581607036 0.120020546 0 0.317649573 0.00650437735 0.56156379 0 0 0 0 0 0 0.630105674 0.278815776 0 0 0.257276803 0 0 0 0.00317862513 0 0 0 0 0 0.829456031 0 0.9628371 0 0.212810755 0 0 0 0 0 0 0 0 0 0 0.247607902 0 0.192030117 0 0 0 0 0 0 0.388883173 0.388480216 0 0 1 0 0 0 0 0 0 0.240740746 0 0.700035751 0.649864316 0 1 1
G935 0 0.00534707587 1.32184601 0 0.429962963 1.79027903 0 0.00916749611 0 0 0 0 0.00581607036 0.120020546 0 0.317649573 0.00650437735 0.56156379 0 0 0 0 0 0 0.630105674 0.278815776 0 0 0.257276803 0 0 0 0.00317862513 0 0 0 0 0 0.829456031 0 0.9628371 0 0.212810755 0 0 0 0 0 0 0 0 0 0 0.247607902 0 0.192030117 0 0 0 0 0 0 0.388883173 0.388480216 0 1 0 0 0 0 0 0 0 0.055555556 0.489301085 0.217867076 0.334173948 0.53451246 1 1
G1216 0 0.00534707587 1.32184601 0 0.429962963 1.79027903 0 0.00916749611 0 0 0 0 0.00581607036 0.120020546 0 0.317649573 0.00650437735 0.56156379 0 0 0 0 0 0 0.630105674 0.278815776 0 0 0.257276803 0 0 0 0.00317862513 0 0 0 0 0 0.829456031 0 0.9628371 0 0.212810755 0 0 0 0 0 0 0 0 0 0 0.247607902 0 0.192030117 0 0 0 0 0 0 0.388883173 0.388480216 0 1 0 0 0 0 0 0 0 0.0740740746 0.244650543 0.252935857 0.411793977 0.752295315 1 1
G2313 0 0.00534707587 1.32184601 0 0.429962963 1.79027903 0 0.00916749611 0 0 0 0 0.00581607036 0.120020546 0 0.317649573 0.00650437735 0.56156379 0 0 0 0 0 0 0.630105674 0.278815776 0 0 0.257276803 0 0 0 0.00317862513 0 0 0 0 0 0.829456031 0 0.9628371 0 0.212810755 0 0 0 0 0 0 0 0 0 0 0.247607902 0 0.192030117 0 0 0 0 0 0 0.388883173 0.388480216 0 0 0 0 1 0 0 0 0 0.185185179 0.244650543 0.390522659 0.411793977 0.746116042 1 1
G956 0 0.00534707587 1.32184601 0 0.429962963 1.79027903 0 0.00916749611 0 0 0 0 0.00581607036 0.120020546 0 0.317649573 0.00650437735 0.56156379 0 0 0 0 0 0 0.630105674 0.278815776 0 0 0.257276803 0 0 0 0.00317862513 0 0 0 0 0 0.829456031 0 0.9628371 0 0.212810755 0 0 0 0 0 0 0 0 0 0 0.247607902 0 0.192030117 0 0 0 0 0 0 0.388883173 0.388480216 0 0 0 0 0 1 0 0 0 0.055555556 0.244650543 0.217867076 0.307701409 0.690832198 1 1
G1058 0 0.00534707587 1.32184601 0 0.429962963 1.79027903 0 0.00916749611 0 0 0 0 0.00581607036 0.120020546 0 0.317649573 0.00650437735 0.56156379 0 0 0 0 0 0 0.630105674 0.278815776 0 0 0.257276803 0 0 0 0.00317862513 0 0 0 0 0 0.829456031 0 0.9628371 0 0.212810755 0 0 0 0 0 0 0 0 0 0 0.247607902 0 0.192030117 0 0 0 0 0 0 0.388883173 0.388480216 0 1 0 0 0 0 0 0 0 0.0740740746 0.244650543 0.217867076 0.377332509 0.686205924 1 1
G957 0 0.00534707587 1.32184601 0 0.429962963 1.79027903 0 0.00916749611 0 0 0 0 0.00581607036 0.120020546 0 0.317649573 0.00650437735 0.56156379 0 0 0 0 0 0 0.630105674 0.278815776 0 0 0.257276803 0 0 0 0.00317862513 0 0 0 0 0 0.829456031 0 0.9628371 0 0.212810755 0 0 0 0 0 0 0 0 0 0 0.247607902 0 0.192030117 0 0 0 0 0 0 0.388883173 0.388480216 0 1 0 0 0 0 0 0 0 0.055555556 0.244650543 0.217867076 0.307701409 0.690832198 1 1
G1059 0 0.00534707587 1.32184601 0 0.429962963 1.79027903 0 0.00916749611 0 0 0 0 0.00581607036 0.120020546 0 0.317649573 0.00650437735 0.56156379 0 0 0 0 0 0 0.630105674 0.278815776 0 0 0.257276803 0 0 0 0.00317862513 0 0 0 0 0 0.829456031 0 0.9628371 0 0.212810755 0 0 0 0 0 0 0 0 0 0 0.247607902 0 0.192030117 0 0 0 0 0 0 0.388883173 0.388480216 0 1 0 0 0 0 0 0 0 0.0740740746 0.244650543 0.172655582 0.357105464 0.68776387 1 1
G959 0 0.00534707587 1.32184601 0 0.429962963 1.79027903 0 0.00916749611 0 0 0 0 0.00581607036 0.120020546 0 0.317649573 0.00650437735 0.56156379 0 0 0 0 0 0 0.630105674 0.278815776 0 0 0.257276803 0 0 0 0.00317862513 0 0 0 0 0 0.829456031 0 0.9628371 0 0.212810755 0 0 0 0 0 0 0 0 0 0 0.247607902 0 0.192030117 0 0 0 0 0 0 0.388883173 0.388480216 0 0 0 0 0 1 0 0 0 0.055555556 0.244650543 0.217867076 0.307701409 0.717226624 1 1
G1060 0 0.00534707587 1.32184601 0 0.429962963 1.79027903 0 0.00916749611 0 0 0 0 0.00581607036 0.120020546 0 0.317649573 0.00650437735 0.56156379 0 0 0 0 0 0 0.630105674 0.278815776 0 0 0.257276803 0 0 0 0.00317862513 0 0 0 0 0 0.829456031 0 0.9628371 0 0.212810755 0 0 0 0 0 0 0 0 0 0 0.247607902 0 0.192030117 0 0 0 0 0 0 0.388883173 0.388480216 0 1 0 0 0 0 0 0 0 0.0740740746 0.244650543 0.217867076 0.377332509 0.713355005 1 1
G960 0 0.00534707587 1.32184601 0 0.429962963 1.79027903 0 0.00916749611 0 0 0 0 0.00581607036 0.120020546 0 0.317649573 0.00650437735 0.56156379 0 0 0 0 0 0 0.630105674 0.278815776 0 0 0.257276803 0 0 0 0.00317862513 0 0 0 0 0 0.829456031 0 0.9628371 0 0.212810755 0 0 0 0 0 0 0 0 0 0 0.247607902 0 0.192030117 0 0 0 0 0 0 0.388883173 0.388480216 0 1 0 0 0 0 0 0 0 0.055555556 0.244650543 0.217867076 0.307701409 0.717226624 1 1
G1061 0 0.00534707587 1.32184601 0 0.429962963 1.79027903 0 0.00916749611 0 0 0 0 0.00581607036 0.120020546 0 0.317649573 0.00650437735 0.56156379 0 0 0 0 0 0 0.630105674 0.278815776 0 0 0.257276803 0 0 0 0.00317862513 0 0 0 0 0 0.829456031 0 0.9628371 0 0.212810755 0 0 0 0 0 0 0 0 0 0 0.247607902 0 0.192030117 0 0 0 0 0 0 0.388883173 0.388480216 0 1 0 0 0 0 0 0 0 0.0740740746 0.244650543 0.172655582 0.357105464 0.714656651 1 1
G961 0 0.00534707587 1.32184601 0 0.429962963 1.79027903 0 0.00916749611 0 0 0 0 0.00581607036 0.120020546 0 0.317649573 0.00650437735 0.56156379 0 0 0 0 0 0 0.630105674 0.278815776 0 0 0.257276803 0 0 0 0.00317862513 0 0 0 0 0 0.829456031 0 0.9628371 0 0.212810755 0 0 0 0 0 0 0 0 0 0 0.247607902 0 0.192030117 0 0 0 0 0 0 0.388883173 0.388480216 0 0 0 0 0 1 0 0 0 0.055555556 0.244650543 0.217867076 0.307701409 0.737460971 1 1
G1062 0 0.00534707587 1.32184601 0 0.429962963 1.79027903 0 0.00916749611 0 0 0 0 0.00581607036 0.120020546 0 0.317649573 0.00650437735 0.56156379 0 0 0 0 0 0 0.630105674 0.278815776 0 0 0.257276803 0 0 0 0.00317862513 0 0 0 0 0 0.829456031 0 0.9628371 0 0.212810755 0 0 0 0 0 0 0 0 0 0 0.247607902 0 0.192030117 0 0 0 0 0 0 0.388883173 0.388480216 0 1 0 0 0 0 0 0 0 0.0740740746 0.244650543 0.172655582 0.357105464 0.735217035 1 1
G962 0 0.00534707587 1.32184601 0 0.429962963 1.79027903 0 0.00916749611 0 0 0 0 0.00581607036 0.120020546 0 0.317649573 0.00650437735 0.56156379 0 0 0 0 0 0 0.630105674 0.278815776 0 0 0.257276803 0 0 0 0.00317862513 0 0 0 0 0 0.829456031 0 0.9628371 0 0.212810755 0 0 0 0 0 0 0 0 0 0 0.247607902 0 0.192030117 0 0 0 0 0 0 0.388883173 0.388480216 0 1 0 0 0 0 0 0 0 0.055555556 0.244650543 0.217867076 0.307701409 0.737460971 1 1
G1063 0 0.00534707587 1.32184601 0 0.429962963 1.79027903 0 0.00916749611 0 0 0 0 0.00581607036 0.120020546 0 0.317649573 0.00650437735 0.56156379 0 0 0 0 0 0 0.630105674 0.278815776 0 0 0.257276803 0 0 0 0.00317862513 0 0 0 0 0 0.829456031 0 0.9628371 0 0.212810755 0 0 0 0 0 0 0 0 0 0 0.247607902 0 0.192030117 0 0 0 0 0 0 0.388883173 0.388480216 0 1 0 0 0 0 0 0 0 0.0740740746 0.244650543 0.172655582 0.357105464 0.735217035 1 1
G963 0 0.00534707587 1.32184601 0 0.429962963 1.79027903 0 0.00916749611 0 0 0 0 0.00581607036 0.120020546 0 0.317649573 0.00650437735 0.56156379 0 0 0 0 0 0 0.630105674 0.278815776 0 0 0.257276803 0 0 0 0.00317862513 0 0 0 0 0 0.829456031 0 0.9628371 0 0.212810755 0 0 0 0 0 0 0 0 0 0 0.247607902 0 0.192030117 0 0 0 0 0 0 0.388883173 0.388480216 0 1 0 0 0 0 0 0 0 0.055555556 0.244650543 0.217867076 0.334173948 0.734082401 1 1
G964 0 0.00534707587 1.32184601 0 0.429962963 1.79027903 0 0.00916749611 0 0 0 0 0.00581607036 0.120020546 0 0.317649573 0.00650437735 0.56156379 0 0 0 0 0 0 0.630105674 0.278815776 0 0 0.257276803 0 0 0 0.00317862513 0 0 0 0 0 0.829456031 0 0.9628371 0 0.212810755 0 0 0 0 0 0 0 0 0 0 0.247607902 0 0.192030117 0 0 0 0 0 0 0.388883173 0.388480216 0 0 0 0 0 1 0 0 0 0.055555556 0.244650543 0.217867076 0.307701409 0.759197414 1 1
G1064 0 0.00534707587 1.32184601 0 0.429962963 1.79027903 0 0.00916749611 0 0 0 0 0.00581607036 0.120020546 0 0.317649573 0.00650437735 0.56156379 0 0 0 0 0 0 0.630105674 0.278815776 0 0 0.257276803 0 0 0 0.00317862513 0 0 0 0 0 0.829456031 0 0.9628371 0 0.212810755 0 0 0 0 0 0 0 0 0 0 0.247607902 0 0.192030117 0 0 0 0 0 0 0.388883173 0.388480216 0 1 0 0 0 0 0 0 0 0.0740740746 0.244650543 0.217867076 0.377332509 0.756278038 1 1
G965 0 0.00534707587 1.32184601 0 0.429962963 1.79027903 0 0.00916749611 0 0 0 0 0.00581607036 0.120020546 0 0.317649573 0.00650437735 0.56156379 0 0 0 0 0 0 0.630105674 0.278815776 0 0 0.257276803 0 0 0 0.00317862513 0 0 0 0 0 0.829456031 0 0.9628371 0 0.212810755 0 0 0 0 0 0 0 0 0 0 0.247607902 0 0.192030117 0 0 0 0 0 0 0.388883173 0.388480216 0 1 0 0 0 0 0 0 0 0.055555556 0.244650543 0.217867076 0.307701409 0.759197414 1 1
G1065 0 0.00534707587 1.32184601 0 0.429962963 1.79027903 0 0.00916749611 0 0 0 0 0.00581607036 0.120020546 0 0.317649573 0.00650437735 0.56156379 0 0 0 0 0 0 0.630105674 0.278815776 0 0 0.257276803 0 0 0 0.00317862513 0 0 0 0 0 0.829456031 0 0.9628371 0 0.212810755 0 0 0 0 0 0 0 0 0 0 0.247607902 0 0.192030117 0 0 0 0 0 0 0.388883173 0.388480216 0 1 0 0 0 0 0 0 0 0.0740740746 0.244650543 0.217867076 0.377332509 0.756278038 1 1
G966 0 0.00534707587 1.32184601 0 0.429962963 1.79027903 0 0.00916749611 0 0 0 0 0.00581607036 0.120020546 0 0.317649573 0.00650437735 0.56156379 0 0 0 0 0 0 0.630105674 0.278815776 0 0 0.257276803 0 0 0 0.00317862513 0 0 0 0 0 0.829456031 0 0.9628371 0 0.212810755 0 0 0 0 0 0 0 0 0 0 0.247607902 0 0.192030117 0 0 0 0 0 0 0.388883173 0.388480216 0 1 0 0 0 0 0 0 0 0.055555556 0.244650543 0.172655582 0.307701409 0.757257462 1 1
G967 0 0.00534707587 1.32184601 0 0.429962963 1.79027903 0 0.00916749611 0 0 0 0 0.00581607036 0.120020546 0 0.317649573 0.00650437735 0.56156379 0 0 0 0 0 0 0.630105674 0.278815776 0 0 0.257276803 0 0 0 0.00317862513 0 0 0 0 0 0.829456031 0 0.9628371 0 0.212810755 0 0 0 0 0 0 0 0 0 0 0.247607902 0 0.192030117 0 0 0 0 0 0 0.388883173 0.388480216 0 0 0 0 0 1 0 0 0 0.055555556 0.244650543 0.217867076 0.307701409 0.71071738 1 1
G1066 0 0.00534707587 1.32184601 0 0.429962963 1.79027903 0 0.00916749611 0 0 0 0 0.00581607036 0.120020546 0 0.317649573 0.00650437735 0.56156379 0 0 0 0 0 0 0.630105674 0.278815776 0 0 0.257276803 0 0 0 0.00317862513 0 0 0 0 0 0.829456031 0 0.9628371 0 0.212810755 0 0 0 0 0 0 0 0 0 0 0.247607902 0 0.192030117 0 0 0 0 0 0 0.388883173 0.388480216 0 1 0 0 0 0 0 0 0 0.0740740746 0.244650543 0.217867076 0.377332509 0.706672132 1 1
G968 0 0.00534707587 1.32184601 0 0.429962963 1.79027903 0 0.00916749611 0 0 0 0 0.00581607036 0.120020546 0 0.317649573 0.00650437735 0.56156379 0 0 0 0 0 0 0.630105674 0.278815776 0 0 0.257276803 0 0 0 0.00317862513 0 0 0 0 0 0.829456031 0 0.9628371 0 0.212810755 0 0 0 0 0 0 0 0 0 0 0.247607902 0 0.192030117 0 0 0 0 0 0 0.388883173 0.388480216 0 1 0 0 0 0 0 0 0 0.055555556 0.244650543 0.217867076 0.307701409 0.71071738 1 1
G1067 0 0.00534707587 1.32184601 0 0.429962963 1.79027903 0 0.00916749611 0 0 0 0 0.00581607036 0.120020546 0 0.317649573 0.00650437735 0.56156379 0 0 0 0 0 0 0.630105674 0.278815776 0 0 0.257276803 0 0 0 0.00317862513 0 0 0 0 0 0.829456031 0 0.9628371 0 0.212810755 0 0 0 0 0 0 0 0 0 0 0.247607902 0 0.192030117 0 0 0 0 0 0 0.388883173 0.388480216 0 1 0 0 0 0 0 0 0 0.0740740746 0.244650543 0.217867076 0.377332509 0.706672132 1 1
G970 0 0.00534707587 1.32184601 0 0.429962963 1.79027903 0 0.00916749611 0 0 0 0 0.00581607036 0.120020546 0 0.317649573 0.00650437735 0.56156379 0 0 0 0 0 0 0.630105674 0.278815776 0 0 0.257276803 0 0 0 0.00317862513 0 0 0 0 0 0.829456031 0 0.9628371 0 0.212810755 0 0 0 0 0 0 0 0 0 0 0.247607902 0 0.192030117 0 0 0 0 0 0 0.388883173 0.388480216 0 0 0 0 0 1 0 0 0 0.055555556 0.244650543 0.217867076 0.307701409 0.731787086 1 1
G1068 0 0.00534707587 1.32184601 0 0.429962963 1.79027903 0 0.00916749611 0 0 0 0 0.00581607036 0.120020546 0 0.317649573 0.00650437735 0.56156379 0 0 0 0 0 0 0.630105674 0.278815776 0 0 0.257276803 0 0 0 0.00317862513 0 0 0 0 0 0.829456031 0 0.9628371 0 0.212810755 0 0 0 0 0 0 0 0 0 0 0.247607902 0 0.192030117 0 0 0 0 0 0 0.388883173 0.388480216 0 1 0 0 0 0 0 0 0 0.0740740746 0.244650543 0.172655582 0.357105464 0.729456186 1 1
G971 0 0.00534707587 1.32184601 0 0.429962963 1.79027903 0 0.00916749611 0 0 0 0 0.00581607036 0.120020546 0 0.317649573 0.00650437735 0.56156379 0 0 0 0 0 0 0.630105674 0.278815776 0 0 0.257276803 0 0 0 0.00317862513 0 0 0 0 0 0.829456031 0 0.9628371 0 0.212810755 0 0 0 0 0 0 0 0 0 0 0.247607902 0 0.192030117 0 0 0 0 0 0 0.388883173 0.388480216 0 1 0 0 0 0 0 0 0 0.055555556 0.244650543 0.217867076 0.307701409 0.731787086 1 1
G1069 0 0.00534707587 1.32184601 0 0.429962963 1.79027903 0 0.00916749611 0 0 0 0 0.00581607036 0.120020546 0 0.317649573 0.00650437735 0.56156379 0 0 0 0 0 0 0.630105674 0.278815776 0 0 0.257276803 0 0 0 0.00317862513 0 0 0 0 0 0.829456031 0 0.9628371 0 0.212810755 0 0 0 0 0 0 0 0 0 0 0.247607902 0 0.192030117 0 0 0 0 0 0 0.388883173 0.388480216 0 1 0 0 0 0 0 0 0 0.0740740746 0.244650543 0.172655582 0.357105464 0.729456186 1 1
G972 0 0.00534707587 1.32184601 0 0.429962963 1.79027903 0 0.00916749611 0 0 0 0 0.00581607036 0.120020546 0 0.317649573 0.00650437735 0.56156379 0 0 0 0 0 0 0.630105674 0.278815776 0 0 0.257276803 0 0 0 0.00317862513 0 0 0 0 0 0.829456031 0 0.9628371 0 0.212810755 0 0 0 0 0 0 0 0 0 0 0.247607902 0 0.192030117 0 0 0 0 0 0 0.388883173 0.388480216 0 0 0 0 0 1 0 0 0 0.055555556 0.244650543 0.217867076 0.307701409 0.706672132 1 1
G1070 0 0.00534707587 1.32184601 0 0.429962963 1.79027903 0 0.00916749611 0 0 0 0 0.00581607036 0.120020546 0 0.317649573 0.00650437735 0.56156379 0 0 0 0 0 0 0.630105674 0.278815776 0 0 0.257276803 0 0 0 0.00317862513 0 0 0 0 0 0.829456031 0 0.9628371 0 0.212810755 0 0 0 0 0 0 0 0 0 0 0.247607902 0 0.192030117 0 0 0 0 0 0 0.388883173 0.388480216 0 1 0 0 0 0 0 0 0 0.0740740746 0.244650543 0.172655582 0.357105464 0.70391351 1 1
G973 0 0.00534707587 1.32184601 0 0.429962963 1.79027903 0 0.00916749611 0 0 0 0 0.00581607036 0.120020546 0 0.317649573 0.00650437735 0.56156379 0 0 0 0 0 0 0.630105674 0.278815776 0 0 0.257276803 0 0 0 0.00317862513 0 0 0 0 0 0.829456031 0 0.9628371 0 0.212810755 0 0 0 0 0 0 0 0 0 0 0.247607902 0 0.192030117 0 0 0 0 0 0 0.388883173 0.388480216 0 1 0 0 0 0 0 0 0 0.055555556 0.244650543 0.217867076 0.307701409 0.706672132 1 1
G1071 0 0.00534707587 1.32184601 0 0.429962963 1.79027903 0 0.00916749611 0 0 0 0 0.00581607036 0.120020546 0 0.317649573 0.00650437735 0.56156379 0 0 0 0 0 0 0.630105674 0.278815776 0 0 0.257276803 0 0 0 0.00317862513 0 0 0 0 0 0.829456031 0 0.9628371 0 0.212810755 0 0 0 0 0 0 0 0 0 0 0.247607902 0 0.192030117 0 0 0 0 0 0 0.388883173 0.388480216 0 1 0 0 0 0 0 0 0 0.0740740746 0.244650543 0.217867076 0.377332509 0.702514946 1 1
G974 0 0.00534707587 1.32184601 0 0.429962963 1.79027903 0 0.00916749611 0 0 0 0 0.00581607036 0.120020546 0 0.317649573 0.00650437735 0.56156379 0 0 0 0 0 0 0.630105674 0.278815776 0 0 0.257276803 0 0 0 0.00317862513 0 0 0 0 0 0.829456031 0 0.9628371 0 0.212810755 0 0 0 0 0 0 0 0 0 0 0.247607902 0 0.192030117 0 0 0 0 0 0 0.388883173 0.388480216 0 1 0 0 0 0 0 0 0 0.055555556 0.244650543 0.217867076 0.334173948 0.702514946 1 1
G975 0 0.00534707587 1.32184601 0 0.429962963 1.79027903 0 0.00916749611 0 0 0 0 0.00581607036 0.120020546 0 0.317649573 0.00650437735 0.56156379 0 0 0 0 0 0 0.630105674 0.278815776 0 0 0.257276803 0 0 0 0.00317862513 0 0 0 0 0 0.829456031 0 0.9628371 0 0.212810755 0 0 0 0 0 0 0 0 0 0 0.247607902 0 0.192030117 0 0 0 0 0 0 0.388883173 0.388480216 0 0 0 0 0 1 0 0 0 0.055555556 0.244650543 0.217867076 0.307701409 0.734082401 1 1
G1072 0 0.00534707587 1.32184601 0 0.429962963 1.79027903 0 0.00916749611 0 0 0 0 0.00581607036 0.120020546 0 0.317649573 0.00650437735 0.56156379 0 0 0 0 0 0 0.630105674 0.278815776 0 0 0.257276803 0 0 0 0.00317862513 0 0 0 0 0 0.829456031 0 0.9628371 0 0.212810755 0 0 0 0 0 0 0 0 0 0 0.247607902 0 0.192030117 0 0 0 0 0 0 0.388883173 0.388480216 0 1 0 0 0 0 0 0 0 0.0740740746 0.244650543 0.172655582 0.357105464 0.731787086 1 1
G976 0 0.00534707587 1.32184601 0 0.429962963 1.79027903 0 0.00916749611 0 0 0 0 0.00581607036 0.120020546 0 0.317649573 0.00650437735 0.56156379 0 0 0 0 0 0 0.630105674 0.278815776 0 0 0.257276803 0 0 0 0.00317862513 0 0 0 0 0 0.829456031 0 0.9628371 0 0.212810755 0 0 0 0 0 0 0 0 0 0 0.247607902 0 0.192030117 0 0 0 0 0 0 0.388883173 0.388480216 0 1 0 0 0 0 0 0 0 0.055555556 0.244650543 0.217867076 0.307701409 0.734082401 1 1
G1073 0 0.00534707587 1.32184601 0 0.429962963 1.79027903 0 0.00916749611 0 0 0 0 0.00581607036 0.120020546 0 0.317649573 0.00650437735 0.56156379 0 0 0 0 0 0 0.630105674 0.278815776 0 0 0.257276803 0 0 0 0.00317862513 0 0 0 0 0 0.829456031 0 0.9628371 0 0.212810755 0 0 0 0 0 0 0 0 0 0 0.247607902 0 0.192030117 0 0 0 0 0 0 0.388883173 0.388480216 0 1 0 0 0 0 0 0 0 0.0740740746 0.244650543 0.217867076 0.377332509 0.730626166 1 1
G977 0 0.00534707587 1.32184601 0 0.429962963 1.79027903 0 0.00916749611 0 0 0 0 0.00581607036 0.120020546 0 0.317649573 0.00650437735 0.56156379 0 0 0 0 0 0 0.630105674 0.278815776 0 0 0.257276803 0 0 0 0.00317862513 0 0 0 0 0 0.829456031 0 0.9628371 0 0.212810755 0 0 0 0 0 0 0 0 0 0 0.247607902 0 0.192030117 0 0 0 0 0 0 0.388883173 0.388480216 0 1 0 0 0 0 0 0 0 0.055555556 0.244650543 0.172655582 0.307701409 0.731787086 1 1
G978 0 0.00534707587 1.32184601 0 0.429962963 1.79027903 0 0.00916749611 0 0 0 0 0.00581607036 0.120020546 0 0.317649573 0.00650437735 0.56156379 0 0 0 0 0 0 0.630105674 0.278815776 0 0 0.257276803 0 0 0 0.00317862513 0 0 0 0 0 0.829456031 0 0.9628371 0 0.212810755 0 0 0 0 0 0 0 0 0 0 0.247607902 0 0.192030117 0 0 0 0 0 0 0.388883173 0.388480216 0 1 0 0 0 0 0 0 0 0.055555556 0.244650543 0.172655582 0.334173948 0.671406448 1 1
G979 0 0.00534707587 1.32184601 0 0.429962963 1.79027903 0 0.00916749611 0 0 0 0 0.00581607036 0.120020546 0 0.317649573 0.00650437735 0.56156379 0 0 0 0 0 0 0.630105674 0.278815776 0 0 0.257276803 0 0 0 0.00317862513 0 0 0 0 0 0.829456031 0 0.9628371 0 0.212810755 0 0 0 0 0 0 0 0 0 0 0.247607902 0 0.192030117 0 0 0 0 0 0 0.388883173 0.388480216 0 1 0 0 0 0 0 0 0 0.055555556 0.244650543 0.172655582 0.334173948 0.70110333 1 1
G980 0 0.00534707587 1.32184601 0 0.429962963 1.79027903 0 0.00916749611 0 0 0 0 0.00581607036 0.120020546 0 0.317649573 0.00650437735 0.56156379 0 0 0 0 0 0 0.630105674 0.278815776 0 0 0.257276803 0 0 0 0.00317862513 0 0 0 0 0 0.829456031 0 0.9628371 0 0.212810755 0 0 0 0 0 0 0 0 0 0 0.247607902 0 0.192030117 0 0 0 0 0 0 0.388883173 0.388480216 0 1 0 0 0 0 0 0 0 0.055555556 0.244650543 0.172655582 0.334173948 0.725890636 1 1
G981 0 0.00534707587 1.32184601 0 0.429962963 1.79027903 0 0.00916749611 0 0 0 0 0.00581607036 0.120020546 0 0.317649573 0.00650437735 0.56156379 0 0 0 0 0 0 0.630105674 0.278815776 0 0 0.257276803 0 0 0 0.00317862513 0 0 0 0 0 0.829456031 0 0.9628371 0 0.212810755 0 0 0 0 0 0 0 0 0 0 0.247607902 0 0.192030117 0 0 0 0 0 0 0.388883173 0.388480216 0 1 0 0 0 0 0 0 0 0.055555556 0.244650543 0.172655582 0.334173948 0.748204172 1 1
G982 0 0.00534707587 1.32184601 0 0.429962963 1.79027903 0 0.00916749611 0 0 0 0 0.00581607036 0.120020546 0 0.317649573 0.00650437735 0.56156379 0 0 0 0 0 0 0.630105674 0.278815776 0 0 0.257276803 0 0 0 0.00317862513 0 0 0 0 0 0.829456031 0 0.9628371 0 0.212810755 0 0 0 0 0 0 0 0 0 0 0.247607902 0 0.192030117 0 0 0 0 0 0 0.388883173 0.388480216 0 1 0 0 0 0 0 0 0 0.055555556 0.244650543 0.172655582 0.334173948 0.692343116 1 1
G983 0 0.00534707587 1.32184601 0 0.429962963 1.79027903 0 0.00916749611 0 0 0 0 0.00581607036 0.120020546 0 0.317649573 0.00650437735 0.56156379 0 0 0 0 0 0 0.630105674 0.278815776 0 0 0.257276803 0 0 0 0.00317862513 0 0 0 0 0 0.829456031 0 0.9628371 0 0.212810755 0 0 0 0 0 0 0 0 0 0 0.247607902 0 0.192030117 0 0 0 0 0 0 0.388883173 0.388480216 0 1 0 0 0 0 0 0 0 0.055555556 0.244650543 0.172655582 0.334173948 0.718495369 1 1
G984 0 0.00534707587 1.32184601 0 0.429962963 1.79027903 0 0.00916749611 0 0 0 0 0.00581607036 0.120020546 0 0.317649573 0.00650437735 0.56156379 0 0 0 0 0 0 0.630105674 0.278815776 0 0 0.257276803 0 0 0 0.00317862513 0 0 0 0 0 0.829456031 0 0.9628371 0 0.212810755 0 0 0 0 0 0 0 0 0 0 0.247607902 0 0.192030117 0 0 0 0 0 0 0.388883173 0.388480216 0 1 0 0 0 0 0 0 0 0.055555556 0.244650543 0.172655582 0.334173948 0.713355005 1 1
G985 0 0.00534707587 1.32184601 0 0.429962963 1.79027903 0 0.00916749611 0 0 0 0 0.00581607036 0.120020546 0 0.317649573 0.00650437735 0.56156379 0 0 0 0 0 0 0.630105674 0.278815776 0 0 0.257276803 0 0 0 0.00317862513 0 0 0 0 0 0.829456031 0 0.9628371 0 0.212810755 0 0 0 0 0 0 0 0 0 0 0.247607902 0 0.192030117 0 0 0 0 0 0 0.388883173 0.388480216 0 1 0 0 0 0 0 0 0 0.055555556 0.244650543 0.172655582 0.334173948 0.722238481 1 1
__smartatpg_bin_110_1 0 0.00534707587 1.32184601 0 0.429962963 1.79027903 0 0.00916749611 0 0 0 0 0.00581607036 0.120020546 0 0.317649573 0.00650437735 0.56156379 0 0 0 0 0 0 0.630105674 0.278815776 0 0 0.257276803 0 0 0 0.00317862513 0 0 0 0 0 0.829456031 0 0.9628371 0 0.212810755 0 0 0 0 0 0 0 0 0 0 0.247607902 0 0.192030117 0 0 0 0 0 0 0.388883173 0.388480216 0 1 0 0 0 0 0 0 0 0.0370370373 0.244650543 0.217867076 0.307701409 0.719753444 1 1
G762 0 0.00534707587 1.32184601 0 0.429962963 1.79027903 0 0.00916749611 0 0 0 0 0.00581607036 0.120020546 0 0.317649573 0.00650437735 0.56156379 0 0 0 0 0 0 0.630105674 0.278815776 0 0 0.257276803 0 0 0 0.00317862513 0 0 0 0 0 0.829456031 0 0.9628371 0 0.212810755 0 0 0 0 0 0 0 0 0 0 0.247607902 0 0.192030117 0 0 0 0 0 0 0.388883173 0.388480216 0 1 0 0 0 0 0 0 0 0.055555556 0.686820924 0.217867076 0.377332509 0.715947151 1 1
G1165 0 0.00534707587 1.32184601 0 0.429962963 1.79027903 0 0.00916749611 0 0 0 0 0.00581607036 0.120020546 0 0.317649573 0.00650437735 0.56156379 0 0 0 0 0 0 0.630105674 0.278815776 0 0 0.257276803 0 0 0 0.00317862513 0 0 0 0 0 0.829456031 0 0.9628371 0 0.212810755 0 0 0 0 0 0 0 0 0 0 0.247607902 0 0.192030117 0 0 0 0 0 0 0.388883173 0.388480216 0 0 0 0 0 1 0 0 0 0.0740740746 0.244650543 0.361869395 0.276391089 0.721001089 1 1
G1170 0 0.00534707587 1.32184601 0 0.429962963 1.79027903 0 0.00916749611 0 0 0 0 0.00581607036 0.120020546 0 0.317649573 0.00650437735 0.56156379 0 0 0 0 0 0 0.630105674 0.278815776 0 0 0.257276803 0 0 0 0.00317862513 0 0 0 0 0 0.829456031 0 0.9628371 0 0.212810755 0 0 0 0 0 0 0 0 0 0 0.247607902 0 0.192030117 0 0 0 0 0 0 0.388883173 0.388480216 0 0 0 0 0 1 0 0 0 0.0740740746 0.244650543 0.361869395 0.276391089 0.715947151 1 1
G1175 0 0.00534707587 1.32184601 0 0.429962963 1.79027903 0 0.00916749611 0 0 0 0 0.00581607036 0.120020546 0 0.317649573 0.00650437735 0.56156379 0 0 0 0 0 0 0.630105674 0.278815776 0 0 0.257276803 0 0 0 0.00317862513 0 0 0 0 0 0.829456031 0 0.9628371 0 0.212810755 0 0 0 0 0 0 0 0 0 0 0.247607902 0 0.192030117 0 0 0 0 0 0 0.388883173 0.388480216 0 0 0 0 0 1 0 0 0 0.0740740746 0.244650543 0.361869395 0.276391089 0.724683046 1 1
__smartatpg_bin_112_1 0 0.00534707587 1.32184601 0 0.429962963 1.79027903 0 0.00916749611 0 0 0 0 0.00581607036 0.120020546 0 0.317649573 0.00650437735 0.56156379 0 0 0 0 0 0 0.630105674 0.278815776 0 0 0.257276803 0 0 0 0.00317862513 0 0 0 0 0 0.829456031 0 0.9628371 0 0.212810755 0 0 0 0 0 0 0 0 0 0 0.247607902 0 0.192030117 0 0 0 0 0 0 0.388883173 0.388480216 0 1 0 0 0 0 0 0 0 0.0370370373 0.244650543 0.217867076 0.307701409 0.742928505 1 1
G772 0 0.00534707587 1.32184601 0 0.429962963 1.79027903 0 0.00916749611 0 0 0 0 0.00581607036 0.120020546 0 0.317649573 0.00650437735 0.56156379 0 0 0 0 0 0 0.630105674 0.278815776 0 0 0.257276803 0 0 0 0.00317862513 0 0 0 0 0 0.829456031 0 0.9628371 0 0.212810755 0 0 0 0 0 0 0 0 0 0 0.247607902 0 0.192030117 0 0 0 0 0 0 0.388883173 0.388480216 0 1 0 0 0 0 0 0 0 0.055555556 0.387761921 0.217867076 0.377332509 0.739671946 1 1
G1025 0 0.00534707587 1.32184601 0 0.429962963 1.79027903 0 0.00916749611 0 0 0 0 0.00581607036 0.120020546 0 0.317649573 0.00650437735 0.56156379 0 0 0 0 0 0 0.630105674 0.278815776 0 0 0.257276803 0 0 0 0.00317862513 0 0 0 0 0 0.829456031 0 0.9628371 0 0.212810755 0 0 0 0 0 0 0 0 0 0 0.247607902 0 0.192030117 0 0 0 0 0 0 0.388883173 0.388480216 0 0 1 0 0 0 0 0 0 0.0740740746 0.775523841 0.390522659 0.238070309 0.741850793 1 1
G1034 0 0.00534707587 1.32184601 0 0.429962963 1.79027903 0 0.00916749611 0 0 0 0 0.00581607036 0.120020546 0 0.317649573 0.00650437735 0.56156379 0 0 0 0 0 0 0.630105674 0.278815776 0 0 0.257276803 0 0 0 0.00317862513 0 0 0 0 0 0.829456031 0 0.9628371 0 0.212810755 0 0 0 0 0 0 0 0 0 0 0.247607902 0 0.192030117 0 0 0 0 0 0 0.388883173 0.388480216 0 0 1 0 0 0 0 0 0 0.0740740746 0.775523841 0.390522659 0.238070309 0.736343205 1 1
G1313 0 0.00534707587 1.32184601 0 0.429962963 1.79027903 0 0.00916749611 0 0 0 0 0.00581607036 0.120020546 0 0.317649573 0.00650437735 0.56156379 0 0 0 0 0 0 0.630105674 0.278815776 0 0 0.257276803 0 0 0 0.00317862513 0 0 0 0 0 0.829456031 0 0.9628371 0 0.212810755 0 0 0 0 0 0 0 0 0 0 0.247607902 0 0.192030117 0 0 0 0 0 0 0.388883173 0.388480216 0 0 0 0 0 1 0 0 0 0.0925925896 0.244650543 0.252935857 0.440482408 0.759197414 1 1
G1314 0 0.00534707587 1.32184601 0 0.429962963 1.79027903 0 0.00916749611 0 0 0 0 0.00581607036 0.120020546 0 0.317649573 0.00650437735 0.56156379 0 0 0 0 0 0 0.630105674 0.278815776 0 0 0.257276803 0 0 0 0.00317862513 0 0 0 0 0 0.829456031 0 0.9628371 0 0.212810755 0 0 0 0 0 0 0 0 0 0 0.247607902 0 0.192030117 0 0 0 0 0 0 0.388883173 0.388480216 0 1 0 0 0 0 0 0 0 0.0925925896 0.244650543 0.40310201 0.357105464 0.746116042 1 1
G1315 0 0.00534707587 1.32184601 0 0.429962963 1.79027903 0 0.00916749611 0 0 0 0 0.00581607036 0.120020546 0 0.317649573 0.00650437735 0.56156379 0 0 0 0 0 0 0.630105674 0.278815776 0 0 0.257276803 0 0 0 0.00317862513 0 0 0 0 0 0.829456031 0 0.9628371 0 0.212810755 0 0 0 0 0 0 0 0 0 0 0.247607902 0 0.192030117 0 0 0 0 0 0 0.388883173 0.388480216 0 0 0 0 0 1 0 0 0 0.0925925896 0.244650543 0.252935857 0.440482408 0.741850793 1 1
G1319 0 0.00534707587 1.32184601 0 0.429962963 1.79027903 0 0.00916749611 0 0 0 0 0.00581607036 0.120020546 0 0.317649573 0.00650437735 0.56156379 0 0 0 0 0 0 0.630105674 0.278815776 0 0 0.257276803 0 0 0 0.00317862513 0 0 0 0 0 0.829456031 0 0.9628371 0 0.212810755 0 0 0 0 0 0 0 0 0 0 0.247607902 0 0.192030117 0 0 0 0 0 0 0.388883173 0.388480216 0 0 0 0 0 1 0 0 0 0.0925925896 0.244650543 0.252935857 0.440482408 0.763003707 1 1
G1320 0 0.00534707587 1.32184601 0 0.429962963 1.79027903 0 0.00916749611 0 0 0 0 0.00581607036 0.120020546 0 0.317649573 0.00650437735 0.56156379 0 0 0 0 0 0 0.630105674 0.278815776 0 0 0.257276803 0 0 0 0.00317862513 0 0 0 0 0 0.829456031 0 0.9628371 0 0.212810755 0 0 0 0 0 0 0 0 0 0 0.247607902 0 0.192030117 0 0 0 0 0 0 0.388883173 0.388480216 0 1 0 0 0 0 0 0 0 0.0925925896 0.244650543 0.40310201 0.357105464 0.746116042 1 1
G1321 0 0.00534707587 1.32184601 0 0.429962963 1.79027903 0 0.00916749611 0 0 0 0 0.00581607036 0.120020546 0 0.317649573 0.00650437735 0.56156379 0 0 0 0 0 0 0.630105674 0.278815776 0 0 0.257276803 0 0 0 0.00317862513 0 0 0 0 0 0.829456031 0 0.9628371 0 0.212810755 0 0 0 0 0 0 0 0 0 0 0.247607902 0 0.192030117 0 0 0 0 0 0 0.388883173 0.388480216 0 0 0 0 0 1 0 0 0 0.0925925896 0.244650543 0.252935857 0.440482408 0.741850793 1 1
G1322 0 0.00534707587 1.32184601 0 0.429962963 1.79027903 0 0.00916749611 0 0 0 0 0.00581607036 0.120020546 0 0.317649573 0.00650437735 0.56156379 0 0 0 0 0 0 0.630105674 0.278815776 0 0 0.257276803 0 0 0 0.00317862513 0 0 0 0 0 0.829456031 0 0.9628371 0 0.212810755 0 0 0 0 0 0 0 0 0 0 0.247607902 0 0.192030117 0 0 0 0 0 0 0.388883173 0.388480216 0 0 0 0 0 1 0 0 0 0.0925925896 0.244650543 0.252935857 0.440482408 0.743998587 1 1
G1323 0 0.00534707587 1.32184601 0 0.429962963 1.79027903 0 0.00916749611 0 0 0 0 0.00581607036 0.120020546 0 0.317649573 0.00650437735 0.56156379 0 0 0 0 0 0 0.630105674 0.278815776 0 0 0.257276803 0 0 0 0.00317862513 0 0 0 0 0 0.829456031 0 0.9628371 0 0.212810755 0 0 0 0 0 0 0 0 0 0 0.247607902 0 0.192030117 0 0 0 0 0 0 0.388883173 0.388480216 0 0 0 0 0 1 0 0 0 0.0925925896 0.244650543 0.252935857 0.440482408 0.735217035 1 1
G1324 0 0.00534707587 1.32184601 0 0.429962963 1.79027903 0 0.00916749611 0 0 0 0 0.00581607036 0.120020546 0 0.317649573 0.00650437735 0.56156379 0 0 0 0 0 0 0.630105674 0.278815776 0 0 0.257276803 0 0 0 0.00317862513 0 0 0 0 0 0.829456031 0 0.9628371 0 0.212810755 0 0 0 0 0 0 0 0 0 0 0.247607902 0 0.192030117 0 0 0 0 0 0 0.388883173 0.388480216 0 1 0 0 0 0 0 0 0 0.0925925896 0.244650543 0.40310201 0.357105464 0.737460971 1 1
G1325 0 0.00534707587 1.32184601 0 0.429962963 1.79027903 0 0.00916749611 0 0 0 0 0.00581607036 0.120020546 0 0.317649573 0.00650437735 0.56156379 0 0 0 0 0 0 0.630105674 0.278815776 0 0 0.257276803 0 0 0 0.00317862513 0 0 0 0 0 0.829456031 0 0.9628371 0 0.212810755 0 0 0 0 0 0 0 0 0 0 0.247607902 0 0.192030117 0 0 0 0 0 0 0.388883173 0.388480216 0 0 0 0 0 1 0 0 0 0.0925925896 0.244650543 0.252935857 0.440482408 0.753300905 1 1
G1326 0 0.00534707587 1.32184601 0 0.429962963 1.79027903 0 0.00916749611 0 0 0 0 0.00581607036 0.120020546 0 0.317649573 0.00650437735 0.56156379 0 0 0 0 0 0 0.630105674 0.278815776 0 0 0.257276803 0 0 0 0.00317862513 0 0 0 0 0 0.829456031 0 0.9628371 0 0.212810755 0 0 0 0 0 0 0 0 0 0 0.247607902 0 0.192030117 0 0 0 0 0 0 0.388883173 0.388480216 0 0 0 0 0 1 0 0 0 0.0925925896 0.244650543 0.252935857 0.440482408 0.746116042 1 1
G1327 0 0.00534707587 1.32184601 0 0.429962963 1.79027903 0 0.00916749611 0 0 0 0 0.00581607036 0.120020546 0 0.317649573 0.00650437735 0.56156379 0 0 0 0 0 0 0.630105674 0.278815776 0 0 0.257276803 0 0 0 0.00317862513 0 0 0 0 0 0.829456031 0 0.9628371 0 0.212810755 0 0 0 0 0 0 0 0 0 0 0.247607902 0 0.192030117 0 0 0 0 0 0 0.388883173 0.388480216 0 1 0 0 0 0 0 0 0 0.0925925896 0.244650543 0.40310201 0.357105464 0.747163713 1 1
G1468 0 0.00534707587 1.32184601 0 0.429962963 1.79027903 0 0.00916749611 0 0 0 0 0.00581607036 0.120020546 0 0.317649573 0.00650437735 0.56156379 0 0 0 0 0 0 0.630105674 0.278815776 0 0 0.257276803 0 0 0 0.00317862513 0 0 0 0 0 0.829456031 0 0.9628371 0 0.212810755 0 0 0 0 0 0 0 0 0 0 0.247607902 0 0.192030117 0 0 0 0 0 0 0.388883173 0.388480216 0 1 0 0 0 0 0 0 0 0.111111112 0.244650543 0.217867076 0.411793977 0.742928505 1 1
G1472 0 0.00534707587 1.32184601 0 0.429962963 1.79027903 0 0.00916749611 0 0 0 0 0.00581607036 0.120020546 0 0.317649573 0.00650437735 0.56156379 0 0 0 0 0 0 0.630105674 0.278815776 0 0 0.257276803 0 0 0 0.00317862513 0 0 0 0 0 0.829456031 0 0.9628371 0 0.212810755 0 0 0 0 0 0 0 0 0 0 0.247607902 0 0.192030117 0 0 0 0 0 0 0.388883173 0.388480216 0 1 0 0 0 0 0 0 0 0.111111112 0.244650543 0.217867076 0.411793977 0.742928505 1 1
G1473 0 0.00534707587 1.32184601 0 0.429962963 1.79027903 0 0.00916749611 0 0 0 0 0.00581607036 0.120020546 0 0.317649573 0.00650437735 0.56156379 0 0 0 0 0 0 0.630105674 0.278815776 0 0 0.257276803 0 0 0 0.00317862513 0 0 0 0 0 0.829456031 0 0.9628371 0 0.212810755 0 0 0 0 0 0 0 0 0 0 0.247607902 0 0.192030117 0 0 0 0 0 0 0.388883173 0.388480216 0 1 0 0 0 0 0 0 0 0.111111112 0.244650543 0.281589121 0.476140618 0.731787086 1 1
G1474 0 0.00534707587 1.32184601 0 0.429962963 1.79027903 0 0.00916749611 0 0 0 0 0.00581607036 0.120020546 0 0.317649573 0.00650437735 0.56156379 0 0 0 0 0 0 0.630105674 0.278815776 0 0 0.257276803 0 0 0 0.00317862513 0 0 0 0 0 0.829456031 0 0.9628371 0 0.212810755 0 0 0 0 0 0 0 0 0 0 0.247607902 0 0.192030117 0 0 0 0 0 0 0.388883173 0.388480216 0 1 0 0 0 0 0 0 0 0.111111112 0.244650543 0.217867076 0.411793977 0.734082401 1 1
G1476 0 0.00534707587 1.32184601 0 0.429962963 1.79027903 0 0.00916749611 0 0 0 0 0.00581607036 0.120020546 0 0.317649573 0.00650437735 0.56156379 0 0 0 0 0 0 0.630105674 0.278815776 0 0 0.257276803 0 0 0 0.00317862513 0 0 0 0 0 0.829456031 0 0.9628371 0 0.212810755 0 0 0 0 0 0 0 0 0 0 0.247607902 0 0.192030117 0 0 0 0 0 0 0.388883173 0.388480216 0 1 0 0 0 0 0 0 0 0.111111112 0.244650543 0.217867076 0.411793977 0.743998587 1 1
G1826 0 0.00534707587 1.32184601 0 0.429962963 1.79027903 0 0.00916749611 0 0 0 0 0.00581607036 0.120020546 0 0.317649573 0.00650437735 0.56156379 0 0 0 0 0 0 0.630105674 0.278815776 0 0 0.257276803 0 0 0 0.00317862513 0 0 0 0 0 0.829456031 0 0.9628371 0 0.212810755 0 0 0 0 0 0 0 0 0 0 0.247607902 0 0.192030117 0 0 0 0 0 0 0.388883173 0.388480216 0 1 0 0 0 0 0 0 0 0.148148149 0.244650543 0.281589121 0.589723527 0.740765333 1 1
G2173 0 0.00534707587 1.32184601 0 0.429962963 1.79027903 0 0.00916749611 0 0 0 0 0.00581607036 0.120020546 0 0.317649573 0.00650437735 0.56156379 0 0 0 0 0 0 0.630105674 0.278815776 0 0 0.257276803 0 0 0 0.00317862513 0 0 0 0 0 0.829456031 0 0.9628371 0 0.212810755 0 0 0 0 0 0 0 0 0 0 0.247607902 0 0.192030117 0 0 0 0 0 0 0.388883173 0.388480216 0 1 0 0 0 0 0 0 0 0.166666672 0.244650543 0.281589121 0.610565007 0.740765333 1 1
G2343 0 0.00534707587 1.32184601 0 0.429962963 1.79027903 0 0.00916749611 0 0 0 0 0.00581607036 0.120020546 0 0.317649573 0.00650437735 0.56156379 0 0 0 0 0 0 0.630105674 0.278815776 0 0 0.257276803 0 0 0 0.00317862513 0 0 0 0 0 0.829456031 0 0.9628371 0 0.212810755 0 0 0 0 0 0 0 0 0 0 0.247607902 0 0.192030117 0 0 0 0 0 0 0.388883173 0.388480216 0 1 0 0 0 0 0 0 0 0.203703701 0.244650543 0.281589121 0.545771718 0.731787086 1 1
__smartatpg_bin_1059_1 0 0.00534707587 1.32184601 0 0.429962963 1.79027903 0 0.00916749611 0 0 0 0 0.00581607036 0.120020546 0 0.317649573 0.00650437735 0.56156379 0 0 0 0 0 0 0.630105674 0.278815776 0 0 0.257276803 0 0 0 0.00317862513 0 0 0 0 0 0.829456031 0 0.9628371 0 0.212810755 0 0 0 0 0 0 0 0 0 0 0.247607902 0 0.192030117 0 0 0 0 0 0 0.388883173 0.388480216 0 0 0 1 0 0 0 0 0 0.129629627 0.244650543 0.361869395 0.426736563 0.727088571 1 1
G2420 0 0.00534707587 1.32184601 0 0.429962963 1.79027903 0 0.00916749611 0 0 0 0 0.00581607036 0.120020546 0 0.317649573 0.00650437735 0.56156379 0 0 0 0 0 0 0.630105674 0.278815776 0 0 0.257276803 0 0 0 0.00317862513 0 0 0 0 0 0.829456031 0 0.9628371 0 0.212810755 0 0 0 0 0 0 0 0 0 0 0.247607902 0 0.192030117 0 0 0 0 0 0 0.388883173 0.388480216 0 0 0 1 0 0 0 0 0 0.222222224 0.244650543 0.435734153 0.440482408 0.719753444 1 1
__smartatpg_bin_113_1 0 0.00534707587 1.32184601 0 0.429962963 1.79027903 0 0.00916749611 0 0 0 0 0.00581607036 0.120020546 0 0.317649573 0.00650437735 0.56156379 0 0 0 0 0 0 0.630105674 0.278815776 0 0 0.257276803 0 0 0 0.00317862513 0 0 0 0 0 0.829456031 0 0.9628371 0 0.212810755 0 0 0 0 0 0 0 0 0 0 0.247607902 0 0.192030117 0 0 0 0 0 0 0.388883173 0.388480216 0 1 0 0 0 0 0 0 0 0.0370370373 0.244650543 0.217867076 0.307701409 0.565460324 1 1
G775 0 0.00534707587 1.32184601 0 0.429962963 1.79027903 0 0.00916749611 0 0 0 0 0.00581607036 0.120020546 0 0.317649573 0.00650437735 0.56156379 0 0 0 0 0 0 0.630105674 0.278815776 0 0 0.257276803 0 0 0 0.00317862513 0 0 0 0 0 0.829456031 0 0.9628371 0 0.212810755 0 0 0 0 0 0 0 0 0 0 0.247607902 0 0.192030117 0 0 0 0 0 0 0.388883173 0.388480216 0 0 1 0 0 0 0 0 0 0.055555556 0.387761921 0.345311165 0.238070309 0.554587603 1 1
G1055 0 0.00534707587 1.32184601 0 0.429962963 1.79027903 0 0.00916749611 0 0 0 0 0.00581607036 0.120020546 0 0.317649573 0.00650437735 0.56156379 0 0 0 0 0 0 0.630105674 0.278815776 0 0 0.257276803 0 0 0 0.00317862513 0 0 0 0 0 0.829456031 0 0.9628371 0 0.212810755 0 0 0 0 0 0 0 0 0 0 0.247607902 0 0.192030117 0 0 0 0 0 0 0.388883173 0.388480216 0 0 0 0 0 1 0 0 0 0.0740740746 0.244650543 0.252935857 0.395426244 0.554587603 1 1
G1219 0 0.00534707587 1.32184601 0 0.429962963 1.79027903 0 0.00916749611 0 0 0 0 0.00581607036 0.120020546 0 0.317649573 0.00650437735 0.56156379 0 0 0 0 0 0 0.630105674 0.278815776 0 0 0.257276803 0 0 0 0.00317862513 0 0 0 0 0 0.829456031 0 0.9628371 0 0.212810755 0 0 0 0 0 0 0 0 0 0 0.247607902 0 0.192030117 0 0 0 0 0 0 0.388883173 0.388480216 0 1 0 0 0 0 0 0 0 0.0925925896 0.387761921 0.217867076 0.465057343 0.53451246 1 1
__smartatpg_bin_116_1 0 0.00534707587 1.32184601 0 0.429962963 1.79027903 0 0.00916749611 0 0 0 0 0.00581607036 0.120020546 0 0.317649573 0.00650437735 0.56156379 0 0 0 0 0 0 0.630105674 0.278815776 0 0 0.257276803 0 0 0 0.00317862513 0 0 0 0 0 0.829456031 0 0.9628371 0 0.212810755 0 0 0 0 0 0 0 0 0 0 0.247607902 0 0.192030117 0 0 0 0 0 0 0.388883173 0.388480216 0 1 0 0 0 0 0 0 0 0.0370370373 0.244650543 0.172655582 0.276391089 0.705299139 1 1
G784 0 0.00534707587 1.32184601 0 0.429962963 1.79027903 0 0.00916749611 0 0 0 0 0.00581607036 0.120020546 0 0.317649573 0.00650437735 0.56156379 0 0 0 0 0 0 0.630105674 0.278815776 0 0 0.257276803 0 0 0 0.00317862513 0 0 0 0 0 0.829456031 0 0.9628371 0 0.212810755 0 0 0 0 0 0 0 0 0 0 0.247607902 0 0.192030117 0 0 0 0 0 0 0.388883173 0.388480216 0 0 1 0 0 0 0 0 0 0.055555556 0.244650543 0.326800615 0.238070309 0.70110333 1 1
G939 0 0.00534707587 1.32184601 0 0.429962963 1.79027903 0 0.00916749611 0 0 0 0 0.00581607036 0.120020546 0 0.317649573 0.00650437735 0.56156379 0 0 0 0 0 0 0.630105674 0.278815776 0 0 0.257276803 0 0 0 0.00317862513 0 0 0 0 0 0.829456031 0 0.9628371 0 0.212810755 0 0 0 0 0 0 0 0 0 0 0.247607902 0 0.192030117 0 0 0 0 0 0 0.388883173 0.388480216 0 1 0 0 0 0 0 0 0 0.0740740746 1 0.217867076 0.334173948 0.696787 1 1
G1296 0 0.00534707587 1.32184601 0 0.429962963 1.79027903 0 0.00916749611 0 0 0 0 0.00581607036 0.120020546 0 0.317649573 0.00650437735 0.56156379 0 0 0 0 0 0 0.630105674 0.278815776 0 0 0.257276803 0 0 0 0.00317862513 0 0 0 0 0 0.829456031 0 0.9628371 0 0.212810755 0 0 0 0 0 0 0 0 0 0 0.247607902 0 0.192030117 0 0 0 0 0 0 0.388883173 0.388480216 0 0 0 0 0 1 0 0 0 0.0925925896 0.244650543 0.326800615 0.276391089 0.752295315 1 1
G1297 0 0.00534707587 1.32184601 0 0.429962963 1.79027903 0 0.00916749611 0 0 0 0 0.00581607036 0.120020546 0 0.317649573 0.00650437735 0.56156379 0 0 0 0 0 0 0.630105674 0.278815776 0 0 0.257276803 0 0 0 0.00317862513 0 0 0 0 0 0.829456031 0 0.9628371 0 0.212810755 0 0 0 0 0 0 0 0 0 0 0.247607902 0 0.192030117 0 0 0 0 0 0 0.388883173 0.388480216 0 0 0 0 0 1 0 0 0 0.0925925896 0.244650543 0.326800615 0.276391089 0.749237418 1 1
G1298 0 0.00534707587 1.32184601 0 0.429962963 1.79027903 0 0.00916749611 0 0 0 0 0.00581607036 0.120020546 0 0.317649573 0.00650437735 0.56156379 0 0 0 0 0 0 0.630105674 0.278815776 0 0 0.257276803 0 0 0 0.00317862513 0 0 0 0 0 0.829456031 0 0.9628371 0 0.212810755 0 0 0 0 0 0 0 0 0 0 0.247607902 0 0.192030117 0 0 0 0 0 0 0.388883173 0.388480216 0 0 0 0 0 1 0 0 0 0.0925925896 0.244650543 0.326800615 0.276391089 0.753300905 1 1
G1299 0 0.00534707587 1.32184601 0 0.429962963 1.79027903 0 0.00916749611 0 0 0 0 0.00581607036 0.120020546 0 0.317649573 0.00650437735 0.56156379 0 0 0 0 0 0 0.630105674 0.278815776 0 0 0.257276803 0 0 0 0.00317862513 0 0 0 0 0 0.829456031 0 0.9628371 0 0.212810755 0 0 0 0 0 0 0 0 0 0 0.247607902 0 0.192030117 0 0 0 0 0 0 0.388883173 0.388480216 0 0 0 0 0 1 0 0 0 0.0925925896 0.244650543 0.326800615 0.276391089 0.725890636 1 1
G1300 0 0.00534707587 1.32184601 0 0.429962963 1.79027903 0 0.00916749611 0 0 0 0 0.00581607036 0.120020546 0 0.317649573 0.00650437735 0.56156379 0 0 0 0 0 0 0.630105674 0.278815776 0 0 0.257276803 0 0 0 0.00317862513 0 0 0 0 0 0.829456031 0 0.9628371 0 0.212810755 0 0 0 0 0 0 0 0 0 0 0.247607902 0 0.192030117 0 0 0 0 0 0 0.388883173 0.388480216 0 0 0 0 0 1 0 0 0 0.0925925896 0.244650543 0.326800615 0.276391089 0.755292237 1 1
G1301 0 0.00534707587 1.32184601 0 0.429962963 1.79027903 0 0.00916749611 0 0 0 0 0.00581607036 0.120020546 0 0.317649573 0.00650437735 0.56156379 0 0 0 0 0 0 0.630105674 0.278815776 0 0 0.257276803 0 0 0 0.00317862513 0 0 0 0 0 0.829456031 0 0.9628371 0 0.212810755 0 0 0 0 0 0 0 0 0 0 0.247607902 0 0.192030117 0 0 0 0 0 0 0.388883173 0.388480216 0 0 0 0 0 1 0 0 0 0.0925925896 0.244650543 0.326800615 0.276391089 0.754299879 1 1
G1302 0 0.00534707587 1.32184601 0 0.429962963 1.79027903 0 0.00916749611 0 0 0 0 0.00581607036 0.120020546 0 0.317649573 0.00650437735 0.56156379 0 0 0 0 0 0 0.630105674 0.278815776 0 0 0.257276803 0 0 0 0.00317862513 0 0 0 0 0 0.829456031 0 0.9628371 0 0.212810755 0 0 0 0 0 0 0 0 0 0 0.247607902 0 0.192030117 0 0 0 0 0 0 0.388883173 0.388480216 0 0 0 0 0 1 0 0 0 0.0925925896 0.244650543 0.326800615 0.276391089 0.722238481 1 1
G1303 0 0.00534707587 1.32184601 0 0.429962963 1.79027903 0 0.00916749611 0 0 0 0 0.00581607036 0.120020546 0 0.317649573 0.00650437735 0.56156379 0 0 0 0 0 0 0.630105674 0.278815776 0 0 0.257276803 0 0 0 0.00317862513 0 0 0 0 0 0.829456031 0 0.9628371 0 0.212810755 0 0 0 0 0 0 0 0 0 0 0.247607902 0 0.192030117 0 0 0 0 0 0 0.388883173 0.388480216 0 0 0 0 0 1 0 0 0 0.0925925896 0.244650543 0.326800615 0.276391089 0.695320308 1 1
__smartatpg_bin_117_1 0 0.00534707587 1.32184601 0 0.429962963 1.79027903 0 0.00916749611 0 0 0 0 0.00581607036 0.120020546 0 0.317649573 0.00650437735 0.56156379 0 0 0 0 0 0 0.630105674 0.278815776 0 0 0.257276803 0 0 0 0.00317862513 0 0 0 0 0 0.829456031 0 0.9628371 0 0.212810755 0 0 0 0 0 0 0 0 0 0 0.247607902 0 0.192030117 0 0 0 0 0 0 0.388883173 0.388480216 0 1 0 0 0 0 0 0 0 0.0370370373 0.244650543 0.217867076 0.307701409 0.695320308 1 1
G785 0 0.00534707587 1.32184601 0 0.429962963 1.79027903 0 0.00916749611 0 0 0 0 0.00581607036 0.120020546 0 0.317649573 0.00650437735 0.56156379 0 0 0 0 0 0 0.630105674 0.278815776 0 0 0.257276803 0 0 0 0.00317862513 0 0 0 0 0 0.829456031 0 0.9628371 0 0.212810755 0 0 0 0 0 0 0 0 0 0 0.247607902 0 0.192030117 0 0 0 0 0 0 0.388883173 0.388480216 0 0 1 0 0 0 0 0 0 0.055555556 0.244650543 0.345311165 0.238070309 0.690832198 1 1
G958 0 0.00534707587 1.32184601 0 0.429962963 1.79027903 0 0.00916749611 0 0 0 0 0.00581607036 0.120020546 0 0.317649573 0.00650437735 0.56156379 0 0 0 0 0 0 0.630105674 0.278815776 0 0 0.257276803 0 0 0 0.00317862513 0 0 0 0 0 0.829456031 0 0.9628371 0 0.212810755 0 0 0 0 0 0 0 0 0 0 0.247607902 0 0.192030117 0 0 0 0 0 0 0.388883173 0.388480216 0 1 0 0 0 0 0 0 0 0.0740740746 0.244650543 0.252935857 0.357105464 0.684631705 1 1
__smartatpg_bin_119_1 0 0.00534707587 1.32184601 0 0.429962963 1.79027903 0 0.00916749611 0 0 0 0 0.00581607036 0.120020546 0 0.317649573 0.00650437735 0.56156379 0 0 0 0 0 0 0.630105674 0.278815776 0 0 0.257276803 0 0 0 0.00317862513 0 0 0 0 0 0.829456031 0 0.9628371 0 0.212810755 0 0 0 0 0 0 0 0 0 0 0.247607902 0 0.192030117 0 0 0 0 0 0 0.388883173 0.388480216 0 1 0 0 0 0 0 0 0 0.0370370373 0.244650543 0.217867076 0.307701409 0.594031572 1 1
G787 0 0.00534707587 1.32184601 0 0.429962963 1.79027903 0 0.00916749611 0 0 0 0 0.00581607036 0.120020546 0 0.317649573 0.00650437735 0.56156379 0 0 0 0 0 0 0.630105674 0.278815776 0 0 0.257276803 0 0 0 0.00317862513 0 0 0 0 0 0.829456031 0 0.9628371 0 0.212810755 0 0 0 0 0 0 0 0 0 0 0.247607902 0 0.192030117 0 0 0 0 0 0 0.388883173 0.388480216 0 1 0 0 0 0 0 0 0 0.055555556 0.387761921 0.217867076 0.377332509 0.585097849 1 1
G1012 0 0.00534707587 1.32184601 0 0.429962963 1.79027903 0 0.00916749611 0 0 0 0 0.00581607036 0.120020546 0 0.317649573 0.00650437735 0.56156379 0 0 0 0 0 0 0.630105674 0.278815776 0 0 0.257276803 0 0 0 0.00317862513 0 0 0 0 0 0.829456031 0 0.9628371 0 0.212810755 0 0 0 0 0 0 0 0 0 0 0.247607902 0 0.192030117 0 0 0 0 0 0 0.388883173 0.388480216 0 1 0 0 0 0 0 0 0 0.0740740746 0.387761921 0.217867076 0.426736563 0.575599492 1 1
G1015 0 0.00534707587 1.32184601 0 0.429962963 1.79027903 0 0.00916749611 0 0 0 0 0.00581607036 0.120020546 0 0.317649573 0.00650437735 0.56156379 0 0 0 0 0 0 0.630105674 0.278815776 0 0 0.257276803 0 0 0 0.00317862513 0 0 0 0 0 0.829456031 0 0.9628371 0 0.212810755 0 0 0 0 0 0 0 0 0 0 0.247607902 0 0.192030117 0 0 0 0 0 0 0.388883173 0.388480216 0 0 1 0 0 0 0 0 0 0.0740740746 0.244650543 0.390522659 0.238070309 0.755292237 1 1
G1475 0 0.00534707587 1.32184601 0 0.429962963 1.79027903 0 0.00916749611 0 0 0 0 0.00581607036 0.120020546 0 0.317649573 0.00650437735 0.56156379 0 0 0 0 0 0 0.630105674 0.278815776 0 0 0.257276803 0 0 0 0.00317862513 0 0 0 0 0 0.829456031 0 0.9628371 0 0.212810755 0 0 0 0 0 0 0 0 0 0 0.247607902 0 0.192030117 0 0 0 0 0 0 0.388883173 0.388480216 0 1 0 0 0 0 0 0 0 0.111111112 0.244650543 0.281589121 0.486551791 0.741850793 1 1
__smartatpg_bin_1060_1 0 0.00534707587 1.32184601 0 0.429962963 1.79027903 0 0.00916749611 0 0 0 0 0.00581607036 0.120020546 0 0.317649573 0.00650437735 0.56156379 0 0 0 0 0 0 0.630105674 0.278815776 0 0 0.257276803 0 0 0 0.00317862513 0 0 0 0 0 0.829456031 0 0.9628371 0 0.212810755 0 0 0 0 0 0 0 0 0 0 0.247607902 0 0.192030117 0 0 0 0 0 0 0.388883173 0.388480216 0 0 0 1 0 0 0 0 0 0.129629627 0.244650543 0.361869395 0.426736563 0.737460971 1 1
__smartatpg_bin_120_1 0 0.00534707587 1.32184601 0 0.429962963 1.79027903 0 0.00916749611 0 0 0 0 0.00581607036 0.120020546 0 0.317649573 0.00650437735 0.56156379 0 0 0 0 0 0 0.630105674 0.278815776 0 0 0.257276803 0 0 0 0.00317862513 0 0 0 0 0 0.829456031 0 0.9628371 0 0.212810755 0 0 0 0 0 0 0 0 0 0 0.247607902 0 0.192030117 0 0 0 0 0 0 0.388883173 0.388480216 0 1 0 0 0 0 0 0 0 0.0370370373 0.244650543 0.217867076 0.307701409 0.714656651 1 1
G790 0 0.00534707587 1.32184601 0 0.429962963 1.79027903 0 0.00916749611 0 0 0 0 0.00581607036 0.120020546 0 0.317649573 0.00650437735 0.56156379 0 0 0 0 0 0 0.630105674 0.278815776 0 0 0.257276803 0 0 0 0.00317862513 0 0 0 0 0 0.829456031 0 0.9628371 0 0.212810755 0 0 0 0 0 0 0 0 0 0 0.247607902 0 0.192030117 0 0 0 0 0 0 0.388883173 0.388480216 0 0 1 0 0 0 0 0 0 0.055555556 0.244650543 0.345311165 0.238070309 0.71071738 1 1
G969 0 0.00534707587 1.32184601 0 0.429962963 1.79027903 0 0.00916749611 0 0 0 0 0.00581607036 0.120020546 0 0.317649573 0.00650437735 0.56156379 0 0 0 0 0 0 0.630105674 0.278815776 0 0 0.257276803 0 0 0 0.00317862513 0 0 0 0 0 0.829456031 0 0.9628371 0 0.212810755 0 0 0 0 0 0 0 0 0 0 0.247607902 0 0.192030117 0 0 0 0 0 0 0.388883173 0.388480216 0 1 0 0 0 0 0 0 0 0.0740740746 0.244650543 0.252935857 0.357105464 0.705299139 1 1
__smartatpg_bin_147_1 0 0.00534707587 1.32184601 0 0.429962963 1.79027903 0 0.00916749611 0 0 0 0 0.00581607036 0.120020546 0 0.317649573 0.00650437735 0.56156379 0 0 0 0 0 0 0.630105674 0.278815776 0 0 0.257276803 0 0 0 0.00317862513 0 0 0 0 0 0.829456031 0 0.9628371 0 0.212810755 0 0 0 0 0 0 0 0 0 0 0.247607902 0 0.192030117 0 0 0 0 0 0 0.388883173 0.388480216 0 1 0 0 0 0 0 0 0 0.0370370373 0.244650543 0.217867076 0.307701409 0.658795655 1 1
G875 0 0.00534707587 1.32184601 0 0.429962963 1.79027903 0 0.00916749611 0 0 0 0 0.00581607036 0.120020546 0 0.317649573 0.00650437735 0.56156379 0 0 0 0 0 0 0.630105674 0.278815776 0 0 0.257276803 0 0 0 0.00317862513 0 0 0 0 0 0.829456031 0 0.9628371 0 0.212810755 0 0 0 0 0 0 0 0 0 0 0.247607902 0 0.192030117 0 0 0 0 0 0 0.388883173 0.388480216 0 1 0 0 0 0 0 0 0 0.055555556 0.686820924 0.217867076 0.377332509 0.653049469 1 1
G1176 0 0.00534707587 1.32184601 0 0.429962963 1.79027903 0 0.00916749611 0 0 0 0 0.00581607036 0.120020546 0 0.317649573 0.00650437735 0.56156379 0 0 0 0 0 0 0.630105674 0.278815776 0 0 0.257276803 0 0 0 0.00317862513 0 0 0 0 0 0.829456031 0 0.9628371 0 0.212810755 0 0 0 0 0 0 0 0 0 0 0.247607902 0 0.192030117 0 0 0 0 0 0 0.388883173 0.388480216 0 1 0 0 0 0 0 0 0 0.0740740746 0.387761921 0.172655582 0.411793977 0.763940394 1 1
G1179 0 0.00534707587 1.32184601 0 0.429962963 1.79027903 0 0.00916749611 0 0 0 0 0.00581607036 0.120020546 0 0.317649573 0.00650437735 0.56156379 0 0 0 0 0 0 0.630105674 0.278815776 0 0 0.257276803 0 0 0 0.00317862513 0 0 0 0 0 0.829456031 0 0.9628371 0 0.212810755 0 0 0 0 0 0 0 0 0 0 0.247607902 0 0.192030117 0 0 0 0 0 0 0.388883173 0.388480216 0 0 1 0 0 0 0 0 0 0.0740740746 0.244650543 0.376848131 0.188666254 0.819511294 1 1
__smartatpg_bin_169_1 0 0.00534707587 1.32184601 0 0.429962963 1.79027903 0 0.00916749611 0 0 0 0 0.00581607036 0.120020546 0 0.317649573 0.00650437735 0.56156379 0 0 0 0 0 0 0.630105674 0.278815776 0 0 0.257276803 0 0 0 0.00317862513 0 0 0 0 0 0.829456031 0 0.9628371 0 0.212810755 0 0 0 0 0 0 0 0 0 0 0.247607902 0 0.192030117 0 0 0 0 0 0 0.388883173 0.388480216 0 1 0 0 0 0 0 0 0 0.055555556 0.244650543 0.281589121 0.307701409 0.599705458 1 1
__smartatpg_bin_169_2 0 0.00534707587 1.32184601 0 0.429962963 1.79027903 0 0.00916749611 0 0 0 0 0.00581607036 0.120020546 0 0.317649573 0.00650437735 0.56156379 0 0 0 0 0 0 0.630105674 0.278815776 0 0 0.257276803 0 0 0 0.00317862513 0 0 0 0 0 0.829456031 0 0.9628371 0 0.212810755 0 0 0 0 0 0 0 0 0 0 0.247607902 0 0.192030117 0 0 0 0 0 0 0.388883173 0.388480216 0 1 0 0 0 0 0 0 0 0.055555556 0.244650543 0.281589121 0.307701409 0.599705458 1 1
G929 0 0.00534707587 1.32184601 0 0.429962963 1.79027903 0 0.00916749611 0 0 0 0 0.00581607036 0.120020546 0 0.317649573 0.00650437735 0.56156379 0 0 0 0 0 0 0.630105674 0.278815776 0 0 0.257276803 0 0 0 0.00317862513 0 0 0 0 0 0.829456031 0 0.9628371 0 0.212810755 0 0 0 0 0 0 0 0 0 0 0.247607902 0 0.192030117 0 0 0 0 0 0 0.388883173 0.388480216 0 1 0 0 0 0 0 0 0 0.0740740746 0.244650543 0.305815101 0.426736563 0.581997931 1 1
__smartatpg_bin_170_1 0 0.00534707587 1.32184601 0 0.429962963 1.79027903 0 0.00916749611 0 0 0 0 0.00581607036 0.120020546 0 0.317649573 0.00650437735 0.56156379 0 0 0 0 0 0 0.630105674 0.278815776 0 0 0.257276803 0 0 0 0.00317862513 0 0 0 0 0 0.829456031 0 0.9628371 0 0.212810755 0 0 0 0 0 0 0 0 0 0 0.247607902 0 0.192030117 0 0 0 0 0 0 0.388883173 0.388480216 0 1 0 0 0 0 0 0 0 0.055555556 0.244650543 0.281589121 0.307701409 0.599705458 1 1
__smartatpg_bin_170_2 0 0.00534707587 1.32184601 0 0.429962963 1.79027903 0 0.00916749611 0 0 0 0 0.00581607036 0.120020546 0 0.317649573 0.00650437735 0.56156379 0 0 0 0 0 0 0.630105674 0.278815776 0 0 0.257276803 0 0 0 0.00317862513 0 0 0 0 0 0.829456031 0 0.9628371 0 0.212810755 0 0 0 0 0 0 0 0 0 0 0.247607902 0 0.192030117 0 0 0 0 0 0 0.388883173 0.388480216 0 1 0 0 0 0 0 0 0 0.055555556 0.244650543 0.281589121 0.307701409 0.599705458 1 1
G930 0 0.00534707587 1.32184601 0 0.429962963 1.79027903 0 0.00916749611 0 0 0 0 0.00581607036 0.120020546 0 0.317649573 0.00650437735 0.56156379 0 0 0 0 0 0 0.630105674 0.278815776 0 0 0.257276803 0 0 0 0.00317862513 0 0 0 0 0 0.829456031 0 0.9628371 0 0.212810755 0 0 0 0 0 0 0 0 0 0 0.247607902 0 0.192030117 0 0 0 0 0 0 0.388883173 0.388480216 0 1 0 0 0 0 0 0 0 0.0740740746 0.244650543 0.305815101 0.426736563 0.581997931 1 1
G1011 0 0.00534707587 1.32184601 0 0.429962963 1.79027903 0 0.00916749611 0 0 0 0 0.00581607036 0.120020546 0 0.317649573 0.00650437735 0.56156379 0 0 0 0 0 0 0.630105674 0.278815776 0 0 0.257276803 0 0 0 0.00317862513 0 0 0 0 0 0.829456031 0 0.9628371 0 0.212810755 0 0 0 0 0 0 0 0 0 0 0.247607902 0 0.192030117 0 0 0 0 0 0 0.388883173 0.388480216 0 0 1 0 0 0 0 0 0 0.0925925896 0.244650543 0.499456197 0.357105464 0.538747668 1 1
__smartatpg_bin_207_1 0 0.00534707587 1.32184601 0 0.429962963 1.79027903 0 0.00916749611 0 0 0 0 0.00581607036 0.120020546 0 0.317649573 0.00650437735 0.56156379 0 0 0 0 0 0 0.630105674 0.278815776 0 0 0.257276803 0 0 0 0.00317862513 0 0 0 0 0 0.829456031 0 0.9628371 0 0.212810755 0 0 0 0 0 0 0 0 0 0 0.247607902 0 0.192030117 0 0 0 0 0 0 0.388883173 0.388480216 0 1 0 0 0 0 0 0 0 0.055555556 0.244650543 0.172655582 0.307701409 0.693839073 1 1
G986 0 0.00534707587 1.32184601 0 0.429962963 1.79027903 0 0.00916749611 0 0 0 0 0.00581607036 0.120020546 0 0.317649573 0.00650437735 0.56156379 0 0 0 0 0 0 0.630105674 0.278815776 0 0 0.257276803 0 0 0 0.00317862513 0 0 0 0 0 0.829456031 0 0.9628371 0 0.212810755 0 0 0 0 0 0 0 0 0 0 0.247607902 0 0.192030117 0 0 0 0 0 0 0.388883173 0.388480216 0 1 0 0 0 0 0 0 0 0.0740740746 0.387761921 0.172655582 0.357105464 0.690832198 1 1
G1244 0 0.00534707587 1.32184601 0 0.429962963 1.79027903 0 0.00916749611 0 0 0 0 0.00581607036 0.120020546 0 0.317649573 0.00650437735 0.56156379 0 0 0 0 0 0 0.630105674 0.278815776 0 0 0.257276803 0 0 0 0.00317862513 0 0 0 0 0 0.829456031 0 0.9628371 0 0.212810755 0 0 0 0 0 0 0 0 0 0 0.247607902 0 0.192030117 0 0 0 0 0 0 0.388883173 0.388480216 0 0 0 0 0 1 0 0 0 0.0925925896 0.568060994 0.345311165 0.238070309 0.689305842 1 1
G1249 0 0.00534707587 1.32184601 0 0.429962963 1.79027903 0 0.00916749611 0 0 0 0 0.00581607036 0.120020546 0 0.317649573 0.00650437735 0.56156379 0 0 0 0 0 0 0.630105674 0.278815776 0 0 0.257276803 0 0 0 0.00317862513 0 0 0 0 0 0.829456031 0 0.9628371 0 0.212810755 0 0 0 0 0 0 0 0 0 0 0.247607902 0 0.192030117 0 0 0 0 0 0 0.388883173 0.388480216 0 0 0 0 0 1 0 0 0 0.0925925896 0.775523841 0.345311165 0.238070309 0.696787 1 1
__smartatpg_bin_208_1 0 0.00534707587 1.32184601 0 0.429962963 1.79027903 0 0.00916749611 0 0 0 0 0.00581607036 0.120020546 0 0.317649573 0.00650437735 0.56156379 0 0 0 0 0 0 0.630105674 0.278815776 0 0 0.257276803 0 0 0 0.00317862513 0 0 0 0 0 0.829456031 0 0.9628371 0 0.212810755 0 0 0 0 0 0 0 0 0 0 0.247607902 0 0.192030117 0 0 0 0 0 0 0.388883173 0.388480216 0 1 0 0 0 0 0 0 0 0.055555556 0.244650543 0.172655582 0.307701409 0.673124611 1 1
G989 0 0.00534707587 1.32184601 0 0.429962963 1.79027903 0 0.00916749611 0 0 0 0 0.00581607036 0.120020546 0 0.317649573 0.00650437735 0.56156379 0 0 0 0 0 0 0.630105674 0.278815776 0 0 0.257276803 0 0 0 0.00317862513 0 0 0 0 0 0.829456031 0 0.9628371 0 0.212810755 0 0 0 0 0 0 0 0 0 0 0.247607902 0 0.192030117 0 0 0 0 0 0 0.388883173 0.388480216 0 1 0 0 0 0 0 0 0 0.0740740746 0.387761921 0.172655582 0.357105464 0.669668376 1 1
G1258 0 0.00534707587 1.32184601 0 0.429962963 1.79027903 0 0.00916749611 0 0 0 0 0.00581607036 0.120020546 0 0.317649573 0.00650437735 0.56156379 0 0 0 0 0 0 0.630105674 0.278815776 0 0 0.257276803 0 0 0 0.00317862513 0 0 0 0 0 0.829456031 0 0.9628371 0 0.212810755 0 0 0 0 0 0 0 0 0 0 0.247607902 0 0.192030117 0 0 0 0 0 0 0.388883173 0.388480216 0 0 0 0 0 1 0 0 0 0.0925925896 0.568060994 0.345311165 0.238070309 0.66790998 1 1
G1263 0 0.00534707587 1.32184601 0 0.429962963 1.79027903 0 0.00916749611 0 0 0 0 0.00581607036 0.120020546 0 0.317649573 0.00650437735 0.56156379 0 0 0 0 0 0 0.630105674 0.278815776 0 0 0.257276803 0 0 0 0.00317862513 0 0 0 0 0 0.829456031 0 0.9628371 0 0.212810755 0 0 0 0 0 0 0 0 0 0 0.247607902 0 0.192030117 0 0 0 0 0 0 0.388883173 0.388480216 0 0 0 0 0 1 0 0 0 0.0925925896 0.775523841 0.345311165 0.238070309 0.676503181 1 1
__smartatpg_bin_238_1 0 0.00534707587 1.32184601 0 0.429962963 1.79027903 0 0.00916749611 0 0 0 0 0.00581607036 0.120020546 0 0.317649573 0.00650437735 0.56156379 0 0 0 0 0 0 0.630105674 0.278815776 0 0 0.257276803 0 0 0 0.00317862513 0 0 0 0 0 0.829456031 0 0.9628371 0 0.212810755 0 0 0 0 0 0 0 0 0 0 0.247607902 0 0.192030117 0 0 0 0 0 0 0.388883173 0.388480216 0 1 0 0 0 0 0 0 0 0.055555556 0.244650543 0.217867076 0.334173948 0.565460324 1 1
G1043 0 0.00534707587 1.32184601 0 0.429962963 1.79027903 0 0.00916749611 0 0 0 0 0.00581607036 0.120020546 0 0.317649573 0.00650437735 0.56156379 0 0 0 0 0 0 0.630105674 0.278815776 0 0 0.257276803 0 0 0 0.00317862513 0 0 0 0 0 0.829456031 0 0.9628371 0 0.212810755 0 0 0 0 0 0 0 0 0 0 0.247607902 0 0.192030117 0 0 0 0 0 0 0.388883173 0.388480216 0 0 1 0 0 0 0 0 0 0.0740740746 0.568060994 0.361869395 0.238070309 0.554587603 1 1
G1350 0 0.00534707587 1.32184601 0 0.429962963 1.79027903 0 0.00916749611 0 0 0 0 0.00581607036 0.120020546 0 0.317649573 0.00650437735 0.56156379 0 0 0 0 0 0 0.630105674 0.278815776 0 0 0.257276803 0 0 0 0.00317862513 0 0 0 0 0 0.829456031 0 0.9628371 0 0.212810755 0 0 0 0 0 0 0 0 0 0 0.247607902 0 0.192030117 0 0 0 0 0 0 0.388883173 0.388480216 0 0 0 0 0 1 0 0 0 0.0925925896 0.244650543 0.252935857 0.411793977 0.558299899 1 1
G1351 0 0.00534707587 1.32184601 0 0.429962963 1.79027903 0 0.00916749611 0 0 0 0 0.00581607036 0.120020546 0 0.317649573 0.00650437735 0.56156379 0 0 0 0 0 0 0.630105674 0.278815776 0 0 0.257276803 0 0 0 0.00317862513 0 0 0 0 0 0.829456031 0 0.9628371 0 0.212810755 0 0 0 0 0 0 0 0 0 0 0.247607902 0 0.192030117 0 0 0 0 0 0 0.388883173 0.388480216 0 1 0 0 0 0 0 0 0 0.0925925896 0.244650543 0.361869395 0.357105464 0.538747668 1 1
G1352 0 0.00534707587 1.32184601 0 0.429962963 1.79027903 0 0.00916749611 0 0 0 0 0.00581607036 0.120020546 0 0.317649573 0.00650437735 0.56156379 0 0 0 0 0 0 0.630105674 0.278815776 0 0 0.257276803 0 0 0 0.00317862513 0 0 0 0 0 0.829456031 0 0.9628371 0 0.212810755 0 0 0 0 0 0 0 0 0 0 0.247607902 0 0.192030117 0 0 0 0 0 0 0.388883173 0.388480216 0 0 0 0 0 1 0 0 0 0.0925925896 0.244650543 0.252935857 0.411793977 0.568916619 1 1
G1353 0 0.00534707587 1.32184601 0 0.429962963 1.79027903 0 0.00916749611 0 0 0 0 0.00581607036 0.120020546 0 0.317649573 0.00650437735 0.56156379 0 0 0 0 0 0 0.630105674 0.278815776 0 0 0.257276803 0 0 0 0.00317862513 0 0 0 0 0 0.829456031 0 0.9628371 0 0.212810755 0 0 0 0 0 0 0 0 0 0 0.247607902 0 0.192030117 0 0 0 0 0 0 0.388883173 0.388480216 0 1 0 0 0 0 0 0 0 0.0925925896 0.244650543 0.305815101 0.357105464 0.752295315 1 1
G1479 0 0.00534707587 1.32184601 0 0.429962963 1.79027903 0 0.00916749611 0 0 0 0 0.00581607036 0.120020546 0 0.317649573 0.00650437735 0.56156379 0 0 0 0 0 0 0.630105674 0.278815776 0 0 0.257276803 0 0 0 0.00317862513 0 0 0 0 0 0.829456031 0 0.9628371 0 0.212810755 0 0 0 0 0 0 0 0 0 0 0.247607902 0 0.192030117 0 0 0 0 0 0 0.388883173 0.388480216 0 1 0 0 0 0 0 0 0 0.111111112 0.387761921 0.252935857 0.496367663 0.530154467 1 1
G1482 0 0.00534707587 1.32184601 0 0.429962963 1.79027903 0 0.00916749611 0 0 0 0 0.00581607036 0.120020546 0 0.317649573 0.00650437735 0.56156379 0 0 0 0 0 0 0.630105674 0.278815776 0 0 0.257276803 0 0 0 0.00317862513 0 0 0 0 0 0.829456031 0 0.9628371 0 0.212810755 0 0 0 0 0 0 0 0 0 0 0.247607902 0 0.192030117 0 0 0 0 0 0 0.388883173 0.388480216 0 1 0 0 0 0 0 0 0 0.111111112 0.387761921 0.376848131 0.476140618 0.500964999 1 1
G1524 0 0.00534707587 1.32184601 0 0.429962963 1.79027903 0 0.00916749611 0 0 0 0 0.00581607036 0.120020546 0 0.317649573 0.00650437735 0.56156379 0 0 0 0 0 0 0.630105674 0.278815776 0 0 0.257276803 0 0 0 0.00317862513 0 0 0 0 0 0.829456031 0 0.9628371 0 0.212810755 0 0 0 0 0 0 0 0 0 0 0.247607902 0 0.192030117 0 0 0 0 0 0 0.388883173 0.388480216 0 1 0 0 0 0 0 0 0 0.129629627 0.387761921 0.252935857 0.538462877 0.521040142 1 1
__smartatpg_bin_239_1 0 0.00534707587 1.32184601 0 0.429962963 1.79027903 0 0.00916749611 0 0 0 0 0.00581607036 0.120020546 0 0.317649573 0.00650437735 0.56156379 0 0 0 0 0 0 0.630105674 0.278815776 0 0 0.257276803 0 0 0 0.00317862513 0 0 0 0 0 0.829456031 0 0.9628371 0 0.212810755 0 0 0 0 0 0 0 0 0 0 0.247607902 0 0.192030117 0 0 0 0 0 0 0.388883173 0.388480216 0 1 0 0 0 0 0 0 0 0.0370370373 0.244650543 0.217867076 0.307701409 0.568916619 1 1
__smartatpg_bin_239_2 0 0.00534707587 1.32184601 0 0.429962963 1.79027903 0 0.00916749611 0 0 0 0 0.00581607036 0.120020546 0 0.317649573 0.00650437735 0.56156379 0 0 0 0 0 0 0.630105674 0.278815776 0 0 0.257276803 0 0 0 0.00317862513 0 0 0 0 0 0.829456031 0 0.9628371 0 0.212810755 0 0 0 0 0 0 0 0 0 0 0.247607902 0 0.192030117 0 0 0 0 0 0 0.388883173 0.388480216 0 1 0 0 0 0 0 0 0 0.055555556 0.244650543 0.217867076 0.334173948 0.565460324 1 1
G1048 0 0.00534707587 1.32184601 0 0.429962963 1.79027903 0 0.00916749611 0 0 0 0 0.00581607036 0.120020546 0 0.317649573 0.00650437735 0.56156379 0 0 0 0 0 0 0.630105674 0.278815776 0 0 0.257276803 0 0 0 0.00317862513 0 0 0 0 0 0.829456031 0 0.9628371 0 0.212810755 0 0 0 0 0 0 0 0 0 0 0.247607902 0 0.192030117 0 0 0 0 0 0 0.388883173 0.388480216 0 0 1 0 0 0 0 0 0 0.0740740746 0.387761921 0.40310201 0.276391089 0.542866886 1 1
G1328 0 0.00534707587 1.32184601 0 0.429962963 1.79027903 0 0.00916749611 0 0 0 0 0.00581607036 0.120020546 0 0.317649573 0.00650437735 0.56156379 0 0 0 0 0 0 0.630105674 0.278815776 0 0 0.257276803 0 0 0 0.00317862513 0 0 0 0 0 0.829456031 0 0.9628371 0 0.212810755 0 0 0 0 0 0 0 0 0 0 0.247607902 0 0.192030117 0 0 0 0 0 0 0.388883173 0.388480216 0 0 0 0 0 1 0 0 0 0.0925925896 1 0.281589121 0.453209102 0.689305842 1 1
G1345 0 0.00534707587 1.32184601 0 0.429962963 1.79027903 0 0.00916749611 0 0 0 0 0.00581607036 0.120020546 0 0.317649573 0.00650437735 0.56156379 0 0 0 0 0 0 0.630105674 0.278815776 0 0 0.257276803 0 0 0 0.00317862513 0 0 0 0 0 0.829456031 0 0.9628371 0 0.212810755 0 0 0 0 0 0 0 0 0 0 0.247607902 0 0.192030117 0 0 0 0 0 0 0.388883173 0.388480216 0 0 0 0 0 1 0 0 0 0.0925925896 0.387761921 0.281589121 0.453209102 0.538747668 1 1
G1522 0 0.00534707587 1.32184601 0 0.429962963 1.79027903 0 0.00916749611 0 0 0 0 0.00581607036 0.120020546 0 0.317649573 0.00650437735 0.56156379 0 0 0 0 0 0 0.630105674 0.278815776 0 0 0.257276803 0 0 0 0.00317862513 0 0 0 0 0 0.829456031 0 0.9628371 0 0.212810755 0 0 0 0 0 0 0 0 0 0 0.247607902 0 0.192030117 0 0 0 0 0 0 0.388883173 0.388480216 0 0 0 0 0 1 0 0 0 0.111111112 0.244650543 0.425591439 0.334173948 0.53451246 1 1
G1523 0 0.00534707587 1.32184601 0 0.429962963 1.79027903 0 0.00916749611 0 0 0 0 0.00581607036 0.120020546 0 0.317649573 0.00650437735 0.56156379 0 0 0 0 0 0 0.630105674 0.278815776 0 0 0.257276803 0 0 0 0.00317862513 0 0 0 0 0 0.829456031 0 0.9628371 0 0.212810755 0 0 0 0 0 0 0 0 0 0 0.247607902 0 0.192030117 0 0 0 0 0 0 0.388883173 0.388480216 0 1 0 0 0 0 0 0 0 0.111111112 0.244650543 0.252935857 0.496367663 0.554587603 1 1
G1770 0 0.00534707587 1.32184601 0 0.429962963 1.79027903 0 0.00916749611 0 0 0 0 0.00581607036 0.120020546 0 0.317649573 0.00650437735 0.56156379 0 0 0 0 0 0 0.630105674 0.278815776 0 0 0.257276803 0 0 0 0.00317862513 0 0 0 0 0 0.829456031 0 0.9628371 0 0.212810755 0 0 0 0 0 0 0 0 0 0 0.247607902 0 0.192030117 0 0 0 0 0 0 0.388883173 0.388480216 0 0 0 0 0 1 0 0 0 0.111111112 0.244650543 0.425591439 0.334173948 0.786446989 1 1
G1771 0 0.00534707587 1.32184601 0 0.429962963 1.79027903 0 0.00916749611 0 0 0 0 0.00581607036 0.120020546 0 0.317649573 0.00650437735 0.56156379 0 0 0 0 0 0 0.630105674 0.278815776 0 0 0.257276803 0 0 0 0.00317862513 0 0 0 0 0 0.829456031 0 0.9628371 0 0.212810755 0 0 0 0 0 0 0 0 0 0 0.247607902 0 0.192030117 0 0 0 0 0 0 0.388883173 0.388480216 0 1 0 0 0 0 0 0 0 0.111111112 0.244650543 0.252935857 0.522840202 0.684631705 1 1
G1772 0 0.00534707587 1.32184601 0 0.429962963 1.79027903 0 0.00916749611 0 0 0 0 0.00581607036 0.120020546 0 0.317649573 0.00650437735 0.56156379 0 0 0 0 0 0 0.630105674 0.278815776 0 0 0.257276803 0 0 0 0.00317862513 0 0 0 0 0 0.829456031 0 0.9628371 0 0.212810755 0 0 0 0 0 0 0 0 0 0 0.247607902 0 0.192030117 0 0 0 0 0 0 0.388883173 0.388480216 0 0 0 0 0 1 0 0 0 0.111111112 0.244650543 0.425591439 0.334173948 0.797300994 1 1
G1773 0 0.00534707587 1.32184601 0 0.429962963 1.79027903 0 0.00916749611 0 0 0 0 0.00581607036 0.120020546 0 0.317649573 0.00650437735 0.56156379 0 0 0 0 0 0 0.630105674 0.278815776 0 0 0.257276803 0 0 0 0.00317862513 0 0 0 0 0 0.829456031 0 0.9628371 0 0.212810755 0 0 0 0 0 0 0 0 0 0 0.247607902 0 0.192030117 0 0 0 0 0 0 0.388883173 0.388480216 0 1 0 0 0 0 0 0 0 0.111111112 0.244650543 0.252935857 0.522840202 0.681432843 1 1
G1774 0 0.00534707587 1.32184601 0 0.429962963 1.79027903 0 0.00916749611 0 0 0 0 0.00581607036 0.120020546 0 0.317649573 0.00650437735 0.56156379 0 0 0 0 0 0 0.630105674 0.278815776 0 0 0.257276803 0 0 0 0.00317862513 0 0 0 0 0 0.829456031 0 0.9628371 0 0.212810755 0 0 0 0 0 0 0 0 0 0 0.247607902 0 0.192030117 0 0 0 0 0 0 0.388883173 0.388480216 0 0 0 0 0 1 0 0 0 0.111111112 0.244650543 0.425591439 0.334173948 0.777332664 1 1
G1775 0 0.00534707587 1.32184601 0 0.429962963 1.79027903 0 0.00916749611 0 0 0 0 0.00581607036 0.120020546 0 0.317649573 0.00650437735 0.56156379 0 0 0 0 0 0 0.630105674 0.278815776 0 0 0.257276803 0 0 0 0.00317862513 0 0 0 0 0 0.829456031 0 0.9628371 0 0.212810755 0 0 0 0 0 0 0 0 0 0 0.247607902 0 0.192030117 0 0 0 0 0 0 0.388883173 0.388480216 0 1 0 0 0 0 0 0 0 0.111111112 0.244650543 0.252935857 0.522840202 0.683040798 1 1
G1776 0 0.00534707587 1.32184601 0 0.429962963 1.79027903 0 0.00916749611 0 0 0 0 0.00581607036 0.120020546 0 0.317649573 0.00650437735 0.56156379 0 0 0 0 0 0 0.630105674 0.278815776 0 0 0.257276803 0 0 0 0.00317862513 0 0 0 0 0 0.829456031 0 0.9628371 0 0.212810755 0 0 0 0 0 0 0 0 0 0 0.247607902 0 0.192030117 0 0 0 0 0 0 0.388883173 0.388480216 0 0 0 0 0 1 0 0 0 0.111111112 0.244650543 0.425591439 0.334173948 0.717226624 1 1
G1777 0 0.00534707587 1.32184601 0 0.429962963 1.79027903 0 0.00916749611 0 0 0 0 0.00581607036 0.120020546 0 0.317649573 0.00650437735 0.56156379 0 0 0 0 0 0 0.630105674 0.278815776 0 0 0.257276803 0 0 0 0.00317862513 0 0 0 0 0 0.829456031 0 0.9628371 0 0.212810755 0 0 0 0 0 0 0 0 0 0 0.247607902 0 0.192030117 0 0 0 0 0 0 0.388883173 0.388480216 0 1 0 0 0 0 0 0 0 0.111111112 0.244650543 0.252935857 0.522840202 0.683040798 1 1
G1778 0 0.00534707587 1.32184601 0 0.429962963 1.79027903 0 0.00916749611 0 0 0 0 0.00581607036 0.120020546 0 0.317649573 0.00650437735 0.56156379 0 0 0 0 0 0 0.630105674 0.278815776 0 0 0.257276803 0 0 0 0.00317862513 0 0 0 0 0 0.829456031 0 0.9628371 0 0.212810755 0 0 0 0 0 0 0 0 0 0 0.247607902 0 0.192030117 0 0 0 0 0 0 0.388883173 0.388480216 0 0 0 0 0 1 0 0 0 0.111111112 0.244650543 0.425591439 0.334173948 0.769441247 1 1
G1779 0 0.00534707587 1.32184601 0 0.429962963 1.79027903 0 0.00916749611 0 0 0 0 0.00581607036 0.120020546 0 0.317649573 0.00650437735 0.56156379 0 0 0 0 0 0 0.630105674 0.278815776 0 0 0.257276803 0 0 0 0.00317862513 0 0 0 0 0 0.829456031 0 0.9628371 0 0.212810755 0 0 0 0 0 0 0 0 0 0 0.247607902 0 0.192030117 0 0 0 0 0 0 0.388883173 0.388480216 0 1 0 0 0 0 0 0 0 0.111111112 0.244650543 0.252935857 0.522840202 0.692343116 1 1
G1780 0 0.00534707587 1.32184601 0 0.429962963 1.79027903 0 0.00916749611 0 0 0 0 0.00581607036 0.120020546 0 0.317649573 0.00650437735 0.56156379 0 0 0 0 0 0 0.630105674 0.278815776 0 0 0.257276803 0 0 0 0.00317862513 0 0 0 0 0 0.829456031 0 0.9628371 0 0.212810755 0 0 0 0 0 0 0 0 0 0 0.247607902 0 0.192030117 0 0 0 0 0 0 0.388883173 0.388480216 0 0 0 0 0 1 0 0 0 0.111111112 0.244650543 0.425591439 0.334173948 0.784015536 1 1
G1781 0 0.00534707587 1.32184601 0 0.429962963 1.79027903 0 0.00916749611 0 0 0 0 0.00581607036 0.120020546 0 0.317649573 0.00650437735 0.56156379 0 0 0 0 0 0 0.630105674 0.278815776 0 0 0.257276803 0 0 0 0.00317862513 0 0 0 0 0 0.829456031 0 0.9628371 0 0.212810755 0 0 0 0 0 0 0 0 0 0 0.247607902 0 0.192030117 0 0 0 0 0 0 0.388883173 0.388480216 0 1 0 0 0 0 0 0 0 0.111111112 0.244650543 0.252935857 0.522840202 0.692343116 1 1
G1782 0 0.00534707587 1.32184601 0 0.429962963 1.79027903 0 0.00916749611 0 0 0 0 0.00581607036 0.120020546 0 0.317649573 0.00650437735 0.56156379 0 0 0 0 0 0 0.630105674 0.278815776 0 0 0.257276803 0 0 0 0.00317862513 0 0 0 0 0 0.829456031 0 0.9628371 0 0.212810755 0 0 0 0 0 0 0 0 0 0 0.247607902 0 0.192030117 0 0 0 0 0 0 0.388883173 0.388480216 0 0 0 0 0 1 0 0 0 0.111111112 0.244650543 0.425591439 0.334173948 0.736343205 1 1
G1783 0 0.00534707587 1.32184601 0 0.429962963 1.79027903 0 0.00916749611 0 0 0 0 0.00581607036 0.120020546 0 0.317649573 0.00650437735 0.56156379 0 0 0 0 0 0 0.630105674 0.278815776 0 0 0.257276803 0 0 0 0.00317862513 0 0 0 0 0 0.829456031 0 0.9628371 0 0.212810755 0 0 0 0 0 0 0 0 0 0 0.247607902 0 0.192030117 0 0 0 0 0 0 0.388883173 0.388480216 0 1 0 0 0 0 0 0 0 0.111111112 0.244650543 0.252935857 0.522840202 0.692343116 1 1
G1784 0 0.00534707587 1.32184601 0 0.429962963 1.79027903 0 0.00916749611 0 0 0 0 0.00581607036 0.120020546 0 0.317649573 0.00650437735 0.56156379 0 0 0 0 0 0 0.630105674 0.278815776 0 0 0.257276803 0 0 0 0.00317862513 0 0 0 0 0 0.829456031 0 0.9628371 0 0.212810755 0 0 0 0 0 0 0 0 0 0 0.247607902 0 0.192030117 0 0 0 0 0 0 0.388883173 0.388480216 0 0 0 0 0 1 0 0 0 0.111111112 0.244650543 0.425591439 0.334173948 0.693839073 1 1
G1785 0 0.00534707587 1.32184601 0 0.429962963 1.79027903 0 0.00916749611 0 0 0 0 0.00581607036 0.120020546 0 0.317649573 0.00650437735 0.56156379 0 0 0 0 0 0 0.630105674 0.278815776 0 0 0.257276803 0 0 0 0.00317862513 0 0 0 0 0 0.829456031 0 0.9628371 0 0.212810755 0 0 0 0 0 0 0 0 0 0 0.247607902 0 0.192030117 0 0 0 0 0 0 0.388883173 0.388480216 0 1 0 0 0 0 0 0 0 0.111111112 0.244650543 0.252935857 0.522840202 0.678164423 1 1
G1796 0 0.00534707587 1.32184601 0 0.429962963 1.79027903 0 0.00916749611 0 0 0 0 0.00581607036 0.120020546 0 0.317649573 0.00650437735 0.56156379 0 0 0 0 0 0 0.630105674 0.278815776 0 0 0.257276803 0 0 0 0.00317862513 0 0 0 0 0 0.829456031 0 0.9628371 0 0.212810755 0 0 0 0 0 0 0 0 0 0 0.247607902 0 0.192030117 0 0 0 0 0 0 0.388883173 0.388480216 0 1 0 0 0 0 0 0 0 0.129629627 0.387761921 0.252935857 0.453209102 0.500964999 1 1
G1799 0 0.00534707587 1.32184601 0 0.429962963 1.79027903 0 0.00916749611 0 0 0 0 0.00581607036 0.120020546 0 0.317649573 0.00650437735 0.56156379 0 0 0 0 0 0 0.630105674 0.278815776 0 0 0.257276803 0 0 0 0.00317862513 0 0 0 0 0 0.829456031 0 0.9628371 0 0.212810755 0 0 0 0 0 0 0 0 0 0 0.247607902 0 0.192030117 0 0 0 0 0 0 0.388883173 0.388480216 0 1 0 0 0 0 0 0 0 0.129629627 0.387761921 0.252935857 0.584092498 0.500964999 1 1
__smartatpg_bin_269_1 0 0.00534707587 1.32184601 0 0.429962963 1.79027903 0 0.00916749611 0 0 0 0 0.00581607036 0.120020546 0 0.317649573 0.00650437735 0.56156379 0 0 0 0 0 0 0.630105674 0.278815776 0 0 0.257276803 0 0 0 0.00317862513 0 0 0 0 0 0.829456031 0 0.9628371 0 0.212810755 0 0 0 0 0 0 0 0 0 0 0.247607902 0 0.192030117 0 0 0 0 0 0 0.388883173 0.388480216 0 1 0 0 0 0 0 0 0 0.055555556 0.244650543 0.252935857 0.334173948 0.721001089 1 1
G1092 0 0.00534707587 1.32184601 0 0.429962963 1.79027903 0 0.00916749611 0 0 0 0 0.00581607036 0.120020546 0 0.317649573 0.00650437735 0.56156379 0 0 0 0 0 0 0.630105674 0.278815776 0 0 0.257276803 0 0 0 0.00317862513 0 0 0 0 0 0.829456031 0 0.9628371 0 0.212810755 0 0 0 0 0 0 0 0 0 0 0.247607902 0 0.192030117 0 0 0 0 0 0 0.388883173 0.388480216 0 0 1 0 0 0 0 0 0 0.0740740746 0.387761921 0.361869395 0.238070309 0.717226624 1 1
G1381 0 0.00534707587 1.32184601 0 0.429962963 1.79027903 0 0.00916749611 0 0 0 0 0.00581607036 0.120020546 0 0.317649573 0.00650437735 0.56156379 0 0 0 0 0 0 0.630105674 0.278815776 0 0 0.257276803 0 0 0 0.00317862513 0 0 0 0 0 0.829456031 0 0.9628371 0 0.212810755 0 0 0 0 0 0 0 0 0 0 0.247607902 0 0.192030117 0 0 0 0 0 0 0.388883173 0.388480216 0 0 0 0 0 1 0 0 0 0.0925925896 0.775523841 0.252935857 0.411793977 0.715947151 1 1
G1390 0 0.00534707587 1.32184601 0 0.429962963 1.79027903 0 0.00916749611 0 0 0 0 0.00581607036 0.120020546 0 0.317649573 0.00650437735 0.56156379 0 0 0 0 0 0 0.630105674 0.278815776 0 0 0.257276803 0 0 0 0.00317862513 0 0 0 0 0 0.829456031 0 0.9628371 0 0.212810755 0 0 0 0 0 0 0 0 0 0 0.247607902 0 0.192030117 0 0 0 0 0 0 0.388883173 0.388480216 0 0 0 0 0 1 0 0 0 0.0925925896 0.775523841 0.252935857 0.411793977 0.722238481 1 1
G1673 0 0.00534707587 1.32184601 0 0.429962963 1.79027903 0 0.00916749611 0 0 0 0 0.00581607036 0.120020546 0 0.317649573 0.00650437735 0.56156379 0 0 0 0 0 0 0.630105674 0.278815776 0 0 0.257276803 0 0 0 0.00317862513 0 0 0 0 0 0.829456031 0 0.9628371 0 0.212810755 0 0 0 0 0 0 0 0 0 0 0.247607902 0 0.192030117 0 0 0 0 0 0 0.388883173 0.388480216 0 0 0 0 0 1 0 0 0 0.111111112 0.244650543 0.390522659 0.307701409 0.715947151 1 1
G1674 0 0.00534707587 1.32184601 0 0.429962963 1.79027903 0 0.00916749611 0 0 0 0 0.00581607036 0.120020546 0 0.317649573 0.00650437735 0.56156379 0 0 0 0 0 0 0.630105674 0.278815776 0 0 0.257276803 0 0 0 0.00317862513 0 0 0 0 0 0.829456031 0 0.9628371 0 0.212810755 0 0 0 0 0 0 0 0 0 0 0.247607902 0 0.192030117 0 0 0 0 0 0 0.388883173 0.388480216 0 1 0 0 0 0 0 0 0 0.111111112 0.244650543 0.281589121 0.465057343 0.713355005 1 1
G1675 0 0.00534707587 1.32184601 0 0.429962963 1.79027903 0 0.00916749611 0 0 0 0 0.00581607036 0.120020546 0 0.317649573 0.00650437735 0.56156379 0 0 0 0 0 0 0.630105674 0.278815776 0 0 0.257276803 0 0 0 0.00317862513 0 0 0 0 0 0.829456031 0 0.9628371 0 0.212810755 0 0 0 0 0 0 0 0 0 0 0.247607902 0 0.192030117 0 0 0 0 0 0 0.388883173 0.388480216 0 0 0 0 0 1 0 0 0 0.111111112 0.244650543 0.390522659 0.307701409 0.735217035 1 1
G1676 0 0.00534707587 1.32184601 0 0.429962963 1.79027903 0 0.00916749611 0 0 0 0 0.00581607036 0.120020546 0 0.317649573 0.00650437735 0.56156379 0 0 0 0 0 0 0.630105674 0.278815776 0 0 0.257276803 0 0 0 0.00317862513 0 0 0 0 0 0.829456031 0 0.9628371 0 0.212810755 0 0 0 0 0 0 0 0 0 0 0.247607902 0 0.192030117 0 0 0 0 0 0 0.388883173 0.388480216 0 1 0 0 0 0 0 0 0 0.111111112 0.244650543 0.281589121 0.465057343 0.71071738 1 1
G1677 0 0.00534707587 1.32184601 0 0.429962963 1.79027903 0 0.00916749611 0 0 0 0 0.00581607036 0.120020546 0 0.317649573 0.00650437735 0.56156379 0 0 0 0 0 0 0.630105674 0.278815776 0 0 0.257276803 0 0 0 0.00317862513 0 0 0 0 0 0.829456031 0 0.9628371 0 0.212810755 0 0 0 0 0 0 0 0 0 0 0.247607902 0 0.192030117 0 0 0 0 0 0 0.388883173 0.388480216 0 0 0 0 0 1 0 0 0 0.111111112 0.244650543 0.390522659 0.307701409 0.737460971 1 1
G1678 0 0.00534707587 1.32184601 0 0.429962963 1.79027903 0 0.00916749611 0 0 0 0 0.00581607036 0.120020546 0 0.317649573 0.00650437735 0.56156379 0 0 0 0 0 0 0.630105674 0.278815776 0 0 0.257276803 0 0 0 0.00317862513 0 0 0 0 0 0.829456031 0 0.9628371 0 0.212810755 0 0 0 0 0 0 0 0 0 0 0.247607902 0 0.192030117 0 0 0 0 0 0 0.388883173 0.388480216 0 1 0 0 0 0 0 0 0 0.111111112 0.244650543 0.281589121 0.465057343 0.712041974 1 1
G1679 0 0.00534707587 1.32184601 0 0.429962963 1.79027903 0 0.00916749611 0 0 0 0 0.00581607036 0.120020546 0 0.317649573 0.00650437735 0.56156379 0 0 0 0 0 0 0.630105674 0.278815776 0 0 0.257276803 0 0 0 0.00317862513 0 0 0 0 0 0.829456031 0 0.9628371 0 0.212810755 0 0 0 0 0 0 0 0 0 0 0.247607902 0 0.192030117 0 0 0 0 0 0 0.388883173 0.388480216 0 0 0 0 0 1 0 0 0 0.111111112 0.244650543 0.390522659 0.307701409 0.738570511 1 1
G1680 0 0.00534707587 1.32184601 0 0.429962963 1.79027903 0 0.00916749611 0 0 0 0 0.00581607036 0.120020546 0 0.317649573 0.00650437735 0.56156379 0 0 0 0 0 0 0.630105674 0.278815776 0 0 0.257276803 0 0 0 0.00317862513 0 0 0 0 0 0.829456031 0 0.9628371 0 0.212810755 0 0 0 0 0 0 0 0 0 0 0.247607902 0 0.192030117 0 0 0 0 0 0 0.388883173 0.388480216 0 1 0 0 0 0 0 0 0 0.111111112 0.244650543 0.281589121 0.465057343 0.712041974 1 1
G1681 0 0.00534707587 1.32184601 0 0.429962963 1.79027903 0 0.00916749611 0 0 0 0 0.00581607036 0.120020546 0 0.317649573 0.00650437735 0.56156379 0 0 0 0 0 0 0.630105674 0.278815776 0 0 0.257276803 0 0 0 0.00317862513 0 0 0 0 0 0.829456031 0 0.9628371 0 0.212810755 0 0 0 0 0 0 0 0 0 0 0.247607902 0 0.192030117 0 0 0 0 0 0 0.388883173 0.388480216 0 0 0 0 0 1 0 0 0 0.111111112 0.244650543 0.390522659 0.307701409 0.743998587 1 1
G1683 0 0.00534707587 1.32184601 0 0.429962963 1.79027903 0 0.00916749611 0 0 0 0 0.00581607036 0.120020546 0 0.317649573 0.00650437735 0.56156379 0 0 0 0 0 0 0.630105674 0.278815776 0 0 0.257276803 0 0 0 0.00317862513 0 0 0 0 0 0.829456031 0 0.9628371 0 0.212810755 0 0 0 0 0 0 0 0 0 0 0.247607902 0 0.192030117 0 0 0 0 0 0 0.388883173 0.388480216 0 0 0 0 0 1 0 0 0 0.111111112 0.244650543 0.390522659 0.307701409 0.742928505 1 1
G1685 0 0.00534707587 1.32184601 0 0.429962963 1.79027903 0 0.00916749611 0 0 0 0 0.00581607036 0.120020546 0 0.317649573 0.00650437735 0.56156379 0 0 0 0 0 0 0.630105674 0.278815776 0 0 0.257276803 0 0 0 0.00317862513 0 0 0 0 0 0.829456031 0 0.9628371 0 0.212810755 0 0 0 0 0 0 0 0 0 0 0.247607902 0 0.192030117 0 0 0 0 0 0 0.388883173 0.388480216 0 0 0 0 0 1 0 0 0 0.111111112 0.244650543 0.390522659 0.307701409 0.741850793 1 1
G1687 0 0.00534707587 1.32184601 0 0.429962963 1.79027903 0 0.00916749611 0 0 0 0 0.00581607036 0.120020546 0 0.317649573 0.00650437735 0.56156379 0 0 0 0 0 0 0.630105674 0.278815776 0 0 0.257276803 0 0 0 0.00317862513 0 0 0 0 0 0.829456031 0 0.9628371 0 0.212810755 0 0 0 0 0 0 0 0 0 0 0.247607902 0 0.192030117 0 0 0 0 0 0 0.388883173 0.388480216 0 0 0 0 0 1 0 0 0 0.111111112 0.244650543 0.390522659 0.307701409 0.730626166 1 1
G1807 0 0.00534707587 1.32184601 0 0.429962963 1.79027903 0 0.00916749611 0 0 0 0 0.00581607036 0.120020546 0 0.317649573 0.00650437735 0.56156379 0 0 0 0 0 0 0.630105674 0.278815776 0 0 0.257276803 0 0 0 0.00317862513 0 0 0 0 0 0.829456031 0 0.9628371 0 0.212810755 0 0 0 0 0 0 0 0 0 0 0.247607902 0 0.192030117 0 0 0 0 0 0 0.388883173 0.388480216 0 1 0 0 0 0 0 0 0 0.129629627 0.244650543 0.217867076 0.496367663 0.709381044 1 1
G1808 0 0.00534707587 1.32184601 0 0.429962963 1.79027903 0 0.00916749611 0 0 0 0 0.00581607036 0.120020546 0 0.317649573 0.00650437735 0.56156379 0 0 0 0 0 0 0.630105674 0.278815776 0 0 0.257276803 0 0 0 0.00317862513 0 0 0 0 0 0.829456031 0 0.9628371 0 0.212810755 0 0 0 0 0 0 0 0 0 0 0.247607902 0 0.192030117 0 0 0 0 0 0 0.388883173 0.388480216 0 1 0 0 0 0 0 0 0 0.129629627 0.244650543 0.217867076 0.496367663 0.706672132 1 1
G1809 0 0.00534707587 1.32184601 0 0.429962963 1.79027903 0 0.00916749611 0 0 0 0 0.00581607036 0.120020546 0 0.317649573 0.00650437735 0.56156379 0 0 0 0 0 0 0.630105674 0.278815776 0 0 0.257276803 0 0 0 0.00317862513 0 0 0 0 0 0.829456031 0 0.9628371 0 0.212810755 0 0 0 0 0 0 0 0 0 0 0.247607902 0 0.192030117 0 0 0 0 0 0 0.388883173 0.388480216 0 1 0 0 0 0 0 0 0 0.129629627 0.244650543 0.217867076 0.496367663 0.708032668 1 1
G1810 0 0.00534707587 1.32184601 0 0.429962963 1.79027903 0 0.00916749611 0 0 0 0 0.00581607036 0.120020546 0 0.317649573 0.00650437735 0.56156379 0 0 0 0 0 0 0.630105674 0.278815776 0 0 0.257276803 0 0 0 0.00317862513 0 0 0 0 0 0.829456031 0 0.9628371 0 0.212810755 0 0 0 0 0 0 0 0 0 0 0.247607902 0 0.192030117 0 0 0 0 0 0 0.388883173 0.388480216 0 1 0 0 0 0 0 0 0 0.129629627 0.244650543 0.217867076 0.496367663 0.708032668 1 1
__smartatpg_bin_270_1 0 0.00534707587 1.32184601 0 0.429962963 1.79027903 0 0.00916749611 0 0 0 0 0.00581607036 0.120020546 0 0.317649573 0.00650437735 0.56156379 0 0 0 0 0 0 0.630105674 0.278815776 0 0 0.257276803 0 0 0 0.00317862513 0 0 0 0 0 0.829456031 0 0.9628371 0 0.212810755 0 0 0 0 0 0 0 0 0 0 0.247607902 0 0.192030117 0 0 0 0 0 0 0.388883173 0.388480216 0 1 0 0 0 0 0 0 0 0.055555556 0.244650543 0.217867076 0.334173948 0.734082401 1 1
G1095 0 0.00534707587 1.32184601 0 0.429962963 1.79027903 0 0.00916749611 0 0 0 0 0.00581607036 0.120020546 0 0.317649573 0.00650437735 0.56156379 0 0 0 0 0 0 0.630105674 0.278815776 0 0 0.257276803 0 0 0 0.00317862513 0 0 0 0 0 0.829456031 0 0.9628371 0 0.212810755 0 0 0 0 0 0 0 0 0 0 0.247607902 0 0.192030117 0 0 0 0 0 0 0.388883173 0.388480216 0 0 1 0 0 0 0 0 0 0.0740740746 0.775523841 0.361869395 0.238070309 0.730626166 1 1
G1403 0 0.00534707587 1.32184601 0 0.429962963 1.79027903 0 0.00916749611 0 0 0 0 0.00581607036 0.120020546 0 0.317649573 0.00650437735 0.56156379 0 0 0 0 0 0 0.630105674 0.278815776 0 0 0.257276803 0 0 0 0.00317862513 0 0 0 0 0 0.829456031 0 0.9628371 0 0.212810755 0 0 0 0 0 0 0 0 0 0 0.247607902 0 0.192030117 0 0 0 0 0 0 0.388883173 0.388480216 0 0 0 0 0 1 0 0 0 0.0925925896 0.244650543 0.252935857 0.411793977 0.75128293 1 1
G1404 0 0.00534707587 1.32184601 0 0.429962963 1.79027903 0 0.00916749611 0 0 0 0 0.00581607036 0.120020546 0 0.317649573 0.00650437735 0.56156379 0 0 0 0 0 0 0.630105674 0.278815776 0 0 0.257276803 0 0 0 0.00317862513 0 0 0 0 0 0.829456031 0 0.9628371 0 0.212810755 0 0 0 0 0 0 0 0 0 0 0.247607902 0 0.192030117 0 0 0 0 0 0 0.388883173 0.388480216 0 0 0 0 0 1 0 0 0 0.0925925896 0.244650543 0.252935857 0.411793977 0.75128293 1 1
G1405 0 0.00534707587 1.32184601 0 0.429962963 1.79027903 0 0.00916749611 0 0 0 0 0.00581607036 0.120020546 0 0.317649573 0.00650437735 0.56156379 0 0 0 0 0 0 0.630105674 0.278815776 0 0 0.257276803 0 0 0 0.00317862513 0 0 0 0 0 0.829456031 0 0.9628371 0 0.212810755 0 0 0 0 0 0 0 0 0 0 0.247607902 0 0.192030117 0 0 0 0 0 0 0.388883173 0.388480216 0 0 0 0 0 1 0 0 0 0.0925925896 0.244650543 0.252935857 0.411793977 0.75128293 1 1
G1406 0 0.00534707587 1.32184601 0 0.429962963 1.79027903 0 0.00916749611 0 0 0 0 0.00581607036 0.120020546 0 0.317649573 0.00650437735 0.56156379 0 0 0 0 0 0 0.630105674 0.278815776 0 0 0.257276803 0 0 0 0.00317862513 0 0 0 0 0 0.829456031 0 0.9628371 0 0.212810755 0 0 0 0 0 0 0 0 0 0 0.247607902 0 0.192030117 0 0 0 0 0 0 0.388883173 0.388480216 0 0 0 0 0 1 0 0 0 0.0925925896 0.244650543 0.252935857 0.411793977 0.741850793 1 1
G1682 0 0.00534707587 1.32184601 0 0.429962963 1.79027903 0 0.00916749611 0 0 0 0 0.00581607036 0.120020546 0 0.317649573 0.00650437735 0.56156379 0 0 0 0 0 0 0.630105674 0.278815776 0 0 0.257276803 0 0 0 0.00317862513 0 0 0 0 0 0.829456031 0 0.9628371 0 0.212810755 0 0 0 0 0 0 0 0 0 0 0.247607902 0 0.192030117 0 0 0 0 0 0 0.388883173 0.388480216 0 1 0 0 0 0 0 0 0 0.111111112 0.244650543 0.281589121 0.465057343 0.728277028 1 1
G1684 0 0.00534707587 1.32184601 0 0.429962963 1.79027903 0 0.00916749611 0 0 0 0 0.00581607036 0.120020546 0 0.317649573 0.00650437735 0.56156379 0 0 0 0 0 0 0.630105674 0.278815776 0 0 0.257276803 0 0 0 0.00317862513 0 0 0 0 0 0.829456031 0 0.9628371 0 0.212810755 0 0 0 0 0 0 0 0 0 0 0.247607902 0 0.192030117 0 0 0 0 0 0 0.388883173 0.388480216 0 1 0 0 0 0 0 0 0 0.111111112 0.244650543 0.281589121 0.465057343 0.728277028 1 1
G1686 0 0.00534707587 1.32184601 0 0.429962963 1.79027903 0 0.00916749611 0 0 0 0 0.00581607036 0.120020546 0 0.317649573 0.00650437735 0.56156379 0 0 0 0 0 0 0.630105674 0.278815776 0 0 0.257276803 0 0 0 0.00317862513 0 0 0 0 0 0.829456031 0 0.9628371 0 0.212810755 0 0 0 0 0 0 0 0 0 0 0.247607902 0 0.192030117 0 0 0 0 0 0 0.388883173 0.388480216 0 1 0 0 0 0 0 0 0 0.111111112 0.244650543 0.281589121 0.465057343 0.728277028 1 1
G1688 0 0.00534707587 1.32184601 0 0.429962963 1.79027903 0 0.00916749611 0 0 0 0 0.00581607036 0.120020546 0 0.317649573 0.00650437735 0.56156379 0 0 0 0 0 0 0.630105674 0.278815776 0 0 0.257276803 0 0 0 0.00317862513 0 0 0 0 0 0.829456031 0 0.9628371 0 0.212810755 0 0 0 0 0 0 0 0 0 0 0.247607902 0 0.192030117 0 0 0 0 0 0 0.388883173 0.388480216 0 1 0 0 0 0 0 0 0 0.111111112 0.244650543 0.281589121 0.465057343 0.717226624 1 1
G2467 0 0.00534707587 1.32184601 0 0.429962963 1.79027903 0 0.00916749611 0 0 0 0 0.00581607036 0.120020546 0 0.317649573 0.00650437735 0.56156379 0 0 0 0 0 0 0.630105674 0.278815776 0 0 0.257276803 0 0 0 0.00317862513 0 0 0 0 0 0.829456031 0 0.9628371 0 0.212810755 0 0 0 0 0 0 0 0 0 0 0.247607902 0 0.192030117 0 0 0 0 0 0 0.388883173 0.388480216 0 1 0 0 0 0 0 0 0 0.240740746 0.244650543 0.305815101 0.572244227 0.699678302 1 1
__smartatpg_bin_321_1 0 0.00534707587 1.32184601 0 0.429962963 1.79027903 0 0.00916749611 0 0 0 0 0.00581607036 0.120020546 0 0.317649573 0.00650437735 0.56156379 0 0 0 0 0 0 0.630105674 0.278815776 0 0 0.257276803 0 0 0 0.00317862513 0 0 0 0 0 0.829456031 0 0.9628371 0 0.212810755 0 0 0 0 0 0 0 0 0 0 0.247607902 0 0.192030117 0 0 0 0 0 0 0.388883173 0.388480216 0 1 0 0 0 0 0 0 0 0.0185185187 0.244650543 0.172655582 0.238070309 0.768538296 1 1
G1180 0 0.00534707587 1.32184601 0 0.429962963 1.79027903 0 0.00916749611 0 0 0 0 0.00581607036 0.120020546 0 0.317649573 0.00650437735 0.56156379 0 0 0 0 0 0 0.630105674 0.278815776 0 0 0.257276803 0 0 0 0.00317862513 0 0 0 0 0 0.829456031 0 0.9628371 0 0.212810755 0 0 0 0 0 0 0 0 0 0 0.247607902 0 0.192030117 0 0 0 0 0 0 0.388883173 0.388480216 0 1 0 0 0 0 0 0 0 0.0740740746 0.489301085 0.217867076 0.440482408 0.760158062 1 1
__smartatpg_bin_322_1 0 0.00534707587 1.32184601 0 0.429962963 1.79027903 0 0.00916749611 0 0 0 0 0.00581607036 0.120020546 0 0.317649573 0.00650437735 0.56156379 0 0 0 0 0 0 0.630105674 0.278815776 0 0 0.257276803 0 0 0 0.00317862513 0 0 0 0 0 0.829456031 0 0.9628371 0 0.212810755 0 0 0 0 0 0 0 0 0 0 0.247607902 0 0.192030117 0 0 0 0 0 0 0.388883173 0.388480216 0 1 0 0 0 0 0 0 0 0.0185185187 0.244650543 0.172655582 0.238070309 0.764871299 1 1
G1184 0 0.00534707587 1.32184601 0 0.429962963 1.79027903 0 0.00916749611 0 0 0 0 0.00581607036 0.120020546 0 0.317649573 0.00650437735 0.56156379 0 0 0 0 0 0 0.630105674 0.278815776 0 0 0.257276803 0 0 0 0.00317862513 0 0 0 0 0 0.829456031 0 0.9628371 0 0.212810755 0 0 0 0 0 0 0 0 0 0 0.247607902 0 0.192030117 0 0 0 0 0 0 0.388883173 0.388480216 0 0 1 0 0 0 0 0 0 0.0740740746 0.568060994 0.40310201 0.238070309 0.756278038 1 1
G1433 0 0.00534707587 1.32184601 0 0.429962963 1.79027903 0 0.00916749611 0 0 0 0 0.00581607036 0.120020546 0 0.317649573 0.00650437735 0.56156379 0 0 0 0 0 0 0.630105674 0.278815776 0 0 0.257276803 0 0 0 0.00317862513 0 0 0 0 0 0.829456031 0 0.9628371 0 0.212810755 0 0 0 0 0 0 0 0 0 0 0.247607902 0 0.192030117 0 0 0 0 0 0 0.388883173 0.388480216 0 0 0 0 0 1 0 0 0 0.0925925896 0.387761921 0.252935857 0.453209102 0.755292237 1 1
G1769 0 0.00534707587 1.32184601 0 0.429962963 1.79027903 0 0.00916749611 0 0 0 0 0.00581607036 0.120020546 0 0.317649573 0.00650437735 0.56156379 0 0 0 0 0 0 0.630105674 0.278815776 0 0 0.257276803 0 0 0 0.00317862513 0 0 0 0 0 0.829456031 0 0.9628371 0 0.212810755 0 0 0 0 0 0 0 0 0 0 0.247607902 0 0.192030117 0 0 0 0 0 0 0.388883173 0.388480216 0 0 0 0 0 1 0 0 0 0.111111112 0.244650543 0.425591439 0.307701409 0.754299879 1 1
__smartatpg_bin_323_1 0 0.00534707587 1.32184601 0 0.429962963 1.79027903 0 0.00916749611 0 0 0 0 0.00581607036 0.120020546 0 0.317649573 0.00650437735 0.56156379 0 0 0 0 0 0 0.630105674 0.278815776 0 0 0.257276803 0 0 0 0.00317862513 0 0 0 0 0 0.829456031 0 0.9628371 0 0.212810755 0 0 0 0 0 0 0 0 0 0 0.247607902 0 0.192030117 0 0 0 0 0 0 0.388883173 0.388480216 0 1 0 0 0 0 0 0 0 0.0185185187 0.244650543 0.172655582 0.238070309 0.709381044 1 1
G1189 0 0.00534707587 1.32184601 0 0.429962963 1.79027903 0 0.00916749611 0 0 0 0 0.00581607036 0.120020546 0 0.317649573 0.00650437735 0.56156379 0 0 0 0 0 0 0.630105674 0.278815776 0 0 0.257276803 0 0 0 0.00317862513 0 0 0 0 0 0.829456031 0 0.9628371 0 0.212810755 0 0 0 0 0 0 0 0 0 0 0.247607902 0 0.192030117 0 0 0 0 0 0 0.388883173 0.388480216 0 1 0 0 0 0 0 0 0 0.0740740746 0.489301085 0.217867076 0.440482408 0.696787 1 1
__smartatpg_bin_324_1 0 0.00534707587 1.32184601 0 0.429962963 1.79027903 0 0.00916749611 0 0 0 0 0.00581607036 0.120020546 0 0.317649573 0.00650437735 0.56156379 0 0 0 0 0 0 0.630105674 0.278815776 0 0 0.257276803 0 0 0 0.00317862513 0 0 0 0 0 0.829456031 0 0.9628371 0 0.212810755 0 0 0 0 0 0 0 0 0 0 0.247607902 0 0.192030117 0 0 0 0 0 0 0.388883173 0.388480216 0 1 0 0 0 0 0 0 0 0.0185185187 0.244650543 0.172655582 0.238070309 0.662507951 1 1
G1193 0 0.00534707587 1.32184601 0 0.429962963 1.79027903 0 0.00916749611 0 0 0 0 0.00581607036 0.120020546 0 0.317649573 0.00650437735 0.56156379 0 0 0 0 0 0 0.630105674 0.278815776 0 0 0.257276803 0 0 0 0.00317862513 0 0 0 0 0 0.829456031 0 0.9628371 0 0.212810755 0 0 0 0 0 0 0 0 0 0 0.247607902 0 0.192030117 0 0 0 0 0 0 0.388883173 0.388480216 0 0 1 0 0 0 0 0 0 0.0740740746 0.489301085 0.40310201 0.238070309 0.645029426 1 1
__smartatpg_bin_342_1 0 0.00534707587 1.32184601 0 0.429962963 1.79027903 0 0.00916749611 0 0 0 0 0.00581607036 0.120020546 0 0.317649573 0.00650437735 0.56156379 0 0 0 0 0 0 0.630105674 0.278815776 0 0 0.257276803 0 0 0 0.00317862513 0 0 0 0 0 0.829456031 0 0.9628371 0 0.212810755 0 0 0 0 0 0 0 0 0 0 0.247607902 0 0.192030117 0 0 0 0 0 0 0.388883173 0.388480216 0 0 0 1 0 0 0 0 0 0.0925925896 0.244650543 0.305815101 0.377332509 0.681432843 1 1
G1222 0 0.00534707587 1.32184601 0 0.429962963 1.79027903 0 0.00916749611 0 0 0 0 0.00581607036 0.120020546 0 0.317649573 0.00650437735 0.56156379 0 0 0 0 0 0 0.630105674 0.278815776 0 0 0.257276803 0 0 0 0.00317862513 0 0 0 0 0 0.829456031 0 0.9628371 0 0.212810755 0 0 0 0 0 0 0 0 0 0 0.247607902 0 0.192030117 0 0 0 0 0 0 0.388883173 0.388480216 0 0 0 1 0 0 0 0 0 0.111111112 0.244650543 0.390522659 0.377332509 0.673124611 1 1
__smartatpg_bin_343_1 0 0.00534707587 1.32184601 0 0.429962963 1.79027903 0 0.00916749611 0 0 0 0 0.00581607036 0.120020546 0 0.317649573 0.00650437735 0.56156379 0 0 0 0 0 0 0.630105674 0.278815776 0 0 0.257276803 0 0 0 0.00317862513 0 0 0 0 0 0.829456031 0 0.9628371 0 0.212810755 0 0 0 0 0 0 0 0 0 0 0.247607902 0 0.192030117 0 0 0 0 0 0 0.388883173 0.388480216 0 0 0 1 0 0 0 0 0 0.0925925896 0.244650543 0.281589121 0.377332509 0.731787086 1 1
G1223 0 0.00534707587 1.32184601 0 0.429962963 1.79027903 0 0.00916749611 0 0 0 0 0.00581607036 0.120020546 0 0.317649573 0.00650437735 0.56156379 0 0 0 0 0 0 0.630105674 0.278815776 0 0 0.257276803 0 0 0 0.00317862513 0 0 0 0 0 0.829456031 0 0.9628371 0 0.212810755 0 0 0 0 0 0 0 0 0 0 0.247607902 0 0.192030117 0 0 0 0 0 0 0.388883173 0.388480216 0 0 0 1 0 0 0 0 0 0.111111112 0.244650543 0.361869395 0.357105464 0.727088571 1 1
__smartatpg_bin_344_1 0 0.00534707587 1.32184601 0 0.429962963 1.79027903 0 0.00916749611 0 0 0 0 0.00581607036 0.120020546 0 0.317649573 0.00650437735 0.56156379 0 0 0 0 0 0 0.630105674 0.278815776 0 0 0.257276803 0 0 0 0.00317862513 0 0 0 0 0 0.829456031 0 0.9628371 0 0.212810755 0 0 0 0 0 0 0 0 0 0 0.247607902 0 0.192030117 0 0 0 0 0 0 0.388883173 0.388480216 0 0 0 1 0 0 0 0 0 0.0925925896 0.244650543 0.326800615 0.395426244 0.752295315 1 1
G1224 0 0.00534707587 1.32184601 0 0.429962963 1.79027903 0 0.00916749611 0 0 0 0 0.00581607036 0.120020546 0 0.317649573 0.00650437735 0.56156379 0 0 0 0 0 0 0.630105674 0.278815776 0 0 0.257276803 0 0 0 0.00317862513 0 0 0 0 0 0.829456031 0 0.9628371 0 0.212810755 0 0 0 0 0 0 0 0 0 0 0.247607902 0 0.192030117 0 0 0 0 0 0 0.388883173 0.388480216 0 0 0 1 0 0 0 0 0 0.111111112 0.244650543 0.376848131 0.334173948 0.749237418 1 1
__smartatpg_bin_345_1 0 0.00534707587 1.32184601 0 0.429962963 1.79027903 0 0.00916749611 0 0 0 0 0.00581607036 0.120020546 0 0.317649573 0.00650437735 0.56156379 0 0 0 0 0 0 0.630105674 0.278815776 0 0 0.257276803 0 0 0 0.00317862513 0 0 0 0 0 0.829456031 0 0.9628371 0 0.212810755 0 0 0 0 0 0 0 0 0 0 0.247607902 0 0.192030117 0 0 0 0 0 0 0.388883173 0.388480216 0 0 0 1 0 0 0 0 0 0.0925925896 0.244650543 0.326800615 0.395426244 0.70110333 1 1
G1225 0 0.00534707587 1.32184601 0 0.429962963 1.79027903 0 0.00916749611 0 0 0 0 0.00581607036 0.120020546 0 0.317649573 0.00650437735 0.56156379 0 0 0 0 0 0 0.630105674 0.278815776 0 0 0.257276803 0 0 0 0.00317862513 0 0 0 0 0 0.829456031 0 0.9628371 0 0.212810755 0 0 0 0 0 0 0 0 0 0 0.247607902 0 0.192030117 0 0 0 0 0 0 0.388883173 0.388480216 0 0 0 1 0 0 0 0 0 0.111111112 0.244650543 0.40310201 0.377332509 0.693839073 1 1
__smartatpg_bin_346_1 0 0.00534707587 1.32184601 0 0.429962963 1.79027903 0 0.00916749611 0 0 0 0 0.00581607036 0.120020546 0 0.317649573 0.00650437735 0.56156379 0 0 0 0 0 0 0.630105674 0.278815776 0 0 0.257276803 0 0 0 0.00317862513 0 0 0 0 0 0.829456031 0 0.9628371 0 0.212810755 0 0 0 0 0 0 0 0 0 0 0.247607902 0 0.192030117 0 0 0 0 0 0 0.388883173 0.388480216 0 0 0 1 0 0 0 0 0 0.0925925896 0.244650543 0.305815101 0.377332509 0.698239625 1 1
G1226 0 0.00534707587 1.32184601 0 0.429962963 1.79027903 0 0.00916749611 0 0 0 0 0.00581607036 0.120020546 0 0.317649573 0.00650437735 0.56156379 0 0 0 0 0 0 0.630105674 0.278815776 0 0 0.257276803 0 0 0 0.00317862513 0 0 0 0 0 0.829456031 0 0.9628371 0 0.212810755 0 0 0 0 0 0 0 0 0 0 0.247607902 0 0.192030117 0 0 0 0 0 0 0.388883173 0.388480216 0 0 0 1 0 0 0 0 0 0.111111112 0.244650543 0.376848131 0.357105464 0.692343116 1 1
__smartatpg_bin_347_1 0 0.00534707587 1.32184601 0 0.429962963 1.79027903 0 0.00916749611 0 0 0 0 0.00581607036 0.120020546 0 0.317649573 0.00650437735 0.56156379 0 0 0 0 0 0 0.630105674 0.278815776 0 0 0.257276803 0 0 0 0.00317862513 0 0 0 0 0 0.829456031 0 0.9628371 0 0.212810755 0 0 0 0 0 0 0 0 0 0 0.247607902 0 0.192030117 0 0 0 0 0 0 0.388883173 0.388480216 0 0 0 1 0 0 0 0 0 0.0925925896 0.244650543 0.305815101 0.377332509 0.727088571 1 1
G1227 0 0.00534707587 1.32184601 0 0.429962963 1.79027903 0 0.00916749611 0 0 0 0 0.00581607036 0.120020546 0 0.317649573 0.00650437735 0.56156379 0 0 0 0 0 0 0.630105674 0.278815776 0 0 0.257276803 0 0 0 0.00317862513 0 0 0 0 0 0.829456031 0 0.9628371 0 0.212810755 0 0 0 0 0 0 0 0 0 0 0.247607902 0 0.192030117 0 0 0 0 0 0 0.388883173 0.388480216 0 0 0 1 0 0 0 0 0 0.111111112 0.244650543 0.361869395 0.334173948 0.723465741 1 1
__smartatpg_bin_398_1 0 0.00534707587 1.32184601 0 0.429962963 1.79027903 0 0.00916749611 0 0 0 0 0.00581607036 0.120020546 0 0.317649573 0.00650437735 0.56156379 0 0 0 0 0 0 0.630105674 0.278815776 0 0 0.257276803 0 0 0 0.00317862513 0 0 0 0 0 0.829456031 0 0.9628371 0 0.212810755 0 0 0 0 0 0 0 0 0 0 0.247607902 0 0.192030117 0 0 0 0 0 0 0.388883173 0.388480216 0 1 0 0 0 0 0 0 0 0.0925925896 0.244650543 0.252935857 0.476140618 0.769441247 1 1
__smartatpg_bin_398_2 0 0.00534707587 1.32184601 0 0.429962963 1.79027903 0 0.00916749611 0 0 0 0 0.00581607036 0.120020546 0 0.317649573 0.00650437735 0.56156379 0 0 0 0 0 0 0.630105674 0.278815776 0 0 0.257276803 0 0 0 0.00317862513 0 0 0 0 0 0.829456031 0 0.9628371 0 0.212810755 0 0 0 0 0 0 0 0 0 0 0.247607902 0 0.192030117 0 0 0 0 0 0 0.388883173 0.388480216 0 1 0 0 0 0 0 0 0 0.0370370373 0.244650543 0.172655582 0.276391089 0.779031456 1 1
G1318 0 0.00534707587 1.32184601 0 0.429962963 1.79027903 0 0.00916749611 0 0 0 0 0.00581607036 0.120020546 0 0.317649573 0.00650437735 0.56156379 0 0 0 0 0 0 0.630105674 0.278815776 0 0 0.257276803 0 0 0 0.00317862513 0 0 0 0 0 0.829456031 0 0.9628371 0 0.212810755 0 0 0 0 0 0 0 0 0 0 0.247607902 0 0.192030117 0 0 0 0 0 0 0.388883173 0.388480216 0 1 0 0 0 0 0 0 0 0.111111112 0.244650543 0.217867076 0.522840202 0.764871299 1 1
G1471 0 0.00534707587 1.32184601 0 0.429962963 1.79027903 0 0.00916749611 0 0 0 0 0.00581607036 0.120020546 0 0.317649573 0.00650437735 0.56156379 0 0 0 0 0 0 0.630105674 0.278815776 0 0 0.257276803 0 0 0 0.00317862513 0 0 0 0 0 0.829456031 0 0.9628371 0 0.212810755 0 0 0 0 0 0 0 0 0 0 0.247607902 0 0.192030117 0 0 0 0 0 0 0.388883173 0.388480216 0 1 0 0 0 0 0 0 0 0.129629627 0.244650543 0.252935857 0.552782178 0.761112571 1 1
G2311 0 0.00534707587 1.32184601 0 0.429962963 1.79027903 0 0.00916749611 0 0 0 0 0.00581607036 0.120020546 0 0.317649573 0.00650437735 0.56156379 0 0 0 0 0 0 0.630105674 0.278815776 0 0 0.257276803 0 0 0 0.00317862513 0 0 0 0 0 0.829456031 0 0.9628371 0 0.212810755 0 0 0 0 0 0 0 0 0 0 0.247607902 0 0.192030117 0 0 0 0 0 0 0.388883173 0.388480216 0 0 0 0 1 0 0 0 0 0.203703701 0.244650543 0.512035549 0.411793977 0.755292237 1 1
G2344 0 0.00534707587 1.32184601 0 0.429962963 1.79027903 0 0.00916749611 0 0 0 0 0.00581607036 0.120020546 0 0.317649573 0.00650437735 0.56156379 0 0 0 0 0 0 0.630105674 0.278815776 0 0 0.257276803 0 0 0 0.00317862513 0 0 0 0 0 0.829456031 0 0.9628371 0 0.212810755 0 0 0 0 0 0 0 0 0 0 0.247607902 0 0.192030117 0 0 0 0 0 0 0.388883173 0.388480216 0 1 0 0 0 0 0 0 0 0.222222224 0.244650543 0.281589121 0.545771718 0.741850793 1 1
G2421 0 0.00534707587 1.32184601 0 0.429962963 1.79027903 0 0.00916749611 0 0 0 0 0.00581607036 0.120020546 0 0.317649573 0.00650437735 0.56156379 0 0 0 0 0 0 0.630105674 0.278815776 0 0 0.257276803 0 0 0 0.00317862513 0 0 0 0 0 0.829456031 0 0.9628371 0 0.212810755 0 0 0 0 0 0 0 0 0 0 0.247607902 0 0.192030117 0 0 0 0 0 0 0.388883173 0.388480216 0 0 0 1 0 0 0 0 0 0.240740746 0.244650543 0.435734153 0.440482408 0.730626166 1 1
G2466 0 0.00534707587 1.32184601 0 0.429962963 1.79027903 0 0.00916749611 0 0 0 0 0.00581607036 0.120020546 0 0.317649573 0.00650437735 0.56156379 0 0 0 0 0 0 0.630105674 0.278815776 0 0 0.257276803 0 0 0 0.00317862513 0 0 0 0 0 0.829456031 0 0.9628371 0 0.212810755 0 0 0 0 0 0 0 0 0 0 0.247607902 0 0.192030117 0 0 0 0 0 0 0.388883173 0.388480216 0 1 0 0 0 0 0 0 0 0.259259254 0.244650543 0.305815101 0.572244227 0.712041974 1 1
__smartatpg_bin_437_1 0 0.00534707587 1.32184601 0 0.429962963 1.79027903 0 0.00916749611 0 0 0 0 0.00581607036 0.120020546 0 0.317649573 0.00650437735 0.56156379 0 0 0 0 0 0 0.630105674 0.278815776 0 0 0.257276803 0 0 0 0.00317862513 0 0 0 0 0 0.829456031 0 0.9628371 0 0.212810755 0 0 0 0 0 0 0 0 0 0 0.247607902 0 0.192030117 0 0 0 0 0 0 0.388883173 0.388480216 0 0 0 1 0 0 0 0 0 0.0925925896 0.244650543 0.281589121 0.357105464 0.666130781 1 1
G1407 0 0.00534707587 1.32184601 0 0.429962963 1.79027903 0 0.00916749611 0 0 0 0 0.00581607036 0.120020546 0 0.317649573 0.00650437735 0.56156379 0 0 0 0 0 0 0.630105674 0.278815776 0 0 0.257276803 0 0 0 0.00317862513 0 0 0 0 0 0.829456031 0 0.9628371 0 0.212810755 0 0 0 0 0 0 0 0 0 0 0.247607902 0 0.192030117 0 0 0 0 0 0 0.388883173 0.388480216 0 0 0 1 0 0 0 0 0 0.111111112 0.244650543 0.345311165 0.357105464 0.660663247 1 1
G1488 0 0.00534707587 1.32184601 0 0.429962963 1.79027903 0 0.00916749611 0 0 0 0 0.00581607036 0.120020546 0 0.317649573 0.00650437735 0.56156379 0 0 0 0 0 0 0.630105674 0.278815776 0 0 0.257276803 0 0 0 0.00317862513 0 0 0 0 0 0.829456031 0 0.9628371 0 0.212810755 0 0 0 0 0 0 0 0 0 0 0.247607902 0 0.192030117 0 0 0 0 0 0 0.388883173 0.388480216 0 1 0 0 0 0 0 0 0 0.129629627 0.244650543 0.361869395 0.426736563 0.653049469 1 1
__smartatpg_bin_438_1 0 0.00534707587 1.32184601 0 0.429962963 1.79027903 0 0.00916749611 0 0 0 0 0.00581607036 0.120020546 0 0.317649573 0.00650437735 0.56156379 0 0 0 0 0 0 0.630105674 0.278815776 0 0 0.257276803 0 0 0 0.00317862513 0 0 0 0 0 0.829456031 0 0.9628371 0 0.212810755 0 0 0 0 0 0 0 0 0 0 0.247607902 0 0.192030117 0 0 0 0 0 0 0.388883173 0.388480216 0 0 0 1 0 0 0 0 0 0.0925925896 0.244650543 0.281589121 0.357105464 0.696787 1 1
G1408 0 0.00534707587 1.32184601 0 0.429962963 1.79027903 0 0.00916749611 0 0 0 0 0.00581607036 0.120020546 0 0.317649573 0.00650437735 0.56156379 0 0 0 0 0 0 0.630105674 0.278815776 0 0 0.257276803 0 0 0 0.00317862513 0 0 0 0 0 0.829456031 0 0.9628371 0 0.212810755 0 0 0 0 0 0 0 0 0 0 0.247607902 0 0.192030117 0 0 0 0 0 0 0.388883173 0.388480216 0 0 0 1 0 0 0 0 0 0.111111112 0.244650543 0.345311165 0.357105464 0.692343116 1 1
G1491 0 0.00534707587 1.32184601 0 0.429962963 1.79027903 0 0.00916749611 0 0 0 0 0.00581607036 0.120020546 0 0.317649573 0.00650437735 0.56156379 0 0 0 0 0 0 0.630105674 0.278815776 0 0 0.257276803 0 0 0 0.00317862513 0 0 0 0 0 0.829456031 0 0.9628371 0 0.212810755 0 0 0 0 0 0 0 0 0 0 0.247607902 0 0.192030117 0 0 0 0 0 0 0.388883173 0.388480216 0 1 0 0 0 0 0 0 0 0.129629627 0.244650543 0.361869395 0.426736563 0.686205924 1 1
__smartatpg_bin_439_1 0 0.00534707587 1.32184601 0 0.429962963 1.79027903 0 0.00916749611 0 0 0 0 0.00581607036 0.120020546 0 0.317649573 0.00650437735 0.56156379 0 0 0 0 0 0 0.630105674 0.278815776 0 0 0.257276803 0 0 0 0.00317862513 0 0 0 0 0 0.829456031 0 0.9628371 0 0.212810755 0 0 0 0 0 0 0 0 0 0 0.247607902 0 0.192030117 0 0 0 0 0 0 0.388883173 0.388480216 0 0 0 1 0 0 0 0 0 0.0925925896 0.244650543 0.281589121 0.357105464 0.722238481 1 1
G1409 0 0.00534707587 1.32184601 0 0.429962963 1.79027903 0 0.00916749611 0 0 0 0 0.00581607036 0.120020546 0 0.317649573 0.00650437735 0.56156379 0 0 0 0 0 0 0.630105674 0.278815776 0 0 0.257276803 0 0 0 0.00317862513 0 0 0 0 0 0.829456031 0 0.9628371 0 0.212810755 0 0 0 0 0 0 0 0 0 0 0.247607902 0 0.192030117 0 0 0 0 0 0 0.388883173 0.388480216 0 0 0 1 0 0 0 0 0 0.111111112 0.244650543 0.345311165 0.357105464 0.718495369 1 1
G1494 0 0.00534707587 1.32184601 0 0.429962963 1.79027903 0 0.00916749611 0 0 0 0 0.00581607036 0.120020546 0 0.317649573 0.00650437735 0.56156379 0 0 0 0 0 0 0.630105674 0.278815776 0 0 0.257276803 0 0 0 0.00317862513 0 0 0 0 0 0.829456031 0 0.9628371 0 0.212810755 0 0 0 0 0 0 0 0 0 0 0.247607902 0 0.192030117 0 0 0 0 0 0 0.388883173 0.388480216 0 1 0 0 0 0 0 0 0 0.129629627 0.244650543 0.361869395 0.426736563 0.713355005 1 1
__smartatpg_bin_440_1 0 0.00534707587 1.32184601 0 0.429962963 1.79027903 0 0.00916749611 0 0 0 0 0.00581607036 0.120020546 0 0.317649573 0.00650437735 0.56156379 0 0 0 0 0 0 0.630105674 0.278815776 0 0 0.257276803 0 0 0 0.00317862513 0 0 0 0 0 0.829456031 0 0.9628371 0 0.212810755 0 0 0 0 0 0 0 0 0 0 0.247607902 0 0.192030117 0 0 0 0 0 0 0.388883173 0.388480216 0 0 0 1 0 0 0 0 0 0.0925925896 0.244650543 0.281589121 0.357105464 0.74506104 1 1
G1410 0 0.00534707587 1.32184601 0 0.429962963 1.79027903 0 0.00916749611 0 0 0 0 0.00581607036 0.120020546 0 0.317649573 0.00650437735 0.56156379 0 0 0 0 0 0 0.630105674 0.278815776 0 0 0.257276803 0 0 0 0.00317862513 0 0 0 0 0 0.829456031 0 0.9628371 0 0.212810755 0 0 0 0 0 0 0 0 0 0 0.247607902 0 0.192030117 0 0 0 0 0 0 0.388883173 0.388480216 0 0 0 1 0 0 0 0 0 0.111111112 0.244650543 0.345311165 0.357105464 0.741850793 1 1
G1497 0 0.00534707587 1.32184601 0 0.429962963 1.79027903 0 0.00916749611 0 0 0 0 0.00581607036 0.120020546 0 0.317649573 0.00650437735 0.56156379 0 0 0 0 0 0 0.630105674 0.278815776 0 0 0.257276803 0 0 0 0.00317862513 0 0 0 0 0 0.829456031 0 0.9628371 0 0.212810755 0 0 0 0 0 0 0 0 0 0 0.247607902 0 0.192030117 0 0 0 0 0 0 0.388883173 0.388480216 0 1 0 0 0 0 0 0 0 0.129629627 0.244650543 0.361869395 0.426736563 0.737460971 1 1
__smartatpg_bin_441_1 0 0.00534707587 1.32184601 0 0.429962963 1.79027903 0 0.00916749611 0 0 0 0 0.00581607036 0.120020546 0 0.317649573 0.00650437735 0.56156379 0 0 0 0 0 0 0.630105674 0.278815776 0 0 0.257276803 0 0 0 0.00317862513 0 0 0 0 0 0.829456031 0 0.9628371 0 0.212810755 0 0 0 0 0 0 0 0 0 0 0.247607902 0 0.192030117 0 0 0 0 0 0 0.388883173 0.388480216 0 0 0 1 0 0 0 0 0 0.0925925896 0.244650543 0.281589121 0.357105464 0.68776387 1 1
G1411 0 0.00534707587 1.32184601 0 0.429962963 1.79027903 0 0.00916749611 0 0 0 0 0.00581607036 0.120020546 0 0.317649573 0.00650437735 0.56156379 0 0 0 0 0 0 0.630105674 0.278815776 0 0 0.257276803 0 0 0 0.00317862513 0 0 0 0 0 0.829456031 0 0.9628371 0 0.212810755 0 0 0 0 0 0 0 0 0 0 0.247607902 0 0.192030117 0 0 0 0 0 0 0.388883173 0.388480216 0 0 0 1 0 0 0 0 0 0.111111112 0.244650543 0.345311165 0.357105464 0.683040798 1 1
G1500 0 0.00534707587 1.32184601 0 0.429962963 1.79027903 0 0.00916749611 0 0 0 0 0.00581607036 0.120020546 0 0.317649573 0.00650437735 0.56156379 0 0 0 0 0 0 0.630105674 0.278815776 0 0 0.257276803 0 0 0 0.00317862513 0 0 0 0 0 0.829456031 0 0.9628371 0 0.212810755 0 0 0 0 0 0 0 0 0 0 0.247607902 0 0.192030117 0 0 0 0 0 0 0.388883173 0.388480216 0 1 0 0 0 0 0 0 0 0.129629627 0.244650543 0.361869395 0.426736563 0.676503181 1 1
__smartatpg_bin_442_1 0 0.00534707587 1.32184601 0 0.429962963 1.79027903 0 0.00916749611 0 0 0 0 0.00581607036 0.120020546 0 0.317649573 0.00650437735 0.56156379 0 0 0 0 0 0 0.630105674 0.278815776 0 0 0.257276803 0 0 0 0.00317862513 0 0 0 0 0 0.829456031 0 0.9628371 0 0.212810755 0 0 0 0 0 0 0 0 0 0 0.247607902 0 0.192030117 0 0 0 0 0 0 0.388883173 0.388480216 0 0 0 1 0 0 0 0 0 0.0925925896 0.244650543 0.281589121 0.357105464 0.714656651 1 1
G1412 0 0.00534707587 1.32184601 0 0.429962963 1.79027903 0 0.00916749611 0 0 0 0 0.00581607036 0.120020546 0 0.317649573 0.00650437735 0.56156379 0 0 0 0 0 0 0.630105674 0.278815776 0 0 0.257276803 0 0 0 0.00317862513 0 0 0 0 0 0.829456031 0 0.9628371 0 0.212810755 0 0 0 0 0 0 0 0 0 0 0.247607902 0 0.192030117 0 0 0 0 0 0 0.388883173 0.388480216 0 0 0 1 0 0 0 0 0 0.111111112 0.244650543 0.345311165 0.357105464 0.71071738 1 1
G1503 0 0.00534707587 1.32184601 0 0.429962963 1.79027903 0 0.00916749611 0 0 0 0 0.00581607036 0.120020546 0 0.317649573 0.00650437735 0.56156379 0 0 0 0 0 0 0.630105674 0.278815776 0 0 0.257276803 0 0 0 0.00317862513 0 0 0 0 0 0.829456031 0 0.9628371 0 0.212810755 0 0 0 0 0 0 0 0 0 0 0.247607902 0 0.192030117 0 0 0 0 0 0 0.388883173 0.388480216 0 1 0 0 0 0 0 0 0 0.129629627 0.244650543 0.361869395 0.426736563 0.705299139 1 1
__smartatpg_bin_443_1 0 0.00534707587 1.32184601 0 0.429962963 1.79027903 0 0.00916749611 0 0 0 0 0.00581607036 0.120020546 0 0.317649573 0.00650437735 0.56156379 0 0 0 0 0 0 0.630105674 0.278815776 0 0 0.257276803 0 0 0 0.00317862513 0 0 0 0 0 0.829456031 0 0.9628371 0 0.212810755 0 0 0 0 0 0 0 0 0 0 0.247607902 0 0.192030117 0 0 0 0 0 0 0.388883173 0.388480216 0 0 0 1 0 0 0 0 0 0.0925925896 0.244650543 0.281589121 0.357105464 0.709381044 1 1
G1413 0 0.00534707587 1.32184601 0 0.429962963 1.79027903 0 0.00916749611 0 0 0 0 0.00581607036 0.120020546 0 0.317649573 0.00650437735 0.56156379 0 0 0 0 0 0 0.630105674 0.278815776 0 0 0.257276803 0 0 0 0.00317862513 0 0 0 0 0 0.829456031 0 0.9628371 0 0.212810755 0 0 0 0 0 0 0 0 0 0 0.247607902 0 0.192030117 0 0 0 0 0 0 0.388883173 0.388480216 0 0 0 1 0 0 0 0 0 0.111111112 0.244650543 0.345311165 0.357105464 0.705299139 1 1
G1506 0 0.00534707587 1.32184601 0 0.429962963 1.79027903 0 0.00916749611 0 0 0 0 0.00581607036 0.120020546 0 0.317649573 0.00650437735 0.56156379 0 0 0 0 0 0 0.630105674 0.278815776 0 0 0.257276803 0 0 0 0.00317862513 0 0 0 0 0 0.829456031 0 0.9628371 0 0.212810755 0 0 0 0 0 0 0 0 0 0 0.247607902 0 0.192030117 0 0 0 0 0 0 0.388883173 0.388480216 0 1 0 0 0 0 0 0 0 0.129629627 0.244650543 0.361869395 0.426736563 0.699678302 1 1
__smartatpg_bin_444_1 0 0.00534707587 1.32184601 0 0.429962963 1.79027903 0 0.00916749611 0 0 0 0 0.00581607036 0.120020546 0 0.317649573 0.00650437735 0.56156379 0 0 0 0 0 0 0.630105674 0.278815776 0 0 0.257276803 0 0 0 0.00317862513 0 0 0 0 0 0.829456031 0 0.9628371 0 0.212810755 0 0 0 0 0 0 0 0 0 0 0.247607902 0 0.192030117 0 0 0 0 0 0 0.388883173 0.388480216 0 0 0 1 0 0 0 0 0 0.0925925896 0.244650543 0.281589121 0.357105464 0.718495369 1 1
G1414 0 0.00534707587 1.32184601 0 0.429962963 1.79027903 0 0.00916749611 0 0 0 0 0.00581607036 0.120020546 0 0.317649573 0.00650437735 0.56156379 0 0 0 0 0 0 0.630105674 0.278815776 0 0 0.257276803 0 0 0 0.00317862513 0 0 0 0 0 0.829456031 0 0.9628371 0 0.212810755 0 0 0 0 0 0 0 0 0 0 0.247607902 0 0.192030117 0 0 0 0 0 0 0.388883173 0.388480216 0 0 0 1 0 0 0 0 0 0.111111112 0.244650543 0.345311165 0.357105464 0.714656651 1 1
G1509 0 0.00534707587 1.32184601 0 0.429962963 1.79027903 0 0.00916749611 0 0 0 0 0.00581607036 0.120020546 0 0.317649573 0.00650437735 0.56156379 0 0 0 0 0 0 0.630105674 0.278815776 0 0 0.257276803 0 0 0 0.00317862513 0 0 0 0 0 0.829456031 0 0.9628371 0 0.212810755 0 0 0 0 0 0 0 0 0 0 0.247607902 0 0.192030117 0 0 0 0 0 0 0.388883173 0.388480216 0 1 0 0 0 0 0 0 0 0.129629627 0.244650543 0.361869395 0.426736563 0.709381044 1 1
__smartatpg_bin_465_1 0 0.00534707587 1.32184601 0 0.429962963 1.79027903 0 0.00916749611 0 0 0 0 0.00581607036 0.120020546 0 0.317649573 0.00650437735 0.56156379 0 0 0 0 0 0 0.630105674 0.278815776 0 0 0.257276803 0 0 0 0.00317862513 0 0 0 0 0 0.829456031 0 0.9628371 0 0.212810755 0 0 0 0 0 0 0 0 0 0 0.247607902 0 0.192030117 0 0 0 0 0 0 0.388883173 0.388480216 0 1 0 0 0 0 0 0 0 0.0740740746 0.244650543 0.217867076 0.357105464 0.591112256 1 1
G1469 0 0.00534707587 1.32184601 0 0.429962963 1.79027903 0 0.00916749611 0 0 0 0 0.00581607036 0.120020546 0 0.317649573 0.00650437735 0.56156379 0 0 0 0 0 0 0.630105674 0.278815776 0 0 0.257276803 0 0 0 0.00317862513 0 0 0 0 0 0.829456031 0 0.9628371 0 0.212810755 0 0 0 0 0 0 0 0 0 0 0.247607902 0 0.192030117 0 0 0 0 0 0 0.388883173 0.388480216 0 1 0 0 0 0 0 0 0 0.111111112 0.244650543 0.252935857 0.486551791 0.561922789 1 1
G1521 0 0.00534707587 1.32184601 0 0.429962963 1.79027903 0 0.00916749611 0 0 0 0 0.00581607036 0.120020546 0 0.317649573 0.00650437735 0.56156379 0 0 0 0 0 0 0.630105674 0.278815776 0 0 0.257276803 0 0 0 0.00317862513 0 0 0 0 0 0.829456031 0 0.9628371 0 0.212810755 0 0 0 0 0 0 0 0 0 0 0.247607902 0 0.192030117 0 0 0 0 0 0 0.388883173 0.388480216 0 0 0 1 0 0 0 0 0 0.129629627 0.244650543 0.345311165 0.357105464 0.546876192 1 1
G1802 0 0.00534707587 1.32184601 0 0.429962963 1.79027903 0 0.00916749611 0 0 0 0 0.00581607036 0.120020546 0 0.317649573 0.00650437735 0.56156379 0 0 0 0 0 0 0.630105674 0.278815776 0 0 0.257276803 0 0 0 0.00317862513 0 0 0 0 0 0.829456031 0 0.9628371 0 0.212810755 0 0 0 0 0 0 0 0 0 0 0.247607902 0 0.192030117 0 0 0 0 0 0 0.388883173 0.388480216 0 1 0 0 0 0 0 0 0 0.148148149 0.387761921 0.281589121 0.465057343 0.516267002 1 1
__smartatpg_bin_478_1 0 0.00534707587 1.32184601 0 0.429962963 1.79027903 0 0.00916749611 0 0 0 0 0.00581607036 0.120020546 0 0.317649573 0.00650437735 0.56156379 0 0 0 0 0 0 0.630105674 0.278815776 0 0 0.257276803 0 0 0 0.00317862513 0 0 0 0 0 0.829456031 0 0.9628371 0 0.212810755 0 0 0 0 0 0 0 0 0 0 0.247607902 0 0.192030117 0 0 0 0 0 0 0.388883173 0.388480216 0 1 0 0 0 0 0 0 0 0.0740740746 0.244650543 0.172655582 0.334173948 0.671406448 1 1
G1486 0 0.00534707587 1.32184601 0 0.429962963 1.79027903 0 0.00916749611 0 0 0 0 0.00581607036 0.120020546 0 0.317649573 0.00650437735 0.56156379 0 0 0 0 0 0 0.630105674 0.278815776 0 0 0.257276803 0 0 0 0.00317862513 0 0 0 0 0 0.829456031 0 0.9628371 0 0.212810755 0 0 0 0 0 0 0 0 0 0 0.247607902 0 0.192030117 0 0 0 0 0 0 0.388883173 0.388480216 0 1 0 0 0 0 0 0 0 0.111111112 0.244650543 0.217867076 0.411793977 0.664330304 1 1
__smartatpg_bin_479_1 0 0.00534707587 1.32184601 0 0.429962963 1.79027903 0 0.00916749611 0 0 0 0 0.00581607036 0.120020546 0 0.317649573 0.00650437735 0.56156379 0 0 0 0 0 0 0.630105674 0.278815776 0 0 0.257276803 0 0 0 0.00317862513 0 0 0 0 0 0.829456031 0 0.9628371 0 0.212810755 0 0 0 0 0 0 0 0 0 0 0.247607902 0 0.192030117 0 0 0 0 0 0 0.388883173 0.388480216 0 1 0 0 0 0 0 0 0 0.055555556 0.244650543 0.172655582 0.357105464 0.671406448 1 1
G1487 0 0.00534707587 1.32184601 0 0.429962963 1.79027903 0 0.00916749611 0 0 0 0 0.00581607036 0.120020546 0 0.317649573 0.00650437735 0.56156379 0 0 0 0 0 0 0.630105674 0.278815776 0 0 0.257276803 0 0 0 0.00317862513 0 0 0 0 0 0.829456031 0 0.9628371 0 0.212810755 0 0 0 0 0 0 0 0 0 0 0.247607902 0 0.192030117 0 0 0 0 0 0 0.388883173 0.388480216 0 1 0 0 0 0 0 0 0 0.111111112 0.244650543 0.217867076 0.426736563 0.664330304 1 1
__smartatpg_bin_481_1 0 0.00534707587 1.32184601 0 0.429962963 1.79027903 0 0.00916749611 0 0 0 0 0.00581607036 0.120020546 0 0.317649573 0.00650437735 0.56156379 0 0 0 0 0 0 0.630105674 0.278815776 0 0 0.257276803 0 0 0 0.00317862513 0 0 0 0 0 0.829456031 0 0.9628371 0 0.212810755 0 0 0 0 0 0 0 0 0 0 0.247607902 0 0.192030117 0 0 0 0 0 0 0.388883173 0.388480216 0 1 0 0 0 0 0 0 0 0.0740740746 0.244650543 0.172655582 0.334173948 0.70110333 1 1
G1489 0 0.00534707587 1.32184601 0 0.429962963 1.79027903 0 0.00916749611 0 0 0 0 0.00581607036 0.120020546 0 0.317649573 0.00650437735 0.56156379 0 0 0 0 0 0 0.630105674 0.278815776 0 0 0.257276803 0 0 0 0.00317862513 0 0 0 0 0 0.829456031 0 0.9628371 0 0.212810755 0 0 0 0 0 0 0 0 0 0 0.247607902 0 0.192030117 0 0 0 0 0 0 0.388883173 0.388480216 0 1 0 0 0 0 0 0 0 0.111111112 0.244650543 0.217867076 0.411793977 0.695320308 1 1
__smartatpg_bin_482_1 0 0.00534707587 1.32184601 0 0.429962963 1.79027903 0 0.00916749611 0 0 0 0 0.00581607036 0.120020546 0 0.317649573 0.00650437735 0.56156379 0 0 0 0 0 0 0.630105674 0.278815776 0 0 0.257276803 0 0 0 0.00317862513 0 0 0 0 0 0.829456031 0 0.9628371 0 0.212810755 0 0 0 0 0 0 0 0 0 0 0.247607902 0 0.192030117 0 0 0 0 0 0 0.388883173 0.388480216 0 1 0 0 0 0 0 0 0 0.055555556 0.244650543 0.172655582 0.357105464 0.70110333 1 1
G1490 0 0.00534707587 1.32184601 0 0.429962963 1.79027903 0 0.00916749611 0 0 0 0 0.00581607036 0.120020546 0 0.317649573 0.00650437735 0.56156379 0 0 0 0 0 0 0.630105674 0.278815776 0 0 0.257276803 0 0 0 0.00317862513 0 0 0 0 0 0.829456031 0 0.9628371 0 0.212810755 0 0 0 0 0 0 0 0 0 0 0.247607902 0 0.192030117 0 0 0 0 0 0 0.388883173 0.388480216 0 1 0 0 0 0 0 0 0 0.111111112 0.244650543 0.217867076 0.426736563 0.695320308 1 1
__smartatpg_bin_484_1 0 0.00534707587 1.32184601 0 0.429962963 1.79027903 0 0.00916749611 0 0 0 0 0.00581607036 0.120020546 0 0.317649573 0.00650437735 0.56156379 0 0 0 0 0 0 0.630105674 0.278815776 0 0 0.257276803 0 0 0 0.00317862513 0 0 0 0 0 0.829456031 0 0.9628371 0 0.212810755 0 0 0 0 0 0 0 0 0 0 0.247607902 0 0.192030117 0 0 0 0 0 0 0.388883173 0.388480216 0 1 0 0 0 0 0 0 0 0.0740740746 0.244650543 0.172655582 0.334173948 0.725890636 1 1
G1492 0 0.00534707587 1.32184601 0 0.429962963 1.79027903 0 0.00916749611 0 0 0 0 0.00581607036 0.120020546 0 0.317649573 0.00650437735 0.56156379 0 0 0 0 0 0 0.630105674 0.278815776 0 0 0.257276803 0 0 0 0.00317862513 0 0 0 0 0 0.829456031 0 0.9628371 0 0.212810755 0 0 0 0 0 0 0 0 0 0 0.247607902 0 0.192030117 0 0 0 0 0 0 0.388883173 0.388480216 0 1 0 0 0 0 0 0 0 0.111111112 0.244650543 0.217867076 0.411793977 0.721001089 1 1
__smartatpg_bin_485_1 0 0.00534707587 1.32184601 0 0.429962963 1.79027903 0 0.00916749611 0 0 0 0 0.00581607036 0.120020546 0 0.317649573 0.00650437735 0.56156379 0 0 0 0 0 0 0.630105674 0.278815776 0 0 0.257276803 0 0 0 0.00317862513 0 0 0 0 0 0.829456031 0 0.9628371 0 0.212810755 0 0 0 0 0 0 0 0 0 0 0.247607902 0 0.192030117 0 0 0 0 0 0 0.388883173 0.388480216 0 1 0 0 0 0 0 0 0 0.055555556 0.244650543 0.172655582 0.357105464 0.725890636 1 1
G1493 0 0.00534707587 1.32184601 0 0.429962963 1.79027903 0 0.00916749611 0 0 0 0 0.00581607036 0.120020546 0 0.317649573 0.00650437735 0.56156379 0 0 0 0 0 0 0.630105674 0.278815776 0 0 0.257276803 0 0 0 0.00317862513 0 0 0 0 0 0.829456031 0 0.9628371 0 0.212810755 0 0 0 0 0 0 0 0 0 0 0.247607902 0 0.192030117 0 0 0 0 0 0 0.388883173 0.388480216 0 1 0 0 0 0 0 0 0 0.111111112 0.244650543 0.217867076 0.426736563 0.721001089 1 1
__smartatpg_bin_487_1 0 0.00534707587 1.32184601 0 0.429962963 1.79027903 0 0.00916749611 0 0 0 0 0.00581607036 0.120020546 0 0.317649573 0.00650437735 0.56156379 0 0 0 0 0 0 0.630105674 0.278815776 0 0 0.257276803 0 0 0 0.00317862513 0 0 0 0 0 0.829456031 0 0.9628371 0 0.212810755 0 0 0 0 0 0 0 0 0 0 0.247607902 0 0.192030117 0 0 0 0 0 0 0.388883173 0.388480216 0 1 0 0 0 0 0 0 0 0.0740740746 0.244650543 0.172655582 0.334173948 0.748204172 1 1
G1495 0 0.00534707587 1.32184601 0 0.429962963 1.79027903 0 0.00916749611 0 0 0 0 0.00581607036 0.120020546 0 0.317649573 0.00650437735 0.56156379 0 0 0 0 0 0 0.630105674 0.278815776 0 0 0.257276803 0 0 0 0.00317862513 0 0 0 0 0 0.829456031 0 0.9628371 0 0.212810755 0 0 0 0 0 0 0 0 0 0 0.247607902 0 0.192030117 0 0 0 0 0 0 0.388883173 0.388480216 0 1 0 0 0 0 0 0 0 0.111111112 0.244650543 0.217867076 0.411793977 0.743998587 1 1
__smartatpg_bin_488_1 0 0.00534707587 1.32184601 0 0.429962963 1.79027903 0 0.00916749611 0 0 0 0 0.00581607036 0.120020546 0 0.317649573 0.00650437735 0.56156379 0 0 0 0 0 0 0.630105674 0.278815776 0 0 0.257276803 0 0 0 0.00317862513 0 0 0 0 0 0.829456031 0 0.9628371 0 0.212810755 0 0 0 0 0 0 0 0 0 0 0.247607902 0 0.192030117 0 0 0 0 0 0 0.388883173 0.388480216 0 1 0 0 0 0 0 0 0 0.055555556 0.244650543 0.172655582 0.357105464 0.748204172 1 1
G1496 0 0.00534707587 1.32184601 0 0.429962963 1.79027903 0 0.00916749611 0 0 0 0 0.00581607036 0.120020546 0 0.317649573 0.00650437735 0.56156379 0 0 0 0 0 0 0.630105674 0.278815776 0 0 0.257276803 0 0 0 0.00317862513 0 0 0 0 0 0.829456031 0 0.9628371 0 0.212810755 0 0 0 0 0 0 0 0 0 0 0.247607902 0 0.192030117 0 0 0 0 0 0 0.388883173 0.388480216 0 1 0 0 0 0 0 0 0 0.111111112 0.244650543 0.217867076 0.426736563 0.743998587 1 1
__smartatpg_bin_490_1 0 0.00534707587 1.32184601 0 0.429962963 1.79027903 0 0.00916749611 0 0 0 0 0.00581607036 0.120020546 0 0.317649573 0.00650437735 0.56156379 0 0 0 0 0 0 0.630105674 0.278815776 0 0 0.257276803 0 0 0 0.00317862513 0 0 0 0 0 0.829456031 0 0.9628371 0 0.212810755 0 0 0 0 0 0 0 0 0 0 0.247607902 0 0.192030117 0 0 0 0 0 0 0.388883173 0.388480216 0 1 0 0 0 0 0 0 0 0.0740740746 0.244650543 0.172655582 0.334173948 0.692343116 1 1
G1498 0 0.00534707587 1.32184601 0 0.429962963 1.79027903 0 0.00916749611 0 0 0 0 0.00581607036 0.120020546 0 0.317649573 0.00650437735 0.56156379 0 0 0 0 0 0 0.630105674 0.278815776 0 0 0.257276803 0 0 0 0.00317862513 0 0 0 0 0 0.829456031 0 0.9628371 0 0.212810755 0 0 0 0 0 0 0 0 0 0 0.247607902 0 0.192030117 0 0 0 0 0 0 0.388883173 0.388480216 0 1 0 0 0 0 0 0 0 0.111111112 0.244650543 0.217867076 0.411793977 0.686205924 1 1
__smartatpg_bin_491_1 0 0.00534707587 1.32184601 0 0.429962963 1.79027903 0 0.00916749611 0 0 0 0 0.00581607036 0.120020546 0 0.317649573 0.00650437735 0.56156379 0 0 0 0 0 0 0.630105674 0.278815776 0 0 0.257276803 0 0 0 0.00317862513 0 0 0 0 0 0.829456031 0 0.9628371 0 0.212810755 0 0 0 0 0 0 0 0 0 0 0.247607902 0 0.192030117 0 0 0 0 0 0 0.388883173 0.388480216 0 1 0 0 0 0 0 0 0 0.055555556 0.244650543 0.172655582 0.357105464 0.692343116 1 1
G1499 0 0.00534707587 1.32184601 0 0.429962963 1.79027903 0 0.00916749611 0 0 0 0 0.00581607036 0.120020546 0 0.317649573 0.00650437735 0.56156379 0 0 0 0 0 0 0.630105674 0.278815776 0 0 0.257276803 0 0 0 0.00317862513 0 0 0 0 0 0.829456031 0 0.9628371 0 0.212810755 0 0 0 0 0 0 0 0 0 0 0.247607902 0 0.192030117 0 0 0 0 0 0 0.388883173 0.388480216 0 1 0 0 0 0 0 0 0 0.111111112 0.244650543 0.217867076 0.426736563 0.686205924 1 1
__smartatpg_bin_493_1 0 0.00534707587 1.32184601 0 0.429962963 1.79027903 0 0.00916749611 0 0 0 0 0.00581607036 0.120020546 0 0.317649573 0.00650437735 0.56156379 0 0 0 0 0 0 0.630105674 0.278815776 0 0 0.257276803 0 0 0 0.00317862513 0 0 0 0 0 0.829456031 0 0.9628371 0 0.212810755 0 0 0 0 0 0 0 0 0 0 0.247607902 0 0.192030117 0 0 0 0 0 0 0.388883173 0.388480216 0 1 0 0 0 0 0 0 0 0.0925925896 0.244650543 0.172655582 0.334173948 0.718495369 1 1
G1501 0 0.00534707587 1.32184601 0 0.429962963 1.79027903 0 0.00916749611 0 0 0 0 0.00581607036 0.120020546 0 0.317649573 0.00650437735 0.56156379 0 0 0 0 0 0 0.630105674 0.278815776 0 0 0.257276803 0 0 0 0.00317862513 0 0 0 0 0 0.829456031 0 0.9628371 0 0.212810755 0 0 0 0 0 0 0 0 0 0 0.247607902 0 0.192030117 0 0 0 0 0 0 0.388883173 0.388480216 0 1 0 0 0 0 0 0 0 0.111111112 0.244650543 0.217867076 0.411793977 0.713355005 1 1
__smartatpg_bin_494_1 0 0.00534707587 1.32184601 0 0.429962963 1.79027903 0 0.00916749611 0 0 0 0 0.00581607036 0.120020546 0 0.317649573 0.00650437735 0.56156379 0 0 0 0 0 0 0.630105674 0.278815776 0 0 0.257276803 0 0 0 0.00317862513 0 0 0 0 0 0.829456031 0 0.9628371 0 0.212810755 0 0 0 0 0 0 0 0 0 0 0.247607902 0 0.192030117 0 0 0 0 0 0 0.388883173 0.388480216 0 1 0 0 0 0 0 0 0 0.0740740746 0.244650543 0.172655582 0.411793977 0.718495369 1 1
G1502 0 0.00534707587 1.32184601 0 0.429962963 1.79027903 0 0.00916749611 0 0 0 0 0.00581607036 0.120020546 0 0.317649573 0.00650437735 0.56156379 0 0 0 0 0 0 0.630105674 0.278815776 0 0 0.257276803 0 0 0 0.00317862513 0 0 0 0 0 0.829456031 0 0.9628371 0 0.212810755 0 0 0 0 0 0 0 0 0 0 0.247607902 0 0.192030117 0 0 0 0 0 0 0.388883173 0.388480216 0 1 0 0 0 0 0 0 0 0.111111112 0.244650543 0.217867076 0.465057343 0.713355005 1 1
__smartatpg_bin_496_1 0 0.00534707587 1.32184601 0 0.429962963 1.79027903 0 0.00916749611 0 0 0 0 0.00581607036 0.120020546 0 0.317649573 0.00650437735 0.56156379 0 0 0 0 0 0 0.630105674 0.278815776 0 0 0.257276803 0 0 0 0.00317862513 0 0 0 0 0 0.829456031 0 0.9628371 0 0.212810755 0 0 0 0 0 0 0 0 0 0 0.247607902 0 0.192030117 0 0 0 0 0 0 0.388883173 0.388480216 0 1 0 0 0 0 0 0 0 0.0925925896 0.244650543 0.172655582 0.334173948 0.713355005 1 1
G1504 0 0.00534707587 1.32184601 0 0.429962963 1.79027903 0 0.00916749611 0 0 0 0 0.00581607036 0.120020546 0 0.317649573 0.00650437735 0.56156379 0 0 0 0 0 0 0.630105674 0.278815776 0 0 0.257276803 0 0 0 0.00317862513 0 0 0 0 0 0.829456031 0 0.9628371 0 0.212810755 0 0 0 0 0 0 0 0 0 0 0.247607902 0 0.192030117 0 0 0 0 0 0 0.388883173 0.388480216 0 1 0 0 0 0 0 0 0 0.111111112 0.244650543 0.217867076 0.411793977 0.708032668 1 1
__smartatpg_bin_497_1 0 0.00534707587 1.32184601 0 0.429962963 1.79027903 0 0.00916749611 0 0 0 0 0.00581607036 0.120020546 0 0.317649573 0.00650437735 0.56156379 0 0 0 0 0 0 0.630105674 0.278815776 0 0 0.257276803 0 0 0 0.00317862513 0 0 0 0 0 0.829456031 0 0.9628371 0 0.212810755 0 0 0 0 0 0 0 0 0 0 0.247607902 0 0.192030117 0 0 0 0 0 0 0.388883173 0.388480216 0 1 0 0 0 0 0 0 0 0.0740740746 0.244650543 0.172655582 0.411793977 0.713355005 1 1
G1505 0 0.00534707587 1.32184601 0 0.429962963 1.79027903 0 0.00916749611 0 0 0 0 0.00581607036 0.120020546 0 0.317649573 0.00650437735 0.56156379 0 0 0 0 0 0 0.630105674 0.278815776 0 0 0.257276803 0 0 0 0.00317862513 0 0 0 0 0 0.829456031 0 0.9628371 0 0.212810755 0 0 0 0 0 0 0 0 0 0 0.247607902 0 0.192030117 0 0 0 0 0 0 0.388883173 0.388480216 0 1 0 0 0 0 0 0 0 0.111111112 0.244650543 0.217867076 0.465057343 0.708032668 1 1
__smartatpg_bin_499_1 0 0.00534707587 1.32184601 0 0.429962963 1.79027903 0 0.00916749611 0 0 0 0 0.00581607036 0.120020546 0 0.317649573 0.00650437735 0.56156379 0 0 0 0 0 0 0.630105674 0.278815776 0 0 0.257276803 0 0 0 0.00317862513 0 0 0 0 0 0.829456031 0 0.9628371 0 0.212810755 0 0 0 0 0 0 0 0 0 0 0.247607902 0 0.192030117 0 0 0 0 0 0 0.388883173 0.388480216 0 1 0 0 0 0 0 0 0 0.0925925896 0.244650543 0.172655582 0.334173948 0.722238481 1 1
G1507 0 0.00534707587 1.32184601 0 0.429962963 1.79027903 0 0.00916749611 0 0 0 0 0.00581607036 0.120020546 0 0.317649573 0.00650437735 0.56156379 0 0 0 0 0 0 0.630105674 0.278815776 0 0 0.257276803 0 0 0 0.00317862513 0 0 0 0 0 0.829456031 0 0.9628371 0 0.212810755 0 0 0 0 0 0 0 0 0 0 0.247607902 0 0.192030117 0 0 0 0 0 0 0.388883173 0.388480216 0 1 0 0 0 0 0 0 0 0.111111112 0.244650543 0.217867076 0.411793977 0.717226624 1 1
__smartatpg_bin_500_1 0 0.00534707587 1.32184601 0 0.429962963 1.79027903 0 0.00916749611 0 0 0 0 0.00581607036 0.120020546 0 0.317649573 0.00650437735 0.56156379 0 0 0 0 0 0 0.630105674 0.278815776 0 0 0.257276803 0 0 0 0.00317862513 0 0 0 0 0 0.829456031 0 0.9628371 0 0.212810755 0 0 0 0 0 0 0 0 0 0 0.247607902 0 0.192030117 0 0 0 0 0 0 0.388883173 0.388480216 0 1 0 0 0 0 0 0 0 0.0740740746 0.244650543 0.172655582 0.411793977 0.722238481 1 1
G1508 0 0.00534707587 1.32184601 0 0.429962963 1.79027903 0 0.00916749611 0 0 0 0 0.00581607036 0.120020546 0 0.317649573 0.00650437735 0.56156379 0 0 0 0 0 0 0.630105674 0.278815776 0 0 0.257276803 0 0 0 0.00317862513 0 0 0 0 0 0.829456031 0 0.9628371 0 0.212810755 0 0 0 0 0 0 0 0 0 0 0.247607902 0 0.192030117 0 0 0 0 0 0 0.388883173 0.388480216 0 1 0 0 0 0 0 0 0 0.111111112 0.244650543 0.217867076 0.465057343 0.717226624 1 1
__smartatpg_bin_551_1 0 0.00534707587 1.32184601 0 0.429962963 1.79027903 0 0.00916749611 0 0 0 0 0.00581607036 0.120020546 0 0.317649573 0.00650437735 0.56156379 0 0 0 0 0 0 0.630105674 0.278815776 0 0 0.257276803 0 0 0 0.00317862513 0 0 0 0 0 0.829456031 0 0.9628371 0 0.212810755 0 0 0 0 0 0 0 0 0 0 0.247607902 0 0.192030117 0 0 0 0 0 0 0.388883173 0.388480216 0 0 0 1 0 0 0 0 0 0.148148149 0.244650543 0.414748639 0.440482408 0.645029426 1 1
G1697 0 0.00534707587 1.32184601 0 0.429962963 1.79027903 0 0.00916749611 0 0 0 0 0.00581607036 0.120020546 0 0.317649573 0.00650437735 0.56156379 0 0 0 0 0 0 0.630105674 0.278815776 0 0 0.257276803 0 0 0 0.00317862513 0 0 0 0 0 0.829456031 0 0.9628371 0 0.212810755 0 0 0 0 0 0 0 0 0 0 0.247607902 0 0.192030117 0 0 0 0 0 0 0.388883173 0.388480216 0 0 0 1 0 0 0 0 0 0.166666672 0.387761921 0.454244703 0.426736563 0.636557281 1 1
G1955 0 0.00534707587 1.32184601 0 0.429962963 1.79027903 0 0.00916749611 0 0 0 0 0.00581607036 0.120020546 0 0.317649573 0.00650437735 0.56156379 0 0 0 0 0 0 0.630105674 0.278815776 0 0 0.257276803 0 0 0 0.00317862513 0 0 0 0 0 0.829456031 0 0.9628371 0 0.212810755 0 0 0 0 0 0 0 0 0 0 0.247607902 0 0.192030117 0 0 0 0 0 0 0.388883173 0.388480216 0 0 0 0 0 1 0 0 0 0.185185179 0.387761921 0.40310201 0.505652726 0.634362519 1 1
G1958 0 0.00534707587 1.32184601 0 0.429962963 1.79027903 0 0.00916749611 0 0 0 0 0.00581607036 0.120020546 0 0.317649573 0.00650437735 0.56156379 0 0 0 0 0 0 0.630105674 0.278815776 0 0 0.257276803 0 0 0 0.00317862513 0 0 0 0 0 0.829456031 0 0.9628371 0 0.212810755 0 0 0 0 0 0 0 0 0 0 0.247607902 0 0.192030117 0 0 0 0 0 0 0.388883173 0.388480216 0 0 0 0 0 1 0 0 0 0.185185179 0.387761921 0.40310201 0.505652726 0.634362519 1 1
__smartatpg_bin_552_1 0 0.00534707587 1.32184601 0 0.429962963 1.79027903 0 0.00916749611 0 0 0 0 0.00581607036 0.120020546 0 0.317649573 0.00650437735 0.56156379 0 0 0 0 0 0 0.630105674 0.278815776 0 0 0.257276803 0 0 0 0.00317862513 0 0 0 0 0 0.829456031 0 0.9628371 0 0.212810755 0 0 0 0 0 0 0 0 0 0 0.247607902 0 0.192030117 0 0 0 0 0 0 0.388883173 0.388480216 0 0 0 1 0 0 0 0 0 0.148148149 0.244650543 0.414748639 0.440482408 0.679807544 1 1
G1700 0 0.00534707587 1.32184601 0 0.429962963 1.79027903 0 0.00916749611 0 0 0 0 0.00581607036 0.120020546 0 0.317649573 0.00650437735 0.56156379 0 0 0 0 0 0 0.630105674 0.278815776 0 0 0.257276803 0 0 0 0.00317862513 0 0 0 0 0 0.829456031 0 0.9628371 0 0.212810755 0 0 0 0 0 0 0 0 0 0 0.247607902 0 0.192030117 0 0 0 0 0 0 0.388883173 0.388480216 0 0 0 1 0 0 0 0 0 0.166666672 0.387761921 0.454244703 0.426736563 0.673124611 1 1
G1965 0 0.00534707587 1.32184601 0 0.429962963 1.79027903 0 0.00916749611 0 0 0 0 0.00581607036 0.120020546 0 0.317649573 0.00650437735 0.56156379 0 0 0 0 0 0 0.630105674 0.278815776 0 0 0.257276803 0 0 0 0.00317862513 0 0 0 0 0 0.829456031 0 0.9628371 0 0.212810755 0 0 0 0 0 0 0 0 0 0 0.247607902 0 0.192030117 0 0 0 0 0 0 0.388883173 0.388480216 0 0 0 0 0 1 0 0 0 0.185185179 0.387761921 0.40310201 0.505652726 0.671406448 1 1
G1968 0 0.00534707587 1.32184601 0 0.429962963 1.79027903 0 0.00916749611 0 0 0 0 0.00581607036 0.120020546 0 0.317649573 0.00650437735 0.56156379 0 0 0 0 0 0 0.630105674 0.278815776 0 0 0.257276803 0 0 0 0.00317862513 0 0 0 0 0 0.829456031 0 0.9628371 0 0.212810755 0 0 0 0 0 0 0 0 0 0 0.247607902 0 0.192030117 0 0 0 0 0 0 0.388883173 0.388480216 0 0 0 0 0 1 0 0 0 0.185185179 0.387761921 0.40310201 0.505652726 0.671406448 1 1
__smartatpg_bin_555_1 0 0.00534707587 1.32184601 0 0.429962963 1.79027903 0 0.00916749611 0 0 0 0 0.00581607036 0.120020546 0 0.317649573 0.00650437735 0.56156379 0 0 0 0 0 0 0.630105674 0.278815776 0 0 0.257276803 0 0 0 0.00317862513 0 0 0 0 0 0.829456031 0 0.9628371 0 0.212810755 0 0 0 0 0 0 0 0 0 0 0.247607902 0 0.192030117 0 0 0 0 0 0 0.388883173 0.388480216 0 0 0 1 0 0 0 0 0 0.148148149 0.244650543 0.414748639 0.440482408 0.708032668 1 1
G1711 0 0.00534707587 1.32184601 0 0.429962963 1.79027903 0 0.00916749611 0 0 0 0 0.00581607036 0.120020546 0 0.317649573 0.00650437735 0.56156379 0 0 0 0 0 0 0.630105674 0.278815776 0 0 0.257276803 0 0 0 0.00317862513 0 0 0 0 0 0.829456031 0 0.9628371 0 0.212810755 0 0 0 0 0 0 0 0 0 0 0.247607902 0 0.192030117 0 0 0 0 0 0 0.388883173 0.388480216 0 0 0 1 0 0 0 0 0 0.166666672 0.387761921 0.454244703 0.426736563 0.702514946 1 1
G1971 0 0.00534707587 1.32184601 0 0.429962963 1.79027903 0 0.00916749611 0 0 0 0 0.00581607036 0.120020546 0 0.317649573 0.00650437735 0.56156379 0 0 0 0 0 0 0.630105674 0.278815776 0 0 0.257276803 0 0 0 0.00317862513 0 0 0 0 0 0.829456031 0 0.9628371 0 0.212810755 0 0 0 0 0 0 0 0 0 0 0.247607902 0 0.192030117 0 0 0 0 0 0 0.388883173 0.388480216 0 0 0 0 0 1 0 0 0 0.185185179 0.387761921 0.40310201 0.505652726 0.70110333 1 1
G1974 0 0.00534707587 1.32184601 0 0.429962963 1.79027903 0 0.00916749611 0 0 0 0 0.00581607036 0.120020546 0 0.317649573 0.00650437735 0.56156379 0 0 0 0 0 0 0.630105674 0.278815776 0 0 0.257276803 0 0 0 0.00317862513 0 0 0 0 0 0.829456031 0 0.9628371 0 0.212810755 0 0 0 0 0 0 0 0 0 0 0.247607902 0 0.192030117 0 0 0 0 0 0 0.388883173 0.388480216 0 0 0 0 0 1 0 0 0 0.185185179 0.387761921 0.40310201 0.505652726 0.70110333 1 1
__smartatpg_bin_558_1 0 0.00534707587 1.32184601 0 0.429962963 1.79027903 0 0.00916749611 0 0 0 0 0.00581607036 0.120020546 0 0.317649573 0.00650437735 0.56156379 0 0 0 0 0 0 0.630105674 0.278815776 0 0 0.257276803 0 0 0 0.00317862513 0 0 0 0 0 0.829456031 0 0.9628371 0 0.212810755 0 0 0 0 0 0 0 0 0 0 0.247607902 0 0.192030117 0 0 0 0 0 0 0.388883173 0.388480216 0 0 0 1 0 0 0 0 0 0.148148149 0.244650543 0.414748639 0.440482408 0.732939124 1 1
G1722 0 0.00534707587 1.32184601 0 0.429962963 1.79027903 0 0.00916749611 0 0 0 0 0.00581607036 0.120020546 0 0.317649573 0.00650437735 0.56156379 0 0 0 0 0 0 0.630105674 0.278815776 0 0 0.257276803 0 0 0 0.00317862513 0 0 0 0 0 0.829456031 0 0.9628371 0 0.212810755 0 0 0 0 0 0 0 0 0 0 0.247607902 0 0.192030117 0 0 0 0 0 0 0.388883173 0.388480216 0 0 0 1 0 0 0 0 0 0.166666672 0.387761921 0.454244703 0.426736563 0.728277028 1 1
G1978 0 0.00534707587 1.32184601 0 0.429962963 1.79027903 0 0.00916749611 0 0 0 0 0.00581607036 0.120020546 0 0.317649573 0.00650437735 0.56156379 0 0 0 0 0 0 0.630105674 0.278815776 0 0 0.257276803 0 0 0 0.00317862513 0 0 0 0 0 0.829456031 0 0.9628371 0 0.212810755 0 0 0 0 0 0 0 0 0 0 0.247607902 0 0.192030117 0 0 0 0 0 0 0.388883173 0.388480216 0 0 0 0 0 1 0 0 0 0.185185179 0.387761921 0.40310201 0.505652726 0.727088571 1 1
G1981 0 0.00534707587 1.32184601 0 0.429962963 1.79027903 0 0.00916749611 0 0 0 0 0.00581607036 0.120020546 0 0.317649573 0.00650437735 0.56156379 0 0 0 0 0 0 0.630105674 0.278815776 0 0 0.257276803 0 0 0 0.00317862513 0 0 0 0 0 0.829456031 0 0.9628371 0 0.212810755 0 0 0 0 0 0 0 0 0 0 0.247607902 0 0.192030117 0 0 0 0 0 0 0.388883173 0.388480216 0 0 0 0 0 1 0 0 0 0.185185179 0.387761921 0.40310201 0.505652726 0.727088571 1 1
__smartatpg_bin_561_1 0 0.00534707587 1.32184601 0 0.429962963 1.79027903 0 0.00916749611 0 0 0 0 0.00581607036 0.120020546 0 0.317649573 0.00650437735 0.56156379 0 0 0 0 0 0 0.630105674 0.278815776 0 0 0.257276803 0 0 0 0.00317862513 0 0 0 0 0 0.829456031 0 0.9628371 0 0.212810755 0 0 0 0 0 0 0 0 0 0 0.247607902 0 0.192030117 0 0 0 0 0 0 0.388883173 0.388480216 0 0 0 1 0 0 0 0 0 0.148148149 0.244650543 0.414748639 0.440482408 0.669668376 1 1
G1733 0 0.00534707587 1.32184601 0 0.429962963 1.79027903 0 0.00916749611 0 0 0 0 0.00581607036 0.120020546 0 0.317649573 0.00650437735 0.56156379 0 0 0 0 0 0 0.630105674 0.278815776 0 0 0.257276803 0 0 0 0.00317862513 0 0 0 0 0 0.829456031 0 0.9628371 0 0.212810755 0 0 0 0 0 0 0 0 0 0 0.247607902 0 0.192030117 0 0 0 0 0 0 0.388883173 0.388480216 0 0 0 1 0 0 0 0 0 0.166666672 0.568060994 0.454244703 0.426736563 0.662507951 1 1
G1985 0 0.00534707587 1.32184601 0 0.429962963 1.79027903 0 0.00916749611 0 0 0 0 0.00581607036 0.120020546 0 0.317649573 0.00650437735 0.56156379 0 0 0 0 0 0 0.630105674 0.278815776 0 0 0.257276803 0 0 0 0.00317862513 0 0 0 0 0 0.829456031 0 0.9628371 0 0.212810755 0 0 0 0 0 0 0 0 0 0 0.247607902 0 0.192030117 0 0 0 0 0 0 0.388883173 0.388480216 0 0 0 0 0 1 0 0 0 0.185185179 0.387761921 0.40310201 0.505652726 0.660663247 1 1
G1988 0 0.00534707587 1.32184601 0 0.429962963 1.79027903 0 0.00916749611 0 0 0 0 0.00581607036 0.120020546 0 0.317649573 0.00650437735 0.56156379 0 0 0 0 0 0 0.630105674 0.278815776 0 0 0.257276803 0 0 0 0.00317862513 0 0 0 0 0 0.829456031 0 0.9628371 0 0.212810755 0 0 0 0 0 0 0 0 0 0 0.247607902 0 0.192030117 0 0 0 0 0 0 0.388883173 0.388480216 0 0 0 0 0 1 0 0 0 0.185185179 0.387761921 0.40310201 0.505652726 0.660663247 1 1
G2033 0 0.00534707587 1.32184601 0 0.429962963 1.79027903 0 0.00916749611 0 0 0 0 0.00581607036 0.120020546 0 0.317649573 0.00650437735 0.56156379 0 0 0 0 0 0 0.630105674 0.278815776 0 0 0.257276803 0 0 0 0.00317862513 0 0 0 0 0 0.829456031 0 0.9628371 0 0.212810755 0 0 0 0 0 0 0 0 0 0 0.247607902 0 0.192030117 0 0 0 0 0 0 0.388883173 0.388480216 0 0 0 0 0 1 0 0 0 0.185185179 0.244650543 0.40310201 0.505652726 0.772999763 1 1
__smartatpg_bin_562_1 0 0.00534707587 1.32184601 0 0.429962963 1.79027903 0 0.00916749611 0 0 0 0 0.00581607036 0.120020546 0 0.317649573 0.00650437735 0.56156379 0 0 0 0 0 0 0.630105674 0.278815776 0 0 0.257276803 0 0 0 0.00317862513 0 0 0 0 0 0.829456031 0 0.9628371 0 0.212810755 0 0 0 0 0 0 0 0 0 0 0.247607902 0 0.192030117 0 0 0 0 0 0 0.388883173 0.388480216 0 0 0 1 0 0 0 0 0 0.148148149 0.244650543 0.414748639 0.440482408 0.699678302 1 1
G1738 0 0.00534707587 1.32184601 0 0.429962963 1.79027903 0 0.00916749611 0 0 0 0 0.00581607036 0.120020546 0 0.317649573 0.00650437735 0.56156379 0 0 0 0 0 0 0.630105674 0.278815776 0 0 0.257276803 0 0 0 0.00317862513 0 0 0 0 0 0.829456031 0 0.9628371 0 0.212810755 0 0 0 0 0 0 0 0 0 0 0.247607902 0 0.192030117 0 0 0 0 0 0 0.388883173 0.388480216 0 0 0 1 0 0 0 0 0 0.166666672 0.568060994 0.454244703 0.426736563 0.693839073 1 1
G1995 0 0.00534707587 1.32184601 0 0.429962963 1.79027903 0 0.00916749611 0 0 0 0 0.00581607036 0.120020546 0 0.317649573 0.00650437735 0.56156379 0 0 0 0 0 0 0.630105674 0.278815776 0 0 0.257276803 0 0 0 0.00317862513 0 0 0 0 0 0.829456031 0 0.9628371 0 0.212810755 0 0 0 0 0 0 0 0 0 0 0.247607902 0 0.192030117 0 0 0 0 0 0 0.388883173 0.388480216 0 0 0 0 0 1 0 0 0 0.185185179 0.387761921 0.40310201 0.505652726 0.692343116 1 1
G1998 0 0.00534707587 1.32184601 0 0.429962963 1.79027903 0 0.00916749611 0 0 0 0 0.00581607036 0.120020546 0 0.317649573 0.00650437735 0.56156379 0 0 0 0 0 0 0.630105674 0.278815776 0 0 0.257276803 0 0 0 0.00317862513 0 0 0 0 0 0.829456031 0 0.9628371 0 0.212810755 0 0 0 0 0 0 0 0 0 0 0.247607902 0 0.192030117 0 0 0 0 0 0 0.388883173 0.388480216 0 0 0 0 0 1 0 0 0 0.185185179 0.387761921 0.40310201 0.505652726 0.692343116 1 1
G2034 0 0.00534707587 1.32184601 0 0.429962963 1.79027903 0 0.00916749611 0 0 0 0 0.00581607036 0.120020546 0 0.317649573 0.00650437735 0.56156379 0 0 0 0 0 0 0.630105674 0.278815776 0 0 0.257276803 0 0 0 0.00317862513 0 0 0 0 0 0.829456031 0 0.9628371 0 0.212810755 0 0 0 0 0 0 0 0 0 0 0.247607902 0 0.192030117 0 0 0 0 0 0 0.388883173 0.388480216 0 0 0 0 0 1 0 0 0 0.185185179 0.244650543 0.40310201 0.505652726 0.772999763 1 1
__smartatpg_bin_565_1 0 0.00534707587 1.32184601 0 0.429962963 1.79027903 0 0.00916749611 0 0 0 0 0.00581607036 0.120020546 0 0.317649573 0.00650437735 0.56156379 0 0 0 0 0 0 0.630105674 0.278815776 0 0 0.257276803 0 0 0 0.00317862513 0 0 0 0 0 0.829456031 0 0.9628371 0 0.212810755 0 0 0 0 0 0 0 0 0 0 0.247607902 0 0.192030117 0 0 0 0 0 0 0.388883173 0.388480216 0 0 0 1 0 0 0 0 0 0.148148149 0.244650543 0.414748639 0.440482408 0.693839073 1 1
G1751 0 0.00534707587 1.32184601 0 0.429962963 1.79027903 0 0.00916749611 0 0 0 0 0.00581607036 0.120020546 0 0.317649573 0.00650437735 0.56156379 0 0 0 0 0 0 0.630105674 0.278815776 0 0 0.257276803 0 0 0 0.00317862513 0 0 0 0 0 0.829456031 0 0.9628371 0 0.212810755 0 0 0 0 0 0 0 0 0 0 0.247607902 0 0.192030117 0 0 0 0 0 0 0.388883173 0.388480216 0 0 0 1 0 0 0 0 0 0.166666672 0.568060994 0.454244703 0.426736563 0.68776387 1 1
G2001 0 0.00534707587 1.32184601 0 0.429962963 1.79027903 0 0.00916749611 0 0 0 0 0.00581607036 0.120020546 0 0.317649573 0.00650437735 0.56156379 0 0 0 0 0 0 0.630105674 0.278815776 0 0 0.257276803 0 0 0 0.00317862513 0 0 0 0 0 0.829456031 0 0.9628371 0 0.212810755 0 0 0 0 0 0 0 0 0 0 0.247607902 0 0.192030117 0 0 0 0 0 0 0.388883173 0.388480216 0 0 0 0 0 1 0 0 0 0.185185179 0.387761921 0.40310201 0.505652726 0.686205924 1 1
G2004 0 0.00534707587 1.32184601 0 0.429962963 1.79027903 0 0.00916749611 0 0 0 0 0.00581607036 0.120020546 0 0.317649573 0.00650437735 0.56156379 0 0 0 0 0 0 0.630105674 0.278815776 0 0 0.257276803 0 0 0 0.00317862513 0 0 0 0 0 0.829456031 0 0.9628371 0 0.212810755 0 0 0 0 0 0 0 0 0 0 0.247607902 0 0.192030117 0 0 0 0 0 0 0.388883173 0.388480216 0 0 0 0 0 1 0 0 0 0.185185179 0.387761921 0.40310201 0.505652726 0.686205924 1 1
G2035 0 0.00534707587 1.32184601 0 0.429962963 1.79027903 0 0.00916749611 0 0 0 0 0.00581607036 0.120020546 0 0.317649573 0.00650437735 0.56156379 0 0 0 0 0 0 0.630105674 0.278815776 0 0 0.257276803 0 0 0 0.00317862513 0 0 0 0 0 0.829456031 0 0.9628371 0 0.212810755 0 0 0 0 0 0 0 0 0 0 0.247607902 0 0.192030117 0 0 0 0 0 0 0.388883173 0.388480216 0 0 0 0 0 1 0 0 0 0.185185179 0.244650543 0.40310201 0.505652726 0.772999763 1 1
__smartatpg_bin_568_1 0 0.00534707587 1.32184601 0 0.429962963 1.79027903 0 0.00916749611 0 0 0 0 0.00581607036 0.120020546 0 0.317649573 0.00650437735 0.56156379 0 0 0 0 0 0 0.630105674 0.278815776 0 0 0.257276803 0 0 0 0.00317862513 0 0 0 0 0 0.829456031 0 0.9628371 0 0.212810755 0 0 0 0 0 0 0 0 0 0 0.247607902 0 0.192030117 0 0 0 0 0 0 0.388883173 0.388480216 0 0 0 1 0 0 0 0 0 0.148148149 0.244650543 0.414748639 0.440482408 0.70391351 1 1
G1764 0 0.00534707587 1.32184601 0 0.429962963 1.79027903 0 0.00916749611 0 0 0 0 0.00581607036 0.120020546 0 0.317649573 0.00650437735 0.56156379 0 0 0 0 0 0 0.630105674 0.278815776 0 0 0.257276803 0 0 0 0.00317862513 0 0 0 0 0 0.829456031 0 0.9628371 0 0.212810755 0 0 0 0 0 0 0 0 0 0 0.247607902 0 0.192030117 0 0 0 0 0 0 0.388883173 0.388480216 0 0 0 1 0 0 0 0 0 0.166666672 0.568060994 0.454244703 0.426736563 0.698239625 1 1
G2008 0 0.00534707587 1.32184601 0 0.429962963 1.79027903 0 0.00916749611 0 0 0 0 0.00581607036 0.120020546 0 0.317649573 0.00650437735 0.56156379 0 0 0 0 0 0 0.630105674 0.278815776 0 0 0.257276803 0 0 0 0.00317862513 0 0 0 0 0 0.829456031 0 0.9628371 0 0.212810755 0 0 0 0 0 0 0 0 0 0 0.247607902 0 0.192030117 0 0 0 0 0 0 0.388883173 0.388480216 0 0 0 0 0 1 0 0 0 0.185185179 0.387761921 0.40310201 0.505652726 0.696787 1 1
G2011 0 0.00534707587 1.32184601 0 0.429962963 1.79027903 0 0.00916749611 0 0 0 0 0.00581607036 0.120020546 0 0.317649573 0.00650437735 0.56156379 0 0 0 0 0 0 0.630105674 0.278815776 0 0 0.257276803 0 0 0 0.00317862513 0 0 0 0 0 0.829456031 0 0.9628371 0 0.212810755 0 0 0 0 0 0 0 0 0 0 0.247607902 0 0.192030117 0 0 0 0 0 0 0.388883173 0.388480216 0 0 0 0 0 1 0 0 0 0.185185179 0.387761921 0.40310201 0.505652726 0.696787 1 1
G2036 0 0.00534707587 1.32184601 0 0.429962963 1.79027903 0 0.00916749611 0 0 0 0 0.00581607036 0.120020546 0 0.317649573 0.00650437735 0.56156379 0 0 0 0 0 0 0.630105674 0.278815776 0 0 0.257276803 0 0 0 0.00317862513 0 0 0 0 0 0.829456031 0 0.9628371 0 0.212810755 0 0 0 0 0 0 0 0 0 0 0.247607902 0 0.192030117 0 0 0 0 0 0 0.388883173 0.388480216 0 0 0 0 0 1 0 0 0 0.185185179 0.244650543 0.40310201 0.505652726 0.772999763 1 1
__smartatpg_bin_586_1 0 0.00534707587 1.32184601 0 0.429962963 1.79027903 0 0.00916749611 0 0 0 0 0.00581607036 0.120020546 0 0.317649573 0.00650437735 0.56156379 0 0 0 0 0 0 0.630105674 0.278815776 0 0 0.257276803 0 0 0 0.00317862513 0 0 0 0 0 0.829456031 0 0.9628371 0 0.212810755 0 0 0 0 0 0 0 0 0 0 0.247607902 0 0.192030117 0 0 0 0 0 0 0.388883173 0.388480216 0 0 0 1 0 0 0 0 0 0.129629627 0.244650543 0.425591439 0.476140618 0.477789909 1 1
G1786 0 0.00534707587 1.32184601 0 0.429962963 1.79027903 0 0.00916749611 0 0 0 0 0.00581607036 0.120020546 0 0.317649573 0.00650437735 0.56156379 0 0 0 0 0 0 0.630105674 0.278815776 0 0 0.257276803 0 0 0 0.00317862513 0 0 0 0 0 0.829456031 0 0.9628371 0 0.212810755 0 0 0 0 0 0 0 0 0 0 0.247607902 0 0.192030117 0 0 0 0 0 0 0.388883173 0.388480216 0 0 0 1 0 0 0 0 0 0.148148149 0.244650543 0.470802933 0.486551791 0.44266814 1 1
__smartatpg_bin_587_1 0 0.00534707587 1.32184601 0 0.429962963 1.79027903 0 0.00916749611 0 0 0 0 0.00581607036 0.120020546 0 0.317649573 0.00650437735 0.56156379 0 0 0 0 0 0 0.630105674 0.278815776 0 0 0.257276803 0 0 0 0.00317862513 0 0 0 0 0 0.829456031 0 0.9628371 0 0.212810755 0 0 0 0 0 0 0 0 0 0 0.247607902 0 0.192030117 0 0 0 0 0 0 0.388883173 0.388480216 0 0 0 1 0 0 0 0 0 0.129629627 0.244650543 0.425591439 0.476140618 0.477789909 1 1
G1787 0 0.00534707587 1.32184601 0 0.429962963 1.79027903 0 0.00916749611 0 0 0 0 0.00581607036 0.120020546 0 0.317649573 0.00650437735 0.56156379 0 0 0 0 0 0 0.630105674 0.278815776 0 0 0.257276803 0 0 0 0.00317862513 0 0 0 0 0 0.829456031 0 0.9628371 0 0.212810755 0 0 0 0 0 0 0 0 0 0 0.247607902 0 0.192030117 0 0 0 0 0 0 0.388883173 0.388480216 0 0 0 0 1 0 0 0 0 0.148148149 0.244650543 0.445261806 0.514461398 0.44266814 1 1
G1811 0 0.00534707587 1.32184601 0 0.429962963 1.79027903 0 0.00916749611 0 0 0 0 0.00581607036 0.120020546 0 0.317649573 0.00650437735 0.56156379 0 0 0 0 0 0 0.630105674 0.278815776 0 0 0.257276803 0 0 0 0.00317862513 0 0 0 0 0 0.829456031 0 0.9628371 0 0.212810755 0 0 0 0 0 0 0 0 0 0 0.247607902 0 0.192030117 0 0 0 0 0 0 0.388883173 0.388480216 0 0 0 0 0 1 0 0 0 0.166666672 0.244650543 0.478470683 0.496367663 0.434539646 1 1
G3521 0 0.00534707587 1.32184601 0 0.429962963 1.79027903 0 0.00916749611 0 0 0 0 0.00581607036 0.120020546 0 0.317649573 0.00650437735 0.56156379 0 0 0 0 0 0 0.630105674 0.278815776 0 0 0.257276803 0 0 0 0.00317862513 0 0 0 0 0 0.829456031 0 0.9628371 0 0.212810755 0 0 0 0 0 0 0 0 0 0 0.247607902 0 0.192030117 0 0 0 0 0 0 0.388883173 0.388480216 0 0 1 0 0 0 0 0 0 0.185185179 0 0.558750987 0.522840202 0 1 1
__smartatpg_bin_58_1 0 0.00534707587 1.32184601 0 0.429962963 1.79027903 0 0.00916749611 0 0 0 0 0.00581607036 0.120020546 0 0.317649573 0.00650437735 0.56156379 0 0 0 0 0 0 0.630105674 0.278815776 0 0 0.257276803 0 0 0 0.00317862513 0 0 0 0 0 0.829456031 0 0.9628371 0 0.212810755 0 0 0 0 0 0 0 0 0 0 0.247607902 0 0.192030117 0 0 0 0 0 0 0.388883173 0.388480216 0 1 0 0 0 0 0 0 0 0.0185185187 0.244650543 0.172655582 0.238070309 0.68776387 1 1
G612 0 0.00534707587 1.32184601 0 0.429962963 1.79027903 0 0.00916749611 0 0 0 0 0.00581607036 0.120020546 0 0.317649573 0.00650437735 0.56156379 0 0 0 0 0 0 0.630105674 0.278815776 0 0 0.257276803 0 0 0 0.00317862513 0 0 0 0 0 0.829456031 0 0.9628371 0 0.212810755 0 0 0 0 0 0 0 0 0 0 0.247607902 0 0.192030117 0 0 0 0 0 0 0.388883173 0.388480216 0 0 1 0 0 0 0 0 0 0.0370370373 0.244650543 0.281589121 0.188666254 0.684631705 1 1
G691 0 0.00534707587 1.32184601 0 0.429962963 1.79027903 0 0.00916749611 0 0 0 0 0.00581607036 0.120020546 0 0.317649573 0.00650437735 0.56156379 0 0 0 0 0 0 0.630105674 0.278815776 0 0 0.257276803 0 0 0 0.00317862513 0 0 0 0 0 0.829456031 0 0.9628371 0 0.212810755 0 0 0 0 0 0 0 0 0 0 0.247607902 0 0.192030117 0 0 0 0 0 0 0.388883173 0.388480216 0 1 0 0 0 0 0 0 0 0.055555556 1 0.252935857 0.307701409 0.679807544 1 1
G1136 0 0.00534707587 1.32184601 0 0.429962963 1.79027903 0 0.00916749611 0 0 0 0 0.00581607036 0.120020546 0 0.317649573 0.00650437735 0.56156379 0 0 0 0 0 0 0.630105674 0.278815776 0 0 0.257276803 0 0 0 0.00317862513 0 0 0 0 0 0.829456031 0 0.9628371 0 0.212810755 0 0 0 0 0 0 0 0 0 0 0.247607902 0 0.192030117 0 0 0 0 0 0 0.388883173 0.388480216 0 1 0 0 0 0 0 0 0 0.0740740746 0.244650543 0.281589121 0.377332509 0.679807544 1 1
G1141 0 0.00534707587 1.32184601 0 0.429962963 1.79027903 0 0.00916749611 0 0 0 0 0.00581607036 0.120020546 0 0.317649573 0.00650437735 0.56156379 0 0 0 0 0 0 0.630105674 0.278815776 0 0 0.257276803 0 0 0 0.00317862513 0 0 0 0 0 0.829456031 0 0.9628371 0 0.212810755 0 0 0 0 0 0 0 0 0 0 0.247607902 0 0.192030117 0 0 0 0 0 0 0.388883173 0.388480216 0 1 0 0 0 0 0 0 0 0.0740740746 0.244650543 0.281589121 0.377332509 0.708032668 1 1
G1146 0 0.00534707587 1.32184601 0 0.429962963 1.79027903 0 0.00916749611 0 0 0 0 0.00581607036 0.120020546 0 0.317649573 0.00650437735 0.56156379 0 0 0 0 0 0 0.630105674 0.278815776 0 0 0.257276803 0 0 0 0.00317862513 0 0 0 0 0 0.829456031 0 0.9628371 0 0.212810755 0 0 0 0 0 0 0 0 0 0 0.247607902 0 0.192030117 0 0 0 0 0 0 0.388883173 0.388480216 0 1 0 0 0 0 0 0 0 0.0740740746 0.244650543 0.281589121 0.377332509 0.731787086 1 1
G1151 0 0.00534707587 1.32184601 0 0.429962963 1.79027903 0 0.00916749611 0 0 0 0 0.00581607036 0.120020546 0 0.317649573 0.00650437735 0.56156379 0 0 0 0 0 0 0.630105674 0.278815776 0 0 0.257276803 0 0 0 0.00317862513 0 0 0 0 0 0.829456031 0 0.9628371 0 0.212810755 0 0 0 0 0 0 0 0 0 0 0.247607902 0 0.192030117 0 0 0 0 0 0 0.388883173 0.388480216 0 1 0 0 0 0 0 0 0 0.0740740746 0.244650543 0.281589121 0.377332509 0.753300905 1 1
G1156 0 0.00534707587 1.32184601 0 0.429962963 1.79027903 0 0.00916749611 0 0 0 0 0.00581607036 0.120020546 0 0.317649573 0.00650437735 0.56156379 0 0 0 0 0 0 0.630105674 0.278815776 0 0 0.257276803 0 0 0 0.00317862513 0 0 0 0 0 0.829456031 0 0.9628371 0 0.212810755 0 0 0 0 0 0 0 0 0 0 0.247607902 0 0.192030117 0 0 0 0 0 0 0.388883173 0.388480216 0 1 0 0 0 0 0 0 0 0.0740740746 0.244650543 0.281589121 0.377332509 0.699678302 1 1
G1161 0 0.00534707587 1.32184601 0 0.429962963 1.79027903 0 0.00916749611 0 0 0 0 0.00581607036 0.120020546 0 0.317649573 0.00650437735 0.56156379 0 0 0 0 0 0 0.630105674 0.278815776 0 0 0.257276803 0 0 0 0.00317862513 0 0 0 0 0 0.829456031 0 0.9628371 0 0.212810755 0 0 0 0 0 0 0 0 0 0 0.247607902 0 0.192030117 0 0 0 0 0 0 0.388883173 0.388480216 0 1 0 0 0 0 0 0 0 0.0740740746 0.244650543 0.281589121 0.377332509 0.724683046 1 1
G1166 0 0.00534707587 1.32184601 0 0.429962963 1.79027903 0 0.00916749611 0 0 0 0 0.00581607036 0.120020546 0 0.317649573 0.00650437735 0.56156379 0 0 0 0 0 0 0.630105674 0.278815776 0 0 0.257276803 0 0 0 0.00317862513 0 0 0 0 0 0.829456031 0 0.9628371 0 0.212810755 0 0 0 0 0 0 0 0 0 0 0.247607902 0 0.192030117 0 0 0 0 0 0 0.388883173 0.388480216 0 1 0 0 0 0 0 0 0 0.0740740746 0.244650543 0.281589121 0.377332509 0.698239625 1 1
G1171 0 0.00534707587 1.32184601 0 0.429962963 1.79027903 0 0.00916749611 0 0 0 0 0.00581607036 0.120020546 0 0.317649573 0.00650437735 0.56156379 0 0 0 0 0 0 0.630105674 0.278815776 0 0 0.257276803 0 0 0 0.00317862513 0 0 0 0 0 0.829456031 0 0.9628371 0 0.212810755 0 0 0 0 0 0 0 0 0 0 0.247607902 0 0.192030117 0 0 0 0 0 0 0.388883173 0.388480216 0 1 0 0 0 0 0 0 0 0.0740740746 0.244650543 0.281589121 0.377332509 0.728277028 1 1
G992 0 0.00534707587 1.32184601 0 0.429962963 1.79027903 0 0.00916749611 0 0 0 0 0.00581607036 0.120020546 0 0.317649573 0.00650437735 0.56156379 0 0 0 0 0 0 0.630105674 0.278815776 0 0 0.257276803 0 0 0 0.00317862513 0 0 0 0 0 0.829456031 0 0.9628371 0 0.212810755 0 0 0 0 0 0 0 0 0 0 0.247607902 0 0.192030117 0 0 0 0 0 0 0.388883173 0.388480216 0 0 0 0 0 1 0 0 0 0.0740740746 0.244650543 0.305815101 0.307701409 0.678164423 1 1
G1415 0 0.00534707587 1.32184601 0 0.429962963 1.79027903 0 0.00916749611 0 0 0 0 0.00581607036 0.120020546 0 0.317649573 0.00650437735 0.56156379 0 0 0 0 0 0 0.630105674 0.278815776 0 0 0.257276803 0 0 0 0.00317862513 0 0 0 0 0 0.829456031 0 0.9628371 0 0.212810755 0 0 0 0 0 0 0 0 0 0 0.247607902 0 0.192030117 0 0 0 0 0 0 0.388883173 0.388480216 0 1 0 0 0 0 0 0 0 0.129629627 0.387761921 0.326800615 0.465057343 0.662507951 1 1
G993 0 0.00534707587 1.32184601 0 0.429962963 1.79027903 0 0.00916749611 0 0 0 0 0.00581607036 0.120020546 0 0.317649573 0.00650437735 0.56156379 0 0 0 0 0 0 0.630105674 0.278815776 0 0 0.257276803 0 0 0 0.00317862513 0 0 0 0 0 0.829456031 0 0.9628371 0 0.212810755 0 0 0 0 0 0 0 0 0 0 0.247607902 0 0.192030117 0 0 0 0 0 0 0.388883173 0.388480216 0 0 0 0 0 1 0 0 0 0.0740740746 0.244650543 0.305815101 0.307701409 0.708032668 1 1
G994 0 0.00534707587 1.32184601 0 0.429962963 1.79027903 0 0.00916749611 0 0 0 0 0.00581607036 0.120020546 0 0.317649573 0.00650437735 0.56156379 0 0 0 0 0 0 0.630105674 0.278815776 0 0 0.257276803 0 0 0 0.00317862513 0 0 0 0 0 0.829456031 0 0.9628371 0 0.212810755 0 0 0 0 0 0 0 0 0 0 0.247607902 0 0.192030117 0 0 0 0 0 0 0.388883173 0.388480216 0 0 0 0 0 1 0 0 0 0.0740740746 0.244650543 0.305815101 0.307701409 0.729456186 1 1
G1418 0 0.00534707587 1.32184601 0 0.429962963 1.79027903 0 0.00916749611 0 0 0 0 0.00581607036 0.120020546 0 0.317649573 0.00650437735 0.56156379 0 0 0 0 0 0 0.630105674 0.278815776 0 0 0.257276803 0 0 0 0.00317862513 0 0 0 0 0 0.829456031 0 0.9628371 0 0.212810755 0 0 0 0 0 0 0 0 0 0 0.247607902 0 0.192030117 0 0 0 0 0 0 0.388883173 0.388480216 0 1 0 0 0 0 0 0 0 0.129629627 0.387761921 0.326800615 0.453209102 0.719753444 1 1
G995 0 0.00534707587 1.32184601 0 0.429962963 1.79027903 0 0.00916749611 0 0 0 0 0.00581607036 0.120020546 0 0.317649573 0.00650437735 0.56156379 0 0 0 0 0 0 0.630105674 0.278815776 0 0 0.257276803 0 0 0 0.00317862513 0 0 0 0 0 0.829456031 0 0.9628371 0 0.212810755 0 0 0 0 0 0 0 0 0 0 0.247607902 0 0.192030117 0 0 0 0 0 0 0.388883173 0.388480216 0 0 0 0 0 1 0 0 0 0.0740740746 0.244650543 0.305815101 0.307701409 0.750263631 1 1
G1421 0 0.00534707587 1.32184601 0 0.429962963 1.79027903 0 0.00916749611 0 0 0 0 0.00581607036 0.120020546 0 0.317649573 0.00650437735 0.56156379 0 0 0 0 0 0 0.630105674 0.278815776 0 0 0.257276803 0 0 0 0.00317862513 0 0 0 0 0 0.829456031 0 0.9628371 0 0.212810755 0 0 0 0 0 0 0 0 0 0 0.247607902 0 0.192030117 0 0 0 0 0 0 0.388883173 0.388480216 0 1 0 0 0 0 0 0 0 0.129629627 0.387761921 0.326800615 0.440482408 0.742928505 1 1
G996 0 0.00534707587 1.32184601 0 0.429962963 1.79027903 0 0.00916749611 0 0 0 0 0.00581607036 0.120020546 0 0.317649573 0.00650437735 0.56156379 0 0 0 0 0 0 0.630105674 0.278815776 0 0 0.257276803 0 0 0 0.00317862513 0 0 0 0 0 0.829456031 0 0.9628371 0 0.212810755 0 0 0 0 0 0 0 0 0 0 0.247607902 0 0.192030117 0 0 0 0 0 0 0.388883173 0.388480216 0 0 0 0 0 1 0 0 0 0.0740740746 0.244650543 0.305815101 0.307701409 0.698239625 1 1
G1424 0 0.00534707587 1.32184601 0 0.429962963 1.79027903 0 0.00916749611 0 0 0 0 0.00581607036 0.120020546 0 0.317649573 0.00650437735 0.56156379 0 0 0 0 0 0 0.630105674 0.278815776 0 0 0.257276803 0 0 0 0.00317862513 0 0 0 0 0 0.829456031 0 0.9628371 0 0.212810755 0 0 0 0 0 0 0 0 0 0 0.247607902 0 0.192030117 0 0 0 0 0 0 0.388883173 0.388480216 0 1 0 0 0 0 0 0 0 0.129629627 0.387761921 0.326800615 0.465057343 0.684631705 1 1
G997 0 0.00534707587 1.32184601 0 0.429962963 1.79027903 0 0.00916749611 0 0 0 0 0.00581607036 0.120020546 0 0.317649573 0.00650437735 0.56156379 0 0 0 0 0 0 0.630105674 0.278815776 0 0 0.257276803 0 0 0 0.00317862513 0 0 0 0 0 0.829456031 0 0.9628371 0 0.212810755 0 0 0 0 0 0 0 0 0 0 0.247607902 0 0.192030117 0 0 0 0 0 0 0.388883173 0.388480216 0 0 0 0 0 1 0 0 0 0.0740740746 0.244650543 0.305815101 0.307701409 0.724683046 1 1
G998 0 0.00534707587 1.32184601 0 0.429962963 1.79027903 0 0.00916749611 0 0 0 0 0.00581607036 0.120020546 0 0.317649573 0.00650437735 0.56156379 0 0 0 0 0 0 0.630105674 0.278815776 0 0 0.257276803 0 0 0 0.00317862513 0 0 0 0 0 0.829456031 0 0.9628371 0 0.212810755 0 0 0 0 0 0 0 0 0 0 0.247607902 0 0.192030117 0 0 0 0 0 0 0.388883173 0.388480216 0 0 0 0 0 1 0 0 0 0.0740740746 0.244650543 0.305815101 0.307701409 0.695320308 1 1
G1427 0 0.00534707587 1.32184601 0 0.429962963 1.79027903 0 0.00916749611 0 0 0 0 0.00581607036 0.120020546 0 0.317649573 0.00650437735 0.56156379 0 0 0 0 0 0 0.630105674 0.278815776 0 0 0.257276803 0 0 0 0.00317862513 0 0 0 0 0 0.829456031 0 0.9628371 0 0.212810755 0 0 0 0 0 0 0 0 0 0 0.247607902 0 0.192030117 0 0 0 0 0 0 0.388883173 0.388480216 0 1 0 0 0 0 0 0 0 0.129629627 0.387761921 0.326800615 0.453209102 0.683040798 1 1
G999 0 0.00534707587 1.32184601 0 0.429962963 1.79027903 0 0.00916749611 0 0 0 0 0.00581607036 0.120020546 0 0.317649573 0.00650437735 0.56156379 0 0 0 0 0 0 0.630105674 0.278815776 0 0 0.257276803 0 0 0 0.00317862513 0 0 0 0 0 0.829456031 0 0.9628371 0 0.212810755 0 0 0 0 0 0 0 0 0 0 0.247607902 0 0.192030117 0 0 0 0 0 0 0.388883173 0.388480216 0 0 0 0 0 1 0 0 0 0.0740740746 0.244650543 0.305815101 0.307701409 0.724683046 1 1
G1430 0 0.00534707587 1.32184601 0 0.429962963 1.79027903 0 0.00916749611 0 0 0 0 0.00581607036 0.120020546 0 0.317649573 0.00650437735 0.56156379 0 0 0 0 0 0 0.630105674 0.278815776 0 0 0.257276803 0 0 0 0.00317862513 0 0 0 0 0 0.829456031 0 0.9628371 0 0.212810755 0 0 0 0 0 0 0 0 0 0 0.247607902 0 0.192030117 0 0 0 0 0 0 0.388883173 0.388480216 0 1 0 0 0 0 0 0 0 0.129629627 0.387761921 0.326800615 0.440482408 0.715947151 1 1
__smartatpg_bin_368_1 0 0.00534707587 1.32184601 0 0.429962963 1.79027903 0 0.00916749611 0 0 0 0 0.00581607036 0.120020546 0 0.317649573 0.00650437735 0.56156379 0 0 0 0 0 0 0.630105674 0.278815776 0 0 0.257276803 0 0 0 0.00317862513 0 0 0 0 0 0.829456031 0 0.9628371 0 0.212810755 0 0 0 0 0 0 0 0 0 0 0.247607902 0 0.192030117 0 0 0 0 0 0 0.388883173 0.388480216 0 1 0 0 0 0 0 0 0 0.0925925896 0.244650543 0.281589121 0.426736563 0.674823403 1 1
G1272 0 0.00534707587 1.32184601 0 0.429962963 1.79027903 0 0.00916749611 0 0 0 0 0.00581607036 0.120020546 0 0.317649573 0.00650437735 0.56156379 0 0 0 0 0 0 0.630105674 0.278815776 0 0 0.257276803 0 0 0 0.00317862513 0 0 0 0 0 0.829456031 0 0.9628371 0 0.212810755 0 0 0 0 0 0 0 0 0 0 0.247607902 0 0.192030117 0 0 0 0 0 0 0.388883173 0.388480216 0 1 0 0 0 0 0 0 0 0.111111112 0.387761921 0.172655582 0.453209102 0.671406448 1 1
__smartatpg_bin_369_1 0 0.00534707587 1.32184601 0 0.429962963 1.79027903 0 0.00916749611 0 0 0 0 0.00581607036 0.120020546 0 0.317649573 0.00650437735 0.56156379 0 0 0 0 0 0 0.630105674 0.278815776 0 0 0.257276803 0 0 0 0.00317862513 0 0 0 0 0 0.829456031 0 0.9628371 0 0.212810755 0 0 0 0 0 0 0 0 0 0 0.247607902 0 0.192030117 0 0 0 0 0 0 0.388883173 0.388480216 0 1 0 0 0 0 0 0 0 0.0925925896 0.244650543 0.281589121 0.426736563 0.70391351 1 1
G1275 0 0.00534707587 1.32184601 0 0.429962963 1.79027903 0 0.00916749611 0 0 0 0 0.00581607036 0.120020546 0 0.317649573 0.00650437735 0.56156379 0 0 0 0 0 0 0.630105674 0.278815776 0 0 0.257276803 0 0 0 0.00317862513 0 0 0 0 0 0.829456031 0 0.9628371 0 0.212810755 0 0 0 0 0 0 0 0 0 0 0.247607902 0 0.192030117 0 0 0 0 0 0 0.388883173 0.388480216 0 1 0 0 0 0 0 0 0 0.111111112 0.387761921 0.172655582 0.453209102 0.70110333 1 1
__smartatpg_bin_370_1 0 0.00534707587 1.32184601 0 0.429962963 1.79027903 0 0.00916749611 0 0 0 0 0.00581607036 0.120020546 0 0.317649573 0.00650437735 0.56156379 0 0 0 0 0 0 0.630105674 0.278815776 0 0 0.257276803 0 0 0 0.00317862513 0 0 0 0 0 0.829456031 0 0.9628371 0 0.212810755 0 0 0 0 0 0 0 0 0 0 0.247607902 0 0.192030117 0 0 0 0 0 0 0.388883173 0.388480216 0 1 0 0 0 0 0 0 0 0.0925925896 0.244650543 0.281589121 0.426736563 0.728277028 1 1
G1278 0 0.00534707587 1.32184601 0 0.429962963 1.79027903 0 0.00916749611 0 0 0 0 0.00581607036 0.120020546 0 0.317649573 0.00650437735 0.56156379 0 0 0 0 0 0 0.630105674 0.278815776 0 0 0.257276803 0 0 0 0.00317862513 0 0 0 0 0 0.829456031 0 0.9628371 0 0.212810755 0 0 0 0 0 0 0 0 0 0 0.247607902 0 0.192030117 0 0 0 0 0 0 0.388883173 0.388480216 0 1 0 0 0 0 0 0 0 0.111111112 0.387761921 0.172655582 0.453209102 0.725890636 1 1
__smartatpg_bin_371_1 0 0.00534707587 1.32184601 0 0.429962963 1.79027903 0 0.00916749611 0 0 0 0 0.00581607036 0.120020546 0 0.317649573 0.00650437735 0.56156379 0 0 0 0 0 0 0.630105674 0.278815776 0 0 0.257276803 0 0 0 0.00317862513 0 0 0 0 0 0.829456031 0 0.9628371 0 0.212810755 0 0 0 0 0 0 0 0 0 0 0.247607902 0 0.192030117 0 0 0 0 0 0 0.388883173 0.388480216 0 1 0 0 0 0 0 0 0 0.0925925896 0.244650543 0.281589121 0.426736563 0.750263631 1 1
G1281 0 0.00534707587 1.32184601 0 0.429962963 1.79027903 0 0.00916749611 0 0 0 0 0.00581607036 0.120020546 0 0.317649573 0.00650437735 0.56156379 0 0 0 0 0 0 0.630105674 0.278815776 0 0 0.257276803 0 0 0 0.00317862513 0 0 0 0 0 0.829456031 0 0.9628371 0 0.212810755 0 0 0 0 0 0 0 0 0 0 0.247607902 0 0.192030117 0 0 0 0 0 0 0.388883173 0.388480216 0 1 0 0 0 0 0 0 0 0.111111112 0.387761921 0.172655582 0.453209102 0.748204172 1 1
__smartatpg_bin_372_1 0 0.00534707587 1.32184601 0 0.429962963 1.79027903 0 0.00916749611 0 0 0 0 0.00581607036 0.120020546 0 0.317649573 0.00650437735 0.56156379 0 0 0 0 0 0 0.630105674 0.278815776 0 0 0.257276803 0 0 0 0.00317862513 0 0 0 0 0 0.829456031 0 0.9628371 0 0.212810755 0 0 0 0 0 0 0 0 0 0 0.247607902 0 0.192030117 0 0 0 0 0 0 0.388883173 0.388480216 0 1 0 0 0 0 0 0 0 0.0925925896 0.244650543 0.281589121 0.426736563 0.695320308 1 1
G1284 0 0.00534707587 1.32184601 0 0.429962963 1.79027903 0 0.00916749611 0 0 0 0 0.00581607036 0.120020546 0 0.317649573 0.00650437735 0.56156379 0 0 0 0 0 0 0.630105674 0.278815776 0 0 0.257276803 0 0 0 0.00317862513 0 0 0 0 0 0.829456031 0 0.9628371 0 0.212810755 0 0 0 0 0 0 0 0 0 0 0.247607902 0 0.192030117 0 0 0 0 0 0 0.388883173 0.388480216 0 1 0 0 0 0 0 0 0 0.111111112 0.387761921 0.172655582 0.453209102 0.692343116 1 1
__smartatpg_bin_373_1 0 0.00534707587 1.32184601 0 0.429962963 1.79027903 0 0.00916749611 0 0 0 0 0.00581607036 0.120020546 0 0.317649573 0.00650437735 0.56156379 0 0 0 0 0 0 0.630105674 0.278815776 0 0 0.257276803 0 0 0 0.00317862513 0 0 0 0 0 0.829456031 0 0.9628371 0 0.212810755 0 0 0 0 0 0 0 0 0 0 0.247607902 0 0.192030117 0 0 0 0 0 0 0.388883173 0.388480216 0 1 0 0 0 0 0 0 0 0.0925925896 0.244650543 0.281589121 0.426736563 0.721001089 1 1
G1287 0 0.00534707587 1.32184601 0 0.429962963 1.79027903 0 0.00916749611 0 0 0 0 0.00581607036 0.120020546 0 0.317649573 0.00650437735 0.56156379 0 0 0 0 0 0 0.630105674 0.278815776 0 0 0.257276803 0 0 0 0.00317862513 0 0 0 0 0 0.829456031 0 0.9628371 0 0.212810755 0 0 0 0 0 0 0 0 0 0 0.247607902 0 0.192030117 0 0 0 0 0 0 0.388883173 0.388480216 0 1 0 0 0 0 0 0 0 0.111111112 0.387761921 0.172655582 0.453209102 0.718495369 1 1
__smartatpg_bin_374_1 0 0.00534707587 1.32184601 0 0.429962963 1.79027903 0 0.00916749611 0 0 0 0 0.00581607036 0.120020546 0 0.317649573 0.00650437735 0.56156379 0 0 0 0 0 0 0.630105674 0.278815776 0 0 0.257276803 0 0 0 0.00317862513 0 0 0 0 0 0.829456031 0 0.9628371 0 0.212810755 0 0 0 0 0 0 0 0 0 0 0.247607902 0 0.192030117 0 0 0 0 0 0 0.388883173 0.388480216 0 1 0 0 0 0 0 0 0 0.0925925896 0.244650543 0.281589121 0.426736563 0.693839073 1 1
G1290 0 0.00534707587 1.32184601 0 0.429962963 1.79027903 0 0.00916749611 0 0 0 0 0.00581607036 0.120020546 0 0.317649573 0.00650437735 0.56156379 0 0 0 0 0 0 0.630105674 0.278815776 0 0 0.257276803 0 0 0 0.00317862513 0 0 0 0 0 0.829456031 0 0.9628371 0 0.212810755 0 0 0 0 0 0 0 0 0 0 0.247607902 0 0.192030117 0 0 0 0 0 0 0.388883173 0.388480216 0 1 0 0 0 0 0 0 0 0.111111112 0.387761921 0.172655582 0.453209102 0.690832198 1 1
__smartatpg_bin_375_1 0 0.00534707587 1.32184601 0 0.429962963 1.79027903 0 0.00916749611 0 0 0 0 0.00581607036 0.120020546 0 0.317649573 0.00650437735 0.56156379 0 0 0 0 0 0 0.630105674 0.278815776 0 0 0.257276803 0 0 0 0.00317862513 0 0 0 0 0 0.829456031 0 0.9628371 0 0.212810755 0 0 0 0 0 0 0 0 0 0 0.247607902 0 0.192030117 0 0 0 0 0 0 0.388883173 0.388480216 0 1 0 0 0 0 0 0 0 0.0925925896 0.244650543 0.281589121 0.426736563 0.724683046 1 1
G1293 0 0.00534707587 1.32184601 0 0.429962963 1.79027903 0 0.00916749611 0 0 0 0 0.00581607036 0.120020546 0 0.317649573 0.00650437735 0.56156379 0 0 0 0 0 0 0.630105674 0.278815776 0 0 0.257276803 0 0 0 0.00317862513 0 0 0 0 0 0.829456031 0 0.9628371 0 0.212810755 0 0 0 0 0 0 0 0 0 0 0.247607902 0 0.192030117 0 0 0 0 0 0 0.388883173 0.388480216 0 1 0 0 0 0 0 0 0 0.111111112 0.387761921 0.172655582 0.453209102 0.722238481 1 1
__smartatpg_bin_549_1 0 0.00534707587 1.32184601 0 0.429962963 1.79027903 0 0.00916749611 0 0 0 0 0.00581607036 0.120020546 0 0.317649573 0.00650437735 0.56156379 0 0 0 0 0 0 0.630105674 0.278815776 0 0 0.257276803 0 0 0 0.00317862513 0 0 0 0 0 0.829456031 0 0.9628371 0 0.212810755 0 0 0 0 0 0 0 0 0 0 0.247607902 0 0.192030117 0 0 0 0 0 0 0.388883173 0.388480216 0 0 0 1 0 0 0 0 0 0.129629627 0.244650543 0.281589121 0.395426244 0.666130781 1 1
G1689 0 0.00534707587 1.32184601 0 0.429962963 1.79027903 0 0.00916749611 0 0 0 0 0.00581607036 0.120020546 0 0.317649573 0.00650437735 0.56156379 0 0 0 0 0 0 0.630105674 0.278815776 0 0 0.257276803 0 0 0 0.00317862513 0 0 0 0 0 0.829456031 0 0.9628371 0 0.212810755 0 0 0 0 0 0 0 0 0 0 0.247607902 0 0.192030117 0 0 0 0 0 0 0.388883173 0.388480216 0 0 0 1 0 0 0 0 0 0.148148149 0.489301085 0.414748639 0.411793977 0.651084185 1 1
G2015 0 0.00534707587 1.32184601 0 0.429962963 1.79027903 0 0.00916749611 0 0 0 0 0.00581607036 0.120020546 0 0.317649573 0.00650437735 0.56156379 0 0 0 0 0 0 0.630105674 0.278815776 0 0 0.257276803 0 0 0 0.00317862513 0 0 0 0 0 0.829456031 0 0.9628371 0 0.212810755 0 0 0 0 0 0 0 0 0 0 0.247607902 0 0.192030117 0 0 0 0 0 0 0.388883173 0.388480216 0 1 0 0 0 0 0 0 0 0.166666672 0.387761921 0.217867076 0.530829132 0.755292237 1 1
G2275 0 0.00534707587 1.32184601 0 0.429962963 1.79027903 0 0.00916749611 0 0 0 0 0.00581607036 0.120020546 0 0.317649573 0.00650437735 0.56156379 0 0 0 0 0 0 0.630105674 0.278815776 0 0 0.257276803 0 0 0 0.00317862513 0 0 0 0 0 0.829456031 0 0.9628371 0 0.212810755 0 0 0 0 0 0 0 0 0 0 0.247607902 0 0.192030117 0 0 0 0 0 0 0.388883173 0.388480216 0 0 0 0 0 1 0 0 0 0.185185179 0.387761921 0.492767632 0.276391089 0.790413976 1 1
G2278 0 0.00534707587 1.32184601 0 0.429962963 1.79027903 0 0.00916749611 0 0 0 0 0.00581607036 0.120020546 0 0.317649573 0.00650437735 0.56156379 0 0 0 0 0 0 0.630105674 0.278815776 0 0 0.257276803 0 0 0 0.00317862513 0 0 0 0 0 0.829456031 0 0.9628371 0 0.212810755 0 0 0 0 0 0 0 0 0 0 0.247607902 0 0.192030117 0 0 0 0 0 0 0.388883173 0.388480216 0 0 0 0 0 1 0 0 0 0.185185179 0.387761921 0.492767632 0.276391089 0.754299879 1 1
G2392 0 0.00534707587 1.32184601 0 0.429962963 1.79027903 0 0.00916749611 0 0 0 0 0.00581607036 0.120020546 0 0.317649573 0.00650437735 0.56156379 0 0 0 0 0 0 0.630105674 0.278815776 0 0 0.257276803 0 0 0 0.00317862513 0 0 0 0 0 0.829456031 0 0.9628371 0 0.212810755 0 0 0 0 0 0 0 0 0 0 0.247607902 0 0.192030117 0 0 0 0 0 0 0.388883173 0.388480216 0 0 0 0 0 1 0 0 0 0.203703701 0.244650543 0.281589121 0.545771718 0.767629921 1 1
G2414 0 0.00534707587 1.32184601 0 0.429962963 1.79027903 0 0.00916749611 0 0 0 0 0.00581607036 0.120020546 0 0.317649573 0.00650437735 0.56156379 0 0 0 0 0 0 0.630105674 0.278815776 0 0 0.257276803 0 0 0 0.00317862513 0 0 0 0 0 0.829456031 0 0.9628371 0 0.212810755 0 0 0 0 0 0 0 0 0 0 0.247607902 0 0.192030117 0 0 0 0 0 0 0.388883173 0.388480216 0 0 0 0 0 1 0 0 0 0.203703701 0.244650543 0.281589121 0.545771718 0.800995052 1 1
__smartatpg_bin_550_1 0 0.00534707587 1.32184601 0 0.429962963 1.79027903 0 0.00916749611 0 0 0 0 0.00581607036 0.120020546 0 0.317649573 0.00650437735 0.56156379 0 0 0 0 0 0 0.630105674 0.278815776 0 0 0.257276803 0 0 0 0.00317862513 0 0 0 0 0 0.829456031 0 0.9628371 0 0.212810755 0 0 0 0 0 0 0 0 0 0 0.247607902 0 0.192030117 0 0 0 0 0 0 0.388883173 0.388480216 0 0 0 1 0 0 0 0 0 0.129629627 0.244650543 0.281589121 0.395426244 0.699678302 1 1
G1693 0 0.00534707587 1.32184601 0 0.429962963 1.79027903 0 0.00916749611 0 0 0 0 0.00581607036 0.120020546 0 0.317649573 0.00650437735 0.56156379 0 0 0 0 0 0 0.630105674 0.278815776 0 0 0.257276803 0 0 0 0.00317862513 0 0 0 0 0 0.829456031 0 0.9628371 0 0.212810755 0 0 0 0 0 0 0 0 0 0 0.247607902 0 0.192030117 0 0 0 0 0 0 0.388883173 0.388480216 0 0 0 0 1 0 0 0 0 0.148148149 0.489301085 0.376848131 0.453209102 0.68776387 1 1
G1961 0 0.00534707587 1.32184601 0 0.429962963 1.79027903 0 0.00916749611 0 0 0 0 0.00581607036 0.120020546 0 0.317649573 0.00650437735 0.56156379 0 0 0 0 0 0 0.630105674 0.278815776 0 0 0.257276803 0 0 0 0.00317862513 0 0 0 0 0 0.829456031 0 0.9628371 0 0.212810755 0 0 0 0 0 0 0 0 0 0 0.247607902 0 0.192030117 0 0 0 0 0 0 0.388883173 0.388480216 0 0 0 0 0 1 0 0 0 0.166666672 0.244650543 0.425591439 0.426736563 0.686205924 1 1
__smartatpg_bin_553_1 0 0.00534707587 1.32184601 0 0.429962963 1.79027903 0 0.00916749611 0 0 0 0 0.00581607036 0.120020546 0 0.317649573 0.00650437735 0.56156379 0 0 0 0 0 0 0.630105674 0.278815776 0 0 0.257276803 0 0 0 0.00317862513 0 0 0 0 0 0.829456031 0 0.9628371 0 0.212810755 0 0 0 0 0 0 0 0 0 0 0.247607902 0 0.192030117 0 0 0 0 0 0 0.388883173 0.388480216 0 0 0 1 0 0 0 0 0 0.129629627 0.244650543 0.281589121 0.395426244 0.722238481 1 1
G1703 0 0.00534707587 1.32184601 0 0.429962963 1.79027903 0 0.00916749611 0 0 0 0 0.00581607036 0.120020546 0 0.317649573 0.00650437735 0.56156379 0 0 0 0 0 0 0.630105674 0.278815776 0 0 0.257276803 0 0 0 0.00317862513 0 0 0 0 0 0.829456031 0 0.9628371 0 0.212810755 0 0 0 0 0 0 0 0 0 0 0.247607902 0 0.192030117 0 0 0 0 0 0 0.388883173 0.388480216 0 0 0 1 0 0 0 0 0 0.148148149 0.489301085 0.414748639 0.411793977 0.712041974 1 1
G2018 0 0.00534707587 1.32184601 0 0.429962963 1.79027903 0 0.00916749611 0 0 0 0 0.00581607036 0.120020546 0 0.317649573 0.00650437735 0.56156379 0 0 0 0 0 0 0.630105674 0.278815776 0 0 0.257276803 0 0 0 0.00317862513 0 0 0 0 0 0.829456031 0 0.9628371 0 0.212810755 0 0 0 0 0 0 0 0 0 0 0.247607902 0 0.192030117 0 0 0 0 0 0 0.388883173 0.388480216 0 1 0 0 0 0 0 0 0 0.166666672 0.387761921 0.252935857 0.545771718 0.755292237 1 1
G2281 0 0.00534707587 1.32184601 0 0.429962963 1.79027903 0 0.00916749611 0 0 0 0 0.00581607036 0.120020546 0 0.317649573 0.00650437735 0.56156379 0 0 0 0 0 0 0.630105674 0.278815776 0 0 0.257276803 0 0 0 0.00317862513 0 0 0 0 0 0.829456031 0 0.9628371 0 0.212810755 0 0 0 0 0 0 0 0 0 0 0.247607902 0 0.192030117 0 0 0 0 0 0 0.388883173 0.388480216 0 0 0 0 0 1 0 0 0 0.185185179 0.387761921 0.505871713 0.307701409 0.792744875 1 1
G2284 0 0.00534707587 1.32184601 0 0.429962963 1.79027903 0 0.00916749611 0 0 0 0 0.00581607036 0.120020546 0 0.317649573 0.00650437735 0.56156379 0 0 0 0 0 0 0.630105674 0.278815776 0 0 0.257276803 0 0 0 0.00317862513 0 0 0 0 0 0.829456031 0 0.9628371 0 0.212810755 0 0 0 0 0 0 0 0 0 0 0.247607902 0 0.192030117 0 0 0 0 0 0 0.388883173 0.388480216 0 0 0 0 0 1 0 0 0 0.185185179 0.387761921 0.505871713 0.307701409 0.754299879 1 1
G2396 0 0.00534707587 1.32184601 0 0.429962963 1.79027903 0 0.00916749611 0 0 0 0 0.00581607036 0.120020546 0 0.317649573 0.00650437735 0.56156379 0 0 0 0 0 0 0.630105674 0.278815776 0 0 0.257276803 0 0 0 0.00317862513 0 0 0 0 0 0.829456031 0 0.9628371 0 0.212810755 0 0 0 0 0 0 0 0 0 0 0.247607902 0 0.192030117 0 0 0 0 0 0 0.388883173 0.388480216 0 0 0 0 0 1 0 0 0 0.203703701 0.244650543 0.305815101 0.559517562 0.802447617 1 1
G2397 0 0.00534707587 1.32184601 0 0.429962963 1.79027903 0 0.00916749611 0 0 0 0 0.00581607036 0.120020546 0 0.317649573 0.00650437735 0.56156379 0 0 0 0 0 0 0.630105674 0.278815776 0 0 0.257276803 0 0 0 0.00317862513 0 0 0 0 0 0.829456031 0 0.9628371 0 0.212810755 0 0 0 0 0 0 0 0 0 0 0.247607902 0 0.192030117 0 0 0 0 0 0 0.388883173 0.388480216 0 0 0 0 0 1 0 0 0 0.203703701 0.244650543 0.305815101 0.559517562 0.766716003 1 1
__smartatpg_bin_554_1 0 0.00534707587 1.32184601 0 0.429962963 1.79027903 0 0.00916749611 0 0 0 0 0.00581607036 0.120020546 0 0.317649573 0.00650437735 0.56156379 0 0 0 0 0 0 0.630105674 0.278815776 0 0 0.257276803 0 0 0 0.00317862513 0 0 0 0 0 0.829456031 0 0.9628371 0 0.212810755 0 0 0 0 0 0 0 0 0 0 0.247607902 0 0.192030117 0 0 0 0 0 0 0.388883173 0.388480216 0 0 0 1 0 0 0 0 0 0.129629627 0.244650543 0.281589121 0.395426244 0.747163713 1 1
G1707 0 0.00534707587 1.32184601 0 0.429962963 1.79027903 0 0.00916749611 0 0 0 0 0.00581607036 0.120020546 0 0.317649573 0.00650437735 0.56156379 0 0 0 0 0 0 0.630105674 0.278815776 0 0 0.257276803 0 0 0 0.00317862513 0 0 0 0 0 0.829456031 0 0.9628371 0 0.212810755 0 0 0 0 0 0 0 0 0 0 0.247607902 0 0.192030117 0 0 0 0 0 0 0.388883173 0.388480216 0 0 0 0 1 0 0 0 0 0.148148149 0.489301085 0.376848131 0.453209102 0.738570511 1 1
G1977 0 0.00534707587 1.32184601 0 0.429962963 1.79027903 0 0.00916749611 0 0 0 0 0.00581607036 0.120020546 0 0.317649573 0.00650437735 0.56156379 0 0 0 0 0 0 0.630105674 0.278815776 0 0 0.257276803 0 0 0 0.00317862513 0 0 0 0 0 0.829456031 0 0.9628371 0 0.212810755 0 0 0 0 0 0 0 0 0 0 0.247607902 0 0.192030117 0 0 0 0 0 0 0.388883173 0.388480216 0 0 0 0 0 1 0 0 0 0.166666672 0.244650543 0.425591439 0.426736563 0.737460971 1 1
__smartatpg_bin_556_1 0 0.00534707587 1.32184601 0 0.429962963 1.79027903 0 0.00916749611 0 0 0 0 0.00581607036 0.120020546 0 0.317649573 0.00650437735 0.56156379 0 0 0 0 0 0 0.630105674 0.278815776 0 0 0.257276803 0 0 0 0.00317862513 0 0 0 0 0 0.829456031 0 0.9628371 0 0.212810755 0 0 0 0 0 0 0 0 0 0 0.247607902 0 0.192030117 0 0 0 0 0 0 0.388883173 0.388480216 0 0 0 1 0 0 0 0 0 0.129629627 0.244650543 0.281589121 0.395426244 0.74506104 1 1
G1714 0 0.00534707587 1.32184601 0 0.429962963 1.79027903 0 0.00916749611 0 0 0 0 0.00581607036 0.120020546 0 0.317649573 0.00650437735 0.56156379 0 0 0 0 0 0 0.630105674 0.278815776 0 0 0.257276803 0 0 0 0.00317862513 0 0 0 0 0 0.829456031 0 0.9628371 0 0.212810755 0 0 0 0 0 0 0 0 0 0 0.247607902 0 0.192030117 0 0 0 0 0 0 0.388883173 0.388480216 0 0 0 1 0 0 0 0 0 0.148148149 0.489301085 0.414748639 0.411793977 0.736343205 1 1
G2021 0 0.00534707587 1.32184601 0 0.429962963 1.79027903 0 0.00916749611 0 0 0 0 0.00581607036 0.120020546 0 0.317649573 0.00650437735 0.56156379 0 0 0 0 0 0 0.630105674 0.278815776 0 0 0.257276803 0 0 0 0.00317862513 0 0 0 0 0 0.829456031 0 0.9628371 0 0.212810755 0 0 0 0 0 0 0 0 0 0 0.247607902 0 0.192030117 0 0 0 0 0 0 0.388883173 0.388480216 0 1 0 0 0 0 0 0 0 0.166666672 0.387761921 0.252935857 0.545771718 0.749237418 1 1
G2287 0 0.00534707587 1.32184601 0 0.429962963 1.79027903 0 0.00916749611 0 0 0 0 0.00581607036 0.120020546 0 0.317649573 0.00650437735 0.56156379 0 0 0 0 0 0 0.630105674 0.278815776 0 0 0.257276803 0 0 0 0.00317862513 0 0 0 0 0 0.829456031 0 0.9628371 0 0.212810755 0 0 0 0 0 0 0 0 0 0 0.247607902 0 0.192030117 0 0 0 0 0 0 0.388883173 0.388480216 0 0 0 0 0 1 0 0 0 0.185185179 0.387761921 0.505871713 0.307701409 0.748204172 1 1
G2290 0 0.00534707587 1.32184601 0 0.429962963 1.79027903 0 0.00916749611 0 0 0 0 0.00581607036 0.120020546 0 0.317649573 0.00650437735 0.56156379 0 0 0 0 0 0 0.630105674 0.278815776 0 0 0.257276803 0 0 0 0.00317862513 0 0 0 0 0 0.829456031 0 0.9628371 0 0.212810755 0 0 0 0 0 0 0 0 0 0 0.247607902 0 0.192030117 0 0 0 0 0 0 0.388883173 0.388480216 0 0 0 0 0 1 0 0 0 0.185185179 0.387761921 0.505871713 0.307701409 0.754299879 1 1
G2398 0 0.00534707587 1.32184601 0 0.429962963 1.79027903 0 0.00916749611 0 0 0 0 0.00581607036 0.120020546 0 0.317649573 0.00650437735 0.56156379 0 0 0 0 0 0 0.630105674 0.278815776 0 0 0.257276803 0 0 0 0.00317862513 0 0 0 0 0 0.829456031 0 0.9628371 0 0.212810755 0 0 0 0 0 0 0 0 0 0 0.247607902 0 0.192030117 0 0 0 0 0 0 0.388883173 0.388480216 0 0 0 0 0 1 0 0 0 0.203703701 0.244650543 0.305815101 0.559517562 0.761112571 1 1
G2399 0 0.00534707587 1.32184601 0 0.429962963 1.79027903 0 0.00916749611 0 0 0 0 0.00581607036 0.120020546 0 0.317649573 0.00650437735 0.56156379 0 0 0 0 0 0 0.630105674 0.278815776 0 0 0.257276803 0 0 0 0.00317862513 0 0 0 0 0 0.829456031 0 0.9628371 0 0.212810755 0 0 0 0 0 0 0 0 0 0 0.247607902 0 0.192030117 0 0 0 0 0 0 0.388883173 0.388480216 0 0 0 0 0 1 0 0 0 0.203703701 0.244650543 0.305815101 0.559517562 0.766716003 1 1
__smartatpg_bin_557_1 0 0.00534707587 1.32184601 0 0.429962963 1.79027903 0 0.00916749611 0 0 0 0 0.00581607036 0.120020546 0 0.317649573 0.00650437735 0.56156379 0 0 0 0 0 0 0.630105674 0.278815776 0 0 0.257276803 0 0 0 0.00317862513 0 0 0 0 0 0.829456031 0 0.9628371 0 0.212810755 0 0 0 0 0 0 0 0 0 0 0.247607902 0 0.192030117 0 0 0 0 0 0 0.388883173 0.388480216 0 0 0 1 0 0 0 0 0 0.129629627 0.244650543 0.281589121 0.395426244 0.753300905 1 1
G1718 0 0.00534707587 1.32184601 0 0.429962963 1.79027903 0 0.00916749611 0 0 0 0 0.00581607036 0.120020546 0 0.317649573 0.00650437735 0.56156379 0 0 0 0 0 0 0.630105674 0.278815776 0 0 0.257276803 0 0 0 0.00317862513 0 0 0 0 0 0.829456031 0 0.9628371 0 0.212810755 0 0 0 0 0 0 0 0 0 0 0.247607902 0 0.192030117 0 0 0 0 0 0 0.388883173 0.388480216 0 0 0 0 1 0 0 0 0 0.148148149 0.489301085 0.376848131 0.453209102 0.74506104 1 1
G1984 0 0.00534707587 1.32184601 0 0.429962963 1.79027903 0 0.00916749611 0 0 0 0 0.00581607036 0.120020546 0 0.317649573 0.00650437735 0.56156379 0 0 0 0 0 0 0.630105674 0.278815776 0 0 0.257276803 0 0 0 0.00317862513 0 0 0 0 0 0.829456031 0 0.9628371 0 0.212810755 0 0 0 0 0 0 0 0 0 0 0.247607902 0 0.192030117 0 0 0 0 0 0 0.388883173 0.388480216 0 0 0 0 0 1 0 0 0 0.166666672 0.244650543 0.425591439 0.426736563 0.743998587 1 1
__smartatpg_bin_559_1 0 0.00534707587 1.32184601 0 0.429962963 1.79027903 0 0.00916749611 0 0 0 0 0.00581607036 0.120020546 0 0.317649573 0.00650437735 0.56156379 0 0 0 0 0 0 0.630105674 0.278815776 0 0 0.257276803 0 0 0 0.00317862513 0 0 0 0 0 0.829456031 0 0.9628371 0 0.212810755 0 0 0 0 0 0 0 0 0 0 0.247607902 0 0.192030117 0 0 0 0 0 0 0.388883173 0.388480216 0 0 0 1 0 0 0 0 0 0.129629627 0.244650543 0.281589121 0.395426244 0.68776387 1 1
G1725 0 0.00534707587 1.32184601 0 0.429962963 1.79027903 0 0.00916749611 0 0 0 0 0.00581607036 0.120020546 0 0.317649573 0.00650437735 0.56156379 0 0 0 0 0 0 0.630105674 0.278815776 0 0 0.257276803 0 0 0 0.00317862513 0 0 0 0 0 0.829456031 0 0.9628371 0 0.212810755 0 0 0 0 0 0 0 0 0 0 0.247607902 0 0.192030117 0 0 0 0 0 0 0.388883173 0.388480216 0 0 0 1 0 0 0 0 0 0.148148149 0.489301085 0.414748639 0.411793977 0.674823403 1 1
G2024 0 0.00534707587 1.32184601 0 0.429962963 1.79027903 0 0.00916749611 0 0 0 0 0.00581607036 0.120020546 0 0.317649573 0.00650437735 0.56156379 0 0 0 0 0 0 0.630105674 0.278815776 0 0 0.257276803 0 0 0 0.00317862513 0 0 0 0 0 0.829456031 0 0.9628371 0 0.212810755 0 0 0 0 0 0 0 0 0 0 0.247607902 0 0.192030117 0 0 0 0 0 0 0.388883173 0.388480216 0 1 0 0 0 0 0 0 0 0.166666672 0.387761921 0.252935857 0.545771718 0.763940394 1 1
G2293 0 0.00534707587 1.32184601 0 0.429962963 1.79027903 0 0.00916749611 0 0 0 0 0.00581607036 0.120020546 0 0.317649573 0.00650437735 0.56156379 0 0 0 0 0 0 0.630105674 0.278815776 0 0 0.257276803 0 0 0 0.00317862513 0 0 0 0 0 0.829456031 0 0.9628371 0 0.212810755 0 0 0 0 0 0 0 0 0 0 0.247607902 0 0.192030117 0 0 0 0 0 0 0.388883173 0.388480216 0 0 0 0 0 1 0 0 0 0.185185179 0.387761921 0.505871713 0.307701409 0.792744875 1 1
G2296 0 0.00534707587 1.32184601 0 0.429962963 1.79027903 0 0.00916749611 0 0 0 0 0.00581607036 0.120020546 0 0.317649573 0.00650437735 0.56156379 0 0 0 0 0 0 0.630105674 0.278815776 0 0 0.257276803 0 0 0 0.00317862513 0 0 0 0 0 0.829456031 0 0.9628371 0 0.212810755 0 0 0 0 0 0 0 0 0 0 0.247607902 0 0.192030117 0 0 0 0 0 0 0.388883173 0.388480216 0 0 0 0 0 1 0 0 0 0.185185179 0.387761921 0.505871713 0.307701409 0.763003707 1 1
G2400 0 0.00534707587 1.32184601 0 0.429962963 1.79027903 0 0.00916749611 0 0 0 0 0.00581607036 0.120020546 0 0.317649573 0.00650437735 0.56156379 0 0 0 0 0 0 0.630105674 0.278815776 0 0 0.257276803 0 0 0 0.00317862513 0 0 0 0 0 0.829456031 0 0.9628371 0 0.212810755 0 0 0 0 0 0 0 0 0 0 0.247607902 0 0.192030117 0 0 0 0 0 0 0.388883173 0.388480216 0 0 0 0 0 1 0 0 0 0.203703701 0.244650543 0.305815101 0.559517562 0.774747968 1 1
G2415 0 0.00534707587 1.32184601 0 0.429962963 1.79027903 0 0.00916749611 0 0 0 0 0.00581607036 0.120020546 0 0.317649573 0.00650437735 0.56156379 0 0 0 0 0 0 0.630105674 0.278815776 0 0 0.257276803 0 0 0 0.00317862513 0 0 0 0 0 0.829456031 0 0.9628371 0 0.212810755 0 0 0 0 0 0 0 0 0 0 0.247607902 0 0.192030117 0 0 0 0 0 0 0.388883173 0.388480216 0 0 0 0 0 1 0 0 0 0.203703701 0.244650543 0.305815101 0.559517562 0.802447617 1 1
__smartatpg_bin_560_1 0 0.00534707587 1.32184601 0 0.429962963 1.79027903 0 0.00916749611 0 0 0 0 0.00581607036 0.120020546 0 0.317649573 0.00650437735 0.56156379 0 0 0 0 0 0 0.630105674 0.278815776 0 0 0.257276803 0 0 0 0.00317862513 0 0 0 0 0 0.829456031 0 0.9628371 0 0.212810755 0 0 0 0 0 0 0 0 0 0 0.247607902 0 0.192030117 0 0 0 0 0 0 0.388883173 0.388480216 0 0 0 1 0 0 0 0 0 0.129629627 0.244650543 0.281589121 0.395426244 0.717226624 1 1
G1729 0 0.00534707587 1.32184601 0 0.429962963 1.79027903 0 0.00916749611 0 0 0 0 0.00581607036 0.120020546 0 0.317649573 0.00650437735 0.56156379 0 0 0 0 0 0 0.630105674 0.278815776 0 0 0.257276803 0 0 0 0.00317862513 0 0 0 0 0 0.829456031 0 0.9628371 0 0.212810755 0 0 0 0 0 0 0 0 0 0 0.247607902 0 0.192030117 0 0 0 0 0 0 0.388883173 0.388480216 0 0 0 0 1 0 0 0 0 0.148148149 0.489301085 0.376848131 0.453209102 0.706672132 1 1
G1991 0 0.00534707587 1.32184601 0 0.429962963 1.79027903 0 0.00916749611 0 0 0 0 0.00581607036 0.120020546 0 0.317649573 0.00650437735 0.56156379 0 0 0 0 0 0 0.630105674 0.278815776 0 0 0.257276803 0 0 0 0.00317862513 0 0 0 0 0 0.829456031 0 0.9628371 0 0.212810755 0 0 0 0 0 0 0 0 0 0 0.247607902 0 0.192030117 0 0 0 0 0 0 0.388883173 0.388480216 0 0 0 0 0 1 0 0 0 0.166666672 0.244650543 0.425591439 0.426736563 0.705299139 1 1
__smartatpg_bin_563_1 0 0.00534707587 1.32184601 0 0.429962963 1.79027903 0 0.00916749611 0 0 0 0 0.00581607036 0.120020546 0 0.317649573 0.00650437735 0.56156379 0 0 0 0 0 0 0.630105674 0.278815776 0 0 0.257276803 0 0 0 0.00317862513 0 0 0 0 0 0.829456031 0 0.9628371 0 0.212810755 0 0 0 0 0 0 0 0 0 0 0.247607902 0 0.192030117 0 0 0 0 0 0 0.388883173 0.388480216 0 0 0 1 0 0 0 0 0 0.129629627 0.244650543 0.281589121 0.395426244 0.709381044 1 1
G1743 0 0.00534707587 1.32184601 0 0.429962963 1.79027903 0 0.00916749611 0 0 0 0 0.00581607036 0.120020546 0 0.317649573 0.00650437735 0.56156379 0 0 0 0 0 0 0.630105674 0.278815776 0 0 0.257276803 0 0 0 0.00317862513 0 0 0 0 0 0.829456031 0 0.9628371 0 0.212810755 0 0 0 0 0 0 0 0 0 0 0.247607902 0 0.192030117 0 0 0 0 0 0 0.388883173 0.388480216 0 0 0 1 0 0 0 0 0 0.148148149 0.489301085 0.414748639 0.411793977 0.698239625 1 1
G2027 0 0.00534707587 1.32184601 0 0.429962963 1.79027903 0 0.00916749611 0 0 0 0 0.00581607036 0.120020546 0 0.317649573 0.00650437735 0.56156379 0 0 0 0 0 0 0.630105674 0.278815776 0 0 0.257276803 0 0 0 0.00317862513 0 0 0 0 0 0.829456031 0 0.9628371 0 0.212810755 0 0 0 0 0 0 0 0 0 0 0.247607902 0 0.192030117 0 0 0 0 0 0 0.388883173 0.388480216 0 1 0 0 0 0 0 0 0 0.166666672 0.387761921 0.252935857 0.545771718 0.679807544 1 1
G2299 0 0.00534707587 1.32184601 0 0.429962963 1.79027903 0 0.00916749611 0 0 0 0 0.00581607036 0.120020546 0 0.317649573 0.00650437735 0.56156379 0 0 0 0 0 0 0.630105674 0.278815776 0 0 0.257276803 0 0 0 0.00317862513 0 0 0 0 0 0.829456031 0 0.9628371 0 0.212810755 0 0 0 0 0 0 0 0 0 0 0.247607902 0 0.192030117 0 0 0 0 0 0 0.388883173 0.388480216 0 0 0 0 0 1 0 0 0 0.185185179 0.387761921 0.505871713 0.307701409 0.678164423 1 1
G2302 0 0.00534707587 1.32184601 0 0.429962963 1.79027903 0 0.00916749611 0 0 0 0 0.00581607036 0.120020546 0 0.317649573 0.00650437735 0.56156379 0 0 0 0 0 0 0.630105674 0.278815776 0 0 0.257276803 0 0 0 0.00317862513 0 0 0 0 0 0.829456031 0 0.9628371 0 0.212810755 0 0 0 0 0 0 0 0 0 0 0.247607902 0 0.192030117 0 0 0 0 0 0 0.388883173 0.388480216 0 0 0 0 0 1 0 0 0 0.185185179 0.387761921 0.505871713 0.307701409 0.763003707 1 1
G2404 0 0.00534707587 1.32184601 0 0.429962963 1.79027903 0 0.00916749611 0 0 0 0 0.00581607036 0.120020546 0 0.317649573 0.00650437735 0.56156379 0 0 0 0 0 0 0.630105674 0.278815776 0 0 0.257276803 0 0 0 0.00317862513 0 0 0 0 0 0.829456031 0 0.9628371 0 0.212810755 0 0 0 0 0 0 0 0 0 0 0.247607902 0 0.192030117 0 0 0 0 0 0 0.388883173 0.388480216 0 0 0 0 0 1 0 0 0 0.203703701 0.244650543 0.305815101 0.559517562 0.774747968 1 1
G2407 0 0.00534707587 1.32184601 0 0.429962963 1.79027903 0 0.00916749611 0 0 0 0 0.00581607036 0.120020546 0 0.317649573 0.00650437735 0.56156379 0 0 0 0 0 0 0.630105674 0.278815776 0 0 0.257276803 0 0 0 0.00317862513 0 0 0 0 0 0.829456031 0 0.9628371 0 0.212810755 0 0 0 0 0 0 0 0 0 0 0.247607902 0 0.192030117 0 0 0 0 0 0 0.388883173 0.388480216 0 0 0 0 0 1 0 0 0 0.203703701 0.244650543 0.305815101 0.559517562 0.698239625 1 1
__smartatpg_bin_564_1 0 0.00534707587 1.32184601 0 0.429962963 1.79027903 0 0.00916749611 0 0 0 0 0.00581607036 0.120020546 0 0.317649573 0.00650437735 0.56156379 0 0 0 0 0 0 0.630105674 0.278815776 0 0 0.257276803 0 0 0 0.00317862513 0 0 0 0 0 0.829456031 0 0.9628371 0 0.212810755 0 0 0 0 0 0 0 0 0 0 0.247607902 0 0.192030117 0 0 0 0 0 0 0.388883173 0.388480216 0 0 0 1 0 0 0 0 0 0.129629627 0.244650543 0.281589121 0.395426244 0.686205924 1 1
G1747 0 0.00534707587 1.32184601 0 0.429962963 1.79027903 0 0.00916749611 0 0 0 0 0.00581607036 0.120020546 0 0.317649573 0.00650437735 0.56156379 0 0 0 0 0 0 0.630105674 0.278815776 0 0 0.257276803 0 0 0 0.00317862513 0 0 0 0 0 0.829456031 0 0.9628371 0 0.212810755 0 0 0 0 0 0 0 0 0 0 0.247607902 0 0.192030117 0 0 0 0 0 0 0.388883173 0.388480216 0 0 0 0 1 0 0 0 0 0.148148149 0.489301085 0.376848131 0.453209102 0.673124611 1 1
G2007 0 0.00534707587 1.32184601 0 0.429962963 1.79027903 0 0.00916749611 0 0 0 0 0.00581607036 0.120020546 0 0.317649573 0.00650437735 0.56156379 0 0 0 0 0 0 0.630105674 0.278815776 0 0 0.257276803 0 0 0 0.00317862513 0 0 0 0 0 0.829456031 0 0.9628371 0 0.212810755 0 0 0 0 0 0 0 0 0 0 0.247607902 0 0.192030117 0 0 0 0 0 0 0.388883173 0.388480216 0 0 0 0 0 1 0 0 0 0.166666672 0.244650543 0.425591439 0.426736563 0.671406448 1 1
__smartatpg_bin_566_1 0 0.00534707587 1.32184601 0 0.429962963 1.79027903 0 0.00916749611 0 0 0 0 0.00581607036 0.120020546 0 0.317649573 0.00650437735 0.56156379 0 0 0 0 0 0 0.630105674 0.278815776 0 0 0.257276803 0 0 0 0.00317862513 0 0 0 0 0 0.829456031 0 0.9628371 0 0.212810755 0 0 0 0 0 0 0 0 0 0 0.247607902 0 0.192030117 0 0 0 0 0 0 0.388883173 0.388480216 0 0 0 1 0 0 0 0 0 0.129629627 0.244650543 0.281589121 0.395426244 0.718495369 1 1
G1756 0 0.00534707587 1.32184601 0 0.429962963 1.79027903 0 0.00916749611 0 0 0 0 0.00581607036 0.120020546 0 0.317649573 0.00650437735 0.56156379 0 0 0 0 0 0 0.630105674 0.278815776 0 0 0.257276803 0 0 0 0.00317862513 0 0 0 0 0 0.829456031 0 0.9628371 0 0.212810755 0 0 0 0 0 0 0 0 0 0 0.247607902 0 0.192030117 0 0 0 0 0 0 0.388883173 0.388480216 0 0 0 1 0 0 0 0 0 0.148148149 0.489301085 0.414748639 0.411793977 0.708032668 1 1
G2030 0 0.00534707587 1.32184601 0 0.429962963 1.79027903 0 0.00916749611 0 0 0 0 0.00581607036 0.120020546 0 0.317649573 0.00650437735 0.56156379 0 0 0 0 0 0 0.630105674 0.278815776 0 0 0.257276803 0 0 0 0.00317862513 0 0 0 0 0 0.829456031 0 0.9628371 0 0.212810755 0 0 0 0 0 0 0 0 0 0 0.247607902 0 0.192030117 0 0 0 0 0 0 0.388883173 0.388480216 0 1 0 0 0 0 0 0 0 0.166666672 0.387761921 0.252935857 0.545771718 0.747163713 1 1
G2305 0 0.00534707587 1.32184601 0 0.429962963 1.79027903 0 0.00916749611 0 0 0 0 0.00581607036 0.120020546 0 0.317649573 0.00650437735 0.56156379 0 0 0 0 0 0 0.630105674 0.278815776 0 0 0.257276803 0 0 0 0.00317862513 0 0 0 0 0 0.829456031 0 0.9628371 0 0.212810755 0 0 0 0 0 0 0 0 0 0 0.247607902 0 0.192030117 0 0 0 0 0 0 0.388883173 0.388480216 0 0 0 0 0 1 0 0 0 0.185185179 0.387761921 0.505871713 0.307701409 0.746116042 1 1
G2308 0 0.00534707587 1.32184601 0 0.429962963 1.79027903 0 0.00916749611 0 0 0 0 0.00581607036 0.120020546 0 0.317649573 0.00650437735 0.56156379 0 0 0 0 0 0 0.630105674 0.278815776 0 0 0.257276803 0 0 0 0.00317862513 0 0 0 0 0 0.829456031 0 0.9628371 0 0.212810755 0 0 0 0 0 0 0 0 0 0 0.247607902 0 0.192030117 0 0 0 0 0 0 0.388883173 0.388480216 0 0 0 0 0 1 0 0 0 0.185185179 0.387761921 0.505871713 0.307701409 0.754299879 1 1
G2405 0 0.00534707587 1.32184601 0 0.429962963 1.79027903 0 0.00916749611 0 0 0 0 0.00581607036 0.120020546 0 0.317649573 0.00650437735 0.56156379 0 0 0 0 0 0 0.630105674 0.278815776 0 0 0.257276803 0 0 0 0.00317862513 0 0 0 0 0 0.829456031 0 0.9628371 0 0.212810755 0 0 0 0 0 0 0 0 0 0 0.247607902 0 0.192030117 0 0 0 0 0 0 0.388883173 0.388480216 0 0 0 0 0 1 0 0 0 0.203703701 0.244650543 0.305815101 0.559517562 0.759197414 1 1
G2406 0 0.00534707587 1.32184601 0 0.429962963 1.79027903 0 0.00916749611 0 0 0 0 0.00581607036 0.120020546 0 0.317649573 0.00650437735 0.56156379 0 0 0 0 0 0 0.630105674 0.278815776 0 0 0.257276803 0 0 0 0.00317862513 0 0 0 0 0 0.829456031 0 0.9628371 0 0.212810755 0 0 0 0 0 0 0 0 0 0 0.247607902 0 0.192030117 0 0 0 0 0 0 0.388883173 0.388480216 0 0 0 0 0 1 0 0 0 0.203703701 0.244650543 0.305815101 0.559517562 0.766716003 1 1
__smartatpg_bin_567_1 0 0.00534707587 1.32184601 0 0.429962963 1.79027903 0 0.00916749611 0 0 0 0 0.00581607036 0.120020546 0 0.317649573 0.00650437735 0.56156379 0 0 0 0 0 0 0.630105674 0.278815776 0 0 0.257276803 0 0 0 0.00317862513 0 0 0 0 0 0.829456031 0 0.9628371 0 0.212810755 0 0 0 0 0 0 0 0 0 0 0.247607902 0 0.192030117 0 0 0 0 0 0 0.388883173 0.388480216 0 0 0 1 0 0 0 0 0 0.129629627 0.244650543 0.281589121 0.395426244 0.75128293 1 1
G1760 0 0.00534707587 1.32184601 0 0.429962963 1.79027903 0 0.00916749611 0 0 0 0 0.00581607036 0.120020546 0 0.317649573 0.00650437735 0.56156379 0 0 0 0 0 0 0.630105674 0.278815776 0 0 0.257276803 0 0 0 0.00317862513 0 0 0 0 0 0.829456031 0 0.9628371 0 0.212810755 0 0 0 0 0 0 0 0 0 0 0.247607902 0 0.192030117 0 0 0 0 0 0 0.388883173 0.388480216 0 0 0 0 1 0 0 0 0 0.148148149 0.489301085 0.376848131 0.453209102 0.742928505 1 1
G2014 0 0.00534707587 1.32184601 0 0.429962963 1.79027903 0 0.00916749611 0 0 0 0 0.00581607036 0.120020546 0 0.317649573 0.00650437735 0.56156379 0 0 0 0 0 0 0.630105674 0.278815776 0 0 0.257276803 0 0 0 0.00317862513 0 0 0 0 0 0.829456031 0 0.9628371 0 0.212810755 0 0 0 0 0 0 0 0 0 0 0.247607902 0 0.192030117 0 0 0 0 0 0 0.388883173 0.388480216 0 0 0 0 0 1 0 0 0 0.166666672 0.244650543 0.425591439 0.426736563 0.741850793 1 1
__smartatpg_bin_599_1 0 0.00534707587 1.32184601 0 0.429962963 1.79027903 0 0.00916749611 0 0 0 0 0.00581607036 0.120020546 0 0.317649573 0.00650437735 0.56156379 0 0 0 0 0 0 0.630105674 0.278815776 0 0 0.257276803 0 0 0 0.00317862513 0 0 0 0 0 0.829456031 0 0.9628371 0 0.212810755 0 0 0 0 0 0 0 0 0 0 0.247607902 0 0.192030117 0 0 0 0 0 0 0.388883173 0.388480216 0 0 0 1 0 0 0 0 0 0.0925925896 0.244650543 0.305815101 0.377332509 0.709381044 1 1
G1805 0 0.00534707587 1.32184601 0 0.429962963 1.79027903 0 0.00916749611 0 0 0 0 0.00581607036 0.120020546 0 0.317649573 0.00650437735 0.56156379 0 0 0 0 0 0 0.630105674 0.278815776 0 0 0.257276803 0 0 0 0.00317862513 0 0 0 0 0 0.829456031 0 0.9628371 0 0.212810755 0 0 0 0 0 0 0 0 0 0 0.247607902 0 0.192030117 0 0 0 0 0 0 0.388883173 0.388480216 0 0 0 1 0 0 0 0 0 0.148148149 0.244650543 0.390522659 0.395426244 0.702514946 1 1
G1962 0 0.00534707587 1.32184601 0 0.429962963 1.79027903 0 0.00916749611 0 0 0 0 0.00581607036 0.120020546 0 0.317649573 0.00650437735 0.56156379 0 0 0 0 0 0 0.630105674 0.278815776 0 0 0.257276803 0 0 0 0.00317862513 0 0 0 0 0 0.829456031 0 0.9628371 0 0.212810755 0 0 0 0 0 0 0 0 0 0 0.247607902 0 0.192030117 0 0 0 0 0 0 0.388883173 0.388480216 0 1 0 0 0 0 0 0 0 0.166666672 0.387761921 0.326800615 0.476140618 0.693839073 1 1
__smartatpg_bin_600_1 0 0.00534707587 1.32184601 0 0.429962963 1.79027903 0 0.00916749611 0 0 0 0 0.00581607036 0.120020546 0 0.317649573 0.00650437735 0.56156379 0 0 0 0 0 0 0.630105674 0.278815776 0 0 0.257276803 0 0 0 0.00317862513 0 0 0 0 0 0.829456031 0 0.9628371 0 0.212810755 0 0 0 0 0 0 0 0 0 0 0.247607902 0 0.192030117 0 0 0 0 0 0 0.388883173 0.388480216 0 0 0 1 0 0 0 0 0 0.0925925896 0.244650543 0.281589121 0.377332509 0.725890636 1 1
G1806 0 0.00534707587 1.32184601 0 0.429962963 1.79027903 0 0.00916749611 0 0 0 0 0.00581607036 0.120020546 0 0.317649573 0.00650437735 0.56156379 0 0 0 0 0 0 0.630105674 0.278815776 0 0 0.257276803 0 0 0 0.00317862513 0 0 0 0 0 0.829456031 0 0.9628371 0 0.212810755 0 0 0 0 0 0 0 0 0 0 0.247607902 0 0.192030117 0 0 0 0 0 0 0.388883173 0.388480216 0 0 0 1 0 0 0 0 0 0.148148149 0.244650543 0.376848131 0.395426244 0.719753444 1 1
G1992 0 0.00534707587 1.32184601 0 0.429962963 1.79027903 0 0.00916749611 0 0 0 0 0.00581607036 0.120020546 0 0.317649573 0.00650437735 0.56156379 0 0 0 0 0 0 0.630105674 0.278815776 0 0 0.257276803 0 0 0 0.00317862513 0 0 0 0 0 0.829456031 0 0.9628371 0 0.212810755 0 0 0 0 0 0 0 0 0 0 0.247607902 0 0.192030117 0 0 0 0 0 0 0.388883173 0.388480216 0 1 0 0 0 0 0 0 0 0.166666672 0.387761921 0.326800615 0.476140618 0.712041974 1 1
__smartatpg_bin_774_1 0 0.00534707587 1.32184601 0 0.429962963 1.79027903 0 0.00916749611 0 0 0 0 0.00581607036 0.120020546 0 0.317649573 0.00650437735 0.56156379 0 0 0 0 0 0 0.630105674 0.278815776 0 0 0.257276803 0 0 0 0.00317862513 0 0 0 0 0 0.829456031 0 0.9628371 0 0.212810755 0 0 0 0 0 0 0 0 0 0 0.247607902 0 0.192030117 0 0 0 0 0 0 0.388883173 0.388480216 0 1 0 0 0 0 0 0 0 0.185185179 0.244650543 0.462741792 0.545771718 0.740765333 1 1
__smartatpg_bin_774_3 0 0.00534707587 1.32184601 0 0.429962963 1.79027903 0 0.00916749611 0 0 0 0 0.00581607036 0.120020546 0 0.317649573 0.00650437735 0.56156379 0 0 0 0 0 0 0.630105674 0.278815776 0 0 0.257276803 0 0 0 0.00317862513 0 0 0 0 0 0.829456031 0 0.9628371 0 0.212810755 0 0 0 0 0 0 0 0 0 0 0.247607902 0 0.192030117 0 0 0 0 0 0 0.388883173 0.388480216 0 1 0 0 0 0 0 0 0 0.185185179 0.244650543 0.252935857 0.476140618 0.749237418 1 1
__smartatpg_bin_774_2 0 0.00534707587 1.32184601 0 0.429962963 1.79027903 0 0.00916749611 0 0 0 0 0.00581607036 0.120020546 0 0.317649573 0.00650437735 0.56156379 0 0 0 0 0 0 0.630105674 0.278815776 0 0 0.257276803 0 0 0 0.00317862513 0 0 0 0 0 0.829456031 0 0.9628371 0 0.212810755 0 0 0 0 0 0 0 0 0 0 0.247607902 0 0.192030117 0 0 0 0 0 0 0.388883173 0.388480216 0 1 0 0 0 0 0 0 0 0.203703701 0.244650543 0.281589121 0.572244227 0.736343205 1 1
G2037 0 0.00534707587 1.32184601 0 0.429962963 1.79027903 0 0.00916749611 0 0 0 0 0.00581607036 0.120020546 0 0.317649573 0.00650437735 0.56156379 0 0 0 0 0 0 0.630105674 0.278815776 0 0 0.257276803 0 0 0 0.00317862513 0 0 0 0 0 0.829456031 0 0.9628371 0 0.212810755 0 0 0 0 0 0 0 0 0 0 0.247607902 0 0.192030117 0 0 0 0 0 0 0.388883173 0.388480216 0 1 0 0 0 0 0 0 0 0.222222224 0.244650543 0.305815101 0.678552747 0.706672132 1 1
__smartatpg_bin_776_1 0 0.00534707587 1.32184601 0 0.429962963 1.79027903 0 0.00916749611 0 0 0 0 0.00581607036 0.120020546 0 0.317649573 0.00650437735 0.56156379 0 0 0 0 0 0 0.630105674 0.278815776 0 0 0.257276803 0 0 0 0.00317862513 0 0 0 0 0 0.829456031 0 0.9628371 0 0.212810755 0 0 0 0 0 0 0 0 0 0 0.247607902 0 0.192030117 0 0 0 0 0 0 0.388883173 0.388480216 0 0 0 1 0 0 0 0 0 0.129629627 0.244650543 0.345311165 0.426736563 0.737460971 1 1
G2039 0 0.00534707587 1.32184601 0 0.429962963 1.79027903 0 0.00916749611 0 0 0 0 0.00581607036 0.120020546 0 0.317649573 0.00650437735 0.56156379 0 0 0 0 0 0 0.630105674 0.278815776 0 0 0.257276803 0 0 0 0.00317862513 0 0 0 0 0 0.829456031 0 0.9628371 0 0.212810755 0 0 0 0 0 0 0 0 0 0 0.247607902 0 0.192030117 0 0 0 0 0 0 0.388883173 0.388480216 0 0 0 1 0 0 0 0 0 0.166666672 0.244650543 0.425591439 0.440482408 0.730626166 1 1
G2191 0 0.00534707587 1.32184601 0 0.429962963 1.79027903 0 0.00916749611 0 0 0 0 0.00581607036 0.120020546 0 0.317649573 0.00650437735 0.56156379 0 0 0 0 0 0 0.630105674 0.278815776 0 0 0.257276803 0 0 0 0.00317862513 0 0 0 0 0 0.829456031 0 0.9628371 0 0.212810755 0 0 0 0 0 0 0 0 0 0 0.247607902 0 0.192030117 0 0 0 0 0 0 0.388883173 0.388480216 0 1 0 0 0 0 0 0 0 0.185185179 0.244650543 0.305815101 0.572244227 0.712041974 1 1
__smartatpg_bin_85_1 0 0.00534707587 1.32184601 0 0.429962963 1.79027903 0 0.00916749611 0 0 0 0 0.00581607036 0.120020546 0 0.317649573 0.00650437735 0.56156379 0 0 0 0 0 0 0.630105674 0.278815776 0 0 0.257276803 0 0 0 0.00317862513 0 0 0 0 0 0.829456031 0 0.9628371 0 0.212810755 0 0 0 0 0 0 0 0 0 0 0.247607902 0 0.192030117 0 0 0 0 0 0 0.388883173 0.388480216 0 1 0 0 0 0 0 0 0 0.0370370373 0.244650543 0.217867076 0.307701409 0.312624067 1 1
G713 0 0.00534707587 1.32184601 0 0.429962963 1.79027903 0 0.00916749611 0 0 0 0 0.00581607036 0.120020546 0 0.317649573 0.00650437735 0.56156379 0 0 0 0 0 0 0.630105674 0.278815776 0 0 0.257276803 0 0 0 0.00317862513 0 0 0 0 0 0.829456031 0 0.9628371 0 0.212810755 0 0 0 0 0 0 0 0 0 0 0.247607902 0 0.192030117 0 0 0 0 0 0 0.388883173 0.388480216 0 1 0 0 0 0 0 0 0 0.055555556 0.244650543 0.217867076 0.377332509 0.24196355 1 1
G928 0 0.00534707587 1.32184601 0 0.429962963 1.79027903 0 0.00916749611 0 0 0 0 0.00581607036 0.120020546 0 0.317649573 0.00650437735 0.56156379 0 0 0 0 0 0 0.630105674 0.278815776 0 0 0.257276803 0 0 0 0.00317862513 0 0 0 0 0 0.829456031 0 0.9628371 0 0.212810755 0 0 0 0 0 0 0 0 0 0 0.247607902 0 0.192030117 0 0 0 0 0 0 0.388883173 0.388480216 0 0 1 0 0 0 0 0 0 0.0740740746 0.244650543 0.390522659 0.238070309 0.10420803 1 1
G3519 0 0.00534707587 1.32184601 0 0.429962963 1.79027903 0 0.00916749611 0 0 0 0 0.00581607036 0.120020546 0 0.317649573 0.00650437735 0.56156379 0 0 0 0 0 0 0.630105674 0.278815776 0 0 0.257276803 0 0 0 0.00317862513 0 0 0 0 0 0.829456031 0 0.9628371 0 0.212810755 0 0 0 0 0 0 0 0 0 0 0.247607902 0 0.192030117 0 0 0 0 0 0 0.388883173 0.388480216 0 0 0 0 0 1 0 0 0 0.0925925896 0 0.252935857 0.440482408 0 1 1
__smartatpg_bin_905_1 0 0.00534707587 1.32184601 0 0.429962963 1.79027903 0 0.00916749611 0 0 0 0 0.00581607036 0.120020546 0 0.317649573 0.00650437735 0.56156379 0 0 0 0 0 0 0.630105674 0.278815776 0 0 0.257276803 0 0 0 0.00317862513 0 0 0 0 0 0.829456031 0 0.9628371 0 0.212810755 0 0 0 0 0 0 0 0 0 0 0.247607902 0 0.192030117 0 0 0 0 0 0 0.388883173 0.388480216 0 1 0 0 0 0 0 0 0 0.203703701 0.244650543 0.414748639 0.62468785 0.755292237 1 1
__smartatpg_bin_905_3 0 0.00534707587 1.32184601 0 0.429962963 1.79027903 0 0.00916749611 0 0 0 0 0.00581607036 0.120020546 0 0.317649573 0.00650437735 0.56156379 0 0 0 0 0 0 0.630105674 0.278815776 0 0 0.257276803 0 0 0 0.00317862513 0 0 0 0 0 0.829456031 0 0.9628371 0 0.212810755 0 0 0 0 0 0 0 0 0 0 0.247607902 0 0.192030117 0 0 0 0 0 0 0.388883173 0.388480216 0 1 0 0 0 0 0 0 0 0.203703701 0.244650543 0.217867076 0.530829132 0.770338833 1 1
__smartatpg_bin_905_2 0 0.00534707587 1.32184601 0 0.429962963 1.79027903 0 0.00916749611 0 0 0 0 0.00581607036 0.120020546 0 0.317649573 0.00650437735 0.56156379 0 0 0 0 0 0 0.630105674 0.278815776 0 0 0.257276803 0 0 0 0.00317862513 0 0 0 0 0 0.829456031 0 0.9628371 0 0.212810755 0 0 0 0 0 0 0 0 0 0 0.247607902 0 0.192030117 0 0 0 0 0 0 0.388883173 0.388480216 0 1 0 0 0 0 0 0 0 0.222222224 0.244650543 0.252935857 0.637737036 0.752295315 1 1
G2168 0 0.00534707587 1.32184601 0 0.429962963 1.79027903 0 0.00916749611 0 0 0 0 0.00581607036 0.120020546 0 0.317649573 0.00650437735 0.56156379 0 0 0 0 0 0 0.630105674 0.278815776 0 0 0.257276803 0 0 0 0.00317862513 0 0 0 0 0 0.829456031 0 0.9628371 0 0.212810755 0 0 0 0 0 0 0 0 0 0 0.247607902 0 0.192030117 0 0 0 0 0 0 0.388883173 0.388480216 0 1 0 0 0 0 0 0 0 0.240740746 0.244650543 0.281589121 0.750371516 0.708032668 1 1
G2256 0 0.00534707587 1.32184601 0 0.429962963 1.79027903 0 0.00916749611 0 0 0 0 0.00581607036 0.120020546 0 0.317649573 0.00650437735 0.56156379 0 0 0 0 0 0 0.630105674 0.278815776 0 0 0.257276803 0 0 0 0.00317862513 0 0 0 0 0 0.829456031 0 0.9628371 0 0.212810755 0 0 0 0 0 0 0 0 0 0 0.247607902 0 0.192030117 0 0 0 0 0 0 0.388883173 0.388480216 0 0 0 1 0 0 0 0 0 0.259259254 0.244650543 0.40310201 0.681823909 0.698239625 1 1
G2336 0 0.00534707587 1.32184601 0 0.429962963 1.79027903 0 0.00916749611 0 0 0 0 0.00581607036 0.120020546 0 0.317649573 0.00650437735 0.56156379 0 0 0 0 0 0 0.630105674 0.278815776 0 0 0.257276803 0 0 0 0.00317862513 0 0 0 0 0 0.829456031 0 0.9628371 0 0.212810755 0 0 0 0 0 0 0 0 0 0 0.247607902 0 0.192030117 0 0 0 0 0 0 0.388883173 0.388480216 0 1 0 0 0 0 0 0 0 0.277777791 0.244650543 0.414748639 0.700241327 0.689305842 1 1
__smartatpg_bin_910_2 0 0.00534707587 1.32184601 0 0.429962963 1.79027903 0 0.00916749611 0 0 0 0 0.00581607036 0.120020546 0 0.317649573 0.00650437735 0.56156379 0 0 0 0 0 0 0.630105674 0.278815776 0 0 0.257276803 0 0 0 0.00317862513 0 0 0 0 0 0.829456031 0 0.9628371 0 0.212810755 0 0 0 0 0 0 0 0 0 0 0.247607902 0 0.192030117 0 0 0 0 0 0 0.388883173 0.388480216 0 0 0 1 0 0 0 0 0 0.148148149 0.244650543 0.281589121 0.395426244 0.749237418 1 1
__smartatpg_bin_910_3 0 0.00534707587 1.32184601 0 0.429962963 1.79027903 0 0.00916749611 0 0 0 0 0.00581607036 0.120020546 0 0.317649573 0.00650437735 0.56156379 0 0 0 0 0 0 0.630105674 0.278815776 0 0 0.257276803 0 0 0 0.00317862513 0 0 0 0 0 0.829456031 0 0.9628371 0 0.212810755 0 0 0 0 0 0 0 0 0 0 0.247607902 0 0.192030117 0 0 0 0 0 0 0.388883173 0.388480216 0 0 0 1 0 0 0 0 0 0.148148149 0.244650543 0.281589121 0.395426244 0.749237418 1 1
__smartatpg_bin_910_1 0 0.00534707587 1.32184601 0 0.429962963 1.79027903 0 0.00916749611 0 0 0 0 0.00581607036 0.120020546 0 0.317649573 0.00650437735 0.56156379 0 0 0 0 0 0 0.630105674 0.278815776 0 0 0.257276803 0 0 0 0.00317862513 0 0 0 0 0 0.829456031 0 0.9628371 0 0.212810755 0 0 0 0 0 0 0 0 0 0 0.247607902 0 0.192030117 0 0 0 0 0 0 0.388883173 0.388480216 0 0 0 1 0 0 0 0 0 0.166666672 0.244650543 0.390522659 0.411793977 0.742928505 1 1
__smartatpg_bin_910_5 0 0.00534707587 1.32184601 0 0.429962963 1.79027903 0 0.00916749611 0 0 0 0 0.00581607036 0.120020546 0 0.317649573 0.00650437735 0.56156379 0 0 0 0 0 0 0.630105674 0.278815776 0 0 0.257276803 0 0 0 0.00317862513 0 0 0 0 0 0.829456031 0 0.9628371 0 0.212810755 0 0 0 0 0 0 0 0 0 0 0.247607902 0 0.192030117 0 0 0 0 0 0 0.388883173 0.388480216 0 0 0 1 0 0 0 0 0 0.148148149 0.244650543 0.281589121 0.377332509 0.749237418 1 1
__smartatpg_bin_910_6 0 0.00534707587 1.32184601 0 0.429962963 1.79027903 0 0.00916749611 0 0 0 0 0.00581607036 0.120020546 0 0.317649573 0.00650437735 0.56156379 0 0 0 0 0 0 0.630105674 0.278815776 0 0 0.257276803 0 0 0 0.00317862513 0 0 0 0 0 0.829456031 0 0.9628371 0 0.212810755 0 0 0 0 0 0 0 0 0 0 0.247607902 0 0.192030117 0 0 0 0 0 0 0.388883173 0.388480216 0 0 0 1 0 0 0 0 0 0.148148149 0.244650543 0.281589121 0.377332509 0.749237418 1 1
__smartatpg_bin_910_4 0 0.00534707587 1.32184601 0 0.429962963 1.79027903 0 0.00916749611 0 0 0 0 0.00581607036 0.120020546 0 0.317649573 0.00650437735 0.56156379 0 0 0 0 0 0 0.630105674 0.278815776 0 0 0.257276803 0 0 0 0.00317862513 0 0 0 0 0 0.829456031 0 0.9628371 0 0.212810755 0 0 0 0 0 0 0 0 0 0 0.247607902 0 0.192030117 0 0 0 0 0 0 0.388883173 0.388480216 0 0 0 1 0 0 0 0 0 0.166666672 0.244650543 0.390522659 0.395426244 0.742928505 1 1
G2175 0 0.00534707587 1.32184601 0 0.429962963 1.79027903 0 0.00916749611 0 0 0 0 0.00581607036 0.120020546 0 0.317649573 0.00650437735 0.56156379 0 0 0 0 0 0 0.630105674 0.278815776 0 0 0.257276803 0 0 0 0.00317862513 0 0 0 0 0 0.829456031 0 0.9628371 0 0.212810755 0 0 0 0 0 0 0 0 0 0 0.247607902 0 0.192030117 0 0 0 0 0 0 0.388883173 0.388480216 0 0 0 0 1 0 0 0 0 0.185185179 0.244650543 0.376848131 0.545771718 0.729456186 1 1
G2314 0 0.00534707587 1.32184601 0 0.429962963 1.79027903 0 0.00916749611 0 0 0 0 0.00581607036 0.120020546 0 0.317649573 0.00650437735 0.56156379 0 0 0 0 0 0 0.630105674 0.278815776 0 0 0.257276803 0 0 0 0.00317862513 0 0 0 0 0 0.829456031 0 0.9628371 0 0.212810755 0 0 0 0 0 0 0 0 0 0 0.247607902 0 0.192030117 0 0 0 0 0 0 0.388883173 0.388480216 0 1 0 0 0 0 0 0 0 0.203703701 0.244650543 0.305815101 0.600460231 0.718495369 1 1
__smartatpg_bin_911_2 0 0.00534707587 1.32184601 0 0.429962963 1.79027903 0 0.00916749611 0 0 0 0 0.00581607036 0.120020546 0 0.317649573 0.00650437735 0.56156379 0 0 0 0 0 0 0.630105674 0.278815776 0 0 0.257276803 0 0 0 0.00317862513 0 0 0 0 0 0.829456031 0 0.9628371 0 0.212810755 0 0 0 0 0 0 0 0 0 0 0.247607902 0 0.192030117 0 0 0 0 0 0 0.388883173 0.388480216 0 0 0 1 0 0 0 0 0 0.148148149 0.244650543 0.305815101 0.395426244 0.738570511 1 1
__smartatpg_bin_911_3 0 0.00534707587 1.32184601 0 0.429962963 1.79027903 0 0.00916749611 0 0 0 0 0.00581607036 0.120020546 0 0.317649573 0.00650437735 0.56156379 0 0 0 0 0 0 0.630105674 0.278815776 0 0 0.257276803 0 0 0 0.00317862513 0 0 0 0 0 0.829456031 0 0.9628371 0 0.212810755 0 0 0 0 0 0 0 0 0 0 0.247607902 0 0.192030117 0 0 0 0 0 0 0.388883173 0.388480216 0 0 0 1 0 0 0 0 0 0.148148149 0.244650543 0.281589121 0.395426244 0.739671946 1 1
__smartatpg_bin_911_1 0 0.00534707587 1.32184601 0 0.429962963 1.79027903 0 0.00916749611 0 0 0 0 0.00581607036 0.120020546 0 0.317649573 0.00650437735 0.56156379 0 0 0 0 0 0 0.630105674 0.278815776 0 0 0.257276803 0 0 0 0.00317862513 0 0 0 0 0 0.829456031 0 0.9628371 0 0.212810755 0 0 0 0 0 0 0 0 0 0 0.247607902 0 0.192030117 0 0 0 0 0 0 0.388883173 0.388480216 0 0 0 1 0 0 0 0 0 0.166666672 0.244650543 0.40310201 0.411793977 0.731787086 1 1
__smartatpg_bin_911_5 0 0.00534707587 1.32184601 0 0.429962963 1.79027903 0 0.00916749611 0 0 0 0 0.00581607036 0.120020546 0 0.317649573 0.00650437735 0.56156379 0 0 0 0 0 0 0.630105674 0.278815776 0 0 0.257276803 0 0 0 0.00317862513 0 0 0 0 0 0.829456031 0 0.9628371 0 0.212810755 0 0 0 0 0 0 0 0 0 0 0.247607902 0 0.192030117 0 0 0 0 0 0 0.388883173 0.388480216 0 0 0 1 0 0 0 0 0 0.148148149 0.244650543 0.281589121 0.377332509 0.739671946 1 1
__smartatpg_bin_911_6 0 0.00534707587 1.32184601 0 0.429962963 1.79027903 0 0.00916749611 0 0 0 0 0.00581607036 0.120020546 0 0.317649573 0.00650437735 0.56156379 0 0 0 0 0 0 0.630105674 0.278815776 0 0 0.257276803 0 0 0 0.00317862513 0 0 0 0 0 0.829456031 0 0.9628371 0 0.212810755 0 0 0 0 0 0 0 0 0 0 0.247607902 0 0.192030117 0 0 0 0 0 0 0.388883173 0.388480216 0 0 0 1 0 0 0 0 0 0.148148149 0.244650543 0.281589121 0.377332509 0.739671946 1 1
__smartatpg_bin_911_4 0 0.00534707587 1.32184601 0 0.429962963 1.79027903 0 0.00916749611 0 0 0 0 0.00581607036 0.120020546 0 0.317649573 0.00650437735 0.56156379 0 0 0 0 0 0 0.630105674 0.278815776 0 0 0.257276803 0 0 0 0.00317862513 0 0 0 0 0 0.829456031 0 0.9628371 0 0.212810755 0 0 0 0 0 0 0 0 0 0 0.247607902 0 0.192030117 0 0 0 0 0 0 0.388883173 0.388480216 0 0 0 1 0 0 0 0 0 0.166666672 0.244650543 0.390522659 0.395426244 0.732939124 1 1
G2176 0 0.00534707587 1.32184601 0 0.429962963 1.79027903 0 0.00916749611 0 0 0 0 0.00581607036 0.120020546 0 0.317649573 0.00650437735 0.56156379 0 0 0 0 0 0 0.630105674 0.278815776 0 0 0.257276803 0 0 0 0.00317862513 0 0 0 0 0 0.829456031 0 0.9628371 0 0.212810755 0 0 0 0 0 0 0 0 0 0 0.247607902 0 0.192030117 0 0 0 0 0 0 0.388883173 0.388480216 0 0 0 0 1 0 0 0 0 0.185185179 0.244650543 0.376848131 0.552782178 0.717226624 1 1
G2316 0 0.00534707587 1.32184601 0 0.429962963 1.79027903 0 0.00916749611 0 0 0 0 0.00581607036 0.120020546 0 0.317649573 0.00650437735 0.56156379 0 0 0 0 0 0 0.630105674 0.278815776 0 0 0.257276803 0 0 0 0.00317862513 0 0 0 0 0 0.829456031 0 0.9628371 0 0.212810755 0 0 0 0 0 0 0 0 0 0 0.247607902 0 0.192030117 0 0 0 0 0 0 0.388883173 0.388480216 0 1 0 0 0 0 0 0 0 0.203703701 0.244650543 0.281589121 0.584092498 0.71071738 1 1
__smartatpg_bin_912_2 0 0.00534707587 1.32184601 0 0.429962963 1.79027903 0 0.00916749611 0 0 0 0 0.00581607036 0.120020546 0 0.317649573 0.00650437735 0.56156379 0 0 0 0 0 0 0.630105674 0.278815776 0 0 0.257276803 0 0 0 0.00317862513 0 0 0 0 0 0.829456031 0 0.9628371 0 0.212810755 0 0 0 0 0 0 0 0 0 0 0.247607902 0 0.192030117 0 0 0 0 0 0 0.388883173 0.388480216 0 0 0 1 0 0 0 0 0 0.148148149 0.244650543 0.305815101 0.395426244 0.740765333 1 1
__smartatpg_bin_912_3 0 0.00534707587 1.32184601 0 0.429962963 1.79027903 0 0.00916749611 0 0 0 0 0.00581607036 0.120020546 0 0.317649573 0.00650437735 0.56156379 0 0 0 0 0 0 0.630105674 0.278815776 0 0 0.257276803 0 0 0 0.00317862513 0 0 0 0 0 0.829456031 0 0.9628371 0 0.212810755 0 0 0 0 0 0 0 0 0 0 0.247607902 0 0.192030117 0 0 0 0 0 0 0.388883173 0.388480216 0 0 0 1 0 0 0 0 0 0.148148149 0.244650543 0.305815101 0.395426244 0.740765333 1 1
__smartatpg_bin_912_1 0 0.00534707587 1.32184601 0 0.429962963 1.79027903 0 0.00916749611 0 0 0 0 0.00581607036 0.120020546 0 0.317649573 0.00650437735 0.56156379 0 0 0 0 0 0 0.630105674 0.278815776 0 0 0.257276803 0 0 0 0.00317862513 0 0 0 0 0 0.829456031 0 0.9628371 0 0.212810755 0 0 0 0 0 0 0 0 0 0 0.247607902 0 0.192030117 0 0 0 0 0 0 0.388883173 0.388480216 0 0 0 1 0 0 0 0 0 0.166666672 0.244650543 0.414748639 0.411793977 0.732939124 1 1
__smartatpg_bin_912_5 0 0.00534707587 1.32184601 0 0.429962963 1.79027903 0 0.00916749611 0 0 0 0 0.00581607036 0.120020546 0 0.317649573 0.00650437735 0.56156379 0 0 0 0 0 0 0.630105674 0.278815776 0 0 0.257276803 0 0 0 0.00317862513 0 0 0 0 0 0.829456031 0 0.9628371 0 0.212810755 0 0 0 0 0 0 0 0 0 0 0.247607902 0 0.192030117 0 0 0 0 0 0 0.388883173 0.388480216 0 0 0 1 0 0 0 0 0 0.148148149 0.244650543 0.281589121 0.377332509 0.741850793 1 1
__smartatpg_bin_912_6 0 0.00534707587 1.32184601 0 0.429962963 1.79027903 0 0.00916749611 0 0 0 0 0.00581607036 0.120020546 0 0.317649573 0.00650437735 0.56156379 0 0 0 0 0 0 0.630105674 0.278815776 0 0 0.257276803 0 0 0 0.00317862513 0 0 0 0 0 0.829456031 0 0.9628371 0 0.212810755 0 0 0 0 0 0 0 0 0 0 0.247607902 0 0.192030117 0 0 0 0 0 0 0.388883173 0.388480216 0 0 0 1 0 0 0 0 0 0.148148149 0.244650543 0.281589121 0.377332509 0.741850793 1 1
__smartatpg_bin_912_4 0 0.00534707587 1.32184601 0 0.429962963 1.79027903 0 0.00916749611 0 0 0 0 0.00581607036 0.120020546 0 0.317649573 0.00650437735 0.56156379 0 0 0 0 0 0 0.630105674 0.278815776 0 0 0.257276803 0 0 0 0.00317862513 0 0 0 0 0 0.829456031 0 0.9628371 0 0.212810755 0 0 0 0 0 0 0 0 0 0 0.247607902 0 0.192030117 0 0 0 0 0 0 0.388883173 0.388480216 0 0 0 1 0 0 0 0 0 0.166666672 0.244650543 0.390522659 0.395426244 0.735217035 1 1
G2177 0 0.00534707587 1.32184601 0 0.429962963 1.79027903 0 0.00916749611 0 0 0 0 0.00581607036 0.120020546 0 0.317649573 0.00650437735 0.56156379 0 0 0 0 0 0 0.630105674 0.278815776 0 0 0.257276803 0 0 0 0.00317862513 0 0 0 0 0 0.829456031 0 0.9628371 0 0.212810755 0 0 0 0 0 0 0 0 0 0 0.247607902 0 0.192030117 0 0 0 0 0 0 0.388883173 0.388480216 0 0 0 0 1 0 0 0 0 0.185185179 0.244650543 0.376848131 0.559517562 0.718495369 1 1
G2318 0 0.00534707587 1.32184601 0 0.429962963 1.79027903 0 0.00916749611 0 0 0 0 0.00581607036 0.120020546 0 0.317649573 0.00650437735 0.56156379 0 0 0 0 0 0 0.630105674 0.278815776 0 0 0.257276803 0 0 0 0.00317862513 0 0 0 0 0 0.829456031 0 0.9628371 0 0.212810755 0 0 0 0 0 0 0 0 0 0 0.247607902 0 0.192030117 0 0 0 0 0 0 0.388883173 0.388480216 0 1 0 0 0 0 0 0 0 0.203703701 0.244650543 0.281589121 0.589723527 0.712041974 1 1
__smartatpg_bin_913_2 0 0.00534707587 1.32184601 0 0.429962963 1.79027903 0 0.00916749611 0 0 0 0 0.00581607036 0.120020546 0 0.317649573 0.00650437735 0.56156379 0 0 0 0 0 0 0.630105674 0.278815776 0 0 0.257276803 0 0 0 0.00317862513 0 0 0 0 0 0.829456031 0 0.9628371 0 0.212810755 0 0 0 0 0 0 0 0 0 0 0.247607902 0 0.192030117 0 0 0 0 0 0 0.388883173 0.388480216 0 0 0 1 0 0 0 0 0 0.148148149 0.244650543 0.305815101 0.395426244 0.741850793 1 1
__smartatpg_bin_913_3 0 0.00534707587 1.32184601 0 0.429962963 1.79027903 0 0.00916749611 0 0 0 0 0.00581607036 0.120020546 0 0.317649573 0.00650437735 0.56156379 0 0 0 0 0 0 0.630105674 0.278815776 0 0 0.257276803 0 0 0 0.00317862513 0 0 0 0 0 0.829456031 0 0.9628371 0 0.212810755 0 0 0 0 0 0 0 0 0 0 0.247607902 0 0.192030117 0 0 0 0 0 0 0.388883173 0.388480216 0 0 0 1 0 0 0 0 0 0.148148149 0.244650543 0.326800615 0.411793977 0.740765333 1 1
__smartatpg_bin_913_1 0 0.00534707587 1.32184601 0 0.429962963 1.79027903 0 0.00916749611 0 0 0 0 0.00581607036 0.120020546 0 0.317649573 0.00650437735 0.56156379 0 0 0 0 0 0 0.630105674 0.278815776 0 0 0.257276803 0 0 0 0.00317862513 0 0 0 0 0 0.829456031 0 0.9628371 0 0.212810755 0 0 0 0 0 0 0 0 0 0 0.247607902 0 0.192030117 0 0 0 0 0 0 0.388883173 0.388480216 0 0 0 1 0 0 0 0 0 0.166666672 0.244650543 0.425591439 0.411793977 0.732939124 1 1
__smartatpg_bin_913_5 0 0.00534707587 1.32184601 0 0.429962963 1.79027903 0 0.00916749611 0 0 0 0 0.00581607036 0.120020546 0 0.317649573 0.00650437735 0.56156379 0 0 0 0 0 0 0.630105674 0.278815776 0 0 0.257276803 0 0 0 0.00317862513 0 0 0 0 0 0.829456031 0 0.9628371 0 0.212810755 0 0 0 0 0 0 0 0 0 0 0.247607902 0 0.192030117 0 0 0 0 0 0 0.388883173 0.388480216 0 0 0 1 0 0 0 0 0 0.148148149 0.244650543 0.281589121 0.377332509 0.742928505 1 1
__smartatpg_bin_913_6 0 0.00534707587 1.32184601 0 0.429962963 1.79027903 0 0.00916749611 0 0 0 0 0.00581607036 0.120020546 0 0.317649573 0.00650437735 0.56156379 0 0 0 0 0 0 0.630105674 0.278815776 0 0 0.257276803 0 0 0 0.00317862513 0 0 0 0 0 0.829456031 0 0.9628371 0 0.212810755 0 0 0 0 0 0 0 0 0 0 0.247607902 0 0.192030117 0 0 0 0 0 0 0.388883173 0.388480216 0 0 0 1 0 0 0 0 0 0.148148149 0.244650543 0.281589121 0.377332509 0.742928505 1 1
__smartatpg_bin_913_4 0 0.00534707587 1.32184601 0 0.429962963 1.79027903 0 0.00916749611 0 0 0 0 0.00581607036 0.120020546 0 0.317649573 0.00650437735 0.56156379 0 0 0 0 0 0 0.630105674 0.278815776 0 0 0.257276803 0 0 0 0.00317862513 0 0 0 0 0 0.829456031 0 0.9628371 0 0.212810755 0 0 0 0 0 0 0 0 0 0 0.247607902 0 0.192030117 0 0 0 0 0 0 0.388883173 0.388480216 0 0 0 1 0 0 0 0 0 0.166666672 0.244650543 0.390522659 0.395426244 0.736343205 1 1
G2178 0 0.00534707587 1.32184601 0 0.429962963 1.79027903 0 0.00916749611 0 0 0 0 0.00581607036 0.120020546 0 0.317649573 0.00650437735 0.56156379 0 0 0 0 0 0 0.630105674 0.278815776 0 0 0.257276803 0 0 0 0.00317862513 0 0 0 0 0 0.829456031 0 0.9628371 0 0.212810755 0 0 0 0 0 0 0 0 0 0 0.247607902 0 0.192030117 0 0 0 0 0 0 0.388883173 0.388480216 0 0 0 0 1 0 0 0 0 0.185185179 0.244650543 0.376848131 0.565998793 0.718495369 1 1
G2320 0 0.00534707587 1.32184601 0 0.429962963 1.79027903 0 0.00916749611 0 0 0 0 0.00581607036 0.120020546 0 0.317649573 0.00650437735 0.56156379 0 0 0 0 0 0 0.630105674 0.278815776 0 0 0.257276803 0 0 0 0.00317862513 0 0 0 0 0 0.829456031 0 0.9628371 0 0.212810755 0 0 0 0 0 0 0 0 0 0 0.247607902 0 0.192030117 0 0 0 0 0 0 0.388883173 0.388480216 0 1 0 0 0 0 0 0 0 0.203703701 0.244650543 0.281589121 0.595175803 0.712041974 1 1
__smartatpg_bin_914_2 0 0.00534707587 1.32184601 0 0.429962963 1.79027903 0 0.00916749611 0 0 0 0 0.00581607036 0.120020546 0 0.317649573 0.00650437735 0.56156379 0 0 0 0 0 0 0.630105674 0.278815776 0 0 0.257276803 0 0 0 0.00317862513 0 0 0 0 0 0.829456031 0 0.9628371 0 0.212810755 0 0 0 0 0 0 0 0 0 0 0.247607902 0 0.192030117 0 0 0 0 0 0 0.388883173 0.388480216 0 0 0 1 0 0 0 0 0 0.148148149 0.244650543 0.305815101 0.395426244 0.749237418 1 1
__smartatpg_bin_914_3 0 0.00534707587 1.32184601 0 0.429962963 1.79027903 0 0.00916749611 0 0 0 0 0.00581607036 0.120020546 0 0.317649573 0.00650437735 0.56156379 0 0 0 0 0 0 0.630105674 0.278815776 0 0 0.257276803 0 0 0 0.00317862513 0 0 0 0 0 0.829456031 0 0.9628371 0 0.212810755 0 0 0 0 0 0 0 0 0 0 0.247607902 0 0.192030117 0 0 0 0 0 0 0.388883173 0.388480216 0 0 0 1 0 0 0 0 0 0.148148149 0.244650543 0.326800615 0.411793977 0.748204172 1 1
__smartatpg_bin_914_1 0 0.00534707587 1.32184601 0 0.429962963 1.79027903 0 0.00916749611 0 0 0 0 0.00581607036 0.120020546 0 0.317649573 0.00650437735 0.56156379 0 0 0 0 0 0 0.630105674 0.278815776 0 0 0.257276803 0 0 0 0.00317862513 0 0 0 0 0 0.829456031 0 0.9628371 0 0.212810755 0 0 0 0 0 0 0 0 0 0 0.247607902 0 0.192030117 0 0 0 0 0 0 0.388883173 0.388480216 0 0 0 1 0 0 0 0 0 0.166666672 0.244650543 0.425591439 0.411793977 0.740765333 1 1
__smartatpg_bin_914_5 0 0.00534707587 1.32184601 0 0.429962963 1.79027903 0 0.00916749611 0 0 0 0 0.00581607036 0.120020546 0 0.317649573 0.00650437735 0.56156379 0 0 0 0 0 0 0.630105674 0.278815776 0 0 0.257276803 0 0 0 0.00317862513 0 0 0 0 0 0.829456031 0 0.9628371 0 0.212810755 0 0 0 0 0 0 0 0 0 0 0.247607902 0 0.192030117 0 0 0 0 0 0 0.388883173 0.388480216 0 0 0 1 0 0 0 0 0 0.148148149 0.244650543 0.305815101 0.377332509 0.749237418 1 1
__smartatpg_bin_914_6 0 0.00534707587 1.32184601 0 0.429962963 1.79027903 0 0.00916749611 0 0 0 0 0.00581607036 0.120020546 0 0.317649573 0.00650437735 0.56156379 0 0 0 0 0 0 0.630105674 0.278815776 0 0 0.257276803 0 0 0 0.00317862513 0 0 0 0 0 0.829456031 0 0.9628371 0 0.212810755 0 0 0 0 0 0 0 0 0 0 0.247607902 0 0.192030117 0 0 0 0 0 0 0.388883173 0.388480216 0 0 0 1 0 0 0 0 0 0.148148149 0.244650543 0.281589121 0.377332509 0.750263631 1 1
__smartatpg_bin_914_4 0 0.00534707587 1.32184601 0 0.429962963 1.79027903 0 0.00916749611 0 0 0 0 0.00581607036 0.120020546 0 0.317649573 0.00650437735 0.56156379 0 0 0 0 0 0 0.630105674 0.278815776 0 0 0.257276803 0 0 0 0.00317862513 0 0 0 0 0 0.829456031 0 0.9628371 0 0.212810755 0 0 0 0 0 0 0 0 0 0 0.247607902 0 0.192030117 0 0 0 0 0 0 0.388883173 0.388480216 0 0 0 1 0 0 0 0 0 0.166666672 0.244650543 0.40310201 0.395426244 0.742928505 1 1
G2179 0 0.00534707587 1.32184601 0 0.429962963 1.79027903 0 0.00916749611 0 0 0 0 0.00581607036 0.120020546 0 0.317649573 0.00650437735 0.56156379 0 0 0 0 0 0 0.630105674 0.278815776 0 0 0.257276803 0 0 0 0.00317862513 0 0 0 0 0 0.829456031 0 0.9628371 0 0.212810755 0 0 0 0 0 0 0 0 0 0 0.247607902 0 0.192030117 0 0 0 0 0 0 0.388883173 0.388480216 0 0 0 0 1 0 0 0 0 0.185185179 0.244650543 0.376848131 0.572244227 0.725890636 1 1
G2322 0 0.00534707587 1.32184601 0 0.429962963 1.79027903 0 0.00916749611 0 0 0 0 0.00581607036 0.120020546 0 0.317649573 0.00650437735 0.56156379 0 0 0 0 0 0 0.630105674 0.278815776 0 0 0.257276803 0 0 0 0.00317862513 0 0 0 0 0 0.829456031 0 0.9628371 0 0.212810755 0 0 0 0 0 0 0 0 0 0 0.247607902 0 0.192030117 0 0 0 0 0 0 0.388883173 0.388480216 0 1 0 0 0 0 0 0 0 0.203703701 0.244650543 0.281589121 0.600460231 0.719753444 1 1
__smartatpg_bin_915_2 0 0.00534707587 1.32184601 0 0.429962963 1.79027903 0 0.00916749611 0 0 0 0 0.00581607036 0.120020546 0 0.317649573 0.00650437735 0.56156379 0 0 0 0 0 0 0.630105674 0.278815776 0 0 0.257276803 0 0 0 0.00317862513 0 0 0 0 0 0.829456031 0 0.9628371 0 0.212810755 0 0 0 0 0 0 0 0 0 0 0.247607902 0 0.192030117 0 0 0 0 0 0 0.388883173 0.388480216 0 0 0 1 0 0 0 0 0 0.148148149 0.244650543 0.305815101 0.395426244 0.750263631 1 1
__smartatpg_bin_915_3 0 0.00534707587 1.32184601 0 0.429962963 1.79027903 0 0.00916749611 0 0 0 0 0.00581607036 0.120020546 0 0.317649573 0.00650437735 0.56156379 0 0 0 0 0 0 0.630105674 0.278815776 0 0 0.257276803 0 0 0 0.00317862513 0 0 0 0 0 0.829456031 0 0.9628371 0 0.212810755 0 0 0 0 0 0 0 0 0 0 0.247607902 0 0.192030117 0 0 0 0 0 0 0.388883173 0.388480216 0 0 0 1 0 0 0 0 0 0.148148149 0.244650543 0.326800615 0.411793977 0.749237418 1 1
__smartatpg_bin_915_1 0 0.00534707587 1.32184601 0 0.429962963 1.79027903 0 0.00916749611 0 0 0 0 0.00581607036 0.120020546 0 0.317649573 0.00650437735 0.56156379 0 0 0 0 0 0 0.630105674 0.278815776 0 0 0.257276803 0 0 0 0.00317862513 0 0 0 0 0 0.829456031 0 0.9628371 0 0.212810755 0 0 0 0 0 0 0 0 0 0 0.247607902 0 0.192030117 0 0 0 0 0 0 0.388883173 0.388480216 0 0 0 1 0 0 0 0 0 0.166666672 0.244650543 0.425591439 0.411793977 0.741850793 1 1
__smartatpg_bin_915_5 0 0.00534707587 1.32184601 0 0.429962963 1.79027903 0 0.00916749611 0 0 0 0 0.00581607036 0.120020546 0 0.317649573 0.00650437735 0.56156379 0 0 0 0 0 0 0.630105674 0.278815776 0 0 0.257276803 0 0 0 0.00317862513 0 0 0 0 0 0.829456031 0 0.9628371 0 0.212810755 0 0 0 0 0 0 0 0 0 0 0.247607902 0 0.192030117 0 0 0 0 0 0 0.388883173 0.388480216 0 0 0 1 0 0 0 0 0 0.148148149 0.244650543 0.326800615 0.395426244 0.749237418 1 1
__smartatpg_bin_915_6 0 0.00534707587 1.32184601 0 0.429962963 1.79027903 0 0.00916749611 0 0 0 0 0.00581607036 0.120020546 0 0.317649573 0.00650437735 0.56156379 0 0 0 0 0 0 0.630105674 0.278815776 0 0 0.257276803 0 0 0 0.00317862513 0 0 0 0 0 0.829456031 0 0.9628371 0 0.212810755 0 0 0 0 0 0 0 0 0 0 0.247607902 0 0.192030117 0 0 0 0 0 0 0.388883173 0.388480216 0 0 0 1 0 0 0 0 0 0.148148149 0.244650543 0.281589121 0.377332509 0.75128293 1 1
__smartatpg_bin_915_4 0 0.00534707587 1.32184601 0 0.429962963 1.79027903 0 0.00916749611 0 0 0 0 0.00581607036 0.120020546 0 0.317649573 0.00650437735 0.56156379 0 0 0 0 0 0 0.630105674 0.278815776 0 0 0.257276803 0 0 0 0.00317862513 0 0 0 0 0 0.829456031 0 0.9628371 0 0.212810755 0 0 0 0 0 0 0 0 0 0 0.247607902 0 0.192030117 0 0 0 0 0 0 0.388883173 0.388480216 0 0 0 1 0 0 0 0 0 0.166666672 0.244650543 0.414748639 0.395426244 0.742928505 1 1
G2180 0 0.00534707587 1.32184601 0 0.429962963 1.79027903 0 0.00916749611 0 0 0 0 0.00581607036 0.120020546 0 0.317649573 0.00650437735 0.56156379 0 0 0 0 0 0 0.630105674 0.278815776 0 0 0.257276803 0 0 0 0.00317862513 0 0 0 0 0 0.829456031 0 0.9628371 0 0.212810755 0 0 0 0 0 0 0 0 0 0 0.247607902 0 0.192030117 0 0 0 0 0 0 0.388883173 0.388480216 0 0 0 0 1 0 0 0 0 0.185185179 0.244650543 0.376848131 0.578270555 0.725890636 1 1
G2324 0 0.00534707587 1.32184601 0 0.429962963 1.79027903 0 0.00916749611 0 0 0 0 0.00581607036 0.120020546 0 0.317649573 0.00650437735 0.56156379 0 0 0 0 0 0 0.630105674 0.278815776 0 0 0.257276803 0 0 0 0.00317862513 0 0 0 0 0 0.829456031 0 0.9628371 0 0.212810755 0 0 0 0 0 0 0 0 0 0 0.247607902 0 0.192030117 0 0 0 0 0 0 0.388883173 0.388480216 0 1 0 0 0 0 0 0 0 0.203703701 0.244650543 0.281589121 0.605586946 0.719753444 1 1
__smartatpg_bin_916_2 0 0.00534707587 1.32184601 0 0.429962963 1.79027903 0 0.00916749611 0 0 0 0 0.00581607036 0.120020546 0 0.317649573 0.00650437735 0.56156379 0 0 0 0 0 0 0.630105674 0.278815776 0 0 0.257276803 0 0 0 0.00317862513 0 0 0 0 0 0.829456031 0 0.9628371 0 0.212810755 0 0 0 0 0 0 0 0 0 0 0.247607902 0 0.192030117 0 0 0 0 0 0 0.388883173 0.388480216 0 0 0 1 0 0 0 0 0 0.148148149 0.244650543 0.305815101 0.395426244 0.75128293 1 1
__smartatpg_bin_916_3 0 0.00534707587 1.32184601 0 0.429962963 1.79027903 0 0.00916749611 0 0 0 0 0.00581607036 0.120020546 0 0.317649573 0.00650437735 0.56156379 0 0 0 0 0 0 0.630105674 0.278815776 0 0 0.257276803 0 0 0 0.00317862513 0 0 0 0 0 0.829456031 0 0.9628371 0 0.212810755 0 0 0 0 0 0 0 0 0 0 0.247607902 0 0.192030117 0 0 0 0 0 0 0.388883173 0.388480216 0 0 0 1 0 0 0 0 0 0.148148149 0.244650543 0.326800615 0.411793977 0.750263631 1 1
__smartatpg_bin_916_1 0 0.00534707587 1.32184601 0 0.429962963 1.79027903 0 0.00916749611 0 0 0 0 0.00581607036 0.120020546 0 0.317649573 0.00650437735 0.56156379 0 0 0 0 0 0 0.630105674 0.278815776 0 0 0.257276803 0 0 0 0.00317862513 0 0 0 0 0 0.829456031 0 0.9628371 0 0.212810755 0 0 0 0 0 0 0 0 0 0 0.247607902 0 0.192030117 0 0 0 0 0 0 0.388883173 0.388480216 0 0 0 1 0 0 0 0 0 0.166666672 0.244650543 0.425591439 0.411793977 0.742928505 1 1
__smartatpg_bin_916_5 0 0.00534707587 1.32184601 0 0.429962963 1.79027903 0 0.00916749611 0 0 0 0 0.00581607036 0.120020546 0 0.317649573 0.00650437735 0.56156379 0 0 0 0 0 0 0.630105674 0.278815776 0 0 0.257276803 0 0 0 0.00317862513 0 0 0 0 0 0.829456031 0 0.9628371 0 0.212810755 0 0 0 0 0 0 0 0 0 0 0.247607902 0 0.192030117 0 0 0 0 0 0 0.388883173 0.388480216 0 0 0 1 0 0 0 0 0 0.148148149 0.244650543 0.326800615 0.395426244 0.750263631 1 1
__smartatpg_bin_916_6 0 0.00534707587 1.32184601 0 0.429962963 1.79027903 0 0.00916749611 0 0 0 0 0.00581607036 0.120020546 0 0.317649573 0.00650437735 0.56156379 0 0 0 0 0 0 0.630105674 0.278815776 0 0 0.257276803 0 0 0 0.00317862513 0 0 0 0 0 0.829456031 0 0.9628371 0 0.212810755 0 0 0 0 0 0 0 0 0 0 0.247607902 0 0.192030117 0 0 0 0 0 0 0.388883173 0.388480216 0 0 0 1 0 0 0 0 0 0.148148149 0.244650543 0.305815101 0.377332509 0.75128293 1 1
__smartatpg_bin_916_4 0 0.00534707587 1.32184601 0 0.429962963 1.79027903 0 0.00916749611 0 0 0 0 0.00581607036 0.120020546 0 0.317649573 0.00650437735 0.56156379 0 0 0 0 0 0 0.630105674 0.278815776 0 0 0.257276803 0 0 0 0.00317862513 0 0 0 0 0 0.829456031 0 0.9628371 0 0.212810755 0 0 0 0 0 0 0 0 0 0 0.247607902 0 0.192030117 0 0 0 0 0 0 0.388883173 0.388480216 0 0 0 1 0 0 0 0 0 0.166666672 0.244650543 0.425591439 0.395426244 0.742928505 1 1
G2181 0 0.00534707587 1.32184601 0 0.429962963 1.79027903 0 0.00916749611 0 0 0 0 0.00581607036 0.120020546 0 0.317649573 0.00650437735 0.56156379 0 0 0 0 0 0 0.630105674 0.278815776 0 0 0.257276803 0 0 0 0.00317862513 0 0 0 0 0 0.829456031 0 0.9628371 0 0.212810755 0 0 0 0 0 0 0 0 0 0 0.247607902 0 0.192030117 0 0 0 0 0 0 0.388883173 0.388480216 0 0 0 0 1 0 0 0 0 0.185185179 0.244650543 0.376848131 0.584092498 0.725890636 1 1
G2326 0 0.00534707587 1.32184601 0 0.429962963 1.79027903 0 0.00916749611 0 0 0 0 0.00581607036 0.120020546 0 0.317649573 0.00650437735 0.56156379 0 0 0 0 0 0 0.630105674 0.278815776 0 0 0.257276803 0 0 0 0.00317862513 0 0 0 0 0 0.829456031 0 0.9628371 0 0.212810755 0 0 0 0 0 0 0 0 0 0 0.247607902 0 0.192030117 0 0 0 0 0 0 0.388883173 0.388480216 0 1 0 0 0 0 0 0 0 0.203703701 0.244650543 0.281589121 0.610565007 0.719753444 1 1
__smartatpg_bin_917_2 0 0.00534707587 1.32184601 0 0.429962963 1.79027903 0 0.00916749611 0 0 0 0 0.00581607036 0.120020546 0 0.317649573 0.00650437735 0.56156379 0 0 0 0 0 0 0.630105674 0.278815776 0 0 0.257276803 0 0 0 0.00317862513 0 0 0 0 0 0.829456031 0 0.9628371 0 0.212810755 0 0 0 0 0 0 0 0 0 0 0.247607902 0 0.192030117 0 0 0 0 0 0 0.388883173 0.388480216 0 0 0 1 0 0 0 0 0 0.148148149 0.244650543 0.305815101 0.395426244 0.742928505 1 1
__smartatpg_bin_917_3 0 0.00534707587 1.32184601 0 0.429962963 1.79027903 0 0.00916749611 0 0 0 0 0.00581607036 0.120020546 0 0.317649573 0.00650437735 0.56156379 0 0 0 0 0 0 0.630105674 0.278815776 0 0 0.257276803 0 0 0 0.00317862513 0 0 0 0 0 0.829456031 0 0.9628371 0 0.212810755 0 0 0 0 0 0 0 0 0 0 0.247607902 0 0.192030117 0 0 0 0 0 0 0.388883173 0.388480216 0 0 0 1 0 0 0 0 0 0.148148149 0.244650543 0.326800615 0.411793977 0.741850793 1 1
__smartatpg_bin_917_1 0 0.00534707587 1.32184601 0 0.429962963 1.79027903 0 0.00916749611 0 0 0 0 0.00581607036 0.120020546 0 0.317649573 0.00650437735 0.56156379 0 0 0 0 0 0 0.630105674 0.278815776 0 0 0.257276803 0 0 0 0.00317862513 0 0 0 0 0 0.829456031 0 0.9628371 0 0.212810755 0 0 0 0 0 0 0 0 0 0 0.247607902 0 0.192030117 0 0 0 0 0 0 0.388883173 0.388480216 0 0 0 1 0 0 0 0 0 0.166666672 0.244650543 0.425591439 0.411793977 0.734082401 1 1
__smartatpg_bin_917_5 0 0.00534707587 1.32184601 0 0.429962963 1.79027903 0 0.00916749611 0 0 0 0 0.00581607036 0.120020546 0 0.317649573 0.00650437735 0.56156379 0 0 0 0 0 0 0.630105674 0.278815776 0 0 0.257276803 0 0 0 0.00317862513 0 0 0 0 0 0.829456031 0 0.9628371 0 0.212810755 0 0 0 0 0 0 0 0 0 0 0.247607902 0 0.192030117 0 0 0 0 0 0 0.388883173 0.388480216 0 0 0 1 0 0 0 0 0 0.148148149 0.244650543 0.326800615 0.395426244 0.741850793 1 1
__smartatpg_bin_917_6 0 0.00534707587 1.32184601 0 0.429962963 1.79027903 0 0.00916749611 0 0 0 0 0.00581607036 0.120020546 0 0.317649573 0.00650437735 0.56156379 0 0 0 0 0 0 0.630105674 0.278815776 0 0 0.257276803 0 0 0 0.00317862513 0 0 0 0 0 0.829456031 0 0.9628371 0 0.212810755 0 0 0 0 0 0 0 0 0 0 0.247607902 0 0.192030117 0 0 0 0 0 0 0.388883173 0.388480216 0 0 0 1 0 0 0 0 0 0.148148149 0.244650543 0.326800615 0.395426244 0.741850793 1 1
__smartatpg_bin_917_4 0 0.00534707587 1.32184601 0 0.429962963 1.79027903 0 0.00916749611 0 0 0 0 0.00581607036 0.120020546 0 0.317649573 0.00650437735 0.56156379 0 0 0 0 0 0 0.630105674 0.278815776 0 0 0.257276803 0 0 0 0.00317862513 0 0 0 0 0 0.829456031 0 0.9628371 0 0.212810755 0 0 0 0 0 0 0 0 0 0 0.247607902 0 0.192030117 0 0 0 0 0 0 0.388883173 0.388480216 0 0 0 1 0 0 0 0 0 0.166666672 0.244650543 0.435734153 0.411793977 0.732939124 1 1
G2182 0 0.00534707587 1.32184601 0 0.429962963 1.79027903 0 0.00916749611 0 0 0 0 0.00581607036 0.120020546 0 0.317649573 0.00650437735 0.56156379 0 0 0 0 0 0 0.630105674 0.278815776 0 0 0.257276803 0 0 0 0.00317862513 0 0 0 0 0 0.829456031 0 0.9628371 0 0.212810755 0 0 0 0 0 0 0 0 0 0 0.247607902 0 0.192030117 0 0 0 0 0 0 0.388883173 0.388480216 0 0 0 0 1 0 0 0 0 0.185185179 0.244650543 0.390522659 0.589723527 0.714656651 1 1
G2328 0 0.00534707587 1.32184601 0 0.429962963 1.79027903 0 0.00916749611 0 0 0 0 0.00581607036 0.120020546 0 0.317649573 0.00650437735 0.56156379 0 0 0 0 0 0 0.630105674 0.278815776 0 0 0.257276803 0 0 0 0.00317862513 0 0 0 0 0 0.829456031 0 0.9628371 0 0.212810755 0 0 0 0 0 0 0 0 0 0 0.247607902 0 0.192030117 0 0 0 0 0 0 0.388883173 0.388480216 0 1 0 0 0 0 0 0 0 0.203703701 0.244650543 0.281589121 0.615402818 0.708032668 1 1
__smartatpg_bin_918_2 0 0.00534707587 1.32184601 0 0.429962963 1.79027903 0 0.00916749611 0 0 0 0 0.00581607036 0.120020546 0 0.317649573 0.00650437735 0.56156379 0 0 0 0 0 0 0.630105674 0.278815776 0 0 0.257276803 0 0 0 0.00317862513 0 0 0 0 0 0.829456031 0 0.9628371 0 0.212810755 0 0 0 0 0 0 0 0 0 0 0.247607902 0 0.192030117 0 0 0 0 0 0 0.388883173 0.388480216 0 0 0 1 0 0 0 0 0 0.148148149 0.244650543 0.305815101 0.395426244 0.755292237 1 1
__smartatpg_bin_918_3 0 0.00534707587 1.32184601 0 0.429962963 1.79027903 0 0.00916749611 0 0 0 0 0.00581607036 0.120020546 0 0.317649573 0.00650437735 0.56156379 0 0 0 0 0 0 0.630105674 0.278815776 0 0 0.257276803 0 0 0 0.00317862513 0 0 0 0 0 0.829456031 0 0.9628371 0 0.212810755 0 0 0 0 0 0 0 0 0 0 0.247607902 0 0.192030117 0 0 0 0 0 0 0.388883173 0.388480216 0 0 0 1 0 0 0 0 0 0.148148149 0.244650543 0.326800615 0.411793977 0.754299879 1 1
__smartatpg_bin_918_1 0 0.00534707587 1.32184601 0 0.429962963 1.79027903 0 0.00916749611 0 0 0 0 0.00581607036 0.120020546 0 0.317649573 0.00650437735 0.56156379 0 0 0 0 0 0 0.630105674 0.278815776 0 0 0.257276803 0 0 0 0.00317862513 0 0 0 0 0 0.829456031 0 0.9628371 0 0.212810755 0 0 0 0 0 0 0 0 0 0 0.247607902 0 0.192030117 0 0 0 0 0 0 0.388883173 0.388480216 0 0 0 1 0 0 0 0 0 0.166666672 0.244650543 0.425591439 0.411793977 0.747163713 1 1
__smartatpg_bin_918_5 0 0.00534707587 1.32184601 0 0.429962963 1.79027903 0 0.00916749611 0 0 0 0 0.00581607036 0.120020546 0 0.317649573 0.00650437735 0.56156379 0 0 0 0 0 0 0.630105674 0.278815776 0 0 0.257276803 0 0 0 0.00317862513 0 0 0 0 0 0.829456031 0 0.9628371 0 0.212810755 0 0 0 0 0 0 0 0 0 0 0.247607902 0 0.192030117 0 0 0 0 0 0 0.388883173 0.388480216 0 0 0 1 0 0 0 0 0 0.148148149 0.244650543 0.326800615 0.395426244 0.754299879 1 1
__smartatpg_bin_918_6 0 0.00534707587 1.32184601 0 0.429962963 1.79027903 0 0.00916749611 0 0 0 0 0.00581607036 0.120020546 0 0.317649573 0.00650437735 0.56156379 0 0 0 0 0 0 0.630105674 0.278815776 0 0 0.257276803 0 0 0 0.00317862513 0 0 0 0 0 0.829456031 0 0.9628371 0 0.212810755 0 0 0 0 0 0 0 0 0 0 0.247607902 0 0.192030117 0 0 0 0 0 0 0.388883173 0.388480216 0 0 0 1 0 0 0 0 0 0.148148149 0.244650543 0.326800615 0.395426244 0.754299879 1 1
__smartatpg_bin_918_4 0 0.00534707587 1.32184601 0 0.429962963 1.79027903 0 0.00916749611 0 0 0 0 0.00581607036 0.120020546 0 0.317649573 0.00650437735 0.56156379 0 0 0 0 0 0 0.630105674 0.278815776 0 0 0.257276803 0 0 0 0.00317862513 0 0 0 0 0 0.829456031 0 0.9628371 0 0.212810755 0 0 0 0 0 0 0 0 0 0 0.247607902 0 0.192030117 0 0 0 0 0 0 0.388883173 0.388480216 0 0 0 1 0 0 0 0 0 0.166666672 0.244650543 0.435734153 0.411793977 0.746116042 1 1
G2183 0 0.00534707587 1.32184601 0 0.429962963 1.79027903 0 0.00916749611 0 0 0 0 0.00581607036 0.120020546 0 0.317649573 0.00650437735 0.56156379 0 0 0 0 0 0 0.630105674 0.278815776 0 0 0.257276803 0 0 0 0.00317862513 0 0 0 0 0 0.829456031 0 0.9628371 0 0.212810755 0 0 0 0 0 0 0 0 0 0 0.247607902 0 0.192030117 0 0 0 0 0 0 0.388883173 0.388480216 0 0 0 0 1 0 0 0 0 0.185185179 0.244650543 0.390522659 0.589723527 0.729456186 1 1
G2315 0 0.00534707587 1.32184601 0 0.429962963 1.79027903 0 0.00916749611 0 0 0 0 0.00581607036 0.120020546 0 0.317649573 0.00650437735 0.56156379 0 0 0 0 0 0 0.630105674 0.278815776 0 0 0.257276803 0 0 0 0.00317862513 0 0 0 0 0 0.829456031 0 0.9628371 0 0.212810755 0 0 0 0 0 0 0 0 0 0 0.247607902 0 0.192030117 0 0 0 0 0 0 0.388883173 0.388480216 0 1 0 0 0 0 0 0 0 0.203703701 0.244650543 0.281589121 0.629148662 0.719753444 1 1
__smartatpg_bin_1008_1 0 0.00534707587 1.32184601 0 0.429962963 1.79027903 0 0.00916749611 0 0 0 0 0.00581607036 0.120020546 0 0.317649573 0.00650437735 0.56156379 0 0 0 0 0 0 0.630105674 0.278815776 0 0 0.257276803 0 0 0 0.00317862513 0 0 0 0 0 0.829456031 0 0.9628371 0 0.212810755 0 0 0 0 0 0 0 0 0 0 0.247607902 0 0.192030117 0 0 0 0 0 0 0.388883173 0.388480216 0 0 0 1 0 0 0 0 0 0.222222224 0.244650543 0.361869395 0.440482408 0.714656651 1 1
G2345 0 0.00534707587 1.32184601 0 0.429962963 1.79027903 0 0.00916749611 0 0 0 0 0.00581607036 0.120020546 0 0.317649573 0.00650437735 0.56156379 0 0 0 0 0 0 0.630105674 0.278815776 0 0 0.257276803 0 0 0 0.00317862513 0 0 0 0 0 0.829456031 0 0.9628371 0 0.212810755 0 0 0 0 0 0 0 0 0 0 0.247607902 0 0.192030117 0 0 0 0 0 0 0.388883173 0.388480216 0 0 0 1 0 0 0 0 0 0.240740746 0.244650543 0.445261806 0.453209102 0.705299139 1 1
G2422 0 0.00534707587 1.32184601 0 0.429962963 1.79027903 0 0.00916749611 0 0 0 0 0.00581607036 0.120020546 0 0.317649573 0.00650437735 0.56156379 0 0 0 0 0 0 0.630105674 0.278815776 0 0 0.257276803 0 0 0 0.00317862513 0 0 0 0 0 0.829456031 0 0.9628371 0 0.212810755 0 0 0 0 0 0 0 0 0 0 0.247607902 0 0.192030117 0 0 0 0 0 0 0.388883173 0.388480216 0 1 0 0 0 0 0 0 0 0.259259254 0.244650543 0.40310201 0.514461398 0.696787 1 1
__smartatpg_bin_919_2 0 0.00534707587 1.32184601 0 0.429962963 1.79027903 0 0.00916749611 0 0 0 0 0.00581607036 0.120020546 0 0.317649573 0.00650437735 0.56156379 0 0 0 0 0 0 0.630105674 0.278815776 0 0 0.257276803 0 0 0 0.00317862513 0 0 0 0 0 0.829456031 0 0.9628371 0 0.212810755 0 0 0 0 0 0 0 0 0 0 0.247607902 0 0.192030117 0 0 0 0 0 0 0.388883173 0.388480216 0 0 0 1 0 0 0 0 0 0.148148149 0.244650543 0.305815101 0.395426244 0.743998587 1 1
__smartatpg_bin_919_3 0 0.00534707587 1.32184601 0 0.429962963 1.79027903 0 0.00916749611 0 0 0 0 0.00581607036 0.120020546 0 0.317649573 0.00650437735 0.56156379 0 0 0 0 0 0 0.630105674 0.278815776 0 0 0.257276803 0 0 0 0.00317862513 0 0 0 0 0 0.829456031 0 0.9628371 0 0.212810755 0 0 0 0 0 0 0 0 0 0 0.247607902 0 0.192030117 0 0 0 0 0 0 0.388883173 0.388480216 0 0 0 1 0 0 0 0 0 0.148148149 0.244650543 0.326800615 0.411793977 0.742928505 1 1
__smartatpg_bin_919_1 0 0.00534707587 1.32184601 0 0.429962963 1.79027903 0 0.00916749611 0 0 0 0 0.00581607036 0.120020546 0 0.317649573 0.00650437735 0.56156379 0 0 0 0 0 0 0.630105674 0.278815776 0 0 0.257276803 0 0 0 0.00317862513 0 0 0 0 0 0.829456031 0 0.9628371 0 0.212810755 0 0 0 0 0 0 0 0 0 0 0.247607902 0 0.192030117 0 0 0 0 0 0 0.388883173 0.388480216 0 0 0 1 0 0 0 0 0 0.166666672 0.244650543 0.425591439 0.411793977 0.735217035 1 1
__smartatpg_bin_919_5 0 0.00534707587 1.32184601 0 0.429962963 1.79027903 0 0.00916749611 0 0 0 0 0.00581607036 0.120020546 0 0.317649573 0.00650437735 0.56156379 0 0 0 0 0 0 0.630105674 0.278815776 0 0 0.257276803 0 0 0 0.00317862513 0 0 0 0 0 0.829456031 0 0.9628371 0 0.212810755 0 0 0 0 0 0 0 0 0 0 0.247607902 0 0.192030117 0 0 0 0 0 0 0.388883173 0.388480216 0 0 0 1 0 0 0 0 0 0.148148149 0.244650543 0.326800615 0.395426244 0.742928505 1 1
__smartatpg_bin_919_6 0 0.00534707587 1.32184601 0 0.429962963 1.79027903 0 0.00916749611 0 0 0 0 0.00581607036 0.120020546 0 0.317649573 0.00650437735 0.56156379 0 0 0 0 0 0 0.630105674 0.278815776 0 0 0.257276803 0 0 0 0.00317862513 0 0 0 0 0 0.829456031 0 0.9628371 0 0.212810755 0 0 0 0 0 0 0 0 0 0 0.247607902 0 0.192030117 0 0 0 0 0 0 0.388883173 0.388480216 0 0 0 1 0 0 0 0 0 0.148148149 0.244650543 0.305815101 0.377332509 0.743998587 1 1
__smartatpg_bin_919_4 0 0.00534707587 1.32184601 0 0.429962963 1.79027903 0 0.00916749611 0 0 0 0 0.00581607036 0.120020546 0 0.317649573 0.00650437735 0.56156379 0 0 0 0 0 0 0.630105674 0.278815776 0 0 0.257276803 0 0 0 0.00317862513 0 0 0 0 0 0.829456031 0 0.9628371 0 0.212810755 0 0 0 0 0 0 0 0 0 0 0.247607902 0 0.192030117 0 0 0 0 0 0 0.388883173 0.388480216 0 0 0 1 0 0 0 0 0 0.166666672 0.244650543 0.425591439 0.395426244 0.735217035 1 1
G2184 0 0.00534707587 1.32184601 0 0.429962963 1.79027903 0 0.00916749611 0 0 0 0 0.00581607036 0.120020546 0 0.317649573 0.00650437735 0.56156379 0 0 0 0 0 0 0.630105674 0.278815776 0 0 0.257276803 0 0 0 0.00317862513 0 0 0 0 0 0.829456031 0 0.9628371 0 0.212810755 0 0 0 0 0 0 0 0 0 0 0.247607902 0 0.192030117 0 0 0 0 0 0 0.388883173 0.388480216 0 0 0 0 1 0 0 0 0 0.185185179 0.244650543 0.376848131 0.584092498 0.717226624 1 1
G2317 0 0.00534707587 1.32184601 0 0.429962963 1.79027903 0 0.00916749611 0 0 0 0 0.00581607036 0.120020546 0 0.317649573 0.00650437735 0.56156379 0 0 0 0 0 0 0.630105674 0.278815776 0 0 0.257276803 0 0 0 0.00317862513 0 0 0 0 0 0.829456031 0 0.9628371 0 0.212810755 0 0 0 0 0 0 0 0 0 0 0.247607902 0 0.192030117 0 0 0 0 0 0 0.388883173 0.388480216 0 1 0 0 0 0 0 0 0 0.203703701 0.244650543 0.252935857 0.605586946 0.712041974 1 1
G2346 0 0.00534707587 1.32184601 0 0.429962963 1.79027903 0 0.00916749611 0 0 0 0 0.00581607036 0.120020546 0 0.317649573 0.00650437735 0.56156379 0 0 0 0 0 0 0.630105674 0.278815776 0 0 0.257276803 0 0 0 0.00317862513 0 0 0 0 0 0.829456031 0 0.9628371 0 0.212810755 0 0 0 0 0 0 0 0 0 0 0.247607902 0 0.192030117 0 0 0 0 0 0 0.388883173 0.388480216 0 0 0 1 0 0 0 0 0 0.222222224 0.244650543 0.376848131 0.589723527 0.70391351 1 1
G2423 0 0.00534707587 1.32184601 0 0.429962963 1.79027903 0 0.00916749611 0 0 0 0 0.00581607036 0.120020546 0 0.317649573 0.00650437735 0.56156379 0 0 0 0 0 0 0.630105674 0.278815776 0 0 0.257276803 0 0 0 0.00317862513 0 0 0 0 0 0.829456031 0 0.9628371 0 0.212810755 0 0 0 0 0 0 0 0 0 0 0.247607902 0 0.192030117 0 0 0 0 0 0 0.388883173 0.388480216 0 1 0 0 0 0 0 0 0 0.240740746 0.244650543 0.390522659 0.620108068 0.695320308 1 1
__smartatpg_bin_920_2 0 0.00534707587 1.32184601 0 0.429962963 1.79027903 0 0.00916749611 0 0 0 0 0.00581607036 0.120020546 0 0.317649573 0.00650437735 0.56156379 0 0 0 0 0 0 0.630105674 0.278815776 0 0 0.257276803 0 0 0 0.00317862513 0 0 0 0 0 0.829456031 0 0.9628371 0 0.212810755 0 0 0 0 0 0 0 0 0 0 0.247607902 0 0.192030117 0 0 0 0 0 0 0.388883173 0.388480216 0 0 0 1 0 0 0 0 0 0.148148149 0.244650543 0.305815101 0.395426244 0.743998587 1 1
__smartatpg_bin_920_3 0 0.00534707587 1.32184601 0 0.429962963 1.79027903 0 0.00916749611 0 0 0 0 0.00581607036 0.120020546 0 0.317649573 0.00650437735 0.56156379 0 0 0 0 0 0 0.630105674 0.278815776 0 0 0.257276803 0 0 0 0.00317862513 0 0 0 0 0 0.829456031 0 0.9628371 0 0.212810755 0 0 0 0 0 0 0 0 0 0 0.247607902 0 0.192030117 0 0 0 0 0 0 0.388883173 0.388480216 0 0 0 1 0 0 0 0 0 0.148148149 0.244650543 0.326800615 0.411793977 0.742928505 1 1
__smartatpg_bin_920_1 0 0.00534707587 1.32184601 0 0.429962963 1.79027903 0 0.00916749611 0 0 0 0 0.00581607036 0.120020546 0 0.317649573 0.00650437735 0.56156379 0 0 0 0 0 0 0.630105674 0.278815776 0 0 0.257276803 0 0 0 0.00317862513 0 0 0 0 0 0.829456031 0 0.9628371 0 0.212810755 0 0 0 0 0 0 0 0 0 0 0.247607902 0 0.192030117 0 0 0 0 0 0 0.388883173 0.388480216 0 0 0 1 0 0 0 0 0 0.166666672 0.244650543 0.425591439 0.411793977 0.735217035 1 1
__smartatpg_bin_920_5 0 0.00534707587 1.32184601 0 0.429962963 1.79027903 0 0.00916749611 0 0 0 0 0.00581607036 0.120020546 0 0.317649573 0.00650437735 0.56156379 0 0 0 0 0 0 0.630105674 0.278815776 0 0 0.257276803 0 0 0 0.00317862513 0 0 0 0 0 0.829456031 0 0.9628371 0 0.212810755 0 0 0 0 0 0 0 0 0 0 0.247607902 0 0.192030117 0 0 0 0 0 0 0.388883173 0.388480216 0 0 0 1 0 0 0 0 0 0.148148149 0.244650543 0.326800615 0.395426244 0.742928505 1 1
__smartatpg_bin_920_6 0 0.00534707587 1.32184601 0 0.429962963 1.79027903 0 0.00916749611 0 0 0 0 0.00581607036 0.120020546 0 0.317649573 0.00650437735 0.56156379 0 0 0 0 0 0 0.630105674 0.278815776 0 0 0.257276803 0 0 0 0.00317862513 0 0 0 0 0 0.829456031 0 0.9628371 0 0.212810755 0 0 0 0 0 0 0 0 0 0 0.247607902 0 0.192030117 0 0 0 0 0 0 0.388883173 0.388480216 0 0 0 1 0 0 0 0 0 0.148148149 0.244650543 0.281589121 0.377332509 0.74506104 1 1
__smartatpg_bin_920_4 0 0.00534707587 1.32184601 0 0.429962963 1.79027903 0 0.00916749611 0 0 0 0 0.00581607036 0.120020546 0 0.317649573 0.00650437735 0.56156379 0 0 0 0 0 0 0.630105674 0.278815776 0 0 0.257276803 0 0 0 0.00317862513 0 0 0 0 0 0.829456031 0 0.9628371 0 0.212810755 0 0 0 0 0 0 0 0 0 0 0.247607902 0 0.192030117 0 0 0 0 0 0 0.388883173 0.388480216 0 0 0 1 0 0 0 0 0 0.166666672 0.244650543 0.414748639 0.395426244 0.736343205 1 1
G2185 0 0.00534707587 1.32184601 0 0.429962963 1.79027903 0 0.00916749611 0 0 0 0 0.00581607036 0.120020546 0 0.317649573 0.00650437735 0.56156379 0 0 0 0 0 0 0.630105674 0.278815776 0 0 0.257276803 0 0 0 0.00317862513 0 0 0 0 0 0.829456031 0 0.9628371 0 0.212810755 0 0 0 0 0 0 0 0 0 0 0.247607902 0 0.192030117 0 0 0 0 0 0 0.388883173 0.388480216 0 0 0 0 1 0 0 0 0 0.185185179 0.244650543 0.376848131 0.578270555 0.718495369 1 1
G2319 0 0.00534707587 1.32184601 0 0.429962963 1.79027903 0 0.00916749611 0 0 0 0 0.00581607036 0.120020546 0 0.317649573 0.00650437735 0.56156379 0 0 0 0 0 0 0.630105674 0.278815776 0 0 0.257276803 0 0 0 0.00317862513 0 0 0 0 0 0.829456031 0 0.9628371 0 0.212810755 0 0 0 0 0 0 0 0 0 0 0.247607902 0 0.192030117 0 0 0 0 0 0 0.388883173 0.388480216 0 1 0 0 0 0 0 0 0 0.203703701 0.244650543 0.252935857 0.600460231 0.713355005 1 1
G2347 0 0.00534707587 1.32184601 0 0.429962963 1.79027903 0 0.00916749611 0 0 0 0 0.00581607036 0.120020546 0 0.317649573 0.00650437735 0.56156379 0 0 0 0 0 0 0.630105674 0.278815776 0 0 0.257276803 0 0 0 0.00317862513 0 0 0 0 0 0.829456031 0 0.9628371 0 0.212810755 0 0 0 0 0 0 0 0 0 0 0.247607902 0 0.192030117 0 0 0 0 0 0 0.388883173 0.388480216 0 0 0 1 0 0 0 0 0 0.222222224 0.244650543 0.376848131 0.595175803 0.705299139 1 1
G2424 0 0.00534707587 1.32184601 0 0.429962963 1.79027903 0 0.00916749611 0 0 0 0 0.00581607036 0.120020546 0 0.317649573 0.00650437735 0.56156379 0 0 0 0 0 0 0.630105674 0.278815776 0 0 0.257276803 0 0 0 0.00317862513 0 0 0 0 0 0.829456031 0 0.9628371 0 0.212810755 0 0 0 0 0 0 0 0 0 0 0.247607902 0 0.192030117 0 0 0 0 0 0 0.388883173 0.388480216 0 1 0 0 0 0 0 0 0 0.240740746 0.244650543 0.390522659 0.62468785 0.696787 1 1
__smartatpg_bin_921_2 0 0.00534707587 1.32184601 0 0.429962963 1.79027903 0 0.00916749611 0 0 0 0 0.00581607036 0.120020546 0 0.317649573 0.00650437735 0.56156379 0 0 0 0 0 0 0.630105674 0.278815776 0 0 0.257276803 0 0 0 0.00317862513 0 0 0 0 0 0.829456031 0 0.9628371 0 0.212810755 0 0 0 0 0 0 0 0 0 0 0.247607902 0 0.192030117 0 0 0 0 0 0 0.388883173 0.388480216 0 0 0 1 0 0 0 0 0 0.148148149 0.244650543 0.305815101 0.395426244 0.742928505 1 1
__smartatpg_bin_921_3 0 0.00534707587 1.32184601 0 0.429962963 1.79027903 0 0.00916749611 0 0 0 0 0.00581607036 0.120020546 0 0.317649573 0.00650437735 0.56156379 0 0 0 0 0 0 0.630105674 0.278815776 0 0 0.257276803 0 0 0 0.00317862513 0 0 0 0 0 0.829456031 0 0.9628371 0 0.212810755 0 0 0 0 0 0 0 0 0 0 0.247607902 0 0.192030117 0 0 0 0 0 0 0.388883173 0.388480216 0 0 0 1 0 0 0 0 0 0.148148149 0.244650543 0.326800615 0.411793977 0.741850793 1 1
__smartatpg_bin_921_1 0 0.00534707587 1.32184601 0 0.429962963 1.79027903 0 0.00916749611 0 0 0 0 0.00581607036 0.120020546 0 0.317649573 0.00650437735 0.56156379 0 0 0 0 0 0 0.630105674 0.278815776 0 0 0.257276803 0 0 0 0.00317862513 0 0 0 0 0 0.829456031 0 0.9628371 0 0.212810755 0 0 0 0 0 0 0 0 0 0 0.247607902 0 0.192030117 0 0 0 0 0 0 0.388883173 0.388480216 0 0 0 1 0 0 0 0 0 0.166666672 0.244650543 0.425591439 0.411793977 0.734082401 1 1
__smartatpg_bin_921_5 0 0.00534707587 1.32184601 0 0.429962963 1.79027903 0 0.00916749611 0 0 0 0 0.00581607036 0.120020546 0 0.317649573 0.00650437735 0.56156379 0 0 0 0 0 0 0.630105674 0.278815776 0 0 0.257276803 0 0 0 0.00317862513 0 0 0 0 0 0.829456031 0 0.9628371 0 0.212810755 0 0 0 0 0 0 0 0 0 0 0.247607902 0 0.192030117 0 0 0 0 0 0 0.388883173 0.388480216 0 0 0 1 0 0 0 0 0 0.148148149 0.244650543 0.305815101 0.377332509 0.742928505 1 1
__smartatpg_bin_921_6 0 0.00534707587 1.32184601 0 0.429962963 1.79027903 0 0.00916749611 0 0 0 0 0.00581607036 0.120020546 0 0.317649573 0.00650437735 0.56156379 0 0 0 0 0 0 0.630105674 0.278815776 0 0 0.257276803 0 0 0 0.00317862513 0 0 0 0 0 0.829456031 0 0.9628371 0 0.212810755 0 0 0 0 0 0 0 0 0 0 0.247607902 0 0.192030117 0 0 0 0 0 0 0.388883173 0.388480216 0 0 0 1 0 0 0 0 0 0.148148149 0.244650543 0.281589121 0.377332509 0.743998587 1 1
__smartatpg_bin_921_4 0 0.00534707587 1.32184601 0 0.429962963 1.79027903 0 0.00916749611 0 0 0 0 0.00581607036 0.120020546 0 0.317649573 0.00650437735 0.56156379 0 0 0 0 0 0 0.630105674 0.278815776 0 0 0.257276803 0 0 0 0.00317862513 0 0 0 0 0 0.829456031 0 0.9628371 0 0.212810755 0 0 0 0 0 0 0 0 0 0 0.247607902 0 0.192030117 0 0 0 0 0 0 0.388883173 0.388480216 0 0 0 1 0 0 0 0 0 0.166666672 0.244650543 0.40310201 0.395426244 0.736343205 1 1
G2186 0 0.00534707587 1.32184601 0 0.429962963 1.79027903 0 0.00916749611 0 0 0 0 0.00581607036 0.120020546 0 0.317649573 0.00650437735 0.56156379 0 0 0 0 0 0 0.630105674 0.278815776 0 0 0.257276803 0 0 0 0.00317862513 0 0 0 0 0 0.829456031 0 0.9628371 0 0.212810755 0 0 0 0 0 0 0 0 0 0 0.247607902 0 0.192030117 0 0 0 0 0 0 0.388883173 0.388480216 0 0 0 0 1 0 0 0 0 0.185185179 0.244650543 0.376848131 0.572244227 0.718495369 1 1
G2321 0 0.00534707587 1.32184601 0 0.429962963 1.79027903 0 0.00916749611 0 0 0 0 0.00581607036 0.120020546 0 0.317649573 0.00650437735 0.56156379 0 0 0 0 0 0 0.630105674 0.278815776 0 0 0.257276803 0 0 0 0.00317862513 0 0 0 0 0 0.829456031 0 0.9628371 0 0.212810755 0 0 0 0 0 0 0 0 0 0 0.247607902 0 0.192030117 0 0 0 0 0 0 0.388883173 0.388480216 0 1 0 0 0 0 0 0 0 0.203703701 0.244650543 0.252935857 0.595175803 0.713355005 1 1
G2348 0 0.00534707587 1.32184601 0 0.429962963 1.79027903 0 0.00916749611 0 0 0 0 0.00581607036 0.120020546 0 0.317649573 0.00650437735 0.56156379 0 0 0 0 0 0 0.630105674 0.278815776 0 0 0.257276803 0 0 0 0.00317862513 0 0 0 0 0 0.829456031 0 0.9628371 0 0.212810755 0 0 0 0 0 0 0 0 0 0 0.247607902 0 0.192030117 0 0 0 0 0 0 0.388883173 0.388480216 0 0 0 1 0 0 0 0 0 0.222222224 0.244650543 0.376848131 0.600460231 0.705299139 1 1
G2425 0 0.00534707587 1.32184601 0 0.429962963 1.79027903 0 0.00916749611 0 0 0 0 0.00581607036 0.120020546 0 0.317649573 0.00650437735 0.56156379 0 0 0 0 0 0 0.630105674 0.278815776 0 0 0.257276803 0 0 0 0.00317862513 0 0 0 0 0 0.829456031 0 0.9628371 0 0.212810755 0 0 0 0 0 0 0 0 0 0 0.247607902 0 0.192030117 0 0 0 0 0 0 0.388883173 0.388480216 0 1 0 0 0 0 0 0 0 0.240740746 0.244650543 0.390522659 0.629148662 0.696787 1 1
__smartatpg_bin_922_2 0 0.00534707587 1.32184601 0 0.429962963 1.79027903 0 0.00916749611 0 0 0 0 0.00581607036 0.120020546 0 0.317649573 0.00650437735 0.56156379 0 0 0 0 0 0 0.630105674 0.278815776 0 0 0.257276803 0 0 0 0.00317862513 0 0 0 0 0 0.829456031 0 0.9628371 0 0.212810755 0 0 0 0 0 0 0 0 0 0 0.247607902 0 0.192030117 0 0 0 0 0 0 0.388883173 0.388480216 0 0 0 1 0 0 0 0 0 0.148148149 0.244650543 0.305815101 0.395426244 0.748204172 1 1
__smartatpg_bin_922_3 0 0.00534707587 1.32184601 0 0.429962963 1.79027903 0 0.00916749611 0 0 0 0 0.00581607036 0.120020546 0 0.317649573 0.00650437735 0.56156379 0 0 0 0 0 0 0.630105674 0.278815776 0 0 0.257276803 0 0 0 0.00317862513 0 0 0 0 0 0.829456031 0 0.9628371 0 0.212810755 0 0 0 0 0 0 0 0 0 0 0.247607902 0 0.192030117 0 0 0 0 0 0 0.388883173 0.388480216 0 0 0 1 0 0 0 0 0 0.148148149 0.244650543 0.326800615 0.411793977 0.747163713 1 1
__smartatpg_bin_922_1 0 0.00534707587 1.32184601 0 0.429962963 1.79027903 0 0.00916749611 0 0 0 0 0.00581607036 0.120020546 0 0.317649573 0.00650437735 0.56156379 0 0 0 0 0 0 0.630105674 0.278815776 0 0 0.257276803 0 0 0 0.00317862513 0 0 0 0 0 0.829456031 0 0.9628371 0 0.212810755 0 0 0 0 0 0 0 0 0 0 0.247607902 0 0.192030117 0 0 0 0 0 0 0.388883173 0.388480216 0 0 0 1 0 0 0 0 0 0.166666672 0.244650543 0.425591439 0.411793977 0.739671946 1 1
__smartatpg_bin_922_5 0 0.00534707587 1.32184601 0 0.429962963 1.79027903 0 0.00916749611 0 0 0 0 0.00581607036 0.120020546 0 0.317649573 0.00650437735 0.56156379 0 0 0 0 0 0 0.630105674 0.278815776 0 0 0.257276803 0 0 0 0.00317862513 0 0 0 0 0 0.829456031 0 0.9628371 0 0.212810755 0 0 0 0 0 0 0 0 0 0 0.247607902 0 0.192030117 0 0 0 0 0 0 0.388883173 0.388480216 0 0 0 1 0 0 0 0 0 0.148148149 0.244650543 0.281589121 0.377332509 0.749237418 1 1
__smartatpg_bin_922_6 0 0.00534707587 1.32184601 0 0.429962963 1.79027903 0 0.00916749611 0 0 0 0 0.00581607036 0.120020546 0 0.317649573 0.00650437735 0.56156379 0 0 0 0 0 0 0.630105674 0.278815776 0 0 0.257276803 0 0 0 0.00317862513 0 0 0 0 0 0.829456031 0 0.9628371 0 0.212810755 0 0 0 0 0 0 0 0 0 0 0.247607902 0 0.192030117 0 0 0 0 0 0 0.388883173 0.388480216 0 0 0 1 0 0 0 0 0 0.148148149 0.244650543 0.281589121 0.377332509 0.749237418 1 1
__smartatpg_bin_922_4 0 0.00534707587 1.32184601 0 0.429962963 1.79027903 0 0.00916749611 0 0 0 0 0.00581607036 0.120020546 0 0.317649573 0.00650437735 0.56156379 0 0 0 0 0 0 0.630105674 0.278815776 0 0 0.257276803 0 0 0 0.00317862513 0 0 0 0 0 0.829456031 0 0.9628371 0 0.212810755 0 0 0 0 0 0 0 0 0 0 0.247607902 0 0.192030117 0 0 0 0 0 0 0.388883173 0.388480216 0 0 0 1 0 0 0 0 0 0.166666672 0.244650543 0.390522659 0.395426244 0.742928505 1 1
G2187 0 0.00534707587 1.32184601 0 0.429962963 1.79027903 0 0.00916749611 0 0 0 0 0.00581607036 0.120020546 0 0.317649573 0.00650437735 0.56156379 0 0 0 0 0 0 0.630105674 0.278815776 0 0 0.257276803 0 0 0 0.00317862513 0 0 0 0 0 0.829456031 0 0.9628371 0 0.212810755 0 0 0 0 0 0 0 0 0 0 0.247607902 0 0.192030117 0 0 0 0 0 0 0.388883173 0.388480216 0 0 0 0 1 0 0 0 0 0.185185179 0.244650543 0.376848131 0.565998793 0.725890636 1 1
G2323 0 0.00534707587 1.32184601 0 0.429962963 1.79027903 0 0.00916749611 0 0 0 0 0.00581607036 0.120020546 0 0.317649573 0.00650437735 0.56156379 0 0 0 0 0 0 0.630105674 0.278815776 0 0 0.257276803 0 0 0 0.00317862513 0 0 0 0 0 0.829456031 0 0.9628371 0 0.212810755 0 0 0 0 0 0 0 0 0 0 0.247607902 0 0.192030117 0 0 0 0 0 0 0.388883173 0.388480216 0 1 0 0 0 0 0 0 0 0.203703701 0.244650543 0.252935857 0.589723527 0.721001089 1 1
G2349 0 0.00534707587 1.32184601 0 0.429962963 1.79027903 0 0.00916749611 0 0 0 0 0.00581607036 0.120020546 0 0.317649573 0.00650437735 0.56156379 0 0 0 0 0 0 0.630105674 0.278815776 0 0 0.257276803 0 0 0 0.00317862513 0 0 0 0 0 0.829456031 0 0.9628371 0 0.212810755 0 0 0 0 0 0 0 0 0 0 0.247607902 0 0.192030117 0 0 0 0 0 0 0.388883173 0.388480216 0 0 0 1 0 0 0 0 0 0.222222224 0.244650543 0.376848131 0.595175803 0.713355005 1 1
G2426 0 0.00534707587 1.32184601 0 0.429962963 1.79027903 0 0.00916749611 0 0 0 0 0.00581607036 0.120020546 0 0.317649573 0.00650437735 0.56156379 0 0 0 0 0 0 0.630105674 0.278815776 0 0 0.257276803 0 0 0 0.00317862513 0 0 0 0 0 0.829456031 0 0.9628371 0 0.212810755 0 0 0 0 0 0 0 0 0 0 0.247607902 0 0.192030117 0 0 0 0 0 0 0.388883173 0.388480216 0 1 0 0 0 0 0 0 0 0.240740746 0.244650543 0.390522659 0.62468785 0.705299139 1 1
__smartatpg_bin_923_2 0 0.00534707587 1.32184601 0 0.429962963 1.79027903 0 0.00916749611 0 0 0 0 0.00581607036 0.120020546 0 0.317649573 0.00650437735 0.56156379 0 0 0 0 0 0 0.630105674 0.278815776 0 0 0.257276803 0 0 0 0.00317862513 0 0 0 0 0 0.829456031 0 0.9628371 0 0.212810755 0 0 0 0 0 0 0 0 0 0 0.247607902 0 0.192030117 0 0 0 0 0 0 0.388883173 0.388480216 0 0 0 1 0 0 0 0 0 0.148148149 0.244650543 0.305815101 0.395426244 0.747163713 1 1
__smartatpg_bin_923_3 0 0.00534707587 1.32184601 0 0.429962963 1.79027903 0 0.00916749611 0 0 0 0 0.00581607036 0.120020546 0 0.317649573 0.00650437735 0.56156379 0 0 0 0 0 0 0.630105674 0.278815776 0 0 0.257276803 0 0 0 0.00317862513 0 0 0 0 0 0.829456031 0 0.9628371 0 0.212810755 0 0 0 0 0 0 0 0 0 0 0.247607902 0 0.192030117 0 0 0 0 0 0 0.388883173 0.388480216 0 0 0 1 0 0 0 0 0 0.148148149 0.244650543 0.305815101 0.395426244 0.747163713 1 1
__smartatpg_bin_923_1 0 0.00534707587 1.32184601 0 0.429962963 1.79027903 0 0.00916749611 0 0 0 0 0.00581607036 0.120020546 0 0.317649573 0.00650437735 0.56156379 0 0 0 0 0 0 0.630105674 0.278815776 0 0 0.257276803 0 0 0 0.00317862513 0 0 0 0 0 0.829456031 0 0.9628371 0 0.212810755 0 0 0 0 0 0 0 0 0 0 0.247607902 0 0.192030117 0 0 0 0 0 0 0.388883173 0.388480216 0 0 0 1 0 0 0 0 0 0.166666672 0.244650543 0.414748639 0.411793977 0.739671946 1 1
__smartatpg_bin_923_5 0 0.00534707587 1.32184601 0 0.429962963 1.79027903 0 0.00916749611 0 0 0 0 0.00581607036 0.120020546 0 0.317649573 0.00650437735 0.56156379 0 0 0 0 0 0 0.630105674 0.278815776 0 0 0.257276803 0 0 0 0.00317862513 0 0 0 0 0 0.829456031 0 0.9628371 0 0.212810755 0 0 0 0 0 0 0 0 0 0 0.247607902 0 0.192030117 0 0 0 0 0 0 0.388883173 0.388480216 0 0 0 1 0 0 0 0 0 0.148148149 0.244650543 0.281589121 0.377332509 0.748204172 1 1
__smartatpg_bin_923_6 0 0.00534707587 1.32184601 0 0.429962963 1.79027903 0 0.00916749611 0 0 0 0 0.00581607036 0.120020546 0 0.317649573 0.00650437735 0.56156379 0 0 0 0 0 0 0.630105674 0.278815776 0 0 0.257276803 0 0 0 0.00317862513 0 0 0 0 0 0.829456031 0 0.9628371 0 0.212810755 0 0 0 0 0 0 0 0 0 0 0.247607902 0 0.192030117 0 0 0 0 0 0 0.388883173 0.388480216 0 0 0 1 0 0 0 0 0 0.148148149 0.244650543 0.281589121 0.377332509 0.748204172 1 1
__smartatpg_bin_923_4 0 0.00534707587 1.32184601 0 0.429962963 1.79027903 0 0.00916749611 0 0 0 0 0.00581607036 0.120020546 0 0.317649573 0.00650437735 0.56156379 0 0 0 0 0 0 0.630105674 0.278815776 0 0 0.257276803 0 0 0 0.00317862513 0 0 0 0 0 0.829456031 0 0.9628371 0 0.212810755 0 0 0 0 0 0 0 0 0 0 0.247607902 0 0.192030117 0 0 0 0 0 0 0.388883173 0.388480216 0 0 0 1 0 0 0 0 0 0.166666672 0.244650543 0.390522659 0.395426244 0.741850793 1 1
G2188 0 0.00534707587 1.32184601 0 0.429962963 1.79027903 0 0.00916749611 0 0 0 0 0.00581607036 0.120020546 0 0.317649573 0.00650437735 0.56156379 0 0 0 0 0 0 0.630105674 0.278815776 0 0 0.257276803 0 0 0 0.00317862513 0 0 0 0 0 0.829456031 0 0.9628371 0 0.212810755 0 0 0 0 0 0 0 0 0 0 0.247607902 0 0.192030117 0 0 0 0 0 0 0.388883173 0.388480216 0 0 0 0 1 0 0 0 0 0.185185179 0.244650543 0.376848131 0.559517562 0.725890636 1 1
G2325 0 0.00534707587 1.32184601 0 0.429962963 1.79027903 0 0.00916749611 0 0 0 0 0.00581607036 0.120020546 0 0.317649573 0.00650437735 0.56156379 0 0 0 0 0 0 0.630105674 0.278815776 0 0 0.257276803 0 0 0 0.00317862513 0 0 0 0 0 0.829456031 0 0.9628371 0 0.212810755 0 0 0 0 0 0 0 0 0 0 0.247607902 0 0.192030117 0 0 0 0 0 0 0.388883173 0.388480216 0 1 0 0 0 0 0 0 0 0.203703701 0.244650543 0.252935857 0.584092498 0.721001089 1 1
G2350 0 0.00534707587 1.32184601 0 0.429962963 1.79027903 0 0.00916749611 0 0 0 0 0.00581607036 0.120020546 0 0.317649573 0.00650437735 0.56156379 0 0 0 0 0 0 0.630105674 0.278815776 0 0 0.257276803 0 0 0 0.00317862513 0 0 0 0 0 0.829456031 0 0.9628371 0 0.212810755 0 0 0 0 0 0 0 0 0 0 0.247607902 0 0.192030117 0 0 0 0 0 0 0.388883173 0.388480216 0 0 0 1 0 0 0 0 0 0.222222224 0.244650543 0.376848131 0.589723527 0.713355005 1 1
G2427 0 0.00534707587 1.32184601 0 0.429962963 1.79027903 0 0.00916749611 0 0 0 0 0.00581607036 0.120020546 0 0.317649573 0.00650437735 0.56156379 0 0 0 0 0 0 0.630105674 0.278815776 0 0 0.257276803 0 0 0 0.00317862513 0 0 0 0 0 0.829456031 0 0.9628371 0 0.212810755 0 0 0 0 0 0 0 0 0 0 0.247607902 0 0.192030117 0 0 0 0 0 0 0.388883173 0.388480216 0 1 0 0 0 0 0 0 0 0.240740746 0.244650543 0.390522659 0.620108068 0.705299139 1 1
__smartatpg_bin_924_2 0 0.00534707587 1.32184601 0 0.429962963 1.79027903 0 0.00916749611 0 0 0 0 0.00581607036 0.120020546 0 0.317649573 0.00650437735 0.56156379 0 0 0 0 0 0 0.630105674 0.278815776 0 0 0.257276803 0 0 0 0.00317862513 0 0 0 0 0 0.829456031 0 0.9628371 0 0.212810755 0 0 0 0 0 0 0 0 0 0 0.247607902 0 0.192030117 0 0 0 0 0 0 0.388883173 0.388480216 0 0 0 1 0 0 0 0 0 0.148148149 0.244650543 0.305815101 0.395426244 0.746116042 1 1
__smartatpg_bin_924_3 0 0.00534707587 1.32184601 0 0.429962963 1.79027903 0 0.00916749611 0 0 0 0 0.00581607036 0.120020546 0 0.317649573 0.00650437735 0.56156379 0 0 0 0 0 0 0.630105674 0.278815776 0 0 0.257276803 0 0 0 0.00317862513 0 0 0 0 0 0.829456031 0 0.9628371 0 0.212810755 0 0 0 0 0 0 0 0 0 0 0.247607902 0 0.192030117 0 0 0 0 0 0 0.388883173 0.388480216 0 0 0 1 0 0 0 0 0 0.148148149 0.244650543 0.281589121 0.395426244 0.747163713 1 1
__smartatpg_bin_924_1 0 0.00534707587 1.32184601 0 0.429962963 1.79027903 0 0.00916749611 0 0 0 0 0.00581607036 0.120020546 0 0.317649573 0.00650437735 0.56156379 0 0 0 0 0 0 0.630105674 0.278815776 0 0 0.257276803 0 0 0 0.00317862513 0 0 0 0 0 0.829456031 0 0.9628371 0 0.212810755 0 0 0 0 0 0 0 0 0 0 0.247607902 0 0.192030117 0 0 0 0 0 0 0.388883173 0.388480216 0 0 0 1 0 0 0 0 0 0.166666672 0.244650543 0.40310201 0.411793977 0.739671946 1 1
__smartatpg_bin_924_5 0 0.00534707587 1.32184601 0 0.429962963 1.79027903 0 0.00916749611 0 0 0 0 0.00581607036 0.120020546 0 0.317649573 0.00650437735 0.56156379 0 0 0 0 0 0 0.630105674 0.278815776 0 0 0.257276803 0 0 0 0.00317862513 0 0 0 0 0 0.829456031 0 0.9628371 0 0.212810755 0 0 0 0 0 0 0 0 0 0 0.247607902 0 0.192030117 0 0 0 0 0 0 0.388883173 0.388480216 0 0 0 1 0 0 0 0 0 0.148148149 0.244650543 0.281589121 0.377332509 0.747163713 1 1
__smartatpg_bin_924_6 0 0.00534707587 1.32184601 0 0.429962963 1.79027903 0 0.00916749611 0 0 0 0 0.00581607036 0.120020546 0 0.317649573 0.00650437735 0.56156379 0 0 0 0 0 0 0.630105674 0.278815776 0 0 0.257276803 0 0 0 0.00317862513 0 0 0 0 0 0.829456031 0 0.9628371 0 0.212810755 0 0 0 0 0 0 0 0 0 0 0.247607902 0 0.192030117 0 0 0 0 0 0 0.388883173 0.388480216 0 0 0 1 0 0 0 0 0 0.148148149 0.244650543 0.281589121 0.377332509 0.747163713 1 1
__smartatpg_bin_924_4 0 0.00534707587 1.32184601 0 0.429962963 1.79027903 0 0.00916749611 0 0 0 0 0.00581607036 0.120020546 0 0.317649573 0.00650437735 0.56156379 0 0 0 0 0 0 0.630105674 0.278815776 0 0 0.257276803 0 0 0 0.00317862513 0 0 0 0 0 0.829456031 0 0.9628371 0 0.212810755 0 0 0 0 0 0 0 0 0 0 0.247607902 0 0.192030117 0 0 0 0 0 0 0.388883173 0.388480216 0 0 0 1 0 0 0 0 0 0.166666672 0.244650543 0.390522659 0.395426244 0.740765333 1 1
G2189 0 0.00534707587 1.32184601 0 0.429962963 1.79027903 0 0.00916749611 0 0 0 0 0.00581607036 0.120020546 0 0.317649573 0.00650437735 0.56156379 0 0 0 0 0 0 0.630105674 0.278815776 0 0 0.257276803 0 0 0 0.00317862513 0 0 0 0 0 0.829456031 0 0.9628371 0 0.212810755 0 0 0 0 0 0 0 0 0 0 0.247607902 0 0.192030117 0 0 0 0 0 0 0.388883173 0.388480216 0 0 0 0 1 0 0 0 0 0.185185179 0.244650543 0.376848131 0.552782178 0.725890636 1 1
G2327 0 0.00534707587 1.32184601 0 0.429962963 1.79027903 0 0.00916749611 0 0 0 0 0.00581607036 0.120020546 0 0.317649573 0.00650437735 0.56156379 0 0 0 0 0 0 0.630105674 0.278815776 0 0 0.257276803 0 0 0 0.00317862513 0 0 0 0 0 0.829456031 0 0.9628371 0 0.212810755 0 0 0 0 0 0 0 0 0 0 0.247607902 0 0.192030117 0 0 0 0 0 0 0.388883173 0.388480216 0 1 0 0 0 0 0 0 0 0.203703701 0.244650543 0.252935857 0.578270555 0.721001089 1 1
G2351 0 0.00534707587 1.32184601 0 0.429962963 1.79027903 0 0.00916749611 0 0 0 0 0.00581607036 0.120020546 0 0.317649573 0.00650437735 0.56156379 0 0 0 0 0 0 0.630105674 0.278815776 0 0 0.257276803 0 0 0 0.00317862513 0 0 0 0 0 0.829456031 0 0.9628371 0 0.212810755 0 0 0 0 0 0 0 0 0 0 0.247607902 0 0.192030117 0 0 0 0 0 0 0.388883173 0.388480216 0 0 0 1 0 0 0 0 0 0.222222224 0.244650543 0.376848131 0.584092498 0.713355005 1 1
G2428 0 0.00534707587 1.32184601 0 0.429962963 1.79027903 0 0.00916749611 0 0 0 0 0.00581607036 0.120020546 0 0.317649573 0.00650437735 0.56156379 0 0 0 0 0 0 0.630105674 0.278815776 0 0 0.257276803 0 0 0 0.00317862513 0 0 0 0 0 0.829456031 0 0.9628371 0 0.212810755 0 0 0 0 0 0 0 0 0 0 0.247607902 0 0.192030117 0 0 0 0 0 0 0.388883173 0.388480216 0 1 0 0 0 0 0 0 0 0.240740746 0.244650543 0.390522659 0.615402818 0.705299139 1 1
__smartatpg_bin_925_2 0 0.00534707587 1.32184601 0 0.429962963 1.79027903 0 0.00916749611 0 0 0 0 0.00581607036 0.120020546 0 0.317649573 0.00650437735 0.56156379 0 0 0 0 0 0 0.630105674 0.278815776 0 0 0.257276803 0 0 0 0.00317862513 0 0 0 0 0 0.829456031 0 0.9628371 0 0.212810755 0 0 0 0 0 0 0 0 0 0 0.247607902 0 0.192030117 0 0 0 0 0 0 0.388883173 0.388480216 0 0 0 1 0 0 0 0 0 0.148148149 0.244650543 0.281589121 0.395426244 0.736343205 1 1
__smartatpg_bin_925_3 0 0.00534707587 1.32184601 0 0.429962963 1.79027903 0 0.00916749611 0 0 0 0 0.00581607036 0.120020546 0 0.317649573 0.00650437735 0.56156379 0 0 0 0 0 0 0.630105674 0.278815776 0 0 0.257276803 0 0 0 0.00317862513 0 0 0 0 0 0.829456031 0 0.9628371 0 0.212810755 0 0 0 0 0 0 0 0 0 0 0.247607902 0 0.192030117 0 0 0 0 0 0 0.388883173 0.388480216 0 0 0 1 0 0 0 0 0 0.148148149 0.244650543 0.281589121 0.395426244 0.736343205 1 1
__smartatpg_bin_925_1 0 0.00534707587 1.32184601 0 0.429962963 1.79027903 0 0.00916749611 0 0 0 0 0.00581607036 0.120020546 0 0.317649573 0.00650437735 0.56156379 0 0 0 0 0 0 0.630105674 0.278815776 0 0 0.257276803 0 0 0 0.00317862513 0 0 0 0 0 0.829456031 0 0.9628371 0 0.212810755 0 0 0 0 0 0 0 0 0 0 0.247607902 0 0.192030117 0 0 0 0 0 0 0.388883173 0.388480216 0 0 0 1 0 0 0 0 0 0.166666672 0.244650543 0.390522659 0.411793977 0.729456186 1 1
__smartatpg_bin_925_5 0 0.00534707587 1.32184601 0 0.429962963 1.79027903 0 0.00916749611 0 0 0 0 0.00581607036 0.120020546 0 0.317649573 0.00650437735 0.56156379 0 0 0 0 0 0 0.630105674 0.278815776 0 0 0.257276803 0 0 0 0.00317862513 0 0 0 0 0 0.829456031 0 0.9628371 0 0.212810755 0 0 0 0 0 0 0 0 0 0 0.247607902 0 0.192030117 0 0 0 0 0 0 0.388883173 0.388480216 0 0 0 1 0 0 0 0 0 0.148148149 0.244650543 0.281589121 0.377332509 0.736343205 1 1
__smartatpg_bin_925_6 0 0.00534707587 1.32184601 0 0.429962963 1.79027903 0 0.00916749611 0 0 0 0 0.00581607036 0.120020546 0 0.317649573 0.00650437735 0.56156379 0 0 0 0 0 0 0.630105674 0.278815776 0 0 0.257276803 0 0 0 0.00317862513 0 0 0 0 0 0.829456031 0 0.9628371 0 0.212810755 0 0 0 0 0 0 0 0 0 0 0.247607902 0 0.192030117 0 0 0 0 0 0 0.388883173 0.388480216 0 0 0 1 0 0 0 0 0 0.148148149 0.244650543 0.281589121 0.377332509 0.736343205 1 1
__smartatpg_bin_925_4 0 0.00534707587 1.32184601 0 0.429962963 1.79027903 0 0.00916749611 0 0 0 0 0.00581607036 0.120020546 0 0.317649573 0.00650437735 0.56156379 0 0 0 0 0 0 0.630105674 0.278815776 0 0 0.257276803 0 0 0 0.00317862513 0 0 0 0 0 0.829456031 0 0.9628371 0 0.212810755 0 0 0 0 0 0 0 0 0 0 0.247607902 0 0.192030117 0 0 0 0 0 0 0.388883173 0.388480216 0 0 0 1 0 0 0 0 0 0.166666672 0.244650543 0.390522659 0.395426244 0.729456186 1 1
G2190 0 0.00534707587 1.32184601 0 0.429962963 1.79027903 0 0.00916749611 0 0 0 0 0.00581607036 0.120020546 0 0.317649573 0.00650437735 0.56156379 0 0 0 0 0 0 0.630105674 0.278815776 0 0 0.257276803 0 0 0 0.00317862513 0 0 0 0 0 0.829456031 0 0.9628371 0 0.212810755 0 0 0 0 0 0 0 0 0 0 0.247607902 0 0.192030117 0 0 0 0 0 0 0.388883173 0.388480216 0 0 0 0 1 0 0 0 0 0.185185179 0.244650543 0.376848131 0.545771718 0.714656651 1 1
G2329 0 0.00534707587 1.32184601 0 0.429962963 1.79027903 0 0.00916749611 0 0 0 0 0.00581607036 0.120020546 0 0.317649573 0.00650437735 0.56156379 0 0 0 0 0 0 0.630105674 0.278815776 0 0 0.257276803 0 0 0 0.00317862513 0 0 0 0 0 0.829456031 0 0.9628371 0 0.212810755 0 0 0 0 0 0 0 0 0 0 0.247607902 0 0.192030117 0 0 0 0 0 0 0.388883173 0.388480216 0 1 0 0 0 0 0 0 0 0.203703701 0.244650543 0.252935857 0.572244227 0.709381044 1 1
G2352 0 0.00534707587 1.32184601 0 0.429962963 1.79027903 0 0.00916749611 0 0 0 0 0.00581607036 0.120020546 0 0.317649573 0.00650437735 0.56156379 0 0 0 0 0 0 0.630105674 0.278815776 0 0 0.257276803 0 0 0 0.00317862513 0 0 0 0 0 0.829456031 0 0.9628371 0 0.212810755 0 0 0 0 0 0 0 0 0 0 0.247607902 0 0.192030117 0 0 0 0 0 0 0.388883173 0.388480216 0 0 0 1 0 0 0 0 0 0.222222224 0.244650543 0.376848131 0.578270555 0.70110333 1 1
G2429 0 0.00534707587 1.32184601 0 0.429962963 1.79027903 0 0.00916749611 0 0 0 0 0.00581607036 0.120020546 0 0.317649573 0.00650437735 0.56156379 0 0 0 0 0 0 0.630105674 0.278815776 0 0 0.257276803 0 0 0 0.00317862513 0 0 0 0 0 0.829456031 0 0.9628371 0 0.212810755 0 0 0 0 0 0 0 0 0 0 0.247607902 0 0.192030117 0 0 0 0 0 0 0.388883173 0.388480216 0 1 0 0 0 0 0 0 0 0.240740746 0.244650543 0.390522659 0.610565007 0.692343116 1 1
__smartatpg_bin_927_1 0 0.00534707587 1.32184601 0 0.429962963 1.79027903 0 0.00916749611 0 0 0 0 0.00581607036 0.120020546 0 0.317649573 0.00650437735 0.56156379 0 0 0 0 0 0 0.630105674 0.278815776 0 0 0.257276803 0 0 0 0.00317862513 0 0 0 0 0 0.829456031 0 0.9628371 0 0.212810755 0 0 0 0 0 0 0 0 0 0 0.247607902 0 0.192030117 0 0 0 0 0 0 0.388883173 0.388480216 0 1 0 0 0 0 0 0 0 0.203703701 0.244650543 0.414748639 0.584092498 0.607833982 1 1
G2192 0 0.00534707587 1.32184601 0 0.429962963 1.79027903 0 0.00916749611 0 0 0 0 0.00581607036 0.120020546 0 0.317649573 0.00650437735 0.56156379 0 0 0 0 0 0 0.630105674 0.278815776 0 0 0.257276803 0 0 0 0.00317862513 0 0 0 0 0 0.829456031 0 0.9628371 0 0.212810755 0 0 0 0 0 0 0 0 0 0 0.247607902 0 0.192030117 0 0 0 0 0 0 0.388883173 0.388480216 0 1 0 0 0 0 0 0 0 0.222222224 0.387761921 0.172655582 0.595175803 0.60246408 1 1
__smartatpg_bin_928_1 0 0.00534707587 1.32184601 0 0.429962963 1.79027903 0 0.00916749611 0 0 0 0 0.00581607036 0.120020546 0 0.317649573 0.00650437735 0.56156379 0 0 0 0 0 0 0.630105674 0.278815776 0 0 0.257276803 0 0 0 0.00317862513 0 0 0 0 0 0.829456031 0 0.9628371 0 0.212810755 0 0 0 0 0 0 0 0 0 0 0.247607902 0 0.192030117 0 0 0 0 0 0 0.388883173 0.388480216 0 1 0 0 0 0 0 0 0 0.203703701 0.244650543 0.414748639 0.584092498 0.607833982 1 1
G2195 0 0.00534707587 1.32184601 0 0.429962963 1.79027903 0 0.00916749611 0 0 0 0 0.00581607036 0.120020546 0 0.317649573 0.00650437735 0.56156379 0 0 0 0 0 0 0.630105674 0.278815776 0 0 0.257276803 0 0 0 0.00317862513 0 0 0 0 0 0.829456031 0 0.9628371 0 0.212810755 0 0 0 0 0 0 0 0 0 0 0.247607902 0 0.192030117 0 0 0 0 0 0 0.388883173 0.388480216 0 1 0 0 0 0 0 0 0 0.222222224 0.387761921 0.172655582 0.595175803 0.60246408 1 1
G2354 0 0.00534707587 1.32184601 0 0.429962963 1.79027903 0 0.00916749611 0 0 0 0 0.00581607036 0.120020546 0 0.317649573 0.00650437735 0.56156379 0 0 0 0 0 0 0.630105674 0.278815776 0 0 0.257276803 0 0 0 0.00317862513 0 0 0 0 0 0.829456031 0 0.9628371 0 0.212810755 0 0 0 0 0 0 0 0 0 0 0.247607902 0 0.192030117 0 0 0 0 0 0 0.388883173 0.388480216 0 0 0 1 0 0 0 0 0 0.240740746 0.244650543 0.281589121 0.600460231 0.594031572 1 1
G2355 0 0.00534707587 1.32184601 0 0.429962963 1.79027903 0 0.00916749611 0 0 0 0 0.00581607036 0.120020546 0 0.317649573 0.00650437735 0.56156379 0 0 0 0 0 0 0.630105674 0.278815776 0 0 0.257276803 0 0 0 0.00317862513 0 0 0 0 0 0.829456031 0 0.9628371 0 0.212810755 0 0 0 0 0 0 0 0 0 0 0.247607902 0 0.192030117 0 0 0 0 0 0 0.388883173 0.388480216 0 0 0 0 1 0 0 0 0 0.240740746 0.244650543 0.549503684 0.307701409 0.689305842 1 1
G2458 0 0.00534707587 1.32184601 0 0.429962963 1.79027903 0 0.00916749611 0 0 0 0 0.00581607036 0.120020546 0 0.317649573 0.00650437735 0.56156379 0 0 0 0 0 0 0.630105674 0.278815776 0 0 0.257276803 0 0 0 0.00317862513 0 0 0 0 0 0.829456031 0 0.9628371 0 0.212810755 0 0 0 0 0 0 0 0 0 0 0.247607902 0 0.192030117 0 0 0 0 0 0 0.388883173 0.388480216 0 0 0 0 0 1 0 0 0 0.259259254 0.244650543 0.554195344 0.334173948 0.591112256 1 1
__smartatpg_bin_929_1 0 0.00534707587 1.32184601 0 0.429962963 1.79027903 0 0.00916749611 0 0 0 0 0.00581607036 0.120020546 0 0.317649573 0.00650437735 0.56156379 0 0 0 0 0 0 0.630105674 0.278815776 0 0 0.257276803 0 0 0 0.00317862513 0 0 0 0 0 0.829456031 0 0.9628371 0 0.212810755 0 0 0 0 0 0 0 0 0 0 0.247607902 0 0.192030117 0 0 0 0 0 0 0.388883173 0.388480216 0 1 0 0 0 0 0 0 0 0.203703701 0.244650543 0.390522659 0.600460231 0.706672132 1 1
G2198 0 0.00534707587 1.32184601 0 0.429962963 1.79027903 0 0.00916749611 0 0 0 0 0.00581607036 0.120020546 0 0.317649573 0.00650437735 0.56156379 0 0 0 0 0 0 0.630105674 0.278815776 0 0 0.257276803 0 0 0 0.00317862513 0 0 0 0 0 0.829456031 0 0.9628371 0 0.212810755 0 0 0 0 0 0 0 0 0 0 0.247607902 0 0.192030117 0 0 0 0 0 0 0.388883173 0.388480216 0 1 0 0 0 0 0 0 0 0.222222224 0.244650543 0.172655582 0.610565007 0.70391351 1 1
__smartatpg_bin_930_1 0 0.00534707587 1.32184601 0 0.429962963 1.79027903 0 0.00916749611 0 0 0 0 0.00581607036 0.120020546 0 0.317649573 0.00650437735 0.56156379 0 0 0 0 0 0 0.630105674 0.278815776 0 0 0.257276803 0 0 0 0.00317862513 0 0 0 0 0 0.829456031 0 0.9628371 0 0.212810755 0 0 0 0 0 0 0 0 0 0 0.247607902 0 0.192030117 0 0 0 0 0 0 0.388883173 0.388480216 0 1 0 0 0 0 0 0 0 0.203703701 0.244650543 0.390522659 0.600460231 0.706672132 1 1
G2199 0 0.00534707587 1.32184601 0 0.429962963 1.79027903 0 0.00916749611 0 0 0 0 0.00581607036 0.120020546 0 0.317649573 0.00650437735 0.56156379 0 0 0 0 0 0 0.630105674 0.278815776 0 0 0.257276803 0 0 0 0.00317862513 0 0 0 0 0 0.829456031 0 0.9628371 0 0.212810755 0 0 0 0 0 0 0 0 0 0 0.247607902 0 0.192030117 0 0 0 0 0 0 0.388883173 0.388480216 0 1 0 0 0 0 0 0 0 0.222222224 0.244650543 0.172655582 0.610565007 0.70391351 1 1
__smartatpg_bin_931_1 0 0.00534707587 1.32184601 0 0.429962963 1.79027903 0 0.00916749611 0 0 0 0 0.00581607036 0.120020546 0 0.317649573 0.00650437735 0.56156379 0 0 0 0 0 0 0.630105674 0.278815776 0 0 0.257276803 0 0 0 0.00317862513 0 0 0 0 0 0.829456031 0 0.9628371 0 0.212810755 0 0 0 0 0 0 0 0 0 0 0.247607902 0 0.192030117 0 0 0 0 0 0 0.388883173 0.388480216 0 0 0 1 0 0 0 0 0 0.129629627 0.244650543 0.281589121 0.395426244 0.696787 1 1
G2200 0 0.00534707587 1.32184601 0 0.429962963 1.79027903 0 0.00916749611 0 0 0 0 0.00581607036 0.120020546 0 0.317649573 0.00650437735 0.56156379 0 0 0 0 0 0 0.630105674 0.278815776 0 0 0.257276803 0 0 0 0.00317862513 0 0 0 0 0 0.829456031 0 0.9628371 0 0.212810755 0 0 0 0 0 0 0 0 0 0 0.247607902 0 0.192030117 0 0 0 0 0 0 0.388883173 0.388480216 0 0 0 1 0 0 0 0 0 0.185185179 0.489301085 0.414748639 0.411793977 0.684631705 1 1
G2393 0 0.00534707587 1.32184601 0 0.429962963 1.79027903 0 0.00916749611 0 0 0 0 0.00581607036 0.120020546 0 0.317649573 0.00650437735 0.56156379 0 0 0 0 0 0 0.630105674 0.278815776 0 0 0.257276803 0 0 0 0.00317862513 0 0 0 0 0 0.829456031 0 0.9628371 0 0.212810755 0 0 0 0 0 0 0 0 0 0 0.247607902 0 0.192030117 0 0 0 0 0 0 0.388883173 0.388480216 0 1 0 0 0 0 0 0 0 0.203703701 0.387761921 0.217867076 0.530829132 0.753300905 1 1
G2488 0 0.00534707587 1.32184601 0 0.429962963 1.79027903 0 0.00916749611 0 0 0 0 0.00581607036 0.120020546 0 0.317649573 0.00650437735 0.56156379 0 0 0 0 0 0 0.630105674 0.278815776 0 0 0.257276803 0 0 0 0.00317862513 0 0 0 0 0 0.829456031 0 0.9628371 0 0.212810755 0 0 0 0 0 0 0 0 0 0 0.247607902 0 0.192030117 0 0 0 0 0 0 0.388883173 0.388480216 0 0 0 0 0 1 0 0 0 0.222222224 0.387761921 0.492767632 0.276391089 0.786446989 1 1
G2491 0 0.00534707587 1.32184601 0 0.429962963 1.79027903 0 0.00916749611 0 0 0 0 0.00581607036 0.120020546 0 0.317649573 0.00650437735 0.56156379 0 0 0 0 0 0 0.630105674 0.278815776 0 0 0.257276803 0 0 0 0.00317862513 0 0 0 0 0 0.829456031 0 0.9628371 0 0.212810755 0 0 0 0 0 0 0 0 0 0 0.247607902 0 0.192030117 0 0 0 0 0 0 0.388883173 0.388480216 0 0 0 0 0 1 0 0 0 0.222222224 0.387761921 0.492767632 0.276391089 0.752295315 1 1
G2534 0 0.00534707587 1.32184601 0 0.429962963 1.79027903 0 0.00916749611 0 0 0 0 0.00581607036 0.120020546 0 0.317649573 0.00650437735 0.56156379 0 0 0 0 0 0 0.630105674 0.278815776 0 0 0.257276803 0 0 0 0.00317862513 0 0 0 0 0 0.829456031 0 0.9628371 0 0.212810755 0 0 0 0 0 0 0 0 0 0 0.247607902 0 0.192030117 0 0 0 0 0 0 0.388883173 0.388480216 0 0 0 0 0 1 0 0 0 0.240740746 0.244650543 0.281589121 0.545771718 0.797300994 1 1
G2535 0 0.00534707587 1.32184601 0 0.429962963 1.79027903 0 0.00916749611 0 0 0 0 0.00581607036 0.120020546 0 0.317649573 0.00650437735 0.56156379 0 0 0 0 0 0 0.630105674 0.278815776 0 0 0.257276803 0 0 0 0.00317862513 0 0 0 0 0 0.829456031 0 0.9628371 0 0.212810755 0 0 0 0 0 0 0 0 0 0 0.247607902 0 0.192030117 0 0 0 0 0 0 0.388883173 0.388480216 0 0 0 0 0 1 0 0 0 0.240740746 0.244650543 0.281589121 0.545771718 0.765796483 1 1
__smartatpg_bin_1019_1 0 0.00534707587 1.32184601 0 0.429962963 1.79027903 0 0.00916749611 0 0 0 0 0.00581607036 0.120020546 0 0.317649573 0.00650437735 0.56156379 0 0 0 0 0 0 0.630105674 0.278815776 0 0 0.257276803 0 0 0 0.00317862513 0 0 0 0 0 0.829456031 0 0.9628371 0 0.212810755 0 0 0 0 0 0 0 0 0 0 0.247607902 0 0.192030117 0 0 0 0 0 0 0.388883173 0.388480216 0 1 0 0 0 0 0 0 0 0.203703701 0.244650543 0.414748639 0.584092498 0.651084185 1 1
G2356 0 0.00534707587 1.32184601 0 0.429962963 1.79027903 0 0.00916749611 0 0 0 0 0.00581607036 0.120020546 0 0.317649573 0.00650437735 0.56156379 0 0 0 0 0 0 0.630105674 0.278815776 0 0 0.257276803 0 0 0 0.00317862513 0 0 0 0 0 0.829456031 0 0.9628371 0 0.212810755 0 0 0 0 0 0 0 0 0 0 0.247607902 0 0.192030117 0 0 0 0 0 0 0.388883173 0.388480216 0 1 0 0 0 0 0 0 0 0.222222224 0.387761921 0.172655582 0.595175803 0.647074878 1 1
__smartatpg_bin_1020_1 0 0.00534707587 1.32184601 0 0.429962963 1.79027903 0 0.00916749611 0 0 0 0 0.00581607036 0.120020546 0 0.317649573 0.00650437735 0.56156379 0 0 0 0 0 0 0.630105674 0.278815776 0 0 0.257276803 0 0 0 0.00317862513 0 0 0 0 0 0.829456031 0 0.9628371 0 0.212810755 0 0 0 0 0 0 0 0 0 0 0.247607902 0 0.192030117 0 0 0 0 0 0 0.388883173 0.388480216 0 1 0 0 0 0 0 0 0 0.203703701 0.244650543 0.414748639 0.584092498 0.651084185 1 1
G2359 0 0.00534707587 1.32184601 0 0.429962963 1.79027903 0 0.00916749611 0 0 0 0 0.00581607036 0.120020546 0 0.317649573 0.00650437735 0.56156379 0 0 0 0 0 0 0.630105674 0.278815776 0 0 0.257276803 0 0 0 0.00317862513 0 0 0 0 0 0.829456031 0 0.9628371 0 0.212810755 0 0 0 0 0 0 0 0 0 0 0.247607902 0 0.192030117 0 0 0 0 0 0 0.388883173 0.388480216 0 1 0 0 0 0 0 0 0 0.222222224 0.387761921 0.172655582 0.595175803 0.647074878 1 1
G2468 0 0.00534707587 1.32184601 0 0.429962963 1.79027903 0 0.00916749611 0 0 0 0 0.00581607036 0.120020546 0 0.317649573 0.00650437735 0.56156379 0 0 0 0 0 0 0.630105674 0.278815776 0 0 0.257276803 0 0 0 0.00317862513 0 0 0 0 0 0.829456031 0 0.9628371 0 0.212810755 0 0 0 0 0 0 0 0 0 0 0.247607902 0 0.192030117 0 0 0 0 0 0 0.388883173 0.388480216 0 0 0 1 0 0 0 0 0 0.240740746 0.387761921 0.281589121 0.600460231 0.640852988 1 1
G2471 0 0.00534707587 1.32184601 0 0.429962963 1.79027903 0 0.00916749611 0 0 0 0 0.00581607036 0.120020546 0 0.317649573 0.00650437735 0.56156379 0 0 0 0 0 0 0.630105674 0.278815776 0 0 0.257276803 0 0 0 0.00317862513 0 0 0 0 0 0.829456031 0 0.9628371 0 0.212810755 0 0 0 0 0 0 0 0 0 0 0.247607902 0 0.192030117 0 0 0 0 0 0 0.388883173 0.388480216 0 0 0 0 1 0 0 0 0 0.240740746 0.244650543 0.549503684 0.307701409 0.715947151 1 1
G2538 0 0.00534707587 1.32184601 0 0.429962963 1.79027903 0 0.00916749611 0 0 0 0 0.00581607036 0.120020546 0 0.317649573 0.00650437735 0.56156379 0 0 0 0 0 0 0.630105674 0.278815776 0 0 0.257276803 0 0 0 0.00317862513 0 0 0 0 0 0.829456031 0 0.9628371 0 0.212810755 0 0 0 0 0 0 0 0 0 0 0.247607902 0 0.192030117 0 0 0 0 0 0 0.388883173 0.388480216 0 1 0 0 0 0 0 0 0 0.259259254 0.244650543 0.305815101 0.615402818 0.796551168 1 1
G2569 0 0.00534707587 1.32184601 0 0.429962963 1.79027903 0 0.00916749611 0 0 0 0 0.00581607036 0.120020546 0 0.317649573 0.00650437735 0.56156379 0 0 0 0 0 0 0.630105674 0.278815776 0 0 0.257276803 0 0 0 0.00317862513 0 0 0 0 0 0.829456031 0 0.9628371 0 0.212810755 0 0 0 0 0 0 0 0 0 0 0.247607902 0 0.192030117 0 0 0 0 0 0 0.388883173 0.388480216 0 0 0 0 0 1 0 0 0 0.277777791 0.244650543 0.5674842 0.357105464 0.795797586 1 1
__smartatpg_bin_932_1 0 0.00534707587 1.32184601 0 0.429962963 1.79027903 0 0.00916749611 0 0 0 0 0.00581607036 0.120020546 0 0.317649573 0.00650437735 0.56156379 0 0 0 0 0 0 0.630105674 0.278815776 0 0 0.257276803 0 0 0 0.00317862513 0 0 0 0 0 0.829456031 0 0.9628371 0 0.212810755 0 0 0 0 0 0 0 0 0 0 0.247607902 0 0.192030117 0 0 0 0 0 0 0.388883173 0.388480216 0 0 0 1 0 0 0 0 0 0.129629627 0.244650543 0.281589121 0.395426244 0.724683046 1 1
G2204 0 0.00534707587 1.32184601 0 0.429962963 1.79027903 0 0.00916749611 0 0 0 0 0.00581607036 0.120020546 0 0.317649573 0.00650437735 0.56156379 0 0 0 0 0 0 0.630105674 0.278815776 0 0 0.257276803 0 0 0 0.00317862513 0 0 0 0 0 0.829456031 0 0.9628371 0 0.212810755 0 0 0 0 0 0 0 0 0 0 0.247607902 0 0.192030117 0 0 0 0 0 0 0.388883173 0.388480216 0 0 0 0 1 0 0 0 0 0.185185179 0.489301085 0.376848131 0.453209102 0.714656651 1 1
G2364 0 0.00534707587 1.32184601 0 0.429962963 1.79027903 0 0.00916749611 0 0 0 0 0.00581607036 0.120020546 0 0.317649573 0.00650437735 0.56156379 0 0 0 0 0 0 0.630105674 0.278815776 0 0 0.257276803 0 0 0 0.00317862513 0 0 0 0 0 0.829456031 0 0.9628371 0 0.212810755 0 0 0 0 0 0 0 0 0 0 0.247607902 0 0.192030117 0 0 0 0 0 0 0.388883173 0.388480216 0 0 0 0 0 1 0 0 0 0.203703701 0.244650543 0.425591439 0.426736563 0.713355005 1 1
__smartatpg_bin_1021_1 0 0.00534707587 1.32184601 0 0.429962963 1.79027903 0 0.00916749611 0 0 0 0 0.00581607036 0.120020546 0 0.317649573 0.00650437735 0.56156379 0 0 0 0 0 0 0.630105674 0.278815776 0 0 0.257276803 0 0 0 0.00317862513 0 0 0 0 0 0.829456031 0 0.9628371 0 0.212810755 0 0 0 0 0 0 0 0 0 0 0.247607902 0 0.192030117 0 0 0 0 0 0 0.388883173 0.388480216 0 1 0 0 0 0 0 0 0 0.203703701 0.244650543 0.390522659 0.600460231 0.730626166 1 1
G2362 0 0.00534707587 1.32184601 0 0.429962963 1.79027903 0 0.00916749611 0 0 0 0 0.00581607036 0.120020546 0 0.317649573 0.00650437735 0.56156379 0 0 0 0 0 0 0.630105674 0.278815776 0 0 0.257276803 0 0 0 0.00317862513 0 0 0 0 0 0.829456031 0 0.9628371 0 0.212810755 0 0 0 0 0 0 0 0 0 0 0.247607902 0 0.192030117 0 0 0 0 0 0 0.388883173 0.388480216 0 1 0 0 0 0 0 0 0 0.222222224 0.244650543 0.172655582 0.610565007 0.728277028 1 1
__smartatpg_bin_1022_1 0 0.00534707587 1.32184601 0 0.429962963 1.79027903 0 0.00916749611 0 0 0 0 0.00581607036 0.120020546 0 0.317649573 0.00650437735 0.56156379 0 0 0 0 0 0 0.630105674 0.278815776 0 0 0.257276803 0 0 0 0.00317862513 0 0 0 0 0 0.829456031 0 0.9628371 0 0.212810755 0 0 0 0 0 0 0 0 0 0 0.247607902 0 0.192030117 0 0 0 0 0 0 0.388883173 0.388480216 0 1 0 0 0 0 0 0 0 0.203703701 0.244650543 0.390522659 0.600460231 0.730626166 1 1
G2363 0 0.00534707587 1.32184601 0 0.429962963 1.79027903 0 0.00916749611 0 0 0 0 0.00581607036 0.120020546 0 0.317649573 0.00650437735 0.56156379 0 0 0 0 0 0 0.630105674 0.278815776 0 0 0.257276803 0 0 0 0.00317862513 0 0 0 0 0 0.829456031 0 0.9628371 0 0.212810755 0 0 0 0 0 0 0 0 0 0 0.247607902 0 0.192030117 0 0 0 0 0 0 0.388883173 0.388480216 0 1 0 0 0 0 0 0 0 0.222222224 0.244650543 0.172655582 0.610565007 0.728277028 1 1
__smartatpg_bin_1070_1 0 0.00534707587 1.32184601 0 0.429962963 1.79027903 0 0.00916749611 0 0 0 0 0.00581607036 0.120020546 0 0.317649573 0.00650437735 0.56156379 0 0 0 0 0 0 0.630105674 0.278815776 0 0 0.257276803 0 0 0 0.00317862513 0 0 0 0 0 0.829456031 0 0.9628371 0 0.212810755 0 0 0 0 0 0 0 0 0 0 0.247607902 0 0.192030117 0 0 0 0 0 0 0.388883173 0.388480216 0 0 0 1 0 0 0 0 0 0.240740746 0.244650543 0.454244703 0.440482408 0.709381044 1 1
G2436 0 0.00534707587 1.32184601 0 0.429962963 1.79027903 0 0.00916749611 0 0 0 0 0.00581607036 0.120020546 0 0.317649573 0.00650437735 0.56156379 0 0 0 0 0 0 0.630105674 0.278815776 0 0 0.257276803 0 0 0 0.00317862513 0 0 0 0 0 0.829456031 0 0.9628371 0 0.212810755 0 0 0 0 0 0 0 0 0 0 0.247607902 0 0.192030117 0 0 0 0 0 0 0.388883173 0.388480216 0 0 0 1 0 0 0 0 0 0.259259254 0.244650543 0.478470683 0.453209102 0.705299139 1 1
G2502 0 0.00534707587 1.32184601 0 0.429962963 1.79027903 0 0.00916749611 0 0 0 0 0.00581607036 0.120020546 0 0.317649573 0.00650437735 0.56156379 0 0 0 0 0 0 0.630105674 0.278815776 0 0 0.257276803 0 0 0 0.00317862513 0 0 0 0 0 0.829456031 0 0.9628371 0 0.212810755 0 0 0 0 0 0 0 0 0 0 0.247607902 0 0.192030117 0 0 0 0 0 0 0.388883173 0.388480216 0 1 0 0 0 0 0 0 0 0.277777791 0.568060994 0.48578167 0.514461398 0.696787 1 1
G2563 0 0.00534707587 1.32184601 0 0.429962963 1.79027903 0 0.00916749611 0 0 0 0 0.00581607036 0.120020546 0 0.317649573 0.00650437735 0.56156379 0 0 0 0 0 0 0.630105674 0.278815776 0 0 0.257276803 0 0 0 0.00317862513 0 0 0 0 0 0.829456031 0 0.9628371 0 0.212810755 0 0 0 0 0 0 0 0 0 0 0.247607902 0 0.192030117 0 0 0 0 0 0 0.388883173 0.388480216 0 0 0 0 0 1 0 0 0 0.296296299 0.387761921 0.478470683 0.538462877 0.732939124 1 1
G2640 0 0.00534707587 1.32184601 0 0.429962963 1.79027903 0 0.00916749611 0 0 0 0 0.00581607036 0.120020546 0 0.317649573 0.00650437735 0.56156379 0 0 0 0 0 0 0.630105674 0.278815776 0 0 0.257276803 0 0 0 0.00317862513 0 0 0 0 0 0.829456031 0 0.9628371 0 0.212810755 0 0 0 0 0 0 0 0 0 0 0.247607902 0 0.192030117 0 0 0 0 0 0 0.388883173 0.388480216 0 0 0 0 0 1 0 0 0 0.314814806 0.387761921 0.499456197 0.530829132 0.770338833 1 1
G2643 0 0.00534707587 1.32184601 0 0.429962963 1.79027903 0 0.00916749611 0 0 0 0 0.00581607036 0.120020546 0 0.317649573 0.00650437735 0.56156379 0 0 0 0 0 0 0.630105674 0.278815776 0 0 0.257276803 0 0 0 0.00317862513 0 0 0 0 0 0.829456031 0 0.9628371 0 0.212810755 0 0 0 0 0 0 0 0 0 0 0.247607902 0 0.192030117 0 0 0 0 0 0 0.388883173 0.388480216 0 0 0 0 0 1 0 0 0 0.314814806 0.387761921 0.499456197 0.530829132 0.731787086 1 1
G2677 0 0.00534707587 1.32184601 0 0.429962963 1.79027903 0 0.00916749611 0 0 0 0 0.00581607036 0.120020546 0 0.317649573 0.00650437735 0.56156379 0 0 0 0 0 0 0.630105674 0.278815776 0 0 0.257276803 0 0 0 0.00317862513 0 0 0 0 0 0.829456031 0 0.9628371 0 0.212810755 0 0 0 0 0 0 0 0 0 0 0.247607902 0 0.192030117 0 0 0 0 0 0 0.388883173 0.388480216 0 0 1 0 0 0 0 0 0 0.333333343 0.244650543 0.60170114 0.334173948 0.743998587 1 1
G2684 0 0.00534707587 1.32184601 0 0.429962963 1.79027903 0 0.00916749611 0 0 0 0 0.00581607036 0.120020546 0 0.317649573 0.00650437735 0.56156379 0 0 0 0 0 0 0.630105674 0.278815776 0 0 0.257276803 0 0 0 0.00317862513 0 0 0 0 0 0.829456031 0 0.9628371 0 0.212810755 0 0 0 0 0 0 0 0 0 0 0.247607902 0 0.192030117 0 0 0 0 0 0 0.388883173 0.388480216 0 0 0 0 0 1 0 0 0 0.333333343 0.244650543 0.492767632 0.552782178 0.769441247 1 1
G2685 0 0.00534707587 1.32184601 0 0.429962963 1.79027903 0 0.00916749611 0 0 0 0 0.00581607036 0.120020546 0 0.317649573 0.00650437735 0.56156379 0 0 0 0 0 0 0.630105674 0.278815776 0 0 0.257276803 0 0 0 0.00317862513 0 0 0 0 0 0.829456031 0 0.9628371 0 0.212810755 0 0 0 0 0 0 0 0 0 0 0.247607902 0 0.192030117 0 0 0 0 0 0 0.388883173 0.388480216 0 0 1 0 0 0 0 0 0 0.333333343 0.244650543 0.60170114 0.334173948 0.779873669 1 1
G2686 0 0.00534707587 1.32184601 0 0.429962963 1.79027903 0 0.00916749611 0 0 0 0 0.00581607036 0.120020546 0 0.317649573 0.00650437735 0.56156379 0 0 0 0 0 0 0.630105674 0.278815776 0 0 0.257276803 0 0 0 0.00317862513 0 0 0 0 0 0.829456031 0 0.9628371 0 0.212810755 0 0 0 0 0 0 0 0 0 0 0.247607902 0 0.192030117 0 0 0 0 0 0 0.388883173 0.388480216 0 0 0 0 0 1 0 0 0 0.333333343 0.244650543 0.492767632 0.552782178 0.730626166 1 1
G2712 0 0.00534707587 1.32184601 0 0.429962963 1.79027903 0 0.00916749611 0 0 0 0 0.00581607036 0.120020546 0 0.317649573 0.00650437735 0.56156379 0 0 0 0 0 0 0.630105674 0.278815776 0 0 0.257276803 0 0 0 0.00317862513 0 0 0 0 0 0.829456031 0 0.9628371 0 0.212810755 0 0 0 0 0 0 0 0 0 0 0.247607902 0 0.192030117 0 0 0 0 0 0 0.388883173 0.388480216 0 0 1 0 0 0 0 0 0 0.351851851 0.244650543 0.534524977 0.545771718 0.724683046 1 1
G2719 0 0.00534707587 1.32184601 0 0.429962963 1.79027903 0 0.00916749611 0 0 0 0 0.00581607036 0.120020546 0 0.317649573 0.00650437735 0.56156379 0 0 0 0 0 0 0.630105674 0.278815776 0 0 0.257276803 0 0 0 0.00317862513 0 0 0 0 0 0.829456031 0 0.9628371 0 0.212810755 0 0 0 0 0 0 0 0 0 0 0.247607902 0 0.192030117 0 0 0 0 0 0 0.388883173 0.388480216 0 0 1 0 0 0 0 0 0 0.351851851 0.244650543 0.534524977 0.545771718 0.764871299 1 1
G2740 0 0.00534707587 1.32184601 0 0.429962963 1.79027903 0 0.00916749611 0 0 0 0 0.00581607036 0.120020546 0 0.317649573 0.00650437735 0.56156379 0 0 0 0 0 0 0.630105674 0.278815776 0 0 0.257276803 0 0 0 0.00317862513 0 0 0 0 0 0.829456031 0 0.9628371 0 0.212810755 0 0 0 0 0 0 0 0 0 0 0.247607902 0 0.192030117 0 0 0 0 0 0 0.388883173 0.388480216 0 0 1 0 0 0 0 0 0 0.370370358 0.244650543 0.539678156 0.589723527 0.715947151 1 1
G2747 0 0.00534707587 1.32184601 0 0.429962963 1.79027903 0 0.00916749611 0 0 0 0 0.00581607036 0.120020546 0 0.317649573 0.00650437735 0.56156379 0 0 0 0 0 0 0.630105674 0.278815776 0 0 0.257276803 0 0 0 0.00317862513 0 0 0 0 0 0.829456031 0 0.9628371 0 0.212810755 0 0 0 0 0 0 0 0 0 0 0.247607902 0 0.192030117 0 0 0 0 0 0 0.388883173 0.388480216 0 0 1 0 0 0 0 0 0 0.370370358 0.387761921 0.539678156 0.589723527 0.758230567 1 1
G2788 0 0.00534707587 1.32184601 0 0.429962963 1.79027903 0 0.00916749611 0 0 0 0 0.00581607036 0.120020546 0 0.317649573 0.00650437735 0.56156379 0 0 0 0 0 0 0.630105674 0.278815776 0 0 0.257276803 0 0 0 0.00317862513 0 0 0 0 0 0.829456031 0 0.9628371 0 0.212810755 0 0 0 0 0 0 0 0 0 0 0.247607902 0 0.192030117 0 0 0 0 0 0 0.388883173 0.388480216 0 0 0 0 0 1 0 0 0 0.388888896 0.244650543 0.544667721 0.595175803 0.714656651 1 1
G2809 0 0.00534707587 1.32184601 0 0.429962963 1.79027903 0 0.00916749611 0 0 0 0 0.00581607036 0.120020546 0 0.317649573 0.00650437735 0.56156379 0 0 0 0 0 0 0.630105674 0.278815776 0 0 0.257276803 0 0 0 0.00317862513 0 0 0 0 0 0.829456031 0 0.9628371 0 0.212810755 0 0 0 0 0 0 0 0 0 0 0.247607902 0 0.192030117 0 0 0 0 0 0 0.388883173 0.388480216 0 1 0 0 0 0 0 0 0 0.407407403 0.244650543 0.281589121 0.633496523 0.70391351 1 1
G2811 0 0.00534707587 1.32184601 0 0.429962963 1.79027903 0 0.00916749611 0 0 0 0 0.00581607036 0.120020546 0 0.317649573 0.00650437735 0.56156379 0 0 0 0 0 0 0.630105674 0.278815776 0 0 0.257276803 0 0 0 0.00317862513 0 0 0 0 0 0.829456031 0 0.9628371 0 0.212810755 0 0 0 0 0 0 0 0 0 0 0.247607902 0 0.192030117 0 0 0 0 0 0 0.388883173 0.388480216 0 0 0 0 0 1 0 0 0 0.388888896 0.568060994 0.544667721 0.595175803 0.80742389 1 1
G2854 0 0.00534707587 1.32184601 0 0.429962963 1.79027903 0 0.00916749611 0 0 0 0 0.00581607036 0.120020546 0 0.317649573 0.00650437735 0.56156379 0 0 0 0 0 0 0.630105674 0.278815776 0 0 0.257276803 0 0 0 0.00317862513 0 0 0 0 0 0.829456031 0 0.9628371 0 0.212810755 0 0 0 0 0 0 0 0 0 0 0.247607902 0 0.192030117 0 0 0 0 0 0 0.388883173 0.388480216 0 0 0 0 0 1 0 0 0 0.388888896 0.387761921 0.544667721 0.595175803 0.757257462 1 1
G2935 0 0.00534707587 1.32184601 0 0.429962963 1.79027903 0 0.00916749611 0 0 0 0 0.00581607036 0.120020546 0 0.317649573 0.00650437735 0.56156379 0 0 0 0 0 0 0.630105674 0.278815776 0 0 0.257276803 0 0 0 0.00317862513 0 0 0 0 0 0.829456031 0 0.9628371 0 0.212810755 0 0 0 0 0 0 0 0 0 0 0.247607902 0 0.192030117 0 0 0 0 0 0 0.388883173 0.388480216 0 0 0 0 0 1 0 0 0 0.407407403 0.244650543 0.549503684 0.600460231 0.756278038 1 1
__smartatpg_bin_1295_1 0 0.00534707587 1.32184601 0 0.429962963 1.79027903 0 0.00916749611 0 0 0 0 0.00581607036 0.120020546 0 0.317649573 0.00650437735 0.56156379 0 0 0 0 0 0 0.630105674 0.278815776 0 0 0.257276803 0 0 0 0.00317862513 0 0 0 0 0 0.829456031 0 0.9628371 0 0.212810755 0 0 0 0 0 0 0 0 0 0 0.247607902 0 0.192030117 0 0 0 0 0 0 0.388883173 0.388480216 0 0 0 1 0 0 0 0 0 0.42592594 0.244650543 0.361869395 0.505652726 0.698239625 1 1
G2875 0 0.00534707587 1.32184601 0 0.429962963 1.79027903 0 0.00916749611 0 0 0 0 0.00581607036 0.120020546 0 0.317649573 0.00650437735 0.56156379 0 0 0 0 0 0 0.630105674 0.278815776 0 0 0.257276803 0 0 0 0.00317862513 0 0 0 0 0 0.829456031 0 0.9628371 0 0.212810755 0 0 0 0 0 0 0 0 0 0 0.247607902 0 0.192030117 0 0 0 0 0 0 0.388883173 0.388480216 0 0 0 0 1 0 0 0 0 0.444444448 0.244650543 0.470802933 0.530829132 0.679807544 1 1
G2926 0 0.00534707587 1.32184601 0 0.429962963 1.79027903 0 0.00916749611 0 0 0 0 0.00581607036 0.120020546 0 0.317649573 0.00650437735 0.56156379 0 0 0 0 0 0 0.630105674 0.278815776 0 0 0.257276803 0 0 0 0.00317862513 0 0 0 0 0 0.829456031 0 0.9628371 0 0.212810755 0 0 0 0 0 0 0 0 0 0 0.247607902 0 0.192030117 0 0 0 0 0 0 0.388883173 0.388480216 0 1 0 0 0 0 0 0 0 0.462962955 0.387761921 0.281589121 0.645916283 0.640852988 1 1
__smartatpg_bin_933_1 0 0.00534707587 1.32184601 0 0.429962963 1.79027903 0 0.00916749611 0 0 0 0 0.00581607036 0.120020546 0 0.317649573 0.00650437735 0.56156379 0 0 0 0 0 0 0.630105674 0.278815776 0 0 0.257276803 0 0 0 0.00317862513 0 0 0 0 0 0.829456031 0 0.9628371 0 0.212810755 0 0 0 0 0 0 0 0 0 0 0.247607902 0 0.192030117 0 0 0 0 0 0 0.388883173 0.388480216 0 1 0 0 0 0 0 0 0 0.203703701 0.244650543 0.414748639 0.584092498 0.684631705 1 1
G2208 0 0.00534707587 1.32184601 0 0.429962963 1.79027903 0 0.00916749611 0 0 0 0 0.00581607036 0.120020546 0 0.317649573 0.00650437735 0.56156379 0 0 0 0 0 0 0.630105674 0.278815776 0 0 0.257276803 0 0 0 0.00317862513 0 0 0 0 0 0.829456031 0 0.9628371 0 0.212810755 0 0 0 0 0 0 0 0 0 0 0.247607902 0 0.192030117 0 0 0 0 0 0 0.388883173 0.388480216 0 1 0 0 0 0 0 0 0 0.222222224 0.387761921 0.172655582 0.595175803 0.681432843 1 1
__smartatpg_bin_934_1 0 0.00534707587 1.32184601 0 0.429962963 1.79027903 0 0.00916749611 0 0 0 0 0.00581607036 0.120020546 0 0.317649573 0.00650437735 0.56156379 0 0 0 0 0 0 0.630105674 0.278815776 0 0 0.257276803 0 0 0 0.00317862513 0 0 0 0 0 0.829456031 0 0.9628371 0 0.212810755 0 0 0 0 0 0 0 0 0 0 0.247607902 0 0.192030117 0 0 0 0 0 0 0.388883173 0.388480216 0 1 0 0 0 0 0 0 0 0.203703701 0.244650543 0.414748639 0.584092498 0.684631705 1 1
G2211 0 0.00534707587 1.32184601 0 0.429962963 1.79027903 0 0.00916749611 0 0 0 0 0.00581607036 0.120020546 0 0.317649573 0.00650437735 0.56156379 0 0 0 0 0 0 0.630105674 0.278815776 0 0 0.257276803 0 0 0 0.00317862513 0 0 0 0 0 0.829456031 0 0.9628371 0 0.212810755 0 0 0 0 0 0 0 0 0 0 0.247607902 0 0.192030117 0 0 0 0 0 0 0.388883173 0.388480216 0 1 0 0 0 0 0 0 0 0.222222224 0.387761921 0.172655582 0.595175803 0.681432843 1 1
G2365 0 0.00534707587 1.32184601 0 0.429962963 1.79027903 0 0.00916749611 0 0 0 0 0.00581607036 0.120020546 0 0.317649573 0.00650437735 0.56156379 0 0 0 0 0 0 0.630105674 0.278815776 0 0 0.257276803 0 0 0 0.00317862513 0 0 0 0 0 0.829456031 0 0.9628371 0 0.212810755 0 0 0 0 0 0 0 0 0 0 0.247607902 0 0.192030117 0 0 0 0 0 0 0.388883173 0.388480216 0 0 0 1 0 0 0 0 0 0.240740746 0.387761921 0.281589121 0.600460231 0.676503181 1 1
G2368 0 0.00534707587 1.32184601 0 0.429962963 1.79027903 0 0.00916749611 0 0 0 0 0.00581607036 0.120020546 0 0.317649573 0.00650437735 0.56156379 0 0 0 0 0 0 0.630105674 0.278815776 0 0 0.257276803 0 0 0 0.00317862513 0 0 0 0 0 0.829456031 0 0.9628371 0 0.212810755 0 0 0 0 0 0 0 0 0 0 0.247607902 0 0.192030117 0 0 0 0 0 0 0.388883173 0.388480216 0 0 0 0 1 0 0 0 0 0.240740746 0.244650543 0.549503684 0.307701409 0.739671946 1 1
G2476 0 0.00534707587 1.32184601 0 0.429962963 1.79027903 0 0.00916749611 0 0 0 0 0.00581607036 0.120020546 0 0.317649573 0.00650437735 0.56156379 0 0 0 0 0 0 0.630105674 0.278815776 0 0 0.257276803 0 0 0 0.00317862513 0 0 0 0 0 0.829456031 0 0.9628371 0 0.212810755 0 0 0 0 0 0 0 0 0 0 0.247607902 0 0.192030117 0 0 0 0 0 0 0.388883173 0.388480216 0 1 0 0 0 0 0 0 0 0.259259254 0.387761921 0.305815101 0.620108068 0.808121502 1 1
G2546 0 0.00534707587 1.32184601 0 0.429962963 1.79027903 0 0.00916749611 0 0 0 0 0.00581607036 0.120020546 0 0.317649573 0.00650437735 0.56156379 0 0 0 0 0 0 0.630105674 0.278815776 0 0 0.257276803 0 0 0 0.00317862513 0 0 0 0 0 0.829456031 0 0.9628371 0 0.212810755 0 0 0 0 0 0 0 0 0 0 0.247607902 0 0.192030117 0 0 0 0 0 0 0.388883173 0.388480216 0 0 0 0 0 1 0 0 0 0.277777791 0.244650543 0.571675301 0.357105464 0.80742389 1 1
G2909 0 0.00534707587 1.32184601 0 0.429962963 1.79027903 0 0.00916749611 0 0 0 0 0.00581607036 0.120020546 0 0.317649573 0.00650437735 0.56156379 0 0 0 0 0 0 0.630105674 0.278815776 0 0 0.257276803 0 0 0 0.00317862513 0 0 0 0 0 0.829456031 0 0.9628371 0 0.212810755 0 0 0 0 0 0 0 0 0 0 0.247607902 0 0.192030117 0 0 0 0 0 0 0.388883173 0.388480216 0 0 1 0 0 0 0 0 0 0.407407403 0.244650543 0.665423214 0.357105464 0.795797586 1 1
__smartatpg_bin_1126_1 0 0.00534707587 1.32184601 0 0.429962963 1.79027903 0 0.00916749611 0 0 0 0 0.00581607036 0.120020546 0 0.317649573 0.00650437735 0.56156379 0 0 0 0 0 0 0.630105674 0.278815776 0 0 0.257276803 0 0 0 0.00317862513 0 0 0 0 0 0.829456031 0 0.9628371 0 0.212810755 0 0 0 0 0 0 0 0 0 0 0.247607902 0 0.192030117 0 0 0 0 0 0 0.388883173 0.388480216 0 1 0 0 0 0 0 0 0 0.296296299 0.244650543 0.305815101 0.681823909 0.638720512 1 1
__smartatpg_bin_1331_1 0 0.00534707587 1.32184601 0 0.429962963 1.79027903 0 0.00916749611 0 0 0 0 0.00581607036 0.120020546 0 0.317649573 0.00650437735 0.56156379 0 0 0 0 0 0 0.630105674 0.278815776 0 0 0.257276803 0 0 0 0.00317862513 0 0 0 0 0 0.829456031 0 0.9628371 0 0.212810755 0 0 0 0 0 0 0 0 0 0 0.247607902 0 0.192030117 0 0 0 0 0 0 0.388883173 0.388480216 0 1 0 0 0 0 0 0 0 0.42592594 0.244650543 0.571675301 0.476140618 0.789628923 1 1
__smartatpg_bin_935_1 0 0.00534707587 1.32184601 0 0.429962963 1.79027903 0 0.00916749611 0 0 0 0 0.00581607036 0.120020546 0 0.317649573 0.00650437735 0.56156379 0 0 0 0 0 0 0.630105674 0.278815776 0 0 0.257276803 0 0 0 0.00317862513 0 0 0 0 0 0.829456031 0 0.9628371 0 0.212810755 0 0 0 0 0 0 0 0 0 0 0.247607902 0 0.192030117 0 0 0 0 0 0 0.388883173 0.388480216 0 1 0 0 0 0 0 0 0 0.203703701 0.244650543 0.390522659 0.600460231 0.752295315 1 1
G2214 0 0.00534707587 1.32184601 0 0.429962963 1.79027903 0 0.00916749611 0 0 0 0 0.00581607036 0.120020546 0 0.317649573 0.00650437735 0.56156379 0 0 0 0 0 0 0.630105674 0.278815776 0 0 0.257276803 0 0 0 0.00317862513 0 0 0 0 0 0.829456031 0 0.9628371 0 0.212810755 0 0 0 0 0 0 0 0 0 0 0.247607902 0 0.192030117 0 0 0 0 0 0 0.388883173 0.388480216 0 1 0 0 0 0 0 0 0 0.222222224 0.244650543 0.172655582 0.610565007 0.750263631 1 1
__smartatpg_bin_936_1 0 0.00534707587 1.32184601 0 0.429962963 1.79027903 0 0.00916749611 0 0 0 0 0.00581607036 0.120020546 0 0.317649573 0.00650437735 0.56156379 0 0 0 0 0 0 0.630105674 0.278815776 0 0 0.257276803 0 0 0 0.00317862513 0 0 0 0 0 0.829456031 0 0.9628371 0 0.212810755 0 0 0 0 0 0 0 0 0 0 0.247607902 0 0.192030117 0 0 0 0 0 0 0.388883173 0.388480216 0 1 0 0 0 0 0 0 0 0.203703701 0.244650543 0.390522659 0.600460231 0.752295315 1 1
G2215 0 0.00534707587 1.32184601 0 0.429962963 1.79027903 0 0.00916749611 0 0 0 0 0.00581607036 0.120020546 0 0.317649573 0.00650437735 0.56156379 0 0 0 0 0 0 0.630105674 0.278815776 0 0 0.257276803 0 0 0 0.00317862513 0 0 0 0 0 0.829456031 0 0.9628371 0 0.212810755 0 0 0 0 0 0 0 0 0 0 0.247607902 0 0.192030117 0 0 0 0 0 0 0.388883173 0.388480216 0 1 0 0 0 0 0 0 0 0.222222224 0.244650543 0.172655582 0.610565007 0.750263631 1 1
__smartatpg_bin_937_1 0 0.00534707587 1.32184601 0 0.429962963 1.79027903 0 0.00916749611 0 0 0 0 0.00581607036 0.120020546 0 0.317649573 0.00650437735 0.56156379 0 0 0 0 0 0 0.630105674 0.278815776 0 0 0.257276803 0 0 0 0.00317862513 0 0 0 0 0 0.829456031 0 0.9628371 0 0.212810755 0 0 0 0 0 0 0 0 0 0 0.247607902 0 0.192030117 0 0 0 0 0 0 0.388883173 0.388480216 0 1 0 0 0 0 0 0 0 0.203703701 0.244650543 0.414748639 0.584092498 0.713355005 1 1
G2216 0 0.00534707587 1.32184601 0 0.429962963 1.79027903 0 0.00916749611 0 0 0 0 0.00581607036 0.120020546 0 0.317649573 0.00650437735 0.56156379 0 0 0 0 0 0 0.630105674 0.278815776 0 0 0.257276803 0 0 0 0.00317862513 0 0 0 0 0 0.829456031 0 0.9628371 0 0.212810755 0 0 0 0 0 0 0 0 0 0 0.247607902 0 0.192030117 0 0 0 0 0 0 0.388883173 0.388480216 0 1 0 0 0 0 0 0 0 0.222222224 0.387761921 0.172655582 0.595175803 0.71071738 1 1
__smartatpg_bin_938_1 0 0.00534707587 1.32184601 0 0.429962963 1.79027903 0 0.00916749611 0 0 0 0 0.00581607036 0.120020546 0 0.317649573 0.00650437735 0.56156379 0 0 0 0 0 0 0.630105674 0.278815776 0 0 0.257276803 0 0 0 0.00317862513 0 0 0 0 0 0.829456031 0 0.9628371 0 0.212810755 0 0 0 0 0 0 0 0 0 0 0.247607902 0 0.192030117 0 0 0 0 0 0 0.388883173 0.388480216 0 1 0 0 0 0 0 0 0 0.203703701 0.244650543 0.414748639 0.584092498 0.713355005 1 1
G2219 0 0.00534707587 1.32184601 0 0.429962963 1.79027903 0 0.00916749611 0 0 0 0 0.00581607036 0.120020546 0 0.317649573 0.00650437735 0.56156379 0 0 0 0 0 0 0.630105674 0.278815776 0 0 0.257276803 0 0 0 0.00317862513 0 0 0 0 0 0.829456031 0 0.9628371 0 0.212810755 0 0 0 0 0 0 0 0 0 0 0.247607902 0 0.192030117 0 0 0 0 0 0 0.388883173 0.388480216 0 1 0 0 0 0 0 0 0 0.222222224 0.387761921 0.172655582 0.595175803 0.71071738 1 1
G2369 0 0.00534707587 1.32184601 0 0.429962963 1.79027903 0 0.00916749611 0 0 0 0 0.00581607036 0.120020546 0 0.317649573 0.00650437735 0.56156379 0 0 0 0 0 0 0.630105674 0.278815776 0 0 0.257276803 0 0 0 0.00317862513 0 0 0 0 0 0.829456031 0 0.9628371 0 0.212810755 0 0 0 0 0 0 0 0 0 0 0.247607902 0 0.192030117 0 0 0 0 0 0 0.388883173 0.388480216 0 0 0 1 0 0 0 0 0 0.240740746 0.387761921 0.281589121 0.600460231 0.706672132 1 1
G2372 0 0.00534707587 1.32184601 0 0.429962963 1.79027903 0 0.00916749611 0 0 0 0 0.00581607036 0.120020546 0 0.317649573 0.00650437735 0.56156379 0 0 0 0 0 0 0.630105674 0.278815776 0 0 0.257276803 0 0 0 0.00317862513 0 0 0 0 0 0.829456031 0 0.9628371 0 0.212810755 0 0 0 0 0 0 0 0 0 0 0.247607902 0 0.192030117 0 0 0 0 0 0 0.388883173 0.388480216 0 0 0 0 1 0 0 0 0 0.240740746 0.244650543 0.549503684 0.307701409 0.746116042 1 1
G2479 0 0.00534707587 1.32184601 0 0.429962963 1.79027903 0 0.00916749611 0 0 0 0 0.00581607036 0.120020546 0 0.317649573 0.00650437735 0.56156379 0 0 0 0 0 0 0.630105674 0.278815776 0 0 0.257276803 0 0 0 0.00317862513 0 0 0 0 0 0.829456031 0 0.9628371 0 0.212810755 0 0 0 0 0 0 0 0 0 0 0.247607902 0 0.192030117 0 0 0 0 0 0 0.388883173 0.388480216 0 1 0 0 0 0 0 0 0 0.259259254 0.387761921 0.305815101 0.620108068 0.788839698 1 1
G2539 0 0.00534707587 1.32184601 0 0.429962963 1.79027903 0 0.00916749611 0 0 0 0 0.00581607036 0.120020546 0 0.317649573 0.00650437735 0.56156379 0 0 0 0 0 0 0.630105674 0.278815776 0 0 0.257276803 0 0 0 0.00317862513 0 0 0 0 0 0.829456031 0 0.9628371 0 0.212810755 0 0 0 0 0 0 0 0 0 0 0.247607902 0 0.192030117 0 0 0 0 0 0 0.388883173 0.388480216 0 0 0 0 0 1 0 0 0 0.277777791 0.387761921 0.571675301 0.357105464 0.81224072 1 1
__smartatpg_bin_1127_1 0 0.00534707587 1.32184601 0 0.429962963 1.79027903 0 0.00916749611 0 0 0 0 0.00581607036 0.120020546 0 0.317649573 0.00650437735 0.56156379 0 0 0 0 0 0 0.630105674 0.278815776 0 0 0.257276803 0 0 0 0.00317862513 0 0 0 0 0 0.829456031 0 0.9628371 0 0.212810755 0 0 0 0 0 0 0 0 0 0 0.247607902 0 0.192030117 0 0 0 0 0 0 0.388883173 0.388480216 0 1 0 0 0 0 0 0 0 0.296296299 0.244650543 0.305815101 0.681823909 0.676503181 1 1
__smartatpg_bin_939_1 0 0.00534707587 1.32184601 0 0.429962963 1.79027903 0 0.00916749611 0 0 0 0 0.00581607036 0.120020546 0 0.317649573 0.00650437735 0.56156379 0 0 0 0 0 0 0.630105674 0.278815776 0 0 0.257276803 0 0 0 0.00317862513 0 0 0 0 0 0.829456031 0 0.9628371 0 0.212810755 0 0 0 0 0 0 0 0 0 0 0.247607902 0 0.192030117 0 0 0 0 0 0 0.388883173 0.388480216 0 1 0 0 0 0 0 0 0 0.203703701 0.244650543 0.390522659 0.600460231 0.758230567 1 1
G2222 0 0.00534707587 1.32184601 0 0.429962963 1.79027903 0 0.00916749611 0 0 0 0 0.00581607036 0.120020546 0 0.317649573 0.00650437735 0.56156379 0 0 0 0 0 0 0.630105674 0.278815776 0 0 0.257276803 0 0 0 0.00317862513 0 0 0 0 0 0.829456031 0 0.9628371 0 0.212810755 0 0 0 0 0 0 0 0 0 0 0.247607902 0 0.192030117 0 0 0 0 0 0 0.388883173 0.388480216 0 1 0 0 0 0 0 0 0 0.222222224 0.244650543 0.172655582 0.610565007 0.756278038 1 1
__smartatpg_bin_940_1 0 0.00534707587 1.32184601 0 0.429962963 1.79027903 0 0.00916749611 0 0 0 0 0.00581607036 0.120020546 0 0.317649573 0.00650437735 0.56156379 0 0 0 0 0 0 0.630105674 0.278815776 0 0 0.257276803 0 0 0 0.00317862513 0 0 0 0 0 0.829456031 0 0.9628371 0 0.212810755 0 0 0 0 0 0 0 0 0 0 0.247607902 0 0.192030117 0 0 0 0 0 0 0.388883173 0.388480216 0 1 0 0 0 0 0 0 0 0.203703701 0.244650543 0.390522659 0.600460231 0.758230567 1 1
G2223 0 0.00534707587 1.32184601 0 0.429962963 1.79027903 0 0.00916749611 0 0 0 0 0.00581607036 0.120020546 0 0.317649573 0.00650437735 0.56156379 0 0 0 0 0 0 0.630105674 0.278815776 0 0 0.257276803 0 0 0 0.00317862513 0 0 0 0 0 0.829456031 0 0.9628371 0 0.212810755 0 0 0 0 0 0 0 0 0 0 0.247607902 0 0.192030117 0 0 0 0 0 0 0.388883173 0.388480216 0 1 0 0 0 0 0 0 0 0.222222224 0.244650543 0.172655582 0.610565007 0.756278038 1 1
__smartatpg_bin_941_1 0 0.00534707587 1.32184601 0 0.429962963 1.79027903 0 0.00916749611 0 0 0 0 0.00581607036 0.120020546 0 0.317649573 0.00650437735 0.56156379 0 0 0 0 0 0 0.630105674 0.278815776 0 0 0.257276803 0 0 0 0.00317862513 0 0 0 0 0 0.829456031 0 0.9628371 0 0.212810755 0 0 0 0 0 0 0 0 0 0 0.247607902 0 0.192030117 0 0 0 0 0 0 0.388883173 0.388480216 0 1 0 0 0 0 0 0 0 0.203703701 0.244650543 0.414748639 0.584092498 0.638720512 1 1
G2224 0 0.00534707587 1.32184601 0 0.429962963 1.79027903 0 0.00916749611 0 0 0 0 0.00581607036 0.120020546 0 0.317649573 0.00650437735 0.56156379 0 0 0 0 0 0 0.630105674 0.278815776 0 0 0.257276803 0 0 0 0.00317862513 0 0 0 0 0 0.829456031 0 0.9628371 0 0.212810755 0 0 0 0 0 0 0 0 0 0 0.247607902 0 0.192030117 0 0 0 0 0 0 0.388883173 0.388480216 0 1 0 0 0 0 0 0 0 0.222222224 0.387761921 0.172655582 0.595175803 0.634362519 1 1
__smartatpg_bin_942_1 0 0.00534707587 1.32184601 0 0.429962963 1.79027903 0 0.00916749611 0 0 0 0 0.00581607036 0.120020546 0 0.317649573 0.00650437735 0.56156379 0 0 0 0 0 0 0.630105674 0.278815776 0 0 0.257276803 0 0 0 0.00317862513 0 0 0 0 0 0.829456031 0 0.9628371 0 0.212810755 0 0 0 0 0 0 0 0 0 0 0.247607902 0 0.192030117 0 0 0 0 0 0 0.388883173 0.388480216 0 1 0 0 0 0 0 0 0 0.203703701 0.244650543 0.414748639 0.584092498 0.638720512 1 1
G2227 0 0.00534707587 1.32184601 0 0.429962963 1.79027903 0 0.00916749611 0 0 0 0 0.00581607036 0.120020546 0 0.317649573 0.00650437735 0.56156379 0 0 0 0 0 0 0.630105674 0.278815776 0 0 0.257276803 0 0 0 0.00317862513 0 0 0 0 0 0.829456031 0 0.9628371 0 0.212810755 0 0 0 0 0 0 0 0 0 0 0.247607902 0 0.192030117 0 0 0 0 0 0 0.388883173 0.388480216 0 1 0 0 0 0 0 0 0 0.222222224 0.387761921 0.172655582 0.595175803 0.634362519 1 1
G2373 0 0.00534707587 1.32184601 0 0.429962963 1.79027903 0 0.00916749611 0 0 0 0 0.00581607036 0.120020546 0 0.317649573 0.00650437735 0.56156379 0 0 0 0 0 0 0.630105674 0.278815776 0 0 0.257276803 0 0 0 0.00317862513 0 0 0 0 0 0.829456031 0 0.9628371 0 0.212810755 0 0 0 0 0 0 0 0 0 0 0.247607902 0 0.192030117 0 0 0 0 0 0 0.388883173 0.388480216 0 0 0 1 0 0 0 0 0 0.240740746 0.244650543 0.281589121 0.600460231 0.627579093 1 1
G2374 0 0.00534707587 1.32184601 0 0.429962963 1.79027903 0 0.00916749611 0 0 0 0 0.00581607036 0.120020546 0 0.317649573 0.00650437735 0.56156379 0 0 0 0 0 0 0.630105674 0.278815776 0 0 0.257276803 0 0 0 0.00317862513 0 0 0 0 0 0.829456031 0 0.9628371 0 0.212810755 0 0 0 0 0 0 0 0 0 0 0.247607902 0 0.192030117 0 0 0 0 0 0 0.388883173 0.388480216 0 0 0 0 1 0 0 0 0 0.240740746 0.244650543 0.549503684 0.307701409 0.708032668 1 1
G2459 0 0.00534707587 1.32184601 0 0.429962963 1.79027903 0 0.00916749611 0 0 0 0 0.00581607036 0.120020546 0 0.317649573 0.00650437735 0.56156379 0 0 0 0 0 0 0.630105674 0.278815776 0 0 0.257276803 0 0 0 0.00317862513 0 0 0 0 0 0.829456031 0 0.9628371 0 0.212810755 0 0 0 0 0 0 0 0 0 0 0.247607902 0 0.192030117 0 0 0 0 0 0 0.388883173 0.388480216 0 0 0 0 0 1 0 0 0 0.259259254 0.244650543 0.554195344 0.334173948 0.625248134 1 1
__smartatpg_bin_943_1 0 0.00534707587 1.32184601 0 0.429962963 1.79027903 0 0.00916749611 0 0 0 0 0.00581607036 0.120020546 0 0.317649573 0.00650437735 0.56156379 0 0 0 0 0 0 0.630105674 0.278815776 0 0 0.257276803 0 0 0 0.00317862513 0 0 0 0 0 0.829456031 0 0.9628371 0 0.212810755 0 0 0 0 0 0 0 0 0 0 0.247607902 0 0.192030117 0 0 0 0 0 0 0.388883173 0.388480216 0 1 0 0 0 0 0 0 0 0.203703701 0.244650543 0.390522659 0.600460231 0.723465741 1 1
G2230 0 0.00534707587 1.32184601 0 0.429962963 1.79027903 0 0.00916749611 0 0 0 0 0.00581607036 0.120020546 0 0.317649573 0.00650437735 0.56156379 0 0 0 0 0 0 0.630105674 0.278815776 0 0 0.257276803 0 0 0 0.00317862513 0 0 0 0 0 0.829456031 0 0.9628371 0 0.212810755 0 0 0 0 0 0 0 0 0 0 0.247607902 0 0.192030117 0 0 0 0 0 0 0.388883173 0.388480216 0 1 0 0 0 0 0 0 0 0.222222224 0.244650543 0.172655582 0.610565007 0.721001089 1 1
__smartatpg_bin_944_1 0 0.00534707587 1.32184601 0 0.429962963 1.79027903 0 0.00916749611 0 0 0 0 0.00581607036 0.120020546 0 0.317649573 0.00650437735 0.56156379 0 0 0 0 0 0 0.630105674 0.278815776 0 0 0.257276803 0 0 0 0.00317862513 0 0 0 0 0 0.829456031 0 0.9628371 0 0.212810755 0 0 0 0 0 0 0 0 0 0 0.247607902 0 0.192030117 0 0 0 0 0 0 0.388883173 0.388480216 0 1 0 0 0 0 0 0 0 0.203703701 0.244650543 0.390522659 0.600460231 0.723465741 1 1
G2231 0 0.00534707587 1.32184601 0 0.429962963 1.79027903 0 0.00916749611 0 0 0 0 0.00581607036 0.120020546 0 0.317649573 0.00650437735 0.56156379 0 0 0 0 0 0 0.630105674 0.278815776 0 0 0.257276803 0 0 0 0.00317862513 0 0 0 0 0 0.829456031 0 0.9628371 0 0.212810755 0 0 0 0 0 0 0 0 0 0 0.247607902 0 0.192030117 0 0 0 0 0 0 0.388883173 0.388480216 0 1 0 0 0 0 0 0 0 0.222222224 0.244650543 0.172655582 0.610565007 0.721001089 1 1
__smartatpg_bin_945_1 0 0.00534707587 1.32184601 0 0.429962963 1.79027903 0 0.00916749611 0 0 0 0 0.00581607036 0.120020546 0 0.317649573 0.00650437735 0.56156379 0 0 0 0 0 0 0.630105674 0.278815776 0 0 0.257276803 0 0 0 0.00317862513 0 0 0 0 0 0.829456031 0 0.9628371 0 0.212810755 0 0 0 0 0 0 0 0 0 0 0.247607902 0 0.192030117 0 0 0 0 0 0 0.388883173 0.388480216 0 0 0 1 0 0 0 0 0 0.129629627 0.244650543 0.281589121 0.395426244 0.714656651 1 1
G2232 0 0.00534707587 1.32184601 0 0.429962963 1.79027903 0 0.00916749611 0 0 0 0 0.00581607036 0.120020546 0 0.317649573 0.00650437735 0.56156379 0 0 0 0 0 0 0.630105674 0.278815776 0 0 0.257276803 0 0 0 0.00317862513 0 0 0 0 0 0.829456031 0 0.9628371 0 0.212810755 0 0 0 0 0 0 0 0 0 0 0.247607902 0 0.192030117 0 0 0 0 0 0 0.388883173 0.388480216 0 0 0 1 0 0 0 0 0 0.185185179 0.489301085 0.414748639 0.411793977 0.70391351 1 1
G2401 0 0.00534707587 1.32184601 0 0.429962963 1.79027903 0 0.00916749611 0 0 0 0 0.00581607036 0.120020546 0 0.317649573 0.00650437735 0.56156379 0 0 0 0 0 0 0.630105674 0.278815776 0 0 0.257276803 0 0 0 0.00317862513 0 0 0 0 0 0.829456031 0 0.9628371 0 0.212810755 0 0 0 0 0 0 0 0 0 0 0.247607902 0 0.192030117 0 0 0 0 0 0 0.388883173 0.388480216 0 1 0 0 0 0 0 0 0 0.203703701 0.387761921 0.252935857 0.545771718 0.763940394 1 1
G2494 0 0.00534707587 1.32184601 0 0.429962963 1.79027903 0 0.00916749611 0 0 0 0 0.00581607036 0.120020546 0 0.317649573 0.00650437735 0.56156379 0 0 0 0 0 0 0.630105674 0.278815776 0 0 0.257276803 0 0 0 0.00317862513 0 0 0 0 0 0.829456031 0 0.9628371 0 0.212810755 0 0 0 0 0 0 0 0 0 0 0.247607902 0 0.192030117 0 0 0 0 0 0 0.388883173 0.388480216 0 0 0 0 0 1 0 0 0 0.222222224 0.387761921 0.505871713 0.307701409 0.791971922 1 1
G2497 0 0.00534707587 1.32184601 0 0.429962963 1.79027903 0 0.00916749611 0 0 0 0 0.00581607036 0.120020546 0 0.317649573 0.00650437735 0.56156379 0 0 0 0 0 0 0.630105674 0.278815776 0 0 0.257276803 0 0 0 0.00317862513 0 0 0 0 0 0.829456031 0 0.9628371 0 0.212810755 0 0 0 0 0 0 0 0 0 0 0.247607902 0 0.192030117 0 0 0 0 0 0 0.388883173 0.388480216 0 0 0 0 0 1 0 0 0 0.222222224 0.387761921 0.505871713 0.307701409 0.763003707 1 1
G2536 0 0.00534707587 1.32184601 0 0.429962963 1.79027903 0 0.00916749611 0 0 0 0 0.00581607036 0.120020546 0 0.317649573 0.00650437735 0.56156379 0 0 0 0 0 0 0.630105674 0.278815776 0 0 0.257276803 0 0 0 0.00317862513 0 0 0 0 0 0.829456031 0 0.9628371 0 0.212810755 0 0 0 0 0 0 0 0 0 0 0.247607902 0 0.192030117 0 0 0 0 0 0 0.388883173 0.388480216 0 0 0 0 0 1 0 0 0 0.240740746 0.244650543 0.305815101 0.559517562 0.774747968 1 1
G2537 0 0.00534707587 1.32184601 0 0.429962963 1.79027903 0 0.00916749611 0 0 0 0 0.00581607036 0.120020546 0 0.317649573 0.00650437735 0.56156379 0 0 0 0 0 0 0.630105674 0.278815776 0 0 0.257276803 0 0 0 0.00317862513 0 0 0 0 0 0.829456031 0 0.9628371 0 0.212810755 0 0 0 0 0 0 0 0 0 0 0.247607902 0 0.192030117 0 0 0 0 0 0 0.388883173 0.388480216 0 0 0 0 0 1 0 0 0 0.240740746 0.244650543 0.305815101 0.559517562 0.801723123 1 1
__smartatpg_bin_1030_1 0 0.00534707587 1.32184601 0 0.429962963 1.79027903 0 0.00916749611 0 0 0 0 0.00581607036 0.120020546 0 0.317649573 0.00650437735 0.56156379 0 0 0 0 0 0 0.630105674 0.278815776 0 0 0.257276803 0 0 0 0.00317862513 0 0 0 0 0 0.829456031 0 0.9628371 0 0.212810755 0 0 0 0 0 0 0 0 0 0 0.247607902 0 0.192030117 0 0 0 0 0 0 0.388883173 0.388480216 0 1 0 0 0 0 0 0 0 0.203703701 0.244650543 0.414748639 0.584092498 0.674823403 1 1
G2375 0 0.00534707587 1.32184601 0 0.429962963 1.79027903 0 0.00916749611 0 0 0 0 0.00581607036 0.120020546 0 0.317649573 0.00650437735 0.56156379 0 0 0 0 0 0 0.630105674 0.278815776 0 0 0.257276803 0 0 0 0.00317862513 0 0 0 0 0 0.829456031 0 0.9628371 0 0.212810755 0 0 0 0 0 0 0 0 0 0 0.247607902 0 0.192030117 0 0 0 0 0 0 0.388883173 0.388480216 0 1 0 0 0 0 0 0 0 0.222222224 0.387761921 0.172655582 0.595175803 0.671406448 1 1
__smartatpg_bin_1031_1 0 0.00534707587 1.32184601 0 0.429962963 1.79027903 0 0.00916749611 0 0 0 0 0.00581607036 0.120020546 0 0.317649573 0.00650437735 0.56156379 0 0 0 0 0 0 0.630105674 0.278815776 0 0 0.257276803 0 0 0 0.00317862513 0 0 0 0 0 0.829456031 0 0.9628371 0 0.212810755 0 0 0 0 0 0 0 0 0 0 0.247607902 0 0.192030117 0 0 0 0 0 0 0.388883173 0.388480216 0 1 0 0 0 0 0 0 0 0.203703701 0.244650543 0.414748639 0.584092498 0.674823403 1 1
G2378 0 0.00534707587 1.32184601 0 0.429962963 1.79027903 0 0.00916749611 0 0 0 0 0.00581607036 0.120020546 0 0.317649573 0.00650437735 0.56156379 0 0 0 0 0 0 0.630105674 0.278815776 0 0 0.257276803 0 0 0 0.00317862513 0 0 0 0 0 0.829456031 0 0.9628371 0 0.212810755 0 0 0 0 0 0 0 0 0 0 0.247607902 0 0.192030117 0 0 0 0 0 0 0.388883173 0.388480216 0 1 0 0 0 0 0 0 0 0.222222224 0.387761921 0.172655582 0.595175803 0.671406448 1 1
G2472 0 0.00534707587 1.32184601 0 0.429962963 1.79027903 0 0.00916749611 0 0 0 0 0.00581607036 0.120020546 0 0.317649573 0.00650437735 0.56156379 0 0 0 0 0 0 0.630105674 0.278815776 0 0 0.257276803 0 0 0 0.00317862513 0 0 0 0 0 0.829456031 0 0.9628371 0 0.212810755 0 0 0 0 0 0 0 0 0 0 0.247607902 0 0.192030117 0 0 0 0 0 0 0.388883173 0.388480216 0 0 0 1 0 0 0 0 0 0.240740746 0.387761921 0.281589121 0.600460231 0.666130781 1 1
G2475 0 0.00534707587 1.32184601 0 0.429962963 1.79027903 0 0.00916749611 0 0 0 0 0.00581607036 0.120020546 0 0.317649573 0.00650437735 0.56156379 0 0 0 0 0 0 0.630105674 0.278815776 0 0 0.257276803 0 0 0 0.00317862513 0 0 0 0 0 0.829456031 0 0.9628371 0 0.212810755 0 0 0 0 0 0 0 0 0 0 0.247607902 0 0.192030117 0 0 0 0 0 0 0.388883173 0.388480216 0 0 0 0 1 0 0 0 0 0.240740746 0.244650543 0.549503684 0.307701409 0.731787086 1 1
G2542 0 0.00534707587 1.32184601 0 0.429962963 1.79027903 0 0.00916749611 0 0 0 0 0.00581607036 0.120020546 0 0.317649573 0.00650437735 0.56156379 0 0 0 0 0 0 0.630105674 0.278815776 0 0 0.257276803 0 0 0 0.00317862513 0 0 0 0 0 0.829456031 0 0.9628371 0 0.212810755 0 0 0 0 0 0 0 0 0 0 0.247607902 0 0.192030117 0 0 0 0 0 0 0.388883173 0.388480216 0 1 0 0 0 0 0 0 0 0.259259254 0.244650543 0.305815101 0.620108068 0.794278979 1 1
G2570 0 0.00534707587 1.32184601 0 0.429962963 1.79027903 0 0.00916749611 0 0 0 0 0.00581607036 0.120020546 0 0.317649573 0.00650437735 0.56156379 0 0 0 0 0 0 0.630105674 0.278815776 0 0 0.257276803 0 0 0 0.00317862513 0 0 0 0 0 0.829456031 0 0.9628371 0 0.212810755 0 0 0 0 0 0 0 0 0 0 0.247607902 0 0.192030117 0 0 0 0 0 0 0.388883173 0.388480216 0 0 0 0 0 1 0 0 0 0.277777791 0.244650543 0.571675301 0.357105464 0.793513894 1 1
__smartatpg_bin_946_1 0 0.00534707587 1.32184601 0 0.429962963 1.79027903 0 0.00916749611 0 0 0 0 0.00581607036 0.120020546 0 0.317649573 0.00650437735 0.56156379 0 0 0 0 0 0 0.630105674 0.278815776 0 0 0.257276803 0 0 0 0.00317862513 0 0 0 0 0 0.829456031 0 0.9628371 0 0.212810755 0 0 0 0 0 0 0 0 0 0 0.247607902 0 0.192030117 0 0 0 0 0 0 0.388883173 0.388480216 0 0 0 1 0 0 0 0 0 0.129629627 0.244650543 0.281589121 0.395426244 0.739671946 1 1
G2236 0 0.00534707587 1.32184601 0 0.429962963 1.79027903 0 0.00916749611 0 0 0 0 0.00581607036 0.120020546 0 0.317649573 0.00650437735 0.56156379 0 0 0 0 0 0 0.630105674 0.278815776 0 0 0.257276803 0 0 0 0.00317862513 0 0 0 0 0 0.829456031 0 0.9628371 0 0.212810755 0 0 0 0 0 0 0 0 0 0 0.247607902 0 0.192030117 0 0 0 0 0 0 0.388883173 0.388480216 0 0 0 0 1 0 0 0 0 0.185185179 0.489301085 0.376848131 0.453209102 0.730626166 1 1
G2383 0 0.00534707587 1.32184601 0 0.429962963 1.79027903 0 0.00916749611 0 0 0 0 0.00581607036 0.120020546 0 0.317649573 0.00650437735 0.56156379 0 0 0 0 0 0 0.630105674 0.278815776 0 0 0.257276803 0 0 0 0.00317862513 0 0 0 0 0 0.829456031 0 0.9628371 0 0.212810755 0 0 0 0 0 0 0 0 0 0 0.247607902 0 0.192030117 0 0 0 0 0 0 0.388883173 0.388480216 0 0 0 0 0 1 0 0 0 0.203703701 0.244650543 0.425591439 0.426736563 0.729456186 1 1
__smartatpg_bin_1032_1 0 0.00534707587 1.32184601 0 0.429962963 1.79027903 0 0.00916749611 0 0 0 0 0.00581607036 0.120020546 0 0.317649573 0.00650437735 0.56156379 0 0 0 0 0 0 0.630105674 0.278815776 0 0 0.257276803 0 0 0 0.00317862513 0 0 0 0 0 0.829456031 0 0.9628371 0 0.212810755 0 0 0 0 0 0 0 0 0 0 0.247607902 0 0.192030117 0 0 0 0 0 0 0.388883173 0.388480216 0 1 0 0 0 0 0 0 0 0.203703701 0.244650543 0.390522659 0.600460231 0.74506104 1 1
G2381 0 0.00534707587 1.32184601 0 0.429962963 1.79027903 0 0.00916749611 0 0 0 0 0.00581607036 0.120020546 0 0.317649573 0.00650437735 0.56156379 0 0 0 0 0 0 0.630105674 0.278815776 0 0 0.257276803 0 0 0 0.00317862513 0 0 0 0 0 0.829456031 0 0.9628371 0 0.212810755 0 0 0 0 0 0 0 0 0 0 0.247607902 0 0.192030117 0 0 0 0 0 0 0.388883173 0.388480216 0 1 0 0 0 0 0 0 0 0.222222224 0.244650543 0.172655582 0.610565007 0.742928505 1 1
__smartatpg_bin_1033_1 0 0.00534707587 1.32184601 0 0.429962963 1.79027903 0 0.00916749611 0 0 0 0 0.00581607036 0.120020546 0 0.317649573 0.00650437735 0.56156379 0 0 0 0 0 0 0.630105674 0.278815776 0 0 0.257276803 0 0 0 0.00317862513 0 0 0 0 0 0.829456031 0 0.9628371 0 0.212810755 0 0 0 0 0 0 0 0 0 0 0.247607902 0 0.192030117 0 0 0 0 0 0 0.388883173 0.388480216 0 1 0 0 0 0 0 0 0 0.203703701 0.244650543 0.390522659 0.600460231 0.74506104 1 1
G2382 0 0.00534707587 1.32184601 0 0.429962963 1.79027903 0 0.00916749611 0 0 0 0 0.00581607036 0.120020546 0 0.317649573 0.00650437735 0.56156379 0 0 0 0 0 0 0.630105674 0.278815776 0 0 0.257276803 0 0 0 0.00317862513 0 0 0 0 0 0.829456031 0 0.9628371 0 0.212810755 0 0 0 0 0 0 0 0 0 0 0.247607902 0 0.192030117 0 0 0 0 0 0 0.388883173 0.388480216 0 1 0 0 0 0 0 0 0 0.222222224 0.244650543 0.172655582 0.610565007 0.742928505 1 1
__smartatpg_bin_1074_1 0 0.00534707587 1.32184601 0 0.429962963 1.79027903 0 0.00916749611 0 0 0 0 0.00581607036 0.120020546 0 0.317649573 0.00650437735 0.56156379 0 0 0 0 0 0 0.630105674 0.278815776 0 0 0.257276803 0 0 0 0.00317862513 0 0 0 0 0 0.829456031 0 0.9628371 0 0.212810755 0 0 0 0 0 0 0 0 0 0 0.247607902 0 0.192030117 0 0 0 0 0 0 0.388883173 0.388480216 0 0 0 1 0 0 0 0 0 0.240740746 0.244650543 0.454244703 0.440482408 0.725890636 1 1
G2450 0 0.00534707587 1.32184601 0 0.429962963 1.79027903 0 0.00916749611 0 0 0 0 0.00581607036 0.120020546 0 0.317649573 0.00650437735 0.56156379 0 0 0 0 0 0 0.630105674 0.278815776 0 0 0.257276803 0 0 0 0.00317862513 0 0 0 0 0 0.829456031 0 0.9628371 0 0.212810755 0 0 0 0 0 0 0 0 0 0 0.247607902 0 0.192030117 0 0 0 0 0 0 0.388883173 0.388480216 0 0 0 1 0 0 0 0 0 0.259259254 0.244650543 0.478470683 0.453209102 0.722238481 1 1
G2507 0 0.00534707587 1.32184601 0 0.429962963 1.79027903 0 0.00916749611 0 0 0 0 0.00581607036 0.120020546 0 0.317649573 0.00650437735 0.56156379 0 0 0 0 0 0 0.630105674 0.278815776 0 0 0.257276803 0 0 0 0.00317862513 0 0 0 0 0 0.829456031 0 0.9628371 0 0.212810755 0 0 0 0 0 0 0 0 0 0 0.247607902 0 0.192030117 0 0 0 0 0 0 0.388883173 0.388480216 0 1 0 0 0 0 0 0 0 0.277777791 0.568060994 0.48578167 0.514461398 0.714656651 1 1
G2566 0 0.00534707587 1.32184601 0 0.429962963 1.79027903 0 0.00916749611 0 0 0 0 0.00581607036 0.120020546 0 0.317649573 0.00650437735 0.56156379 0 0 0 0 0 0 0.630105674 0.278815776 0 0 0.257276803 0 0 0 0.00317862513 0 0 0 0 0 0.829456031 0 0.9628371 0 0.212810755 0 0 0 0 0 0 0 0 0 0 0.247607902 0 0.192030117 0 0 0 0 0 0 0.388883173 0.388480216 0 0 0 0 0 1 0 0 0 0.296296299 0.387761921 0.478470683 0.538462877 0.746116042 1 1
G2648 0 0.00534707587 1.32184601 0 0.429962963 1.79027903 0 0.00916749611 0 0 0 0 0.00581607036 0.120020546 0 0.317649573 0.00650437735 0.56156379 0 0 0 0 0 0 0.630105674 0.278815776 0 0 0.257276803 0 0 0 0.00317862513 0 0 0 0 0 0.829456031 0 0.9628371 0 0.212810755 0 0 0 0 0 0 0 0 0 0 0.247607902 0 0.192030117 0 0 0 0 0 0 0.388883173 0.388480216 0 0 0 0 0 1 0 0 0 0.314814806 0.387761921 0.499456197 0.530829132 0.777332664 1 1
G2651 0 0.00534707587 1.32184601 0 0.429962963 1.79027903 0 0.00916749611 0 0 0 0 0.00581607036 0.120020546 0 0.317649573 0.00650437735 0.56156379 0 0 0 0 0 0 0.630105674 0.278815776 0 0 0.257276803 0 0 0 0.00317862513 0 0 0 0 0 0.829456031 0 0.9628371 0 0.212810755 0 0 0 0 0 0 0 0 0 0 0.247607902 0 0.192030117 0 0 0 0 0 0 0.388883173 0.388480216 0 0 0 0 0 1 0 0 0 0.314814806 0.387761921 0.499456197 0.530829132 0.74506104 1 1
G2681 0 0.00534707587 1.32184601 0 0.429962963 1.79027903 0 0.00916749611 0 0 0 0 0.00581607036 0.120020546 0 0.317649573 0.00650437735 0.56156379 0 0 0 0 0 0 0.630105674 0.278815776 0 0 0.257276803 0 0 0 0.00317862513 0 0 0 0 0 0.829456031 0 0.9628371 0 0.212810755 0 0 0 0 0 0 0 0 0 0 0.247607902 0 0.192030117 0 0 0 0 0 0 0.388883173 0.388480216 0 0 1 0 0 0 0 0 0 0.333333343 0.244650543 0.608389735 0.357105464 0.754299879 1 1
G2693 0 0.00534707587 1.32184601 0 0.429962963 1.79027903 0 0.00916749611 0 0 0 0 0.00581607036 0.120020546 0 0.317649573 0.00650437735 0.56156379 0 0 0 0 0 0 0.630105674 0.278815776 0 0 0.257276803 0 0 0 0.00317862513 0 0 0 0 0 0.829456031 0 0.9628371 0 0.212810755 0 0 0 0 0 0 0 0 0 0 0.247607902 0 0.192030117 0 0 0 0 0 0 0.388883173 0.388480216 0 0 0 0 0 1 0 0 0 0.333333343 0.244650543 0.492767632 0.552782178 0.743998587 1 1
G2697 0 0.00534707587 1.32184601 0 0.429962963 1.79027903 0 0.00916749611 0 0 0 0 0.00581607036 0.120020546 0 0.317649573 0.00650437735 0.56156379 0 0 0 0 0 0 0.630105674 0.278815776 0 0 0.257276803 0 0 0 0.00317862513 0 0 0 0 0 0.829456031 0 0.9628371 0 0.212810755 0 0 0 0 0 0 0 0 0 0 0.247607902 0 0.192030117 0 0 0 0 0 0 0.388883173 0.388480216 0 0 0 0 0 1 0 0 0 0.333333343 0.244650543 0.492767632 0.552782178 0.776476026 1 1
G2698 0 0.00534707587 1.32184601 0 0.429962963 1.79027903 0 0.00916749611 0 0 0 0 0.00581607036 0.120020546 0 0.317649573 0.00650437735 0.56156379 0 0 0 0 0 0 0.630105674 0.278815776 0 0 0.257276803 0 0 0 0.00317862513 0 0 0 0 0 0.829456031 0 0.9628371 0 0.212810755 0 0 0 0 0 0 0 0 0 0 0.247607902 0 0.192030117 0 0 0 0 0 0 0.388883173 0.388480216 0 0 1 0 0 0 0 0 0 0.333333343 0.244650543 0.608389735 0.357105464 0.784830391 1 1
G2716 0 0.00534707587 1.32184601 0 0.429962963 1.79027903 0 0.00916749611 0 0 0 0 0.00581607036 0.120020546 0 0.317649573 0.00650437735 0.56156379 0 0 0 0 0 0 0.630105674 0.278815776 0 0 0.257276803 0 0 0 0.00317862513 0 0 0 0 0 0.829456031 0 0.9628371 0 0.212810755 0 0 0 0 0 0 0 0 0 0 0.247607902 0 0.192030117 0 0 0 0 0 0 0.388883173 0.388480216 0 0 1 0 0 0 0 0 0 0.351851851 0.244650543 0.539678156 0.545771718 0.737460971 1 1
G2720 0 0.00534707587 1.32184601 0 0.429962963 1.79027903 0 0.00916749611 0 0 0 0 0.00581607036 0.120020546 0 0.317649573 0.00650437735 0.56156379 0 0 0 0 0 0 0.630105674 0.278815776 0 0 0.257276803 0 0 0 0.00317862513 0 0 0 0 0 0.829456031 0 0.9628371 0 0.212810755 0 0 0 0 0 0 0 0 0 0 0.247607902 0 0.192030117 0 0 0 0 0 0 0.388883173 0.388480216 0 0 1 0 0 0 0 0 0 0.351851851 0.244650543 0.539678156 0.545771718 0.771231055 1 1
G2744 0 0.00534707587 1.32184601 0 0.429962963 1.79027903 0 0.00916749611 0 0 0 0 0.00581607036 0.120020546 0 0.317649573 0.00650437735 0.56156379 0 0 0 0 0 0 0.630105674 0.278815776 0 0 0.257276803 0 0 0 0.00317862513 0 0 0 0 0 0.829456031 0 0.9628371 0 0.212810755 0 0 0 0 0 0 0 0 0 0 0.247607902 0 0.192030117 0 0 0 0 0 0 0.388883173 0.388480216 0 0 1 0 0 0 0 0 0 0.370370358 0.244650543 0.544667721 0.595175803 0.728277028 1 1
G2768 0 0.00534707587 1.32184601 0 0.429962963 1.79027903 0 0.00916749611 0 0 0 0 0.00581607036 0.120020546 0 0.317649573 0.00650437735 0.56156379 0 0 0 0 0 0 0.630105674 0.278815776 0 0 0.257276803 0 0 0 0.00317862513 0 0 0 0 0 0.829456031 0 0.9628371 0 0.212810755 0 0 0 0 0 0 0 0 0 0 0.247607902 0 0.192030117 0 0 0 0 0 0 0.388883173 0.388480216 0 0 1 0 0 0 0 0 0 0.370370358 0.568060994 0.544667721 0.595175803 0.763940394 1 1
G2792 0 0.00534707587 1.32184601 0 0.429962963 1.79027903 0 0.00916749611 0 0 0 0 0.00581607036 0.120020546 0 0.317649573 0.00650437735 0.56156379 0 0 0 0 0 0 0.630105674 0.278815776 0 0 0.257276803 0 0 0 0.00317862513 0 0 0 0 0 0.829456031 0 0.9628371 0 0.212810755 0 0 0 0 0 0 0 0 0 0 0.247607902 0 0.192030117 0 0 0 0 0 0 0.388883173 0.388480216 0 0 0 0 0 1 0 0 0 0.388888896 0.244650543 0.549503684 0.600460231 0.727088571 1 1
G2810 0 0.00534707587 1.32184601 0 0.429962963 1.79027903 0 0.00916749611 0 0 0 0 0.00581607036 0.120020546 0 0.317649573 0.00650437735 0.56156379 0 0 0 0 0 0 0.630105674 0.278815776 0 0 0.257276803 0 0 0 0.00317862513 0 0 0 0 0 0.829456031 0 0.9628371 0 0.212810755 0 0 0 0 0 0 0 0 0 0 0.247607902 0 0.192030117 0 0 0 0 0 0 0.388883173 0.388480216 0 1 0 0 0 0 0 0 0 0.407407403 0.244650543 0.281589121 0.649864316 0.713355005 1 1
G2863 0 0.00534707587 1.32184601 0 0.429962963 1.79027903 0 0.00916749611 0 0 0 0 0.00581607036 0.120020546 0 0.317649573 0.00650437735 0.56156379 0 0 0 0 0 0 0.630105674 0.278815776 0 0 0.257276803 0 0 0 0.00317862513 0 0 0 0 0 0.829456031 0 0.9628371 0 0.212810755 0 0 0 0 0 0 0 0 0 0 0.247607902 0 0.192030117 0 0 0 0 0 0 0.388883173 0.388480216 0 0 0 0 0 1 0 0 0 0.388888896 0.387761921 0.549503684 0.600460231 0.763003707 1 1
G2938 0 0.00534707587 1.32184601 0 0.429962963 1.79027903 0 0.00916749611 0 0 0 0 0.00581607036 0.120020546 0 0.317649573 0.00650437735 0.56156379 0 0 0 0 0 0 0.630105674 0.278815776 0 0 0.257276803 0 0 0 0.00317862513 0 0 0 0 0 0.829456031 0 0.9628371 0 0.212810755 0 0 0 0 0 0 0 0 0 0 0.247607902 0 0.192030117 0 0 0 0 0 0 0.388883173 0.388480216 0 0 0 0 0 1 0 0 0 0.407407403 0.244650543 0.554195344 0.605586946 0.763003707 1 1
__smartatpg_bin_947_1 0 0.00534707587 1.32184601 0 0.429962963 1.79027903 0 0.00916749611 0 0 0 0 0.00581607036 0.120020546 0 0.317649573 0.00650437735 0.56156379 0 0 0 0 0 0 0.630105674 0.278815776 0 0 0.257276803 0 0 0 0.00317862513 0 0 0 0 0 0.829456031 0 0.9628371 0 0.212810755 0 0 0 0 0 0 0 0 0 0 0.247607902 0 0.192030117 0 0 0 0 0 0 0.388883173 0.388480216 0 1 0 0 0 0 0 0 0 0.203703701 0.244650543 0.414748639 0.584092498 0.66790998 1 1
G2240 0 0.00534707587 1.32184601 0 0.429962963 1.79027903 0 0.00916749611 0 0 0 0 0.00581607036 0.120020546 0 0.317649573 0.00650437735 0.56156379 0 0 0 0 0 0 0.630105674 0.278815776 0 0 0.257276803 0 0 0 0.00317862513 0 0 0 0 0 0.829456031 0 0.9628371 0 0.212810755 0 0 0 0 0 0 0 0 0 0 0.247607902 0 0.192030117 0 0 0 0 0 0 0.388883173 0.388480216 0 1 0 0 0 0 0 0 0 0.222222224 0.387761921 0.172655582 0.595175803 0.664330304 1 1
__smartatpg_bin_948_1 0 0.00534707587 1.32184601 0 0.429962963 1.79027903 0 0.00916749611 0 0 0 0 0.00581607036 0.120020546 0 0.317649573 0.00650437735 0.56156379 0 0 0 0 0 0 0.630105674 0.278815776 0 0 0.257276803 0 0 0 0.00317862513 0 0 0 0 0 0.829456031 0 0.9628371 0 0.212810755 0 0 0 0 0 0 0 0 0 0 0.247607902 0 0.192030117 0 0 0 0 0 0 0.388883173 0.388480216 0 1 0 0 0 0 0 0 0 0.203703701 0.244650543 0.414748639 0.584092498 0.66790998 1 1
G2243 0 0.00534707587 1.32184601 0 0.429962963 1.79027903 0 0.00916749611 0 0 0 0 0.00581607036 0.120020546 0 0.317649573 0.00650437735 0.56156379 0 0 0 0 0 0 0.630105674 0.278815776 0 0 0.257276803 0 0 0 0.00317862513 0 0 0 0 0 0.829456031 0 0.9628371 0 0.212810755 0 0 0 0 0 0 0 0 0 0 0.247607902 0 0.192030117 0 0 0 0 0 0 0.388883173 0.388480216 0 1 0 0 0 0 0 0 0 0.222222224 0.387761921 0.172655582 0.595175803 0.664330304 1 1
G2384 0 0.00534707587 1.32184601 0 0.429962963 1.79027903 0 0.00916749611 0 0 0 0 0.00581607036 0.120020546 0 0.317649573 0.00650437735 0.56156379 0 0 0 0 0 0 0.630105674 0.278815776 0 0 0.257276803 0 0 0 0.00317862513 0 0 0 0 0 0.829456031 0 0.9628371 0 0.212810755 0 0 0 0 0 0 0 0 0 0 0.247607902 0 0.192030117 0 0 0 0 0 0 0.388883173 0.388480216 0 0 0 1 0 0 0 0 0 0.240740746 0.387761921 0.281589121 0.600460231 0.658795655 1 1
G2387 0 0.00534707587 1.32184601 0 0.429962963 1.79027903 0 0.00916749611 0 0 0 0 0.00581607036 0.120020546 0 0.317649573 0.00650437735 0.56156379 0 0 0 0 0 0 0.630105674 0.278815776 0 0 0.257276803 0 0 0 0.00317862513 0 0 0 0 0 0.829456031 0 0.9628371 0 0.212810755 0 0 0 0 0 0 0 0 0 0 0.247607902 0 0.192030117 0 0 0 0 0 0 0.388883173 0.388480216 0 0 0 0 1 0 0 0 0 0.240740746 0.244650543 0.549503684 0.307701409 0.674823403 1 1
G2482 0 0.00534707587 1.32184601 0 0.429962963 1.79027903 0 0.00916749611 0 0 0 0 0.00581607036 0.120020546 0 0.317649573 0.00650437735 0.56156379 0 0 0 0 0 0 0.630105674 0.278815776 0 0 0.257276803 0 0 0 0.00317862513 0 0 0 0 0 0.829456031 0 0.9628371 0 0.212810755 0 0 0 0 0 0 0 0 0 0 0.247607902 0 0.192030117 0 0 0 0 0 0 0.388883173 0.388480216 0 1 0 0 0 0 0 0 0 0.259259254 0.387761921 0.305815101 0.620108068 0.651084185 1 1
G2829 0 0.00534707587 1.32184601 0 0.429962963 1.79027903 0 0.00916749611 0 0 0 0 0.00581607036 0.120020546 0 0.317649573 0.00650437735 0.56156379 0 0 0 0 0 0 0.630105674 0.278815776 0 0 0.257276803 0 0 0 0.00317862513 0 0 0 0 0 0.829456031 0 0.9628371 0 0.212810755 0 0 0 0 0 0 0 0 0 0 0.247607902 0 0.192030117 0 0 0 0 0 0 0.388883173 0.388480216 0 0 1 0 0 0 0 0 0 0.388888896 0.244650543 0.665423214 0.357105464 0.793513894 1 1
__smartatpg_bin_1129_1 0 0.00534707587 1.32184601 0 0.429962963 1.79027903 0 0.00916749611 0 0 0 0 0.00581607036 0.120020546 0 0.317649573 0.00650437735 0.56156379 0 0 0 0 0 0 0.630105674 0.278815776 0 0 0.257276803 0 0 0 0.00317862513 0 0 0 0 0 0.829456031 0 0.9628371 0 0.212810755 0 0 0 0 0 0 0 0 0 0 0.247607902 0 0.192030117 0 0 0 0 0 0 0.388883173 0.388480216 0 1 0 0 0 0 0 0 0 0.296296299 0.244650543 0.305815101 0.681823909 0.664330304 1 1
__smartatpg_bin_949_1 0 0.00534707587 1.32184601 0 0.429962963 1.79027903 0 0.00916749611 0 0 0 0 0.00581607036 0.120020546 0 0.317649573 0.00650437735 0.56156379 0 0 0 0 0 0 0.630105674 0.278815776 0 0 0.257276803 0 0 0 0.00317862513 0 0 0 0 0 0.829456031 0 0.9628371 0 0.212810755 0 0 0 0 0 0 0 0 0 0 0.247607902 0 0.192030117 0 0 0 0 0 0 0.388883173 0.388480216 0 1 0 0 0 0 0 0 0 0.203703701 0.244650543 0.390522659 0.600460231 0.693839073 1 1
G2246 0 0.00534707587 1.32184601 0 0.429962963 1.79027903 0 0.00916749611 0 0 0 0 0.00581607036 0.120020546 0 0.317649573 0.00650437735 0.56156379 0 0 0 0 0 0 0.630105674 0.278815776 0 0 0.257276803 0 0 0 0.00317862513 0 0 0 0 0 0.829456031 0 0.9628371 0 0.212810755 0 0 0 0 0 0 0 0 0 0 0.247607902 0 0.192030117 0 0 0 0 0 0 0.388883173 0.388480216 0 1 0 0 0 0 0 0 0 0.222222224 0.244650543 0.172655582 0.610565007 0.690832198 1 1
__smartatpg_bin_950_1 0 0.00534707587 1.32184601 0 0.429962963 1.79027903 0 0.00916749611 0 0 0 0 0.00581607036 0.120020546 0 0.317649573 0.00650437735 0.56156379 0 0 0 0 0 0 0.630105674 0.278815776 0 0 0.257276803 0 0 0 0.00317862513 0 0 0 0 0 0.829456031 0 0.9628371 0 0.212810755 0 0 0 0 0 0 0 0 0 0 0.247607902 0 0.192030117 0 0 0 0 0 0 0.388883173 0.388480216 0 1 0 0 0 0 0 0 0 0.203703701 0.244650543 0.390522659 0.600460231 0.693839073 1 1
G2247 0 0.00534707587 1.32184601 0 0.429962963 1.79027903 0 0.00916749611 0 0 0 0 0.00581607036 0.120020546 0 0.317649573 0.00650437735 0.56156379 0 0 0 0 0 0 0.630105674 0.278815776 0 0 0.257276803 0 0 0 0.00317862513 0 0 0 0 0 0.829456031 0 0.9628371 0 0.212810755 0 0 0 0 0 0 0 0 0 0 0.247607902 0 0.192030117 0 0 0 0 0 0 0.388883173 0.388480216 0 1 0 0 0 0 0 0 0 0.222222224 0.244650543 0.172655582 0.610565007 0.690832198 1 1
__smartatpg_bin_951_1 0 0.00534707587 1.32184601 0 0.429962963 1.79027903 0 0.00916749611 0 0 0 0 0.00581607036 0.120020546 0 0.317649573 0.00650437735 0.56156379 0 0 0 0 0 0 0.630105674 0.278815776 0 0 0.257276803 0 0 0 0.00317862513 0 0 0 0 0 0.829456031 0 0.9628371 0 0.212810755 0 0 0 0 0 0 0 0 0 0 0.247607902 0 0.192030117 0 0 0 0 0 0 0.388883173 0.388480216 0 1 0 0 0 0 0 0 0 0.203703701 0.244650543 0.414748639 0.584092498 0.679807544 1 1
G2248 0 0.00534707587 1.32184601 0 0.429962963 1.79027903 0 0.00916749611 0 0 0 0 0.00581607036 0.120020546 0 0.317649573 0.00650437735 0.56156379 0 0 0 0 0 0 0.630105674 0.278815776 0 0 0.257276803 0 0 0 0.00317862513 0 0 0 0 0 0.829456031 0 0.9628371 0 0.212810755 0 0 0 0 0 0 0 0 0 0 0.247607902 0 0.192030117 0 0 0 0 0 0 0.388883173 0.388480216 0 1 0 0 0 0 0 0 0 0.222222224 0.387761921 0.172655582 0.595175803 0.676503181 1 1
__smartatpg_bin_952_1 0 0.00534707587 1.32184601 0 0.429962963 1.79027903 0 0.00916749611 0 0 0 0 0.00581607036 0.120020546 0 0.317649573 0.00650437735 0.56156379 0 0 0 0 0 0 0.630105674 0.278815776 0 0 0.257276803 0 0 0 0.00317862513 0 0 0 0 0 0.829456031 0 0.9628371 0 0.212810755 0 0 0 0 0 0 0 0 0 0 0.247607902 0 0.192030117 0 0 0 0 0 0 0.388883173 0.388480216 0 1 0 0 0 0 0 0 0 0.203703701 0.244650543 0.414748639 0.584092498 0.679807544 1 1
G2251 0 0.00534707587 1.32184601 0 0.429962963 1.79027903 0 0.00916749611 0 0 0 0 0.00581607036 0.120020546 0 0.317649573 0.00650437735 0.56156379 0 0 0 0 0 0 0.630105674 0.278815776 0 0 0.257276803 0 0 0 0.00317862513 0 0 0 0 0 0.829456031 0 0.9628371 0 0.212810755 0 0 0 0 0 0 0 0 0 0 0.247607902 0 0.192030117 0 0 0 0 0 0 0.388883173 0.388480216 0 1 0 0 0 0 0 0 0 0.222222224 0.387761921 0.172655582 0.595175803 0.676503181 1 1
G2388 0 0.00534707587 1.32184601 0 0.429962963 1.79027903 0 0.00916749611 0 0 0 0 0.00581607036 0.120020546 0 0.317649573 0.00650437735 0.56156379 0 0 0 0 0 0 0.630105674 0.278815776 0 0 0.257276803 0 0 0 0.00317862513 0 0 0 0 0 0.829456031 0 0.9628371 0 0.212810755 0 0 0 0 0 0 0 0 0 0 0.247607902 0 0.192030117 0 0 0 0 0 0 0.388883173 0.388480216 0 0 0 1 0 0 0 0 0 0.240740746 0.387761921 0.281589121 0.600460231 0.671406448 1 1
G2391 0 0.00534707587 1.32184601 0 0.429962963 1.79027903 0 0.00916749611 0 0 0 0 0.00581607036 0.120020546 0 0.317649573 0.00650437735 0.56156379 0 0 0 0 0 0 0.630105674 0.278815776 0 0 0.257276803 0 0 0 0.00317862513 0 0 0 0 0 0.829456031 0 0.9628371 0 0.212810755 0 0 0 0 0 0 0 0 0 0 0.247607902 0 0.192030117 0 0 0 0 0 0 0.388883173 0.388480216 0 0 0 0 1 0 0 0 0 0.240740746 0.244650543 0.549503684 0.307701409 0.743998587 1 1
G2485 0 0.00534707587 1.32184601 0 0.429962963 1.79027903 0 0.00916749611 0 0 0 0 0.00581607036 0.120020546 0 0.317649573 0.00650437735 0.56156379 0 0 0 0 0 0 0.630105674 0.278815776 0 0 0.257276803 0 0 0 0.00317862513 0 0 0 0 0 0.829456031 0 0.9628371 0 0.212810755 0 0 0 0 0 0 0 0 0 0 0.247607902 0 0.192030117 0 0 0 0 0 0 0.388883173 0.388480216 0 1 0 0 0 0 0 0 0 0.259259254 0.387761921 0.305815101 0.620108068 0.664330304 1 1
G2543 0 0.00534707587 1.32184601 0 0.429962963 1.79027903 0 0.00916749611 0 0 0 0 0.00581607036 0.120020546 0 0.317649573 0.00650437735 0.56156379 0 0 0 0 0 0 0.630105674 0.278815776 0 0 0.257276803 0 0 0 0.00317862513 0 0 0 0 0 0.829456031 0 0.9628371 0 0.212810755 0 0 0 0 0 0 0 0 0 0 0.247607902 0 0.192030117 0 0 0 0 0 0 0.388883173 0.388480216 0 0 0 0 0 1 0 0 0 0.277777791 0.387761921 0.571675301 0.357105464 0.662507951 1 1
G2547 0 0.00534707587 1.32184601 0 0.429962963 1.79027903 0 0.00916749611 0 0 0 0 0.00581607036 0.120020546 0 0.317649573 0.00650437735 0.56156379 0 0 0 0 0 0 0.630105674 0.278815776 0 0 0.257276803 0 0 0 0.00317862513 0 0 0 0 0 0.829456031 0 0.9628371 0 0.212810755 0 0 0 0 0 0 0 0 0 0 0.247607902 0 0.192030117 0 0 0 0 0 0 0.388883173 0.388480216 0 0 0 0 0 1 0 0 0 0.277777791 0.387761921 0.571675301 0.357105464 0.735217035 1 1
G2613 0 0.00534707587 1.32184601 0 0.429962963 1.79027903 0 0.00916749611 0 0 0 0 0.00581607036 0.120020546 0 0.317649573 0.00650437735 0.56156379 0 0 0 0 0 0 0.630105674 0.278815776 0 0 0.257276803 0 0 0 0.00317862513 0 0 0 0 0 0.829456031 0 0.9628371 0 0.212810755 0 0 0 0 0 0 0 0 0 0 0.247607902 0 0.192030117 0 0 0 0 0 0 0.388883173 0.388480216 0 0 0 0 0 1 0 0 0 0.296296299 0.244650543 0.345311165 0.629148662 0.760158062 1 1
__smartatpg_bin_1130_1 0 0.00534707587 1.32184601 0 0.429962963 1.79027903 0 0.00916749611 0 0 0 0 0.00581607036 0.120020546 0 0.317649573 0.00650437735 0.56156379 0 0 0 0 0 0 0.630105674 0.278815776 0 0 0.257276803 0 0 0 0.00317862513 0 0 0 0 0 0.829456031 0 0.9628371 0 0.212810755 0 0 0 0 0 0 0 0 0 0 0.247607902 0 0.192030117 0 0 0 0 0 0 0.388883173 0.388480216 0 1 0 0 0 0 0 0 0 0.296296299 0.244650543 0.305815101 0.681823909 0.696787 1 1
__smartatpg_bin_953_1 0 0.00534707587 1.32184601 0 0.429962963 1.79027903 0 0.00916749611 0 0 0 0 0.00581607036 0.120020546 0 0.317649573 0.00650437735 0.56156379 0 0 0 0 0 0 0.630105674 0.278815776 0 0 0.257276803 0 0 0 0.00317862513 0 0 0 0 0 0.829456031 0 0.9628371 0 0.212810755 0 0 0 0 0 0 0 0 0 0 0.247607902 0 0.192030117 0 0 0 0 0 0 0.388883173 0.388480216 0 1 0 0 0 0 0 0 0 0.203703701 0.244650543 0.390522659 0.600460231 0.756278038 1 1
G2254 0 0.00534707587 1.32184601 0 0.429962963 1.79027903 0 0.00916749611 0 0 0 0 0.00581607036 0.120020546 0 0.317649573 0.00650437735 0.56156379 0 0 0 0 0 0 0.630105674 0.278815776 0 0 0.257276803 0 0 0 0.00317862513 0 0 0 0 0 0.829456031 0 0.9628371 0 0.212810755 0 0 0 0 0 0 0 0 0 0 0.247607902 0 0.192030117 0 0 0 0 0 0 0.388883173 0.388480216 0 1 0 0 0 0 0 0 0 0.222222224 0.244650543 0.172655582 0.610565007 0.754299879 1 1
__smartatpg_bin_954_1 0 0.00534707587 1.32184601 0 0.429962963 1.79027903 0 0.00916749611 0 0 0 0 0.00581607036 0.120020546 0 0.317649573 0.00650437735 0.56156379 0 0 0 0 0 0 0.630105674 0.278815776 0 0 0.257276803 0 0 0 0.00317862513 0 0 0 0 0 0.829456031 0 0.9628371 0 0.212810755 0 0 0 0 0 0 0 0 0 0 0.247607902 0 0.192030117 0 0 0 0 0 0 0.388883173 0.388480216 0 1 0 0 0 0 0 0 0 0.203703701 0.244650543 0.390522659 0.600460231 0.756278038 1 1
G2255 0 0.00534707587 1.32184601 0 0.429962963 1.79027903 0 0.00916749611 0 0 0 0 0.00581607036 0.120020546 0 0.317649573 0.00650437735 0.56156379 0 0 0 0 0 0 0.630105674 0.278815776 0 0 0.257276803 0 0 0 0.00317862513 0 0 0 0 0 0.829456031 0 0.9628371 0 0.212810755 0 0 0 0 0 0 0 0 0 0 0.247607902 0 0.192030117 0 0 0 0 0 0 0.388883173 0.388480216 0 1 0 0 0 0 0 0 0 0.222222224 0.244650543 0.172655582 0.610565007 0.754299879 1 1
__smartatpg_bin_975_1 0 0.00534707587 1.32184601 0 0.429962963 1.79027903 0 0.00916749611 0 0 0 0 0.00581607036 0.120020546 0 0.317649573 0.00650437735 0.56156379 0 0 0 0 0 0 0.630105674 0.278815776 0 0 0.257276803 0 0 0 0.00317862513 0 0 0 0 0 0.829456031 0 0.9628371 0 0.212810755 0 0 0 0 0 0 0 0 0 0 0.247607902 0 0.192030117 0 0 0 0 0 0 0.388883173 0.388480216 0 0 0 1 0 0 0 0 0 0.129629627 0.244650543 0.345311165 0.426736563 0.737460971 1 1
G2312 0 0.00534707587 1.32184601 0 0.429962963 1.79027903 0 0.00916749611 0 0 0 0 0.00581607036 0.120020546 0 0.317649573 0.00650437735 0.56156379 0 0 0 0 0 0 0.630105674 0.278815776 0 0 0.257276803 0 0 0 0.00317862513 0 0 0 0 0 0.829456031 0 0.9628371 0 0.212810755 0 0 0 0 0 0 0 0 0 0 0.247607902 0 0.192030117 0 0 0 0 0 0 0.388883173 0.388480216 0 0 0 1 0 0 0 0 0 0.185185179 0.244650543 0.425591439 0.440482408 0.730626166 1 1
G2353 0 0.00534707587 1.32184601 0 0.429962963 1.79027903 0 0.00916749611 0 0 0 0 0.00581607036 0.120020546 0 0.317649573 0.00650437735 0.56156379 0 0 0 0 0 0 0.630105674 0.278815776 0 0 0.257276803 0 0 0 0.00317862513 0 0 0 0 0 0.829456031 0 0.9628371 0 0.212810755 0 0 0 0 0 0 0 0 0 0 0.247607902 0 0.192030117 0 0 0 0 0 0 0.388883173 0.388480216 0 1 0 0 0 0 0 0 0 0.203703701 0.244650543 0.305815101 0.572244227 0.712041974 1 1
__smartatpg_bin_1296_1 0 0.00534707587 1.32184601 0 0.429962963 1.79027903 0 0.00916749611 0 0 0 0 0.00581607036 0.120020546 0 0.317649573 0.00650437735 0.56156379 0 0 0 0 0 0 0.630105674 0.278815776 0 0 0.257276803 0 0 0 0.00317862513 0 0 0 0 0 0.829456031 0 0.9628371 0 0.212810755 0 0 0 0 0 0 0 0 0 0 0.247607902 0 0.192030117 0 0 0 0 0 0 0.388883173 0.388480216 0 0 0 1 0 0 0 0 0 0.42592594 0.244650543 0.40310201 0.578270555 0.70391351 1 1
G2876 0 0.00534707587 1.32184601 0 0.429962963 1.79027903 0 0.00916749611 0 0 0 0 0.00581607036 0.120020546 0 0.317649573 0.00650437735 0.56156379 0 0 0 0 0 0 0.630105674 0.278815776 0 0 0.257276803 0 0 0 0.00317862513 0 0 0 0 0 0.829456031 0 0.9628371 0 0.212810755 0 0 0 0 0 0 0 0 0 0 0.247607902 0 0.192030117 0 0 0 0 0 0 0.388883173 0.388480216 0 0 0 0 1 0 0 0 0 0.444444448 0.244650543 0.534524977 0.552782178 0.686205924 1 1
G2929 0 0.00534707587 1.32184601 0 0.429962963 1.79027903 0 0.00916749611 0 0 0 0 0.00581607036 0.120020546 0 0.317649573 0.00650437735 0.56156379 0 0 0 0 0 0 0.630105674 0.278815776 0 0 0.257276803 0 0 0 0.00317862513 0 0 0 0 0 0.829456031 0 0.9628371 0 0.212810755 0 0 0 0 0 0 0 0 0 0 0.247607902 0 0.192030117 0 0 0 0 0 0 0.388883173 0.388480216 0 1 0 0 0 0 0 0 0 0.462962955 0.387761921 0.281589121 0.657498062 0.649092913 1 1
__smartatpg_bin_993_1 0 0.00534707587 1.32184601 0 0.429962963 1.79027903 0 0.00916749611 0 0 0 0 0.00581607036 0.120020546 0 0.317649573 0.00650437735 0.56156379 0 0 0 0 0 0 0.630105674 0.278815776 0 0 0.257276803 0 0 0 0.00317862513 0 0 0 0 0 0.829456031 0 0.9628371 0 0.212810755 0 0 0 0 0 0 0 0 0 0 0.247607902 0 0.192030117 0 0 0 0 0 0 0.388883173 0.388480216 0 0 0 1 0 0 0 0 0 0.240740746 0.244650543 0.454244703 0.440482408 0.681432843 1 1
G2330 0 0.00534707587 1.32184601 0 0.429962963 1.79027903 0 0.00916749611 0 0 0 0 0.00581607036 0.120020546 0 0.317649573 0.00650437735 0.56156379 0 0 0 0 0 0 0.630105674 0.278815776 0 0 0.257276803 0 0 0 0.00317862513 0 0 0 0 0 0.829456031 0 0.9628371 0 0.212810755 0 0 0 0 0 0 0 0 0 0 0.247607902 0 0.192030117 0 0 0 0 0 0 0.388883173 0.388480216 0 0 0 1 0 0 0 0 0 0.259259254 0.244650543 0.478470683 0.453209102 0.676503181 1 1
G2430 0 0.00534707587 1.32184601 0 0.429962963 1.79027903 0 0.00916749611 0 0 0 0 0.00581607036 0.120020546 0 0.317649573 0.00650437735 0.56156379 0 0 0 0 0 0 0.630105674 0.278815776 0 0 0.257276803 0 0 0 0.00317862513 0 0 0 0 0 0.829456031 0 0.9628371 0 0.212810755 0 0 0 0 0 0 0 0 0 0 0.247607902 0 0.192030117 0 0 0 0 0 0 0.388883173 0.388480216 0 1 0 0 0 0 0 0 0 0.277777791 0.632412493 0.48578167 0.514461398 0.666130781 1 1
G2512 0 0.00534707587 1.32184601 0 0.429962963 1.79027903 0 0.00916749611 0 0 0 0 0.00581607036 0.120020546 0 0.317649573 0.00650437735 0.56156379 0 0 0 0 0 0 0.630105674 0.278815776 0 0 0.257276803 0 0 0 0.00317862513 0 0 0 0 0 0.829456031 0 0.9628371 0 0.212810755 0 0 0 0 0 0 0 0 0 0 0.247607902 0 0.192030117 0 0 0 0 0 0 0.388883173 0.388480216 0 0 0 0 0 1 0 0 0 0.296296299 0.387761921 0.478470683 0.538462877 0.735217035 1 1
G2532 0 0.00534707587 1.32184601 0 0.429962963 1.79027903 0 0.00916749611 0 0 0 0 0.00581607036 0.120020546 0 0.317649573 0.00650437735 0.56156379 0 0 0 0 0 0 0.630105674 0.278815776 0 0 0.257276803 0 0 0 0.00317862513 0 0 0 0 0 0.829456031 0 0.9628371 0 0.212810755 0 0 0 0 0 0 0 0 0 0 0.247607902 0 0.192030117 0 0 0 0 0 0 0.388883173 0.388480216 0 0 1 0 0 0 0 0 0 0.296296299 0.244650543 0.623962641 0.334173948 0.591112256 1 1
G2556 0 0.00534707587 1.32184601 0 0.429962963 1.79027903 0 0.00916749611 0 0 0 0 0.00581607036 0.120020546 0 0.317649573 0.00650437735 0.56156379 0 0 0 0 0 0 0.630105674 0.278815776 0 0 0.257276803 0 0 0 0.00317862513 0 0 0 0 0 0.829456031 0 0.9628371 0 0.212810755 0 0 0 0 0 0 0 0 0 0 0.247607902 0 0.192030117 0 0 0 0 0 0 0.388883173 0.388480216 0 0 1 0 0 0 0 0 0 0.314814806 0.244650543 0.674279511 0.357105464 0.588135123 1 1
G2571 0 0.00534707587 1.32184601 0 0.429962963 1.79027903 0 0.00916749611 0 0 0 0 0.00581607036 0.120020546 0 0.317649573 0.00650437735 0.56156379 0 0 0 0 0 0 0.630105674 0.278815776 0 0 0.257276803 0 0 0 0.00317862513 0 0 0 0 0 0.829456031 0 0.9628371 0 0.212810755 0 0 0 0 0 0 0 0 0 0 0.247607902 0 0.192030117 0 0 0 0 0 0 0.388883173 0.388480216 0 0 0 0 0 1 0 0 0 0.314814806 0.387761921 0.499456197 0.530829132 0.774747968 1 1
G2574 0 0.00534707587 1.32184601 0 0.429962963 1.79027903 0 0.00916749611 0 0 0 0 0.00581607036 0.120020546 0 0.317649573 0.00650437735 0.56156379 0 0 0 0 0 0 0.630105674 0.278815776 0 0 0.257276803 0 0 0 0.00317862513 0 0 0 0 0 0.829456031 0 0.9628371 0 0.212810755 0 0 0 0 0 0 0 0 0 0 0.247607902 0 0.192030117 0 0 0 0 0 0 0.388883173 0.388480216 0 0 0 0 0 1 0 0 0 0.314814806 0.387761921 0.499456197 0.530829132 0.734082401 1 1
G2614 0 0.00534707587 1.32184601 0 0.429962963 1.79027903 0 0.00916749611 0 0 0 0 0.00581607036 0.120020546 0 0.317649573 0.00650437735 0.56156379 0 0 0 0 0 0 0.630105674 0.278815776 0 0 0.257276803 0 0 0 0.00317862513 0 0 0 0 0 0.829456031 0 0.9628371 0 0.212810755 0 0 0 0 0 0 0 0 0 0 0.247607902 0 0.192030117 0 0 0 0 0 0 0.388883173 0.388480216 0 0 1 0 0 0 0 0 0 0.333333343 0.244650543 0.60170114 0.334173948 0.746116042 1 1
G2623 0 0.00534707587 1.32184601 0 0.429962963 1.79027903 0 0.00916749611 0 0 0 0 0.00581607036 0.120020546 0 0.317649573 0.00650437735 0.56156379 0 0 0 0 0 0 0.630105674 0.278815776 0 0 0.257276803 0 0 0 0.00317862513 0 0 0 0 0 0.829456031 0 0.9628371 0 0.212810755 0 0 0 0 0 0 0 0 0 0 0.247607902 0 0.192030117 0 0 0 0 0 0 0.388883173 0.388480216 0 0 0 0 0 1 0 0 0 0.333333343 0.244650543 0.492767632 0.552782178 0.732939124 1 1
G2638 0 0.00534707587 1.32184601 0 0.429962963 1.79027903 0 0.00916749611 0 0 0 0 0.00581607036 0.120020546 0 0.317649573 0.00650437735 0.56156379 0 0 0 0 0 0 0.630105674 0.278815776 0 0 0.257276803 0 0 0 0.00317862513 0 0 0 0 0 0.829456031 0 0.9628371 0 0.212810755 0 0 0 0 0 0 0 0 0 0 0.247607902 0 0.192030117 0 0 0 0 0 0 0.388883173 0.388480216 0 0 0 0 0 1 0 0 0 0.333333343 0.244650543 0.492767632 0.552782178 0.773876369 1 1
G2639 0 0.00534707587 1.32184601 0 0.429962963 1.79027903 0 0.00916749611 0 0 0 0 0.00581607036 0.120020546 0 0.317649573 0.00650437735 0.56156379 0 0 0 0 0 0 0.630105674 0.278815776 0 0 0.257276803 0 0 0 0.00317862513 0 0 0 0 0 0.829456031 0 0.9628371 0 0.212810755 0 0 0 0 0 0 0 0 0 0 0.247607902 0 0.192030117 0 0 0 0 0 0 0.388883173 0.388480216 0 0 1 0 0 0 0 0 0 0.333333343 0.244650543 0.60170114 0.334173948 0.784015536 1 1
G2656 0 0.00534707587 1.32184601 0 0.429962963 1.79027903 0 0.00916749611 0 0 0 0 0.00581607036 0.120020546 0 0.317649573 0.00650437735 0.56156379 0 0 0 0 0 0 0.630105674 0.278815776 0 0 0.257276803 0 0 0 0.00317862513 0 0 0 0 0 0.829456031 0 0.9628371 0 0.212810755 0 0 0 0 0 0 0 0 0 0 0.247607902 0 0.192030117 0 0 0 0 0 0 0.388883173 0.388480216 0 0 1 0 0 0 0 0 0 0.351851851 0.244650543 0.534524977 0.545771718 0.727088571 1 1
G2673 0 0.00534707587 1.32184601 0 0.429962963 1.79027903 0 0.00916749611 0 0 0 0 0.00581607036 0.120020546 0 0.317649573 0.00650437735 0.56156379 0 0 0 0 0 0 0.630105674 0.278815776 0 0 0.257276803 0 0 0 0.00317862513 0 0 0 0 0 0.829456031 0 0.9628371 0 0.212810755 0 0 0 0 0 0 0 0 0 0 0.247607902 0 0.192030117 0 0 0 0 0 0 0.388883173 0.388480216 0 0 1 0 0 0 0 0 0 0.351851851 0.244650543 0.534524977 0.545771718 0.769441247 1 1
G2676 0 0.00534707587 1.32184601 0 0.429962963 1.79027903 0 0.00916749611 0 0 0 0 0.00581607036 0.120020546 0 0.317649573 0.00650437735 0.56156379 0 0 0 0 0 0 0.630105674 0.278815776 0 0 0.257276803 0 0 0 0.00317862513 0 0 0 0 0 0.829456031 0 0.9628371 0 0.212810755 0 0 0 0 0 0 0 0 0 0 0.247607902 0 0.192030117 0 0 0 0 0 0 0.388883173 0.388480216 0 0 1 0 0 0 0 0 0 0.370370358 0.244650543 0.539678156 0.589723527 0.718495369 1 1
G2705 0 0.00534707587 1.32184601 0 0.429962963 1.79027903 0 0.00916749611 0 0 0 0 0.00581607036 0.120020546 0 0.317649573 0.00650437735 0.56156379 0 0 0 0 0 0 0.630105674 0.278815776 0 0 0.257276803 0 0 0 0.00317862513 0 0 0 0 0 0.829456031 0 0.9628371 0 0.212810755 0 0 0 0 0 0 0 0 0 0 0.247607902 0 0.192030117 0 0 0 0 0 0 0.388883173 0.388480216 0 0 1 0 0 0 0 0 0 0.370370358 0.387761921 0.539678156 0.589723527 0.763003707 1 1
G2711 0 0.00534707587 1.32184601 0 0.429962963 1.79027903 0 0.00916749611 0 0 0 0 0.00581607036 0.120020546 0 0.317649573 0.00650437735 0.56156379 0 0 0 0 0 0 0.630105674 0.278815776 0 0 0.257276803 0 0 0 0.00317862513 0 0 0 0 0 0.829456031 0 0.9628371 0 0.212810755 0 0 0 0 0 0 0 0 0 0 0.247607902 0 0.192030117 0 0 0 0 0 0 0.388883173 0.388480216 0 0 0 0 0 1 0 0 0 0.388888896 0.244650543 0.544667721 0.595175803 0.717226624 1 1
G2739 0 0.00534707587 1.32184601 0 0.429962963 1.79027903 0 0.00916749611 0 0 0 0 0.00581607036 0.120020546 0 0.317649573 0.00650437735 0.56156379 0 0 0 0 0 0 0.630105674 0.278815776 0 0 0.257276803 0 0 0 0.00317862513 0 0 0 0 0 0.829456031 0 0.9628371 0 0.212810755 0 0 0 0 0 0 0 0 0 0 0.247607902 0 0.192030117 0 0 0 0 0 0 0.388883173 0.388480216 0 1 0 0 0 0 0 0 0 0.407407403 0.244650543 0.281589121 0.633496523 0.706672132 1 1
G2779 0 0.00534707587 1.32184601 0 0.429962963 1.79027903 0 0.00916749611 0 0 0 0 0.00581607036 0.120020546 0 0.317649573 0.00650437735 0.56156379 0 0 0 0 0 0 0.630105674 0.278815776 0 0 0.257276803 0 0 0 0.00317862513 0 0 0 0 0 0.829456031 0 0.9628371 0 0.212810755 0 0 0 0 0 0 0 0 0 0 0.247607902 0 0.192030117 0 0 0 0 0 0 0.388883173 0.388480216 0 0 0 0 0 1 0 0 0 0.388888896 0.244650543 0.544667721 0.595175803 0.798047125 1 1
__smartatpg_bin_1125_1 0 0.00534707587 1.32184601 0 0.429962963 1.79027903 0 0.00916749611 0 0 0 0 0.00581607036 0.120020546 0 0.317649573 0.00650437735 0.56156379 0 0 0 0 0 0 0.630105674 0.278815776 0 0 0.257276803 0 0 0 0.00317862513 0 0 0 0 0 0.829456031 0 0.9628371 0 0.212810755 0 0 0 0 0 0 0 0 0 0 0.247607902 0 0.192030117 0 0 0 0 0 0 0.388883173 0.388480216 0 1 0 0 0 0 0 0 0 0.296296299 0.244650543 0.492767632 0.633496523 0.705299139 1 1
__smartatpg_bin_1147_1 0 0.00534707587 1.32184601 0 0.429962963 1.79027903 0 0.00916749611 0 0 0 0 0.00581607036 0.120020546 0 0.317649573 0.00650437735 0.56156379 0 0 0 0 0 0 0.630105674 0.278815776 0 0 0.257276803 0 0 0 0.00317862513 0 0 0 0 0 0.829456031 0 0.9628371 0 0.212810755 0 0 0 0 0 0 0 0 0 0 0.247607902 0 0.192030117 0 0 0 0 0 0 0.388883173 0.388480216 0 1 0 0 0 0 0 0 0 0.314814806 0.244650543 0.558750987 0.453209102 0.568916619 1 1
__smartatpg_bin_1251_1 0 0.00534707587 1.32184601 0 0.429962963 1.79027903 0 0.00916749611 0 0 0 0 0.00581607036 0.120020546 0 0.317649573 0.00650437735 0.56156379 0 0 0 0 0 0 0.630105674 0.278815776 0 0 0.257276803 0 0 0 0.00317862513 0 0 0 0 0 0.829456031 0 0.9628371 0 0.212810755 0 0 0 0 0 0 0 0 0 0 0.247607902 0 0.192030117 0 0 0 0 0 0 0.388883173 0.388480216 0 0 0 1 0 0 0 0 0 0.42592594 0.244650543 0.361869395 0.505652726 0.70110333 1 1
G2787 0 0.00534707587 1.32184601 0 0.429962963 1.79027903 0 0.00916749611 0 0 0 0 0.00581607036 0.120020546 0 0.317649573 0.00650437735 0.56156379 0 0 0 0 0 0 0.630105674 0.278815776 0 0 0.257276803 0 0 0 0.00317862513 0 0 0 0 0 0.829456031 0 0.9628371 0 0.212810755 0 0 0 0 0 0 0 0 0 0 0.247607902 0 0.192030117 0 0 0 0 0 0 0.388883173 0.388480216 0 0 0 0 1 0 0 0 0 0.444444448 0.244650543 0.470802933 0.538462877 0.681432843 1 1
G2836 0 0.00534707587 1.32184601 0 0.429962963 1.79027903 0 0.00916749611 0 0 0 0 0.00581607036 0.120020546 0 0.317649573 0.00650437735 0.56156379 0 0 0 0 0 0 0.630105674 0.278815776 0 0 0.257276803 0 0 0 0.00317862513 0 0 0 0 0 0.829456031 0 0.9628371 0 0.212810755 0 0 0 0 0 0 0 0 0 0 0.247607902 0 0.192030117 0 0 0 0 0 0 0.388883173 0.388480216 0 1 0 0 0 0 0 0 0 0.462962955 0.387761921 0.281589121 0.649864316 0.64295572 1 1
__smartatpg_bin_994_1 0 0.00534707587 1.32184601 0 0.429962963 1.79027903 0 0.00916749611 0 0 0 0 0.00581607036 0.120020546 0 0.317649573 0.00650437735 0.56156379 0 0 0 0 0 0 0.630105674 0.278815776 0 0 0.257276803 0 0 0 0.00317862513 0 0 0 0 0 0.829456031 0 0.9628371 0 0.212810755 0 0 0 0 0 0 0 0 0 0 0.247607902 0 0.192030117 0 0 0 0 0 0 0.388883173 0.388480216 0 0 0 1 0 0 0 0 0 0.240740746 0.244650543 0.454244703 0.440482408 0.734082401 1 1
G2331 0 0.00534707587 1.32184601 0 0.429962963 1.79027903 0 0.00916749611 0 0 0 0 0.00581607036 0.120020546 0 0.317649573 0.00650437735 0.56156379 0 0 0 0 0 0 0.630105674 0.278815776 0 0 0.257276803 0 0 0 0.00317862513 0 0 0 0 0 0.829456031 0 0.9628371 0 0.212810755 0 0 0 0 0 0 0 0 0 0 0.247607902 0 0.192030117 0 0 0 0 0 0 0.388883173 0.388480216 0 0 0 1 0 0 0 0 0 0.259259254 0.244650543 0.478470683 0.453209102 0.730626166 1 1
G2437 0 0.00534707587 1.32184601 0 0.429962963 1.79027903 0 0.00916749611 0 0 0 0 0.00581607036 0.120020546 0 0.317649573 0.00650437735 0.56156379 0 0 0 0 0 0 0.630105674 0.278815776 0 0 0.257276803 0 0 0 0.00317862513 0 0 0 0 0 0.829456031 0 0.9628371 0 0.212810755 0 0 0 0 0 0 0 0 0 0 0.247607902 0 0.192030117 0 0 0 0 0 0 0.388883173 0.388480216 0 1 0 0 0 0 0 0 0 0.277777791 0.489301085 0.48578167 0.514461398 0.723465741 1 1
G2515 0 0.00534707587 1.32184601 0 0.429962963 1.79027903 0 0.00916749611 0 0 0 0 0.00581607036 0.120020546 0 0.317649573 0.00650437735 0.56156379 0 0 0 0 0 0 0.630105674 0.278815776 0 0 0.257276803 0 0 0 0.00317862513 0 0 0 0 0 0.829456031 0 0.9628371 0 0.212810755 0 0 0 0 0 0 0 0 0 0 0.247607902 0 0.192030117 0 0 0 0 0 0 0.388883173 0.388480216 0 0 0 0 0 1 0 0 0 0.296296299 0.387761921 0.478470683 0.538462877 0.736343205 1 1
G2577 0 0.00534707587 1.32184601 0 0.429962963 1.79027903 0 0.00916749611 0 0 0 0 0.00581607036 0.120020546 0 0.317649573 0.00650437735 0.56156379 0 0 0 0 0 0 0.630105674 0.278815776 0 0 0.257276803 0 0 0 0.00317862513 0 0 0 0 0 0.829456031 0 0.9628371 0 0.212810755 0 0 0 0 0 0 0 0 0 0 0.247607902 0 0.192030117 0 0 0 0 0 0 0.388883173 0.388480216 0 0 0 0 0 1 0 0 0 0.314814806 0.387761921 0.499456197 0.530829132 0.778184414 1 1
G2580 0 0.00534707587 1.32184601 0 0.429962963 1.79027903 0 0.00916749611 0 0 0 0 0.00581607036 0.120020546 0 0.317649573 0.00650437735 0.56156379 0 0 0 0 0 0 0.630105674 0.278815776 0 0 0.257276803 0 0 0 0.00317862513 0 0 0 0 0 0.829456031 0 0.9628371 0 0.212810755 0 0 0 0 0 0 0 0 0 0 0.247607902 0 0.192030117 0 0 0 0 0 0 0.388883173 0.388480216 0 0 0 0 0 1 0 0 0 0.314814806 0.387761921 0.499456197 0.530829132 0.735217035 1 1
G2615 0 0.00534707587 1.32184601 0 0.429962963 1.79027903 0 0.00916749611 0 0 0 0 0.00581607036 0.120020546 0 0.317649573 0.00650437735 0.56156379 0 0 0 0 0 0 0.630105674 0.278815776 0 0 0.257276803 0 0 0 0.00317862513 0 0 0 0 0 0.829456031 0 0.9628371 0 0.212810755 0 0 0 0 0 0 0 0 0 0 0.247607902 0 0.192030117 0 0 0 0 0 0 0.388883173 0.388480216 0 0 1 0 0 0 0 0 0 0.333333343 0.244650543 0.608389735 0.357105464 0.74506104 1 1
G2624 0 0.00534707587 1.32184601 0 0.429962963 1.79027903 0 0.00916749611 0 0 0 0 0.00581607036 0.120020546 0 0.317649573 0.00650437735 0.56156379 0 0 0 0 0 0 0.630105674 0.278815776 0 0 0.257276803 0 0 0 0.00317862513 0 0 0 0 0 0.829456031 0 0.9628371 0 0.212810755 0 0 0 0 0 0 0 0 0 0 0.247607902 0 0.192030117 0 0 0 0 0 0 0.388883173 0.388480216 0 0 0 0 0 1 0 0 0 0.333333343 0.244650543 0.492767632 0.552782178 0.777332664 1 1
G2625 0 0.00534707587 1.32184601 0 0.429962963 1.79027903 0 0.00916749611 0 0 0 0 0.00581607036 0.120020546 0 0.317649573 0.00650437735 0.56156379 0 0 0 0 0 0 0.630105674 0.278815776 0 0 0.257276803 0 0 0 0.00317862513 0 0 0 0 0 0.829456031 0 0.9628371 0 0.212810755 0 0 0 0 0 0 0 0 0 0 0.247607902 0 0.192030117 0 0 0 0 0 0 0.388883173 0.388480216 0 0 1 0 0 0 0 0 0 0.333333343 0.244650543 0.608389735 0.357105464 0.785640836 1 1
G2626 0 0.00534707587 1.32184601 0 0.429962963 1.79027903 0 0.00916749611 0 0 0 0 0.00581607036 0.120020546 0 0.317649573 0.00650437735 0.56156379 0 0 0 0 0 0 0.630105674 0.278815776 0 0 0.257276803 0 0 0 0.00317862513 0 0 0 0 0 0.829456031 0 0.9628371 0 0.212810755 0 0 0 0 0 0 0 0 0 0 0.247607902 0 0.192030117 0 0 0 0 0 0 0.388883173 0.388480216 0 0 0 0 0 1 0 0 0 0.333333343 0.244650543 0.492767632 0.552782178 0.734082401 1 1
G2657 0 0.00534707587 1.32184601 0 0.429962963 1.79027903 0 0.00916749611 0 0 0 0 0.00581607036 0.120020546 0 0.317649573 0.00650437735 0.56156379 0 0 0 0 0 0 0.630105674 0.278815776 0 0 0.257276803 0 0 0 0.00317862513 0 0 0 0 0 0.829456031 0 0.9628371 0 0.212810755 0 0 0 0 0 0 0 0 0 0 0.247607902 0 0.192030117 0 0 0 0 0 0 0.388883173 0.388480216 0 0 1 0 0 0 0 0 0 0.351851851 0.244650543 0.539678156 0.545771718 0.727088571 1 1
G2662 0 0.00534707587 1.32184601 0 0.429962963 1.79027903 0 0.00916749611 0 0 0 0 0.00581607036 0.120020546 0 0.317649573 0.00650437735 0.56156379 0 0 0 0 0 0 0.630105674 0.278815776 0 0 0.257276803 0 0 0 0.00317862513 0 0 0 0 0 0.829456031 0 0.9628371 0 0.212810755 0 0 0 0 0 0 0 0 0 0 0.247607902 0 0.192030117 0 0 0 0 0 0 0.388883173 0.388480216 0 0 1 0 0 0 0 0 0 0.351851851 0.244650543 0.539678156 0.545771718 0.772118032 1 1
G2678 0 0.00534707587 1.32184601 0 0.429962963 1.79027903 0 0.00916749611 0 0 0 0 0.00581607036 0.120020546 0 0.317649573 0.00650437735 0.56156379 0 0 0 0 0 0 0.630105674 0.278815776 0 0 0.257276803 0 0 0 0.00317862513 0 0 0 0 0 0.829456031 0 0.9628371 0 0.212810755 0 0 0 0 0 0 0 0 0 0 0.247607902 0 0.192030117 0 0 0 0 0 0 0.388883173 0.388480216 0 0 1 0 0 0 0 0 0 0.370370358 0.244650543 0.544667721 0.595175803 0.717226624 1 1
G2687 0 0.00534707587 1.32184601 0 0.429962963 1.79027903 0 0.00916749611 0 0 0 0 0.00581607036 0.120020546 0 0.317649573 0.00650437735 0.56156379 0 0 0 0 0 0 0.630105674 0.278815776 0 0 0.257276803 0 0 0 0.00317862513 0 0 0 0 0 0.829456031 0 0.9628371 0 0.212810755 0 0 0 0 0 0 0 0 0 0 0.247607902 0 0.192030117 0 0 0 0 0 0 0.388883173 0.388480216 0 0 1 0 0 0 0 0 0 0.370370358 0.387761921 0.544667721 0.595175803 0.764871299 1 1
G2713 0 0.00534707587 1.32184601 0 0.429962963 1.79027903 0 0.00916749611 0 0 0 0 0.00581607036 0.120020546 0 0.317649573 0.00650437735 0.56156379 0 0 0 0 0 0 0.630105674 0.278815776 0 0 0.257276803 0 0 0 0.00317862513 0 0 0 0 0 0.829456031 0 0.9628371 0 0.212810755 0 0 0 0 0 0 0 0 0 0 0.247607902 0 0.192030117 0 0 0 0 0 0 0.388883173 0.388480216 0 0 0 0 0 1 0 0 0 0.388888896 0.244650543 0.549503684 0.600460231 0.715947151 1 1
G2741 0 0.00534707587 1.32184601 0 0.429962963 1.79027903 0 0.00916749611 0 0 0 0 0.00581607036 0.120020546 0 0.317649573 0.00650437735 0.56156379 0 0 0 0 0 0 0.630105674 0.278815776 0 0 0.257276803 0 0 0 0.00317862513 0 0 0 0 0 0.829456031 0 0.9628371 0 0.212810755 0 0 0 0 0 0 0 0 0 0 0.247607902 0 0.192030117 0 0 0 0 0 0 0.388883173 0.388480216 0 1 0 0 0 0 0 0 0 0.407407403 0.244650543 0.281589121 0.637737036 0.705299139 1 1
G2750 0 0.00534707587 1.32184601 0 0.429962963 1.79027903 0 0.00916749611 0 0 0 0 0.00581607036 0.120020546 0 0.317649573 0.00650437735 0.56156379 0 0 0 0 0 0 0.630105674 0.278815776 0 0 0.257276803 0 0 0 0.00317862513 0 0 0 0 0 0.829456031 0 0.9628371 0 0.212810755 0 0 0 0 0 0 0 0 0 0 0.247607902 0 0.192030117 0 0 0 0 0 0 0.388883173 0.388480216 0 0 0 0 0 1 0 0 0 0.388888896 0.387761921 0.549503684 0.600460231 0.806722999 1 1
G2753 0 0.00534707587 1.32184601 0 0.429962963 1.79027903 0 0.00916749611 0 0 0 0 0.00581607036 0.120020546 0 0.317649573 0.00650437735 0.56156379 0 0 0 0 0 0 0.630105674 0.278815776 0 0 0.257276803 0 0 0 0.00317862513 0 0 0 0 0 0.829456031 0 0.9628371 0 0.212810755 0 0 0 0 0 0 0 0 0 0 0.247607902 0 0.192030117 0 0 0 0 0 0 0.388883173 0.388480216 0 0 0 0 0 1 0 0 0 0.388888896 0.632412493 0.549503684 0.600460231 0.763940394 1 1
G2827 0 0.00534707587 1.32184601 0 0.429962963 1.79027903 0 0.00916749611 0 0 0 0 0.00581607036 0.120020546 0 0.317649573 0.00650437735 0.56156379 0 0 0 0 0 0 0.630105674 0.278815776 0 0 0.257276803 0 0 0 0.00317862513 0 0 0 0 0 0.829456031 0 0.9628371 0 0.212810755 0 0 0 0 0 0 0 0 0 0 0.247607902 0 0.192030117 0 0 0 0 0 0 0.388883173 0.388480216 0 0 1 0 0 0 0 0 0 0.407407403 0.244650543 0.583617091 0.605586946 0.78804636 1 1
G2857 0 0.00534707587 1.32184601 0 0.429962963 1.79027903 0 0.00916749611 0 0 0 0 0.00581607036 0.120020546 0 0.317649573 0.00650437735 0.56156379 0 0 0 0 0 0 0.630105674 0.278815776 0 0 0.257276803 0 0 0 0.00317862513 0 0 0 0 0 0.829456031 0 0.9628371 0 0.212810755 0 0 0 0 0 0 0 0 0 0 0.247607902 0 0.192030117 0 0 0 0 0 0 0.388883173 0.388480216 0 0 0 0 0 1 0 0 0 0.407407403 0.387761921 0.554195344 0.605586946 0.763003707 1 1
G2912 0 0.00534707587 1.32184601 0 0.429962963 1.79027903 0 0.00916749611 0 0 0 0 0.00581607036 0.120020546 0 0.317649573 0.00650437735 0.56156379 0 0 0 0 0 0 0.630105674 0.278815776 0 0 0.257276803 0 0 0 0.00317862513 0 0 0 0 0 0.829456031 0 0.9628371 0 0.212810755 0 0 0 0 0 0 0 0 0 0 0.247607902 0 0.192030117 0 0 0 0 0 0 0.388883173 0.388480216 0 0 0 0 0 1 0 0 0 0.42592594 0.244650543 0.558750987 0.610565007 0.762061119 1 1
__smartatpg_bin_1127_2 0 0.00534707587 1.32184601 0 0.429962963 1.79027903 0 0.00916749611 0 0 0 0 0.00581607036 0.120020546 0 0.317649573 0.00650437735 0.56156379 0 0 0 0 0 0 0.630105674 0.278815776 0 0 0.257276803 0 0 0 0.00317862513 0 0 0 0 0 0.829456031 0 0.9628371 0 0.212810755 0 0 0 0 0 0 0 0 0 0 0.247607902 0 0.192030117 0 0 0 0 0 0 0.388883173 0.388480216 0 1 0 0 0 0 0 0 0 0.296296299 0.244650543 0.492767632 0.633496523 0.696787 1 1
G2557 0 0.00534707587 1.32184601 0 0.429962963 1.79027903 0 0.00916749611 0 0 0 0 0.00581607036 0.120020546 0 0.317649573 0.00650437735 0.56156379 0 0 0 0 0 0 0.630105674 0.278815776 0 0 0.257276803 0 0 0 0.00317862513 0 0 0 0 0 0.829456031 0 0.9628371 0 0.212810755 0 0 0 0 0 0 0 0 0 0 0.247607902 0 0.192030117 0 0 0 0 0 0 0.388883173 0.388480216 0 0 1 0 0 0 0 0 0 0.314814806 0.244650543 0.712333739 0.357105464 0.588135123 1 1
__smartatpg_bin_1147_2 0 0.00534707587 1.32184601 0 0.429962963 1.79027903 0 0.00916749611 0 0 0 0 0.00581607036 0.120020546 0 0.317649573 0.00650437735 0.56156379 0 0 0 0 0 0 0.630105674 0.278815776 0 0 0.257276803 0 0 0 0.00317862513 0 0 0 0 0 0.829456031 0 0.9628371 0 0.212810755 0 0 0 0 0 0 0 0 0 0 0.247607902 0 0.192030117 0 0 0 0 0 0 0.388883173 0.388480216 0 1 0 0 0 0 0 0 0 0.333333343 0.244650543 0.676417768 0.476140618 0.561922789 1 1
G2607 0 0.00534707587 1.32184601 0 0.429962963 1.79027903 0 0.00916749611 0 0 0 0 0.00581607036 0.120020546 0 0.317649573 0.00650437735 0.56156379 0 0 0 0 0 0 0.630105674 0.278815776 0 0 0.257276803 0 0 0 0.00317862513 0 0 0 0 0 0.829456031 0 0.9628371 0 0.212810755 0 0 0 0 0 0 0 0 0 0 0.247607902 0 0.192030117 0 0 0 0 0 0 0.388883173 0.388480216 0 0 1 0 0 0 0 0 0 0.351851851 0.387761921 0.534524977 0.615402818 0.500964999 1 1
G2655 0 0.00534707587 1.32184601 0 0.429962963 1.79027903 0 0.00916749611 0 0 0 0 0.00581607036 0.120020546 0 0.317649573 0.00650437735 0.56156379 0 0 0 0 0 0 0.630105674 0.278815776 0 0 0.257276803 0 0 0 0.00317862513 0 0 0 0 0 0.829456031 0 0.9628371 0 0.212810755 0 0 0 0 0 0 0 0 0 0 0.247607902 0 0.192030117 0 0 0 0 0 0 0.388883173 0.388480216 0 0 0 0 0 1 0 0 0 0.370370358 0.244650543 0.5674842 0.589723527 0.495497435 1 1
__smartatpg_bin_1253_1 0 0.00534707587 1.32184601 0 0.429962963 1.79027903 0 0.00916749611 0 0 0 0 0.00581607036 0.120020546 0 0.317649573 0.00650437735 0.56156379 0 0 0 0 0 0 0.630105674 0.278815776 0 0 0.257276803 0 0 0 0.00317862513 0 0 0 0 0 0.829456031 0 0.9628371 0 0.212810755 0 0 0 0 0 0 0 0 0 0 0.247607902 0 0.192030117 0 0 0 0 0 0 0.388883173 0.388480216 0 0 0 1 0 0 0 0 0 0.42592594 0.244650543 0.361869395 0.505652726 0.699678302 1 1
G2789 0 0.00534707587 1.32184601 0 0.429962963 1.79027903 0 0.00916749611 0 0 0 0 0.00581607036 0.120020546 0 0.317649573 0.00650437735 0.56156379 0 0 0 0 0 0 0.630105674 0.278815776 0 0 0.257276803 0 0 0 0.00317862513 0 0 0 0 0 0.829456031 0 0.9628371 0 0.212810755 0 0 0 0 0 0 0 0 0 0 0.247607902 0 0.192030117 0 0 0 0 0 0 0.388883173 0.388480216 0 0 0 0 1 0 0 0 0 0.444444448 0.244650543 0.470802933 0.530829132 0.681432843 1 1
G2839 0 0.00534707587 1.32184601 0 0.429962963 1.79027903 0 0.00916749611 0 0 0 0 0.00581607036 0.120020546 0 0.317649573 0.00650437735 0.56156379 0 0 0 0 0 0 0.630105674 0.278815776 0 0 0.257276803 0 0 0 0.00317862513 0 0 0 0 0 0.829456031 0 0.9628371 0 0.212810755 0 0 0 0 0 0 0 0 0 0 0.247607902 0 0.192030117 0 0 0 0 0 0 0.388883173 0.388480216 0 1 0 0 0 0 0 0 0 0.462962955 0.387761921 0.281589121 0.645916283 0.64295572 1 1
__smartatpg_bin_1310_1 0 0.00534707587 1.32184601 0 0.429962963 1.79027903 0 0.00916749611 0 0 0 0 0.00581607036 0.120020546 0 0.317649573 0.00650437735 0.56156379 0 0 0 0 0 0 0.630105674 0.278815776 0 0 0.257276803 0 0 0 0.00317862513 0 0 0 0 0 0.829456031 0 0.9628371 0 0.212810755 0 0 0 0 0 0 0 0 0 0 0.247607902 0 0.192030117 0 0 0 0 0 0 0.388883173 0.388480216 0 1 0 0 0 0 0 0 0 0.407407403 0.244650543 0.554195344 0.637737036 0.800995052 1 1
G2910 0 0.00534707587 1.32184601 0 0.429962963 1.79027903 0 0.00916749611 0 0 0 0 0.00581607036 0.120020546 0 0.317649573 0.00650437735 0.56156379 0 0 0 0 0 0 0.630105674 0.278815776 0 0 0.257276803 0 0 0 0.00317862513 0 0 0 0 0 0.829456031 0 0.9628371 0 0.212810755 0 0 0 0 0 0 0 0 0 0 0.247607902 0 0.192030117 0 0 0 0 0 0 0.388883173 0.388480216 0 0 1 0 0 0 0 0 0 0.42592594 0.244650543 0.674279511 0.600460231 0.77561444 1 1
__smartatpg_bin_1311_1 0 0.00534707587 1.32184601 0 0.429962963 1.79027903 0 0.00916749611 0 0 0 0 0.00581607036 0.120020546 0 0.317649573 0.00650437735 0.56156379 0 0 0 0 0 0 0.630105674 0.278815776 0 0 0.257276803 0 0 0 0.00317862513 0 0 0 0 0 0.829456031 0 0.9628371 0 0.212810755 0 0 0 0 0 0 0 0 0 0 0.247607902 0 0.192030117 0 0 0 0 0 0 0.388883173 0.388480216 0 1 0 0 0 0 0 0 0 0.407407403 0.244650543 0.549503684 0.716873467 0.811561942 1 1
__smartatpg_bin_995_1 0 0.00534707587 1.32184601 0 0.429962963 1.79027903 0 0.00916749611 0 0 0 0 0.00581607036 0.120020546 0 0.317649573 0.00650437735 0.56156379 0 0 0 0 0 0 0.630105674 0.278815776 0 0 0.257276803 0 0 0 0.00317862513 0 0 0 0 0 0.829456031 0 0.9628371 0 0.212810755 0 0 0 0 0 0 0 0 0 0 0.247607902 0 0.192030117 0 0 0 0 0 0 0.388883173 0.388480216 0 0 0 1 0 0 0 0 0 0.240740746 0.244650543 0.454244703 0.440482408 0.740765333 1 1
G2332 0 0.00534707587 1.32184601 0 0.429962963 1.79027903 0 0.00916749611 0 0 0 0 0.00581607036 0.120020546 0 0.317649573 0.00650437735 0.56156379 0 0 0 0 0 0 0.630105674 0.278815776 0 0 0.257276803 0 0 0 0.00317862513 0 0 0 0 0 0.829456031 0 0.9628371 0 0.212810755 0 0 0 0 0 0 0 0 0 0 0.247607902 0 0.192030117 0 0 0 0 0 0 0.388883173 0.388480216 0 0 0 1 0 0 0 0 0 0.259259254 0.244650543 0.478470683 0.453209102 0.737460971 1 1
G2441 0 0.00534707587 1.32184601 0 0.429962963 1.79027903 0 0.00916749611 0 0 0 0 0.00581607036 0.120020546 0 0.317649573 0.00650437735 0.56156379 0 0 0 0 0 0 0.630105674 0.278815776 0 0 0.257276803 0 0 0 0.00317862513 0 0 0 0 0 0.829456031 0 0.9628371 0 0.212810755 0 0 0 0 0 0 0 0 0 0 0.247607902 0 0.192030117 0 0 0 0 0 0 0.388883173 0.388480216 0 1 0 0 0 0 0 0 0 0.277777791 0.387761921 0.48578167 0.514461398 0.730626166 1 1
G2518 0 0.00534707587 1.32184601 0 0.429962963 1.79027903 0 0.00916749611 0 0 0 0 0.00581607036 0.120020546 0 0.317649573 0.00650437735 0.56156379 0 0 0 0 0 0 0.630105674 0.278815776 0 0 0.257276803 0 0 0 0.00317862513 0 0 0 0 0 0.829456031 0 0.9628371 0 0.212810755 0 0 0 0 0 0 0 0 0 0 0.247607902 0 0.192030117 0 0 0 0 0 0 0.388883173 0.388480216 0 0 0 0 0 1 0 0 0 0.296296299 0.387761921 0.478470683 0.538462877 0.729456186 1 1
G2583 0 0.00534707587 1.32184601 0 0.429962963 1.79027903 0 0.00916749611 0 0 0 0 0.00581607036 0.120020546 0 0.317649573 0.00650437735 0.56156379 0 0 0 0 0 0 0.630105674 0.278815776 0 0 0.257276803 0 0 0 0.00317862513 0 0 0 0 0 0.829456031 0 0.9628371 0 0.212810755 0 0 0 0 0 0 0 0 0 0 0.247607902 0 0.192030117 0 0 0 0 0 0 0.388883173 0.388480216 0 0 0 0 0 1 0 0 0 0.314814806 0.387761921 0.499456197 0.530829132 0.728277028 1 1
G2586 0 0.00534707587 1.32184601 0 0.429962963 1.79027903 0 0.00916749611 0 0 0 0 0.00581607036 0.120020546 0 0.317649573 0.00650437735 0.56156379 0 0 0 0 0 0 0.630105674 0.278815776 0 0 0.257276803 0 0 0 0.00317862513 0 0 0 0 0 0.829456031 0 0.9628371 0 0.212810755 0 0 0 0 0 0 0 0 0 0 0.247607902 0 0.192030117 0 0 0 0 0 0 0.388883173 0.388480216 0 0 0 0 0 1 0 0 0 0.314814806 0.387761921 0.499456197 0.530829132 0.735217035 1 1
G2616 0 0.00534707587 1.32184601 0 0.429962963 1.79027903 0 0.00916749611 0 0 0 0 0.00581607036 0.120020546 0 0.317649573 0.00650437735 0.56156379 0 0 0 0 0 0 0.630105674 0.278815776 0 0 0.257276803 0 0 0 0.00317862513 0 0 0 0 0 0.829456031 0 0.9628371 0 0.212810755 0 0 0 0 0 0 0 0 0 0 0.247607902 0 0.192030117 0 0 0 0 0 0 0.388883173 0.388480216 0 0 1 0 0 0 0 0 0 0.333333343 0.244650543 0.608389735 0.357105464 0.74506104 1 1
G2627 0 0.00534707587 1.32184601 0 0.429962963 1.79027903 0 0.00916749611 0 0 0 0 0.00581607036 0.120020546 0 0.317649573 0.00650437735 0.56156379 0 0 0 0 0 0 0.630105674 0.278815776 0 0 0.257276803 0 0 0 0.00317862513 0 0 0 0 0 0.829456031 0 0.9628371 0 0.212810755 0 0 0 0 0 0 0 0 0 0 0.247607902 0 0.192030117 0 0 0 0 0 0 0.388883173 0.388480216 0 0 0 0 0 1 0 0 0 0.333333343 0.244650543 0.492767632 0.552782178 0.727088571 1 1
G2628 0 0.00534707587 1.32184601 0 0.429962963 1.79027903 0 0.00916749611 0 0 0 0 0.00581607036 0.120020546 0 0.317649573 0.00650437735 0.56156379 0 0 0 0 0 0 0.630105674 0.278815776 0 0 0.257276803 0 0 0 0.00317862513 0 0 0 0 0 0.829456031 0 0.9628371 0 0.212810755 0 0 0 0 0 0 0 0 0 0 0.247607902 0 0.192030117 0 0 0 0 0 0 0.388883173 0.388480216 0 0 1 0 0 0 0 0 0 0.333333343 0.244650543 0.608389735 0.357105464 0.738570511 1 1
G2629 0 0.00534707587 1.32184601 0 0.429962963 1.79027903 0 0.00916749611 0 0 0 0 0.00581607036 0.120020546 0 0.317649573 0.00650437735 0.56156379 0 0 0 0 0 0 0.630105674 0.278815776 0 0 0.257276803 0 0 0 0.00317862513 0 0 0 0 0 0.829456031 0 0.9628371 0 0.212810755 0 0 0 0 0 0 0 0 0 0 0.247607902 0 0.192030117 0 0 0 0 0 0 0.388883173 0.388480216 0 0 0 0 0 1 0 0 0 0.333333343 0.244650543 0.492767632 0.552782178 0.734082401 1 1
G2658 0 0.00534707587 1.32184601 0 0.429962963 1.79027903 0 0.00916749611 0 0 0 0 0.00581607036 0.120020546 0 0.317649573 0.00650437735 0.56156379 0 0 0 0 0 0 0.630105674 0.278815776 0 0 0.257276803 0 0 0 0.00317862513 0 0 0 0 0 0.829456031 0 0.9628371 0 0.212810755 0 0 0 0 0 0 0 0 0 0 0.247607902 0 0.192030117 0 0 0 0 0 0 0.388883173 0.388480216 0 0 1 0 0 0 0 0 0 0.351851851 0.244650543 0.539678156 0.545771718 0.727088571 1 1
G2663 0 0.00534707587 1.32184601 0 0.429962963 1.79027903 0 0.00916749611 0 0 0 0 0.00581607036 0.120020546 0 0.317649573 0.00650437735 0.56156379 0 0 0 0 0 0 0.630105674 0.278815776 0 0 0.257276803 0 0 0 0.00317862513 0 0 0 0 0 0.829456031 0 0.9628371 0 0.212810755 0 0 0 0 0 0 0 0 0 0 0.247607902 0 0.192030117 0 0 0 0 0 0 0.388883173 0.388480216 0 0 1 0 0 0 0 0 0 0.351851851 0.244650543 0.539678156 0.545771718 0.719753444 1 1
G2679 0 0.00534707587 1.32184601 0 0.429962963 1.79027903 0 0.00916749611 0 0 0 0 0.00581607036 0.120020546 0 0.317649573 0.00650437735 0.56156379 0 0 0 0 0 0 0.630105674 0.278815776 0 0 0.257276803 0 0 0 0.00317862513 0 0 0 0 0 0.829456031 0 0.9628371 0 0.212810755 0 0 0 0 0 0 0 0 0 0 0.247607902 0 0.192030117 0 0 0 0 0 0 0.388883173 0.388480216 0 0 1 0 0 0 0 0 0 0.370370358 0.244650543 0.544667721 0.595175803 0.717226624 1 1
G2690 0 0.00534707587 1.32184601 0 0.429962963 1.79027903 0 0.00916749611 0 0 0 0 0.00581607036 0.120020546 0 0.317649573 0.00650437735 0.56156379 0 0 0 0 0 0 0.630105674 0.278815776 0 0 0.257276803 0 0 0 0.00317862513 0 0 0 0 0 0.829456031 0 0.9628371 0 0.212810755 0 0 0 0 0 0 0 0 0 0 0.247607902 0 0.192030117 0 0 0 0 0 0 0.388883173 0.388480216 0 0 1 0 0 0 0 0 0 0.370370358 0.387761921 0.544667721 0.595175803 0.709381044 1 1
G2714 0 0.00534707587 1.32184601 0 0.429962963 1.79027903 0 0.00916749611 0 0 0 0 0.00581607036 0.120020546 0 0.317649573 0.00650437735 0.56156379 0 0 0 0 0 0 0.630105674 0.278815776 0 0 0.257276803 0 0 0 0.00317862513 0 0 0 0 0 0.829456031 0 0.9628371 0 0.212810755 0 0 0 0 0 0 0 0 0 0 0.247607902 0 0.192030117 0 0 0 0 0 0 0.388883173 0.388480216 0 0 0 0 0 1 0 0 0 0.388888896 0.244650543 0.549503684 0.600460231 0.715947151 1 1
G2742 0 0.00534707587 1.32184601 0 0.429962963 1.79027903 0 0.00916749611 0 0 0 0 0.00581607036 0.120020546 0 0.317649573 0.00650437735 0.56156379 0 0 0 0 0 0 0.630105674 0.278815776 0 0 0.257276803 0 0 0 0.00317862513 0 0 0 0 0 0.829456031 0 0.9628371 0 0.212810755 0 0 0 0 0 0 0 0 0 0 0.247607902 0 0.192030117 0 0 0 0 0 0 0.388883173 0.388480216 0 1 0 0 0 0 0 0 0 0.407407403 0.244650543 0.281589121 0.637737036 0.705299139 1 1
G2759 0 0.00534707587 1.32184601 0 0.429962963 1.79027903 0 0.00916749611 0 0 0 0 0.00581607036 0.120020546 0 0.317649573 0.00650437735 0.56156379 0 0 0 0 0 0 0.630105674 0.278815776 0 0 0.257276803 0 0 0 0.00317862513 0 0 0 0 0 0.829456031 0 0.9628371 0 0.212810755 0 0 0 0 0 0 0 0 0 0 0.247607902 0 0.192030117 0 0 0 0 0 0 0.388883173 0.388480216 0 0 0 0 0 1 0 0 0 0.388888896 0.489301085 0.549503684 0.600460231 0.708032668 1 1
G2763 0 0.00534707587 1.32184601 0 0.429962963 1.79027903 0 0.00916749611 0 0 0 0 0.00581607036 0.120020546 0 0.317649573 0.00650437735 0.56156379 0 0 0 0 0 0 0.630105674 0.278815776 0 0 0.257276803 0 0 0 0.00317862513 0 0 0 0 0 0.829456031 0 0.9628371 0 0.212810755 0 0 0 0 0 0 0 0 0 0 0.247607902 0 0.192030117 0 0 0 0 0 0 0.388883173 0.388480216 0 0 0 0 0 1 0 0 0 0.388888896 0.568060994 0.549503684 0.600460231 0.801723123 1 1
G2860 0 0.00534707587 1.32184601 0 0.429962963 1.79027903 0 0.00916749611 0 0 0 0 0.00581607036 0.120020546 0 0.317649573 0.00650437735 0.56156379 0 0 0 0 0 0 0.630105674 0.278815776 0 0 0.257276803 0 0 0 0.00317862513 0 0 0 0 0 0.829456031 0 0.9628371 0 0.212810755 0 0 0 0 0 0 0 0 0 0 0.247607902 0 0.192030117 0 0 0 0 0 0 0.388883173 0.388480216 0 0 0 0 0 1 0 0 0 0.407407403 0.387761921 0.554195344 0.605586946 0.706672132 1 1
G2936 0 0.00534707587 1.32184601 0 0.429962963 1.79027903 0 0.00916749611 0 0 0 0 0.00581607036 0.120020546 0 0.317649573 0.00650437735 0.56156379 0 0 0 0 0 0 0.630105674 0.278815776 0 0 0.257276803 0 0 0 0.00317862513 0 0 0 0 0 0.829456031 0 0.9628371 0 0.212810755 0 0 0 0 0 0 0 0 0 0 0.247607902 0 0.192030117 0 0 0 0 0 0 0.388883173 0.388480216 0 0 0 0 0 1 0 0 0 0.42592594 0.244650543 0.558750987 0.610565007 0.705299139 1 1
__smartatpg_bin_1125_2 0 0.00534707587 1.32184601 0 0.429962963 1.79027903 0 0.00916749611 0 0 0 0 0.00581607036 0.120020546 0 0.317649573 0.00650437735 0.56156379 0 0 0 0 0 0 0.630105674 0.278815776 0 0 0.257276803 0 0 0 0.00317862513 0 0 0 0 0 0.829456031 0 0.9628371 0 0.212810755 0 0 0 0 0 0 0 0 0 0 0.247607902 0 0.192030117 0 0 0 0 0 0 0.388883173 0.388480216 0 1 0 0 0 0 0 0 0 0.296296299 0.244650543 0.492767632 0.633496523 0.705299139 1 1
G2552 0 0.00534707587 1.32184601 0 0.429962963 1.79027903 0 0.00916749611 0 0 0 0 0.00581607036 0.120020546 0 0.317649573 0.00650437735 0.56156379 0 0 0 0 0 0 0.630105674 0.278815776 0 0 0.257276803 0 0 0 0.00317862513 0 0 0 0 0 0.829456031 0 0.9628371 0 0.212810755 0 0 0 0 0 0 0 0 0 0 0.247607902 0 0.192030117 0 0 0 0 0 0 0.388883173 0.388480216 0 1 0 0 0 0 0 0 0 0.314814806 0.489301085 0.499456197 0.752531707 0.636557281 1 1
G2620 0 0.00534707587 1.32184601 0 0.429962963 1.79027903 0 0.00916749611 0 0 0 0 0.00581607036 0.120020546 0 0.317649573 0.00650437735 0.56156379 0 0 0 0 0 0 0.630105674 0.278815776 0 0 0.257276803 0 0 0 0.00317862513 0 0 0 0 0 0.829456031 0 0.9628371 0 0.212810755 0 0 0 0 0 0 0 0 0 0 0.247607902 0 0.192030117 0 0 0 0 0 0 0.388883173 0.388480216 0 0 0 0 0 1 0 0 0 0.333333343 0.387761921 0.69062233 0.552782178 0.774747968 1 1
__smartatpg_bin_1254_1 0 0.00534707587 1.32184601 0 0.429962963 1.79027903 0 0.00916749611 0 0 0 0 0.00581607036 0.120020546 0 0.317649573 0.00650437735 0.56156379 0 0 0 0 0 0 0.630105674 0.278815776 0 0 0.257276803 0 0 0 0.00317862513 0 0 0 0 0 0.829456031 0 0.9628371 0 0.212810755 0 0 0 0 0 0 0 0 0 0 0.247607902 0 0.192030117 0 0 0 0 0 0 0.388883173 0.388480216 0 0 0 1 0 0 0 0 0 0.42592594 0.244650543 0.361869395 0.505652726 0.699678302 1 1
G2790 0 0.00534707587 1.32184601 0 0.429962963 1.79027903 0 0.00916749611 0 0 0 0 0.00581607036 0.120020546 0 0.317649573 0.00650437735 0.56156379 0 0 0 0 0 0 0.630105674 0.278815776 0 0 0.257276803 0 0 0 0.00317862513 0 0 0 0 0 0.829456031 0 0.9628371 0 0.212810755 0 0 0 0 0 0 0 0 0 0 0.247607902 0 0.192030117 0 0 0 0 0 0 0.388883173 0.388480216 0 0 0 0 1 0 0 0 0 0.444444448 0.244650543 0.470802933 0.530829132 0.681432843 1 1
G2842 0 0.00534707587 1.32184601 0 0.429962963 1.79027903 0 0.00916749611 0 0 0 0 0.00581607036 0.120020546 0 0.317649573 0.00650437735 0.56156379 0 0 0 0 0 0 0.630105674 0.278815776 0 0 0.257276803 0 0 0 0.00317862513 0 0 0 0 0 0.829456031 0 0.9628371 0 0.212810755 0 0 0 0 0 0 0 0 0 0 0.247607902 0 0.192030117 0 0 0 0 0 0 0.388883173 0.388480216 0 1 0 0 0 0 0 0 0 0.462962955 0.387761921 0.281589121 0.645916283 0.64295572 1 1
__smartatpg_bin_1270_1 0 0.00534707587 1.32184601 0 0.429962963 1.79027903 0 0.00916749611 0 0 0 0 0.00581607036 0.120020546 0 0.317649573 0.00650437735 0.56156379 0 0 0 0 0 0 0.630105674 0.278815776 0 0 0.257276803 0 0 0 0.00317862513 0 0 0 0 0 0.829456031 0 0.9628371 0 0.212810755 0 0 0 0 0 0 0 0 0 0 0.247607902 0 0.192030117 0 0 0 0 0 0 0.388883173 0.388480216 0 1 0 0 0 0 0 0 0 0.407407403 0.244650543 0.554195344 0.719495416 0.77561444 1 1
__smartatpg_bin_1308_2 0 0.00534707587 1.32184601 0 0.429962963 1.79027903 0 0.00916749611 0 0 0 0 0.00581607036 0.120020546 0 0.317649573 0.00650437735 0.56156379 0 0 0 0 0 0 0.630105674 0.278815776 0 0 0.257276803 0 0 0 0.00317862513 0 0 0 0 0 0.829456031 0 0.9628371 0 0.212810755 0 0 0 0 0 0 0 0 0 0 0.247607902 0 0.192030117 0 0 0 0 0 0 0.388883173 0.388480216 0 1 0 0 0 0 0 0 0 0.407407403 0.244650543 0.554195344 0.719495416 0.804600537 1 1
__smartatpg_bin_996_1 0 0.00534707587 1.32184601 0 0.429962963 1.79027903 0 0.00916749611 0 0 0 0 0.00581607036 0.120020546 0 0.317649573 0.00650437735 0.56156379 0 0 0 0 0 0 0.630105674 0.278815776 0 0 0.257276803 0 0 0 0.00317862513 0 0 0 0 0 0.829456031 0 0.9628371 0 0.212810755 0 0 0 0 0 0 0 0 0 0 0.247607902 0 0.192030117 0 0 0 0 0 0 0.388883173 0.388480216 0 0 0 1 0 0 0 0 0 0.240740746 0.244650543 0.454244703 0.440482408 0.70110333 1 1
G2333 0 0.00534707587 1.32184601 0 0.429962963 1.79027903 0 0.00916749611 0 0 0 0 0.00581607036 0.120020546 0 0.317649573 0.00650437735 0.56156379 0 0 0 0 0 0 0.630105674 0.278815776 0 0 0.257276803 0 0 0 0.00317862513 0 0 0 0 0 0.829456031 0 0.9628371 0 0.212810755 0 0 0 0 0 0 0 0 0 0 0.247607902 0 0.192030117 0 0 0 0 0 0 0.388883173 0.388480216 0 0 0 1 0 0 0 0 0 0.259259254 0.244650543 0.478470683 0.453209102 0.696787 1 1
G2444 0 0.00534707587 1.32184601 0 0.429962963 1.79027903 0 0.00916749611 0 0 0 0 0.00581607036 0.120020546 0 0.317649573 0.00650437735 0.56156379 0 0 0 0 0 0 0.630105674 0.278815776 0 0 0.257276803 0 0 0 0.00317862513 0 0 0 0 0 0.829456031 0 0.9628371 0 0.212810755 0 0 0 0 0 0 0 0 0 0 0.247607902 0 0.192030117 0 0 0 0 0 0 0.388883173 0.388480216 0 1 0 0 0 0 0 0 0 0.277777791 0.632412493 0.48578167 0.514461398 0.68776387 1 1
G2521 0 0.00534707587 1.32184601 0 0.429962963 1.79027903 0 0.00916749611 0 0 0 0 0.00581607036 0.120020546 0 0.317649573 0.00650437735 0.56156379 0 0 0 0 0 0 0.630105674 0.278815776 0 0 0.257276803 0 0 0 0.00317862513 0 0 0 0 0 0.829456031 0 0.9628371 0 0.212810755 0 0 0 0 0 0 0 0 0 0 0.247607902 0 0.192030117 0 0 0 0 0 0 0.388883173 0.388480216 0 0 0 0 0 1 0 0 0 0.296296299 0.387761921 0.478470683 0.538462877 0.746116042 1 1
G2533 0 0.00534707587 1.32184601 0 0.429962963 1.79027903 0 0.00916749611 0 0 0 0 0.00581607036 0.120020546 0 0.317649573 0.00650437735 0.56156379 0 0 0 0 0 0 0.630105674 0.278815776 0 0 0.257276803 0 0 0 0.00317862513 0 0 0 0 0 0.829456031 0 0.9628371 0 0.212810755 0 0 0 0 0 0 0 0 0 0 0.247607902 0 0.192030117 0 0 0 0 0 0 0.388883173 0.388480216 0 0 1 0 0 0 0 0 0 0.296296299 0.244650543 0.623962641 0.334173948 0.625248134 1 1
G2561 0 0.00534707587 1.32184601 0 0.429962963 1.79027903 0 0.00916749611 0 0 0 0 0.00581607036 0.120020546 0 0.317649573 0.00650437735 0.56156379 0 0 0 0 0 0 0.630105674 0.278815776 0 0 0.257276803 0 0 0 0.00317862513 0 0 0 0 0 0.829456031 0 0.9628371 0 0.212810755 0 0 0 0 0 0 0 0 0 0 0.247607902 0 0.192030117 0 0 0 0 0 0 0.388883173 0.388480216 0 0 1 0 0 0 0 0 0 0.314814806 0.244650543 0.674279511 0.357105464 0.622880518 1 1
G2589 0 0.00534707587 1.32184601 0 0.429962963 1.79027903 0 0.00916749611 0 0 0 0 0.00581607036 0.120020546 0 0.317649573 0.00650437735 0.56156379 0 0 0 0 0 0 0.630105674 0.278815776 0 0 0.257276803 0 0 0 0.00317862513 0 0 0 0 0 0.829456031 0 0.9628371 0 0.212810755 0 0 0 0 0 0 0 0 0 0 0.247607902 0 0.192030117 0 0 0 0 0 0 0.388883173 0.388480216 0 0 0 0 0 1 0 0 0 0.314814806 0.387761921 0.499456197 0.530829132 0.778184414 1 1
G2592 0 0.00534707587 1.32184601 0 0.429962963 1.79027903 0 0.00916749611 0 0 0 0 0.00581607036 0.120020546 0 0.317649573 0.00650437735 0.56156379 0 0 0 0 0 0 0.630105674 0.278815776 0 0 0.257276803 0 0 0 0.00317862513 0 0 0 0 0 0.829456031 0 0.9628371 0 0.212810755 0 0 0 0 0 0 0 0 0 0 0.247607902 0 0.192030117 0 0 0 0 0 0 0.388883173 0.388480216 0 0 0 0 0 1 0 0 0 0.314814806 0.387761921 0.499456197 0.530829132 0.74506104 1 1
G2617 0 0.00534707587 1.32184601 0 0.429962963 1.79027903 0 0.00916749611 0 0 0 0 0.00581607036 0.120020546 0 0.317649573 0.00650437735 0.56156379 0 0 0 0 0 0 0.630105674 0.278815776 0 0 0.257276803 0 0 0 0.00317862513 0 0 0 0 0 0.829456031 0 0.9628371 0 0.212810755 0 0 0 0 0 0 0 0 0 0 0.247607902 0 0.192030117 0 0 0 0 0 0 0.388883173 0.388480216 0 0 1 0 0 0 0 0 0 0.333333343 0.244650543 0.608389735 0.357105464 0.754299879 1 1
G2630 0 0.00534707587 1.32184601 0 0.429962963 1.79027903 0 0.00916749611 0 0 0 0 0.00581607036 0.120020546 0 0.317649573 0.00650437735 0.56156379 0 0 0 0 0 0 0.630105674 0.278815776 0 0 0.257276803 0 0 0 0.00317862513 0 0 0 0 0 0.829456031 0 0.9628371 0 0.212810755 0 0 0 0 0 0 0 0 0 0 0.247607902 0 0.192030117 0 0 0 0 0 0 0.388883173 0.388480216 0 0 0 0 0 1 0 0 0 0.333333343 0.244650543 0.492767632 0.552782178 0.743998587 1 1
G2646 0 0.00534707587 1.32184601 0 0.429962963 1.79027903 0 0.00916749611 0 0 0 0 0.00581607036 0.120020546 0 0.317649573 0.00650437735 0.56156379 0 0 0 0 0 0 0.630105674 0.278815776 0 0 0.257276803 0 0 0 0.00317862513 0 0 0 0 0 0.829456031 0 0.9628371 0 0.212810755 0 0 0 0 0 0 0 0 0 0 0.247607902 0 0.192030117 0 0 0 0 0 0 0.388883173 0.388480216 0 0 0 0 0 1 0 0 0 0.333333343 0.244650543 0.492767632 0.552782178 0.777332664 1 1
G2647 0 0.00534707587 1.32184601 0 0.429962963 1.79027903 0 0.00916749611 0 0 0 0 0.00581607036 0.120020546 0 0.317649573 0.00650437735 0.56156379 0 0 0 0 0 0 0.630105674 0.278815776 0 0 0.257276803 0 0 0 0.00317862513 0 0 0 0 0 0.829456031 0 0.9628371 0 0.212810755 0 0 0 0 0 0 0 0 0 0 0.247607902 0 0.192030117 0 0 0 0 0 0 0.388883173 0.388480216 0 0 1 0 0 0 0 0 0 0.333333343 0.244650543 0.608389735 0.357105464 0.785640836 1 1
G2659 0 0.00534707587 1.32184601 0 0.429962963 1.79027903 0 0.00916749611 0 0 0 0 0.00581607036 0.120020546 0 0.317649573 0.00650437735 0.56156379 0 0 0 0 0 0 0.630105674 0.278815776 0 0 0.257276803 0 0 0 0.00317862513 0 0 0 0 0 0.829456031 0 0.9628371 0 0.212810755 0 0 0 0 0 0 0 0 0 0 0.247607902 0 0.192030117 0 0 0 0 0 0 0.388883173 0.388480216 0 0 1 0 0 0 0 0 0 0.351851851 0.244650543 0.539678156 0.545771718 0.737460971 1 1
G2674 0 0.00534707587 1.32184601 0 0.429962963 1.79027903 0 0.00916749611 0 0 0 0 0.00581607036 0.120020546 0 0.317649573 0.00650437735 0.56156379 0 0 0 0 0 0 0.630105674 0.278815776 0 0 0.257276803 0 0 0 0.00317862513 0 0 0 0 0 0.829456031 0 0.9628371 0 0.212810755 0 0 0 0 0 0 0 0 0 0 0.247607902 0 0.192030117 0 0 0 0 0 0 0.388883173 0.388480216 0 0 1 0 0 0 0 0 0 0.351851851 0.244650543 0.539678156 0.545771718 0.772118032 1 1
G2680 0 0.00534707587 1.32184601 0 0.429962963 1.79027903 0 0.00916749611 0 0 0 0 0.00581607036 0.120020546 0 0.317649573 0.00650437735 0.56156379 0 0 0 0 0 0 0.630105674 0.278815776 0 0 0.257276803 0 0 0 0.00317862513 0 0 0 0 0 0.829456031 0 0.9628371 0 0.212810755 0 0 0 0 0 0 0 0 0 0 0.247607902 0 0.192030117 0 0 0 0 0 0 0.388883173 0.388480216 0 0 1 0 0 0 0 0 0 0.370370358 0.244650543 0.544667721 0.595175803 0.728277028 1 1
G2708 0 0.00534707587 1.32184601 0 0.429962963 1.79027903 0 0.00916749611 0 0 0 0 0.00581607036 0.120020546 0 0.317649573 0.00650437735 0.56156379 0 0 0 0 0 0 0.630105674 0.278815776 0 0 0.257276803 0 0 0 0.00317862513 0 0 0 0 0 0.829456031 0 0.9628371 0 0.212810755 0 0 0 0 0 0 0 0 0 0 0.247607902 0 0.192030117 0 0 0 0 0 0 0.388883173 0.388480216 0 0 1 0 0 0 0 0 0 0.370370358 0.387761921 0.544667721 0.595175803 0.764871299 1 1
G2715 0 0.00534707587 1.32184601 0 0.429962963 1.79027903 0 0.00916749611 0 0 0 0 0.00581607036 0.120020546 0 0.317649573 0.00650437735 0.56156379 0 0 0 0 0 0 0.630105674 0.278815776 0 0 0.257276803 0 0 0 0.00317862513 0 0 0 0 0 0.829456031 0 0.9628371 0 0.212810755 0 0 0 0 0 0 0 0 0 0 0.247607902 0 0.192030117 0 0 0 0 0 0 0.388883173 0.388480216 0 0 0 0 0 1 0 0 0 0.388888896 0.244650543 0.549503684 0.600460231 0.727088571 1 1
G2743 0 0.00534707587 1.32184601 0 0.429962963 1.79027903 0 0.00916749611 0 0 0 0 0.00581607036 0.120020546 0 0.317649573 0.00650437735 0.56156379 0 0 0 0 0 0 0.630105674 0.278815776 0 0 0.257276803 0 0 0 0.00317862513 0 0 0 0 0 0.829456031 0 0.9628371 0 0.212810755 0 0 0 0 0 0 0 0 0 0 0.247607902 0 0.192030117 0 0 0 0 0 0 0.388883173 0.388480216 0 1 0 0 0 0 0 0 0 0.407407403 0.244650543 0.281589121 0.649864316 0.713355005 1 1
G2780 0 0.00534707587 1.32184601 0 0.429962963 1.79027903 0 0.00916749611 0 0 0 0 0.00581607036 0.120020546 0 0.317649573 0.00650437735 0.56156379 0 0 0 0 0 0 0.630105674 0.278815776 0 0 0.257276803 0 0 0 0.00317862513 0 0 0 0 0 0.829456031 0 0.9628371 0 0.212810755 0 0 0 0 0 0 0 0 0 0 0.247607902 0 0.192030117 0 0 0 0 0 0 0.388883173 0.388480216 0 0 0 0 0 1 0 0 0 0.388888896 0.244650543 0.549503684 0.600460231 0.763940394 1 1
__smartatpg_bin_1128_1 0 0.00534707587 1.32184601 0 0.429962963 1.79027903 0 0.00916749611 0 0 0 0 0.00581607036 0.120020546 0 0.317649573 0.00650437735 0.56156379 0 0 0 0 0 0 0.630105674 0.278815776 0 0 0.257276803 0 0 0 0.00317862513 0 0 0 0 0 0.829456031 0 0.9628371 0 0.212810755 0 0 0 0 0 0 0 0 0 0 0.247607902 0 0.192030117 0 0 0 0 0 0 0.388883173 0.388480216 0 1 0 0 0 0 0 0 0 0.296296299 0.244650543 0.492767632 0.633496523 0.721001089 1 1
__smartatpg_bin_1148_1 0 0.00534707587 1.32184601 0 0.429962963 1.79027903 0 0.00916749611 0 0 0 0 0.00581607036 0.120020546 0 0.317649573 0.00650437735 0.56156379 0 0 0 0 0 0 0.630105674 0.278815776 0 0 0.257276803 0 0 0 0.00317862513 0 0 0 0 0 0.829456031 0 0.9628371 0 0.212810755 0 0 0 0 0 0 0 0 0 0 0.247607902 0 0.192030117 0 0 0 0 0 0 0.388883173 0.388480216 0 1 0 0 0 0 0 0 0 0.314814806 0.244650543 0.558750987 0.453209102 0.607833982 1 1
__smartatpg_bin_1255_1 0 0.00534707587 1.32184601 0 0.429962963 1.79027903 0 0.00916749611 0 0 0 0 0.00581607036 0.120020546 0 0.317649573 0.00650437735 0.56156379 0 0 0 0 0 0 0.630105674 0.278815776 0 0 0.257276803 0 0 0 0.00317862513 0 0 0 0 0 0.829456031 0 0.9628371 0 0.212810755 0 0 0 0 0 0 0 0 0 0 0.247607902 0 0.192030117 0 0 0 0 0 0 0.388883173 0.388480216 0 0 0 1 0 0 0 0 0 0.42592594 0.244650543 0.40310201 0.578270555 0.70391351 1 1
G2791 0 0.00534707587 1.32184601 0 0.429962963 1.79027903 0 0.00916749611 0 0 0 0 0.00581607036 0.120020546 0 0.317649573 0.00650437735 0.56156379 0 0 0 0 0 0 0.630105674 0.278815776 0 0 0.257276803 0 0 0 0.00317862513 0 0 0 0 0 0.829456031 0 0.9628371 0 0.212810755 0 0 0 0 0 0 0 0 0 0 0.247607902 0 0.192030117 0 0 0 0 0 0 0.388883173 0.388480216 0 0 0 0 1 0 0 0 0 0.444444448 0.244650543 0.534524977 0.552782178 0.686205924 1 1
G2845 0 0.00534707587 1.32184601 0 0.429962963 1.79027903 0 0.00916749611 0 0 0 0 0.00581607036 0.120020546 0 0.317649573 0.00650437735 0.56156379 0 0 0 0 0 0 0.630105674 0.278815776 0 0 0.257276803 0 0 0 0.00317862513 0 0 0 0 0 0.829456031 0 0.9628371 0 0.212810755 0 0 0 0 0 0 0 0 0 0 0.247607902 0 0.192030117 0 0 0 0 0 0 0.388883173 0.388480216 0 1 0 0 0 0 0 0 0 0.462962955 0.387761921 0.281589121 0.657498062 0.649092913 1 1
__smartatpg_bin_997_1 0 0.00534707587 1.32184601 0 0.429962963 1.79027903 0 0.00916749611 0 0 0 0 0.00581607036 0.120020546 0 0.317649573 0.00650437735 0.56156379 0 0 0 0 0 0 0.630105674 0.278815776 0 0 0.257276803 0 0 0 0.00317862513 0 0 0 0 0 0.829456031 0 0.9628371 0 0.212810755 0 0 0 0 0 0 0 0 0 0 0.247607902 0 0.192030117 0 0 0 0 0 0 0.388883173 0.388480216 0 0 0 1 0 0 0 0 0 0.240740746 0.244650543 0.454244703 0.440482408 0.666130781 1 1
G2334 0 0.00534707587 1.32184601 0 0.429962963 1.79027903 0 0.00916749611 0 0 0 0 0.00581607036 0.120020546 0 0.317649573 0.00650437735 0.56156379 0 0 0 0 0 0 0.630105674 0.278815776 0 0 0.257276803 0 0 0 0.00317862513 0 0 0 0 0 0.829456031 0 0.9628371 0 0.212810755 0 0 0 0 0 0 0 0 0 0 0.247607902 0 0.192030117 0 0 0 0 0 0 0.388883173 0.388480216 0 0 0 1 0 0 0 0 0 0.259259254 0.244650543 0.478470683 0.453209102 0.660663247 1 1
G2451 0 0.00534707587 1.32184601 0 0.429962963 1.79027903 0 0.00916749611 0 0 0 0 0.00581607036 0.120020546 0 0.317649573 0.00650437735 0.56156379 0 0 0 0 0 0 0.630105674 0.278815776 0 0 0.257276803 0 0 0 0.00317862513 0 0 0 0 0 0.829456031 0 0.9628371 0 0.212810755 0 0 0 0 0 0 0 0 0 0 0.247607902 0 0.192030117 0 0 0 0 0 0 0.388883173 0.388480216 0 1 0 0 0 0 0 0 0 0.277777791 0.489301085 0.48578167 0.514461398 0.649092913 1 1
G2524 0 0.00534707587 1.32184601 0 0.429962963 1.79027903 0 0.00916749611 0 0 0 0 0.00581607036 0.120020546 0 0.317649573 0.00650437735 0.56156379 0 0 0 0 0 0 0.630105674 0.278815776 0 0 0.257276803 0 0 0 0.00317862513 0 0 0 0 0 0.829456031 0 0.9628371 0 0.212810755 0 0 0 0 0 0 0 0 0 0 0.247607902 0 0.192030117 0 0 0 0 0 0 0.388883173 0.388480216 0 0 0 0 0 1 0 0 0 0.296296299 0.387761921 0.478470683 0.538462877 0.647074878 1 1
G2595 0 0.00534707587 1.32184601 0 0.429962963 1.79027903 0 0.00916749611 0 0 0 0 0.00581607036 0.120020546 0 0.317649573 0.00650437735 0.56156379 0 0 0 0 0 0 0.630105674 0.278815776 0 0 0.257276803 0 0 0 0.00317862513 0 0 0 0 0 0.829456031 0 0.9628371 0 0.212810755 0 0 0 0 0 0 0 0 0 0 0.247607902 0 0.192030117 0 0 0 0 0 0 0.388883173 0.388480216 0 0 0 0 0 1 0 0 0 0.314814806 0.387761921 0.499456197 0.530829132 0.645029426 1 1
G2598 0 0.00534707587 1.32184601 0 0.429962963 1.79027903 0 0.00916749611 0 0 0 0 0.00581607036 0.120020546 0 0.317649573 0.00650437735 0.56156379 0 0 0 0 0 0 0.630105674 0.278815776 0 0 0.257276803 0 0 0 0.00317862513 0 0 0 0 0 0.829456031 0 0.9628371 0 0.212810755 0 0 0 0 0 0 0 0 0 0 0.247607902 0 0.192030117 0 0 0 0 0 0 0.388883173 0.388480216 0 0 0 0 0 1 0 0 0 0.314814806 0.387761921 0.499456197 0.530829132 0.74506104 1 1
G2618 0 0.00534707587 1.32184601 0 0.429962963 1.79027903 0 0.00916749611 0 0 0 0 0.00581607036 0.120020546 0 0.317649573 0.00650437735 0.56156379 0 0 0 0 0 0 0.630105674 0.278815776 0 0 0.257276803 0 0 0 0.00317862513 0 0 0 0 0 0.829456031 0 0.9628371 0 0.212810755 0 0 0 0 0 0 0 0 0 0 0.247607902 0 0.192030117 0 0 0 0 0 0 0.388883173 0.388480216 0 0 1 0 0 0 0 0 0 0.333333343 0.244650543 0.608389735 0.357105464 0.754299879 1 1
G2631 0 0.00534707587 1.32184601 0 0.429962963 1.79027903 0 0.00916749611 0 0 0 0 0.00581607036 0.120020546 0 0.317649573 0.00650437735 0.56156379 0 0 0 0 0 0 0.630105674 0.278815776 0 0 0.257276803 0 0 0 0.00317862513 0 0 0 0 0 0.829456031 0 0.9628371 0 0.212810755 0 0 0 0 0 0 0 0 0 0 0.247607902 0 0.192030117 0 0 0 0 0 0 0.388883173 0.388480216 0 0 0 0 0 1 0 0 0 0.333333343 0.244650543 0.492767632 0.552782178 0.743998587 1 1
G2635 0 0.00534707587 1.32184601 0 0.429962963 1.79027903 0 0.00916749611 0 0 0 0 0.00581607036 0.120020546 0 0.317649573 0.00650437735 0.56156379 0 0 0 0 0 0 0.630105674 0.278815776 0 0 0.257276803 0 0 0 0.00317862513 0 0 0 0 0 0.829456031 0 0.9628371 0 0.212810755 0 0 0 0 0 0 0 0 0 0 0.247607902 0 0.192030117 0 0 0 0 0 0 0.388883173 0.388480216 0 0 0 0 0 1 0 0 0 0.333333343 0.244650543 0.492767632 0.552782178 0.64295572 1 1
G2636 0 0.00534707587 1.32184601 0 0.429962963 1.79027903 0 0.00916749611 0 0 0 0 0.00581607036 0.120020546 0 0.317649573 0.00650437735 0.56156379 0 0 0 0 0 0 0.630105674 0.278815776 0 0 0.257276803 0 0 0 0.00317862513 0 0 0 0 0 0.829456031 0 0.9628371 0 0.212810755 0 0 0 0 0 0 0 0 0 0 0.247607902 0 0.192030117 0 0 0 0 0 0 0.388883173 0.388480216 0 0 1 0 0 0 0 0 0 0.333333343 0.244650543 0.608389735 0.357105464 0.662507951 1 1
G2660 0 0.00534707587 1.32184601 0 0.429962963 1.79027903 0 0.00916749611 0 0 0 0 0.00581607036 0.120020546 0 0.317649573 0.00650437735 0.56156379 0 0 0 0 0 0 0.630105674 0.278815776 0 0 0.257276803 0 0 0 0.00317862513 0 0 0 0 0 0.829456031 0 0.9628371 0 0.212810755 0 0 0 0 0 0 0 0 0 0 0.247607902 0 0.192030117 0 0 0 0 0 0 0.388883173 0.388480216 0 0 1 0 0 0 0 0 0 0.351851851 0.244650543 0.539678156 0.545771718 0.737460971 1 1
G2665 0 0.00534707587 1.32184601 0 0.429962963 1.79027903 0 0.00916749611 0 0 0 0 0.00581607036 0.120020546 0 0.317649573 0.00650437735 0.56156379 0 0 0 0 0 0 0.630105674 0.278815776 0 0 0.257276803 0 0 0 0.00317862513 0 0 0 0 0 0.829456031 0 0.9628371 0 0.212810755 0 0 0 0 0 0 0 0 0 0 0.247607902 0 0.192030117 0 0 0 0 0 0 0.388883173 0.388480216 0 0 1 0 0 0 0 0 0 0.351851851 0.244650543 0.539678156 0.545771718 0.629874408 1 1
G2682 0 0.00534707587 1.32184601 0 0.429962963 1.79027903 0 0.00916749611 0 0 0 0 0.00581607036 0.120020546 0 0.317649573 0.00650437735 0.56156379 0 0 0 0 0 0 0.630105674 0.278815776 0 0 0.257276803 0 0 0 0.00317862513 0 0 0 0 0 0.829456031 0 0.9628371 0 0.212810755 0 0 0 0 0 0 0 0 0 0 0.247607902 0 0.192030117 0 0 0 0 0 0 0.388883173 0.388480216 0 0 1 0 0 0 0 0 0 0.370370358 0.244650543 0.544667721 0.595175803 0.728277028 1 1
G2699 0 0.00534707587 1.32184601 0 0.429962963 1.79027903 0 0.00916749611 0 0 0 0 0.00581607036 0.120020546 0 0.317649573 0.00650437735 0.56156379 0 0 0 0 0 0 0.630105674 0.278815776 0 0 0.257276803 0 0 0 0.00317862513 0 0 0 0 0 0.829456031 0 0.9628371 0 0.212810755 0 0 0 0 0 0 0 0 0 0 0.247607902 0 0.192030117 0 0 0 0 0 0 0.388883173 0.388480216 0 0 1 0 0 0 0 0 0 0.370370358 0.632412493 0.544667721 0.595175803 0.610448658 1 1
G2717 0 0.00534707587 1.32184601 0 0.429962963 1.79027903 0 0.00916749611 0 0 0 0 0.00581607036 0.120020546 0 0.317649573 0.00650437735 0.56156379 0 0 0 0 0 0 0.630105674 0.278815776 0 0 0.257276803 0 0 0 0.00317862513 0 0 0 0 0 0.829456031 0 0.9628371 0 0.212810755 0 0 0 0 0 0 0 0 0 0 0.247607902 0 0.192030117 0 0 0 0 0 0 0.388883173 0.388480216 0 0 0 0 0 1 0 0 0 0.388888896 0.244650543 0.549503684 0.600460231 0.727088571 1 1
G2745 0 0.00534707587 1.32184601 0 0.429962963 1.79027903 0 0.00916749611 0 0 0 0 0.00581607036 0.120020546 0 0.317649573 0.00650437735 0.56156379 0 0 0 0 0 0 0.630105674 0.278815776 0 0 0.257276803 0 0 0 0.00317862513 0 0 0 0 0 0.829456031 0 0.9628371 0 0.212810755 0 0 0 0 0 0 0 0 0 0 0.247607902 0 0.192030117 0 0 0 0 0 0 0.388883173 0.388480216 0 1 0 0 0 0 0 0 0 0.407407403 0.244650543 0.281589121 0.649864316 0.713355005 1 1
G2778 0 0.00534707587 1.32184601 0 0.429962963 1.79027903 0 0.00916749611 0 0 0 0 0.00581607036 0.120020546 0 0.317649573 0.00650437735 0.56156379 0 0 0 0 0 0 0.630105674 0.278815776 0 0 0.257276803 0 0 0 0.00317862513 0 0 0 0 0 0.829456031 0 0.9628371 0 0.212810755 0 0 0 0 0 0 0 0 0 0 0.247607902 0 0.192030117 0 0 0 0 0 0 0.388883173 0.388480216 0 1 0 0 0 0 0 0 0 0.388888896 0.244650543 0.549503684 0.633496523 0.588135123 1 1
G2784 0 0.00534707587 1.32184601 0 0.429962963 1.79027903 0 0.00916749611 0 0 0 0 0.00581607036 0.120020546 0 0.317649573 0.00650437735 0.56156379 0 0 0 0 0 0 0.630105674 0.278815776 0 0 0.257276803 0 0 0 0.00317862513 0 0 0 0 0 0.829456031 0 0.9628371 0 0.212810755 0 0 0 0 0 0 0 0 0 0 0.247607902 0 0.192030117 0 0 0 0 0 0 0.388883173 0.388480216 0 0 0 0 0 1 0 0 0 0.388888896 0.387761921 0.549503684 0.600460231 0.70391351 1 1
G2799 0 0.00534707587 1.32184601 0 0.429962963 1.79027903 0 0.00916749611 0 0 0 0 0.00581607036 0.120020546 0 0.317649573 0.00650437735 0.56156379 0 0 0 0 0 0 0.630105674 0.278815776 0 0 0.257276803 0 0 0 0.00317862513 0 0 0 0 0 0.829456031 0 0.9628371 0 0.212810755 0 0 0 0 0 0 0 0 0 0 0.247607902 0 0.192030117 0 0 0 0 0 0 0.388883173 0.388480216 0 0 0 1 0 0 0 0 0 0.407407403 0.489301085 0.579736471 0.62468785 0.565460324 1 1
G2831 0 0.00534707587 1.32184601 0 0.429962963 1.79027903 0 0.00916749611 0 0 0 0 0.00581607036 0.120020546 0 0.317649573 0.00650437735 0.56156379 0 0 0 0 0 0 0.630105674 0.278815776 0 0 0.257276803 0 0 0 0.00317862513 0 0 0 0 0 0.829456031 0 0.9628371 0 0.212810755 0 0 0 0 0 0 0 0 0 0 0.247607902 0 0.192030117 0 0 0 0 0 0 0.388883173 0.388480216 0 0 1 0 0 0 0 0 0 0.407407403 0.244650543 0.67211175 0.395426244 0.724683046 1 1
G2832 0 0.00534707587 1.32184601 0 0.429962963 1.79027903 0 0.00916749611 0 0 0 0 0.00581607036 0.120020546 0 0.317649573 0.00650437735 0.56156379 0 0 0 0 0 0 0.630105674 0.278815776 0 0 0.257276803 0 0 0 0.00317862513 0 0 0 0 0 0.829456031 0 0.9628371 0 0.212810755 0 0 0 0 0 0 0 0 0 0 0.247607902 0 0.192030117 0 0 0 0 0 0 0.388883173 0.388480216 0 0 0 0 0 1 0 0 0 0.407407403 0.244650543 0.554195344 0.605586946 0.702514946 1 1
G2883 0 0.00534707587 1.32184601 0 0.429962963 1.79027903 0 0.00916749611 0 0 0 0 0.00581607036 0.120020546 0 0.317649573 0.00650437735 0.56156379 0 0 0 0 0 0 0.630105674 0.278815776 0 0 0.257276803 0 0 0 0.00317862513 0 0 0 0 0 0.829456031 0 0.9628371 0 0.212810755 0 0 0 0 0 0 0 0 0 0 0.247607902 0 0.192030117 0 0 0 0 0 0 0.388883173 0.388480216 0 0 1 0 0 0 0 0 0 0.42592594 0.244650543 0.587404251 0.610565007 0.690832198 1 1
G2884 0 0.00534707587 1.32184601 0 0.429962963 1.79027903 0 0.00916749611 0 0 0 0 0.00581607036 0.120020546 0 0.317649573 0.00650437735 0.56156379 0 0 0 0 0 0 0.630105674 0.278815776 0 0 0.257276803 0 0 0 0.00317862513 0 0 0 0 0 0.829456031 0 0.9628371 0 0.212810755 0 0 0 0 0 0 0 0 0 0 0.247607902 0 0.192030117 0 0 0 0 0 0 0.388883173 0.388480216 0 0 0 0 0 1 0 0 0 0.42592594 0.387761921 0.575757563 0.637737036 0.561922789 1 1
G2899 0 0.00534707587 1.32184601 0 0.429962963 1.79027903 0 0.00916749611 0 0 0 0 0.00581607036 0.120020546 0 0.317649573 0.00650437735 0.56156379 0 0 0 0 0 0 0.630105674 0.278815776 0 0 0.257276803 0 0 0 0.00317862513 0 0 0 0 0 0.829456031 0 0.9628371 0 0.212810755 0 0 0 0 0 0 0 0 0 0 0.247607902 0 0.192030117 0 0 0 0 0 0 0.388883173 0.388480216 0 0 0 0 0 1 0 0 0 0.42592594 0.387761921 0.575757563 0.637737036 0.756278038 1 1
G2913 0 0.00534707587 1.32184601 0 0.429962963 1.79027903 0 0.00916749611 0 0 0 0 0.00581607036 0.120020546 0 0.317649573 0.00650437735 0.56156379 0 0 0 0 0 0 0.630105674 0.278815776 0 0 0.257276803 0 0 0 0.00317862513 0 0 0 0 0 0.829456031 0 0.9628371 0 0.212810755 0 0 0 0 0 0 0 0 0 0 0.247607902 0 0.192030117 0 0 0 0 0 0 0.388883173 0.388480216 0 0 1 0 0 0 0 0 0 0.444444448 0.387761921 0.598246992 0.645916283 0.674823403 1 1
G2942 0 0.00534707587 1.32184601 0 0.429962963 1.79027903 0 0.00916749611 0 0 0 0 0.00581607036 0.120020546 0 0.317649573 0.00650437735 0.56156379 0 0 0 0 0 0 0.630105674 0.278815776 0 0 0.257276803 0 0 0 0.00317862513 0 0 0 0 0 0.829456031 0 0.9628371 0 0.212810755 0 0 0 0 0 0 0 0 0 0 0.247607902 0 0.192030117 0 0 0 0 0 0 0.388883173 0.388480216 0 0 0 0 0 1 0 0 0 0.444444448 0.244650543 0.587404251 0.633496523 0.70391351 1 1
G2943 0 0.00534707587 1.32184601 0 0.429962963 1.79027903 0 0.00916749611 0 0 0 0 0.00581607036 0.120020546 0 0.317649573 0.00650437735 0.56156379 0 0 0 0 0 0 0.630105674 0.278815776 0 0 0.257276803 0 0 0 0.00317862513 0 0 0 0 0 0.829456031 0 0.9628371 0 0.212810755 0 0 0 0 0 0 0 0 0 0 0.247607902 0 0.192030117 0 0 0 0 0 0 0.388883173 0.388480216 0 1 0 0 0 0 0 0 0 0.444444448 0.244650543 0.579736471 0.750371516 0.20841606 1 1
G2960 0 0.00534707587 1.32184601 0 0.429962963 1.79027903 0 0.00916749611 0 0 0 0 0.00581607036 0.120020546 0 0.317649573 0.00650437735 0.56156379 0 0 0 0 0 0 0.630105674 0.278815776 0 0 0.257276803 0 0 0 0.00317862513 0 0 0 0 0 0.829456031 0 0.9628371 0 0.212810755 0 0 0 0 0 0 0 0 0 0 0.247607902 0 0.192030117 0 0 0 0 0 0 0.388883173 0.388480216 0 0 0 0 0 1 0 0 0 0.444444448 0.244650543 0.587404251 0.633496523 0.756278038 1 1
G2961 0 0.00534707587 1.32184601 0 0.429962963 1.79027903 0 0.00916749611 0 0 0 0 0.00581607036 0.120020546 0 0.317649573 0.00650437735 0.56156379 0 0 0 0 0 0 0.630105674 0.278815776 0 0 0.257276803 0 0 0 0.00317862513 0 0 0 0 0 0.829456031 0 0.9628371 0 0.212810755 0 0 0 0 0 0 0 0 0 0 0.247607902 0 0.192030117 0 0 0 0 0 0 0.388883173 0.388480216 0 0 1 0 0 0 0 0 0 0.444444448 0.244650543 0.678527296 0.610565007 0.718495369 1 1
G2995 0 0.00534707587 1.32184601 0 0.429962963 1.79027903 0 0.00916749611 0 0 0 0 0.00581607036 0.120020546 0 0.317649573 0.00650437735 0.56156379 0 0 0 0 0 0 0.630105674 0.278815776 0 0 0.257276803 0 0 0 0.00317862513 0 0 0 0 0 0.829456031 0 0.9628371 0 0.212810755 0 0 0 0 0 0 0 0 0 0 0.247607902 0 0.192030117 0 0 0 0 0 0 0.388883173 0.388480216 0 0 1 0 0 0 0 0 0 0.462962955 0.244650543 0.674279511 0.605586946 0.719753444 1 1
G2999 0 0.00534707587 1.32184601 0 0.429962963 1.79027903 0 0.00916749611 0 0 0 0 0.00581607036 0.120020546 0 0.317649573 0.00650437735 0.56156379 0 0 0 0 0 0 0.630105674 0.278815776 0 0 0.257276803 0 0 0 0.00317862513 0 0 0 0 0 0.829456031 0 0.9628371 0 0.212810755 0 0 0 0 0 0 0 0 0 0 0.247607902 0 0.192030117 0 0 0 0 0 0 0.388883173 0.388480216 0 0 0 0 0 1 0 0 0 0.462962955 0.387761921 0.594715238 0.657498062 0.673124611 1 1
G3002 0 0.00534707587 1.32184601 0 0.429962963 1.79027903 0 0.00916749611 0 0 0 0 0.00581607036 0.120020546 0 0.317649573 0.00650437735 0.56156379 0 0 0 0 0 0 0.630105674 0.278815776 0 0 0.257276803 0 0 0 0.00317862513 0 0 0 0 0 0.829456031 0 0.9628371 0 0.212810755 0 0 0 0 0 0 0 0 0 0 0.247607902 0 0.192030117 0 0 0 0 0 0 0.388883173 0.388480216 0 0 0 0 0 1 0 0 0 0.462962955 0.387761921 0.594715238 0.657498062 0.731787086 1 1
G3027 0 0.00534707587 1.32184601 0 0.429962963 1.79027903 0 0.00916749611 0 0 0 0 0.00581607036 0.120020546 0 0.317649573 0.00650437735 0.56156379 0 0 0 0 0 0 0.630105674 0.278815776 0 0 0.257276803 0 0 0 0.00317862513 0 0 0 0 0 0.829456031 0 0.9628371 0 0.212810755 0 0 0 0 0 0 0 0 0 0 0.247607902 0 0.192030117 0 0 0 0 0 0 0.388883173 0.388480216 0 0 1 0 0 0 0 0 0 0.481481493 0.387761921 0.665423214 0.739143252 0.66790998 1 1
G3035 0 0.00534707587 1.32184601 0 0.429962963 1.79027903 0 0.00916749611 0 0 0 0 0.00581607036 0.120020546 0 0.317649573 0.00650437735 0.56156379 0 0 0 0 0 0 0.630105674 0.278815776 0 0 0.257276803 0 0 0 0.00317862513 0 0 0 0 0 0.829456031 0 0.9628371 0 0.212810755 0 0 0 0 0 0 0 0 0 0 0.247607902 0 0.192030117 0 0 0 0 0 0 0.388883173 0.388480216 0 0 0 0 0 1 0 0 0 0.481481493 0.244650543 0.605081022 0.653723598 0.671406448 1 1
G3037 0 0.00534707587 1.32184601 0 0.429962963 1.79027903 0 0.00916749611 0 0 0 0 0.00581607036 0.120020546 0 0.317649573 0.00650437735 0.56156379 0 0 0 0 0 0 0.630105674 0.278815776 0 0 0.257276803 0 0 0 0.00317862513 0 0 0 0 0 0.829456031 0 0.9628371 0 0.212810755 0 0 0 0 0 0 0 0 0 0 0.247607902 0 0.192030117 0 0 0 0 0 0 0.388883173 0.388480216 0 0 0 0 0 1 0 0 0 0.481481493 0.244650543 0.605081022 0.653723598 0.730626166 1 1
G3063 0 0.00534707587 1.32184601 0 0.429962963 1.79027903 0 0.00916749611 0 0 0 0 0.00581607036 0.120020546 0 0.317649573 0.00650437735 0.56156379 0 0 0 0 0 0 0.630105674 0.278815776 0 0 0.257276803 0 0 0 0.00317862513 0 0 0 0 0 0.829456031 0 0.9628371 0 0.212810755 0 0 0 0 0 0 0 0 0 0 0.247607902 0 0.192030117 0 0 0 0 0 0 0.388883173 0.388480216 0 0 0 0 0 1 0 0 0 0.5 0.244650543 0.678527296 0.729600191 0.806018829 1 1
__smartatpg_bin_1130_2 0 0.00534707587 1.32184601 0 0.429962963 1.79027903 0 0.00916749611 0 0 0 0 0.00581607036 0.120020546 0 0.317649573 0.00650437735 0.56156379 0 0 0 0 0 0 0.630105674 0.278815776 0 0 0.257276803 0 0 0 0.00317862513 0 0 0 0 0 0.829456031 0 0.9628371 0 0.212810755 0 0 0 0 0 0 0 0 0 0 0.247607902 0 0.192030117 0 0 0 0 0 0 0.388883173 0.388480216 0 1 0 0 0 0 0 0 0 0.296296299 0.244650543 0.492767632 0.633496523 0.714656651 1 1
G2562 0 0.00534707587 1.32184601 0 0.429962963 1.79027903 0 0.00916749611 0 0 0 0 0.00581607036 0.120020546 0 0.317649573 0.00650437735 0.56156379 0 0 0 0 0 0 0.630105674 0.278815776 0 0 0.257276803 0 0 0 0.00317862513 0 0 0 0 0 0.829456031 0 0.9628371 0 0.212810755 0 0 0 0 0 0 0 0 0 0 0.247607902 0 0.192030117 0 0 0 0 0 0 0.388883173 0.388480216 0 0 1 0 0 0 0 0 0 0.314814806 0.244650543 0.712333739 0.357105464 0.622880518 1 1
__smartatpg_bin_1148_2 0 0.00534707587 1.32184601 0 0.429962963 1.79027903 0 0.00916749611 0 0 0 0 0.00581607036 0.120020546 0 0.317649573 0.00650437735 0.56156379 0 0 0 0 0 0 0.630105674 0.278815776 0 0 0.257276803 0 0 0 0.00317862513 0 0 0 0 0 0.829456031 0 0.9628371 0 0.212810755 0 0 0 0 0 0 0 0 0 0 0.247607902 0 0.192030117 0 0 0 0 0 0 0.388883173 0.388480216 0 1 0 0 0 0 0 0 0 0.333333343 0.244650543 0.676417768 0.476140618 0.60246408 1 1
G2610 0 0.00534707587 1.32184601 0 0.429962963 1.79027903 0 0.00916749611 0 0 0 0 0.00581607036 0.120020546 0 0.317649573 0.00650437735 0.56156379 0 0 0 0 0 0 0.630105674 0.278815776 0 0 0.257276803 0 0 0 0.00317862513 0 0 0 0 0 0.829456031 0 0.9628371 0 0.212810755 0 0 0 0 0 0 0 0 0 0 0.247607902 0 0.192030117 0 0 0 0 0 0 0.388883173 0.388480216 0 0 1 0 0 0 0 0 0 0.351851851 0.387761921 0.534524977 0.615402818 0.558299899 1 1
G2654 0 0.00534707587 1.32184601 0 0.429962963 1.79027903 0 0.00916749611 0 0 0 0 0.00581607036 0.120020546 0 0.317649573 0.00650437735 0.56156379 0 0 0 0 0 0 0.630105674 0.278815776 0 0 0.257276803 0 0 0 0.00317862513 0 0 0 0 0 0.829456031 0 0.9628371 0 0.212810755 0 0 0 0 0 0 0 0 0 0 0.247607902 0 0.192030117 0 0 0 0 0 0 0.388883173 0.388480216 0 0 1 0 0 0 0 0 0 0.370370358 0.244650543 0.747064173 0.552782178 0.525666356 1 1
G2666 0 0.00534707587 1.32184601 0 0.429962963 1.79027903 0 0.00916749611 0 0 0 0 0.00581607036 0.120020546 0 0.317649573 0.00650437735 0.56156379 0 0 0 0 0 0 0.630105674 0.278815776 0 0 0.257276803 0 0 0 0.00317862513 0 0 0 0 0 0.829456031 0 0.9628371 0 0.212810755 0 0 0 0 0 0 0 0 0 0 0.247607902 0 0.192030117 0 0 0 0 0 0 0.388883173 0.388480216 0 1 0 0 0 0 0 0 0 0.370370358 0.387761921 0.414748639 0.633496523 0.542866886 1 1
G2675 0 0.00534707587 1.32184601 0 0.429962963 1.79027903 0 0.00916749611 0 0 0 0 0.00581607036 0.120020546 0 0.317649573 0.00650437735 0.56156379 0 0 0 0 0 0 0.630105674 0.278815776 0 0 0.257276803 0 0 0 0.00317862513 0 0 0 0 0 0.829456031 0 0.9628371 0 0.212810755 0 0 0 0 0 0 0 0 0 0 0.247607902 0 0.192030117 0 0 0 0 0 0 0.388883173 0.388480216 0 1 0 0 0 0 0 0 0 0.388888896 0.244650543 0.571675301 0.691279411 0.10420803 1 1
G2721 0 0.00534707587 1.32184601 0 0.429962963 1.79027903 0 0.00916749611 0 0 0 0 0.00581607036 0.120020546 0 0.317649573 0.00650437735 0.56156379 0 0 0 0 0 0 0.630105674 0.278815776 0 0 0.257276803 0 0 0 0.00317862513 0 0 0 0 0 0.829456031 0 0.9628371 0 0.212810755 0 0 0 0 0 0 0 0 0 0 0.247607902 0 0.192030117 0 0 0 0 0 0 0.388883173 0.388480216 0 0 0 0 0 1 0 0 0 0.388888896 0.686820924 0.583617091 0.465057343 0.538747668 1 1
G2733 0 0.00534707587 1.32184601 0 0.429962963 1.79027903 0 0.00916749611 0 0 0 0 0.00581607036 0.120020546 0 0.317649573 0.00650437735 0.56156379 0 0 0 0 0 0 0.630105674 0.278815776 0 0 0.257276803 0 0 0 0.00317862513 0 0 0 0 0 0.829456031 0 0.9628371 0 0.212810755 0 0 0 0 0 0 0 0 0 0 0.247607902 0 0.192030117 0 0 0 0 0 0 0.388883173 0.388480216 0 0 0 0 0 1 0 0 0 0.388888896 0.387761921 0.583617091 0.465057343 0.730626166 1 1
G2795 0 0.00534707587 1.32184601 0 0.429962963 1.79027903 0 0.00916749611 0 0 0 0 0.00581607036 0.120020546 0 0.317649573 0.00650437735 0.56156379 0 0 0 0 0 0 0.630105674 0.278815776 0 0 0.257276803 0 0 0 0.00317862513 0 0 0 0 0 0.829456031 0 0.9628371 0 0.212810755 0 0 0 0 0 0 0 0 0 0 0.247607902 0 0.192030117 0 0 0 0 0 0 0.388883173 0.388480216 0 1 0 0 0 0 0 0 0 0.407407403 0.244650543 0.587404251 0.633496523 0.761112571 1 1
G2804 0 0.00534707587 1.32184601 0 0.429962963 1.79027903 0 0.00916749611 0 0 0 0 0.00581607036 0.120020546 0 0.317649573 0.00650437735 0.56156379 0 0 0 0 0 0 0.630105674 0.278815776 0 0 0.257276803 0 0 0 0.00317862513 0 0 0 0 0 0.829456031 0 0.9628371 0 0.212810755 0 0 0 0 0 0 0 0 0 0 0.247607902 0 0.192030117 0 0 0 0 0 0 0.388883173 0.388480216 0 0 0 0 0 1 0 0 0 0.407407403 0.244650543 0.435734153 0.641875327 0.706672132 1 1
G2805 0 0.00534707587 1.32184601 0 0.429962963 1.79027903 0 0.00916749611 0 0 0 0 0.00581607036 0.120020546 0 0.317649573 0.00650437735 0.56156379 0 0 0 0 0 0 0.630105674 0.278815776 0 0 0.257276803 0 0 0 0.00317862513 0 0 0 0 0 0.829456031 0 0.9628371 0 0.212810755 0 0 0 0 0 0 0 0 0 0 0.247607902 0 0.192030117 0 0 0 0 0 0 0.388883173 0.388480216 0 0 0 0 0 1 0 0 0 0.407407403 0.387761921 0.435734153 0.641875327 0.53451246 1 1
G2808 0 0.00534707587 1.32184601 0 0.429962963 1.79027903 0 0.00916749611 0 0 0 0 0.00581607036 0.120020546 0 0.317649573 0.00650437735 0.56156379 0 0 0 0 0 0 0.630105674 0.278815776 0 0 0.257276803 0 0 0 0.00317862513 0 0 0 0 0 0.829456031 0 0.9628371 0 0.212810755 0 0 0 0 0 0 0 0 0 0 0.247607902 0 0.192030117 0 0 0 0 0 0 0.388883173 0.388480216 0 0 0 0 0 1 0 0 0 0.407407403 0.244650543 0.435734153 0.641875327 0.750263631 1 1
G2816 0 0.00534707587 1.32184601 0 0.429962963 1.79027903 0 0.00916749611 0 0 0 0 0.00581607036 0.120020546 0 0.317649573 0.00650437735 0.56156379 0 0 0 0 0 0 0.630105674 0.278815776 0 0 0.257276803 0 0 0 0.00317862513 0 0 0 0 0 0.829456031 0 0.9628371 0 0.212810755 0 0 0 0 0 0 0 0 0 0 0.247607902 0 0.192030117 0 0 0 0 0 0 0.388883173 0.388480216 0 0 0 1 0 0 0 0 0 0.42592594 0.489301085 0.67211175 0.620108068 0.729456186 1 1
G2826 0 0.00534707587 1.32184601 0 0.429962963 1.79027903 0 0.00916749611 0 0 0 0 0.00581607036 0.120020546 0 0.317649573 0.00650437735 0.56156379 0 0 0 0 0 0 0.630105674 0.278815776 0 0 0.257276803 0 0 0 0.00317862513 0 0 0 0 0 0.829456031 0 0.9628371 0 0.212810755 0 0 0 0 0 0 0 0 0 0 0.247607902 0 0.192030117 0 0 0 0 0 0 0.388883173 0.388480216 0 1 0 0 0 0 0 0 0 0.407407403 0.244650543 0.554195344 0.664806902 0.765796483 1 1
G2893 0 0.00534707587 1.32184601 0 0.429962963 1.79027903 0 0.00916749611 0 0 0 0 0.00581607036 0.120020546 0 0.317649573 0.00650437735 0.56156379 0 0 0 0 0 0 0.630105674 0.278815776 0 0 0.257276803 0 0 0 0.00317862513 0 0 0 0 0 0.829456031 0 0.9628371 0 0.212810755 0 0 0 0 0 0 0 0 0 0 0.247607902 0 0.192030117 0 0 0 0 0 0 0.388883173 0.388480216 0 0 0 1 0 0 0 0 0 0.42592594 0.387761921 0.583617091 0.62468785 0.759197414 1 1
G2920 0 0.00534707587 1.32184601 0 0.429962963 1.79027903 0 0.00916749611 0 0 0 0 0.00581607036 0.120020546 0 0.317649573 0.00650437735 0.56156379 0 0 0 0 0 0 0.630105674 0.278815776 0 0 0.257276803 0 0 0 0.00317862513 0 0 0 0 0 0.829456031 0 0.9628371 0 0.212810755 0 0 0 0 0 0 0 0 0 0 0.247607902 0 0.192030117 0 0 0 0 0 0 0.388883173 0.388480216 0 0 0 0 0 1 0 0 0 0.444444448 0.387761921 0.571675301 0.73680675 0.821434677 1 1
G2932 0 0.00534707587 1.32184601 0 0.429962963 1.79027903 0 0.00916749611 0 0 0 0 0.00581607036 0.120020546 0 0.317649573 0.00650437735 0.56156379 0 0 0 0 0 0 0.630105674 0.278815776 0 0 0.257276803 0 0 0 0.00317862513 0 0 0 0 0 0.829456031 0 0.9628371 0 0.212810755 0 0 0 0 0 0 0 0 0 0 0.247607902 0 0.192030117 0 0 0 0 0 0 0.388883173 0.388480216 0 0 0 0 0 1 0 0 0 0.444444448 0.387761921 0.571675301 0.73680675 0.728277028 1 1
G2937 0 0.00534707587 1.32184601 0 0.429962963 1.79027903 0 0.00916749611 0 0 0 0 0.00581607036 0.120020546 0 0.317649573 0.00650437735 0.56156379 0 0 0 0 0 0 0.630105674 0.278815776 0 0 0.257276803 0 0 0 0.00317862513 0 0 0 0 0 0.829456031 0 0.9628371 0 0.212810755 0 0 0 0 0 0 0 0 0 0 0.247607902 0 0.192030117 0 0 0 0 0 0 0.388883173 0.388480216 0 0 1 0 0 0 0 0 0 0.42592594 0.244650543 0.680608869 0.486551791 0.71071738 1 1
G2952 0 0.00534707587 1.32184601 0 0.429962963 1.79027903 0 0.00916749611 0 0 0 0 0.00581607036 0.120020546 0 0.317649573 0.00650437735 0.56156379 0 0 0 0 0 0 0.630105674 0.278815776 0 0 0.257276803 0 0 0 0.00317862513 0 0 0 0 0 0.829456031 0 0.9628371 0 0.212810755 0 0 0 0 0 0 0 0 0 0 0.247607902 0 0.192030117 0 0 0 0 0 0 0.388883173 0.388480216 0 0 0 0 0 1 0 0 0 0.444444448 0.244650543 0.575757563 0.641875327 0.759197414 1 1
G2953 0 0.00534707587 1.32184601 0 0.429962963 1.79027903 0 0.00916749611 0 0 0 0 0.00581607036 0.120020546 0 0.317649573 0.00650437735 0.56156379 0 0 0 0 0 0 0.630105674 0.278815776 0 0 0.257276803 0 0 0 0.00317862513 0 0 0 0 0 0.829456031 0 0.9628371 0 0.212810755 0 0 0 0 0 0 0 0 0 0 0.247607902 0 0.192030117 0 0 0 0 0 0 0.388883173 0.388480216 0 0 1 0 0 0 0 0 0 0.444444448 0.244650543 0.674279511 0.615402818 0.721001089 1 1
G2959 0 0.00534707587 1.32184601 0 0.429962963 1.79027903 0 0.00916749611 0 0 0 0 0.00581607036 0.120020546 0 0.317649573 0.00650437735 0.56156379 0 0 0 0 0 0 0.630105674 0.278815776 0 0 0.257276803 0 0 0 0.00317862513 0 0 0 0 0 0.829456031 0 0.9628371 0 0.212810755 0 0 0 0 0 0 0 0 0 0 0.247607902 0 0.192030117 0 0 0 0 0 0 0.388883173 0.388480216 0 0 1 0 0 0 0 0 0 0.444444448 0.244650543 0.614805222 0.615402818 0.683040798 1 1
G2978 0 0.00534707587 1.32184601 0 0.429962963 1.79027903 0 0.00916749611 0 0 0 0 0.00581607036 0.120020546 0 0.317649573 0.00650437735 0.56156379 0 0 0 0 0 0 0.630105674 0.278815776 0 0 0.257276803 0 0 0 0.00317862513 0 0 0 0 0 0.829456031 0 0.9628371 0 0.212810755 0 0 0 0 0 0 0 0 0 0 0.247607902 0 0.192030117 0 0 0 0 0 0 0.388883173 0.388480216 0 0 1 0 0 0 0 0 0 0.462962955 0.244650543 0.680608869 0.610565007 0.722238481 1 1
G2984 0 0.00534707587 1.32184601 0 0.429962963 1.79027903 0 0.00916749611 0 0 0 0 0.00581607036 0.120020546 0 0.317649573 0.00650437735 0.56156379 0 0 0 0 0 0 0.630105674 0.278815776 0 0 0.257276803 0 0 0 0.00317862513 0 0 0 0 0 0.829456031 0 0.9628371 0 0.212810755 0 0 0 0 0 0 0 0 0 0 0.247607902 0 0.192030117 0 0 0 0 0 0 0.388883173 0.388480216 0 0 0 0 0 1 0 0 0 0.462962955 0.244650543 0.676417768 0.629148662 0.84873879 1 1
G2985 0 0.00534707587 1.32184601 0 0.429962963 1.79027903 0 0.00916749611 0 0 0 0 0.00581607036 0.120020546 0 0.317649573 0.00650437735 0.56156379 0 0 0 0 0 0 0.630105674 0.278815776 0 0 0.257276803 0 0 0 0.00317862513 0 0 0 0 0 0.829456031 0 0.9628371 0 0.212810755 0 0 0 0 0 0 0 0 0 0 0.247607902 0 0.192030117 0 0 0 0 0 0 0.388883173 0.388480216 0 1 0 0 0 0 0 0 0 0.462962955 0.244650543 0.575757563 0.807220221 0.795797586 1 1
G2990 0 0.00534707587 1.32184601 0 0.429962963 1.79027903 0 0.00916749611 0 0 0 0 0.00581607036 0.120020546 0 0.317649573 0.00650437735 0.56156379 0 0 0 0 0 0 0.630105674 0.278815776 0 0 0.257276803 0 0 0 0.00317862513 0 0 0 0 0 0.829456031 0 0.9628371 0 0.212810755 0 0 0 0 0 0 0 0 0 0 0.247607902 0 0.192030117 0 0 0 0 0 0 0.388883173 0.388480216 0 0 0 0 0 1 0 0 0 0.462962955 0.244650543 0.676417768 0.629148662 0.770338833 1 1
G2996 0 0.00534707587 1.32184601 0 0.429962963 1.79027903 0 0.00916749611 0 0 0 0 0.00581607036 0.120020546 0 0.317649573 0.00650437735 0.56156379 0 0 0 0 0 0 0.630105674 0.278815776 0 0 0.257276803 0 0 0 0.00317862513 0 0 0 0 0 0.829456031 0 0.9628371 0 0.212810755 0 0 0 0 0 0 0 0 0 0 0.247607902 0 0.192030117 0 0 0 0 0 0 0.388883173 0.388480216 0 0 1 0 0 0 0 0 0 0.462962955 0.387761921 0.623962641 0.675218046 0.653049469 1 1
G3007 0 0.00534707587 1.32184601 0 0.429962963 1.79027903 0 0.00916749611 0 0 0 0 0.00581607036 0.120020546 0 0.317649573 0.00650437735 0.56156379 0 0 0 0 0 0 0.630105674 0.278815776 0 0 0.257276803 0 0 0 0.00317862513 0 0 0 0 0 0.829456031 0 0.9628371 0 0.212810755 0 0 0 0 0 0 0 0 0 0 0.247607902 0 0.192030117 0 0 0 0 0 0 0.388883173 0.388480216 0 0 1 0 0 0 0 0 0 0.481481493 0.387761921 0.669913709 0.739143252 0.669668376 1 1
G3033 0 0.00534707587 1.32184601 0 0.429962963 1.79027903 0 0.00916749611 0 0 0 0 0.00581607036 0.120020546 0 0.317649573 0.00650437735 0.56156379 0 0 0 0 0 0 0.630105674 0.278815776 0 0 0.257276803 0 0 0 0.00317862513 0 0 0 0 0 0.829456031 0 0.9628371 0 0.212810755 0 0 0 0 0 0 0 0 0 0 0.247607902 0 0.192030117 0 0 0 0 0 0 0.388883173 0.388480216 0 0 0 0 0 1 0 0 0 0.481481493 0.244650543 0.620969057 0.685033917 0.784830391 1 1
G3069 0 0.00534707587 1.32184601 0 0.429962963 1.79027903 0 0.00916749611 0 0 0 0 0.00581607036 0.120020546 0 0.317649573 0.00650437735 0.56156379 0 0 0 0 0 0 0.630105674 0.278815776 0 0 0.257276803 0 0 0 0.00317862513 0 0 0 0 0 0.829456031 0 0.9628371 0 0.212810755 0 0 0 0 0 0 0 0 0 0 0.247607902 0 0.192030117 0 0 0 0 0 0 0.388883173 0.388480216 0 0 0 0 0 1 0 0 0 0.5 0.387761921 0.678527296 0.734438002 0.66790998 1 1
G3072 0 0.00534707587 1.32184601 0 0.429962963 1.79027903 0 0.00916749611 0 0 0 0 0.00581607036 0.120020546 0 0.317649573 0.00650437735 0.56156379 0 0 0 0 0 0 0.630105674 0.278815776 0 0 0.257276803 0 0 0 0.00317862513 0 0 0 0 0 0.829456031 0 0.9628371 0 0.212810755 0 0 0 0 0 0 0 0 0 0 0.247607902 0 0.192030117 0 0 0 0 0 0 0.388883173 0.388480216 0 0 0 0 0 1 0 0 0 0.5 0.387761921 0.678527296 0.734438002 0.774747968 1 1
G3114 0 0.00534707587 1.32184601 0 0.429962963 1.79027903 0 0.00916749611 0 0 0 0 0.00581607036 0.120020546 0 0.317649573 0.00650437735 0.56156379 0 0 0 0 0 0 0.630105674 0.278815776 0 0 0.257276803 0 0 0 0.00317862513 0 0 0 0 0 0.829456031 0 0.9628371 0 0.212810755 0 0 0 0 0 0 0 0 0 0 0.247607902 0 0.192030117 0 0 0 0 0 0 0.388883173 0.388480216 0 0 0 0 0 1 0 0 0 0.518518507 0.244650543 0.674279511 0.743723035 0.666130781 1 1
G3116 0 0.00534707587 1.32184601 0 0.429962963 1.79027903 0 0.00916749611 0 0 0 0 0.00581607036 0.120020546 0 0.317649573 0.00650437735 0.56156379 0 0 0 0 0 0 0.630105674 0.278815776 0 0 0.257276803 0 0 0 0.00317862513 0 0 0 0 0 0.829456031 0 0.9628371 0 0.212810755 0 0 0 0 0 0 0 0 0 0 0.247607902 0 0.192030117 0 0 0 0 0 0 0.388883173 0.388480216 0 0 0 0 0 1 0 0 0 0.518518507 0.244650543 0.674279511 0.743723035 0.773876369 1 1
G3525 0 0.00534707587 1.32184601 0 0.429962963 1.79027903 0 0.00916749611 0 0 0 0 0.00581607036 0.120020546 0 0.317649573 0.00650437735 0.56156379 0 0 0 0 0 0 0.630105674 0.278815776 0 0 0.257276803 0 0 0 0.00317862513 0 0 0 0 0 0.829456031 0 0.9628371 0 0.212810755 0 0 0 0 0 0 0 0 0 0 0.247607902 0 0.192030117 0 0 0 0 0 0 0.388883173 0.388480216 0 0 0 0 0 1 0 0 0 0.407407403 0 0.635397375 0.629148662 0 1 1
__smartatpg_bin_1257_1 0 0.00534707587 1.32184601 0 0.429962963 1.79027903 0 0.00916749611 0 0 0 0 0.00581607036 0.120020546 0 0.317649573 0.00650437735 0.56156379 0 0 0 0 0 0 0.630105674 0.278815776 0 0 0.257276803 0 0 0 0.00317862513 0 0 0 0 0 0.829456031 0 0.9628371 0 0.212810755 0 0 0 0 0 0 0 0 0 0 0.247607902 0 0.192030117 0 0 0 0 0 0 0.388883173 0.388480216 0 0 0 1 0 0 0 0 0 0.42592594 0.244650543 0.40310201 0.578270555 0.70391351 1 1
G2793 0 0.00534707587 1.32184601 0 0.429962963 1.79027903 0 0.00916749611 0 0 0 0 0.00581607036 0.120020546 0 0.317649573 0.00650437735 0.56156379 0 0 0 0 0 0 0.630105674 0.278815776 0 0 0.257276803 0 0 0 0.00317862513 0 0 0 0 0 0.829456031 0 0.9628371 0 0.212810755 0 0 0 0 0 0 0 0 0 0 0.247607902 0 0.192030117 0 0 0 0 0 0 0.388883173 0.388480216 0 0 0 0 1 0 0 0 0 0.444444448 0.244650543 0.534524977 0.552782178 0.686205924 1 1
G2848 0 0.00534707587 1.32184601 0 0.429962963 1.79027903 0 0.00916749611 0 0 0 0 0.00581607036 0.120020546 0 0.317649573 0.00650437735 0.56156379 0 0 0 0 0 0 0.630105674 0.278815776 0 0 0.257276803 0 0 0 0.00317862513 0 0 0 0 0 0.829456031 0 0.9628371 0 0.212810755 0 0 0 0 0 0 0 0 0 0 0.247607902 0 0.192030117 0 0 0 0 0 0 0.388883173 0.388480216 0 1 0 0 0 0 0 0 0 0.462962955 0.387761921 0.281589121 0.657498062 0.649092913 1 1
__smartatpg_bin_1272_1 0 0.00534707587 1.32184601 0 0.429962963 1.79027903 0 0.00916749611 0 0 0 0 0.00581607036 0.120020546 0 0.317649573 0.00650437735 0.56156379 0 0 0 0 0 0 0.630105674 0.278815776 0 0 0.257276803 0 0 0 0.00317862513 0 0 0 0 0 0.829456031 0 0.9628371 0 0.212810755 0 0 0 0 0 0 0 0 0 0 0.247607902 0 0.192030117 0 0 0 0 0 0 0.388883173 0.388480216 0 1 0 0 0 0 0 0 0 0.388888896 0.244650543 0.549503684 0.714210927 0.791971922 1 1
__smartatpg_bin_1276_1 0 0.00534707587 1.32184601 0 0.429962963 1.79027903 0 0.00916749611 0 0 0 0 0.00581607036 0.120020546 0 0.317649573 0.00650437735 0.56156379 0 0 0 0 0 0 0.630105674 0.278815776 0 0 0.257276803 0 0 0 0.00317862513 0 0 0 0 0 0.829456031 0 0.9628371 0 0.212810755 0 0 0 0 0 0 0 0 0 0 0.247607902 0 0.192030117 0 0 0 0 0 0 0.388883173 0.388480216 0 1 0 0 0 0 0 0 0 0.407407403 0.244650543 0.554195344 0.664806902 0.81224072 1 1
G2828 0 0.00534707587 1.32184601 0 0.429962963 1.79027903 0 0.00916749611 0 0 0 0 0.00581607036 0.120020546 0 0.317649573 0.00650437735 0.56156379 0 0 0 0 0 0 0.630105674 0.278815776 0 0 0.257276803 0 0 0 0.00317862513 0 0 0 0 0 0.829456031 0 0.9628371 0 0.212810755 0 0 0 0 0 0 0 0 0 0 0.247607902 0 0.192030117 0 0 0 0 0 0 0.388883173 0.388480216 0 0 1 0 0 0 0 0 0 0.42592594 0.244650543 0.69062233 0.605586946 0.78804636 1 1
__smartatpg_bin_1278_1 0 0.00534707587 1.32184601 0 0.429962963 1.79027903 0 0.00916749611 0 0 0 0 0.00581607036 0.120020546 0 0.317649573 0.00650437735 0.56156379 0 0 0 0 0 0 0.630105674 0.278815776 0 0 0.257276803 0 0 0 0.00317862513 0 0 0 0 0 0.829456031 0 0.9628371 0 0.212810755 0 0 0 0 0 0 0 0 0 0 0.247607902 0 0.192030117 0 0 0 0 0 0 0.388883173 0.388480216 0 1 0 0 0 0 0 0 0 0.388888896 0.244650543 0.549503684 0.633496523 0.798789561 1 1
G2830 0 0.00534707587 1.32184601 0 0.429962963 1.79027903 0 0.00916749611 0 0 0 0 0.00581607036 0.120020546 0 0.317649573 0.00650437735 0.56156379 0 0 0 0 0 0 0.630105674 0.278815776 0 0 0.257276803 0 0 0 0.00317862513 0 0 0 0 0 0.829456031 0 0.9628371 0 0.212810755 0 0 0 0 0 0 0 0 0 0 0.247607902 0 0.192030117 0 0 0 0 0 0 0.388883173 0.388480216 0 0 1 0 0 0 0 0 0 0.407407403 0.244650543 0.67211175 0.600460231 0.772999763 1 1
__smartatpg_bin_1302_1 0 0.00534707587 1.32184601 0 0.429962963 1.79027903 0 0.00916749611 0 0 0 0 0.00581607036 0.120020546 0 0.317649573 0.00650437735 0.56156379 0 0 0 0 0 0 0.630105674 0.278815776 0 0 0.257276803 0 0 0 0.00317862513 0 0 0 0 0 0.829456031 0 0.9628371 0 0.212810755 0 0 0 0 0 0 0 0 0 0 0.247607902 0 0.192030117 0 0 0 0 0 0 0.388883173 0.388480216 0 1 0 0 0 0 0 0 0 0.444444448 0.244650543 0.587404251 0.724622071 0.758230567 1 1
G2890 0 0.00534707587 1.32184601 0 0.429962963 1.79027903 0 0.00916749611 0 0 0 0 0.00581607036 0.120020546 0 0.317649573 0.00650437735 0.56156379 0 0 0 0 0 0 0.630105674 0.278815776 0 0 0.257276803 0 0 0 0.00317862513 0 0 0 0 0 0.829456031 0 0.9628371 0 0.212810755 0 0 0 0 0 0 0 0 0 0 0.247607902 0 0.192030117 0 0 0 0 0 0 0.388883173 0.388480216 0 0 1 0 0 0 0 0 0 0.462962955 0.387761921 0.680608869 0.629148662 0.750263631 1 1
G2957 0 0.00534707587 1.32184601 0 0.429962963 1.79027903 0 0.00916749611 0 0 0 0 0.00581607036 0.120020546 0 0.317649573 0.00650437735 0.56156379 0 0 0 0 0 0 0.630105674 0.278815776 0 0 0.257276803 0 0 0 0.00317862513 0 0 0 0 0 0.829456031 0 0.9628371 0 0.212810755 0 0 0 0 0 0 0 0 0 0 0.247607902 0 0.192030117 0 0 0 0 0 0 0.388883173 0.388480216 0 0 0 0 0 1 0 0 0 0.481481493 0.244650543 0.579736471 0.745967925 0.750263631 1 1
G2958 0 0.00534707587 1.32184601 0 0.429962963 1.79027903 0 0.00916749611 0 0 0 0 0.00581607036 0.120020546 0 0.317649573 0.00650437735 0.56156379 0 0 0 0 0 0 0.630105674 0.278815776 0 0 0.257276803 0 0 0 0.00317862513 0 0 0 0 0 0.829456031 0 0.9628371 0 0.212810755 0 0 0 0 0 0 0 0 0 0 0.247607902 0 0.192030117 0 0 0 0 0 0 0.388883173 0.388480216 0 0 1 0 0 0 0 0 0 0.481481493 0.244650543 0.67211175 0.605586946 0.712041974 1 1
G2994 0 0.00534707587 1.32184601 0 0.429962963 1.79027903 0 0.00916749611 0 0 0 0 0.00581607036 0.120020546 0 0.317649573 0.00650437735 0.56156379 0 0 0 0 0 0 0.630105674 0.278815776 0 0 0.257276803 0 0 0 0.00317862513 0 0 0 0 0 0.829456031 0 0.9628371 0 0.212810755 0 0 0 0 0 0 0 0 0 0 0.247607902 0 0.192030117 0 0 0 0 0 0 0.388883173 0.388480216 0 0 1 0 0 0 0 0 0 0.5 0.244650543 0.737282276 0.600460231 0.713355005 1 1
G3024 0 0.00534707587 1.32184601 0 0.429962963 1.79027903 0 0.00916749611 0 0 0 0 0.00581607036 0.120020546 0 0.317649573 0.00650437735 0.56156379 0 0 0 0 0 0 0.630105674 0.278815776 0 0 0.257276803 0 0 0 0.00317862513 0 0 0 0 0 0.829456031 0 0.9628371 0 0.212810755 0 0 0 0 0 0 0 0 0 0 0.247607902 0 0.192030117 0 0 0 0 0 0 0.388883173 0.388480216 0 0 1 0 0 0 0 0 0 0.518518507 0.387761921 0.660800576 0.73680675 0.660663247 1 1
G3060 0 0.00534707587 1.32184601 0 0.429962963 1.79027903 0 0.00916749611 0 0 0 0 0.00581607036 0.120020546 0 0.317649573 0.00650437735 0.56156379 0 0 0 0 0 0 0.630105674 0.278815776 0 0 0.257276803 0 0 0 0.00317862513 0 0 0 0 0 0.829456031 0 0.9628371 0 0.212810755 0 0 0 0 0 0 0 0 0 0 0.247607902 0 0.192030117 0 0 0 0 0 0 0.388883173 0.388480216 0 0 0 0 0 1 0 0 0 0.537037015 0.244650543 0.676417768 0.724622071 0.817563057 1 1
__smartatpg_bin_1304_1 0 0.00534707587 1.32184601 0 0.429962963 1.79027903 0 0.00916749611 0 0 0 0 0.00581607036 0.120020546 0 0.317649573 0.00650437735 0.56156379 0 0 0 0 0 0 0.630105674 0.278815776 0 0 0.257276803 0 0 0 0.00317862513 0 0 0 0 0 0.829456031 0 0.9628371 0 0.212810755 0 0 0 0 0 0 0 0 0 0 0.247607902 0 0.192030117 0 0 0 0 0 0 0.388883173 0.388480216 0 1 0 0 0 0 0 0 0 0.42592594 0.244650543 0.667684495 0.637737036 0.765796483 1 1
G2896 0 0.00534707587 1.32184601 0 0.429962963 1.79027903 0 0.00916749611 0 0 0 0 0.00581607036 0.120020546 0 0.317649573 0.00650437735 0.56156379 0 0 0 0 0 0 0.630105674 0.278815776 0 0 0.257276803 0 0 0 0.00317862513 0 0 0 0 0 0.829456031 0 0.9628371 0 0.212810755 0 0 0 0 0 0 0 0 0 0 0.247607902 0 0.192030117 0 0 0 0 0 0 0.388883173 0.388480216 0 0 1 0 0 0 0 0 0 0.444444448 0.387761921 0.611630201 0.629148662 0.758230567 1 1
G2954 0 0.00534707587 1.32184601 0 0.429962963 1.79027903 0 0.00916749611 0 0 0 0 0.00581607036 0.120020546 0 0.317649573 0.00650437735 0.56156379 0 0 0 0 0 0 0.630105674 0.278815776 0 0 0.257276803 0 0 0 0.00317862513 0 0 0 0 0 0.829456031 0 0.9628371 0 0.212810755 0 0 0 0 0 0 0 0 0 0 0.247607902 0 0.192030117 0 0 0 0 0 0 0.388883173 0.388480216 0 0 0 0 0 1 0 0 0 0.462962955 0.244650543 0.579736471 0.671817303 0.758230567 1 1
G2955 0 0.00534707587 1.32184601 0 0.429962963 1.79027903 0 0.00916749611 0 0 0 0 0.00581607036 0.120020546 0 0.317649573 0.00650437735 0.56156379 0 0 0 0 0 0 0.630105674 0.278815776 0 0 0.257276803 0 0 0 0.00317862513 0 0 0 0 0 0.829456031 0 0.9628371 0 0.212810755 0 0 0 0 0 0 0 0 0 0 0.247607902 0 0.192030117 0 0 0 0 0 0 0.388883173 0.388480216 0 0 1 0 0 0 0 0 0 0.462962955 0.244650543 0.67211175 0.605586946 0.722238481 1 1
G2979 0 0.00534707587 1.32184601 0 0.429962963 1.79027903 0 0.00916749611 0 0 0 0 0.00581607036 0.120020546 0 0.317649573 0.00650437735 0.56156379 0 0 0 0 0 0 0.630105674 0.278815776 0 0 0.257276803 0 0 0 0.00317862513 0 0 0 0 0 0.829456031 0 0.9628371 0 0.212810755 0 0 0 0 0 0 0 0 0 0 0.247607902 0 0.192030117 0 0 0 0 0 0 0.388883173 0.388480216 0 0 1 0 0 0 0 0 0 0.481481493 0.244650543 0.692550659 0.600460231 0.723465741 1 1
G3012 0 0.00534707587 1.32184601 0 0.429962963 1.79027903 0 0.00916749611 0 0 0 0 0.00581607036 0.120020546 0 0.317649573 0.00650437735 0.56156379 0 0 0 0 0 0 0.630105674 0.278815776 0 0 0.257276803 0 0 0 0.00317862513 0 0 0 0 0 0.829456031 0 0.9628371 0 0.212810755 0 0 0 0 0 0 0 0 0 0 0.247607902 0 0.192030117 0 0 0 0 0 0 0.388883173 0.388480216 0 0 1 0 0 0 0 0 0 0.5 0.387761921 0.660800576 0.73680675 0.674823403 1 1
G3075 0 0.00534707587 1.32184601 0 0.429962963 1.79027903 0 0.00916749611 0 0 0 0 0.00581607036 0.120020546 0 0.317649573 0.00650437735 0.56156379 0 0 0 0 0 0 0.630105674 0.278815776 0 0 0.257276803 0 0 0 0.00317862513 0 0 0 0 0 0.829456031 0 0.9628371 0 0.212810755 0 0 0 0 0 0 0 0 0 0 0.247607902 0 0.192030117 0 0 0 0 0 0 0.388883173 0.388480216 0 0 0 0 0 1 0 0 0 0.518518507 0.387761921 0.676417768 0.724622071 0.673124611 1 1
G3078 0 0.00534707587 1.32184601 0 0.429962963 1.79027903 0 0.00916749611 0 0 0 0 0.00581607036 0.120020546 0 0.317649573 0.00650437735 0.56156379 0 0 0 0 0 0 0.630105674 0.278815776 0 0 0.257276803 0 0 0 0.00317862513 0 0 0 0 0 0.829456031 0 0.9628371 0 0.212810755 0 0 0 0 0 0 0 0 0 0 0.247607902 0 0.192030117 0 0 0 0 0 0 0.388883173 0.388480216 0 0 0 0 0 1 0 0 0 0.518518507 0.387761921 0.676417768 0.724622071 0.727088571 1 1
G3118 0 0.00534707587 1.32184601 0 0.429962963 1.79027903 0 0.00916749611 0 0 0 0 0.00581607036 0.120020546 0 0.317649573 0.00650437735 0.56156379 0 0 0 0 0 0 0.630105674 0.278815776 0 0 0.257276803 0 0 0 0.00317862513 0 0 0 0 0 0.829456031 0 0.9628371 0 0.212810755 0 0 0 0 0 0 0 0 0 0 0.247607902 0 0.192030117 0 0 0 0 0 0 0.388883173 0.388480216 0 0 0 0 0 1 0 0 0 0.537037015 0.244650543 0.665423214 0.741448402 0.671406448 1 1
G3120 0 0.00534707587 1.32184601 0 0.429962963 1.79027903 0 0.00916749611 0 0 0 0 0.00581607036 0.120020546 0 0.317649573 0.00650437735 0.56156379 0 0 0 0 0 0 0.630105674 0.278815776 0 0 0.257276803 0 0 0 0.00317862513 0 0 0 0 0 0.829456031 0 0.9628371 0 0.212810755 0 0 0 0 0 0 0 0 0 0 0.247607902 0 0.192030117 0 0 0 0 0 0 0.388883173 0.388480216 0 0 0 0 0 1 0 0 0 0.537037015 0.244650543 0.665423214 0.741448402 0.725890636 1 1
__smartatpg_bin_1311_2 0 0.00534707587 1.32184601 0 0.429962963 1.79027903 0 0.00916749611 0 0 0 0 0.00581607036 0.120020546 0 0.317649573 0.00650437735 0.56156379 0 0 0 0 0 0 0.630105674 0.278815776 0 0 0.257276803 0 0 0 0.00317862513 0 0 0 0 0 0.829456031 0 0.9628371 0 0.212810755 0 0 0 0 0 0 0 0 0 0 0.247607902 0 0.192030117 0 0 0 0 0 0 0.388883173 0.388480216 0 1 0 0 0 0 0 0 0 0.407407403 0.244650543 0.554195344 0.664806902 0.822703362 1 1
G2911 0 0.00534707587 1.32184601 0 0.429962963 1.79027903 0 0.00916749611 0 0 0 0 0.00581607036 0.120020546 0 0.317649573 0.00650437735 0.56156379 0 0 0 0 0 0 0.630105674 0.278815776 0 0 0.257276803 0 0 0 0.00317862513 0 0 0 0 0 0.829456031 0 0.9628371 0 0.212810755 0 0 0 0 0 0 0 0 0 0 0.247607902 0 0.192030117 0 0 0 0 0 0 0.388883173 0.388480216 0 0 1 0 0 0 0 0 0 0.42592594 0.244650543 0.742946267 0.605586946 0.774747968 1 1
__smartatpg_bin_1331_2 0 0.00534707587 1.32184601 0 0.429962963 1.79027903 0 0.00916749611 0 0 0 0 0.00581607036 0.120020546 0 0.317649573 0.00650437735 0.56156379 0 0 0 0 0 0 0.630105674 0.278815776 0 0 0.257276803 0 0 0 0.00317862513 0 0 0 0 0 0.829456031 0 0.9628371 0 0.212810755 0 0 0 0 0 0 0 0 0 0 0.247607902 0 0.192030117 0 0 0 0 0 0 0.388883173 0.388480216 0 1 0 0 0 0 0 0 0 0.444444448 0.244650543 0.676417768 0.722077906 0.742928505 1 1
G2947 0 0.00534707587 1.32184601 0 0.429962963 1.79027903 0 0.00916749611 0 0 0 0 0.00581607036 0.120020546 0 0.317649573 0.00650437735 0.56156379 0 0 0 0 0 0 0.630105674 0.278815776 0 0 0.257276803 0 0 0 0.00317862513 0 0 0 0 0 0.829456031 0 0.9628371 0 0.212810755 0 0 0 0 0 0 0 0 0 0 0.247607902 0 0.192030117 0 0 0 0 0 0 0.388883173 0.388480216 0 0 1 0 0 0 0 0 0 0.462962955 0.387761921 0.694455624 0.629148662 0.724683046 1 1
G3018 0 0.00534707587 1.32184601 0 0.429962963 1.79027903 0 0.00916749611 0 0 0 0 0.00581607036 0.120020546 0 0.317649573 0.00650437735 0.56156379 0 0 0 0 0 0 0.630105674 0.278815776 0 0 0.257276803 0 0 0 0.00317862513 0 0 0 0 0 0.829456031 0 0.9628371 0 0.212810755 0 0 0 0 0 0 0 0 0 0 0.247607902 0 0.192030117 0 0 0 0 0 0 0.388883173 0.388480216 0 0 0 0 0 1 0 0 0 0.481481493 0.387761921 0.579736471 0.760910511 0.723465741 1 1
G3021 0 0.00534707587 1.32184601 0 0.429962963 1.79027903 0 0.00916749611 0 0 0 0 0.00581607036 0.120020546 0 0.317649573 0.00650437735 0.56156379 0 0 0 0 0 0 0.630105674 0.278815776 0 0 0.257276803 0 0 0 0.00317862513 0 0 0 0 0 0.829456031 0 0.9628371 0 0.212810755 0 0 0 0 0 0 0 0 0 0 0.247607902 0 0.192030117 0 0 0 0 0 0 0.388883173 0.388480216 0 0 0 0 0 1 0 0 0 0.481481493 0.387761921 0.579736471 0.760910511 0.753300905 1 1
G3058 0 0.00534707587 1.32184601 0 0.429962963 1.79027903 0 0.00916749611 0 0 0 0 0.00581607036 0.120020546 0 0.317649573 0.00650437735 0.56156379 0 0 0 0 0 0 0.630105674 0.278815776 0 0 0.257276803 0 0 0 0.00317862513 0 0 0 0 0 0.829456031 0 0.9628371 0 0.212810755 0 0 0 0 0 0 0 0 0 0 0.247607902 0 0.192030117 0 0 0 0 0 0 0.388883173 0.388480216 0 0 0 0 0 1 0 0 0 0.5 0.244650543 0.698197663 0.637737036 0.753300905 1 1
G3059 0 0.00534707587 1.32184601 0 0.429962963 1.79027903 0 0.00916749611 0 0 0 0 0.00581607036 0.120020546 0 0.317649573 0.00650437735 0.56156379 0 0 0 0 0 0 0.630105674 0.278815776 0 0 0.257276803 0 0 0 0.00317862513 0 0 0 0 0 0.829456031 0 0.9628371 0 0.212810755 0 0 0 0 0 0 0 0 0 0 0.247607902 0 0.192030117 0 0 0 0 0 0 0.388883173 0.388480216 0 0 1 0 0 0 0 0 0 0.5 0.244650543 0.747064173 0.600460231 0.717226624 1 1
G3067 0 0.00534707587 1.32184601 0 0.429962963 1.79027903 0 0.00916749611 0 0 0 0 0.00581607036 0.120020546 0 0.317649573 0.00650437735 0.56156379 0 0 0 0 0 0 0.630105674 0.278815776 0 0 0.257276803 0 0 0 0.00317862513 0 0 0 0 0 0.829456031 0 0.9628371 0 0.212810755 0 0 0 0 0 0 0 0 0 0 0.247607902 0 0.192030117 0 0 0 0 0 0 0.388883173 0.388480216 0 0 0 0 0 1 0 0 0 0.5 0.244650543 0.698197663 0.637737036 0.762061119 1 1
G3068 0 0.00534707587 1.32184601 0 0.429962963 1.79027903 0 0.00916749611 0 0 0 0 0.00581607036 0.120020546 0 0.317649573 0.00650437735 0.56156379 0 0 0 0 0 0 0.630105674 0.278815776 0 0 0.257276803 0 0 0 0.00317862513 0 0 0 0 0 0.829456031 0 0.9628371 0 0.212810755 0 0 0 0 0 0 0 0 0 0 0.247607902 0 0.192030117 0 0 0 0 0 0 0.388883173 0.388480216 0 0 1 0 0 0 0 0 0 0.5 0.244650543 0.756272674 0.637737036 0.666130781 1 1
G3082 0 0.00534707587 1.32184601 0 0.429962963 1.79027903 0 0.00916749611 0 0 0 0 0.00581607036 0.120020546 0 0.317649573 0.00650437735 0.56156379 0 0 0 0 0 0 0.630105674 0.278815776 0 0 0.257276803 0 0 0 0.00317862513 0 0 0 0 0 0.829456031 0 0.9628371 0 0.212810755 0 0 0 0 0 0 0 0 0 0 0.247607902 0 0.192030117 0 0 0 0 0 0 0.388883173 0.388480216 0 0 1 0 0 0 0 0 0 0.518518507 0.244650543 0.67211175 0.595175803 0.718495369 1 1
G3106 0 0.00534707587 1.32184601 0 0.429962963 1.79027903 0 0.00916749611 0 0 0 0 0.00581607036 0.120020546 0 0.317649573 0.00650437735 0.56156379 0 0 0 0 0 0 0.630105674 0.278815776 0 0 0.257276803 0 0 0 0.00317862513 0 0 0 0 0 0.829456031 0 0.9628371 0 0.212810755 0 0 0 0 0 0 0 0 0 0 0.247607902 0 0.192030117 0 0 0 0 0 0 0.388883173 0.388480216 0 0 1 0 0 0 0 0 0 0.518518507 0.244650543 0.744330883 0.629148662 0.669668376 1 1
G3107 0 0.00534707587 1.32184601 0 0.429962963 1.79027903 0 0.00916749611 0 0 0 0 0.00581607036 0.120020546 0 0.317649573 0.00650437735 0.56156379 0 0 0 0 0 0 0.630105674 0.278815776 0 0 0.257276803 0 0 0 0.00317862513 0 0 0 0 0 0.829456031 0 0.9628371 0 0.212810755 0 0 0 0 0 0 0 0 0 0 0.247607902 0 0.192030117 0 0 0 0 0 0 0.388883173 0.388480216 0 0 1 0 0 0 0 0 0 0.537037015 0.387761921 0.656037867 0.73680675 0.669668376 1 1
G3126 0 0.00534707587 1.32184601 0 0.429962963 1.79027903 0 0.00916749611 0 0 0 0 0.00581607036 0.120020546 0 0.317649573 0.00650437735 0.56156379 0 0 0 0 0 0 0.630105674 0.278815776 0 0 0.257276803 0 0 0 0.00317862513 0 0 0 0 0 0.829456031 0 0.9628371 0 0.212810755 0 0 0 0 0 0 0 0 0 0 0.247607902 0 0.192030117 0 0 0 0 0 0 0.388883173 0.388480216 0 0 1 0 0 0 0 0 0 0.537037015 0.387761921 0.688670039 0.814853966 0.572295189 1 1
G3158 0 0.00534707587 1.32184601 0 0.429962963 1.79027903 0 0.00916749611 0 0 0 0 0.00581607036 0.120020546 0 0.317649573 0.00650437735 0.56156379 0 0 0 0 0 0 0.630105674 0.278815776 0 0 0.257276803 0 0 0 0.00317862513 0 0 0 0 0 0.829456031 0 0.9628371 0 0.212810755 0 0 0 0 0 0 0 0 0 0 0.247607902 0 0.192030117 0 0 0 0 0 0 0.388883173 0.388480216 0 0 0 0 0 1 0 0 0 0.555555582 0.244650543 0.747064173 0.754665017 0.799528301 1 1
G3177 0 0.00534707587 1.32184601 0 0.429962963 1.79027903 0 0.00916749611 0 0 0 0 0.00581607036 0.120020546 0 0.317649573 0.00650437735 0.56156379 0 0 0 0 0 0 0.630105674 0.278815776 0 0 0.257276803 0 0 0 0.00317862513 0 0 0 0 0 0.829456031 0 0.9628371 0 0.212810755 0 0 0 0 0 0 0 0 0 0 0.247607902 0 0.192030117 0 0 0 0 0 0 0.388883173 0.388480216 0 0 0 0 0 1 0 0 0 0.555555582 0.387761921 0.676417768 0.719495416 0.66790998 1 1
G3180 0 0.00534707587 1.32184601 0 0.429962963 1.79027903 0 0.00916749611 0 0 0 0 0.00581607036 0.120020546 0 0.317649573 0.00650437735 0.56156379 0 0 0 0 0 0 0.630105674 0.278815776 0 0 0.257276803 0 0 0 0.00317862513 0 0 0 0 0 0.829456031 0 0.9628371 0 0.212810755 0 0 0 0 0 0 0 0 0 0 0.247607902 0 0.192030117 0 0 0 0 0 0 0.388883173 0.388480216 0 0 0 0 0 1 0 0 0 0.555555582 0.387761921 0.676417768 0.719495416 0.771231055 1 1
G3207 0 0.00534707587 1.32184601 0 0.429962963 1.79027903 0 0.00916749611 0 0 0 0 0.00581607036 0.120020546 0 0.317649573 0.00650437735 0.56156379 0 0 0 0 0 0 0.630105674 0.278815776 0 0 0.257276803 0 0 0 0.00317862513 0 0 0 0 0 0.829456031 0 0.9628371 0 0.212810755 0 0 0 0 0 0 0 0 0 0 0.247607902 0 0.192030117 0 0 0 0 0 0 0.388883173 0.388480216 0 0 0 0 0 1 0 0 0 0.57407409 0.244650543 0.660800576 0.741448402 0.666130781 1 1
G3209 0 0.00534707587 1.32184601 0 0.429962963 1.79027903 0 0.00916749611 0 0 0 0 0.00581607036 0.120020546 0 0.317649573 0.00650437735 0.56156379 0 0 0 0 0 0 0.630105674 0.278815776 0 0 0.257276803 0 0 0 0.00317862513 0 0 0 0 0 0.829456031 0 0.9628371 0 0.212810755 0 0 0 0 0 0 0 0 0 0 0.247607902 0 0.192030117 0 0 0 0 0 0 0.388883173 0.388480216 0 0 0 0 0 1 0 0 0 0.57407409 0.244650543 0.660800576 0.741448402 0.770338833 1 1
__smartatpg_bin_998_1 0 0.00534707587 1.32184601 0 0.429962963 1.79027903 0 0.00916749611 0 0 0 0 0.00581607036 0.120020546 0 0.317649573 0.00650437735 0.56156379 0 0 0 0 0 0 0.630105674 0.278815776 0 0 0.257276803 0 0 0 0.00317862513 0 0 0 0 0 0.829456031 0 0.9628371 0 0.212810755 0 0 0 0 0 0 0 0 0 0 0.247607902 0 0.192030117 0 0 0 0 0 0 0.388883173 0.388480216 0 0 0 1 0 0 0 0 0 0.240740746 0.244650543 0.454244703 0.440482408 0.738570511 1 1
G2335 0 0.00534707587 1.32184601 0 0.429962963 1.79027903 0 0.00916749611 0 0 0 0 0.00581607036 0.120020546 0 0.317649573 0.00650437735 0.56156379 0 0 0 0 0 0 0.630105674 0.278815776 0 0 0.257276803 0 0 0 0.00317862513 0 0 0 0 0 0.829456031 0 0.9628371 0 0.212810755 0 0 0 0 0 0 0 0 0 0 0.247607902 0 0.192030117 0 0 0 0 0 0 0.388883173 0.388480216 0 0 0 1 0 0 0 0 0 0.259259254 0.244650543 0.478470683 0.453209102 0.735217035 1 1
G2455 0 0.00534707587 1.32184601 0 0.429962963 1.79027903 0 0.00916749611 0 0 0 0 0.00581607036 0.120020546 0 0.317649573 0.00650437735 0.56156379 0 0 0 0 0 0 0.630105674 0.278815776 0 0 0.257276803 0 0 0 0.00317862513 0 0 0 0 0 0.829456031 0 0.9628371 0 0.212810755 0 0 0 0 0 0 0 0 0 0 0.247607902 0 0.192030117 0 0 0 0 0 0 0.388883173 0.388480216 0 1 0 0 0 0 0 0 0 0.277777791 0.387761921 0.48578167 0.514461398 0.728277028 1 1
G2527 0 0.00534707587 1.32184601 0 0.429962963 1.79027903 0 0.00916749611 0 0 0 0 0.00581607036 0.120020546 0 0.317649573 0.00650437735 0.56156379 0 0 0 0 0 0 0.630105674 0.278815776 0 0 0.257276803 0 0 0 0.00317862513 0 0 0 0 0 0.829456031 0 0.9628371 0 0.212810755 0 0 0 0 0 0 0 0 0 0 0.247607902 0 0.192030117 0 0 0 0 0 0 0.388883173 0.388480216 0 0 0 0 0 1 0 0 0 0.296296299 0.387761921 0.478470683 0.538462877 0.727088571 1 1
G2601 0 0.00534707587 1.32184601 0 0.429962963 1.79027903 0 0.00916749611 0 0 0 0 0.00581607036 0.120020546 0 0.317649573 0.00650437735 0.56156379 0 0 0 0 0 0 0.630105674 0.278815776 0 0 0.257276803 0 0 0 0.00317862513 0 0 0 0 0 0.829456031 0 0.9628371 0 0.212810755 0 0 0 0 0 0 0 0 0 0 0.247607902 0 0.192030117 0 0 0 0 0 0 0.388883173 0.388480216 0 0 0 0 0 1 0 0 0 0.314814806 0.387761921 0.499456197 0.530829132 0.725890636 1 1
G2604 0 0.00534707587 1.32184601 0 0.429962963 1.79027903 0 0.00916749611 0 0 0 0 0.00581607036 0.120020546 0 0.317649573 0.00650437735 0.56156379 0 0 0 0 0 0 0.630105674 0.278815776 0 0 0.257276803 0 0 0 0.00317862513 0 0 0 0 0 0.829456031 0 0.9628371 0 0.212810755 0 0 0 0 0 0 0 0 0 0 0.247607902 0 0.192030117 0 0 0 0 0 0 0.388883173 0.388480216 0 0 0 0 0 1 0 0 0 0.314814806 0.387761921 0.499456197 0.530829132 0.735217035 1 1
G2619 0 0.00534707587 1.32184601 0 0.429962963 1.79027903 0 0.00916749611 0 0 0 0 0.00581607036 0.120020546 0 0.317649573 0.00650437735 0.56156379 0 0 0 0 0 0 0.630105674 0.278815776 0 0 0.257276803 0 0 0 0.00317862513 0 0 0 0 0 0.829456031 0 0.9628371 0 0.212810755 0 0 0 0 0 0 0 0 0 0 0.247607902 0 0.192030117 0 0 0 0 0 0 0.388883173 0.388480216 0 0 1 0 0 0 0 0 0 0.333333343 0.244650543 0.608389735 0.357105464 0.74506104 1 1
G2632 0 0.00534707587 1.32184601 0 0.429962963 1.79027903 0 0.00916749611 0 0 0 0 0.00581607036 0.120020546 0 0.317649573 0.00650437735 0.56156379 0 0 0 0 0 0 0.630105674 0.278815776 0 0 0.257276803 0 0 0 0.00317862513 0 0 0 0 0 0.829456031 0 0.9628371 0 0.212810755 0 0 0 0 0 0 0 0 0 0 0.247607902 0 0.192030117 0 0 0 0 0 0 0.388883173 0.388480216 0 0 0 0 0 1 0 0 0 0.333333343 0.244650543 0.492767632 0.552782178 0.724683046 1 1
G2633 0 0.00534707587 1.32184601 0 0.429962963 1.79027903 0 0.00916749611 0 0 0 0 0.00581607036 0.120020546 0 0.317649573 0.00650437735 0.56156379 0 0 0 0 0 0 0.630105674 0.278815776 0 0 0.257276803 0 0 0 0.00317862513 0 0 0 0 0 0.829456031 0 0.9628371 0 0.212810755 0 0 0 0 0 0 0 0 0 0 0.247607902 0 0.192030117 0 0 0 0 0 0 0.388883173 0.388480216 0 0 1 0 0 0 0 0 0 0.333333343 0.244650543 0.608389735 0.357105464 0.736343205 1 1
G2634 0 0.00534707587 1.32184601 0 0.429962963 1.79027903 0 0.00916749611 0 0 0 0 0.00581607036 0.120020546 0 0.317649573 0.00650437735 0.56156379 0 0 0 0 0 0 0.630105674 0.278815776 0 0 0.257276803 0 0 0 0.00317862513 0 0 0 0 0 0.829456031 0 0.9628371 0 0.212810755 0 0 0 0 0 0 0 0 0 0 0.247607902 0 0.192030117 0 0 0 0 0 0 0.388883173 0.388480216 0 0 0 0 0 1 0 0 0 0.333333343 0.244650543 0.492767632 0.552782178 0.734082401 1 1
G2661 0 0.00534707587 1.32184601 0 0.429962963 1.79027903 0 0.00916749611 0 0 0 0 0.00581607036 0.120020546 0 0.317649573 0.00650437735 0.56156379 0 0 0 0 0 0 0.630105674 0.278815776 0 0 0.257276803 0 0 0 0.00317862513 0 0 0 0 0 0.829456031 0 0.9628371 0 0.212810755 0 0 0 0 0 0 0 0 0 0 0.247607902 0 0.192030117 0 0 0 0 0 0 0.388883173 0.388480216 0 0 1 0 0 0 0 0 0 0.351851851 0.244650543 0.539678156 0.545771718 0.727088571 1 1
G2664 0 0.00534707587 1.32184601 0 0.429962963 1.79027903 0 0.00916749611 0 0 0 0 0.00581607036 0.120020546 0 0.317649573 0.00650437735 0.56156379 0 0 0 0 0 0 0.630105674 0.278815776 0 0 0.257276803 0 0 0 0.00317862513 0 0 0 0 0 0.829456031 0 0.9628371 0 0.212810755 0 0 0 0 0 0 0 0 0 0 0.247607902 0 0.192030117 0 0 0 0 0 0 0.388883173 0.388480216 0 0 1 0 0 0 0 0 0 0.351851851 0.244650543 0.539678156 0.545771718 0.717226624 1 1
G2683 0 0.00534707587 1.32184601 0 0.429962963 1.79027903 0 0.00916749611 0 0 0 0 0.00581607036 0.120020546 0 0.317649573 0.00650437735 0.56156379 0 0 0 0 0 0 0.630105674 0.278815776 0 0 0.257276803 0 0 0 0.00317862513 0 0 0 0 0 0.829456031 0 0.9628371 0 0.212810755 0 0 0 0 0 0 0 0 0 0 0.247607902 0 0.192030117 0 0 0 0 0 0 0.388883173 0.388480216 0 0 1 0 0 0 0 0 0 0.370370358 0.244650543 0.544667721 0.595175803 0.717226624 1 1
G2694 0 0.00534707587 1.32184601 0 0.429962963 1.79027903 0 0.00916749611 0 0 0 0 0.00581607036 0.120020546 0 0.317649573 0.00650437735 0.56156379 0 0 0 0 0 0 0.630105674 0.278815776 0 0 0.257276803 0 0 0 0.00317862513 0 0 0 0 0 0.829456031 0 0.9628371 0 0.212810755 0 0 0 0 0 0 0 0 0 0 0.247607902 0 0.192030117 0 0 0 0 0 0 0.388883173 0.388480216 0 0 1 0 0 0 0 0 0 0.370370358 0.387761921 0.544667721 0.595175803 0.706672132 1 1
G2718 0 0.00534707587 1.32184601 0 0.429962963 1.79027903 0 0.00916749611 0 0 0 0 0.00581607036 0.120020546 0 0.317649573 0.00650437735 0.56156379 0 0 0 0 0 0 0.630105674 0.278815776 0 0 0.257276803 0 0 0 0.00317862513 0 0 0 0 0 0.829456031 0 0.9628371 0 0.212810755 0 0 0 0 0 0 0 0 0 0 0.247607902 0 0.192030117 0 0 0 0 0 0 0.388883173 0.388480216 0 0 0 0 0 1 0 0 0 0.388888896 0.244650543 0.549503684 0.600460231 0.715947151 1 1
G2746 0 0.00534707587 1.32184601 0 0.429962963 1.79027903 0 0.00916749611 0 0 0 0 0.00581607036 0.120020546 0 0.317649573 0.00650437735 0.56156379 0 0 0 0 0 0 0.630105674 0.278815776 0 0 0.257276803 0 0 0 0.00317862513 0 0 0 0 0 0.829456031 0 0.9628371 0 0.212810755 0 0 0 0 0 0 0 0 0 0 0.247607902 0 0.192030117 0 0 0 0 0 0 0.388883173 0.388480216 0 1 0 0 0 0 0 0 0 0.407407403 0.244650543 0.281589121 0.649864316 0.70110333 1 1
G2773 0 0.00534707587 1.32184601 0 0.429962963 1.79027903 0 0.00916749611 0 0 0 0 0.00581607036 0.120020546 0 0.317649573 0.00650437735 0.56156379 0 0 0 0 0 0 0.630105674 0.278815776 0 0 0.257276803 0 0 0 0.00317862513 0 0 0 0 0 0.829456031 0 0.9628371 0 0.212810755 0 0 0 0 0 0 0 0 0 0 0.247607902 0 0.192030117 0 0 0 0 0 0 0.388883173 0.388480216 0 0 0 0 0 1 0 0 0 0.388888896 0.568060994 0.549503684 0.600460231 0.705299139 1 1
G2781 0 0.00534707587 1.32184601 0 0.429962963 1.79027903 0 0.00916749611 0 0 0 0 0.00581607036 0.120020546 0 0.317649573 0.00650437735 0.56156379 0 0 0 0 0 0 0.630105674 0.278815776 0 0 0.257276803 0 0 0 0.00317862513 0 0 0 0 0 0.829456031 0 0.9628371 0 0.212810755 0 0 0 0 0 0 0 0 0 0 0.247607902 0 0.192030117 0 0 0 0 0 0 0.388883173 0.388480216 0 1 0 0 0 0 0 0 0 0.388888896 0.387761921 0.172655582 0.605586946 0.730626166 1 1
G2822 0 0.00534707587 1.32184601 0 0.429962963 1.79027903 0 0.00916749611 0 0 0 0 0.00581607036 0.120020546 0 0.317649573 0.00650437735 0.56156379 0 0 0 0 0 0 0.630105674 0.278815776 0 0 0.257276803 0 0 0 0.00317862513 0 0 0 0 0 0.829456031 0 0.9628371 0 0.212810755 0 0 0 0 0 0 0 0 0 0 0.247607902 0 0.192030117 0 0 0 0 0 0 0.388883173 0.388480216 0 1 0 0 0 0 0 0 0 0.407407403 0.244650543 0.554195344 0.785621643 0.763940394 1 1
G2823 0 0.00534707587 1.32184601 0 0.429962963 1.79027903 0 0.00916749611 0 0 0 0 0.00581607036 0.120020546 0 0.317649573 0.00650437735 0.56156379 0 0 0 0 0 0 0.630105674 0.278815776 0 0 0.257276803 0 0 0 0.00317862513 0 0 0 0 0 0.829456031 0 0.9628371 0 0.212810755 0 0 0 0 0 0 0 0 0 0 0.247607902 0 0.192030117 0 0 0 0 0 0 0.388883173 0.388480216 0 1 0 0 0 0 0 0 0 0.407407403 0.387761921 0.549503684 0.716873467 0.664330304 1 1
G2866 0 0.00534707587 1.32184601 0 0.429962963 1.79027903 0 0.00916749611 0 0 0 0 0.00581607036 0.120020546 0 0.317649573 0.00650437735 0.56156379 0 0 0 0 0 0 0.630105674 0.278815776 0 0 0.257276803 0 0 0 0.00317862513 0 0 0 0 0 0.829456031 0 0.9628371 0 0.212810755 0 0 0 0 0 0 0 0 0 0 0.247607902 0 0.192030117 0 0 0 0 0 0 0.388883173 0.388480216 0 0 0 0 0 1 0 0 0 0.407407403 0.387761921 0.558750987 0.238070309 0.729456186 1 1
G2869 0 0.00534707587 1.32184601 0 0.429962963 1.79027903 0 0.00916749611 0 0 0 0 0.00581607036 0.120020546 0 0.317649573 0.00650437735 0.56156379 0 0 0 0 0 0 0.630105674 0.278815776 0 0 0.257276803 0 0 0 0.00317862513 0 0 0 0 0 0.829456031 0 0.9628371 0 0.212810755 0 0 0 0 0 0 0 0 0 0 0.247607902 0 0.192030117 0 0 0 0 0 0 0.388883173 0.388480216 0 0 0 0 0 1 0 0 0 0.407407403 0.387761921 0.558750987 0.238070309 0.772118032 1 1
G2872 0 0.00534707587 1.32184601 0 0.429962963 1.79027903 0 0.00916749611 0 0 0 0 0.00581607036 0.120020546 0 0.317649573 0.00650437735 0.56156379 0 0 0 0 0 0 0.630105674 0.278815776 0 0 0.257276803 0 0 0 0.00317862513 0 0 0 0 0 0.829456031 0 0.9628371 0 0.212810755 0 0 0 0 0 0 0 0 0 0 0.247607902 0 0.192030117 0 0 0 0 0 0 0.388883173 0.388480216 0 1 0 0 0 0 0 0 0 0.407407403 0.387761921 0.554195344 0.719495416 0.651084185 1 1
G2880 0 0.00534707587 1.32184601 0 0.429962963 1.79027903 0 0.00916749611 0 0 0 0 0.00581607036 0.120020546 0 0.317649573 0.00650437735 0.56156379 0 0 0 0 0 0 0.630105674 0.278815776 0 0 0.257276803 0 0 0 0.00317862513 0 0 0 0 0 0.829456031 0 0.9628371 0 0.212810755 0 0 0 0 0 0 0 0 0 0 0.247607902 0 0.192030117 0 0 0 0 0 0 0.388883173 0.388480216 0 1 0 0 0 0 0 0 0 0.42592594 0.387761921 0.172655582 0.789126515 0.762061119 1 1
G2916 0 0.00534707587 1.32184601 0 0.429962963 1.79027903 0 0.00916749611 0 0 0 0 0.00581607036 0.120020546 0 0.317649573 0.00650437735 0.56156379 0 0 0 0 0 0 0.630105674 0.278815776 0 0 0.257276803 0 0 0 0.00317862513 0 0 0 0 0 0.829456031 0 0.9628371 0 0.212810755 0 0 0 0 0 0 0 0 0 0 0.247607902 0 0.192030117 0 0 0 0 0 0 0.388883173 0.388480216 0 0 0 0 0 1 0 0 0 0.42592594 0.244650543 0.252935857 0.615402818 0.762061119 1 1
G2917 0 0.00534707587 1.32184601 0 0.429962963 1.79027903 0 0.00916749611 0 0 0 0 0.00581607036 0.120020546 0 0.317649573 0.00650437735 0.56156379 0 0 0 0 0 0 0.630105674 0.278815776 0 0 0.257276803 0 0 0 0.00317862513 0 0 0 0 0 0.829456031 0 0.9628371 0 0.212810755 0 0 0 0 0 0 0 0 0 0 0.247607902 0 0.192030117 0 0 0 0 0 0 0.388883173 0.388480216 0 0 0 0 0 1 0 0 0 0.42592594 0.244650543 0.252935857 0.615402818 0.797300994 1 1
G2918 0 0.00534707587 1.32184601 0 0.429962963 1.79027903 0 0.00916749611 0 0 0 0 0.00581607036 0.120020546 0 0.317649573 0.00650437735 0.56156379 0 0 0 0 0 0 0.630105674 0.278815776 0 0 0.257276803 0 0 0 0.00317862513 0 0 0 0 0 0.829456031 0 0.9628371 0 0.212810755 0 0 0 0 0 0 0 0 0 0 0.247607902 0 0.192030117 0 0 0 0 0 0 0.388883173 0.388480216 0 0 1 0 0 0 0 0 0 0.42592594 0.244650543 0.667684495 0.276391089 0.64295572 1 1
G2919 0 0.00534707587 1.32184601 0 0.429962963 1.79027903 0 0.00916749611 0 0 0 0 0.00581607036 0.120020546 0 0.317649573 0.00650437735 0.56156379 0 0 0 0 0 0 0.630105674 0.278815776 0 0 0.257276803 0 0 0 0.00317862513 0 0 0 0 0 0.829456031 0 0.9628371 0 0.212810755 0 0 0 0 0 0 0 0 0 0 0.247607902 0 0.192030117 0 0 0 0 0 0 0.388883173 0.388480216 0 0 0 0 0 1 0 0 0 0.42592594 0.244650543 0.660800576 0.610565007 0.651084185 1 1
G2939 0 0.00534707587 1.32184601 0 0.429962963 1.79027903 0 0.00916749611 0 0 0 0 0.00581607036 0.120020546 0 0.317649573 0.00650437735 0.56156379 0 0 0 0 0 0 0.630105674 0.278815776 0 0 0.257276803 0 0 0 0.00317862513 0 0 0 0 0 0.829456031 0 0.9628371 0 0.212810755 0 0 0 0 0 0 0 0 0 0 0.247607902 0 0.192030117 0 0 0 0 0 0 0.388883173 0.388480216 0 1 0 0 0 0 0 0 0 0.42592594 0.387761921 0.172655582 0.722077906 0.759197414 1 1
G2956 0 0.00534707587 1.32184601 0 0.429962963 1.79027903 0 0.00916749611 0 0 0 0 0.00581607036 0.120020546 0 0.317649573 0.00650437735 0.56156379 0 0 0 0 0 0 0.630105674 0.278815776 0 0 0.257276803 0 0 0 0.00317862513 0 0 0 0 0 0.829456031 0 0.9628371 0 0.212810755 0 0 0 0 0 0 0 0 0 0 0.247607902 0 0.192030117 0 0 0 0 0 0 0.388883173 0.388480216 0 0 1 0 0 0 0 0 0 0.444444448 0.244650543 0.571675301 0.238070309 0.645029426 1 1
G2968 0 0.00534707587 1.32184601 0 0.429962963 1.79027903 0 0.00916749611 0 0 0 0 0.00581607036 0.120020546 0 0.317649573 0.00650437735 0.56156379 0 0 0 0 0 0 0.630105674 0.278815776 0 0 0.257276803 0 0 0 0.00317862513 0 0 0 0 0 0.829456031 0 0.9628371 0 0.212810755 0 0 0 0 0 0 0 0 0 0 0.247607902 0 0.192030117 0 0 0 0 0 0 0.388883173 0.388480216 0 0 0 0 0 1 0 0 0 0.444444448 0.387761921 0.72373879 0.238070309 0.761112571 1 1
G2971 0 0.00534707587 1.32184601 0 0.429962963 1.79027903 0 0.00916749611 0 0 0 0 0.00581607036 0.120020546 0 0.317649573 0.00650437735 0.56156379 0 0 0 0 0 0 0.630105674 0.278815776 0 0 0.257276803 0 0 0 0.00317862513 0 0 0 0 0 0.829456031 0 0.9628371 0 0.212810755 0 0 0 0 0 0 0 0 0 0 0.247607902 0 0.192030117 0 0 0 0 0 0 0.388883173 0.388480216 0 0 0 0 0 1 0 0 0 0.444444448 0.387761921 0.72373879 0.238070309 0.793513894 1 1
G2980 0 0.00534707587 1.32184601 0 0.429962963 1.79027903 0 0.00916749611 0 0 0 0 0.00581607036 0.120020546 0 0.317649573 0.00650437735 0.56156379 0 0 0 0 0 0 0.630105674 0.278815776 0 0 0.257276803 0 0 0 0.00317862513 0 0 0 0 0 0.829456031 0 0.9628371 0 0.212810755 0 0 0 0 0 0 0 0 0 0 0.247607902 0 0.192030117 0 0 0 0 0 0 0.388883173 0.388480216 0 0 0 0 0 1 0 0 0 0.444444448 0.244650543 0.663128853 0.238070309 0.758230567 1 1
G2981 0 0.00534707587 1.32184601 0 0.429962963 1.79027903 0 0.00916749611 0 0 0 0 0.00581607036 0.120020546 0 0.317649573 0.00650437735 0.56156379 0 0 0 0 0 0 0.630105674 0.278815776 0 0 0.257276803 0 0 0 0.00317862513 0 0 0 0 0 0.829456031 0 0.9628371 0 0.212810755 0 0 0 0 0 0 0 0 0 0 0.247607902 0 0.192030117 0 0 0 0 0 0 0.388883173 0.388480216 0 0 1 0 0 0 0 0 0 0.462962955 0.387761921 0.345311165 0.629148662 0.634362519 1 1
G3015 0 0.00534707587 1.32184601 0 0.429962963 1.79027903 0 0.00916749611 0 0 0 0 0.00581607036 0.120020546 0 0.317649573 0.00650437735 0.56156379 0 0 0 0 0 0 0.630105674 0.278815776 0 0 0.257276803 0 0 0 0.00317862513 0 0 0 0 0 0.829456031 0 0.9628371 0 0.212810755 0 0 0 0 0 0 0 0 0 0 0.247607902 0 0.192030117 0 0 0 0 0 0 0.388883173 0.388480216 0 0 0 0 0 1 0 0 0 0.462962955 0.244650543 0.252935857 0.792561233 0.80742389 1 1
G3016 0 0.00534707587 1.32184601 0 0.429962963 1.79027903 0 0.00916749611 0 0 0 0 0.00581607036 0.120020546 0 0.317649573 0.00650437735 0.56156379 0 0 0 0 0 0 0.630105674 0.278815776 0 0 0.257276803 0 0 0 0.00317862513 0 0 0 0 0 0.829456031 0 0.9628371 0 0.212810755 0 0 0 0 0 0 0 0 0 0 0.247607902 0 0.192030117 0 0 0 0 0 0 0.388883173 0.388480216 0 0 0 0 0 1 0 0 0 0.462962955 0.244650543 0.252935857 0.792561233 0.831892014 1 1
G3036 0 0.00534707587 1.32184601 0 0.429962963 1.79027903 0 0.00916749611 0 0 0 0 0.00581607036 0.120020546 0 0.317649573 0.00650437735 0.56156379 0 0 0 0 0 0 0.630105674 0.278815776 0 0 0.257276803 0 0 0 0.00317862513 0 0 0 0 0 0.829456031 0 0.9628371 0 0.212810755 0 0 0 0 0 0 0 0 0 0 0.247607902 0 0.192030117 0 0 0 0 0 0 0.388883173 0.388480216 0 0 1 0 0 0 0 0 0 0.481481493 0.244650543 0.692550659 0.307701409 0.71071738 1 1
G3038 0 0.00534707587 1.32184601 0 0.429962963 1.79027903 0 0.00916749611 0 0 0 0 0.00581607036 0.120020546 0 0.317649573 0.00650437735 0.56156379 0 0 0 0 0 0 0.630105674 0.278815776 0 0 0.257276803 0 0 0 0.00317862513 0 0 0 0 0 0.829456031 0 0.9628371 0 0.212810755 0 0 0 0 0 0 0 0 0 0 0.247607902 0 0.192030117 0 0 0 0 0 0 0.388883173 0.388480216 0 0 1 0 0 0 0 0 0 0.481481493 0.244650543 0.692550659 0.307701409 0.758230567 1 1
G3042 0 0.00534707587 1.32184601 0 0.429962963 1.79027903 0 0.00916749611 0 0 0 0 0.00581607036 0.120020546 0 0.317649573 0.00650437735 0.56156379 0 0 0 0 0 0 0.630105674 0.278815776 0 0 0.257276803 0 0 0 0.00317862513 0 0 0 0 0 0.829456031 0 0.9628371 0 0.212810755 0 0 0 0 0 0 0 0 0 0 0.247607902 0 0.192030117 0 0 0 0 0 0 0.388883173 0.388480216 0 1 0 0 0 0 0 0 0 0.481481493 0.387761921 0.345311165 0.649864316 0.622880518 1 1
G3045 0 0.00534707587 1.32184601 0 0.429962963 1.79027903 0 0.00916749611 0 0 0 0 0.00581607036 0.120020546 0 0.317649573 0.00650437735 0.56156379 0 0 0 0 0 0 0.630105674 0.278815776 0 0 0.257276803 0 0 0 0.00317862513 0 0 0 0 0 0.829456031 0 0.9628371 0 0.212810755 0 0 0 0 0 0 0 0 0 0 0.247607902 0 0.192030117 0 0 0 0 0 0 0.388883173 0.388480216 0 1 0 0 0 0 0 0 0 0.481481493 0.387761921 0.361869395 0.657498062 0.620475054 1 1
G3064 0 0.00534707587 1.32184601 0 0.429962963 1.79027903 0 0.00916749611 0 0 0 0 0.00581607036 0.120020546 0 0.317649573 0.00650437735 0.56156379 0 0 0 0 0 0 0.630105674 0.278815776 0 0 0.257276803 0 0 0 0.00317862513 0 0 0 0 0 0.829456031 0 0.9628371 0 0.212810755 0 0 0 0 0 0 0 0 0 0 0.247607902 0 0.192030117 0 0 0 0 0 0 0.388883173 0.388480216 0 0 1 0 0 0 0 0 0 0.5 0.244650543 0.684691131 0.727129161 0.660663247 1 1
G3065 0 0.00534707587 1.32184601 0 0.429962963 1.79027903 0 0.00916749611 0 0 0 0 0.00581607036 0.120020546 0 0.317649573 0.00650437735 0.56156379 0 0 0 0 0 0 0.630105674 0.278815776 0 0 0.257276803 0 0 0 0.00317862513 0 0 0 0 0 0.829456031 0 0.9628371 0 0.212810755 0 0 0 0 0 0 0 0 0 0 0.247607902 0 0.192030117 0 0 0 0 0 0 0.388883173 0.388480216 0 0 1 0 0 0 0 0 0 0.5 0.244650543 0.611630201 0.615402818 0.664330304 1 1
G3066 0 0.00534707587 1.32184601 0 0.429962963 1.79027903 0 0.00916749611 0 0 0 0 0.00581607036 0.120020546 0 0.317649573 0.00650437735 0.56156379 0 0 0 0 0 0 0.630105674 0.278815776 0 0 0.257276803 0 0 0 0.00317862513 0 0 0 0 0 0.829456031 0 0.9628371 0 0.212810755 0 0 0 0 0 0 0 0 0 0 0.247607902 0 0.192030117 0 0 0 0 0 0 0.388883173 0.388480216 0 0 1 0 0 0 0 0 0 0.5 0.244650543 0.611630201 0.615402818 0.725890636 1 1
G3089 0 0.00534707587 1.32184601 0 0.429962963 1.79027903 0 0.00916749611 0 0 0 0 0.00581607036 0.120020546 0 0.317649573 0.00650437735 0.56156379 0 0 0 0 0 0 0.630105674 0.278815776 0 0 0.257276803 0 0 0 0.00317862513 0 0 0 0 0 0.829456031 0 0.9628371 0 0.212810755 0 0 0 0 0 0 0 0 0 0 0.247607902 0 0.192030117 0 0 0 0 0 0 0.388883173 0.388480216 0 0 1 0 0 0 0 0 0 0.518518507 0.244650543 0.773213744 0.238070309 0.749237418 1 1
G3090 0 0.00534707587 1.32184601 0 0.429962963 1.79027903 0 0.00916749611 0 0 0 0 0.00581607036 0.120020546 0 0.317649573 0.00650437735 0.56156379 0 0 0 0 0 0 0.630105674 0.278815776 0 0 0.257276803 0 0 0 0.00317862513 0 0 0 0 0 0.829456031 0 0.9628371 0 0.212810755 0 0 0 0 0 0 0 0 0 0 0.247607902 0 0.192030117 0 0 0 0 0 0 0.388883173 0.388480216 0 0 1 0 0 0 0 0 0 0.518518507 0.489301085 0.587404251 0.671817303 0.653049469 1 1
G3094 0 0.00534707587 1.32184601 0 0.429962963 1.79027903 0 0.00916749611 0 0 0 0 0.00581607036 0.120020546 0 0.317649573 0.00650437735 0.56156379 0 0 0 0 0 0 0.630105674 0.278815776 0 0 0.257276803 0 0 0 0.00317862513 0 0 0 0 0 0.829456031 0 0.9628371 0 0.212810755 0 0 0 0 0 0 0 0 0 0 0.247607902 0 0.192030117 0 0 0 0 0 0 0.388883173 0.388480216 0 0 1 0 0 0 0 0 0 0.518518507 0.244650543 0.587404251 0.671817303 0.718495369 1 1
G3119 0 0.00534707587 1.32184601 0 0.429962963 1.79027903 0 0.00916749611 0 0 0 0 0.00581607036 0.120020546 0 0.317649573 0.00650437735 0.56156379 0 0 0 0 0 0 0.630105674 0.278815776 0 0 0.257276803 0 0 0 0.00317862513 0 0 0 0 0 0.829456031 0 0.9628371 0 0.212810755 0 0 0 0 0 0 0 0 0 0 0.247607902 0 0.192030117 0 0 0 0 0 0 0.388883173 0.388480216 0 0 1 0 0 0 0 0 0 0.537037015 0.244650543 0.806204021 0.307701409 0.750263631 1 1
G3121 0 0.00534707587 1.32184601 0 0.429962963 1.79027903 0 0.00916749611 0 0 0 0 0.00581607036 0.120020546 0 0.317649573 0.00650437735 0.56156379 0 0 0 0 0 0 0.630105674 0.278815776 0 0 0.257276803 0 0 0 0.00317862513 0 0 0 0 0 0.829456031 0 0.9628371 0 0.212810755 0 0 0 0 0 0 0 0 0 0 0.247607902 0 0.192030117 0 0 0 0 0 0 0.388883173 0.388480216 0 0 1 0 0 0 0 0 0 0.537037015 0.244650543 0.806204021 0.307701409 0.784830391 1 1
G3122 0 0.00534707587 1.32184601 0 0.429962963 1.79027903 0 0.00916749611 0 0 0 0 0.00581607036 0.120020546 0 0.317649573 0.00650437735 0.56156379 0 0 0 0 0 0 0.630105674 0.278815776 0 0 0.257276803 0 0 0 0.00317862513 0 0 0 0 0 0.829456031 0 0.9628371 0 0.212810755 0 0 0 0 0 0 0 0 0 0 0.247607902 0 0.192030117 0 0 0 0 0 0 0.388883173 0.388480216 0 0 1 0 0 0 0 0 0 0.537037015 0.489301085 0.674279511 0.750371516 0.653049469 1 1
G3132 0 0.00534707587 1.32184601 0 0.429962963 1.79027903 0 0.00916749611 0 0 0 0 0.00581607036 0.120020546 0 0.317649573 0.00650437735 0.56156379 0 0 0 0 0 0 0.630105674 0.278815776 0 0 0.257276803 0 0 0 0.00317862513 0 0 0 0 0 0.829456031 0 0.9628371 0 0.212810755 0 0 0 0 0 0 0 0 0 0 0.247607902 0 0.192030117 0 0 0 0 0 0 0.388883173 0.388480216 0 0 0 0 0 1 0 0 0 0.537037015 0.387761921 0.617917359 0.645916283 0.717226624 1 1
G3138 0 0.00534707587 1.32184601 0 0.429962963 1.79027903 0 0.00916749611 0 0 0 0 0.00581607036 0.120020546 0 0.317649573 0.00650437735 0.56156379 0 0 0 0 0 0 0.630105674 0.278815776 0 0 0.257276803 0 0 0 0.00317862513 0 0 0 0 0 0.829456031 0 0.9628371 0 0.212810755 0 0 0 0 0 0 0 0 0 0 0.247607902 0 0.192030117 0 0 0 0 0 0 0.388883173 0.388480216 0 0 1 0 0 0 0 0 0 0.555555582 0.244650543 0.686693132 0.729600191 0.664330304 1 1
G3139 0 0.00534707587 1.32184601 0 0.429962963 1.79027903 0 0.00916749611 0 0 0 0 0.00581607036 0.120020546 0 0.317649573 0.00650437735 0.56156379 0 0 0 0 0 0 0.630105674 0.278815776 0 0 0.257276803 0 0 0 0.00317862513 0 0 0 0 0 0.829456031 0 0.9628371 0 0.212810755 0 0 0 0 0 0 0 0 0 0 0.247607902 0 0.192030117 0 0 0 0 0 0 0.388883173 0.388480216 0 0 1 0 0 0 0 0 0 0.555555582 0.244650543 0.686693132 0.729600191 0.721001089 1 1
G3146 0 0.00534707587 1.32184601 0 0.429962963 1.79027903 0 0.00916749611 0 0 0 0 0.00581607036 0.120020546 0 0.317649573 0.00650437735 0.56156379 0 0 0 0 0 0 0.630105674 0.278815776 0 0 0.257276803 0 0 0 0.00317862513 0 0 0 0 0 0.829456031 0 0.9628371 0 0.212810755 0 0 0 0 0 0 0 0 0 0 0.247607902 0 0.192030117 0 0 0 0 0 0 0.388883173 0.388480216 0 1 0 0 0 0 0 0 0 0.537037015 0.387761921 0.345311165 0.688185036 0.64295572 1 1
G3165 0 0.00534707587 1.32184601 0 0.429962963 1.79027903 0 0.00916749611 0 0 0 0 0.00581607036 0.120020546 0 0.317649573 0.00650437735 0.56156379 0 0 0 0 0 0 0.630105674 0.278815776 0 0 0.257276803 0 0 0 0.00317862513 0 0 0 0 0 0.829456031 0 0.9628371 0 0.212810755 0 0 0 0 0 0 0 0 0 0 0.247607902 0 0.192030117 0 0 0 0 0 0 0.388883173 0.388480216 0 0 1 0 0 0 0 0 0 0.57407409 0.387761921 0.680608869 0.752531707 0.653049469 1 1
G3168 0 0.00534707587 1.32184601 0 0.429962963 1.79027903 0 0.00916749611 0 0 0 0 0.00581607036 0.120020546 0 0.317649573 0.00650437735 0.56156379 0 0 0 0 0 0 0.630105674 0.278815776 0 0 0.257276803 0 0 0 0.00317862513 0 0 0 0 0 0.829456031 0 0.9628371 0 0.212810755 0 0 0 0 0 0 0 0 0 0 0.247607902 0 0.192030117 0 0 0 0 0 0 0.388883173 0.388480216 0 0 1 0 0 0 0 0 0 0.57407409 0.244650543 0.680608869 0.752531707 0.713355005 1 1
G3170 0 0.00534707587 1.32184601 0 0.429962963 1.79027903 0 0.00916749611 0 0 0 0 0.00581607036 0.120020546 0 0.317649573 0.00650437735 0.56156379 0 0 0 0 0 0 0.630105674 0.278815776 0 0 0.257276803 0 0 0 0.00317862513 0 0 0 0 0 0.829456031 0 0.9628371 0 0.212810755 0 0 0 0 0 0 0 0 0 0 0.247607902 0 0.192030117 0 0 0 0 0 0 0.388883173 0.388480216 0 0 0 0 0 1 0 0 0 0.555555582 0.244650543 0.594715238 0.678552747 0.715947151 1 1
G3174 0 0.00534707587 1.32184601 0 0.429962963 1.79027903 0 0.00916749611 0 0 0 0 0.00581607036 0.120020546 0 0.317649573 0.00650437735 0.56156379 0 0 0 0 0 0 0.630105674 0.278815776 0 0 0.257276803 0 0 0 0.00317862513 0 0 0 0 0 0.829456031 0 0.9628371 0 0.212810755 0 0 0 0 0 0 0 0 0 0 0.247607902 0 0.192030117 0 0 0 0 0 0 0.388883173 0.388480216 0 1 0 0 0 0 0 0 0 0.555555582 0.387761921 0.345311165 0.760910511 0.64295572 1 1
G3186 0 0.00534707587 1.32184601 0 0.429962963 1.79027903 0 0.00916749611 0 0 0 0 0.00581607036 0.120020546 0 0.317649573 0.00650437735 0.56156379 0 0 0 0 0 0 0.630105674 0.278815776 0 0 0.257276803 0 0 0 0.00317862513 0 0 0 0 0 0.829456031 0 0.9628371 0 0.212810755 0 0 0 0 0 0 0 0 0 0 0.247607902 0 0.192030117 0 0 0 0 0 0 0.388883173 0.388480216 0 0 0 0 0 1 0 0 0 0.555555582 0.387761921 0.688670039 0.739143252 0.763003707 1 1
G3191 0 0.00534707587 1.32184601 0 0.429962963 1.79027903 0 0.00916749611 0 0 0 0 0.00581607036 0.120020546 0 0.317649573 0.00650437735 0.56156379 0 0 0 0 0 0 0.630105674 0.278815776 0 0 0.257276803 0 0 0 0.00317862513 0 0 0 0 0 0.829456031 0 0.9628371 0 0.212810755 0 0 0 0 0 0 0 0 0 0 0.247607902 0 0.192030117 0 0 0 0 0 0 0.388883173 0.388480216 0 0 0 0 0 1 0 0 0 0.592592597 0.244650543 0.69062233 0.745967925 0.712041974 1 1
G3214 0 0.00534707587 1.32184601 0 0.429962963 1.79027903 0 0.00916749611 0 0 0 0 0.00581607036 0.120020546 0 0.317649573 0.00650437735 0.56156379 0 0 0 0 0 0 0.630105674 0.278815776 0 0 0.257276803 0 0 0 0.00317862513 0 0 0 0 0 0.829456031 0 0.9628371 0 0.212810755 0 0 0 0 0 0 0 0 0 0 0.247607902 0 0.192030117 0 0 0 0 0 0 0.388883173 0.388480216 0 0 0 0 0 1 0 0 0 0.57407409 0.244650543 0.678527296 0.754665017 0.805311322 1 1
G3220 0 0.00534707587 1.32184601 0 0.429962963 1.79027903 0 0.00916749611 0 0 0 0 0.00581607036 0.120020546 0 0.317649573 0.00650437735 0.56156379 0 0 0 0 0 0 0.630105674 0.278815776 0 0 0.257276803 0 0 0 0.00317862513 0 0 0 0 0 0.829456031 0 0.9628371 0 0.212810755 0 0 0 0 0 0 0 0 0 0 0.247607902 0 0.192030117 0 0 0 0 0 0 0.388883173 0.388480216 0 1 0 0 0 0 0 0 0 0.592592597 0.387761921 0.345311165 0.762942851 0.64295572 1 1
__smartatpg_bin_1128_2 0 0.00534707587 1.32184601 0 0.429962963 1.79027903 0 0.00916749611 0 0 0 0 0.00581607036 0.120020546 0 0.317649573 0.00650437735 0.56156379 0 0 0 0 0 0 0.630105674 0.278815776 0 0 0.257276803 0 0 0 0.00317862513 0 0 0 0 0 0.829456031 0 0.9628371 0 0.212810755 0 0 0 0 0 0 0 0 0 0 0.247607902 0 0.192030117 0 0 0 0 0 0 0.388883173 0.388480216 0 1 0 0 0 0 0 0 0 0.296296299 0.244650543 0.492767632 0.633496523 0.721001089 1 1
G2558 0 0.00534707587 1.32184601 0 0.429962963 1.79027903 0 0.00916749611 0 0 0 0 0.00581607036 0.120020546 0 0.317649573 0.00650437735 0.56156379 0 0 0 0 0 0 0.630105674 0.278815776 0 0 0.257276803 0 0 0 0.00317862513 0 0 0 0 0 0.829456031 0 0.9628371 0 0.212810755 0 0 0 0 0 0 0 0 0 0 0.247607902 0 0.192030117 0 0 0 0 0 0 0.388883173 0.388480216 0 1 0 0 0 0 0 0 0 0.314814806 0.387761921 0.499456197 0.752531707 0.660663247 1 1
G2637 0 0.00534707587 1.32184601 0 0.429962963 1.79027903 0 0.00916749611 0 0 0 0 0.00581607036 0.120020546 0 0.317649573 0.00650437735 0.56156379 0 0 0 0 0 0 0.630105674 0.278815776 0 0 0.257276803 0 0 0 0.00317862513 0 0 0 0 0 0.829456031 0 0.9628371 0 0.212810755 0 0 0 0 0 0 0 0 0 0 0.247607902 0 0.192030117 0 0 0 0 0 0 0.388883173 0.388480216 0 1 0 0 0 0 0 0 0 0.333333343 0.244650543 0.281589121 0.780226529 0.70110333 1 1
G2669 0 0.00534707587 1.32184601 0 0.429962963 1.79027903 0 0.00916749611 0 0 0 0 0.00581607036 0.120020546 0 0.317649573 0.00650437735 0.56156379 0 0 0 0 0 0 0.630105674 0.278815776 0 0 0.257276803 0 0 0 0.00317862513 0 0 0 0 0 0.829456031 0 0.9628371 0 0.212810755 0 0 0 0 0 0 0 0 0 0 0.247607902 0 0.192030117 0 0 0 0 0 0 0.388883173 0.388480216 0 0 0 1 0 0 0 0 0 0.351851851 0.489301085 0.470802933 0.703127623 0.679807544 1 1
G2728 0 0.00534707587 1.32184601 0 0.429962963 1.79027903 0 0.00916749611 0 0 0 0 0.00581607036 0.120020546 0 0.317649573 0.00650437735 0.56156379 0 0 0 0 0 0 0.630105674 0.278815776 0 0 0.257276803 0 0 0 0.00317862513 0 0 0 0 0 0.829456031 0 0.9628371 0 0.212810755 0 0 0 0 0 0 0 0 0 0 0.247607902 0 0.192030117 0 0 0 0 0 0 0.388883173 0.388480216 0 0 0 0 0 1 0 0 0 0.370370358 0.568060994 0.646056235 0.522840202 0.790413976 1 1
G2736 0 0.00534707587 1.32184601 0 0.429962963 1.79027903 0 0.00916749611 0 0 0 0 0.00581607036 0.120020546 0 0.317649573 0.00650437735 0.56156379 0 0 0 0 0 0 0.630105674 0.278815776 0 0 0.257276803 0 0 0 0.00317862513 0 0 0 0 0 0.829456031 0 0.9628371 0 0.212810755 0 0 0 0 0 0 0 0 0 0 0.247607902 0 0.192030117 0 0 0 0 0 0 0.388883173 0.388480216 0 1 0 0 0 0 0 0 0 0.370370358 0.387761921 0.172655582 0.708758712 0.725890636 1 1
G2796 0 0.00534707587 1.32184601 0 0.429962963 1.79027903 0 0.00916749611 0 0 0 0 0.00581607036 0.120020546 0 0.317649573 0.00650437735 0.56156379 0 0 0 0 0 0 0.630105674 0.278815776 0 0 0.257276803 0 0 0 0.00317862513 0 0 0 0 0 0.829456031 0 0.9628371 0 0.212810755 0 0 0 0 0 0 0 0 0 0 0.247607902 0 0.192030117 0 0 0 0 0 0 0.388883173 0.388480216 0 1 0 0 0 0 0 0 0 0.388888896 0.387761921 0.648611665 0.657498062 0.819511294 1 1
G2803 0 0.00534707587 1.32184601 0 0.429962963 1.79027903 0 0.00916749611 0 0 0 0 0.00581607036 0.120020546 0 0.317649573 0.00650437735 0.56156379 0 0 0 0 0 0 0.630105674 0.278815776 0 0 0.257276803 0 0 0 0.00317862513 0 0 0 0 0 0.829456031 0 0.9628371 0 0.212810755 0 0 0 0 0 0 0 0 0 0 0.247607902 0 0.192030117 0 0 0 0 0 0 0.388883173 0.388480216 0 0 0 0 0 1 0 0 0 0.388888896 0.244650543 0.651126266 0.238070309 0.724683046 1 1
G2820 0 0.00534707587 1.32184601 0 0.429962963 1.79027903 0 0.00916749611 0 0 0 0 0.00581607036 0.120020546 0 0.317649573 0.00650437735 0.56156379 0 0 0 0 0 0 0.630105674 0.278815776 0 0 0.257276803 0 0 0 0.00317862513 0 0 0 0 0 0.829456031 0 0.9628371 0 0.212810755 0 0 0 0 0 0 0 0 0 0 0.247607902 0 0.192030117 0 0 0 0 0 0 0.388883173 0.388480216 0 1 0 0 0 0 0 0 0 0.42592594 0.244650543 0.558750987 0.766936779 0.756278038 1 1
G2821 0 0.00534707587 1.32184601 0 0.429962963 1.79027903 0 0.00916749611 0 0 0 0 0.00581607036 0.120020546 0 0.317649573 0.00650437735 0.56156379 0 0 0 0 0 0 0.630105674 0.278815776 0 0 0.257276803 0 0 0 0.00317862513 0 0 0 0 0 0.829456031 0 0.9628371 0 0.212810755 0 0 0 0 0 0 0 0 0 0 0.247607902 0 0.192030117 0 0 0 0 0 0 0.388883173 0.388480216 0 1 0 0 0 0 0 0 0 0.407407403 0.244650543 0.554195344 0.685033917 0.762061119 1 1
G2877 0 0.00534707587 1.32184601 0 0.429962963 1.79027903 0 0.00916749611 0 0 0 0 0.00581607036 0.120020546 0 0.317649573 0.00650437735 0.56156379 0 0 0 0 0 0 0.630105674 0.278815776 0 0 0.257276803 0 0 0 0.00317862513 0 0 0 0 0 0.829456031 0 0.9628371 0 0.212810755 0 0 0 0 0 0 0 0 0 0 0.247607902 0 0.192030117 0 0 0 0 0 0 0.388883173 0.388480216 0 1 0 0 0 0 0 0 0 0.42592594 0.387761921 0.172655582 0.691279411 0.760158062 1 1
G2887 0 0.00534707587 1.32184601 0 0.429962963 1.79027903 0 0.00916749611 0 0 0 0 0.00581607036 0.120020546 0 0.317649573 0.00650437735 0.56156379 0 0 0 0 0 0 0.630105674 0.278815776 0 0 0.257276803 0 0 0 0.00317862513 0 0 0 0 0 0.829456031 0 0.9628371 0 0.212810755 0 0 0 0 0 0 0 0 0 0 0.247607902 0 0.192030117 0 0 0 0 0 0 0.388883173 0.388480216 0 0 0 0 0 1 0 0 0 0.407407403 0.387761921 0.605081022 0.711506426 0.818864703 1 1
G2902 0 0.00534707587 1.32184601 0 0.429962963 1.79027903 0 0.00916749611 0 0 0 0 0.00581607036 0.120020546 0 0.317649573 0.00650437735 0.56156379 0 0 0 0 0 0 0.630105674 0.278815776 0 0 0.257276803 0 0 0 0.00317862513 0 0 0 0 0 0.829456031 0 0.9628371 0 0.212810755 0 0 0 0 0 0 0 0 0 0 0.247607902 0 0.192030117 0 0 0 0 0 0 0.388883173 0.388480216 0 1 0 0 0 0 0 0 0 0.444444448 0.387761921 0.172655582 0.77083993 0.754299879 1 1
G2950 0 0.00534707587 1.32184601 0 0.429962963 1.79027903 0 0.00916749611 0 0 0 0 0.00581607036 0.120020546 0 0.317649573 0.00650437735 0.56156379 0 0 0 0 0 0 0.630105674 0.278815776 0 0 0.257276803 0 0 0 0.00317862513 0 0 0 0 0 0.829456031 0 0.9628371 0 0.212810755 0 0 0 0 0 0 0 0 0 0 0.247607902 0 0.192030117 0 0 0 0 0 0 0.388883173 0.388480216 0 0 0 0 0 1 0 0 0 0.42592594 0.244650543 0.653601229 0.664806902 0.818215251 1 1
G2951 0 0.00534707587 1.32184601 0 0.429962963 1.79027903 0 0.00916749611 0 0 0 0 0.00581607036 0.120020546 0 0.317649573 0.00650437735 0.56156379 0 0 0 0 0 0 0.630105674 0.278815776 0 0 0.257276803 0 0 0 0.00317862513 0 0 0 0 0 0.829456031 0 0.9628371 0 0.212810755 0 0 0 0 0 0 0 0 0 0 0.247607902 0 0.192030117 0 0 0 0 0 0 0.388883173 0.388480216 0 0 0 0 0 1 0 0 0 0.462962955 0.244650543 0.70718056 0.238070309 0.753300905 1 1
G2962 0 0.00534707587 1.32184601 0 0.429962963 1.79027903 0 0.00916749611 0 0 0 0 0.00581607036 0.120020546 0 0.317649573 0.00650437735 0.56156379 0 0 0 0 0 0 0.630105674 0.278815776 0 0 0.257276803 0 0 0 0.00317862513 0 0 0 0 0 0.829456031 0 0.9628371 0 0.212810755 0 0 0 0 0 0 0 0 0 0 0.247607902 0 0.192030117 0 0 0 0 0 0 0.388883173 0.388480216 0 0 0 0 0 1 0 0 0 0.444444448 0.387761921 0.635397375 0.238070309 0.759197414 1 1
G2965 0 0.00534707587 1.32184601 0 0.429962963 1.79027903 0 0.00916749611 0 0 0 0 0.00581607036 0.120020546 0 0.317649573 0.00650437735 0.56156379 0 0 0 0 0 0 0.630105674 0.278815776 0 0 0.257276803 0 0 0 0.00317862513 0 0 0 0 0 0.829456031 0 0.9628371 0 0.212810755 0 0 0 0 0 0 0 0 0 0 0.247607902 0 0.192030117 0 0 0 0 0 0 0.388883173 0.388480216 0 0 0 0 0 1 0 0 0 0.444444448 0.387761921 0.635397375 0.238070309 0.826446474 1 1
G3010 0 0.00534707587 1.32184601 0 0.429962963 1.79027903 0 0.00916749611 0 0 0 0 0.00581607036 0.120020546 0 0.317649573 0.00650437735 0.56156379 0 0 0 0 0 0 0.630105674 0.278815776 0 0 0.257276803 0 0 0 0.00317862513 0 0 0 0 0 0.829456031 0 0.9628371 0 0.212810755 0 0 0 0 0 0 0 0 0 0 0.247607902 0 0.192030117 0 0 0 0 0 0 0.388883173 0.388480216 0 0 0 0 0 1 0 0 0 0.462962955 0.244650543 0.252935857 0.697305679 0.799528301 1 1
G3011 0 0.00534707587 1.32184601 0 0.429962963 1.79027903 0 0.00916749611 0 0 0 0 0.00581607036 0.120020546 0 0.317649573 0.00650437735 0.56156379 0 0 0 0 0 0 0.630105674 0.278815776 0 0 0.257276803 0 0 0 0.00317862513 0 0 0 0 0 0.829456031 0 0.9628371 0 0.212810755 0 0 0 0 0 0 0 0 0 0 0.247607902 0 0.192030117 0 0 0 0 0 0 0.388883173 0.388480216 0 0 0 0 0 1 0 0 0 0.462962955 0.244650543 0.252935857 0.697305679 0.85344547 1 1
G3034 0 0.00534707587 1.32184601 0 0.429962963 1.79027903 0 0.00916749611 0 0 0 0 0.00581607036 0.120020546 0 0.317649573 0.00650437735 0.56156379 0 0 0 0 0 0 0.630105674 0.278815776 0 0 0.257276803 0 0 0 0.00317862513 0 0 0 0 0 0.829456031 0 0.9628371 0 0.212810755 0 0 0 0 0 0 0 0 0 0 0.247607902 0 0.192030117 0 0 0 0 0 0 0.388883173 0.388480216 0 0 1 0 0 0 0 0 0 0.481481493 0.244650543 0.629783988 0.685033917 0.645029426 1 1
G3061 0 0.00534707587 1.32184601 0 0.429962963 1.79027903 0 0.00916749611 0 0 0 0 0.00581607036 0.120020546 0 0.317649573 0.00650437735 0.56156379 0 0 0 0 0 0 0.630105674 0.278815776 0 0 0.257276803 0 0 0 0.00317862513 0 0 0 0 0 0.829456031 0 0.9628371 0 0.212810755 0 0 0 0 0 0 0 0 0 0 0.247607902 0 0.192030117 0 0 0 0 0 0 0.388883173 0.388480216 0 0 1 0 0 0 0 0 0 0.537037015 0.244650543 0.682663262 0.724622071 0.653049469 1 1
G3062 0 0.00534707587 1.32184601 0 0.429962963 1.79027903 0 0.00916749611 0 0 0 0 0.00581607036 0.120020546 0 0.317649573 0.00650437735 0.56156379 0 0 0 0 0 0 0.630105674 0.278815776 0 0 0.257276803 0 0 0 0.00317862513 0 0 0 0 0 0.829456031 0 0.9628371 0 0.212810755 0 0 0 0 0 0 0 0 0 0 0.247607902 0 0.192030117 0 0 0 0 0 0 0.388883173 0.388480216 0 0 1 0 0 0 0 0 0 0.5 0.244650543 0.747064173 0.238070309 0.723465741 1 1
G3085 0 0.00534707587 1.32184601 0 0.429962963 1.79027903 0 0.00916749611 0 0 0 0 0.00581607036 0.120020546 0 0.317649573 0.00650437735 0.56156379 0 0 0 0 0 0 0.630105674 0.278815776 0 0 0.257276803 0 0 0 0.00317862513 0 0 0 0 0 0.829456031 0 0.9628371 0 0.212810755 0 0 0 0 0 0 0 0 0 0 0.247607902 0 0.192030117 0 0 0 0 0 0 0.388883173 0.388480216 0 0 1 0 0 0 0 0 0 0.555555582 0.244650543 0.794628859 0.238070309 0.743998587 1 1
G3086 0 0.00534707587 1.32184601 0 0.429962963 1.79027903 0 0.00916749611 0 0 0 0 0.00581607036 0.120020546 0 0.317649573 0.00650437735 0.56156379 0 0 0 0 0 0 0.630105674 0.278815776 0 0 0.257276803 0 0 0 0.00317862513 0 0 0 0 0 0.829456031 0 0.9628371 0 0.212810755 0 0 0 0 0 0 0 0 0 0 0.247607902 0 0.192030117 0 0 0 0 0 0 0.388883173 0.388480216 0 0 1 0 0 0 0 0 0 0.518518507 0.387761921 0.638130605 0.691279411 0.636557281 1 1
G3110 0 0.00534707587 1.32184601 0 0.429962963 1.79027903 0 0.00916749611 0 0 0 0 0.00581607036 0.120020546 0 0.317649573 0.00650437735 0.56156379 0 0 0 0 0 0 0.630105674 0.278815776 0 0 0.257276803 0 0 0 0.00317862513 0 0 0 0 0 0.829456031 0 0.9628371 0 0.212810755 0 0 0 0 0 0 0 0 0 0 0.247607902 0 0.192030117 0 0 0 0 0 0 0.388883173 0.388480216 0 0 1 0 0 0 0 0 0 0.57407409 0.489301085 0.67211175 0.748183846 0.645029426 1 1
G3115 0 0.00534707587 1.32184601 0 0.429962963 1.79027903 0 0.00916749611 0 0 0 0 0.00581607036 0.120020546 0 0.317649573 0.00650437735 0.56156379 0 0 0 0 0 0 0.630105674 0.278815776 0 0 0.257276803 0 0 0 0.00317862513 0 0 0 0 0 0.829456031 0 0.9628371 0 0.212810755 0 0 0 0 0 0 0 0 0 0 0.247607902 0 0.192030117 0 0 0 0 0 0 0.388883173 0.388480216 0 0 1 0 0 0 0 0 0 0.518518507 0.244650543 0.764971375 0.307701409 0.734082401 1 1
G3117 0 0.00534707587 1.32184601 0 0.429962963 1.79027903 0 0.00916749611 0 0 0 0 0.00581607036 0.120020546 0 0.317649573 0.00650437735 0.56156379 0 0 0 0 0 0 0.630105674 0.278815776 0 0 0.257276803 0 0 0 0.00317862513 0 0 0 0 0 0.829456031 0 0.9628371 0 0.212810755 0 0 0 0 0 0 0 0 0 0 0.247607902 0 0.192030117 0 0 0 0 0 0 0.388883173 0.388480216 0 0 1 0 0 0 0 0 0 0.518518507 0.244650543 0.764971375 0.307701409 0.810880125 1 1
G3136 0 0.00534707587 1.32184601 0 0.429962963 1.79027903 0 0.00916749611 0 0 0 0 0.00581607036 0.120020546 0 0.317649573 0.00650437735 0.56156379 0 0 0 0 0 0 0.630105674 0.278815776 0 0 0.257276803 0 0 0 0.00317862513 0 0 0 0 0 0.829456031 0 0.9628371 0 0.212810755 0 0 0 0 0 0 0 0 0 0 0.247607902 0 0.192030117 0 0 0 0 0 0 0.388883173 0.388480216 0 0 1 0 0 0 0 0 0 0.537037015 0.244650543 0.688670039 0.697305679 0.658795655 1 1
G3137 0 0.00534707587 1.32184601 0 0.429962963 1.79027903 0 0.00916749611 0 0 0 0 0.00581607036 0.120020546 0 0.317649573 0.00650437735 0.56156379 0 0 0 0 0 0 0.630105674 0.278815776 0 0 0.257276803 0 0 0 0.00317862513 0 0 0 0 0 0.829456031 0 0.9628371 0 0.212810755 0 0 0 0 0 0 0 0 0 0 0.247607902 0 0.192030117 0 0 0 0 0 0 0.388883173 0.388480216 0 0 1 0 0 0 0 0 0 0.537037015 0.244650543 0.688670039 0.697305679 0.770338833 1 1
G3140 0 0.00534707587 1.32184601 0 0.429962963 1.79027903 0 0.00916749611 0 0 0 0 0.00581607036 0.120020546 0 0.317649573 0.00650437735 0.56156379 0 0 0 0 0 0 0.630105674 0.278815776 0 0 0.257276803 0 0 0 0.00317862513 0 0 0 0 0 0.829456031 0 0.9628371 0 0.212810755 0 0 0 0 0 0 0 0 0 0 0.247607902 0 0.192030117 0 0 0 0 0 0 0.388883173 0.388480216 0 1 0 0 0 0 0 0 0 0.537037015 0.387761921 0.345311165 0.705966234 0.636557281 1 1
G3143 0 0.00534707587 1.32184601 0 0.429962963 1.79027903 0 0.00916749611 0 0 0 0 0.00581607036 0.120020546 0 0.317649573 0.00650437735 0.56156379 0 0 0 0 0 0 0.630105674 0.278815776 0 0 0.257276803 0 0 0 0.00317862513 0 0 0 0 0 0.829456031 0 0.9628371 0 0.212810755 0 0 0 0 0 0 0 0 0 0 0.247607902 0 0.192030117 0 0 0 0 0 0 0.388883173 0.388480216 0 1 0 0 0 0 0 0 0 0.537037015 0.387761921 0.435734153 0.711506426 0.620475054 1 1
G3160 0 0.00534707587 1.32184601 0 0.429962963 1.79027903 0 0.00916749611 0 0 0 0 0.00581607036 0.120020546 0 0.317649573 0.00650437735 0.56156379 0 0 0 0 0 0 0.630105674 0.278815776 0 0 0.257276803 0 0 0 0.00317862513 0 0 0 0 0 0.829456031 0 0.9628371 0 0.212810755 0 0 0 0 0 0 0 0 0 0 0.247607902 0 0.192030117 0 0 0 0 0 0 0.388883173 0.388480216 0 0 1 0 0 0 0 0 0 0.555555582 0.489301085 0.653601229 0.754665017 0.647074878 1 1
G3164 0 0.00534707587 1.32184601 0 0.429962963 1.79027903 0 0.00916749611 0 0 0 0 0.00581607036 0.120020546 0 0.317649573 0.00650437735 0.56156379 0 0 0 0 0 0 0.630105674 0.278815776 0 0 0.257276803 0 0 0 0.00317862513 0 0 0 0 0 0.829456031 0 0.9628371 0 0.212810755 0 0 0 0 0 0 0 0 0 0 0.247607902 0 0.192030117 0 0 0 0 0 0 0.388883173 0.388480216 0 0 1 0 0 0 0 0 0 0.555555582 0.244650543 0.653601229 0.754665017 0.764871299 1 1
G3171 0 0.00534707587 1.32184601 0 0.429962963 1.79027903 0 0.00916749611 0 0 0 0 0.00581607036 0.120020546 0 0.317649573 0.00650437735 0.56156379 0 0 0 0 0 0 0.630105674 0.278815776 0 0 0.257276803 0 0 0 0.00317862513 0 0 0 0 0 0.829456031 0 0.9628371 0 0.212810755 0 0 0 0 0 0 0 0 0 0 0.247607902 0 0.192030117 0 0 0 0 0 0 0.388883173 0.388480216 0 1 0 0 0 0 0 0 0 0.592592597 0.387761921 0.345311165 0.758853793 0.634362519 1 1
G3183 0 0.00534707587 1.32184601 0 0.429962963 1.79027903 0 0.00916749611 0 0 0 0 0.00581607036 0.120020546 0 0.317649573 0.00650437735 0.56156379 0 0 0 0 0 0 0.630105674 0.278815776 0 0 0.257276803 0 0 0 0.00317862513 0 0 0 0 0 0.829456031 0 0.9628371 0 0.212810755 0 0 0 0 0 0 0 0 0 0 0.247607902 0 0.192030117 0 0 0 0 0 0 0.388883173 0.388480216 0 0 0 0 0 1 0 0 0 0.592592597 0.387761921 0.686693132 0.73680675 0.796551168 1 1
G3203 0 0.00534707587 1.32184601 0 0.429962963 1.79027903 0 0.00916749611 0 0 0 0 0.00581607036 0.120020546 0 0.317649573 0.00650437735 0.56156379 0 0 0 0 0 0 0.630105674 0.278815776 0 0 0.257276803 0 0 0 0.00317862513 0 0 0 0 0 0.829456031 0 0.9628371 0 0.212810755 0 0 0 0 0 0 0 0 0 0 0.247607902 0 0.192030117 0 0 0 0 0 0 0.388883173 0.388480216 0 0 0 0 0 1 0 0 0 0.57407409 0.387761921 0.692550659 0.716873467 0.763940394 1 1
G3213 0 0.00534707587 1.32184601 0 0.429962963 1.79027903 0 0.00916749611 0 0 0 0 0.00581607036 0.120020546 0 0.317649573 0.00650437735 0.56156379 0 0 0 0 0 0 0.630105674 0.278815776 0 0 0.257276803 0 0 0 0.00317862513 0 0 0 0 0 0.829456031 0 0.9628371 0 0.212810755 0 0 0 0 0 0 0 0 0 0 0.247607902 0 0.192030117 0 0 0 0 0 0 0.388883173 0.388480216 0 0 0 0 0 1 0 0 0 0.611111104 0.244650543 0.676417768 0.752531707 0.842224777 1 1
G3217 0 0.00534707587 1.32184601 0 0.429962963 1.79027903 0 0.00916749611 0 0 0 0 0.00581607036 0.120020546 0 0.317649573 0.00650437735 0.56156379 0 0 0 0 0 0 0.630105674 0.278815776 0 0 0.257276803 0 0 0 0.00317862513 0 0 0 0 0 0.829456031 0 0.9628371 0 0.212810755 0 0 0 0 0 0 0 0 0 0 0.247607902 0 0.192030117 0 0 0 0 0 0 0.388883173 0.388480216 0 1 0 0 0 0 0 0 0 0.57407409 0.387761921 0.345311165 0.764951408 0.636557281 1 1
G3234 0 0.00534707587 1.32184601 0 0.429962963 1.79027903 0 0.00916749611 0 0 0 0 0.00581607036 0.120020546 0 0.317649573 0.00650437735 0.56156379 0 0 0 0 0 0 0.630105674 0.278815776 0 0 0.257276803 0 0 0 0.00317862513 0 0 0 0 0 0.829456031 0 0.9628371 0 0.212810755 0 0 0 0 0 0 0 0 0 0 0.247607902 0 0.192030117 0 0 0 0 0 0 0.388883173 0.388480216 0 0 0 0 0 1 0 0 0 0.592592597 0.244650543 0.658437252 0.758853793 0.763003707 1 1
G3524 0 0.00534707587 1.32184601 0 0.429962963 1.79027903 0 0.00916749611 0 0 0 0 0.00581607036 0.120020546 0 0.317649573 0.00650437735 0.56156379 0 0 0 0 0 0 0.630105674 0.278815776 0 0 0.257276803 0 0 0 0.00317862513 0 0 0 0 0 0.829456031 0 0.9628371 0 0.212810755 0 0 0 0 0 0 0 0 0 0 0.247607902 0 0.192030117 0 0 0 0 0 0 0.388883173 0.388480216 0 1 0 0 0 0 0 0 0 0.333333343 0 0.505871713 0.871566832 0 1 1
__smartatpg_bin_1258_1 0 0.00534707587 1.32184601 0 0.429962963 1.79027903 0 0.00916749611 0 0 0 0 0.00581607036 0.120020546 0 0.317649573 0.00650437735 0.56156379 0 0 0 0 0 0 0.630105674 0.278815776 0 0 0.257276803 0 0 0 0.00317862513 0 0 0 0 0 0.829456031 0 0.9628371 0 0.212810755 0 0 0 0 0 0 0 0 0 0 0.247607902 0 0.192030117 0 0 0 0 0 0 0.388883173 0.388480216 0 0 0 1 0 0 0 0 0 0.42592594 0.244650543 0.40310201 0.578270555 0.690832198 1 1
G2794 0 0.00534707587 1.32184601 0 0.429962963 1.79027903 0 0.00916749611 0 0 0 0 0.00581607036 0.120020546 0 0.317649573 0.00650437735 0.56156379 0 0 0 0 0 0 0.630105674 0.278815776 0 0 0.257276803 0 0 0 0.00317862513 0 0 0 0 0 0.829456031 0 0.9628371 0 0.212810755 0 0 0 0 0 0 0 0 0 0 0.247607902 0 0.192030117 0 0 0 0 0 0 0.388883173 0.388480216 0 0 0 0 1 0 0 0 0 0.444444448 0.244650543 0.534524977 0.552782178 0.671406448 1 1
G2851 0 0.00534707587 1.32184601 0 0.429962963 1.79027903 0 0.00916749611 0 0 0 0 0.00581607036 0.120020546 0 0.317649573 0.00650437735 0.56156379 0 0 0 0 0 0 0.630105674 0.278815776 0 0 0.257276803 0 0 0 0.00317862513 0 0 0 0 0 0.829456031 0 0.9628371 0 0.212810755 0 0 0 0 0 0 0 0 0 0 0.247607902 0 0.192030117 0 0 0 0 0 0 0.388883173 0.388480216 0 1 0 0 0 0 0 0 0 0.462962955 0.387761921 0.281589121 0.657498062 0.629874408 1 1
__smartatpg_bin_1281_1 0 0.00534707587 1.32184601 0 0.429962963 1.79027903 0 0.00916749611 0 0 0 0 0.00581607036 0.120020546 0 0.317649573 0.00650437735 0.56156379 0 0 0 0 0 0 0.630105674 0.278815776 0 0 0.257276803 0 0 0 0.00317862513 0 0 0 0 0 0.829456031 0 0.9628371 0 0.212810755 0 0 0 0 0 0 0 0 0 0 0.247607902 0 0.192030117 0 0 0 0 0 0 0.388883173 0.388480216 0 1 0 0 0 0 0 0 0 0.42592594 0.244650543 0.445261806 0.79425317 0.588135123 1 1
G2833 0 0.00534707587 1.32184601 0 0.429962963 1.79027903 0 0.00916749611 0 0 0 0 0.00581607036 0.120020546 0 0.317649573 0.00650437735 0.56156379 0 0 0 0 0 0 0.630105674 0.278815776 0 0 0.257276803 0 0 0 0.00317862513 0 0 0 0 0 0.829456031 0 0.9628371 0 0.212810755 0 0 0 0 0 0 0 0 0 0 0.247607902 0 0.192030117 0 0 0 0 0 0 0.388883173 0.388480216 0 1 0 0 0 0 0 0 0 0.444444448 0.387761921 0.172655582 0.797587872 0.581997931 1 1
G2905 0 0.00534707587 1.32184601 0 0.429962963 1.79027903 0 0.00916749611 0 0 0 0 0.00581607036 0.120020546 0 0.317649573 0.00650437735 0.56156379 0 0 0 0 0 0 0.630105674 0.278815776 0 0 0.257276803 0 0 0 0.00317862513 0 0 0 0 0 0.829456031 0 0.9628371 0 0.212810755 0 0 0 0 0 0 0 0 0 0 0.247607902 0 0.192030117 0 0 0 0 0 0 0.388883173 0.388480216 0 0 0 1 0 0 0 0 0 0.462962955 0.244650543 0.462741792 0.645916283 0.521040142 1 1
G2923 0 0.00534707587 1.32184601 0 0.429962963 1.79027903 0 0.00916749611 0 0 0 0 0.00581607036 0.120020546 0 0.317649573 0.00650437735 0.56156379 0 0 0 0 0 0 0.630105674 0.278815776 0 0 0.257276803 0 0 0 0.00317862513 0 0 0 0 0 0.829456031 0 0.9628371 0 0.212810755 0 0 0 0 0 0 0 0 0 0 0.247607902 0 0.192030117 0 0 0 0 0 0 0.388883173 0.388480216 0 0 0 0 1 0 0 0 0 0.462962955 0.387761921 0.591102242 0.505652726 0.753300905 1 1
G2944 0 0.00534707587 1.32184601 0 0.429962963 1.79027903 0 0.00916749611 0 0 0 0 0.00581607036 0.120020546 0 0.317649573 0.00650437735 0.56156379 0 0 0 0 0 0 0.630105674 0.278815776 0 0 0.257276803 0 0 0 0.00317862513 0 0 0 0 0 0.829456031 0 0.9628371 0 0.212810755 0 0 0 0 0 0 0 0 0 0 0.247607902 0 0.192030117 0 0 0 0 0 0 0.388883173 0.388480216 0 1 0 0 0 0 0 0 0 0.481481493 0.387761921 0.281589121 0.664806902 0.495497435 1 1
G2986 0 0.00534707587 1.32184601 0 0.429962963 1.79027903 0 0.00916749611 0 0 0 0 0.00581607036 0.120020546 0 0.317649573 0.00650437735 0.56156379 0 0 0 0 0 0 0.630105674 0.278815776 0 0 0.257276803 0 0 0 0.00317862513 0 0 0 0 0 0.829456031 0 0.9628371 0 0.212810755 0 0 0 0 0 0 0 0 0 0 0.247607902 0 0.192030117 0 0 0 0 0 0 0.388883173 0.388480216 0 0 0 0 0 1 0 0 0 0.481481493 0.489301085 0.470802933 0.649864316 0.752295315 1 1
G3054 0 0.00534707587 1.32184601 0 0.429962963 1.79027903 0 0.00916749611 0 0 0 0 0.00581607036 0.120020546 0 0.317649573 0.00650437735 0.56156379 0 0 0 0 0 0 0.630105674 0.278815776 0 0 0.257276803 0 0 0 0.00317862513 0 0 0 0 0 0.829456031 0 0.9628371 0 0.212810755 0 0 0 0 0 0 0 0 0 0 0.247607902 0 0.192030117 0 0 0 0 0 0 0.388883173 0.388480216 0 0 0 0 0 1 0 0 0 0.5 0.387761921 0.598246992 0.522840202 0.75128293 1 1
G3099 0 0.00534707587 1.32184601 0 0.429962963 1.79027903 0 0.00916749611 0 0 0 0 0.00581607036 0.120020546 0 0.317649573 0.00650437735 0.56156379 0 0 0 0 0 0 0.630105674 0.278815776 0 0 0.257276803 0 0 0 0.00317862513 0 0 0 0 0 0.829456031 0 0.9628371 0 0.212810755 0 0 0 0 0 0 0 0 0 0 0.247607902 0 0.192030117 0 0 0 0 0 0 0.388883173 0.388480216 0 0 0 0 0 1 0 0 0 0.518518507 0.244650543 0.48578167 0.657498062 0.763940394 1 1
G3152 0 0.00534707587 1.32184601 0 0.429962963 1.79027903 0 0.00916749611 0 0 0 0 0.00581607036 0.120020546 0 0.317649573 0.00650437735 0.56156379 0 0 0 0 0 0 0.630105674 0.278815776 0 0 0.257276803 0 0 0 0.00317862513 0 0 0 0 0 0.829456031 0 0.9628371 0 0.212810755 0 0 0 0 0 0 0 0 0 0 0.247607902 0 0.192030117 0 0 0 0 0 0 0.388883173 0.388480216 0 1 0 0 0 0 0 0 0 0.537037015 0.387761921 0.591102242 0.727129161 0.789628923 1 1
G3169 0 0.00534707587 1.32184601 0 0.429962963 1.79027903 0 0.00916749611 0 0 0 0 0.00581607036 0.120020546 0 0.317649573 0.00650437735 0.56156379 0 0 0 0 0 0 0.630105674 0.278815776 0 0 0.257276803 0 0 0 0.00317862513 0 0 0 0 0 0.829456031 0 0.9628371 0 0.212810755 0 0 0 0 0 0 0 0 0 0 0.247607902 0 0.192030117 0 0 0 0 0 0 0.388883173 0.388480216 0 0 1 0 0 0 0 0 0 0.555555582 0.244650543 0.705424547 0.538462877 0.717226624 1 1
G3193 0 0.00534707587 1.32184601 0 0.429962963 1.79027903 0 0.00916749611 0 0 0 0 0.00581607036 0.120020546 0 0.317649573 0.00650437735 0.56156379 0 0 0 0 0 0 0.630105674 0.278815776 0 0 0.257276803 0 0 0 0.00317862513 0 0 0 0 0 0.829456031 0 0.9628371 0 0.212810755 0 0 0 0 0 0 0 0 0 0 0.247607902 0 0.192030117 0 0 0 0 0 0 0.388883173 0.388480216 0 0 0 0 0 1 0 0 0 0.555555582 0.244650543 0.667684495 0.649864316 0.788839698 1 1
G3194 0 0.00534707587 1.32184601 0 0.429962963 1.79027903 0 0.00916749611 0 0 0 0 0.00581607036 0.120020546 0 0.317649573 0.00650437735 0.56156379 0 0 0 0 0 0 0.630105674 0.278815776 0 0 0.257276803 0 0 0 0.00317862513 0 0 0 0 0 0.829456031 0 0.9628371 0 0.212810755 0 0 0 0 0 0 0 0 0 0 0.247607902 0 0.192030117 0 0 0 0 0 0 0.388883173 0.388480216 0 0 1 0 0 0 0 0 0 0.57407409 0.244650543 0.674279511 0.653723598 0.686205924 1 1
G3211 0 0.00534707587 1.32184601 0 0.429962963 1.79027903 0 0.00916749611 0 0 0 0 0.00581607036 0.120020546 0 0.317649573 0.00650437735 0.56156379 0 0 0 0 0 0 0.630105674 0.278815776 0 0 0.257276803 0 0 0 0.00317862513 0 0 0 0 0 0.829456031 0 0.9628371 0 0.212810755 0 0 0 0 0 0 0 0 0 0 0.247607902 0 0.192030117 0 0 0 0 0 0 0.388883173 0.388480216 0 0 0 0 1 0 0 0 0 0.611111104 0.244650543 0.598246992 0.792561233 0.683040798 1 1
G3215 0 0.00534707587 1.32184601 0 0.429962963 1.79027903 0 0.00916749611 0 0 0 0 0.00581607036 0.120020546 0 0.317649573 0.00650437735 0.56156379 0 0 0 0 0 0 0.630105674 0.278815776 0 0 0.257276803 0 0 0 0.00317862513 0 0 0 0 0 0.829456031 0 0.9628371 0 0.212810755 0 0 0 0 0 0 0 0 0 0 0.247607902 0 0.192030117 0 0 0 0 0 0 0.388883173 0.388480216 0 0 1 0 0 0 0 0 0 0.57407409 0.244650543 0.749750674 0.732036114 0.714656651 1 1
G3216 0 0.00534707587 1.32184601 0 0.429962963 1.79027903 0 0.00916749611 0 0 0 0 0.00581607036 0.120020546 0 0.317649573 0.00650437735 0.56156379 0 0 0 0 0 0 0.630105674 0.278815776 0 0 0.257276803 0 0 0 0.00317862513 0 0 0 0 0 0.829456031 0 0.9628371 0 0.212810755 0 0 0 0 0 0 0 0 0 0 0.247607902 0 0.192030117 0 0 0 0 0 0 0.388883173 0.388480216 0 0 1 0 0 0 0 0 0 0.592592597 0.244650543 0.663128853 0.739143252 0.645029426 1 1
G3235 0 0.00534707587 1.32184601 0 0.429962963 1.79027903 0 0.00916749611 0 0 0 0 0.00581607036 0.120020546 0 0.317649573 0.00650437735 0.56156379 0 0 0 0 0 0 0.630105674 0.278815776 0 0 0.257276803 0 0 0 0.00317862513 0 0 0 0 0 0.829456031 0 0.9628371 0 0.212810755 0 0 0 0 0 0 0 0 0 0 0.247607902 0 0.192030117 0 0 0 0 0 0 0.388883173 0.388480216 0 0 1 0 0 0 0 0 0 0.592592597 0.244650543 0.787460804 0.649864316 0.746116042 1 1
G3236 0 0.00534707587 1.32184601 0 0.429962963 1.79027903 0 0.00916749611 0 0 0 0 0.00581607036 0.120020546 0 0.317649573 0.00650437735 0.56156379 0 0 0 0 0 0 0.630105674 0.278815776 0 0 0.257276803 0 0 0 0.00317862513 0 0 0 0 0 0.829456031 0 0.9628371 0 0.212810755 0 0 0 0 0 0 0 0 0 0 0.247607902 0 0.192030117 0 0 0 0 0 0 0.388883173 0.388480216 0 0 0 0 0 1 0 0 0 0.611111104 0.244650543 0.678527296 0.727129161 0.64295572 1 1
G3250 0 0.00534707587 1.32184601 0 0.429962963 1.79027903 0 0.00916749611 0 0 0 0 0.00581607036 0.120020546 0 0.317649573 0.00650437735 0.56156379 0 0 0 0 0 0 0.630105674 0.278815776 0 0 0.257276803 0 0 0 0.00317862513 0 0 0 0 0 0.829456031 0 0.9628371 0 0.212810755 0 0 0 0 0 0 0 0 0 0 0.247607902 0 0.192030117 0 0 0 0 0 0 0.388883173 0.388480216 0 0 1 0 0 0 0 0 0 0.611111104 0.244650543 0.745703459 0.820725739 0.64295572 1 1
G3254 0 0.00534707587 1.32184601 0 0.429962963 1.79027903 0 0.00916749611 0 0 0 0 0.00581607036 0.120020546 0 0.317649573 0.00650437735 0.56156379 0 0 0 0 0 0 0.630105674 0.278815776 0 0 0.257276803 0 0 0 0.00317862513 0 0 0 0 0 0.829456031 0 0.9628371 0 0.212810755 0 0 0 0 0 0 0 0 0 0 0.247607902 0 0.192030117 0 0 0 0 0 0 0.388883173 0.388480216 0 1 0 0 0 0 0 0 0 0.629629612 0.387761921 0.435734153 0.743723035 0.627579093 1 1
G3262 0 0.00534707587 1.32184601 0 0.429962963 1.79027903 0 0.00916749611 0 0 0 0 0.00581607036 0.120020546 0 0.317649573 0.00650437735 0.56156379 0 0 0 0 0 0 0.630105674 0.278815776 0 0 0.257276803 0 0 0 0.00317862513 0 0 0 0 0 0.829456031 0 0.9628371 0 0.212810755 0 0 0 0 0 0 0 0 0 0 0.247607902 0 0.192030117 0 0 0 0 0 0 0.388883173 0.388480216 0 1 0 0 0 0 0 0 0 0.629629612 0.387761921 0.435734153 0.830541611 0.627579093 1 1
__smartatpg_bin_1308_1 0 0.00534707587 1.32184601 0 0.429962963 1.79027903 0 0.00916749611 0 0 0 0 0.00581607036 0.120020546 0 0.317649573 0.00650437735 0.56156379 0 0 0 0 0 0 0.630105674 0.278815776 0 0 0.257276803 0 0 0 0.00317862513 0 0 0 0 0 0.829456031 0 0.9628371 0 0.212810755 0 0 0 0 0 0 0 0 0 0 0.247607902 0 0.192030117 0 0 0 0 0 0 0.388883173 0.388480216 0 1 0 0 0 0 0 0 0 0.407407403 0.244650543 0.549503684 0.681823909 0.813589036 1 1
G2906 0 0.00534707587 1.32184601 0 0.429962963 1.79027903 0 0.00916749611 0 0 0 0 0.00581607036 0.120020546 0 0.317649573 0.00650437735 0.56156379 0 0 0 0 0 0 0.630105674 0.278815776 0 0 0.257276803 0 0 0 0.00317862513 0 0 0 0 0 0.829456031 0 0.9628371 0 0.212810755 0 0 0 0 0 0 0 0 0 0 0.247607902 0 0.192030117 0 0 0 0 0 0 0.388883173 0.388480216 0 1 0 0 0 0 0 0 0 0.42592594 0.387761921 0.554195344 0.820725739 0.761112571 1 1
G2975 0 0.00534707587 1.32184601 0 0.429962963 1.79027903 0 0.00916749611 0 0 0 0 0.00581607036 0.120020546 0 0.317649573 0.00650437735 0.56156379 0 0 0 0 0 0 0.630105674 0.278815776 0 0 0.257276803 0 0 0 0.00317862513 0 0 0 0 0 0.829456031 0 0.9628371 0 0.212810755 0 0 0 0 0 0 0 0 0 0 0.247607902 0 0.192030117 0 0 0 0 0 0 0.388883173 0.388480216 0 1 0 0 0 0 0 0 0 0.444444448 0.387761921 0.172655582 0.823587954 0.759197414 1 1
G2991 0 0.00534707587 1.32184601 0 0.429962963 1.79027903 0 0.00916749611 0 0 0 0 0.00581607036 0.120020546 0 0.317649573 0.00650437735 0.56156379 0 0 0 0 0 0 0.630105674 0.278815776 0 0 0.257276803 0 0 0 0.00317862513 0 0 0 0 0 0.829456031 0 0.9628371 0 0.212810755 0 0 0 0 0 0 0 0 0 0 0.247607902 0 0.192030117 0 0 0 0 0 0 0.388883173 0.388480216 0 0 0 0 0 1 0 0 0 0.444444448 0.387761921 0.752392054 0.610565007 0.826446474 1 1
G3031 0 0.00534707587 1.32184601 0 0.429962963 1.79027903 0 0.00916749611 0 0 0 0 0.00581607036 0.120020546 0 0.317649573 0.00650437735 0.56156379 0 0 0 0 0 0 0.630105674 0.278815776 0 0 0.257276803 0 0 0 0.00317862513 0 0 0 0 0 0.829456031 0 0.9628371 0 0.212810755 0 0 0 0 0 0 0 0 0 0 0.247607902 0 0.192030117 0 0 0 0 0 0 0.388883173 0.388480216 0 0 1 0 0 0 0 0 0 0.462962955 0.244650543 0.694455624 0.716873467 0.793513894 1 1
G3032 0 0.00534707587 1.32184601 0 0.429962963 1.79027903 0 0.00916749611 0 0 0 0 0.00581607036 0.120020546 0 0.317649573 0.00650437735 0.56156379 0 0 0 0 0 0 0.630105674 0.278815776 0 0 0.257276803 0 0 0 0.00317862513 0 0 0 0 0 0.829456031 0 0.9628371 0 0.212810755 0 0 0 0 0 0 0 0 0 0 0.247607902 0 0.192030117 0 0 0 0 0 0 0.388883173 0.388480216 0 0 0 0 0 1 0 0 0 0.462962955 0.244650543 0.563178241 0.823587954 0.850848854 1 1
G3048 0 0.00534707587 1.32184601 0 0.429962963 1.79027903 0 0.00916749611 0 0 0 0 0.00581607036 0.120020546 0 0.317649573 0.00650437735 0.56156379 0 0 0 0 0 0 0.630105674 0.278815776 0 0 0.257276803 0 0 0 0.00317862513 0 0 0 0 0 0.829456031 0 0.9628371 0 0.212810755 0 0 0 0 0 0 0 0 0 0 0.247607902 0 0.192030117 0 0 0 0 0 0 0.388883173 0.388480216 0 0 0 0 0 1 0 0 0 0.462962955 0.387761921 0.754989743 0.238070309 0.758230567 1 1
G3051 0 0.00534707587 1.32184601 0 0.429962963 1.79027903 0 0.00916749611 0 0 0 0 0.00581607036 0.120020546 0 0.317649573 0.00650437735 0.56156379 0 0 0 0 0 0 0.630105674 0.278815776 0 0 0.257276803 0 0 0 0.00317862513 0 0 0 0 0 0.829456031 0 0.9628371 0 0.212810755 0 0 0 0 0 0 0 0 0 0 0.247607902 0 0.192030117 0 0 0 0 0 0 0.388883173 0.388480216 0 0 0 0 0 1 0 0 0 0.462962955 0.387761921 0.754989743 0.238070309 0.82333374 1 1
G3057 0 0.00534707587 1.32184601 0 0.429962963 1.79027903 0 0.00916749611 0 0 0 0 0.00581607036 0.120020546 0 0.317649573 0.00650437735 0.56156379 0 0 0 0 0 0 0.630105674 0.278815776 0 0 0.257276803 0 0 0 0.00317862513 0 0 0 0 0 0.829456031 0 0.9628371 0 0.212810755 0 0 0 0 0 0 0 0 0 0 0.247607902 0 0.192030117 0 0 0 0 0 0 0.388883173 0.388480216 0 0 1 0 0 0 0 0 0 0.481481493 0.244650543 0.819568217 0.620108068 0.813589036 1 1
G3081 0 0.00534707587 1.32184601 0 0.429962963 1.79027903 0 0.00916749611 0 0 0 0 0.00581607036 0.120020546 0 0.317649573 0.00650437735 0.56156379 0 0 0 0 0 0 0.630105674 0.278815776 0 0 0.257276803 0 0 0 0.00317862513 0 0 0 0 0 0.829456031 0 0.9628371 0 0.212810755 0 0 0 0 0 0 0 0 0 0 0.247607902 0 0.192030117 0 0 0 0 0 0 0.388883173 0.388480216 0 0 1 0 0 0 0 0 0 0.5 0.244650543 0.726850927 0.760910511 0.762061119 1 1
G3083 0 0.00534707587 1.32184601 0 0.429962963 1.79027903 0 0.00916749611 0 0 0 0 0.00581607036 0.120020546 0 0.317649573 0.00650437735 0.56156379 0 0 0 0 0 0 0.630105674 0.278815776 0 0 0.257276803 0 0 0 0.00317862513 0 0 0 0 0 0.829456031 0 0.9628371 0 0.212810755 0 0 0 0 0 0 0 0 0 0 0.247607902 0 0.192030117 0 0 0 0 0 0 0.388883173 0.388480216 0 0 0 0 0 1 0 0 0 0.481481493 0.244650543 0.252935857 0.82640332 0.802447617 1 1
G3084 0 0.00534707587 1.32184601 0 0.429962963 1.79027903 0 0.00916749611 0 0 0 0 0.00581607036 0.120020546 0 0.317649573 0.00650437735 0.56156379 0 0 0 0 0 0 0.630105674 0.278815776 0 0 0.257276803 0 0 0 0.00317862513 0 0 0 0 0 0.829456031 0 0.9628371 0 0.212810755 0 0 0 0 0 0 0 0 0 0 0.247607902 0 0.192030117 0 0 0 0 0 0 0.388883173 0.388480216 0 0 0 0 0 1 0 0 0 0.481481493 0.244650543 0.252935857 0.82640332 0.85344547 1 1
G3129 0 0.00534707587 1.32184601 0 0.429962963 1.79027903 0 0.00916749611 0 0 0 0 0.00581607036 0.120020546 0 0.317649573 0.00650437735 0.56156379 0 0 0 0 0 0 0.630105674 0.278815776 0 0 0.257276803 0 0 0 0.00317862513 0 0 0 0 0 0.829456031 0 0.9628371 0 0.212810755 0 0 0 0 0 0 0 0 0 0 0.247607902 0 0.192030117 0 0 0 0 0 0 0.388883173 0.388480216 0 1 0 0 0 0 0 0 0 0.518518507 0.387761921 0.172655582 0.764951408 0.760158062 1 1
G3159 0 0.00534707587 1.32184601 0 0.429962963 1.79027903 0 0.00916749611 0 0 0 0 0.00581607036 0.120020546 0 0.317649573 0.00650437735 0.56156379 0 0 0 0 0 0 0.630105674 0.278815776 0 0 0.257276803 0 0 0 0.00317862513 0 0 0 0 0 0.829456031 0 0.9628371 0 0.212810755 0 0 0 0 0 0 0 0 0 0 0.247607902 0 0.192030117 0 0 0 0 0 0 0.388883173 0.388480216 0 0 0 0 0 1 0 0 0 0.537037015 0.244650543 0.70185262 0.238070309 0.759197414 1 1
G3189 0 0.00534707587 1.32184601 0 0.429962963 1.79027903 0 0.00916749611 0 0 0 0 0.00581607036 0.120020546 0 0.317649573 0.00650437735 0.56156379 0 0 0 0 0 0 0.630105674 0.278815776 0 0 0.257276803 0 0 0 0.00317862513 0 0 0 0 0 0.829456031 0 0.9628371 0 0.212810755 0 0 0 0 0 0 0 0 0 0 0.247607902 0 0.192030117 0 0 0 0 0 0 0.388883173 0.388480216 0 0 1 0 0 0 0 0 0 0.57407409 0.244650543 0.804333031 0.238070309 0.717226624 1 1
G3190 0 0.00534707587 1.32184601 0 0.429962963 1.79027903 0 0.00916749611 0 0 0 0 0.00581607036 0.120020546 0 0.317649573 0.00650437735 0.56156379 0 0 0 0 0 0 0.630105674 0.278815776 0 0 0.257276803 0 0 0 0.00317862513 0 0 0 0 0 0.829456031 0 0.9628371 0 0.212810755 0 0 0 0 0 0 0 0 0 0 0.247607902 0 0.192030117 0 0 0 0 0 0 0.388883173 0.388480216 0 0 1 0 0 0 0 0 0 0.555555582 0.244650543 0.751076937 0.754665017 0.558299899 1 1
G3206 0 0.00534707587 1.32184601 0 0.429962963 1.79027903 0 0.00916749611 0 0 0 0 0.00581607036 0.120020546 0 0.317649573 0.00650437735 0.56156379 0 0 0 0 0 0 0.630105674 0.278815776 0 0 0.257276803 0 0 0 0.00317862513 0 0 0 0 0 0.829456031 0 0.9628371 0 0.212810755 0 0 0 0 0 0 0 0 0 0 0.247607902 0 0.192030117 0 0 0 0 0 0 0.388883173 0.388480216 0 0 1 0 0 0 0 0 0 0.592592597 0.244650543 0.698197663 0.822162807 0.542866886 1 1
G3208 0 0.00534707587 1.32184601 0 0.429962963 1.79027903 0 0.00916749611 0 0 0 0 0.00581607036 0.120020546 0 0.317649573 0.00650437735 0.56156379 0 0 0 0 0 0 0.630105674 0.278815776 0 0 0.257276803 0 0 0 0.00317862513 0 0 0 0 0 0.829456031 0 0.9628371 0 0.212810755 0 0 0 0 0 0 0 0 0 0 0.247607902 0 0.192030117 0 0 0 0 0 0 0.388883173 0.388480216 0 0 1 0 0 0 0 0 0 0.57407409 0.244650543 0.823781848 0.307701409 0.74506104 1 1
G3210 0 0.00534707587 1.32184601 0 0.429962963 1.79027903 0 0.00916749611 0 0 0 0 0.00581607036 0.120020546 0 0.317649573 0.00650437735 0.56156379 0 0 0 0 0 0 0.630105674 0.278815776 0 0 0.257276803 0 0 0 0.00317862513 0 0 0 0 0 0.829456031 0 0.9628371 0 0.212810755 0 0 0 0 0 0 0 0 0 0 0.247607902 0 0.192030117 0 0 0 0 0 0 0.388883173 0.388480216 0 0 1 0 0 0 0 0 0 0.57407409 0.244650543 0.823781848 0.307701409 0.814925432 1 1
G3227 0 0.00534707587 1.32184601 0 0.429962963 1.79027903 0 0.00916749611 0 0 0 0 0.00581607036 0.120020546 0 0.317649573 0.00650437735 0.56156379 0 0 0 0 0 0 0.630105674 0.278815776 0 0 0.257276803 0 0 0 0.00317862513 0 0 0 0 0 0.829456031 0 0.9628371 0 0.212810755 0 0 0 0 0 0 0 0 0 0 0.247607902 0 0.192030117 0 0 0 0 0 0 0.388883173 0.388480216 0 1 0 0 0 0 0 0 0 0.611111104 0.387761921 0.326800615 0.833246112 0.506240606 1 1
G3230 0 0.00534707587 1.32184601 0 0.429962963 1.79027903 0 0.00916749611 0 0 0 0 0.00581607036 0.120020546 0 0.317649573 0.00650437735 0.56156379 0 0 0 0 0 0 0.630105674 0.278815776 0 0 0.257276803 0 0 0 0.00317862513 0 0 0 0 0 0.829456031 0 0.9628371 0 0.212810755 0 0 0 0 0 0 0 0 0 0 0.247607902 0 0.192030117 0 0 0 0 0 0 0.388883173 0.388480216 0 0 1 0 0 0 0 0 0 0.592592597 0.244650543 0.686693132 0.724622071 0.658795655 1 1
G3231 0 0.00534707587 1.32184601 0 0.429962963 1.79027903 0 0.00916749611 0 0 0 0 0.00581607036 0.120020546 0 0.317649573 0.00650437735 0.56156379 0 0 0 0 0 0 0.630105674 0.278815776 0 0 0.257276803 0 0 0 0.00317862513 0 0 0 0 0 0.829456031 0 0.9628371 0 0.212810755 0 0 0 0 0 0 0 0 0 0 0.247607902 0 0.192030117 0 0 0 0 0 0 0.388883173 0.388480216 0 0 1 0 0 0 0 0 0 0.592592597 0.244650543 0.686693132 0.724622071 0.766716003 1 1
G3243 0 0.00534707587 1.32184601 0 0.429962963 1.79027903 0 0.00916749611 0 0 0 0 0.00581607036 0.120020546 0 0.317649573 0.00650437735 0.56156379 0 0 0 0 0 0 0.630105674 0.278815776 0 0 0.257276803 0 0 0 0.00317862513 0 0 0 0 0 0.829456031 0 0.9628371 0 0.212810755 0 0 0 0 0 0 0 0 0 0 0.247607902 0 0.192030117 0 0 0 0 0 0 0.388883173 0.388480216 0 0 1 0 0 0 0 0 0 0.611111104 0.387761921 0.676417768 0.752531707 0.647074878 1 1
G3246 0 0.00534707587 1.32184601 0 0.429962963 1.79027903 0 0.00916749611 0 0 0 0 0.00581607036 0.120020546 0 0.317649573 0.00650437735 0.56156379 0 0 0 0 0 0 0.630105674 0.278815776 0 0 0.257276803 0 0 0 0.00317862513 0 0 0 0 0 0.829456031 0 0.9628371 0 0.212810755 0 0 0 0 0 0 0 0 0 0 0.247607902 0 0.192030117 0 0 0 0 0 0 0.388883173 0.388480216 0 0 1 0 0 0 0 0 0 0.611111104 0.244650543 0.676417768 0.752531707 0.761112571 1 1
G3259 0 0.00534707587 1.32184601 0 0.429962963 1.79027903 0 0.00916749611 0 0 0 0 0.00581607036 0.120020546 0 0.317649573 0.00650437735 0.56156379 0 0 0 0 0 0 0.630105674 0.278815776 0 0 0.257276803 0 0 0 0.00317862513 0 0 0 0 0 0.829456031 0 0.9628371 0 0.212810755 0 0 0 0 0 0 0 0 0 0 0.247607902 0 0.192030117 0 0 0 0 0 0 0.388883173 0.388480216 0 0 0 0 0 1 0 0 0 0.629629612 0.244650543 0.69062233 0.741448402 0.760158062 1 1
G3272 0 0.00534707587 1.32184601 0 0.429962963 1.79027903 0 0.00916749611 0 0 0 0 0.00581607036 0.120020546 0 0.317649573 0.00650437735 0.56156379 0 0 0 0 0 0 0.630105674 0.278815776 0 0 0.257276803 0 0 0 0.00317862513 0 0 0 0 0 0.829456031 0 0.9628371 0 0.212810755 0 0 0 0 0 0 0 0 0 0 0.247607902 0 0.192030117 0 0 0 0 0 0 0.388883173 0.388480216 0 1 0 0 0 0 0 0 0 0.629629612 0.387761921 0.345311165 0.762942851 0.636557281 1 1
__smartatpg_bin_1348_1 0 0.00534707587 1.32184601 0 0.429962963 1.79027903 0 0.00916749611 0 0 0 0 0.00581607036 0.120020546 0 0.317649573 0.00650437735 0.56156379 0 0 0 0 0 0 0.630105674 0.278815776 0 0 0.257276803 0 0 0 0.00317862513 0 0 0 0 0 0.829456031 0 0.9628371 0 0.212810755 0 0 0 0 0 0 0 0 0 0 0.247607902 0 0.192030117 0 0 0 0 0 0 0.388883173 0.388480216 0 1 0 0 0 0 0 0 0 0.462962955 0.244650543 0.554195344 0.799231291 0.565460324 1 1
G2974 0 0.00534707587 1.32184601 0 0.429962963 1.79027903 0 0.00916749611 0 0 0 0 0.00581607036 0.120020546 0 0.317649573 0.00650437735 0.56156379 0 0 0 0 0 0 0.630105674 0.278815776 0 0 0.257276803 0 0 0 0.00317862513 0 0 0 0 0 0.829456031 0 0.9628371 0 0.212810755 0 0 0 0 0 0 0 0 0 0 0.247607902 0 0.192030117 0 0 0 0 0 0 0.388883173 0.388480216 0 1 0 0 0 0 0 0 0 0.481481493 0.244650543 0.172655582 0.802471578 0.558299899 1 1
G3526 0 0.00534707587 1.32184601 0 0.429962963 1.79027903 0 0.00916749611 0 0 0 0 0.00581607036 0.120020546 0 0.317649573 0.00650437735 0.56156379 0 0 0 0 0 0 0.630105674 0.278815776 0 0 0.257276803 0 0 0 0.00317862513 0 0 0 0 0 0.829456031 0 0.9628371 0 0.212810755 0 0 0 0 0 0 0 0 0 0 0.247607902 0 0.192030117 0 0 0 0 0 0 0.388883173 0.388480216 0 0 0 1 0 0 0 0 0 0.5 0 0.591102242 0.752531707 0 1 1
__smartatpg_bin_1364_1 0 0.00534707587 1.32184601 0 0.429962963 1.79027903 0 0.00916749611 0 0 0 0 0.00581607036 0.120020546 0 0.317649573 0.00650437735 0.56156379 0 0 0 0 0 0 0.630105674 0.278815776 0 0 0.257276803 0 0 0 0.00317862513 0 0 0 0 0 0.829456031 0 0.9628371 0 0.212810755 0 0 0 0 0 0 0 0 0 0 0.247607902 0 0.192030117 0 0 0 0 0 0 0.388883173 0.388480216 0 0 0 1 0 0 0 0 0 0.5 0.244650543 0.376848131 0.589723527 0.464708567 1 1
G3005 0 0.00534707587 1.32184601 0 0.429962963 1.79027903 0 0.00916749611 0 0 0 0 0.00581607036 0.120020546 0 0.317649573 0.00650437735 0.56156379 0 0 0 0 0 0 0.630105674 0.278815776 0 0 0.257276803 0 0 0 0.00317862513 0 0 0 0 0 0.829456031 0 0.9628371 0 0.212810755 0 0 0 0 0 0 0 0 0 0 0.247607902 0 0.192030117 0 0 0 0 0 0 0.388883173 0.388480216 0 0 0 1 0 0 0 0 0 0.518518507 0.244650543 0.435734153 0.465057343 0.425946444 1 1
__smartatpg_bin_1365_1 0 0.00534707587 1.32184601 0 0.429962963 1.79027903 0 0.00916749611 0 0 0 0 0.00581607036 0.120020546 0 0.317649573 0.00650437735 0.56156379 0 0 0 0 0 0 0.630105674 0.278815776 0 0 0.257276803 0 0 0 0.00317862513 0 0 0 0 0 0.829456031 0 0.9628371 0 0.212810755 0 0 0 0 0 0 0 0 0 0 0.247607902 0 0.192030117 0 0 0 0 0 0 0.388883173 0.388480216 0 0 0 1 0 0 0 0 0 0.5 0.244650543 0.376848131 0.589723527 0.464708567 1 1
G3006 0 0.00534707587 1.32184601 0 0.429962963 1.79027903 0 0.00916749611 0 0 0 0 0.00581607036 0.120020546 0 0.317649573 0.00650437735 0.56156379 0 0 0 0 0 0 0.630105674 0.278815776 0 0 0.257276803 0 0 0 0.00317862513 0 0 0 0 0 0.829456031 0 0.9628371 0 0.212810755 0 0 0 0 0 0 0 0 0 0 0.247607902 0 0.192030117 0 0 0 0 0 0 0.388883173 0.388480216 0 0 0 0 1 0 0 0 0 0.518518507 0.244650543 0.425591439 0.476140618 0.425946444 1 1
G3030 0 0.00534707587 1.32184601 0 0.429962963 1.79027903 0 0.00916749611 0 0 0 0 0.00581607036 0.120020546 0 0.317649573 0.00650437735 0.56156379 0 0 0 0 0 0 0.630105674 0.278815776 0 0 0.257276803 0 0 0 0.00317862513 0 0 0 0 0 0.829456031 0 0.9628371 0 0.212810755 0 0 0 0 0 0 0 0 0 0 0.247607902 0 0.192030117 0 0 0 0 0 0 0.388883173 0.388480216 0 0 0 0 0 1 0 0 0 0.537037015 0.244650543 0.445261806 0.476140618 0.416832119 1 1
G3527 0 0.00534707587 1.32184601 0 0.429962963 1.79027903 0 0.00916749611 0 0 0 0 0.00581607036 0.120020546 0 0.317649573 0.00650437735 0.56156379 0 0 0 0 0 0 0.630105674 0.278815776 0 0 0.257276803 0 0 0 0.00317862513 0 0 0 0 0 0.829456031 0 0.9628371 0 0.212810755 0 0 0 0 0 0 0 0 0 0 0.247607902 0 0.192030117 0 0 0 0 0 0 0.388883173 0.388480216 0 1 0 0 0 0 0 0 0 0.555555582 0 0.445261806 0.589723527 0 1 1
__smartatpg_bin_1372_1 0 0.00534707587 1.32184601 0 0.429962963 1.79027903 0 0.00916749611 0 0 0 0 0.00581607036 0.120020546 0 0.317649573 0.00650437735 0.56156379 0 0 0 0 0 0 0.630105674 0.278815776 0 0 0.257276803 0 0 0 0.00317862513 0 0 0 0 0 0.829456031 0 0.9628371 0 0.212810755 0 0 0 0 0 0 0 0 0 0 0.247607902 0 0.192030117 0 0 0 0 0 0 0.388883173 0.388480216 0 1 0 0 0 0 0 0 0 0.481481493 0.244650543 0.651126266 0.762942851 0.82207036 1 1
G3017 0 0.00534707587 1.32184601 0 0.429962963 1.79027903 0 0.00916749611 0 0 0 0 0.00581607036 0.120020546 0 0.317649573 0.00650437735 0.56156379 0 0 0 0 0 0 0.630105674 0.278815776 0 0 0.257276803 0 0 0 0.00317862513 0 0 0 0 0 0.829456031 0 0.9628371 0 0.212810755 0 0 0 0 0 0 0 0 0 0 0.247607902 0 0.192030117 0 0 0 0 0 0 0.388883173 0.388480216 0 1 0 0 0 0 0 0 0 0.5 0.244650543 0.172655582 0.766936779 0.820796311 1 1
G3039 0 0.00534707587 1.32184601 0 0.429962963 1.79027903 0 0.00916749611 0 0 0 0 0.00581607036 0.120020546 0 0.317649573 0.00650437735 0.56156379 0 0 0 0 0 0 0.630105674 0.278815776 0 0 0.257276803 0 0 0 0.00317862513 0 0 0 0 0 0.829456031 0 0.9628371 0 0.212810755 0 0 0 0 0 0 0 0 0 0 0.247607902 0 0.192030117 0 0 0 0 0 0 0.388883173 0.388480216 0 0 0 0 1 0 0 0 0 0.518518507 0.387761921 0.703648746 0.641875327 0.793513894 1 1
G3095 0 0.00534707587 1.32184601 0 0.429962963 1.79027903 0 0.00916749611 0 0 0 0 0.00581607036 0.120020546 0 0.317649573 0.00650437735 0.56156379 0 0 0 0 0 0 0.630105674 0.278815776 0 0 0.257276803 0 0 0 0.00317862513 0 0 0 0 0 0.829456031 0 0.9628371 0 0.212810755 0 0 0 0 0 0 0 0 0 0 0.247607902 0 0.192030117 0 0 0 0 0 0 0.388883173 0.388480216 0 0 0 0 0 1 0 0 0 0.537037015 0.489301085 0.591102242 0.77083993 0.792744875 1 1
G3149 0 0.00534707587 1.32184601 0 0.429962963 1.79027903 0 0.00916749611 0 0 0 0 0.00581607036 0.120020546 0 0.317649573 0.00650437735 0.56156379 0 0 0 0 0 0 0.630105674 0.278815776 0 0 0.257276803 0 0 0 0.00317862513 0 0 0 0 0 0.829456031 0 0.9628371 0 0.212810755 0 0 0 0 0 0 0 0 0 0 0.247607902 0 0.192030117 0 0 0 0 0 0 0.388883173 0.388480216 0 0 0 0 0 1 0 0 0 0.555555582 0.387761921 0.70718056 0.649864316 0.795797586 1 1
G3192 0 0.00534707587 1.32184601 0 0.429962963 1.79027903 0 0.00916749611 0 0 0 0 0.00581607036 0.120020546 0 0.317649573 0.00650437735 0.56156379 0 0 0 0 0 0 0.630105674 0.278815776 0 0 0.257276803 0 0 0 0.00317862513 0 0 0 0 0 0.829456031 0 0.9628371 0 0.212810755 0 0 0 0 0 0 0 0 0 0 0.247607902 0 0.192030117 0 0 0 0 0 0 0.388883173 0.388480216 0 0 0 0 0 1 0 0 0 0.57407409 0.244650543 0.598246992 0.774656355 0.798047125 1 1
G3223 0 0.00534707587 1.32184601 0 0.429962963 1.79027903 0 0.00916749611 0 0 0 0 0.00581607036 0.120020546 0 0.317649573 0.00650437735 0.56156379 0 0 0 0 0 0 0.630105674 0.278815776 0 0 0.257276803 0 0 0 0.00317862513 0 0 0 0 0 0.829456031 0 0.9628371 0 0.212810755 0 0 0 0 0 0 0 0 0 0 0.247607902 0 0.192030117 0 0 0 0 0 0 0.388883173 0.388480216 0 1 0 0 0 0 0 0 0 0.57407409 0.387761921 0.656037867 0.82640332 0.802447617 1 1
G3233 0 0.00534707587 1.32184601 0 0.429962963 1.79027903 0 0.00916749611 0 0 0 0 0.00581607036 0.120020546 0 0.317649573 0.00650437735 0.56156379 0 0 0 0 0 0 0.630105674 0.278815776 0 0 0.257276803 0 0 0 0.00317862513 0 0 0 0 0 0.829456031 0 0.9628371 0 0.212810755 0 0 0 0 0 0 0 0 0 0 0.247607902 0 0.192030117 0 0 0 0 0 0 0.388883173 0.388480216 0 0 1 0 0 0 0 0 0 0.592592597 0.244650543 0.79362464 0.657498062 0.739671946 1 1
G3247 0 0.00534707587 1.32184601 0 0.429962963 1.79027903 0 0.00916749611 0 0 0 0 0.00581607036 0.120020546 0 0.317649573 0.00650437735 0.56156379 0 0 0 0 0 0 0.630105674 0.278815776 0 0 0.257276803 0 0 0 0.00317862513 0 0 0 0 0 0.829456031 0 0.9628371 0 0.212810755 0 0 0 0 0 0 0 0 0 0 0.247607902 0 0.192030117 0 0 0 0 0 0 0.388883173 0.388480216 0 0 1 0 0 0 0 0 0 0.629629612 0.244650543 0.835012197 0.719495416 0.75128293 1 1
G3248 0 0.00534707587 1.32184601 0 0.429962963 1.79027903 0 0.00916749611 0 0 0 0 0.00581607036 0.120020546 0 0.317649573 0.00650437735 0.56156379 0 0 0 0 0 0 0.630105674 0.278815776 0 0 0.257276803 0 0 0 0.00317862513 0 0 0 0 0 0.829456031 0 0.9628371 0 0.212810755 0 0 0 0 0 0 0 0 0 0 0.247607902 0 0.192030117 0 0 0 0 0 0 0.388883173 0.388480216 0 0 0 0 0 1 0 0 0 0.592592597 0.244650543 0.757545233 0.719495416 0.801723123 1 1
G3249 0 0.00534707587 1.32184601 0 0.429962963 1.79027903 0 0.00916749611 0 0 0 0 0.00581607036 0.120020546 0 0.317649573 0.00650437735 0.56156379 0 0 0 0 0 0 0.630105674 0.278815776 0 0 0.257276803 0 0 0 0.00317862513 0 0 0 0 0 0.829456031 0 0.9628371 0 0.212810755 0 0 0 0 0 0 0 0 0 0 0.247607902 0 0.192030117 0 0 0 0 0 0 0.388883173 0.388480216 0 0 1 0 0 0 0 0 0 0.611111104 0.244650543 0.761302173 0.722077906 0.714656651 1 1
G3260 0 0.00534707587 1.32184601 0 0.429962963 1.79027903 0 0.00916749611 0 0 0 0 0.00581607036 0.120020546 0 0.317649573 0.00650437735 0.56156379 0 0 0 0 0 0 0.630105674 0.278815776 0 0 0.257276803 0 0 0 0.00317862513 0 0 0 0 0 0.829456031 0 0.9628371 0 0.212810755 0 0 0 0 0 0 0 0 0 0 0.247607902 0 0.192030117 0 0 0 0 0 0 0.388883173 0.388480216 0 0 1 0 0 0 0 0 0 0.611111104 0.244650543 0.775491476 0.752531707 0.736343205 1 1
G3261 0 0.00534707587 1.32184601 0 0.429962963 1.79027903 0 0.00916749611 0 0 0 0 0.00581607036 0.120020546 0 0.317649573 0.00650437735 0.56156379 0 0 0 0 0 0 0.630105674 0.278815776 0 0 0.257276803 0 0 0 0.00317862513 0 0 0 0 0 0.829456031 0 0.9628371 0 0.212810755 0 0 0 0 0 0 0 0 0 0 0.247607902 0 0.192030117 0 0 0 0 0 0 0.388883173 0.388480216 0 0 1 0 0 0 0 0 0 0.629629612 0.244650543 0.742946267 0.833246112 0.638720512 1 1
G3268 0 0.00534707587 1.32184601 0 0.429962963 1.79027903 0 0.00916749611 0 0 0 0 0.00581607036 0.120020546 0 0.317649573 0.00650437735 0.56156379 0 0 0 0 0 0 0.630105674 0.278815776 0 0 0.257276803 0 0 0 0.00317862513 0 0 0 0 0 0.829456031 0 0.9628371 0 0.212810755 0 0 0 0 0 0 0 0 0 0 0.247607902 0 0.192030117 0 0 0 0 0 0 0.388883173 0.388480216 0 0 0 0 1 0 0 0 0 0.648148119 0.244650543 0.680608869 0.827793837 0.712041974 1 1
G3270 0 0.00534707587 1.32184601 0 0.429962963 1.79027903 0 0.00916749611 0 0 0 0 0.00581607036 0.120020546 0 0.317649573 0.00650437735 0.56156379 0 0 0 0 0 0 0.630105674 0.278815776 0 0 0.257276803 0 0 0 0.00317862513 0 0 0 0 0 0.829456031 0 0.9628371 0 0.212810755 0 0 0 0 0 0 0 0 0 0 0.247607902 0 0.192030117 0 0 0 0 0 0 0.388883173 0.388480216 0 0 1 0 0 0 0 0 0 0.648148119 0.244650543 0.783213019 0.848635316 0.634362519 1 1
G3271 0 0.00534707587 1.32184601 0 0.429962963 1.79027903 0 0.00916749611 0 0 0 0 0.00581607036 0.120020546 0 0.317649573 0.00650437735 0.56156379 0 0 0 0 0 0 0.630105674 0.278815776 0 0 0.257276803 0 0 0 0.00317862513 0 0 0 0 0 0.829456031 0 0.9628371 0 0.212810755 0 0 0 0 0 0 0 0 0 0 0.247607902 0 0.192030117 0 0 0 0 0 0 0.388883173 0.388480216 0 0 0 0 0 1 0 0 0 0.648148119 0.244650543 0.763757825 0.813354135 0.636557281 1 1
G3288 0 0.00534707587 1.32184601 0 0.429962963 1.79027903 0 0.00916749611 0 0 0 0 0.00581607036 0.120020546 0 0.317649573 0.00650437735 0.56156379 0 0 0 0 0 0 0.630105674 0.278815776 0 0 0.257276803 0 0 0 0.00317862513 0 0 0 0 0 0.829456031 0 0.9628371 0 0.212810755 0 0 0 0 0 0 0 0 0 0 0.247607902 0 0.192030117 0 0 0 0 0 0 0.388883173 0.388480216 0 1 0 0 0 0 0 0 0 0.666666687 0.387761921 0.435734153 0.85701412 0.618030429 1 1
G3291 0 0.00534707587 1.32184601 0 0.429962963 1.79027903 0 0.00916749611 0 0 0 0 0.00581607036 0.120020546 0 0.317649573 0.00650437735 0.56156379 0 0 0 0 0 0 0.630105674 0.278815776 0 0 0.257276803 0 0 0 0.00317862513 0 0 0 0 0 0.829456031 0 0.9628371 0 0.212810755 0 0 0 0 0 0 0 0 0 0 0.247607902 0 0.192030117 0 0 0 0 0 0 0.388883173 0.388480216 0 1 0 0 0 0 0 0 0 0.666666687 0.387761921 0.435734153 0.823587954 0.620475054 1 1
__smartatpg_bin_1419_1 0 0.00534707587 1.32184601 0 0.429962963 1.79027903 0 0.00916749611 0 0 0 0 0.00581607036 0.120020546 0 0.317649573 0.00650437735 0.56156379 0 0 0 0 0 0 0.630105674 0.278815776 0 0 0.257276803 0 0 0 0.00317862513 0 0 0 0 0 0.829456031 0 0.9628371 0 0.212810755 0 0 0 0 0 0 0 0 0 0 0.247607902 0 0.192030117 0 0 0 0 0 0 0.388883173 0.388480216 0 0 0 1 0 0 0 0 0 0.5 0.244650543 0.435734153 0.661191344 0.605172992 1 1
G3100 0 0.00534707587 1.32184601 0 0.429962963 1.79027903 0 0.00916749611 0 0 0 0 0.00581607036 0.120020546 0 0.317649573 0.00650437735 0.56156379 0 0 0 0 0 0 0.630105674 0.278815776 0 0 0.257276803 0 0 0 0.00317862513 0 0 0 0 0 0.829456031 0 0.9628371 0 0.212810755 0 0 0 0 0 0 0 0 0 0 0.247607902 0 0.192030117 0 0 0 0 0 0 0.388883173 0.388480216 0 0 0 1 0 0 0 0 0 0.518518507 0.387761921 0.505871713 0.653723598 0.578832746 1 1
G3155 0 0.00534707587 1.32184601 0 0.429962963 1.79027903 0 0.00916749611 0 0 0 0 0.00581607036 0.120020546 0 0.317649573 0.00650437735 0.56156379 0 0 0 0 0 0 0.630105674 0.278815776 0 0 0.257276803 0 0 0 0.00317862513 0 0 0 0 0 0.829456031 0 0.9628371 0 0.212810755 0 0 0 0 0 0 0 0 0 0 0.247607902 0 0.192030117 0 0 0 0 0 0 0.388883173 0.388480216 0 0 0 0 0 1 0 0 0 0.537037015 0.387761921 0.60170114 0.559517562 0.915769994 1 1
G3202 0 0.00534707587 1.32184601 0 0.429962963 1.79027903 0 0.00916749611 0 0 0 0 0.00581607036 0.120020546 0 0.317649573 0.00650437735 0.56156379 0 0 0 0 0 0 0.630105674 0.278815776 0 0 0.257276803 0 0 0 0.00317862513 0 0 0 0 0 0.829456031 0 0.9628371 0 0.212810755 0 0 0 0 0 0 0 0 0 0 0.247607902 0 0.192030117 0 0 0 0 0 0 0.388883173 0.388480216 0 0 0 0 0 1 0 0 0 0.555555582 0.244650543 0.517966747 0.661191344 0.915429473 1 1
__smartatpg_bin_1420_1 0 0.00534707587 1.32184601 0 0.429962963 1.79027903 0 0.00916749611 0 0 0 0 0.00581607036 0.120020546 0 0.317649573 0.00650437735 0.56156379 0 0 0 0 0 0 0.630105674 0.278815776 0 0 0.257276803 0 0 0 0.00317862513 0 0 0 0 0 0.829456031 0 0.9628371 0 0.212810755 0 0 0 0 0 0 0 0 0 0 0.247607902 0 0.192030117 0 0 0 0 0 0 0.388883173 0.388480216 0 0 0 1 0 0 0 0 0 0.5 0.244650543 0.435734153 0.661191344 0.605172992 1 1
G3103 0 0.00534707587 1.32184601 0 0.429962963 1.79027903 0 0.00916749611 0 0 0 0 0.00581607036 0.120020546 0 0.317649573 0.00650437735 0.56156379 0 0 0 0 0 0 0.630105674 0.278815776 0 0 0.257276803 0 0 0 0.00317862513 0 0 0 0 0 0.829456031 0 0.9628371 0 0.212810755 0 0 0 0 0 0 0 0 0 0 0.247607902 0 0.192030117 0 0 0 0 0 0 0.388883173 0.388480216 0 0 0 0 1 0 0 0 0 0.518518507 0.387761921 0.598246992 0.552782178 0.578832746 1 1
G3135 0 0.00534707587 1.32184601 0 0.429962963 1.79027903 0 0.00916749611 0 0 0 0 0.00581607036 0.120020546 0 0.317649573 0.00650437735 0.56156379 0 0 0 0 0 0 0.630105674 0.278815776 0 0 0.257276803 0 0 0 0.00317862513 0 0 0 0 0 0.829456031 0 0.9628371 0 0.212810755 0 0 0 0 0 0 0 0 0 0 0.247607902 0 0.192030117 0 0 0 0 0 0 0.388883173 0.388480216 0 0 0 0 0 1 0 0 0 0.537037015 0.244650543 0.512035549 0.657498062 0.575599492 1 1
G3528 0 0.00534707587 1.32184601 0 0.429962963 1.79027903 0 0.00916749611 0 0 0 0 0.00581607036 0.120020546 0 0.317649573 0.00650437735 0.56156379 0 0 0 0 0 0 0.630105674 0.278815776 0 0 0.257276803 0 0 0 0.00317862513 0 0 0 0 0 0.829456031 0 0.9628371 0 0.212810755 0 0 0 0 0 0 0 0 0 0 0.247607902 0 0.192030117 0 0 0 0 0 0 0.388883173 0.388480216 0 1 0 0 0 0 0 0 0 0.555555582 0 0.512035549 0.774656355 0 1 1
__smartatpg_bin_1467_1 0 0.00534707587 1.32184601 0 0.429962963 1.79027903 0 0.00916749611 0 0 0 0 0.00581607036 0.120020546 0 0.317649573 0.00650437735 0.56156379 0 0 0 0 0 0 0.630105674 0.278815776 0 0 0.257276803 0 0 0 0.00317862513 0 0 0 0 0 0.829456031 0 0.9628371 0 0.212810755 0 0 0 0 0 0 0 0 0 0 0.247607902 0 0.192030117 0 0 0 0 0 0 0.388883173 0.388480216 0 0 0 1 0 0 0 0 0 0.555555582 0.244650543 0.48578167 0.649864316 0.605172992 1 1
G3195 0 0.00534707587 1.32184601 0 0.429962963 1.79027903 0 0.00916749611 0 0 0 0 0.00581607036 0.120020546 0 0.317649573 0.00650437735 0.56156379 0 0 0 0 0 0 0.630105674 0.278815776 0 0 0.257276803 0 0 0 0.00317862513 0 0 0 0 0 0.829456031 0 0.9628371 0 0.212810755 0 0 0 0 0 0 0 0 0 0 0.247607902 0 0.192030117 0 0 0 0 0 0 0.388883173 0.388480216 0 0 0 1 0 0 0 0 0 0.57407409 0.489301085 0.539678156 0.653723598 0.578832746 1 1
G3237 0 0.00534707587 1.32184601 0 0.429962963 1.79027903 0 0.00916749611 0 0 0 0 0.00581607036 0.120020546 0 0.317649573 0.00650437735 0.56156379 0 0 0 0 0 0 0.630105674 0.278815776 0 0 0.257276803 0 0 0 0.00317862513 0 0 0 0 0 0.829456031 0 0.9628371 0 0.212810755 0 0 0 0 0 0 0 0 0 0 0.247607902 0 0.192030117 0 0 0 0 0 0 0.388883173 0.388480216 0 0 0 0 0 1 0 0 0 0.592592597 0.387761921 0.60170114 0.595175803 0.919133425 1 1
G3240 0 0.00534707587 1.32184601 0 0.429962963 1.79027903 0 0.00916749611 0 0 0 0 0.00581607036 0.120020546 0 0.317649573 0.00650437735 0.56156379 0 0 0 0 0 0 0.630105674 0.278815776 0 0 0.257276803 0 0 0 0.00317862513 0 0 0 0 0 0.829456031 0 0.9628371 0 0.212810755 0 0 0 0 0 0 0 0 0 0 0.247607902 0 0.192030117 0 0 0 0 0 0 0.388883173 0.388480216 0 0 0 0 0 1 0 0 0 0.592592597 0.387761921 0.60170114 0.595175803 0.922097564 1 1
G3265 0 0.00534707587 1.32184601 0 0.429962963 1.79027903 0 0.00916749611 0 0 0 0 0.00581607036 0.120020546 0 0.317649573 0.00650437735 0.56156379 0 0 0 0 0 0 0.630105674 0.278815776 0 0 0.257276803 0 0 0 0.00317862513 0 0 0 0 0 0.829456031 0 0.9628371 0 0.212810755 0 0 0 0 0 0 0 0 0 0 0.247607902 0 0.192030117 0 0 0 0 0 0 0.388883173 0.388480216 0 0 0 0 0 1 0 0 0 0.611111104 0.244650543 0.549503684 0.661191344 0.927541792 1 1
G3266 0 0.00534707587 1.32184601 0 0.429962963 1.79027903 0 0.00916749611 0 0 0 0 0.00581607036 0.120020546 0 0.317649573 0.00650437735 0.56156379 0 0 0 0 0 0 0.630105674 0.278815776 0 0 0.257276803 0 0 0 0.00317862513 0 0 0 0 0 0.829456031 0 0.9628371 0 0.212810755 0 0 0 0 0 0 0 0 0 0 0.247607902 0 0.192030117 0 0 0 0 0 0 0.388883173 0.388480216 0 0 0 0 0 1 0 0 0 0.611111104 0.244650543 0.549503684 0.661191344 0.930346131 1 1
__smartatpg_bin_1468_1 0 0.00534707587 1.32184601 0 0.429962963 1.79027903 0 0.00916749611 0 0 0 0 0.00581607036 0.120020546 0 0.317649573 0.00650437735 0.56156379 0 0 0 0 0 0 0.630105674 0.278815776 0 0 0.257276803 0 0 0 0.00317862513 0 0 0 0 0 0.829456031 0 0.9628371 0 0.212810755 0 0 0 0 0 0 0 0 0 0 0.247607902 0 0.192030117 0 0 0 0 0 0 0.388883173 0.388480216 0 0 0 1 0 0 0 0 0 0.555555582 0.244650543 0.48578167 0.649864316 0.605172992 1 1
G3199 0 0.00534707587 1.32184601 0 0.429962963 1.79027903 0 0.00916749611 0 0 0 0 0.00581607036 0.120020546 0 0.317649573 0.00650437735 0.56156379 0 0 0 0 0 0 0.630105674 0.278815776 0 0 0.257276803 0 0 0 0.00317862513 0 0 0 0 0 0.829456031 0 0.9628371 0 0.212810755 0 0 0 0 0 0 0 0 0 0 0.247607902 0 0.192030117 0 0 0 0 0 0 0.388883173 0.388480216 0 0 0 0 1 0 0 0 0 0.57407409 0.387761921 0.598246992 0.589723527 0.578832746 1 1
G3226 0 0.00534707587 1.32184601 0 0.429962963 1.79027903 0 0.00916749611 0 0 0 0 0.00581607036 0.120020546 0 0.317649573 0.00650437735 0.56156379 0 0 0 0 0 0 0.630105674 0.278815776 0 0 0.257276803 0 0 0 0.00317862513 0 0 0 0 0 0.829456031 0 0.9628371 0 0.212810755 0 0 0 0 0 0 0 0 0 0 0.247607902 0 0.192030117 0 0 0 0 0 0 0.388883173 0.388480216 0 0 0 0 0 1 0 0 0 0.592592597 0.244650543 0.544667721 0.657498062 0.575599492 1 1
G3529 0 0.00534707587 1.32184601 0 0.429962963 1.79027903 0 0.00916749611 0 0 0 0 0.00581607036 0.120020546 0 0.317649573 0.00650437735 0.56156379 0 0 0 0 0 0 0.630105674 0.278815776 0 0 0.257276803 0 0 0 0.00317862513 0 0 0 0 0 0.829456031 0 0.9628371 0 0.212810755 0 0 0 0 0 0 0 0 0 0 0.247607902 0 0.192030117 0 0 0 0 0 0 0.388883173 0.388480216 0 1 0 0 0 0 0 0 0 0.611111104 0 0.544667721 0.774656355 0 1 1
__smartatpg_bin_1477_1 0 0.00534707587 1.32184601 0 0.429962963 1.79027903 0 0.00916749611 0 0 0 0 0.00581607036 0.120020546 0 0.317649573 0.00650437735 0.56156379 0 0 0 0 0 0 0.630105674 0.278815776 0 0 0.257276803 0 0 0 0.00317862513 0 0 0 0 0 0.829456031 0 0.9628371 0 0.212810755 0 0 0 0 0 0 0 0 0 0 0.247607902 0 0.192030117 0 0 0 0 0 0 0.388883173 0.388480216 0 1 0 0 0 0 0 0 0 0.555555582 0.244650543 0.591102242 0.834582508 0.82458657 1 1
__smartatpg_bin_1477_2 0 0.00534707587 1.32184601 0 0.429962963 1.79027903 0 0.00916749611 0 0 0 0 0.00581607036 0.120020546 0 0.317649573 0.00650437735 0.56156379 0 0 0 0 0 0 0.630105674 0.278815776 0 0 0.257276803 0 0 0 0.00317862513 0 0 0 0 0 0.829456031 0 0.9628371 0 0.212810755 0 0 0 0 0 0 0 0 0 0 0.247607902 0 0.192030117 0 0 0 0 0 0 0.388883173 0.388480216 0 1 0 0 0 0 0 0 0 0.592592597 0.244650543 0.478470683 0.827793837 0.827673793 1 1
G3212 0 0.00534707587 1.32184601 0 0.429962963 1.79027903 0 0.00916749611 0 0 0 0 0.00581607036 0.120020546 0 0.317649573 0.00650437735 0.56156379 0 0 0 0 0 0 0.630105674 0.278815776 0 0 0.257276803 0 0 0 0.00317862513 0 0 0 0 0 0.829456031 0 0.9628371 0 0.212810755 0 0 0 0 0 0 0 0 0 0 0.247607902 0 0.192030117 0 0 0 0 0 0 0.388883173 0.388480216 0 1 0 0 0 0 0 0 0 0.611111104 0.244650543 0.48578167 0.950256884 0.715947151 1 1
G3232 0 0.00534707587 1.32184601 0 0.429962963 1.79027903 0 0.00916749611 0 0 0 0 0.00581607036 0.120020546 0 0.317649573 0.00650437735 0.56156379 0 0 0 0 0 0 0.630105674 0.278815776 0 0 0.257276803 0 0 0 0.00317862513 0 0 0 0 0 0.829456031 0 0.9628371 0 0.212810755 0 0 0 0 0 0 0 0 0 0 0.247607902 0 0.192030117 0 0 0 0 0 0 0.388883173 0.388480216 0 0 0 1 0 0 0 0 0 0.629629612 0.244650543 0.660800576 0.79425317 0.64295572 1 1
G3251 0 0.00534707587 1.32184601 0 0.429962963 1.79027903 0 0.00916749611 0 0 0 0 0.00581607036 0.120020546 0 0.317649573 0.00650437735 0.56156379 0 0 0 0 0 0 0.630105674 0.278815776 0 0 0.257276803 0 0 0 0.00317862513 0 0 0 0 0 0.829456031 0 0.9628371 0 0.212810755 0 0 0 0 0 0 0 0 0 0 0.247607902 0 0.192030117 0 0 0 0 0 0 0.388883173 0.388480216 0 1 0 0 0 0 0 0 0 0.648148119 0.387761921 0.435734153 0.805651903 0.627579093 1 1
__smartatpg_bin_1504_1 0 0.00534707587 1.32184601 0 0.429962963 1.79027903 0 0.00916749611 0 0 0 0 0.00581607036 0.120020546 0 0.317649573 0.00650437735 0.56156379 0 0 0 0 0 0 0.630105674 0.278815776 0 0 0.257276803 0 0 0 0.00317862513 0 0 0 0 0 0.829456031 0 0.9628371 0 0.212810755 0 0 0 0 0 0 0 0 0 0 0.247607902 0 0.192030117 0 0 0 0 0 0 0.388883173 0.388480216 0 0 0 1 0 0 0 0 0 0.629629612 0.244650543 0.40310201 0.545771718 0.477789909 1 1
G3257 0 0.00534707587 1.32184601 0 0.429962963 1.79027903 0 0.00916749611 0 0 0 0 0.00581607036 0.120020546 0 0.317649573 0.00650437735 0.56156379 0 0 0 0 0 0 0.630105674 0.278815776 0 0 0.257276803 0 0 0 0.00317862513 0 0 0 0 0 0.829456031 0 0.9628371 0 0.212810755 0 0 0 0 0 0 0 0 0 0 0.247607902 0 0.192030117 0 0 0 0 0 0 0.388883173 0.388480216 0 0 0 1 0 0 0 0 0 0.648148119 0.244650543 0.462741792 0.476140618 0.434539646 1 1
__smartatpg_bin_1505_1 0 0.00534707587 1.32184601 0 0.429962963 1.79027903 0 0.00916749611 0 0 0 0 0.00581607036 0.120020546 0 0.317649573 0.00650437735 0.56156379 0 0 0 0 0 0 0.630105674 0.278815776 0 0 0.257276803 0 0 0 0.00317862513 0 0 0 0 0 0.829456031 0 0.9628371 0 0.212810755 0 0 0 0 0 0 0 0 0 0 0.247607902 0 0.192030117 0 0 0 0 0 0 0.388883173 0.388480216 0 0 0 1 0 0 0 0 0 0.629629612 0.244650543 0.40310201 0.545771718 0.477789909 1 1
G3258 0 0.00534707587 1.32184601 0 0.429962963 1.79027903 0 0.00916749611 0 0 0 0 0.00581607036 0.120020546 0 0.317649573 0.00650437735 0.56156379 0 0 0 0 0 0 0.630105674 0.278815776 0 0 0.257276803 0 0 0 0.00317862513 0 0 0 0 0 0.829456031 0 0.9628371 0 0.212810755 0 0 0 0 0 0 0 0 0 0 0.247607902 0 0.192030117 0 0 0 0 0 0 0.388883173 0.388480216 0 0 0 0 1 0 0 0 0 0.648148119 0.244650543 0.435734153 0.505652726 0.434539646 1 1
G3267 0 0.00534707587 1.32184601 0 0.429962963 1.79027903 0 0.00916749611 0 0 0 0 0.00581607036 0.120020546 0 0.317649573 0.00650437735 0.56156379 0 0 0 0 0 0 0.630105674 0.278815776 0 0 0.257276803 0 0 0 0.00317862513 0 0 0 0 0 0.829456031 0 0.9628371 0 0.212810755 0 0 0 0 0 0 0 0 0 0 0.247607902 0 0.192030117 0 0 0 0 0 0 0.388883173 0.388480216 0 0 0 0 0 1 0 0 0 0.666666687 0.244650543 0.470802933 0.486551791 0.425946444 1 1
G3530 0 0.00534707587 1.32184601 0 0.429962963 1.79027903 0 0.00916749611 0 0 0 0 0.00581607036 0.120020546 0 0.317649573 0.00650437735 0.56156379 0 0 0 0 0 0 0.630105674 0.278815776 0 0 0.257276803 0 0 0 0.00317862513 0 0 0 0 0 0.829456031 0 0.9628371 0 0.212810755 0 0 0 0 0 0 0 0 0 0 0.247607902 0 0.192030117 0 0 0 0 0 0 0.388883173 0.388480216 0 1 0 0 0 0 0 0 0 0.685185194 0 0.470802933 0.600460231 0 1 1
__smartatpg_bin_1514_1 0 0.00534707587 1.32184601 0 0.429962963 1.79027903 0 0.00916749611 0 0 0 0 0.00581607036 0.120020546 0 0.317649573 0.00650437735 0.56156379 0 0 0 0 0 0 0.630105674 0.278815776 0 0 0.257276803 0 0 0 0.00317862513 0 0 0 0 0 0.829456031 0 0.9628371 0 0.212810755 0 0 0 0 0 0 0 0 0 0 0.247607902 0 0.192030117 0 0 0 0 0 0 0.388883173 0.388480216 0 1 0 0 0 0 0 0 0 0.592592597 0.244650543 0.656037867 0.870490193 0.864366055 1 1
__smartatpg_bin_1514_2 0 0.00534707587 1.32184601 0 0.429962963 1.79027903 0 0.00916749611 0 0 0 0 0.00581607036 0.120020546 0 0.317649573 0.00650437735 0.56156379 0 0 0 0 0 0 0.630105674 0.278815776 0 0 0.257276803 0 0 0 0.00317862513 0 0 0 0 0 0.829456031 0 0.9628371 0 0.212810755 0 0 0 0 0 0 0 0 0 0 0.247607902 0 0.192030117 0 0 0 0 0 0 0.388883173 0.388480216 0 1 0 0 0 0 0 0 0 0.629629612 0.244650543 0.594715238 0.880964816 0.859500229 1 1
G3269 0 0.00534707587 1.32184601 0 0.429962963 1.79027903 0 0.00916749611 0 0 0 0 0.00581607036 0.120020546 0 0.317649573 0.00650437735 0.56156379 0 0 0 0 0 0 0.630105674 0.278815776 0 0 0.257276803 0 0 0 0.00317862513 0 0 0 0 0 0.829456031 0 0.9628371 0 0.212810755 0 0 0 0 0 0 0 0 0 0 0.247607902 0 0.192030117 0 0 0 0 0 0 0.388883173 0.388480216 0 1 0 0 0 0 0 0 0 0.648148119 0.244650543 0.598246992 0.994842529 0.748204172 1 1
G3287 0 0.00534707587 1.32184601 0 0.429962963 1.79027903 0 0.00916749611 0 0 0 0 0.00581607036 0.120020546 0 0.317649573 0.00650437735 0.56156379 0 0 0 0 0 0 0.630105674 0.278815776 0 0 0.257276803 0 0 0 0.00317862513 0 0 0 0 0 0.829456031 0 0.9628371 0 0.212810755 0 0 0 0 0 0 0 0 0 0 0.247607902 0 0.192030117 0 0 0 0 0 0 0.388883173 0.388480216 0 0 0 1 0 0 0 0 0 0.666666687 0.244650543 0.753696263 0.829173207 0.636557281 1 1
G3302 0 0.00534707587 1.32184601 0 0.429962963 1.79027903 0 0.00916749611 0 0 0 0 0.00581607036 0.120020546 0 0.317649573 0.00650437735 0.56156379 0 0 0 0 0 0 0.630105674 0.278815776 0 0 0.257276803 0 0 0 0.00317862513 0 0 0 0 0 0.829456031 0 0.9628371 0 0.212810755 0 0 0 0 0 0 0 0 0 0 0.247607902 0 0.192030117 0 0 0 0 0 0 0.388883173 0.388480216 0 1 0 0 0 0 0 0 0 0.685185194 0.387761921 0.435734153 0.83853054 0.620475054 1 1
__smartatpg_bin_1518_1 0 0.00534707587 1.32184601 0 0.429962963 1.79027903 0 0.00916749611 0 0 0 0 0.00581607036 0.120020546 0 0.317649573 0.00650437735 0.56156379 0 0 0 0 0 0 0.630105674 0.278815776 0 0 0.257276803 0 0 0 0.00317862513 0 0 0 0 0 0.829456031 0 0.9628371 0 0.212810755 0 0 0 0 0 0 0 0 0 0 0.247607902 0 0.192030117 0 0 0 0 0 0 0.388883173 0.388480216 0 0 0 1 0 0 0 0 0 0.666666687 0.244650543 0.48578167 0.661191344 0.613018632 1 1
G3275 0 0.00534707587 1.32184601 0 0.429962963 1.79027903 0 0.00916749611 0 0 0 0 0.00581607036 0.120020546 0 0.317649573 0.00650437735 0.56156379 0 0 0 0 0 0 0.630105674 0.278815776 0 0 0.257276803 0 0 0 0.00317862513 0 0 0 0 0 0.829456031 0 0.9628371 0 0.212810755 0 0 0 0 0 0 0 0 0 0 0.247607902 0 0.192030117 0 0 0 0 0 0 0.388883173 0.388480216 0 0 0 1 0 0 0 0 0 0.685185194 0.387761921 0.539678156 0.664806902 0.588135123 1 1
G3308 0 0.00534707587 1.32184601 0 0.429962963 1.79027903 0 0.00916749611 0 0 0 0 0.00581607036 0.120020546 0 0.317649573 0.00650437735 0.56156379 0 0 0 0 0 0 0.630105674 0.278815776 0 0 0.257276803 0 0 0 0.00317862513 0 0 0 0 0 0.829456031 0 0.9628371 0 0.212810755 0 0 0 0 0 0 0 0 0 0 0.247607902 0 0.192030117 0 0 0 0 0 0 0.388883173 0.388480216 0 0 0 0 0 1 0 0 0 0.703703701 0.387761921 0.611630201 0.595175803 0.911631942 1 1
G3342 0 0.00534707587 1.32184601 0 0.429962963 1.79027903 0 0.00916749611 0 0 0 0 0.00581607036 0.120020546 0 0.317649573 0.00650437735 0.56156379 0 0 0 0 0 0 0.630105674 0.278815776 0 0 0.257276803 0 0 0 0.00317862513 0 0 0 0 0 0.829456031 0 0.9628371 0 0.212810755 0 0 0 0 0 0 0 0 0 0 0.247607902 0 0.192030117 0 0 0 0 0 0 0.388883173 0.388480216 0 0 0 0 0 1 0 0 0 0.722222209 0.244650543 0.549503684 0.671817303 0.911281884 1 1
__smartatpg_bin_1519_1 0 0.00534707587 1.32184601 0 0.429962963 1.79027903 0 0.00916749611 0 0 0 0 0.00581607036 0.120020546 0 0.317649573 0.00650437735 0.56156379 0 0 0 0 0 0 0.630105674 0.278815776 0 0 0.257276803 0 0 0 0.00317862513 0 0 0 0 0 0.829456031 0 0.9628371 0 0.212810755 0 0 0 0 0 0 0 0 0 0 0.247607902 0 0.192030117 0 0 0 0 0 0 0.388883173 0.388480216 0 0 0 1 0 0 0 0 0 0.666666687 0.244650543 0.48578167 0.661191344 0.613018632 1 1
G3278 0 0.00534707587 1.32184601 0 0.429962963 1.79027903 0 0.00916749611 0 0 0 0 0.00581607036 0.120020546 0 0.317649573 0.00650437735 0.56156379 0 0 0 0 0 0 0.630105674 0.278815776 0 0 0.257276803 0 0 0 0.00317862513 0 0 0 0 0 0.829456031 0 0.9628371 0 0.212810755 0 0 0 0 0 0 0 0 0 0 0.247607902 0 0.192030117 0 0 0 0 0 0 0.388883173 0.388480216 0 0 0 0 1 0 0 0 0 0.685185194 0.387761921 0.608389735 0.589723527 0.588135123 1 1
G3300 0 0.00534707587 1.32184601 0 0.429962963 1.79027903 0 0.00916749611 0 0 0 0 0.00581607036 0.120020546 0 0.317649573 0.00650437735 0.56156379 0 0 0 0 0 0 0.630105674 0.278815776 0 0 0.257276803 0 0 0 0.00317862513 0 0 0 0 0 0.829456031 0 0.9628371 0 0.212810755 0 0 0 0 0 0 0 0 0 0 0.247607902 0 0.192030117 0 0 0 0 0 0 0.388883173 0.388480216 0 0 0 0 0 1 0 0 0 0.703703701 0.244650543 0.544667721 0.668347895 0.585097849 1 1
G3531 0 0.00534707587 1.32184601 0 0.429962963 1.79027903 0 0.00916749611 0 0 0 0 0.00581607036 0.120020546 0 0.317649573 0.00650437735 0.56156379 0 0 0 0 0 0 0.630105674 0.278815776 0 0 0.257276803 0 0 0 0.00317862513 0 0 0 0 0 0.829456031 0 0.9628371 0 0.212810755 0 0 0 0 0 0 0 0 0 0 0.247607902 0 0.192030117 0 0 0 0 0 0 0.388883173 0.388480216 0 1 0 0 0 0 0 0 0 0.722222209 0 0.544667721 0.785621643 0 1 1
__smartatpg_bin_1520_1 0 0.00534707587 1.32184601 0 0.429962963 1.79027903 0 0.00916749611 0 0 0 0 0.00581607036 0.120020546 0 0.317649573 0.00650437735 0.56156379 0 0 0 0 0 0 0.630105674 0.278815776 0 0 0.257276803 0 0 0 0.00317862513 0 0 0 0 0 0.829456031 0 0.9628371 0 0.212810755 0 0 0 0 0 0 0 0 0 0 0.247607902 0 0.192030117 0 0 0 0 0 0 0.388883173 0.388480216 0 0 0 1 0 0 0 0 0 0.648148119 0.244650543 0.48578167 0.661191344 0.613018632 1 1
G3281 0 0.00534707587 1.32184601 0 0.429962963 1.79027903 0 0.00916749611 0 0 0 0 0.00581607036 0.120020546 0 0.317649573 0.00650437735 0.56156379 0 0 0 0 0 0 0.630105674 0.278815776 0 0 0.257276803 0 0 0 0.00317862513 0 0 0 0 0 0.829456031 0 0.9628371 0 0.212810755 0 0 0 0 0 0 0 0 0 0 0.247607902 0 0.192030117 0 0 0 0 0 0 0.388883173 0.388480216 0 0 0 1 0 0 0 0 0 0.666666687 0.387761921 0.539678156 0.664806902 0.588135123 1 1
G3305 0 0.00534707587 1.32184601 0 0.429962963 1.79027903 0 0.00916749611 0 0 0 0 0.00581607036 0.120020546 0 0.317649573 0.00650437735 0.56156379 0 0 0 0 0 0 0.630105674 0.278815776 0 0 0.257276803 0 0 0 0.00317862513 0 0 0 0 0 0.829456031 0 0.9628371 0 0.212810755 0 0 0 0 0 0 0 0 0 0 0.247607902 0 0.192030117 0 0 0 0 0 0 0.388883173 0.388480216 0 0 0 0 0 1 0 0 0 0.685185194 0.387761921 0.611630201 0.595175803 0.911631942 1 1
G3340 0 0.00534707587 1.32184601 0 0.429962963 1.79027903 0 0.00916749611 0 0 0 0 0.00581607036 0.120020546 0 0.317649573 0.00650437735 0.56156379 0 0 0 0 0 0 0.630105674 0.278815776 0 0 0.257276803 0 0 0 0.00317862513 0 0 0 0 0 0.829456031 0 0.9628371 0 0.212810755 0 0 0 0 0 0 0 0 0 0 0.247607902 0 0.192030117 0 0 0 0 0 0 0.388883173 0.388480216 0 0 1 0 0 0 0 0 0 0.703703701 0.244650543 0.686693132 0.572244227 0.904104352 1 1
G3341 0 0.00534707587 1.32184601 0 0.429962963 1.79027903 0 0.00916749611 0 0 0 0 0.00581607036 0.120020546 0 0.317649573 0.00650437735 0.56156379 0 0 0 0 0 0 0.630105674 0.278815776 0 0 0.257276803 0 0 0 0.00317862513 0 0 0 0 0 0.829456031 0 0.9628371 0 0.212810755 0 0 0 0 0 0 0 0 0 0 0.247607902 0 0.192030117 0 0 0 0 0 0 0.388883173 0.388480216 0 0 0 0 0 1 0 0 0 0.703703701 0.244650543 0.549503684 0.671817303 0.911281884 1 1
G3344 0 0.00534707587 1.32184601 0 0.429962963 1.79027903 0 0.00916749611 0 0 0 0 0.00581607036 0.120020546 0 0.317649573 0.00650437735 0.56156379 0 0 0 0 0 0 0.630105674 0.278815776 0 0 0.257276803 0 0 0 0.00317862513 0 0 0 0 0 0.829456031 0 0.9628371 0 0.212810755 0 0 0 0 0 0 0 0 0 0 0.247607902 0 0.192030117 0 0 0 0 0 0 0.388883173 0.388480216 0 0 1 0 0 0 0 0 0 0.722222209 0.244650543 0.680608869 0.605586946 0.901882529 1 1
G3356 0 0.00534707587 1.32184601 0 0.429962963 1.79027903 0 0.00916749611 0 0 0 0 0.00581607036 0.120020546 0 0.317649573 0.00650437735 0.56156379 0 0 0 0 0 0 0.630105674 0.278815776 0 0 0.257276803 0 0 0 0.00317862513 0 0 0 0 0 0.829456031 0 0.9628371 0 0.212810755 0 0 0 0 0 0 0 0 0 0 0.247607902 0 0.192030117 0 0 0 0 0 0 0.388883173 0.388480216 0 0 1 0 0 0 0 0 0 0.740740716 0.387761921 0.648611665 0.745967925 0.891056478 1 1
G3388 0 0.00534707587 1.32184601 0 0.429962963 1.79027903 0 0.00916749611 0 0 0 0 0.00581607036 0.120020546 0 0.317649573 0.00650437735 0.56156379 0 0 0 0 0 0 0.630105674 0.278815776 0 0 0.257276803 0 0 0 0.00317862513 0 0 0 0 0 0.829456031 0 0.9628371 0 0.212810755 0 0 0 0 0 0 0 0 0 0 0.247607902 0 0.192030117 0 0 0 0 0 0 0.388883173 0.388480216 0 0 0 0 0 1 0 0 0 0.759259284 0.387761921 0.684691131 0.711506426 0.987869203 1 1
G3391 0 0.00534707587 1.32184601 0 0.429962963 1.79027903 0 0.00916749611 0 0 0 0 0.00581607036 0.120020546 0 0.317649573 0.00650437735 0.56156379 0 0 0 0 0 0 0.630105674 0.278815776 0 0 0.257276803 0 0 0 0.00317862513 0 0 0 0 0 0.829456031 0 0.9628371 0 0.212810755 0 0 0 0 0 0 0 0 0 0 0.247607902 0 0.192030117 0 0 0 0 0 0 0.388883173 0.388480216 0 0 0 0 0 1 0 0 0 0.759259284 0.387761921 0.684691131 0.711506426 0.890654981 1 1
G3417 0 0.00534707587 1.32184601 0 0.429962963 1.79027903 0 0.00916749611 0 0 0 0 0.00581607036 0.120020546 0 0.317649573 0.00650437735 0.56156379 0 0 0 0 0 0 0.630105674 0.278815776 0 0 0.257276803 0 0 0 0.00317862513 0 0 0 0 0 0.829456031 0 0.9628371 0 0.212810755 0 0 0 0 0 0 0 0 0 0 0.247607902 0 0.192030117 0 0 0 0 0 0 0.388883173 0.388480216 0 0 0 0 0 1 0 0 0 0.777777791 0.244650543 0.653601229 0.750371516 0.987658501 1 1
G3418 0 0.00534707587 1.32184601 0 0.429962963 1.79027903 0 0.00916749611 0 0 0 0 0.00581607036 0.120020546 0 0.317649573 0.00650437735 0.56156379 0 0 0 0 0 0 0.630105674 0.278815776 0 0 0.257276803 0 0 0 0.00317862513 0 0 0 0 0 0.829456031 0 0.9628371 0 0.212810755 0 0 0 0 0 0 0 0 0 0 0.247607902 0 0.192030117 0 0 0 0 0 0 0.388883173 0.388480216 0 0 0 0 0 1 0 0 0 0.777777791 0.244650543 0.653601229 0.750371516 0.890252471 1 1
__smartatpg_bin_1521_1 0 0.00534707587 1.32184601 0 0.429962963 1.79027903 0 0.00916749611 0 0 0 0 0.00581607036 0.120020546 0 0.317649573 0.00650437735 0.56156379 0 0 0 0 0 0 0.630105674 0.278815776 0 0 0.257276803 0 0 0 0.00317862513 0 0 0 0 0 0.829456031 0 0.9628371 0 0.212810755 0 0 0 0 0 0 0 0 0 0 0.247607902 0 0.192030117 0 0 0 0 0 0 0.388883173 0.388480216 0 0 0 1 0 0 0 0 0 0.648148119 0.244650543 0.48578167 0.661191344 0.613018632 1 1
G3284 0 0.00534707587 1.32184601 0 0.429962963 1.79027903 0 0.00916749611 0 0 0 0 0.00581607036 0.120020546 0 0.317649573 0.00650437735 0.56156379 0 0 0 0 0 0 0.630105674 0.278815776 0 0 0.257276803 0 0 0 0.00317862513 0 0 0 0 0 0.829456031 0 0.9628371 0 0.212810755 0 0 0 0 0 0 0 0 0 0 0.247607902 0 0.192030117 0 0 0 0 0 0 0.388883173 0.388480216 0 0 0 0 1 0 0 0 0 0.666666687 0.387761921 0.608389735 0.589723527 0.588135123 1 1
G3301 0 0.00534707587 1.32184601 0 0.429962963 1.79027903 0 0.00916749611 0 0 0 0 0.00581607036 0.120020546 0 0.317649573 0.00650437735 0.56156379 0 0 0 0 0 0 0.630105674 0.278815776 0 0 0.257276803 0 0 0 0.00317862513 0 0 0 0 0 0.829456031 0 0.9628371 0 0.212810755 0 0 0 0 0 0 0 0 0 0 0.247607902 0 0.192030117 0 0 0 0 0 0 0.388883173 0.388480216 0 0 0 0 0 1 0 0 0 0.685185194 0.244650543 0.544667721 0.668347895 0.585097849 1 1
G3532 0 0.00534707587 1.32184601 0 0.429962963 1.79027903 0 0.00916749611 0 0 0 0 0.00581607036 0.120020546 0 0.317649573 0.00650437735 0.56156379 0 0 0 0 0 0 0.630105674 0.278815776 0 0 0.257276803 0 0 0 0.00317862513 0 0 0 0 0 0.829456031 0 0.9628371 0 0.212810755 0 0 0 0 0 0 0 0 0 0 0.247607902 0 0.192030117 0 0 0 0 0 0 0.388883173 0.388480216 0 1 0 0 0 0 0 0 0 0.703703701 0 0.544667721 0.785621643 0 1 1
__smartatpg_bin_1525_1 0 0.00534707587 1.32184601 0 0.429962963 1.79027903 0 0.00916749611 0 0 0 0 0.00581607036 0.120020546 0 0.317649573 0.00650437735 0.56156379 0 0 0 0 0 0 0.630105674 0.278815776 0 0 0.257276803 0 0 0 0.00317862513 0 0 0 0 0 0.829456031 0 0.9628371 0 0.212810755 0 0 0 0 0 0 0 0 0 0 0.247607902 0 0.192030117 0 0 0 0 0 0 0.388883173 0.388480216 0 0 0 1 0 0 0 0 0 0.648148119 0.244650543 0.48578167 0.661191344 0.613018632 1 1
G3294 0 0.00534707587 1.32184601 0 0.429962963 1.79027903 0 0.00916749611 0 0 0 0 0.00581607036 0.120020546 0 0.317649573 0.00650437735 0.56156379 0 0 0 0 0 0 0.630105674 0.278815776 0 0 0.257276803 0 0 0 0.00317862513 0 0 0 0 0 0.829456031 0 0.9628371 0 0.212810755 0 0 0 0 0 0 0 0 0 0 0.247607902 0 0.192030117 0 0 0 0 0 0 0.388883173 0.388480216 0 0 0 1 0 0 0 0 0 0.666666687 0.387761921 0.539678156 0.664806902 0.588135123 1 1
G3329 0 0.00534707587 1.32184601 0 0.429962963 1.79027903 0 0.00916749611 0 0 0 0 0.00581607036 0.120020546 0 0.317649573 0.00650437735 0.56156379 0 0 0 0 0 0 0.630105674 0.278815776 0 0 0.257276803 0 0 0 0.00317862513 0 0 0 0 0 0.829456031 0 0.9628371 0 0.212810755 0 0 0 0 0 0 0 0 0 0 0.247607902 0 0.192030117 0 0 0 0 0 0 0.388883173 0.388480216 0 0 0 0 0 1 0 0 0 0.685185194 0.387761921 0.611630201 0.595175803 0.911631942 1 1
G3345 0 0.00534707587 1.32184601 0 0.429962963 1.79027903 0 0.00916749611 0 0 0 0 0.00581607036 0.120020546 0 0.317649573 0.00650437735 0.56156379 0 0 0 0 0 0 0.630105674 0.278815776 0 0 0.257276803 0 0 0 0.00317862513 0 0 0 0 0 0.829456031 0 0.9628371 0 0.212810755 0 0 0 0 0 0 0 0 0 0 0.247607902 0 0.192030117 0 0 0 0 0 0 0.388883173 0.388480216 0 0 0 0 0 1 0 0 0 0.703703701 0.244650543 0.549503684 0.671817303 0.911281884 1 1
G3346 0 0.00534707587 1.32184601 0 0.429962963 1.79027903 0 0.00916749611 0 0 0 0 0.00581607036 0.120020546 0 0.317649573 0.00650437735 0.56156379 0 0 0 0 0 0 0.630105674 0.278815776 0 0 0.257276803 0 0 0 0.00317862513 0 0 0 0 0 0.829456031 0 0.9628371 0 0.212810755 0 0 0 0 0 0 0 0 0 0 0.247607902 0 0.192030117 0 0 0 0 0 0 0.388883173 0.388480216 0 0 1 0 0 0 0 0 0 0.740740716 0.244650543 0.692550659 0.605586946 0.899627388 1 1
G3359 0 0.00534707587 1.32184601 0 0.429962963 1.79027903 0 0.00916749611 0 0 0 0 0.00581607036 0.120020546 0 0.317649573 0.00650437735 0.56156379 0 0 0 0 0 0 0.630105674 0.278815776 0 0 0.257276803 0 0 0 0.00317862513 0 0 0 0 0 0.829456031 0 0.9628371 0 0.212810755 0 0 0 0 0 0 0 0 0 0 0.247607902 0 0.192030117 0 0 0 0 0 0 0.388883173 0.388480216 0 0 1 0 0 0 0 0 0 0.722222209 0.244650543 0.692550659 0.605586946 0.899627388 1 1
G3370 0 0.00534707587 1.32184601 0 0.429962963 1.79027903 0 0.00916749611 0 0 0 0 0.00581607036 0.120020546 0 0.317649573 0.00650437735 0.56156379 0 0 0 0 0 0 0.630105674 0.278815776 0 0 0.257276803 0 0 0 0.00317862513 0 0 0 0 0 0.829456031 0 0.9628371 0 0.212810755 0 0 0 0 0 0 0 0 0 0 0.247607902 0 0.192030117 0 0 0 0 0 0 0.388883173 0.388480216 0 0 1 0 0 0 0 0 0 0.759259284 0.387761921 0.663128853 0.758853793 0.88616693 1 1
G3409 0 0.00534707587 1.32184601 0 0.429962963 1.79027903 0 0.00916749611 0 0 0 0 0.00581607036 0.120020546 0 0.317649573 0.00650437735 0.56156379 0 0 0 0 0 0 0.630105674 0.278815776 0 0 0.257276803 0 0 0 0.00317862513 0 0 0 0 0 0.829456031 0 0.9628371 0 0.212810755 0 0 0 0 0 0 0 0 0 0 0.247607902 0 0.192030117 0 0 0 0 0 0 0.388883173 0.388480216 0 0 0 0 0 1 0 0 0 0.777777791 0.387761921 0.696337759 0.727129161 0.985320985 1 1
G3412 0 0.00534707587 1.32184601 0 0.429962963 1.79027903 0 0.00916749611 0 0 0 0 0.00581607036 0.120020546 0 0.317649573 0.00650437735 0.56156379 0 0 0 0 0 0 0.630105674 0.278815776 0 0 0.257276803 0 0 0 0.00317862513 0 0 0 0 0 0.829456031 0 0.9628371 0 0.212810755 0 0 0 0 0 0 0 0 0 0 0.247607902 0 0.192030117 0 0 0 0 0 0 0.388883173 0.388480216 0 0 0 0 0 1 0 0 0 0.777777791 0.387761921 0.696337759 0.727129161 0.885752141 1 1
G3428 0 0.00534707587 1.32184601 0 0.429962963 1.79027903 0 0.00916749611 0 0 0 0 0.00581607036 0.120020546 0 0.317649573 0.00650437735 0.56156379 0 0 0 0 0 0 0.630105674 0.278815776 0 0 0.257276803 0 0 0 0.00317862513 0 0 0 0 0 0.829456031 0 0.9628371 0 0.212810755 0 0 0 0 0 0 0 0 0 0 0.247607902 0 0.192030117 0 0 0 0 0 0 0.388883173 0.388480216 0 0 1 0 0 0 0 0 0 0.796296299 0.244650543 0.785351276 0.716873467 0.972356439 1 1
G3429 0 0.00534707587 1.32184601 0 0.429962963 1.79027903 0 0.00916749611 0 0 0 0 0.00581607036 0.120020546 0 0.317649573 0.00650437735 0.56156379 0 0 0 0 0 0 0.630105674 0.278815776 0 0 0.257276803 0 0 0 0.00317862513 0 0 0 0 0 0.829456031 0 0.9628371 0 0.212810755 0 0 0 0 0 0 0 0 0 0 0.247607902 0 0.192030117 0 0 0 0 0 0 0.388883173 0.388480216 0 0 0 0 0 1 0 0 0 0.796296299 0.244650543 0.667684495 0.762942851 0.985106707 1 1
G3430 0 0.00534707587 1.32184601 0 0.429962963 1.79027903 0 0.00916749611 0 0 0 0 0.00581607036 0.120020546 0 0.317649573 0.00650437735 0.56156379 0 0 0 0 0 0 0.630105674 0.278815776 0 0 0.257276803 0 0 0 0.00317862513 0 0 0 0 0 0.829456031 0 0.9628371 0 0.212810755 0 0 0 0 0 0 0 0 0 0 0.247607902 0 0.192030117 0 0 0 0 0 0 0.388883173 0.388480216 0 0 1 0 0 0 0 0 0 0.796296299 0.244650543 0.785351276 0.716873467 0.859500229 1 1
G3431 0 0.00534707587 1.32184601 0 0.429962963 1.79027903 0 0.00916749611 0 0 0 0 0.00581607036 0.120020546 0 0.317649573 0.00650437735 0.56156379 0 0 0 0 0 0 0.630105674 0.278815776 0 0 0.257276803 0 0 0 0.00317862513 0 0 0 0 0 0.829456031 0 0.9628371 0 0.212810755 0 0 0 0 0 0 0 0 0 0 0.247607902 0 0.192030117 0 0 0 0 0 0 0.388883173 0.388480216 0 0 0 0 0 1 0 0 0 0.796296299 0.244650543 0.667684495 0.762942851 0.88533628 1 1
G3439 0 0.00534707587 1.32184601 0 0.429962963 1.79027903 0 0.00916749611 0 0 0 0 0.00581607036 0.120020546 0 0.317649573 0.00650437735 0.56156379 0 0 0 0 0 0 0.630105674 0.278815776 0 0 0.257276803 0 0 0 0.00317862513 0 0 0 0 0 0.829456031 0 0.9628371 0 0.212810755 0 0 0 0 0 0 0 0 0 0 0.247607902 0 0.192030117 0 0 0 0 0 0 0.388883173 0.388480216 0 0 1 0 0 0 0 0 0 0.814814806 0.244650543 0.785351276 0.732036114 0.970949173 1 1
G3440 0 0.00534707587 1.32184601 0 0.429962963 1.79027903 0 0.00916749611 0 0 0 0 0.00581607036 0.120020546 0 0.317649573 0.00650437735 0.56156379 0 0 0 0 0 0 0.630105674 0.278815776 0 0 0.257276803 0 0 0 0.00317862513 0 0 0 0 0 0.829456031 0 0.9628371 0 0.212810755 0 0 0 0 0 0 0 0 0 0 0.247607902 0 0.192030117 0 0 0 0 0 0 0.388883173 0.388480216 0 0 1 0 0 0 0 0 0 0.814814806 0.244650543 0.785351276 0.732036114 0.856503308 1 1
G3449 0 0.00534707587 1.32184601 0 0.429962963 1.79027903 0 0.00916749611 0 0 0 0 0.00581607036 0.120020546 0 0.317649573 0.00650437735 0.56156379 0 0 0 0 0 0 0.630105674 0.278815776 0 0 0.257276803 0 0 0 0.00317862513 0 0 0 0 0 0.829456031 0 0.9628371 0 0.212810755 0 0 0 0 0 0 0 0 0 0 0.247607902 0 0.192030117 0 0 0 0 0 0 0.388883173 0.388480216 0 0 1 0 0 0 0 0 0 0.833333313 0.387761921 0.772062421 0.859334826 0.954794705 1 1
G3452 0 0.00534707587 1.32184601 0 0.429962963 1.79027903 0 0.00916749611 0 0 0 0 0.00581607036 0.120020546 0 0.317649573 0.00650437735 0.56156379 0 0 0 0 0 0 0.630105674 0.278815776 0 0 0.257276803 0 0 0 0.00317862513 0 0 0 0 0 0.829456031 0 0.9628371 0 0.212810755 0 0 0 0 0 0 0 0 0 0 0.247607902 0 0.192030117 0 0 0 0 0 0 0.388883173 0.388480216 0 0 1 0 0 0 0 0 0 0.833333313 0.244650543 0.772062421 0.859334826 0.819511294 1 1
G3461 0 0.00534707587 1.32184601 0 0.429962963 1.79027903 0 0.00916749611 0 0 0 0 0.00581607036 0.120020546 0 0.317649573 0.00650437735 0.56156379 0 0 0 0 0 0 0.630105674 0.278815776 0 0 0.257276803 0 0 0 0.00317862513 0 0 0 0 0 0.829456031 0 0.9628371 0 0.212810755 0 0 0 0 0 0 0 0 0 0 0.247607902 0 0.192030117 0 0 0 0 0 0 0.388883173 0.388480216 0 0 0 0 0 1 0 0 0 0.851851881 0.387761921 0.787460804 0.84491539 0.818864703 1 1
G3468 0 0.00534707587 1.32184601 0 0.429962963 1.79027903 0 0.00916749611 0 0 0 0 0.00581607036 0.120020546 0 0.317649573 0.00650437735 0.56156379 0 0 0 0 0 0 0.630105674 0.278815776 0 0 0.257276803 0 0 0 0.00317862513 0 0 0 0 0 0.829456031 0 0.9628371 0 0.212810755 0 0 0 0 0 0 0 0 0 0 0.247607902 0 0.192030117 0 0 0 0 0 0 0.388883173 0.388480216 0 0 0 0 0 1 0 0 0 0.851851881 0.387761921 0.787460804 0.84491539 0.954532146 1 1
G3471 0 0.00534707587 1.32184601 0 0.429962963 1.79027903 0 0.00916749611 0 0 0 0 0.00581607036 0.120020546 0 0.317649573 0.00650437735 0.56156379 0 0 0 0 0 0 0.630105674 0.278815776 0 0 0.257276803 0 0 0 0.00317862513 0 0 0 0 0 0.829456031 0 0.9628371 0 0.212810755 0 0 0 0 0 0 0 0 0 0 0.247607902 0 0.192030117 0 0 0 0 0 0 0.388883173 0.388480216 0 0 0 0 0 1 0 0 0 0.851851881 0.387761921 0.787460804 0.84491539 0.954532146 1 1
G3478 0 0.00534707587 1.32184601 0 0.429962963 1.79027903 0 0.00916749611 0 0 0 0 0.00581607036 0.120020546 0 0.317649573 0.00650437735 0.56156379 0 0 0 0 0 0 0.630105674 0.278815776 0 0 0.257276803 0 0 0 0.00317862513 0 0 0 0 0 0.829456031 0 0.9628371 0 0.212810755 0 0 0 0 0 0 0 0 0 0 0.247607902 0 0.192030117 0 0 0 0 0 0 0.388883173 0.388480216 0 0 0 0 0 1 0 0 0 0.870370388 0.387761921 0.774356723 0.861624658 0.818215251 1 1
G3481 0 0.00534707587 1.32184601 0 0.429962963 1.79027903 0 0.00916749611 0 0 0 0 0.00581607036 0.120020546 0 0.317649573 0.00650437735 0.56156379 0 0 0 0 0 0 0.630105674 0.278815776 0 0 0.257276803 0 0 0 0.00317862513 0 0 0 0 0 0.829456031 0 0.9628371 0 0.212810755 0 0 0 0 0 0 0 0 0 0 0.247607902 0 0.192030117 0 0 0 0 0 0 0.388883173 0.388480216 0 0 0 0 0 1 0 0 0 0.870370388 0.387761921 0.774356723 0.861624658 0.818215251 1 1
G3487 0 0.00534707587 1.32184601 0 0.429962963 1.79027903 0 0.00916749611 0 0 0 0 0.00581607036 0.120020546 0 0.317649573 0.00650437735 0.56156379 0 0 0 0 0 0 0.630105674 0.278815776 0 0 0.257276803 0 0 0 0.00317862513 0 0 0 0 0 0.829456031 0 0.9628371 0 0.212810755 0 0 0 0 0 0 0 0 0 0 0.247607902 0 0.192030117 0 0 0 0 0 0 0.388883173 0.388480216 0 0 0 0 0 1 0 0 0 0.870370388 0.244650543 0.774356723 0.861624658 0.954269052 1 1
G3488 0 0.00534707587 1.32184601 0 0.429962963 1.79027903 0 0.00916749611 0 0 0 0 0.00581607036 0.120020546 0 0.317649573 0.00650437735 0.56156379 0 0 0 0 0 0 0.630105674 0.278815776 0 0 0.257276803 0 0 0 0.00317862513 0 0 0 0 0 0.829456031 0 0.9628371 0 0.212810755 0 0 0 0 0 0 0 0 0 0 0.247607902 0 0.192030117 0 0 0 0 0 0 0.388883173 0.388480216 0 0 0 0 0 1 0 0 0 0.870370388 0.244650543 0.774356723 0.861624658 0.954269052 1 1
G3489 0 0.00534707587 1.32184601 0 0.429962963 1.79027903 0 0.00916749611 0 0 0 0 0.00581607036 0.120020546 0 0.317649573 0.00650437735 0.56156379 0 0 0 0 0 0 0.630105674 0.278815776 0 0 0.257276803 0 0 0 0.00317862513 0 0 0 0 0 0.829456031 0 0.9628371 0 0.212810755 0 0 0 0 0 0 0 0 0 0 0.247607902 0 0.192030117 0 0 0 0 0 0 0.388883173 0.388480216 0 0 0 0 0 1 0 0 0 0.888888896 0.244650543 0.789542377 0.847404242 0.817563057 1 1
G3490 0 0.00534707587 1.32184601 0 0.429962963 1.79027903 0 0.00916749611 0 0 0 0 0.00581607036 0.120020546 0 0.317649573 0.00650437735 0.56156379 0 0 0 0 0 0 0.630105674 0.278815776 0 0 0.257276803 0 0 0 0.00317862513 0 0 0 0 0 0.829456031 0 0.9628371 0 0.212810755 0 0 0 0 0 0 0 0 0 0 0.247607902 0 0.192030117 0 0 0 0 0 0 0.388883173 0.388480216 0 0 0 0 0 1 0 0 0 0.888888896 0.244650543 0.789542377 0.847404242 0.817563057 1 1
__smartatpg_bin_1526_1 0 0.00534707587 1.32184601 0 0.429962963 1.79027903 0 0.00916749611 0 0 0 0 0.00581607036 0.120020546 0 0.317649573 0.00650437735 0.56156379 0 0 0 0 0 0 0.630105674 0.278815776 0 0 0.257276803 0 0 0 0.00317862513 0 0 0 0 0 0.829456031 0 0.9628371 0 0.212810755 0 0 0 0 0 0 0 0 0 0 0.247607902 0 0.192030117 0 0 0 0 0 0 0.388883173 0.388480216 0 0 0 1 0 0 0 0 0 0.648148119 0.244650543 0.48578167 0.661191344 0.613018632 1 1
G3297 0 0.00534707587 1.32184601 0 0.429962963 1.79027903 0 0.00916749611 0 0 0 0 0.00581607036 0.120020546 0 0.317649573 0.00650437735 0.56156379 0 0 0 0 0 0 0.630105674 0.278815776 0 0 0.257276803 0 0 0 0.00317862513 0 0 0 0 0 0.829456031 0 0.9628371 0 0.212810755 0 0 0 0 0 0 0 0 0 0 0.247607902 0 0.192030117 0 0 0 0 0 0 0.388883173 0.388480216 0 0 0 0 1 0 0 0 0 0.666666687 0.387761921 0.608389735 0.589723527 0.588135123 1 1
G3311 0 0.00534707587 1.32184601 0 0.429962963 1.79027903 0 0.00916749611 0 0 0 0 0.00581607036 0.120020546 0 0.317649573 0.00650437735 0.56156379 0 0 0 0 0 0 0.630105674 0.278815776 0 0 0.257276803 0 0 0 0.00317862513 0 0 0 0 0 0.829456031 0 0.9628371 0 0.212810755 0 0 0 0 0 0 0 0 0 0 0.247607902 0 0.192030117 0 0 0 0 0 0 0.388883173 0.388480216 0 0 0 0 0 1 0 0 0 0.685185194 0.244650543 0.544667721 0.668347895 0.585097849 1 1
G3533 0 0.00534707587 1.32184601 0 0.429962963 1.79027903 0 0.00916749611 0 0 0 0 0.00581607036 0.120020546 0 0.317649573 0.00650437735 0.56156379 0 0 0 0 0 0 0.630105674 0.278815776 0 0 0.257276803 0 0 0 0.00317862513 0 0 0 0 0 0.829456031 0 0.9628371 0 0.212810755 0 0 0 0 0 0 0 0 0 0 0.247607902 0 0.192030117 0 0 0 0 0 0 0.388883173 0.388480216 0 1 0 0 0 0 0 0 0 0.703703701 0 0.544667721 0.785621643 0 1 1
__smartatpg_bin_1533_1 0 0.00534707587 1.32184601 0 0.429962963 1.79027903 0 0.00916749611 0 0 0 0 0.00581607036 0.120020546 0 0.317649573 0.00650437735 0.56156379 0 0 0 0 0 0 0.630105674 0.278815776 0 0 0.257276803 0 0 0 0.00317862513 0 0 0 0 0 0.829456031 0 0.9628371 0 0.212810755 0 0 0 0 0 0 0 0 0 0 0.247607902 0 0.192030117 0 0 0 0 0 0 0.388883173 0.388480216 0 0 0 1 0 0 0 0 0 0.685185194 0.244650543 0.48578167 0.649864316 0.60246408 1 1
G3312 0 0.00534707587 1.32184601 0 0.429962963 1.79027903 0 0.00916749611 0 0 0 0 0.00581607036 0.120020546 0 0.317649573 0.00650437735 0.56156379 0 0 0 0 0 0 0.630105674 0.278815776 0 0 0.257276803 0 0 0 0.00317862513 0 0 0 0 0 0.829456031 0 0.9628371 0 0.212810755 0 0 0 0 0 0 0 0 0 0 0.247607902 0 0.192030117 0 0 0 0 0 0 0.388883173 0.388480216 0 0 0 1 0 0 0 0 0 0.703703701 0.568060994 0.539678156 0.653723598 0.575599492 1 1
G3350 0 0.00534707587 1.32184601 0 0.429962963 1.79027903 0 0.00916749611 0 0 0 0 0.00581607036 0.120020546 0 0.317649573 0.00650437735 0.56156379 0 0 0 0 0 0 0.630105674 0.278815776 0 0 0.257276803 0 0 0 0.00317862513 0 0 0 0 0 0.829456031 0 0.9628371 0 0.212810755 0 0 0 0 0 0 0 0 0 0 0.247607902 0 0.192030117 0 0 0 0 0 0 0.388883173 0.388480216 0 1 0 0 0 0 0 0 0 0.722222209 0.387761921 0.305815101 0.668347895 0.918800473 1 1
G3353 0 0.00534707587 1.32184601 0 0.429962963 1.79027903 0 0.00916749611 0 0 0 0 0.00581607036 0.120020546 0 0.317649573 0.00650437735 0.56156379 0 0 0 0 0 0 0.630105674 0.278815776 0 0 0.257276803 0 0 0 0.00317862513 0 0 0 0 0 0.829456031 0 0.9628371 0 0.212810755 0 0 0 0 0 0 0 0 0 0 0.247607902 0 0.192030117 0 0 0 0 0 0 0.388883173 0.388480216 0 0 0 0 0 1 0 0 0 0.722222209 0.387761921 0.60170114 0.595175803 1 1 1
G3379 0 0.00534707587 1.32184601 0 0.429962963 1.79027903 0 0.00916749611 0 0 0 0 0.00581607036 0.120020546 0 0.317649573 0.00650437735 0.56156379 0 0 0 0 0 0 0.630105674 0.278815776 0 0 0.257276803 0 0 0 0.00317862513 0 0 0 0 0 0.829456031 0 0.9628371 0 0.212810755 0 0 0 0 0 0 0 0 0 0 0.247607902 0 0.192030117 0 0 0 0 0 0 0.388883173 0.388480216 0 0 0 0 0 1 0 0 0 0.740740716 0.244650543 0.549503684 0.661191344 0.999805629 1 1
G3380 0 0.00534707587 1.32184601 0 0.429962963 1.79027903 0 0.00916749611 0 0 0 0 0.00581607036 0.120020546 0 0.317649573 0.00650437735 0.56156379 0 0 0 0 0 0 0.630105674 0.278815776 0 0 0.257276803 0 0 0 0.00317862513 0 0 0 0 0 0.829456031 0 0.9628371 0 0.212810755 0 0 0 0 0 0 0 0 0 0 0.247607902 0 0.192030117 0 0 0 0 0 0 0.388883173 0.388480216 0 0 0 0 0 1 0 0 0 0.740740716 0.387761921 0.614805222 0.357105464 0.920787394 1 1
G3383 0 0.00534707587 1.32184601 0 0.429962963 1.79027903 0 0.00916749611 0 0 0 0 0.00581607036 0.120020546 0 0.317649573 0.00650437735 0.56156379 0 0 0 0 0 0 0.630105674 0.278815776 0 0 0.257276803 0 0 0 0.00317862513 0 0 0 0 0 0.829456031 0 0.9628371 0 0.212810755 0 0 0 0 0 0 0 0 0 0 0.247607902 0 0.192030117 0 0 0 0 0 0 0.388883173 0.388480216 0 0 0 0 0 1 0 0 0 0.740740716 0.387761921 0.614805222 0.357105464 0.918466747 1 1
G3407 0 0.00534707587 1.32184601 0 0.429962963 1.79027903 0 0.00916749611 0 0 0 0 0.00581607036 0.120020546 0 0.317649573 0.00650437735 0.56156379 0 0 0 0 0 0 0.630105674 0.278815776 0 0 0.257276803 0 0 0 0.00317862513 0 0 0 0 0 0.829456031 0 0.9628371 0 0.212810755 0 0 0 0 0 0 0 0 0 0 0.247607902 0 0.192030117 0 0 0 0 0 0 0.388883173 0.388480216 0 0 0 0 0 1 0 0 0 0.759259284 0.244650543 0.345311165 0.675218046 0.920458019 1 1
G3408 0 0.00534707587 1.32184601 0 0.429962963 1.79027903 0 0.00916749611 0 0 0 0 0.00581607036 0.120020546 0 0.317649573 0.00650437735 0.56156379 0 0 0 0 0 0 0.630105674 0.278815776 0 0 0.257276803 0 0 0 0.00317862513 0 0 0 0 0 0.829456031 0 0.9628371 0 0.212810755 0 0 0 0 0 0 0 0 0 0 0.247607902 0 0.192030117 0 0 0 0 0 0 0.388883173 0.388480216 0 0 0 0 0 1 0 0 0 0.759259284 0.244650543 0.345311165 0.675218046 0.918132305 1 1
G3534 0 0.00534707587 1.32184601 0 0.429962963 1.79027903 0 0.00916749611 0 0 0 0 0.00581607036 0.120020546 0 0.317649573 0.00650437735 0.56156379 0 0 0 0 0 0 0.630105674 0.278815776 0 0 0.257276803 0 0 0 0.00317862513 0 0 0 0 0 0.829456031 0 0.9628371 0 0.212810755 0 0 0 0 0 0 0 0 0 0 0.247607902 0 0.192030117 0 0 0 0 0 0 0.388883173 0.388480216 0 1 0 0 0 0 0 0 0 0.722222209 0 0.544667721 0.772758722 0 1 1
__smartatpg_bin_1534_1 0 0.00534707587 1.32184601 0 0.429962963 1.79027903 0 0.00916749611 0 0 0 0 0.00581607036 0.120020546 0 0.317649573 0.00650437735 0.56156379 0 0 0 0 0 0 0.630105674 0.278815776 0 0 0.257276803 0 0 0 0.00317862513 0 0 0 0 0 0.829456031 0 0.9628371 0 0.212810755 0 0 0 0 0 0 0 0 0 0 0.247607902 0 0.192030117 0 0 0 0 0 0 0.388883173 0.388480216 0 0 0 1 0 0 0 0 0 0.685185194 0.244650543 0.48578167 0.649864316 0.689305842 1 1
G3317 0 0.00534707587 1.32184601 0 0.429962963 1.79027903 0 0.00916749611 0 0 0 0 0.00581607036 0.120020546 0 0.317649573 0.00650437735 0.56156379 0 0 0 0 0 0 0.630105674 0.278815776 0 0 0.257276803 0 0 0 0.00317862513 0 0 0 0 0 0.829456031 0 0.9628371 0 0.212810755 0 0 0 0 0 0 0 0 0 0 0.247607902 0 0.192030117 0 0 0 0 0 0 0.388883173 0.388480216 0 0 0 0 1 0 0 0 0 0.703703701 0.387761921 0.598246992 0.589723527 0.674823403 1 1
__smartatpg_bin_1535_1 0 0.00534707587 1.32184601 0 0.429962963 1.79027903 0 0.00916749611 0 0 0 0 0.00581607036 0.120020546 0 0.317649573 0.00650437735 0.56156379 0 0 0 0 0 0 0.630105674 0.278815776 0 0 0.257276803 0 0 0 0.00317862513 0 0 0 0 0 0.829456031 0 0.9628371 0 0.212810755 0 0 0 0 0 0 0 0 0 0 0.247607902 0 0.192030117 0 0 0 0 0 0 0.388883173 0.388480216 0 0 0 1 0 0 0 0 0 0.685185194 0.244650543 0.48578167 0.649864316 0.605172992 1 1
G3320 0 0.00534707587 1.32184601 0 0.429962963 1.79027903 0 0.00916749611 0 0 0 0 0.00581607036 0.120020546 0 0.317649573 0.00650437735 0.56156379 0 0 0 0 0 0 0.630105674 0.278815776 0 0 0.257276803 0 0 0 0.00317862513 0 0 0 0 0 0.829456031 0 0.9628371 0 0.212810755 0 0 0 0 0 0 0 0 0 0 0.247607902 0 0.192030117 0 0 0 0 0 0 0.388883173 0.388480216 0 0 0 1 0 0 0 0 0 0.703703701 0.387761921 0.539678156 0.653723598 0.578832746 1 1
G3347 0 0.00534707587 1.32184601 0 0.429962963 1.79027903 0 0.00916749611 0 0 0 0 0.00581607036 0.120020546 0 0.317649573 0.00650437735 0.56156379 0 0 0 0 0 0 0.630105674 0.278815776 0 0 0.257276803 0 0 0 0.00317862513 0 0 0 0 0 0.829456031 0 0.9628371 0 0.212810755 0 0 0 0 0 0 0 0 0 0 0.247607902 0 0.192030117 0 0 0 0 0 0 0.388883173 0.388480216 0 0 0 0 0 1 0 0 0 0.722222209 0.387761921 0.60170114 0.595175803 0.919133425 1 1
G3373 0 0.00534707587 1.32184601 0 0.429962963 1.79027903 0 0.00916749611 0 0 0 0 0.00581607036 0.120020546 0 0.317649573 0.00650437735 0.56156379 0 0 0 0 0 0 0.630105674 0.278815776 0 0 0.257276803 0 0 0 0.00317862513 0 0 0 0 0 0.829456031 0 0.9628371 0 0.212810755 0 0 0 0 0 0 0 0 0 0 0.247607902 0 0.192030117 0 0 0 0 0 0 0.388883173 0.388480216 0 0 0 0 0 1 0 0 0 0.740740716 0.387761921 0.549503684 0.661191344 0.918800473 1 1
G3376 0 0.00534707587 1.32184601 0 0.429962963 1.79027903 0 0.00916749611 0 0 0 0 0.00581607036 0.120020546 0 0.317649573 0.00650437735 0.56156379 0 0 0 0 0 0 0.630105674 0.278815776 0 0 0.257276803 0 0 0 0.00317862513 0 0 0 0 0 0.829456031 0 0.9628371 0 0.212810755 0 0 0 0 0 0 0 0 0 0 0.247607902 0 0.192030117 0 0 0 0 0 0 0.388883173 0.388480216 0 0 0 0 0 1 0 0 0 0.740740716 0.387761921 0.549503684 0.661191344 0.921771049 1 1
G3403 0 0.00534707587 1.32184601 0 0.429962963 1.79027903 0 0.00916749611 0 0 0 0 0.00581607036 0.120020546 0 0.317649573 0.00650437735 0.56156379 0 0 0 0 0 0 0.630105674 0.278815776 0 0 0.257276803 0 0 0 0.00317862513 0 0 0 0 0 0.829456031 0 0.9628371 0 0.212810755 0 0 0 0 0 0 0 0 0 0 0.247607902 0 0.192030117 0 0 0 0 0 0 0.388883173 0.388480216 0 0 1 0 0 0 0 0 0 0.759259284 0.244650543 0.71401459 0.605586946 0.911981165 1 1
G3404 0 0.00534707587 1.32184601 0 0.429962963 1.79027903 0 0.00916749611 0 0 0 0 0.00581607036 0.120020546 0 0.317649573 0.00650437735 0.56156379 0 0 0 0 0 0 0.630105674 0.278815776 0 0 0.257276803 0 0 0 0.00317862513 0 0 0 0 0 0.829456031 0 0.9628371 0 0.212810755 0 0 0 0 0 0 0 0 0 0 0.247607902 0 0.192030117 0 0 0 0 0 0 0.388883173 0.388480216 0 0 0 0 0 1 0 0 0 0.759259284 0.244650543 0.608389735 0.605586946 0.918466747 1 1
G3405 0 0.00534707587 1.32184601 0 0.429962963 1.79027903 0 0.00916749611 0 0 0 0 0.00581607036 0.120020546 0 0.317649573 0.00650437735 0.56156379 0 0 0 0 0 0 0.630105674 0.278815776 0 0 0.257276803 0 0 0 0.00317862513 0 0 0 0 0 0.829456031 0 0.9628371 0 0.212810755 0 0 0 0 0 0 0 0 0 0 0.247607902 0 0.192030117 0 0 0 0 0 0 0.388883173 0.388480216 0 0 1 0 0 0 0 0 0 0.759259284 0.244650543 0.71401459 0.605586946 0.915088177 1 1
G3406 0 0.00534707587 1.32184601 0 0.429962963 1.79027903 0 0.00916749611 0 0 0 0 0.00581607036 0.120020546 0 0.317649573 0.00650437735 0.56156379 0 0 0 0 0 0 0.630105674 0.278815776 0 0 0.257276803 0 0 0 0.00317862513 0 0 0 0 0 0.829456031 0 0.9628371 0 0.212810755 0 0 0 0 0 0 0 0 0 0 0.247607902 0 0.192030117 0 0 0 0 0 0 0.388883173 0.388480216 0 0 0 0 0 1 0 0 0 0.759259284 0.244650543 0.608389735 0.605586946 0.92144388 1 1
G3419 0 0.00534707587 1.32184601 0 0.429962963 1.79027903 0 0.00916749611 0 0 0 0 0.00581607036 0.120020546 0 0.317649573 0.00650437735 0.56156379 0 0 0 0 0 0 0.630105674 0.278815776 0 0 0.257276803 0 0 0 0.00317862513 0 0 0 0 0 0.829456031 0 0.9628371 0 0.212810755 0 0 0 0 0 0 0 0 0 0 0.247607902 0 0.192030117 0 0 0 0 0 0 0.388883173 0.388480216 0 0 1 0 0 0 0 0 0 0.777777791 0.244650543 0.658437252 0.661191344 0.907376707 1 1
G3420 0 0.00534707587 1.32184601 0 0.429962963 1.79027903 0 0.00916749611 0 0 0 0 0.00581607036 0.120020546 0 0.317649573 0.00650437735 0.56156379 0 0 0 0 0 0 0.630105674 0.278815776 0 0 0.257276803 0 0 0 0.00317862513 0 0 0 0 0 0.829456031 0 0.9628371 0 0.212810755 0 0 0 0 0 0 0 0 0 0 0.247607902 0 0.192030117 0 0 0 0 0 0 0.388883173 0.388480216 0 0 1 0 0 0 0 0 0 0.777777791 0.244650543 0.658437252 0.661191344 0.910579324 1 1
G3432 0 0.00534707587 1.32184601 0 0.429962963 1.79027903 0 0.00916749611 0 0 0 0 0.00581607036 0.120020546 0 0.317649573 0.00650437735 0.56156379 0 0 0 0 0 0 0.630105674 0.278815776 0 0 0.257276803 0 0 0 0.00317862513 0 0 0 0 0 0.829456031 0 0.9628371 0 0.212810755 0 0 0 0 0 0 0 0 0 0 0.247607902 0 0.192030117 0 0 0 0 0 0 0.388883173 0.388480216 0 0 1 0 0 0 0 0 0 0.796296299 0.489301085 0.69062233 0.722077906 0.894622028 1 1
G3436 0 0.00534707587 1.32184601 0 0.429962963 1.79027903 0 0.00916749611 0 0 0 0 0.00581607036 0.120020546 0 0.317649573 0.00650437735 0.56156379 0 0 0 0 0 0 0.630105674 0.278815776 0 0 0.257276803 0 0 0 0.00317862513 0 0 0 0 0 0.829456031 0 0.9628371 0 0.212810755 0 0 0 0 0 0 0 0 0 0 0.247607902 0 0.192030117 0 0 0 0 0 0 0.388883173 0.388480216 0 0 1 0 0 0 0 0 0 0.796296299 0.244650543 0.69062233 0.722077906 0.898104966 1 1
G3441 0 0.00534707587 1.32184601 0 0.429962963 1.79027903 0 0.00916749611 0 0 0 0 0.00581607036 0.120020546 0 0.317649573 0.00650437735 0.56156379 0 0 0 0 0 0 0.630105674 0.278815776 0 0 0.257276803 0 0 0 0.00317862513 0 0 0 0 0 0.829456031 0 0.9628371 0 0.212810755 0 0 0 0 0 0 0 0 0 0 0.247607902 0 0.192030117 0 0 0 0 0 0 0.388883173 0.388480216 0 0 0 0 0 1 0 0 0 0.814814806 0.387761921 0.663128853 0.75677222 0.897721887 1 1
G3456 0 0.00534707587 1.32184601 0 0.429962963 1.79027903 0 0.00916749611 0 0 0 0 0.00581607036 0.120020546 0 0.317649573 0.00650437735 0.56156379 0 0 0 0 0 0 0.630105674 0.278815776 0 0 0.257276803 0 0 0 0.00317862513 0 0 0 0 0 0.829456031 0 0.9628371 0 0.212810755 0 0 0 0 0 0 0 0 0 0 0.247607902 0 0.192030117 0 0 0 0 0 0 0.388883173 0.388480216 0 0 0 0 0 1 0 0 0 0.814814806 0.387761921 0.663128853 0.75677222 0.986388028 1 1
G3464 0 0.00534707587 1.32184601 0 0.429962963 1.79027903 0 0.00916749611 0 0 0 0 0.00581607036 0.120020546 0 0.317649573 0.00650437735 0.56156379 0 0 0 0 0 0 0.630105674 0.278815776 0 0 0.257276803 0 0 0 0.00317862513 0 0 0 0 0 0.829456031 0 0.9628371 0 0.212810755 0 0 0 0 0 0 0 0 0 0 0.247607902 0 0.192030117 0 0 0 0 0 0 0.388883173 0.388480216 0 0 0 0 0 1 0 0 0 0.833333313 0.244650543 0.694455624 0.727129161 0.988709092 1 1
__smartatpg_bin_1536_1 0 0.00534707587 1.32184601 0 0.429962963 1.79027903 0 0.00916749611 0 0 0 0 0.00581607036 0.120020546 0 0.317649573 0.00650437735 0.56156379 0 0 0 0 0 0 0.630105674 0.278815776 0 0 0.257276803 0 0 0 0.00317862513 0 0 0 0 0 0.829456031 0 0.9628371 0 0.212810755 0 0 0 0 0 0 0 0 0 0 0.247607902 0 0.192030117 0 0 0 0 0 0 0.388883173 0.388480216 0 0 0 1 0 0 0 0 0 0.685185194 0.244650543 0.48578167 0.649864316 0.605172992 1 1
G3323 0 0.00534707587 1.32184601 0 0.429962963 1.79027903 0 0.00916749611 0 0 0 0 0.00581607036 0.120020546 0 0.317649573 0.00650437735 0.56156379 0 0 0 0 0 0 0.630105674 0.278815776 0 0 0.257276803 0 0 0 0.00317862513 0 0 0 0 0 0.829456031 0 0.9628371 0 0.212810755 0 0 0 0 0 0 0 0 0 0 0.247607902 0 0.192030117 0 0 0 0 0 0 0.388883173 0.388480216 0 0 0 0 1 0 0 0 0 0.703703701 0.387761921 0.598246992 0.589723527 0.578832746 1 1
G3343 0 0.00534707587 1.32184601 0 0.429962963 1.79027903 0 0.00916749611 0 0 0 0 0.00581607036 0.120020546 0 0.317649573 0.00650437735 0.56156379 0 0 0 0 0 0 0.630105674 0.278815776 0 0 0.257276803 0 0 0 0.00317862513 0 0 0 0 0 0.829456031 0 0.9628371 0 0.212810755 0 0 0 0 0 0 0 0 0 0 0.247607902 0 0.192030117 0 0 0 0 0 0 0.388883173 0.388480216 0 0 0 0 0 1 0 0 0 0.722222209 0.244650543 0.544667721 0.657498062 0.575599492 1 1
G3536 0 0.00534707587 1.32184601 0 0.429962963 1.79027903 0 0.00916749611 0 0 0 0 0.00581607036 0.120020546 0 0.317649573 0.00650437735 0.56156379 0 0 0 0 0 0 0.630105674 0.278815776 0 0 0.257276803 0 0 0 0.00317862513 0 0 0 0 0 0.829456031 0 0.9628371 0 0.212810755 0 0 0 0 0 0 0 0 0 0 0.247607902 0 0.192030117 0 0 0 0 0 0 0.388883173 0.388480216 0 1 0 0 0 0 0 0 0 0.740740716 0 0.544667721 0.774656355 0 1 1
__smartatpg_bin_1537_1 0 0.00534707587 1.32184601 0 0.429962963 1.79027903 0 0.00916749611 0 0 0 0 0.00581607036 0.120020546 0 0.317649573 0.00650437735 0.56156379 0 0 0 0 0 0 0.630105674 0.278815776 0 0 0.257276803 0 0 0 0.00317862513 0 0 0 0 0 0.829456031 0 0.9628371 0 0.212810755 0 0 0 0 0 0 0 0 0 0 0.247607902 0 0.192030117 0 0 0 0 0 0 0.388883173 0.388480216 0 1 0 0 0 0 0 0 0 0.685185194 0.244650543 0.60170114 0.691279411 0.78724879 1 1
__smartatpg_bin_1537_2 0 0.00534707587 1.32184601 0 0.429962963 1.79027903 0 0.00916749611 0 0 0 0 0.00581607036 0.120020546 0 0.317649573 0.00650437735 0.56156379 0 0 0 0 0 0 0.630105674 0.278815776 0 0 0.257276803 0 0 0 0.00317862513 0 0 0 0 0 0.829456031 0 0.9628371 0 0.212810755 0 0 0 0 0 0 0 0 0 0 0.247607902 0 0.192030117 0 0 0 0 0 0 0.388883173 0.388480216 0 1 0 0 0 0 0 0 0 0.703703701 0.244650543 0.611630201 0.708758712 0.782372475 1 1
G3326 0 0.00534707587 1.32184601 0 0.429962963 1.79027903 0 0.00916749611 0 0 0 0 0.00581607036 0.120020546 0 0.317649573 0.00650437735 0.56156379 0 0 0 0 0 0 0.630105674 0.278815776 0 0 0.257276803 0 0 0 0.00317862513 0 0 0 0 0 0.829456031 0 0.9628371 0 0.212810755 0 0 0 0 0 0 0 0 0 0 0.247607902 0 0.192030117 0 0 0 0 0 0 0.388883173 0.388480216 0 1 0 0 0 0 0 0 0 0.722222209 0.387761921 0.605081022 0.819276512 0.727088571 1 1
__smartatpg_bin_1539_1 0 0.00534707587 1.32184601 0 0.429962963 1.79027903 0 0.00916749611 0 0 0 0 0.00581607036 0.120020546 0 0.317649573 0.00650437735 0.56156379 0 0 0 0 0 0 0.630105674 0.278815776 0 0 0.257276803 0 0 0 0.00317862513 0 0 0 0 0 0.829456031 0 0.9628371 0 0.212810755 0 0 0 0 0 0 0 0 0 0 0.247607902 0 0.192030117 0 0 0 0 0 0 0.388883173 0.388480216 0 0 0 1 0 0 0 0 0 0.703703701 0.244650543 0.48578167 0.653723598 0.605172992 1 1
G3332 0 0.00534707587 1.32184601 0 0.429962963 1.79027903 0 0.00916749611 0 0 0 0 0.00581607036 0.120020546 0 0.317649573 0.00650437735 0.56156379 0 0 0 0 0 0 0.630105674 0.278815776 0 0 0.257276803 0 0 0 0.00317862513 0 0 0 0 0 0.829456031 0 0.9628371 0 0.212810755 0 0 0 0 0 0 0 0 0 0 0.247607902 0 0.192030117 0 0 0 0 0 0 0.388883173 0.388480216 0 0 0 1 0 0 0 0 0 0.722222209 0.568060994 0.539678156 0.657498062 0.578832746 1 1
G3360 0 0.00534707587 1.32184601 0 0.429962963 1.79027903 0 0.00916749611 0 0 0 0 0.00581607036 0.120020546 0 0.317649573 0.00650437735 0.56156379 0 0 0 0 0 0 0.630105674 0.278815776 0 0 0.257276803 0 0 0 0.00317862513 0 0 0 0 0 0.829456031 0 0.9628371 0 0.212810755 0 0 0 0 0 0 0 0 0 0 0.247607902 0 0.192030117 0 0 0 0 0 0 0.388883173 0.388480216 0 1 0 0 0 0 0 0 0 0.740740716 0.387761921 0.305815101 0.671817303 0.918800473 1 1
G3367 0 0.00534707587 1.32184601 0 0.429962963 1.79027903 0 0.00916749611 0 0 0 0 0.00581607036 0.120020546 0 0.317649573 0.00650437735 0.56156379 0 0 0 0 0 0 0.630105674 0.278815776 0 0 0.257276803 0 0 0 0.00317862513 0 0 0 0 0 0.829456031 0 0.9628371 0 0.212810755 0 0 0 0 0 0 0 0 0 0 0.247607902 0 0.192030117 0 0 0 0 0 0 0.388883173 0.388480216 0 0 0 0 0 1 0 0 0 0.740740716 0.387761921 0.605081022 0.595175803 1 1 1
G3394 0 0.00534707587 1.32184601 0 0.429962963 1.79027903 0 0.00916749611 0 0 0 0 0.00581607036 0.120020546 0 0.317649573 0.00650437735 0.56156379 0 0 0 0 0 0 0.630105674 0.278815776 0 0 0.257276803 0 0 0 0.00317862513 0 0 0 0 0 0.829456031 0 0.9628371 0 0.212810755 0 0 0 0 0 0 0 0 0 0 0.247607902 0 0.192030117 0 0 0 0 0 0 0.388883173 0.388480216 0 0 0 0 0 1 0 0 0 0.759259284 0.244650543 0.549503684 0.664806902 0.999805629 1 1
G3395 0 0.00534707587 1.32184601 0 0.429962963 1.79027903 0 0.00916749611 0 0 0 0 0.00581607036 0.120020546 0 0.317649573 0.00650437735 0.56156379 0 0 0 0 0 0 0.630105674 0.278815776 0 0 0.257276803 0 0 0 0.00317862513 0 0 0 0 0 0.829456031 0 0.9628371 0 0.212810755 0 0 0 0 0 0 0 0 0 0 0.247607902 0 0.192030117 0 0 0 0 0 0 0.388883173 0.388480216 0 0 1 0 0 0 0 0 0 0.759259284 0.244650543 0.686693132 0.605586946 0.993449509 1 1
G3396 0 0.00534707587 1.32184601 0 0.429962963 1.79027903 0 0.00916749611 0 0 0 0 0.00581607036 0.120020546 0 0.317649573 0.00650437735 0.56156379 0 0 0 0 0 0 0.630105674 0.278815776 0 0 0.257276803 0 0 0 0.00317862513 0 0 0 0 0 0.829456031 0 0.9628371 0 0.212810755 0 0 0 0 0 0 0 0 0 0 0.247607902 0 0.192030117 0 0 0 0 0 0 0.388883173 0.388480216 0 0 0 0 0 1 0 0 0 0.759259284 0.387761921 0.617917359 0.357105464 0.920787394 1 1
G3399 0 0.00534707587 1.32184601 0 0.429962963 1.79027903 0 0.00916749611 0 0 0 0 0.00581607036 0.120020546 0 0.317649573 0.00650437735 0.56156379 0 0 0 0 0 0 0.630105674 0.278815776 0 0 0.257276803 0 0 0 0.00317862513 0 0 0 0 0 0.829456031 0 0.9628371 0 0.212810755 0 0 0 0 0 0 0 0 0 0 0.247607902 0 0.192030117 0 0 0 0 0 0 0.388883173 0.388480216 0 0 0 0 0 1 0 0 0 0.759259284 0.387761921 0.617917359 0.357105464 0.918466747 1 1
G3415 0 0.00534707587 1.32184601 0 0.429962963 1.79027903 0 0.00916749611 0 0 0 0 0.00581607036 0.120020546 0 0.317649573 0.00650437735 0.56156379 0 0 0 0 0 0 0.630105674 0.278815776 0 0 0.257276803 0 0 0 0.00317862513 0 0 0 0 0 0.829456031 0 0.9628371 0 0.212810755 0 0 0 0 0 0 0 0 0 0 0.247607902 0 0.192030117 0 0 0 0 0 0 0.388883173 0.388480216 0 0 1 0 0 0 0 0 0 0.777777791 0.244650543 0.688670039 0.605586946 0.993449509 1 1
G3421 0 0.00534707587 1.32184601 0 0.429962963 1.79027903 0 0.00916749611 0 0 0 0 0.00581607036 0.120020546 0 0.317649573 0.00650437735 0.56156379 0 0 0 0 0 0 0.630105674 0.278815776 0 0 0.257276803 0 0 0 0.00317862513 0 0 0 0 0 0.829456031 0 0.9628371 0 0.212810755 0 0 0 0 0 0 0 0 0 0 0.247607902 0 0.192030117 0 0 0 0 0 0 0.388883173 0.388480216 0 0 0 0 0 1 0 0 0 0.777777791 0.244650543 0.345311165 0.678552747 0.920458019 1 1
G3422 0 0.00534707587 1.32184601 0 0.429962963 1.79027903 0 0.00916749611 0 0 0 0 0.00581607036 0.120020546 0 0.317649573 0.00650437735 0.56156379 0 0 0 0 0 0 0.630105674 0.278815776 0 0 0.257276803 0 0 0 0.00317862513 0 0 0 0 0 0.829456031 0 0.9628371 0 0.212810755 0 0 0 0 0 0 0 0 0 0 0.247607902 0 0.192030117 0 0 0 0 0 0 0.388883173 0.388480216 0 0 1 0 0 0 0 0 0 0.777777791 0.244650543 0.640817165 0.395426244 0.917797089 1 1
G3423 0 0.00534707587 1.32184601 0 0.429962963 1.79027903 0 0.00916749611 0 0 0 0 0.00581607036 0.120020546 0 0.317649573 0.00650437735 0.56156379 0 0 0 0 0 0 0.630105674 0.278815776 0 0 0.257276803 0 0 0 0.00317862513 0 0 0 0 0 0.829456031 0 0.9628371 0 0.212810755 0 0 0 0 0 0 0 0 0 0 0.247607902 0 0.192030117 0 0 0 0 0 0 0.388883173 0.388480216 0 0 1 0 0 0 0 0 0 0.777777791 0.244650543 0.640817165 0.395426244 0.915429473 1 1
G3424 0 0.00534707587 1.32184601 0 0.429962963 1.79027903 0 0.00916749611 0 0 0 0 0.00581607036 0.120020546 0 0.317649573 0.00650437735 0.56156379 0 0 0 0 0 0 0.630105674 0.278815776 0 0 0.257276803 0 0 0 0.00317862513 0 0 0 0 0 0.829456031 0 0.9628371 0 0.212810755 0 0 0 0 0 0 0 0 0 0 0.247607902 0 0.192030117 0 0 0 0 0 0 0.388883173 0.388480216 0 0 0 0 0 1 0 0 0 0.777777791 0.244650543 0.345311165 0.678552747 0.918132305 1 1
G3425 0 0.00534707587 1.32184601 0 0.429962963 1.79027903 0 0.00916749611 0 0 0 0 0.00581607036 0.120020546 0 0.317649573 0.00650437735 0.56156379 0 0 0 0 0 0 0.630105674 0.278815776 0 0 0.257276803 0 0 0 0.00317862513 0 0 0 0 0 0.829456031 0 0.9628371 0 0.212810755 0 0 0 0 0 0 0 0 0 0 0.247607902 0 0.192030117 0 0 0 0 0 0 0.388883173 0.388480216 0 0 1 0 0 0 0 0 0 0.796296299 0.387761921 0.663128853 0.752531707 0.986388028 1 1
G3437 0 0.00534707587 1.32184601 0 0.429962963 1.79027903 0 0.00916749611 0 0 0 0 0.00581607036 0.120020546 0 0.317649573 0.00650437735 0.56156379 0 0 0 0 0 0 0.630105674 0.278815776 0 0 0.257276803 0 0 0 0.00317862513 0 0 0 0 0 0.829456031 0 0.9628371 0 0.212810755 0 0 0 0 0 0 0 0 0 0 0.247607902 0 0.192030117 0 0 0 0 0 0 0.388883173 0.388480216 0 0 1 0 0 0 0 0 0 0.796296299 0.244650543 0.643458486 0.395426244 0.917797089 1 1
G3438 0 0.00534707587 1.32184601 0 0.429962963 1.79027903 0 0.00916749611 0 0 0 0 0.00581607036 0.120020546 0 0.317649573 0.00650437735 0.56156379 0 0 0 0 0 0 0.630105674 0.278815776 0 0 0.257276803 0 0 0 0.00317862513 0 0 0 0 0 0.829456031 0 0.9628371 0 0.212810755 0 0 0 0 0 0 0 0 0 0 0.247607902 0 0.192030117 0 0 0 0 0 0 0.388883173 0.388480216 0 0 1 0 0 0 0 0 0 0.796296299 0.244650543 0.643458486 0.395426244 0.915429473 1 1
G3444 0 0.00534707587 1.32184601 0 0.429962963 1.79027903 0 0.00916749611 0 0 0 0 0.00581607036 0.120020546 0 0.317649573 0.00650437735 0.56156379 0 0 0 0 0 0 0.630105674 0.278815776 0 0 0.257276803 0 0 0 0.00317862513 0 0 0 0 0 0.829456031 0 0.9628371 0 0.212810755 0 0 0 0 0 0 0 0 0 0 0.247607902 0 0.192030117 0 0 0 0 0 0 0.388883173 0.388480216 0 0 0 0 0 1 0 0 0 0.814814806 0.244650543 0.69062233 0.727129161 0.989127278 1 1
G3445 0 0.00534707587 1.32184601 0 0.429962963 1.79027903 0 0.00916749611 0 0 0 0 0.00581607036 0.120020546 0 0.317649573 0.00650437735 0.56156379 0 0 0 0 0 0 0.630105674 0.278815776 0 0 0.257276803 0 0 0 0.00317862513 0 0 0 0 0 0.829456031 0 0.9628371 0 0.212810755 0 0 0 0 0 0 0 0 0 0 0.247607902 0 0.192030117 0 0 0 0 0 0 0.388883173 0.388480216 0 0 1 0 0 0 0 0 0 0.814814806 0.387761921 0.470802933 0.703127623 0.91440326 1 1
G3448 0 0.00534707587 1.32184601 0 0.429962963 1.79027903 0 0.00916749611 0 0 0 0 0.00581607036 0.120020546 0 0.317649573 0.00650437735 0.56156379 0 0 0 0 0 0 0.630105674 0.278815776 0 0 0.257276803 0 0 0 0.00317862513 0 0 0 0 0 0.829456031 0 0.9628371 0 0.212810755 0 0 0 0 0 0 0 0 0 0 0.247607902 0 0.192030117 0 0 0 0 0 0 0.388883173 0.388480216 0 0 1 0 0 0 0 0 0 0.814814806 0.244650543 0.470802933 0.703127623 0.911981165 1 1
G3453 0 0.00534707587 1.32184601 0 0.429962963 1.79027903 0 0.00916749611 0 0 0 0 0.00581607036 0.120020546 0 0.317649573 0.00650437735 0.56156379 0 0 0 0 0 0 0.630105674 0.278815776 0 0 0.257276803 0 0 0 0.00317862513 0 0 0 0 0 0.829456031 0 0.9628371 0 0.212810755 0 0 0 0 0 0 0 0 0 0 0.247607902 0 0.192030117 0 0 0 0 0 0 0.388883173 0.388480216 0 0 0 0 0 1 0 0 0 0.833333313 0.387761921 0.646056235 0.522840202 0.911631942 1 1
G3465 0 0.00534707587 1.32184601 0 0.429962963 1.79027903 0 0.00916749611 0 0 0 0 0.00581607036 0.120020546 0 0.317649573 0.00650437735 0.56156379 0 0 0 0 0 0 0.630105674 0.278815776 0 0 0.257276803 0 0 0 0.00317862513 0 0 0 0 0 0.829456031 0 0.9628371 0 0.212810755 0 0 0 0 0 0 0 0 0 0 0.247607902 0 0.192030117 0 0 0 0 0 0 0.388883173 0.388480216 0 0 1 0 0 0 0 0 0 0.833333313 0.244650543 0.788505077 0.727129161 0.970949173 1 1
G3474 0 0.00534707587 1.32184601 0 0.429962963 1.79027903 0 0.00916749611 0 0 0 0 0.00581607036 0.120020546 0 0.317649573 0.00650437735 0.56156379 0 0 0 0 0 0 0.630105674 0.278815776 0 0 0.257276803 0 0 0 0.00317862513 0 0 0 0 0 0.829456031 0 0.9628371 0 0.212810755 0 0 0 0 0 0 0 0 0 0 0.247607902 0 0.192030117 0 0 0 0 0 0 0.388883173 0.388480216 0 0 1 0 0 0 0 0 0 0.851851881 0.244650543 0.786409616 0.727129161 0.970949173 1 1
G3484 0 0.00534707587 1.32184601 0 0.429962963 1.79027903 0 0.00916749611 0 0 0 0 0.00581607036 0.120020546 0 0.317649573 0.00650437735 0.56156379 0 0 0 0 0 0 0.630105674 0.278815776 0 0 0.257276803 0 0 0 0.00317862513 0 0 0 0 0 0.829456031 0 0.9628371 0 0.212810755 0 0 0 0 0 0 0 0 0 0 0.247607902 0 0.192030117 0 0 0 0 0 0 0.388883173 0.388480216 0 0 1 0 0 0 0 0 0 0.870370388 0.387761921 0.774356723 0.860483587 0.95374155 1 1
G3497 0 0.00534707587 1.32184601 0 0.429962963 1.79027903 0 0.00916749611 0 0 0 0 0.00581607036 0.120020546 0 0.317649573 0.00650437735 0.56156379 0 0 0 0 0 0 0.630105674 0.278815776 0 0 0.257276803 0 0 0 0.00317862513 0 0 0 0 0 0.829456031 0 0.9628371 0 0.212810755 0 0 0 0 0 0 0 0 0 0 0.247607902 0 0.192030117 0 0 0 0 0 0 0.388883173 0.388480216 0 0 0 0 0 1 0 0 0 0.888888896 0.387761921 0.788505077 0.847404242 0.953477085 1 1
G3500 0 0.00534707587 1.32184601 0 0.429962963 1.79027903 0 0.00916749611 0 0 0 0 0.00581607036 0.120020546 0 0.317649573 0.00650437735 0.56156379 0 0 0 0 0 0 0.630105674 0.278815776 0 0 0.257276803 0 0 0 0.00317862513 0 0 0 0 0 0.829456031 0 0.9628371 0 0.212810755 0 0 0 0 0 0 0 0 0 0 0.247607902 0 0.192030117 0 0 0 0 0 0 0.388883173 0.388480216 0 0 0 0 0 1 0 0 0 0.888888896 0.387761921 0.788505077 0.847404242 0.953477085 1 1
G3507 0 0.00534707587 1.32184601 0 0.429962963 1.79027903 0 0.00916749611 0 0 0 0 0.00581607036 0.120020546 0 0.317649573 0.00650437735 0.56156379 0 0 0 0 0 0 0.630105674 0.278815776 0 0 0.257276803 0 0 0 0.00317862513 0 0 0 0 0 0.829456031 0 0.9628371 0 0.212810755 0 0 0 0 0 0 0 0 0 0 0.247607902 0 0.192030117 0 0 0 0 0 0 0.388883173 0.388480216 0 0 1 0 0 0 0 0 0 0.907407403 0.244650543 0.891066432 0.847404242 0.912329555 1 1
G3508 0 0.00534707587 1.32184601 0 0.429962963 1.79027903 0 0.00916749611 0 0 0 0 0.00581607036 0.120020546 0 0.317649573 0.00650437735 0.56156379 0 0 0 0 0 0 0.630105674 0.278815776 0 0 0.257276803 0 0 0 0.00317862513 0 0 0 0 0 0.829456031 0 0.9628371 0 0.212810755 0 0 0 0 0 0 0 0 0 0 0.247607902 0 0.192030117 0 0 0 0 0 0 0.388883173 0.388480216 0 0 1 0 0 0 0 0 0 0.907407403 0.244650543 0.891066432 0.847404242 0.912329555 1 1
G3511 0 0.00534707587 1.32184601 0 0.429962963 1.79027903 0 0.00916749611 0 0 0 0 0.00581607036 0.120020546 0 0.317649573 0.00650437735 0.56156379 0 0 0 0 0 0 0.630105674 0.278815776 0 0 0.257276803 0 0 0 0.00317862513 0 0 0 0 0 0.829456031 0 0.9628371 0 0.212810755 0 0 0 0 0 0 0 0 0 0 0.247607902 0 0.192030117 0 0 0 0 0 0 0.388883173 0.388480216 0 0 0 0 0 1 0 0 0 0.907407403 0.244650543 0.776618063 0.86275816 0.953212202 1 1
G3512 0 0.00534707587 1.32184601 0 0.429962963 1.79027903 0 0.00916749611 0 0 0 0 0.00581607036 0.120020546 0 0.317649573 0.00650437735 0.56156379 0 0 0 0 0 0 0.630105674 0.278815776 0 0 0.257276803 0 0 0 0.00317862513 0 0 0 0 0 0.829456031 0 0.9628371 0 0.212810755 0 0 0 0 0 0 0 0 0 0 0.247607902 0 0.192030117 0 0 0 0 0 0 0.388883173 0.388480216 0 0 0 0 0 1 0 0 0 0.907407403 0.244650543 0.776618063 0.86275816 0.953212202 1 1
G3513 0 0.00534707587 1.32184601 0 0.429962963 1.79027903 0 0.00916749611 0 0 0 0 0.00581607036 0.120020546 0 0.317649573 0.00650437735 0.56156379 0 0 0 0 0 0 0.630105674 0.278815776 0 0 0.257276803 0 0 0 0.00317862513 0 0 0 0 0 0.829456031 0 0.9628371 0 0.212810755 0 0 0 0 0 0 0 0 0 0 0.247607902 0 0.192030117 0 0 0 0 0 0 0.388883173 0.388480216 0 0 1 0 0 0 0 0 0 0.92592591 0.244650543 0.890523612 0.849857628 0.911631942 1 1
G3514 0 0.00534707587 1.32184601 0 0.429962963 1.79027903 0 0.00916749611 0 0 0 0 0.00581607036 0.120020546 0 0.317649573 0.00650437735 0.56156379 0 0 0 0 0 0 0.630105674 0.278815776 0 0 0.257276803 0 0 0 0.00317862513 0 0 0 0 0 0.829456031 0 0.9628371 0 0.212810755 0 0 0 0 0 0 0 0 0 0 0.247607902 0 0.192030117 0 0 0 0 0 0 0.388883173 0.388480216 0 0 1 0 0 0 0 0 0 0.92592591 0.244650543 0.890523612 0.849857628 0.911631942 1 1
G3517 0 0.00534707587 1.32184601 0 0.429962963 1.79027903 0 0.00916749611 0 0 0 0 0.00581607036 0.120020546 0 0.317649573 0.00650437735 0.56156379 0 0 0 0 0 0 0.630105674 0.278815776 0 0 0.257276803 0 0 0 0.00317862513 0 0 0 0 0 0.829456031 0 0.9628371 0 0.212810755 0 0 0 0 0 0 0 0 0 0 0.247607902 0 0.192030117 0 0 0 0 0 0 0.388883173 0.388480216 0 0 1 0 0 0 0 0 0 0.944444418 0.244650543 0.885551572 0.973696768 0.852929711 1 1
G3518 0 0.00534707587 1.32184601 0 0.429962963 1.79027903 0 0.00916749611 0 0 0 0 0.00581607036 0.120020546 0 0.317649573 0.00650437735 0.56156379 0 0 0 0 0 0 0.630105674 0.278815776 0 0 0.257276803 0 0 0 0.00317862513 0 0 0 0 0 0.829456031 0 0.9628371 0 0.212810755 0 0 0 0 0 0 0 0 0 0 0.247607902 0 0.192030117 0 0 0 0 0 0 0.388883173 0.388480216 0 0 1 0 0 0 0 0 0 0.944444418 0.244650543 0.885551572 0.973696768 0.852929711 1 1
G3535 0 0.00534707587 1.32184601 0 0.429962963 1.79027903 0 0.00916749611 0 0 0 0 0.00581607036 0.120020546 0 0.317649573 0.00650437735 0.56156379 0 0 0 0 0 0 0.630105674 0.278815776 0 0 0.257276803 0 0 0 0.00317862513 0 0 0 0 0 0.829456031 0 0.9628371 0 0.212810755 0 0 0 0 0 0 0 0 0 0 0.247607902 0 0.192030117 0 0 0 0 0 0 0.388883173 0.388480216 0 1 0 0 0 0 0 0 0 0.740740716 0 0.544667721 0.776533246 0 1 1
G3540 0 0.00534707587 1.32184601 0 0.429962963 1.79027903 0 0.00916749611 0 0 0 0 0.00581607036 0.120020546 0 0.317649573 0.00650437735 0.56156379 0 0 0 0 0 0 0.630105674 0.278815776 0 0 0.257276803 0 0 0 0.00317862513 0 0 0 0 0 0.829456031 0 0.9628371 0 0.212810755 0 0 0 0 0 0 0 0 0 0 0.247607902 0 0.192030117 0 0 0 0 0 0 0.388883173 0.388480216 0 0 1 0 0 0 0 0 0 0.962962985 0 1 0.9682827 0 1 1
__smartatpg_bin_1540_1 0 0.00534707587 1.32184601 0 0.429962963 1.79027903 0 0.00916749611 0 0 0 0 0.00581607036 0.120020546 0 0.317649573 0.00650437735 0.56156379 0 0 0 0 0 0 0.630105674 0.278815776 0 0 0.257276803 0 0 0 0.00317862513 0 0 0 0 0 0.829456031 0 0.9628371 0 0.212810755 0 0 0 0 0 0 0 0 0 0 0.247607902 0 0.192030117 0 0 0 0 0 0 0.388883173 0.388480216 0 0 0 1 0 0 0 0 0 0.703703701 0.244650543 0.48578167 0.653723598 0.689305842 1 1
G3337 0 0.00534707587 1.32184601 0 0.429962963 1.79027903 0 0.00916749611 0 0 0 0 0.00581607036 0.120020546 0 0.317649573 0.00650437735 0.56156379 0 0 0 0 0 0 0.630105674 0.278815776 0 0 0.257276803 0 0 0 0.00317862513 0 0 0 0 0 0.829456031 0 0.9628371 0 0.212810755 0 0 0 0 0 0 0 0 0 0 0.247607902 0 0.192030117 0 0 0 0 0 0 0.388883173 0.388480216 0 0 0 0 1 0 0 0 0 0.722222209 0.387761921 0.60170114 0.589723527 0.674823403 1 1
__smartatpg_bin_1554_1 0 0.00534707587 1.32184601 0 0.429962963 1.79027903 0 0.00916749611 0 0 0 0 0.00581607036 0.120020546 0 0.317649573 0.00650437735 0.56156379 0 0 0 0 0 0 0.630105674 0.278815776 0 0 0.257276803 0 0 0 0.00317862513 0 0 0 0 0 0.829456031 0 0.9628371 0 0.212810755 0 0 0 0 0 0 0 0 0 0 0.247607902 0 0.192030117 0 0 0 0 0 0 0.388883173 0.388480216 0 1 0 0 0 0 0 0 0 0.722222209 0.244650543 0.60170114 0.708758712 0.782372475 1 1
__smartatpg_bin_1554_2 0 0.00534707587 1.32184601 0 0.429962963 1.79027903 0 0.00916749611 0 0 0 0 0.00581607036 0.120020546 0 0.317649573 0.00650437735 0.56156379 0 0 0 0 0 0 0.630105674 0.278815776 0 0 0.257276803 0 0 0 0.00317862513 0 0 0 0 0 0.829456031 0 0.9628371 0 0.212810755 0 0 0 0 0 0 0 0 0 0 0.247607902 0 0.192030117 0 0 0 0 0 0 0.388883173 0.388480216 0 1 0 0 0 0 0 0 0 0.740740716 0.244650543 0.60170114 0.708758712 0.782372475 1 1
G3363 0 0.00534707587 1.32184601 0 0.429962963 1.79027903 0 0.00916749611 0 0 0 0 0.00581607036 0.120020546 0 0.317649573 0.00650437735 0.56156379 0 0 0 0 0 0 0.630105674 0.278815776 0 0 0.257276803 0 0 0 0.00317862513 0 0 0 0 0 0.829456031 0 0.9628371 0 0.212810755 0 0 0 0 0 0 0 0 0 0 0.247607902 0 0.192030117 0 0 0 0 0 0 0.388883173 0.388480216 0 1 0 0 0 0 0 0 0 0.759259284 0.387761921 0.605081022 0.827793837 0.719753444 1 1
G3386 0 0.00534707587 1.32184601 0 0.429962963 1.79027903 0 0.00916749611 0 0 0 0 0.00581607036 0.120020546 0 0.317649573 0.00650437735 0.56156379 0 0 0 0 0 0 0.630105674 0.278815776 0 0 0.257276803 0 0 0 0.00317862513 0 0 0 0 0 0.829456031 0 0.9628371 0 0.212810755 0 0 0 0 0 0 0 0 0 0 0.247607902 0 0.192030117 0 0 0 0 0 0 0.388883173 0.388480216 0 1 0 0 0 0 0 0 0 0.777777791 0.244650543 0.608389735 0.942623138 0.10420803 1 1
G3387 0 0.00534707587 1.32184601 0 0.429962963 1.79027903 0 0.00916749611 0 0 0 0 0.00581607036 0.120020546 0 0.317649573 0.00650437735 0.56156379 0 0 0 0 0 0 0.630105674 0.278815776 0 0 0.257276803 0 0 0 0.00317862513 0 0 0 0 0 0.829456031 0 0.9628371 0 0.212810755 0 0 0 0 0 0 0 0 0 0 0.247607902 0 0.192030117 0 0 0 0 0 0 0.388883173 0.388480216 0 1 0 0 0 0 0 0 0 0.777777791 0.244650543 0.608389735 0.942623138 0.346171558 1 1
G3537 0 0.00534707587 1.32184601 0 0.429962963 1.79027903 0 0.00916749611 0 0 0 0 0.00581607036 0.120020546 0 0.317649573 0.00650437735 0.56156379 0 0 0 0 0 0 0.630105674 0.278815776 0 0 0.257276803 0 0 0 0.00317862513 0 0 0 0 0 0.829456031 0 0.9628371 0 0.212810755 0 0 0 0 0 0 0 0 0 0 0.247607902 0 0.192030117 0 0 0 0 0 0 0.388883173 0.388480216 0 0 0 0 0 1 0 0 0 0.796296299 0 0.863277912 0.668347895 0 1 1
__smartatpg_bin_1555_1 0 0.00534707587 1.32184601 0 0.429962963 1.79027903 0 0.00916749611 0 0 0 0 0.00581607036 0.120020546 0 0.317649573 0.00650437735 0.56156379 0 0 0 0 0 0 0.630105674 0.278815776 0 0 0.257276803 0 0 0 0.00317862513 0 0 0 0 0 0.829456031 0 0.9628371 0 0.212810755 0 0 0 0 0 0 0 0 0 0 0.247607902 0 0.192030117 0 0 0 0 0 0 0.388883173 0.388480216 0 1 0 0 0 0 0 0 0 0.740740716 0.244650543 0.252935857 0.620108068 0.664330304 1 1
G3366 0 0.00534707587 1.32184601 0 0.429962963 1.79027903 0 0.00916749611 0 0 0 0 0.00581607036 0.120020546 0 0.317649573 0.00650437735 0.56156379 0 0 0 0 0 0 0.630105674 0.278815776 0 0 0.257276803 0 0 0 0.00317862513 0 0 0 0 0 0.829456031 0 0.9628371 0 0.212810755 0 0 0 0 0 0 0 0 0 0 0.247607902 0 0.192030117 0 0 0 0 0 0 0.388883173 0.388480216 0 1 0 0 0 0 0 0 0 0.759259284 0.244650543 0.281589121 0.724622071 0.594031572 1 1
G3402 0 0.00534707587 1.32184601 0 0.429962963 1.79027903 0 0.00916749611 0 0 0 0 0.00581607036 0.120020546 0 0.317649573 0.00650437735 0.56156379 0 0 0 0 0 0 0.630105674 0.278815776 0 0 0.257276803 0 0 0 0.00317862513 0 0 0 0 0 0.829456031 0 0.9628371 0 0.212810755 0 0 0 0 0 0 0 0 0 0 0.247607902 0 0.192030117 0 0 0 0 0 0 0.388883173 0.388480216 0 0 0 0 1 0 0 0 0 0.796296299 0.244650543 0.665423214 0.685033917 0.20841606 1 1
G3416 0 0.00534707587 1.32184601 0 0.429962963 1.79027903 0 0.00916749611 0 0 0 0 0.00581607036 0.120020546 0 0.317649573 0.00650437735 0.56156379 0 0 0 0 0 0 0.630105674 0.278815776 0 0 0.257276803 0 0 0 0.00317862513 0 0 0 0 0 0.829456031 0 0.9628371 0 0.212810755 0 0 0 0 0 0 0 0 0 0 0.247607902 0 0.192030117 0 0 0 0 0 0 0.388883173 0.388480216 0 1 0 0 0 0 0 0 0 0.814814806 0.244650543 0.172655582 0.691279411 0.10420803 1 1
G3538 0 0.00534707587 1.32184601 0 0.429962963 1.79027903 0 0.00916749611 0 0 0 0 0.00581607036 0.120020546 0 0.317649573 0.00650437735 0.56156379 0 0 0 0 0 0 0.630105674 0.278815776 0 0 0.257276803 0 0 0 0.00317862513 0 0 0 0 0 0.829456031 0 0.9628371 0 0.212810755 0 0 0 0 0 0 0 0 0 0 0.247607902 0 0.192030117 0 0 0 0 0 0 0.388883173 0.388480216 0 0 0 0 0 1 0 0 0 0.833333313 0 0.635397375 0.238070309 0 1 1
__smartatpg_bin_1609_1 0 0.00534707587 1.32184601 0 0.429962963 1.79027903 0 0.00916749611 0 0 0 0 0.00581607036 0.120020546 0 0.317649573 0.00650437735 0.56156379 0 0 0 0 0 0 0.630105674 0.278815776 0 0 0.257276803 0 0 0 0.00317862513 0 0 0 0 0 0.829456031 0 0.9628371 0 0.212810755 0 0 0 0 0 0 0 0 0 0 0.247607902 0 0.192030117 0 0 0 0 0 0 0.388883173 0.388480216 0 1 0 0 0 0 0 0 0 0.833333313 0.244650543 0.217867076 0.722077906 0.911981165 1 1
G3459 0 0.00534707587 1.32184601 0 0.429962963 1.79027903 0 0.00916749611 0 0 0 0 0.00581607036 0.120020546 0 0.317649573 0.00650437735 0.56156379 0 0 0 0 0 0 0.630105674 0.278815776 0 0 0.257276803 0 0 0 0.00317862513 0 0 0 0 0 0.829456031 0 0.9628371 0 0.212810755 0 0 0 0 0 0 0 0 0 0 0.247607902 0 0.192030117 0 0 0 0 0 0 0.388883173 0.388480216 0 1 0 0 0 0 0 0 0 0.851851881 0.244650543 0.252935857 0.841113031 0.886580467 1 1
__smartatpg_bin_1610_1 0 0.00534707587 1.32184601 0 0.429962963 1.79027903 0 0.00916749611 0 0 0 0 0.00581607036 0.120020546 0 0.317649573 0.00650437735 0.56156379 0 0 0 0 0 0 0.630105674 0.278815776 0 0 0.257276803 0 0 0 0.00317862513 0 0 0 0 0 0.829456031 0 0.9628371 0 0.212810755 0 0 0 0 0 0 0 0 0 0 0.247607902 0 0.192030117 0 0 0 0 0 0 0.388883173 0.388480216 0 1 0 0 0 0 0 0 0 0.833333313 0.244650543 0.326800615 0.711506426 0.915769994 1 1
G3460 0 0.00534707587 1.32184601 0 0.429962963 1.79027903 0 0.00916749611 0 0 0 0 0.00581607036 0.120020546 0 0.317649573 0.00650437735 0.56156379 0 0 0 0 0 0 0.630105674 0.278815776 0 0 0.257276803 0 0 0 0.00317862513 0 0 0 0 0 0.829456031 0 0.9628371 0 0.212810755 0 0 0 0 0 0 0 0 0 0 0.247607902 0 0.192030117 0 0 0 0 0 0 0.388883173 0.388480216 0 1 0 0 0 0 0 0 0 0.851851881 0.244650543 0.345311165 0.854661584 0.884919226 1 1
__smartatpg_bin_1614_1 0 0.00534707587 1.32184601 0 0.429962963 1.79027903 0 0.00916749611 0 0 0 0 0.00581607036 0.120020546 0 0.317649573 0.00650437735 0.56156379 0 0 0 0 0 0 0.630105674 0.278815776 0 0 0.257276803 0 0 0 0.00317862513 0 0 0 0 0 0.829456031 0 0.9628371 0 0.212810755 0 0 0 0 0 0 0 0 0 0 0.247607902 0 0.192030117 0 0 0 0 0 0 0.388883173 0.388480216 0 1 0 0 0 0 0 0 0 0.851851881 0.244650543 0.326800615 0.545771718 0.910579324 1 1
G3466 0 0.00534707587 1.32184601 0 0.429962963 1.79027903 0 0.00916749611 0 0 0 0 0.00581607036 0.120020546 0 0.317649573 0.00650437735 0.56156379 0 0 0 0 0 0 0.630105674 0.278815776 0 0 0.257276803 0 0 0 0.00317862513 0 0 0 0 0 0.829456031 0 0.9628371 0 0.212810755 0 0 0 0 0 0 0 0 0 0 0.247607902 0 0.192030117 0 0 0 0 0 0 0.388883173 0.388480216 0 1 0 0 0 0 0 0 0 0.870370388 0.244650543 0.345311165 0.774656355 0.884919226 1 1
__smartatpg_bin_1615_1 0 0.00534707587 1.32184601 0 0.429962963 1.79027903 0 0.00916749611 0 0 0 0 0.00581607036 0.120020546 0 0.317649573 0.00650437735 0.56156379 0 0 0 0 0 0 0.630105674 0.278815776 0 0 0.257276803 0 0 0 0.00317862513 0 0 0 0 0 0.829456031 0 0.9628371 0 0.212810755 0 0 0 0 0 0 0 0 0 0 0.247607902 0 0.192030117 0 0 0 0 0 0 0.388883173 0.388480216 0 1 0 0 0 0 0 0 0 0.851851881 0.244650543 0.217867076 0.572244227 0.917124391 1 1
G3467 0 0.00534707587 1.32184601 0 0.429962963 1.79027903 0 0.00916749611 0 0 0 0 0.00581607036 0.120020546 0 0.317649573 0.00650437735 0.56156379 0 0 0 0 0 0 0.630105674 0.278815776 0 0 0.257276803 0 0 0 0.00317862513 0 0 0 0 0 0.829456031 0 0.9628371 0 0.212810755 0 0 0 0 0 0 0 0 0 0 0.247607902 0 0.192030117 0 0 0 0 0 0 0.388883173 0.388480216 0 1 0 0 0 0 0 0 0 0.870370388 0.244650543 0.252935857 0.807220221 0.886580467 1 1
__smartatpg_bin_1619_1 0 0.00534707587 1.32184601 0 0.429962963 1.79027903 0 0.00916749611 0 0 0 0 0.00581607036 0.120020546 0 0.317649573 0.00650437735 0.56156379 0 0 0 0 0 0 0.630105674 0.278815776 0 0 0.257276803 0 0 0 0.00317862513 0 0 0 0 0 0.829456031 0 0.9628371 0 0.212810755 0 0 0 0 0 0 0 0 0 0 0.247607902 0 0.192030117 0 0 0 0 0 0 0.388883173 0.388480216 0 0 0 1 0 0 0 0 0 0.888888896 0.244650543 0.414748639 0.776533246 0.882816553 1 1
__smartatpg_bin_1619_2 0 0.00534707587 1.32184601 0 0.429962963 1.79027903 0 0.00916749611 0 0 0 0 0.00581607036 0.120020546 0 0.317649573 0.00650437735 0.56156379 0 0 0 0 0 0 0.630105674 0.278815776 0 0 0.257276803 0 0 0 0.00317862513 0 0 0 0 0 0.829456031 0 0.9628371 0 0.212810755 0 0 0 0 0 0 0 0 0 0 0.247607902 0 0.192030117 0 0 0 0 0 0 0.388883173 0.388480216 0 0 0 1 0 0 0 0 0 0.888888896 0.244650543 0.414748639 0.808774352 0.882816553 1 1
G3475 0 0.00534707587 1.32184601 0 0.429962963 1.79027903 0 0.00916749611 0 0 0 0 0.00581607036 0.120020546 0 0.317649573 0.00650437735 0.56156379 0 0 0 0 0 0 0.630105674 0.278815776 0 0 0.257276803 0 0 0 0.00317862513 0 0 0 0 0 0.829456031 0 0.9628371 0 0.212810755 0 0 0 0 0 0 0 0 0 0 0.247607902 0 0.192030117 0 0 0 0 0 0 0.388883173 0.388480216 0 0 0 1 0 0 0 0 0 0.907407403 0.387761921 0.523682177 0.778389812 0.876767576 1 1
G3491 0 0.00534707587 1.32184601 0 0.429962963 1.79027903 0 0.00916749611 0 0 0 0 0.00581607036 0.120020546 0 0.317649573 0.00650437735 0.56156379 0 0 0 0 0 0 0.630105674 0.278815776 0 0 0.257276803 0 0 0 0.00317862513 0 0 0 0 0 0.829456031 0 0.9628371 0 0.212810755 0 0 0 0 0 0 0 0 0 0 0.247607902 0 0.192030117 0 0 0 0 0 0 0.388883173 0.388480216 0 0 0 0 0 1 0 0 0 0.92592591 0.387761921 0.71401459 0.578270555 0.876326025 1 1
G3494 0 0.00534707587 1.32184601 0 0.429962963 1.79027903 0 0.00916749611 0 0 0 0 0.00581607036 0.120020546 0 0.317649573 0.00650437735 0.56156379 0 0 0 0 0 0 0.630105674 0.278815776 0 0 0.257276803 0 0 0 0.00317862513 0 0 0 0 0 0.829456031 0 0.9628371 0 0.212810755 0 0 0 0 0 0 0 0 0 0 0.247607902 0 0.192030117 0 0 0 0 0 0 0.388883173 0.388480216 0 0 0 0 0 1 0 0 0 0.92592591 0.387761921 0.71401459 0.578270555 0.876326025 1 1
G3503 0 0.00534707587 1.32184601 0 0.429962963 1.79027903 0 0.00916749611 0 0 0 0 0.00581607036 0.120020546 0 0.317649573 0.00650437735 0.56156379 0 0 0 0 0 0 0.630105674 0.278815776 0 0 0.257276803 0 0 0 0.00317862513 0 0 0 0 0 0.829456031 0 0.9628371 0 0.212810755 0 0 0 0 0 0 0 0 0 0 0.247607902 0 0.192030117 0 0 0 0 0 0 0.388883173 0.388480216 0 0 1 0 0 0 0 0 0 0.944444418 0.244650543 0.805271327 0.782043815 0.797300994 1 1
G3504 0 0.00534707587 1.32184601 0 0.429962963 1.79027903 0 0.00916749611 0 0 0 0 0.00581607036 0.120020546 0 0.317649573 0.00650437735 0.56156379 0 0 0 0 0 0 0.630105674 0.278815776 0 0 0.257276803 0 0 0 0.00317862513 0 0 0 0 0 0.829456031 0 0.9628371 0 0.212810755 0 0 0 0 0 0 0 0 0 0 0.247607902 0 0.192030117 0 0 0 0 0 0 0.388883173 0.388480216 0 0 1 0 0 0 0 0 0 0.944444418 0.244650543 0.805271327 0.782043815 0.797300994 1 1
G3505 0 0.00534707587 1.32184601 0 0.429962963 1.79027903 0 0.00916749611 0 0 0 0 0.00581607036 0.120020546 0 0.317649573 0.00650437735 0.56156379 0 0 0 0 0 0 0.630105674 0.278815776 0 0 0.257276803 0 0 0 0.00317862513 0 0 0 0 0 0.829456031 0 0.9628371 0 0.212810755 0 0 0 0 0 0 0 0 0 0 0.247607902 0 0.192030117 0 0 0 0 0 0 0.388883173 0.388480216 0 0 0 0 0 1 0 0 0 0.944444418 0.244650543 0.534524977 0.782043815 0.906655669 1 1
G3506 0 0.00534707587 1.32184601 0 0.429962963 1.79027903 0 0.00916749611 0 0 0 0 0.00581607036 0.120020546 0 0.317649573 0.00650437735 0.56156379 0 0 0 0 0 0 0.630105674 0.278815776 0 0 0.257276803 0 0 0 0.00317862513 0 0 0 0 0 0.829456031 0 0.9628371 0 0.212810755 0 0 0 0 0 0 0 0 0 0 0.247607902 0 0.192030117 0 0 0 0 0 0 0.388883173 0.388480216 0 0 0 0 0 1 0 0 0 0.944444418 0.244650543 0.534524977 0.782043815 0.906655669 1 1
G3509 0 0.00534707587 1.32184601 0 0.429962963 1.79027903 0 0.00916749611 0 0 0 0 0.00581607036 0.120020546 0 0.317649573 0.00650437735 0.56156379 0 0 0 0 0 0 0.630105674 0.278815776 0 0 0.257276803 0 0 0 0.00317862513 0 0 0 0 0 0.829456031 0 0.9628371 0 0.212810755 0 0 0 0 0 0 0 0 0 0 0.247607902 0 0.192030117 0 0 0 0 0 0 0.388883173 0.388480216 0 0 1 0 0 0 0 0 0 0.962962985 0.244650543 0.865206242 0.589723527 0.838858843 1 1
G3510 0 0.00534707587 1.32184601 0 0.429962963 1.79027903 0 0.00916749611 0 0 0 0 0.00581607036 0.120020546 0 0.317649573 0.00650437735 0.56156379 0 0 0 0 0 0 0.630105674 0.278815776 0 0 0.257276803 0 0 0 0.00317862513 0 0 0 0 0 0.829456031 0 0.9628371 0 0.212810755 0 0 0 0 0 0 0 0 0 0 0.247607902 0 0.192030117 0 0 0 0 0 0 0.388883173 0.388480216 0 0 1 0 0 0 0 0 0 0.962962985 0.244650543 0.865206242 0.589723527 0.838858843 1 1
G3515 0 0.00534707587 1.32184601 0 0.429962963 1.79027903 0 0.00916749611 0 0 0 0 0.00581607036 0.120020546 0 0.317649573 0.00650437735 0.56156379 0 0 0 0 0 0 0.630105674 0.278815776 0 0 0.257276803 0 0 0 0.00317862513 0 0 0 0 0 0.829456031 0 0.9628371 0 0.212810755 0 0 0 0 0 0 0 0 0 0 0.247607902 0 0.192030117 0 0 0 0 0 0 0.388883173 0.388480216 0 0 1 0 0 0 0 0 0 0.981481493 0.244650543 0.760059834 0.880964816 0.772118032 1 1
G3516 0 0.00534707587 1.32184601 0 0.429962963 1.79027903 0 0.00916749611 0 0 0 0 0.00581607036 0.120020546 0 0.317649573 0.00650437735 0.56156379 0 0 0 0 0 0 0.630105674 0.278815776 0 0 0.257276803 0 0 0 0.00317862513 0 0 0 0 0 0.829456031 0 0.9628371 0 0.212810755 0 0 0 0 0 0 0 0 0 0 0.247607902 0 0.192030117 0 0 0 0 0 0 0.388883173 0.388480216 0 0 1 0 0 0 0 0 0 0.981481493 0.244650543 0.760059834 0.880964816 0.772118032 1 1
G3539 0 0.00534707587 1.32184601 0 0.429962963 1.79027903 0 0.00916749611 0 0 0 0 0.00581607036 0.120020546 0 0.317649573 0.00650437735 0.56156379 0 0 0 0 0 0 0.630105674 0.278815776 0 0 0.257276803 0 0 0 0.00317862513 0 0 0 0 0 0.829456031 0 0.9628371 0 0.212810755 0 0 0 0 0 0 0 0 0 0 0.247607902 0 0.192030117 0 0 0 0 0 0 0.388883173 0.388480216 0 1 0 0 0 0 0 0 0 1 0 0.761302173 1 0 1 1
