SMARTATPG_EMBEDDINGS_V1
circuit_hash ce4b5c9ef9d9b6d6
dimension 64
count 1114
G1 0.107590385 -0.0843816325 -0.00775056658 -0.103757069 -0.0298137423 0.055109743 -0.0152515387 0.148518041 0.183518901 0.252103806 -0.123036258 0.357008368 -0.470196486 0.0839602351 -0.243966728 -0.197185382 0.360674977 0.173420504 0.195900843 0.209387347 0.222936511 0.0273965579 0.0848561972 -0.0320830867 0.253998607 -0.148968175 -0.164633065 0.259981334 -0.218644992 -0.14295423 -0.279807448 -0.293209046 -0.221783668 -0.287641585 0.0921924263 -0.0812839493 0.0930203721 0.0441019908 0.381188512 0.670682609 0.148534596 -0.0828877836 0.0367771983 0.0700017139 0.0562929772 0.0672612339 -0.206903681 -0.360606402 -0.103062972 0.387336582 0.321686685 0.173776284 -0.13245365 0.299692541 -0.0871281922 -0.185433075 -0.00528539112 0.160931796 0.129422739 -0.17863889 -0.10675367 -0.327581555 0.124613501 0.489347786
G2 0.106994011 -0.0878852382 -0.00998027064 -0.102562524 -0.0302123316 0.0522682257 -0.019609537 0.152365237 0.181705818 0.256034046 -0.12232355 0.358174622 -0.471379012 0.0821464136 -0.244594201 -0.196132749 0.358658284 0.17594175 0.194796085 0.209319577 0.22406742 0.0240242593 0.0876307786 -0.029213015 0.25175482 -0.147840485 -0.163479283 0.257129729 -0.218912438 -0.13741447 -0.280097842 -0.288523734 -0.221368015 -0.290130556 0.0917133912 -0.0786732659 0.0955557153 0.0408609994 0.377869397 0.668880403 0.145159587 -0.0795312226 0.0361901522 0.0726579279 0.0582389198 0.067502737 -0.209879279 -0.36095953 -0.104140155 0.387014359 0.32311669 0.172544464 -0.130865782 0.298360229 -0.0864337236 -0.183979809 -0.00664766692 0.163117439 0.130068809 -0.176703051 -0.10150189 -0.327467024 0.124169976 0.489573956
G3 0.108134091 -0.0840425119 -0.00687363837 -0.103409909 -0.0304735601 0.054508362 -0.0150637282 0.148307264 0.182415724 0.252172112 -0.12317358 0.356159121 -0.46999374 0.0841837227 -0.243131176 -0.197740555 0.361068994 0.173596114 0.195924312 0.209599733 0.22342068 0.0279148817 0.0849297717 -0.0323739201 0.253887743 -0.148263693 -0.166030481 0.26112619 -0.218911856 -0.143926829 -0.279750705 -0.295124948 -0.22158289 -0.287524015 0.0928554162 -0.0820405781 0.0933471918 0.0438410714 0.380909294 0.671152174 0.148741186 -0.0822745562 0.0360809565 0.06936194 0.0557613708 0.0671858937 -0.206010893 -0.360117137 -0.102693893 0.387272924 0.321388274 0.173818529 -0.13288635 0.300108939 -0.0878427401 -0.185463622 -0.00499677099 0.161410391 0.12892814 -0.17834805 -0.107317448 -0.326799154 0.124256723 0.488974392
G4 0.109239005 -0.0809375122 -0.00593755301 -0.104453199 -0.0300494973 0.0565017536 -0.01205891 0.145589978 0.184001267 0.249595791 -0.123407394 0.356032968 -0.469565243 0.0847011283 -0.242196694 -0.197478801 0.362068295 0.1725007 0.197192773 0.209620953 0.222241044 0.0294121299 0.0844847113 -0.0326937959 0.255443305 -0.150415927 -0.166995466 0.262449384 -0.218639404 -0.14803578 -0.279599786 -0.298330158 -0.221359968 -0.285885155 0.0937377065 -0.0840724707 0.0908707753 0.0460332185 0.38306132 0.672531247 0.152355388 -0.0844745487 0.0363501757 0.0680142716 0.0545626469 0.067059949 -0.204047248 -0.359516382 -0.101967707 0.386580288 0.320930481 0.174395591 -0.132893234 0.301676929 -0.0869496688 -0.186541796 -0.00441649137 0.160020649 0.128425717 -0.178527027 -0.110778756 -0.326908141 0.125600457 0.488010526
G5 0.106516086 -0.0876106322 -0.00906279217 -0.102872379 -0.0299472772 0.053369008 -0.0182741508 0.151045516 0.182351798 0.254712939 -0.122867219 0.35734129 -0.4706963 0.0833595619 -0.245147422 -0.197273746 0.359492302 0.174302951 0.194571078 0.209382758 0.223898038 0.0257213041 0.08498355 -0.0317248441 0.25233674 -0.146916598 -0.163180143 0.258265197 -0.218943089 -0.13842763 -0.279987395 -0.289173245 -0.222183108 -0.289306223 0.0909994468 -0.0790941045 0.0953071564 0.0420508571 0.379269361 0.669157386 0.144892842 -0.0811510608 0.0368162766 0.0717316493 0.0577697344 0.0674217045 -0.209114477 -0.361353666 -0.103786863 0.388219982 0.322306216 0.17327632 -0.132258177 0.298067838 -0.087935552 -0.184311479 -0.00590370828 0.161867201 0.130044192 -0.178607583 -0.103164561 -0.32775262 0.123306774 0.490445256
G6 0.10677126 -0.0876951814 -0.0093645351 -0.102798909 -0.029998634 0.052993387 -0.0186996572 0.151354104 0.182132557 0.255162895 -0.122730225 0.357606947 -0.470901996 0.0829032511 -0.244953886 -0.196907192 0.359265745 0.174782366 0.194659814 0.209370509 0.223930016 0.0251149703 0.0856864303 -0.0308607407 0.252149194 -0.14713195 -0.163304761 0.257922143 -0.218978658 -0.138091013 -0.280063331 -0.288970441 -0.221957594 -0.289568216 0.0912154093 -0.078970015 0.0953846201 0.0416252688 0.378875107 0.66912967 0.144969091 -0.08070115 0.0366238169 0.0720585063 0.057922218 0.0674783289 -0.209393784 -0.361247122 -0.103813872 0.387867689 0.322564274 0.173060209 -0.131781086 0.298194349 -0.0875513703 -0.18415156 -0.00610117568 0.162151083 0.130003482 -0.178000465 -0.10264805 -0.32766816 0.123547211 0.490177631
G7 0.108000793 -0.0838625133 -0.00636922941 -0.103582524 -0.0303321984 0.0550753549 -0.0143501712 0.147522151 0.182702214 0.251476914 -0.123482607 0.355699599 -0.469616562 0.0847736821 -0.243378535 -0.198335961 0.361520171 0.172708094 0.195831016 0.209649712 0.223331213 0.0287801567 0.0834702924 -0.0336210541 0.25417617 -0.147736683 -0.165959612 0.261756569 -0.21895662 -0.144500434 -0.279733568 -0.295531094 -0.22200197 -0.28708595 0.0925128534 -0.0822907686 0.0932138711 0.0444536507 0.381661862 0.671354771 0.148593023 -0.0831744075 0.0363823511 0.0688585937 0.0555111542 0.0671506897 -0.20561713 -0.360309869 -0.102434427 0.387899101 0.320979118 0.174198911 -0.13361688 0.300005734 -0.0886775628 -0.185608 -0.00457943464 0.160677329 0.12885119 -0.179312423 -0.108217493 -0.326892436 0.123796731 0.489411443
G8 0.107636608 -0.0836566985 -0.00593663938 -0.10397426 -0.0300264973 0.0560702309 -0.0133536551 0.146794513 0.18338269 0.25037092 -0.123834834 0.355380237 -0.469378024 0.085488908 -0.243794456 -0.19893986 0.362015635 0.171569765 0.19562614 0.209807545 0.223130211 0.0297071468 0.0818492994 -0.034961544 0.25452745 -0.147520587 -0.165528938 0.262370229 -0.218897641 -0.145266905 -0.279713839 -0.295829058 -0.222567469 -0.286665499 0.0918530524 -0.0824394003 0.0927339867 0.0455423146 0.382785529 0.671472371 0.148515552 -0.084361881 0.0370211713 0.0683091283 0.0553649366 0.0672633052 -0.205356568 -0.360651314 -0.102177456 0.388467163 0.320404321 0.1747697 -0.134586856 0.299834311 -0.0892915875 -0.185849071 -0.00422605732 0.159698069 0.128761187 -0.180405304 -0.109268934 -0.327174217 0.123403437 0.489922047
G9 0.109222025 -0.0812792033 -0.00680288533 -0.104485951 -0.0297620632 0.0563638024 -0.0127613507 0.146025807 0.184360549 0.250240862 -0.12315464 0.356791317 -0.469852567 0.0841098502 -0.242493376 -0.196731821 0.361523241 0.172976226 0.197294563 0.209418789 0.221994862 0.0284884516 0.0852741748 -0.0316673666 0.25524947 -0.150953516 -0.16633065 0.261309355 -0.218541145 -0.146913305 -0.279683441 -0.296837211 -0.221195981 -0.286215216 0.0936791673 -0.0835313499 0.0909011588 0.0455997773 0.382636458 0.672189116 0.152257591 -0.0843218267 0.0364385396 0.0688455477 0.0550508611 0.0670559555 -0.204824686 -0.359642088 -0.102301806 0.386348039 0.321510881 0.174040034 -0.131999791 0.301541686 -0.0861607119 -0.186356694 -0.00480391877 0.160147384 0.128736898 -0.178065032 -0.109834425 -0.32725355 0.126042455 0.487984955
G10 0.107660986 -0.084407635 -0.00773906568 -0.103810333 -0.0297837164 0.0551888496 -0.0151576828 0.14835225 0.183634922 0.252114415 -0.123174682 0.356957555 -0.470221281 0.08404807 -0.243944168 -0.197246626 0.360773623 0.17325443 0.195829898 0.20949693 0.222896039 0.0274611153 0.0846038312 -0.0322315134 0.253929555 -0.148838058 -0.164579511 0.260054678 -0.218735427 -0.142986089 -0.279793382 -0.293221474 -0.22193411 -0.28761071 0.0920771137 -0.081399329 0.0929177925 0.044190567 0.381350815 0.670712352 0.148626566 -0.0830302462 0.03686269 0.0701186135 0.0562915951 0.0672879592 -0.206814513 -0.360624999 -0.102999359 0.387508512 0.321642548 0.173912778 -0.132498249 0.299720734 -0.0873206258 -0.185422719 -0.00522926636 0.160776049 0.129376367 -0.178732201 -0.106903248 -0.327641666 0.124493547 0.489399016
G11 0.106745929 -0.0877061412 -0.00952858012 -0.102649964 -0.0301694646 0.0527747944 -0.0190310907 0.15189749 0.181896627 0.255405784 -0.122473001 0.357788354 -0.471081734 0.082726635 -0.244809896 -0.196625367 0.358953357 0.175292432 0.194705993 0.209312961 0.22404249 0.0248321984 0.0866852999 -0.0303018242 0.252002686 -0.147534788 -0.163445726 0.257642597 -0.218861029 -0.137944624 -0.28003788 -0.288903266 -0.221618846 -0.289790064 0.0915151536 -0.0788605064 0.0954758003 0.0414470658 0.378380775 0.668981552 0.144993097 -0.0801829994 0.0363693424 0.0721414089 0.0580383539 0.06742993 -0.209522963 -0.361080498 -0.104038961 0.387433976 0.322788328 0.17278558 -0.131528929 0.298248082 -0.0869296268 -0.184186175 -0.00637738686 0.162697911 0.130038217 -0.177460954 -0.102230482 -0.327492714 0.123865768 0.489930928
G12 0.107024133 -0.0877699405 -0.00978518464 -0.102599576 -0.0302027967 0.0524663888 -0.0193689559 0.152102262 0.181708589 0.255782723 -0.122392558 0.357993186 -0.471247435 0.082332246 -0.244623587 -0.196317866 0.35876739 0.175675064 0.19478929 0.209340855 0.224059045 0.0243302025 0.0872214288 -0.0295659415 0.251818448 -0.14770174 -0.163568765 0.257367939 -0.218914896 -0.137676582 -0.280112088 -0.288748264 -0.221440047 -0.290001303 0.0916778371 -0.0787809119 0.0955228955 0.0410963111 0.378080398 0.668973088 0.145083398 -0.0798440203 0.0362203568 0.0724283233 0.0581738614 0.0674782172 -0.209742337 -0.360979676 -0.10403195 0.387159914 0.323011428 0.172620893 -0.131131694 0.298372924 -0.0866472423 -0.184044018 -0.00653294707 0.162880465 0.129988864 -0.176950634 -0.10181915 -0.327398568 0.124057114 0.489680797
G13 0.108280927 -0.0839451924 -0.00673574395 -0.10336858 -0.0305039678 0.0545660593 -0.0148748271 0.147987947 0.182334125 0.252068609 -0.123260461 0.355877817 -0.469882011 0.0843282193 -0.243057787 -0.197910666 0.36110273 0.17339386 0.195870027 0.209664613 0.223460153 0.028154809 0.084526144 -0.0326875784 0.253820866 -0.147949815 -0.166219771 0.261380404 -0.218962133 -0.144077256 -0.279768795 -0.29531157 -0.221695766 -0.28744778 0.0928327069 -0.0821947306 0.0933627933 0.0439393707 0.381067276 0.671271384 0.148714498 -0.0824920833 0.0360570513 0.0692559332 0.0557039566 0.0671367273 -0.205775931 -0.360079229 -0.102508664 0.387484223 0.32132265 0.173945397 -0.133050635 0.300207287 -0.0881963596 -0.185479119 -0.00485095521 0.16118741 0.128865242 -0.178507 -0.107559718 -0.326737106 0.124123901 0.489056975
G14 0.10818366 -0.0850070789 -0.00955791306 -0.103616983 -0.0295939781 0.054130584 -0.017038025 0.149744645 0.18348448 0.253917098 -0.122467041 0.358441234 -0.471058965 0.0822950155 -0.243832812 -0.195450217 0.359364867 0.175063714 0.196144491 0.209227145 0.22272107 0.0249749366 0.0874558762 -0.0289827622 0.253185004 -0.150138378 -0.164076567 0.257795483 -0.218647182 -0.140779048 -0.280020803 -0.290813237 -0.221099913 -0.288653284 0.0925421342 -0.0804162025 0.0931558982 0.0427074097 0.379798859 0.67011112 0.148695514 -0.0817057565 0.0364977941 0.071855329 0.0573123656 0.0673490763 -0.208339348 -0.360440135 -0.103547014 0.386314481 0.323027164 0.172925144 -0.130296484 0.299868971 -0.0852758065 -0.184893787 -0.00622549793 0.161701828 0.129756004 -0.176676244 -0.104421474 -0.327787042 0.125703424 0.48863256
G15 0.10806369 -0.0845825821 -0.00832423754 -0.10353449 -0.0299847852 0.0544494763 -0.0159994382 0.149073094 0.183162212 0.253054619 -0.122844562 0.357360125 -0.470636308 0.0833176598 -0.243518844 -0.196555555 0.360226125 0.174279422 0.195925072 0.20948571 0.223032787 0.026439935 0.0861683935 -0.0307324138 0.253440052 -0.149217457 -0.164868146 0.259405643 -0.218745053 -0.142310962 -0.279865533 -0.292825013 -0.221490055 -0.288157433 0.0925294682 -0.0812057629 0.0931264386 0.0433870517 0.380476236 0.670587659 0.148786992 -0.0820400193 0.0364112779 0.0707763061 0.0565932468 0.0673118457 -0.207186565 -0.360342622 -0.10314779 0.386880517 0.322161525 0.173495665 -0.131590798 0.299964637 -0.08656165 -0.185193837 -0.00567504903 0.161519274 0.129376218 -0.177541196 -0.105906665 -0.327463955 0.124980256 0.488897562
G16 0.108047567 -0.0846370608 -0.00822568685 -0.103395119 -0.0300767943 0.0541219264 -0.0162093341 0.149102286 0.182885721 0.25326854 -0.122774921 0.357268423 -0.470471263 0.0832542703 -0.243507236 -0.196628973 0.360221148 0.174457058 0.196036011 0.209307104 0.223104641 0.0264576301 0.086245425 -0.0308181103 0.253556937 -0.149048701 -0.165020466 0.259415805 -0.218798146 -0.142140776 -0.279812694 -0.292854607 -0.221350059 -0.288069904 0.0927406847 -0.0812203214 0.0934415609 0.0430269651 0.380194426 0.670583427 0.148683995 -0.0818128586 0.0362194441 0.0706910193 0.0564869232 0.0672064051 -0.207105026 -0.360271096 -0.103226133 0.386913121 0.322226703 0.173317909 -0.131458521 0.299905658 -0.0866903812 -0.185158178 -0.00559755927 0.161740795 0.129471391 -0.177598387 -0.105765186 -0.327368975 0.124905691 0.488849521
G17 0.181829363 -0.130574822 -0.0273091961 -0.0526094437 -0.0607117005 0.0460477322 0.00677366741 0.135543287 0.0466208868 0.300661027 -0.0709917247 0.229660138 -0.407870233 0.0858020857 -0.207781225 -0.250485748 0.303132832 0.199697524 0.139533013 0.173828989 0.240129799 0.0850771219 0.00266910647 -0.1100481 0.215078011 -0.16280216 -0.245933443 0.322446615 -0.244054019 -0.163433388 -0.24939771 -0.275020927 -0.227673307 -0.339219123 0.0744311735 -0.0972928032 0.186658025 0.052116558 0.359600008 0.650514722 0.0486969091 -0.166456938 0.00105772645 0.0434296466 0.101735488 0.0785606205 -0.181671739 -0.342447639 -0.0740123838 0.40199393 0.255759865 0.164817438 -0.181614429 0.319037765 -0.0709574223 -0.2253858 -0.0458599553 0.0830339491 0.0999690816 -0.20146738 -0.180310115 -0.263141394 0.115104616 0.502254069
G18 0.191595256 -0.122210868 -0.0428543873 -0.0778044611 -0.0533619896 0.0461103804 0.0125293443 0.120284222 0.0934174284 0.260709047 -0.0949606746 0.248960018 -0.413517058 0.0613740236 -0.223654464 -0.235465229 0.303043574 0.183286026 0.139930189 0.188647985 0.219899327 0.0643368214 -0.0282458235 -0.0959313214 0.21585761 -0.152723163 -0.233177438 0.294745773 -0.223250881 -0.146721646 -0.268191993 -0.239661545 -0.221804455 -0.33503449 0.0494944602 -0.0762034208 0.157446742 0.0504643396 0.378422767 0.647340715 0.0509120114 -0.175631478 0.00942777935 0.0577038713 0.100204743 0.0884804577 -0.20008865 -0.346446246 -0.0553153194 0.395705462 0.27715227 0.179007813 -0.177143797 0.304497093 -0.0713155195 -0.215001553 -0.0234975535 0.0743079036 0.118636943 -0.19270961 -0.146155357 -0.274370134 0.107074693 0.486855239
G19 0.178550929 -0.134563744 -0.0263025519 -0.0495253615 -0.0622838177 0.0443845131 0.00306057185 0.137224495 0.0423876494 0.303842276 -0.0669159293 0.228640154 -0.405760229 0.0863683596 -0.210018128 -0.252620429 0.303870916 0.200553313 0.137001127 0.166963488 0.241183192 0.086823754 -0.0022453079 -0.114240013 0.216365874 -0.157753438 -0.244855657 0.321372271 -0.241491795 -0.157288447 -0.248619646 -0.268564105 -0.22847423 -0.339502007 0.0759540871 -0.0968729928 0.193190411 0.0500931516 0.357417852 0.648149371 0.0402444117 -0.170052245 -0.00085969409 0.0430592038 0.104054034 0.0812137872 -0.183175191 -0.342285901 -0.0729335845 0.404675841 0.254385382 0.161506221 -0.177403316 0.31416586 -0.0717702881 -0.227618679 -0.046496138 0.0838821158 0.100291066 -0.206343532 -0.180089042 -0.263298571 0.112761199 0.505380869
G20 0.1911024 -0.121922418 -0.0422899984 -0.0780451745 -0.0533660464 0.0461200699 0.0127967857 0.119958587 0.093794398 0.260179192 -0.0952053741 0.248973653 -0.41318211 0.061806716 -0.224250495 -0.235869631 0.303481638 0.182688475 0.139989585 0.188447535 0.219826758 0.0647537485 -0.0288292207 -0.0969350412 0.216650635 -0.152459994 -0.232936174 0.29509747 -0.223329663 -0.14685002 -0.268112361 -0.23973988 -0.221929863 -0.334420651 0.0496224947 -0.0762043744 0.157410562 0.0507111996 0.378644168 0.647464633 0.0508690104 -0.175808042 0.00951079652 0.0571038797 0.0996993855 0.0883362815 -0.200080991 -0.346772909 -0.0554042049 0.395884901 0.277145833 0.17921567 -0.177359447 0.304274827 -0.0715516359 -0.21509847 -0.0229611825 0.0744069591 0.11894875 -0.193415463 -0.146261141 -0.274547487 0.106609575 0.48733741
G21 0.18248494 -0.110794365 -0.00027103789 -0.0721808672 -0.0684611872 0.0665351152 0.034369655 0.0994770378 0.0924442187 0.243946522 -0.122313753 0.238275245 -0.391116977 0.0903386697 -0.218746245 -0.245149732 0.314213336 0.154241681 0.146637946 0.201593682 0.240274742 0.0977322385 -0.0315916315 -0.102013901 0.22451514 -0.14700003 -0.255417824 0.312070042 -0.246506274 -0.18268539 -0.268509001 -0.277952135 -0.236745775 -0.309372365 0.0681893528 -0.084350422 0.133395359 0.0843176246 0.387655288 0.652118802 0.0687420368 -0.169640362 0.0133632682 0.0279059559 0.0681641325 0.0566782318 -0.184265688 -0.343459994 -0.0552004464 0.402717829 0.280614465 0.203397855 -0.199123636 0.318201452 -0.0901122168 -0.223583192 -0.00264474959 0.0879396573 0.125252739 -0.203886837 -0.169456199 -0.254075706 0.102151886 0.478452682
G22 0.18313843 -0.110908389 -0.000219072448 -0.0720558912 -0.0684211776 0.0661871806 0.0343409367 0.0988080353 0.0919731185 0.244385585 -0.122669205 0.237740144 -0.390902877 0.0903147161 -0.218401924 -0.245423749 0.31430763 0.154104963 0.146748587 0.201880395 0.240254045 0.0980110988 -0.0322769247 -0.1023665 0.224137679 -0.146314606 -0.255764008 0.31235975 -0.246960968 -0.182612211 -0.26849401 -0.278175145 -0.236850783 -0.309193552 0.0681616142 -0.0848374441 0.133647457 0.0839816928 0.387786835 0.652248859 0.0689795911 -0.169923827 0.0133496746 0.028071925 0.0682284236 0.0566574298 -0.183789954 -0.343202651 -0.0548734404 0.403269142 0.280717432 0.203485444 -0.198981479 0.318374574 -0.0910323337 -0.223443031 -0.00249611004 0.0875025541 0.125098661 -0.204152867 -0.169648468 -0.253825963 0.101776637 0.47815904
G23 0.120501585 -0.0895330906 -0.0256726127 -0.0963852182 -0.0464666225 0.04931679 -0.0298250094 0.182796195 0.177074522 0.269433439 -0.110610798 0.374874085 -0.488278002 0.0795599222 -0.23040843 -0.165962934 0.341093987 0.200603053 0.19102852 0.221853942 0.22824426 0.00289687817 0.15426527 0.0142801106 0.230858669 -0.175591171 -0.172828108 0.234537616 -0.202976495 -0.135179967 -0.282288104 -0.278885275 -0.20382382 -0.311319888 0.105823733 -0.0839373395 0.0928058922 0.0433471277 0.352099687 0.659273326 0.150599211 -0.0523875691 0.0212724712 0.091939725 0.0736535192 0.0695092604 -0.213126421 -0.347394705 -0.115804002 0.361583948 0.340318322 0.157418102 -0.111100242 0.306605279 -0.0430279486 -0.184451655 -0.0347727165 0.191944495 0.127761275 -0.130678639 -0.0810942277 -0.310506105 0.156403616 0.475236863
G24 0.166808754 -0.0652683377 -0.000577975065 -0.0983416587 -0.0581355207 0.0597760342 0.0181353241 0.128800243 0.166127726 0.219519094 -0.145620972 0.332190186 -0.463570535 0.0962038934 -0.222693771 -0.176425964 0.35730809 0.174159035 0.177577421 0.247516513 0.228984565 0.0290616304 0.0943784043 -0.0345426761 0.242421314 -0.154617876 -0.202294096 0.274799585 -0.196980491 -0.173899069 -0.301723003 -0.317117006 -0.210835949 -0.289423943 0.0911123157 -0.0951940939 0.0900509953 0.0783256814 0.377222061 0.670064926 0.152819872 -0.0808290541 0.0258526634 0.0648078397 0.0557132624 0.0625371337 -0.188764632 -0.343323797 -0.092914924 0.363804877 0.336021721 0.184771881 -0.152845368 0.319249272 -0.0657314062 -0.19944644 -0.00217916281 0.159343734 0.131448746 -0.139113605 -0.102722436 -0.272276253 0.139590934 0.471077234
G25 0.0888300613 -0.1336568 -0.0207084343 -0.0720669478 -0.0513643958 0.073003225 -0.0242759418 0.179534584 0.124134719 0.283936441 -0.0796626955 0.31545192 -0.433445573 0.106359109 -0.252610773 -0.225253597 0.326038063 0.177587017 0.163989261 0.173777461 0.228418931 0.0817553252 0.0601569936 -0.0784502253 0.237594619 -0.156560034 -0.18256548 0.268397927 -0.220245063 -0.119827159 -0.257495552 -0.25529924 -0.234111115 -0.320310354 0.0929480046 -0.0554647073 0.158207729 0.0702320486 0.352652252 0.630223989 0.0589869097 -0.129892275 0.00680101383 0.0487690531 0.0770346746 0.0681129694 -0.223370016 -0.364863038 -0.107706472 0.40122357 0.281324565 0.158706084 -0.149808526 0.285400212 -0.0675050914 -0.216873527 -0.0432619266 0.160748482 0.121176764 -0.218099743 -0.147847503 -0.312596798 0.120521948 0.524955988
G26 0.088704899 -0.134098291 -0.0194501206 -0.0712214485 -0.0512780584 0.0729475543 -0.0231611617 0.178604186 0.122185104 0.283461779 -0.079889819 0.312954396 -0.432636946 0.107077442 -0.252404869 -0.227305919 0.326042652 0.1767966 0.163371906 0.173583031 0.229885727 0.0837970823 0.0574562401 -0.0812422708 0.237307712 -0.154793948 -0.183988914 0.270423889 -0.220669389 -0.121730275 -0.256984055 -0.256375819 -0.235079557 -0.319689393 0.0922118872 -0.0558321886 0.1586909 0.0704677925 0.353830695 0.630174994 0.0585885383 -0.130650431 0.00761252176 0.0469111688 0.0764281005 0.0678271726 -0.221798435 -0.364400148 -0.106709175 0.402201205 0.279854238 0.160063595 -0.151654094 0.285907835 -0.0701565593 -0.21676001 -0.0428391509 0.159053013 0.121056765 -0.220093593 -0.149066493 -0.312379688 0.119476363 0.524805725
G27 0.0901857093 -0.133476585 -0.0204778723 -0.0719732866 -0.051986333 0.0717403516 -0.024797935 0.179244876 0.123680159 0.284687638 -0.0807733238 0.315516502 -0.433341056 0.105959758 -0.251799703 -0.224774137 0.326006204 0.178126037 0.164490178 0.174672171 0.228616133 0.0810511559 0.0615858212 -0.0771021023 0.237479761 -0.156503126 -0.183341995 0.268222392 -0.221100658 -0.119525097 -0.257671684 -0.256213099 -0.233629361 -0.319777369 0.093685396 -0.0562382787 0.158206165 0.0690268651 0.35139662 0.630542576 0.060292542 -0.128031701 0.00606594421 0.0493505709 0.0762199387 0.0672714934 -0.222702041 -0.364171624 -0.107785203 0.400856525 0.282373399 0.15876995 -0.149235278 0.285899609 -0.0677869692 -0.216421202 -0.0426540487 0.16184777 0.121616229 -0.21677421 -0.147041947 -0.311386615 0.120551214 0.523905277
G28 0.0903006569 -0.133523643 -0.0205347259 -0.0719356984 -0.0520050265 0.0716367289 -0.0248575341 0.179211348 0.123588786 0.284807146 -0.0807850733 0.315476477 -0.433363497 0.105884142 -0.251726955 -0.224760771 0.325980693 0.178188145 0.164497241 0.174701646 0.228625849 0.0809840709 0.0615890063 -0.077026546 0.23739481 -0.156440154 -0.183386087 0.268204182 -0.22113961 -0.11943683 -0.257671654 -0.256173134 -0.233633474 -0.319807947 0.0936867297 -0.0562803335 0.158250228 0.068916738 0.351359785 0.630546868 0.0603214242 -0.127996236 0.00605527125 0.0494422652 0.0762640834 0.0672901273 -0.222680375 -0.364129335 -0.107746117 0.400887221 0.282402158 0.158766791 -0.149147451 0.285936564 -0.0678569749 -0.21638599 -0.0426570699 0.161823869 0.121616967 -0.21672149 -0.146983668 -0.311359525 0.120537654 0.523834109
G29 0.188318178 -0.0662004873 0.0082335677 -0.118089244 -0.0703220591 0.069056958 0.0299045201 0.11207775 0.165182635 0.182798415 -0.16435279 0.318555415 -0.463385284 0.0932116508 -0.210146546 -0.198182479 0.364888668 0.145639136 0.170214608 0.26642105 0.231692538 0.0241244342 0.0484735258 -0.0214588922 0.236895621 -0.146600321 -0.230257526 0.279750735 -0.199843034 -0.18877098 -0.302445948 -0.325416327 -0.209235832 -0.303839743 0.0745379329 -0.0909121186 0.0685138032 0.0867256895 0.396636665 0.673066318 0.135395959 -0.0906243548 0.0168411881 0.0560531691 0.0501319543 0.0750477538 -0.196306363 -0.341452509 -0.0648645833 0.361514091 0.328501731 0.191093668 -0.187054098 0.325994402 -0.0752622038 -0.186308399 0.0165924951 0.131163329 0.125201955 -0.127888933 -0.114325754 -0.251950473 0.118751988 0.453485936
G30 0.188317403 -0.0662001446 0.00822890922 -0.118083134 -0.0703291297 0.0690495968 0.0298971087 0.112087928 0.165180191 0.1828098 -0.164349958 0.318565339 -0.463388443 0.0932055563 -0.210140079 -0.19818072 0.364883214 0.145651653 0.170218527 0.266420156 0.231697664 0.0241059382 0.0484957322 -0.0214344449 0.236892432 -0.146605015 -0.230260506 0.279741287 -0.199844047 -0.188755184 -0.30244875 -0.325417817 -0.209224761 -0.303844899 0.0745527893 -0.0909118876 0.0685182065 0.0867122784 0.396620721 0.673066199 0.135402292 -0.0906056762 0.0168381017 0.0560593717 0.0501313992 0.0750461146 -0.196313068 -0.341450334 -0.0648684278 0.361504376 0.328503579 0.191087067 -0.187047154 0.325999558 -0.0752525926 -0.186306432 0.0165908895 0.131176978 0.12519832 -0.127868176 -0.114312716 -0.251952976 0.118760332 0.453483045
G31 0.120668545 -0.0610324331 0.00417694543 -0.0823415443 -0.04611931 0.0656630844 -0.0193599779 0.173703492 0.164111227 0.265883803 -0.11043188 0.367962658 -0.484920621 0.120076798 -0.213232502 -0.168536112 0.377435267 0.206959203 0.196174294 0.223101959 0.235364988 0.0194281042 0.167892143 -0.015096656 0.257527828 -0.180987716 -0.176355004 0.276230216 -0.196501926 -0.171150923 -0.284018993 -0.346959531 -0.210565716 -0.292843819 0.12543653 -0.108082578 0.106413737 0.0667036995 0.354192406 0.676731288 0.175086677 -0.0417796783 0.0196648706 0.0760549903 0.0522233024 0.0653878078 -0.193951219 -0.347604156 -0.127858773 0.356198817 0.331945419 0.150457203 -0.116160266 0.322142541 -0.0423886664 -0.203360513 -0.0371936038 0.196012259 0.111599229 -0.134245768 -0.121541224 -0.297162771 0.161956429 0.494282067
G32 0.113410167 -0.0968098938 0.000708296429 -0.0671988651 -0.0558297634 0.0866667405 -0.0143256867 0.188776687 0.135616824 0.281489909 -0.0924564898 0.345136017 -0.470731437 0.140338033 -0.219734952 -0.187361643 0.356729686 0.196485832 0.172121912 0.212835923 0.244740576 0.0591015108 0.143499792 -0.0494629592 0.238737851 -0.18756476 -0.180876523 0.284648657 -0.20565775 -0.168777287 -0.269426137 -0.322563559 -0.22900869 -0.312851548 0.114642411 -0.0982076153 0.130201951 0.0971922353 0.351395249 0.652079523 0.125689775 -0.0792114958 0.0111302882 0.065805994 0.0730372518 0.0678698421 -0.198345438 -0.349668473 -0.132252797 0.373918712 0.305997789 0.148914248 -0.137089849 0.312791109 -0.0374906473 -0.219380468 -0.0615187176 0.183596596 0.102581456 -0.162153617 -0.15450117 -0.286798596 0.153831124 0.517542362
G33 0.14250052 -0.0313864276 0.0298958477 -0.068708092 -0.0511698015 0.0920120478 2.21882219e-05 0.169632852 0.149584994 0.261633784 -0.122021757 0.360374749 -0.494999051 0.17393139 -0.180936918 -0.161051214 0.412994713 0.220648378 0.19270502 0.257143378 0.253633589 0.0285705049 0.198021904 -0.0370273925 0.269069076 -0.193709821 -0.179907516 0.328768253 -0.190196365 -0.217807814 -0.293566436 -0.430792779 -0.223207429 -0.280747235 0.138907105 -0.143425658 0.111869104 0.108218148 0.357626647 0.694755673 0.213232949 -0.0139552401 0.0274881609 0.0730294362 0.0371127315 0.0615853146 -0.168112144 -0.346467763 -0.148421302 0.347477853 0.326745421 0.152256489 -0.136575177 0.352623373 -0.037680991 -0.224028051 -0.0484145992 0.196444333 0.087275438 -0.11447607 -0.16478613 -0.265419513 0.175363407 0.51443553
G112 0.0695785433 0.0242004823 -0.0800542086 0.0918987393 0.0136610614 0.0532840565 0.111980096 -0.0667314976 -0.0719382167 0.235234514 -0.00710184826 0.185026586 -0.00321774231 -0.0796579272 -0.206975818 -6.67972417e-05 0.0454794392 0.140449673 0.0205488354 -0.0440713651 0.0219880156 -0.0506219789 0.150300011 0.0125062289 -0.031997107 -0.120895237 -0.224904388 0.00408855733 0.0814899355 -0.0555390604 0.0208236948 -0.167168036 0.0393644422 0.0254743006 0.0536918044 -0.130439341 0.00795732066 -0.0802444741 -0.117817655 0.257650226 0.248154476 -0.0365111977 0.0106177032 0.0640048385 0.0658454597 -0.100484177 0.0194682926 0.0209122542 -0.0543353371 0.213015392 0.077051729 -0.0175682567 0.141048789 -0.0228716787 -0.0787774175 -0.100816712 -0.0719077438 0.121486425 0.0447436944 0.106617011 -0.0527510867 -0.0835503042 0.0268157367 0.211563334
G116 0.0687275827 0.024348611 -0.0782755539 0.0861024782 0.0132435719 0.0550028682 0.114221498 -0.0712914541 -0.0635810941 0.222568944 -0.0125459507 0.186532676 -0.000901626248 -0.0859491676 -0.209298551 -0.0036028109 0.0384529456 0.128579676 0.0212929044 -0.0453004129 0.0168908574 -0.0449545123 0.14066495 0.011515446 -0.0373113826 -0.12096978 -0.229522333 0.00340296514 0.076196067 -0.0622084327 0.0195602477 -0.163477153 0.0432215929 0.0259739514 0.0526688471 -0.129404888 -0.00357765495 -0.0798759907 -0.111597493 0.258731395 0.244610235 -0.0497088283 0.00722291553 0.0553835332 0.0641090125 -0.103781134 0.0182750467 0.0218158625 -0.0503015257 0.215235353 0.076914385 -0.0127620352 0.126682043 -0.0226788204 -0.0840073526 -0.0952577889 -0.0684329867 0.119050801 0.0466068499 0.102985196 -0.05700453 -0.0822344199 0.0279428586 0.206776753
G119 0.0683822706 0.0212661326 -0.080619894 0.0946940258 0.0135515975 0.0515030138 0.109712638 -0.0673061982 -0.0746363103 0.239115104 -0.00564639084 0.184345677 0.000178174188 -0.0802116096 -0.208165571 -0.00203527207 0.0456947573 0.139867797 0.0196342375 -0.0478362441 0.022992786 -0.04986858 0.144641772 0.0104519418 -0.0306107197 -0.115540989 -0.223992825 0.00372727495 0.0828169957 -0.0512510091 0.0216743741 -0.161924288 0.0367412679 0.0256516095 0.0544604659 -0.130390391 0.0128524676 -0.0826428011 -0.11817155 0.256667048 0.243354857 -0.0393015854 0.0104702488 0.064423278 0.0672597662 -0.0989874005 0.0196466874 0.0197156072 -0.053579282 0.216521114 0.0755742192 -0.0185338128 0.143973604 -0.0264831204 -0.0816946477 -0.101027533 -0.0719787776 0.120937422 0.0453775972 0.101741515 -0.0528051481 -0.0837884992 0.0250482466 0.215075687
G123 0.0712155327 0.0249084178 -0.0798896104 0.0989245251 0.0150871687 0.0530110076 0.111252248 -0.0663810894 -0.0809097141 0.246699229 -0.00163510512 0.180961281 -0.0014711204 -0.0712189451 -0.205880821 1.26604637e-05 0.0536775105 0.148892507 0.0193973873 -0.0451678969 0.0267954599 -0.0526222996 0.151418939 0.00800604466 -0.0254901685 -0.115905464 -0.22057277 0.00851299148 0.0869033039 -0.0491563603 0.0222851429 -0.170553386 0.032546483 0.0278362576 0.0546631329 -0.133174047 0.0218182188 -0.0790589601 -0.121124119 0.258452296 0.248822242 -0.0303670652 0.0137415323 0.070449084 0.0681377724 -0.0966166183 0.0231242329 0.0185334049 -0.0568979122 0.21562694 0.0746623874 -0.0218980107 0.153515384 -0.0252567735 -0.0777067319 -0.106749281 -0.0736606717 0.120425254 0.0421280712 0.104188241 -0.0528307073 -0.0836055726 0.0220438894 0.220082
G128 0.0688478798 0.0226421524 -0.0797799975 0.0864255875 0.0121054631 0.0524078868 0.111818723 -0.0687656775 -0.0644607469 0.226037934 -0.0124959461 0.18835555 -0.00221052999 -0.0882577077 -0.208507776 -0.001518782 0.0375614762 0.131407797 0.0215626825 -0.0444535762 0.0175770577 -0.0475643165 0.144826621 0.0151481209 -0.0381420478 -0.122133389 -0.229621887 0.000240318768 0.0757906288 -0.0601901487 0.0196389537 -0.161972672 0.0448505916 0.024163194 0.0532498881 -0.128372073 -0.0031156803 -0.0829712525 -0.11458379 0.257372171 0.245562613 -0.044699993 0.00690673338 0.0574338362 0.0636998415 -0.104394302 0.0167619046 0.0229482707 -0.0512747355 0.213297397 0.0790058449 -0.0137006193 0.129834354 -0.0221077502 -0.0827074572 -0.0946796834 -0.0695402101 0.121657826 0.0476004817 0.10597533 -0.0535907485 -0.0827433541 0.0298822988 0.2046832
G131 0.0689485148 0.0232652035 -0.0792726502 0.0863406882 0.012589436 0.0532329045 0.112540089 -0.0699313134 -0.0638814718 0.225013807 -0.0126888482 0.187775955 -0.00151603576 -0.0874869302 -0.208883032 -0.00222610682 0.0380393937 0.130446479 0.021476863 -0.0446723998 0.0170991644 -0.0467141233 0.143095985 0.0136674671 -0.0379356109 -0.121421747 -0.229343414 0.0012349789 0.0757462308 -0.0605471842 0.0197231509 -0.162355602 0.044238735 0.0249601863 0.0528687313 -0.128721446 -0.00321631972 -0.0822287202 -0.113630787 0.257925808 0.245507777 -0.0462974794 0.0070444257 0.056914378 0.0636570752 -0.104400732 0.0174097754 0.0225165375 -0.0510745272 0.214359045 0.0784152597 -0.0132786492 0.128863335 -0.0224060435 -0.0835839361 -0.0946611539 -0.0689809397 0.120721832 0.0474758185 0.104738273 -0.0547072738 -0.0826904997 0.0290666614 0.205407873
G134 0.0685285479 0.0205286145 -0.0812835023 0.094864592 0.0131006101 0.0503219068 0.108601272 -0.0663991943 -0.0748635009 0.240725055 -0.00574436551 0.185168996 -0.000230161255 -0.081262514 -0.207880333 -0.00113344972 0.0454163291 0.141129941 0.0197353642 -0.04739682 0.0231431779 -0.0510475934 0.146262959 0.011912344 -0.0310437065 -0.115834944 -0.223889366 0.00226569851 0.0825443491 -0.0501369871 0.0217821915 -0.161170557 0.0374282748 0.02497131 0.0545853488 -0.129925996 0.0131209241 -0.0842133239 -0.119513653 0.256121367 0.243935063 -0.037020348 0.0103671532 0.0654289201 0.0669720769 -0.0993979722 0.0190593842 0.0201821309 -0.0540881902 0.215918958 0.0765732378 -0.0188884232 0.145416498 -0.0263066236 -0.0814203098 -0.100641534 -0.0723704323 0.122041859 0.0459353328 0.102917537 -0.0512601472 -0.0840927884 0.0258322526 0.214152083
G138 0.0677541569 0.0201375689 -0.0816428959 0.0950067937 0.0120309573 0.0488003194 0.107126772 -0.0640219375 -0.0749929473 0.242442906 -0.00539669394 0.18589294 -0.00144961022 -0.0817873329 -0.207181379 -2.35625357e-05 0.0456138216 0.143102184 0.0196968336 -0.0463056602 0.0234599113 -0.0521544218 0.150295764 0.0134829609 -0.0319844261 -0.117204584 -0.224347278 0.00102846394 0.0825504065 -0.0500036627 0.0226435736 -0.161817133 0.0388626643 0.023707198 0.0550132804 -0.129158705 0.013007327 -0.0858326256 -0.121715434 0.255460948 0.245303646 -0.0325928219 0.00980185717 0.0663626567 0.0657994524 -0.100414664 0.0185715016 0.0209675785 -0.0558117069 0.214539036 0.0775401592 -0.01959363 0.146541744 -0.0256217066 -0.0804601908 -0.100345768 -0.073291406 0.124839649 0.0463017561 0.105363742 -0.049485866 -0.0847059116 0.0270184185 0.212664708
G142 0.0731656253 0.0276817102 -0.0788621604 0.0968237072 0.0158984233 0.0555904023 0.11413607 -0.0682875291 -0.0785966814 0.242652401 -0.00330427568 0.180729136 -0.00266516814 -0.0701893196 -0.205444574 0.000545029936 0.0535495058 0.147734746 0.0201183259 -0.042849984 0.0256565325 -0.0519291312 0.152142048 0.00786725432 -0.0262239631 -0.11848063 -0.221128777 0.00997094624 0.0855367184 -0.0526072122 0.0211272463 -0.17441304 0.0334367864 0.0290324762 0.0536806136 -0.134064957 0.0182712656 -0.0761408359 -0.119255908 0.260036737 0.251809537 -0.0316465609 0.0141037563 0.0694297925 0.0675707161 -0.0975420773 0.0239086803 0.0190028753 -0.056446135 0.214731365 0.0752120838 -0.0205591917 0.150290385 -0.0230383594 -0.0769379735 -0.106717773 -0.0726561546 0.118676506 0.0414018519 0.105750836 -0.0545225218 -0.0827236846 0.0222190917 0.218465909
G147 0.0705949813 0.024386894 -0.079760991 0.0921024233 0.0133852083 0.0528013036 0.11173439 -0.0671704113 -0.0721276253 0.236097768 -0.00750533585 0.184926465 -0.00283129048 -0.0797961429 -0.20658572 4.2852138e-05 0.0455162488 0.140746728 0.0207516868 -0.0435531996 0.0220183264 -0.0504271574 0.150186807 0.0124234613 -0.0326912217 -0.120475829 -0.225540906 0.00417672424 0.0807535723 -0.0556952208 0.0208664443 -0.167769849 0.0396290012 0.0257262532 0.0537983105 -0.130802274 0.00813141186 -0.0808743238 -0.118336231 0.258076757 0.248862296 -0.0359885395 0.0101836007 0.0642010793 0.0653152093 -0.101260424 0.0200044028 0.0214049481 -0.0546642542 0.213608921 0.0775380954 -0.0176362637 0.141298607 -0.0225797817 -0.0795672238 -0.100570455 -0.071690686 0.121669881 0.0448237881 0.106782481 -0.0529029109 -0.0830283538 0.0266204253 0.210911974
G151 0.0684208348 0.0237425286 -0.0787103921 0.0861177742 0.0128336083 0.0545173585 0.113660701 -0.0702441484 -0.0639990047 0.223277986 -0.0123581355 0.187129915 -0.0015335161 -0.0865614489 -0.209061563 -0.00296909991 0.0380279645 0.129293934 0.0213092323 -0.0451670662 0.0172650665 -0.0456331298 0.142190516 0.0128775975 -0.037371479 -0.121734582 -0.229639262 0.00242779148 0.0763512701 -0.0618540458 0.0194671042 -0.16301021 0.0437652953 0.0252902061 0.0530166253 -0.129047573 -0.00354421837 -0.0803103521 -0.112322509 0.258176386 0.244508773 -0.0484874733 0.00717412354 0.0557700954 0.0642308071 -0.103729285 0.0176061448 0.0221175924 -0.0504662916 0.214214429 0.0774258226 -0.0131806256 0.127451718 -0.0225076247 -0.0830525532 -0.0953914896 -0.0689806044 0.119857386 0.0466517694 0.104029067 -0.0560835153 -0.0823432803 0.0287655126 0.206334114
G154 0.0686901808 0.024328731 -0.0782722309 0.0861155167 0.0132283103 0.0550590456 0.114231847 -0.0713045001 -0.0635606349 0.222578451 -0.0125587322 0.186557323 -0.000887358328 -0.0859685093 -0.209301606 -0.00359571911 0.0384726934 0.128584713 0.0212615747 -0.0452630296 0.0168653894 -0.0449219905 0.140643358 0.0115404353 -0.0373330303 -0.120991521 -0.229516119 0.00336419162 0.076201044 -0.0621864423 0.0195870325 -0.163449869 0.0432252996 0.0259838849 0.052644413 -0.129388765 -0.00355723756 -0.0798738748 -0.111569405 0.258730501 0.244606853 -0.0497304052 0.00724937581 0.0553742945 0.0641195849 -0.103809826 0.018271748 0.0217864569 -0.0503205061 0.215248495 0.0769269243 -0.0127756651 0.126687676 -0.0226960965 -0.0840260386 -0.0952715725 -0.0684906915 0.119040921 0.0465633497 0.102968171 -0.0570236482 -0.0822881088 0.0279915221 0.206823006
G157 0.0692449734 0.0214420967 -0.0802595019 0.0947641283 0.0136019513 0.0511301868 0.109528989 -0.0679815263 -0.0747622997 0.239441901 -0.00604282739 0.184496999 0.000926688488 -0.0803980976 -0.20820646 -0.00206690957 0.0456813239 0.139764354 0.0200636983 -0.0478774644 0.0228764024 -0.0498046987 0.143816292 0.0103663895 -0.0303480048 -0.115031533 -0.224401861 0.00374771049 0.0821258724 -0.0512130596 0.0213701315 -0.16204752 0.0370315835 0.0262826867 0.0548155308 -0.130704135 0.0131865796 -0.0831528679 -0.118326917 0.257205367 0.243456945 -0.0395352319 0.0100403484 0.0642778724 0.0669372901 -0.0994491801 0.0198305156 0.0198306534 -0.0533404537 0.216842681 0.0760710761 -0.018758405 0.144331902 -0.0265524983 -0.0821189508 -0.10076037 -0.0715960562 0.120674454 0.0453716293 0.101461962 -0.0529615581 -0.0832609385 0.0247360934 0.215052277
G161 0.0733298957 0.029655885 -0.077003248 0.0890451074 0.0153835434 0.0579415746 0.117390446 -0.0720407143 -0.0683261007 0.227921456 -0.009890249 0.183176383 -0.0030568412 -0.0766444653 -0.2067478 -0.00108023779 0.0462805368 0.136915267 0.0217092354 -0.0410965681 0.0198320542 -0.0474763475 0.147429511 0.0091026416 -0.0327085927 -0.122617491 -0.226380318 0.00881249271 0.0790169612 -0.0618426576 0.01928466 -0.174250737 0.0395997465 0.0291109961 0.0521583781 -0.132846057 0.00322526461 -0.0749040544 -0.113457315 0.261632055 0.252229333 -0.0415829681 0.0107378131 0.0609939657 0.0646028519 -0.102155074 0.0222835075 0.0209887605 -0.0531823486 0.214099675 0.0766968727 -0.0151647022 0.134569079 -0.0200453177 -0.0799808577 -0.100737847 -0.0692598894 0.117186949 0.0431660376 0.106293216 -0.0579033718 -0.0814029425 0.0250276756 0.210553497
G165 0.0715149418 0.0256370995 -0.0784754381 0.0919783935 0.014199337 0.0542070046 0.113164552 -0.0695197582 -0.0717292726 0.234280169 -0.00795218721 0.183837369 -0.00132631627 -0.0785115287 -0.20702669 -0.00127573009 0.0459997579 0.138814494 0.0209696945 -0.0441073179 0.0214846451 -0.048633825 0.146677315 0.0100490293 -0.0320992023 -0.119261563 -0.225901127 0.00626876345 0.080278568 -0.0570472516 0.0204655752 -0.16891554 0.0387931503 0.0274362285 0.0536949784 -0.131854624 0.00809153076 -0.079278402 -0.116542004 0.259450227 0.248408616 -0.0395975523 0.00999266934 0.0628240481 0.0653596893 -0.101291075 0.0212330669 0.0208890252 -0.0537753329 0.215237617 0.0766506493 -0.0171735268 0.139598727 -0.0229654927 -0.080832839 -0.100707315 -0.070610106 0.119635932 0.0441211499 0.104616679 -0.0553439446 -0.0821122229 0.0250654425 0.212092012
G169 0.0712689459 0.0248422306 -0.0793635622 0.0919251889 0.0144837787 0.0542596541 0.113193221 -0.0695881918 -0.0719304755 0.23423481 -0.00783229433 0.184216186 -0.00154497346 -0.0792264938 -0.207409889 -0.00114605343 0.0453945063 0.138700023 0.0208281577 -0.0447248816 0.021670891 -0.049362611 0.146043301 0.0107378978 -0.031515792 -0.119002841 -0.225047976 0.0054749758 0.0807764009 -0.0557544231 0.0200228877 -0.167078391 0.0381819122 0.0270838328 0.0534234568 -0.131535038 0.00827119686 -0.0792781413 -0.116077594 0.258811533 0.247433409 -0.0404073671 0.0107275592 0.0631723702 0.0664291084 -0.100200713 0.0204462819 0.0205073599 -0.0528897792 0.214979336 0.0765445977 -0.0169413164 0.140163317 -0.0233003143 -0.0805572495 -0.100818306 -0.0706852302 0.118866332 0.0445141084 0.104247041 -0.0546568185 -0.0824727491 0.0253448002 0.212591976
G173 0.0519736074 -0.0500383116 -0.0920799747 0.133697361 -0.0276843719 0.0666285828 0.0106138354 0.00581788458 -0.0510663353 0.266202986 0.0859546736 0.123733178 0.0652131513 -0.10625568 -0.108807713 -0.116903402 -0.0171572845 0.188558131 -0.0324527323 -0.19657883 -0.0127023887 0.0498372577 0.00114667497 -0.0617989041 -0.0548150688 -0.0653810278 -0.311734438 0.0821715444 -0.0242593922 -0.0801790282 0.195655555 -0.156026557 -0.00279701874 -0.00834955275 0.0717971176 -0.0527227446 0.109028406 -0.119293898 -0.15445213 0.298155278 0.0894321948 -0.164242238 -0.069356963 0.0763862133 0.168120816 -0.198076814 0.00185103493 -0.0453227088 -0.111970514 0.245513096 -0.051470574 0.0395052545 0.0649779364 -0.0174372513 0.0225721244 -0.122396834 -0.00909860712 0.201857165 0.0715382397 -0.0270395819 -0.0857271031 -0.144828051 -0.10828495 0.224787191
G174 0.0519890487 -0.0500703007 -0.0920792371 0.133722231 -0.0277310181 0.0666230619 0.0106303953 0.00584218418 -0.0510210469 0.266211122 0.0859069154 0.123742938 0.0652200282 -0.106300212 -0.108807079 -0.116892427 -0.0172024667 0.188616514 -0.0324545354 -0.196566045 -0.0126837492 0.0498522222 0.00116004783 -0.0617632978 -0.0548433438 -0.0653960556 -0.311740518 0.0821393058 -0.0242256094 -0.0801687315 0.19568345 -0.155983448 -0.00278723938 -0.00835677516 0.0718212426 -0.0527076684 0.109033242 -0.119299203 -0.154399276 0.298152089 0.089412868 -0.164249584 -0.069303669 0.0763827711 0.16813308 -0.198096529 0.00180966489 -0.0453343131 -0.111972749 0.245484129 -0.0514615476 0.0395348817 0.065012075 -0.0174406059 0.0225697029 -0.122385845 -0.0091436496 0.201851249 0.0715048164 -0.0270486679 -0.0857160613 -0.144848675 -0.10826733 0.224822313
G175 0.0890770108 -0.0129882218 -0.0669221729 0.135751233 -0.0352957025 0.0783601627 0.132317394 -0.0432399735 -0.13708216 0.305910617 0.0293337572 0.100147359 0.0530930348 -0.035488911 -0.16989404 -0.0628747791 0.00749007985 0.137117431 -0.0115806144 -0.0890163258 0.0543946289 0.0319484249 0.113321319 -0.0387571342 -0.0774159953 -0.158573329 -0.312103003 0.0618430451 0.035464447 -0.130024195 0.0620748475 -0.195461959 0.012166203 -0.00556306494 0.0729943663 -0.154284671 0.0503336675 -0.0480735563 -0.143261239 0.252196819 0.16291073 -0.127113208 -0.0328527056 0.0252456851 0.0668321103 -0.138363212 0.044391036 0.00780497445 -0.084719196 0.268756688 0.00779155735 -0.0224054419 0.0773639232 -0.0154319378 -0.0509449169 -0.13871482 -0.0978241265 0.105109349 0.00558282435 0.0649762675 -0.159271315 -0.0473995395 0.00718502002 0.229667202
G178 0.133717448 0.0029392757 -0.094263427 0.0608093254 -0.0144154448 0.0699770823 0.137186661 -0.0959991738 -0.0330666453 0.148659348 -0.0543273985 0.199067593 -0.0236725193 -0.121857993 -0.195332229 0.0167012773 0.0315883532 0.110243969 -0.0183102041 -0.0259917695 0.0188307166 -0.0968249887 0.0906882733 0.0432013124 -0.0587953888 -0.135238215 -0.234510496 -0.0421327725 0.114662275 -0.0442880318 -0.0159695428 -0.100693651 0.0241293814 -0.0189364832 0.0094573833 -0.104461074 -0.0366622359 -0.051676482 -0.0741370693 0.237027779 0.19362101 -0.0895274505 -0.00651308894 0.0837724134 0.0921298489 -0.0706649944 -0.0459241234 0.0253428631 -0.00666478788 0.178692743 0.094958581 0.0158639103 0.0885062888 -0.0234364998 -0.0413354822 -0.0983837694 -0.0530553199 0.069693476 0.0678380653 0.138715431 -0.0252856389 -0.0364708789 0.0367741585 0.179908723
G179 0.0930666104 -0.0092265401 -0.0656782687 0.131436273 -0.0295498371 0.0739714429 0.129815847 -0.0450156033 -0.143150792 0.303411663 0.0337703526 0.0949885175 0.0485713072 -0.0272841472 -0.171395019 -0.0614120215 0.0076926467 0.13432993 -0.00760950847 -0.0939033851 0.0540236048 0.033561103 0.117216282 -0.0396312289 -0.0728546232 -0.151909366 -0.315781534 0.0733430609 0.0368569158 -0.135544032 0.0566660613 -0.206597418 0.0108948555 -0.00982549414 0.0774380267 -0.158819929 0.0495283827 -0.0458437167 -0.147084102 0.25910899 0.166485369 -0.126736104 -0.0370133892 0.0284798834 0.0617928617 -0.133405507 0.0508214086 0.0136585925 -0.0850025117 0.270097107 0.00480695954 -0.0209584646 0.0754862204 -0.0129865548 -0.0510319024 -0.137107283 -0.0885148048 0.10928826 0.0104827266 0.0675815791 -0.161768645 -0.0395269282 0.00224832119 0.231116176
G182 0.146841526 0.0441710688 -0.0487803742 0.0443942472 -0.00904787984 0.104849033 0.155257642 -0.1190034 -0.0283262488 0.095736675 -0.0616670586 0.172558591 -0.0325102694 -0.0617802851 -0.182663962 -0.0116329836 0.0782882497 0.0870132446 -0.00903779082 -0.000938188401 0.0218050145 -0.0758741945 0.0678915232 0.0202229898 -0.0463247411 -0.119829968 -0.251365423 0.0179811735 0.119799145 -0.087333262 -0.00963190012 -0.182066053 0.0104124593 -0.00763548957 0.00983911566 -0.129341066 -0.0475188158 -0.011773997 -0.0521482937 0.273349762 0.219897032 -0.0912932232 -0.0209392831 0.0767095983 0.0613241792 -0.074586086 -0.0132365339 0.0338267572 -0.0115633952 0.195231095 0.0731158033 0.0131190391 0.0459364168 -0.010981258 -0.0654821992 -0.0967077985 -0.0253441725 0.0513313785 0.0537362471 0.136073336 -0.0807240605 -0.0119017623 0.00769749517 0.193903372
G185 0.0549026877 0.0182496607 -0.0784892961 0.0812239721 0.0114405677 0.046721179 0.104676083 -0.0611508116 -0.0645523444 0.218971133 -0.0123012103 0.18528223 -0.00909752119 -0.0828968659 -0.212845936 0.00263379281 0.0417499393 0.125084028 0.0102358069 -0.0491231531 0.0160956159 -0.0467263013 0.153245807 0.0201072879 -0.0265779886 -0.119878173 -0.226273537 -0.00105903996 0.0884396881 -0.0512693264 0.0163033139 -0.158487797 0.045159433 0.017416494 0.0549656078 -0.128287181 -0.00286848051 -0.0818186924 -0.114439435 0.257897615 0.237385318 -0.0374132209 0.0104608685 0.0578838475 0.0530203134 -0.0970468372 0.00911434088 0.0210198089 -0.0520911478 0.203116372 0.0805970281 -0.0135248788 0.125084639 -0.028995106 -0.0747190043 -0.0986379385 -0.0681941807 0.12481717 0.0428453498 0.108335726 -0.0505548678 -0.0808711275 0.0278180093 0.217875957
G188 0.0554080158 0.0178423841 -0.0787595436 0.0815810263 0.011045224 0.0460998267 0.104435526 -0.0612766594 -0.065145202 0.219887361 -0.0125865433 0.185248598 -0.00889396016 -0.0838109553 -0.212381437 0.00255996315 0.0413195416 0.1258405 0.00982265454 -0.0487340167 0.016361719 -0.0469540171 0.152736917 0.0206054635 -0.0274382215 -0.119488522 -0.226829991 -0.0013845358 0.0887157843 -0.050954245 0.0165410247 -0.157925561 0.0452064686 0.0170316026 0.0545464121 -0.128068775 -0.00225533429 -0.0826623365 -0.114221931 0.257784277 0.237276912 -0.0371033698 0.01097087 0.0580571964 0.0532400571 -0.0971635431 0.00896100979 0.0210239887 -0.0519376621 0.203102544 0.0807803944 -0.0133473566 0.125699565 -0.0288637821 -0.0754584521 -0.0984691083 -0.0687170997 0.124387316 0.0425840989 0.108454421 -0.0501498766 -0.0810839534 0.0279618427 0.217621729
G191 0.0583875962 0.0179380458 -0.0793012381 0.0823899657 0.0113468599 0.0436839424 0.103605725 -0.0624028631 -0.0665984675 0.222795323 -0.0126648704 0.184540749 -0.00763156917 -0.0846810043 -0.211694524 0.00225572078 0.0408044979 0.126634344 0.0109865302 -0.0490630902 0.0167639665 -0.0473898537 0.150608405 0.0193400104 -0.0282114111 -0.117140822 -0.22770983 -0.000382255472 0.0867490843 -0.0504565202 0.0163879916 -0.157968149 0.0444619395 0.0174744613 0.0547145344 -0.129130304 -0.000928494846 -0.0852035061 -0.115216158 0.258405775 0.237813339 -0.0370664671 0.0100885732 0.0590249524 0.0532043278 -0.0973127708 0.0101362327 0.021545697 -0.0514127165 0.205329865 0.0808580518 -0.0132185211 0.127115533 -0.0284280069 -0.0779571831 -0.0973077714 -0.0680890009 0.123434044 0.0435163379 0.107475378 -0.0499390066 -0.080051668 0.0264226384 0.216081336
G194 0.0588564985 0.0179172903 -0.0793618634 0.0825576186 0.0113376677 0.0433606803 0.103478499 -0.062639907 -0.0667945743 0.223253176 -0.0127384691 0.184436381 -0.00741591444 -0.0848875865 -0.211591139 0.00221873284 0.0407537632 0.126786128 0.0110827899 -0.0490310118 0.0168100372 -0.0474050045 0.150208086 0.0192028806 -0.0284038279 -0.11675512 -0.227887705 -0.000301028806 0.0865223706 -0.0503380634 0.0163778197 -0.157912567 0.0443675965 0.0175299626 0.0546582267 -0.12927033 -0.000683978084 -0.085607782 -0.115295596 0.258534014 0.237885669 -0.0371094905 0.0100395149 0.0591532439 0.053209383 -0.0973653197 0.0103012286 0.0216087215 -0.0513447113 0.205664799 0.0809095204 -0.013170491 0.127344906 -0.0283882897 -0.0784211606 -0.0971406773 -0.0680249929 0.123239227 0.0436017551 0.107296437 -0.0499244817 -0.0799369663 0.0262335241 0.215928286
G197 0.00336658396 -0.0736301914 -0.082298927 0.12497858 0.00886322279 0.122708432 0.101892106 -0.0202318225 -0.13302435 0.310586721 0.0538330041 0.123790763 0.0473757088 -0.0266751628 -0.199430883 -0.090371646 0.0123522468 0.0823869333 0.0069482713 -0.13848877 0.033691857 0.0407842062 0.0945628807 -0.0387835465 -0.0529993139 -0.147091731 -0.228334889 0.0145059647 0.0723707378 -0.0568793528 0.107479088 -0.131503209 -0.00166199624 -0.023882566 0.0766767338 -0.129945174 0.0801829249 -0.038933415 -0.132577881 0.190526947 0.0920487717 -0.16990155 -0.0229755323 0.0141681964 0.122940905 -0.0978668928 0.019967556 -0.0294093732 -0.112556189 0.300084144 -0.0185066015 -0.072315909 0.0884869471 -0.0735932663 -0.055292014 -0.140226513 -0.132930398 0.11141786 -0.00124962372 -0.00484843925 -0.166329145 -0.0751834959 0.0119981924 0.277180672
G198 0.00336670689 -0.0736128986 -0.0822984651 0.124958321 0.00884798449 0.122708738 0.101883441 -0.0202033259 -0.132992983 0.310560107 0.0538178608 0.123797894 0.0473640859 -0.0266653206 -0.19942309 -0.0903604701 0.0123743508 0.0824016333 0.00693637691 -0.138466537 0.0336846672 0.0407643504 0.094544135 -0.0387731083 -0.0529945977 -0.14708446 -0.228341267 0.0145236282 0.0723854825 -0.0568879396 0.10746707 -0.13153334 -0.00166071509 -0.0239022058 0.0766634047 -0.129942164 0.0801751614 -0.0389431082 -0.132570148 0.190540373 0.0920524672 -0.169883549 -0.0229924228 0.0142008225 0.122909456 -0.0978646651 0.0199576616 -0.0294135176 -0.112542853 0.300066262 -0.0185233615 -0.0723032355 0.0884627998 -0.073585242 -0.0552934892 -0.1402172 -0.132919326 0.111413866 -0.00124495954 -0.00482736202 -0.166329905 -0.0751956403 0.0119855516 0.277210563
G199 0.0928884894 -0.00325343036 -0.077826947 0.117700398 -0.0147716543 0.0712214336 0.129164323 -0.080138579 -0.0933945775 0.240675911 -0.00547738513 0.14193815 0.0506474897 -0.0650741011 -0.197308362 -0.0520242006 0.0259550139 0.118329376 -0.015663838 -0.0767069906 0.0337823145 -0.0185965076 0.0598399788 -0.0341521502 -0.0541609377 -0.117311075 -0.264587998 0.0222921576 0.0751832128 -0.0673297346 0.0357111767 -0.13084586 -0.00477576023 -0.000372687908 0.0418300629 -0.122554623 0.0367065109 -0.0612780191 -0.0997428745 0.247393385 0.1585875 -0.12682502 -0.0122749647 0.0465857871 0.0786500573 -0.108861066 0.00552402111 -0.0041307346 -0.045974616 0.25278753 0.0351794548 -0.00510680163 0.0842863098 -0.0391805917 -0.0749883875 -0.12297526 -0.0675590932 0.0765178427 0.0417925902 0.059961319 -0.102339469 -0.0560120121 -0.00559902331 0.233182117
G202 0.0928734019 -0.0032191663 -0.07780727 0.117695041 -0.0147594707 0.0712589249 0.129191026 -0.0801543817 -0.0933625624 0.240624428 -0.00549355475 0.141930312 0.0506669618 -0.0650341809 -0.197335646 -0.0520369262 0.0259646066 0.118297979 -0.0156543907 -0.076702103 0.0337711424 -0.0185610447 0.0598130748 -0.0341966189 -0.0541401245 -0.117310703 -0.264571905 0.0223145969 0.0751801208 -0.0673449337 0.035711661 -0.130857885 -0.00478996802 -0.000336356461 0.0418244526 -0.122562848 0.0366906784 -0.0612436272 -0.0997107476 0.24740845 0.15859887 -0.126863822 -0.0122676594 0.0465608984 0.0786353871 -0.108875811 0.00554675795 -0.00414623274 -0.0459757969 0.252808839 0.0351703838 -0.00509367371 0.0842501894 -0.0391940214 -0.0749964789 -0.122984834 -0.0675383732 0.0765026882 0.041810099 0.0599195547 -0.102366127 -0.0560051426 -0.00561418803 0.233211502
G205 0.0369240493 -0.037554767 -0.0622812994 0.132507026 -0.0149809448 0.142908916 0.13267225 0.0132689644 -0.175265685 0.326765984 0.0678263456 0.0923562646 -0.00159426942 0.0522354282 -0.170215547 -0.0667712539 0.0455751717 0.126220882 0.0038829078 -0.0814158097 0.0610432923 0.0556455553 0.197690666 -0.0365992077 -0.0502301976 -0.188627228 -0.253892154 0.0607958809 0.0854164213 -0.116166539 0.0946104154 -0.242142305 0.00040650327 -0.0284765847 0.0889877081 -0.166195765 0.0955292434 0.021459939 -0.154537827 0.207224876 0.14406018 -0.114714332 -0.026569929 0.0438129492 0.111455187 -0.0980279073 0.0610094555 -0.00490903016 -0.14356105 0.273284614 -0.0199982319 -0.0907685459 0.0951055884 -0.0395777225 -0.000166748578 -0.1767371 -0.143931672 0.13203916 -0.0271615423 0.0527762994 -0.193726406 -0.0372903422 0.00304209441 0.27934885
G212 0.130582303 0.0245212093 -0.0508396998 0.0647290498 0.020869432 0.129906893 0.165943712 -0.125598699 -0.0714565516 0.13104102 -0.0391005725 0.151635736 -0.0286991782 -0.0206597038 -0.194196582 -0.0317484699 0.108571142 0.0842696577 -0.00121436606 -0.00414673192 0.0256270263 -0.0623558238 0.0765595734 -0.0178046972 -0.0248672515 -0.119224556 -0.202919319 0.0287021697 0.144687802 -0.0541218631 0.011627038 -0.191031978 -0.0141274342 0.0145066977 0.0068060644 -0.135320261 0.0137485461 0.0205671657 -0.0571129024 0.251955122 0.20405364 -0.093682386 0.00283634639 0.066114679 0.0970989466 -0.0552283265 -0.00271785026 0.00698865112 -0.0410970561 0.213791415 0.0613103211 -0.0216856878 0.0745955482 -0.0301893428 -0.0661312267 -0.1140057 -0.0601123683 0.0385175161 0.0252510868 0.100161105 -0.0914480612 -0.00920895766 -0.01289682 0.229073852
G219 0.0504368618 -0.0564114526 -0.106670618 0.150413796 0.00287622632 0.050901629 0.0872698203 -0.0464718305 -0.143578902 0.352894902 0.046485167 0.11967659 0.0825407505 -0.0690118447 -0.204817981 -0.0605758354 0.00210392079 0.139596626 -0.00544379372 -0.14766027 0.043309506 -0.00591053255 0.0631820858 -0.0369421318 -0.0393855274 -0.108448699 -0.249569178 0.0198820978 0.0498479344 -0.0267065931 0.0717509165 -0.0857358351 -0.0215279944 -0.0171248466 0.0646156371 -0.124131553 0.0944513381 -0.0998092443 -0.147387698 0.226554766 0.117516488 -0.136605784 -0.0109675862 0.0523120239 0.0898293406 -0.107251041 0.0124827363 -0.020776622 -0.0705170631 0.289588273 0.00239411066 -0.0265592262 0.143250003 -0.0610293411 -0.0741996616 -0.125196397 -0.0991308615 0.0962532163 0.0405068249 0.00914461631 -0.112649344 -0.0917807072 0.00155181589 0.271114141
G222 0.136916205 0.00536407763 -0.0922786668 0.0579649732 -0.00717688911 0.0735091716 0.139677927 -0.097238943 -0.0459821075 0.156455576 -0.0482246019 0.191938072 -0.0322509035 -0.110591799 -0.193349987 0.0229284614 0.0385855436 0.115710735 -0.0157210715 -0.0272720307 0.0253943913 -0.101250216 0.10157162 0.0460456386 -0.0519370325 -0.134748191 -0.231526375 -0.0324224643 0.124486044 -0.0444787778 -0.0145997917 -0.117853165 0.0221938286 -0.017475646 0.0141051896 -0.114145719 -0.0294620786 -0.0442327894 -0.080881834 0.242383108 0.203253821 -0.0795200542 -0.00593252108 0.0886819586 0.0912229791 -0.0668795854 -0.0390438922 0.0272556413 -0.0144075723 0.179535478 0.0926285312 0.0121911466 0.102065265 -0.0215570107 -0.0341623761 -0.103683181 -0.059040755 0.0737765208 0.0639773533 0.144745708 -0.0271447245 -0.0301361643 0.0356493145 0.18651472
G225 0.138628915 0.00675212126 -0.0848222896 0.061722517 -0.0236082226 0.0671790391 0.125354394 -0.0642822385 -0.0612211339 0.193544269 -0.0326590501 0.159683153 -0.0382772237 -0.0746462569 -0.169425234 -0.00335758948 0.0552314445 0.123668745 -0.0221647024 -0.024112111 0.0274614636 -0.0853970274 0.114762448 0.0392067879 -0.0623295568 -0.161195457 -0.265980601 0.0046452065 0.119337298 -0.0768882409 0.0215996336 -0.160173848 0.0184748825 -0.0476134382 0.0219005235 -0.132080421 -0.00916658528 -0.0540117063 -0.107790664 0.259070486 0.20215179 -0.0583481416 -0.021945674 0.0958289653 0.0586734675 -0.0804865137 -0.0274072848 0.0301709417 -0.0390125588 0.181448922 0.055672694 -0.00279186573 0.0853215903 0.00315536652 -0.0318788588 -0.101478964 -0.0690833405 0.0694749877 0.0394951627 0.14939563 -0.0700414032 -0.0462738052 0.0260029901 0.200701952
G228 0.176049083 0.0502902269 -0.030380873 0.0804856345 -0.0168435238 0.0721121877 0.168502897 -0.149726376 -0.0998331904 0.191291034 -0.0281338133 0.124003224 0.00191169127 -0.0539840907 -0.151201054 -0.014821454 0.0932218805 0.140279859 -0.021520203 -0.0146191698 0.0386208184 -0.067945376 0.0873454884 -6.53382449e-05 -0.0491864048 -0.0989353508 -0.291228235 0.0647739917 0.0988728255 -0.0936804414 -0.000459233503 -0.260829777 0.0198893882 0.016183544 0.0416650735 -0.158986345 0.0139344232 -0.0166728552 -0.10245239 0.312872231 0.240607306 -0.0517142937 -0.0338262878 0.0645077452 0.0592805259 -0.102659419 0.0238532517 0.0393869095 -0.0485649668 0.219062239 0.0657518953 -0.0136790099 0.0941241384 0.00067450304 -0.0761470199 -0.126826197 -0.0431059487 0.0732052177 -0.00698885228 0.157327875 -0.1015414 -0.00691365404 -0.0128051853 0.205093339
G235 0.0342745036 -0.0415675826 -0.0527788959 0.10646452 -0.0209096484 0.134065181 0.135165617 -0.0192799289 -0.134517848 0.26936093 0.0384769253 0.0994289294 0.0119378539 0.0101656709 -0.179075748 -0.0842767656 0.0170451235 0.0713682696 -0.012443766 -0.0879366472 0.0377055481 0.0712655187 0.139998153 -0.0375741683 -0.0837777555 -0.173326761 -0.275279194 0.0522973724 0.0627764389 -0.128119886 0.0974687785 -0.206753656 0.0128352251 -0.031347882 0.0765851662 -0.1555188 0.0441095345 0.00603315467 -0.127897143 0.214213341 0.127824709 -0.1580019 -0.0351295881 0.00789686572 0.0958029404 -0.114383467 0.0535624288 9.67324013e-05 -0.127905518 0.285661131 -0.0160557982 -0.062860094 0.0298970025 -0.0380463898 -0.0412010252 -0.144997388 -0.118927091 0.1161438 -0.0209117364 0.0404665098 -0.196219444 -0.0371619277 0.0116305873 0.255423933
G238 0.0607505292 -0.0361982808 -0.0818528309 0.148233309 0.00540253986 0.0828180611 0.123788789 -0.0705991462 -0.145959437 0.339375347 0.0499803051 0.0968377963 0.0805104524 -0.0558672398 -0.191448092 -0.0803660452 0.00201787031 0.122096032 -0.00709067099 -0.146166235 0.0499643274 0.0200915262 0.0626413077 -0.054385867 -0.0594586879 -0.129334942 -0.272690207 0.0452669151 0.0490550809 -0.078208752 0.0874028206 -0.139690772 -0.0107662659 0.00155278388 0.0690129995 -0.146492571 0.0782164931 -0.0669152662 -0.135580331 0.245617285 0.133411795 -0.165831909 -0.0139507176 0.0135553954 0.100628197 -0.117382631 0.0383272842 -0.0193697754 -0.0828593671 0.304899246 -0.0105831465 -0.033394184 0.113932557 -0.0515426695 -0.0724043995 -0.143240169 -0.112527363 0.0861329585 0.00415099738 0.0119051253 -0.156692863 -0.0767221451 0.00246150373 0.257548451
G241 0.0907781273 -0.00116161432 -0.0567036271 0.136891946 -0.0127708167 0.103601687 0.137018457 -0.0509511307 -0.14987956 0.325388074 0.039235048 0.0875455737 0.038690716 0.000912055024 -0.159935713 -0.0626522601 0.0528904945 0.159165516 -0.00724139716 -0.0876753777 0.0737016797 0.00355225289 0.10990075 -0.0381311104 -0.049184572 -0.151607171 -0.281144023 0.0853176862 0.0659679025 -0.105442137 0.0800930485 -0.231745318 -0.0159764048 0.0027456691 0.0658365116 -0.169436976 0.0824338347 -0.0294806063 -0.143126488 0.263231248 0.186278567 -0.0944160819 -0.0177484509 0.0512561128 0.0714155883 -0.122310095 0.0484286845 -0.00365435588 -0.0972705185 0.275629669 -0.00723083364 -0.0363335237 0.120263174 -0.0238015223 -0.0449099727 -0.154311538 -0.110344134 0.0878534615 -0.0117760627 0.0661502555 -0.166680336 -0.053164795 -0.0122172674 0.264324516
G248 0.100553133 -0.00767244166 -0.0752192959 0.115937524 -0.00205099559 0.0869495496 0.140148401 -0.0819703266 -0.116260171 0.270966113 0.0106021874 0.123936459 0.0306685232 -0.0531720445 -0.188616499 -0.0422376283 0.0421524346 0.129907742 -0.01207201 -0.0856013671 0.0497013852 -0.0347887725 0.0799800009 -0.0270101074 -0.0483130962 -0.124207631 -0.253071696 0.0308766924 0.0937756673 -0.0668613017 0.050359875 -0.161569744 -0.0043768636 0.00196888926 0.0453672037 -0.145375505 0.054855179 -0.0479971766 -0.115162775 0.25435248 0.171265557 -0.116071336 -0.0101915849 0.0500690229 0.0961373225 -0.0963712707 0.0182697847 -0.0033306228 -0.0653432757 0.257921547 0.0259246659 -0.0241883453 0.115632832 -0.0405800566 -0.057800591 -0.136474252 -0.0939077958 0.0756008849 0.0181145892 0.0670951679 -0.108553275 -0.050911922 0.002529155 0.245553002
G253 0.176705763 0.0498793758 -0.028659407 0.0797645003 -0.0187526103 0.0802500769 0.176488131 -0.150201365 -0.0927893892 0.195499018 -0.0295966789 0.12856178 0.0054345699 -0.060936112 -0.150118873 -0.015907798 0.0910455957 0.142867669 -0.0161736701 -0.0183717795 0.0455747433 -0.0762738064 0.0806260705 -0.00215806789 -0.0529081449 -0.105801128 -0.289493442 0.061374981 0.097672224 -0.0950662941 0.0103539098 -0.263380289 0.023316849 0.027359236 0.0445181839 -0.161112621 0.0096177822 -0.0143460277 -0.104131803 0.310379654 0.243932083 -0.0531149395 -0.0399740078 0.056961555 0.0673767552 -0.11128784 0.0219713524 0.0341085047 -0.0539583638 0.224284589 0.0628263131 -0.0146458196 0.0996854454 0.000120853299 -0.0718816295 -0.127869889 -0.0551524609 0.0775740296 -0.00713302568 0.157165349 -0.101535685 -0.00904838182 -0.0102322167 0.20189631
G260 0.0574297644 -0.0332734063 -0.0741489828 0.128153339 -0.00935080554 0.10643024 0.123742297 -0.0318061784 -0.139946416 0.328587264 0.0454559363 0.104494959 0.0308115222 -0.0124874739 -0.175338164 -0.0645020455 0.033097215 0.130398333 -0.00607619528 -0.103418767 0.051877033 0.00991028082 0.122698128 -0.0318912491 -0.0589467809 -0.157363638 -0.256725222 0.0469999798 0.0669386983 -0.0823036507 0.0947579294 -0.189869165 -0.00420845719 -0.0193630271 0.0711753741 -0.153718382 0.0766572803 -0.0332515724 -0.147771388 0.232579023 0.151747003 -0.115371183 -0.0236357972 0.0456733145 0.0977340788 -0.11324054 0.0363329537 -0.0111369239 -0.113954678 0.281690806 -0.0107357549 -0.0562872887 0.109089769 -0.0397143587 -0.0409269221 -0.149910346 -0.121321626 0.106980555 -0.00849850569 0.0503120869 -0.159762546 -0.0675611049 0.0028867526 0.267041266
G265 0.0672015771 -0.0225215685 -0.0873336419 0.0794554204 0.0012283948 0.0599006973 0.0936379358 -0.0575592257 -0.0738903582 0.224991322 -0.0137285516 0.196080893 -0.0160898808 -0.0907026082 -0.197190389 -0.00411596987 0.0459159687 0.120352075 0.00515059102 -0.046466358 0.0176513959 -0.0674755946 0.129327431 0.0390110016 -0.044502534 -0.112763956 -0.212612778 -0.0257096943 0.0945609286 -0.019233318 0.0248589031 -0.127169266 0.0276480503 -0.0192901082 0.0429189764 -0.106368147 0.0138161071 -0.0708986521 -0.117723018 0.223878413 0.191134349 -0.0456467941 -0.0135483881 0.0838941038 0.0869036689 -0.0818897709 -0.0167413801 0.0210410412 -0.057400018 0.21046567 0.0742659271 -0.0333393328 0.127002269 -0.0407185666 -0.0754320621 -0.0896391124 -0.0739504546 0.121649645 0.0428437255 0.111774459 -0.0460956693 -0.0705078691 0.0270622615 0.217283636
G268 0.0676800683 -0.0224047434 -0.0872002468 0.0794283897 0.00139907945 0.0593519956 0.0933228359 -0.0574818999 -0.0737672374 0.224998668 -0.0138768647 0.195732072 -0.016144881 -0.0903203189 -0.197371602 -0.00401927019 0.0457227342 0.119974814 0.00575102353 -0.0466941483 0.0178297572 -0.0675188825 0.129506305 0.0386383794 -0.0440375768 -0.11249245 -0.212616563 -0.025120832 0.0941848978 -0.0192978308 0.0244082361 -0.127265051 0.0273372289 -0.0192765892 0.042828545 -0.106957942 0.0130401161 -0.070647873 -0.118108235 0.224125728 0.191400126 -0.0455868803 -0.0139481016 0.0843499228 0.0863416567 -0.0817639753 -0.0166514665 0.0214926731 -0.0573459268 0.210639492 0.0742744356 -0.0330097079 0.126824334 -0.0407189913 -0.0754331648 -0.0891329944 -0.0732203051 0.121829286 0.0438986346 0.111719511 -0.046299953 -0.0699398741 0.0260044001 0.217264041
G271 0.0671697706 -0.0224039294 -0.0873629451 0.0793746114 0.00118854339 0.0597373694 0.0936590433 -0.0574625693 -0.0738896206 0.225001141 -0.0139456419 0.196170196 -0.0159922224 -0.0907094404 -0.197178304 -0.00423807418 0.0456025377 0.120381959 0.005249321 -0.0463285297 0.0177206956 -0.0675272942 0.129288733 0.0390693992 -0.0445104204 -0.112880901 -0.212631166 -0.0257280506 0.0946683511 -0.0191715192 0.0250861421 -0.127042234 0.0276391488 -0.0192007739 0.0430599004 -0.106432773 0.0137124788 -0.0709194839 -0.117565632 0.223794863 0.191187605 -0.0455338694 -0.0134102525 0.0838516653 0.0868472382 -0.0820506513 -0.0168219116 0.0208734442 -0.0574391484 0.210412875 0.0742127448 -0.033275824 0.127044499 -0.0407404378 -0.0753968731 -0.0896530226 -0.0741895214 0.121693894 0.0428662784 0.111763895 -0.0460805967 -0.0704750717 0.0269018169 0.217239723
G274 0.0668988675 -0.0223431345 -0.0875634104 0.0793712065 0.00122402795 0.0599790998 0.09383329 -0.05746454 -0.0738701746 0.22514084 -0.013623978 0.196376503 -0.0159306917 -0.0908398479 -0.197053835 -0.00428616907 0.0456884876 0.120721482 0.00484129414 -0.0466566049 0.0175556745 -0.0675504357 0.129089251 0.0389463603 -0.0447096489 -0.112953372 -0.212549642 -0.0259683505 0.0947049409 -0.0191718712 0.025410939 -0.127138138 0.0278027672 -0.0191992447 0.0433028005 -0.106018715 0.0143512134 -0.0712008253 -0.117344841 0.223677114 0.190931663 -0.0457656235 -0.0132763004 0.0836145207 0.0874071568 -0.0820033029 -0.0167424716 0.0204864722 -0.0574484244 0.210469365 0.0740261748 -0.0335160457 0.127126053 -0.0406822339 -0.0752961263 -0.0900886431 -0.0743801892 0.121542275 0.0421154611 0.111679561 -0.0459607765 -0.070823364 0.027447179 0.217256412
G277 0.0669550151 -0.0233034175 -0.0877783448 0.0796373412 0.00107258651 0.0591277331 0.0926505998 -0.056341704 -0.0741433054 0.226181448 -0.0135700274 0.196122915 -0.0164192226 -0.0908542424 -0.197139621 -0.00367917982 0.0459177196 0.120871946 0.00558604533 -0.0464495756 0.0177887697 -0.0678759143 0.130037576 0.0396686383 -0.0442355387 -0.112665974 -0.212369263 -0.0258571766 0.0944872871 -0.018637035 0.0247206036 -0.126770362 0.0275416486 -0.0202009454 0.0426126085 -0.106511265 0.0137838842 -0.0716419667 -0.118523568 0.22356835 0.191006631 -0.0448627211 -0.0138444295 0.085051097 0.0865112394 -0.0815865621 -0.0170812681 0.021350285 -0.0575749464 0.210380003 0.074108772 -0.0334765986 0.127533928 -0.0410183556 -0.0754300579 -0.0890070572 -0.0741723999 0.122198738 0.0437793024 0.111899637 -0.0458398014 -0.0708635077 0.0265406966 0.217641264
G280 0.0670942664 -0.0231983308 -0.0877168402 0.0795913115 0.001103046 0.0590238981 0.0926550329 -0.056413196 -0.0740744397 0.226079449 -0.0136250304 0.196108907 -0.0164228063 -0.0907426849 -0.197173074 -0.00371604948 0.0459294654 0.120764658 0.00566664943 -0.0465371758 0.0178185962 -0.0679016486 0.130009919 0.03948614 -0.0441572927 -0.112653099 -0.212385193 -0.0257248413 0.0944009945 -0.0186870322 0.0246835407 -0.12684314 0.0275049862 -0.0201039389 0.0426887907 -0.106594026 0.0136748338 -0.0715757757 -0.118543334 0.223628446 0.191069663 -0.0448639914 -0.0139323287 0.0850160792 0.0864397213 -0.0815937668 -0.0170709305 0.0213898085 -0.0575516038 0.210395545 0.0741285458 -0.0334018841 0.127462298 -0.0409513414 -0.0754026473 -0.088941507 -0.0739880055 0.12219575 0.0438841097 0.111905225 -0.0458559208 -0.0706677511 0.0263422132 0.217542157
G283 0.0665499941 -0.0231900681 -0.0879579633 0.0795409381 0.000945190899 0.059321098 0.092916511 -0.0562837161 -0.0742032453 0.226238817 -0.0136087285 0.196521923 -0.0162527021 -0.0911041126 -0.196975559 -0.00391499745 0.0457209982 0.12123929 0.00520118279 -0.0463271625 0.017703224 -0.0679384619 0.129800677 0.0398527682 -0.0445738845 -0.112990759 -0.21235545 -0.0262861885 0.0948212519 -0.0185306408 0.0253858436 -0.126630247 0.0277743563 -0.0200830027 0.0429569669 -0.106095664 0.0143707804 -0.0719296634 -0.118045002 0.22328563 0.190819815 -0.0448461361 -0.0134302722 0.0846302509 0.0869847909 -0.081833072 -0.017190326 0.0207357891 -0.0576577149 0.210249275 0.0739642158 -0.033687789 0.127709866 -0.0410042293 -0.0753360167 -0.089480482 -0.074917011 0.122089572 0.042904418 0.111889437 -0.0456540808 -0.0712459534 0.0271388683 0.217573449
G286 0.066443041 -0.0233164039 -0.0879038423 0.0796045065 0.000825081428 0.0596038811 0.093019098 -0.0564130023 -0.0742394775 0.226110816 -0.0136310086 0.196629107 -0.0162721332 -0.0912768096 -0.196946397 -0.00391641958 0.0459167957 0.121257149 0.00499899592 -0.0460350215 0.0176610854 -0.0678840801 0.129783198 0.0401145592 -0.0447564386 -0.113082066 -0.212402761 -0.0265355743 0.0950010419 -0.0185233708 0.0253887344 -0.126553088 0.0278661828 -0.0201022811 0.0427947752 -0.105919614 0.0145006077 -0.0719139278 -0.11796917 0.223247826 0.19080691 -0.0448169112 -0.0133047672 0.08448226 0.087052919 -0.0819038823 -0.0172874257 0.0207313728 -0.05766958 0.210122615 0.0741132423 -0.0337575153 0.127726346 -0.0410303213 -0.0754020438 -0.0895606577 -0.0751250833 0.122026503 0.0426870883 0.111983642 -0.0455892719 -0.0714135617 0.0274965055 0.217584133
G289 0.0665814206 -0.0229592789 -0.0880845189 0.0794697478 0.00115422613 0.0593316779 0.0930378437 -0.0563855432 -0.0740697607 0.226282716 -0.0132031338 0.196553513 -0.0162491482 -0.0909439251 -0.196925581 -0.00391641865 0.0458938628 0.12136659 0.00497923931 -0.047047466 0.0175560322 -0.0679919049 0.129607454 0.0392595269 -0.0445325486 -0.11289534 -0.212251678 -0.0261450633 0.0945405439 -0.0186571702 0.0254696421 -0.126975581 0.027820332 -0.019990949 0.0433173105 -0.105878964 0.014815812 -0.0720863268 -0.118006319 0.223341838 0.19064334 -0.0451735295 -0.0135915121 0.0844710767 0.0874220505 -0.0816245452 -0.0169649161 0.0205325633 -0.0575783551 0.210440427 0.0737555474 -0.0338121764 0.127636746 -0.0408096798 -0.075178802 -0.0897651464 -0.0745323896 0.121937968 0.0424334928 0.111760333 -0.0455977842 -0.0712165311 0.0272838473 0.217465311
G292 0.0672052726 -0.0225298386 -0.0873185545 0.0794666037 0.00120797381 0.0599502772 0.0936750323 -0.0575864986 -0.0738697723 0.224946439 -0.0137540586 0.196098194 -0.0160866287 -0.0907315984 -0.197186425 -0.00411667535 0.0459266342 0.120361209 0.00513278181 -0.0464119688 0.0176558364 -0.0674623773 0.129316345 0.0390567183 -0.0445333123 -0.112775736 -0.212626919 -0.0257403608 0.0945939049 -0.0192479417 0.0248539485 -0.127161711 0.0276584122 -0.0192826837 0.0429044627 -0.106337823 0.0138115082 -0.0708799586 -0.117691197 0.223885134 0.191142201 -0.0456490256 -0.0135197872 0.0838656425 0.0869058147 -0.0819111764 -0.0167719051 0.0210468899 -0.0573948212 0.210439816 0.0742903873 -0.0333269536 0.127000257 -0.0407170542 -0.0754497573 -0.0896447003 -0.0739755183 0.121640384 0.0428156927 0.111791417 -0.046086926 -0.0705336928 0.0271068811 0.217295498
G295 0.0670976713 -0.0231336933 -0.0877751261 0.0795505941 0.00118412508 0.0588696562 0.0925845653 -0.0563248545 -0.07408382 0.226186588 -0.0135653783 0.196057096 -0.0164025668 -0.0906539783 -0.197172254 -0.00370820472 0.0458252206 0.120764107 0.00573707372 -0.0466893502 0.0178173371 -0.0679413453 0.130011797 0.0393676348 -0.0440628305 -0.112593524 -0.212346137 -0.025608683 0.0943120047 -0.0186647475 0.0246884711 -0.126883298 0.0274486803 -0.0201286171 0.0427528508 -0.106669731 0.0136396894 -0.0716190338 -0.118594266 0.223629475 0.19107075 -0.0448692814 -0.0139916604 0.0851267949 0.0864230841 -0.0815382376 -0.0169985611 0.0213620216 -0.0575416982 0.210474715 0.074029997 -0.033399757 0.127452895 -0.0409547761 -0.0753642172 -0.0889406353 -0.0738976821 0.122222498 0.0439777635 0.111853369 -0.0458739549 -0.0706291944 0.0261686705 0.217555717
G298 0.0671853572 -0.0230536088 -0.0877651721 0.0795285925 0.0012236411 0.058792159 0.0925755724 -0.0563430898 -0.0740185827 0.2261682 -0.0135670323 0.196040809 -0.0163966622 -0.0905827656 -0.197197258 -0.00371829094 0.0457923226 0.120731436 0.00579246692 -0.0468180031 0.0178303439 -0.067964375 0.129991278 0.0392195508 -0.0439982973 -0.112565428 -0.212341249 -0.0255142711 0.0942324176 -0.0187001433 0.0246682204 -0.126938805 0.0274160765 -0.0200793818 0.0428107977 -0.106725886 0.0135746431 -0.0716011226 -0.118609853 0.223677605 0.191097632 -0.0449121669 -0.0140553368 0.0851425752 0.0864107013 -0.0815285668 -0.0169693641 0.0213736333 -0.0575303212 0.210517958 0.0740041435 -0.0333497711 0.12740916 -0.0409229808 -0.0753297731 -0.0889196694 -0.073748298 0.122222945 0.0440570228 0.111831263 -0.0458945148 -0.070529379 0.0260127224 0.217520699
G301 0.0666237399 -0.0230879076 -0.0880089924 0.0795149505 0.00103173219 0.0591341741 0.0928487629 -0.0562120974 -0.0741385221 0.226332903 -0.0135731902 0.19646506 -0.0162241459 -0.0909980014 -0.196997419 -0.0039192168 0.0455771014 0.121237993 0.00531721534 -0.0465476774 0.0177239925 -0.0679804012 0.129778549 0.0396463349 -0.0444528349 -0.112927973 -0.212322846 -0.0261326265 0.0946898982 -0.0185371842 0.0253869016 -0.126680464 0.0277039874 -0.0200653821 0.0430493392 -0.106194824 0.0142739443 -0.0719539151 -0.118082203 0.223320618 0.190831929 -0.0449050069 -0.0135117471 0.08473216 0.0869802684 -0.0817822516 -0.0171246901 0.0207179375 -0.0576471277 0.210349396 0.073858358 -0.0336392485 0.127679393 -0.0409948677 -0.0752829462 -0.0894528627 -0.0747436807 0.122118063 0.0430500209 0.111816131 -0.0456929281 -0.0711579472 0.0268760491 0.217580587
G304 0.0670181736 -0.0229816306 -0.0879675671 0.0795424879 0.00133249257 0.0589882359 0.0927106589 -0.0563494004 -0.0739520788 0.226340726 -0.0131533956 0.196151927 -0.0163738802 -0.0906354487 -0.197104797 -0.00370397861 0.0459211431 0.121051043 0.00545443734 -0.0473578535 0.01766425 -0.067982696 0.129819766 0.0389308184 -0.0441084914 -0.112541698 -0.212233707 -0.0256247073 0.0941256061 -0.0187542699 0.0248706527 -0.127132058 0.0275415964 -0.0200894549 0.0430707298 -0.106368594 0.0141726248 -0.071860224 -0.118488766 0.223635212 0.190830886 -0.0452353507 -0.0140475808 0.0849811286 0.086969249 -0.0813804567 -0.0168160535 0.0210851189 -0.0575137325 0.210657239 0.07378342 -0.0335605219 0.127461463 -0.0408337787 -0.0752141699 -0.0892963186 -0.0737031326 0.122080982 0.0434159338 0.111705042 -0.0458167531 -0.070797652 0.0264560189 0.217548281
G307 0.0674566329 -0.0223347768 -0.0872236118 0.0793780833 0.00128734903 0.0596969649 0.0936695188 -0.0576878339 -0.0737583935 0.224797696 -0.013854295 0.196041033 -0.0160812698 -0.0905076563 -0.197245643 -0.00418436574 0.0458908193 0.120155893 0.00531622954 -0.0465883687 0.0177184325 -0.0675076321 0.129269153 0.0387078337 -0.0443690084 -0.112743095 -0.212649703 -0.0254668705 0.094420895 -0.0193239618 0.0247897413 -0.127283156 0.0275717266 -0.0191160794 0.0430647805 -0.106512554 0.0135864988 -0.0707591847 -0.117728963 0.223984942 0.191256776 -0.0456450507 -0.013672214 0.0838213488 0.0867644921 -0.0819026604 -0.0167445261 0.0211121179 -0.0573431216 0.210480586 0.0743085518 -0.0331913978 0.126879513 -0.040603105 -0.0753994957 -0.0895130858 -0.0736493543 0.121647492 0.043026831 0.111779593 -0.0461119749 -0.0701664984 0.0267099142 0.217124641
G310 0.0673968941 -0.022368392 -0.0872884244 0.0793815777 0.00130212482 0.0596492104 0.0936108902 -0.0575605221 -0.07381244 0.224930316 -0.0138259064 0.195997074 -0.0160751287 -0.0905210227 -0.197231948 -0.00415423466 0.0457950421 0.120236218 0.00535223214 -0.0466281585 0.017721951 -0.0675062984 0.129317313 0.0387477875 -0.0443479717 -0.112714797 -0.212619096 -0.0254591741 0.0944170952 -0.0192796122 0.0248256885 -0.127246171 0.0275650155 -0.0191805735 0.0430826433 -0.106539577 0.013617455 -0.0708119944 -0.117746919 0.223944709 0.191204533 -0.0456404611 -0.0136568695 0.0839134753 0.086768873 -0.0818717331 -0.0167117491 0.0210884102 -0.0573631898 0.210512295 0.0742278472 -0.0332122184 0.126939386 -0.0406382456 -0.0753953457 -0.089508526 -0.0737194121 0.12168134 0.0430477411 0.111733101 -0.046143245 -0.0702289566 0.026712941 0.217191085
G313 0.14793323 -0.0298904069 -0.0326291621 -0.0236179996 -0.0157861505 -0.052539181 0.106691428 -0.0338475406 -0.0249898713 0.140691131 -0.00179982325 0.0190729499 -0.149745107 -0.0056425631 -0.195463836 0.140907362 0.220931873 0.0461302847 -0.109983273 -0.220869899 -0.0433763489 -0.0745629743 0.153715074 -0.0663810894 0.0185610484 -0.0418866388 -0.191614509 0.122230724 -0.0478816032 0.0113506746 -0.20677802 -0.176030502 -0.0126238996 -0.139071673 0.137668818 -0.0930358768 0.0874561071 -0.0759021193 -0.0342436433 0.193980128 -0.0109515628 -0.0824642405 -0.0383972302 0.0726541281 -0.0169666186 0.142799094 0.0158843119 -0.00893384404 0.081572175 0.0158581045 0.0503673628 -0.00881165173 0.0497187115 0.123061188 -0.010378669 -0.0202874094 0.132091969 -0.0177942384 -0.152309209 0.0727125928 0.0463226326 0.0682527423 0.308463603 0.197811484
G314 0.147886336 -0.0296750534 -0.032685522 -0.0237617232 -0.0156411231 -0.0526756383 0.106828935 -0.0337867402 -0.0250479504 0.140505329 -0.00192069553 0.0192868933 -0.149521694 -0.00549850799 -0.195323691 0.140668228 0.220676973 0.0460925065 -0.109822787 -0.220601931 -0.0433412455 -0.0745612457 0.153348252 -0.0665585026 0.0186479967 -0.0418199822 -0.191593647 0.122426696 -0.0479546264 0.0114222718 -0.206597835 -0.175788656 -0.0126822488 -0.139026523 0.137724608 -0.0929800868 0.0876167044 -0.0758048072 -0.0339155346 0.193739891 -0.011061498 -0.0823181421 -0.0381862223 0.0727074444 -0.0170667786 0.142767936 0.0156823974 -0.00904571917 0.0818269402 0.0159666613 0.0503722616 -0.008755669 0.049640324 0.123158209 -0.0106036123 -0.0203665793 0.132128581 -0.0179431867 -0.152068675 0.0726610124 0.046299614 0.0681482106 0.308183402 0.197640941
G315 0.147903651 -0.0298209153 -0.0326850191 -0.0237313025 -0.0157891698 -0.0525353476 0.106692724 -0.0338565968 -0.0249601118 0.140675038 -0.00175530161 0.0191341061 -0.14970842 -0.00564466417 -0.19539544 0.140913665 0.220895842 0.0461888015 -0.110026062 -0.220977634 -0.043448858 -0.0745807514 0.153601408 -0.066373989 0.0185236093 -0.0418563001 -0.191612512 0.122203171 -0.0478617921 0.0113256052 -0.206761315 -0.176041737 -0.0125558721 -0.139141679 0.137634605 -0.0929176584 0.0875476971 -0.0759389997 -0.0341381058 0.194029763 -0.0109840678 -0.0824537575 -0.0382959433 0.0727334991 -0.0169164576 0.142831683 0.0158516951 -0.00896035694 0.0816385522 0.0158990677 0.0503888093 -0.00878729764 0.0497305542 0.123066708 -0.0104008904 -0.0203972608 0.132157281 -0.0178537667 -0.152335584 0.0727542266 0.0463444255 0.0681587085 0.308442503 0.197790995
G316 0.148004889 -0.0299187358 -0.0325578004 -0.0236139111 -0.0159730799 -0.0525463335 0.106617279 -0.0340283886 -0.02487587 0.140475422 -0.00200887979 0.019049529 -0.149763867 -0.00579314074 -0.195595339 0.141069353 0.221140116 0.0460603982 -0.11004936 -0.220663935 -0.0432739854 -0.074640654 0.153705567 -0.0661162063 0.0185975842 -0.0418099202 -0.191669285 0.122121982 -0.0478209369 0.0115087256 -0.206970632 -0.175973818 -0.0126024038 -0.138957113 0.137582719 -0.0929882154 0.0871588588 -0.0758751333 -0.0343449414 0.19409132 -0.0107212579 -0.0822823495 -0.0384339392 0.0726172775 -0.0171687938 0.142729729 0.0157609805 -0.00889603794 0.0816447437 0.0156479608 0.0505741052 -0.0085521359 0.0498195812 0.12300998 -0.0104094865 -0.0201604459 0.132092953 -0.0177323464 -0.15217796 0.0728915483 0.0464953855 0.0683984533 0.308547258 0.197840765
G317 0.149728745 -0.0301846452 -0.031685926 -0.0236747488 -0.0155464746 -0.053096734 0.10762573 -0.0372126475 -0.0255521405 0.138560757 -0.00294918939 0.0190608688 -0.149218559 -0.00635232963 -0.19592686 0.139669314 0.221479759 0.0441730507 -0.109792396 -0.220427051 -0.0429633595 -0.0750866979 0.152206093 -0.0673023686 0.0185206849 -0.0415517278 -0.191565096 0.122211479 -0.0477111936 0.0123375729 -0.207127392 -0.173949167 -0.013300457 -0.137324333 0.137798533 -0.0930111781 0.0870207623 -0.0749664307 -0.0337260477 0.193975851 -0.0107419416 -0.0821852311 -0.0375357866 0.0702886432 -0.0167968161 0.142937765 0.0147221256 -0.00838158932 0.0824923813 0.0155124506 0.0523210242 -0.0079787178 0.0501230843 0.123436861 -0.0112899868 -0.0193491243 0.133275568 -0.0190213621 -0.151885375 0.0729324371 0.0474960878 0.0700909942 0.308385909 0.195091695
G318 0.149623469 -0.030188119 -0.0317587107 -0.0236255545 -0.0154288271 -0.0530551225 0.107613035 -0.0370037928 -0.0257125273 0.138788089 -0.00280125719 0.0190193448 -0.149239123 -0.0062551694 -0.195881948 0.13958697 0.221318349 0.0441707 -0.109693222 -0.220406324 -0.042943608 -0.0749454647 0.152317345 -0.0673735142 0.0184742901 -0.0416457281 -0.191532567 0.122235037 -0.0477365069 0.0122054536 -0.206942871 -0.173987702 -0.0132846516 -0.137428358 0.137825415 -0.0930816457 0.0871171728 -0.0749609843 -0.0337389149 0.193853915 -0.0108297532 -0.0822764859 -0.0375141725 0.0703313798 -0.0167317335 0.142991364 0.014882518 -0.00844849646 0.0823717415 0.0156687144 0.0521390624 -0.00820164103 0.0500753783 0.12340486 -0.0112799071 -0.0194002707 0.133038953 -0.0189937949 -0.152003467 0.0727843419 0.0472822487 0.0699928477 0.308368325 0.195127815
G319 0.149770722 -0.0303105861 -0.0316842161 -0.0236574076 -0.0156753175 -0.0530294217 0.107520841 -0.0373256244 -0.0255378429 0.138631716 -0.00290615694 0.0189617556 -0.149345532 -0.00649407925 -0.196009815 0.139828935 0.221656203 0.0441605933 -0.109902129 -0.220559329 -0.0429756679 -0.0751056373 0.152357772 -0.0671068057 0.0184393656 -0.0415673293 -0.191575229 0.122021601 -0.047629144 0.0123444665 -0.207240433 -0.174025714 -0.0132170133 -0.137369305 0.137721866 -0.0929629654 0.0869070366 -0.0750332475 -0.0338902511 0.194145083 -0.0106408503 -0.0822075084 -0.0375754274 0.0702676326 -0.0167530179 0.142986268 0.0147925001 -0.00832885131 0.0823923573 0.0154313128 0.0523992851 -0.00796034839 0.0502311662 0.123357162 -0.0112017309 -0.0193126034 0.133223385 -0.0189690869 -0.152026787 0.073018454 0.0475590564 0.0701628402 0.308573008 0.19513385
G320 0.149687856 -0.0303800013 -0.0317140967 -0.0235737264 -0.0156355537 -0.0528972149 0.107469298 -0.0371454656 -0.0255614687 0.138928831 -0.00263250386 0.0188282598 -0.149476394 -0.00644623395 -0.195992917 0.139913291 0.221651763 0.0442851149 -0.109970152 -0.220899016 -0.0430927351 -0.0750092268 0.15262796 -0.0671540126 0.0183473844 -0.041662015 -0.1915676 0.121988676 -0.0476353802 0.0121154422 -0.207234859 -0.174310043 -0.0131579535 -0.137535065 0.137726516 -0.0930134654 0.0870179012 -0.0751158744 -0.0340278484 0.194241941 -0.0107225897 -0.0824412256 -0.037686497 0.0703303218 -0.0165721197 0.143062174 0.0150674824 -0.00829689484 0.0821726844 0.0155252842 0.0522000901 -0.00818738807 0.0501838848 0.123318888 -0.0110234246 -0.0194029175 0.133173853 -0.0188814644 -0.152305603 0.0729257315 0.0474054441 0.0700534657 0.308717728 0.195310235
G321 0.149761289 -0.0303442646 -0.0315977335 -0.0234637018 -0.0157131478 -0.053033676 0.107446916 -0.0372505039 -0.02560612 0.138557971 -0.00314356899 0.0188656524 -0.149351478 -0.0065152524 -0.196181461 0.139841661 0.221674711 0.0439707339 -0.109733537 -0.219946682 -0.0426671021 -0.0750139207 0.15249972 -0.0669394955 0.0185313262 -0.0416144542 -0.191609621 0.122029096 -0.0476313345 0.0124447048 -0.20719853 -0.173893645 -0.013301624 -0.137187198 0.137706175 -0.0931648687 0.0865029097 -0.0748987943 -0.034079764 0.193969727 -0.010412463 -0.0820284709 -0.0377007686 0.0701747909 -0.0170731898 0.142861784 0.0147893773 -0.00838194881 0.0823193565 0.0153165013 0.0524019413 -0.00788873527 0.0502398871 0.123280242 -0.0112710344 -0.0190619174 0.132844806 -0.018810926 -0.15183951 0.0729943439 0.0474646389 0.0703316331 0.308551133 0.195207581
G322 0.147879362 -0.0298999101 -0.0326413587 -0.0235992055 -0.015780326 -0.0525024012 0.106676862 -0.0337768272 -0.0249949489 0.140774623 -0.00173120585 0.0190533753 -0.149762765 -0.00560966926 -0.195454389 0.140925556 0.22091879 0.0461744256 -0.109993815 -0.220946074 -0.0433998965 -0.0745231882 0.153779149 -0.066388391 0.0185491089 -0.0419057496 -0.191613033 0.122232743 -0.0478956364 0.0112948902 -0.206764668 -0.176110223 -0.0126021551 -0.13911584 0.137678698 -0.0930457562 0.0874918252 -0.0759144723 -0.0342642032 0.193995044 -0.0109721925 -0.0825158954 -0.0384158343 0.0726842433 -0.016932616 0.142805159 0.015947504 -0.00893818866 0.0815234706 0.0159016196 0.0503102727 -0.00886465702 0.0497045554 0.123048194 -0.0103410557 -0.0203310624 0.132066697 -0.0177581459 -0.152358264 0.0726832226 0.0462691039 0.0682092234 0.308480978 0.197875515
G323 0.14969717 -0.0301289745 -0.0317113809 -0.0236984137 -0.0154998228 -0.05314105 0.107644506 -0.0371705107 -0.0256224386 0.13852261 -0.00302881235 0.0191165898 -0.149139404 -0.00631745066 -0.195900664 0.139569074 0.221367463 0.0441055708 -0.109684266 -0.220200658 -0.042874977 -0.0750510469 0.152102128 -0.0673241243 0.0185468644 -0.0415577926 -0.191551387 0.122247033 -0.0477256998 0.0123825092 -0.207006872 -0.173807502 -0.0133200539 -0.13728027 0.137808815 -0.093018733 0.0870041475 -0.0749156773 -0.033644706 0.193830982 -0.0107433451 -0.0820993558 -0.0374574885 0.0702842772 -0.0168792736 0.14291431 0.0146605391 -0.00845218729 0.0825467557 0.0155544253 0.0523168854 -0.00797325466 0.0501197018 0.123440884 -0.0113899428 -0.0193349663 0.133151114 -0.0190519206 -0.151783407 0.0728943497 0.0474416539 0.0700846687 0.308279365 0.195017919
G324 0.149644077 -0.030087987 -0.0317249671 -0.0236839056 -0.0154673541 -0.0531340018 0.107646324 -0.0370799899 -0.0256567057 0.138537675 -0.00302659278 0.0191176906 -0.149114862 -0.00626604119 -0.195894152 0.139546812 0.22130613 0.0441021994 -0.109634385 -0.220098972 -0.0428387001 -0.0749949291 0.152110457 -0.0673264563 0.0185625944 -0.0415668227 -0.191556945 0.122289948 -0.0477476344 0.0123533932 -0.206959471 -0.173812166 -0.013323619 -0.137291729 0.137815922 -0.0930428728 0.0869935304 -0.0748824701 -0.033629287 0.193769753 -0.0107391877 -0.0820812657 -0.0374474451 0.0703159273 -0.0169333797 0.142902851 0.0146862324 -0.00848888792 0.0825480968 0.015586948 0.0522643737 -0.00799532514 0.0500885434 0.123432823 -0.0114180278 -0.0193450581 0.133063912 -0.019027004 -0.151760489 0.0728594214 0.0473700725 0.0700473189 0.308248997 0.195055217
G325 0.149798065 -0.0302216373 -0.0316508412 -0.0237116292 -0.0157191921 -0.0531081632 0.107554726 -0.0374109261 -0.0254808292 0.1383854 -0.00311020878 0.01905361 -0.149237186 -0.00650540181 -0.196026325 0.139804035 0.221664459 0.0441017933 -0.109863944 -0.220294759 -0.0428966507 -0.075161472 0.152169943 -0.0670496896 0.0185230058 -0.0414790995 -0.191601455 0.122073084 -0.0476367697 0.012487161 -0.20728524 -0.173872709 -0.0132567137 -0.137253121 0.137709603 -0.0929217115 0.0867975876 -0.0749619976 -0.033792112 0.194091409 -0.0105542019 -0.0820249915 -0.0375148654 0.0702601969 -0.0169373043 0.142911121 0.0146074332 -0.00835190061 0.0825676098 0.0153434537 0.052528359 -0.00776016526 0.0502435043 0.123384006 -0.0113270497 -0.0192613006 0.133274421 -0.0190002955 -0.151803821 0.0731012747 0.0476620235 0.0702142715 0.308473319 0.195072085
G326 0.149764359 -0.030156374 -0.031558495 -0.0235391334 -0.0156462695 -0.0531852059 0.107590362 -0.0372671373 -0.0255761575 0.138229787 -0.00339094177 0.0190551281 -0.149131209 -0.0063974564 -0.196129978 0.139668778 0.221548885 0.043909654 -0.109600477 -0.219580695 -0.0425828174 -0.0750583857 0.152171001 -0.0670590177 0.0186972804 -0.0414995514 -0.191625416 0.122263573 -0.047721222 0.0126032205 -0.207167491 -0.173661411 -0.013423048 -0.137027711 0.137777001 -0.0931614265 0.0865157396 -0.0747563839 -0.0338256173 0.193768829 -0.0104236612 -0.0818224773 -0.0375914723 0.0701656938 -0.0172996018 0.142754868 0.0145272892 -0.00843903329 0.0826084018 0.015293967 0.052485384 -0.00769324694 0.0501634888 0.123387419 -0.0114876144 -0.0190379322 0.132968828 -0.018897254 -0.15148437 0.0730024874 0.0475367717 0.0703413263 0.308299273 0.195087805
G327 0.147726581 -0.029881943 -0.0327725969 -0.0235487465 -0.0155870207 -0.0524590723 0.106657825 -0.0334527232 -0.0252422169 0.141109079 -0.00152551034 0.019016549 -0.149774864 -0.00546411099 -0.195364028 0.140770867 0.220637992 0.0461619273 -0.109823376 -0.22086677 -0.0433624983 -0.0743260831 0.153890073 -0.0665021911 0.0184748769 -0.0420465581 -0.19155556 0.122261994 -0.0479229391 0.0111099035 -0.206444353 -0.176118687 -0.0125798052 -0.139279157 0.137707502 -0.0931405276 0.0876462832 -0.0759142265 -0.034251228 0.193780795 -0.0111164264 -0.0826301426 -0.0383581482 0.0727710873 -0.016834775 0.142889962 0.0161600374 -0.00906087551 0.0813625231 0.0161485542 0.0500306413 -0.00920523424 0.0496305823 0.123006783 -0.0103514502 -0.0204082131 0.13169384 -0.0177474432 -0.152515605 0.0724611655 0.0459416956 0.0680424497 0.308413059 0.197900712
G328 0.147854269 -0.0298697501 -0.0327094868 -0.0236272346 -0.0156933367 -0.0525595173 0.106688589 -0.0337091684 -0.0251276735 0.140819162 -0.00175665459 0.0191139076 -0.149708837 -0.00557135046 -0.19540365 0.14078562 0.220768228 0.046097707 -0.109866612 -0.220744595 -0.0433283038 -0.0744842589 0.153686523 -0.0664297417 0.0185471587 -0.0419392399 -0.191572756 0.122243382 -0.0478971265 0.011328306 -0.20657666 -0.175940618 -0.0126192328 -0.139127314 0.137688562 -0.0930633917 0.0875399113 -0.0758929402 -0.0341820195 0.193828762 -0.0110267978 -0.0824576616 -0.0383160748 0.0726968497 -0.0169412382 0.142824262 0.015905926 -0.00902224984 0.0815478861 0.0159932133 0.050269179 -0.00894808304 0.0497016981 0.123045601 -0.0104399556 -0.0203237403 0.131893978 -0.0178182777 -0.152305752 0.0726103634 0.0461847559 0.0681749284 0.30836153 0.197770849
G329 0.0779508352 -0.106199495 -0.0521917455 0.0704935193 -0.0250786096 -0.00553928036 0.0476050638 0.0207637921 -0.0208607409 0.278989792 0.0676106289 -0.00710596563 -0.0809260458 0.0323625505 -0.170600533 0.0244361646 0.186295897 0.0241238121 -0.137108296 -0.34197557 -0.00607962208 0.0311431605 0.0587407574 -0.118697979 0.0373700485 0.126003206 -0.237716809 0.151985884 -0.198594466 0.0575330928 -0.0148963835 -0.122644238 -0.156590208 -0.109351955 0.191961125 -0.0782502517 0.186452597 -0.0752167404 -0.0568115227 0.21311374 -0.091414392 -0.211099833 -0.0808579102 0.117726922 0.0405879281 0.0620633811 0.0924109742 -0.0585497692 0.0338914953 0.149637029 -0.106511213 0.0556796789 0.0742353573 0.19139646 -0.0414089113 -0.048722174 0.190319449 0.0991261229 -0.077159293 -0.111305259 0.0120192012 -0.0650369376 0.18252103 0.304010093
G330 0.0784830302 -0.106189139 -0.051955346 0.0707067549 -0.0248357337 -0.00584676862 0.0479122065 0.019952381 -0.0211830195 0.278774172 0.0675781593 -0.00726815732 -0.0806858316 0.0321102142 -0.170860961 0.0243407711 0.186176881 0.0234980416 -0.136997283 -0.34198308 -0.00604811311 0.0312578268 0.0586223789 -0.119232431 0.0371618308 0.126033127 -0.237868533 0.151904702 -0.198517069 0.057454776 -0.0149515029 -0.122114316 -0.156681865 -0.108901896 0.192078859 -0.078359589 0.186451778 -0.0750484169 -0.0568755344 0.213216037 -0.0913815051 -0.211198092 -0.0807735696 0.116924465 0.0407720655 0.0621467046 0.0925630704 -0.0584402084 0.0339411125 0.149549901 -0.105963208 0.0556192771 0.0743688866 0.191562146 -0.0416471772 -0.0484880283 0.190463737 0.0990531147 -0.0773827061 -0.111478202 0.012399639 -0.0647275597 0.182654887 0.303360373
G331 0.0730406493 -0.106051058 -0.0524897203 0.0699069202 -0.0243642293 -0.000583432557 0.0472658016 0.0238424577 -0.0185429454 0.27714166 0.0679530278 -0.00494760321 -0.0815209448 0.0360163301 -0.172400475 0.0259498134 0.18579866 0.0231294781 -0.136853591 -0.341571271 -0.00738398219 0.0335303247 0.0610262044 -0.11877244 0.0384543613 0.127260908 -0.234806851 0.15048252 -0.197177395 0.0585783944 -0.0151126664 -0.123424284 -0.156812608 -0.109295726 0.191886649 -0.0767449886 0.18592231 -0.0715283975 -0.0556312576 0.211014703 -0.0925278962 -0.212298706 -0.0811197609 0.119281888 0.0411777794 0.0626444072 0.0932035297 -0.0599061996 0.0327119157 0.150791302 -0.10678193 0.0549240373 0.0734610781 0.190043733 -0.0410284363 -0.0513829477 0.190065503 0.102458835 -0.0761070102 -0.113367252 0.011124677 -0.0669895783 0.183556393 0.308371186
G332 0.0790876448 -0.106063522 -0.0519247092 0.0707126856 -0.0245877728 -0.00609093532 0.0481593087 0.0194885973 -0.0213260408 0.278475791 0.06757579 -0.00737331621 -0.0808132589 0.0318868123 -0.171054631 0.0245206766 0.186056226 0.0230554976 -0.136971727 -0.341810346 -0.00615638774 0.0311743654 0.0587890036 -0.119596645 0.0368738286 0.125837594 -0.238106117 0.151766598 -0.198237985 0.0571528859 -0.0150182769 -0.121733941 -0.156685278 -0.108743533 0.19197163 -0.07841295 0.186339706 -0.0748663396 -0.0570000745 0.213348761 -0.0912975967 -0.211127132 -0.080816336 0.116434641 0.0408998728 0.0622311085 0.092640385 -0.0583244599 0.0339330696 0.149123475 -0.105471864 0.0555556454 0.0743484721 0.191838816 -0.0416634977 -0.0481686406 0.19047761 0.0989873111 -0.0777435228 -0.111361481 0.0128780808 -0.0645546317 0.18292515 0.302734822
G333 0.0790667757 -0.106024235 -0.0519309118 0.0707141086 -0.0245826654 -0.00605951622 0.0481570847 0.019535251 -0.0212932173 0.278483808 0.0675956905 -0.00738215167 -0.080807738 0.0319078155 -0.171049505 0.0245550163 0.186032683 0.023099089 -0.13698262 -0.341819257 -0.00617575878 0.0311928689 0.058807496 -0.119605757 0.0368668027 0.125835568 -0.238124847 0.151778698 -0.198232904 0.0571025088 -0.0150276581 -0.121792234 -0.156668365 -0.108762808 0.191955328 -0.078412734 0.186325014 -0.0748678446 -0.0569996573 0.213368759 -0.091287896 -0.211141124 -0.0808304101 0.116480358 0.0408914536 0.0622203052 0.0926728547 -0.0583354011 0.0339236818 0.149132699 -0.105500542 0.0555573776 0.0743220523 0.191832975 -0.0416394025 -0.0482015237 0.1904791 0.0990130305 -0.0777510032 -0.111354813 0.0128465146 -0.0645939484 0.182927623 0.302778304
G334 0.0785505474 -0.105883271 -0.0521467663 0.0702721775 -0.0249811243 -0.00573812472 0.0478293486 0.0204453059 -0.020721944 0.278337538 0.0674059987 -0.00715175271 -0.0811981782 0.0322972722 -0.170698345 0.024700921 0.186403602 0.023760153 -0.137193337 -0.341559649 -0.00623351755 0.0309278183 0.0587979555 -0.118945375 0.037116494 0.125820577 -0.238022223 0.151975647 -0.198233858 0.057211969 -0.0150566893 -0.122524515 -0.156589583 -0.109270789 0.191694304 -0.0782554001 0.186196715 -0.0749805123 -0.0568816513 0.213311613 -0.0912052691 -0.210826114 -0.08104752 0.117471352 0.0404828787 0.0620803572 0.0923674554 -0.0584219359 0.033958625 0.149007276 -0.106074974 0.0557892136 0.0740116984 0.191755548 -0.0414348245 -0.0483118705 0.190499231 0.099028796 -0.0774702355 -0.110909596 0.0125153419 -0.0648733452 0.182746589 0.303525299
G335 0.0917583108 0.0136151956 -0.0267044213 -0.00221141009 0.00478853146 -0.0643523932 0.101062946 0.0236916561 -0.0307484344 0.197249696 0.0336918272 0.0220827907 -0.156185299 0.0224120077 -0.210356206 0.135170177 0.226199597 0.0882172436 -0.0855268687 -0.233805314 -0.0227454714 -0.0460200794 0.212339044 -0.0994758382 0.0407333449 -0.059256345 -0.18508704 0.162914425 -0.0632916316 -0.0411811545 -0.175703347 -0.230048016 -0.00319032138 -0.104105555 0.157765031 -0.128659859 0.0964067951 -0.114738241 -0.042883426 0.214864612 0.0634736866 -0.0526535027 0.00365117216 0.0611328632 -0.0413760766 0.12653175 0.0774003863 -0.0183855351 0.0621326976 0.0286875237 0.0182331428 -0.00352044217 0.072279647 0.13205342 -0.0193641558 -0.0279031023 0.103745885 0.00331069366 -0.157562405 0.0486399606 0.028920304 0.0143190259 0.305763096 0.225668684
G338 0.091659002 0.0126618231 -0.0288027301 -0.00141294068 0.00375853083 -0.0680248961 0.0964913517 0.0264808647 -0.0332672969 0.201903909 0.0340475515 0.0252539013 -0.156759977 0.0223410036 -0.209212348 0.135262936 0.224426791 0.0909717828 -0.0843908787 -0.230876997 -0.0238523912 -0.0477463156 0.216011554 -0.0964292511 0.0385155007 -0.0595219508 -0.185605839 0.160723686 -0.0647144169 -0.0386810713 -0.174592599 -0.228403807 -0.00235980889 -0.107428402 0.157718703 -0.126103103 0.09853369 -0.11924611 -0.0453474559 0.213193431 0.065263629 -0.0465664528 0.00406815112 0.064790003 -0.0418232828 0.124215856 0.0774549395 -0.0176024344 0.0606949776 0.0279404055 0.0196690653 -0.00495596137 0.0752971917 0.132440507 -0.0207184143 -0.0274541881 0.103583515 0.00662042946 -0.155359805 0.0511807315 0.0321310014 0.0128930174 0.306039751 0.221579328
G341 0.0908621922 0.0143008502 -0.0271614492 -0.00210854551 0.005060683 -0.0644129738 0.0997465029 0.023683494 -0.0323952362 0.197052076 0.0347724333 0.0232414883 -0.155116871 0.0247832164 -0.21048598 0.132501423 0.225249991 0.0878709331 -0.0846096128 -0.233111247 -0.0245988481 -0.0450247489 0.210580677 -0.100510441 0.0407714806 -0.0582593754 -0.185047567 0.163436025 -0.0635498315 -0.0409148894 -0.175322428 -0.229178086 -0.00415939325 -0.105296418 0.15741466 -0.126973525 0.0985437483 -0.11554341 -0.0417487882 0.214465082 0.0624002516 -0.0533119701 0.00449678861 0.0616106801 -0.0406486578 0.126232833 0.0785157457 -0.019235095 0.0626840144 0.0298810229 0.01709003 -0.00417506834 0.0718448013 0.131771103 -0.0209498033 -0.0285643674 0.105258882 0.00272603333 -0.156637937 0.0475861244 0.0279278476 0.0130116623 0.304779977 0.225065246
G344 0.0918471292 0.0127242561 -0.0288193449 -0.00144923013 0.00383843388 -0.0681015104 0.0964906514 0.0264687445 -0.0331595577 0.201931968 0.0341341421 0.0251460783 -0.156754732 0.0224119723 -0.209208548 0.135228977 0.224421456 0.0910858065 -0.0841779336 -0.231304646 -0.0239636526 -0.0477572419 0.216088787 -0.0966494605 0.038616877 -0.0594589822 -0.185515031 0.160913482 -0.0648861453 -0.0388824493 -0.174836382 -0.2286717 -0.00240821042 -0.107402265 0.157806277 -0.126120254 0.0985035226 -0.119273052 -0.0454323627 0.213349536 0.0652757883 -0.0467258804 0.00387954642 0.0648384318 -0.0418223217 0.124365091 0.0775991678 -0.0174173098 0.0606761053 0.028066393 0.0196131729 -0.00487693259 0.0752970055 0.132531822 -0.020676475 -0.0273602679 0.104011104 0.0067170551 -0.155191705 0.0510980226 0.0320517793 0.0130137792 0.305919021 0.221545488
G347 0.0917990506 0.0136160711 -0.0267341193 -0.00224082079 0.00481860619 -0.0644230023 0.101127706 0.0236555785 -0.0307813529 0.197244987 0.0336694494 0.0220408887 -0.156129479 0.0223618001 -0.210386023 0.135131925 0.226167381 0.0882897601 -0.0854115784 -0.233862668 -0.0227972884 -0.0460227691 0.212282404 -0.0994642973 0.0407997891 -0.0592198856 -0.185045823 0.162990823 -0.063348107 -0.0411740839 -0.175704345 -0.230035678 -0.00323921558 -0.104134031 0.157824486 -0.128637627 0.096476689 -0.114760429 -0.0427891985 0.214874521 0.0634376407 -0.0527035147 0.00367124681 0.0611080602 -0.0414141417 0.126566976 0.077399306 -0.0183983259 0.0621796884 0.0286897067 0.0181818735 -0.00350249722 0.0723616406 0.132062688 -0.0194575749 -0.0278323609 0.103703454 0.00324363355 -0.157568768 0.0485545434 0.0289173536 0.0142657058 0.305799693 0.225710124
G350 0.0926929563 0.0119960587 -0.0283678621 -0.00154730515 0.00347313122 -0.0680246577 0.0978746042 0.0265686456 -0.0316031501 0.202053547 0.032930389 0.0240317788 -0.15782848 0.0200098269 -0.209079117 0.137913778 0.22533074 0.0915061757 -0.085107848 -0.231722683 -0.0220355447 -0.0486727841 0.217895776 -0.0954609886 0.0385454707 -0.0604703538 -0.185582474 0.160419375 -0.064527452 -0.0390821658 -0.17508857 -0.229457125 -0.00145964127 -0.106286816 0.158205017 -0.1278487 0.0964616314 -0.118433118 -0.0464406908 0.213650525 0.0663179532 -0.0459714122 0.00318459538 0.0643586442 -0.0426705927 0.124625355 0.0764527991 -0.0166349299 0.0601709411 0.0268005338 0.020768363 -0.00419280026 0.0757646486 0.132785395 -0.0192262046 -0.0267116055 0.102182232 0.00726122735 -0.15620026 0.0521570481 0.0330300406 0.0142934285 0.307071626 0.222174212
G353 0.172946393 -0.101932146 -0.185168192 0.138991773 0.131842911 0.0183941294 0.230914369 0.0262874477 -0.0735823289 0.271848351 -0.117866762 0.0393820405 -0.0816783905 -0.23296912 -0.146813989 0.0348231345 0.120380029 0.074975878 0.0645163357 -0.00533113629 0.114137232 -0.0402441062 0.239593774 0.132711992 0.0623766519 -0.0779628754 -0.25696075 0.145313606 -0.0210643876 0.00997400004 -0.0096902689 -0.115787707 0.0522152968 -0.145477802 0.0940726176 -0.0717627779 0.045937147 -0.0959246606 0.0493486188 0.227092803 0.11431659 0.0238820352 -0.10421817 0.0430805497 0.0235791914 0.111314595 0.0590897985 0.0401285999 0.03179048 0.0524384305 0.0678580403 0.0200119242 0.0507885441 0.0992633179 -0.000611669209 0.0460601673 -0.147595897 0.0596342385 0.0246112421 0.147725642 0.0284554623 -0.0171299744 0.0274275318 0.272361666
G356 0.0919299796 0.0126914605 -0.0259258412 -0.00314075057 0.00334645319 -0.0637412369 0.102510653 0.0252511483 -0.0285599716 0.196269706 0.0318138041 0.0224979948 -0.159069076 0.0199300386 -0.209842101 0.139508247 0.226633802 0.0889779106 -0.0866913944 -0.232931599 -0.0204074644 -0.0478168391 0.218200833 -0.0949994251 0.0405891947 -0.062809445 -0.185134605 0.160990492 -0.0629316866 -0.0414949395 -0.176154628 -0.231597513 -0.000841374218 -0.103474401 0.158963099 -0.129985094 0.0923468322 -0.112909578 -0.0453313477 0.214346886 0.0658105835 -0.0491593406 0.00262920232 0.0609658398 -0.0426268317 0.125699937 0.0753790215 -0.0165639576 0.0607744753 0.0248393491 0.0206653662 -0.00316561037 0.0724842846 0.132962674 -0.0156573784 -0.0279565044 0.101644345 0.00628715102 -0.158506066 0.0525711328 0.0309100188 0.0162702259 0.308313698 0.224868804
G359 0.0909274668 0.0140624745 -0.0272755362 -0.00196558051 0.00490024453 -0.0642678291 0.0997330621 0.0237675514 -0.0327042565 0.197298184 0.0346691832 0.0232431553 -0.15535602 0.0245528519 -0.210214883 0.132695884 0.225093752 0.0879020169 -0.0850097016 -0.232508957 -0.0242997836 -0.0450479314 0.2107099 -0.0999749452 0.0401914679 -0.058432661 -0.185320586 0.163194418 -0.0633795485 -0.0408410244 -0.175159127 -0.229012325 -0.00415970106 -0.105578512 0.157204941 -0.127014235 0.0985125527 -0.115469888 -0.0417544432 0.214216247 0.0624764226 -0.0531235971 0.00473083556 0.0617677383 -0.0405344293 0.126111597 0.0784261227 -0.0191970225 0.0627176911 0.0297209956 0.0171721596 -0.00415881444 0.0718691424 0.131796181 -0.0209652781 -0.0287198424 0.104693003 0.00259342114 -0.156997666 0.0479257219 0.0280251242 0.0130190616 0.305061638 0.224711165
G362 0.0916481391 0.0126622105 -0.02879484 -0.00142638246 0.00375117897 -0.0680013672 0.0964951143 0.0264819823 -0.0332431383 0.201891214 0.0340591185 0.0252614021 -0.156788617 0.0223460272 -0.209219202 0.135290638 0.224450439 0.09097258 -0.0844068527 -0.230906203 -0.0238794256 -0.0477549322 0.216051728 -0.0964097828 0.0385206342 -0.0595355928 -0.185598165 0.160710827 -0.0647073165 -0.0386923924 -0.174612105 -0.228433847 -0.00234943721 -0.107437193 0.157719672 -0.126099914 0.098519668 -0.119239002 -0.0453599989 0.213218004 0.0652746633 -0.0465726666 0.0040586926 0.0647915229 -0.0418136939 0.124221399 0.0774606317 -0.0175924972 0.0606848188 0.0279179569 0.0196741764 -0.00495933043 0.0752951056 0.132443577 -0.0206861906 -0.0274621025 0.103599623 0.00663442025 -0.155383542 0.0512009747 0.0321383178 0.0128839435 0.306069046 0.221596941
G365 0.175740749 -0.102512762 -0.185967445 0.140053958 0.131734848 0.0159182381 0.229869813 0.0253000017 -0.075283289 0.274839997 -0.118485577 0.0386291444 -0.0805145875 -0.23449254 -0.14591752 0.0345762372 0.119824372 0.0763360411 0.0649612099 -0.00492781028 0.114557177 -0.0406823158 0.237539053 0.132249609 0.0608420111 -0.0755573064 -0.258110791 0.14535965 -0.0222904477 0.0109978635 -0.00981988199 -0.115052789 0.051570449 -0.145524099 0.0939193442 -0.0724094957 0.0477581024 -0.0993632972 0.0487177297 0.227922261 0.114752144 0.0242090933 -0.104415357 0.0443112701 0.0235758722 0.111148536 0.0599753447 0.0405651778 0.0323307998 0.0544564165 0.0684039444 0.0201909076 0.0526017919 0.09951704 -0.00358295208 0.0472202152 -0.147317991 0.0585262068 0.0250319261 0.14672789 0.02909768 -0.016595671 0.0265502911 0.271060765
G368 0.0923533514 0.0120966583 -0.0285818633 -0.00148584193 0.00343546248 -0.068256788 0.0979079604 0.0267328303 -0.0317094289 0.202312723 0.0331279896 0.0245844983 -0.157650784 0.0200235844 -0.208994702 0.137673005 0.225136071 0.0916605815 -0.0849835277 -0.231471181 -0.0220373292 -0.0489772782 0.217797861 -0.095337905 0.0385110974 -0.0608027615 -0.185479254 0.160197839 -0.0647262931 -0.0388344489 -0.174594164 -0.229249611 -0.0014294876 -0.106309801 0.158446223 -0.127645493 0.0965618268 -0.118559882 -0.0463965945 0.213040635 0.0663595498 -0.0456487723 0.00326740742 0.0643521473 -0.042281989 0.12447235 0.0762715191 -0.0171490107 0.0603672415 0.0267174821 0.0207492188 -0.0045732893 0.075834319 0.132788822 -0.0191466101 -0.0269646402 0.10151203 0.00721395062 -0.156336799 0.0522165857 0.0333957262 0.0139391674 0.307079703 0.221867532
__smartatpg_bin_92_1 0.186711326 -0.128088176 -0.129647523 0.116091095 0.132047251 0.0276059359 0.247100517 0.0926770195 -0.122774586 0.28574571 -0.0663439035 -0.106030755 -0.0890706405 -0.0844875723 -0.135247633 0.0342091024 0.228034735 0.00922197662 -0.00487277471 -0.157784596 0.106911562 0.061736051 0.204486638 0.00970136467 0.0930037722 -0.0473614782 -0.278528094 0.313051015 -0.145618975 -0.036236275 -0.0925293118 -0.187046349 -0.0430421047 -0.239039853 0.167919561 -0.0836569145 0.143004611 -0.0655446202 0.0965612307 0.184080631 -0.0823239461 -0.0878511444 -0.129656851 0.0123725515 -0.108440407 0.242599875 0.135894448 -0.0119878678 0.0782649368 0.0291272961 -0.0575889833 0.0243500695 -0.0467142835 0.191412315 0.0285100266 0.0583537333 -0.0709658712 -0.0427007973 -0.106796607 0.0493727662 -0.0650343671 0.10272304 0.177146584 0.326746464
G371 0.174435064 -0.0787368417 -0.172749192 0.159186214 0.129610971 0.0114637874 0.164505333 0.00426189881 -0.040844366 0.283392787 -0.158347607 0.0469112135 -0.0540474094 -0.248436242 -0.147618994 -0.0192938764 0.0719262213 0.0495828241 0.0735696182 0.0138412481 0.159137309 -0.0480280444 0.184923053 0.0389744937 0.0849164352 -0.114463732 -0.243014038 0.109263904 -0.0281257704 0.0213333443 0.0671186224 -0.0541018732 0.0292804986 -0.0419788212 0.0757658556 -0.0769558474 -0.0219686609 -0.134837165 0.0379603021 0.208148777 0.126119748 0.0245205723 -0.136750028 -0.00513697881 0.0403899439 0.0268364847 0.0302695502 -0.00860199053 -0.0211126264 0.0772791803 0.0728053078 0.0375796035 0.0569900051 0.0958498418 0.0373309776 0.049284257 -0.120792449 0.0472988561 0.114236772 0.135146841 0.00511517096 0.0180920735 -0.129590079 0.239243969
G374 0.0917030722 0.0134051405 -0.026700696 -0.00205260795 0.00460304786 -0.0638589188 0.101169303 0.0238288473 -0.0307658687 0.197187334 0.0334883295 0.0221030898 -0.156408653 0.022433199 -0.210211962 0.135395959 0.226183087 0.0882046074 -0.0858696327 -0.233149603 -0.0225692391 -0.0457211323 0.212552562 -0.0991630256 0.0402556472 -0.0594703741 -0.185164094 0.162750334 -0.0630218163 -0.0412003323 -0.175521001 -0.229907855 -0.00320791383 -0.104306795 0.157514647 -0.128765032 0.0963492543 -0.114407293 -0.0427406505 0.214649811 0.0634940416 -0.0526670143 0.00398152508 0.0612356812 -0.0413082838 0.126441494 0.0773612484 -0.0183169339 0.062068101 0.0286442004 0.0183500573 -0.00343299937 0.0721286684 0.132027656 -0.0194393881 -0.0280725341 0.103244968 0.00321478117 -0.157840341 0.0487535223 0.0287501253 0.0142821539 0.306169719 0.225560695
G377 0.0923521966 0.0122314719 -0.0283991192 -0.00146542001 0.00348016596 -0.0680623204 0.0980903506 0.0264989007 -0.0316424742 0.202078164 0.033093553 0.0243743416 -0.15745993 0.0202515274 -0.209049761 0.13745521 0.225269824 0.0914856941 -0.0850018114 -0.231460303 -0.0220913216 -0.0487160906 0.217442602 -0.095708698 0.0385228917 -0.060612604 -0.185506478 0.16042614 -0.0647399351 -0.0389550962 -0.174566969 -0.229413763 -0.00157261535 -0.106136486 0.158393472 -0.127750665 0.0966029316 -0.118383907 -0.0462282263 0.213173136 0.0663316846 -0.0459442884 0.00326750521 0.0641820207 -0.0423336737 0.124452956 0.0764744356 -0.0172209796 0.060379643 0.0270122308 0.0206122678 -0.00450438587 0.0755887479 0.132746413 -0.0193856359 -0.0270026028 0.101659864 0.00704404898 -0.156403273 0.0519544147 0.0330983587 0.0139542492 0.306971192 0.222016886
G380 0.0711710453 -0.0632931143 -0.0201621559 0.0457096733 -0.0251500066 -0.0181995146 0.0202454254 0.0935714915 -0.0242119785 0.193838626 0.112706907 -0.0237398241 -0.0820958316 0.0427943356 -0.125812441 0.0433914028 0.187857181 0.0894769654 -0.124632865 -0.342443287 -0.0515957065 0.0762241483 0.110376671 -0.163793921 0.0227813013 -0.00544292014 -0.249046907 0.201038316 -0.148915067 -0.0649748892 -0.00786764361 -0.239275187 -0.0352705345 -0.12394803 0.172227263 -0.0582014285 0.190443218 -0.111674108 -0.0880437121 0.206060052 -0.0854827985 -0.16914396 -0.0878674239 0.0648747906 0.0070381104 0.0433052443 0.0625332519 -0.0511930622 -0.0094807893 0.0598405227 -0.0883868933 0.0227165539 0.00986153074 0.166510954 0.0909257829 -0.046609886 0.131376386 0.122706428 -0.120526567 -0.0463326983 -0.0188822132 -0.0215484221 0.1780442 0.227434501
G381 0.071190536 -0.0631606653 -0.0202335063 0.0457208306 -0.0250927657 -0.0181614701 0.0202673431 0.0936930478 -0.024155559 0.193922043 0.112824045 -0.0237885453 -0.0821099654 0.0427699573 -0.125807732 0.043533951 0.187713981 0.0896177217 -0.124670245 -0.342469931 -0.0516758412 0.0762499124 0.110511161 -0.163852245 0.0227013752 -0.00548239192 -0.249135599 0.201032132 -0.148862645 -0.0651766211 -0.00788841117 -0.239416629 -0.0351801403 -0.124045253 0.172162354 -0.0582146756 0.190407917 -0.111713454 -0.0880872086 0.20615837 -0.0854517296 -0.169180915 -0.0879071727 0.065004237 0.00707229413 0.0433094576 0.0626587123 -0.0512146652 -0.0095295487 0.0598327965 -0.088444978 0.0226795916 0.00979399309 0.166534111 0.0910203308 -0.0467040204 0.131335601 0.122786507 -0.120616451 -0.0462825596 -0.0189248621 -0.0216844678 0.178105772 0.227509201
G382 0.0695542246 -0.0510329939 -0.0724210292 0.118807174 -0.0245060567 0.0302644633 0.0196371637 0.0381091237 -0.0533640347 0.282255143 0.111123413 0.0411827303 0.0102487691 -0.0337155759 -0.11171449 -0.0396078452 0.0701081604 0.186152607 -0.0599753596 -0.248868763 -0.0179753117 0.0403004251 0.0693326816 -0.111303411 -0.0146839079 -0.0514730737 -0.272107422 0.115732975 -0.0714159682 -0.0613345318 0.116491556 -0.18588531 -0.0249419715 -0.0384728275 0.115373515 -0.0644540638 0.163432866 -0.114751548 -0.148982704 0.262265354 0.0404118821 -0.141137272 -0.0676394179 0.102740414 0.13941285 -0.111586146 0.0359462537 -0.0464846306 -0.084008202 0.176238388 -0.0568499006 0.0262623988 0.0910960138 0.0493585952 0.0717279539 -0.112599827 0.042476546 0.175924987 0.000715865288 -0.0270195268 -0.0412366614 -0.113963753 0.00284949387 0.22734578
G387 0.13141939 0.0389948785 0.0311114639 -0.00312683056 -0.0213848446 0.0484638363 0.0771988556 0.0270262808 0.0598509684 0.0243504383 0.0417551287 -0.0106952013 -0.130699128 0.0795898214 -0.0997882411 0.0586834289 0.253887504 0.0686276034 -0.122209109 -0.259051591 -0.0545515008 0.0312033463 0.0627069101 -0.166006178 0.029536048 -0.0123039503 -0.248850599 0.218657359 -0.115020886 -0.110540882 -0.0577885695 -0.310261577 -0.0389050543 -0.0844896138 0.120374382 -0.0702366456 0.105015047 -0.0409700014 -0.0308208 0.237675801 0.00289568282 -0.150502473 -0.0913060978 0.0808114484 -0.000716569135 0.0508954264 0.0548319146 -0.0293023046 0.0338947661 0.0138503695 -0.0497720689 0.0572171062 -0.0483751968 0.187624663 0.0860702842 -0.0423218757 0.216198698 0.0621038191 -0.121292211 0.0220459811 -0.0160534419 0.00354120764 0.168194547 0.187594965
G391 0.132953063 0.039408721 0.0308163669 -0.00201880164 -0.0211070608 0.0473886169 0.0741289705 0.0271653216 0.0596638359 0.0234207399 0.0428022817 -0.0114536434 -0.131889716 0.0811812133 -0.100278944 0.0593976527 0.255303591 0.0679874644 -0.122378118 -0.260780752 -0.0562417246 0.03136779 0.0640676245 -0.167439088 0.030638814 -0.0098264832 -0.248387441 0.219390839 -0.116891339 -0.110895105 -0.0616758019 -0.310751945 -0.0394703969 -0.0855583027 0.118824758 -0.0698927417 0.104727678 -0.0418098196 -0.0327459648 0.239620775 0.00210313965 -0.151858896 -0.09323477 0.081919916 -0.00229186448 0.0541420914 0.0560064167 -0.0271043945 0.0346082449 0.0130137298 -0.0489973091 0.0579898618 -0.0487676673 0.188515484 0.0862056091 -0.0414086357 0.221498236 0.0620218255 -0.119752623 0.0224757455 -0.015830528 0.00490898639 0.167933285 0.18702212
G395 0.12382523 -0.0118146725 -0.0379724093 -0.000414166745 -0.00365052 -0.0675391257 0.103838228 0.00493076304 -0.0374506451 0.184006616 0.0154793458 0.0203169584 -0.156304523 -0.00140999001 -0.211079329 0.145811006 0.219947726 0.0791711584 -0.10346622 -0.230007291 -0.0140474262 -0.0691749007 0.188298479 -0.079464525 0.030531643 -0.0561454184 -0.182163745 0.137987345 -0.0468526743 -0.0134839937 -0.192127362 -0.177791744 -0.0195045136 -0.119291283 0.138589099 -0.114695773 0.0972144529 -0.107030801 -0.0362933539 0.198421523 0.0304098893 -0.0635572076 0.00190457853 0.0720104277 -0.0276229251 0.140649661 0.0450590588 -0.0135266744 0.0816106126 0.0120382356 0.0402314439 0.00742364023 0.0789932609 0.120406605 -0.00604235427 -0.0262409337 0.106294148 -0.0181816444 -0.141998559 0.057641346 0.0602329709 0.0434889011 0.311211556 0.211491153
G398 0.123348758 -0.0109905945 -0.0384267569 -0.000466524536 -0.00318036601 -0.0677301735 0.102449745 0.00484400801 -0.038951382 0.183842108 0.0166275688 0.0211565774 -0.155321702 0.000968371111 -0.211229146 0.143315166 0.218980074 0.0788752139 -0.102325372 -0.230027109 -0.01612214 -0.0682358369 0.186733454 -0.0807225183 0.0306657851 -0.0550292023 -0.182112008 0.138735652 -0.0472484306 -0.0136423092 -0.192345455 -0.177412495 -0.0204222519 -0.12045943 0.138231903 -0.113074817 0.0991294682 -0.107907064 -0.0354279801 0.198507443 0.0294508357 -0.0644468293 0.00239764876 0.0726116225 -0.0270631108 0.140557125 0.0464487858 -0.0139098205 0.082054615 0.0132867973 0.0390907079 0.00697381888 0.0785726532 0.120261528 -0.00742995739 -0.026684545 0.108654894 -0.0185364373 -0.140761644 0.0566180386 0.059156958 0.0425422862 0.309993535 0.210885018
G401 0.123707496 -0.0119399847 -0.0383597948 -0.000229867146 -0.0037312503 -0.0672058687 0.104019985 0.00534038944 -0.037457332 0.184205815 0.015588915 0.0205686782 -0.15649946 -0.00129092473 -0.2107701 0.145885333 0.21950537 0.0794289634 -0.103634395 -0.229607761 -0.0138902161 -0.0691919327 0.188678131 -0.0792586431 0.0298355948 -0.0567899682 -0.181985095 0.137781546 -0.0467517078 -0.0135757159 -0.191838756 -0.177740216 -0.0196017623 -0.11964719 0.138483107 -0.114641823 0.097085081 -0.106720053 -0.0362621732 0.197637141 0.0304903984 -0.063492544 0.00224928884 0.072354123 -0.0271095205 0.140658975 0.0450898968 -0.0136303781 0.0816061646 0.0119996862 0.040214166 0.00738891168 0.0787437633 0.120472759 -0.00568623934 -0.0267306082 0.105620243 -0.0182336159 -0.142204016 0.0578621514 0.0603986159 0.0434078388 0.311513066 0.210779443
G404 0.122573256 -0.0109689478 -0.0388787873 -9.09681621e-05 -0.00339790666 -0.0673841238 0.102938659 0.00528058689 -0.0392774604 0.184020624 0.0167483557 0.0220117141 -0.155087397 0.0012335144 -0.210880876 0.142876372 0.21840699 0.0790514499 -0.102601953 -0.228534669 -0.0157969072 -0.0682519972 0.186535925 -0.0804193392 0.0297770761 -0.0559224002 -0.181960523 0.138330027 -0.0471408889 -0.0132492473 -0.190993264 -0.176829934 -0.0206324514 -0.120759808 0.138279915 -0.112912841 0.0993015543 -0.107488722 -0.0349489301 0.196799561 0.0294890199 -0.0640556589 0.00318471016 0.0727157742 -0.0262098964 0.140203029 0.046290163 -0.0149840461 0.0823756158 0.0133028282 0.0389490575 0.00646493211 0.0781656727 0.120165326 -0.00745297968 -0.0276184455 0.106536955 -0.0190088563 -0.14144741 0.0566894151 0.0594995245 0.0418843627 0.310452372 0.209987015
G407 0.118715271 -0.0101250047 -0.0345104523 -0.0018049822 -0.00538096903 -0.0650372952 0.103033781 0.00707172416 -0.0373099223 0.17644769 0.0157230701 0.0224678516 -0.156047896 0.00586913712 -0.211609572 0.142077908 0.222959161 0.0765195265 -0.102231331 -0.227430493 -0.0153007498 -0.0667883828 0.188270137 -0.0816333294 0.0329110846 -0.0569419265 -0.182531506 0.140640095 -0.0439325459 -0.0146876415 -0.19148086 -0.180537298 -0.0196187366 -0.119342409 0.139781818 -0.11191424 0.0976437703 -0.103459671 -0.0352395922 0.196900576 0.0284970254 -0.0609641969 0.000963569735 0.0697095841 -0.029984016 0.139614671 0.0448445566 -0.0147721972 0.0810010508 0.0104510458 0.0392801799 0.00662646303 0.0747846738 0.120804377 -0.00640073372 -0.0268276874 0.108410202 -0.0150970165 -0.141113952 0.0579438135 0.0582412221 0.0437219813 0.309911609 0.211287156
G410 0.120443545 -0.0111284778 -0.0356695838 -0.00145698804 -0.00507285492 -0.0655649826 0.102110207 0.00643927976 -0.0375224911 0.179461539 0.0152129084 0.023326477 -0.15634422 0.00509642158 -0.210811034 0.142349854 0.222578228 0.0766461045 -0.102484487 -0.227228418 -0.0158564169 -0.0672218576 0.188089326 -0.0810252577 0.0310606174 -0.0569141805 -0.181933627 0.139622346 -0.0454065464 -0.0137653286 -0.191369012 -0.179378346 -0.0196838062 -0.120196387 0.139365807 -0.112651795 0.0978699848 -0.104588419 -0.035528373 0.196619242 0.0295019224 -0.0614894517 0.00149982551 0.071352534 -0.0291359574 0.13998802 0.0445244424 -0.0142224301 0.0812002495 0.0114971651 0.040158581 0.00646029599 0.0762819946 0.120705627 -0.00680501247 -0.0263254642 0.107715495 -0.0163863171 -0.141329914 0.0582974181 0.0584696569 0.0441291966 0.309782356 0.210782677
G413 0.115825571 -0.0143168885 -0.0367784165 -0.000262486283 -0.00787626207 -0.0707499832 0.0944607034 0.014705861 -0.0416151322 0.187051833 0.0179535821 0.0271581858 -0.15738833 0.00781961624 -0.208154991 0.140387475 0.225512952 0.0803083405 -0.100637391 -0.225603119 -0.016574733 -0.0684808716 0.190135047 -0.0782221034 0.0316531733 -0.0557644218 -0.183076173 0.140118167 -0.0450329445 -0.0104800928 -0.188044801 -0.180314019 -0.019372547 -0.127222151 0.140493259 -0.109540142 0.103963584 -0.110866591 -0.038603425 0.194453374 0.026939813 -0.0536968298 -0.000731613894 0.0764857009 -0.0313886814 0.139764637 0.0433702469 -0.0152460961 0.0792233869 0.0114424322 0.0370523334 0.00229175645 0.0789923072 0.12074402 -0.00978978723 -0.0241068527 0.104976058 -0.0112256855 -0.140062779 0.0593373366 0.0588219315 0.0408979133 0.307990849 0.211786106
G416 0.114612378 -0.0143968025 -0.0368661135 -0.000963840459 -0.00819768105 -0.0700811669 0.093955636 0.0162535068 -0.0406134911 0.186514348 0.017964635 0.0281478278 -0.158499569 0.00876075309 -0.207984552 0.140987113 0.226100266 0.0803670585 -0.100698888 -0.225438803 -0.0170747973 -0.0688059703 0.191511855 -0.0773735195 0.032030344 -0.0563367009 -0.18235445 0.139749035 -0.0445396528 -0.0101837777 -0.188060045 -0.181135342 -0.0189316608 -0.128058687 0.140630513 -0.109110937 0.103524923 -0.110431269 -0.0389384329 0.1940431 0.0269227549 -0.0528055057 -0.00128122815 0.0774637163 -0.0316492282 0.13999109 0.0428073145 -0.0153513756 0.0787202194 0.0107538272 0.036835406 0.00191852497 0.0785607323 0.120836213 -0.00894823298 -0.0241627768 0.104968779 -0.0100713857 -0.140038475 0.0600259937 0.0588059798 0.0404918417 0.30809775 0.212708816
G419 0.11724034 -0.0153925288 -0.0363077968 -0.000365952641 -0.00818135962 -0.0706011578 0.095436804 0.0147712501 -0.0399084799 0.187597781 0.0167227685 0.0256650094 -0.159022823 0.00515615707 -0.207912371 0.143572152 0.226637691 0.0807494372 -0.101617903 -0.22663337 -0.01469546 -0.069420442 0.192531362 -0.0768093914 0.0315266289 -0.0565836132 -0.183187738 0.139524534 -0.0447667576 -0.0108589754 -0.188989192 -0.181339696 -0.0183077957 -0.126294762 0.140664324 -0.111423828 0.101761736 -0.110185534 -0.0400265343 0.195476621 0.0280903392 -0.053152889 -0.00169795461 0.0763217509 -0.0323147103 0.140320554 0.0422407836 -0.0136191798 0.0784044489 0.0101821451 0.0383694284 0.00319553912 0.0797973499 0.121155687 -0.00813179277 -0.0230826996 0.104072124 -0.010422444 -0.140919536 0.0606006719 0.0596140064 0.0424863212 0.309165627 0.212517053
__smartatpg_bin_109_1 0.180514202 -0.135100886 -0.128687561 0.122016989 0.130910844 0.0237371996 0.241713092 0.0957325771 -0.129202396 0.29364714 -0.0598650128 -0.105705284 -0.0816196874 -0.0848638937 -0.138627797 0.028880978 0.228862688 0.00809507631 -0.00768613582 -0.170021579 0.11195188 0.0635027811 0.196603358 0.00580460485 0.100028858 -0.0411680825 -0.276655436 0.311480254 -0.139546931 -0.0292593148 -0.0889855549 -0.174221575 -0.0455944575 -0.238846868 0.173500881 -0.0825517327 0.153410643 -0.0696691647 0.0941613168 0.178254783 -0.0988576934 -0.0914449245 -0.132618859 0.0110096838 -0.10587094 0.245638326 0.133163124 -0.0153409103 0.0788434595 0.0331878699 -0.0625389516 0.0186967757 -0.040315073 0.182573274 0.0295407306 0.0556170754 -0.0748577788 -0.0383859351 -0.104116239 0.0412116796 -0.0667676851 0.103786148 0.172645956 0.335938573
G422 0.17793256 -0.108096242 -0.18398641 0.152762488 0.120939694 0.0169342738 0.152586371 0.0215495266 -0.0428837128 0.270204365 -0.169834405 0.0591571331 -0.0704937801 -0.251247346 -0.144005373 -0.011223767 0.0798726827 0.0448071957 0.0571354851 0.0227178112 0.164630413 -0.0736968964 0.17234993 0.0706884339 0.082693845 -0.110276625 -0.225952342 0.0852075443 -0.00301572215 0.0530007407 0.0610297881 -0.0115135545 0.0124052223 -0.0787377879 0.0543132983 -0.0573342144 -0.0125697814 -0.127819046 0.0444136225 0.177764058 0.0798449665 0.0267253462 -0.142758101 0.0231016353 0.0496909656 0.0480679944 -0.0106834918 -0.0103315124 -0.0113729257 0.06195103 0.075790368 0.0385572761 0.0535310023 0.0811498016 0.0501695573 0.0552168451 -0.127112046 0.0367006697 0.126119509 0.143802285 0.0273146033 0.0317215845 -0.128839642 0.24692218
G425 0.116042949 -0.0143180657 -0.0368126445 -0.000275491999 -0.00788692385 -0.0708140358 0.094417721 0.0146328919 -0.0416461192 0.187333539 0.0178739931 0.02721861 -0.157515407 0.00774196256 -0.20801121 0.140489906 0.225545004 0.0803504735 -0.100619055 -0.22551547 -0.0166231021 -0.0685661137 0.190287054 -0.0780270696 0.0314798765 -0.0557630546 -0.183179677 0.140069678 -0.045210056 -0.0105003584 -0.188081846 -0.180470705 -0.0193301011 -0.127308786 0.140540451 -0.109652996 0.103922389 -0.110936679 -0.0386853069 0.194555387 0.0271656644 -0.0536457039 -0.000784954173 0.0766322687 -0.0313733555 0.139767557 0.0434084982 -0.0151212588 0.0792553052 0.0114569189 0.0371323191 0.00226960937 0.0791573524 0.120875344 -0.00985533372 -0.0240707733 0.104948439 -0.0112200035 -0.140200868 0.0594992191 0.0588131808 0.0409319028 0.308036 0.211641833
G428 0.116768345 -0.0167075489 -0.0370744802 -0.00109231111 -0.0079114642 -0.0700579807 0.0962915942 0.0157411117 -0.0371348783 0.187820122 0.0160771646 0.026485065 -0.160613149 0.00273112906 -0.208504796 0.146713123 0.226969808 0.0810029358 -0.102475889 -0.228193879 -0.0137998918 -0.0711723864 0.194812611 -0.0753185898 0.0322508365 -0.0593044423 -0.180665627 0.137567207 -0.0445646271 -0.00979649555 -0.188794151 -0.179631159 -0.017256707 -0.125597537 0.140622973 -0.112374403 0.0991855934 -0.1094364 -0.0407923423 0.194400296 0.0288206059 -0.05272118 -0.00148656929 0.0766026378 -0.0319386199 0.141212299 0.0397082195 -0.0136566367 0.0777226165 0.00834291894 0.0398790278 0.003453254 0.0808286667 0.120578818 -0.00454677176 -0.0224641412 0.101618558 -0.0104581434 -0.141044408 0.0615552887 0.0616414398 0.0428443886 0.310441703 0.214115605
G431 0.120480902 -0.0136846108 -0.0446195975 -0.00171304133 -0.00517180003 -0.0711493492 0.0951105207 0.0176242739 -0.0377727672 0.194046631 0.0190023184 0.02472605 -0.16307272 0.000420172262 -0.207108244 0.145480201 0.222518623 0.0861273035 -0.102838889 -0.228102207 -0.0169686154 -0.0755588859 0.190435633 -0.0733626559 0.0298237577 -0.0544342287 -0.179538041 0.136360303 -0.0450366288 -0.00856002141 -0.188157067 -0.178890899 -0.0200976785 -0.133548811 0.134688824 -0.110824317 0.103251159 -0.11698731 -0.0385257751 0.197328463 0.0286685321 -0.0568234846 0.000361211976 0.0862363875 -0.0275558084 0.144170508 0.0444785468 -0.0150410384 0.0793811753 0.0129483771 0.0315549225 0.00242180121 0.0799614638 0.120811999 -0.00866079424 -0.0235570241 0.104388162 -0.0173536949 -0.140632987 0.0592439212 0.0607839897 0.0347725488 0.310447484 0.216986895
__smartatpg_bin_113_1 0.182417408 -0.13730599 -0.130973622 0.122777261 0.130071461 0.017475849 0.238188565 0.0966970772 -0.130542964 0.299911678 -0.0609352365 -0.104750812 -0.0815987661 -0.0880335867 -0.137281224 0.0305524226 0.228066728 0.0121401101 -0.00648724148 -0.168785021 0.112120695 0.0603433475 0.199818343 0.00818659365 0.0982264727 -0.0397886559 -0.276980579 0.309230596 -0.142251343 -0.0257451646 -0.0880637243 -0.172432631 -0.044716116 -0.240255728 0.174172342 -0.0821811184 0.155383959 -0.0765202716 0.0906565115 0.17780824 -0.0964525864 -0.0855133682 -0.133298159 0.0148178302 -0.10672605 0.243661135 0.132942557 -0.0140080499 0.0769765303 0.033766035 -0.059544798 0.0179526284 -0.0356156193 0.182749406 0.0274691693 0.0581346862 -0.0752894059 -0.0355718248 -0.101611376 0.042725116 -0.0621208437 0.103777342 0.17229569 0.332831889
G434 0.192627117 -0.104816392 -0.188036829 0.159500301 0.124981105 0.0151344035 0.158760116 0.00723746233 -0.0483774766 0.273653954 -0.16934441 0.053441681 -0.0644974187 -0.260569423 -0.14406611 -0.0134480847 0.0715709552 0.0462345891 0.0574408807 0.0200718679 0.165852964 -0.0737754107 0.163817346 0.0668835491 0.0762527436 -0.107367754 -0.230221689 0.0838142186 -0.0123172067 0.0478114374 0.0548081808 -0.00298576686 0.00801974628 -0.0736200288 0.0504206568 -0.058400318 -0.013923917 -0.132485554 0.0466525294 0.181822523 0.0842906311 0.0148617327 -0.138105422 0.0211271923 0.0589611568 0.0490478761 -0.00362977735 -0.00682261214 -0.00339813298 0.0676770285 0.0791095868 0.0429222547 0.0551738925 0.0831001922 0.0462583341 0.0527733006 -0.120519362 0.0252976101 0.129218996 0.139958143 0.0287936348 0.0316616558 -0.127532914 0.23488231
G437 0.0830686539 -0.0132560153 -0.035246063 -0.0102797411 -0.0038197008 -0.0352364741 0.0978423059 0.0332659744 -0.0193885751 0.164165288 0.0243783128 0.0382331014 -0.166006476 0.0271056518 -0.216160983 0.146108076 0.221721828 0.0687123612 -0.102646016 -0.232053697 -0.0271471255 -0.058974728 0.209388658 -0.0799127072 0.0406954698 -0.0744194835 -0.159676135 0.124085478 -0.0344379768 -0.0128712123 -0.185244948 -0.181302458 -0.0142563218 -0.12277355 0.141064569 -0.0981131494 0.091409415 -0.0866495147 -0.0355615616 0.179193392 0.0180610884 -0.0643417984 -0.00416106544 0.0742771402 -0.020587841 0.137928784 0.0385093912 -0.0248054191 0.0642824247 0.00776607869 0.0319865085 -0.00517704571 0.0656130463 0.11323224 0.0163987968 -0.0382342003 0.106733032 0.00647934712 -0.139526874 0.0559517555 0.049123805 0.0287570823 0.311374962 0.230070487
G440 0.0834904388 -0.0130944764 -0.0337390304 -0.0104311472 -0.0042748102 -0.0368812568 0.0974904448 0.0318688154 -0.0207398627 0.163866878 0.0241258629 0.0381257497 -0.164036766 0.0263334028 -0.216921046 0.144549221 0.223161966 0.0684653819 -0.101591654 -0.232895285 -0.0268407073 -0.0588670857 0.207017422 -0.0804203153 0.0430392548 -0.0728472546 -0.160821214 0.124983646 -0.035580717 -0.01269437 -0.185740799 -0.181965113 -0.0137795731 -0.120850921 0.142261639 -0.0982705727 0.0926159173 -0.088416487 -0.0357607156 0.180458963 0.0172737092 -0.0646873713 -0.00474531623 0.0717622638 -0.0217940304 0.13737601 0.0381880738 -0.0254979506 0.0654558167 0.00791386236 0.0319025517 -0.00547591131 0.0652695149 0.112872735 0.0147278225 -0.037317168 0.107826442 0.00564660784 -0.138851225 0.0547747836 0.0487256125 0.0300571341 0.309969842 0.230918854
G443 0.085306704 -0.0131908488 -0.0346218459 -0.0102021731 -0.00410668552 -0.0386219472 0.0971559063 0.0309810303 -0.0212576594 0.165664449 0.0241682716 0.0374012142 -0.163946658 0.0243994985 -0.216577813 0.1449489 0.222742423 0.0695976168 -0.101487316 -0.233359948 -0.0267308112 -0.0602173172 0.206358984 -0.0799769089 0.04256754 -0.0724833459 -0.161613733 0.124800421 -0.0366411284 -0.0124933114 -0.186016709 -0.181322426 -0.0139889726 -0.12121091 0.141782209 -0.0979300886 0.09301202 -0.0902152583 -0.0359584577 0.181313783 0.0176908039 -0.0643887594 -0.00496029295 0.0723896325 -0.0214976985 0.137290403 0.0381561816 -0.0251209568 0.0658568293 0.0078221634 0.0319043063 -0.00508726342 0.0666157678 0.113642551 0.0139960479 -0.0363358669 0.108309045 0.00477625849 -0.138860509 0.0550918803 0.0498204567 0.029410217 0.309931278 0.229818165
G446 0.0851726308 -0.0128710037 -0.0338956229 -0.0098996209 -0.00438932842 -0.0375984199 0.0977000594 0.0306722336 -0.0212750174 0.164926916 0.0240591541 0.0369783901 -0.163673043 0.0252514668 -0.216394588 0.144129708 0.223195583 0.0691689402 -0.101855241 -0.233093455 -0.0264151022 -0.0591767803 0.205855981 -0.080697231 0.042127654 -0.0720427558 -0.161890626 0.125469089 -0.036178451 -0.013226361 -0.18607755 -0.182321519 -0.0140910354 -0.120856136 0.141861007 -0.0986847952 0.0929926559 -0.08944951 -0.0356766358 0.181493878 0.0177498814 -0.0652760714 -0.00456739217 0.0717185959 -0.021550158 0.137364835 0.0388213396 -0.0249683801 0.0660700276 0.00857624039 0.0316634327 -0.00479681697 0.0655642152 0.113238379 0.013589357 -0.037046425 0.108398333 0.00441103056 -0.139232919 0.0548146889 0.048669178 0.0301896781 0.309844434 0.230105832
G449 0.0932643563 -0.0124169132 -0.0367343947 -0.00815648772 -0.00376560958 -0.0461328328 0.0962725729 0.026318958 -0.0244921912 0.171988517 0.0230407659 0.0346827358 -0.160794541 0.0179297756 -0.214954481 0.143412724 0.221750379 0.0733072832 -0.100703612 -0.233032554 -0.0245865844 -0.0636340007 0.199832633 -0.0805522054 0.0407725349 -0.0685650781 -0.165471196 0.126713872 -0.0396546014 -0.011653157 -0.186220199 -0.178523973 -0.0155993914 -0.121166132 0.140214413 -0.0996579081 0.0954519883 -0.0977893919 -0.0359066203 0.184754744 0.0199636146 -0.0636470988 -0.00354524492 0.0736428946 -0.0223244205 0.136996359 0.0389246754 -0.0238296073 0.0693302453 0.00978386495 0.0321444757 -0.00246963953 0.0705361217 0.114902258 0.00833322667 -0.0332936049 0.109289467 -0.0008828133 -0.137459815 0.0550860465 0.0522139631 0.0297935866 0.30809176 0.225768581
G452 0.0933256969 -0.0121222017 -0.0359886661 -0.00796194281 -0.00429084105 -0.0453151092 0.0967409015 0.0262427423 -0.0245865695 0.171373367 0.0227889176 0.0344796702 -0.160943642 0.0186754968 -0.214593366 0.142875269 0.222258806 0.0729946122 -0.101061918 -0.232488677 -0.0241922885 -0.0628830791 0.200035378 -0.0806680247 0.0402055569 -0.068406567 -0.165964052 0.127228945 -0.0391529314 -0.0125157861 -0.186392948 -0.179791853 -0.0154027157 -0.121013738 0.140502572 -0.100525692 0.0952112302 -0.0970876664 -0.0359099098 0.18494302 0.0202749353 -0.0640659705 -0.00326036219 0.0731218606 -0.0224484727 0.137071252 0.0394119285 -0.0234321337 0.0695752949 0.0100906733 0.0320976861 -0.00227552583 0.0696533471 0.114676647 0.00820491184 -0.0340011604 0.109213725 -0.000928988622 -0.137916788 0.0553644225 0.0512677133 0.0308043752 0.3081581 0.225683287
G455 0.0946168378 -0.0123128509 -0.0371139385 -0.00781572983 -0.00377909001 -0.0473748036 0.0960926563 0.0256151948 -0.0249922238 0.173123583 0.022893941 0.0342318006 -0.160376057 0.0167835765 -0.214643165 0.143272087 0.221616551 0.074029848 -0.100639835 -0.233035445 -0.0242504571 -0.064287059 0.198906258 -0.0804937929 0.0404359885 -0.0679460019 -0.166155681 0.126958191 -0.0401662625 -0.0115523003 -0.186346486 -0.178167075 -0.0157987308 -0.121236227 0.139963061 -0.0999346748 0.0958255678 -0.0991052091 -0.0359987766 0.185382813 0.0203697123 -0.0634868592 -0.00337398285 0.0739397034 -0.0224223863 0.136947662 0.0390552096 -0.0235474184 0.069900766 0.0100297239 0.0321695544 -0.00204423326 0.0712214336 0.115140542 0.00748110469 -0.0328152031 0.109486006 -0.001742622 -0.137274235 0.0552147701 0.0526602082 0.0298228301 0.307869434 0.225105241
G458 0.0948195308 -0.0120730707 -0.0364025757 -0.00756804133 -0.00431376696 -0.0466444567 0.0964994431 0.0255019236 -0.025165176 0.172749862 0.0226103738 0.0340191498 -0.160528794 0.0174586754 -0.21418725 0.142755926 0.222106963 0.0737658218 -0.10099715 -0.232450396 -0.0238304641 -0.0635498539 0.199119985 -0.0805464908 0.0397382155 -0.0677278116 -0.166735992 0.127469003 -0.0397740789 -0.0124012893 -0.186523557 -0.179481223 -0.0156141501 -0.121133335 0.140267611 -0.100852482 0.0956237838 -0.0984828323 -0.0360628925 0.18559736 0.0207509212 -0.0638748482 -0.00312724966 0.073510237 -0.022541495 0.137018502 0.0395728163 -0.023082871 0.0701564997 0.0104080383 0.0321548507 -0.00185954187 0.0704388767 0.114970237 0.0072463057 -0.0334896073 0.109386422 -0.00177627709 -0.137783751 0.0555455312 0.0516990609 0.0308693014 0.307923645 0.224931926
G461 0.199005842 -0.117477648 -0.173237503 0.0817230195 0.140997514 -0.0603940673 0.237704933 0.116365805 -0.109494127 0.220967531 -0.124464117 0.0190630481 -0.178011507 -0.122030631 -0.155886248 0.121726856 0.227432832 0.0102548013 0.0221488029 -0.0400265902 0.094243519 -0.0234186873 0.284864366 0.132787243 0.125070766 -0.0195851829 -0.226043031 0.270716727 -0.0934709683 0.0486032553 -0.15933989 -0.133046731 -0.0140055632 -0.26474005 0.164957806 -0.0657672808 0.0815450251 -0.0724476725 0.0841475055 0.13818191 -0.0153554305 0.0376099683 -0.12297339 0.0873695388 -0.134090468 0.27931264 0.0771207735 0.020405991 0.107737646 -0.0761474073 0.0336134173 0.0147294253 -0.00478645926 0.182865366 0.0294451825 0.108655676 -0.0966730043 0.0113181248 -0.0540290065 0.144748062 0.0712793469 0.116305813 0.186655909 0.293638289
G464 0.19900766 -0.117477827 -0.173238114 0.0817251578 0.140997469 -0.0603889674 0.237702474 0.116362624 -0.109490991 0.220969319 -0.124457017 0.0190612059 -0.178013653 -0.122031413 -0.155887023 0.121729873 0.22743769 0.0102559971 0.0221449938 -0.0400359258 0.0942369029 -0.0234193001 0.284865886 0.132789299 0.125068247 -0.0195852332 -0.226043224 0.270710081 -0.0934728161 0.0485993624 -0.159346983 -0.133051008 -0.0140020633 -0.264743418 0.164954171 -0.0657643676 0.0815470964 -0.0724489614 0.0841429681 0.138192207 -0.0153576406 0.0376047492 -0.122976236 0.0873709396 -0.13408117 0.279313952 0.0771197751 0.0204091538 0.107737504 -0.0761435106 0.0336163305 0.0147275459 -0.0047894516 0.182863697 0.0294462908 0.108653165 -0.0966650099 0.0113199083 -0.0540317707 0.144749656 0.0712818876 0.116297312 0.18665871 0.293639809
G467 0.120801441 -0.0107549243 -0.0401314124 -0.00312413136 -0.0074008205 -0.0697201341 0.0969675556 0.0142936418 -0.0358820371 0.184957623 0.0156327561 0.0244374853 -0.161236256 0.00237720995 -0.206807196 0.145235717 0.225306287 0.0846318379 -0.103305034 -0.224831253 -0.0159018189 -0.0739936233 0.189479679 -0.0737321302 0.0306690838 -0.0541855618 -0.183004513 0.139532283 -0.0439215042 -0.0111569064 -0.191515893 -0.183796033 -0.0183627475 -0.12865068 0.136764541 -0.111344837 0.099623546 -0.113048151 -0.0381373763 0.198631659 0.0311215017 -0.0541141629 -0.000944006897 0.0816558227 -0.0322671458 0.141425341 0.0432793535 -0.0137099987 0.0814573094 0.00928371213 0.0355219059 0.0063411626 0.077303417 0.122448713 -0.0093993498 -0.0237245671 0.107299641 -0.0152407335 -0.140854418 0.0630778894 0.0605303384 0.0387599804 0.309869438 0.214545101
G470 0.120805949 -0.0107541876 -0.04011444 -0.00310075027 -0.00740257511 -0.0696800649 0.0969820321 0.0142715573 -0.0358803049 0.184953213 0.0156251397 0.0244082976 -0.161203906 0.00242224615 -0.206809178 0.145200655 0.225321457 0.08461155 -0.103309706 -0.224817738 -0.0159030091 -0.0739359409 0.189443886 -0.0737947151 0.0306387134 -0.0541590936 -0.183003113 0.139550596 -0.0439110696 -0.011169848 -0.191509083 -0.18381767 -0.0183799211 -0.128631085 0.136756495 -0.111376807 0.0996444374 -0.113026798 -0.0381277725 0.198633641 0.0311209988 -0.054156106 -0.000927171088 0.0816429779 -0.0322731063 0.141419217 0.0433226191 -0.0137073984 0.0814447328 0.00934798457 0.0355202369 0.00634763064 0.0772688463 0.122430712 -0.00943956897 -0.0237465724 0.107305259 -0.0152584957 -0.140854612 0.0630350485 0.0604849868 0.0387870781 0.309863716 0.214551061
G473 0.120926715 -0.0107154315 -0.0401453972 -0.00315172854 -0.00735594332 -0.0697642341 0.0969603211 0.0142840846 -0.035790585 0.184979245 0.015690336 0.0243661497 -0.161238939 0.00242138421 -0.206804723 0.145226717 0.225309074 0.0847136751 -0.103174649 -0.225126565 -0.0159853678 -0.0740092099 0.18953903 -0.0738676563 0.0307341218 -0.0541473106 -0.182941437 0.139648348 -0.0440364629 -0.0112875169 -0.191689476 -0.183981419 -0.018392127 -0.128634751 0.136819139 -0.111352235 0.099596411 -0.113069087 -0.038200736 0.198745489 0.0311326217 -0.0542212501 -0.00107301597 0.0816975236 -0.0322633162 0.141518533 0.0433724597 -0.0135833295 0.0814436153 0.00936246477 0.0354923084 0.00640142243 0.0773069412 0.122508459 -0.00936035533 -0.0236635301 0.107595585 -0.0151709821 -0.140741602 0.0630335286 0.0604860075 0.0388399847 0.309795946 0.214527667
G476 0.120931499 -0.0107176183 -0.0401307233 -0.00312758773 -0.00735760015 -0.0697279349 0.0969732106 0.0142640183 -0.0357925817 0.184976533 0.0156840999 0.0243365653 -0.161207289 0.00246152189 -0.206806734 0.145191908 0.225321963 0.0846963152 -0.103179097 -0.225114554 -0.0159843676 -0.0739549547 0.189504832 -0.073926203 0.030704692 -0.0541214384 -0.182940662 0.139665172 -0.0440248065 -0.0112991408 -0.191683292 -0.184000149 -0.0184085611 -0.128616422 0.136811063 -0.111381866 0.0996186063 -0.113050923 -0.0381924398 0.198745117 0.0311298501 -0.0542609543 -0.00105544028 0.0816842765 -0.0322679877 0.141513184 0.043412827 -0.0135801015 0.0814321488 0.00942278095 0.0354899876 0.00640754169 0.0772742853 0.122490041 -0.00939888041 -0.023684416 0.107599564 -0.0151887806 -0.140740618 0.0629919171 0.0604447499 0.0388669893 0.309790701 0.214530557
G479 0.120648608 -0.0104866801 -0.0401606783 -0.00304779434 -0.00740191434 -0.0699075758 0.0971678421 0.0142016616 -0.0358824432 0.184932619 0.0157165844 0.0247544218 -0.160841703 0.0026051437 -0.206765413 0.144755572 0.22521548 0.0846764073 -0.103122197 -0.224646747 -0.015905546 -0.0740751773 0.189024165 -0.0740947053 0.0306825284 -0.0542676114 -0.182942212 0.139665261 -0.0442222878 -0.0110562257 -0.191079453 -0.183774576 -0.0185147617 -0.128469661 0.137024552 -0.111272216 0.0997833163 -0.113046773 -0.0379245356 0.198211849 0.0311364401 -0.0540882722 -0.000942115148 0.0815055072 -0.0320147127 0.141293794 0.043293424 -0.0142125376 0.0817134753 0.00951756537 0.0354022831 0.00614410685 0.0771314725 0.122475736 -0.00961331464 -0.0239205025 0.10698007 -0.015445835 -0.140932858 0.062864542 0.060618028 0.0385742933 0.309657574 0.214276522
G482 0.120630696 -0.0104754586 -0.0401414335 -0.00303751207 -0.00740201352 -0.0698249713 0.0971975401 0.0141894221 -0.0358542576 0.18490456 0.0157001372 0.0247458443 -0.160836399 0.00267563388 -0.206771299 0.144729972 0.225239962 0.0846418664 -0.10312552 -0.224615887 -0.0159192905 -0.0740122199 0.18903327 -0.0741418675 0.0306520425 -0.0542665385 -0.182921663 0.13967064 -0.0441950969 -0.0110763507 -0.191072047 -0.183814541 -0.0185211413 -0.128448129 0.137019798 -0.111319542 0.0997785628 -0.112992443 -0.0379146524 0.198207915 0.0311604422 -0.0541289896 -0.000903633074 0.0814942792 -0.032018017 0.141290277 0.0433407389 -0.0142036304 0.0816970393 0.0095709879 0.0354085863 0.00615168689 0.0770829171 0.122461081 -0.00963209197 -0.0239651576 0.106975682 -0.0154530862 -0.140940204 0.0628347397 0.0605638325 0.03860154 0.309672892 0.214280427
G485 0.120722391 -0.0107721249 -0.040100269 -0.0031499106 -0.00744902343 -0.0695713088 0.0969967768 0.0143883554 -0.0358445011 0.184865728 0.0155768599 0.024517199 -0.161274329 0.00247523747 -0.206830353 0.145297602 0.225348189 0.0846279785 -0.103283577 -0.224704653 -0.0159655642 -0.0738781393 0.189641938 -0.073690176 0.0306663532 -0.0542620681 -0.182928219 0.139531508 -0.0438680612 -0.011171937 -0.191480145 -0.183819324 -0.0183408856 -0.128667742 0.136787847 -0.111416675 0.0996126607 -0.112939365 -0.0381340906 0.198583439 0.0311422292 -0.0540816635 -0.000899051258 0.0816947669 -0.0323552899 0.141404599 0.0433152877 -0.0136920968 0.0813879669 0.00928336009 0.0355697721 0.00632846635 0.0772747919 0.122421496 -0.00939727202 -0.0237411559 0.107187405 -0.015170997 -0.140864 0.0630834177 0.0604313128 0.0387718529 0.310007095 0.214584768
G488 0.1208115 -0.0107935993 -0.040120475 -0.00309208594 -0.00745199481 -0.0696685687 0.0970054939 0.0143210068 -0.0359607637 0.184915379 0.0155829294 0.0244060494 -0.161225885 0.00239657029 -0.206804022 0.145221412 0.225318685 0.0846585184 -0.103294931 -0.224703744 -0.0158841815 -0.0738928318 0.189518481 -0.0737145618 0.0306285713 -0.0541490316 -0.183013052 0.139587641 -0.043880634 -0.0111608254 -0.191496447 -0.183801338 -0.0183999669 -0.128676519 0.136769041 -0.11141666 0.0996956602 -0.113007925 -0.038108319 0.198604524 0.0310977325 -0.0541148894 -0.000901086139 0.0816596076 -0.0323446468 0.141427591 0.0433352999 -0.0136769386 0.0814578161 0.00932440534 0.0355331115 0.00636837771 0.0772923455 0.12242835 -0.0095110992 -0.0237123389 0.107203975 -0.0152603118 -0.140859723 0.0630482659 0.0604509898 0.0388030112 0.309973776 0.214536726
G491 0.121356957 -0.0110635711 -0.0394136272 -0.0034110588 -0.00750049623 -0.0691237226 0.0987616405 0.0141288796 -0.033986602 0.184443414 0.014580193 0.0233702902 -0.16196765 0.000573035039 -0.206853315 0.147332132 0.226409599 0.0847051367 -0.103903472 -0.225527257 -0.0142778587 -0.074592039 0.190652698 -0.0733424351 0.0309326313 -0.0553405136 -0.182655737 0.139371812 -0.0437443145 -0.011697392 -0.191635802 -0.184894443 -0.0176196061 -0.127014726 0.137194797 -0.113121271 0.0974749997 -0.111781552 -0.0386996344 0.198862135 0.0321309678 -0.0540529042 -0.0015383237 0.0806964263 -0.0328855738 0.141725704 0.0423442237 -0.0133428397 0.0810159072 0.00843041763 0.0363313518 0.00696619647 0.0771960989 0.122583188 -0.00791395549 -0.0232635904 0.105699129 -0.0151528316 -0.141917244 0.0635323301 0.0610638857 0.0399643332 0.310717762 0.215303689
G494 0.121432625 -0.0110741574 -0.0394408666 -0.00338805839 -0.00750452001 -0.0692107007 0.0987670571 0.0140844025 -0.0340704322 0.1844915 0.0145783117 0.0233122036 -0.161968827 0.00048950332 -0.206820026 0.147301033 0.22638163 0.0847379938 -0.103906989 -0.225515366 -0.0142166642 -0.0746421516 0.190602973 -0.0733026788 0.0309088062 -0.0552799813 -0.182725683 0.139400527 -0.0437718667 -0.0116844345 -0.191652983 -0.184886232 -0.0176520608 -0.12703827 0.137189776 -0.113119528 0.0975104049 -0.111834802 -0.0386888497 0.198883772 0.0321250781 -0.0540489219 -0.00154313433 0.0806855857 -0.0328722894 0.14174886 0.0423400886 -0.0133208018 0.0810813457 0.00842309743 0.0363123156 0.0069965045 0.0772337988 0.122614637 -0.00797906052 -0.0232359283 0.105704285 -0.0152128432 -0.141925156 0.0635503754 0.0610992052 0.0399773344 0.310706139 0.215250567
G497 0.1235025 -0.00931202061 -0.037923906 0.000240854162 -0.00328750419 -0.0676438585 0.102221772 0.00373191433 -0.0414832979 0.183327213 0.0172797069 0.0208841972 -0.153469086 0.00379960821 -0.210356474 0.139651582 0.218276724 0.0785458535 -0.101586349 -0.227787197 -0.0170566924 -0.066474013 0.183768973 -0.0824381337 0.029370293 -0.0528708175 -0.184208587 0.140736401 -0.0476884842 -0.0146809369 -0.191787079 -0.179023296 -0.0219078269 -0.121039189 0.138141111 -0.112127572 0.101497196 -0.108015195 -0.0340203755 0.198604017 0.0289478116 -0.065240033 0.00276850583 0.0724044219 -0.0267232116 0.139569446 0.0490503795 -0.0146371005 0.0831460953 0.0154887987 0.0372706614 0.00673314929 0.0769244656 0.120879687 -0.0110951345 -0.0279358719 0.110250764 -0.019278992 -0.141180053 0.0555222929 0.0570186153 0.0417723246 0.308690429 0.20864746
G500 0.124693014 -0.0103179282 -0.0374089442 2.4217934e-05 -0.00360833667 -0.0674664602 0.103368849 0.00382797793 -0.0397832841 0.183470145 0.0160832256 0.0193320196 -0.154925242 0.00126313115 -0.210258588 0.142717421 0.21935536 0.0789568722 -0.102460824 -0.228851721 -0.0152025381 -0.0673592985 0.186048657 -0.0811222494 0.0294373017 -0.053716518 -0.184245005 0.140284926 -0.0472214483 -0.0151161486 -0.192794651 -0.18006821 -0.0208856836 -0.120002091 0.138378218 -0.113889612 0.0992046446 -0.107173093 -0.0353645384 0.199464098 0.0299879164 -0.0645954311 0.00183609826 0.0720549002 -0.0278246552 0.140088156 0.0479244031 -0.0131427636 0.0823580399 0.0141007686 0.0385338515 0.00772114284 0.0775962323 0.121203944 -0.00935036503 -0.0269393474 0.109277755 -0.0183971468 -0.141868621 0.0567604937 0.0578765757 0.0433909371 0.309862942 0.209463224
__smartatpg_bin_136_1 0.182529122 -0.138127565 -0.131808445 0.122794233 0.129826024 0.0173514504 0.237560868 0.0968028754 -0.131569922 0.300560892 -0.0601018295 -0.105141379 -0.0827672482 -0.088025935 -0.136512846 0.0317524821 0.228743002 0.0127336578 -0.00741116935 -0.170001596 0.110320635 0.0599657074 0.20098044 0.00974311307 0.0969479531 -0.0389796905 -0.276920766 0.30896017 -0.14203164 -0.0258109234 -0.0898148045 -0.173325643 -0.0447811894 -0.242208704 0.173296466 -0.081826359 0.156190798 -0.0771666169 0.0901847929 0.178822309 -0.096908845 -0.0858134553 -0.132841095 0.0159458295 -0.106554963 0.245204598 0.133460477 -0.013033079 0.0773209855 0.033109501 -0.0587263778 0.0177783556 -0.0352927893 0.182774574 0.0276148338 0.057838738 -0.0751581714 -0.036322698 -0.103096686 0.043506097 -0.0609616376 0.103359357 0.174266696 0.332127631
G503 0.194141641 -0.103952721 -0.186687618 0.160342559 0.124633074 0.014951786 0.159222275 0.00583570637 -0.0491215549 0.273468047 -0.169767559 0.0513223261 -0.0638102666 -0.260503352 -0.143648386 -0.0145832216 0.0724085346 0.0460288189 0.0576575659 0.0208489131 0.166703045 -0.0728790984 0.162439004 0.0655533001 0.0759353116 -0.105657294 -0.232513443 0.085488908 -0.0128724622 0.0464524254 0.0544129945 -0.00584876398 0.00731977541 -0.0722919703 0.0508794747 -0.0591096729 -0.0138321249 -0.132369637 0.0463697203 0.183437556 0.0847986192 0.0142211532 -0.139496505 0.0198564995 0.0579415374 0.0481969006 -0.00172194047 -0.0064602918 -0.00333321514 0.0686807111 0.0781041384 0.0434014201 0.0543387868 0.0839098319 0.0440237746 0.0530935042 -0.119206294 0.0255204607 0.128571615 0.139457583 0.0272330139 0.0327149145 -0.128403559 0.234242707
G506 0.121430598 -0.0125491535 -0.0435333252 -0.00117640011 -0.0053784051 -0.0717101246 0.0960946009 0.0162988137 -0.0388416015 0.194010019 0.0188338328 0.0231238678 -0.161727592 0.000952054397 -0.206399694 0.143861338 0.222973093 0.0862348229 -0.102381043 -0.227305084 -0.016269194 -0.0748476386 0.188558936 -0.0745816082 0.02931582 -0.0525232702 -0.181575298 0.138286725 -0.0456431843 -0.00963444356 -0.187949941 -0.181506142 -0.0207951721 -0.132695585 0.135475233 -0.111499026 0.10403607 -0.116889074 -0.0381864496 0.198150724 0.0289706774 -0.0570443496 -0.000459582807 0.0852689743 -0.0282779969 0.143556133 0.0461549163 -0.0152633181 0.0800447315 0.0144015057 0.0304744523 0.00258077262 0.0791140273 0.121541925 -0.0113009876 -0.0237909425 0.10477449 -0.0174975693 -0.14172779 0.0585467145 0.0595314577 0.0351001695 0.30967626 0.216028735
G509 0.121280208 -0.0112197334 -0.0397457331 -0.00316472678 -0.00766250584 -0.0696564168 0.0985546783 0.0143437535 -0.0341784284 0.185209528 0.0147648873 0.0237335525 -0.161886185 0.000478170899 -0.206660002 0.147261202 0.226177603 0.085053198 -0.103884019 -0.22541441 -0.014173964 -0.0749553517 0.19086042 -0.0731490701 0.0307001527 -0.0553756356 -0.18272014 0.13914068 -0.0439958796 -0.0112758484 -0.191271663 -0.184705541 -0.0176225845 -0.12729682 0.137520254 -0.112986676 0.0977376252 -0.112149365 -0.0389901437 0.198389888 0.0321764424 -0.0534943081 -0.00168007263 0.0810396373 -0.0326492228 0.141625956 0.0422825031 -0.0135446424 0.0810729116 0.00850562658 0.0364059471 0.00662404206 0.077558279 0.122675143 -0.00799557939 -0.0234149396 0.105209343 -0.0148274628 -0.141956374 0.0637529343 0.0614881031 0.0397261977 0.31074819 0.214961544
G512 0.121344067 -0.0112337461 -0.0397743285 -0.00312988996 -0.00765782362 -0.0697481036 0.0985615924 0.0142936287 -0.0342715494 0.185247302 0.0147733595 0.0236573108 -0.161864787 0.000390573812 -0.206641018 0.147209272 0.22614646 0.0850853324 -0.103890181 -0.225420758 -0.0141034927 -0.0750001818 0.190771505 -0.0731364265 0.030690264 -0.0552879386 -0.182785466 0.139178544 -0.0440068319 -0.0112542622 -0.191289365 -0.18467772 -0.0176695194 -0.127309859 0.137505904 -0.112973243 0.097792916 -0.112212874 -0.0389673933 0.198407784 0.0321431421 -0.0535052791 -0.00167752802 0.0810140446 -0.0326346382 0.141652748 0.0422811024 -0.0135348625 0.0811470598 0.00850883126 0.0363725647 0.00666155899 0.0775867701 0.12269111 -0.00807816815 -0.023384301 0.105222411 -0.0149029726 -0.141952395 0.0637414232 0.0615267307 0.0397312865 0.310726941 0.214923441
G515 0.123397999 -0.00939344149 -0.0379190594 0.000271810539 -0.00334740663 -0.0675633252 0.102269903 0.00376130175 -0.0416040495 0.183299407 0.0172391329 0.0209275074 -0.153505847 0.0037502707 -0.210357398 0.139701784 0.218305677 0.0785176456 -0.101653367 -0.227487773 -0.0170100052 -0.0664282367 0.183793157 -0.0822338238 0.0293029528 -0.0529172942 -0.184249595 0.140666008 -0.0475878306 -0.0146032758 -0.191683024 -0.178902388 -0.0218900219 -0.121109076 0.138094053 -0.112117305 0.101506375 -0.107949428 -0.0339709073 0.198473766 0.0289318375 -0.0651317239 0.00287986803 0.0723693967 -0.0267438032 0.139533728 0.0489825644 -0.0146991527 0.0831680074 0.015376538 0.0373014212 0.00667727506 0.076961033 0.120852403 -0.0111525748 -0.0279465523 0.109922007 -0.0193192102 -0.141287029 0.0555832498 0.0570393354 0.0416834839 0.308889449 0.208685651
G518 0.124692641 -0.0103167463 -0.0374205895 1.56676633e-05 -0.00360787939 -0.067464076 0.103370301 0.0038344881 -0.039776355 0.183477551 0.0160848703 0.0193405729 -0.154938951 0.00125848036 -0.210254222 0.142730862 0.219346732 0.0789622664 -0.102462016 -0.228850633 -0.0152081745 -0.0673679411 0.186064601 -0.0811055303 0.0294352844 -0.0537288561 -0.184239045 0.140276387 -0.0472294688 -0.0151138939 -0.192793682 -0.180067107 -0.0208834428 -0.120012447 0.138377279 -0.113888845 0.099194549 -0.107170798 -0.0353648998 0.199463338 0.0299954638 -0.0645945221 0.00183594483 0.0720688254 -0.0278164968 0.140091062 0.0479220301 -0.0131432666 0.0823562741 0.0140955728 0.0385326073 0.00771976681 0.077602379 0.121209666 -0.00933738146 -0.0269418843 0.109273568 -0.0183958281 -0.141870841 0.0567710884 0.0578783453 0.0433812439 0.309868336 0.209466919
G521 0.124340929 -0.0101284878 -0.0375426374 0.00016329033 -0.00356842554 -0.0675853938 0.103523605 0.00385520374 -0.0398891345 0.183670849 0.0162519105 0.0197073203 -0.154568464 0.00143937545 -0.210219696 0.142249614 0.219184965 0.0789979473 -0.102401398 -0.228543222 -0.0151725141 -0.0674289688 0.185581014 -0.0813572407 0.0293816421 -0.0538225025 -0.184140235 0.140248969 -0.0474425443 -0.0148604531 -0.192112193 -0.179851949 -0.021031471 -0.119950771 0.138567716 -0.113806792 0.0994939804 -0.107246049 -0.0350998268 0.198916003 0.0299277063 -0.064591445 0.00199825293 0.0719854981 -0.027446229 0.139945045 0.0479440205 -0.0138235893 0.0825668499 0.0143833458 0.0382939242 0.00734963268 0.077465795 0.121121101 -0.00957152806 -0.02726309 0.108603403 -0.0186938867 -0.142122895 0.0564703234 0.0579517633 0.0429871976 0.309745163 0.20933488
G524 0.124153167 -0.010251713 -0.0375199728 0.000221064387 -0.00369859184 -0.0674873516 0.103575036 0.00393579854 -0.0400995836 0.183589131 0.0161246601 0.0198163055 -0.154615179 0.00134785497 -0.210227355 0.142316788 0.219215661 0.0789476484 -0.102562584 -0.227978274 -0.0150398863 -0.0673525929 0.185617805 -0.0810308158 0.0292812046 -0.053886354 -0.1842314 0.140126601 -0.0472420827 -0.0146697666 -0.191866487 -0.179583579 -0.0210050195 -0.120049298 0.138511926 -0.113820165 0.099574782 -0.107174352 -0.0349876173 0.198699668 0.0298859887 -0.0643763766 0.00221842993 0.0719294399 -0.0275303852 0.139838785 0.0478091799 -0.0139663564 0.0826083496 0.0141949384 0.0383594558 0.00727731455 0.0775063634 0.121049985 -0.00970188063 -0.0272967555 0.108023643 -0.0187814832 -0.142313972 0.056559898 0.0579941943 0.0428693257 0.310047001 0.209370494
G527 0.124603458 -0.0105268555 -0.0374556854 0.000217192704 -0.00367882336 -0.0674179122 0.103283733 0.00385227683 -0.0399737209 0.183618575 0.0160835776 0.019328732 -0.155020565 0.00102551363 -0.210239664 0.142783344 0.219375819 0.0789319575 -0.102764577 -0.228517175 -0.0150042353 -0.0673550144 0.185974926 -0.0808971822 0.0292968769 -0.0536728762 -0.184350342 0.140064836 -0.0470857546 -0.0148667712 -0.192557648 -0.179667681 -0.020889733 -0.12014921 0.138166711 -0.113848753 0.0994028673 -0.107275777 -0.0352856927 0.199385017 0.0298224911 -0.0645906553 0.00201804936 0.0720407516 -0.0276442114 0.140067801 0.0477636456 -0.0132355727 0.0823871717 0.0140310805 0.0385370627 0.00761861727 0.0776482224 0.121115983 -0.00948475674 -0.0269595962 0.108933635 -0.0186158363 -0.142080501 0.056736134 0.0579356775 0.0431878082 0.310068667 0.209542334
G530 0.124396279 -0.0101405289 -0.0375748612 0.000194092339 -0.00355643081 -0.0676526874 0.103537083 0.0038134926 -0.0399737731 0.183696598 0.0162644535 0.0196362063 -0.154566571 0.00136303366 -0.210201651 0.142200992 0.219145268 0.0790197775 -0.102409601 -0.228545368 -0.015104074 -0.0674693361 0.185513228 -0.0813451111 0.0293627195 -0.0537622385 -0.184189156 0.140278727 -0.047445897 -0.0148473568 -0.192120984 -0.179815859 -0.0210802853 -0.119969644 0.138545558 -0.113794051 0.0995360017 -0.107289873 -0.0350702405 0.198923096 0.0298987441 -0.0646102279 0.00201312918 0.0719596744 -0.0274187122 0.13997896 0.0479438454 -0.0138127292 0.0826307461 0.0143825579 0.0382625051 0.00738376472 0.0774872825 0.121137388 -0.00963154901 -0.0272427071 0.108606666 -0.0187723041 -0.142123908 0.0564596504 0.0579874404 0.0429908782 0.309737056 0.209291279
G533 0.122772455 0.0400953181 -0.0128306709 0.0072310688 -0.00391988503 -0.0017086108 0.000564173039 -0.0930956751 0.114718318 0.136455968 -0.103487581 0.101726048 -0.0273679551 -0.0352350213 -0.167699486 -0.0253975838 0.101557769 0.018988071 -0.0739635974 -0.166563869 0.0285693258 -0.100545995 -0.0182033926 -0.24805057 0.0286207553 -0.134007126 -0.147772834 -0.00918057188 -0.00959101319 0.0110010533 0.0172596239 -0.0564712957 -0.0416516215 0.108939305 0.0839904025 -0.0751532167 -0.0808115453 -0.145484895 -0.0263110716 0.171132714 0.0300677866 -0.112948857 -0.0903055072 -0.0216382053 0.0772642568 -0.0633049309 -0.095667474 -0.11979457 -0.0559439957 0.132912472 0.0686415881 0.0231570508 0.0387554914 0.0844445601 0.0694625974 -0.0566265471 0.183035076 -0.033661861 0.0495534427 0.0630028471 -0.0396203101 0.072126627 -0.123819038 0.129400015
G534 0.122770593 0.0400928557 -0.012826235 0.00723673217 -0.00392112276 -0.00170624908 0.000565736846 -0.093096368 0.114715554 0.136454597 -0.103488408 0.101722479 -0.0273680333 -0.0352308601 -0.167704061 -0.0253990125 0.101562165 0.0189847257 -0.0739606693 -0.166560039 0.0285730381 -0.100541554 -0.0181991868 -0.248049974 0.0286247432 -0.134006336 -0.147773176 -0.00917669106 -0.00959601067 0.0110014686 0.01725596 -0.05647346 -0.0416546538 0.108943574 0.083994709 -0.0751581267 -0.0808151811 -0.145478964 -0.0263137501 0.171130642 0.0300705619 -0.112950779 -0.0903087705 -0.0216426607 0.0772589073 -0.0633059517 -0.0956640989 -0.119792826 -0.0559443012 0.132912621 0.0686399415 0.0231565647 0.0387535989 0.0844432712 0.0694618374 -0.0566223413 0.183032632 -0.0336585976 0.0495542958 0.0629991293 -0.039624095 0.0721317977 -0.123815104 0.129403204
G535 0.133026108 0.0231509786 -0.00982578844 0.0729620904 -0.033689864 0.0522755608 0.0277102813 -0.0238274746 0.0502348989 0.0994254574 -0.127714232 0.0191493146 -0.0679344013 -0.0726947933 -0.225830272 0.0358515903 0.166402236 0.0294964034 -0.0381006859 0.0506836399 0.104506433 -0.0458340906 0.0719327852 -0.10797815 0.0173155311 -0.149277776 -0.182327241 -0.0069977711 -0.00696729356 -0.00938662514 -0.0769503713 -0.0314299688 -0.0579651371 0.0723709539 0.0371884629 -0.102291487 -0.135049194 -0.120710105 -0.0661123171 0.139721543 0.0847612172 -0.0685984492 -0.0937107056 -0.0208459701 -0.0353003591 -0.0397350192 -0.0482372083 -0.0816470683 -0.0136434641 0.0523236915 0.0534331091 0.0538316481 0.0331225544 0.0527142137 -0.021980891 0.0452740304 0.0506948903 -0.00665817456 0.0807833523 0.0483980179 -0.0489771888 0.0614872091 0.0881857499 0.174980775
G536 0.133105189 0.0230999552 -0.0102489199 0.0732672289 -0.0339253023 0.0522022508 0.02806364 -0.0237275753 0.0494011007 0.0992560536 -0.128467813 0.0196765643 -0.0679523423 -0.0737789422 -0.226109356 0.0358003974 0.16587317 0.0300266724 -0.0375480093 0.0529954694 0.105188437 -0.0453351848 0.0722577795 -0.106218219 0.017062651 -0.149449125 -0.182869628 -0.00713642268 -0.00632377295 -0.00919344649 -0.0763962865 -0.0305507202 -0.05810057 0.0717239231 0.0368867591 -0.101869769 -0.13555181 -0.120203108 -0.0658274442 0.139014378 0.0854723677 -0.0676652864 -0.0929959342 -0.0206084345 -0.0360574946 -0.0397906713 -0.0485069565 -0.0813248456 -0.0135495076 0.0517872125 0.0535654873 0.0540541299 0.033666566 0.0525096841 -0.0231206939 0.0457565151 0.0485070758 -0.00636576675 0.08147645 0.0487376004 -0.0491429344 0.061573755 0.0885836855 0.175275519
G537 0.133496389 0.0226132404 -0.0105789565 0.0731353909 -0.0338874981 0.0525531881 0.0277551953 -0.0229640584 0.0498522446 0.099886626 -0.127831191 0.0191486236 -0.0691498071 -0.0731787682 -0.224967256 0.0365499184 0.165409654 0.0300569385 -0.0386575051 0.051338993 0.10529016 -0.0461804904 0.0732273385 -0.106552064 0.0157844983 -0.150186747 -0.182477698 -0.00745775644 -0.00646850001 -0.00970961619 -0.0771417618 -0.0312234126 -0.0580783971 0.0713321641 0.0365285501 -0.102221504 -0.13555418 -0.12023481 -0.066233106 0.138871387 0.0851141587 -0.0681308284 -0.0930150375 -0.0199672952 -0.0346498378 -0.0392631963 -0.0483955741 -0.0809455737 -0.0136551801 0.0516346656 0.0536650233 0.0543941297 0.0331687443 0.0531378798 -0.0212113913 0.0448042043 0.0499184728 -0.00664435327 0.0806571767 0.0495875217 -0.0484650768 0.0618211553 0.0889586136 0.173557833
G538 0.133549288 0.0224631689 -0.0112247011 0.0731511116 -0.034196306 0.0523186848 0.0279803704 -0.0229207594 0.0490997583 0.0998760387 -0.128494829 0.0197873432 -0.0692190975 -0.0745599344 -0.225016519 0.0366598405 0.164770409 0.0309070759 -0.0384131446 0.053227637 0.105705276 -0.0458428487 0.073484078 -0.104499005 0.0153166251 -0.150309548 -0.183065534 -0.0078556519 -0.00540951686 -0.00947881397 -0.0764969438 -0.0303851888 -0.0580541231 0.0703140497 0.0360300951 -0.101558708 -0.135868624 -0.120048851 -0.0657818466 0.138493001 0.0857820734 -0.0671188906 -0.0919444188 -0.0194764342 -0.0351925343 -0.0391710736 -0.0488083921 -0.0806098878 -0.01359093 0.0510782376 0.0539768338 0.054632701 0.0339570083 0.0528659336 -0.0222056285 0.0450125448 0.0476822481 -0.0065023778 0.0811267123 0.0501758493 -0.0484660231 0.0617983378 0.0893588737 0.173786312
G539 0.13026011 0.00988150481 -0.011945839 0.0758762583 -0.0331074968 0.0517302826 0.0297769178 -0.0238562468 0.035693951 0.111922249 -0.122832395 0.0195312556 -0.0718070269 -0.073441416 -0.22573857 0.0318472721 0.160957232 0.02323897 -0.0338821411 0.0488540344 0.107229561 -0.0409254394 0.0838372037 -0.105929539 0.0131197078 -0.156671733 -0.17778717 -0.0144480234 -0.00751468539 -0.00552789913 -0.0690255165 -0.022724051 -0.0580053702 0.0708637759 0.0420382395 -0.104336657 -0.129374921 -0.117309459 -0.0697542131 0.129448593 0.0792974234 -0.0715606362 -0.0898667648 -0.0273408499 -0.0237113629 -0.0370176733 -0.0465724468 -0.0803426877 -0.0214588065 0.0576059744 0.0545223132 0.0437635593 0.0390627012 0.0501388684 -0.0190134756 0.0439565405 0.0376416408 -0.00239881221 0.0787032992 0.0427750982 -0.0518065542 0.0675881207 0.0910929888 0.164518446
G540 0.141483098 0.0408659577 -0.0433453955 -0.0381621011 0.015989814 -0.102537625 0.0863920078 -0.0492012426 0.00872853864 0.112328619 -0.0405577607 0.0508705229 -0.0952986777 0.0431812629 -0.167203844 0.0501493588 0.137027696 -0.00212801388 -0.0991334096 -0.234785214 -0.0389734805 -0.102585159 0.0247894619 -0.193724558 0.0374753326 -0.0453131534 -0.168263778 0.131742924 -0.0311068725 0.00142993615 -0.14063704 -0.104995891 -0.0492750779 -0.0684616342 0.0929767936 -0.100164667 0.0548807234 -0.115348227 0.0299338643 0.191990376 -0.00777344126 -0.0983728245 -0.00523856236 0.0696082562 -0.000418823649 0.120431475 -0.0196551476 -0.0671060905 0.0998575166 0.0692890361 0.0561705939 0.0141911078 0.0125272702 0.120762169 0.0251878463 -0.0492597446 0.186742738 -0.103887327 -0.0673472658 0.0498655327 0.0541409813 0.0757597387 0.101186305 0.133447304
G541 0.144650772 -0.000692151196 -0.00555299083 0.0800832659 -0.0281943381 0.04572355 0.0395366587 -0.0564527027 0.0225042813 0.107622616 -0.12858066 0.014916772 -0.0692688599 -0.0794069618 -0.231599823 0.0171320811 0.163714826 0.00060091255 -0.0315964781 0.0454349853 0.112530693 -0.0435471162 0.0775871873 -0.116146594 0.0114420578 -0.157178804 -0.17547968 -0.0205072295 -0.00937516987 0.00345598394 -0.0671960413 0.00132750906 -0.0641508624 0.0883425474 0.0468387306 -0.109076813 -0.129426345 -0.106786393 -0.0673965886 0.126041815 0.074325271 -0.0806933641 -0.0819753706 -0.0525454655 -0.0121202478 -0.032809183 -0.0516852364 -0.0769129917 -0.0195574611 0.0606771782 0.0683465675 0.0432545468 0.0452118516 0.0517745242 -0.0224934202 0.0489623658 0.0407093354 -0.0157831237 0.0784631819 0.0380372815 -0.0467998534 0.0870885476 0.0903023332 0.138299033
G542 0.158528537 0.0200867504 -0.00205376279 0.0870136991 -0.0324044377 0.0339136757 0.0459898449 -0.0662008971 0.0359843783 0.0973927751 -0.137591243 0.0107154073 -0.0478140488 -0.0911482498 -0.237320215 0.0381879434 0.152177811 0.0150523437 -0.0383807942 0.0486356989 0.107161544 -0.037095882 0.0747235343 -0.124492556 0.00705704233 -0.148800746 -0.197672665 -0.0148497159 -0.0121612754 -0.0104568871 -0.0862479657 -0.00852015708 -0.0557176806 0.101582818 0.0468155108 -0.104725838 -0.141694382 -0.108120248 -0.0702846721 0.143348783 0.0929775611 -0.0750617832 -0.0860056728 -0.0533841662 -0.0309052356 -0.0507379249 -0.0505397953 -0.0736429617 -0.00992584042 0.0528677069 0.0808128864 0.067157127 0.0471035652 0.0553711355 -0.0217961948 0.0443932787 0.0537936389 -0.000778709655 0.0889278129 0.0493883416 -0.0347175375 0.0845070928 0.0906294957 0.141184717
G543 0.148441792 0.0592275709 -0.0571756586 -0.043729309 0.0097691929 -0.111055002 0.0744314492 -0.0182227157 0.024717845 0.118001319 -0.0435560644 0.058661148 -0.105000854 0.0314875655 -0.15456827 0.074092254 0.131334156 0.0340680033 -0.106486879 -0.225786313 -0.0375304818 -0.122392938 0.0267029814 -0.165527239 0.0337390639 -0.0442895927 -0.181464225 0.138157412 -0.0303459205 -0.00750044733 -0.152022153 -0.124540739 -0.0433480665 -0.0930946618 0.0800895914 -0.0954521894 0.0478543043 -0.139277473 0.0271472055 0.202908218 0.0100190016 -0.0785400048 -0.0109498734 0.10917253 -0.0151201114 0.118864529 -0.0234927256 -0.0618068166 0.111312114 0.0494388938 0.0469607487 0.0291980766 0.012851499 0.128068656 0.0276257545 -0.0487494357 0.18941848 -0.103283122 -0.0640176907 0.0737718344 0.0661673993 0.055518683 0.103541806 0.150878832
G544 0.100246206 -0.139173061 -0.178197101 0.20318149 0.120124131 0.102077581 0.183104724 0.0903634876 -0.119378038 0.27692458 -0.122251287 -0.0194687042 -0.00816261489 -0.153100595 -0.156494662 -0.0946394429 0.0603067689 0.00295046321 0.0897189081 0.0758895651 0.182319865 0.0859517828 0.160746917 0.081814155 0.0727857351 -0.130338758 -0.27101621 0.165019155 -0.0224427078 0.00781674031 0.0896186829 -0.0393890478 -0.0375739671 -0.120178498 0.0810249597 -0.069167383 0.0153234228 -0.0165183693 0.0331433788 0.122626662 0.00691202935 -0.0449217036 -0.162336782 -0.00670803571 -0.00907164067 0.0392956324 0.0335123502 -0.0350872651 -0.0375049151 0.124574803 -0.029951442 5.06166798e-05 -0.0255780686 0.0515433177 0.00134956848 0.0424077809 -0.238623098 0.0706877485 0.105198249 0.0458940007 -0.132896021 0.0198935065 -0.0942192599 0.342680395
G545 0.100882508 -0.139847279 -0.177917674 0.20258525 0.119072706 0.100889049 0.182021603 0.0911273658 -0.119459927 0.277374864 -0.123145021 -0.0190434381 -0.00955995172 -0.153775603 -0.156187013 -0.0925900117 0.0609737821 0.00350813917 0.0895604864 0.0766262412 0.182618886 0.0848226771 0.163885951 0.0845718533 0.0729197562 -0.130754471 -0.271579623 0.163549721 -0.0229508188 0.0087968437 0.0881408602 -0.0399032123 -0.0361129679 -0.120483428 0.0816634148 -0.0694843978 0.0150205959 -0.0176249482 0.0309947375 0.123160087 0.00796311069 -0.041956611 -0.162972569 -0.00580233941 -0.0107518565 0.0388888456 0.033228159 -0.0336272456 -0.0379833877 0.123027585 -0.0278797615 -0.000120963407 -0.0247383695 0.0520963594 0.00229891879 0.0429292358 -0.23787652 0.0725448132 0.105287142 0.048218444 -0.131448105 0.0210824776 -0.0925181881 0.341753215
G546 0.05140559 0.0171800666 -0.0330166109 0.0955719426 -0.0403132141 0.0559524447 0.0149277914 0.0527249873 -0.021698473 0.148472756 0.0149954855 0.0897607729 -0.0701227486 -0.0147490799 -0.115211681 -0.0699240044 0.0533798151 0.114341781 0.0119194696 -0.027048083 0.0355647951 0.063145116 0.154582858 -0.0610450245 -0.0113546895 -0.11956951 -0.272102892 0.0914285183 -0.0377865098 -0.105233788 0.147968188 -0.207376122 -0.00488504395 0.0445405245 0.106943987 -0.0978370309 -0.0185644776 -0.0556954071 -0.143153831 0.21897684 0.162049741 -0.0488939062 -0.0940765291 0.0510050096 0.0769763589 -0.165972918 0.0248348322 -0.0320111178 -0.131633088 0.115675651 -0.015395687 0.0208062362 0.0299698357 0.0650650337 0.0630387887 -0.0475233383 -0.0196188968 0.21854347 0.0786405429 0.043221686 -0.0729025602 -0.0573981628 -0.0651146993 0.157301724
G550 0.0510881841 0.0168357436 -0.0336819403 0.0950302258 -0.0403676555 0.0560279377 0.0146155208 0.0533918887 -0.0213891137 0.149228126 0.0156344082 0.0900985077 -0.0706199557 -0.0149680451 -0.115021475 -0.0688050538 0.0532752424 0.115088329 0.0114381779 -0.0279575624 0.034891136 0.0626323745 0.155714154 -0.0604318976 -0.0117229074 -0.119985886 -0.271787256 0.0906045288 -0.0375165157 -0.105140895 0.147832975 -0.207438678 -0.00419971813 0.0436031409 0.106772147 -0.0974461287 -0.0181704778 -0.0561589152 -0.143423527 0.219314903 0.161953703 -0.0484773144 -0.0937412903 0.0520090535 0.07755927 -0.165536746 0.0248680264 -0.0319936238 -0.131851643 0.115391694 -0.0149641857 0.020491058 0.0304879565 0.0651139244 0.063834317 -0.0479956828 -0.0197607391 0.218936995 0.078029342 0.0437257402 -0.0721176192 -0.05816634 -0.0640601888 0.15722248
G554 0.0484878607 0.00979859568 -0.0618182272 0.092889227 -0.00755576324 0.0085645318 -0.0132938102 0.016702095 -0.00690656854 0.165066198 0.00791812781 0.120479502 -0.0545241423 -0.0877899081 -0.136002839 -0.0587488562 0.0400791913 0.119451009 0.0224199425 -0.0594463721 0.0198409203 0.0116511881 0.110817358 -0.0475308038 0.0076948693 -0.0784573182 -0.232127994 0.0528300032 -0.0391589701 -0.0389936864 0.135870785 -0.132446274 -0.00286873314 0.0572784841 0.0959859416 -0.0743917748 -0.0207163878 -0.127169013 -0.134232625 0.223073974 0.167301953 -0.0415525585 -0.0645386502 0.057953313 0.0948527381 -0.145127311 -0.00129987393 -0.0435896479 -0.0974466279 0.113803521 0.00882228278 0.027875632 0.0781671703 0.0489148982 0.0287652016 -0.0173050519 -0.00357279601 0.199303195 0.100358002 0.0253536105 -0.00989450049 -0.0910466984 -0.0645229444 0.144036412
G557 0.0513719209 0.00844884012 -0.0629307106 0.0938286856 -0.00757950265 0.00607184786 -0.0148742618 0.0158349592 -0.00869169272 0.168459937 0.00764743565 0.119076326 -0.0543728471 -0.08980719 -0.135176986 -0.0578143597 0.040081948 0.120562986 0.0219614636 -0.0593736321 0.0204278473 0.0108274948 0.109631039 -0.0470678695 0.006280147 -0.0758661628 -0.233318955 0.0523788594 -0.0399204902 -0.0373971239 0.134646147 -0.131336465 -0.00315822731 0.0563530214 0.0953563526 -0.0752298534 -0.0189142209 -0.130653709 -0.135319173 0.22447899 0.16719842 -0.0409684069 -0.0645561889 0.0599002652 0.0944503546 -0.144418851 -0.000489031081 -0.0427029543 -0.0968410745 0.115041122 0.00976762641 0.0280933585 0.0799662694 0.0491190813 0.0264031459 -0.0156411249 -0.00316595868 0.198027939 0.100199543 0.0249720663 -0.00864211936 -0.0904892012 -0.064385429 0.143059149
G560 0.0845383257 0.000233608589 0.00847542193 0.0624315962 -0.0355795957 0.084096536 0.035494484 -0.017264992 0.050316602 0.0544953905 -0.134304136 0.0429793969 -0.0796352103 -0.0375637822 -0.249865502 0.040763393 0.172943324 -0.0145065496 -0.0287922379 0.0648981035 0.0977959782 -0.017802339 0.117371388 -0.103049308 0.0339061841 -0.172949016 -0.15134652 -0.0249153543 0.00635128701 0.0105481679 -0.0761455372 -0.018780997 -0.054375004 0.0900014713 0.0573955737 -0.091622442 -0.146224603 -0.0572492108 -0.0652274191 0.101225652 0.0732031837 -0.0612715073 -0.0897886455 -0.0488691553 -0.0354271047 -0.0413505286 -0.0630473197 -0.0873725414 -0.0313346758 0.0397662707 0.0774609149 0.03936987 0.0288297385 0.0414640605 0.00195629313 0.0370720103 0.0329957083 0.0335146524 0.0863473043 0.038104292 -0.0473257266 0.0823713467 0.105199866 0.175727397
G561 0.0845371485 -0.000520592206 0.00468672486 0.0632854924 -0.0352802128 0.085529536 0.0359215662 -0.0137578649 0.0518634729 0.0567401983 -0.133736938 0.0426560417 -0.0849025771 -0.0371683612 -0.247442171 0.0438064523 0.16911985 -0.01316352 -0.0316394418 0.067142792 0.0989485756 -0.0195380803 0.122905038 -0.100535631 0.0281706303 -0.174945295 -0.150209814 -0.0265409015 0.00837265141 0.0103359437 -0.0753619596 -0.0166045465 -0.0558396429 0.0853041112 0.0547366291 -0.0911942422 -0.148753554 -0.0545479581 -0.0654446036 0.098000288 0.0750624835 -0.0590653345 -0.0884059891 -0.0429267995 -0.0323882923 -0.0393324681 -0.062384747 -0.0853252113 -0.0328460187 0.0388379358 0.0773667172 0.0408043973 0.0302199684 0.0431921184 0.00484539708 0.0357408412 0.0304604284 0.0353238657 0.0856671482 0.0420667864 -0.0448869541 0.0795529187 0.108025461 0.173433974
G562 0.0873701274 0.00154846814 0.00907844026 0.0633968338 -0.0355259068 0.0832974017 0.0372453965 -0.0203340538 0.049575381 0.0541959181 -0.134917319 0.0404136889 -0.0783477426 -0.0383153856 -0.249412298 0.0388711132 0.173519656 -0.0144930491 -0.0291529279 0.0654049963 0.0986054093 -0.0175965205 0.113817044 -0.104890741 0.0330152288 -0.170914471 -0.153295264 -0.0226353817 0.00575152086 0.00938075036 -0.0764545202 -0.0196087863 -0.0557126775 0.0909186825 0.0565221645 -0.0930059403 -0.146194056 -0.0578819588 -0.0640109554 0.10328874 0.0740668699 -0.0630014837 -0.089469634 -0.050085213 -0.0358962752 -0.0415525623 -0.0614830032 -0.0869442597 -0.0299173836 0.041246593 0.076410614 0.041073855 0.0278929472 0.0420362093 -0.000909722585 0.0378349274 0.0341063589 0.0305429641 0.085893333 0.0373274982 -0.0485062115 0.0828763098 0.104259938 0.174908191
G563 0.0879822522 0.000412400346 0.00710593769 0.0625533164 -0.0356108882 0.0805500001 0.0352279432 -0.0182951149 0.0492476486 0.0567424707 -0.134894758 0.0424238779 -0.0805684328 -0.0407229438 -0.249030501 0.0417458341 0.172124505 -0.0127923107 -0.028320482 0.065482378 0.0987346172 -0.0209945478 0.117559724 -0.100859061 0.0335223936 -0.172801211 -0.152963907 -0.025124969 0.00474092737 0.0109712137 -0.0766168758 -0.0174576063 -0.0546928272 0.0892844051 0.0569768734 -0.0913823694 -0.146717712 -0.0601455458 -0.0659644753 0.102167986 0.0748192519 -0.0590467975 -0.0901973024 -0.047634013 -0.0358503498 -0.0412285365 -0.0636401549 -0.0863474756 -0.0303118583 0.0382490978 0.0777889267 0.0402437598 0.0310034398 0.0434896089 0.00118497829 0.039159745 0.0333469398 0.0326441415 0.0868373662 0.0399840698 -0.0449040942 0.0816216618 0.105422638 0.173088282
G564 0.101424664 0.00432259403 0.00669843657 0.0666786134 -0.0354746953 0.071766153 0.0381198414 -0.029112367 0.0453564301 0.0622777194 -0.136139974 0.0360075906 -0.0744408816 -0.0492588505 -0.246384591 0.0364500023 0.172443181 -0.00849499367 -0.0293977354 0.0635003373 0.101945758 -0.0243498702 0.104143739 -0.105221279 0.0299124178 -0.166410103 -0.160391554 -0.0199511368 0.00186128134 0.00831399299 -0.077135995 -0.0154933594 -0.0574244633 0.0912215859 0.0537059419 -0.0959233195 -0.144317761 -0.0707585961 -0.0642660707 0.110841006 0.0785097107 -0.0623383895 -0.0871579275 -0.0496678501 -0.0365316644 -0.041819267 -0.0604116805 -0.0836365521 -0.0243334733 0.0423747711 0.0766487122 0.0459150039 0.0326592214 0.0447706133 -0.0078680357 0.0420813784 0.0373127908 0.0210975632 0.0872765556 0.0397668593 -0.0447917022 0.0831461996 0.101676539 0.16714488
G565 0.101114996 0.00338061922 0.00474401889 0.0662024319 -0.0347082466 0.0701354817 0.0365619995 -0.0279252175 0.0455834977 0.0641601831 -0.135706708 0.0373280495 -0.0752143189 -0.0510356985 -0.246720746 0.0384673327 0.17098023 -0.00740297744 -0.0287294667 0.0628078952 0.101593375 -0.0264675207 0.105585963 -0.103385918 0.0307127126 -0.16752173 -0.159203976 -0.0217715651 0.00103670044 0.010181508 -0.0768265575 -0.0125886062 -0.0573800132 0.09024138 0.0533154123 -0.0940449312 -0.144414753 -0.072341159 -0.0650855377 0.109776273 0.078429617 -0.0602247939 -0.0873013139 -0.0477454364 -0.0361929238 -0.0415100791 -0.0618470684 -0.083872728 -0.0248685014 0.0409099497 0.0773394257 0.0454429165 0.0349776559 0.0455766059 -0.00670577819 0.0433340333 0.0368845388 0.0220542662 0.0882653594 0.040481668 -0.0421062559 0.0810273811 0.102358483 0.166735694
G566 0.104014166 0.00462700473 0.00631664926 0.0673550069 -0.0356230251 0.069583416 0.038116511 -0.0306595638 0.044484973 0.0639402196 -0.136546671 0.0353159904 -0.0738434121 -0.0512605235 -0.245702535 0.0361003689 0.172307104 -0.00739957206 -0.0294101313 0.0633448213 0.102720998 -0.0256193969 0.102670848 -0.104928657 0.0292725544 -0.165500939 -0.16177769 -0.0195144899 0.000936997938 0.00831308775 -0.0773828179 -0.0148324594 -0.0577380285 0.0912921056 0.0533888526 -0.0964967161 -0.144033238 -0.0730318949 -0.0644955784 0.112077236 0.0794967785 -0.0619463436 -0.0868664831 -0.0494878888 -0.0367711671 -0.041946061 -0.0603343993 -0.0828756168 -0.0232955404 0.0425203443 0.0768650547 0.0468391515 0.0337538272 0.0453549586 -0.00918039307 0.0429379903 0.0378480852 0.0196413416 0.0875777975 0.0404402651 -0.0440530442 0.0834110528 0.101256222 0.165611506
G567 0.103393197 0.00384924794 0.00449730083 0.0667966008 -0.0347979665 0.0682571828 0.0367287658 -0.0295349602 0.0449304767 0.0652837232 -0.136058018 0.0365712866 -0.0744687319 -0.0527765453 -0.246264666 0.0379816592 0.17095986 -0.00649089413 -0.0287700687 0.0625656545 0.102256626 -0.0275349859 0.103872307 -0.103445962 0.0303167626 -0.166667804 -0.160409972 -0.0212178379 0.000307155482 0.0101081636 -0.0770385712 -0.0119178006 -0.0577394962 0.0904833749 0.0529205725 -0.0945530236 -0.14419207 -0.0743331313 -0.0650789887 0.111035243 0.0792457685 -0.0600852333 -0.086929895 -0.047810711 -0.0364938118 -0.0416664667 -0.0617306419 -0.0832978711 -0.0238520205 0.041096244 0.077437669 0.0464139879 0.0357586928 0.046010457 -0.00794644095 0.0441048853 0.0375174955 0.0204722211 0.088611789 0.0408798344 -0.0415118001 0.0812151209 0.101897709 0.165485308
__smartatpg_bin_171_1 0.251577079 -0.114235453 -0.191136569 0.0528188348 0.122903399 -0.0180968866 0.249450177 0.0847697034 -0.0332152247 0.166772678 -0.148007676 0.0161130875 -0.2013143 -0.17621161 -0.158320174 0.168505743 0.23351118 0.0148905851 -0.0150891757 -0.0435617454 0.0733908936 -0.0783756822 0.261759996 0.134628311 0.092338115 -0.0673839301 -0.219931364 0.206888482 -0.0616619475 0.0432556234 -0.17703867 -0.0794288218 0.00316819246 -0.272833258 0.0984304994 -0.0318505317 0.0565800145 -0.0749343187 0.109682329 0.157272309 -0.0258621257 0.0057921866 -0.119949251 0.0944150239 -0.0815453976 0.279221892 0.0286062453 0.0304124616 0.129971907 -0.119080976 0.0754202306 0.0628356412 -0.0114352237 0.196666375 0.0817285478 0.0995250419 -0.0448113866 -0.0404712856 -0.0381092913 0.18067342 0.130411774 0.110171773 0.227652147 0.250289679
__smartatpg_bin_171_2 0.238309085 -0.0907477587 -0.194452032 0.075347133 0.135124654 -0.0314677022 0.240436599 0.109610632 -0.0452702008 0.150667161 -0.180287987 0.01926025 -0.192471579 -0.156026736 -0.163961485 0.142250687 0.201751992 -4.8006219e-05 0.0217287596 0.0499965921 0.114591829 -0.0498424135 0.263396949 0.148813054 0.107909799 -0.072472848 -0.224683702 0.222895533 -0.0628299564 0.0424250364 -0.16124931 -0.0608158261 -0.0231208466 -0.247074381 0.09739618 -0.0559960976 -0.00858686585 -0.0618142784 0.0997351557 0.126530424 0.00926475599 0.0372947305 -0.129627615 0.101296678 -0.126621023 0.2562356 0.0308374595 0.0170916524 0.121110149 -0.106912017 0.0664946884 0.0603233948 -0.0321732983 0.184386253 0.0623075999 0.122428566 -0.0994623676 -0.0231521148 0.0112703107 0.172859445 0.10024181 0.129087657 0.172899231 0.255731285
G568 0.190067187 0.150059566 0.0249092039 -0.00615360029 -0.0398074128 0.054902114 0.0228121132 -0.0800996572 0.215960249 0.00129041681 -0.0437936485 0.0561725721 -0.0918095559 -0.0155359432 -0.0533065684 -0.0429869071 0.0856554061 0.0393474922 -0.0733579621 -0.204840317 -0.0324873365 -0.000441270007 -0.0412727036 -0.302483171 0.0106463814 -0.142612904 -0.268157005 0.0917736813 -0.0711453035 -0.171206757 0.109251261 -0.21600765 -0.0152433263 0.156857342 0.0744964927 -0.106428377 -0.110834479 -0.0990926176 -0.00708749332 0.273249328 0.109895393 -0.210040078 -0.141619459 -0.00712076109 0.128114998 -0.136000007 0.00165036635 -0.0845835879 -0.069384627 0.0801695734 -0.0100975847 0.101528898 -0.0373522826 0.197918266 0.208520621 -0.0967624709 0.243281528 0.0320722125 0.0794401169 0.0544659086 -0.0870756507 0.0267305933 -0.178612486 0.0304832086
__smartatpg_bin_172_1 0.251573682 -0.11426533 -0.191181302 0.0527952313 0.122883573 -0.0181407314 0.24942331 0.0848372802 -0.0332290195 0.166803688 -0.148004472 0.0161918532 -0.201405704 -0.176275805 -0.158296779 0.168584704 0.233478397 0.0149415378 -0.0150798205 -0.043537192 0.0734056458 -0.0784621313 0.261906534 0.134793565 0.0923374519 -0.0674719885 -0.219922096 0.206821546 -0.0616498217 0.0432782993 -0.177046329 -0.0793937743 0.00322280172 -0.272886246 0.0984515548 -0.0318304449 0.0565409809 -0.0749571398 0.109637201 0.157221764 -0.0258284733 0.00588396844 -0.119941786 0.0944597721 -0.0815158486 0.279239386 0.0285321064 0.0304452274 0.129974872 -0.119194001 0.0754643977 0.0628179461 -0.0113686388 0.196690634 0.081835717 0.0995272771 -0.0448735207 -0.0404190831 -0.0381031856 0.180788487 0.130499154 0.110169806 0.227703869 0.250220895
__smartatpg_bin_172_2 0.238309085 -0.0907757208 -0.19449535 0.0753243938 0.135105029 -0.0315122493 0.240408003 0.109677307 -0.0452808179 0.150699422 -0.180286393 0.0193385929 -0.192564145 -0.156090826 -0.163939491 0.142329052 0.201719239 2.62342951e-06 0.0217372477 0.050017219 0.11460869 -0.049929373 0.263541877 0.148972154 0.10791003 -0.0725595579 -0.224674344 0.222829059 -0.0628207922 0.0424459912 -0.161259696 -0.0607806407 -0.023066083 -0.247125536 0.0974186584 -0.0559774004 -0.0086253006 -0.0618376657 0.0996885747 0.126482144 0.0092984857 0.0373847932 -0.129622057 0.101341166 -0.126590684 0.25625512 0.0307633355 0.0171258077 0.121113323 -0.107022911 0.0665387213 0.0603080019 -0.032107912 0.184411481 0.0624137633 0.122430705 -0.0995157436 -0.0230976678 0.0112797832 0.172973827 0.100329734 0.129088774 0.172950447 0.255664259
G569 0.189937025 0.150192454 0.0250335541 -0.00619042106 -0.0397658385 0.0551291369 0.0229372438 -0.0801626146 0.216093108 0.000996164279 -0.0437798053 0.0561022833 -0.0917253271 -0.0152930738 -0.0533956923 -0.0430801176 0.0857597366 0.0392082967 -0.0733696297 -0.20485729 -0.0325762555 -0.000222071496 -0.041449029 -0.302744091 0.0107045881 -0.14262113 -0.268084496 0.0919370651 -0.0710729957 -0.171332493 0.109270886 -0.216139853 -0.0152910585 0.156974673 0.0744418353 -0.106457897 -0.110877261 -0.0988390222 -0.00692602387 0.273285896 0.10985852 -0.210237145 -0.14159964 -0.00729382318 0.128082559 -0.13602151 0.00171934476 -0.0846704021 -0.0694113225 0.0802840069 -0.0101757199 0.101581812 -0.0375599414 0.19787626 0.208508402 -0.0968489647 0.243375182 0.032012485 0.0794238746 0.0542930216 -0.0872775391 0.0267214756 -0.178682491 0.0306387059
__smartatpg_bin_173_1 0.215490848 -0.0867175609 -0.17731145 0.0840787515 0.137382582 -0.0171912462 0.250702292 0.107710496 -0.0516528971 0.15338859 -0.170389429 0.011457013 -0.176845163 -0.138010606 -0.172595277 0.145747408 0.188518807 -0.00601249235 0.0257821288 0.0360055491 0.113788247 -0.0134497657 0.287632108 0.126378879 0.105508424 -0.0837745219 -0.231153041 0.232613474 -0.0694016144 0.0184022505 -0.15568611 -0.0819968507 -0.017871283 -0.224749774 0.11550872 -0.0632050559 -0.0117130745 -0.0349111296 0.0997160524 0.123394854 0.0224771164 0.02577921 -0.126018018 0.0759371221 -0.130903021 0.236788869 0.0545113571 0.0165578574 0.100191049 -0.0944115147 0.071386978 0.0596594736 -0.0313756615 0.18124865 0.0738113672 0.0997153223 -0.108469762 0.00495743146 0.00751712639 0.156919315 0.0816521645 0.133039966 0.174220055 0.251907945
G570 0.188589215 0.116503522 0.0188543387 -0.0227595288 -0.027628528 0.049032595 0.0724512786 -0.0682977065 0.149142072 0.0159041751 0.00224868022 0.0254472103 -0.122306749 0.0115261618 -0.0546247214 0.00901496597 0.125887126 0.0493869931 -0.0901062489 -0.245437428 -0.0577570945 0.0160287712 0.0258761253 -0.253341973 0.00742460182 -0.116135329 -0.267491519 0.125504345 -0.0723195672 -0.173620626 0.0513665415 -0.261120826 0.000443074649 0.0734627917 0.105520286 -0.108341806 -0.0272350647 -0.0669285208 -0.000677572039 0.268675297 0.0900220945 -0.205350399 -0.107664809 0.0142025612 0.1107895 -0.0562214144 0.0389192775 -0.0476464704 -0.0330299549 0.0566325746 -0.0132619338 0.0689118356 -0.0250444803 0.205200478 0.187127784 -0.102817662 0.223241851 0.0334137641 -0.020923743 0.0538172983 -0.0620412268 0.026875563 -0.0339686312 0.0405073464
__smartatpg_bin_174_1 0.209712327 -0.0867856592 -0.130167842 0.136836767 0.107163548 0.00645123515 0.278870732 0.108450092 -0.15598774 0.25565812 -0.0937021971 -0.11692442 -0.109641746 -0.0721611455 -0.127509668 0.0538910478 0.163517252 0.00116973568 0.0216337182 -0.0325244106 0.147800788 0.112443358 0.287353039 0.046216324 0.08374957 -0.107111052 -0.342660159 0.325118184 -0.129951745 -0.106858663 -0.0979289412 -0.20428969 -0.023649184 -0.198997155 0.193460584 -0.135329172 0.0442909524 -0.000744229648 0.0696119815 0.162575245 0.00346468249 -0.0611749254 -0.147058323 -0.00615501171 -0.142062306 0.194199979 0.158474237 0.0130691938 0.0564498119 -0.00349555817 -0.0335369967 0.0290748365 -0.0625592396 0.214646801 0.0702795088 0.0432243645 -0.1408474 0.00768346759 -0.0599827692 0.0975158289 -0.100937724 0.154965833 0.152148783 0.272245437
G573 0.196230307 -0.0573472008 -0.110152066 0.143263042 0.110083565 0.0424633808 0.21616587 0.0572114438 -0.100355625 0.311082989 -0.0886609927 -0.121423513 -0.0259324815 -0.0245443098 -0.0983225554 -0.0416256487 0.181215763 0.0429870971 -0.00529543171 -0.110270552 0.167263165 0.0592488162 0.153330922 -0.150423542 0.139292762 -0.113922551 -0.266295701 0.283113092 -0.0769511908 -0.0533786416 0.0253107864 -0.205885306 -0.0596373007 -0.0748290196 0.150874212 -0.0931935757 0.133767948 -0.0433871448 0.0781303197 0.189440385 -0.0394822061 -0.045442868 -0.161678195 -0.0170984957 -0.0391518846 0.12183398 0.105666727 -0.0812630132 -0.0206796285 0.0808061063 -0.0464697666 0.0189572573 -0.00671553798 0.183922023 0.128424272 -0.0371790268 -0.0489980914 -0.0360264517 -0.0151619818 0.069736518 -0.107540898 0.118514366 -0.104053542 0.320352733
G582 0.0891141966 0.00538940867 -0.00371088414 0.092867054 -0.0254250821 0.0332501903 0.0191630237 -0.017114114 0.0104766833 0.159699246 -0.0999620631 0.0256264526 -0.0606196374 -0.0607609041 -0.23898305 0.0296963044 0.158678204 0.0322958305 -0.0148742087 0.0313382447 0.118035644 -0.023577651 0.128964245 -0.120478258 0.0296016652 -0.159437403 -0.165420681 -0.00543943094 -0.0214959178 0.00392540032 -0.0475663804 -0.0307727363 -0.0510807969 0.103920586 0.0784690157 -0.117655814 -0.110951379 -0.122428156 -0.0950094908 0.12470451 0.109441198 -0.0358266495 -0.0714973509 -0.0475333035 -0.0315993838 -0.0551404357 -0.0230161082 -0.0813931301 -0.0450762399 0.0655422881 0.0623081289 0.0298997834 0.0854285434 0.0498905145 -0.0227080565 0.0395803824 0.0185142122 0.0372651182 0.070222877 0.0312328413 -0.0460167341 0.0520939566 0.094785735 0.167267457
G585 0.136726782 0.0134469206 0.00358966296 0.0859084055 -0.0294279307 0.0493544824 0.042893365 -0.0534178428 0.0276199635 0.0994618312 -0.127329081 0.00949307345 -0.0534805506 -0.0755689219 -0.235779583 0.0254687816 0.15560995 0.0106479144 -0.0318102501 0.0446068719 0.112835743 -0.0246843435 0.0792508796 -0.126095235 0.0100832814 -0.152677417 -0.187836021 -0.00874803215 -0.0139017105 -0.0129701961 -0.0732261315 -0.018523084 -0.0618043728 0.101931795 0.0495141372 -0.107651398 -0.134921595 -0.101365127 -0.0672377497 0.133273423 0.0871457011 -0.0790420026 -0.0850312561 -0.058300782 -0.0278534181 -0.0513989776 -0.0384334959 -0.076027602 -0.022144502 0.0632639006 0.0699239597 0.0555112101 0.0414435454 0.0504473224 -0.0270547383 0.0420340151 0.0463861823 0.00298101059 0.0799360573 0.0347383618 -0.050213892 0.0809864998 0.0897452906 0.145766303
G586 0.0892212987 0.00573040452 -0.00293211406 0.0930915028 -0.0255506672 0.0328527763 0.0193648525 -0.0179796405 0.0099229645 0.159263179 -0.0998021364 0.0250476059 -0.0596952513 -0.0606740639 -0.239034429 0.0285504963 0.159283802 0.0320111401 -0.014930225 0.0308471341 0.118235156 -0.0232121218 0.127380267 -0.121300422 0.0301189646 -0.158241719 -0.166093171 -0.00445746398 -0.0216198973 0.00369387097 -0.0476276316 -0.0314057432 -0.0512108207 0.104473807 0.0788830146 -0.117934734 -0.110360913 -0.122754373 -0.0946994796 0.125441954 0.109026141 -0.0365230702 -0.0718781278 -0.0486122519 -0.0319261365 -0.0552461296 -0.0227314085 -0.0816136897 -0.0445593111 0.0661305711 0.0618366487 0.0298829209 0.0850468874 0.0494971387 -0.0236469358 0.0397099629 0.0190462638 0.0366770774 0.0699013546 0.0306347962 -0.0467076004 0.0525188111 0.0940068662 0.167916924
G589 0.136701286 0.0134549541 0.00362846488 0.0859661698 -0.0294031352 0.0494650081 0.0429513641 -0.0534945354 0.0276421737 0.0994158313 -0.127325773 0.00940259639 -0.0533477291 -0.0754629374 -0.235817477 0.0253666565 0.155639499 0.0105890157 -0.0318222158 0.0446051508 0.112809949 -0.0245119985 0.0790820718 -0.126313031 0.0100379912 -0.15259923 -0.187805504 -0.00867579039 -0.0138677843 -0.0129901199 -0.0731953457 -0.0185496658 -0.0618642308 0.101998836 0.0494677834 -0.107707292 -0.134858757 -0.101301588 -0.0671738088 0.133288965 0.0871021897 -0.0792025849 -0.0849844068 -0.0583605804 -0.0278496426 -0.0514260158 -0.0383215621 -0.0760590807 -0.0221789144 0.0634459034 0.0698886737 0.0555321537 0.0413396172 0.0503799953 -0.0271702372 0.0419934951 0.0464058146 0.00289961114 0.0799392089 0.0345690064 -0.0503445044 0.0810180753 0.0897037238 0.145837232
G590 0.0890308768 0.00523607479 -0.00404485082 0.0930679664 -0.0257685483 0.0333914869 0.0194667224 -0.0170307141 0.00968134869 0.159589306 -0.100605093 0.0261072814 -0.0606813207 -0.0616627485 -0.239069089 0.0295295622 0.158269525 0.032874383 -0.0144679854 0.0333218165 0.118616045 -0.0229774192 0.12925075 -0.118675575 0.0292171873 -0.159650311 -0.166036814 -0.00559129752 -0.0207204185 0.0040011825 -0.0469502807 -0.030212095 -0.0511734486 0.103158206 0.0781530291 -0.117220834 -0.111295767 -0.121928819 -0.0946302339 0.12420731 0.110100485 -0.035008993 -0.0707236975 -0.0472876281 -0.0322372764 -0.0552275963 -0.023217123 -0.0810438395 -0.0451318175 0.0652138218 0.0624320805 0.0300286319 0.0859523043 0.049645599 -0.0237903856 0.0398592129 0.0164176077 0.0374732204 0.0706557781 0.0315471366 -0.0464040786 0.0522209108 0.0951122865 0.167584985
G593 0.136729926 0.0134720672 0.00359814661 0.0859468505 -0.0294116326 0.0493330844 0.0429101549 -0.0533949025 0.0275561176 0.0994320512 -0.12738128 0.00950271543 -0.0534951612 -0.0755321607 -0.235805839 0.0254379734 0.155576989 0.0105872285 -0.0317273773 0.0447955057 0.112926692 -0.024672417 0.0792794898 -0.126077533 0.010113569 -0.152695626 -0.187831998 -0.00869554281 -0.013929721 -0.0129368668 -0.0731736645 -0.0184607226 -0.0618229695 0.10195791 0.0495428592 -0.107708089 -0.134987578 -0.101285495 -0.0672476515 0.133177921 0.0871853009 -0.078973867 -0.0850455984 -0.0583193451 -0.0279223006 -0.0514025278 -0.0384475552 -0.0760341585 -0.0221265834 0.0632392764 0.0699185804 0.0555056632 0.0414382964 0.0504698306 -0.0270982943 0.0420936383 0.0462730341 0.00300651789 0.0799988583 0.0347364321 -0.0502398163 0.0810223445 0.0897485912 0.145749882
G594 0.0890430957 0.00555718271 -0.00328458124 0.093254976 -0.0258857477 0.0330019332 0.0196331423 -0.0178173576 0.00916917715 0.159099102 -0.100428976 0.0256085936 -0.0597889572 -0.0615795553 -0.239179462 0.0284320544 0.158871204 0.0325942524 -0.0144994939 0.032798674 0.118786015 -0.0226573087 0.127776787 -0.119434565 0.0298245903 -0.158541575 -0.166627392 -0.00469268439 -0.0207940992 0.00381290517 -0.0470090993 -0.0307758525 -0.0512473844 0.10371004 0.0785911828 -0.117451362 -0.110720113 -0.122253478 -0.0943475217 0.124884896 0.10966529 -0.0356441997 -0.071076557 -0.0483701006 -0.0325612389 -0.0553175025 -0.0230117943 -0.0812821984 -0.0446351096 0.0656984895 0.0619947426 0.0299732462 0.0855970755 0.0492183119 -0.0246086661 0.0399754383 0.0169216581 0.0369497389 0.0703758299 0.0309705287 -0.0470145345 0.0526200421 0.0943828225 0.168246329
G597 0.136706546 0.0134739522 0.00363089726 0.0860041007 -0.0293871555 0.0494339168 0.0429633632 -0.0534655936 0.0275706872 0.0993910357 -0.127376169 0.00941481814 -0.0533686243 -0.0754383579 -0.235842377 0.0253391191 0.155601174 0.0105352793 -0.031739112 0.0447910465 0.112905934 -0.0245121196 0.0791193917 -0.126279742 0.0100701153 -0.152620316 -0.187802896 -0.00862937421 -0.0138952518 -0.0129528921 -0.0731449723 -0.0184800886 -0.0618808605 0.102020279 0.0494974665 -0.10775888 -0.134923652 -0.101229101 -0.0671882927 0.133187324 0.0871402696 -0.0791264996 -0.0849972889 -0.0583771653 -0.0279147066 -0.0514248163 -0.0383438878 -0.0760625973 -0.0221575256 0.0634090081 0.069883354 0.0555260926 0.0413414016 0.0504037142 -0.027207518 0.042055469 0.0462895446 0.00292632799 0.0800037831 0.0345747918 -0.0503585003 0.0810533911 0.0897103921 0.145812094
G598 0.0888303593 0.00555386767 -0.0039911475 0.0925451368 -0.0251629148 0.0333877727 0.0191238131 -0.0170410201 0.0111086499 0.159562498 -0.100077651 0.0259094574 -0.0607608221 -0.0605701655 -0.239368305 0.0300976932 0.158613205 0.0321824253 -0.0146439271 0.0314624906 0.117600687 -0.0237575639 0.129229844 -0.120616034 0.029943483 -0.159749493 -0.164909735 -0.00579353841 -0.0215619598 0.00424804166 -0.0473572165 -0.0303613413 -0.0511451587 0.104004502 0.0783077106 -0.117370367 -0.111186348 -0.12233784 -0.0948818102 0.124687396 0.109604172 -0.0355667584 -0.0714464039 -0.0472056158 -0.0316991545 -0.0552528426 -0.023131853 -0.0816750452 -0.0453535728 0.0654861927 0.0624709018 0.0298672449 0.0856275484 0.0501335934 -0.022569906 0.0397612862 0.018580066 0.0374373272 0.0705100968 0.0310354847 -0.0456749238 0.0514665879 0.0948629826 0.167523086
G601 0.136618704 0.0133666778 0.00338589959 0.0858542547 -0.0293523781 0.0491835773 0.0427740924 -0.0532524623 0.0273321886 0.0997609645 -0.12719433 0.00951564778 -0.0534959324 -0.0756775588 -0.235643461 0.0254146103 0.155335248 0.0107611893 -0.03175411 0.0446266644 0.112846173 -0.0246542171 0.0792484134 -0.125891313 0.00998191442 -0.152692318 -0.187838942 -0.00877979584 -0.0137280952 -0.0129367011 -0.0729173049 -0.0184168406 -0.0617485121 0.101629525 0.0494451374 -0.107622817 -0.134770036 -0.101514556 -0.0671656951 0.133225068 0.0870705619 -0.0789438114 -0.0848112181 -0.0581451915 -0.0277608298 -0.0512335226 -0.0384126268 -0.0761029124 -0.0222192407 0.0633491799 0.0698829815 0.0553043447 0.0416224264 0.0503837615 -0.0271073468 0.0419596545 0.0459306464 0.00291565899 0.0798070207 0.0347345695 -0.0503103286 0.0809035003 0.0897273794 0.145733878
G602 0.0893802643 0.00568198692 -0.003013751 0.0931022614 -0.0255868677 0.0326782949 0.0193099566 -0.0180010591 0.00978726055 0.159406677 -0.0998011529 0.0250512008 -0.0597732477 -0.0608846061 -0.238935828 0.0285797734 0.159197345 0.0321391337 -0.0149538079 0.0308546163 0.118331842 -0.0233860351 0.127414629 -0.1211133 0.0300450884 -0.158232599 -0.166209325 -0.00451205391 -0.021615345 0.00371498032 -0.0476203412 -0.031358093 -0.0511784256 0.104381755 0.0788818896 -0.11789605 -0.110333674 -0.122896507 -0.0947405249 0.125469789 0.109028652 -0.0364128128 -0.0718930513 -0.0485703424 -0.0318328403 -0.0552045554 -0.0228304379 -0.0815488175 -0.0444988534 0.0660325289 0.061867632 0.029891016 0.0851753056 0.0495633036 -0.023633549 0.0397356413 0.0190087985 0.0366539843 0.0698996931 0.0307948776 -0.0465865657 0.0525396131 0.094002232 0.167758614
G605 0.136570573 0.0133995861 0.00343773398 0.0858933032 -0.0293323826 0.0493687727 0.0428748764 -0.0533291139 0.0273950901 0.0996624455 -0.127212375 0.00943498034 -0.053407792 -0.0755190626 -0.235685617 0.0253102332 0.155393481 0.0106717078 -0.0317709744 0.0446699299 0.11280629 -0.0244634543 0.0791387782 -0.126101449 0.00992394425 -0.152640298 -0.187788904 -0.00871311966 -0.013662775 -0.0129803885 -0.0728929341 -0.0184971392 -0.0617982969 0.101707146 0.0494016781 -0.107718475 -0.13474521 -0.101381876 -0.0670879409 0.133240849 0.0870679319 -0.0791216716 -0.0847324282 -0.0582138635 -0.0277521238 -0.0512543209 -0.0382805951 -0.076122582 -0.022249395 0.0635274053 0.0698513538 0.0553369299 0.0414807536 0.0503206551 -0.0272044111 0.0418752171 0.0459432453 0.00283835432 0.0797961578 0.0345796607 -0.050469093 0.080951497 0.0897146687 0.14579922
G606 0.11219123 0.027841663 -0.0321396478 0.0056159026 0.00533382362 -0.0888842642 0.0374648236 -0.012909092 0.0454833172 0.203776583 -0.0162588805 0.0614678077 -0.107398883 0.0140066352 -0.187190041 0.0752249882 0.155519769 0.0650857165 -0.100616857 -0.274964213 -0.00842307601 -0.109888069 0.109230548 -0.196570083 0.0474548712 -0.0868826807 -0.155223787 0.0935318619 -0.0398975946 -0.0114124371 -0.0969135687 -0.14297387 -0.0293733142 -0.021170767 0.122775257 -0.112205684 0.0343875997 -0.165872857 -0.0337995999 0.211657554 0.0415939838 -0.0773477033 -0.0365796424 0.0547440276 0.031037366 0.0584091395 -0.00936297979 -0.0689552352 0.0209867638 0.0687417984 0.0438798778 0.00766324904 0.065006353 0.118278295 0.0717755631 -0.0542453788 0.177057475 -0.0273200292 -0.0626893267 0.0610249378 0.0513150729 0.0467698202 0.078750588 0.176946834
G609 0.111226663 0.0272260588 -0.0331099071 0.00502292486 0.00571828522 -0.0883853287 0.036843162 -0.0120115113 0.0465291291 0.203889892 -0.0160946753 0.0632516816 -0.108067349 0.0138023561 -0.187735736 0.0760925114 0.155069873 0.0649412945 -0.100701161 -0.275620669 -0.00931200571 -0.110507593 0.11018645 -0.195809901 0.0478841476 -0.0886098742 -0.153051168 0.0919869393 -0.0399650745 -0.0104135284 -0.0966481492 -0.14073588 -0.0289895386 -0.0217009131 0.122320093 -0.111672588 0.0337676182 -0.165912181 -0.0336784534 0.210641369 0.0414573811 -0.0775286257 -0.0356571414 0.0555495284 0.0319383666 0.058882121 -0.0108590564 -0.0694135055 0.0207142811 0.0679196343 0.044593066 0.00738110952 0.0656266659 0.117612548 0.0736559853 -0.0542162471 0.176317766 -0.0277540293 -0.0619481914 0.061264839 0.0522476882 0.0462283865 0.079154186 0.177751407
G612 0.0904340148 0.00587727502 -0.00248315581 0.0939814299 -0.0263840742 0.0326165892 0.0202185065 -0.0185530223 0.00808594376 0.159581542 -0.100539222 0.023888763 -0.0593670309 -0.0616402365 -0.238155618 0.0278277304 0.159163311 0.0330505036 -0.014553519 0.0333712064 0.119563013 -0.0220186878 0.127232209 -0.119851589 0.0286900681 -0.157035992 -0.168792263 -0.00338110537 -0.0207166541 0.00264487346 -0.0474194363 -0.033333011 -0.0515931658 0.103938676 0.0788576305 -0.118086174 -0.110115416 -0.122297317 -0.0947966874 0.125937819 0.110008053 -0.0354508609 -0.0719571412 -0.0486910716 -0.0331741571 -0.0558655262 -0.0213647708 -0.0804895088 -0.0446163677 0.0666021779 0.0614454485 0.0303181 0.0850661322 0.0500209369 -0.0264371 0.039739605 0.0176720917 0.0374827422 0.0695026144 0.0310653057 -0.0480531603 0.0533528626 0.0941886157 0.166884765
G615 0.136585712 0.0134409424 0.00363491848 0.0858666077 -0.0294317938 0.0495870411 0.0428631827 -0.0533767492 0.0278173108 0.0994639695 -0.127313241 0.00959256291 -0.0534357205 -0.0753733218 -0.235800117 0.0255087223 0.155668214 0.0106147239 -0.031847138 0.0445241518 0.112669349 -0.0245168656 0.0793204457 -0.126259416 0.0100272503 -0.15280588 -0.187687367 -0.00881823059 -0.013852424 -0.0130076418 -0.0731397197 -0.018610185 -0.0617235936 0.101989575 0.0495222323 -0.107706256 -0.134928703 -0.101262093 -0.067267403 0.133268073 0.0871648118 -0.07913021 -0.0849849433 -0.0582618751 -0.0277996045 -0.0514976531 -0.038377896 -0.0760537162 -0.0223295242 0.0634163842 0.0699839815 0.0554455593 0.0413685702 0.0503640883 -0.0269369371 0.0418939553 0.0463953391 0.00307380967 0.0799124092 0.0346700884 -0.0503385589 0.0809870511 0.0897406787 0.145849451
G616 0.0891013965 0.00559047749 -0.00327786268 0.0931878313 -0.0257987138 0.0329649821 0.0196563341 -0.0180902444 0.00931336731 0.159117654 -0.100340411 0.0254934691 -0.0596344173 -0.0616607554 -0.239227578 0.0283629466 0.158970609 0.0325948 -0.0145939738 0.032314878 0.118566975 -0.022731185 0.127417743 -0.119631827 0.0299153868 -0.158369079 -0.166585684 -0.00469751609 -0.0209245887 0.00384138734 -0.0470982008 -0.0307866614 -0.051349882 0.103776537 0.0785669535 -0.117320322 -0.110578917 -0.122425802 -0.0942014083 0.125143439 0.109555036 -0.0359946862 -0.0711344555 -0.048457738 -0.032429155 -0.0553229563 -0.0229884926 -0.08136338 -0.0445981771 0.0658332705 0.0618910566 0.0300007984 0.0856295153 0.049185846 -0.0246650092 0.0400082245 0.0172679853 0.0366981998 0.0702312812 0.0307553951 -0.0469754189 0.0524548776 0.0942169651 0.168385178
G619 0.136715069 0.0134629048 0.00362531259 0.0859432444 -0.0294098724 0.0494753532 0.0429457873 -0.0535429679 0.027679 0.0994341448 -0.12730962 0.00940119661 -0.0533245616 -0.0754702166 -0.235786945 0.0253451783 0.155627638 0.010623008 -0.0318741798 0.0445075855 0.112778209 -0.0245191474 0.0790179446 -0.12637125 0.0100028943 -0.152586684 -0.187809497 -0.00868500676 -0.0138323568 -0.0130003328 -0.0731572956 -0.0185732432 -0.0618594177 0.102003261 0.0494532026 -0.107691869 -0.134823769 -0.101333469 -0.0671408549 0.133348018 0.0870673656 -0.0792569742 -0.0849714875 -0.0583661236 -0.0277718417 -0.051446151 -0.038333524 -0.0760652795 -0.0222033504 0.0635000393 0.0698895901 0.0555465221 0.041331742 0.0503712855 -0.0271546338 0.0419444405 0.0464640856 0.00286145648 0.0799202472 0.0345569104 -0.0503479615 0.081005007 0.0896446481 0.145836458
G620 0.12136019 0.0284802914 -0.0340365209 0.00805409718 0.00521442946 -0.0972012579 0.0364251621 -0.0182828866 0.0422624089 0.210388362 -0.0173039623 0.0585366748 -0.104031883 0.00658921665 -0.185288593 0.0738200396 0.154947683 0.0692577288 -0.100042969 -0.275028944 -0.00607858319 -0.113861322 0.102002546 -0.197229773 0.0452343933 -0.0829255879 -0.159843102 0.0955449715 -0.0432139225 -0.01088438 -0.097534053 -0.140341803 -0.0307890158 -0.0209214464 0.121025272 -0.113999911 0.036936447 -0.174580723 -0.0343949571 0.215699449 0.0443847179 -0.0765712187 -0.0353191905 0.0558882132 0.030246105 0.0580247417 -0.00811756682 -0.0669399127 0.0245603193 0.0707960054 0.0444168076 0.0104424814 0.0691226199 0.119465113 0.0662829131 -0.050914377 0.178849906 -0.0334428921 -0.0612288564 0.0613849349 0.0541507639 0.047655791 0.0768893585 0.172025159
G623 0.136177033 0.0148300156 0.00510523701 0.0854157954 -0.0284140781 0.051294215 0.0439821705 -0.0549362488 0.0294046048 0.0970339477 -0.126833811 0.00802253652 -0.0519345179 -0.0729818866 -0.236430854 0.0243030451 0.156850696 0.00873772614 -0.0322561003 0.0426254533 0.111319073 -0.0231781062 0.0762263685 -0.130661383 0.0109189302 -0.152032107 -0.186821401 -0.00700461119 -0.0142794559 -0.0141986422 -0.0734762326 -0.0201840028 -0.0623641983 0.104096085 0.0490741991 -0.108583629 -0.134728715 -0.100029171 -0.0656718016 0.134626612 0.0860843956 -0.0825937763 -0.0853266641 -0.0601048358 -0.0274078269 -0.0516077913 -0.0371645987 -0.077373676 -0.022050146 0.0651597828 0.0688681677 0.0557958856 0.0388245918 0.0501079299 -0.0269615296 0.0413078107 0.0490790866 0.00103901245 0.0788997859 0.0322324224 -0.0520797744 0.0808538198 0.0885736048 0.146846056
G624 0.120878801 0.0278476235 -0.0351207107 0.00754362484 0.00557841547 -0.0971391276 0.0357704088 -0.017577555 0.0429841354 0.210928202 -0.0172806457 0.0602075681 -0.104839727 0.00603737216 -0.185621902 0.0746822059 0.154456913 0.0692469925 -0.100081943 -0.275497675 -0.00681344792 -0.114785291 0.103004545 -0.196154878 0.0454504564 -0.0843854472 -0.158054754 0.0939998329 -0.0434818603 -0.00984365772 -0.097376138 -0.138225123 -0.0304138232 -0.0215936732 0.120634221 -0.113549739 0.0364276655 -0.174964324 -0.0343488194 0.214800239 0.0444918051 -0.0765893757 -0.0344995111 0.0568081439 0.031145351 0.0585508198 -0.00958817452 -0.0672053397 0.0245626401 0.0699238405 0.045170743 0.0102080433 0.0700525939 0.119006462 0.0678823069 -0.050713256 0.178079143 -0.0339873023 -0.0605843291 0.0618240722 0.0552674457 0.0472107455 0.0772541985 0.172459394
G627 0.13632457 0.0148598272 0.00507909106 0.085427992 -0.0284266807 0.0511561222 0.0440371186 -0.0550334901 0.0292904992 0.0970415324 -0.126858503 0.00793365296 -0.0519689173 -0.0731121674 -0.236371025 0.0242396295 0.156813115 0.00877552386 -0.0322673023 0.0426601246 0.111422427 -0.0232930984 0.0761367753 -0.130580649 0.0108990781 -0.151919588 -0.186955526 -0.00694253901 -0.0143017778 -0.0141977174 -0.0735154748 -0.0201906133 -0.0624299832 0.104061708 0.0490600802 -0.108578302 -0.134714663 -0.100098006 -0.0656139106 0.134698406 0.0860886052 -0.0825891346 -0.0853386074 -0.0601432994 -0.0273856875 -0.051549416 -0.037182115 -0.0773392841 -0.0219177473 0.0651130453 0.0688251331 0.0558732077 0.0388569571 0.0501855575 -0.0270685926 0.0413542278 0.0491192825 0.000918473699 0.0788874328 0.0322868265 -0.0520250611 0.0808707103 0.0885362625 0.146764085
G628 0.110907301 0.0430884585 -0.0581116229 -0.0243617594 0.0194883347 -0.133195564 0.0640735626 -0.00287726731 -0.0111544719 0.184362516 -0.0114009688 0.0630434304 -0.103589609 0.0370925553 -0.162671298 0.0706981868 0.124428898 0.0451528318 -0.0851021931 -0.247535646 -0.0277944077 -0.105269365 0.0855014175 -0.174573049 0.047711771 -0.049145218 -0.16222696 0.1379513 -0.0476918817 0.00317453081 -0.126531094 -0.129806146 -0.0360089391 -0.0705459341 0.117678352 -0.109778322 0.0728000998 -0.152522817 0.00090892869 0.192512557 0.0292976759 -0.0512313209 0.00722578866 0.0913139805 -0.0090601081 0.110036477 0.0042398246 -0.0651101321 0.0816571638 0.0632324591 0.0443688519 0.00371178612 0.0607286803 0.1249341 0.028203303 -0.0538779646 0.159486055 -0.0626181662 -0.0745171905 0.0571524352 0.0658402592 0.0370415412 0.112480752 0.150198787
G631 0.126417294 0.0117851691 -0.00935084 0.075200133 -0.0338722132 0.0519811548 0.0304175261 -0.0226072557 0.0363077894 0.107329816 -0.121628121 0.0185940843 -0.0703696087 -0.0716256499 -0.227432698 0.031232018 0.162333101 0.0229806434 -0.0330807753 0.0481529348 0.107618973 -0.0396536216 0.083958514 -0.107727222 0.017301552 -0.156599194 -0.179012924 -0.0123285968 -0.00523235044 -0.006847132 -0.0688012391 -0.0256065577 -0.0573935211 0.072812058 0.0436469615 -0.103045695 -0.129369229 -0.11559011 -0.0699152052 0.130506605 0.0775644034 -0.0696662068 -0.0915297791 -0.0302940682 -0.0265595317 -0.0382410809 -0.0457767695 -0.0816999227 -0.0221671313 0.0561742224 0.0531907603 0.0432247035 0.0368455574 0.0500885658 -0.0186374187 0.0430559777 0.0389697887 0.00116458628 0.0787967071 0.0417837538 -0.0526778214 0.0667869896 0.0911323503 0.166295335
G632 0.112616852 0.0420562997 -0.0592353642 -0.0239923429 0.0197868273 -0.133771092 0.0631832182 -0.00350043131 -0.0113732303 0.187316567 -0.0119469576 0.0639144257 -0.103871986 0.036263328 -0.161906794 0.0709582865 0.124008454 0.0452759936 -0.0852331296 -0.247329682 -0.0283213183 -0.105623916 0.0853823349 -0.173966631 0.0459799506 -0.0491228476 -0.161626041 0.136867926 -0.0491543971 0.00411318662 -0.12640214 -0.128644288 -0.0360568166 -0.0713680536 0.117249385 -0.110467024 0.0730654746 -0.153735429 0.000602190499 0.192190573 0.0303347278 -0.051789429 0.00777551206 0.0929808915 -0.00823567528 0.110358626 0.00389921502 -0.0645816475 0.0818531811 0.0643344894 0.0452583246 0.00354037294 0.0621840991 0.124844201 0.0277265552 -0.0533812121 0.158765912 -0.0639353693 -0.0746439621 0.0574777722 0.0660978705 0.0374519788 0.112241127 0.149701193
G635 0.134732112 0.024550451 -0.00818909705 0.0744432136 -0.0348486453 0.0523104742 0.0302517191 -0.0256533325 0.0468555018 0.0983174294 -0.129450232 0.0165048502 -0.0661201999 -0.0736730322 -0.224799529 0.033221148 0.166428357 0.0305645652 -0.036750529 0.0564457923 0.106897756 -0.0423171073 0.0698601156 -0.106793948 0.0155449724 -0.146248743 -0.187435776 -0.00344814942 -0.00511384988 -0.011846371 -0.0757511035 -0.0355212837 -0.0590992272 0.0723602995 0.0371949524 -0.103053503 -0.134863153 -0.118817203 -0.0648614466 0.141020223 0.0865215138 -0.0676190779 -0.0935146958 -0.0222554635 -0.0384751633 -0.0410452634 -0.0450908579 -0.0805648416 -0.0134202149 0.0539393872 0.0519084148 0.0547756143 0.0322254747 0.0533718579 -0.0285822265 0.0455491208 0.0473618247 -0.00595197268 0.0797798187 0.0478314757 -0.0530333631 0.0629188716 0.0878442302 0.174333259
G636 0.134672761 0.024727013 -0.0075430274 0.0743998885 -0.0345320776 0.0525802635 0.030023789 -0.0257407427 0.0476594642 0.0983628929 -0.12874718 0.0159020387 -0.0660277009 -0.0722937882 -0.22473155 0.033090353 0.167051986 0.0297559313 -0.0370312333 0.0544238165 0.106462955 -0.0426752083 0.069558695 -0.108946458 0.0159966964 -0.14615348 -0.186826095 -0.00307622063 -0.00616910541 -0.0121053606 -0.0763137713 -0.0363770127 -0.0590917841 0.0734098479 0.0377137884 -0.103685953 -0.134509295 -0.119031027 -0.065283224 0.141421854 0.085810788 -0.0686898455 -0.0945838541 -0.0227759834 -0.0378180407 -0.0411666632 -0.044678539 -0.0809254497 -0.0135141835 0.0545421876 0.0515777543 0.0545263886 0.031435132 0.0536560528 -0.0275329705 0.0452656932 0.0496705398 -0.00611346634 0.0792820528 0.0472302809 -0.0530512258 0.062919803 0.0873930529 0.174098447
G637 0.145415008 0.000157499278 -0.00405352237 0.081475459 -0.0298838578 0.0440068915 0.0405892581 -0.0571134016 0.0187219623 0.107595772 -0.12963742 0.0132020982 -0.0670981929 -0.0808964819 -0.231120735 0.0150072426 0.163933858 0.00247727009 -0.0297133364 0.0499385409 0.114837199 -0.040847566 0.0766537413 -0.114445738 0.011123471 -0.1542757 -0.180692121 -0.0180211682 -0.00736454315 0.00189280394 -0.0659208447 -0.00213267002 -0.0641524643 0.0881654173 0.0480408072 -0.109000839 -0.128205374 -0.10682451 -0.0675683543 0.127423063 0.0753918216 -0.0777864605 -0.0825897977 -0.0539299436 -0.0158245005 -0.0344468504 -0.0493703112 -0.0759839192 -0.0199073367 0.0614769943 0.0675420016 0.0429061837 0.0456034653 0.0520957373 -0.0283255298 0.0494758934 0.0375124738 -0.0133392187 0.0782636777 0.0377824791 -0.0494745448 0.0883244276 0.0899875239 0.138184309
G638 0.149902195 0.0614228323 -0.0540164225 -0.0428991541 0.00925242901 -0.112133123 0.0760804936 -0.0211311299 0.0230533201 0.116614044 -0.044161547 0.0546655096 -0.101716757 0.0331049226 -0.154148594 0.0711063668 0.133161187 0.0335433185 -0.1056422 -0.224760994 -0.0366992094 -0.119928703 0.0225202125 -0.169333622 0.0342500582 -0.0393838398 -0.185679272 0.142568529 -0.0307067167 -0.00955826603 -0.152202651 -0.129693642 -0.0442237444 -0.090533942 0.0815923586 -0.0971983969 0.0496402979 -0.139081568 0.0276442189 0.205920622 0.00998250768 -0.0790457428 -0.0128582865 0.106484853 -0.0178911313 0.117561772 -0.0198772289 -0.0618537776 0.112041056 0.052384261 0.0450810418 0.0294924937 0.0109254681 0.128844798 0.0225087777 -0.0485010929 0.191317216 -0.102848239 -0.0656387806 0.0716360658 0.0629575551 0.056557633 0.101726785 0.150951505
G639 0.160118312 0.0222566631 0.000835712184 0.0877216533 -0.0328219458 0.0329827033 0.0475928225 -0.0691619441 0.0345036536 0.0960746855 -0.138134643 0.00731698098 -0.044656232 -0.090165168 -0.236826316 0.0353182033 0.153895169 0.0146523034 -0.0375044867 0.0497795939 0.107694864 -0.034828376 0.0705420226 -0.127858236 0.00742026092 -0.144282103 -0.201666102 -0.0107860323 -0.0119013982 -0.0125323841 -0.0860313773 -0.0137085831 -0.0564152971 0.103955738 0.0479000919 -0.106169499 -0.140209407 -0.107980706 -0.0696191341 0.146715328 0.0931721851 -0.0756141096 -0.0878874883 -0.0559950881 -0.0335542411 -0.0523326322 -0.0471973307 -0.0738452002 -0.00950153824 0.0556817576 0.0792556256 0.0674215108 0.0454814918 0.0562444888 -0.0271062683 0.0445749499 0.0553992428 -0.000628018461 0.0872702748 0.0474345982 -0.038124036 0.0854853988 0.0887183771 0.141118988
G640 0.144010842 -0.000926870503 -0.0022763887 0.0819367543 -0.0295061972 0.0457334667 0.0418280065 -0.0586939976 0.0177521333 0.105978049 -0.12982519 0.0132865785 -0.0666391775 -0.0792769045 -0.232280537 0.0143316872 0.163459107 -0.000402777805 -0.0289913844 0.0498373955 0.114918433 -0.0383483358 0.0786818936 -0.115764007 0.0110422838 -0.155391008 -0.180020586 -0.0186499227 -0.00778237823 0.00176248746 -0.0656567812 -0.00173798099 -0.0641554445 0.0909299478 0.0496581011 -0.10921441 -0.128936559 -0.10302338 -0.0674888641 0.125770032 0.0754745826 -0.0788383856 -0.0822155625 -0.0572114922 -0.0150847305 -0.0353472494 -0.0490402505 -0.075901024 -0.0211566202 0.0621712804 0.0690681934 0.0423901789 0.045607578 0.0517817698 -0.0275840797 0.0487152487 0.0370052569 -0.0113989394 0.0780228898 0.03657116 -0.0502427109 0.0901503414 0.0903806463 0.136609793
G641 0.0906531885 0.00598217268 -0.00222081691 0.0937930793 -0.0261710323 0.0325502306 0.0198951643 -0.0183526799 0.00880262069 0.159919739 -0.0999160632 0.0235179886 -0.0596747696 -0.0607385226 -0.237847626 0.0282653719 0.159448802 0.0326180458 -0.0149725908 0.0316332057 0.119020343 -0.0226109102 0.127580464 -0.121341415 0.028734725 -0.157273769 -0.168330491 -0.00337782735 -0.0215027127 0.00230685761 -0.0480464064 -0.0340956859 -0.0512793139 0.104508691 0.0792106017 -0.11864759 -0.10990829 -0.122676805 -0.0953288451 0.126365244 0.109582052 -0.0361202881 -0.0727587491 -0.0488004237 -0.0323543325 -0.0558120869 -0.0211997572 -0.0806225091 -0.0447104424 0.0667321533 0.0615012757 0.0300876927 0.0845922753 0.0504327118 -0.0249744914 0.039267838 0.0195052531 0.037479192 0.0690058097 0.0311177298 -0.0476230755 0.0533753559 0.0940922126 0.166235417
G644 0.136639789 0.0135916797 0.0037938708 0.085541442 -0.0291042272 0.0492753237 0.0424898304 -0.0533611216 0.0283898823 0.0996737927 -0.126721039 0.00915015489 -0.0534683429 -0.0745632574 -0.235560864 0.0257077347 0.155854419 0.0101297228 -0.0322275907 0.0428513885 0.112152137 -0.0251331199 0.0790905282 -0.127679154 0.0102723436 -0.15260309 -0.187194422 -0.00865911972 -0.0143675469 -0.0130508598 -0.0735107288 -0.0191574916 -0.0615420491 0.10244675 0.0497415997 -0.108149476 -0.134587318 -0.101780973 -0.0675435439 0.133765325 0.0866127461 -0.0796597749 -0.085508801 -0.0583222285 -0.0272561666 -0.0512765385 -0.0382282175 -0.0764235258 -0.022243537 0.0636815056 0.0699302107 0.0552434325 0.0410221145 0.050631851 -0.0259253196 0.0415490083 0.0480026528 0.00282242754 0.0793838352 0.034543585 -0.0500175469 0.0809027851 0.089444451 0.145447582
G645 0.0894199237 0.00533544691 -0.00325703528 0.0931536183 -0.0256773159 0.033150211 0.0192409512 -0.0175208598 0.0100267641 0.159806311 -0.0997637585 0.0252218433 -0.0602800511 -0.0608795583 -0.238622993 0.0291287415 0.158980325 0.032390736 -0.0152405603 0.030800147 0.118237823 -0.0233346242 0.128318086 -0.120683037 0.0293384679 -0.158869684 -0.166014105 -0.00497341668 -0.021492932 0.00352136907 -0.0477819815 -0.0314810053 -0.0510526486 0.103998236 0.078666538 -0.117939524 -0.110545106 -0.122657694 -0.0950280055 0.125169948 0.109230079 -0.036397554 -0.0716578662 -0.0480484962 -0.0314019322 -0.0551511757 -0.0227967594 -0.0812014714 -0.0448239595 0.0658949986 0.0620853528 0.0299334694 0.0851553306 0.0496044941 -0.0229925551 0.039338205 0.0188296195 0.0369520523 0.0697546974 0.0312315617 -0.0464703366 0.0526134521 0.0944608599 0.167281449
G648 0.136740983 0.0136252278 0.00377035444 0.0855750442 -0.0290848967 0.049163729 0.0425596982 -0.0534856506 0.0282846633 0.0996349305 -0.12672472 0.00902599469 -0.05343768 -0.0746778846 -0.235545978 0.0255984571 0.155818537 0.0101448679 -0.0322501138 0.0428429842 0.112256072 -0.0252102371 0.0788895711 -0.127688706 0.0102847563 -0.152437374 -0.187298268 -0.00856697746 -0.0143484939 -0.0130326562 -0.0735420585 -0.0191166308 -0.061649859 0.102441788 0.0496904291 -0.108119205 -0.134542182 -0.101842374 -0.0674381256 0.133835018 0.0865544006 -0.0797187462 -0.0854949355 -0.0583951548 -0.0272311792 -0.0512086675 -0.0382285081 -0.0764272362 -0.0220996346 0.0636786893 0.0698524639 0.0553415418 0.0410158746 0.05066856 -0.0260768961 0.0416009836 0.0480635613 0.00265319413 0.0793873146 0.0345089361 -0.0499799848 0.0808870345 0.089383319 0.145426869
G649 0.13475199 0.0245315805 -0.00820578914 0.0743777528 -0.0348822102 0.0523291752 0.030231677 -0.0256949589 0.0469522513 0.0983475521 -0.129418567 0.0165380575 -0.0661633387 -0.0737226084 -0.224749669 0.0332767069 0.166459441 0.0306422263 -0.0368537679 0.0562571213 0.106806606 -0.0423847958 0.0698781982 -0.10677588 0.0154994968 -0.146272555 -0.187434673 -0.00352872699 -0.00507442793 -0.0118690301 -0.0757758915 -0.0355886258 -0.0590613447 0.072329767 0.0371743031 -0.103004694 -0.134840459 -0.118889511 -0.0648522824 0.141134471 0.0865170062 -0.0676566809 -0.0935033634 -0.0222261697 -0.0383707769 -0.0410483778 -0.0451170914 -0.0805437714 -0.0134533225 0.0539332107 0.0519430451 0.054789301 0.0322520472 0.0533799715 -0.0284813251 0.0454772376 0.0474784225 -0.00597086037 0.0797178745 0.0478982218 -0.0529853702 0.062892817 0.087831527 0.174329117
G650 0.13468793 0.0247452687 -0.00754687609 0.0743765384 -0.0345478803 0.0525825135 0.03002741 -0.0257428605 0.0476898476 0.0983320698 -0.128775224 0.015922362 -0.0660549998 -0.0722964182 -0.224721104 0.0331150889 0.167059377 0.0297610126 -0.0370401032 0.0544524603 0.106461041 -0.0427023545 0.069574587 -0.108908735 0.0159960128 -0.146165162 -0.186831698 -0.0030783494 -0.00618002703 -0.0121030621 -0.0763342902 -0.0363874175 -0.0590883829 0.0734065622 0.0377115048 -0.103682965 -0.134548113 -0.119015805 -0.0652767867 0.141431585 0.0858437717 -0.0686650723 -0.0945883691 -0.0227577314 -0.0378368497 -0.0411700867 -0.0447021015 -0.0809187442 -0.0134952348 0.0545099489 0.0515937544 0.0545536987 0.0314372256 0.0536794886 -0.0275198929 0.0452709608 0.0496853143 -0.0061129746 0.0792906061 0.0472757854 -0.0530330949 0.062919192 0.0873967707 0.174098313
G651 0.14628756 0.000399971876 -0.00355132436 0.0814034045 -0.0296976343 0.0437201187 0.0403552018 -0.0573799945 0.0194422361 0.108064547 -0.129313737 0.0126848603 -0.0674140677 -0.0800693408 -0.23075828 0.0153349238 0.164525554 0.00189166458 -0.0299883932 0.0484129377 0.114395224 -0.04172685 0.0768639147 -0.11592529 0.0111945961 -0.154092997 -0.180538446 -0.0178468004 -0.00872433372 0.0015908035 -0.0668640509 -0.00319135585 -0.06397596 0.0890405104 0.0486394614 -0.109838136 -0.128112912 -0.107370079 -0.0683331192 0.128076881 0.0752935037 -0.0784013048 -0.0838782638 -0.0540858097 -0.0152613372 -0.0345600881 -0.0490965024 -0.0759192556 -0.0197280776 0.0616680086 0.067572467 0.0428106971 0.0452040397 0.0527728871 -0.0273262206 0.0494195409 0.039863348 -0.013376303 0.0777424052 0.037925519 -0.0490379035 0.0885235146 0.0896767229 0.137373641
G652 0.134948298 0.0247978047 -0.00777359633 0.0741907284 -0.0346038677 0.0521728583 0.0299589951 -0.0258705467 0.0477475524 0.0982595682 -0.128980234 0.0160352476 -0.0660495758 -0.0727473646 -0.224666432 0.0333918892 0.166927785 0.0299936682 -0.0372080542 0.0545829497 0.106360294 -0.042977903 0.0694617331 -0.108549997 0.0158880781 -0.145991549 -0.186986491 -0.00322623923 -0.00588266738 -0.0119514847 -0.0764316693 -0.0362084657 -0.0589954481 0.0731983408 0.0374951437 -0.103496715 -0.134604588 -0.119259581 -0.0652059615 0.141641304 0.0859981105 -0.068321012 -0.0943463147 -0.0225097258 -0.0379711539 -0.0410776213 -0.0449786186 -0.0808616951 -0.0132822627 0.054221645 0.0518885702 0.0548017956 0.0316763893 0.0537097566 -0.0275735222 0.045285359 0.0496103913 -0.00618812395 0.0793842301 0.0476574861 -0.0526250713 0.0628919899 0.0874145776 0.17397289
G653 0.134953707 0.0247380361 -0.00779726263 0.0741043761 -0.0346324928 0.0522101708 0.0299125146 -0.0259390846 0.0478686355 0.0983699113 -0.128870338 0.0160572473 -0.0660628825 -0.0728287846 -0.22458826 0.0334342644 0.166958466 0.0301180705 -0.0373680331 0.0541851819 0.106194429 -0.0430407636 0.0694479793 -0.108589761 0.0158061869 -0.146019369 -0.186975703 -0.00337049109 -0.00579932518 -0.0120026646 -0.0764387399 -0.0363101214 -0.0589330159 0.0731533244 0.0374616385 -0.103405267 -0.134488374 -0.119421765 -0.0651979074 0.141832709 0.0859250054 -0.0684414804 -0.0943131745 -0.0224907417 -0.0377451889 -0.0410883054 -0.0449914075 -0.0808418766 -0.0133740893 0.0542881191 0.0519223101 0.0547808819 0.0317172334 0.0536761731 -0.0274261497 0.045141805 0.0498044528 -0.00622588862 0.0792639777 0.0476856418 -0.0525732003 0.0628301129 0.0873670802 0.173954606
G654 0.14600876 0.000178075206 -0.00409947289 0.0814270079 -0.0300136954 0.0437231623 0.0405520536 -0.0571964197 0.0185582973 0.108043209 -0.129899681 0.0133268349 -0.0674936175 -0.0811297596 -0.230778053 0.0151902558 0.163970619 0.00258252001 -0.029616097 0.0503037088 0.11490158 -0.0411878675 0.0771093145 -0.113886595 0.010801767 -0.154286489 -0.181010708 -0.0181459095 -0.00767225586 0.00183272723 -0.0660451353 -0.00243436918 -0.064005658 0.0880155861 0.0482216775 -0.109256782 -0.128351182 -0.10703101 -0.0677965954 0.127562702 0.0758979991 -0.0774720162 -0.0827509612 -0.0536876097 -0.0158357825 -0.034448199 -0.0493973196 -0.0756709799 -0.0197849981 0.0613083653 0.0677504763 0.0428780057 0.0459446386 0.0524341837 -0.0283907354 0.0495862514 0.0374472551 -0.0132658444 0.0781199262 0.0383010991 -0.0493659861 0.0885445476 0.0900583491 0.137687385
G655 0.135109633 0.0247746594 -0.00766593171 0.0743688047 -0.0345806442 0.0522604994 0.0300902426 -0.0259848852 0.0477633551 0.0982896537 -0.128852263 0.015789371 -0.066093199 -0.0727470666 -0.224715739 0.0333229564 0.167045042 0.029952392 -0.0372703709 0.0543056391 0.106394127 -0.0430229083 0.0694669932 -0.108785793 0.0159048401 -0.145931691 -0.18706055 -0.00316657685 -0.00611117715 -0.012085774 -0.0766936541 -0.0363330878 -0.0591403171 0.0733481795 0.037536554 -0.103541896 -0.134567425 -0.119284123 -0.0652997121 0.14172487 0.0858799964 -0.0686364025 -0.0946294889 -0.022695113 -0.0377782434 -0.0411008783 -0.0448354855 -0.0807722658 -0.0132580111 0.0542605035 0.0517094247 0.0548425727 0.0315053985 0.0537660345 -0.0275439713 0.0453650169 0.0500221811 -0.00623811502 0.0793390423 0.0475110635 -0.0525953472 0.0628646389 0.0874150917 0.173981577
G656 0.135062277 0.0248339642 -0.00784169976 0.0742200986 -0.034582004 0.0520614386 0.0300356951 -0.0259492006 0.0476564504 0.0982648581 -0.128961265 0.015906373 -0.0660728142 -0.0728886276 -0.224621221 0.0333531238 0.166823417 0.0300526116 -0.0372677632 0.0545751974 0.106456161 -0.0430729613 0.0693557858 -0.108511522 0.0158462524 -0.145868301 -0.187107518 -0.00317025138 -0.00585503923 -0.0119723566 -0.0764660835 -0.0361738205 -0.0590782389 0.0731302872 0.0374249853 -0.103454679 -0.134592801 -0.119313575 -0.0651186407 0.141697004 0.085953556 -0.0683654919 -0.0943306163 -0.0225202832 -0.0379038043 -0.0409998484 -0.0449796617 -0.0808469206 -0.0131528135 0.0541852862 0.051809255 0.0549013652 0.0316730961 0.0537636057 -0.0276503991 0.0453048013 0.0496402681 -0.00632172637 0.0793704167 0.0476834886 -0.052565217 0.0628485009 0.0873932987 0.173933506
G657 0.0994460508 0.00986642297 -0.00305042719 0.0965224355 -0.0214303583 0.0341060013 0.0280684568 -0.0313226953 0.0057550827 0.158316106 -0.100091487 0.0171847753 -0.0536096469 -0.0665650442 -0.240260676 0.026388349 0.15025495 0.0316559076 -0.0148376413 0.0287410952 0.119437747 -0.0189584289 0.120543398 -0.125305504 0.02536848 -0.153791845 -0.171456173 -0.00283195055 -0.0238639973 -0.00207391661 -0.050790213 -0.0308992937 -0.0540005639 0.111298203 0.0774345249 -0.121054545 -0.112040736 -0.120128661 -0.0905032307 0.130052835 0.111659594 -0.04836151 -0.0682523921 -0.0544514507 -0.0273714326 -0.0563974194 -0.0143405078 -0.0794240907 -0.0414695069 0.0718355104 0.0623393804 0.0343877375 0.0846380442 0.0496664941 -0.0283384789 0.0360760875 0.0222520046 0.0299821626 0.0685923249 0.0264129862 -0.0497764051 0.0547399558 0.0948069319 0.161890969
G660 0.0994480178 0.00986783393 -0.00303411693 0.0965457037 -0.0214301422 0.0341424756 0.0280847717 -0.0313418731 0.0057557472 0.158311874 -0.100096658 0.0171571672 -0.0535767898 -0.0665240064 -0.24026221 0.0263552666 0.150267318 0.0316374674 -0.0148394192 0.0287568234 0.119435005 -0.0188979749 0.12051142 -0.125364661 0.0253372826 -0.153768986 -0.17145589 -0.00281150616 -0.0238552429 -0.00208886713 -0.0507809184 -0.0309266504 -0.0540134422 0.111317828 0.0774263963 -0.121087901 -0.112020329 -0.120106824 -0.0904958993 0.130055219 0.111662045 -0.0484022088 -0.0682376996 -0.0544645935 -0.027373435 -0.0564105436 -0.0142950462 -0.0794204026 -0.0414854512 0.0718974248 0.0623361692 0.0343926735 0.0846050531 0.0496497639 -0.0283777472 0.0360566154 0.0222550984 0.029967336 0.0685913563 0.0263716001 -0.0498236269 0.0547674075 0.0947969481 0.16189532
G663 0.0994370803 0.00991402287 -0.00303154765 0.0965738967 -0.0213986821 0.0340788923 0.0280961208 -0.0312941074 0.00566550484 0.158267379 -0.100160062 0.0171940327 -0.0536038913 -0.0665008128 -0.240303278 0.0263304766 0.150199011 0.0315698795 -0.0147174392 0.0290035997 0.11956241 -0.0189225636 0.120551787 -0.125310168 0.0254175738 -0.153809741 -0.171454683 -0.0027410856 -0.0238986835 -0.00203662878 -0.0506960042 -0.0308186617 -0.0540275015 0.11134275 0.0774749666 -0.121137276 -0.112122141 -0.120012097 -0.090500474 0.129923806 0.111704007 -0.0482816622 -0.0682687387 -0.0544871464 -0.0274703391 -0.0564105473 -0.0143513922 -0.0794481561 -0.0414465256 0.0718188062 0.0623190403 0.0343754217 0.0846169293 0.0496912487 -0.0284116957 0.0361491181 0.0220933557 0.0300084241 0.0686770305 0.0263860021 -0.0498322099 0.0547836497 0.0947921574 0.161885411
G666 0.0994396657 0.0099124983 -0.00301740132 0.0965977833 -0.0213981885 0.0341117717 0.028110832 -0.0313115418 0.00566236395 0.158264592 -0.100163765 0.0171661265 -0.0535718314 -0.0664645135 -0.240304798 0.0262976009 0.150209278 0.0315542221 -0.0147190606 0.0290173683 0.119561873 -0.0188659038 0.120521091 -0.125365272 0.0253873225 -0.153787121 -0.171454906 -0.00272247102 -0.0238885302 -0.00205023191 -0.0506875291 -0.0308428816 -0.0540397838 0.111360945 0.0774666816 -0.121168151 -0.112100102 -0.119993605 -0.0904945359 0.129923761 0.111704096 -0.048320137 -0.0682532638 -0.05450055 -0.0274709091 -0.0564220734 -0.0143089052 -0.0794437602 -0.0414611883 0.0718767568 0.0623152442 0.0343800299 0.0845857263 0.0496739931 -0.0284493733 0.0361307636 0.0220951531 0.0299932603 0.0686770752 0.0263459329 -0.0498752221 0.0548110157 0.0947832987 0.161886662
G669 0.0996475518 0.0100374231 -0.00272815838 0.0963606089 -0.0210975781 0.0338795148 0.0277426373 -0.0314718857 0.00645582797 0.158539489 -0.0994780287 0.0166778658 -0.0535153374 -0.0657213032 -0.240096062 0.0264932066 0.150587469 0.0311213192 -0.0152336452 0.0268419832 0.118954353 -0.0195789039 0.120160453 -0.127120674 0.0256682746 -0.153544292 -0.170945078 -0.00262614363 -0.024659466 -0.00216172496 -0.0512900911 -0.0314652808 -0.0539127849 0.112060234 0.0777582005 -0.121523567 -0.111681148 -0.120672114 -0.0908833072 0.130580142 0.111012936 -0.0491451994 -0.0690578744 -0.0547001027 -0.026692627 -0.0563629083 -0.0141640529 -0.0797658414 -0.0414112024 0.0722424909 0.0622077323 0.0342688859 0.0841480047 0.0499538183 -0.0273366179 0.0358100086 0.0242969934 0.0297494661 0.06817507 0.0261311419 -0.0494272858 0.0546371229 0.094363533 0.161500722
G672 0.0996250957 0.0100491391 -0.00270987162 0.0963710397 -0.0210971143 0.0339553691 0.0277731922 -0.0314793028 0.00648406846 0.158513084 -0.0994938314 0.0166696198 -0.0535114743 -0.0656555891 -0.240102753 0.026468968 0.150609642 0.0310898349 -0.0152333332 0.0268787034 0.118941084 -0.0195141863 0.120175682 -0.127162844 0.0256378613 -0.153546855 -0.170924827 -0.00261906232 -0.0246358216 -0.00218186434 -0.0512808338 -0.0315107852 -0.0539155938 0.112082712 0.0777530372 -0.121572658 -0.111686371 -0.120615467 -0.0908744484 0.13057594 0.111040473 -0.049182564 -0.069021903 -0.0547111668 -0.0266931467 -0.0563734807 -0.0141157657 -0.0797567591 -0.0414290838 0.0722920448 0.0622124039 0.0342769697 0.0841041356 0.0499400869 -0.027355222 0.0357688665 0.0242898948 0.0297478158 0.0681697428 0.0261037257 -0.0494816639 0.0546642132 0.0943744183 0.161504358
G675 0.0841667876 0.00890041608 -0.00212273141 0.0920765325 -0.0229405835 0.0422243103 0.0235039424 -0.0186059941 0.0134256929 0.154353946 -0.0963116139 0.020980062 -0.0582725592 -0.0555466861 -0.239824966 0.0281063858 0.155551791 0.030234104 -0.0168889333 0.026148323 0.115410782 -0.0182981119 0.126615599 -0.125411868 0.0308157876 -0.156154454 -0.164295226 -0.00278792088 -0.0207456443 -6.59550424e-05 -0.0492191017 -0.0383051895 -0.0518756844 0.107064366 0.0793401375 -0.118319623 -0.111905582 -0.1151888 -0.0913632065 0.1259716 0.105945706 -0.0464795046 -0.0722815767 -0.0499708578 -0.0278621931 -0.0546857901 -0.0173061769 -0.0841104463 -0.0452567562 0.0704432949 0.0570309721 0.0299521796 0.0788894817 0.0484072641 -0.0213312376 0.0329122655 0.023059709 0.0371917002 0.0658261254 0.0265736803 -0.0532283708 0.049299188 0.0947488099 0.172999516
G678 0.0842291713 0.00888359174 -0.00215911563 0.0921009481 -0.0229322109 0.0421389155 0.0235081408 -0.0186482128 0.0133447349 0.15439263 -0.096298866 0.020932015 -0.058264602 -0.0556359366 -0.239802465 0.0280736331 0.155515969 0.0302683879 -0.0168906599 0.0261354521 0.115463868 -0.01835813 0.126550913 -0.125379443 0.0308087319 -0.156089112 -0.164344311 -0.00276889605 -0.0207549371 -3.49708753e-05 -0.049236808 -0.0382659547 -0.0519118197 0.107040063 0.0793251544 -0.118301496 -0.11186102 -0.115255184 -0.0913505405 0.125982955 0.105920635 -0.0464798696 -0.0722779557 -0.0499822497 -0.0278338902 -0.0546467155 -0.017316917 -0.0840971246 -0.0451940186 0.0704310611 0.0570099838 0.0299781859 0.0789269879 0.0484245494 -0.0213862378 0.0329384506 0.0230699051 0.0371257104 0.0658338666 0.0265794359 -0.0531803556 0.0492975004 0.0947409868 0.172955334
G681 0.0993600115 0.00988356769 -0.00300919032 0.0965074897 -0.0214361176 0.0342453867 0.0280713718 -0.0312716588 0.00586570939 0.158278286 -0.100106321 0.0172362346 -0.0536269993 -0.0664374828 -0.24029769 0.0264279712 0.150303513 0.0315993987 -0.0148311947 0.0287698563 0.119373627 -0.0188676957 0.120642647 -0.125354961 0.0253685173 -0.153876364 -0.17137593 -0.00286163669 -0.023858143 -0.00210537994 -0.0507727563 -0.0309502352 -0.0539666191 0.111337766 0.0774514005 -0.121101469 -0.112105481 -0.120026283 -0.0905295163 0.130026683 0.111704938 -0.0483841263 -0.0682503507 -0.0544372946 -0.0273958892 -0.0564416572 -0.0143018048 -0.079434745 -0.0415542573 0.0718685687 0.062360771 0.0343577713 0.0845847502 0.0496395975 -0.0282705463 0.0360351615 0.0222318247 0.0300644338 0.0685858056 0.0263905432 -0.0498521067 0.054747425 0.0948391855 0.161952615
G684 0.0994570404 0.00986193493 -0.00303040235 0.0965632275 -0.0214322377 0.0341499299 0.0280853584 -0.0313431583 0.00574717391 0.15832521 -0.100090988 0.0171356238 -0.0535770059 -0.0665190965 -0.240264952 0.0263526589 0.150270849 0.0316308923 -0.0148405321 0.0287603792 0.119444869 -0.018886989 0.120513737 -0.125378102 0.025328204 -0.153762564 -0.171458781 -0.00280590006 -0.0238647182 -0.00209465763 -0.0507884845 -0.0309324525 -0.0540221259 0.111323938 0.0774281546 -0.12109977 -0.112022303 -0.120103732 -0.0905078948 0.130049288 0.111660711 -0.0484198853 -0.0682554469 -0.0544691719 -0.0273711402 -0.056411244 -0.01427685 -0.0794163197 -0.0414940193 0.0719090253 0.0623238608 0.0343905538 0.0845979676 0.0496466495 -0.0283801258 0.0360642672 0.0222525559 0.0299701188 0.0685899332 0.0263588484 -0.0498359688 0.0547779053 0.09480533 0.161898658
G687 0.0993441939 0.0103461007 -0.00260175928 0.0960597917 -0.0208754931 0.0343563147 0.0279763471 -0.0316021033 0.00672167027 0.157881796 -0.0995177552 0.0166863613 -0.0533874445 -0.0654266775 -0.240230352 0.0263308492 0.15068011 0.0308827348 -0.0151968952 0.0268129352 0.118649893 -0.0192120727 0.119754635 -0.127369404 0.0258403309 -0.153650105 -0.170669109 -0.00241016643 -0.0243912265 -0.00242159585 -0.0511622801 -0.0316565111 -0.0539406352 0.112201668 0.0774975866 -0.121556222 -0.11181052 -0.120268174 -0.0903020799 0.130747631 0.111005403 -0.0496945046 -0.0686491057 -0.0549246296 -0.0267031975 -0.0562541448 -0.0140867168 -0.0800118074 -0.0413703397 0.0723601282 0.0620703325 0.034344472 0.0837846696 0.049770277 -0.0273214355 0.0356133692 0.024217179 0.0292613823 0.067993708 0.0257750433 -0.049843546 0.0546043254 0.0942534506 0.16177313
G690 0.0994266048 0.0103346081 -0.00262932084 0.0960821509 -0.0208771657 0.0342703424 0.0279853381 -0.0316498391 0.00663667545 0.157929063 -0.0995139033 0.0166349579 -0.053388752 -0.0655104965 -0.240192592 0.0262983944 0.150651067 0.0309161227 -0.0151997562 0.0268168636 0.118704349 -0.0192677807 0.119700104 -0.12733154 0.0258161128 -0.153586566 -0.170736492 -0.00238316529 -0.0244143493 -0.00240637874 -0.0511801206 -0.0316440873 -0.053972967 0.112176076 0.0774886757 -0.121553294 -0.111774668 -0.120329157 -0.0902940407 0.130769759 0.110998459 -0.0496916361 -0.0686558932 -0.0549330302 -0.0266803876 -0.0562223829 -0.0140877273 -0.0799888298 -0.0413111597 0.0723539144 0.0620517135 0.0343702063 0.0838195458 0.0498011783 -0.0273830406 0.0356397331 0.0242271144 0.0291984901 0.067990914 0.0257955156 -0.0498097762 0.0546162985 0.0942421481 0.161717385
G693 0.0994391441 0.0100071533 -0.00287050824 0.0962156579 -0.021089552 0.0339115299 0.0276700798 -0.0313435495 0.00648426777 0.158588588 -0.0994787589 0.0168229956 -0.0535844937 -0.0657046959 -0.240058154 0.0265799705 0.150509715 0.0311755836 -0.0152665516 0.0268973522 0.118820883 -0.0195336659 0.120265737 -0.126902848 0.0256079994 -0.153597668 -0.170815021 -0.0027463017 -0.0244014245 -0.0020732726 -0.0511127524 -0.0314189494 -0.0538251325 0.111837961 0.077652432 -0.121493079 -0.111669213 -0.120670326 -0.0907827616 0.130581975 0.111069113 -0.0490302853 -0.0687671453 -0.0545065179 -0.0267041214 -0.0562487766 -0.014188882 -0.0798210278 -0.0414796844 0.0722445622 0.0622899048 0.0341901183 0.0842607617 0.049864646 -0.0272867084 0.0356652327 0.0239734855 0.0297435913 0.0680999756 0.0261898283 -0.0494689904 0.054578308 0.0944545716 0.161567852
G696 0.0995101929 0.00999217108 -0.00290018134 0.0962485895 -0.0210804436 0.0338220708 0.02767976 -0.0313984752 0.00639085891 0.158623934 -0.0994641185 0.0167553667 -0.0535623208 -0.0657934323 -0.240034059 0.0265283454 0.150477767 0.0312081166 -0.015272636 0.0268813372 0.118883684 -0.019585181 0.120170571 -0.126889452 0.0255962461 -0.153508574 -0.170877129 -0.00270962669 -0.0244063567 -0.00204943889 -0.0511316843 -0.031387791 -0.0538717918 0.111819752 0.0776335672 -0.121477135 -0.111614287 -0.120741628 -0.0907621235 0.130600557 0.111034073 -0.0490431599 -0.0687657148 -0.0545283221 -0.0266801789 -0.0562109761 -0.0141881807 -0.0798091516 -0.0414114669 0.072247386 0.0622574314 0.0342230797 0.0842855275 0.0498795398 -0.0273659658 0.0356961079 0.0239916667 0.0296625216 0.0681044683 0.0261809975 -0.0494312085 0.0545816645 0.0944348499 0.161525607
G699 0.119272284 0.0271592773 -0.0200089067 0.0371849649 -0.0219448581 0.0345599279 0.00697107287 -0.0185086969 0.0650829449 0.0266001076 -0.0385677405 0.0106812213 -0.0705611333 -0.0449964926 -0.109120503 -0.0227407254 0.125033632 0.026976943 -0.0506777503 -0.0843987986 -0.0125398971 0.0213282406 -0.0130900769 -0.161890209 -0.00379299675 -0.0590279065 -0.215143055 0.0799238533 -0.0782632008 -0.0452905111 0.0390939899 -0.104143403 -0.0483364537 0.0497626774 0.0362298042 -0.0441218875 -0.0312305596 -0.110401817 -0.0465263091 0.17319268 0.0189443436 -0.129828915 -0.0933335274 0.021203177 0.0593962409 -0.0637960508 -0.0199538656 -0.0769630671 -0.00936548226 0.0458963737 -0.0011743278 0.0730054379 -0.0090986779 0.122977503 0.0427451618 0.019412512 0.120653242 0.0516654365 0.0504862219 -0.00233447086 -0.0103855394 -0.00948302075 0.0120859221 0.0879323557
G700 0.119582877 0.0272452217 -0.0199586097 0.0366428234 -0.021804139 0.034298677 0.00687047374 -0.0189778712 0.0660083741 0.0266199578 -0.0381657034 0.0106255207 -0.0704671666 -0.0448408648 -0.108756565 -0.0224250332 0.125340074 0.0270667635 -0.0514783747 -0.0865180939 -0.0133273415 0.0206399858 -0.0137094185 -0.162978351 -0.00379335252 -0.0587208681 -0.21493201 0.0798087418 -0.0784047469 -0.0453131497 0.0386250652 -0.104587018 -0.0480882004 0.0500129536 0.0363238305 -0.0440080315 -0.0305989645 -0.110969581 -0.0463987775 0.174112931 0.0183660183 -0.130371451 -0.0934446976 0.0212029908 0.0601633601 -0.0636243001 -0.0201338939 -0.0770758912 -0.00917041954 0.0460706651 -0.000902703556 0.0731901675 -0.00919834618 0.123213112 0.0435431041 0.0188319981 0.122386657 0.0513017066 0.0499571189 -0.00221165479 -0.00972093828 -0.00963393319 0.0117286379 0.0876177773
G701 0.120897569 0.0294645373 -0.016394902 0.0377349891 -0.0230664443 0.0337431319 0.00920115039 -0.0209689047 0.0629499555 0.0238239747 -0.0386828594 0.0066973581 -0.0687041283 -0.043926511 -0.107858248 -0.025595868 0.126925588 0.0267658252 -0.0506585836 -0.0839486048 -0.0107981982 0.0238324124 -0.015846191 -0.163964763 -0.00369642163 -0.0556211732 -0.220737696 0.0846716836 -0.077688463 -0.0492320023 0.0384083912 -0.111504652 -0.0482214913 0.0517037883 0.038150657 -0.0458728932 -0.0302173663 -0.109343939 -0.045879852 0.1765147 0.0188043062 -0.131026477 -0.0956324413 0.0166222975 0.0573683977 -0.064797312 -0.0168947838 -0.0762963444 -0.00832982827 0.0471913703 -0.00342959655 0.0732750297 -0.01196633 0.123754717 0.0393622555 0.0183617696 0.122809403 0.0520269684 0.0483145416 -0.00275337556 -0.0140924351 -0.00697923545 0.0103108082 0.0871352404
G702 0.121272273 0.0296068862 -0.016196344 0.0374279544 -0.0229242351 0.0336160138 0.00916830264 -0.0214055199 0.0638803765 0.023798259 -0.0383151434 0.00652444642 -0.0686235353 -0.0436534435 -0.107674725 -0.0253213458 0.12734893 0.0266650841 -0.0512905642 -0.0858417451 -0.0114097744 0.0232510343 -0.0163506418 -0.165244937 -0.00360557041 -0.0553720519 -0.22052002 0.0846336633 -0.0781281218 -0.0493324064 0.0378002673 -0.111953661 -0.0480440743 0.0521885045 0.0383329727 -0.0458553545 -0.0297091659 -0.109758809 -0.0459189564 0.177209929 0.018254241 -0.131688133 -0.0960265025 0.0164558478 0.0580588169 -0.0647158772 -0.0169673879 -0.0763831511 -0.00812848005 0.0473500937 -0.00328567717 0.0734748617 -0.0122295218 0.124049321 0.0401138216 0.0179491155 0.124631979 0.0518021397 0.0479153804 -0.00273710582 -0.0135335382 -0.0070832409 0.0100487778 0.0868804231
G703 0.131570175 0.0503065847 -0.0435039923 -0.0293196552 0.0138274217 -0.0573518761 0.0400030762 -0.0160838459 0.042236995 0.0292061213 -0.000981291058 0.0343022011 -0.0800629482 0.00790163968 -0.0666012987 -0.00164280739 0.108334415 0.0263174474 -0.0894460008 -0.224790767 -0.0882920697 -0.0102300132 -0.0393038318 -0.201344088 0.00231260597 0.00713899778 -0.218194172 0.15866445 -0.0927606449 -0.0482570156 -0.00336520397 -0.156489223 -0.041991163 -0.0410178006 0.064449206 -0.0423866101 0.0653397813 -0.118294209 0.00510773901 0.204276726 -0.0190147664 -0.132836565 -0.0512594767 0.0798098296 0.0492105521 0.0235476345 -0.00236479333 -0.0650517419 0.0551948659 0.0441605113 -0.000405757048 0.0540523566 -0.0261707958 0.165019125 0.0624611937 -0.0257535558 0.193165973 0.00685523218 -0.0282954946 0.00808666833 0.0497793593 -0.00694718631 0.0190033074 0.0665585324
G704 0.125701457 0.0329387747 -0.00400422281 0.0726065561 -0.0440757982 0.0741824657 -0.0190998912 -0.0095051406 0.088959448 0.0261890367 -0.0683848038 0.00903523434 -0.0705904439 -0.0687790439 -0.132704377 -0.0530569442 0.132978871 0.0171642341 -0.0125283021 0.0053841006 0.0504818261 0.0360781737 -0.0192771722 -0.161237091 0.00083771022 -0.093838796 -0.221707687 0.0508958325 -0.0854562074 -0.0513025187 0.0677158386 -0.0830672905 -0.051984109 0.100908361 0.0237820856 -0.0458413661 -0.0835658163 -0.108083606 -0.0678893104 0.146504387 0.0486159138 -0.133744091 -0.127879247 -0.00550091034 0.0431446992 -0.102488823 -0.0326868631 -0.0948992744 -0.0448556431 0.0504327789 -0.0140350116 0.0924674347 -0.00980961975 0.113490954 0.0287880655 0.0435524434 0.0937981009 0.0721037462 0.10835623 -0.00248680403 -0.0527715236 -0.000944580184 -0.0260451455 0.102145627
G705 0.118049987 0.0228533652 -0.0209943764 0.0421612374 -0.0243454482 0.0265285894 0.00278014108 -0.0210408662 0.0597860962 0.0359409489 -0.0346586742 0.00942212902 -0.0654167011 -0.0490820147 -0.109395348 -0.0251042694 0.128106698 0.0298835151 -0.0524246953 -0.0939130411 -0.00924883224 0.0189947765 -0.0198337603 -0.160828143 0.00102150033 -0.0465243123 -0.216133162 0.0767993033 -0.0730082542 -0.0355367884 0.0398493372 -0.0967188254 -0.051413063 0.0492258631 0.0426821969 -0.0440543219 -0.0198830478 -0.120474599 -0.0482868105 0.174063563 0.0121415323 -0.13051644 -0.0948018134 0.0235494431 0.0605878681 -0.0612634048 -0.0185483098 -0.0762316957 -0.006802049 0.0516965017 -0.00401969627 0.0704175085 0.00197735941 0.117339708 0.0382312834 0.016149383 0.123216607 0.0547800027 0.0542787947 -0.00907378923 -0.00820998661 -0.0102665778 0.0108326217 0.0908972695
G706 0.117658399 0.0226836614 -0.0211866833 0.0425088778 -0.0244802982 0.0266575646 0.00281555089 -0.0205618944 0.0587816164 0.0359623581 -0.0350362621 0.00955870003 -0.0655155256 -0.0493261106 -0.109605223 -0.0253699552 0.127692416 0.0299410466 -0.0517539866 -0.0919185728 -0.00860776845 0.0196197033 -0.0192617718 -0.159485266 0.000943908119 -0.0467632823 -0.216362134 0.0768586621 -0.0725840405 -0.0354290344 0.0404083207 -0.0962697789 -0.0516105145 0.0487156995 0.0424960107 -0.044103682 -0.0204174463 -0.120020904 -0.0482842661 0.173324883 0.0127188237 -0.129830867 -0.0944188908 0.0237189308 0.0598190315 -0.0613164455 -0.0184453744 -0.0761270896 -0.0069944011 0.0515183434 -0.00417286251 0.0701963678 0.00223222259 0.117028028 0.0374464951 0.0166150536 0.121320017 0.0550279543 0.0546759441 -0.00910322648 -0.00878511928 -0.0101509513 0.0111525785 0.0911685452
G707 0.122439332 0.0264013894 -0.00876371004 0.0771489814 -0.0451770984 0.0670416579 -0.0256908163 -0.00950859953 0.0852106139 0.0378401056 -0.0647516623 0.0117873233 -0.0671445876 -0.0742690712 -0.134665713 -0.0527831651 0.13364093 0.0197753701 -0.0135165928 -0.00330385589 0.0532024764 0.0311482325 -0.0232428294 -0.15713802 0.00617104862 -0.0849079341 -0.216908395 0.042788662 -0.0806352422 -0.0372314192 0.0694703013 -0.0670621321 -0.0554655865 0.0983913988 0.0281936768 -0.0440329835 -0.0740348324 -0.119079039 -0.0703943446 0.14320074 0.0419890285 -0.133074701 -0.12670213 0.00127218082 0.0461732112 -0.0985114872 -0.0347073674 -0.0951635987 -0.043070551 0.0543485582 -0.0148065295 0.0893406346 0.00420308067 0.106781282 0.0276903063 0.0420409665 0.0929725245 0.074360989 0.114550084 -0.0089367358 -0.0470897034 -0.00406811712 -0.0253641345 0.105934858
G708 0.128590897 0.0437623411 -0.0482821576 -0.0247056596 0.0124516068 -0.0648065284 0.033594884 -0.0157450754 0.0384557545 0.0408139937 0.00279754703 0.036882475 -0.0774473995 0.00242576958 -0.0684932843 -0.0013981713 0.109097749 0.0288456213 -0.0903403759 -0.233085409 -0.0864178389 -0.0150378617 -0.0431395806 -0.197209328 0.00775269046 0.0157834161 -0.213391706 0.150912553 -0.0880481899 -0.0342165306 -0.00210668123 -0.141111314 -0.0455888584 -0.0429773554 0.0686983094 -0.0408044085 0.0743320137 -0.128824472 0.00306578306 0.201119199 -0.0254958943 -0.13230516 -0.0507733673 0.0863739103 0.0511497706 0.026851166 -0.00425908528 -0.0652591959 0.0568184741 0.0479669422 -0.00134069112 0.0512562394 -0.0120823542 0.158338815 0.06124641 -0.0276379324 0.19246836 0.00964717474 -0.0210090447 0.0015615283 0.0551523417 -0.0100272764 0.0197299775 0.0706614256
G709 0.118047625 0.0228943545 -0.0209259726 0.0421978794 -0.0243441407 0.0266008191 0.00279064267 -0.0210511722 0.0598140061 0.0359532721 -0.0346698835 0.00938900746 -0.065382801 -0.0489955544 -0.109422237 -0.0251123067 0.128150716 0.0298275426 -0.0523797162 -0.0938566476 -0.00925858226 0.0191121176 -0.0198218171 -0.16091679 0.00102269696 -0.0465459079 -0.216162428 0.07686726 -0.0731112882 -0.0356138088 0.0398466289 -0.0968157873 -0.0514186509 0.0492944382 0.0427066423 -0.0441165753 -0.0199263208 -0.120402612 -0.0483162478 0.174087226 0.0122086108 -0.130573526 -0.0948778242 0.0235107727 0.0605281889 -0.0613182671 -0.0184498616 -0.0762332529 -0.00685202004 0.0517671667 -0.00403491501 0.0704030246 0.00192867825 0.117358379 0.0381926559 0.016177984 0.123219334 0.0548172481 0.0542462468 -0.00912345666 -0.00833324809 -0.0102569461 0.0108356988 0.0909617245
G710 0.117664926 0.0227115173 -0.0211403407 0.0424848273 -0.024487339 0.0267168451 0.00281070755 -0.0206149537 0.0588756651 0.0359901227 -0.0350260921 0.00955923367 -0.0654714778 -0.0492847525 -0.10958451 -0.0253658555 0.127735764 0.0299530309 -0.0517844558 -0.0920124799 -0.00868747849 0.0196838435 -0.0193079449 -0.15958564 0.000918201462 -0.0467777774 -0.21638757 0.0768831372 -0.0726307705 -0.0355009884 0.0404242054 -0.0963818356 -0.0515933111 0.0487643108 0.0425040945 -0.0441247225 -0.020411985 -0.120014228 -0.0482742749 0.17344366 0.012754851 -0.129905164 -0.0944524854 0.0237026643 0.0598431118 -0.0613707639 -0.0183836445 -0.0761351734 -0.0070583052 0.0516063944 -0.00415441021 0.0701947138 0.00221325946 0.117039502 0.0374538414 0.0165799055 0.121397011 0.0550264083 0.054609403 -0.00912612397 -0.00886528939 -0.0101612518 0.0110997548 0.0912186354
G711 0.117913485 0.022788262 -0.0209878236 0.0423769094 -0.0243585445 0.0265990384 0.00262218039 -0.0208739452 0.0595363528 0.0360125601 -0.0347846895 0.00934715755 -0.0654266328 -0.0490333363 -0.109522365 -0.025213588 0.128022343 0.0296629816 -0.0521028489 -0.093197532 -0.00897968654 0.0192220081 -0.0196554642 -0.160635546 0.00105805218 -0.0465949178 -0.216112435 0.0768086612 -0.0730469525 -0.0354429856 0.0400060192 -0.0965387374 -0.0515600592 0.0493221581 0.0425923876 -0.0442768931 -0.020249065 -0.12037164 -0.0484675542 0.173814625 0.012378633 -0.130383417 -0.0948761478 0.0235428289 0.0602510087 -0.0613230318 -0.0184074286 -0.0763081908 -0.00699464558 0.0517671481 -0.0040865452 0.0703204945 0.002019295 0.117227487 0.0380343385 0.0164388251 0.122654654 0.0548779815 0.0544908009 -0.00919526443 -0.00851546414 -0.0101737091 0.0108367996 0.0909422264
G712 0.117895208 0.0228075255 -0.0209479667 0.0424965657 -0.0243425742 0.0266200937 0.00265446911 -0.0207939316 0.0594091564 0.0359858535 -0.0348219387 0.00928841345 -0.0654530451 -0.0489510037 -0.109616183 -0.0252294112 0.128029391 0.0295451861 -0.0519684665 -0.0929182321 -0.00884916354 0.0193188619 -0.0195343532 -0.160606846 0.00110738305 -0.0466050804 -0.216119573 0.0768921375 -0.0731440559 -0.0354531854 0.0399737768 -0.0965157151 -0.05160271 0.0493512675 0.0426242277 -0.0443582423 -0.0203397237 -0.120248385 -0.0485407561 0.173640132 0.0124407252 -0.130347639 -0.0949521288 0.0235029962 0.060093224 -0.0613172837 -0.0183327347 -0.0762928203 -0.00697065517 0.0517272502 -0.00415031705 0.0702907294 0.00196655304 0.117243171 0.0379532836 0.0165574793 0.122506365 0.0549518168 0.0545468666 -0.00924040191 -0.00859683473 -0.0101302704 0.0109495269 0.0909781009
G713 0.117613472 0.0229981616 -0.020715585 0.0423629023 -0.0243103709 0.0262319464 0.00246580155 -0.020805262 0.0594742224 0.0357290544 -0.034800563 0.0094915675 -0.0651101917 -0.048849389 -0.109888978 -0.025381377 0.128291488 0.0294795018 -0.0517526343 -0.0930740312 -0.00897585135 0.0192667823 -0.0197270047 -0.160825595 0.00179732498 -0.0464030765 -0.216125906 0.0770326108 -0.0731157213 -0.0353015177 0.0400459059 -0.0965388343 -0.0514228083 0.0496232957 0.0428962596 -0.0442639999 -0.0202007312 -0.120570362 -0.0485978164 0.173772812 0.012324458 -0.130070165 -0.0951441452 0.023194572 0.0597658008 -0.0614153668 -0.0184912533 -0.0765589401 -0.00691501983 0.0516334884 -0.00407133158 0.0700496435 0.00204627332 0.1171313 0.0378966294 0.0167096853 0.122673795 0.0551397353 0.0547613762 -0.00940682739 -0.00850534998 -0.0101512419 0.0106759574 0.091424197
G714 0.117695197 0.0229835529 -0.0206478518 0.0423942022 -0.0243311245 0.0263151601 0.00249359407 -0.0208868459 0.0596489832 0.0357325599 -0.0347527154 0.00945488643 -0.0650976822 -0.0488646068 -0.109906919 -0.0253662281 0.128413603 0.0294873323 -0.0518280976 -0.0933340117 -0.00905579701 0.019225141 -0.0197734553 -0.16100502 0.00179566082 -0.046415031 -0.216114134 0.0769749731 -0.0732378513 -0.0353561789 0.0398984365 -0.0966019109 -0.0514233485 0.049743101 0.0429235287 -0.0442234315 -0.0201457608 -0.120618001 -0.0486447886 0.173854113 0.0122477692 -0.130241409 -0.0952715427 0.0231271684 0.059919063 -0.0614647307 -0.0184889305 -0.0765318871 -0.00693235965 0.0516674072 -0.00407972792 0.0700952038 0.00197594194 0.117150918 0.0379735753 0.0166835003 0.122989528 0.0551489666 0.0547475629 -0.00943207834 -0.0084548844 -0.0101806596 0.0106442915 0.0914293006
G715 0.104775883 0.00816387031 -0.0636654049 -0.0266013835 -0.00382418721 -0.0660490245 0.0944576934 -0.0312790088 -0.0618615635 0.0935418978 -0.0595934913 0.0379577614 -0.0854917541 -0.000479531387 -0.152451068 0.0528374575 0.12249893 0.0133965518 -0.0704279467 -0.0786151811 -0.0202074107 -0.0624553896 0.0611889921 -0.0740930736 1.04411765e-05 -0.0651545823 -0.175397426 0.0849814638 0.0126035465 0.0262036286 -0.124854289 -0.0476155505 -0.052237086 -0.082241267 0.0574198365 -0.0875457302 0.0240018554 -0.101168886 0.0168337729 0.147423819 -0.000139078431 -0.0343036056 0.0307908412 0.0619934276 -0.0174929872 0.0969611853 -0.0226693749 -0.0462007411 0.104877852 0.0467783585 0.0725806952 0.00192408345 0.0470437184 0.0828532726 -0.0542230569 -0.0113168294 0.0561377406 -0.0877348259 -0.0378328152 0.051844921 0.0285290405 0.0467725322 0.18601054 0.105945833
G716 0.105467148 0.00696846843 -0.0658671185 -0.0269395504 -0.00394690083 -0.0663958266 0.0934372917 -0.0286275391 -0.0615627132 0.0955606326 -0.0598050207 0.0396162868 -0.0886518732 -0.00183458696 -0.151448756 0.0559806488 0.120546594 0.0149255814 -0.070384413 -0.0773427486 -0.0197525602 -0.0646104217 0.0662474781 -0.0702834427 -0.00171800505 -0.0680889562 -0.174870819 0.0827545077 0.0126237236 0.0266106762 -0.125149146 -0.0467128083 -0.0516315885 -0.0845758542 0.0568319671 -0.0867467821 0.0225221384 -0.101338014 0.0153611423 0.145697966 0.00122626033 -0.0313157476 0.0311832875 0.0649941862 -0.0166314673 0.0974029377 -0.0237999223 -0.0449571609 0.10411077 0.0442905501 0.074013561 0.00203650235 0.0486979596 0.0844481066 -0.0516882502 -0.0114480713 0.0548167825 -0.0859941915 -0.0373759568 0.0548761413 0.0311901923 0.0462478697 0.188069656 0.103140786
G717 0.035276182 0.0603956543 -0.0736134797 0.0139020886 0.0236474331 -0.11748597 -0.00590328919 0.0840301663 -0.0479398444 0.0694299042 -0.0364511162 0.0975365937 -0.0891064852 0.024701776 -0.0875003561 -0.0442464314 0.0555512756 0.0334456861 0.0380367711 0.00118562311 -0.0170247909 0.0490588583 0.0888953209 -0.065139398 0.0465406924 -0.0179357678 -0.21431382 0.166018188 -0.10583441 -0.0192053281 0.0451267809 -0.110359251 -0.0693621263 -0.025953101 0.117797926 -0.0609635115 -0.0343314484 -0.137351483 -0.0462693349 0.108717263 0.103626452 0.0342797227 -0.025046289 0.105009221 -0.0690893978 -0.0293873549 0.00829860661 -0.0678588301 0.0164362155 0.0216112845 -0.0037875555 0.0191524941 0.00971952919 0.146621689 -0.0272713918 0.0549678691 0.0257210694 0.108151972 0.07345137 0.0127598792 0.0172577761 -0.0333367437 -0.00598785048 0.0620931089
G718 0.105826728 0.00691888249 -0.066054821 -0.0274468288 -0.00402772147 -0.0664284155 0.0935849622 -0.02908035 -0.0610831603 0.0960353836 -0.0593119115 0.0397238731 -0.0887326747 -0.00219706306 -0.150890082 0.0562000982 0.12055999 0.0156804658 -0.0711737126 -0.0793836936 -0.0204914249 -0.0650803968 0.065886803 -0.0705386624 -0.00215330627 -0.0680238307 -0.174977675 0.0824591592 0.0128675681 0.02627673 -0.125194997 -0.0473616049 -0.0511905812 -0.0850609764 0.0568452701 -0.0861507505 0.0235521775 -0.101906963 0.015792314 0.146631971 0.000708572974 -0.0317563973 0.0314939022 0.065151237 -0.0155477105 0.0975720733 -0.0240399428 -0.0447262451 0.104216501 0.0445135869 0.0741491392 0.00208239048 0.0489035212 0.0846575052 -0.0512184873 -0.0122953365 0.0558860265 -0.0863542631 -0.0381697901 0.0552224629 0.0316363461 0.0458813384 0.187963188 0.103028506
G719 0.1050082 0.00802587997 -0.0639389232 -0.0271928422 -0.00391242281 -0.0661319867 0.0944847092 -0.0315205567 -0.0613444932 0.0940148234 -0.0590671115 0.0382916331 -0.0857026726 -0.00093128474 -0.151948348 0.0532105006 0.122471213 0.0142132891 -0.0711641759 -0.0807021037 -0.0210022293 -0.063088879 0.0611658171 -0.074077487 -0.000293858058 -0.0653166771 -0.175360918 0.0844821259 0.0128915384 0.0259774104 -0.124900408 -0.0481170155 -0.0516515635 -0.0827770159 0.057500869 -0.0868677646 0.0249823332 -0.101782486 0.0171317142 0.148202553 -0.000635392847 -0.03456074 0.0311272945 0.0622104257 -0.0163592994 0.0971691459 -0.0230881758 -0.045951046 0.10492643 0.046736069 0.0728197843 0.00186858 0.0473811291 0.08302553 -0.0534527265 -0.0121880472 0.0571358465 -0.0879335105 -0.0385355391 0.0523382239 0.0291853379 0.0463849455 0.186025128 0.105761714
G720 0.105152287 0.0080605885 -0.0638394654 -0.0266459528 -0.00396787049 -0.0665404126 0.0943410471 -0.0311341062 -0.0621835478 0.0938482508 -0.0596420802 0.0380156301 -0.0858957246 -0.000957834534 -0.152216524 0.053052485 0.122323647 0.0136646284 -0.070419535 -0.0784808993 -0.0199367218 -0.062982142 0.0616548918 -0.0733516961 -0.000111608948 -0.0652484223 -0.17571497 0.0848762766 0.0124804461 0.026224263 -0.125020295 -0.0476540178 -0.052116219 -0.0825663731 0.0575354099 -0.0874852985 0.0239206757 -0.101450413 0.0166399553 0.147417739 -1.30180451e-05 -0.033857435 0.0306895785 0.0621684827 -0.0174294375 0.0970940962 -0.0229339041 -0.0459487513 0.105096355 0.0462862067 0.0726614818 0.00194345601 0.0473682508 0.0831210539 -0.0540749542 -0.0111882174 0.0560481213 -0.0876456127 -0.0378971957 0.0523927808 0.0289260745 0.0468651578 0.186143979 0.105490789
G721 0.1048875 0.00706731575 -0.0665178001 -0.0274019223 -0.00352603034 -0.0661842227 0.0931686684 -0.0279323589 -0.0604351573 0.0955725163 -0.0598955862 0.0403718241 -0.0891152024 -0.00138413976 -0.152009308 0.0570367575 0.120300077 0.0149357589 -0.0698592961 -0.0769659802 -0.0204942543 -0.0649149939 0.0674351305 -0.0703399852 -0.00126550486 -0.0688153654 -0.173960015 0.0819946229 0.0125706242 0.0271477532 -0.124894775 -0.0461172238 -0.0515827872 -0.0846225321 0.0565401316 -0.0862121433 0.0220783968 -0.101252913 0.0152132176 0.145391837 0.00170641614 -0.0302986447 0.0311153196 0.0659661144 -0.0168981906 0.0971850157 -0.0238463394 -0.0453435928 0.103367195 0.0440739095 0.0745408162 0.00189807883 0.0491489172 0.0849648789 -0.0512866899 -0.0111498926 0.0547875799 -0.0851258263 -0.0366636477 0.0548433252 0.0319619812 0.0451623425 0.188511118 0.103431411
G722 0.108161829 0.00859962404 -0.0184546374 0.0650274307 -0.0116031533 0.0187377315 0.0651594028 -0.00961510092 -0.0414141677 0.0704488754 -0.123676293 0.0145425638 -0.0779291242 -0.0223366544 -0.23358272 0.0174638834 0.146511629 -0.0509744398 0.00785275642 0.120011769 0.110423721 -0.00442945771 0.0964720845 -0.0847435519 0.0238215122 -0.132273868 -0.17474401 0.0374670736 -0.0271892566 0.0160371494 -0.102929898 0.0114196679 -0.0718782321 0.0364137664 0.0568280108 -0.110500865 -0.114278294 -0.0469601303 -0.0481162071 0.0609602369 0.0703166202 -0.0473839715 -0.0511724465 -0.0189042632 -0.075895384 0.0235486273 -0.0265325718 -0.0792116001 0.0356828645 0.0414424203 0.0597086363 0.0275869723 0.0272266492 0.0577765182 -0.0716934949 0.0627066717 -0.00953522976 -0.0143087925 0.0621559769 0.0271569137 -0.0485092737 0.0882952884 0.152792528 0.131744459
G723 0.104869455 0.00833165925 -0.063712962 -0.0271355435 -0.00357224233 -0.0657588616 0.0948870033 -0.0322234668 -0.0612087175 0.0934820175 -0.0590952858 0.0378413498 -0.0851874799 -0.000604331435 -0.152399972 0.0527085923 0.122772418 0.013677422 -0.0710553899 -0.0807449371 -0.0212344453 -0.0626799986 0.0600979105 -0.0749111623 7.79953771e-05 -0.064850308 -0.175141379 0.0848210528 0.0127208959 0.0260397363 -0.124858983 -0.0479389839 -0.0520787165 -0.0822691098 0.0573392883 -0.0869430527 0.0250373092 -0.101427853 0.017639922 0.14841187 -0.000786863908 -0.0354541875 0.0310727097 0.0617112592 -0.0164747667 0.0971116349 -0.0227701645 -0.0462972149 0.105054364 0.0472696833 0.0724111721 0.00195791759 0.0470481701 0.0828430727 -0.0540430471 -0.0119523248 0.057374347 -0.0885265395 -0.0385708623 0.0514399968 0.0286824144 0.0461187921 0.185779393 0.106370963
G724 0.124036036 0.0105496896 -0.0214587245 0.0689277425 -0.0117983576 0.00512546068 0.0657675564 -0.0190137271 -0.047596287 0.0804824606 -0.125210643 0.00881700125 -0.074312456 -0.034884192 -0.230056077 0.0139228338 0.145925581 -0.0446212329 0.00778532447 0.118180878 0.114900887 -0.0120999366 0.086020261 -0.0845822915 0.0201997627 -0.127094805 -0.182182133 0.0406574346 -0.0318821892 0.0155654214 -0.103677519 0.0164446849 -0.074319832 0.0362505168 0.0537361577 -0.114492625 -0.111494936 -0.0617378503 -0.0485103503 0.0688887611 0.0749204829 -0.0465771519 -0.0485114045 -0.0184734426 -0.0761913434 0.0239274427 -0.0252981558 -0.075054206 0.0418934971 0.0428492911 0.0595540516 0.0326518416 0.0330804065 0.0607173033 -0.0802074075 0.0682899579 -0.0071306685 -0.025345372 0.0637061149 0.0296342839 -0.0443373024 0.0893504173 0.150099844 0.122462526
G725 0.0251485519 0.05286761 -0.0759690478 0.0193801206 0.0233282931 -0.122459725 -0.0130424639 0.0885259509 -0.0526031591 0.0787308812 -0.0304984935 0.0989935473 -0.0825784132 0.02415126 -0.0923462585 -0.0473427027 0.0573829971 0.0329604968 0.0353542157 -0.0091491919 -0.0142632807 0.0480167791 0.0814298689 -0.0666289404 0.0534032546 -0.00852003228 -0.208106712 0.161720276 -0.100077763 -0.00599865522 0.047746323 -0.0950928554 -0.0747013092 -0.0277721453 0.121003367 -0.0565320142 -0.0227411035 -0.14418602 -0.0476659909 0.103197068 0.088475503 0.0330204144 -0.02532533 0.107352756 -0.0671968535 -0.0254368261 0.00525789848 -0.0722431019 0.0173071586 0.0259433538 -0.00790525042 0.0156931821 0.0190591011 0.136488691 -0.0283431076 0.0531602651 0.0238908529 0.112471022 0.0777688026 0.00224557682 0.0211485159 -0.036828436 -0.00828124862 0.0737834796
G726 0.111935109 0.0367446691 -0.0328624621 0.0552445725 -0.0257020611 0.0309689082 0.0349340104 -0.00120183825 0.0106395362 0.0815079138 -0.133455396 0.0402341224 -0.0611598603 -0.0607920401 -0.213511989 0.0139785334 0.131843463 0.00925549492 -0.00393768959 0.118913025 0.115758903 -0.0234161988 0.047996752 -0.0801374167 0.011557606 -0.140072793 -0.186675325 0.0129259257 -0.00740281679 0.00307224179 -0.0681209862 0.00820213277 -0.0607099496 0.0363209061 0.029336093 -0.0820501968 -0.122118078 -0.098760359 -0.0313388482 0.0893889442 0.0860924795 -0.0446421579 -0.0498397872 0.00698876753 -0.0667117164 -0.0063737561 -0.0537045822 -0.0925042555 0.0239239987 0.0466446355 0.0546832867 0.0542901494 0.0372219682 0.0547046959 -0.0743591264 0.0429254323 0.00907708611 -0.0262206588 0.0886509791 0.0508917719 -0.0516036153 0.053182207 0.0986662358 0.148880973
G727 0.104758956 0.0394210368 -0.0272007454 0.023078125 -0.0169171114 0.025729578 0.0159184225 -0.00684775924 0.0404767916 0.00965824537 -0.0415797643 0.0203007646 -0.0640714094 -0.0261530522 -0.100196719 -0.0381949879 0.11005614 0.0129576037 -0.033930473 -0.051575128 -0.0109783262 0.0397862718 -0.0284207724 -0.151792988 -0.00550746545 -0.0471483395 -0.219614208 0.0991208777 -0.0769487172 -0.0443251319 0.0411351435 -0.0965295359 -0.0499640182 0.0289115347 0.0349906273 -0.0345786884 -0.0196498651 -0.0936367884 -0.0241429787 0.146428764 0.0187595543 -0.120369889 -0.0722221658 0.0329896063 0.0351561941 -0.0456529148 -0.0176917873 -0.0806469694 0.0117826955 0.0465659015 -0.00444905693 0.0731358603 -0.0135079483 0.124168262 0.0127455248 0.0132849365 0.106208831 0.0422344171 0.0504992642 -0.00434357813 -0.017430326 -0.0133145275 0.0157805569 0.0775927901
G728 0.105792791 0.00725346152 -0.0646521449 -0.0263171867 -0.00421448704 -0.0662747324 0.0940315872 -0.0299520157 -0.0625312701 0.0950109586 -0.059735436 0.038354177 -0.0874390081 -0.00158953445 -0.151368827 0.0542688631 0.121394858 0.0143170552 -0.0707355216 -0.077692695 -0.0192446485 -0.0635131821 0.0639915466 -0.0714572743 -0.00170909183 -0.0666323975 -0.175767824 0.0841192454 0.0124942232 0.0259749815 -0.125340566 -0.0476028994 -0.0519822948 -0.0838237852 0.057208091 -0.0875868946 0.0231667086 -0.101125821 0.0158259533 0.146393001 0.000635478122 -0.0330610834 0.0310192201 0.0633872449 -0.0168244876 0.0974025726 -0.0231540166 -0.0449657664 0.104830332 0.0453390852 0.0731231272 0.00215201546 0.0477519147 0.0836593285 -0.0529207923 -0.01153119 0.0551218875 -0.0870890468 -0.0381278098 0.0538980328 0.0296160262 0.0472971685 0.187289104 0.10377191
G729 0.0261593629 0.0535704829 -0.0718984157 0.0293247774 0.0186895225 -0.111611031 -0.0206508376 0.084912397 -0.0492229722 0.0784451962 -0.0401005037 0.100459673 -0.0778003931 0.0184758101 -0.0980229974 -0.0622233115 0.0492771789 0.0258359462 0.0494234823 0.0181458481 0.00766306929 0.057347998 0.0738059431 -0.0686401799 0.0510809943 -0.0201779902 -0.210783899 0.150541425 -0.100600511 -0.006355491 0.0610407591 -0.0789889842 -0.076444 -0.00913080759 0.117796883 -0.0539825186 -0.0365142673 -0.140791535 -0.0496330522 0.0907475501 0.0989475176 0.0305969454 -0.0298182108 0.0966410041 -0.0690086409 -0.0391231589 -0.000805205898 -0.0777983442 0.00815335196 0.0310221445 -0.00625972077 0.0224931017 0.0234920792 0.131560609 -0.0359315984 0.055661466 0.0147767486 0.116496265 0.0968836322 0.00128515065 0.0101163955 -0.0324629359 -0.0258571766 0.0686055571
G730 0.0261320267 0.0337800272 -0.0173000973 0.00912234839 0.00114992063 -0.0623378605 0.14169687 0.0678268075 -0.149882153 0.146782666 0.0162126329 -0.029980408 -0.023728691 0.190663114 -0.163609624 -0.0220469367 0.095713973 0.00662518619 -0.0278143547 -0.103573874 0.00336394575 0.132511392 0.116536982 -0.152256772 0.0416332185 -0.0553294607 -0.26209715 0.268788338 -0.0554154031 -0.100604005 -0.088666074 -0.219016492 -0.0846875012 -0.105777368 0.190970629 -0.149953738 0.070449248 0.000350839488 0.00141643174 0.136069119 -0.0103696566 -0.0705704316 0.0117324851 0.0329833478 -0.153000101 0.0728502497 0.0996741652 -0.0866417289 0.0361357555 0.145955965 -0.0432562791 -0.0349240154 -0.0630704537 0.110126048 -0.0675821751 -0.0614606999 -0.0132632833 0.00575428316 -0.102270685 -0.0396058671 -0.146266714 0.0838223472 0.145436212 0.235333383
G731 0.0357119255 0.0485991016 -0.0378105491 0.00279234187 0.0264888965 -0.0459366962 0.145974681 0.0570444949 -0.132971644 0.156800151 0.0217410997 -0.010527527 -0.053043399 0.18338941 -0.157586992 0.00653741416 0.0914770067 0.0163360965 -0.0138291568 -0.105693221 -0.01106821 0.110968955 0.1515183 -0.127416313 0.0530742966 -0.0933796167 -0.239509806 0.246776804 -0.0445032157 -0.0982583389 -0.0873668864 -0.2098836 -0.0822137818 -0.105103411 0.187887743 -0.155358702 0.052834101 0.0131021496 0.00893145055 0.134227514 0.033332292 -0.0689875409 0.0316843726 0.0585876182 -0.137866855 0.0859713033 0.0948375911 -0.0780404359 0.037600264 0.124395624 -0.0325768664 -0.0401585363 -0.0222513787 0.126859367 -0.0327716395 -0.0750115663 -0.023211088 -0.00962697808 -0.103687041 -0.0234161727 -0.145477414 0.0619656071 0.168100432 0.211781919
G734 0.0262005944 0.033423923 -0.0167871341 0.0096552223 0.000919791753 -0.0621777289 0.141291618 0.0677876398 -0.149803072 0.146538451 0.0160319284 -0.0300840791 -0.0237730872 0.190688804 -0.164096311 -0.0220943261 0.0964165628 0.00628194399 -0.0276543982 -0.103342414 0.00385263097 0.132589579 0.116750702 -0.152381808 0.0417741947 -0.0555276871 -0.262036532 0.268742085 -0.0555908158 -0.100443624 -0.0888823345 -0.218810439 -0.084909074 -0.105244927 0.191118479 -0.149950668 0.06997554 0.000488694815 0.000843882211 0.13585192 -0.0102097457 -0.070356831 0.0110672768 0.0324889421 -0.153344527 0.0726060942 0.0995373428 -0.0865062997 0.0358439051 0.145634592 -0.0430975147 -0.0347524025 -0.0629789904 0.110056616 -0.0675667301 -0.0608768947 -0.0130557632 0.00628756545 -0.101952933 -0.0396142304 -0.146168098 0.0842998475 0.145585462 0.235310644
G735 0.037782751 0.0524820536 -0.0353877284 0.00232110452 0.0269236546 -0.0431321263 0.148600802 0.053578712 -0.131446332 0.153467983 0.0217782576 -0.0114266789 -0.0539204776 0.184304163 -0.156742543 0.00672418438 0.0930199251 0.0155655025 -0.0121459002 -0.105324946 -0.0118286023 0.113064572 0.15224655 -0.127471864 0.0544862263 -0.095864743 -0.241438106 0.248157457 -0.0443207398 -0.10283266 -0.0877570361 -0.214040339 -0.0808028728 -0.102030635 0.189760312 -0.158418864 0.0497110672 0.015960684 0.010379754 0.136654004 0.0385661125 -0.0721753389 0.0313154198 0.0563217513 -0.138428077 0.0854836777 0.0970246047 -0.0764796212 0.0379214659 0.124426939 -0.0328264907 -0.0402469039 -0.0222438946 0.128687397 -0.0312396716 -0.0765482038 -0.0222939905 -0.0112199178 -0.104739226 -0.0230039675 -0.150331229 0.0627762303 0.169236764 0.209309042
G738 0.0676370636 0.0947269201 -0.0144645972 0.149523184 0.0126450742 -0.0176913328 0.076493673 0.140105546 -0.22334148 0.187553525 0.0222848132 -0.0516884848 -0.0479367785 0.26795733 -0.091982305 -0.0878188312 0.165052846 0.0827547759 0.0598250628 0.131890059 0.110664345 0.166499183 0.164204642 -0.170033157 0.119541101 -0.0364040248 -0.246366605 0.337010413 -0.079238832 -0.0702379048 0.0365656987 -0.286989897 -0.183579773 -0.00314047001 0.155786142 -0.15758808 0.12265598 0.0693485364 -0.113261186 0.0417948291 0.129820436 0.0634507239 -0.0493466742 0.150522783 -0.168192342 -0.0195855312 0.123094313 -0.105503835 -0.0288186837 0.0612464622 -0.114626423 -0.0248267446 0.0462942645 0.142906308 0.00975630619 -0.0415974855 -0.0639075935 0.118317291 0.0108982436 -0.0363264307 -0.159231022 0.0294304322 -0.03365108 0.240532726
G755 0.0674851239 0.094508931 -0.0146100922 0.14950861 0.012518961 -0.0178107172 0.0762525871 0.140551627 -0.223451495 0.187819228 0.0224226248 -0.0514483079 -0.0482976511 0.267909944 -0.0918394476 -0.0875911713 0.164932847 0.0829035565 0.0597425476 0.131899223 0.110732064 0.166347474 0.164967224 -0.169701919 0.119382411 -0.0367945209 -0.246350363 0.33675456 -0.0791662559 -0.0702497885 0.0366745181 -0.286857605 -0.18340379 -0.00341868144 0.15587607 -0.157451525 0.122640468 0.0693659335 -0.11350777 0.041558098 0.129843906 0.0638676211 -0.0494030453 0.150728062 -0.168095216 -0.0195703339 0.12288627 -0.105362676 -0.0290012732 0.0608857386 -0.114457458 -0.0250031389 0.0465243869 0.14293313 0.0101405485 -0.0416456014 -0.0642500892 0.118722655 0.0108502712 -0.0359099694 -0.159007967 0.029450573 -0.0334182829 0.240354002
G772 0.100403331 0.028190162 -0.0680598691 -0.03195237 -0.00975473039 -0.0639459193 0.0840959772 -0.00221965206 -0.0403130502 0.0907572135 -0.0590402186 0.0403177738 -0.0849972218 0.00187462696 -0.143942758 0.0701846778 0.123786941 0.0433352776 -0.0773286372 -0.07486967 -0.0230130814 -0.0684655011 0.0547282584 -0.06342832 0.00226060464 -0.0545086972 -0.186312884 0.0964998603 0.0158064049 0.0152214626 -0.134618595 -0.0778565109 -0.0465063825 -0.0977482349 0.0497211553 -0.0819282904 0.0232530329 -0.11698772 0.0162908491 0.16079466 0.00893981941 -0.0215813331 0.0192402061 0.0922951773 -0.0354905687 0.0917279795 -0.0191352293 -0.0476291329 0.110801101 0.0387098677 0.0585135259 0.0128428759 0.0387019552 0.0861309618 -0.0573157333 -0.0155020636 0.065845713 -0.0801371187 -0.0374320596 0.063868396 0.0284102447 0.0242399685 0.184323788 0.136064142
G773 0.0980810374 0.0292682704 -0.0541882925 -0.0199447442 0.00275508454 -0.0303800888 0.0391093232 -0.00626503583 0.00456135115 0.0244161207 -0.00252291607 0.0276702251 -0.0687478408 -0.00440936396 -0.0632760748 -0.00473906659 0.105861992 0.0332990773 -0.0765645131 -0.161618114 -0.0824332535 0.0128728356 -0.0320372991 -0.143692657 -0.00392306363 0.00877695438 -0.212257504 0.131510586 -0.0630673394 -0.0247809552 0.00752772763 -0.119727045 -0.0469481908 -0.0477939472 0.0533736907 -0.0316715501 0.0633593053 -0.114542127 0.00116962835 0.179772198 -0.026094066 -0.11211893 -0.0349062607 0.0816400498 0.0457274206 0.012499433 -0.00362763298 -0.0611999407 0.0576051176 0.0447721183 0.000254545826 0.0423197635 -0.00158077222 0.130835354 0.0224633329 -0.0153701631 0.135410607 0.0155760339 -0.0102727264 -0.00788462721 0.0317171812 -0.0293994993 0.0582913086 0.072076194
G774 0.100380048 0.0281956624 -0.0680206567 -0.0318932757 -0.00973292813 -0.063835673 0.0841506496 -0.00230259169 -0.0402943008 0.0907131582 -0.0590383075 0.0402211547 -0.0848695636 0.00198413385 -0.143975019 0.0700790286 0.123823367 0.0432741493 -0.0773412511 -0.0748728588 -0.0230360236 -0.0682991147 0.0545501783 -0.0636510104 0.00222027744 -0.0544210859 -0.186281234 0.0965623111 0.0158436857 0.0152073391 -0.134591669 -0.0778728053 -0.0465748161 -0.0976776704 0.0496738292 -0.0819825232 0.0233246926 -0.116929188 0.0163568426 0.160808086 0.00889484398 -0.0217418503 0.0192886833 0.0922385603 -0.0354960114 0.0917128772 -0.0190243889 -0.0476639196 0.11077442 0.0388967469 0.0584798642 0.0128639974 0.0386006571 0.0860604718 -0.0574344769 -0.0155470232 0.0658643022 -0.0802207366 -0.0374225862 0.0636964515 0.0282861535 0.0242737681 0.184287637 0.136134401
G775 0.0983998552 0.029075088 -0.0543679222 -0.0198311247 0.00261339289 -0.0307333879 0.0389859974 -0.00609417353 0.00423280802 0.0247662738 -0.00252420083 0.0276074223 -0.06899295 -0.0047744792 -0.0629899427 -0.00461161975 0.105608188 0.0336053483 -0.0766498297 -0.161486834 -0.082088016 0.0125996042 -0.0317367986 -0.143262118 -0.00422775978 0.00879228581 -0.21260716 0.131435275 -0.0630517825 -0.0248016659 0.00742179947 -0.119764872 -0.0469023325 -0.0480763055 0.0534044243 -0.0316720009 0.0633944571 -0.114815161 0.000991483917 0.17977345 -0.0260710325 -0.111784965 -0.0349286199 0.0818279535 0.0458048433 0.0126104457 -0.00371112069 -0.0609843843 0.0577493683 0.0445399284 0.000350536575 0.0423651151 -0.00141020934 0.130985916 0.022478424 -0.0153262075 0.135239869 0.015642399 -0.0103173368 -0.00744567905 0.0319819674 -0.0292240437 0.0584261566 0.071691595
G776 0.100392923 0.0281956028 -0.0681175664 -0.0320474058 -0.00973915588 -0.0639956966 0.0841004029 -0.00222175615 -0.0402982347 0.0907874182 -0.0590181537 0.0403881371 -0.0849927589 0.00185260351 -0.143845439 0.0701816007 0.123708725 0.0433976278 -0.0773725063 -0.0749765933 -0.0230840519 -0.0685221031 0.0546757691 -0.0634152517 0.00222188793 -0.0545143597 -0.186303988 0.0964713171 0.0158756953 0.0152375381 -0.13453941 -0.0778512806 -0.0464712307 -0.0978238732 0.0497025773 -0.0818895027 0.0233353395 -0.117040671 0.0163716674 0.16083838 0.00890794862 -0.0215504859 0.0193330925 0.0923647285 -0.0354075246 0.0917531848 -0.0191959925 -0.047638651 0.110805281 0.038740471 0.0585457236 0.0128237195 0.038740769 0.0861376151 -0.0572772138 -0.0155975251 0.0658683702 -0.0801949203 -0.0374663509 0.0639194697 0.0284492355 0.0241915043 0.184248984 0.136017129
G777 0.0980937034 0.0293006375 -0.0541924611 -0.0200321879 0.00276657473 -0.0304017849 0.0391352959 -0.00630807597 0.00458864728 0.0243954007 -0.00253417389 0.0277077947 -0.068699725 -0.00439222809 -0.0631952956 -0.00477010803 0.10581886 0.0333320089 -0.0765999854 -0.16168955 -0.082492955 0.0128782215 -0.032144051 -0.143731624 -0.00395522825 0.00879886933 -0.212280378 0.131541297 -0.0630313307 -0.0248027425 0.00758382119 -0.119771905 -0.0469245017 -0.0478071272 0.0533733554 -0.0316704661 0.0634202585 -0.114547685 0.00125480653 0.179846704 -0.0260988455 -0.112124033 -0.0348401517 0.0816653296 0.0457621925 0.0124903824 -0.00364052644 -0.0612072088 0.0576070882 0.044835493 0.000287064206 0.0423246212 -0.00158637972 0.130840749 0.0224566944 -0.0154521549 0.135463879 0.0155142676 -0.0103055723 -0.00787097123 0.0317022391 -0.0293974802 0.0581972487 0.0720466077
G778 0.100371085 0.0281951651 -0.0680845156 -0.0319886953 -0.0097179478 -0.0638949201 0.0841506943 -0.00229809596 -0.0402867757 0.0907484367 -0.0590144806 0.0402942114 -0.084871158 0.00195013592 -0.143876791 0.0700794011 0.123739347 0.0433435701 -0.0773849115 -0.0749819726 -0.0231022015 -0.0683670118 0.0545072965 -0.0636223033 0.0021832271 -0.0544305928 -0.186273798 0.0965285525 0.0159132406 0.0152270151 -0.134514302 -0.0778611824 -0.0465371013 -0.0977578238 0.0496564806 -0.0819388479 0.0234070905 -0.116988733 0.0164330602 0.160845831 0.00886179041 -0.0217031315 0.0193828773 0.092309691 -0.0354092605 0.0917414874 -0.019093208 -0.0476704836 0.11078155 0.0389150903 0.0585120842 0.0128443819 0.0386463478 0.0860687122 -0.0573893227 -0.0156401116 0.0658837482 -0.0802767351 -0.0374552235 0.0637551174 0.0283363331 0.0242246576 0.184215754 0.136079013
G779 0.098385103 0.0291228108 -0.054358732 -0.0199213102 0.00263522426 -0.0307379719 0.0390263274 -0.00614588987 0.0042729415 0.0247019436 -0.0025304046 0.0276362319 -0.0689308196 -0.00473908754 -0.0629303902 -0.00465512462 0.105579093 0.0336214267 -0.0766858086 -0.161570966 -0.0821527988 0.0126152886 -0.0318702459 -0.143330231 -0.00423139613 0.00882371236 -0.212616667 0.131477728 -0.062994875 -0.0248253699 0.00747752329 -0.119806454 -0.0468860194 -0.0480736718 0.0533931926 -0.0316552408 0.0634554848 -0.114807747 0.00109594408 0.179847315 -0.0260936636 -0.111802466 -0.0348568 0.081826143 0.0458314456 0.0125994561 -0.0037243783 -0.0610101037 0.0577582568 0.0446032397 0.000369979098 0.042377837 -0.00143595436 0.130982816 0.022467861 -0.0154097993 0.135307997 0.0155751817 -0.0103395851 -0.00746058719 0.0319617391 -0.0292350743 0.0583249293 0.0716880932
G780 0.100258052 0.0281795617 -0.0679015964 -0.0313846581 -0.00972060021 -0.0641333535 0.083924666 -0.0018203397 -0.0410192907 0.0905172825 -0.0595366359 0.040122401 -0.0849712119 0.00211484334 -0.144357309 0.0699430779 0.123719759 0.0426485091 -0.0765403509 -0.0727766529 -0.0221627746 -0.0680603534 0.055090595 -0.0630426109 0.00254473393 -0.0544718243 -0.186393827 0.096864067 0.0154754035 0.0155372359 -0.134602606 -0.0772832483 -0.0469668843 -0.0974058658 0.0497442633 -0.0825655982 0.022314677 -0.11654757 0.0158318002 0.159922898 0.00945779588 -0.0210314803 0.0189115815 0.0921866596 -0.0365805998 0.0915994272 -0.0188849941 -0.0477626473 0.110776842 0.0385065004 0.058378581 0.0127888788 0.0386003815 0.086020872 -0.0579286255 -0.0145836007 0.0647204593 -0.0798050612 -0.0367385745 0.0636176541 0.0279952064 0.0246909782 0.184408501 0.136007652
G781 0.0980030745 0.0293321367 -0.0541314632 -0.0197492726 0.00281559327 -0.0304669961 0.039056126 -0.00622993382 0.00427726097 0.0242800377 -0.00275679771 0.0276009906 -0.0687081441 -0.0043652961 -0.0635242239 -0.00488920277 0.105853401 0.0329318196 -0.0761467814 -0.160797969 -0.0821721256 0.0129504697 -0.0320091918 -0.143489808 -0.00367643381 0.00880571734 -0.212224603 0.131624222 -0.0633249134 -0.0245738942 0.00754248677 -0.119407952 -0.0471671633 -0.0475964025 0.0533501953 -0.0318440236 0.0629587397 -0.114391044 0.00105372514 0.179377198 -0.0258605052 -0.11201068 -0.0351077765 0.0815429986 0.0452828929 0.012411043 -0.00362102548 -0.0612874515 0.0576556027 0.0446624644 0.0001067708 0.0422690138 -0.00154543179 0.130804226 0.022184303 -0.0149098588 0.135044679 0.0155663379 -0.00998102035 -0.00804901775 0.0315391608 -0.0293586161 0.0582669713 0.0721157715
G782 0.100213349 0.0282096043 -0.0678490251 -0.031345278 -0.00970270112 -0.0639438406 0.0840223655 -0.00190631079 -0.0409610681 0.0904194042 -0.0595554262 0.0400369354 -0.08488594 0.00227856101 -0.144391194 0.0698357821 0.123784572 0.0425544716 -0.0765591562 -0.0727394 -0.022201186 -0.0678742528 0.0549711622 -0.0632609874 0.00248970371 -0.0544106588 -0.186343476 0.0969197601 0.0155471582 0.0154960789 -0.134581015 -0.0773508176 -0.047023993 -0.0973261967 0.0496998839 -0.0826590434 0.0223484579 -0.116422549 0.0159094203 0.15993689 0.0094534345 -0.0212108716 0.0189950727 0.0921218544 -0.0365806073 0.0915901661 -0.0187534858 -0.0477840193 0.11075253 0.0386923961 0.0583498664 0.0128190368 0.0384574868 0.0859553516 -0.0580280423 -0.0146733355 0.0647324026 -0.079889439 -0.0367465839 0.0634592995 0.0278424975 0.0247425847 0.184403136 0.136069164
G783 0.0982970223 0.0290927142 -0.0542704985 -0.0195444282 0.00260071876 -0.0307261497 0.0389186405 -0.00592908403 0.00394593086 0.0246321056 -0.00275818515 0.0275065731 -0.0689488575 -0.00459799217 -0.0631944239 -0.00477055553 0.105595663 0.0332714841 -0.076282233 -0.160579219 -0.08172407 0.0128518967 -0.0316253901 -0.143164977 -0.00412052404 0.00882313773 -0.21262674 0.131600291 -0.063190937 -0.0246986151 0.00743488967 -0.119571477 -0.0471099354 -0.0478791818 0.0533644669 -0.0319199376 0.0630046651 -0.114610359 0.000813384191 0.179342806 -0.0258488003 -0.111626565 -0.035086181 0.0817601606 0.0453257523 0.0125088459 -0.00358059816 -0.0610265657 0.057726942 0.0445283763 0.000244290219 0.0423576795 -0.00150288863 0.130922124 0.0221801102 -0.0149639621 0.134820834 0.0157480408 -0.00999344792 -0.00759070553 0.0317225568 -0.0290425457 0.0584353358 0.0717111081
G784 0.0872640088 0.0139083238 -0.0567869656 -0.0315036178 -0.0137201026 -0.0564010888 0.0907229111 -0.0127377966 -0.046912346 0.0751188025 -0.0664103776 0.046776887 -0.0836198404 0.0126086595 -0.154099107 0.0642786548 0.129798427 0.0194414053 -0.0715886354 -0.0670756549 -0.0208754092 -0.0552344806 0.0657355115 -0.067478247 0.00779268192 -0.0600640588 -0.175621942 0.0907189026 0.0157584827 0.0281708967 -0.132380202 -0.0655369163 -0.0494745374 -0.0810892731 0.0592605211 -0.0818188637 0.018095484 -0.0941977426 0.0167664737 0.145583272 0.00637611793 -0.0201036744 0.0223044381 0.0703515708 -0.0355110131 0.0864668861 -0.0253942348 -0.0483251102 0.104221448 0.0401465148 0.0726378784 0.0112731215 0.0399697572 0.08080329 -0.0548446737 -0.0140233105 0.0606908426 -0.0677280128 -0.027991049 0.0561021306 0.0284561645 0.0425753333 0.184925482 0.125299037
G785 0.109403253 0.0100019053 -0.0161968991 0.0659198314 -0.012594291 0.0169762634 0.0659747645 -0.0109651862 -0.0431711115 0.0700998008 -0.123935379 0.0116181867 -0.07584095 -0.0218320433 -0.233025581 0.0155731738 0.147809327 -0.0505704805 0.00878911838 0.120979868 0.111565329 -0.00318805431 0.0947235525 -0.0866962895 0.024254242 -0.128661916 -0.178667754 0.0403345041 -0.0266630221 0.0144679705 -0.103163309 0.00679275813 -0.0719631165 0.03797663 0.0584676377 -0.111411661 -0.112778313 -0.0476538166 -0.0488071032 0.0634767711 0.0703237206 -0.0461248346 -0.0533273444 -0.0207085926 -0.0784316435 0.0221167747 -0.023994118 -0.0789155066 0.0358750224 0.0429092608 0.0586650856 0.0274622422 0.0263814423 0.0588160902 -0.0757637173 0.0629231185 -0.00814028364 -0.0125525855 0.061174009 0.0263781752 -0.0503290482 0.0892007276 0.151693508 0.131075114
G786 0.0873611644 0.0139325783 -0.0568305552 -0.0314900614 -0.0137113342 -0.0565175861 0.0907747447 -0.0128231328 -0.0470088422 0.0750998706 -0.0664230958 0.0466832854 -0.0836433545 0.0124772396 -0.1540782 0.0642172247 0.12974833 0.0194708798 -0.0716027692 -0.0670594871 -0.0207705144 -0.0553454235 0.0656242073 -0.0674143359 0.00780166686 -0.0599592626 -0.175713867 0.0907723606 0.0157564096 0.0281985719 -0.132418394 -0.0654940605 -0.049551677 -0.0811174661 0.059225034 -0.0817882046 0.0181186739 -0.0942544937 0.0168427341 0.145631731 0.00635180017 -0.0201168843 0.0223216824 0.0703066736 -0.0354750529 0.086536482 -0.0254294705 -0.0483100154 0.104367599 0.0400939472 0.0725853741 0.0113596879 0.0400009602 0.0808606967 -0.0549387187 -0.0139785325 0.0607280172 -0.06785658 -0.0279888697 0.0561213791 0.0285279565 0.0425578579 0.184900969 0.125252053
G787 0.100282609 0.0281793978 -0.068013899 -0.031968195 -0.00975043233 -0.0637250766 0.0840838626 -0.00216097129 -0.0401530974 0.0907218829 -0.0590489991 0.0404115282 -0.0849632621 0.00208446803 -0.14397198 0.070230864 0.123865321 0.0432629213 -0.0773302093 -0.074852854 -0.0231519416 -0.0682960749 0.0548046902 -0.0635612011 0.00222279527 -0.0546091311 -0.186164498 0.0964524522 0.0158488732 0.0152021088 -0.13457714 -0.0779049918 -0.0464609452 -0.0977043062 0.0497196205 -0.0819979236 0.023215726 -0.116859034 0.0162519235 0.160740808 0.00898215454 -0.0216339212 0.0192707554 0.0923524499 -0.03552185 0.0916696191 -0.0190607887 -0.0476490296 0.11064899 0.0388254225 0.0585724935 0.0127815818 0.0386176668 0.0860476345 -0.0572411083 -0.0155903362 0.0658149347 -0.0800487101 -0.0374267548 0.0638060868 0.0282892287 0.0242670141 0.184363991 0.136140645
G788 0.0985832065 0.0290115904 -0.0543693826 -0.0197290946 0.00259653106 -0.0301797781 0.0392473303 -0.00612777891 0.0042123897 0.0248162858 -0.00260884129 0.0273947492 -0.0692058951 -0.00456051249 -0.0627850071 -0.00455035595 0.105480857 0.0335047767 -0.0767915547 -0.161217928 -0.0820370913 0.0129269501 -0.0315787196 -0.143254802 -0.00483491132 0.00857801456 -0.212634236 0.131500691 -0.0630697086 -0.0251359716 0.00738962181 -0.120033182 -0.0470388867 -0.0481993519 0.0532098971 -0.0319458246 0.0631893575 -0.114286222 0.00104306487 0.179696724 -0.025875248 -0.112107396 -0.0347761139 0.0819890648 0.0458985642 0.0125697935 -0.00338421599 -0.0607305653 0.0576052815 0.0447693132 0.000265378476 0.0425197929 -0.00170914922 0.131060675 0.0224742219 -0.0155082699 0.135074377 0.0154971611 -0.0106068244 -0.00740653137 0.031619776 -0.0290662125 0.0586221106 0.0713336393
G789 0.107165202 0.0086962143 -0.0621392019 -0.025727272 -0.00518334564 -0.0681785569 0.0948136896 -0.0323032849 -0.0637666807 0.0951467976 -0.0595332272 0.035241168 -0.0844278857 -0.00121468038 -0.150607601 0.0521010421 0.123039849 0.0153409224 -0.0705191866 -0.0791099891 -0.0188416969 -0.0622663945 0.0608400963 -0.074390389 -0.00131687708 -0.0621350221 -0.179898009 0.0869929343 0.0127614494 0.0242573377 -0.125403956 -0.0526503846 -0.051750306 -0.0820863321 0.0591058359 -0.0879938453 0.0262488518 -0.102605045 0.0157130528 0.150034592 -0.000220315531 -0.0325744823 0.0291065145 0.0613299049 -0.0184525922 0.0959753096 -0.0205936544 -0.0446926057 0.105064712 0.0477683209 0.0720453188 0.00198640605 0.0470473804 0.0845637992 -0.0571783073 -0.0120813362 0.0578524359 -0.0856799185 -0.0397841781 0.0527723953 0.0279083382 0.0478144512 0.185597405 0.103626668
G790 0.100400113 0.0282028895 -0.0680169836 -0.0318891853 -0.00973858964 -0.063836351 0.0841632932 -0.00232318742 -0.0402935296 0.0906897411 -0.0590537116 0.0401991606 -0.0848595202 0.00199559098 -0.143970802 0.0700661689 0.123829879 0.043266125 -0.0773587227 -0.0748556703 -0.0230282731 -0.0682912245 0.0545052625 -0.06367632 0.00220386498 -0.0543904938 -0.186290994 0.0965860337 0.0158561263 0.0152073167 -0.134600058 -0.0778724775 -0.0465966612 -0.097676605 0.0496570766 -0.0819899067 0.0233267546 -0.116922103 0.0163776837 0.160815865 0.00889011286 -0.0217545182 0.0192900617 0.0922408327 -0.0355076715 0.0917156115 -0.0190171022 -0.047662992 0.110789195 0.0389116704 0.058475025 0.0128874453 0.0385835916 0.086058557 -0.0574611127 -0.0155412611 0.0658755526 -0.0802478418 -0.0374180228 0.0636877269 0.0282816999 0.0242868625 0.184273839 0.13613978
G791 0.0984729603 0.0290511344 -0.0543573424 -0.0197955742 0.00260002236 -0.030823756 0.0389556885 -0.00608796906 0.00414776709 0.0248296708 -0.00252378942 0.0275674704 -0.0689800456 -0.0048262137 -0.0629720017 -0.00460235635 0.10558866 0.0336326584 -0.076629594 -0.161463037 -0.0820383355 0.0125919497 -0.0317269936 -0.143222645 -0.00424217153 0.00881372299 -0.212694004 0.131456703 -0.0631126314 -0.0248253606 0.00739111658 -0.119786762 -0.0468906388 -0.0480912812 0.0534327887 -0.0316706076 0.0634139553 -0.114873305 0.000942504965 0.179783344 -0.0260724165 -0.111745864 -0.0350003242 0.0818246827 0.0457686149 0.0125947474 -0.00370138302 -0.0609562509 0.0577543452 0.0445201807 0.000351099501 0.0423379652 -0.00138695328 0.131005093 0.0224495344 -0.0152635491 0.135226011 0.0156669691 -0.0103309946 -0.00742008258 0.0319919288 -0.0291869976 0.0584268197 0.0716553777
G792 0.0998900458 0.0295126271 -0.0666862503 -0.0317323916 -0.00908556767 -0.0620708242 0.0854696557 -0.00349985086 -0.0397682562 0.0877162889 -0.0598136261 0.0391304009 -0.0835454315 0.00354994112 -0.145195961 0.0688107982 0.124779172 0.0412997529 -0.0766762793 -0.0728883445 -0.023136178 -0.0662104189 0.052254729 -0.06598185 0.00310100173 -0.0538724959 -0.185944647 0.0981183499 0.015826026 0.0143889021 -0.134607896 -0.0781448409 -0.0475863479 -0.0957182273 0.0489479192 -0.0829116106 0.0221819803 -0.114926837 0.0175923537 0.160818547 0.00919522811 -0.0237587839 0.0193806328 0.0906295925 -0.0366739966 0.0913612023 -0.0179229155 -0.0486827716 0.110983387 0.0398859419 0.0576071069 0.0134811662 0.0364598036 0.0854725391 -0.0588207878 -0.014978366 0.0658133253 -0.0814891383 -0.0370593555 0.0615904219 0.026172962 0.0246566236 0.183714956 0.137274072
G793 0.0967298076 0.0272092652 -0.0562627688 -0.0187008064 0.00181759789 -0.032407321 0.0364646576 -0.00153151236 0.00292057288 0.0281327851 -0.00183979247 0.0289669167 -0.0719677284 -0.00605919259 -0.0624216422 -0.00241576601 0.104826301 0.0354835056 -0.0764025673 -0.159055591 -0.081090726 0.010602925 -0.024671603 -0.139707491 -0.00578606082 0.00614262419 -0.211844653 0.129071981 -0.0625410303 -0.0233897585 0.00852348749 -0.118165411 -0.0461099111 -0.0508242734 0.0530248024 -0.0306701493 0.0621807314 -0.116400331 -0.00212860061 0.177188352 -0.0245463084 -0.106386989 -0.0349726491 0.0845720768 0.0454067923 0.0123885944 -0.00506396685 -0.0602516048 0.0556632243 0.0417746529 0.000795868575 0.04136746 0.000427330087 0.13118346 0.024229791 -0.0140652061 0.131372541 0.019568542 -0.00939466991 -0.00424413756 0.0348066501 -0.0305192973 0.0605655797 0.0695129484
G794 0.124142602 0.0118322009 -0.0190907586 0.0698362514 -0.0125321839 0.00436144043 0.0665788502 -0.0201478582 -0.0487308763 0.0795646608 -0.125020131 0.0059890463 -0.0716039911 -0.0336914062 -0.229991555 0.0119502963 0.147236332 -0.0445219502 0.00860264339 0.118613139 0.115640998 -0.009977323 0.0837865621 -0.0875536427 0.0209912974 -0.123871259 -0.185233191 0.0435812175 -0.031094525 0.0140754143 -0.103582323 0.0122507475 -0.0745761096 0.0381301604 0.0550694391 -0.115188234 -0.109970056 -0.0617116354 -0.0489678197 0.0710455254 0.0743248463 -0.0460137278 -0.0503668301 -0.0204730984 -0.0786057636 0.0223736819 -0.022558324 -0.0752547756 0.0415031724 0.0448441207 0.0583006442 0.0323951617 0.0316298604 0.061160069 -0.0839036703 0.0681697503 -0.00577745959 -0.023551764 0.0628508404 0.0280164238 -0.0466882885 0.0899132788 0.149031222 0.12272843
G795 0.100027747 0.0295446608 -0.066707693 -0.031720724 -0.00910195336 -0.0622054301 0.0855221599 -0.00359316869 -0.0398826338 0.0877203718 -0.0598449297 0.0390294455 -0.0835806429 0.00342426845 -0.145150349 0.0687497333 0.124740556 0.0413332954 -0.0766889676 -0.0728444308 -0.023021955 -0.0663156882 0.0521725193 -0.0658996999 0.00308081252 -0.0537668951 -0.186083198 0.09818694 0.015792992 0.0143834883 -0.134649515 -0.0781591833 -0.0476465635 -0.0957475528 0.0489395261 -0.0829109251 0.0221961737 -0.114986248 0.0176492129 0.160887942 0.00920255762 -0.023750525 0.0193762742 0.0905848742 -0.0366583876 0.0914099738 -0.0179424826 -0.0486465618 0.111124106 0.0398385748 0.0575620532 0.0135620367 0.0364910364 0.085555315 -0.0589282177 -0.0149299083 0.0658463538 -0.0816027299 -0.037081033 0.0616414025 0.0262268614 0.0246739499 0.183682218 0.137200788
G796 0.0964830145 0.0273543298 -0.0560952537 -0.0187472403 0.00187673315 -0.0326667577 0.0362987816 -0.00162404811 0.00307468837 0.0280092619 -0.00178879942 0.0291014761 -0.0715589449 -0.00594200566 -0.0627032369 -0.00260229944 0.105088778 0.0353960842 -0.0762320831 -0.159270778 -0.0812545568 0.0106686 -0.0250448547 -0.140105218 -0.00522376969 0.00642564148 -0.211760357 0.129191592 -0.0626079962 -0.0231861062 0.0086077014 -0.118081719 -0.0460458547 -0.0505166836 0.0531954989 -0.0305629615 0.0623791106 -0.116695568 -0.00212586788 0.177321956 -0.0246765669 -0.106321126 -0.0351316109 0.0843414962 0.045210734 0.0123214368 -0.00511375023 -0.0605501346 0.0556593575 0.0419276953 0.000820985122 0.04122255 0.000512184692 0.131052494 0.024049649 -0.01394004 0.131605744 0.0196979307 -0.00916086324 -0.00456065591 0.0348051451 -0.0306398552 0.0602838919 0.0700618029
G797 0.108042888 0.0387148187 -0.030308174 0.0546153858 -0.0264455862 0.0312721021 0.0355980285 3.66515924e-05 0.0112791108 0.0769125372 -0.132257476 0.0393114276 -0.0596946701 -0.0590138026 -0.215183735 0.0132627115 0.133235306 0.0090116784 -0.00310908211 0.118265338 0.116167426 -0.0221137125 0.0481322184 -0.0819011703 0.0158054922 -0.140008256 -0.187899709 0.0150247337 -0.00515738083 0.00172515633 -0.0678871125 0.00525927171 -0.0600774474 0.0383549444 0.0309733059 -0.0807529837 -0.122125804 -0.0970608965 -0.0315456577 0.0902739614 0.0844416022 -0.0426994227 -0.0514935888 0.00400303258 -0.0695042685 -0.00763766654 -0.0528639033 -0.0938480124 0.0231778044 0.0452232957 0.0533407703 0.0537311621 0.0349953622 0.0546523444 -0.074077867 0.0420431383 0.0104734125 -0.0226501618 0.0887430608 0.0498802885 -0.0524767116 0.0523699634 0.0986862481 0.150658503
G798 0.0889604241 0.0361625366 -0.02861063 0.0207171384 -0.0184300262 0.031500794 0.0145869413 -0.00162568386 0.043598339 0.00490384595 -0.0349674188 0.0281945542 -0.0679776296 -0.0250246916 -0.105227537 -0.0348090045 0.113621749 0.00961442385 -0.0369416438 -0.0624713637 -0.0123430109 0.0362391286 -0.0225117616 -0.142764509 0.00803364906 -0.0510706194 -0.207760453 0.088903673 -0.0658748597 -0.0339233316 0.0425966233 -0.082330808 -0.0511566289 0.0266962647 0.0404838808 -0.0294200499 -0.019455431 -0.087216273 -0.0227940492 0.137767255 0.00863573328 -0.123937458 -0.0710578933 0.0339756086 0.0405026004 -0.0391433537 -0.0261799339 -0.0833952874 0.012904752 0.039780993 -0.00752850855 0.0691445246 -0.00584145728 0.116145194 0.0274663679 0.00446275342 0.103627056 0.0489216112 0.0549112223 -0.00651601562 -0.0162050761 -0.0184032023 0.021254193 0.0875631273
G799 0.0579172298 0.0425257348 -0.0863673761 0.0240753293 0.0172988418 -0.120101988 -0.0131538641 0.0836860687 -0.0572342761 0.0701962858 -0.0462717004 0.0952834338 -0.0846128613 0.0163495857 -0.0863962471 -0.0282809846 0.0577322841 0.0441330448 0.0177778024 0.000958823948 -0.005445763 0.0253599621 0.0647636354 -0.0485752039 0.0457731336 -0.00288365688 -0.20628494 0.143830642 -0.0787193775 0.0132016772 0.027604254 -0.067668885 -0.0901024416 -0.0455878712 0.0967847705 -0.0406455807 -0.0123198628 -0.136042893 -0.0442915335 0.0941386595 0.0656792447 0.0334882475 -0.0288100559 0.138459563 -0.0597900413 -0.012472217 -0.0198543705 -0.0678383857 0.0320653394 0.00950562395 0.00829734839 0.0271328297 0.0299331881 0.127896398 -0.012965044 0.046307046 0.0312300231 0.0974520594 0.0916601345 0.0173699763 0.0469629876 -0.0154305147 -0.00771682477 0.0746145025
G802 0.0562290065 0.0446588174 -0.0822765827 0.0329007804 0.0132079059 -0.10811308 -0.0208741203 0.0819326341 -0.0517603271 0.067587696 -0.0557370298 0.0981418863 -0.0804446116 0.0123133752 -0.0928909183 -0.0428054444 0.0504863374 0.0367094316 0.0321438015 0.0288468171 0.0155124022 0.0346580744 0.0579140261 -0.0507374033 0.0456079021 -0.014968548 -0.207288444 0.132755607 -0.0783445239 0.0129529592 0.0412673913 -0.0517038964 -0.0916045904 -0.0272396002 0.0929293185 -0.0371451639 -0.026989622 -0.131777897 -0.0456913635 0.0809985325 0.0757923499 0.0314805582 -0.0332740247 0.128347144 -0.0623390749 -0.0258074328 -0.0267959088 -0.0746055916 0.0225971546 0.0135468692 0.00894844439 0.0337807015 0.0330950134 0.122607 -0.0194834471 0.0488975868 0.0220690519 0.102231637 0.11144691 0.0163010154 0.0355018117 -0.013019626 -0.0255667046 0.0720832869
G805 0.100381784 0.0282721575 -0.0679306686 -0.0314934924 -0.00974526349 -0.0639662668 0.0839571431 -0.00191004458 -0.0405885279 0.0903968066 -0.0596308894 0.0402714051 -0.0849812701 0.00200958294 -0.144445315 0.0702228993 0.1238131 0.0427001975 -0.0766670853 -0.0728690624 -0.0224211235 -0.068107143 0.0552034713 -0.0631448254 0.0024432335 -0.0546226017 -0.186284184 0.0966092348 0.0155638782 0.0154812215 -0.13473317 -0.0772914737 -0.0467977189 -0.0973174721 0.0496627502 -0.0824619606 0.022192765 -0.116530053 0.0157716405 0.160025269 0.00959815644 -0.0210724622 0.018939741 0.092259407 -0.0364737101 0.0915121585 -0.0189876352 -0.0477091968 0.110713288 0.0383925214 0.0586047061 0.0129516283 0.038578216 0.0860189646 -0.0577168353 -0.0147235962 0.0649720803 -0.0796915814 -0.0366733484 0.0637904704 0.0281720199 0.0246591978 0.184503019 0.135971218
G806 0.0982295424 0.0290948898 -0.0541855693 -0.0192066282 0.00260085589 -0.0299700499 0.0391361117 -0.00571773015 0.00380058098 0.0244924482 -0.00300863711 0.0272743199 -0.0692351609 -0.00413466012 -0.0632457361 -0.00482685491 0.105470993 0.0327668563 -0.0760417357 -0.159456432 -0.081405744 0.0134296007 -0.0311623216 -0.143104479 -0.00457680505 0.00844349992 -0.212502852 0.131708041 -0.0633125156 -0.0249704663 0.00748825632 -0.119606428 -0.0474113002 -0.0477779545 0.0531227365 -0.0324283727 0.0623123422 -0.113769479 0.000682279642 0.178771615 -0.0254143309 -0.111849129 -0.0350707434 0.08182583 0.0450516157 0.0123874992 -0.00312142423 -0.0608645827 0.0574536808 0.0447038449 4.3752545e-05 0.0424631126 -0.00191597815 0.130934536 0.0220729746 -0.01485069 0.134202063 0.0157846417 -0.00998207368 -0.00769675989 0.0310656279 -0.0288184918 0.0587183945 0.0714135244
G807 0.107525483 0.00848659221 -0.0622944497 -0.0252546258 -0.00554791372 -0.0686625838 0.0943503305 -0.0310332589 -0.064754948 0.0955315158 -0.0601425357 0.0355169289 -0.0854634717 -0.00142218021 -0.150480956 0.0527017973 0.122576833 0.0151872141 -0.069620423 -0.0764887556 -0.0176705383 -0.0624008849 0.0630878583 -0.0726115704 -0.0016370985 -0.0632227808 -0.180382684 0.0868747681 0.0122847697 0.0241458714 -0.125604481 -0.0524546467 -0.0516207404 -0.0824116766 0.059399996 -0.0887322649 0.0248280037 -0.102242351 0.0146636544 0.148876294 0.000900007144 -0.0311902221 0.0286430009 0.0617149845 -0.0193363465 0.0958611965 -0.0207373351 -0.0442129597 0.104881413 0.0465323366 0.0723859072 0.00175700022 0.0473553836 0.084963344 -0.0567395911 -0.0113820741 0.0561893433 -0.0847801939 -0.0391720794 0.0537655428 0.0280554853 0.048737485 0.18629083 0.102489993
G808 0.100472048 0.0283093192 -0.0679472536 -0.0314589925 -0.00973274373 -0.0640740097 0.0840273872 -0.00202848366 -0.0406956449 0.090353705 -0.0596407726 0.0401316285 -0.0849553719 0.00190286175 -0.144441739 0.0701142475 0.123778246 0.0427101217 -0.0766910687 -0.0728654265 -0.022305686 -0.0681731328 0.055009786 -0.0631580204 0.00245751371 -0.0544610023 -0.186393574 0.0967042074 0.0155712245 0.0154911876 -0.134766728 -0.0772603303 -0.0468995757 -0.097309649 0.0496182144 -0.0824392438 0.0222400948 -0.116582207 0.015873991 0.160091415 0.00954706781 -0.0211268105 0.0189578906 0.0921773985 -0.0364538059 0.0915683657 -0.018986294 -0.0477127954 0.110864371 0.0383916274 0.0585233383 0.0130521068 0.0385712311 0.0860620067 -0.0578685328 -0.0146727432 0.0650272444 -0.0798484832 -0.0366725549 0.0637524351 0.0282061081 0.0246455837 0.184445739 0.135959253
G809 0.0979568586 0.0292059761 -0.0540513098 -0.0193172246 0.00261605694 -0.0303577613 0.0389011577 -0.00570247928 0.00391993579 0.0243375283 -0.00294905109 0.0275220573 -0.0689365119 -0.00416193157 -0.0635396391 -0.00491549494 0.105738968 0.032756418 -0.0758549646 -0.159693599 -0.0815406293 0.0132752322 -0.0313436836 -0.143246278 -0.00389786623 0.00864655711 -0.212401986 0.131689608 -0.0632983372 -0.0246907733 0.00752463751 -0.11944291 -0.0472484939 -0.0475325063 0.0533460528 -0.0322294012 0.0624717847 -0.114174776 0.000602390093 0.178851649 -0.0255828295 -0.111588277 -0.0352466442 0.081608437 0.044864241 0.0123500805 -0.00335993781 -0.0611449145 0.0575082004 0.044578366 0.000123927384 0.042271737 -0.00173542602 0.130795032 0.0220467933 -0.0146911312 0.134408519 0.0159934442 -0.00968229491 -0.0078474544 0.0312648416 -0.028933296 0.0585068464 0.0718914121
G810 0.0581198521 0.042473454 -0.0864335448 0.0241115186 0.0173207652 -0.120176516 -0.0131990155 0.0836431384 -0.0573697314 0.0706142783 -0.046289213 0.0953059569 -0.084738642 0.0162735656 -0.0862751529 -0.028249111 0.0576805808 0.0441458486 0.0178614501 0.00104302238 -0.00547033967 0.0252972636 0.0649185926 -0.0484290533 0.0455931835 -0.00286675734 -0.206347823 0.143779486 -0.0789143071 0.0132065043 0.0276452191 -0.0677374154 -0.0901034772 -0.0457001776 0.0968557149 -0.0408351645 -0.0122926617 -0.136169627 -0.0443725772 0.0942410156 0.0658538416 0.0334775113 -0.0288460478 0.138631552 -0.0597372875 -0.012425568 -0.0197318364 -0.067745544 0.0320576727 0.00962185301 0.00830220152 0.0270139631 0.0301073138 0.127979487 -0.0130608007 0.0463565029 0.0310991686 0.0974123701 0.0915190428 0.0174294021 0.0469010919 -0.0154273715 -0.00767140416 0.0744937137
G813 0.0580803566 0.042561885 -0.0863980427 0.0240704827 0.0172939394 -0.120287783 -0.0131750302 0.0836816281 -0.0574309491 0.0703659132 -0.0464812592 0.0953741521 -0.0847219378 0.0163896903 -0.0862381905 -0.0282743424 0.0576345921 0.0440221764 0.0179629773 0.00139551214 -0.00539072929 0.025304405 0.0649219751 -0.0483448133 0.0456712395 -0.00281566638 -0.206397966 0.143911585 -0.0789086968 0.0132783242 0.0276083406 -0.067689389 -0.0901645347 -0.0456337519 0.0968595818 -0.0409020744 -0.0124811595 -0.136051923 -0.0443582311 0.0940818787 0.0659877583 0.0337070562 -0.028845204 0.138655499 -0.0600086711 -0.0124744605 -0.0198027976 -0.0677397624 0.032154765 0.00949491095 0.0083686905 0.0270833522 0.0300623253 0.128038928 -0.0131552471 0.0464786701 0.0310430098 0.0974316373 0.0916829184 0.0175369997 0.0469102152 -0.0153128877 -0.00773148192 0.0743850097
G816 0.0567783192 0.0419380851 -0.087516509 0.0234825481 0.0178130604 -0.119631037 -0.0137943281 0.0846324489 -0.0564772747 0.0705366731 -0.0460593477 0.0971628204 -0.0853202119 0.0160654243 -0.0869100019 -0.0275538545 0.0571608208 0.0439073406 0.017787559 0.000599913357 -0.00628528511 0.0245418046 0.0656171069 -0.0477090478 0.0462522358 -0.00436706189 -0.20376724 0.142261878 -0.0787623599 0.0145805506 0.0280511416 -0.0649236217 -0.089970313 -0.0462698936 0.0961549431 -0.0401172601 -0.0129293231 -0.136214688 -0.0441498645 0.0926910937 0.0655851662 0.0334688649 -0.027721554 0.139574766 -0.058962632 -0.0118216127 -0.0213312972 -0.0683590546 0.0319013745 0.0087880576 0.00887119584 0.0268138424 0.0307550859 0.127151355 -0.0111729726 0.0465108044 0.0301279053 0.0968078822 0.0924821943 0.0174251162 0.0479274206 -0.0162043516 -0.00732592586 0.0754133388
G819 0.0521739684 0.0379615203 -0.0805038512 -0.0306364782 0.034131296 -0.119367935 0.0999994874 0.060606949 -0.0866369233 0.112786591 -0.0375322588 0.090272598 -0.116479285 0.0834578946 -0.181438059 0.075430423 0.117212139 0.0365798511 -0.0214766227 -0.0655497834 -0.0151699027 -0.0276289545 0.155639723 -0.0365513749 0.0685505345 -0.0417342782 -0.165988475 0.168613732 -0.006010151 0.0154193081 -0.148645863 -0.112267025 -0.0703244135 -0.128611907 0.138162211 -0.102132507 0.0238054488 -0.0694452003 0.0117050372 0.115456097 0.0558537804 0.0330077298 0.0506726503 0.128073677 -0.120134987 0.130522937 0.0159310214 -0.0527087562 0.0955989063 0.0263809487 0.0403963439 -0.0122145722 0.0350216366 0.0952402577 -0.0584087819 -0.00784632005 0.0126914503 -0.00445106346 -0.0442053005 0.0465075262 0.0263599306 0.041885823 0.180602476 0.187234044
G822 0.052630838 0.0381270237 -0.0790354386 -0.0307732504 0.0336861648 -0.121076152 0.0996614546 0.0591852069 -0.0881032646 0.112546489 -0.0378023945 0.090145573 -0.114445888 0.0826392099 -0.182195798 0.0738634914 0.118670255 0.0363312289 -0.0204246119 -0.066486612 -0.0148621676 -0.0275066905 0.153138399 -0.0371425934 0.0709467605 -0.0401000753 -0.167200848 0.169529229 -0.00719036208 0.0155751109 -0.149140581 -0.112998895 -0.0698174089 -0.126575276 0.139390036 -0.102254875 0.0250391588 -0.0713185593 0.0115063582 0.116695866 0.0550561771 0.0326629356 0.0501087308 0.125569075 -0.121415302 0.129977688 0.0156272557 -0.053356111 0.0968045443 0.0265618917 0.0403343551 -0.0125792082 0.034726575 0.0948646963 -0.0601448938 -0.00687167933 0.0138325533 -0.00528894784 -0.0436505973 0.0453328863 0.0259243846 0.0432193205 0.179103658 0.188106671
G825 0.0618362762 0.0390728153 -0.0805485472 -0.0288943648 0.0333310813 -0.128792942 0.0987423882 0.0541870594 -0.0905310363 0.11827977 -0.0395113192 0.0868369788 -0.11202652 0.0755345002 -0.180572823 0.0731958449 0.117961563 0.0402264483 -0.0197981782 -0.0663082227 -0.01269658 -0.0319848731 0.147474691 -0.0372599326 0.0690385848 -0.037107151 -0.171757475 0.171140149 -0.0109348884 0.0156510584 -0.150339782 -0.111082688 -0.0711298212 -0.125764742 0.137831345 -0.10390614 0.0260572713 -0.0792843699 0.0107197864 0.120899551 0.058224801 0.0340514407 0.0500103831 0.126722708 -0.122083932 0.128869131 0.0160817932 -0.0512776189 0.0998768955 0.0274080057 0.0408712737 -0.00946811307 0.0384682566 0.0972928479 -0.0649150535 -0.00295843999 0.0161602423 -0.0102469623 -0.0420078672 0.0467555933 0.0289996061 0.0437084809 0.177146435 0.183122754
G828 0.0618435144 0.0392981619 -0.0798855722 -0.0285339989 0.0330232196 -0.127906188 0.0992063358 0.0538527779 -0.0906514674 0.117806986 -0.0396445245 0.0863699764 -0.111752145 0.0762786344 -0.180290997 0.07238812 0.118397653 0.039876692 -0.0201401599 -0.066004023 -0.0123640811 -0.0309885573 0.146956369 -0.0379048288 0.0684772432 -0.0365845263 -0.17213437 0.171786457 -0.0105769476 0.0149661452 -0.150402859 -0.1120819 -0.0712556392 -0.125457436 0.137910068 -0.104724981 0.0261059832 -0.0786175355 0.0109242229 0.121108979 0.0583403483 0.0332010724 0.0503763668 0.126176506 -0.122137122 0.128933728 0.0167707745 -0.0510768145 0.100112431 0.0282199867 0.040656928 -0.00918578543 0.0375459269 0.0969226733 -0.0654386133 -0.00361911766 0.0161832087 -0.0106130317 -0.0424056835 0.0465232395 0.0278522782 0.0445309654 0.176993668 0.183326155
G831 0.0191317759 0.0900353342 -0.0892179087 -0.0298468545 0.0394048281 -0.100952134 0.0602716841 0.00588543434 -0.052048862 0.12808606 -0.0736985356 0.119441539 -0.00752714649 0.0248321295 -0.139192805 -0.047667142 0.0236157533 0.0667077675 0.0246539768 0.00339240953 0.0240296796 0.00528401742 0.0370838791 -0.0983661339 0.0409643278 -0.0908711627 -0.173611432 0.105323941 0.0161775108 -0.00229243748 0.0080520222 -0.0436391719 -0.0593545064 -0.00418644678 0.10721869 -0.0631183162 -0.0271318555 -0.133872598 0.0544720069 0.117398925 0.112465605 0.0343814343 0.0936054289 0.0602495819 -0.0665470213 0.0134989871 -0.0258820243 -0.104808711 0.0403826311 0.113466695 0.0549418479 0.00594487134 0.0708505735 0.0776080489 -0.114853203 -0.0396440402 -0.00133352587 -0.0324767716 0.0470778532 0.0374641977 -0.0427597426 -0.00446669664 -0.0136247007 0.113334447
G834 0.113029845 0.0290554091 -0.0219905209 0.020607749 -0.0273811538 0.0405882634 0.00386075303 -0.0273105819 0.0766089186 0.0206507482 -0.0387127995 0.0232010446 -0.0674151033 -0.046670638 -0.0963543877 -0.033673387 0.118808426 0.0356841311 -0.0564491227 -0.0933646485 -0.0165105127 0.0233862549 -0.0373326987 -0.158864543 -0.0116993655 -0.0576994382 -0.218457475 0.0731170923 -0.0579816252 -0.0448096842 0.0517902598 -0.102345861 -0.0424119458 0.043935705 0.0316863209 -0.028576253 -0.0198061652 -0.114607975 -0.0284470562 0.184053347 0.0141594466 -0.135053396 -0.0820529684 0.0250791386 0.0701210424 -0.0650288016 -0.0302203875 -0.0791749135 -0.00978870504 0.0513411351 0.00209887372 0.0789422095 -0.0036906891 0.117671452 0.0361315608 0.00277245557 0.127967149 0.0425727665 0.050340537 0.00288365455 -0.0104817385 -0.016094977 -0.00464917533 0.0840408951
G835 0.121641144 0.0248744264 -0.0139264446 0.0549302474 -0.0455778688 0.0644567609 -0.0232914556 -0.0269938502 0.101064175 0.0358818024 -0.0539816059 0.0200004224 -0.0634844005 -0.0795293227 -0.122805983 -0.0437598675 0.138270929 0.0392750241 -0.041033674 -0.0577183589 0.0241720751 0.0186815169 -0.0425199568 -0.158887222 0.000203399279 -0.0748522207 -0.214372292 0.0408520959 -0.0649133697 -0.0362134874 0.0668962374 -0.0754319876 -0.0492516272 0.0848656297 0.0273645762 -0.0308973901 -0.0524096265 -0.131207436 -0.051711414 0.172194034 0.0251211151 -0.145497546 -0.110406242 0.00840590708 0.0737740099 -0.089999117 -0.0410781242 -0.0928365365 -0.0345426165 0.0556899644 -0.0057195914 0.0928939581 0.00940359849 0.108099051 0.03636536 0.020634234 0.120847061 0.0571502633 0.0937573761 -0.00587411225 -0.0296363421 -0.0121510224 -0.0222136378 0.106782533
G836 0.121974654 0.0246877018 -0.0141021889 0.0550449938 -0.0457112566 0.064098604 -0.0234070197 -0.0268233437 0.100733899 0.036229264 -0.0539754592 0.0199548639 -0.0637360513 -0.0798860192 -0.122492552 -0.0436347649 0.13802737 0.0395825729 -0.0411209911 -0.0575940497 0.0245155599 0.0184022468 -0.042228017 -0.15845865 -9.89758701e-05 -0.0748120099 -0.214724377 0.0407537147 -0.0648895353 -0.0362318568 0.0667774826 -0.0754542276 -0.0492000803 0.0845956355 0.027389802 -0.0308967773 -0.0523581579 -0.131493837 -0.0519090779 0.17219463 0.0251575634 -0.145153642 -0.110436462 0.00859926734 0.0738649964 -0.0898708776 -0.0411514528 -0.0926229656 -0.0344100483 0.0554616675 -0.0056170919 0.0929295421 0.00957309175 0.108242534 0.0363826603 0.0206776001 0.12068601 0.0572246909 0.0937325135 -0.00541925337 -0.0293754693 -0.0119677782 -0.0220705159 0.106395587
G837 0.121655777 0.0249139518 -0.013880685 0.054966677 -0.0455842987 0.0644878 -0.0232682675 -0.0269968342 0.101041995 0.035852816 -0.0540204756 0.0199773852 -0.0634660199 -0.0794784948 -0.122829847 -0.0437978394 0.138272732 0.0392232649 -0.0409747809 -0.0575878769 0.024225546 0.0187567361 -0.0425236337 -0.158920988 0.000205300559 -0.0748617649 -0.214401588 0.0409092717 -0.0649654865 -0.0362503007 0.0669181272 -0.0754664987 -0.0492559858 0.0849151015 0.0273842625 -0.0309530292 -0.0524503477 -0.131131306 -0.0517173931 0.172155753 0.0251668431 -0.145511225 -0.110441849 0.00836710725 0.0737192705 -0.0900327638 -0.0410343669 -0.0928329006 -0.034551695 0.0557191335 -0.0057332986 0.0928949788 0.00935869105 0.108112514 0.0363120437 0.0206564125 0.120813228 0.057166297 0.0937781557 -0.00589859951 -0.0297190696 -0.0121099595 -0.0222161245 0.106795758
G838 0.121960849 0.0247422736 -0.0140431682 0.0550787859 -0.0457069278 0.0641467571 -0.0233698655 -0.0268354509 0.100724123 0.0361571908 -0.0540093295 0.0199230462 -0.0637033582 -0.0798172876 -0.122539498 -0.0436851755 0.138042435 0.0395140238 -0.0410626046 -0.0574768148 0.0245642215 0.0184883829 -0.0422576256 -0.158520773 -6.91230453e-05 -0.0748134702 -0.214740053 0.0408239737 -0.0649208054 -0.0362706706 0.0667990446 -0.0754871666 -0.0492119491 0.08465942 0.027399119 -0.030936975 -0.0523992553 -0.131404191 -0.0518943742 0.172156096 0.025184866 -0.145180166 -0.110465705 0.0085329162 0.0737995952 -0.0899065137 -0.0411083177 -0.0926373228 -0.0344119966 0.0554904602 -0.0056440183 0.0929391682 0.00950818323 0.108247638 0.0363255478 0.0206977408 0.120666131 0.0572347529 0.0937613323 -0.00547273038 -0.029463185 -0.0119400444 -0.0220798906 0.106434621
G839 0.121614374 0.0250023101 -0.0141930655 0.0543793887 -0.0454383194 0.0640646666 -0.0232695583 -0.0272775013 0.101138607 0.0358372331 -0.0539710149 0.0203195475 -0.0632724613 -0.0797226951 -0.122480899 -0.0438476615 0.137954295 0.0394937433 -0.0412129909 -0.058276739 0.0237375684 0.0183269046 -0.043170277 -0.158858195 0.000204144613 -0.0746671557 -0.214288607 0.0408458225 -0.0646471605 -0.0359871723 0.0672166944 -0.0751833469 -0.0492008701 0.0846323073 0.0272909719 -0.0306118894 -0.0520792678 -0.13149403 -0.0511875711 0.172468081 0.0249200109 -0.145443425 -0.109980784 0.00861167721 0.0740420371 -0.0899095312 -0.041428186 -0.092966862 -0.0343361422 0.0557365306 -0.00559887476 0.0929054618 0.0097097978 0.108132005 0.0363636054 0.020376265 0.121055543 0.0566806085 0.0936216787 -0.00582325598 -0.029365845 -0.0124015305 -0.0226361267 0.106583118
G840 0.121922649 0.0247701742 -0.0143284071 0.0545838252 -0.0456372052 0.063792184 -0.0233933218 -0.0269757435 0.100801021 0.0361867473 -0.0539612323 0.0202420857 -0.0635213107 -0.0799531639 -0.122125231 -0.0437328629 0.137707815 0.0398346037 -0.0413452014 -0.0580608025 0.0241860561 0.0182220731 -0.042792879 -0.158531308 -0.000234100051 -0.0746276751 -0.214694232 0.0407989919 -0.0645085648 -0.0361093059 0.0670949519 -0.0753382519 -0.0491360798 0.084360905 0.0272984449 -0.030687131 -0.0520085879 -0.131725863 -0.0514509194 0.172431141 0.0249518938 -0.145046145 -0.109964989 0.00883358158 0.0740954205 -0.0897985399 -0.041373346 -0.0927082375 -0.0342740081 0.0556039102 -0.00545702968 0.0929881632 0.00975406915 0.108244404 0.0363605544 0.0203257147 0.120841958 0.056876488 0.0936308131 -0.00535081886 -0.0291901957 -0.0120787546 -0.0224570539 0.106177069
G841 0.122178532 0.0246348213 -0.0141058397 0.0551082194 -0.0457385667 0.0646373779 -0.0231436882 -0.0268773269 0.100762948 0.0362798981 -0.0540648624 0.0197737664 -0.0639361292 -0.079699032 -0.122247092 -0.0435823761 0.13789323 0.0395166427 -0.0412824377 -0.0573847666 0.0245290659 0.0186937302 -0.0421191677 -0.158473492 -0.000705612299 -0.0750203282 -0.214749798 0.0408004299 -0.0648922548 -0.0365566127 0.0667797029 -0.0757227615 -0.0493254699 0.0845157802 0.0271780007 -0.0311540514 -0.0525505394 -0.130985752 -0.0518223718 0.172157571 0.0253467578 -0.145497993 -0.110295996 0.00876068976 0.0740446523 -0.0899395943 -0.040847525 -0.0923867449 -0.0345703475 0.0556992777 -0.00569108501 0.0931148231 0.00929671712 0.108319089 0.0363978036 0.0204644315 0.120575793 0.0570738651 0.0934899971 -0.00536796823 -0.0297299195 -0.0118259694 -0.0219395142 0.10603971
G842 0.122056738 0.0246741511 -0.014100384 0.0550430156 -0.0457312353 0.064000845 -0.0234529655 -0.0268486962 0.100698404 0.0363004953 -0.0539673753 0.0199418832 -0.0637081265 -0.0799611732 -0.12243738 -0.0436316505 0.137994021 0.0396467522 -0.0411364846 -0.0576545745 0.0245318972 0.0183582511 -0.0422725305 -0.158450142 -0.00012451291 -0.0747912377 -0.214807451 0.0407500006 -0.0649204329 -0.0362462215 0.0667825267 -0.0754733607 -0.0491731465 0.0845908597 0.0274129491 -0.0308727752 -0.0523142628 -0.13159278 -0.051936537 0.172255442 0.0251349453 -0.145124555 -0.110494539 0.00860184617 0.073888272 -0.0899039805 -0.0411739871 -0.092607893 -0.0344207399 0.0554589778 -0.00559550617 0.0929137766 0.00961033814 0.108261473 0.0363818072 0.0206993259 0.120724395 0.0572246946 0.0937160701 -0.00538218208 -0.0293433946 -0.0119434474 -0.022120906 0.106343716
G843 0.120627582 0.0230519753 -0.0161459632 0.0550395101 -0.0462810248 0.0619847439 -0.025848221 -0.0229516327 0.100443572 0.0397013873 -0.0526516065 0.0214195065 -0.0665434822 -0.0810567811 -0.121105112 -0.0411338881 0.137338042 0.042016726 -0.042139139 -0.058382716 0.0244295653 0.0153808743 -0.036370866 -0.156167582 -0.00179447758 -0.0769704878 -0.213700116 0.0380579717 -0.0642010421 -0.0348412469 0.0676999837 -0.0742183998 -0.0479484946 0.0818776339 0.0271227714 -0.0293526929 -0.0521142408 -0.133993328 -0.0545463599 0.170915857 0.0257535502 -0.140209973 -0.110074446 0.0116565535 0.0747135952 -0.0895724744 -0.0429755189 -0.0920255482 -0.0360487178 0.053054139 -0.00473645981 0.0920789987 0.0114729293 0.108770333 0.0391835906 0.0207083412 0.118988521 0.0605047494 0.093918629 -0.00189309951 -0.0255062561 -0.0136255687 -0.0204656869 0.103813216
G844 0.120362587 0.02319346 -0.0159888677 0.0549919046 -0.0462206863 0.0617298409 -0.0260275081 -0.0230513792 0.100598961 0.0395841934 -0.0525912344 0.021541765 -0.0661282837 -0.08094877 -0.121405914 -0.0413165726 0.137588188 0.0419300199 -0.0419762172 -0.0586096123 0.0242653098 0.0154479304 -0.0367427133 -0.156571284 -0.00124127057 -0.0767130405 -0.213613078 0.0381924361 -0.0642602667 -0.0346401483 0.0677975044 -0.074146308 -0.047883153 0.0821488425 0.0273042452 -0.0292412508 -0.0519177206 -0.134297982 -0.0545465499 0.171062157 0.0256096255 -0.14013885 -0.110206947 0.0114278039 0.0744913295 -0.089652665 -0.0430350713 -0.0923206806 -0.0360464528 0.0532089137 -0.00470786262 0.0919256285 0.0115529355 0.108643338 0.0390086323 0.0208301637 0.119218595 0.0606158748 0.0941064283 -0.00222148467 -0.0254977066 -0.0137487091 -0.0207439121 0.104347631
G845 0.0332569331 0.0680457577 -0.102053933 -0.0345180593 0.0295318905 -0.0977752134 0.0501367189 0.0153853558 -0.048783429 0.113389976 -0.0897682682 0.13256374 -0.0188965295 0.013159629 -0.138570487 -0.028923301 0.0239718948 0.0639116019 0.00800340157 0.011413374 0.0251954477 -0.0209991634 0.0307664778 -0.0708234087 0.0349635966 -0.0936874896 -0.164273888 0.0753735453 0.0414629132 0.0237672292 -0.00399778131 -0.0017215705 -0.0673077032 -0.036379151 0.0865070149 -0.0400158949 -0.0258268975 -0.127575412 0.0557706282 0.096652627 0.0765398294 0.0371448398 0.0842298716 0.0873521045 -0.0578927174 0.0315813832 -0.063811481 -0.103320107 0.0507029444 0.0888188556 0.071010448 0.00869878754 0.0739726946 0.0646921918 -0.0933521613 -0.0383048132 -0.00285628601 -0.0379797034 0.0643920228 0.0544336252 -0.0135928765 0.0136746885 -0.00726054702 0.114544682
G848 0.0971582755 0.0256482493 -0.0233277977 0.0182866883 -0.0289129317 0.0463626459 0.00250207004 -0.0219764467 0.0797604173 0.01587056 -0.032191705 0.0308621079 -0.0713380352 -0.0455573201 -0.101429224 -0.0302550271 0.122334562 0.0323490426 -0.0594383739 -0.104355969 -0.0179483052 0.0198654905 -0.0313860737 -0.149853945 0.00169803516 -0.0616091006 -0.206507847 0.0629191399 -0.0468578376 -0.0343529284 0.0531600825 -0.0880784765 -0.0436155722 0.0416935198 0.0371469185 -0.0234603863 -0.0195417795 -0.108123884 -0.0270162504 0.175783336 0.00395866856 -0.138656363 -0.0808135048 0.0260770712 0.0755424127 -0.0584324636 -0.0388247594 -0.0818679184 -0.00861201994 0.0445426591 -0.000973563874 0.0750151575 0.00399365555 0.109708495 0.0508711152 -0.006052176 0.125219777 0.0492777415 0.0546921827 0.000709243119 -0.00921840314 -0.0212291479 0.000934476149 0.0940430164
G849 0.122150511 0.0248717591 -0.0141252913 0.0545649901 -0.0454982556 0.0643134862 -0.023214981 -0.0271149073 0.101374023 0.0360459276 -0.0538831204 0.0198551156 -0.063771449 -0.0792289823 -0.121947661 -0.0435123853 0.137888804 0.0392981991 -0.0416815057 -0.0585963875 0.0239277668 0.0182566084 -0.042735666 -0.159469858 -0.000608719769 -0.0747571439 -0.214384452 0.040912766 -0.0648837611 -0.0364060886 0.0667209178 -0.0757942349 -0.0492651947 0.0847639516 0.0271915253 -0.0312104542 -0.0522208363 -0.131244004 -0.0515461378 0.172543332 0.0249439161 -0.145732611 -0.110186554 0.00883455854 0.0744035095 -0.0897883102 -0.0409838483 -0.0926364288 -0.0343762897 0.0558909103 -0.00549454335 0.0932277516 0.00918445922 0.108505078 0.036931444 0.0200410448 0.121655166 0.0566922836 0.0932737514 -0.00539343338 -0.0293353535 -0.0119303241 -0.0224128291 0.105685495
G850 0.121859543 0.0249791145 -0.0139997574 0.0544556305 -0.0454807431 0.0639319569 -0.0234677475 -0.027108416 0.101489253 0.035899926 -0.0538144819 0.0200846829 -0.063470453 -0.0792586952 -0.122258738 -0.0435983986 0.138146892 0.0392890275 -0.0415073857 -0.0588504486 0.0238025878 0.0181052107 -0.0429148339 -0.15961881 6.00989988e-05 -0.0745758563 -0.21428147 0.0409000367 -0.0648624375 -0.036128331 0.0667608902 -0.0756408274 -0.049100969 0.0849725232 0.0274282862 -0.0310068745 -0.0520504862 -0.131660849 -0.0516309217 0.172632903 0.0247591753 -0.145464912 -0.110335007 0.00861846749 0.0741768554 -0.0898247659 -0.0412343591 -0.0929125547 -0.0343136042 0.0557721481 -0.00540973525 0.0930245295 0.00935921632 0.108367465 0.0369133279 0.0201951731 0.1218509 0.0568841361 0.0935186371 -0.00555269653 -0.029122984 -0.0120457569 -0.0226139128 0.106149323
G851 0.0339485444 0.067098923 -0.107664362 -0.0438459665 0.0307667349 -0.109218255 0.0543311164 0.0137246363 -0.0588212572 0.116658017 -0.084033072 0.131169528 -0.018404359 0.0193658005 -0.126083732 -0.0295433868 0.0178713854 0.0669312403 0.00366858882 0.000113967697 0.0158066265 -0.0211302377 0.0199985951 -0.0670731813 0.0293152314 -0.0788127184 -0.169377044 0.0854889452 0.0458485819 0.0265558865 -0.00929666776 -0.00678131497 -0.0669479445 -0.0534283258 0.0858291313 -0.0375779159 -0.00513062021 -0.13174662 0.0651937723 0.103115141 0.0693269968 0.0380118489 0.093638733 0.100042753 -0.0598461479 0.0434345566 -0.060030248 -0.0985684246 0.0621384047 0.0927590802 0.0697950944 0.00606476935 0.0756712332 0.0651302189 -0.103992172 -0.0434618518 -0.000936603756 -0.0479230434 0.0525875799 0.0543023087 -0.00777090248 0.00913241785 -0.00344089023 0.110531963
G854 0.0210351814 0.04803342 -0.0789355189 0.0127568878 0.0173595622 -0.113492526 -0.0192790646 0.0888194665 -0.0484572798 0.0835990757 -0.0282681454 0.106793486 -0.0884514898 0.0209407471 -0.0855747685 -0.0481853634 0.05038945 0.0393479653 0.0350853093 -0.00814053323 -0.0105302343 0.0516674444 0.0828985274 -0.0526788011 0.0438059531 -0.016070202 -0.211254969 0.148459122 -0.0898956209 -0.00692641642 0.0523484908 -0.090877749 -0.066927366 -0.0351294614 0.119417794 -0.0444619358 -0.018923942 -0.145962924 -0.0446270891 0.104930669 0.0902412459 0.0316689536 -0.0214019306 0.112907119 -0.0596337765 -0.0261315573 -0.000851429533 -0.069192104 0.012582954 0.0247090608 -0.00360630825 0.0166235473 0.0263558067 0.132119223 -0.0291095152 0.0443194583 0.0204221476 0.115583926 0.0778597891 0.0110024922 0.0230155867 -0.0414907597 -0.00746374717 0.0689738989
G855 0.091691263 0.0665644929 -0.0676112399 -0.0377527997 0.0150943128 -0.0350894108 0.0318562128 -0.00397757674 0.0205149502 0.000948813511 -0.0358275808 0.0650477111 -0.0465496182 0.00212575239 -0.0488603786 -0.0552263372 0.0528368279 0.0398521274 -0.0373651572 -0.0970945135 -0.0603184514 0.0332828239 -0.071306698 -0.139474943 -0.00608161232 -0.0143152168 -0.221613362 0.134687006 -0.0453463532 -0.04539226 0.0572711043 -0.100786172 -0.0565764681 -0.029699767 0.0449101776 -0.00858203601 0.0178022049 -0.107120611 0.0354507193 0.159524068 0.00724847289 -0.0925118253 -0.0128054805 0.0909305662 0.0292410441 -0.0185944531 -0.0306443181 -0.082985349 0.040860977 0.0613745749 0.00325566134 0.0604733601 -0.017781822 0.130658984 0.000902437547 -0.0244431011 0.112445645 0.0145518463 0.0424165837 0.00555593846 0.00435644574 -0.0246919636 -0.0386937447 0.0543615781
G856 0.0879627541 0.0866340995 -0.109598733 -0.0471325144 0.026065575 -0.0832838416 0.0643915012 -0.00282236957 -0.0212258957 0.0645888671 -0.114689 0.115683921 -0.0197066255 -0.00939244777 -0.127497986 -0.0223679524 0.0201837588 0.0630081743 -0.0142768929 0.0263973437 0.0195477493 -0.0413824357 -0.0354713388 -0.0635940954 0.0126986615 -0.0821266398 -0.189389989 0.0775543377 0.0538859516 0.00347652566 -0.0317048617 0.00218294049 -0.0770030767 -0.064224489 0.0444996655 -0.0311028045 -0.0478718914 -0.126223549 0.0811242238 0.112572894 0.0552923009 -0.00413411809 0.0668582991 0.109723978 -0.056801226 0.0471302606 -0.0799609199 -0.0987650827 0.0845738351 0.0813574791 0.0643822476 0.0347794108 0.0271036439 0.0694674775 -0.0979623497 -0.0332659446 0.0227248222 -0.0883336738 0.0699324459 0.0688667819 -0.0144683598 0.0260674246 -0.0131165339 0.111323059
G857 0.071294345 0.0230948627 -0.0339562483 -0.012239987 -0.0279839858 0.0661881715 0.0404400043 -0.03740431 0.0761271119 0.0575745516 -0.120390624 0.115680784 -0.0441995822 -0.0621401891 -0.189189255 0.0119820405 0.114836439 0.0324171521 -0.0526409484 -0.0148328841 0.0524833016 -0.0435686782 0.0235019028 -0.112167984 -0.00158240786 -0.168818772 -0.149550483 -0.0461058691 0.0558194928 0.00716262218 -0.0136297168 0.00770815648 -0.0221752729 0.0493696779 0.0345325172 -0.0225242544 -0.0779453292 -0.0928266421 0.0176332481 0.117237516 0.0417412631 -0.0677416474 -0.00654865196 -0.0111918887 0.0299604479 -0.0295432508 -0.111414313 -0.103049159 -0.0026910787 0.0682568252 0.0959483609 0.0523207374 0.0549046211 0.0460772626 -0.0115527911 -0.0453101099 0.0686634779 -0.0234939437 0.0709340572 0.069886744 -0.0230798181 0.0361514725 0.0438616499 0.132682651
G858 0.0711471364 0.0223164894 -0.0377471931 -0.0112954965 -0.0277223811 0.0678785369 0.0409223884 -0.0337516442 0.0777217969 0.0597663075 -0.119844727 0.115409866 -0.0496674292 -0.0617158338 -0.186785907 0.0151042342 0.111024372 0.0338077545 -0.0554979816 -0.0125961285 0.0536651015 -0.045319479 0.0295896735 -0.109640114 -0.00716079073 -0.17100738 -0.148325473 -0.0478654094 0.058069434 0.00681917556 -0.0129432585 0.00983935222 -0.0235715415 0.0443783961 0.0318538584 -0.0218400247 -0.0805619881 -0.0900247768 0.0173863657 0.113896318 0.0436755754 -0.0654769316 -0.00524527114 -0.00508171925 0.0328779854 -0.0275770891 -0.110812113 -0.100924738 -0.00436242018 0.0671994686 0.0959410593 0.0537749417 0.0562342256 0.0478256457 -0.00854855124 -0.0466981791 0.0660110936 -0.0217533931 0.0701579601 0.0739678293 -0.020646045 0.0331979915 0.0469476618 0.130293623
G859 0.0835250169 0.0254709665 -0.0353980176 -0.00772210537 -0.0278086755 0.0559792072 0.0427462906 -0.0469263792 0.0694605857 0.0669956654 -0.120203719 0.108858049 -0.03931088 -0.0704585388 -0.185691595 0.00688848551 0.113101408 0.0372152328 -0.0521550886 -0.0168096237 0.0566235371 -0.0469222963 0.013103486 -0.114503562 -0.00488312636 -0.163363129 -0.15716061 -0.0410128832 0.0502289794 0.00526082842 -0.0129521322 0.00958645623 -0.0248869248 0.0503760651 0.0329741985 -0.0274684709 -0.0747718886 -0.103749841 0.0184681322 0.124126889 0.0456626005 -0.0703293607 -0.00338128186 -0.0127928276 0.0302420463 -0.0297191273 -0.107191585 -0.0999433696 0.00287039625 0.073326923 0.0936922133 0.055769857 0.0586317852 0.0483179167 -0.0200178996 -0.0420101322 0.0701040775 -0.0334556252 0.0706346631 0.0688347071 -0.023593558 0.0369871892 0.0409095734 0.125311136
G860 0.0837584585 0.0244926643 -0.0372143872 -0.00862866268 -0.0278269853 0.0535853952 0.0409628078 -0.0448819734 0.0693311393 0.068959564 -0.120129101 0.110775247 -0.0413084477 -0.072525844 -0.185571298 0.00957786944 0.111810833 0.0387121662 -0.0512716062 -0.0167949274 0.0565969758 -0.0501023978 0.0168526527 -0.110941529 -0.00416061329 -0.165276513 -0.156650141 -0.043393448 0.049423106 0.00679008709 -0.0130893718 0.0116763562 -0.023946017 0.0488816984 0.0333335139 -0.0257456955 -0.0754227117 -0.105671167 0.0168051459 0.123023324 0.0462540016 -0.0666289553 -0.00416297233 -0.0105813164 0.0302312505 -0.0294862166 -0.109249167 -0.099567607 0.00233362382 0.0703710988 0.0949482769 0.0549684875 0.0613953434 0.0495880768 -0.0178653933 -0.0407201722 0.0694211721 -0.0314823352 0.0716055855 0.0711864606 -0.0202584174 0.0355727971 0.0420921743 0.123753183
G861 0.0521475822 0.0420494154 -0.0858303681 0.0279663205 0.00705581252 -0.101328522 -0.0289023686 0.0910742879 -0.0384263285 0.0728646666 -0.0496886522 0.101946056 -0.091160439 0.00855867285 -0.0919163227 -0.0315490514 0.0642431453 0.0516997278 0.0224587936 0.0186656825 0.00741583109 0.0253664926 0.0672223568 -0.0397559963 0.044299148 -0.019932963 -0.203136101 0.125743911 -0.0718736947 0.0133825876 0.0388044268 -0.0607691854 -0.085445419 -0.0405599922 0.0886619166 -0.0300274491 -0.0248873793 -0.142049357 -0.0502025448 0.0921248421 0.0739386603 0.0353629999 -0.0367741957 0.139602199 -0.0552662201 -0.022340579 -0.0311720613 -0.0729808733 0.0173815023 0.00675403373 0.00641522463 0.0326298364 0.0332423151 0.123292997 -0.0115176551 0.0492116921 0.0252157394 0.105544612 0.106202684 0.0252223853 0.0418200865 -0.0226610135 -0.0150408633 0.0845078379
G864 0.0522815436 0.0424384996 -0.085080944 0.028166417 0.00705658086 -0.101811051 -0.0287427362 0.0902545974 -0.0388634317 0.072394453 -0.0495978743 0.101348005 -0.0902292058 0.00867764093 -0.0920200124 -0.0326690599 0.0648408905 0.0513762198 0.0224227756 0.0180788133 0.0076498189 0.0257587899 0.0654629469 -0.0406727158 0.0448632017 -0.0187506117 -0.203809634 0.126733437 -0.072049737 0.0131414896 0.0387329534 -0.0614108816 -0.085594371 -0.0399301425 0.0890991613 -0.0302858073 -0.024349248 -0.142410293 -0.0499012172 0.0927037746 0.0734764487 0.0346118473 -0.0371469669 0.138483465 -0.055623062 -0.0223923977 -0.0309024174 -0.0732139722 0.0179472677 0.00738164596 0.00589851988 0.0326128751 0.0328886174 0.122908972 -0.0124408742 0.0493155383 0.0258941818 0.10500586 0.105989262 0.0245338213 0.041140303 -0.0222142246 -0.0160215162 0.0852085426
G867 0.0522005856 0.0420159325 -0.0858901218 0.0280026626 0.0070509878 -0.101356611 -0.0289156381 0.0910892859 -0.0385009162 0.0730500817 -0.0496365055 0.101888485 -0.0911768377 0.00849877764 -0.0918465257 -0.0315516405 0.0641717464 0.0517770462 0.0224366821 0.0186531171 0.00744524412 0.0253555272 0.0672176033 -0.0397085249 0.0441986993 -0.0198819079 -0.203197524 0.125750303 -0.0719108284 0.013368208 0.0388249978 -0.0608069785 -0.0854621455 -0.040650975 0.0886532888 -0.0300601851 -0.0248330999 -0.142120227 -0.0502112694 0.0921672434 0.0739270449 0.0353323855 -0.0367724672 0.139693156 -0.0552112348 -0.0223106779 -0.0311111696 -0.0729645565 0.0173854753 0.00683568418 0.00634745322 0.032614667 0.033278618 0.123306468 -0.0115751242 0.0491858944 0.0251671616 0.105521075 0.106144629 0.0252308361 0.041781608 -0.0227016639 -0.015038264 0.0845013857
G870 0.0522392429 0.0423909128 -0.0851583853 0.0281685162 0.00705863768 -0.101824097 -0.0287868641 0.0903491601 -0.0388980471 0.0725278556 -0.0495257676 0.10137485 -0.0902739614 0.00860593747 -0.0920019373 -0.0326233953 0.0647738501 0.0514646322 0.0224209633 0.0180402901 0.00764364004 0.0257029645 0.0655770898 -0.0405609049 0.0448507853 -0.0187865272 -0.203782827 0.126655295 -0.0720385537 0.0131703978 0.0387603566 -0.061379347 -0.0855519846 -0.0400215946 0.08910276 -0.0302620418 -0.0243083518 -0.142479628 -0.0499400757 0.0926726535 0.073449783 0.0346438438 -0.0371209756 0.138567656 -0.055554878 -0.0223556068 -0.0309225209 -0.0732163861 0.0179239176 0.00735712005 0.0058669704 0.0325603448 0.03294871 0.122891389 -0.0123782633 0.0492758565 0.0258149728 0.105048604 0.105977349 0.0245658867 0.0411786139 -0.0222838651 -0.0159625821 0.0852120072
G873 0.0518675111 0.0422460064 -0.0861682296 0.0275790188 0.00725345127 -0.101192452 -0.0289309081 0.0911427513 -0.0377918966 0.0727539882 -0.0497615226 0.102299027 -0.0912389755 0.00869216863 -0.0921930745 -0.0312113836 0.0641264915 0.0516757257 0.0226632059 0.0187522471 0.00690243952 0.0251728632 0.0674059913 -0.0398932174 0.0445930026 -0.0202203076 -0.20258826 0.125357136 -0.0719033778 0.0136975264 0.039025344 -0.0603128746 -0.0854860693 -0.0405460969 0.0884274319 -0.0296171699 -0.0250213575 -0.142043933 -0.0499720126 0.0920896605 0.0740963295 0.0356184766 -0.0366371647 0.140002742 -0.0552483313 -0.022438433 -0.0313268788 -0.0733066946 0.0170867108 0.00673656166 0.00659582391 0.0326270051 0.0334960893 0.123527683 -0.0113911722 0.0493039005 0.0253690034 0.105659038 0.106480896 0.0250362884 0.0421719737 -0.0233606435 -0.0150027713 0.0846910849
G876 0.0524091795 0.0424110666 -0.0852174386 0.0280728862 0.00702487491 -0.101996593 -0.0287919268 0.0902308524 -0.0389547274 0.072546877 -0.0495710485 0.101387642 -0.0902499855 0.00842686743 -0.0918339565 -0.0326754004 0.064683646 0.0515706688 0.0223683454 0.0179705489 0.00768381078 0.0255701356 0.0653873309 -0.0405026376 0.0447416902 -0.0187491141 -0.203924492 0.126645774 -0.0720141605 0.0131584303 0.0387867801 -0.0613295659 -0.0855367631 -0.0400765873 0.0890895948 -0.0301430151 -0.024223581 -0.142619804 -0.0498165749 0.09277156 0.073413901 0.0347088054 -0.0370519012 0.13857013 -0.0554582402 -0.0223331209 -0.0310560223 -0.0731907636 0.0180363003 0.00732115749 0.00594915589 0.0326439105 0.0330519825 0.122980796 -0.0124515919 0.0492507182 0.0259269848 0.104912095 0.105969399 0.0247038845 0.0412886329 -0.0222674292 -0.0160894208 0.0850080475
G879 0.0535147339 0.0426088683 -0.0843748227 0.0289250948 0.0066310158 -0.102318071 -0.0282756407 0.0896560028 -0.040041212 0.072976768 -0.049771823 0.0995959938 -0.0898474157 0.00877053477 -0.0911006406 -0.0332273133 0.0648840368 0.0517700016 0.0224689543 0.0187688638 0.00861366466 0.0264118351 0.0650878325 -0.0409476981 0.0437689982 -0.017345788 -0.206129327 0.128068462 -0.0720577985 0.0120635349 0.0384545624 -0.0638472289 -0.085921824 -0.0397916809 0.0895612016 -0.03109603 -0.0237565916 -0.142380789 -0.0502968542 0.0938176587 0.07371746 0.0348750725 -0.0379516706 0.138161346 -0.0562939979 -0.0228561871 -0.0292560458 -0.0724723786 0.0180251542 0.00823903643 0.00526038138 0.0328129493 0.0323648155 0.123637907 -0.0142988842 0.0491069704 0.0263686795 0.105644859 0.105094329 0.0246784706 0.0401688665 -0.0215033833 -0.0161259566 0.0838881955
G882 0.0522763841 0.0424776822 -0.0851392448 0.0281473938 0.00717276102 -0.101886041 -0.0287228748 0.090109773 -0.0389117673 0.0724582598 -0.0495263748 0.101266973 -0.0901212841 0.00858060364 -0.0920902416 -0.0327576734 0.0648119152 0.0513526388 0.0224698652 0.0179166161 0.00756110251 0.0256870911 0.0651901588 -0.0407262146 0.0449990667 -0.018622661 -0.203743905 0.126754612 -0.0721717924 0.013245509 0.0387701429 -0.061284598 -0.0856835172 -0.039912574 0.0890846476 -0.0302214324 -0.0242636334 -0.142517537 -0.049794279 0.0927467197 0.0733892322 0.0344205275 -0.0371819623 0.13844566 -0.0555774234 -0.0223689955 -0.0309078544 -0.0733108968 0.0179993883 0.00746936584 0.00574196409 0.0325598642 0.03297567 0.122876376 -0.01253621 0.0493978001 0.0259643402 0.104823932 0.10595531 0.0243224762 0.0411359258 -0.0223936159 -0.0161280148 0.0853294358
G885 0.0568224564 0.0430938676 -0.078518711 0.030477507 0.0078438092 -0.100387208 -0.0231109094 0.0796637014 -0.0416166149 0.0647722185 -0.0527182445 0.0968595073 -0.0856075436 0.0108923661 -0.0938218758 -0.0365397185 0.0648526996 0.0434790663 0.023398485 0.0177255981 0.00955407694 0.032094229 0.061694596 -0.0483670868 0.0432154275 -0.0181240868 -0.208096042 0.129793078 -0.0729680955 0.00854316447 0.0370881185 -0.0620109513 -0.0871602297 -0.0306441654 0.0916932672 -0.0324927941 -0.0262875073 -0.134004757 -0.0478955731 0.0932376832 0.0744665489 0.0294051338 -0.036514882 0.126923099 -0.0561113134 -0.025444733 -0.0277954005 -0.0711330771 0.0187711362 0.00943616405 0.0107067563 0.0351632722 0.0305574276 0.12390326 -0.0147656361 0.0482399017 0.0297150798 0.104068846 0.104850635 0.021297304 0.0386627056 -0.0143073285 -0.0169371255 0.0775761679
G888 0.0563067868 0.042497173 -0.0795485377 0.0300130304 0.00810354296 -0.100226752 -0.0237530768 0.0803575888 -0.0410134569 0.0653579757 -0.0526717342 0.098490864 -0.0863981396 0.0102692302 -0.0941255838 -0.0357035361 0.0643837228 0.0435300171 0.023288371 0.0173662063 0.00892163441 0.031147005 0.0627285466 -0.0472853594 0.043378029 -0.0195268895 -0.206288517 0.128224596 -0.073183693 0.00960071851 0.0372885354 -0.0597265474 -0.0867922753 -0.0313217193 0.0912977606 -0.0320113748 -0.0267777033 -0.134412512 -0.0478775911 0.092214033 0.074615024 0.0295033511 -0.035675291 0.127894461 -0.055251874 -0.0249161478 -0.0292944815 -0.0713446811 0.0187618565 0.00855612569 0.0115103861 0.0349770449 0.0315153748 0.123465717 -0.0130636524 0.048455406 0.0287966635 0.103514336 0.105483286 0.0217864942 0.0398024805 -0.0147803649 -0.0165100005 0.0780076161
G891 0.0038995503 0.0385779813 -0.0787028223 0.00116974069 0.00869810767 -0.0656519085 -0.0175674129 0.118312165 -0.0275818594 0.0380077474 -0.0390281789 0.123720638 -0.108681373 0.0594384 -0.0868704319 -0.0224856567 0.0650499091 0.0290460344 0.0123396069 0.0126588959 -0.0155898957 0.0495032482 0.0981510729 -0.0355735905 0.0463994704 -0.0316717029 -0.180397108 0.127014682 -0.0517789796 0.0108958678 0.0405819863 -0.0779024214 -0.0791970715 -0.0603057109 0.0971918255 -0.0171832517 -0.0223708563 -0.0870205984 -0.0375137925 0.0711961687 0.055527959 0.0314492323 -0.032039877 0.146415859 -0.054668393 -0.0105147781 -0.03421323 -0.0752818733 0.00597560266 3.6954084e-06 0.00641099783 0.0185347721 0.0162527114 0.116259925 0.0142002925 0.0232123137 0.0159466267 0.129047692 0.0857266635 0.0261003878 0.0302195344 -0.0272746552 -0.0010035364 0.101218477
G894 0.0886863247 0.087698862 -0.106965564 -0.0457281806 0.0248767212 -0.0848443285 0.0647965297 -0.00373863452 -0.0235443972 0.064718172 -0.114477076 0.112447478 -0.0173537061 -0.0083277123 -0.126944453 -0.024721764 0.0215109158 0.0633451641 -0.0129902167 0.0273172185 0.0211931225 -0.0393543243 -0.0370929725 -0.0656488687 0.0133426022 -0.0788684934 -0.193651557 0.080912143 0.0536453761 0.00158391893 -0.031635467 -0.00259032799 -0.0769959539 -0.062360663 0.046743691 -0.032424394 -0.0461215451 -0.126727298 0.08021155 0.114745505 0.0550432578 -0.00290024467 0.0645535588 0.107444286 -0.0595117547 0.0455114283 -0.0769766793 -0.0984366238 0.0842395946 0.0832398087 0.0629971251 0.0340001248 0.0260783136 0.0702093318 -0.101659119 -0.0331579633 0.0235757511 -0.086103715 0.068754971 0.0676427856 -0.0170391072 0.0275096688 -0.0142394314 0.110870846
G895 0.0882751793 0.0607816763 -0.0715892836 -0.0343279392 0.0143665485 -0.0398492962 0.0278523844 -0.00531917391 0.0172356516 0.00873262249 -0.0307312626 0.0666307062 -0.0435406603 -0.00281874929 -0.0508681759 -0.0558526665 0.0540610887 0.0412616879 -0.0396232307 -0.108957022 -0.0587490723 0.0292647555 -0.0789368674 -0.136565179 0.000674864161 -0.00591857592 -0.216905475 0.128093228 -0.0391794555 -0.0333186314 0.057582885 -0.086224243 -0.0608632676 -0.031029921 0.0489939861 -0.00656784326 0.0270953979 -0.114746906 0.0364196934 0.156987563 -0.00265946775 -0.0973922759 -0.0118950801 0.0945529565 0.0335318372 -0.0129550882 -0.0333150774 -0.0841391236 0.0446800888 0.0647115707 0.00048400159 0.058472544 -0.00572583312 0.1236718 0.00150358141 -0.0283882562 0.113226496 0.014155847 0.0474886335 -0.00239859126 0.00779361138 -0.0275814086 -0.0384661332 0.0602949001
G896 0.0833157748 0.0862644762 -0.113061175 -0.0582015812 0.026397666 -0.0920776799 0.0690042675 -0.00121939147 -0.0301226825 0.0643595159 -0.108683385 0.116925746 -0.0207875147 -4.87930047e-05 -0.116376102 -0.02156814 0.014685615 0.0645134747 -0.0165877435 0.0161104519 0.00981021766 -0.0399871506 -0.0385409035 -0.0576616228 0.0101645114 -0.0711933672 -0.193849921 0.0862912834 0.0599256046 0.00513470266 -0.0363719761 -0.00570900459 -0.0739006475 -0.0798466951 0.0475776605 -0.0281199962 -0.0290399659 -0.126000896 0.0887579322 0.11774148 0.0488162711 0.000197761095 0.0750401095 0.120242253 -0.0599183626 0.0576220639 -0.0768508539 -0.0942451507 0.0936967283 0.0820322782 0.0645893887 0.0295318943 0.0285751671 0.0701336786 -0.104612 -0.0406791605 0.023657525 -0.091699481 0.0576296113 0.0702211931 -0.00922878738 0.0221821666 -0.0070080515 0.107451841
G897 0.083912909 0.0591974147 -0.0744511485 -0.0422783494 0.0159715973 -0.0414265841 0.029568797 -0.00428061932 0.0135948043 0.00899353158 -0.0268730819 0.069644995 -0.0456529483 0.00411706651 -0.0445706509 -0.0544462278 0.0506112501 0.0408462882 -0.0410790853 -0.114692524 -0.0648006946 0.0322343409 -0.0810494125 -0.133795857 -0.0019760353 -0.00124173041 -0.216523707 0.130800366 -0.0343702585 -0.031710539 0.0552504696 -0.0877966061 -0.0583565608 -0.0410056114 0.0493094996 -0.00416782638 0.0369430408 -0.113733165 0.0413890518 0.158453137 -0.00530549372 -0.097933732 -0.00635475246 0.102049142 0.0318494178 -0.00632015383 -0.0312568694 -0.0815174282 0.0480811074 0.0658301935 0.00111646939 0.055282779 -0.00493989186 0.121928655 -0.00149738498 -0.0325282589 0.11264807 0.011153806 0.040781077 -0.00236250414 0.0109446822 -0.0307966564 -0.0334854312 0.0587556437
G898 0.0535265319 0.042673327 -0.0845000818 0.0287071057 0.00651098695 -0.102354534 -0.0282999538 0.0899345279 -0.0400741808 0.0729403347 -0.0499328896 0.099904038 -0.0900652185 0.00880693179 -0.0907669514 -0.0331052206 0.0645729303 0.0518686734 0.0225513224 0.0191305429 0.00862178393 0.0263869539 0.0655418858 -0.0406741649 0.0434918068 -0.0177965276 -0.206214026 0.127933651 -0.0719300359 0.0118999593 0.0386367142 -0.063817516 -0.0857216492 -0.0399471931 0.0895799324 -0.0311218053 -0.0239176583 -0.142253384 -0.0502045527 0.0936491191 0.0739562064 0.0352083854 -0.0377494395 0.138334692 -0.0562380478 -0.0229148827 -0.029461557 -0.0723635703 0.0179335717 0.00798355509 0.00555854896 0.0327838399 0.032429155 0.123805493 -0.0139849614 0.0488948412 0.0260843951 0.105702125 0.105197102 0.0250946004 0.0402446054 -0.0213321466 -0.0161143579 0.0833812132
G901 0.0523580089 0.04214691 -0.0854823515 0.0280683432 0.00693679927 -0.101629309 -0.0288260356 0.0907362029 -0.0389780216 0.0727800429 -0.0496973172 0.101667404 -0.090684399 0.00852995086 -0.0914558917 -0.0323000662 0.0642332733 0.0516850576 0.022318203 0.0184931532 0.00776722422 0.0256333034 0.0662431717 -0.0399993882 0.0440846086 -0.0193428695 -0.203732908 0.126347661 -0.0718126744 0.0130932834 0.0388946123 -0.061205443 -0.0854902342 -0.0404375084 0.0888834745 -0.0303339474 -0.0245627612 -0.142208695 -0.0499803126 0.0923208147 0.0737083331 0.0350223854 -0.0367084332 0.139151216 -0.0553036742 -0.0223259889 -0.0310647171 -0.0729010031 0.0177748427 0.00714669516 0.0061931354 0.032698065 0.0330219418 0.12305975 -0.0120208915 0.0489780568 0.0253426321 0.105114818 0.106009841 0.0251901578 0.0412792303 -0.0220956858 -0.015684858 0.0843554363
G904 0.0895660743 0.0878193825 -0.107123733 -0.0458492376 0.0247599874 -0.0854077488 0.0647527128 -0.00393692357 -0.0235804319 0.0651575997 -0.114859246 0.112588406 -0.0177024752 -0.00888208207 -0.126646399 -0.024263192 0.0214043166 0.0636370778 -0.013011816 0.0276879687 0.0211713146 -0.0399059542 -0.0366305634 -0.0650037527 0.0129454955 -0.0788007677 -0.194118619 0.0807375237 0.05338379 0.00154095958 -0.0319098309 -0.00280057359 -0.0767949 -0.0626234114 0.0468213744 -0.0325554274 -0.046338968 -0.127088457 0.0799689665 0.115037233 0.0556387641 -0.00243856781 0.0644163564 0.107860498 -0.0595367514 0.0455010347 -0.0771573856 -0.0980442688 0.0845208019 0.0828510374 0.0633533001 0.0341805667 0.0264899824 0.0706169829 -0.101678245 -0.0330040269 0.0236183945 -0.086030677 0.0686727017 0.0683899671 -0.0166084971 0.0276674461 -0.014154884 0.110298336
G905 0.088767387 0.0609796643 -0.0713291764 -0.0334036723 0.0147392796 -0.039825879 0.027757613 -0.00592205394 0.0169630125 0.00939440634 -0.0311894361 0.0659020692 -0.0422926582 -0.00193810032 -0.0511731245 -0.0567852035 0.0541911907 0.0406976901 -0.0387462415 -0.107639641 -0.0586565882 0.0308062881 -0.0804852769 -0.138401732 0.00020485773 -0.0048291753 -0.216976911 0.129160553 -0.0398863778 -0.0333784968 0.0579957105 -0.0863804966 -0.0615659282 -0.0301390365 0.0486849584 -0.00778018916 0.0273890346 -0.114992 0.0364433117 0.157050893 -0.00196516886 -0.0980135128 -0.0118398014 0.0946137011 0.0326441489 -0.0134173175 -0.0317553952 -0.0843498558 0.0442242213 0.0668694898 0.00027729827 0.0584763922 -0.00601709913 0.123420492 -0.000518376939 -0.0277814586 0.112952702 0.0136109134 0.0478897505 -0.00412236573 0.00660936907 -0.0272396058 -0.039235279 0.0605672374
G906 0.0892353207 0.0877690464 -0.107076392 -0.0459182039 0.0247910786 -0.0851699635 0.06472864 -0.00385713344 -0.023643285 0.0651962683 -0.114722781 0.112665243 -0.0176308658 -0.00859457534 -0.126501516 -0.024585994 0.0213742945 0.0635639206 -0.0129411556 0.027495008 0.0211655367 -0.0397251993 -0.0367698036 -0.0651463121 0.0129699288 -0.0788881034 -0.19396776 0.0807767212 0.0534123741 0.00151599478 -0.0316139571 -0.00286127231 -0.0768065676 -0.0625912249 0.0469002016 -0.0325606428 -0.0461496376 -0.127020344 0.0801464692 0.114949934 0.0554805323 -0.00260203425 0.0645634532 0.107768953 -0.0594117418 0.045490697 -0.0770921931 -0.0981680378 0.0843812674 0.0831511468 0.0632303506 0.0339882225 0.0264560357 0.0705523193 -0.101700179 -0.0331899747 0.0235597957 -0.0861419737 0.0685592964 0.0681839213 -0.0169158559 0.0276378971 -0.014344776 0.110328719
G907 0.0889034346 0.0610071681 -0.0714152306 -0.0337806642 0.0146878222 -0.0397936739 0.0278258733 -0.00618978543 0.0174405873 0.00945925899 -0.0309889875 0.0660355017 -0.0422161855 -0.00216253754 -0.0509213954 -0.0566225462 0.0542616434 0.0411225259 -0.039262373 -0.108756088 -0.0591076203 0.0305288453 -0.0808496624 -0.138618484 3.6855221e-05 -0.00479019107 -0.216964275 0.128964484 -0.0397220328 -0.033479549 0.0579544082 -0.0865881965 -0.0613183044 -0.0302859526 0.0486863665 -0.00738032069 0.0279110912 -0.115266137 0.0367492102 0.15760985 -0.00226875325 -0.0982658789 -0.0116314087 0.0946940631 0.0332288444 -0.0133589143 -0.0319695175 -0.0843303651 0.0442831814 0.0669332445 0.000442782068 0.0586617924 -0.00591326365 0.123485997 -0.000226016011 -0.0282670744 0.113643192 0.0134249935 0.0475733355 -0.00396961765 0.00692873495 -0.0274602119 -0.0393426493 0.0605710782
G908 0.0802473426 0.016278185 -0.073379755 -0.0363415629 -0.0102509856 0.00729869865 0.0702333599 -0.040728651 -0.00433443487 0.0902265683 -0.0774890706 0.0970174372 -0.0593684576 -0.054637406 -0.157944128 0.0124890432 0.0978744999 0.0337757096 -0.055556044 -0.0473323874 0.0141181378 -0.0396914892 0.0158356428 -0.0630815402 -0.0275870152 -0.124352902 -0.169692442 -0.00219237315 0.0510364287 0.0126288617 -0.0496243089 0.0102001196 -0.0194325112 -0.0604901128 0.0339867696 -0.00865288917 0.0117774419 -0.100360498 0.0541738495 0.127591595 0.0134114316 -0.06557706 0.0615019798 0.0400292389 0.0367791653 0.0617419817 -0.0819396451 -0.0799444616 0.0682903454 0.0687477067 0.0913033709 0.0264587626 0.06940341 0.0589442849 -0.0674985945 -0.0601022132 0.0472685844 -0.0796363205 0.00334974355 0.0682022497 0.00670030992 0.0138783585 0.124613546 0.105538405
G909 0.113903388 0.0305753648 -0.0239130948 0.0206970572 -0.0369110629 0.0596765094 -0.00590295531 -0.0268593412 0.090429306 0.0252073929 -0.0474363752 0.03828739 -0.0667962059 -0.0648331493 -0.101995163 -0.0482762456 0.118884459 0.0383318476 -0.0436983407 -0.0665826723 0.00549027929 0.0270830989 -0.0498274341 -0.148905531 -0.0192610994 -0.0766917095 -0.220666736 0.0506173596 -0.0554657057 -0.0483713299 0.0696842819 -0.0853415579 -0.0321199596 0.0495487265 0.0252881311 -0.00952866208 -0.0268206857 -0.11495053 -0.0227898508 0.17324163 0.0240684524 -0.139141545 -0.0783420205 0.0210053157 0.0790846422 -0.0734079629 -0.0465668701 -0.0880605504 -0.0157881454 0.0558515824 0.0037475666 0.0919137076 0.0041121454 0.11388769 0.0239996631 -0.00191133574 0.119921662 0.046818532 0.0695048943 0.0101111783 -0.0189790055 -0.02249684 -0.0176940691 0.0848655403
G910 0.0864926949 0.0186014716 -0.0675562844 -0.0289284308 -0.011328713 0.0146930227 0.0690686852 -0.0561003685 -0.00116023351 0.0912813991 -0.0800265446 0.0873131528 -0.0477720536 -0.0595367327 -0.160953701 -0.0010914501 0.100632228 0.0322192088 -0.0540326089 -0.0422185212 0.0243344847 -0.0300323367 -0.00894046947 -0.0782510787 -0.032020025 -0.116606414 -0.177554533 -0.000898014288 0.053254731 0.00820050016 -0.0443426333 0.0128073003 -0.0235632248 -0.0471880734 0.0289657861 -0.00909055211 0.0112188943 -0.104491755 0.0575236827 0.134148315 0.0141561162 -0.0809658244 0.0572090596 0.0297041982 0.0357603505 0.0537681691 -0.0761151537 -0.0827866048 0.0645305812 0.0822258219 0.0857694373 0.0336965024 0.0661547929 0.0547834709 -0.0854198784 -0.0565173067 0.0515004285 -0.0861507058 0.00678340532 0.0585753359 -0.00433969684 0.0140854362 0.113605358 0.107370853
G911 0.0368506722 0.0197222773 -0.0776349232 -0.0207232181 -0.0106133083 -0.0155687295 0.0461417809 0.00348054245 -0.0191381276 0.152682558 -0.0511377305 0.10482043 -0.055181846 -0.0435231365 -0.155240834 0.0232162736 0.0953099653 0.075056605 -0.0436079241 -0.0583414771 0.024617482 -0.0300680082 0.0618331768 -0.0604965538 -0.0146675017 -0.118520081 -0.165307134 0.0151028084 0.0370813012 0.0160393529 -0.031176798 -0.0218998995 -0.00936097279 -0.0541673489 0.0592416823 -0.0171384159 0.0342486314 -0.131275907 0.0284845512 0.129958138 0.0475640483 -0.015879821 0.0702103674 0.0551134385 0.0169118494 0.0432775952 -0.0569664761 -0.0821700469 0.045465216 0.0742003247 0.0797183886 0.0177974571 0.110688455 0.0596529394 -0.0757812783 -0.0643615052 0.0259552784 -0.0357036442 -0.0029494511 0.0670828074 0.00952926371 -0.0246112552 0.124600194 0.134314403
G914 0.0334869847 0.0208442807 -0.0766519085 -0.0223664306 -0.0101734921 -0.0142123234 0.0461870991 0.00452282513 -0.0167649649 0.149496898 -0.0509134792 0.107127942 -0.0551132858 -0.0423268974 -0.157107085 0.0237822477 0.0965946242 0.0739732608 -0.0425268337 -0.0593910627 0.0229260009 -0.0300743636 0.0632455647 -0.0602103584 -0.0109015517 -0.120220333 -0.163015157 0.0142285712 0.0377563573 0.016667122 -0.0309350938 -0.0216748547 -0.00822074525 -0.0528039001 0.0603603944 -0.0163690075 0.0333269946 -0.130064785 0.0286808554 0.129987553 0.0475163236 -0.0155135551 0.070123069 0.0537001193 0.0162887257 0.043099422 -0.0582984872 -0.0835364833 0.045009248 0.0723659247 0.0801487416 0.0169117413 0.110465951 0.0585875735 -0.0733574256 -0.0649708435 0.026565766 -0.0341082364 -0.00221883343 0.0666436031 0.00969714951 -0.0255390983 0.125084728 0.136678606
G917 0.10967166 0.024595039 -0.028187884 0.0247871503 -0.0376347713 0.0551710166 -0.00984960981 -0.0275521837 0.0856996328 0.0329822525 -0.0432721414 0.0403435379 -0.0634684563 -0.0703181252 -0.104442149 -0.0495631136 0.119148456 0.0399272032 -0.0447479337 -0.0751058906 0.00844744965 0.0241946019 -0.0566875152 -0.1437307 -0.0127106365 -0.0684042498 -0.216373995 0.0442533791 -0.0485865884 -0.036107406 0.0712265372 -0.0694124028 -0.0368659608 0.0468827859 0.0291597527 -0.00740054389 -0.0181095637 -0.121860877 -0.0217736438 0.169304281 0.0151544958 -0.142788693 -0.0762224793 0.0250967517 0.0828207061 -0.0678589568 -0.0492038056 -0.0890443027 -0.0121924384 0.0590079986 0.000745999045 0.0895179436 0.0165860932 0.10643924 0.0230032261 -0.00500812475 0.117361702 0.0465907715 0.0749342069 0.00197538245 -0.0164434854 -0.0253088605 -0.0171509087 0.0909835175
G918 0.107338995 0.0232544765 -0.0271678697 0.0237636436 -0.0403844416 0.0619565398 -0.0138355596 -0.0282941647 0.0904800221 0.0338031538 -0.0436842851 0.0424653701 -0.0648575425 -0.0697571337 -0.104654528 -0.051584892 0.119435281 0.0389437564 -0.042426575 -0.0712071881 0.011800807 0.0280248094 -0.0593229458 -0.143406257 -0.0145245213 -0.0712034255 -0.215990692 0.039869912 -0.0454714336 -0.0362272896 0.0734271631 -0.0672054365 -0.0348135047 0.0492978841 0.0274208952 -0.00535102561 -0.0196605492 -0.121917047 -0.0218184702 0.168911427 0.0168725234 -0.146782354 -0.0782586783 0.0255015958 0.0834212527 -0.0698272288 -0.0493977964 -0.0894325674 -0.0162082631 0.0606893077 0.000323070359 0.0909400359 0.0174557883 0.103727117 0.0209058803 -0.00531889452 0.116205089 0.0474467091 0.0775354132 0.00193332543 -0.0190825257 -0.026336126 -0.0176682156 0.0919102132
G919 0.110587008 0.024923401 -0.0277034454 0.0254403111 -0.0371566229 0.0551544204 -0.0099487463 -0.0286032762 0.0864198431 0.0336491168 -0.0433401242 0.0394297652 -0.0621391907 -0.0692276955 -0.10460788 -0.0502123348 0.119766638 0.0392824151 -0.0445457585 -0.0757218003 0.00792056415 0.0251418129 -0.0586727411 -0.146894485 -0.0131208431 -0.0671382621 -0.216218725 0.0452655144 -0.049768243 -0.0362829715 0.0710815415 -0.0700434074 -0.0373678841 0.0482598692 0.0290388428 -0.00857724901 -0.0172912572 -0.12252675 -0.0218623951 0.17012462 0.015281775 -0.144110188 -0.0766275525 0.0249420349 0.082748048 -0.0683179572 -0.0477024987 -0.0893102959 -0.0125109516 0.061302647 0.000693883165 0.0897514522 0.0160446428 0.106485508 0.0217316449 -0.00478875311 0.118983135 0.045835983 0.0749430358 0.00024939471 -0.0170820374 -0.0250774827 -0.0181273837 0.0910268277
G920 0.110316463 0.0248046182 -0.0279934742 0.0254342332 -0.0373170935 0.0552873425 -0.00985315442 -0.0283795446 0.085867539 0.0337286144 -0.0435179174 0.0397184752 -0.062171299 -0.0696820989 -0.104617484 -0.050313089 0.119426906 0.0397121571 -0.0443547256 -0.0747708008 0.00814489461 0.025510598 -0.0584453307 -0.145751819 -0.0133306989 -0.067311056 -0.216438293 0.0451659523 -0.0492051691 -0.0362884402 0.0715737864 -0.0698063225 -0.0373313166 0.0475966744 0.0288671143 -0.00825571083 -0.0173683185 -0.122325189 -0.0215703435 0.169889346 0.0155881336 -0.143663317 -0.0760250166 0.0251935329 0.0825016275 -0.0682933405 -0.0477846935 -0.0892097577 -0.0125994617 0.061181806 0.000681275269 0.0896887928 0.0163762793 0.106251411 0.0212135799 -0.00478323782 0.117761038 0.0459113941 0.0750230551 0.000352626463 -0.0173520539 -0.0251674578 -0.0178865883 0.0913011804
G921 0.0277566686 0.0678330511 -0.0973942056 -0.0348639488 0.0301282723 -0.0841274038 0.0543042868 0.00804415252 -0.0505666733 0.109164841 -0.0831423029 0.123001836 -0.0183841102 0.0232385788 -0.138537347 -0.0349564962 0.0248550996 0.0576537661 0.00900937617 0.00860370602 0.0267223697 -0.00499066524 0.019214252 -0.0739712343 0.0327037424 -0.0820097849 -0.169621259 0.0820341855 0.0459961183 0.0188694708 -0.0124719497 -0.0117964288 -0.0679200515 -0.0371587016 0.0872424692 -0.0396980606 -0.0192553326 -0.118879728 0.0604372472 0.101857953 0.0725880712 0.017513372 0.0811139122 0.08579579 -0.0601649322 0.0357343107 -0.0509601608 -0.101377986 0.0522247069 0.0982642993 0.0614664964 0.0083713904 0.0663790628 0.0575203672 -0.105995335 -0.0421176478 5.19818204e-05 -0.0395279601 0.0546220429 0.0447850041 -0.0244021975 0.0108734611 -0.00107433856 0.123310409
G924 0.0926262736 0.0599419624 -0.0612070151 -0.0186557975 -0.00878156442 0.00607028464 0.00126323733 -0.00530342897 0.0632141829 0.0112665044 -0.0491343811 0.074717246 -0.0507354476 -0.0321801119 -0.0682670698 -0.0645040944 0.0642801076 0.0521245934 -0.0288520344 -0.0653853193 -0.0264814105 0.0310612246 -0.0730450377 -0.133092478 -0.010544274 -0.0529086255 -0.216568664 0.0881182179 -0.039348051 -0.0441676788 0.0841906518 -0.0752811581 -0.0502355248 0.00517718308 0.0300512891 0.0052323984 -0.0188715309 -0.118734568 0.0206312835 0.155522183 0.0212504417 -0.104681581 -0.0332051292 0.075462386 0.0519364923 -0.0508081317 -0.0531019419 -0.0958589017 0.00674993126 0.0605273321 0.00477385474 0.0798661038 -0.00481755752 0.120390043 0.00874355342 -0.0184558854 0.105304137 0.026706364 0.0780840665 0.0125180436 -0.0107804593 -0.0286595132 -0.0594599694 0.0686267689
G925 0.083323814 0.0744366795 -0.0994892865 -0.0425279774 0.0311426725 -0.0879420638 0.0817039236 -0.0250848792 -0.0447579995 0.0598086864 -0.10845951 0.108236626 -0.0145481434 0.00132655364 -0.135156184 -0.0262052901 0.0147636291 0.0413346142 -0.00923668593 0.0141083086 0.0157080851 -0.0190457571 -0.0217597373 -0.0742941424 0.00914784055 -0.0807246789 -0.190521374 0.082374908 0.0483460091 0.00331727439 -0.0404236503 0.00870401133 -0.0782375112 -0.0507153049 0.0575591736 -0.0361192785 -0.0385549217 -0.103262015 0.082770437 0.108346529 0.0538108721 -0.0128677981 0.0779977962 0.0835191831 -0.0544828326 0.048199635 -0.0674244389 -0.0894508138 0.0845259428 0.0873323157 0.0787721649 0.0305548739 0.0320933126 0.0644674078 -0.10135299 -0.0361646563 0.01803522 -0.0793568939 0.0608415753 0.0549026839 -0.00955852866 0.0418720953 0.00276538939 0.0880957916
G926 0.0961523876 0.066980958 -0.054957144 -0.0185049828 -0.00911652669 0.00913617387 0.00730368774 -0.012619731 0.0635946169 0.0044227913 -0.0494623147 0.0689718351 -0.0482578203 -0.0282755196 -0.0667203069 -0.0681472123 0.0678288937 0.0501216277 -0.0272240825 -0.0646375939 -0.0263875928 0.0374842249 -0.077905491 -0.138345763 -0.00895871222 -0.0505362265 -0.224209264 0.0960018188 -0.0390178449 -0.0530134477 0.0831309706 -0.0877693594 -0.049813848 0.011202042 0.0331911445 -0.000562103 -0.0204229616 -0.113989778 0.0241545215 0.161557242 0.0266668294 -0.11072503 -0.0357791707 0.0684003979 0.0484884232 -0.0527144223 -0.0456705838 -0.0941212848 0.00852794759 0.0642993972 0.00137204258 0.0807475224 -0.00902874302 0.122905798 0.0050691748 -0.0213660821 0.109682746 0.0248891432 0.0752822384 0.0104520982 -0.0208738558 -0.0261983164 -0.0612428971 0.0669338405
G927 0.0839561373 0.0731676593 -0.101551428 -0.0428453051 0.0309793334 -0.0882825479 0.0806729123 -0.0224661678 -0.0444070473 0.0619412623 -0.108717196 0.109879293 -0.0177182276 -2.91503457e-05 -0.134172738 -0.0231333151 0.0128887128 0.0428688228 -0.00917226821 0.0152683714 0.01621137 -0.0211969838 -0.0164649803 -0.0705895424 0.00741914567 -0.0835413858 -0.189947978 0.0800425857 0.0483736582 0.00376037788 -0.0407496616 0.00965198781 -0.0776286721 -0.053111624 0.0570026599 -0.0352616087 -0.0399147272 -0.103513472 0.0812572911 0.106705487 0.0552014709 -0.00978236645 0.0783378854 0.0865732059 -0.053508874 0.0486520752 -0.0685256943 -0.0881854966 0.0836745948 0.0848995671 0.0802039877 0.0306850094 0.0337174423 0.0660425797 -0.0988925919 -0.0362929851 0.0167980362 -0.0776174664 0.0613706931 0.0579109862 -0.0068879975 0.0413272493 0.00501514692 0.0852811486
G928 0.0963176936 0.066899091 -0.0546182506 -0.0178976953 -0.00909760688 0.00904232264 0.00714417035 -0.0127909249 0.063300021 0.00468773209 -0.04952766 0.0685459152 -0.0478564128 -0.0282006897 -0.0671816319 -0.0684445649 0.0682175383 0.0498567931 -0.0268355403 -0.0642426088 -0.0260739103 0.0379230268 -0.0781490207 -0.138637856 -0.00872763339 -0.0501180924 -0.224449486 0.0962671041 -0.0395054072 -0.0529969782 0.0829658061 -0.0879129693 -0.0499939248 0.0116335265 0.0334079899 -0.000875944155 -0.0203798395 -0.114110038 0.0237538964 0.161514014 0.0267850887 -0.11094369 -0.0362844169 0.0680535287 0.0480265021 -0.0528602637 -0.0452016257 -0.0941351801 0.00845137611 0.0647151396 0.00116372318 0.0806064531 -0.00907219853 0.122750551 0.00440300861 -0.0209140107 0.109642051 0.0251150876 0.0753872916 0.00990501419 -0.0212840848 -0.0259900335 -0.061294999 0.0672860518
G929 0.0842250958 0.0732060671 -0.101497032 -0.0428277217 0.0308424067 -0.0884435549 0.0807073191 -0.0226444174 -0.0444153212 0.0618743934 -0.1089269 0.109833516 -0.0177360978 -0.000159689022 -0.134101763 -0.0230744854 0.0129425796 0.0429235846 -0.00925031677 0.0154394759 0.0163451843 -0.0213326737 -0.0165295582 -0.0704569221 0.00731077418 -0.0833956003 -0.190180868 0.0801164433 0.0483342297 0.00378799229 -0.0409172177 0.00958003849 -0.0776559338 -0.0531044006 0.0570030697 -0.0352618657 -0.0400063843 -0.10354957 0.0812615976 0.106834121 0.0553457476 -0.00959065184 0.0782971978 0.0865907595 -0.0536479875 0.048578728 -0.0686310455 -0.0880591348 0.0838577449 0.0847851858 0.0803309903 0.0309236087 0.0337707996 0.0661783963 -0.0990260914 -0.036210496 0.0169187784 -0.0776303485 0.0614358969 0.0581337884 -0.0067433212 0.0414708108 0.00498611527 0.0851169825
G930 0.0923270658 0.0600828454 -0.0608910434 -0.0182002094 -0.00868671481 0.00676437654 0.00155140448 -0.0053316704 0.0633165613 0.0106755979 -0.049125798 0.0741896033 -0.0505998656 -0.0316532925 -0.0688996315 -0.0647629723 0.064635627 0.051607579 -0.0286956429 -0.0649097487 -0.0262368489 0.0317903198 -0.073190257 -0.133696437 -0.0103351194 -0.0528982095 -0.216408446 0.0884686783 -0.0393787995 -0.0444353595 0.0840290487 -0.0754002184 -0.0505296141 0.00558058079 0.0298553687 0.00506062945 -0.0192014705 -0.118068457 0.0206653439 0.155235484 0.0212608203 -0.105267771 -0.0333701037 0.0749249682 0.0516097248 -0.0508644432 -0.0526144356 -0.0960335135 0.00662333192 0.0608197302 0.00439600041 0.0800405294 -0.00542604411 0.120188728 0.00850826222 -0.0182989743 0.105196938 0.0267575551 0.0782477483 0.0118451659 -0.0113660023 -0.0286262669 -0.059314128 0.0692208782
G931 0.0834628791 0.074386254 -0.0995207056 -0.0425932482 0.0309997853 -0.0881518945 0.0816203877 -0.0250506401 -0.0447296835 0.0597452484 -0.108639434 0.108415216 -0.0146951089 0.00111126574 -0.135143325 -0.0259940568 0.0147824008 0.0414472967 -0.00926483423 0.0142325666 0.0157896187 -0.019348016 -0.0214662068 -0.0738962591 0.00916606281 -0.0807952136 -0.190608799 0.082236059 0.048354134 0.00345212384 -0.0405951217 0.00877310429 -0.0781223178 -0.0507626571 0.0576277561 -0.036034137 -0.0386910662 -0.103343487 0.0826373324 0.108318977 0.0539757535 -0.0124826264 0.0779780746 0.0835991502 -0.0545731522 0.0481706224 -0.0677086636 -0.0893024579 0.08464735 0.0869530588 0.0790029541 0.03069105 0.032279782 0.0645638853 -0.101199701 -0.0361031443 0.018088609 -0.0792097896 0.0609877519 0.0552718155 -0.00920097064 0.0419931114 0.00287822052 0.087857835
G932 0.0919606611 0.0605046414 -0.0605688468 -0.0186550748 -0.00842993613 0.00640043058 0.00148591609 -0.00603433885 0.0637388974 0.0103121959 -0.0490174592 0.0743898228 -0.049504675 -0.0313412249 -0.0690860972 -0.0653616637 0.0650335401 0.0514290892 -0.0286549591 -0.0659028962 -0.0269935615 0.0319609977 -0.0748226568 -0.134803399 -0.00954220351 -0.0521358699 -0.216195509 0.0889243037 -0.0394160897 -0.0441320278 0.0844405591 -0.0754066333 -0.050565768 0.00615849858 0.0300671943 0.0052568852 -0.0185326729 -0.118520975 0.0212068763 0.155815765 0.0207987819 -0.10564962 -0.0333713181 0.0745141879 0.0514859632 -0.0510768257 -0.0526663959 -0.096618019 0.006691908 0.0615660734 0.00428639352 0.0798704624 -0.00531891314 0.119935066 0.00794873852 -0.0184054319 0.106064126 0.0264093764 0.0782825872 0.0109725203 -0.0116005344 -0.0289730132 -0.0603281595 0.0700240061
G933 0.0837171376 0.0743220821 -0.0996504128 -0.0425182767 0.0309858881 -0.0884148926 0.0815792158 -0.0249511506 -0.0451012887 0.0601185188 -0.108530395 0.108286686 -0.0149573293 0.000830431876 -0.134976014 -0.0260145273 0.0146147702 0.0415814929 -0.00919748563 0.0143307457 0.0160274524 -0.0195436589 -0.0212494414 -0.0735369921 0.00902117416 -0.0808172524 -0.19086282 0.0822480395 0.0482072383 0.00334480242 -0.0406101383 0.00871835742 -0.078132838 -0.0510444343 0.0576687679 -0.0360406861 -0.0386623628 -0.103534646 0.0825541615 0.108323745 0.0539710037 -0.0123966523 0.077890344 0.0836701319 -0.0544325747 0.0483409017 -0.0676778629 -0.0891962498 0.0847491547 0.0868345648 0.0788684562 0.0305807218 0.0324174352 0.0647227317 -0.101255044 -0.0359930061 0.0179132838 -0.0792425424 0.0608174019 0.0554428957 -0.00916920044 0.0419804342 0.00293973088 0.0876524225
G934 0.0978354663 0.0695335343 -0.0546199083 -0.0193900708 -0.00902508851 0.0106408475 0.00854513887 -0.0144319311 0.0653120205 0.00374948164 -0.0492693223 0.0701374039 -0.049751997 -0.0285120085 -0.0657263845 -0.0660549924 0.0676617175 0.0506578684 -0.0254016351 -0.0648277402 -0.0277957916 0.0380442664 -0.0751733035 -0.136835724 -0.00758549711 -0.0541825406 -0.225323781 0.0951312184 -0.0392051414 -0.0557971932 0.082933113 -0.0895844176 -0.0478776321 0.0127326138 0.0348221324 -0.00278295833 -0.0230325405 -0.11310333 0.0248475559 0.162852645 0.0323027298 -0.111719467 -0.0358602926 0.0687494799 0.0481284074 -0.0531892702 -0.0443928279 -0.0924440399 0.00851918664 0.0632738322 0.00243367045 0.0801147744 -0.00728355767 0.124893814 0.0079278741 -0.0226850845 0.109747589 0.02437024 0.0756545663 0.0119542144 -0.0233075302 -0.0267898515 -0.0592291243 0.0643746033
G935 0.0833738372 0.0732630491 -0.102153495 -0.0432404093 0.0313840099 -0.0880094916 0.0804179907 -0.0217753984 -0.0432811752 0.0619262718 -0.108874001 0.11061053 -0.0181964766 0.000392669841 -0.134794816 -0.022068128 0.0126982452 0.0428461172 -0.00861363858 0.0157901589 0.0155532863 -0.0214476828 -0.0152120814 -0.0705846101 0.00785415806 -0.0842811689 -0.189030617 0.0792440176 0.0483286455 0.00426746625 -0.0405164026 0.0102758752 -0.0776124522 -0.0531663112 0.0566869192 -0.034700647 -0.0404001027 -0.103379838 0.0810931101 0.106377274 0.0557183325 -0.00873867329 0.0782326013 0.0875404179 -0.0538019352 0.0484208278 -0.0685843676 -0.0885683447 0.0829040632 0.0846716985 0.0807362422 0.0305745471 0.0341622867 0.0665576011 -0.0985693112 -0.0359698907 0.0167328827 -0.0767432675 0.0621242002 0.05785954 -0.006117485 0.0402217954 0.00551949255 0.0855920166
G936 0.0921561569 0.0597997382 -0.0619298033 -0.0187476985 -0.00877015572 0.00603487343 0.00063511153 -0.00415155478 0.0639192909 0.0116805574 -0.0492901355 0.0754596516 -0.0515388213 -0.0321770683 -0.0690865368 -0.0631462634 0.0640659258 0.0522949696 -0.0281414837 -0.0644218624 -0.0267520715 0.0304507948 -0.0709938183 -0.132402748 -0.00991994422 -0.0539029017 -0.21573621 0.0869462639 -0.0395449214 -0.0434385464 0.0841872171 -0.0742366239 -0.0500990227 0.00498530595 0.0297912713 0.00586676737 -0.0195735674 -0.118963666 0.0198961869 0.154919237 0.0218662824 -0.103145398 -0.0335553102 0.0766318366 0.0514628999 -0.0510146841 -0.0533945113 -0.0961744115 0.00594227714 0.0596971884 0.00539685274 0.0796013102 -0.0041152765 0.120864898 0.00936656818 -0.0176913776 0.104818672 0.0279846769 0.0790147632 0.0127707738 -0.00963966176 -0.0296504349 -0.0584732741 0.0688909218
G937 0.0833044499 0.0747269467 -0.0993641391 -0.0426565073 0.0313552022 -0.08781223 0.0820210651 -0.0257675238 -0.0445521772 0.0592216291 -0.108622938 0.108043797 -0.0141400658 0.00140842563 -0.135473192 -0.0264801588 0.0149931768 0.0410204791 -0.0092375502 0.0140081365 0.0154391015 -0.0189987011 -0.0226986874 -0.0747292787 0.00949035864 -0.0803405121 -0.190381691 0.0825600475 0.0482733361 0.00350860227 -0.0404560566 0.00891209673 -0.0785037205 -0.0503170975 0.0574311391 -0.0360497199 -0.0385370217 -0.103047825 0.0832646489 0.108591221 0.0537437052 -0.0134313637 0.0780375972 0.0831633881 -0.0545846447 0.0481303483 -0.0674661398 -0.089677833 0.0847886428 0.087529771 0.0786162838 0.0307725612 0.0319858603 0.0643879026 -0.101728886 -0.036015518 0.0183886047 -0.0798837468 0.0608908534 0.0544148311 -0.00966296438 0.0416454002 0.0024767234 0.0884428173
G938 0.0891098678 0.0661703721 -0.072652407 -0.0536443964 0.00734477909 -0.0308866501 0.0232037939 -0.0119211907 0.0426663645 0.00169443805 -0.0369868092 0.0813358724 -0.0422061458 -0.01120588 -0.0340059586 -0.0606557205 0.0442783274 0.0579878017 -0.0500589237 -0.117198281 -0.0667972341 0.0209634732 -0.0929143131 -0.139070749 -0.0144829238 -0.0208440907 -0.219342336 0.116850108 -0.0253289379 -0.0398784243 0.0785878077 -0.0919531733 -0.0490771085 -0.0291171446 0.0379614122 0.00689929957 0.0263621733 -0.121666975 0.049229607 0.174500003 0.000606348913 -0.0940780565 -0.00336108101 0.0962439626 0.0517498814 -0.027571585 -0.0497893579 -0.0877439976 0.0339359082 0.0636744574 0.0111639211 0.0673321262 -0.0054880348 0.126884371 0.00893536862 -0.0416449644 0.123164363 0.00416054809 0.0458643176 0.0151398228 0.0114501854 -0.03242689 -0.0626112372 0.0493002012
G939 0.0794855654 0.0725905597 -0.111049488 -0.0458968766 0.030635817 -0.0871575028 0.073691301 -0.00236392091 -0.0446017757 0.0788840428 -0.0992264673 0.108968869 -0.0258104689 0.00249292422 -0.125547871 -0.0223438349 0.0117079122 0.0527308807 -0.00974730309 0.0131066609 0.0127900913 -0.0254359543 -0.0157635938 -0.0640946031 0.00741397729 -0.0830681249 -0.187905371 0.0800436139 0.0511965044 0.00172143639 -0.0349395126 0.000824106974 -0.0752910525 -0.0737526864 0.0536004379 -0.0357188992 -0.0312423557 -0.11605379 0.0792821869 0.107309274 0.0465488099 -0.0127812186 0.0737317353 0.105289981 -0.0498102233 0.0567076653 -0.0653824806 -0.0924516395 0.0810664222 0.0890552327 0.0633369908 0.0183703601 0.0298379567 0.0649502724 -0.0966480896 -0.0380113535 0.00890586711 -0.081969589 0.0546339042 0.0564998202 -0.0162546393 0.0294992905 0.00415250706 0.1009579
G940 0.0253703687 0.059544079 -0.0836948156 -0.0586041771 0.0301086623 -0.00266796118 0.0848997086 0.00291112391 -0.0132507924 0.0125650996 -0.109346539 0.126781508 -0.0441710725 0.0626628995 -0.142435148 -0.0315313525 0.0286788102 -0.00454644347 -0.0128879445 0.0389745086 0.00751165627 0.0213570744 0.00993112847 -0.0817051679 0.00731590856 -0.109479345 -0.153053343 0.0637256652 0.0760396495 0.00221365434 -0.022371836 -0.00349469949 -0.0789783075 -0.0544307269 0.0598552041 -0.0256516393 -0.0597002655 -0.0211038683 0.0909182876 0.0699652731 0.0307991207 -0.037673302 0.0617215037 0.0798653886 -0.0421754122 0.0522501171 -0.0705577135 -0.109288923 0.0450927764 0.0968204513 0.0730158985 0.00958156493 -0.00175018387 0.0518865101 -0.0742940158 -0.0575704053 0.0012628024 -0.0522162914 0.0491716228 0.0450575352 -0.0492125042 0.0475317761 0.00585519848 0.12176127
G941 0.0945853591 0.0630399957 -0.0569973029 -0.0175979082 -0.00928539876 0.00657513039 0.00457417639 -0.00942923967 0.0617244169 0.00764297275 -0.0496335737 0.0694870353 -0.047761213 -0.029429758 -0.0675088763 -0.0687926114 0.0668286532 0.0505688228 -0.0289529525 -0.0644990653 -0.0250882134 0.0352584198 -0.0785312802 -0.137886271 -0.0109087229 -0.048077736 -0.221996978 0.094513528 -0.039150957 -0.0485801846 0.0835660547 -0.0832573548 -0.0512797497 0.00826092437 0.0314467996 0.00237074611 -0.017712459 -0.116527729 0.0223874636 0.159246594 0.0212869998 -0.108041674 -0.0352296196 0.070328176 0.0496142209 -0.0519223437 -0.048334986 -0.0954828113 0.00808192231 0.0643258691 0.00168785348 0.0808385387 -0.00877794717 0.120936751 0.00344740436 -0.0195263587 0.108360462 0.0258673429 0.0756700337 0.0101491399 -0.0162796583 -0.0261547919 -0.0623383075 0.0688012615
G942 0.0842602402 0.0735260174 -0.100515373 -0.0423858315 0.0307571143 -0.0882113874 0.0812498257 -0.0237961486 -0.0453470126 0.0613918453 -0.108558573 0.108761676 -0.0164076816 0.000120856952 -0.133930147 -0.0248844158 0.0135385403 0.0424230732 -0.0095882304 0.0147577319 0.0165624674 -0.0201465786 -0.0190167353 -0.0717283338 0.00734287594 -0.0821324959 -0.190876693 0.0813787356 0.0483468883 0.00312222471 -0.0407664925 0.00879610237 -0.077887103 -0.0524599627 0.0573062226 -0.0359449163 -0.0391232036 -0.1033879 0.0819333643 0.107446842 0.0545265526 -0.0115779508 0.0784297958 0.0850340351 -0.0535476059 0.048685886 -0.0679985508 -0.088270247 0.0844670907 0.0860108659 0.0793750733 0.0308013614 0.032847587 0.0652556866 -0.100109793 -0.0365848877 0.0171336792 -0.0788188875 0.0605679676 0.0570070446 -0.00843077619 0.0422419347 0.00399333518 0.0858636796
G943 0.0208004825 0.0484350212 -0.079936333 0.0144593259 0.0159763824 -0.100618623 -0.0216451958 0.0835065842 -0.0431660563 0.0861498713 -0.0284608696 0.111309007 -0.0820040777 0.0159567222 -0.0910718963 -0.0579238012 0.0481248051 0.0399799235 0.0416107737 -2.05195847e-05 -0.00267973798 0.0620601401 0.0699883178 -0.0522982553 0.0376377478 -0.0219981223 -0.213071525 0.138982639 -0.087492004 -0.0107017001 0.0601200536 -0.0818688199 -0.062167298 -0.0335572287 0.115779519 -0.0317742936 -0.0147900674 -0.143964157 -0.0376759693 0.101894371 0.0946786255 0.0225398093 -0.014794291 0.109725602 -0.0531925298 -0.0286847427 -0.00435306225 -0.0736597031 0.0106701581 0.0344436057 -0.00202299911 0.021892434 0.0306244846 0.126463667 -0.0413312539 0.037329074 0.0180898011 0.115696356 0.0839895308 0.0078027253 0.0175836682 -0.0481796823 -0.0131955724 0.0721928999
G944 0.085698016 0.0750443414 -0.0978353545 -0.0412522256 0.0297690909 -0.0903031603 0.0819256902 -0.0259342156 -0.0471423417 0.0609011203 -0.108974375 0.105421118 -0.0134077417 0.000765031553 -0.133696184 -0.0272108018 0.015189535 0.0426271595 -0.00859416369 0.015688777 0.0177854989 -0.0186327323 -0.0220759884 -0.0742654055 0.00825103 -0.0776955634 -0.195247486 0.0848130956 0.0482380465 0.00176511367 -0.0410229117 0.00434821658 -0.0781757236 -0.0500441119 0.0591905229 -0.0371498875 -0.0373894162 -0.104272529 0.0813579261 0.11027436 0.0544677451 -0.0103601599 0.0760752559 0.08275529 -0.0565634556 0.0470202491 -0.065173462 -0.0880199298 0.0848261043 0.0880648568 0.0782483891 0.0307196006 0.0319661237 0.0661112294 -0.104713298 -0.0360267758 0.0188921653 -0.0770821795 0.0597389229 0.0557422973 -0.0105390279 0.0434248596 0.00235446473 0.0856767744
G945 0.0911599323 0.0562231503 -0.0617476553 -0.01313035 -0.00993595924 0.00124531228 -0.000741546217 -0.0100270221 0.0582987033 0.0167520363 -0.0457423925 0.0722393319 -0.0446820967 -0.034997385 -0.0706235841 -0.0686113164 0.0673029348 0.0517474264 -0.0297185555 -0.0737999231 -0.0226075873 0.0306739286 -0.0844767541 -0.133292064 -0.00378137268 -0.0397693999 -0.215739638 0.0860023126 -0.033820346 -0.0340482704 0.0837574601 -0.0658770502 -0.0556164905 0.00702649308 0.0354987979 0.00399181573 -0.00931252819 -0.125302672 0.021367209 0.154891238 0.0126481187 -0.110929742 -0.0343068503 0.0756754875 0.0531673618 -0.0467446633 -0.0511722639 -0.0962724462 0.0112252077 0.0674638748 0.000296282669 0.0782356262 0.00451243808 0.113340937 0.00361312646 -0.0219666082 0.107987598 0.0265494324 0.0826580524 0.00217544381 -0.0116033088 -0.0287359264 -0.0610427707 0.0743779615
G946 0.0796199739 0.0739058331 -0.108715527 -0.044889871 0.0298562497 -0.0879605487 0.0744256303 -0.00357429893 -0.0457446836 0.0779486448 -0.098973684 0.105966277 -0.0230769683 0.00370084238 -0.125491053 -0.0243674349 0.0129946442 0.0528602116 -0.00903252326 0.0136516094 0.0136974873 -0.0232529808 -0.0182622094 -0.0669500902 0.00824528467 -0.0798085332 -0.191174984 0.0831664652 0.0516662784 0.000179213006 -0.0347982757 -0.00313174771 -0.075561747 -0.071724765 0.0550037399 -0.0365197696 -0.0297663454 -0.11597991 0.078895323 0.109399386 0.0459576473 -0.0120869335 0.0719215497 0.103239037 -0.0522279739 0.0552303717 -0.0626166463 -0.092587851 0.0806747675 0.0910864919 0.0620035753 0.0181266032 0.0283754133 0.0653092638 -0.100185238 -0.0381755158 0.0102261845 -0.0800625458 0.0538113043 0.0549606271 -0.0186093561 0.0301439352 0.00303542172 0.101310611
G947 0.0858353898 0.0601769052 -0.0763390511 -0.0504733063 0.00539442478 -0.0354477055 0.019388115 -0.0117375636 0.038626533 0.00880741887 -0.0331473313 0.0837236643 -0.0418895967 -0.0161725488 -0.0351268724 -0.0601006038 0.0447273292 0.0591351688 -0.052140262 -0.125642508 -0.063636601 0.0159419738 -0.0956526175 -0.132034406 -0.00841742381 -0.0143906465 -0.215580627 0.10921777 -0.0192849338 -0.0280290451 0.0784595609 -0.0783057138 -0.0526816212 -0.0312688276 0.0427573398 0.00820864085 0.0327829458 -0.127594322 0.0483100601 0.170761943 -0.00725760078 -0.0958665535 -0.00344650191 0.100621521 0.0549221821 -0.0224655624 -0.0529193133 -0.0873045027 0.0375546664 0.0643010736 0.00926283933 0.0651003271 0.00641753757 0.120922521 0.0109009845 -0.0453285091 0.122514501 0.0061035566 0.0510448664 0.011052426 0.0149764409 -0.0339061357 -0.0607062131 0.0531581119
G948 0.0387534983 0.0382391401 -0.0880519152 0.0144655555 0.00808883645 -0.0952199399 -0.0268307719 0.0912744999 -0.0417009816 0.0713880137 -0.0424280763 0.114862025 -0.0879447982 0.0173397046 -0.0865190402 -0.0390296578 0.0589921251 0.0495527238 0.0234596692 0.0118791554 0.00342302863 0.0384565294 0.0566124879 -0.0335777476 0.0381726809 -0.0187684093 -0.204771191 0.122268781 -0.0605561137 0.0124653494 0.0437444039 -0.0568869635 -0.0764178187 -0.0567012765 0.091536887 -0.0100796856 -0.00343703944 -0.133378208 -0.034982264 0.0885978118 0.0663787723 0.03092218 -0.0220194552 0.143418491 -0.0512844659 -0.0141717596 -0.037175376 -0.0738587976 0.0218856204 0.0127326483 0.00987518113 0.0296592806 0.0382309295 0.116366602 -0.0226574298 0.0334244482 0.0221909638 0.107309312 0.098298952 0.0242882017 0.0426219404 -0.0320373848 -0.0149143534 0.0850123763
G951 0.0861158594 0.0747641772 -0.0982635692 -0.0413392261 0.0294717662 -0.0906492993 0.0815648735 -0.0249512568 -0.0476153865 0.0618615933 -0.108874746 0.10590104 -0.0144439489 0.000281210756 -0.133045226 -0.026537668 0.0146129439 0.0432270095 -0.00839300454 0.0160632078 0.0180773567 -0.0190665983 -0.0201303661 -0.0729182214 0.00755630992 -0.0788355917 -0.195622638 0.0842599347 0.0480630249 0.00129492895 -0.0410371386 0.00405589538 -0.0775448754 -0.0509301051 0.0594745316 -0.0371514782 -0.0375791974 -0.104500644 0.0808294564 0.109943427 0.0549243093 -0.00958502106 0.0760706961 0.0833124667 -0.0561238602 0.0471609123 -0.0654888004 -0.087487191 0.084576197 0.0872243494 0.0786298662 0.0303161703 0.0324393623 0.0665820539 -0.103759378 -0.0363365263 0.0182043798 -0.0765653327 0.0595280267 0.0568706878 -0.0101010101 0.0437634625 0.00294382824 0.0845670104
G952 0.09131632 0.0575263128 -0.0606748275 -0.0130088935 -0.00938157924 0.0021570609 0.000525800046 -0.0112396497 0.0581641793 0.0157210212 -0.0451855287 0.0703831911 -0.0432781428 -0.0333130285 -0.0701157451 -0.0705508739 0.0679376423 0.0510272644 -0.0299797952 -0.0744597092 -0.0229796413 0.033079654 -0.0878066719 -0.136839226 -0.00448423391 -0.0386776775 -0.217127427 0.089042753 -0.0335901529 -0.036559891 0.084455207 -0.0682664067 -0.0564701147 0.00785019062 0.0351534784 0.00307352003 -0.00845917873 -0.124026306 0.023392234 0.156194225 0.0119695142 -0.113800399 -0.034040425 0.0739059523 0.0532015413 -0.0466244891 -0.0495025925 -0.0969829932 0.0114975618 0.0697574243 -0.00140434748 0.0787658989 0.00274716248 0.113551311 0.00197476777 -0.022690475 0.108361065 0.0247326437 0.0811403766 0.000142386532 -0.0143065834 -0.0286640991 -0.0628953055 0.0750679895
G953 0.0418779962 0.0352164395 -0.0890433788 0.0145583805 0.00532769598 -0.0951813087 -0.0300916191 0.0905503109 -0.0434205867 0.0775787607 -0.0421110988 0.115003616 -0.0920884088 0.014604399 -0.0833546817 -0.0384163372 0.0567351952 0.0515289642 0.0252189804 0.0148819154 0.00835702289 0.0389104337 0.0587656945 -0.0280162077 0.0329993367 -0.0210482087 -0.208915174 0.118797377 -0.058654815 0.0116231516 0.0427972563 -0.0550542325 -0.0740548968 -0.058942195 0.0910346061 -0.00990362279 -0.00316646323 -0.137361899 -0.0373134986 0.0898400545 0.0700007305 0.0310496204 -0.0229255296 0.146157861 -0.0508794971 -0.0139875263 -0.0367477611 -0.0700429901 0.0210712738 0.0114249429 0.0108382432 0.0301529318 0.0417503528 0.115890093 -0.0246723648 0.0344337411 0.0191519223 0.107497662 0.098624222 0.0287743323 0.0441827811 -0.0312246103 -0.0115828486 0.0793501139
G956 0.0450631939 0.0369531773 -0.0900158286 0.0165020619 0.00697770342 -0.100585334 -0.0277337097 0.089964658 -0.0453707352 0.0780068412 -0.0432871804 0.113437057 -0.0889686272 0.0122315008 -0.0835199803 -0.0382019617 0.0568669364 0.0530796386 0.0233135615 0.0128098978 0.00612882338 0.0354309119 0.0575710349 -0.0306480825 0.0339825377 -0.0184239801 -0.209026381 0.121925928 -0.0621015355 0.0119648594 0.0432242267 -0.0559380725 -0.0762419477 -0.058660496 0.091431804 -0.0122390883 -0.00263188384 -0.138656616 -0.0367270261 0.090807572 0.0692145526 0.0337005891 -0.021339355 0.145679653 -0.0506939255 -0.0140016787 -0.0366551839 -0.0709429458 0.0235329326 0.0123732528 0.0113837468 0.0305145606 0.041426912 0.118330084 -0.0244171713 0.0348656327 0.0209003203 0.105625175 0.0983795002 0.0278563648 0.0451493673 -0.030463675 -0.0141041214 0.0792822987
G959 0.044980593 0.03702797 -0.0900704712 0.0163781829 0.00701848045 -0.100752719 -0.0277446434 0.0900078416 -0.0454656631 0.0779108852 -0.0433984622 0.113542937 -0.0888867378 0.0123108188 -0.0833886862 -0.0383171365 0.0566701218 0.0530260801 0.0234095752 0.0130118262 0.00614566682 0.0353993401 0.0574340969 -0.030647235 0.0340180732 -0.0183630865 -0.209009498 0.122030988 -0.0620312802 0.0120784864 0.0433807708 -0.0558077954 -0.0763089806 -0.0586502254 0.09140376 -0.0122969374 -0.00268679066 -0.138665944 -0.0366141535 0.0906766579 0.0692514852 0.0338816047 -0.0212238561 0.145770058 -0.0508313291 -0.0140276197 -0.0367170349 -0.0710069016 0.0235806573 0.0123872226 0.0113986759 0.0304972138 0.0414519496 0.118345805 -0.0245045293 0.0348823182 0.0207996815 0.105537541 0.0985143706 0.0278690718 0.0451377891 -0.0304252002 -0.0142981941 0.0791424587
G962 0.0910563916 0.0315223224 -0.0582181141 -0.0385129489 -0.0143083371 0.0117975399 0.0194345247 -0.0102479272 0.0450143702 0.0240880009 -0.0145124802 0.0593202002 -0.0718598068 -0.0283913985 -0.0578671061 -0.0275300238 0.090865083 0.046795927 -0.0653396994 -0.129983544 -0.0587461665 0.0207446702 -0.0536092408 -0.126904264 -0.0302163325 -0.0383875892 -0.214466974 0.0861583501 -0.0415067859 -0.0367795788 0.0492532812 -0.0940182284 -0.0217742268 -0.0406513028 0.032740403 0.0103488779 0.0471731685 -0.114581801 0.0201002285 0.174212843 -0.00759562431 -0.119417086 -0.0199510343 0.0787023678 0.0760189071 -0.00942633022 -0.0394719914 -0.0738108754 0.0343487151 0.047626406 0.0123850917 0.0663848147 0.00784699619 0.123642474 0.014669355 -0.0338151641 0.125257298 0.0155380256 0.0118005397 0.0177106746 0.0233194437 -0.0448946282 0.0286386888 0.0614745393
G963 0.0945560783 0.038596563 -0.0518994331 -0.0383576714 -0.0146729061 0.0149113508 0.0254661217 -0.01761459 0.0453588888 0.017264137 -0.014959502 0.0535531938 -0.069365941 -0.0244741347 -0.0563540086 -0.0311611146 0.0944471285 0.0447170772 -0.0637436211 -0.129099891 -0.0584565811 0.0271785837 -0.0583535135 -0.131996512 -0.028703237 -0.0359570384 -0.222018212 0.093886435 -0.0411598384 -0.0456745662 0.0481634252 -0.106438629 -0.0213335194 -0.0346123725 0.0358520932 0.00460007135 0.0457446054 -0.109889291 0.023527924 0.180147961 -0.0023173471 -0.125313714 -0.0224480182 0.0716838539 0.0726804733 -0.0111691803 -0.0320978798 -0.0720125139 0.0361840315 0.0514925383 0.00892666262 0.0672292635 0.00360664702 0.126144886 0.0109094679 -0.0367087461 0.129627764 0.0137192262 0.00907533802 0.015679216 0.0133138727 -0.0424454994 0.0270291474 0.0597511642
G964 0.0948344916 0.0385686345 -0.0517961979 -0.0384524427 -0.0145831183 0.014590458 0.0254190546 -0.0181427039 0.0455138013 0.0176196732 -0.0147576444 0.0534534901 -0.0687922388 -0.0246161409 -0.0562429205 -0.0313807912 0.0946559086 0.0449870266 -0.0639991909 -0.130237296 -0.0588568896 0.0271646511 -0.0592385828 -0.132602736 -0.0287023317 -0.0353884883 -0.222183838 0.0939996317 -0.0412590764 -0.0456670746 0.048167225 -0.10671021 -0.0212489441 -0.0344875567 0.0360588618 0.00473799277 0.0465820134 -0.110448927 0.0236916449 0.180792227 -0.00267592934 -0.125705689 -0.0224641804 0.071571663 0.0729977265 -0.011161413 -0.0319476612 -0.072031796 0.0362334922 0.0520672724 0.00895903632 0.0671925023 0.00376273436 0.126083553 0.0105813481 -0.0369413719 0.130378038 0.0135185681 0.00874726567 0.0153226508 0.0133706117 -0.0425109081 0.026629433 0.0598754436
G965 0.0896300524 -0.0071720737 -0.044953648 0.0120463287 -0.0238437019 0.0260511711 0.0604495183 -0.0359636918 -0.0079351915 0.094383575 -0.0773117244 0.0527254455 -0.0959873945 -0.0436413772 -0.196892023 0.0413837694 0.146239325 0.0147807021 -0.0547641553 -0.0217036866 0.0337332673 -0.0244211797 0.0809919238 -0.0495665595 -0.0139850574 -0.125507638 -0.174288124 0.00157680968 0.0300498269 0.0120973568 -0.102132797 -0.0126825301 -0.0360932536 -0.0433611162 0.0442887694 -0.0458225757 -0.0279957894 -0.0874658898 -0.00274700811 0.13729313 0.0301994421 -0.0757262185 0.00301728002 0.0216468424 0.00681266095 0.0571879521 -0.0494314171 -0.0576050766 0.0477159023 0.0425252058 0.082183823 0.0203801021 0.0584390983 0.0519611798 -0.0516282134 -0.0129475677 0.0386174545 -0.045832783 0.000869676354 0.0541207865 0.000547095551 0.0404118299 0.178644612 0.135003313
G966 0.0957631841 -0.00877918489 -0.0471848249 0.0148603432 -0.0246745646 0.0231498182 0.0611242726 -0.0374481156 -0.0120832566 0.0994965509 -0.0779978409 0.0481933393 -0.0968550742 -0.046294719 -0.193445191 0.0404530279 0.143208459 0.0170374736 -0.057150159 -0.0197152793 0.0378509276 -0.0254025627 0.0787069127 -0.0495155416 -0.0207075179 -0.122186117 -0.178886652 0.00342391594 0.0292826574 0.0108053237 -0.102746956 -0.0127952974 -0.0387831032 -0.0461874306 0.0419551656 -0.0465243123 -0.0270214807 -0.089615874 -0.00245885458 0.137369901 0.0302372891 -0.0758086815 0.00337507017 0.0240768772 0.00782551896 0.0577957369 -0.0474104919 -0.05531995 0.0490371175 0.0447482839 0.0810230002 0.0231873952 0.0586912408 0.0547164343 -0.0561874621 -0.0113751478 0.0378349349 -0.0488889478 -0.000337274221 0.0554859936 0.00115012203 0.0413625278 0.177617207 0.130863845
G967 0.0908735469 0.0317137241 -0.0581427403 -0.0387586057 -0.0141445156 0.0122625036 0.0198403616 -0.0106303906 0.0455647893 0.0235869065 -0.0142314974 0.0591167733 -0.0715494901 -0.0280836523 -0.0579216294 -0.0277062636 0.0910333246 0.0468102135 -0.0658235177 -0.13104929 -0.0592212044 0.021017272 -0.0543994419 -0.127840191 -0.0302316416 -0.0382281281 -0.214231849 0.0863522515 -0.0411439687 -0.0370591693 0.0492640994 -0.0942571312 -0.0218005329 -0.0405492485 0.0325400196 0.0106301913 0.0476362593 -0.11436566 0.0206893738 0.174617872 -0.00805968978 -0.120170042 -0.0196321439 0.0784037113 0.0764717311 -0.00933597051 -0.0393005572 -0.0739954337 0.034343347 0.0480822287 0.0122519601 0.0666527972 0.0074292887 0.123533666 0.014781055 -0.034337718 0.125945032 0.0151591683 0.0115324184 0.0172292031 0.0231965762 -0.0451326817 0.0284372866 0.0618432313
G968 0.0904129818 0.0320950523 -0.0575759113 -0.0385518745 -0.0139525039 0.0120918918 0.0196751729 -0.0109922243 0.04554886 0.0231420677 -0.0143984333 0.059011545 -0.0706268996 -0.027544383 -0.0586384274 -0.028403135 0.0915936679 0.0461101644 -0.0651649609 -0.130582318 -0.0592864305 0.0216159485 -0.0554150641 -0.128649816 -0.0292113889 -0.0375817977 -0.214094177 0.0869608223 -0.0415605344 -0.0367408283 0.0495060869 -0.094124496 -0.0220982488 -0.0396700166 0.0327625833 0.0103770513 0.047575321 -0.114391573 0.0206952337 0.17453295 -0.0080560483 -0.12036673 -0.0201072153 0.0777789354 0.0756115168 -0.00966616906 -0.0390392691 -0.0745714754 0.0342984647 0.0486846156 0.0119030541 0.0663877949 0.00734295091 0.123194814 0.0138900531 -0.0337905772 0.126062691 0.0152311837 0.012021577 0.0161816441 0.0225144438 -0.0452012233 0.027759131 0.0628689378
G969 0.0962078869 0.0411684513 -0.0515805483 -0.0392905846 -0.0145383682 0.0163854845 0.0266887713 -0.0194516052 0.0470811948 0.0165909939 -0.0147420866 0.0547078773 -0.0708317608 -0.0247063972 -0.05533408 -0.0290334839 0.0942719802 0.0452827215 -0.0619597659 -0.129339382 -0.0599323884 0.0277106278 -0.0556528829 -0.130413085 -0.0273342989 -0.0396011509 -0.223103732 0.0930463001 -0.0413103886 -0.0484605692 0.0479755811 -0.108322263 -0.0193630606 -0.0330852941 0.0374581516 0.00239310833 0.0431878977 -0.109033354 0.0242277738 0.181466252 0.00322772819 -0.126239166 -0.0225085728 0.07205493 0.0723557845 -0.0116236508 -0.0308436211 -0.070309408 0.0361455902 0.050485041 0.00996541139 0.0665858984 0.00540756714 0.128114045 0.0138457324 -0.0380798578 0.129715934 0.0131738503 0.00945494045 0.01720188 0.010909074 -0.0430500917 0.0290367603 0.057149522
G970 0.0906987563 0.0314061604 -0.0591566898 -0.0392079018 -0.0142258573 0.0115834503 0.0189140681 -0.00941549428 0.0461394191 0.0245761573 -0.0143834995 0.0603353307 -0.0725107342 -0.0285940524 -0.0581948832 -0.0260809436 0.0905235708 0.0474547409 -0.06520129 -0.130459711 -0.0597027615 0.0197244175 -0.0521330088 -0.126518995 -0.0297887456 -0.0392630249 -0.213572055 0.084851563 -0.0413740426 -0.0360723361 0.0493689775 -0.0931163505 -0.0213798713 -0.0411072932 0.0324764699 0.011400166 0.0471780486 -0.115196757 0.0198635589 0.174240738 -0.0074068252 -0.118102767 -0.0199061241 0.0800553337 0.0762717351 -0.0095181847 -0.0400325172 -0.0741335899 0.0336210243 0.0469173454 0.0132282777 0.0662240237 0.0087308567 0.124190599 0.0156166749 -0.033663962 0.125503242 0.0164485406 0.0123281758 0.0181342624 0.0248631909 -0.0461316258 0.0293286406 0.0615458451
G971 0.0994545668 0.0365581028 -0.0340739302 0.0086252559 -0.0275148582 0.0441576876 0.00578242028 -0.00678913482 0.0538884439 0.0145442598 -0.0444230027 0.0426320471 -0.0696142465 -0.0402514078 -0.0963329375 -0.0508630835 0.105647139 0.0199872293 -0.0257873517 -0.0359252095 0.00424902793 0.0438007303 -0.0440116003 -0.130272925 -0.0178944748 -0.065022327 -0.222524017 0.0727681443 -0.0616284572 -0.0451906137 0.0570737123 -0.078656435 -0.0321268253 0.0178235341 0.0282701366 -0.00531255919 -0.0133988094 -0.0960100144 -0.0100339493 0.140729219 0.0249518696 -0.124412283 -0.0590261742 0.0394429527 0.0485922508 -0.0452649072 -0.0380067863 -0.0847786292 0.0108640864 0.0477156118 -0.000480773248 0.0831767917 -0.000828190998 0.116659649 -0.000630782743 0.000356540637 0.0986469015 0.0425581783 0.0603595376 0.00973994657 -0.0173312463 -0.0257533081 0.00930173788 0.0750858039
G972 0.0930338949 0.0346055701 -0.0538924523 -0.0373226441 -0.0148805222 0.0123980707 0.0227482915 -0.0143771805 0.0434858091 0.0204918608 -0.015123751 0.0540093593 -0.0689394176 -0.0256028417 -0.0572430454 -0.0317995623 0.0935247913 0.0451143496 -0.0654240921 -0.128909349 -0.0571089722 0.0250030626 -0.0588733666 -0.131623656 -0.0306037478 -0.0335237496 -0.219853088 0.0924308226 -0.0413896814 -0.0412433706 0.0485123843 -0.101949841 -0.0228525307 -0.0375144035 0.0341551937 0.00744688092 0.0483126156 -0.112336472 0.0216914061 0.177816495 -0.00756603153 -0.122758284 -0.0220311806 0.0735352486 0.0736795515 -0.010444033 -0.0346759483 -0.073367402 0.0357334949 0.0514479615 0.00923599768 0.0673256665 0.0037975281 0.124193378 0.00926206633 -0.0347593464 0.128259704 0.0147827882 0.00941335689 0.0153303882 0.0178410858 -0.0423435718 0.0259840023 0.061702393
G973 0.0581633039 0.0251429584 -0.0554330945 -0.0397570506 -0.0175204594 0.0275597163 0.0709804147 -0.0453298949 0.011776058 0.0643865466 -0.0799206346 0.0907763913 -0.0382677726 -0.0307040401 -0.162882164 0.00200854731 0.112817772 0.0289008114 -0.0568315387 -0.0442209356 0.0127012758 -0.0104502989 -0.0229138024 -0.0866742283 -0.0178434961 -0.098464936 -0.173813209 0.0179976113 0.0612753741 0.0123069007 -0.0534927472 -0.0112662092 -0.0235339329 -0.0456033796 0.0324979909 -0.00629688753 0.0200812817 -0.0922852084 0.0665373355 0.13886109 0.0108626122 -0.0801267549 0.0508394502 0.0353199057 0.0137318186 0.0475893617 -0.0696555898 -0.0870658681 0.0665071607 0.0872488469 0.0788357183 0.0376762636 0.052307494 0.0444886014 -0.0945167616 -0.0612007715 0.0610562861 -0.0741862655 0.00755860703 0.0474854 -0.0119079016 0.00758010196 0.112838939 0.138846189
G974 0.0897630006 0.0278984588 -0.058908198 -0.0336221829 -0.0155077167 0.0067822733 0.0174807049 -0.0151904766 0.0404943191 0.0296340622 -0.0109576611 0.0571525656 -0.0659369528 -0.0314337574 -0.0597057566 -0.0316301994 0.0937762186 0.0468947217 -0.0669054389 -0.139690936 -0.0555448234 0.0199795607 -0.0655816644 -0.127312198 -0.0236091651 -0.0250726994 -0.213611871 0.0839625522 -0.0356279425 -0.0266009141 0.0489664115 -0.0845599696 -0.0270090159 -0.0390805826 0.0380871035 0.00949062966 0.0575397611 -0.121447071 0.0214305837 0.174234718 -0.016555652 -0.12568301 -0.0206400715 0.0790991411 0.0778003335 -0.00533891795 -0.0379006937 -0.0742485747 0.0389950797 0.0547220558 0.00815840811 0.0650094599 0.0175302401 0.116800919 0.00973998755 -0.0381428525 0.12863268 0.0150860185 0.0164511409 0.00751523953 0.0229318943 -0.0451960824 0.0266993959 0.0671062097
G975 0.0961168185 0.0306007639 -0.03768133 0.0117549924 -0.0293417424 0.0396343842 0.00189208193 -0.00681006303 0.0498570092 0.0216781925 -0.0406740531 0.0450478159 -0.0690418035 -0.0451727659 -0.0974519104 -0.0503222086 0.106055476 0.0211018007 -0.0279409364 -0.0447222516 0.00766222877 0.0387747064 -0.0468060002 -0.123255536 -0.0117454361 -0.0584151037 -0.218810767 0.0652325079 -0.0556168593 -0.033420369 0.057002835 -0.0646348 -0.0357938595 0.0153550496 0.0331724733 -0.00388561701 -0.00665364275 -0.101991951 -0.0109408209 0.136900812 0.0170203988 -0.12615335 -0.0588469543 0.0439053141 0.0522514135 -0.0401336215 -0.0412346646 -0.0843802169 0.0145093789 0.0483505242 -0.00232944242 0.0808670744 0.0110723553 0.110717326 0.00142567023 -0.00320637738 0.09795136 0.0443065204 0.0652522221 0.00571098831 -0.013651683 -0.0272394326 0.0110415015 0.0788512751
G976 0.0898270458 0.029144207 -0.0575549863 -0.0327578932 -0.0150375394 0.0079423245 0.0186353251 -0.0160642285 0.0398829021 0.0285534989 -0.0107209003 0.0549578704 -0.0647454262 -0.0295078028 -0.0598075725 -0.0336439088 0.0946337134 0.0456025265 -0.0665574446 -0.138804391 -0.0551070794 0.0228511225 -0.0681629181 -0.13053745 -0.0240822863 -0.0241101757 -0.215062812 0.0871016607 -0.0358037427 -0.0291254055 0.0494549274 -0.0868269354 -0.0281370301 -0.0379412584 0.0377830975 0.00809511915 0.0576465689 -0.119728789 0.0228220318 0.174832255 -0.0167494267 -0.128332064 -0.0208855774 0.0770927742 0.0770373419 -0.00528984796 -0.0358884037 -0.074912332 0.0391565412 0.0568806306 0.00618743943 0.0654069409 0.0155428173 0.11690478 0.00775130698 -0.0381103791 0.128209531 0.0137287974 0.0153267244 0.00530138938 0.0197779126 -0.0448227562 0.0253167823 0.0680634156
G977 0.0379377268 0.0615507811 -0.105249941 -0.0345263518 0.0271332264 -0.0940245837 0.052454181 0.00902915373 -0.0565213636 0.12392395 -0.0815657601 0.124705315 -0.0286961328 0.0143373683 -0.133448213 -0.0251496956 0.0207536817 0.0666897818 0.00711569656 0.00692621991 0.0273039211 -0.0123315556 0.0279117953 -0.057186 0.0233583432 -0.0819434226 -0.175751761 0.0787325799 0.0464973189 0.0205172244 -0.020300243 -0.00898284838 -0.0646495149 -0.0528363325 0.084803015 -0.0387516916 -0.0127134556 -0.128451779 0.0570464432 0.107177854 0.0779978111 0.0234959368 0.085153468 0.0988172069 -0.0590944141 0.0425248593 -0.0517218485 -0.0912519023 0.058140222 0.0915956646 0.0657930225 0.0091108717 0.0765346661 0.0595415197 -0.106777921 -0.0407399721 -0.00467710244 -0.0423005782 0.051310908 0.0546087027 -0.011731647 0.00876560528 0.0109788133 0.115298793
G980 0.0256732628 0.0539581254 -0.0722997636 0.015903214 0.013073978 -0.0771710649 -0.0166358091 0.0757740736 -0.0313323289 0.0725216046 -0.0338297002 0.106970169 -0.0911666527 0.0164922588 -0.0959645063 -0.058028806 0.0520938486 0.0354129598 0.047508385 0.0176451951 0.00260039303 0.0730807856 0.0790269673 -0.049640514 0.0314201191 -0.0390723385 -0.218211114 0.135402679 -0.0894320682 -0.0269385483 0.0569889322 -0.0935914814 -0.0573957153 -0.0242838878 0.109926879 -0.0311193857 -0.0350976437 -0.12911512 -0.0386175998 0.105730526 0.112213597 0.012173932 -0.0195482858 0.0977392793 -0.0526377223 -0.0362064987 -0.00146197085 -0.0709398761 0.00321377744 0.0303178299 -0.000412876281 0.0291415118 0.0197721086 0.130909696 -0.040852081 0.0402284637 0.016523961 0.115922399 0.0839909166 0.0143741742 0.00603385922 -0.0465496778 -0.0088402899 0.0688411519
G981 0.0216395538 0.0472085215 -0.0750274286 0.026520893 0.0128236897 -0.0842640176 -0.0238710176 0.0816492885 -0.0441218913 0.0944481045 -0.0260968097 0.106768325 -0.0869195685 0.0210998785 -0.0975748971 -0.0580295138 0.0601737574 0.0461351387 0.0458171591 0.0122315632 0.0105565861 0.0677767769 0.0814981982 -0.0507818013 0.0414277539 -0.0306949709 -0.209475815 0.133998185 -0.0806286409 -0.0109843994 0.0593531542 -0.0864483938 -0.0652571693 -0.0254258644 0.115138628 -0.031071825 -0.0127825094 -0.135834113 -0.0452978387 0.100966483 0.105445363 0.0231110435 -0.0170600433 0.109190278 -0.0513666272 -0.0311497506 -0.000972650771 -0.0740094483 0.000448391511 0.0326444693 -0.0029090899 0.0213926081 0.0411544703 0.122225009 -0.0386287756 0.034019649 0.0118548609 0.120780997 0.0858314931 0.00834545307 0.0120613053 -0.0481603444 -0.0118200704 0.083015278
G984 0.0222122464 0.0463842377 -0.0760151669 0.0267984774 0.0128889019 -0.0850183219 -0.0243408475 0.0814647675 -0.0445585139 0.0957257822 -0.0260596443 0.106967218 -0.0871230736 0.0199077576 -0.0975030363 -0.0576575622 0.0596332103 0.0466158688 0.0457323864 0.0121140536 0.0107924137 0.0667163655 0.0810973123 -0.0498706847 0.0411337502 -0.0301657319 -0.208975717 0.133174896 -0.0805815235 -0.00956888124 0.0591655523 -0.0847795755 -0.0656588674 -0.0260876268 0.11476282 -0.0308973938 -0.0123730525 -0.136981562 -0.0454376526 0.100756779 0.105095647 0.0233643372 -0.0166604314 0.110221826 -0.0508673787 -0.0306130592 -0.00150352728 -0.0739325806 0.00089019991 0.0326600149 -0.00269335555 0.0214989632 0.042292811 0.122061826 -0.038927868 0.0344551392 0.0115622357 0.120187394 0.0863028541 0.00832822919 0.0131755294 -0.0484791659 -0.011506713 0.0827874616
G987 0.0254668836 0.0537405983 -0.072368212 0.0158601161 0.0126927039 -0.0776790008 -0.0170799084 0.0768779814 -0.0317657292 0.0727293044 -0.0336891338 0.107487991 -0.0919552743 0.0159152132 -0.0957828686 -0.0573079884 0.0518020019 0.0359668285 0.0477003716 0.0178321097 0.00302417763 0.0724616945 0.0809635296 -0.0482465029 0.0316410698 -0.0400943831 -0.218587488 0.134799004 -0.0894097015 -0.0271240585 0.0568774231 -0.0936592296 -0.0566700064 -0.0246964712 0.110415146 -0.030823499 -0.0353406221 -0.129336655 -0.0392972492 0.105348699 0.112350516 0.0133802546 -0.0198288932 0.0976649448 -0.0526466705 -0.0362889096 -0.00216263114 -0.0706240237 0.00305457739 0.0287773293 1.3959595e-05 0.0286820307 0.0200695768 0.131148934 -0.0396894068 0.0401955433 0.015924124 0.116839826 0.0840762481 0.0155070303 0.00685402565 -0.0462489054 -0.00806430634 0.0682535172
G988 0.0247970074 0.0521492623 -0.0746349171 0.015272567 0.0131072728 -0.0777130872 -0.0183935724 0.0780120939 -0.0309025627 0.0747901425 -0.033684805 0.109975114 -0.0931903273 0.0145857595 -0.0960619971 -0.0554536059 0.0506307147 0.0365250185 0.0474733599 0.0175562091 0.0020913356 0.0704408512 0.0827352032 -0.0461257212 0.031415917 -0.0418472476 -0.215750694 0.131841481 -0.0895041972 -0.0245689284 0.0572737381 -0.0894180834 -0.0565489642 -0.0262531731 0.109394915 -0.0296617616 -0.0357365869 -0.130370766 -0.0396658853 0.103724927 0.112447366 0.014509161 -0.0184825845 0.100437358 -0.0513224714 -0.0356448665 -0.00429142686 -0.0708043128 0.00262876507 0.0277343858 0.00146944926 0.0285021923 0.0223105736 0.130861655 -0.0377450697 0.0408159755 0.0144186886 0.116534606 0.0851849914 0.0163631774 0.00936333835 -0.0476579778 -0.00692607788 0.0682794526
G989 0.0280158184 0.0527842566 -0.0736003891 0.0290263798 0.0152118662 -0.0796938166 -0.0178905018 0.078461498 -0.0485926196 0.0983301327 -0.0247427188 0.102748662 -0.0894790664 0.029645171 -0.0951570347 -0.0570577458 0.0676437542 0.0534645095 0.0469161831 0.0175430849 0.0131644988 0.0665534958 0.0866101459 -0.0550484657 0.045451656 -0.0331361704 -0.206483409 0.141355306 -0.0777509585 -0.0134709775 0.0580037907 -0.0994045734 -0.0690748915 -0.0220510736 0.11451032 -0.0364139117 -0.00667933933 -0.128385633 -0.0452836603 0.103562668 0.115117371 0.0274544172 -0.0128346421 0.113735765 -0.0515930578 -0.0289955046 0.00394268055 -0.0744844973 -0.00102833926 0.031592641 -0.00412813062 0.0201667231 0.0466017835 0.125595495 -0.0355438776 0.0289518703 0.011311966 0.115513153 0.0807978287 0.0109359762 0.00853652693 -0.0474888757 -0.0142444177 0.0871103108
G993 0.0269350559 0.0569130927 -0.0718043372 0.0147694442 0.0135222487 -0.074904792 -0.0149260322 0.0735739991 -0.0289102644 0.0705019087 -0.0335354842 0.10802643 -0.0924986303 0.0164950527 -0.0954615697 -0.0561416894 0.0524598435 0.0355736539 0.0493650809 0.017006183 0.000739871233 0.0738227069 0.0809587166 -0.0488096997 0.0337078795 -0.0427971408 -0.218602479 0.134985909 -0.0895320848 -0.0297893472 0.0566918701 -0.0952680111 -0.0558172427 -0.0222951565 0.111100957 -0.0331019945 -0.0381508581 -0.127482727 -0.0374047533 0.106877312 0.117503054 0.010141464 -0.0194386467 0.0974932387 -0.0528999195 -0.0366092175 -0.000419446616 -0.0697180033 0.00340012321 0.029290542 0.000214401589 0.0288714059 0.02104914 0.132674918 -0.0378109552 0.038804654 0.0169947222 0.114705481 0.0845385119 0.0151412832 0.00331199775 -0.0474293567 -0.00699442066 0.0669248626
G994 0.0135961296 0.0479183719 -0.0797865838 0.01171997 0.0141649963 -0.0889823809 -0.0234756004 0.0824595988 -0.03666481 0.0828176141 -0.0258418228 0.114143863 -0.0827410966 0.0159266237 -0.0915857181 -0.0615634248 0.046725858 0.0405306779 0.0411618091 -0.00109670532 -0.00108970888 0.0677231923 0.0665393025 -0.0505257361 0.0355493426 -0.0280598961 -0.211365119 0.132183477 -0.0797768831 -0.0128314672 0.064708218 -0.0781122297 -0.060099598 -0.0334916711 0.113090128 -0.023278866 -0.015155213 -0.140331462 -0.0327457301 0.101550519 0.0926442593 0.0148869669 -0.0119096162 0.107034177 -0.0471584164 -0.0292289406 -0.00853525288 -0.0762402341 0.00669860793 0.0352320746 -0.00261611654 0.0242672488 0.0314228646 0.121994942 -0.0403285176 0.0308661852 0.0165526606 0.115646593 0.0850338414 0.00721403444 0.0142259123 -0.0532610826 -0.0157471877 0.0749125481
G995 0.0792859942 0.0609641634 -0.0975290015 -0.0435842089 0.0291201621 -0.0718408823 0.0787706599 -0.0373176374 -0.0445346199 0.0622801296 -0.106398642 0.106908619 -0.0222036745 0.00585080823 -0.138200864 -0.0425568148 0.027567314 0.0267748479 -0.00446701143 0.0159592833 0.0196164716 -0.0144263012 -0.0339576825 -0.0730856806 0.0108202081 -0.0798834339 -0.185021743 0.0717945248 0.05982605 0.0127033135 -0.0342416093 0.0190567579 -0.0787904188 -0.0546275415 0.0573191382 -0.0331702381 -0.0310249254 -0.0979391262 0.0847544372 0.108271487 0.040900968 -0.0322491042 0.0744629428 0.0787718445 -0.0468606614 0.0581116788 -0.0704992041 -0.0923642442 0.0797313228 0.0964447036 0.0724823251 0.0190341678 0.0316609181 0.0558700673 -0.110090941 -0.0337285288 0.0133799622 -0.0893013626 0.0559655093 0.0462203436 -0.0212746188 0.0442811437 0.00310806674 0.0937635526
G996 0.0199314505 0.0445717163 -0.0756279007 0.0224860795 0.011213732 -0.0869336426 -0.026509881 0.0811731666 -0.0385242179 0.0871446356 -0.0292648636 0.108969629 -0.0850384384 0.0127251241 -0.0986410305 -0.0593710802 0.0521721616 0.038190145 0.0457994267 0.00939499773 0.00700670341 0.0701938868 0.0743164048 -0.048054792 0.0354841352 -0.0294059608 -0.214872405 0.129590034 -0.0856496766 -0.013091974 0.0593893379 -0.0783842802 -0.061095871 -0.0272511318 0.114231892 -0.0278946627 -0.0219467431 -0.140994191 -0.0431823842 0.101146936 0.0994074196 0.0158931278 -0.0209004078 0.102976471 -0.0513948426 -0.0337303504 -0.00408144481 -0.0728624091 0.00316419452 0.0342318192 -0.00153126346 0.0245147068 0.0321559086 0.121933952 -0.0431786962 0.0398540981 0.0139480941 0.121779762 0.0891470984 0.00680181384 0.0128114801 -0.0475393534 -0.0102618104 0.0761557519
G997 0.0890783742 0.0566709563 -0.101913288 -0.0448268503 0.0243446063 -0.0817648768 0.0747072101 -0.0346741229 -0.0519679748 0.0740626007 -0.106751338 0.108757235 -0.0332729518 -0.00226205634 -0.130009547 -0.0371079296 0.0218232572 0.0329644792 -0.00311349565 0.019666072 0.0267933588 -0.0220102202 -0.0223597977 -0.057150539 0.00260215835 -0.0833174214 -0.193736583 0.0683684573 0.0600355677 0.0118433954 -0.0389363207 0.0197177455 -0.0745805502 -0.0642341673 0.0587283224 -0.0335294828 -0.0308169872 -0.106824398 0.0788498074 0.109506972 0.0471953601 -0.023142999 0.0739978179 0.086260207 -0.0464665294 0.0612571314 -0.0726267919 -0.0831251144 0.082629554 0.0874587893 0.0758922249 0.0191749968 0.0399348587 0.0599356517 -0.108867794 -0.0312554166 0.00959879719 -0.0876459405 0.0546198487 0.0589121692 -0.0120659517 0.0476339608 0.0102020102 0.0784124658
G998 0.0930559412 0.057938803 -0.103189178 -0.0420432948 0.024682004 -0.0856800154 0.0748930871 -0.0345002674 -0.0518974848 0.0758823678 -0.108592533 0.107899591 -0.0309092347 -0.00646105455 -0.130984545 -0.0372865088 0.0226710588 0.0355453379 -0.0046545174 0.0197543316 0.0267943013 -0.0265232977 -0.0233903248 -0.0587325096 0.00311179832 -0.0825863034 -0.193292826 0.0684469193 0.0568311065 0.0126947658 -0.0369325429 0.0205290131 -0.0764715597 -0.0631185919 0.0580854192 -0.0345607139 -0.0319355652 -0.10983029 0.0781059638 0.109266937 0.0472533703 -0.0201874562 0.0742480308 0.0859761238 -0.0453082211 0.0602672361 -0.0740449354 -0.0844873935 0.0835043341 0.0882466882 0.0763655007 0.0204893406 0.0404308587 0.0624683872 -0.108333573 -0.0302587952 0.0105711054 -0.0887533799 0.0567510873 0.0595603473 -0.0115151396 0.0480246283 0.00634089112 0.0791596323
G999 0.0930211693 0.0579932593 -0.103248596 -0.0421422943 0.0247026421 -0.0856773853 0.0748830438 -0.0345111527 -0.0518641248 0.0758779049 -0.10857103 0.107971676 -0.0308329519 -0.00650519552 -0.130890012 -0.0373374671 0.02257411 0.0356141925 -0.00467815949 0.0196781103 0.0267433524 -0.0265331641 -0.0235189702 -0.058752127 0.00305475714 -0.0825940073 -0.193289459 0.0684078112 0.056889765 0.012677581 -0.0368304476 0.0205622669 -0.0764264837 -0.0631655157 0.0580448881 -0.0344486237 -0.0318420604 -0.109885693 0.0782271698 0.10928113 0.0472087115 -0.020200802 0.0743703842 0.086019963 -0.0452147312 0.0602808483 -0.074103266 -0.0845380276 0.0835187733 0.0883016214 0.0763890594 0.020507969 0.040463645 0.0624772608 -0.108366184 -0.0303771216 0.0106166014 -0.0888287351 0.0567426123 0.0595886223 -0.0115124676 0.0479370877 0.00625141058 0.0791111439
G1000 0.0269496571 0.0403925516 -0.0849632621 0.0111659486 0.00817744434 -0.0758018941 -0.025732331 0.0879094452 -0.0334305316 0.0624972135 -0.0379921682 0.114240564 -0.0838971585 0.0237048566 -0.0886018276 -0.0464701243 0.0565833971 0.0469710566 0.0230563078 0.00911643635 0.00297875633 0.0514921732 0.0475657806 -0.0375160687 0.038298171 -0.0187766682 -0.202108338 0.119114771 -0.053019423 0.0083952276 0.0481597781 -0.0603605099 -0.0757086128 -0.0522424206 0.0904505849 -0.00263597653 -0.00315801683 -0.123175859 -0.0272980444 0.0883804336 0.0610360876 0.0143481009 -0.0208433978 0.138236672 -0.0452410281 -0.0155883171 -0.0348944031 -0.0791744962 0.0167862047 0.0209265724 0.0046445597 0.031185504 0.0336492769 0.10916768 -0.0248290896 0.0215949472 0.0245779399 0.108069383 0.0966037288 0.0167604089 0.0303569846 -0.0377173312 -0.0198392328 0.0948270261
G1003 0.0423494428 0.0378558747 -0.0862720683 0.0215888005 0.00386706996 -0.0793920457 -0.0284133833 0.0869391784 -0.0355270877 0.0700112805 -0.0438460484 0.109680735 -0.0930222645 0.011561024 -0.0921610147 -0.0384377353 0.0583421662 0.0506411232 0.0259563029 0.0229442939 0.0134178288 0.0451431125 0.0610206611 -0.0264320206 0.0330457278 -0.0254744645 -0.208544046 0.113208942 -0.0585796274 0.00672112685 0.0400213264 -0.0561706945 -0.0754376799 -0.0509076752 0.0874774456 -0.00817156956 -0.0144542716 -0.129395425 -0.038968645 0.0898856521 0.0741791278 0.0211644266 -0.0265710149 0.139586747 -0.0475531518 -0.0183058344 -0.0342633165 -0.0716402307 0.0170782115 0.0116870077 0.00904973596 0.0355830491 0.0371941142 0.113500141 -0.0237805042 0.0330512561 0.0204787068 0.110023119 0.102720581 0.0266123991 0.0371029116 -0.0324678496 -0.00980614871 0.0871476382
G1006 0.0433668643 0.0333844572 -0.0856535435 0.0237837397 0.00216594734 -0.0869890973 -0.0328095704 0.0887440965 -0.0405523628 0.0780410171 -0.044198025 0.111676373 -0.0927333757 0.00965139829 -0.0906666443 -0.0396838635 0.0613041744 0.051247891 0.027606355 0.0229622126 0.0157520566 0.043416366 0.062536329 -0.0258598402 0.032300245 -0.0262819808 -0.210469499 0.112702452 -0.0597046837 0.00942248572 0.0427389294 -0.0528424606 -0.0749201626 -0.0528162904 0.0897525921 -0.00823190156 -0.00998886861 -0.13544552 -0.0420869738 0.0896086395 0.073787272 0.0278377179 -0.0273973383 0.139316127 -0.0493880473 -0.0188776422 -0.0371014699 -0.0702896491 0.0159370992 0.0113323545 0.0115310876 0.0328194126 0.0423786007 0.113825291 -0.0257523134 0.0375153609 0.0163034927 0.111897022 0.103600807 0.0274686981 0.0402155705 -0.0298971124 -0.0113648269 0.0833029225
G1009 0.0108566191 0.077979669 -0.0908792987 -0.0388141461 0.0340961069 -0.0941628441 0.0593505949 0.0124913454 -0.0558720231 0.133993581 -0.0647169277 0.124043256 -0.0290584285 0.0391965434 -0.133316204 -0.0341879092 0.025387628 0.0649357662 0.0248191431 -0.00203117565 0.0184985623 0.0152833452 0.0532477088 -0.0747807696 0.0332920998 -0.0854372159 -0.17891857 0.1045909 0.0273982957 -0.00127160735 -0.0130923837 -0.054362312 -0.0494708009 -0.0304406174 0.11019814 -0.0579888299 -0.0115937218 -0.128364161 0.0516431667 0.124237664 0.11282178 0.0317854509 0.0913951173 0.0786276981 -0.0733791143 0.027490912 -0.018558247 -0.0893584713 0.043958243 0.105418287 0.0547332168 -0.00178788078 0.0737683326 0.0700291097 -0.118826248 -0.0418186337 -0.00692865159 -0.0241916403 0.0307552163 0.0429369099 -0.0338417441 -0.00908401329 0.0156943053 0.11722672
G1012 0.0134903947 0.083635591 -0.0886366144 -0.0426246263 0.0360829346 -0.0882920399 0.0649065375 0.00929719582 -0.0516937375 0.125562206 -0.066981189 0.122629821 -0.0314583704 0.0420223437 -0.132292271 -0.0342435464 0.0256693922 0.0630675405 0.0256647635 0.00183737406 0.0159009714 0.0176062472 0.0542807728 -0.0771350414 0.03146163 -0.0900889337 -0.180377588 0.108400539 0.0255479757 -0.00916695222 -0.0143032605 -0.0625238344 -0.0479133874 -0.0284723435 0.108078375 -0.0595353134 -0.0177627206 -0.121990785 0.0551558882 0.127132669 0.118760072 0.0284964964 0.092520386 0.0756487474 -0.0737649277 0.0261019859 -0.0166642386 -0.0889981538 0.0440202206 0.104544714 0.0545794033 0.000894867175 0.0665211082 0.074810572 -0.117826395 -0.042016305 -0.00510146143 -0.0280304104 0.027764136 0.045077838 -0.0381467678 -0.00863123219 0.0154049061 0.114166707
G1015 0.0154191572 0.0840048194 -0.0893051624 -0.0372857451 0.0368883908 -0.0882749408 0.0648863465 0.0112342611 -0.0593486577 0.137043387 -0.0630778 0.121139735 -0.0330319107 0.0491527356 -0.130758002 -0.0313962214 0.0329217836 0.0717290342 0.0255305246 0.00328165363 0.0209445823 0.0134261409 0.0621261187 -0.0775019526 0.037549641 -0.0894141048 -0.175091684 0.110376678 0.0308123678 -0.00316452514 -0.014081805 -0.0670014545 -0.0523246489 -0.0277532917 0.109139696 -0.0617105402 -0.0070155994 -0.120295219 0.0507432334 0.126530454 0.122689627 0.0386765674 0.0959753245 0.0836748928 -0.0733062699 0.0293860491 -0.0150489304 -0.0895317867 0.0415846258 0.102588572 0.0538844056 -0.00350682857 0.0794277415 0.0743995085 -0.113459989 -0.0473938584 -0.00796800945 -0.0275097247 0.0257885139 0.04692173 -0.0358697511 -0.00885115564 0.0133762388 0.121013507
G1019 0.00812562928 0.0788321719 -0.0904436409 -0.0391334593 0.0352395475 -0.0916228294 0.0606053658 0.0125590777 -0.0548195243 0.131354541 -0.0633541718 0.123366348 -0.0286622215 0.0411743186 -0.13423197 -0.0355146341 0.0260749124 0.063395381 0.0242460351 -0.00373412389 0.017529767 0.0168433059 0.0515218116 -0.0773485377 0.0344982482 -0.0857776552 -0.177526116 0.105706349 0.0290977173 -0.0022887236 -0.0125367111 -0.0543712862 -0.0502473116 -0.0300192982 0.109705769 -0.057620503 -0.0116592459 -0.125839159 0.0537068471 0.12399891 0.110840961 0.0283996016 0.0921174586 0.0769984648 -0.0725533441 0.0286549926 -0.0186400283 -0.090961203 0.044128824 0.105863824 0.0528542474 -0.00166093628 0.0718360394 0.0690795779 -0.117932022 -0.0428006686 -0.00713985972 -0.0253231134 0.0296828672 0.0408720784 -0.0356051624 -0.0105140973 0.0150063494 0.119730644
G1022 0.0855464563 0.0562316217 -0.0747462884 -0.0440403111 -0.00261679362 -0.00435949303 0.0104018729 -0.0146932416 0.0476465598 0.0166010391 -0.0362781994 0.0927017033 -0.043019224 -0.0272257868 -0.0513093434 -0.075752683 0.0491523892 0.054151535 -0.0318707637 -0.0927796513 -0.0359842628 0.0388720259 -0.106318384 -0.117541209 -0.0180285629 -0.0316346474 -0.22170274 0.0868810937 -0.0178009216 -0.0364231579 0.0841117427 -0.0613611415 -0.0407174751 -0.0300738234 0.0378434621 0.0294538811 0.030843053 -0.12059658 0.0519688502 0.158336446 0.00522723468 -0.115698472 -0.00208793604 0.0941342115 0.0599323697 -0.0249698386 -0.0584544316 -0.0906004235 0.0322701745 0.0735974312 0.00799777452 0.0768115446 0.0125366515 0.109846272 -0.0142684029 -0.0467931032 0.109226525 0.0135590574 0.064550221 0.00930705573 0.000633090851 -0.0417442247 -0.0583511628 0.0619657636
G1023 0.0855541304 0.0562003106 -0.0747152045 -0.0439605303 -0.00262748403 -0.00433102483 0.010404001 -0.0146758091 0.0476194173 0.0166143868 -0.0362786986 0.0926527902 -0.0430591963 -0.0272111055 -0.0513775647 -0.0757265687 0.0492050759 0.0541202277 -0.031853117 -0.0927186459 -0.0359456837 0.0389017351 -0.106229536 -0.117510706 -0.0180105325 -0.0316410847 -0.221710786 0.0868858919 -0.0178388618 -0.0364304893 0.0840591639 -0.0613844208 -0.0407358147 -0.0300639067 0.0378552713 0.0294128321 0.0307973661 -0.120559029 0.0519004837 0.158321172 0.00525478227 -0.115707703 -0.00214961288 0.0941049606 0.0598896816 -0.0249711219 -0.0584150814 -0.0905745998 0.0322593898 0.0735738724 0.00797675643 0.0767924488 0.0125177279 0.109835356 -0.0142678339 -0.0467356555 0.109181702 0.0136062289 0.0645448714 0.00929096621 0.000614262011 -0.0417183228 -0.0582830384 0.0620115548
G1024 0.0837980956 0.0185153428 -0.0684701279 -0.0384416431 -0.026355397 0.00726441108 0.061021179 -0.0406599082 0.00606834842 0.0921117291 -0.0837532133 0.0964493901 -0.0609007217 -0.0570816472 -0.149550453 0.017454261 0.101811536 0.0476748236 -0.0571887046 -0.0378684215 0.0288947336 -0.0365046449 0.00207542069 -0.0546904579 -0.0332797691 -0.113238223 -0.186848462 0.00312854163 0.0560700595 0.0111328503 -0.060579624 -0.00190815004 -0.0163815822 -0.059884876 0.0302809291 -0.00666098297 0.00997197442 -0.115964837 0.0519131757 0.141148821 0.0286146626 -0.0611785576 0.049883645 0.0509566367 0.0187340472 0.0492130294 -0.0804246813 -0.069738321 0.0712950826 0.0660227761 0.0873976499 0.0439218134 0.0719302073 0.0561664663 -0.083212018 -0.053725414 0.0565448478 -0.0736647695 0.0116400337 0.0778319091 0.0104559651 0.0112897241 0.122919284 0.107812926
G1025 0.0234106369 0.0561907813 -0.10172151 -0.0393522531 0.0238368344 -0.0857668966 0.0505048484 0.0201440658 -0.0544703454 0.116245918 -0.0798142627 0.132278651 -0.0392680094 0.0265469085 -0.135603651 -0.0206055958 0.0269963946 0.0593169145 0.00877255108 0.0106801325 0.0257705282 -0.00605415599 0.0435596928 -0.0495906733 0.0262302347 -0.0893984362 -0.171842858 0.0759585574 0.0538882054 0.021644406 -0.0236495305 -0.0109304264 -0.0599590205 -0.0599862337 0.0884692818 -0.0334300138 -0.0129304826 -0.117317498 0.0544444583 0.101402603 0.0754552111 0.0294517465 0.0816692486 0.0994850621 -0.0640240759 0.0454700738 -0.0555984713 -0.0900163054 0.0537407137 0.0823696777 0.0678112954 0.00341341365 0.0741352588 0.0563299283 -0.100885205 -0.0404776111 -0.0104386555 -0.0300986469 0.0484718122 0.0571253635 -0.00964357518 0.00893806014 0.0209922753 0.119685091
G1028 0.0361441374 0.0592497513 -0.106243558 -0.0390751474 0.0265825037 -0.0956690982 0.0539820231 0.0100966673 -0.0587498918 0.12531814 -0.0776909143 0.12469136 -0.0342518538 0.019765107 -0.129502356 -0.0213896595 0.0204977505 0.0664869249 0.00549646234 0.000661390019 0.0229399335 -0.012109993 0.0304331984 -0.0527077094 0.0224678349 -0.0786397383 -0.177002713 0.0818109661 0.049632296 0.0209742058 -0.0267970487 -0.0131845288 -0.0626584142 -0.0607514605 0.0857838169 -0.039219629 -0.00677643809 -0.128261611 0.0573287942 0.110868499 0.0763910562 0.0230644569 0.0854226574 0.104709059 -0.0610603578 0.0476467758 -0.0489277393 -0.0863375515 0.0613429621 0.0892862901 0.064346239 0.006438802 0.0766275898 0.0585878342 -0.106395014 -0.0413677841 -0.00453609601 -0.0427522473 0.0449213721 0.055963017 -0.00822019577 0.00720263692 0.0187441949 0.115198165
G1031 0.0124797579 0.0752633661 -0.0915501937 -0.0392030291 0.0340892039 -0.0940454304 0.0612070747 0.0124253863 -0.0519923903 0.135757998 -0.0666426271 0.123168729 -0.0321676806 0.0323581174 -0.133148476 -0.0276056193 0.0265602302 0.0666885301 0.0223526433 -0.00571889523 0.0220582522 0.011492054 0.0566647798 -0.0715528727 0.0330199823 -0.0872828513 -0.177011415 0.101421416 0.0285731722 0.000113175491 -0.0132864844 -0.0532959737 -0.0473257639 -0.0291198064 0.110277608 -0.0600512661 -0.0147332633 -0.128279164 0.0497355014 0.125092626 0.113618605 0.0328366496 0.0905460864 0.0790325403 -0.0729937181 0.028782608 -0.0224122182 -0.0872725621 0.042727232 0.103141949 0.0577974357 -7.74600776e-05 0.0766804144 0.0698865652 -0.114797063 -0.0407370925 -0.00910002738 -0.0235480182 0.0298241675 0.0452078208 -0.0301321875 -0.00835021492 0.01822659 0.118903749
G1034 0.0487620384 0.066215843 -0.0848626196 -0.0507764183 0.0232620537 -0.0493465587 0.0785997808 -0.0243538171 -0.0279668681 0.0344732627 -0.107604325 0.112944536 -0.0139521398 0.0320020542 -0.145283401 -0.0388126113 0.0421151929 0.0213853549 -0.00526406476 0.0211507287 0.0118279746 0.00903077424 -0.0436363779 -0.0791625381 0.0237386432 -0.067248933 -0.179619282 0.0830079764 0.0691017061 0.0150964884 -0.04239228 -0.00114064314 -0.0774363056 -0.050597012 0.0591414347 -0.0257561486 -0.027765315 -0.0812744722 0.0914672464 0.108340524 0.0381004959 -0.0337686129 0.0662784278 0.0805474967 -0.0671129599 0.0504870154 -0.0664664209 -0.0989228785 0.077302523 0.0999045521 0.06679748 0.0236923676 0.017476216 0.0436162204 -0.118982188 -0.0382682234 0.0192770045 -0.0723320916 0.0584524348 0.0348326787 -0.0310573131 0.0365281887 0.00425600493 0.128189683
G1035 0.0689735711 0.0667807087 -0.100353077 -0.0495241135 0.0210459661 -0.0727878436 0.0735984668 -0.0124297338 -0.0373867266 0.0647107661 -0.103097767 0.113561958 -0.0310147125 0.0115491953 -0.128697395 -0.0208090879 0.0209050141 0.0459248982 -0.00973764062 0.0143739497 0.018450005 -0.0137331719 -0.0151617527 -0.0537624173 0.00837893877 -0.078640379 -0.193684399 0.0786850303 0.0601230785 0.00503687002 -0.0484538153 -0.00394464424 -0.0704251006 -0.0691298097 0.0588254109 -0.0289107803 -0.0312633365 -0.102837689 0.0807051361 0.113158002 0.0521299057 -0.0162934102 0.0693027601 0.100331336 -0.0596333668 0.0534409098 -0.0675059259 -0.083695285 0.0829595253 0.0834864229 0.0703230202 0.0262570512 0.0322525501 0.0571406297 -0.103191711 -0.0404079109 0.0150734689 -0.0718032718 0.0540354922 0.0608881973 -0.0122288801 0.0334061384 0.0147205191 0.103942558
G1036 0.0798544064 0.0528359301 -0.0761343017 -0.0476892181 -0.00296822353 -0.00178992609 0.0100249378 -0.0121114245 0.0470862873 0.0170004293 -0.031760145 0.0935618505 -0.0486979783 -0.0228834357 -0.0492557175 -0.0736203343 0.048569046 0.0532708317 -0.0332363658 -0.09614636 -0.0373651609 0.0406157002 -0.102382623 -0.114325091 -0.0194216724 -0.0319992676 -0.219935 0.0855429173 -0.0123343058 -0.0348908752 0.0822103843 -0.0609411709 -0.0393648073 -0.0358514264 0.0372370966 0.0321392193 0.0335358009 -0.118833929 0.0521301068 0.157644406 0.00344253285 -0.116447985 -0.00138189062 0.0977270901 0.0601105355 -0.0211569946 -0.0577521548 -0.0885470584 0.0312903039 0.0718547329 0.00599678745 0.0748552829 0.0124455402 0.10785573 -0.013286043 -0.0478985943 0.106683694 0.0154779656 0.0612624362 0.0106343189 0.00294082006 -0.044961784 -0.0522008464 0.0620207712
G1037 0.0890795588 0.055543296 -0.103216857 -0.0470030569 0.0245956574 -0.0851373151 0.0769361779 -0.0332774632 -0.0538353324 0.0752760917 -0.104269661 0.108113907 -0.0356606245 0.000702019141 -0.127874792 -0.0341056325 0.0223025046 0.0339053459 -0.00573272258 0.0131215416 0.0217368472 -0.0241510347 -0.0205368027 -0.0555828772 0.00301116542 -0.0802086964 -0.193506956 0.0715153515 0.0603442825 0.0125067653 -0.0429146215 0.0158155374 -0.0741939172 -0.0696235672 0.0596651696 -0.0345945992 -0.025929641 -0.10714142 0.0790688172 0.112026893 0.0446309634 -0.0221309271 0.0746723115 0.0901692361 -0.0467718244 0.0649949163 -0.0710592121 -0.0803756639 0.0857144445 0.0864861086 0.0750560388 0.0169185791 0.0395080261 0.0606919974 -0.107129499 -0.0319612101 0.0107189137 -0.0885828882 0.0498791859 0.0593397021 -0.00920031313 0.0469593331 0.0139480093 0.079582341
G1038 0.0375987403 0.0347759426 -0.0966961831 0.0111843403 0.00577830616 -0.0765938386 -0.0317707099 0.0910001174 -0.0353397056 0.0833568498 -0.0347479656 0.120147176 -0.0948795974 0.00883661956 -0.0870595425 -0.0438340828 0.0516578071 0.0586193688 0.0275087487 0.0172013212 0.0115028052 0.0472648442 0.0482153073 -0.0167039521 0.0247044992 -0.0249373037 -0.207398504 0.104903236 -0.0492207408 0.00852175336 0.0478002653 -0.0479600504 -0.0690765828 -0.0729196817 0.082527101 0.0081175575 0.00628980901 -0.138715997 -0.0277294088 0.0924647897 0.0701492503 0.0158124976 -0.0147082265 0.154856488 -0.0392535627 -0.00825108867 -0.0382038988 -0.0731594637 0.019464029 0.0199670531 0.00414162688 0.0320808925 0.0452537872 0.106473088 -0.0356652178 0.0231100265 0.0159107093 0.104683511 0.0988101289 0.0257734321 0.0405277982 -0.0493636094 -0.0111508099 0.090997234
G1041 0.0376860574 0.0605652556 -0.10479255 -0.0411621854 0.0259681009 -0.0933823809 0.0568607934 0.00992868468 -0.0539657027 0.119983077 -0.0808184966 0.124991089 -0.0369602293 0.0185978021 -0.129985541 -0.0172800515 0.0219718143 0.0661102831 0.00425422937 0.00196037395 0.0240482371 -0.0134949926 0.0333292969 -0.0513514541 0.0223365743 -0.0808697715 -0.176538825 0.0807939544 0.0508418158 0.019512523 -0.0283163916 -0.0157734435 -0.0608893521 -0.0586680286 0.0858830437 -0.0401918367 -0.0111827981 -0.124891251 0.057094153 0.111616187 0.0787677839 0.0245867632 0.0839782357 0.103796348 -0.062181145 0.0471658371 -0.0506900325 -0.0853716731 0.0607877374 0.085967958 0.0669942424 0.00832562149 0.0747056976 0.0597950108 -0.103398919 -0.0413409993 -0.0035938751 -0.0415992253 0.0445493944 0.05855738 -0.00630535651 0.00910749566 0.020458132 0.115409739
G1044 0.0377225876 0.0604892224 -0.104829594 -0.0411083847 0.0259702057 -0.0935156494 0.0568246283 0.00989122037 -0.0541035831 0.120016143 -0.0807587802 0.124896891 -0.0368516222 0.0184890516 -0.130008206 -0.0173570905 0.0219289307 0.0661649182 0.00426058518 0.00186825183 0.0241050813 -0.0135372756 0.0331633985 -0.0513916872 0.02237189 -0.0807757601 -0.176573113 0.08080782 0.0508666709 0.0195756014 -0.0283241607 -0.0156712532 -0.0609149821 -0.0586615056 0.0858664811 -0.0401286148 -0.0110524725 -0.125028938 0.0570877008 0.111586086 0.0786244199 0.0245780256 0.0839771852 0.103734896 -0.0621686019 0.0471829735 -0.0507165939 -0.0853850096 0.0608211979 0.0859725252 0.0669551864 0.00831492152 0.0747261792 0.0597436018 -0.103460483 -0.041285757 -0.00357523002 -0.0416717678 0.0445985384 0.0584752858 -0.00623150123 0.009123303 0.0204252154 0.115370601
G1047 0.0387583449 0.0601132698 -0.105983205 -0.042135749 0.0247720778 -0.0961800069 0.0560308322 0.0133863436 -0.0518957339 0.122671753 -0.0819433406 0.125908434 -0.0400905274 0.015324086 -0.12849544 -0.0146279261 0.0251263455 0.0693114623 0.00370443356 0.00271193846 0.026064299 -0.0182974599 0.0345481299 -0.0483491458 0.0219668951 -0.0825561881 -0.175821036 0.0803502426 0.0516328923 0.0207151361 -0.0270437077 -0.0167121869 -0.0597260855 -0.0614778176 0.0852692872 -0.0410867743 -0.011713041 -0.12895073 0.0556246042 0.111953303 0.0804933459 0.0291665513 0.0830148384 0.106452338 -0.0638508275 0.0484878644 -0.0537774898 -0.0852340236 0.0608800352 0.0832630619 0.066814512 0.00821491331 0.0759071037 0.0606304333 -0.102764927 -0.0388298258 -0.00650655571 -0.0422086194 0.0439130329 0.061137829 -0.00315883034 0.00805267226 0.0210993737 0.116291709
G1050 0.0388181284 0.060097415 -0.106017217 -0.0421114452 0.0247759242 -0.0962672457 0.056034416 0.013344883 -0.0519782379 0.122707777 -0.0819324255 0.125855654 -0.0400826521 0.0152382934 -0.128476501 -0.0146627519 0.0250889026 0.0693444014 0.00370381912 0.00270318449 0.0261189528 -0.0183552131 0.0344788358 -0.0483184047 0.0219606087 -0.0824939311 -0.175872773 0.0803739429 0.0516192131 0.0207458399 -0.0270629618 -0.0166771896 -0.0597623847 -0.0614987388 0.0852555707 -0.0410709307 -0.0116691338 -0.129014879 0.0556415766 0.111964755 0.0804678053 0.0291670021 0.0830197036 0.106436163 -0.0638281405 0.0485258289 -0.0537881069 -0.0852197409 0.0609504133 0.0832509995 0.0667933151 0.00824145507 0.0759431049 0.0606496297 -0.10281875 -0.0388024971 -0.0064960951 -0.0422725268 0.043921154 0.0611410066 -0.00311241648 0.00805176701 0.0210896749 0.116248064
G1053 0.0352893546 0.0591306277 -0.10558024 -0.0408216603 0.0267725997 -0.0922088102 0.0566552617 0.0115543427 -0.0548617877 0.121529356 -0.0792807341 0.125430778 -0.0375356786 0.0193274561 -0.130515739 -0.0171789397 0.0208818056 0.0655183941 0.00464649545 0.000947050285 0.0235831514 -0.0123494016 0.0354299285 -0.0513413399 0.0223355908 -0.0819936767 -0.174747244 0.0794186667 0.0512270667 0.020021297 -0.0272576734 -0.0147175407 -0.0607870109 -0.0594494231 0.086221613 -0.0397577472 -0.0103590135 -0.124102466 0.0570116378 0.109835207 0.0773408189 0.0233031306 0.0843778327 0.103645563 -0.0606769547 0.0477844551 -0.0505337231 -0.0860999376 0.0594494082 0.0866016373 0.0665519238 0.00656655664 0.0752366036 0.0586008914 -0.102102719 -0.0423006043 -0.00564935338 -0.0406177454 0.0439939387 0.0570624061 -0.00676601566 0.00834288541 0.0212913342 0.116136894
G1056 0.0353428237 0.0591170527 -0.105612114 -0.0408003703 0.0267763287 -0.09229967 0.0566604137 0.011513995 -0.0549453162 0.121554129 -0.0792679563 0.125377625 -0.0375263356 0.0192409232 -0.130502746 -0.0172162522 0.0208468754 0.0655510128 0.00464823423 0.000933933537 0.0236385968 -0.01241225 0.0353598185 -0.0513098836 0.0223423727 -0.0819313526 -0.174798697 0.079442434 0.0512186736 0.0200532954 -0.0272781868 -0.0146805402 -0.0608213581 -0.0594667345 0.0862100124 -0.0397363044 -0.0103138527 -0.124169692 0.0570299365 0.109846793 0.0773097798 0.0233074185 0.0843819082 0.10362114 -0.0606577434 0.0478228889 -0.0505489297 -0.086089462 0.0595232546 0.086581029 0.0665284991 0.00659232773 0.075271152 0.0586180799 -0.102153264 -0.0422712266 -0.00563566573 -0.0406805985 0.0440066829 0.0570629537 -0.00671426579 0.00834040251 0.0212815609 0.116096154
G1059 0.00631673168 0.0371720307 -0.0600980036 -0.0214343555 -0.00433506258 0.00972422492 0.0475643687 -0.00360751245 -0.00699136173 0.169353008 -0.0305692405 0.0969331637 -0.0554916449 -0.02637369 -0.156850755 0.00974661857 0.0924357623 0.0733204633 -0.0222827885 -0.0684957281 0.0322497338 0.0103438292 0.0772938877 -0.0832757801 -0.00975704193 -0.127961397 -0.171732381 0.0299575627 0.0253954343 -0.0149442917 -0.0193876252 -0.0653575212 0.0110246157 -0.016012935 0.080636166 -0.0371374451 0.0252569932 -0.132662624 0.0211858563 0.152161852 0.0882078782 -0.0366918594 0.067051895 0.0269489326 0.00943812355 0.0202900227 -0.0165975504 -0.0802768618 0.0182839986 0.0979437381 0.0606140904 0.0123509234 0.109521806 0.0592782684 -0.089903973 -0.06973546 0.0243937988 -0.0172085371 -0.0211666469 0.0508180596 -0.0258531515 -0.0469254442 0.126882493 0.138982296
G1062 0.00756388484 0.037038371 -0.0612057149 -0.0210214779 -0.00516825216 0.00705192192 0.0448654369 -0.00336095016 -0.00987121649 0.171482742 -0.0306495931 0.0989026278 -0.0547171645 -0.0258336253 -0.156428412 0.00834167656 0.0908689648 0.0741586983 -0.0207498893 -0.0654750168 0.0313001089 0.00977896247 0.0774635449 -0.0813511536 -0.0105151357 -0.126754925 -0.172877893 0.0292936563 0.0238604229 -0.0130983992 -0.0196421091 -0.0638717413 0.0106307259 -0.017764898 0.0806004703 -0.0358651429 0.0270726364 -0.135701507 0.0200025849 0.151489109 0.0891403854 -0.0337791443 0.0673182011 0.029106304 0.00892017689 0.0190267097 -0.01557252 -0.0797798112 0.018789323 0.0980806127 0.0611549579 0.0113717793 0.11100693 0.0596172698 -0.0922971293 -0.0691532716 0.0253996588 -0.0165237207 -0.0191203021 0.0516897701 -0.0248777457 -0.0466776341 0.126725316 0.136144996
G1065 0.0723794028 0.00837617833 -0.0678379461 -0.0401179567 -0.0181621909 0.0242976695 0.0630405545 -0.0440127477 0.00138769567 0.0931433663 -0.0731263235 0.0959303826 -0.0706540048 -0.0476101451 -0.152528062 0.00941123441 0.0960303172 0.029682124 -0.0543177724 -0.0462570041 0.0262061451 -0.0278445091 0.0158804264 -0.0604228862 -0.0344530642 -0.126940072 -0.176915914 -0.00922709238 0.0653926879 0.00859664753 -0.0514465272 0.00745622534 -0.0136161717 -0.0588687062 0.0346538462 -0.00559000112 0.010654754 -0.0983034894 0.0509586558 0.131462604 0.0146052269 -0.0788725689 0.0493873879 0.0393251553 0.0367639028 0.0574833117 -0.0778321847 -0.0733332708 0.0575841628 0.0699035227 0.0856663808 0.0261283126 0.0689978674 0.0512569062 -0.0704025105 -0.0605795681 0.0470909253 -0.0721440688 2.97790884e-05 0.0703104734 0.0014499753 0.0142565742 0.129220009 0.102426335
G1066 0.0801591799 0.0534118712 -0.0751384273 -0.0458136089 -0.0043334174 0.000832322694 0.00776670268 -0.0123817977 0.0495201126 0.0167861171 -0.0336025804 0.0939578712 -0.0480639972 -0.0249430928 -0.0511619449 -0.0754754171 0.0491654985 0.0528752506 -0.0311845243 -0.0913024768 -0.0335763544 0.041158393 -0.103182741 -0.115071982 -0.0191433784 -0.0346297286 -0.219895035 0.083344698 -0.0128117893 -0.0352536477 0.0846638829 -0.05895463 -0.0396269634 -0.0316914916 0.0363745876 0.0321856663 0.0295285024 -0.119215585 0.0509924851 0.156001717 0.00517439051 -0.1170379 -0.00324282888 0.0955709964 0.060336031 -0.0240487847 -0.0588914342 -0.0903371498 0.0289205611 0.0721998215 0.00577761186 0.0766506046 0.0127145285 0.107539743 -0.0137814255 -0.0468049347 0.105919607 0.0163935628 0.0651166439 0.0106566688 0.000637831341 -0.0443895496 -0.0548058227 0.0623798668
G1067 0.0839423686 0.021219898 -0.0475044139 -0.0123387622 -0.0311513674 0.0542419106 -0.000174963803 -0.0149960136 0.0658771992 0.0329342447 -0.0136026954 0.0553790964 -0.0742682144 -0.0457280129 -0.0822059959 -0.038158033 0.104705386 0.0498867705 -0.0571478233 -0.108650632 -0.0250973031 0.0435916185 -0.0553301647 -0.112060882 -0.0314587168 -0.0506646372 -0.220352635 0.0521025881 -0.0287978053 -0.0392695703 0.0517618954 -0.0784604549 -0.0207211301 -0.0219154712 0.0309941806 0.024997076 0.0343241021 -0.113459945 0.00862275064 0.173051953 -0.00211447128 -0.14879331 -0.0396172702 0.0643358007 0.0860442519 -0.0234781578 -0.0398497172 -0.075666368 0.0133511489 0.0550754592 0.00464723632 0.0779868513 0.0198994447 0.102392696 0.00452132244 -0.0368378945 0.117449783 0.0364161953 0.0335495062 0.00822552107 0.00267533259 -0.0510069095 0.0281983055 0.0873021409
G1068 0.0811316743 0.01660477 -0.0664754212 -0.0385998227 -0.0279112644 0.0134947076 0.0577258579 -0.0416938849 0.00892389193 0.0923435241 -0.0839296058 0.0976924449 -0.0628631935 -0.0562554225 -0.150202602 0.0160381831 0.101672694 0.0452115908 -0.0544331931 -0.0343738087 0.0334586501 -0.0323618203 0.00268770847 -0.0550197437 -0.0340442769 -0.116789825 -0.186654419 -0.000999511685 0.0583739653 0.0107087931 -0.0592822433 0.00050326949 -0.014672135 -0.055772163 0.0304366052 -0.00614688918 0.0065854867 -0.115093596 0.0501536429 0.139691666 0.0306126308 -0.0650365949 0.0464643463 0.0485850126 0.0186216943 0.0464019552 -0.0802822709 -0.0696096122 0.0664747134 0.0662876293 0.0870669633 0.0440211035 0.0724691749 0.0532817692 -0.0834578425 -0.0526111647 0.0553776771 -0.0708023757 0.0136952801 0.0772849247 0.00812122039 0.0121985478 0.123479269 0.106519185
G1069 0.0295199957 0.0129094897 -0.0720925555 -0.0243524667 -0.0168735683 0.00227396633 0.0368572995 -0.000910484931 -0.011310678 0.156402722 -0.047615964 0.106667496 -0.0652303994 -0.0398606136 -0.153108642 0.0210182443 0.0947732031 0.0703278929 -0.038333673 -0.0561171398 0.0365298018 -0.0190913808 0.0626848638 -0.0576148555 -0.0186318215 -0.125837684 -0.169058979 0.00450826064 0.0488698259 0.0128993783 -0.0323821604 -0.0201983321 -0.00151224481 -0.0486725569 0.0599838793 -0.0152707715 0.0300800465 -0.132109076 0.0228843056 0.132828906 0.0527497567 -0.0300589893 0.058679156 0.0525059402 0.0168629363 0.0377834365 -0.0544336513 -0.0766688064 0.033593215 0.0738006309 0.0762254 0.0168868601 0.112755142 0.0500624701 -0.0760932416 -0.0633086786 0.0249951258 -0.0283825975 -0.00280090561 0.0687116012 0.00510042533 -0.0239363443 0.13045527 0.130047858
G1072 0.0301365033 0.0122287693 -0.072902903 -0.0244745295 -0.0164404698 0.00205974956 0.0360904336 -0.00113590842 -0.0110433446 0.158027515 -0.0479145683 0.107892849 -0.0654470399 -0.0404167362 -0.153007135 0.0214834455 0.0945481285 0.0702193826 -0.0383271426 -0.0563878007 0.0358554237 -0.0196146257 0.0626631677 -0.0571162254 -0.0191942565 -0.126344413 -0.16790536 0.00343519589 0.0478242785 0.0138799697 -0.032197319 -0.0185781661 -0.00142122444 -0.0491138548 0.059597563 -0.0154919857 0.0300001372 -0.132935986 0.0228439085 0.132405818 0.0532546155 -0.0306265131 0.0592598431 0.0535505824 0.0176977832 0.038155809 -0.055253353 -0.0766649991 0.0337455198 0.0740930438 0.0769892409 0.0166578628 0.113886945 0.0497377813 -0.0757229254 -0.062868014 0.024423128 -0.0294733997 -0.0025992489 0.0688503012 0.00559370639 -0.0239641499 0.13030085 0.130194843
G1075 0.0353689082 0.0164541155 -0.0744055286 -0.0227573365 -0.0141741 0.00222269539 0.0398635939 -0.00800842047 -0.012164047 0.159919888 -0.0462083146 0.101056643 -0.0607918352 -0.0440827236 -0.15175359 0.0190400127 0.0901936963 0.073441498 -0.0396129265 -0.0599161349 0.0364285 -0.0192206055 0.0536005944 -0.0599407367 -0.0206258949 -0.119321063 -0.171838433 0.00710052066 0.0457192026 0.010922065 -0.0340012796 -0.0218655579 -0.00377649511 -0.0468987525 0.0579368807 -0.0177109726 0.0313638672 -0.135204971 0.0258599985 0.137684435 0.0536662489 -0.0387808196 0.0607661828 0.0537214726 0.0197527017 0.0384704322 -0.0488741174 -0.0765492544 0.0375806913 0.0801939219 0.0724250004 0.0199065264 0.112626716 0.0502744913 -0.0811445192 -0.0657147095 0.0286976434 -0.0355993956 -0.00463541318 0.0658085197 0.00177092839 -0.026599817 0.128912061 0.130912542
G1078 0.0354083516 0.0163787436 -0.0744414255 -0.0227017011 -0.0141668301 0.00209220988 0.0398266576 -0.00804654136 -0.0122989304 0.159952819 -0.0461503789 0.100966066 -0.0606826171 -0.044187203 -0.151776016 0.0189606771 0.0901512206 0.0734968483 -0.0396078005 -0.0600065328 0.0364865288 -0.0192625038 0.053434968 -0.0599833913 -0.0205906313 -0.119223967 -0.171873346 0.00711300177 0.045746427 0.0109846937 -0.0340075158 -0.0217598621 -0.00380598544 -0.0468947813 0.0579225719 -0.0176497977 0.0314954668 -0.135339439 0.0258524157 0.137654662 0.0535234809 -0.0387918875 0.0607654788 0.0536607578 0.0197659824 0.0384842679 -0.0489002578 -0.0765635669 0.0376143344 0.0802005231 0.0723844469 0.0198963676 0.112646103 0.0502252206 -0.0812093094 -0.0656610131 0.0287147947 -0.0356727764 -0.00458662957 0.0657234713 0.001843679 -0.0265833698 0.128873646 0.130873829
G1081 0.035997875 0.0139653953 -0.0728828907 -0.0225345623 -0.0169279687 -0.00305447821 0.0369492285 -0.00530422479 -0.0137128299 0.161296561 -0.0482837148 0.104649886 -0.0625069737 -0.0437563583 -0.151358888 0.019236913 0.0945018008 0.0729527473 -0.0379030369 -0.0559003688 0.0378702655 -0.0215509776 0.0569967069 -0.0582628064 -0.0207664259 -0.122342497 -0.172671273 0.00648189103 0.045693893 0.0130482735 -0.0325859897 -0.0200605858 -0.00288885366 -0.0484358259 0.0594368763 -0.0171199348 0.0319203101 -0.137487203 0.0227600001 0.135612234 0.0550120249 -0.0301367417 0.0590396672 0.0532544553 0.0166420471 0.0373790078 -0.0529075563 -0.0757726356 0.036844328 0.0760965943 0.0758396238 0.018255597 0.114895344 0.0514798686 -0.0810987428 -0.0615435727 0.0258773752 -0.0325478166 -0.00295658875 0.0687602609 0.00607089745 -0.0236007683 0.128816247 0.126745179
G1084 0.0377134681 0.0181042701 -0.0729939342 -0.02467761 -0.0150925238 0.00350431958 0.0429167971 -0.00856443401 -0.00743291434 0.154912084 -0.0497195199 0.10128171 -0.0632218644 -0.0455155075 -0.152043566 0.0228407569 0.0919243693 0.0733093917 -0.0407273397 -0.0576384701 0.0377726927 -0.021307826 0.0557341464 -0.0585834868 -0.0211124681 -0.121499203 -0.17173107 0.0063173566 0.0465586148 0.00963288359 -0.0355700292 -0.0243271813 -0.00222352287 -0.0447254702 0.0579104535 -0.0189974867 0.0267131366 -0.132475257 0.0256377403 0.138288826 0.0568792447 -0.0364940874 0.0595673136 0.0529885478 0.0180959161 0.0378301628 -0.0506193675 -0.0757965744 0.0377255194 0.0766205043 0.0751658604 0.0220154636 0.110689417 0.0518195592 -0.0787306875 -0.0653004795 0.0290630683 -0.0351553522 -0.00494674081 0.0688915253 0.004324398 -0.0246597156 0.130702794 0.130319208
G1087 0.0377979837 0.0181181375 -0.0730105564 -0.0246720705 -0.015094161 0.003444748 0.0429356322 -0.00863410253 -0.00748224137 0.154959008 -0.0497316495 0.101240799 -0.0632221922 -0.0455704741 -0.152002424 0.0228113942 0.0919067264 0.0733263418 -0.0407265201 -0.0576154366 0.0378072336 -0.0213411897 0.0556656271 -0.0585627705 -0.0211422779 -0.121442251 -0.171795353 0.00636077905 0.0464944728 0.00964109413 -0.0355805233 -0.0243413672 -0.00226369873 -0.0447377823 0.0579042286 -0.0190172978 0.0267257951 -0.132506639 0.025662167 0.138335973 0.0569047444 -0.0365152061 0.0595572963 0.052987501 0.0181129444 0.0378501639 -0.0506004021 -0.0757801086 0.0377868488 0.0766481832 0.0751479492 0.0220434871 0.110717654 0.0518660955 -0.0788081065 -0.0652776659 0.0290843919 -0.0352265835 -0.00496567413 0.0689067319 0.00431991927 -0.0246572793 0.130678535 0.130292431
G1090 0.0780710503 0.0381057747 -0.0672076494 -0.00608899025 -0.0184247028 0.0163460057 -0.0169023518 0.0205463935 0.0448650457 0.0288356263 -0.0513370782 0.0855793208 -0.0835917518 -0.0291301627 -0.0773627684 -0.0594075732 0.0502078049 0.0313813649 0.00260047521 -0.00777468085 0.0143767772 0.0401854515 -0.0319059305 -0.0869851783 -0.00637394236 -0.0687507018 -0.212541148 0.0581436493 -0.0329034589 -0.0235504061 0.0774117783 -0.0368804447 -0.0477345623 -0.00277037919 0.0339725167 0.00590450549 -0.0364845619 -0.109525815 -0.00459367456 0.114027977 0.0375500806 -0.0925590098 -0.0506199859 0.0928730294 0.0293214731 -0.043711137 -0.0559708253 -0.0853329971 -0.000893874851 0.0420331433 -0.00108722632 0.0692180246 0.0146837216 0.10524451 0.00667508319 -0.000329787872 0.0611827709 0.0558698997 0.102434218 0.0230909362 -0.0089824535 -0.0285317115 -0.0336246639 0.0635489225
G1091 0.0886176303 0.0705986992 -0.09545324 -0.0430749692 0.0212530736 -0.0778992847 0.0808518156 -0.0432659686 -0.0305005591 0.0568660349 -0.109255821 0.108571358 -0.0181029234 -0.000141478493 -0.14194195 -0.0155961728 0.020260172 0.0381613076 -0.010019742 0.0158981383 0.0146884872 -0.00652374979 -0.0285114162 -0.0667583272 0.00237722998 -0.0730407238 -0.206265479 0.0724259391 0.0668215081 0.00295144878 -0.0620082729 0.00956608728 -0.0645455346 -0.0564588383 0.057195574 -0.0244795792 -0.0340086333 -0.10012538 0.0788213387 0.128214091 0.0589279793 -0.0293269455 0.0655094087 0.087341398 -0.0615884438 0.0506627858 -0.0689026192 -0.0797649249 0.0884476081 0.0812955275 0.0840346217 0.0373177566 0.0373868421 0.053292919 -0.11063844 -0.0374658965 0.0239062961 -0.0712686628 0.0592468232 0.0613269322 -0.00118907262 0.038589038 0.0200278144 0.0962213948
G1092 0.0741576478 0.023234399 -0.0664236844 -0.035784252 -0.0231373087 0.0204608236 0.058034122 -0.0353278816 0.0108397054 0.0960947424 -0.0753971189 0.0918743983 -0.0593985058 -0.0512899384 -0.149829432 0.0174917243 0.0950690284 0.0495456271 -0.0557786338 -0.0425917543 0.0310342237 -0.0246327203 0.00584227033 -0.0618022792 -0.034426529 -0.117713369 -0.188657016 0.00330185937 0.0551221855 -0.00102482014 -0.0588375032 -0.0102544734 -0.0127045717 -0.0543832369 0.0312257092 -0.00733931409 0.00700927898 -0.112926327 0.0501882844 0.142229795 0.0300687756 -0.0740625188 0.044364173 0.0490999408 0.020064909 0.0440476239 -0.0704083815 -0.0725556165 0.0624588132 0.0715113282 0.0801830143 0.042059619 0.0675892085 0.051780995 -0.0794436038 -0.0606478937 0.0560530163 -0.0675133318 0.00714195566 0.0730151236 0.000131572888 0.00409994693 0.124212936 0.115022764
G1093 0.0741639286 0.0230896119 -0.0665359497 -0.0357232876 -0.023102548 0.0202476289 0.0579497628 -0.0353708901 0.010649953 0.096152328 -0.0752939731 0.0917812064 -0.0592329316 -0.0515135899 -0.14989695 0.0173973031 0.0949698016 0.0496510901 -0.0557504706 -0.0427694172 0.0311090667 -0.0247456543 0.00560147827 -0.0618156567 -0.034312766 -0.11760135 -0.188637927 0.00326231052 0.0551597625 -0.000841643196 -0.0588312596 -0.00997893512 -0.0127507085 -0.0543867946 0.0311817229 -0.00719347736 0.00720104808 -0.113154508 0.0501837619 0.142152533 0.0298163593 -0.0740722716 0.0444017388 0.0490132384 0.0201220606 0.0440903157 -0.0705089942 -0.0726027787 0.0625073835 0.071472846 0.0801231712 0.0420402288 0.0676632226 0.0516905114 -0.0795017034 -0.0605503879 0.0560642816 -0.0676385686 0.00725723198 0.0728719532 0.000294378697 0.00406992016 0.124175653 0.114985041
G1094 0.083209537 0.0241715256 -0.0476996228 -0.0159416702 -0.0375126712 0.0580418669 -0.0154773798 -0.0181956869 0.0865798071 0.0348946117 -0.0223805457 0.0653402358 -0.0695210695 -0.0577163249 -0.0777616799 -0.0459996499 0.0998657793 0.0528619662 -0.0529204272 -0.10256432 -0.0167880598 0.0304770842 -0.0699503645 -0.126351818 -0.0292297136 -0.0639452785 -0.212639123 0.0385832116 -0.0222411696 -0.0334181711 0.0751871392 -0.0632859543 -0.0193411391 0.00449027261 0.0232417099 0.0234672967 0.0153966239 -0.126883298 0.00631804392 0.169704437 0.000488891383 -0.146291047 -0.0473769009 0.0600423031 0.0959133804 -0.041871924 -0.0529896617 -0.0871609971 -0.00230440497 0.0571554713 0.00557251787 0.0849621072 0.0246872492 0.102198005 0.0150022358 -0.0344980545 0.11996638 0.0341563784 0.0534948856 0.0125729619 -0.00055339688 -0.0497479327 0.00325113838 0.0799187347
G1095 0.0799681619 0.0232181698 -0.0614660196 -0.0317288525 -0.0176205095 0.019477915 0.0636238083 -0.0471091866 0.0062735281 0.0927463323 -0.0740083531 0.0876576528 -0.0543118715 -0.0521545075 -0.155154303 0.0155696748 0.0907890275 0.0411839709 -0.0539067723 -0.0463253483 0.0300984569 -0.0178382676 0.00716476841 -0.0741884783 -0.0386514179 -0.120907448 -0.189563081 0.00245745736 0.0539080463 -0.0063474467 -0.0589003824 -0.00544928573 -0.0133728832 -0.0429845043 0.0325689614 -0.00970896054 0.00551615935 -0.106522545 0.0497032925 0.142590135 0.0307499357 -0.0798082873 0.0465322696 0.034578979 0.0246087834 0.041945111 -0.0653986558 -0.0712876916 0.0591524132 0.0735944808 0.0869722143 0.0419143364 0.0674897581 0.0520541072 -0.0791916698 -0.0608228259 0.0580126829 -0.0656523481 0.00461239554 0.0677741989 0.0021378391 0.0104076741 0.125175029 0.101905361
G1096 0.0829217434 0.0243653953 -0.0475239679 -0.0160644185 -0.0375002436 0.0577770136 -0.0156266075 -0.0182232596 0.0867696479 0.0346309058 -0.0223434363 0.0655203462 -0.069229044 -0.0576122478 -0.0780669004 -0.0461262167 0.10015364 0.0527739264 -0.0527694263 -0.102748401 -0.0169412158 0.0304400418 -0.0701563731 -0.126619667 -0.0286082234 -0.0637663305 -0.212550431 0.0386621095 -0.0222277436 -0.033234708 0.0752473027 -0.063236177 -0.0192128718 0.00475834962 0.0234488584 0.0235929247 0.0155074624 -0.127146333 0.00630475674 0.169821545 0.000370428083 -0.146118239 -0.0475430898 0.0597893521 0.0956874564 -0.0419270732 -0.053131111 -0.0874433666 -0.00227996288 0.0571261942 0.00562485587 0.0848100707 0.024762623 0.102085806 0.0149588156 -0.0343963318 0.120201595 0.0343413129 0.0537234619 0.0123863025 -0.000469124992 -0.0498521514 0.00302594411 0.0804470032
G1097 0.0800648257 0.0232410841 -0.0615118258 -0.031715069 -0.0176108181 0.019357143 0.0636723638 -0.0471977703 0.00617845589 0.0927301124 -0.0740172267 0.0875745863 -0.0543318242 -0.0522844829 -0.155128554 0.0155046349 0.0907353386 0.0412162431 -0.0539202355 -0.0463111028 0.0302003026 -0.0179552566 0.0070461235 -0.0741263926 -0.0386415459 -0.12079642 -0.189655349 0.00250788126 0.0539105199 -0.00631255796 -0.0589369424 -0.00539829489 -0.0134549662 -0.0430158488 0.0325313359 -0.0096772667 0.00554230344 -0.106584616 0.049781397 0.14263773 0.0307208449 -0.0798213556 0.0465527847 0.0345343016 0.0246477276 0.0420190282 -0.0654298216 -0.0712730289 0.0593061671 0.0735428333 0.0869187564 0.0419942625 0.0675229654 0.0521074682 -0.0792879835 -0.0607776679 0.0580512471 -0.0657819808 0.0046184524 0.0677897558 0.00221164036 0.0103886025 0.125145778 0.101854965
G1098 0.0758292228 0.0246602315 -0.0663673282 -0.0381417535 -0.0231260788 0.0207937062 0.0577407554 -0.0350397639 0.0147178806 0.0903248191 -0.0776341259 0.0940419063 -0.0614693202 -0.0515479073 -0.150868595 0.0205809828 0.096455209 0.0488256626 -0.0571599826 -0.040102575 0.0295440871 -0.0276041608 0.00568203675 -0.0604819283 -0.0346305519 -0.117938936 -0.187974095 0.00218841992 0.0585709922 -0.000234995401 -0.0613028295 -0.00943864323 -0.0124376593 -0.0552851595 0.0292721298 -0.0056375186 0.00453432044 -0.111729436 0.0501635335 0.142674074 0.0303772409 -0.0709688962 0.0434288159 0.0511315875 0.0183596369 0.0448872522 -0.0730561092 -0.0724158883 0.0634984076 0.0664855838 0.082449019 0.0438816734 0.065965943 0.0528109558 -0.0782183185 -0.0594241954 0.0585374013 -0.0672047064 0.00777201308 0.0763390735 0.0042267479 0.00401051668 0.125354096 0.115056805
G1099 0.0759117603 0.0246902779 -0.0664036795 -0.0381346457 -0.0231195837 0.0206667222 0.0577902682 -0.0351249352 0.0146229956 0.0902859643 -0.0776418298 0.0939623713 -0.0614842251 -0.0516748615 -0.150856167 0.0205128342 0.0964093432 0.0488547049 -0.0571664423 -0.0400942415 0.0296434909 -0.0277238972 0.00556742074 -0.0604198016 -0.0345955566 -0.11783129 -0.188066766 0.00223822566 0.0585788079 -0.000201636984 -0.061341539 -0.00939001143 -0.0125087658 -0.055304639 0.0292440541 -0.0055999998 0.00456042774 -0.111794986 0.0502399541 0.142723963 0.0303434227 -0.0709714144 0.0434446596 0.0510681681 0.0183881111 0.0449553095 -0.0730937794 -0.0724078566 0.0636531785 0.0664190501 0.0823957846 0.0439561494 0.065995425 0.0528606959 -0.0783058703 -0.0593766719 0.0585815385 -0.0673263147 0.00778601272 0.0763524845 0.00430611288 0.0039922297 0.125323489 0.115012452
G1100 0.0331664309 0.0310802925 -0.0895123333 0.00959615316 0.00238953368 -0.0742965713 -0.0334809497 0.0870846957 -0.0357254855 0.0768681169 -0.0371805057 0.123386338 -0.094865635 0.0147303035 -0.0868763179 -0.0447439924 0.055142168 0.0514915884 0.0294921733 0.0188403279 0.0150138754 0.0540267602 0.0509729348 -0.0166890305 0.0256781727 -0.0288923085 -0.210420057 0.104616538 -0.0465855151 0.00786283612 0.0452202298 -0.0470509268 -0.0653212741 -0.0666000918 0.0875595734 0.0101241991 0.00439140899 -0.131353527 -0.0294793807 0.0891327932 0.0718700141 0.0177810565 -0.0168902911 0.146680474 -0.0445514359 -0.0119612673 -0.0416477881 -0.0699164495 0.0183076076 0.0152570624 0.0117766829 0.0331171826 0.0465573072 0.105283238 -0.0350483395 0.0247258078 0.0144844167 0.110677905 0.0989172533 0.0292940717 0.0413400121 -0.0421716422 -0.00894111581 0.0855126455
G1103 0.0815352947 0.0195381381 -0.0486864485 -0.016749071 -0.0310884714 0.0534555428 -0.000238222026 -0.015295404 0.0627716258 0.0337926261 -0.0109335231 0.0565794483 -0.0772205666 -0.0423076488 -0.0786125883 -0.0374168046 0.102238826 0.048748523 -0.0568945408 -0.110289328 -0.026444884 0.0454016924 -0.0557256788 -0.108450063 -0.0331978537 -0.0490548126 -0.221242547 0.0527923778 -0.0253255013 -0.0383022577 0.0498245507 -0.0778841302 -0.0186988432 -0.0273802988 0.0310487263 0.0260807946 0.0382985324 -0.113449514 0.0102128778 0.173750684 -0.00233561033 -0.149306133 -0.0378263742 0.0682247207 0.084778294 -0.0196316019 -0.0382417478 -0.0729248747 0.0152264461 0.0540937036 0.00451027649 0.0760835186 0.0211067218 0.100924388 0.00258056726 -0.0376573205 0.115919165 0.0348682962 0.0299045574 0.00966203772 0.00476423372 -0.0526002049 0.0331316292 0.08479736
G1104 0.0376711674 0.0188298151 -0.0726347566 -0.0244190469 -0.0141039351 0.00330659444 0.0406115688 -0.00846145023 -0.00801371224 0.155038536 -0.0473752655 0.100526974 -0.0629734769 -0.0412648506 -0.152466565 0.0211728401 0.0922457352 0.0713037029 -0.0405226499 -0.0603077933 0.0350796767 -0.021010654 0.0547372773 -0.062726438 -0.0201484654 -0.119825616 -0.171022639 0.00753648207 0.0445967019 0.00954017323 -0.0378794596 -0.0248361807 -0.00302805263 -0.0447818339 0.0579098575 -0.0188895371 0.0289034806 -0.133831859 0.0249866806 0.139450371 0.054736346 -0.0389931053 0.0580296479 0.0532737263 0.0192300901 0.0382874608 -0.0487320609 -0.076254718 0.0381087512 0.0779925361 0.0737490207 0.0212813597 0.109014995 0.0521126911 -0.0782653689 -0.0654679909 0.0349715091 -0.035403274 -0.00462127617 0.0673151836 0.00371403969 -0.0253056176 0.129603148 0.129563317
G1107 0.0377555788 0.0188436564 -0.072651431 -0.024413472 -0.0141055426 0.00324702635 0.0406303667 -0.00853100419 -0.00806308817 0.155085474 -0.0473874435 0.1004861 -0.0629738122 -0.0413197801 -0.152425498 0.0211434737 0.092228137 0.0713206306 -0.0405218117 -0.0602847971 0.0351144113 -0.0210439861 0.0546687245 -0.0627057329 -0.0201782323 -0.119768798 -0.171086937 0.00757989567 0.0445325263 0.00954832602 -0.0378899127 -0.0248503424 -0.00306829065 -0.0447941199 0.0579036064 -0.0189093295 0.0289162118 -0.1338633 0.0250110887 0.13949734 0.054761868 -0.0390142426 0.0580196194 0.0532726273 0.0192470327 0.0383074731 -0.0487130433 -0.0762382746 0.0381700955 0.0780202895 0.0737310648 0.0213093366 0.109043255 0.0521591529 -0.0783427134 -0.0654452443 0.0349929146 -0.0354745835 -0.00464013405 0.0673303083 0.00370959402 -0.0253032353 0.129578799 0.129536629
G1110 0.104621097 0.0234313104 -0.0621972978 -0.0563516282 -0.016200792 -0.0137215154 -0.00191196345 -0.0110788252 0.0774284154 0.0535958931 0.00111304794 0.0860800222 -0.109460123 -0.0190902464 -0.0556910932 -0.00889030937 0.0855864212 0.040301539 -0.0760023743 -0.20246242 -0.0543320701 -0.0119031807 -0.0431828573 -0.140578002 -0.0194852352 -0.0371398218 -0.206774667 0.0736645758 -0.0430574752 -0.0228570588 0.0308979377 -0.0872161612 -0.0112480279 -0.0529521741 0.0520288646 0.0129315732 0.0618086308 -0.133289397 0.0136568416 0.184331879 -0.0100807296 -0.139394537 -0.039438732 0.106669135 0.0869643092 0.0166532248 -0.0481343009 -0.0647142455 0.0316087045 0.0330223702 0.0143205049 0.0682925805 0.0217582677 0.138504803 0.0622834302 -0.047759939 0.167555153 0.0214522351 0.00467585493 0.0405654311 0.0644357428 -0.0333749317 0.0200678147 0.052372247
G1111 0.0893067345 -0.0141710555 -0.0469587259 0.00508693 -0.0277186148 0.0256193802 0.0577654354 -0.0388045534 -0.01993775 0.101667926 -0.0709552839 0.0481146127 -0.109317474 -0.0353070758 -0.18527478 0.0401844047 0.139178976 0.00951473415 -0.0521583036 -0.0158389322 0.0423510969 -0.0158025809 0.0792704746 -0.0374967828 -0.0249173418 -0.118636325 -0.184629053 0.00683666673 0.0387776718 0.01243765 -0.112732135 -0.0118353302 -0.0339005999 -0.0578654632 0.0438659303 -0.0473765768 -0.0195458923 -0.0896818191 -0.0029362496 0.139848262 0.0324923694 -0.0815678984 0.00221489882 0.0321653783 0.000193129701 0.0666445121 -0.0408275723 -0.046222318 0.0523959622 0.0406905711 0.0765021145 0.0186937917 0.0616213419 0.0479669236 -0.0650829673 -0.00833184831 0.0328141116 -0.050287053 -0.00785605703 0.0567181632 0.00293050706 0.0405950397 0.194141656 0.123184487
G1112 0.0806307048 0.0060947095 -0.0353515036 0.0103070196 -0.034243349 0.0625480562 -0.00265072309 -0.00806967355 0.0535517484 0.0331199206 -0.00874108542 0.0335491598 -0.0948518291 -0.0296288934 -0.101173863 -0.0208159201 0.127182111 0.0346302576 -0.0560822971 -0.095699273 -0.0204334017 0.0554925874 -0.0153916804 -0.100733176 -0.0231332351 -0.0461653545 -0.218833745 0.056402009 -0.0373416319 -0.0345001668 0.0213214662 -0.0903259814 -0.0290437769 -0.0232436489 0.036651697 0.00743689341 0.0223970357 -0.102726817 -0.0197920669 0.171931848 0.00237045204 -0.152952716 -0.0651811436 0.059519574 0.0659575611 -0.016054634 -0.0197900012 -0.0617245175 0.00759852445 0.0409376211 -0.00160041393 0.0660971925 0.0132949315 0.0979644284 0.00936419331 -0.0126830162 0.106418602 0.0519893244 0.0250434484 0.000746737409 0.00109319913 -0.0405602902 0.0661720708 0.102592446
G1113 0.0843797624 -0.00640387926 -0.0427628793 0.0028506713 -0.0385020785 0.0217475407 0.053149417 -0.029130606 -0.00891859736 0.0919186994 -0.0790721998 0.0524451509 -0.103052139 -0.0334673487 -0.184345007 0.0484634489 0.147075832 0.0221073925 -0.053095676 -0.00724015757 0.0446187332 -0.0152264144 0.0722116381 -0.0321521275 -0.018823497 -0.107599743 -0.190897539 0.0156323444 0.0374104753 0.0153643284 -0.120974846 -0.0264343396 -0.0330982246 -0.0565053038 0.0435413606 -0.0438756794 -0.0212889202 -0.0970155671 -0.00269919285 0.145918503 0.0422897823 -0.0660481751 -0.00394071918 0.0413821675 -0.0196254365 0.0558518022 -0.0431770943 -0.0454647951 0.0579987615 0.0361765698 0.0766127855 0.0324985348 0.060664922 0.048073478 -0.0741381198 -0.00572321378 0.0415319726 -0.0393767059 0.00321581494 0.0618495233 0.0072019631 0.0362976268 0.189669892 0.136621699
G1114 0.080123581 0.00622224621 -0.0355378315 0.010044693 -0.0341116562 0.062422242 -0.00253445539 -0.00796479918 0.0536540933 0.0324391201 -0.00863024872 0.0336795449 -0.0950568914 -0.0299798083 -0.101479433 -0.0206651594 0.127081066 0.0346750394 -0.0560959242 -0.0959906504 -0.0202974621 0.054863859 -0.0153674465 -0.100360535 -0.0223665647 -0.0462583676 -0.218586072 0.056227494 -0.0370350406 -0.0341476165 0.0211964231 -0.0897477418 -0.0291709602 -0.0232930295 0.0364599153 0.00812267605 0.0221630577 -0.102745764 -0.0195279308 0.171715319 0.00203644158 -0.152709603 -0.0650380477 0.0592599101 0.0659832805 -0.0158541761 -0.0203159451 -0.0620522201 0.00803039782 0.0401627459 -0.00174780458 0.0663430691 0.0133432783 0.0980299637 0.00971808471 -0.0125308251 0.106557064 0.0519470647 0.0253802557 0.000815801148 0.00166233419 -0.0410737284 0.0662806928 0.102838397
G1115 0.0843840763 -0.00654990459 -0.0428745598 0.00291022263 -0.0384646207 0.0215335786 0.0530644655 -0.0291759074 -0.00911023095 0.0919793621 -0.0789726749 0.0523494072 -0.102887265 -0.0336966291 -0.184413284 0.0483687297 0.146976456 0.022213297 -0.0530637763 -0.00742027489 0.044695396 -0.0153349517 0.0719792247 -0.0321634337 -0.0187050328 -0.107490726 -0.190877184 0.0155939423 0.0374459215 0.0155475205 -0.120966412 -0.0261563919 -0.03313981 -0.0565107092 0.0434982479 -0.0437230691 -0.0210905559 -0.097245276 -0.00270502898 0.145841762 0.0420403145 -0.0660538524 -0.00389765948 0.0412964337 -0.0195681974 0.05589002 -0.0432820097 -0.0455134772 0.0580427982 0.0361346789 0.0765564516 0.0324802138 0.060740564 0.0479813553 -0.0741956756 -0.00562288007 0.0415402539 -0.039506834 0.00332893664 0.0617132746 0.00736805843 0.0362667069 0.189630821 0.136580661
G1116 0.0742721856 0.00806916226 -0.0461748317 -0.0155968172 -0.0226234309 0.0276738368 0.00825399999 -0.00153456465 0.0298459828 0.032984525 0.00130722171 0.0381488204 -0.0968672931 -0.00569438469 -0.0746537372 -0.0112629971 0.111425519 0.0299763437 -0.0617966801 -0.123272747 -0.046159558 0.04246765 -0.0174132772 -0.108031161 -0.0189472325 -0.0251096431 -0.214311808 0.0848208889 -0.0355808809 -0.0254868679 0.015301195 -0.099067241 -0.0286540724 -0.0445875488 0.0432821438 -0.0055731344 0.0436853617 -0.106605157 -0.0106473034 0.170426399 -0.00947732665 -0.136024088 -0.0526884161 0.0811569169 0.0544752479 0.00297224475 -0.0117408056 -0.0556094423 0.0269538444 0.0378396325 -0.00328022079 0.0500947163 0.0107948203 0.105672844 0.0153666753 -0.0157992356 0.109805241 0.0381495059 0.00372445909 0.00410359027 0.017483348 -0.0403886586 0.0761641189 0.0835676342
G1117 0.0739898384 0.00826384686 -0.0459898077 -0.0157164577 -0.0226129331 0.0274075419 0.00810987316 -0.00156325055 0.0300392229 0.0327159613 0.00133998028 0.0383380391 -0.0965785235 -0.0055879131 -0.0749557912 -0.0113926213 0.11171899 0.029888019 -0.0616386496 -0.123453915 -0.0463132598 0.0424309596 -0.0176212825 -0.108299188 -0.0183102079 -0.0249183737 -0.214225292 0.0848910809 -0.0355653241 -0.0253020898 0.0153545532 -0.0990081578 -0.0285233315 -0.0443124808 0.0434836783 -0.00544126751 0.0437960364 -0.10686706 -0.0106616374 0.170534655 -0.00959130377 -0.135854304 -0.0528554469 0.0809069872 0.0542600527 0.00292088906 -0.0118782194 -0.055890996 0.0269806553 0.0378071368 -0.00322842086 0.0499452353 0.0108688679 0.105559476 0.0153209437 -0.0156935006 0.110041611 0.0383364595 0.00397249265 0.00392030692 0.0175655577 -0.0404910594 0.0759403333 0.0840976909
G1118 0.0361927524 -0.0083252741 -0.0461966433 0.0163136274 -0.0272165779 0.0105416486 0.0325795114 0.00830955524 -0.027402835 0.15459545 -0.0440008007 0.0613483414 -0.105579004 -0.015628837 -0.187996775 0.0544616692 0.141960815 0.0459212735 -0.0380143709 -0.0293676425 0.0468990542 -0.00300174812 0.129406914 -0.0383690149 -0.00522535527 -0.115217403 -0.175088644 0.0226714201 0.0277507715 0.0158293862 -0.0960084498 -0.0499938019 -0.019996332 -0.0482393429 0.0730378851 -0.0553515032 0.00167209632 -0.112835154 -0.0306063369 0.141135439 0.0651224107 -0.0322484374 0.007194723 0.0449439064 -0.0219120681 0.047469493 -0.0159355886 -0.0517286174 0.0272350945 0.0429024734 0.0667433366 0.00630834932 0.0988788605 0.0468703955 -0.0668281019 -0.015913466 0.0143689243 0.00214250316 -0.0151281692 0.0543551184 0.00454268325 0.00299316249 0.196146488 0.15846248
G1121 0.0350520425 -0.00889409985 -0.0471301526 0.0156066744 -0.0268795975 0.0111577166 0.0319869258 0.00938800722 -0.0262259766 0.154490069 -0.0438590087 0.0631868839 -0.106485963 -0.0156786684 -0.188599035 0.0554874167 0.141506582 0.0457190424 -0.0382012725 -0.029972652 0.0460883602 -0.00367362332 0.130699903 -0.0375451706 -0.00473785587 -0.117169537 -0.172976688 0.0211130511 0.0277661532 0.0167340767 -0.0957328379 -0.0477741249 -0.0195344817 -0.0487995222 0.0726471916 -0.054781165 0.000836629071 -0.112666421 -0.0304759443 0.139971942 0.0650624111 -0.0323280953 0.00807599258 0.0456766561 -0.0210191235 0.0479910523 -0.0174568575 -0.0521551147 0.0269161277 0.0418283381 0.0674525276 0.00604907423 0.0994006842 0.0462473035 -0.064484477 -0.0159599576 0.0135543859 0.00186986697 -0.0144456048 0.0547861829 0.00558001501 0.00244786544 0.196650177 0.159285098
G1124 0.08092691 0.0171666648 -0.0471344814 -0.0184824262 -0.032033626 0.0539266169 -0.000777789624 -0.0167834889 0.0648611784 0.0300369728 -0.0136830667 0.0594977252 -0.0794609711 -0.0415112041 -0.0817851648 -0.0381795205 0.106705703 0.0437433496 -0.0557827987 -0.108025447 -0.0260047074 0.0433600768 -0.0551219136 -0.108818211 -0.0299775172 -0.0510880165 -0.217250124 0.0497311316 -0.0233357511 -0.0339141861 0.0509403273 -0.0740524307 -0.0189820733 -0.0249771643 0.0315159708 0.0269204844 0.0365986079 -0.111827783 0.00972392317 0.171559781 -0.00325852865 -0.148108155 -0.0390314348 0.0648735538 0.084607169 -0.0195927136 -0.0426845327 -0.074148789 0.0141300838 0.051785171 0.00651917001 0.0757641047 0.0214976724 0.101228647 0.00426692935 -0.0346216112 0.115702033 0.0353903957 0.0329638161 0.00959793385 0.00662165927 -0.0489701554 0.0321459882 0.084117189
G1125 0.0950287506 -0.0120426137 -0.0452926606 0.00794400275 -0.0290570389 0.019251328 0.0581617653 -0.0438753478 -0.0234837253 0.104572445 -0.0722093284 0.0431833118 -0.104108132 -0.0386215299 -0.183697104 0.0363129638 0.140245333 0.0123834629 -0.0508777536 -0.0151841901 0.045607347 -0.0160195306 0.0719517693 -0.040085841 -0.0253179464 -0.111801587 -0.191169709 0.0113520753 0.0369618386 0.0116900429 -0.112783454 -0.0145326573 -0.0353553072 -0.055328019 0.0446905717 -0.0493754037 -0.0165359452 -0.0953402668 -0.00298747164 0.144901738 0.0338673219 -0.0800606832 0.0014305166 0.0301850028 -0.00317169819 0.0646847636 -0.037646614 -0.0450325608 0.0550008379 0.0439767614 0.0754351392 0.0208393205 0.0631061047 0.0493794829 -0.0736927241 -0.00620592851 0.0353853665 -0.0521445423 -0.00744933821 0.0555216856 0.001875474 0.0419027321 0.191219032 0.120403782
G1126 0.0321785621 0.0212940071 -0.0774044394 0.0256720483 -0.000463052012 -0.0648675635 -0.0340453461 0.0879099891 -0.0368049406 0.0757093281 -0.0325921029 0.102573089 -0.111793116 0.0284772553 -0.0975668728 -0.027570745 0.0696857572 0.0411258563 0.026006164 0.0167682767 0.0148194209 0.0597596951 0.0796236843 -0.0162291657 0.0345064253 -0.0226571579 -0.209050059 0.111035153 -0.051378116 0.00909008831 0.0198244117 -0.0638718456 -0.0732119158 -0.0566047765 0.091707997 -0.0128952544 -0.0126514146 -0.123517349 -0.0548345409 0.0958669037 0.0726717263 0.0057997331 -0.0455039479 0.141721413 -0.0568350479 -0.0120785423 -0.0200808905 -0.0566515326 0.0100131864 0.00505077234 0.00183243735 0.0255312715 0.0361238793 0.102268584 -0.0207650885 0.0430132821 0.0128458766 0.120999254 0.0899323374 0.0225316063 0.0368375368 -0.030046327 0.0173995364 0.0982325971
G1129 0.0775642246 -0.000186722158 -0.0425901413 0.00596609432 -0.0335848555 0.0288487785 0.0534303039 -0.0234182552 -0.00734601403 0.096160911 -0.0706337839 0.0465302914 -0.0989696383 -0.0282153413 -0.183924124 0.0494026206 0.139773741 0.026156161 -0.0540468879 -0.0155017637 0.0422176048 -0.00678172847 0.0752218813 -0.0400940441 -0.0202757418 -0.108857371 -0.192506507 0.0195323769 0.0342718065 0.00361555396 -0.119618729 -0.0366408862 -0.0311933514 -0.0544902198 0.0441276506 -0.0455216691 -0.0207135845 -0.094689548 -0.00255131884 0.147908449 0.0417108648 -0.075304836 -0.0052177622 0.0413731039 -0.0174365211 0.053296458 -0.0327819139 -0.0483182818 0.0534355156 0.0424771644 0.0703132451 0.030118214 0.0560515933 0.0463448316 -0.0703375489 -0.0138598355 0.0416698754 -0.0362527221 -0.0032732219 0.0568873361 -0.00125978061 0.02903709 0.190003231 0.143796638
G1130 0.087712191 -0.0129774772 -0.0452385582 0.00530870073 -0.028882293 0.0248744898 0.0581744723 -0.0377991721 -0.0204851404 0.0996062979 -0.0702367574 0.0465744957 -0.108376548 -0.0343364663 -0.185583025 0.039638672 0.139861107 0.0101180999 -0.0516189598 -0.0156985745 0.0434817113 -0.014966432 0.0799221843 -0.0384532325 -0.0230585057 -0.117504455 -0.187023818 0.00854777079 0.0404716209 0.0110980952 -0.112732209 -0.014956288 -0.0333900787 -0.0567920133 0.0454079695 -0.0468182713 -0.0190292709 -0.0892485082 -0.00385957584 0.140850648 0.0315886214 -0.0791942477 0.000392701535 0.0304789245 -0.00201331335 0.0654197782 -0.0394937396 -0.0465160795 0.0517279319 0.0401205681 0.0755557343 0.0183415338 0.0603425615 0.0484571122 -0.0658995658 -0.00894351397 0.0336893722 -0.046808131 -0.00784745533 0.0566584021 0.00230690441 0.0405096263 0.194100305 0.123488463
G1131 0.0777031705 -9.6861062e-05 -0.0425771773 0.00596161559 -0.0335831679 0.0288016498 0.0535335913 -0.0235810876 -0.00738729956 0.0961296558 -0.0706839189 0.0464219563 -0.0989574343 -0.0282569434 -0.183873102 0.0493079871 0.139773041 0.0261404887 -0.0540570319 -0.015433982 0.0422734693 -0.00679833908 0.0750433877 -0.040120773 -0.0203076918 -0.108726546 -0.192630678 0.0196562298 0.0341945924 0.00357944006 -0.119637147 -0.036715433 -0.0312917642 -0.054472588 0.0441037118 -0.0455693044 -0.0207289997 -0.0946729854 -0.00243540644 0.148033381 0.041758433 -0.0753998458 -0.0052287099 0.0413192771 -0.0174274035 0.0533279851 -0.0327280834 -0.0483144373 0.0535627678 0.0425441451 0.0702471361 0.0302105229 0.0560258217 0.0464311764 -0.0705152601 -0.0138294967 0.0417395681 -0.0364150107 -0.00332175568 0.0568783954 -0.0013251442 0.0290359911 0.189932957 0.143804386
G1132 0.0401705652 -0.00480090547 -0.0490150638 0.0169677734 -0.0250214413 0.0115197385 0.0360687524 0.00253811153 -0.0275930595 0.155773327 -0.0431466103 0.0572021119 -0.101954699 -0.0203398187 -0.187251166 0.0530605726 0.136968702 0.0494976155 -0.0392465368 -0.0316523127 0.0468640514 -0.00299866009 0.122279458 -0.0384277366 -0.00655449461 -0.110758513 -0.177117214 0.0241491739 0.0268212594 0.0139756342 -0.0968653858 -0.050318893 -0.02181134 -0.0473390929 0.070530355 -0.0562814362 0.00154471281 -0.114495322 -0.0269262884 0.14472416 0.0661835298 -0.0391871221 0.0104780458 0.0461696573 -0.0193816666 0.0480314232 -0.0118946442 -0.0516832769 0.0305844285 0.047114145 0.0634560063 0.0095784748 0.0987083986 0.0465764776 -0.0705962032 -0.0185134672 0.0161340293 -0.00422001164 -0.0159420539 0.0526737608 0.00171218347 1.25851266e-05 0.195447698 0.159909502
G1135 0.0402228869 -0.0048152958 -0.0490481481 0.0169902816 -0.0250144619 0.0114302924 0.0360732935 0.00249855337 -0.0276754163 0.155800655 -0.0431341194 0.0571506917 -0.101946227 -0.0204262026 -0.187236458 0.0530237257 0.136934131 0.0495313592 -0.0392447785 -0.0316652544 0.0469205044 -0.00306079467 0.122214392 -0.0383952372 -0.0065470417 -0.110694781 -0.177166969 0.0241695773 0.0268152133 0.0140080284 -0.096883975 -0.0502795093 -0.0218458455 -0.0473583862 0.0705188066 -0.0562589169 0.00159163959 -0.114562154 -0.0269101579 0.144735619 0.0661527961 -0.0391829014 0.0104818819 0.0461474992 -0.0193607248 0.0480666161 -0.0119104004 -0.0516741537 0.0306556243 0.0470929034 0.0634326935 0.00960403029 0.0987446681 0.046593152 -0.0706503168 -0.0184848029 0.0161459725 -0.00428347988 -0.0159309357 0.0526752807 0.00176564953 9.15720921e-06 0.195438147 0.159868822
G1138 0.0719005391 0.0376610458 -0.088250339 -0.0569100566 -0.0111619215 0.000970530265 -0.00216965587 0.00634978479 0.0495461375 0.0296049863 -0.0302120429 0.112897336 -0.0774013177 -0.0307722073 -0.0446206927 -0.0523612462 0.0384564996 0.0598450787 -0.0326164551 -0.0878983065 -0.0335126743 0.0261486117 -0.061396677 -0.076621145 -0.026300434 -0.0521259308 -0.211628646 0.0570374392 -0.00470934948 -0.0221597217 0.0790911168 -0.0441543572 -0.0277814716 -0.0555503257 0.0359813608 0.0443322361 0.025916798 -0.121570639 0.0401137881 0.146593004 0.0117999734 -0.0964298621 -0.000766062061 0.120099567 0.0654410124 -0.0161021128 -0.0720406398 -0.0792596489 0.0237897895 0.0475046001 0.0176912807 0.0706524476 0.0272706598 0.108182043 0.00560927158 -0.0462605059 0.0917079449 0.0308583714 0.065233171 0.0363278762 0.0262438431 -0.0512832962 -0.0280171745 0.0501716137
G1139 0.0743122697 0.0509987213 -0.0982330889 -0.05054738 0.0242856517 -0.0644329637 0.0747380331 -0.0380398855 -0.0453655459 0.0684748143 -0.0990709662 0.110048294 -0.0383654796 0.0123711387 -0.133737877 -0.0379626043 0.0274485908 0.0241970085 -0.00179337943 0.0129103614 0.0218302552 -0.00639527477 -0.0290182773 -0.0581684075 0.00432622293 -0.0798911676 -0.189199388 0.0675239712 0.0711090714 0.013670573 -0.0453760661 0.0188293755 -0.071671702 -0.0687743202 0.0576939434 -0.0288788993 -0.0221973266 -0.0981857255 0.0829862133 0.11427331 0.0422280356 -0.0405161828 0.071629025 0.0880592763 -0.0493023545 0.0663624331 -0.0667745247 -0.0815177187 0.0798694193 0.091417931 0.0708854645 0.0150385974 0.0366839208 0.0477288291 -0.114724949 -0.0330662057 0.00955321267 -0.0871266574 0.0469917059 0.0491769314 -0.0159413032 0.0405668877 0.0210419521 0.0920470506
G1140 0.030655494 0.0707227215 -0.0566096529 0.00173075567 0.0112378839 -0.0360292457 0.0014053639 0.05557134 -0.0154002309 0.0127914557 -0.047982417 0.0977443382 -0.0804066956 0.0607206821 -0.0891629457 -0.0597402155 0.054416988 0.0153178647 0.044699695 0.0400038809 0.00673074368 0.101444289 0.0302405208 -0.0666185543 0.0366786048 -0.0298576709 -0.224601239 0.146163881 -0.051843565 -0.0341985449 0.0322128609 -0.0985418186 -0.0663576722 -0.0182811935 0.0880750492 -0.0184698943 -0.0351463258 -0.0787809715 -0.0133481827 0.0981521979 0.0996667221 -0.0264972243 -0.0311530046 0.107969686 -0.0721792653 -0.0312665962 -0.0060655158 -0.0724272653 0.0164303705 0.0294056535 -0.00310335518 0.0459769703 -0.00161171739 0.112255625 -0.0389669985 0.0178104471 0.0343087912 0.0999160931 0.091616638 0.0117618684 -0.0126576731 -0.0280331392 -0.0198184662 0.0837311521
G1143 0.0791892484 0.0202299375 -0.0467783734 -0.0243397001 -0.0318000317 0.0554715954 -0.00448118616 -0.0193864163 0.0759943947 0.031770099 -0.0105105173 0.0592751801 -0.0772522464 -0.0382395424 -0.0732244104 -0.0366175696 0.0991642922 0.0474621989 -0.0586506277 -0.121884771 -0.0301565267 0.0405088961 -0.0622280203 -0.119915701 -0.02978939 -0.0515279807 -0.216466621 0.0494931228 -0.0186630432 -0.0361987539 0.0532368794 -0.0761400461 -0.0169264935 -0.0154696377 0.0299357381 0.0232555568 0.0332393534 -0.117940813 0.0088163903 0.177731872 -0.00472327555 -0.153096527 -0.0448920913 0.068231672 0.0887298584 -0.0272751749 -0.039635513 -0.0733098611 0.0084386738 0.0546506979 0.00359572261 0.0756044909 0.0198152717 0.100339301 0.0127477739 -0.0374746472 0.123956665 0.0345598273 0.0324638672 0.0105063301 0.0058306437 -0.0514559522 0.0256737731 0.0813296288
G1144 0.0786785707 0.0203589965 -0.0469648354 -0.0246075485 -0.0316699855 0.0553487763 -0.00436572265 -0.0192753877 0.0760948285 0.0310951583 -0.0103994245 0.05940786 -0.0774522349 -0.0385881588 -0.0735262334 -0.0364682786 0.0990635678 0.047504507 -0.0586709119 -0.122174904 -0.0300233886 0.0398658104 -0.0622051731 -0.119548522 -0.0290436391 -0.051618427 -0.216215998 0.0493192896 -0.0183596034 -0.0358466618 0.0531103164 -0.075563848 -0.0170582533 -0.0155203398 0.0297422819 0.0239355247 0.033004906 -0.117954254 0.00908063445 0.177518934 -0.00505724689 -0.152851373 -0.0447495431 0.0679644644 0.0887601301 -0.0270657353 -0.0401609614 -0.0736408085 0.00887080841 0.0538730584 0.00344808563 0.0758467242 0.0198672861 0.100403957 0.0131013962 -0.0373193882 0.124102905 0.0345191248 0.0327993371 0.0105719166 0.00639684405 -0.0519772992 0.0257885046 0.0815783143
G1145 0.035812363 0.0263380092 -0.0733763278 0.020487735 -0.00193011842 -0.065484412 -0.0339656919 0.0831458196 -0.0347825326 0.0645593107 -0.0412178561 0.104940437 -0.111019984 0.0299937893 -0.093791157 -0.0318888575 0.0664170906 0.0336476304 0.0307714958 0.0268574469 0.019207133 0.0590004586 0.0768480524 -0.022440616 0.0331701227 -0.0288609676 -0.209942326 0.110722169 -0.0492202602 0.00729591819 0.0240422301 -0.0599304438 -0.0732389167 -0.0448408537 0.0910811052 -0.0151763763 -0.0222103633 -0.120597675 -0.0525657646 0.0913433433 0.0782574415 0.0106022712 -0.0451650247 0.134536475 -0.0590332858 -0.0182652846 -0.0237157904 -0.0579064265 0.00761192292 0.00171326858 0.00814494397 0.0298194382 0.034324795 0.106321461 -0.0191642288 0.0449200124 0.0159822758 0.118945032 0.0971938521 0.0266371071 0.036243286 -0.0214419141 0.0110763442 0.0833908543
G1148 0.0348031856 0.0257732607 -0.0742850155 0.0199477691 -0.00162639294 -0.0648883209 -0.0345855542 0.0840331391 -0.033831045 0.0647211373 -0.0410052128 0.106667601 -0.111655541 0.0297138784 -0.0943295807 -0.0310358293 0.0660199448 0.0335621051 0.0306115281 0.0263212249 0.0184122752 0.0583658963 0.0778026506 -0.021713227 0.0335758068 -0.0305081736 -0.207742408 0.109181695 -0.0492879674 0.00831081439 0.0243381392 -0.0575378351 -0.0728696585 -0.0453650057 0.0905819684 -0.0145657426 -0.0228003692 -0.120627575 -0.0524778217 0.0901104137 0.0781693161 0.0105186533 -0.0442469008 0.135395423 -0.0581565276 -0.0178027116 -0.0252400264 -0.0582989492 0.00732719433 0.00089812791 0.00888007693 0.0296139773 0.0349740349 0.105668902 -0.017140748 0.0449437387 0.0150818406 0.118514277 0.0979244336 0.0268852152 0.0371933505 -0.0220049229 0.0115260426 0.084208563
G1151 0.0729745626 0.042682834 -0.0610954165 -0.0330523513 -0.00818265043 0.0107271271 0.00409543514 -0.0073405914 0.0494338907 0.0154029457 -0.0259796046 0.0739607736 -0.0673788711 -0.00350555009 -0.0601599813 -0.0558734238 0.0636326745 0.0418138541 -0.0326332748 -0.0946309268 -0.0352935605 0.0502989367 -0.0697631985 -0.114126772 -0.00856145378 -0.0313830562 -0.219052389 0.0891283527 -0.0150887724 -0.035623502 0.0570253506 -0.0778533965 -0.0440441184 -0.0237529632 0.0418832488 0.0120516019 0.0133797433 -0.11161536 0.0239042882 0.16241473 0.00717068883 -0.124143295 -0.0347701497 0.0929200798 0.0439668484 -0.0255655684 -0.0362787209 -0.0755551234 0.0176160168 0.0595697835 -0.00317681278 0.0638834462 0.00204628939 0.103233717 0.00217193994 -0.0281203873 0.104301229 0.0325588398 0.0549478531 0.00597629417 -0.00237246859 -0.0357101932 -0.0243977867 0.0748593807
G1152 0.0774673671 -8.36319305e-05 -0.0424798802 0.0071492861 -0.0338861421 0.0285120532 0.05361671 -0.0228938889 -0.00885234494 0.0950507373 -0.0725862756 0.0467598513 -0.0986639857 -0.0287553761 -0.184871152 0.0489493981 0.139246285 0.0254677422 -0.0522620454 -0.00960194785 0.044239115 -0.00573526323 0.0759466067 -0.0379542075 -0.0198170263 -0.108959027 -0.193235099 0.0200757962 0.034334071 0.00442708237 -0.119188353 -0.0348887704 -0.0323306285 -0.0539894141 0.0438826717 -0.0463138185 -0.0231651794 -0.093359001 -0.00305685494 0.145814285 0.0435286351 -0.0733464137 -0.00529374648 0.0413342342 -0.020239979 0.0524178483 -0.0328504518 -0.0481554009 0.0534949414 0.0415247791 0.07033474 0.0305255782 0.056197416 0.0459615216 -0.0722746179 -0.011805309 0.0382326841 -0.0353882536 -0.000944029074 0.0568644293 -0.00197910238 0.0300805736 0.189954549 0.143918633
G1153 0.0807936564 0.00719776098 -0.034560658 0.00198753481 -0.0352332145 0.0608758517 -0.00529599795 -0.0125888297 0.0624046214 0.032684356 -0.0084499279 0.0350737423 -0.095056884 -0.0267457906 -0.0922289789 -0.020486977 0.121286981 0.0351279937 -0.0581335314 -0.106416114 -0.0234678313 0.0498511344 -0.0227385033 -0.109772116 -0.0221389234 -0.0475191772 -0.217744455 0.055766616 -0.0305126179 -0.0342449285 0.0249857977 -0.0900653377 -0.0272341948 -0.0141677586 0.0353850015 0.00328655099 0.0185833294 -0.108321689 -0.0199283715 0.176938102 0.000866964343 -0.154755652 -0.0701827556 0.0608169846 0.0690892935 -0.0227715075 -0.0201348532 -0.0601712912 0.00324722845 0.0411996655 -0.00301604392 0.0654416308 0.0122704552 0.0986682102 0.0177185982 -0.0127658965 0.112768874 0.0492859855 0.0256735031 0.00360968546 0.0023898927 -0.0383842476 0.0589284115 0.0951586142
G1154 0.0776065364 6.15169847e-06 -0.0424669906 0.00714484416 -0.0338844694 0.0284648705 0.0537200794 -0.0230565779 -0.00889378134 0.0950195044 -0.0726363733 0.0466514714 -0.0986517519 -0.0287970379 -0.184820041 0.048854813 0.139245585 0.0254520979 -0.0522721931 -0.0095342882 0.0442946814 -0.00575182494 0.0757681951 -0.0379808955 -0.0198490303 -0.108828232 -0.193359092 0.0201995913 0.0342569835 0.00439104205 -0.119206794 -0.0349632576 -0.0324289761 -0.0539718419 0.0438586771 -0.046361424 -0.0231806971 -0.093342416 -0.00294093578 0.145939276 0.0435760841 -0.0734415427 -0.00530471746 0.0412804671 -0.0202308316 0.0524494089 -0.0327968784 -0.0481515378 0.0536219217 0.0415916555 0.0702687576 0.0306179952 0.0561716594 0.0460479446 -0.0724522918 -0.0117749078 0.0383021869 -0.035550531 -0.000992503832 0.056855645 -0.00204444048 0.0300795771 0.189884275 0.143926308
G1155 0.0807852745 0.00728210947 -0.0344399251 0.00198833807 -0.0352641307 0.0604965538 -0.00557884714 -0.0126733296 0.0624853708 0.0330272503 -0.00846377108 0.0352825187 -0.0947731435 -0.0267067887 -0.0923069939 -0.0205676556 0.121504351 0.035128817 -0.0579713508 -0.106504381 -0.0235882625 0.0498783141 -0.0229177978 -0.1099874 -0.0218472723 -0.0472492315 -0.21784924 0.0558665991 -0.0307995845 -0.0340772644 0.0250902902 -0.0901307166 -0.0271350387 -0.0139933908 0.0356617719 0.00321195205 0.0187441539 -0.108750783 -0.0200918056 0.177208871 0.000969776185 -0.154541284 -0.07043726 0.0608569682 0.0688682944 -0.022880964 -0.0201075878 -0.0603172854 0.00320538389 0.0414533056 -0.00288592768 0.0652351379 0.0125291776 0.0986765772 0.0174264275 -0.0125896316 0.112916887 0.049490694 0.0257542487 0.00354063441 0.00234030676 -0.0384483784 0.058660306 0.0955861881
G1156 0.0854996592 -0.0125821764 -0.043109674 -0.00792726967 -0.0283375122 0.0258322041 0.0540494435 -0.0448266007 -0.00464126561 0.102101222 -0.0694621429 0.0504041463 -0.105617516 -0.0253519639 -0.171383351 0.0383557454 0.12992689 0.0105115762 -0.0565882735 -0.0399102382 0.0346651562 -0.0241290163 0.069906123 -0.0593351647 -0.0192126073 -0.122167572 -0.178969353 0.00620878674 0.0474953875 0.0115695419 -0.102037489 -0.0168337263 -0.0309592281 -0.0383791029 0.0451648831 -0.0568144023 -0.025972724 -0.0981791914 -0.00357526238 0.146116182 0.0275540315 -0.0870180503 -0.00862813834 0.0295448676 0.00796360243 0.0519915223 -0.0419307165 -0.0445696265 0.0405069068 0.0467549637 0.0717016608 0.0144660641 0.0580056794 0.0478816405 -0.0459899865 -0.0106629059 0.0466106869 -0.0520762987 -0.00658416795 0.0563957579 -0.000513425795 0.0451496765 0.176128075 0.114495583
G1157 0.0701724812 0.0378722958 -0.0874453112 -0.0596358553 -0.0131830657 0.00353762438 -0.00602561468 0.00498997234 0.0522217229 0.0295856148 -0.0308933742 0.114592567 -0.0785482973 -0.0296854246 -0.0423952639 -0.0548852384 0.0362596549 0.0580205098 -0.029243093 -0.0840019807 -0.029652087 0.0275443085 -0.064573057 -0.0771758854 -0.0265161153 -0.054631941 -0.212004185 0.0547830425 -0.00177947152 -0.0217111688 0.081564337 -0.0408597104 -0.026353173 -0.0515225939 0.0348100103 0.0441682003 0.0223685615 -0.123240881 0.0398057438 0.145347819 0.0138359563 -0.09794572 -0.00312072271 0.120380409 0.0646628365 -0.0185881034 -0.0722061172 -0.0795824826 0.0210490078 0.0475577377 0.016714856 0.0716481432 0.0280240159 0.106866136 0.0048444909 -0.0450449809 0.0909976065 0.0305064358 0.068509087 0.037789084 0.0243537091 -0.0511062555 -0.029497996 0.0471087918
G1158 0.0674154013 0.0283648185 -0.0744172409 -0.0357380658 -0.0141228409 0.0115616098 -0.00520517584 0.0132673485 0.0429293327 0.0288088117 -0.0256225578 0.0899381563 -0.0942486078 -0.0131311826 -0.0599342771 -0.0374163687 0.0563819632 0.0471343398 -0.0300523732 -0.0773742124 -0.0284000058 0.0395163298 -0.0279691853 -0.0732215419 -0.0166763514 -0.0490733385 -0.21240066 0.065767087 -0.0141428206 -0.024532849 0.0523390248 -0.0613563955 -0.0365575105 -0.0480459817 0.0408904366 0.0238313731 0.0076187849 -0.11122065 0.0136700924 0.14668268 0.0169275925 -0.103525877 -0.0290119052 0.113781482 0.0458993688 -0.0154584059 -0.0493924506 -0.0679665878 0.0151419519 0.0372417793 0.00726005994 0.0611632615 0.0163709372 0.104573488 0.0136818215 -0.0255667251 0.0841911361 0.0460570939 0.0590379089 0.0282845404 0.0180965886 -0.041329056 0.00138503651 0.06533169
G1159 0.058278244 0.0564939156 -0.0931302086 -0.0632431507 0.0162815657 -0.0605505072 0.0676236153 -0.0227583311 -0.029483635 0.0547305569 -0.104550123 0.120087676 -0.0388812944 0.027256662 -0.128099054 -0.0267848261 0.0297257937 0.0276904348 -0.00210057572 0.0166386329 0.0204765275 -0.00538477581 -0.0283187572 -0.058751516 0.0144194989 -0.077797085 -0.185468525 0.0740228146 0.0747269541 0.0180667136 -0.0514765047 0.00663481466 -0.068571113 -0.062690407 0.0588330925 -0.02892147 -0.0309405345 -0.100547783 0.0814940482 0.112565815 0.0489902422 -0.0270968191 0.0613439754 0.0980877727 -0.0666836128 0.0541665964 -0.0698268712 -0.0818184391 0.0774280727 0.0839613751 0.0688120946 0.0230857152 0.0319547653 0.0458704829 -0.108306743 -0.0309125558 0.0180761628 -0.0737371892 0.0579749011 0.0541128367 -0.0128627354 0.03830624 0.0186603703 0.101445056
G1160 0.0297115482 0.021293439 -0.0778116658 0.0179227851 -0.00157107809 -0.0622017458 -0.0351690538 0.0905908272 -0.0330288112 0.0719854012 -0.0337398276 0.106556766 -0.119309679 0.0337425731 -0.0927906483 -0.0231534541 0.0651750714 0.0378744677 0.0274046902 0.0191270616 0.0142638516 0.0582690537 0.0865009651 -0.0140929716 0.0338942185 -0.0284532271 -0.206239402 0.108438618 -0.0470902622 0.00926866103 0.0182538591 -0.0627472028 -0.0704151765 -0.0552758574 0.0910008103 -0.0148050124 -0.0189944971 -0.121695779 -0.0564620607 0.092904225 0.0757096037 0.00802717265 -0.047738567 0.145577639 -0.0582065284 -0.0131172538 -0.020629866 -0.0539021641 0.00718585681 -0.000842897454 0.00298634474 0.0247505587 0.0347573347 0.103277892 -0.0131465895 0.0438692421 0.0120792836 0.122586757 0.0914407149 0.0282869693 0.0394351967 -0.0279121362 0.0215315092 0.0915026069
G1163 0.0263927858 0.0226679612 -0.0767699778 0.0164202899 -0.00110879552 -0.0607170686 -0.035192959 0.091517061 -0.0306117367 0.0686968789 -0.0334946103 0.108930811 -0.119157583 0.034871947 -0.094683297 -0.0225937124 0.0667195022 0.0368607678 0.0283623878 0.0182499457 0.0125115998 0.0582759827 0.0877465382 -0.0138444072 0.0377939939 -0.0300528966 -0.203779668 0.107578769 -0.046470765 0.0099256523 0.0184528288 -0.0624575913 -0.0693269074 -0.0539940745 0.0917374566 -0.0137050077 -0.0199360885 -0.1204013 -0.0562738404 0.0921715349 0.0756951198 0.00831105001 -0.0477284379 0.144095659 -0.0587182194 -0.0133040221 -0.0221770201 -0.0552250594 0.00689259963 -0.00267488742 0.00345431664 0.0239405259 0.0345011503 0.10230168 -0.0107561313 0.0431812257 0.0127696414 0.124133654 0.0923072994 0.0277419835 0.0395981856 -0.0289192218 0.0219724998 0.093780905
G1166 0.0804610178 -0.0049484889 -0.0391794704 -0.0109643219 -0.039213907 0.0223428495 0.0494317561 -0.0345809534 0.0068062963 0.0927235857 -0.0769756883 0.0553490035 -0.100069694 -0.0235838294 -0.169993252 0.0473864153 0.137784809 0.0236851405 -0.0580547601 -0.0328844674 0.0362107158 -0.023903843 0.063996464 -0.0536977574 -0.0137717361 -0.112100102 -0.185035378 0.0143965008 0.0462406538 0.0137928277 -0.110323101 -0.0322386287 -0.0293781608 -0.0378380194 0.0449836515 -0.0527234785 -0.0272623822 -0.105615191 -0.00335285603 0.152615651 0.0371976607 -0.0714770034 -0.0146158235 0.0391009711 -0.010740797 0.0412924998 -0.0445133336 -0.0434883274 0.0457893498 0.0419519246 0.0721619278 0.0279398859 0.0571818948 0.0482090488 -0.0537477657 -0.00888840668 0.0560019612 -0.0406136252 0.00362047972 0.0621095262 0.0042454605 0.040483214 0.17221728 0.127553448
G1167 0.0781471357 0.00622397242 -0.0329171009 0.0017565334 -0.0359245837 0.0638008565 -0.00516321138 -0.0117955618 0.0631082505 0.0325009562 -0.0078502465 0.0352624208 -0.0949386656 -0.0243420303 -0.0920934975 -0.0214788783 0.122592896 0.033986941 -0.0580143183 -0.107930005 -0.0237436779 0.0525371581 -0.0212532077 -0.111071356 -0.021630656 -0.0485272445 -0.21685797 0.055690296 -0.031387642 -0.0350411907 0.0258482452 -0.0924654678 -0.0265467819 -0.0129604889 0.0372030586 0.00348243024 0.0192961339 -0.105898589 -0.0197128318 0.176160529 -4.80727904e-05 -0.156396404 -0.0709421784 0.058990851 0.0700738132 -0.0234034192 -0.0196053218 -0.0603055842 0.00133823475 0.0432400219 -0.00344419829 0.0645812377 0.0116332499 0.0982194766 0.0187319778 -0.0143431416 0.112799808 0.0512508526 0.0250256062 0.00229543005 -0.000517279201 -0.0376589075 0.0584718771 0.0963957086
G1168 0.0868877545 -0.0112976944 -0.0409950987 -0.00675172126 -0.0291411858 0.0239564851 0.0547092184 -0.0465319678 -0.00650371844 0.102139734 -0.0696444958 0.0473780967 -0.103028342 -0.0250587519 -0.170912713 0.0362901203 0.131158084 0.0110267727 -0.0557100028 -0.0391789339 0.0359057374 -0.0227333885 0.067439802 -0.0615536347 -0.0188868064 -0.118128397 -0.182918772 0.00911831763 0.0476715825 0.0102417795 -0.10215047 -0.0209924392 -0.0312658772 -0.0367063098 0.0466891192 -0.0577195548 -0.0240467768 -0.0991442278 -0.00416496955 0.148603067 0.0273350831 -0.0861133635 -0.0106928628 0.0277142841 0.00560826343 0.0506116822 -0.0391812548 -0.0443392508 0.040730942 0.0487082824 0.0705617145 0.014345509 0.0573241748 0.048669517 -0.0504970625 -0.0103996685 0.0480909869 -0.0505510643 -0.00749499165 0.0552175306 -0.0023388213 0.0459760018 0.174846947 0.114006341
G1169 0.0805461854 -0.0049189534 -0.039215222 -0.0109570129 -0.0392064489 0.0222175624 0.0494830273 -0.034665782 0.00671184249 0.0926838145 -0.0769855008 0.0552666225 -0.100086279 -0.0237118676 -0.16997993 0.0473203659 0.137741327 0.0237143803 -0.0580605306 -0.0328752398 0.0363104492 -0.0240218099 0.0638844073 -0.0536336526 -0.013735842 -0.111995272 -0.185126603 0.0144450059 0.0462493263 0.0138234217 -0.110362194 -0.0321925022 -0.0294473879 -0.0378586054 0.0449554361 -0.0526838712 -0.0272383913 -0.105680369 -0.00327614136 0.152667135 0.0371659137 -0.0714809969 -0.0146032954 0.0390397087 -0.0107128555 0.0413608961 -0.0445524752 -0.0434813388 0.0459387228 0.0418847241 0.0721102357 0.0280176476 0.0572105274 0.0482580923 -0.0538353436 -0.00884143822 0.0560464337 -0.0407382026 0.00363415712 0.0621265583 0.00432441058 0.0404661931 0.172188759 0.127508521
G1170 0.0777621642 0.00640952773 -0.0327652134 0.00161719648 -0.0358834416 0.0635914803 -0.00531836227 -0.0117777232 0.0633504167 0.0321817547 -0.0077839368 0.0354917496 -0.0946581513 -0.0242290758 -0.0924495906 -0.0215818416 0.122870445 0.0338908508 -0.0578553826 -0.108154401 -0.023931589 0.0524951145 -0.021434363 -0.111342452 -0.020938132 -0.048407115 -0.216667935 0.0557200983 -0.0313304216 -0.0348166041 0.0259183515 -0.0923197418 -0.0264172405 -0.0126960082 0.0373755284 0.0036692468 0.0193906054 -0.106123872 -0.0197073482 0.176211461 -0.000203201824 -0.156236827 -0.071057111 0.0587424077 0.069880195 -0.0234389007 -0.0197931305 -0.060624402 0.00134821772 0.0431661941 -0.00339022698 0.0644307137 0.0117038423 0.0980743989 0.0187696498 -0.0142630143 0.113007553 0.0514436476 0.0252943188 0.00208151178 -0.000398474862 -0.0378192551 0.0582823493 0.0969713777
G1171 0.0222761724 0.0258434135 -0.0839616507 0.00768882409 0.000839379325 -0.0616812259 -0.0360947065 0.0919011012 -0.0307371169 0.0724366754 -0.0321205482 0.119068787 -0.11067941 0.0296842605 -0.0889543742 -0.0327483527 0.0577953607 0.0421053395 0.0308427308 0.0171502531 0.01309173 0.0583054163 0.071830973 -0.013557815 0.0335333198 -0.0321337953 -0.203214839 0.103871286 -0.0428514108 0.0101476396 0.0320724435 -0.0534542874 -0.0650045499 -0.0605807565 0.0898979008 -0.00108149787 -0.00921833981 -0.123881869 -0.0426778831 0.087540023 0.0729436055 0.00963902473 -0.0328565016 0.148281723 -0.0510739312 -0.0113823041 -0.0312145762 -0.0629713759 0.0101975705 0.00550475437 0.00483614672 0.0264546704 0.0404374078 0.101221994 -0.0190292653 0.0317637511 0.0112718772 0.118824415 0.0951189399 0.028844472 0.0387162901 -0.0382135175 0.0101416958 0.0906890556
G1174 0.0812161565 0.00739087351 -0.0350600965 0.000183926066 -0.0349756628 0.0601998307 -0.00515729934 -0.013595866 0.0638982952 0.0328974761 -0.00754101714 0.0356304795 -0.0947324485 -0.0270063337 -0.0909495428 -0.0200539976 0.121194176 0.0361824557 -0.0598916076 -0.110964172 -0.0254048947 0.0485010184 -0.0244671088 -0.111182258 -0.022603048 -0.0469811484 -0.217435166 0.0554014444 -0.0298997033 -0.0343000218 0.0249015521 -0.0906498432 -0.02642042 -0.0147402063 0.0354565457 0.00433246186 0.0206302516 -0.109544188 -0.0186777078 0.178917214 -0.000474064727 -0.155499324 -0.0692108124 0.0612791628 0.0711453706 -0.0221506078 -0.0208670869 -0.0603361093 0.00375457713 0.0416215248 -0.0022806921 0.0658208951 0.0125909382 0.0990816727 0.018844476 -0.0145604629 0.115520723 0.0481872223 0.0243208669 0.00408956222 0.00381734385 -0.0391231328 0.0582244657 0.0944764689
G1175 0.0812078789 0.00747529091 -0.034939196 0.000184711535 -0.0350064375 0.0598202571 -0.00544009684 -0.013680432 0.0639788732 0.0332401283 -0.00755502423 0.0358391553 -0.0944486782 -0.0269671679 -0.0910275057 -0.0201347917 0.121411502 0.0361832902 -0.0597293004 -0.111052692 -0.0255252942 0.0485283211 -0.0246463232 -0.11139746 -0.0223117173 -0.0467110351 -0.217540011 0.0555015504 -0.0301870517 -0.0341322571 0.0250060279 -0.0907152072 -0.0263212901 -0.0145655423 0.0357332937 0.00425786152 0.0207912307 -0.109973192 -0.0188409295 0.179187879 -0.000371179049 -0.155285135 -0.0694657788 0.0613191612 0.0709247142 -0.0222599637 -0.0208398756 -0.0604821891 0.00371262687 0.0418753624 -0.00215059915 0.0656146929 0.0128496848 0.0990899727 0.0185520798 -0.0143843768 0.115669072 0.0483921394 0.0244018547 0.00402059546 0.00376763637 -0.0391874798 0.0579562485 0.0949040726
G1176 0.0652722791 0.0514573976 -0.0695223212 -0.0745665431 -0.000725015416 -0.00400769897 0.0135642281 -0.0103731947 0.0476698093 0.00124379992 -0.0248107631 0.0920060799 -0.0656905249 0.012755556 -0.0239939839 -0.0585274473 0.0391152911 0.0446207523 -0.0431074575 -0.115980476 -0.0627205074 0.0413517393 -0.0861338973 -0.122373492 -0.0211066753 -0.0280230436 -0.217560366 0.104017675 -0.000379474397 -0.0375237837 0.0727557465 -0.0897987485 -0.0341865011 -0.0404828005 0.0380664319 0.0166433509 0.0309885256 -0.110244729 0.0495725572 0.171860293 0.00165543531 -0.110377118 -0.0106881047 0.107861847 0.0486171991 -0.0200347491 -0.0441303067 -0.0768606141 0.024010608 0.0591608398 0.00749790529 0.0598286353 -0.00304630701 0.11217697 0.00757269328 -0.0462907739 0.112099618 0.011437091 0.0358330309 0.0221925322 0.00958977733 -0.0390346386 -0.0388777405 0.0470059253
G1177 0.0547226146 0.0577481464 -0.107468076 -0.0640597716 0.0233956911 -0.0602139756 0.0642390922 0.00234233169 -0.0381666161 0.0784480646 -0.0876320228 0.119537227 -0.0517229773 0.0257102381 -0.116902448 -0.0172045864 0.00858782046 0.0404085293 -0.00187245489 0.0121619152 0.0167459529 -0.00440742867 -0.00334757566 -0.0473396964 0.00147504127 -0.0907294676 -0.187305495 0.0695880875 0.0748746023 0.00240089954 -0.0457763746 -0.00132055127 -0.0614279695 -0.0865999758 0.0563547574 -0.0278609172 -0.0264325403 -0.106078744 0.077010341 0.107936963 0.046694804 -0.0284316652 0.0640978441 0.116320305 -0.0541343391 0.0628218204 -0.0606128052 -0.0814820379 0.0698874816 0.0823827386 0.0588591136 0.00877076108 0.03184513 0.0486406237 -0.095699057 -0.0413070992 0.00177073828 -0.0698560551 0.0443545431 0.0588678122 -0.0166242067 0.0240842085 0.028499173 0.100187309
G1178 0.0292088129 0.0665474758 -0.0608680137 -0.00432042917 0.00856165309 -0.023488827 0.00164022285 0.0523997433 -0.00860527437 0.0188071765 -0.0383562893 0.103275411 -0.0831653774 0.0533526577 -0.0893404335 -0.0565628819 0.0576696657 0.0266096219 0.0371370949 0.0241540316 0.00133791077 0.10464824 0.0283552315 -0.0555783287 0.0263089743 -0.0348561816 -0.22664614 0.135113105 -0.0438667424 -0.0409552529 0.0318608955 -0.101232633 -0.0559349693 -0.0337583795 0.086178802 -0.000965996238 -0.0211548209 -0.079486765 -0.00600357074 0.107955314 0.0963203609 -0.0365425013 -0.0217605736 0.112020172 -0.0556257889 -0.0242666248 -0.00944731105 -0.0700191557 0.0171790607 0.0319955871 -2.37805398e-05 0.0477171876 0.00266856491 0.108714387 -0.0413722619 0.00395000586 0.0373931229 0.100470208 0.0821317732 0.0161343757 -0.00784725137 -0.0394940749 -0.0098544471 0.089296326
G1181 0.0695689917 0.0148853408 -0.0734512582 -0.0568481609 -0.0368531831 0.0499477796 -0.0131670488 -0.00543096522 0.0736942291 0.0419660844 -0.0140649285 0.102521703 -0.091641739 -0.0582319275 -0.0521882996 -0.0368650816 0.069200404 0.0595096983 -0.0520020016 -0.1066944 -0.0252838451 0.0231554043 -0.0574454479 -0.0781902894 -0.0480442084 -0.0739945993 -0.209781229 0.0179099683 -0.000520271366 -0.0219514184 0.0775619149 -0.0388752818 0.00197030208 -0.0482962169 0.0224559885 0.0568574369 0.0432684422 -0.124409288 0.0285798144 0.157615006 0.00160730304 -0.126750752 -0.0105667608 0.0980619639 0.10562373 -0.0163456146 -0.0737985522 -0.0762531906 0.0130779268 0.0410467274 0.0224729218 0.0813367888 0.0443535559 0.102005549 0.0122925211 -0.0548907034 0.104998209 0.0309129469 0.0436024778 0.0422447473 0.0312702321 -0.0677186921 0.0251750834 0.0518087558
G1182 0.0206836369 0.00950038806 -0.0763548836 -0.0436886661 0.00162021513 -0.056686528 -0.0172753297 0.0811070949 0.00921058003 0.148823038 0.0471061468 0.114327736 -0.135780007 0.0128525216 -0.0613496788 0.0103386538 0.0831926614 0.0953994393 -0.0258099362 -0.178924575 -0.038162306 0.0302835107 0.0954174027 -0.0691341534 0.0150147835 -0.031803973 -0.200380117 0.116350085 -0.0540849939 -0.0238222051 0.0462529175 -0.146368131 0.0039223819 -0.0846722871 0.133307055 -0.0146182217 0.0902023986 -0.163237363 -0.0321956463 0.167960361 0.056146156 -0.0426238477 -0.016909929 0.139677465 0.0175308548 0.0152739603 0.00971233845 -0.0481458716 -0.0123069482 0.0242247824 -0.013717277 0.0118933776 0.0684302151 0.131279573 0.0308729745 -0.0261444096 0.0673818961 0.113192491 -0.0238751508 0.0345174149 0.0569294877 -0.0805903301 0.074143663 0.100359067
G1185 0.0559740365 0.0592120178 -0.105253138 -0.0630825236 0.0223507378 -0.0620397292 0.0649602637 0.000875820755 -0.0399272926 0.0780924931 -0.0878461972 0.116422832 -0.0495186187 0.0262260158 -0.116408862 -0.0191885941 0.0098124817 0.0408581197 -0.00102745311 0.0132140545 0.0180858895 -0.00308968173 -0.00531656435 -0.0492114574 0.00195364049 -0.0871237367 -0.191498995 0.0726427659 0.075017117 0.000772925676 -0.0459553823 -0.00568587938 -0.0615258887 -0.0848917589 0.0580968559 -0.0288488679 -0.0249695983 -0.106732145 0.0764000639 0.110371694 0.0467124805 -0.0270439256 0.0620591864 0.11442326 -0.0566565655 0.0614213645 -0.0579581633 -0.0811287388 0.0701225251 0.0839062184 0.057701651 0.00864434335 0.0309764612 0.0495842136 -0.0995864496 -0.0411131084 0.0031393473 -0.0679645538 0.0433701053 0.0581068061 -0.0184586961 0.0250808727 0.0273052938 0.0996137634
G1186 0.0615590326 0.0459648483 -0.0728166997 -0.0706800967 -0.00156607572 -0.00873124879 0.00917823147 -0.0111998096 0.0446104892 0.00832937565 -0.020834377 0.0941053927 -0.0620655082 0.00877338089 -0.026816776 -0.0592103228 0.0403016321 0.0453992486 -0.0439041816 -0.125449434 -0.0608738214 0.0383094959 -0.0929605067 -0.119660325 -0.013710849 -0.0200560149 -0.21238035 0.0972992927 0.00530249393 -0.0249841176 0.0733035579 -0.074959904 -0.0381467342 -0.0404957607 0.0423207991 0.0178393628 0.0392520837 -0.117760435 0.0493298545 0.168446213 -0.00683535822 -0.113732904 -0.0103908023 0.111479402 0.051185403 -0.0157392789 -0.0460088179 -0.0778502226 0.026681127 0.0627555624 0.0057186773 0.057377845 0.0087614134 0.104872197 0.00750602083 -0.0496189073 0.112578616 0.0124549866 0.0424714833 0.0140538476 0.0126329167 -0.0410063528 -0.0384935066 0.0527773909
G1187 0.0734133199 0.0186425112 -0.0458325185 -0.0260412842 -0.0311819464 0.0593984649 -0.00452982588 -0.0152499881 0.0678913668 0.0300940387 -0.00883158855 0.0587825179 -0.0817006528 -0.030181013 -0.0733816028 -0.0379895791 0.0981336683 0.0396726243 -0.0518123619 -0.110154204 -0.0258978121 0.0489885323 -0.0561056957 -0.115393646 -0.0301164985 -0.0530100018 -0.21674709 0.0519723594 -0.0182459224 -0.0369898863 0.0507934764 -0.0756801888 -0.0159862023 -0.0185921434 0.0312979519 0.0219106954 0.0324930064 -0.111651868 0.00743997004 0.16956456 -0.00236172532 -0.153124973 -0.0454814807 0.0689570829 0.0819843113 -0.0233474188 -0.034778744 -0.0720012709 0.00824805815 0.0534845926 0.00115740625 0.0723793283 0.0178211685 0.0987169221 0.00774712395 -0.0348466411 0.115720622 0.0372674055 0.0314832963 0.00969986431 0.00195551687 -0.0508135632 0.0349182822 0.078950204
G1188 0.0730307102 0.0188292954 -0.045684807 -0.0261826981 -0.0311397482 0.0591901541 -0.00468347454 -0.0152288033 0.0681322962 0.029776128 -0.00876478199 0.0590112768 -0.0814185441 -0.0300684106 -0.0737327263 -0.0380915403 0.0984119028 0.0395767279 -0.0516574271 -0.110378593 -0.0260860547 0.0489450879 -0.0562852547 -0.115663067 -0.0294311959 -0.0528930277 -0.216555744 0.0520033464 -0.0181909613 -0.0367661119 0.050865747 -0.0755369738 -0.0158593003 -0.0183251258 0.0314690806 0.0220940318 0.0325865857 -0.111876465 0.00744473841 0.169613108 -0.00251545128 -0.152964726 -0.0456043184 0.0687069595 0.0817936882 -0.0233835597 -0.0349673107 -0.0723206103 0.00825282559 0.0534115061 0.00121090468 0.0722293109 0.0178942531 0.0985717997 0.00778400898 -0.0347682126 0.115931109 0.0374639668 0.0317517929 0.00948668737 0.00207312894 -0.0509747677 0.0347274467 0.079531081
G1189 0.0289589763 0.0234397966 -0.0755382627 0.0158156566 -0.00145272142 -0.0641858354 -0.0346114784 0.0909028798 -0.0333838984 0.0691427663 -0.0344082303 0.104504019 -0.118645065 0.0372584015 -0.0901636407 -0.0247356351 0.0647240505 0.0355765745 0.028579399 0.0186513215 0.0151277026 0.0575580336 0.085605517 -0.0191135667 0.0367192067 -0.0273966864 -0.207082734 0.112558313 -0.0466036126 0.00828994997 0.0183880217 -0.0659157336 -0.0713161081 -0.0505892523 0.0925466791 -0.0185184386 -0.0213480815 -0.122118719 -0.0576265454 0.0921099856 0.0748701766 0.00947232451 -0.0510187857 0.143396467 -0.0611132234 -0.0155669739 -0.0184245594 -0.0541073009 0.00620558159 -0.000972781272 0.000277994055 0.0240963381 0.0315681025 0.104887553 -0.0116514498 0.04548686 0.0142123029 0.123280555 0.0921871215 0.0279926211 0.037421409 -0.0248284303 0.0193645526 0.0883319005
G1192 0.0295778513 0.022714179 -0.0763363987 0.0157067813 -0.00112049177 -0.0643578172 -0.0353093557 0.0906627625 -0.033187326 0.0707983896 -0.0347052962 0.10569685 -0.118861459 0.036609821 -0.0900553167 -0.0243595317 0.064419128 0.0354892947 0.0286196657 0.018504316 0.0144833578 0.0569849834 0.0855428353 -0.0185520872 0.0361244902 -0.0278878901 -0.205883384 0.111500941 -0.0475802459 0.00922544487 0.0185532719 -0.0642417297 -0.0712247267 -0.0510347076 0.0922906026 -0.0188474543 -0.021441197 -0.122963831 -0.0576494373 0.0918287337 0.0754355192 0.00903138518 -0.0503819697 0.144579157 -0.0604161732 -0.0151599711 -0.0192304496 -0.0540287979 0.00632733991 -0.000643322885 0.00109236338 0.0238880254 0.0327112786 0.104590394 -0.0112557197 0.0459873639 0.0135395322 0.122142136 0.0923826769 0.028166296 0.0378792547 -0.0248308964 0.0192200597 0.0884800628
G1195 -0.0145498263 0.0514657274 -0.104030855 -0.0647635311 0.022559775 -0.0443834923 0.0540322587 0.037980862 -0.0367999263 0.0996757522 -0.0719240829 0.149359643 -0.0647165105 0.059655048 -0.121682853 -0.0155022405 0.015268798 0.0424562395 0.00737347733 0.0205591321 0.020972088 0.0163558088 0.0555758737 -0.0348568223 0.0146983098 -0.102785736 -0.156452835 0.0649833456 0.0785358325 0.0225112848 -0.0196452979 -0.0129713276 -0.0539897494 -0.080653809 0.0832144916 -0.0251646303 -0.0150849698 -0.0870205015 0.0672758073 0.0875045359 0.0719125792 0.0131838648 0.0833554119 0.119846433 -0.0603371337 0.0554698333 -0.0536716245 -0.0917449594 0.0410074815 0.0827145204 0.0598124638 -0.0080890879 0.0620943531 0.0425986946 -0.0945425928 -0.0582460463 -0.0254649334 -0.0242212974 0.033565972 0.0580966733 -0.0183333643 -0.00662816223 0.0388111547 0.12636365
G1198 0.0543426983 0.0446954891 -0.0630040988 -0.0482768789 -0.0074791722 0.0449071489 0.0105470885 0.00918516889 0.0661685243 -0.003399265 -0.0239375308 0.0828114375 -0.0945629328 0.0217611287 -0.0549256243 -0.0439171642 0.0561575927 0.0302203931 -0.0340744741 -0.0782319009 -0.0426609144 0.0621349998 -0.0365219675 -0.111174695 -0.0228132028 -0.0603368618 -0.203664571 0.0851562768 -0.00361252809 -0.0491934307 0.0564915165 -0.0858708024 -0.0347087234 -0.0332888849 0.0307560135 0.0123025626 -0.00833990052 -0.0782864168 0.0266229641 0.149440378 0.0206987746 -0.12704365 -0.030013606 0.103013337 0.0468837507 -0.0224727876 -0.0342373475 -0.0705935806 0.00388346915 0.0473230481 -0.000540309353 0.0652312115 -0.0146334758 0.104282729 0.0259810742 -0.0348686762 0.0888696536 0.0386853293 0.045801118 0.0227895416 -0.00670211576 -0.0404216275 -0.00306428852 0.0692827851
G1199 0.044573687 0.0598357134 -0.0977882445 -0.0694340393 0.0184050687 -0.051627852 0.0620846339 -0.00528024742 -0.0245398227 0.0575041659 -0.0974868536 0.129501462 -0.0492867157 0.0316085666 -0.124206655 -0.0158561748 0.0187035184 0.0323619209 0.00085555244 0.0173197333 0.0190720018 -0.00245879893 -0.00529384008 -0.0457854234 0.0137026245 -0.0924138576 -0.182322755 0.0674679726 0.0766554549 0.0108107319 -0.0519002266 0.00286684325 -0.0594341271 -0.070163779 0.0605310462 -0.0252515711 -0.0371481702 -0.096894972 0.0779985115 0.106963262 0.0546343364 -0.024378268 0.0614347644 0.107757874 -0.0651812926 0.0548780523 -0.0695831701 -0.0817263946 0.0714264512 0.0741833672 0.0685549602 0.0183087196 0.0336106867 0.0441456288 -0.0937004238 -0.0396996811 0.0111939954 -0.0632348731 0.0554607138 0.0622028783 -0.0118773868 0.029545024 0.0297693815 0.102834485
G1200 0.0682105273 0.0478540324 -0.0531928465 -0.0447622165 -0.00904254243 0.027107019 0.00883793086 -0.0058671385 0.0544080324 0.00253667682 -0.0260615852 0.0739067346 -0.0801263377 0.0140697351 -0.0533185191 -0.0528042875 0.0623025633 0.0327394865 -0.0269304179 -0.0828778818 -0.0377057791 0.0634027347 -0.055154182 -0.114675708 -0.0142234359 -0.0454023667 -0.224167049 0.0959404409 -0.0142420391 -0.0528338552 0.0533522293 -0.0993291959 -0.0342200994 -0.0220849086 0.041030176 0.0079142116 0.00107412075 -0.0941144079 0.0239553452 0.163180158 0.0212441795 -0.127319843 -0.0403507724 0.0898612365 0.0363272056 -0.0286063664 -0.0281766932 -0.069857195 0.0108179767 0.0534661561 -0.00393771566 0.0620394498 -0.0122597544 0.108951576 0.00708017033 -0.0278423112 0.100503445 0.0356116071 0.0448133498 0.0162769761 -0.0125547443 -0.0328391194 -0.0143563356 0.065434441
G1201 0.0506301858 0.0580971725 -0.0998997763 -0.0666092485 0.0175025426 -0.0545388199 0.0625844374 -0.00682354718 -0.028695127 0.0626018122 -0.0981704071 0.124792784 -0.0501584597 0.0289836936 -0.120981902 -0.0168177467 0.0154858511 0.0345678553 -0.00134106225 0.0192272328 0.0232302733 -0.00341091515 -0.00777854165 -0.0456936993 0.00709823798 -0.0893238708 -0.186970428 0.0693977773 0.075799197 0.00952484272 -0.0525383949 0.002852645 -0.0621322133 -0.0729807615 0.0583177954 -0.0259597767 -0.0362087637 -0.0990540758 0.078412734 0.10712412 0.054649204 -0.0244869702 0.0619208701 0.110176943 -0.064229399 0.0555417649 -0.0675193742 -0.0794863403 0.0729012117 0.076451689 0.0673908293 0.0211761333 0.0337386169 0.0469124578 -0.0979651958 -0.0381069593 0.0102609415 -0.0663384348 0.0543985069 0.0634707436 -0.0112765897 0.0305389967 0.0286219269 0.0987133384
G1202 0.0741396695 0.0234441925 -0.030716734 -0.0120384386 -0.0354169384 0.0707707927 -0.00521018961 -0.00468524918 0.0581447631 0.0125191566 -0.0336888805 0.0529870726 -0.091485709 -0.0169155132 -0.0873051956 -0.0504532568 0.0990335122 0.00512809074 -0.0170088708 -0.0286262501 0.0103577189 0.0656004846 -0.0377072841 -0.113537446 -0.024320852 -0.0732520521 -0.220758766 0.0601004399 -0.0372756682 -0.0423657112 0.0526411459 -0.0738333315 -0.0182433929 0.00841975212 0.0280759986 0.00427949103 -0.0104562873 -0.0838214606 -0.00944214873 0.134901017 0.026858978 -0.139611468 -0.0660644546 0.0502649881 0.0444806404 -0.0382684842 -0.0323817655 -0.0753241926 0.000950938615 0.0431233197 -0.00508856075 0.0760123059 0.00146795262 0.102536529 -0.00364888436 -0.0033381551 0.0861625746 0.0503308177 0.0532241762 0.0154378116 -0.0208580382 -0.0313980207 0.0320131853 0.0717420429
G1203 0.053171698 0.041988872 -0.0646877959 -0.0418890342 -0.0102873435 0.0515955389 0.00902186893 0.0112875765 0.0625549108 -0.00122019881 -0.0250123832 0.0850912929 -0.0955699012 0.0143607417 -0.0626396686 -0.0465858616 0.0595417805 0.0324522667 -0.0314460024 -0.0647322387 -0.0355917923 0.068228066 -0.0341592394 -0.0976739004 -0.0277174991 -0.0630853176 -0.205812648 0.0788572803 -0.00459260819 -0.0490578674 0.057831347 -0.0808997452 -0.0338177457 -0.0417498536 0.0287247449 0.0209295172 -0.00613720668 -0.0747760236 0.0288390759 0.145782813 0.0242345668 -0.127644166 -0.0239697397 0.103067286 0.047761675 -0.0181216877 -0.037674129 -0.0722698197 0.00528147537 0.0473713055 0.00176650344 0.0688087866 -0.0102676721 0.100647412 0.0159297418 -0.0369025655 0.0806522593 0.0400237516 0.0481565781 0.023039896 -0.00819541421 -0.0446434394 0.00125477021 0.0755478814
G1204 0.050489448 0.0516791455 -0.0979445428 -0.0686840713 0.0142239239 -0.0557922386 0.0628907308 -0.0121469181 -0.0287288819 0.0558350608 -0.103455164 0.134404227 -0.0527166203 0.0248960201 -0.127759755 -0.0175711494 0.0253363214 0.0283531006 0.00177666172 0.0234014206 0.0217565037 -0.00645603798 -0.00560678728 -0.0367798842 0.0117944013 -0.0924986452 -0.181426719 0.0613462403 0.0787123367 0.0203951672 -0.0528741963 0.0132814804 -0.0603757463 -0.0736910254 0.0604716316 -0.0211837906 -0.0342783518 -0.0963701084 0.0783270672 0.105320491 0.0549197868 -0.0190092009 0.0655108616 0.105024211 -0.063870132 0.0589397289 -0.0783787817 -0.0787966102 0.075344108 0.0706077814 0.0765116885 0.019747464 0.0401196331 0.0438945666 -0.0988834873 -0.0348926596 0.00877960119 -0.064833343 0.0592847168 0.0651584044 -0.00448335381 0.0356118791 0.0312289037 0.0961723924
G1205 0.0261374861 0.0602809601 -0.0550281927 0.000786890276 0.00525751617 -0.0201237407 -0.001436066 0.0559665896 -0.00990592781 0.019262841 -0.0362413749 0.0965762883 -0.0943376869 0.0618340932 -0.0917389914 -0.0482568257 0.0644975379 0.0214475784 0.0367234536 0.0259587001 0.0025858751 0.107725993 0.0457476377 -0.0529072881 0.0285261683 -0.034455657 -0.226638973 0.136188626 -0.0429803617 -0.0395462401 0.0213847626 -0.10785155 -0.0577159896 -0.0316709913 0.0885497555 -0.00960038323 -0.0284128189 -0.0770521089 -0.0188840255 0.109651692 0.0977392644 -0.0370835438 -0.035498172 0.111311875 -0.0629380643 -0.0247425828 -0.00141537364 -0.0625401735 0.0110190138 0.0247828402 -0.00304605556 0.0426887311 -0.000465420453 0.107274398 -0.0345787108 0.0135472165 0.0337573364 0.108210243 0.0786635205 0.0159136653 -0.00794260949 -0.0335348137 0.00356769795 0.0915982202
G1208 0.0703401193 0.0179852359 -0.0339604616 -0.00818937644 -0.036109332 0.0661024079 -0.00968783721 -0.00572164124 0.0551017448 0.0196532812 -0.029802151 0.0551191308 -0.0875329226 -0.020902155 -0.0902285874 -0.0511776768 0.100141287 0.00585428905 -0.0178765021 -0.0383932069 0.0125020212 0.0625577122 -0.0444672182 -0.110893711 -0.0168125276 -0.0652022213 -0.215644911 0.0535101369 -0.0316699259 -0.0299003683 0.0532901026 -0.0586174391 -0.0222623441 0.00793089624 0.0324645005 0.00561893173 -0.00185123377 -0.0914160907 -0.0096863443 0.131371289 0.0182875358 -0.142849043 -0.0654107779 0.0539735779 0.0475352556 -0.0339558274 -0.0343299061 -0.0763474926 0.00368671655 0.0466864631 -0.00681248447 0.0734566227 0.0132514564 0.0952749029 -0.003605932 -0.00646706671 0.0865499675 0.051089827 0.0595085807 0.00731862336 -0.0176426489 -0.0333972462 0.0322808735 0.0774122775
G1209 0.0258535594 0.0196104366 -0.077460736 0.0150398444 -0.00202785991 -0.060585361 -0.0363945514 0.0914194807 -0.0374916457 0.0728816241 -0.0319956765 0.106987059 -0.121235944 0.0381183177 -0.0900664777 -0.0258546975 0.0629038066 0.0350871272 0.0306363963 0.0228707828 0.0170276035 0.0629255548 0.085882321 -0.0115435421 0.0320166461 -0.0269650742 -0.208080873 0.109220229 -0.0433841273 0.00991313159 0.0184821393 -0.0626533404 -0.06942866 -0.0580508597 0.0919703022 -0.0139469178 -0.0160851087 -0.120890461 -0.0557450168 0.0905472562 0.0752968565 0.00692159636 -0.0476089418 0.146866292 -0.0605531558 -0.0112524135 -0.0182514321 -0.0530473515 0.00672153803 0.000159326359 0.000959195662 0.0225818418 0.0352601744 0.101023592 -0.0179157536 0.0433844589 0.00828510709 0.123191617 0.0900740847 0.027420558 0.0374394543 -0.028039448 0.0242386945 0.0889624059
G1212 0.0247237347 0.0191308446 -0.0783169866 0.0143639427 -0.0017712015 -0.0598286539 -0.0369187482 0.0924415961 -0.0364259705 0.0727617666 -0.031808015 0.10880854 -0.122105718 0.0379403979 -0.090612784 -0.0248886701 0.0625532269 0.034946233 0.0304396395 0.0224418249 0.0162130874 0.0622273423 0.0871811137 -0.0106484015 0.0324766226 -0.0288342349 -0.205839738 0.107629754 -0.0433346294 0.0108133974 0.0187466461 -0.0603738017 -0.0689633563 -0.0586101301 0.091475144 -0.0133264856 -0.0168725438 -0.12069162 -0.055649966 0.0892507434 0.0752869695 0.00694019115 -0.0466681905 0.147675633 -0.0596800148 -0.0107586216 -0.0198563766 -0.0534103215 0.00641996693 -0.000906156609 0.00173335348 0.0224014036 0.0357907042 0.100448109 -0.0156367049 0.0433475412 0.00733935414 0.122873656 0.0907802209 0.0278774966 0.0384224467 -0.0285983644 0.024827905 0.0897286311
G1215 0.0586355291 0.0162204839 -0.0508803129 -0.0397745855 -0.0356483944 0.0931709185 0.000548493001 -0.00384216593 0.0845805407 0.0141050033 -0.00985792093 0.0733901858 -0.109758466 -0.0193831883 -0.0719549283 -0.0290701315 0.0942261741 0.0340494365 -0.0560055301 -0.0899470672 -0.0300039332 0.0578861907 -0.0284433719 -0.0985521898 -0.0502072163 -0.0839001015 -0.203874141 0.0375491641 -0.00274464278 -0.0461740121 0.0551637337 -0.0749283284 -0.00432259403 -0.0373140164 0.0170616601 0.033538606 0.0167278368 -0.0814550146 0.0162905455 0.160898492 0.0119981514 -0.154496193 -0.0317634121 0.0788312033 0.0918544009 -0.016096117 -0.043326769 -0.0674294531 -0.00220197416 0.0396340899 0.0104245199 0.078651242 0.0100108506 0.0976372063 0.0241496824 -0.0438989699 0.0969398767 0.0389034785 0.0240955837 0.0306131523 0.00328253116 -0.0579091981 0.0543267354 0.0748446733
G1216 0.0725918263 0.019496154 -0.0410257429 -0.0362468101 -0.0372752696 0.0755979642 -0.0010993795 -0.0189155322 0.0729602948 0.0199956838 -0.0119768204 0.0648729801 -0.0953550339 -0.0269234963 -0.0701554865 -0.0380620509 0.10052155 0.036600437 -0.0488072149 -0.0944515541 -0.0250958838 0.0591427796 -0.0469390862 -0.10184522 -0.0417314395 -0.0689740032 -0.224271074 0.0482223444 -0.013060254 -0.0497877784 0.0520070381 -0.0886190236 -0.00384540344 -0.0263645351 0.0272462312 0.0290601123 0.0263531078 -0.0973125249 0.0135486731 0.174677357 0.0125532653 -0.154803142 -0.0420745276 0.065597415 0.08138825 -0.0222299136 -0.0371979997 -0.0666822717 0.00481687533 0.0457667634 0.00701911328 0.0753258467 0.0123922834 0.102279775 0.00478383247 -0.0369679071 0.108664401 0.0358492471 0.02320504 0.0240200255 -0.00253579021 -0.0504539981 0.0431489535 0.0706854239
G1217 -0.00791979767 0.034269847 -0.075898841 -0.00761409942 0.00675951131 -0.0645173416 -0.0359197892 0.0853448063 -0.0329757929 0.0834408328 -0.0172185134 0.125417456 -0.103043646 0.0396852978 -0.0829378963 -0.0601364411 0.0410002507 0.027966639 0.0517351292 0.00680423249 0.00626979768 0.0905228034 0.0732694864 -0.0331069194 0.0278913677 -0.0335190631 -0.211761162 0.119672738 -0.0570457689 -0.00903653353 0.0567561314 -0.074761562 -0.046608977 -0.043835748 0.114474654 -0.012461056 -0.0094302725 -0.133455917 -0.0349307619 0.0967384428 0.0959424898 0.00239374046 -0.0191097651 0.119082451 -0.0546541624 -0.0239381436 -0.00249752379 -0.0658786297 -0.00418110378 0.031480547 -0.00529598817 0.0168356337 0.0353187881 0.107260562 -0.0463339053 0.0290704072 0.00523314299 0.126023233 0.0796714947 0.0118966596 0.0123076746 -0.0571406856 0.00575380772 0.0716070011
G1218 0.0549792573 0.0283413548 -0.0648232922 -0.0667736009 -0.0299700946 0.0840302631 0.00497031072 -0.00681248307 0.0889609978 0.0118224844 -0.010397953 0.0960813388 -0.0941000953 -0.0253839549 -0.0511317924 -0.0425905697 0.0709196851 0.04399468 -0.0565502048 -0.103458554 -0.0392662548 0.0507053919 -0.0619015098 -0.103706025 -0.0574713238 -0.0833977088 -0.202883258 0.0370425545 0.00918654818 -0.046534501 0.0780780017 -0.0632421225 0.00456287572 -0.0472791605 0.0129355583 0.0516848452 0.0352631249 -0.0874916837 0.0448384583 0.15923737 0.0059041311 -0.149497956 -0.00408670586 0.09072458 0.105550207 -0.0147470087 -0.0590081476 -0.0775578395 0.00701442966 0.0503331237 0.0162609443 0.0855867043 0.0159450918 0.0994908065 0.0169596747 -0.0667108595 0.104101464 0.0234372281 0.0261776801 0.0369772315 0.00855337083 -0.0704197958 0.0290616564 0.0610123612
G1219 0.0657902583 0.0454131067 -0.0546099097 -0.044074133 -0.00865440816 0.0267275628 0.00568955578 -0.00383974169 0.0552072339 0.00353957037 -0.0273183286 0.0744818002 -0.0765376985 0.0134109734 -0.0547396056 -0.056545157 0.0608078465 0.0328684598 -0.0276549831 -0.0813855901 -0.0353295356 0.0631757826 -0.0605540648 -0.117085196 -0.0158521533 -0.0429219715 -0.221040592 0.0942508578 -0.0132971872 -0.0477972329 0.0559158362 -0.0931116864 -0.0374689065 -0.0222027525 0.0384544097 0.0114904661 0.00331626367 -0.0968275815 0.0237399098 0.160540119 0.0153333964 -0.126068607 -0.0391478799 0.0906546563 0.0375679657 -0.0304081291 -0.0310734175 -0.0732200518 0.00873836037 0.0563170351 -0.00437109359 0.0636564419 -0.012842943 0.10624402 0.00310457102 -0.0260484889 0.100157917 0.03600711 0.0482885204 0.0131750461 -0.0106576644 -0.0332230181 -0.0198899619 0.0682889223
G1220 0.0501352996 0.0590186827 -0.099589549 -0.0669299215 0.0180771928 -0.0555186272 0.0636403263 -0.00808767043 -0.0325243808 0.0624830015 -0.0978545099 0.123652764 -0.0480811447 0.0294591505 -0.119462639 -0.0199650861 0.0132859573 0.0333012417 -0.000309245457 0.0210065283 0.0243247282 -0.0014992716 -0.00969349034 -0.0466624312 0.0063984259 -0.0883235186 -0.188394859 0.0711093545 0.0756268203 0.00876735244 -0.0507779792 0.00318742287 -0.0622550957 -0.0723873973 0.0591566525 -0.0269958563 -0.03541952 -0.0983607844 0.0797357857 0.10575673 0.054308068 -0.0253983065 0.063740477 0.108375862 -0.0642398521 0.0557451136 -0.0664597824 -0.0803057849 0.0736797377 0.0780788437 0.0666576773 0.0203416906 0.033386901 0.0464419536 -0.100132145 -0.0389112085 0.0082863532 -0.0678907484 0.0536265783 0.0624515116 -0.0136013934 0.0316612162 0.0275181849 0.0964009389
G1221 0.0356144607 0.0212479737 -0.0566323474 -0.0595994405 -0.0273398105 0.0791625902 0.0666458309 -0.0280181412 0.0445894226 0.0499383993 -0.0754083022 0.109307088 -0.0786543861 -0.00653903186 -0.15109174 0.035586331 0.0829930902 0.0156376045 -0.0649959147 -0.0269419476 0.0127347196 0.0188734271 0.0308744796 -0.0668815076 -0.053048458 -0.138202503 -0.176789194 -0.0130893262 0.092527397 -0.011413564 -0.0672201514 -0.0171960555 0.00171943696 -0.0609864518 0.0287626591 0.0100795785 -0.0102786636 -0.0478463024 0.0604919344 0.129563585 0.0283714142 -0.0974687114 0.0348590799 0.0560052134 0.0239770971 0.0464822315 -0.06980104 -0.0755415559 0.0386657417 0.0677513108 0.0920081437 0.041157227 0.0480684042 0.0384066366 -0.0572917685 -0.0858476311 0.0506775677 -0.038586013 -0.00185212679 0.0794192404 -0.00937093329 0.00340755982 0.144266561 0.126684815
G1222 0.0191295352 0.00531017641 -0.0730733201 -0.0404666997 -0.000805195887 -0.0490543656 -0.0186437722 0.0812690184 0.0106061911 0.149391234 0.0491947755 0.112259053 -0.141945317 0.0153004145 -0.0658928156 0.0137372697 0.087623477 0.0927224904 -0.0254169255 -0.177002445 -0.0347220488 0.0350071676 0.102502719 -0.0651423708 0.0143266339 -0.0342257097 -0.201347172 0.113237366 -0.052749075 -0.0252620224 0.0407906659 -0.148354307 0.00608343584 -0.0850250497 0.133954838 -0.0147883156 0.0879561827 -0.159200907 -0.03749099 0.168375179 0.058245942 -0.0476801619 -0.0226360243 0.138065383 0.0163409114 0.0162231419 0.012906299 -0.0442318097 -0.0148008652 0.0212570503 -0.0149712814 0.0109022288 0.0677645355 0.128669634 0.0318145193 -0.023747433 0.0648063496 0.118161559 -0.026634628 0.0349872261 0.0560457744 -0.0796107799 0.0831145719 0.104094587
G1225 0.0485964417 0.0602498427 -0.097924456 -0.0666635782 0.0169254057 -0.0562344305 0.0640393868 -0.00710442197 -0.0330654345 0.0604342483 -0.0971233994 0.121990085 -0.0471040867 0.030467473 -0.119748496 -0.0206332058 0.0140105765 0.0338559784 0.000158076902 0.0212912839 0.0254811309 -0.000669432862 -0.00908119231 -0.0476052426 0.008252386 -0.0871735737 -0.190896347 0.0729556829 0.0772061422 0.00742760533 -0.0508031659 0.000165168865 -0.0617703684 -0.0712914914 0.0606650002 -0.0264887773 -0.034985885 -0.0978723243 0.078823179 0.106742375 0.0534402095 -0.0228215866 0.0618997924 0.106635235 -0.06640549 0.0545883104 -0.0650964975 -0.0805360004 0.0730015635 0.0774855167 0.0656848401 0.019960383 0.032112889 0.0469174646 -0.100900039 -0.0394490287 0.00919541065 -0.0644018501 0.0535992049 0.0623888671 -0.0142643386 0.0316255055 0.0276411027 0.0967295989
G1226 0.0565383136 0.0423490144 -0.0549861863 -0.0434712656 -0.00956665818 0.0284721013 0.00419409806 -0.00228107651 0.0549105853 0.00228538783 -0.0224927478 0.0783271194 -0.0759558752 0.0131287668 -0.0584635437 -0.055975806 0.063194707 0.0305858236 -0.0293759983 -0.0917344019 -0.0345366523 0.0612567179 -0.0619912259 -0.111935303 -0.00477158278 -0.0411894582 -0.214556158 0.0875240788 -0.00521659059 -0.0393477157 0.0560410693 -0.0810927972 -0.0395444781 -0.0220305938 0.0440218225 0.0139762005 0.00710707065 -0.0952178463 0.0250504836 0.155204371 0.00555806048 -0.131441444 -0.0394563004 0.0905442908 0.0408343971 -0.0258491784 -0.0355293117 -0.0746493936 0.0113665601 0.053918846 -0.00712961843 0.0606250949 -0.0049835071 0.0989842266 0.0110144326 -0.032505434 0.0998118892 0.03898279 0.0522947237 0.00791926309 -0.0104457261 -0.0353489518 -0.0173578542 0.0761313662
G1227 -0.0136015601 0.0461242683 -0.099203214 -0.0567531586 0.0194570497 -0.0359822437 0.0525030978 0.0379286148 -0.0356618762 0.102252722 -0.0706963316 0.145132214 -0.07334999 0.0600779764 -0.130458564 -0.0105605954 0.0235046428 0.0393310934 0.00941845495 0.0252974369 0.0269752238 0.0223700795 0.0659353957 -0.0292381067 0.0141629567 -0.105414301 -0.159489736 0.0624812767 0.0775126889 0.0195557792 -0.0293026716 -0.0162649658 -0.052957572 -0.0805085301 0.0849669948 -0.0270977337 -0.020097347 -0.0823001713 0.0586108342 0.0894965678 0.0765004307 0.0076245754 0.0743844807 0.116861269 -0.0636289865 0.0551112555 -0.0486462303 -0.0864089727 0.0378163382 0.078762047 0.0580601618 -0.00839263853 0.0613157973 0.0391364433 -0.0939109027 -0.0527440012 -0.0287943594 -0.0160896499 0.0319653377 0.056894049 -0.0194524098 -0.00415100995 0.0503899306 0.132850572
G1230 0.0294661392 0.0372196808 -0.0606753454 0.0119009446 0.0148842968 -0.0287762508 0.0335343853 0.0141525557 -0.0529562943 0.105200209 -0.0966029391 0.095302552 -0.0791353583 0.0360632502 -0.195669189 -0.00760312704 0.0659521446 0.00160000112 0.0531315468 0.102262102 0.0977912769 0.0397270136 0.098709628 -0.0405513942 0.0416785367 -0.115247026 -0.17857793 0.062514402 0.0332076624 0.015427093 -0.0698766857 -0.00217857258 -0.0695129409 -0.0056138495 0.0984740704 -0.0736226141 -0.0903207734 -0.081053853 -0.00924423151 0.0815696269 0.120701745 0.000181836484 0.0105588743 0.0551461428 -0.111222193 0.0263928771 -0.0230017863 -0.0816551596 0.0197240375 0.058266636 0.0588934496 0.00913215894 0.0607423894 0.0343318544 -0.105276875 0.0223124996 -0.0385399684 0.0159685072 0.0767228901 0.035180226 -0.0351578556 0.0447908491 0.0733131021 0.136107221
G1233 0.0296683684 0.0374209471 -0.0600255691 0.0121445125 0.0143608013 -0.0281434562 0.033943627 0.014122095 -0.053162694 0.104868293 -0.0968662873 0.095081389 -0.0793369114 0.0366512202 -0.195220321 -0.0081374757 0.0664302632 0.00139394472 0.0528491065 0.102860406 0.0981825069 0.0404253714 0.0990141034 -0.0405723304 0.0409983061 -0.115036167 -0.179178447 0.0630268157 0.0335668772 0.0145986015 -0.0700454414 -0.00350424927 -0.0693111494 -0.00550836744 0.0987640694 -0.0746011809 -0.0904563591 -0.0804148465 -0.00932900049 0.0817938969 0.121128999 -0.000138085641 0.0107872766 0.0547357798 -0.111304261 0.0264017079 -0.0224470906 -0.0812271684 0.0199550074 0.0586031377 0.0588757172 0.00931756757 0.0600293577 0.0341658704 -0.10550572 0.0216383152 -0.0386759378 0.0159937423 0.0762844682 0.0355339125 -0.0361151695 0.0458652452 0.0733082816 0.135911375
G1236 0.0110955527 0.025138123 -0.0877975821 -0.00817788579 -0.000357506418 -0.057493519 -0.0390101932 0.0934326872 -0.0321457572 0.0699852854 -0.0286969729 0.126845092 -0.111657292 0.0377261229 -0.0763968378 -0.0391309112 0.0458782911 0.041097343 0.0323863328 0.0175999589 0.0130344424 0.0647728145 0.0622736886 -0.010341608 0.0264325757 -0.0309654195 -0.203669891 0.101956822 -0.0297954157 0.0123348664 0.0395824015 -0.0498480052 -0.0610814951 -0.0688390434 0.0888065621 0.00804481097 -0.000165588979 -0.122539148 -0.0311422236 0.0834976509 0.0679692626 0.00781128462 -0.024078669 0.156210065 -0.0488709062 -0.00732378941 -0.0336433016 -0.0653082803 0.00867855549 0.00911205728 0.00454906374 0.0258406233 0.0429540463 0.0978274569 -0.024977874 0.0213624611 0.0086305216 0.115018196 0.0929727554 0.0305318944 0.0369180553 -0.0432407707 0.00705943489 0.0829418302
G1239 0.0205306988 0.0541148297 -0.0377921537 -0.0118501 -0.0241952818 -0.0424457267 -0.00657573435 0.0981895626 -0.037192788 0.0505386814 -0.0300828684 0.105606377 -0.140242845 0.0762443095 -0.0707611963 -0.0473732091 0.0511662848 0.0164451413 0.0479346961 0.0523235276 0.0262189917 0.120302498 0.136416703 -0.0298636667 0.00409330241 -0.0665226057 -0.267733783 0.145305216 -0.0656571016 -0.0854709968 0.0425573215 -0.153121054 -0.0230967086 -0.036933098 0.131880462 -0.0489928201 -0.0423851311 -0.0830418989 -0.0547370836 0.113267675 0.131561592 0.00797436386 -0.0547469482 0.0940895453 -0.0751312152 -0.0479318649 0.0331180803 -0.0345683694 -0.0256691929 0.0116692604 -0.00124410284 0.0140142972 -0.0108956834 0.134174794 -0.0250615887 0.0256598163 0.00290831737 0.151260033 0.0561610311 0.0511044525 -0.0158463065 -0.0103955464 0.0244832039 0.050909292
G1240 -0.00456287852 0.0317683145 -0.0695936531 0.00425486593 0.00631752238 -0.053926453 -0.0332713313 0.085927099 -0.0392045937 0.0920976996 -0.0122311329 0.116747446 -0.11328315 0.0520913787 -0.0886257663 -0.053598769 0.0562335774 0.0307039618 0.0536767244 0.0134429829 0.0148825068 0.0940787941 0.0918251872 -0.0331049897 0.0343152396 -0.0366740748 -0.209117055 0.123527445 -0.0532701574 -0.0105753839 0.0462019816 -0.0880652145 -0.0504151359 -0.0397206098 0.116947152 -0.0202670377 -0.00570139801 -0.122764595 -0.0472626537 0.0975807607 0.105407827 0.00337188924 -0.0267316103 0.121259809 -0.0588983856 -0.0216244254 0.00787784345 -0.0600800663 -0.00971482228 0.026129188 -0.0101755243 0.0116474973 0.0408904292 0.105476722 -0.040010497 0.0305255372 -0.00048028017 0.132135898 0.0733909607 0.0125357769 0.00952726416 -0.0533155128 0.0161419753 0.0832257569
G1243 0.060704533 0.043467924 -0.0545927249 -0.046257928 -0.00781011349 0.0290325135 0.00504817534 0.000397550903 0.0479269549 0.00244425586 -0.0258126594 0.0754954591 -0.08119791 0.019886069 -0.0547807142 -0.057178095 0.0593498237 0.026458269 -0.0208228175 -0.0712555796 -0.0315295234 0.0698542371 -0.0543905757 -0.111112088 -0.0155442711 -0.0441929661 -0.22113122 0.0953831971 -0.0122231711 -0.0474626869 0.0529237315 -0.0914516896 -0.0364719592 -0.0261201113 0.0401200131 0.0115044406 0.00295493403 -0.0923474878 0.0223364998 0.15302448 0.017332403 -0.12506327 -0.0393257886 0.0923719406 0.0312198177 -0.0264152139 -0.0281166602 -0.0717918053 0.00877493992 0.054143779 -0.00589847518 0.0603535287 -0.0136989206 0.104625508 -0.00115746714 -0.0233997013 0.0925875977 0.0389622264 0.0482499637 0.0130614294 -0.0125082955 -0.0327748731 -0.0116660828 0.0659602731
G1244 0.0506804734 0.0585048757 -0.0994764641 -0.070714049 0.0167997964 -0.0517438948 0.0617557615 -0.00974267442 -0.0264638867 0.0592745021 -0.0978413448 0.126482561 -0.0521773063 0.0288734213 -0.118840851 -0.0169504657 0.0139754592 0.0338070579 -0.00226992019 0.0191683993 0.0233511776 -0.00259798858 -0.0115349134 -0.0439737812 0.00396765955 -0.0891550779 -0.188941136 0.0673784241 0.0826029703 0.00857326202 -0.0536893755 0.00398879778 -0.0597426072 -0.0746350884 0.0565228164 -0.0231076498 -0.0354356654 -0.0989375189 0.0801834688 0.10958185 0.054301329 -0.0270614605 0.061991632 0.111320861 -0.0636010244 0.0566844121 -0.0687261224 -0.0780020505 0.0730962083 0.0740017518 0.0682648718 0.0220612194 0.0335943699 0.0449893214 -0.0992084444 -0.0393130966 0.0117333205 -0.0678601116 0.0524012446 0.0658906102 -0.00938562676 0.029687224 0.0298234411 0.0963356867
G1245 0.0215783287 0.0530767292 -0.0385229662 -0.0090860622 -0.0253520533 -0.0391758904 -0.00668039406 0.0976816639 -0.0358624421 0.0517457351 -0.0291417204 0.105816565 -0.140376285 0.0723928809 -0.0734713897 -0.0466040224 0.0529482216 0.019557381 0.0462214872 0.052398324 0.0268739685 0.121710666 0.13692309 -0.0253850557 0.00139860634 -0.0675246343 -0.26915434 0.141717419 -0.0651950613 -0.0867573321 0.0419120528 -0.152928114 -0.0218752511 -0.0405222215 0.130767494 -0.0445285812 -0.0401293375 -0.0822368786 -0.0539148822 0.11538218 0.132017076 0.00601088163 -0.0528706722 0.0941644832 -0.0723350868 -0.0465033203 0.0315656662 -0.0341854468 -0.0252035186 0.0117934365 0.000372874463 0.0155754611 -0.00929342676 0.132798716 -0.0269403756 0.0232699383 0.00252610724 0.151969686 0.0552044101 0.0518560559 -0.0152010797 -0.0130726919 0.0259893369 0.0542966053
G1246 0.0698389038 0.0161714628 -0.0426978841 -0.0355637446 -0.0349091142 0.0727142096 -0.00181774283 -0.015260905 0.0687805116 0.0208748206 -0.0112291435 0.0636582077 -0.0936353505 -0.0236935988 -0.0719280392 -0.0393780805 0.0999107808 0.0347151458 -0.0498976558 -0.0944170728 -0.0249866061 0.0601478815 -0.0484993607 -0.102832124 -0.0425828844 -0.0634018928 -0.221408084 0.0505179502 -0.0137138786 -0.0448483415 0.0495765135 -0.0851836428 -0.00752517348 -0.0312398449 0.0264326613 0.0313378237 0.0317498147 -0.0979393199 0.0125892926 0.171517789 0.00605252245 -0.152870625 -0.0403090455 0.0680518225 0.0793310925 -0.0197807569 -0.0371861383 -0.0678741038 0.00587647688 0.0474407971 0.00602557044 0.0745238885 0.0105333868 0.0999949649 0.000229292476 -0.0344003849 0.107688442 0.0366728529 0.0226429254 0.0202984642 0.00090639171 -0.050522536 0.043400865 0.0740926638
G1247 0.0161116999 0.00579751004 -0.069882676 -0.0448986962 -0.00191097497 -0.0450724624 -0.0185911935 0.0801425129 0.0113051282 0.146161407 0.0498933755 0.112132505 -0.143523723 0.0220245998 -0.0629751459 0.0118343886 0.086819388 0.0885063857 -0.0235433467 -0.176404119 -0.0338524841 0.0401301421 0.100793503 -0.0673440248 0.0144500434 -0.0348485373 -0.202848986 0.115369156 -0.0497424006 -0.0279253982 0.0406379178 -0.151697963 0.00785133522 -0.082610257 0.135060474 -0.0163436998 0.0869922042 -0.156257048 -0.0369243994 0.168523654 0.0586038083 -0.051138822 -0.0253116433 0.136617407 0.0139657985 0.0151687898 0.0161603857 -0.0429236814 -0.0168438051 0.0220656525 -0.0170145873 0.00972389057 0.0647647828 0.127824247 0.0313786827 -0.0242132787 0.064846471 0.118644521 -0.0283571761 0.0348588973 0.0520473346 -0.0776995122 0.0837876722 0.102347665
G1250 0.0521405935 0.059806671 -0.0973895565 -0.069523856 0.01597609 -0.0536956936 0.0623667501 -0.0115268771 -0.0283569656 0.0592660271 -0.0980292708 0.123294488 -0.0495328903 0.0291887317 -0.118381597 -0.0190923531 0.0151269576 0.0342819393 -0.00132651988 0.020025976 0.0246147476 -0.00120029366 -0.0142615382 -0.0461688712 0.0043957103 -0.0851598904 -0.193013132 0.0704097226 0.0826171562 0.00725774607 -0.0538373999 -1.81446558e-05 -0.0600803494 -0.0728366971 0.0580709949 -0.0240698233 -0.0336299539 -0.0998948514 0.079675369 0.112042606 0.0541384369 -0.0260389652 0.0600063391 0.109482244 -0.066014342 0.0553426296 -0.0659877136 -0.0777336955 0.073416315 0.0759816319 0.0670953318 0.0219417755 0.0329100341 0.0457657501 -0.103549391 -0.0389741883 0.0131702619 -0.0663320273 0.0515285172 0.0647021532 -0.0112740146 0.0305805337 0.0284627695 0.0959057733
G1251 0.0583101623 0.0379742756 -0.0583274551 -0.042527236 -0.00879782531 0.0229881722 0.000459109666 -0.000886240625 0.0443447158 0.0103826188 -0.0222788583 0.0775641873 -0.0781984702 0.0147419097 -0.057128951 -0.0574907102 0.0602271818 0.027762536 -0.0216910783 -0.0803704336 -0.0291043613 0.0652896464 -0.0609267838 -0.107156299 -0.00841929298 -0.0356957056 -0.216728151 0.0884793699 -0.00690154033 -0.0346561484 0.0530631244 -0.0763298795 -0.0403991789 -0.0268649124 0.0444721617 0.0126512395 0.0112397252 -0.10115999 0.0218125414 0.15004237 0.00932625774 -0.127399668 -0.0389973335 0.0967368707 0.0339548886 -0.02177261 -0.030349208 -0.0723794177 0.0122493738 0.0570114367 -0.00740792044 0.0580077656 -0.00104673894 0.0979312733 -0.00158236234 -0.0258251764 0.0931146219 0.039433483 0.0545889437 0.00612385804 -0.00828898884 -0.0347561836 -0.0111825727 0.0707511082
G1252 0.060593944 0.0130327204 -0.0430172645 -0.0349461548 -0.0358544849 0.0743822008 -0.0033509885 -0.0136891846 0.0685334578 0.0195525922 -0.00653564604 0.0674281567 -0.0931073874 -0.0240529589 -0.0756573528 -0.0388052426 0.102190152 0.0324503183 -0.0516432561 -0.104821585 -0.0241615642 0.0582521521 -0.0500162169 -0.0977030769 -0.0315070897 -0.0616362616 -0.214977071 0.043925032 -0.00569592183 -0.0363341309 0.0497209094 -0.0729501694 -0.00967791211 -0.0311555769 0.0319649726 0.0337646008 0.0356622413 -0.0963304043 0.0139762023 0.16622369 -0.00366322324 -0.158176512 -0.0405874625 0.0679447278 0.0827265233 -0.0152974138 -0.041664131 -0.0693034604 0.00846622139 0.0450797081 0.00332427421 0.0716052279 0.0184618607 0.092837587 0.00829358492 -0.0409199856 0.107251078 0.0396410637 0.0267806519 0.0149762742 0.00113934337 -0.0526438206 0.0457498692 0.0820141733
G1253 0.00854595471 0.0442465581 -0.105136059 -0.0570574664 0.0187169034 -0.0648320392 0.0402261801 0.0174379554 -0.0535939448 0.12416596 -0.0698091313 0.140027508 -0.0599176846 0.0367788598 -0.122041717 -0.0187895522 0.0138973156 0.0532355793 0.0174318161 0.0133967362 0.034341 0.0103691956 0.0438310318 -0.0293757357 0.0140169747 -0.0920667201 -0.175694823 0.0645037517 0.0748400241 0.0238089599 -0.032391157 -0.00566433929 -0.0476166159 -0.0741063058 0.0864838809 -0.0258968528 -0.00679141609 -0.117941394 0.0562116094 0.103069395 0.0792736411 0.0103364373 0.079387866 0.114982851 -0.0641315132 0.0533175617 -0.0501997806 -0.0794847608 0.0483967103 0.0802820772 0.0626716316 -0.00128336356 0.0818775967 0.0412223265 -0.108596019 -0.044066269 -0.0189684816 -0.0296777803 0.0409338847 0.0608812571 -0.00952380244 0.000832660939 0.041799318 0.111618817
G1256 -0.0154178478 0.0431622341 -0.0945192873 -0.0587470308 0.0197717063 -0.0351875238 0.0518972091 0.0321252979 -0.0393483341 0.101093449 -0.0696797743 0.144546553 -0.0712277591 0.0660237893 -0.128363997 -0.0145527953 0.021447828 0.0317118913 0.0128754247 0.022360703 0.0286087506 0.0287355036 0.0634747371 -0.0370601863 0.0146801313 -0.1065607 -0.160455048 0.0639634356 0.0790213197 0.0188839193 -0.0293241981 -0.0138060534 -0.0519216806 -0.0724491328 0.0886289403 -0.0305661354 -0.0198405199 -0.0797636881 0.0579377748 0.0877458528 0.0747596994 0.00310205854 0.0721317157 0.109787352 -0.0647540167 0.0526418276 -0.046393007 -0.0850867033 0.0353305936 0.0807116926 0.0602538697 -0.0108162668 0.0621570013 0.0366250947 -0.0933353156 -0.0514977314 -0.029102033 -0.015357228 0.030917326 0.0535715483 -0.0214692764 0.00251463964 0.05000747 0.124838695
G1259 -0.019417068 0.0261353292 -0.0969959795 -0.00831003487 0.0220660046 -0.0381009951 0.0459238961 0.0300305635 -0.112438031 0.227482513 0.0189626217 0.0328194574 0.0268124621 0.093635492 -0.100887053 -0.112149753 -0.0269764233 0.0504458584 0.0144749237 -0.0750620067 0.038248077 0.113557316 -0.0235437416 -0.121708728 -0.00133921031 -0.10194613 -0.236877486 0.135024905 0.0279471464 -0.0463448353 0.0304747429 -0.0471789129 -0.0747477934 -0.0873199478 0.117143743 -0.0550946929 0.0604324415 -0.11550881 0.0409246273 0.12179178 -0.00818709005 -0.107237786 0.0549612604 0.0676517263 -0.0665797219 0.0260370467 0.0139001813 -0.122061059 0.0141735161 0.1871133 -0.0437384769 -0.030531073 0.0294657405 0.044881247 -0.113990545 -0.088267535 -0.0505560711 -0.0531453714 -0.0155663984 -0.0315798037 -0.149366155 -0.0149275446 0.0168292467 0.167508364
G1260 0.067685023 0.0152209392 -0.0401339605 -0.0420753956 -0.0366491787 0.0733022913 -0.00494621415 -0.0176398065 0.0766521469 0.0205557887 -0.0104748309 0.0649038777 -0.0954203382 -0.0186733119 -0.0647796243 -0.0386740305 0.0967852026 0.0332830399 -0.0506650433 -0.103969708 -0.0269220062 0.0570551455 -0.0506071188 -0.110564575 -0.0397471525 -0.0658011585 -0.219332218 0.0492068417 -0.00898213405 -0.0441227481 0.0515794754 -0.0864621103 -0.00559573481 -0.0217585471 0.02773121 0.0268917885 0.0276987646 -0.101131983 0.0101846522 0.17447792 0.0042478512 -0.155123949 -0.0477329604 0.0675978661 0.0815098807 -0.0263546053 -0.0369675457 -0.0657058284 5.77205246e-05 0.0475098565 0.00437613903 0.0722442493 0.00936608482 0.100156449 0.00954071619 -0.0336181633 0.11247091 0.0376734361 0.0235112645 0.0220111478 0.000365036482 -0.0470094457 0.0383821465 0.068859756
G1261 -0.0182525758 0.0249971375 -0.0961100161 -0.00647251215 0.0216359794 -0.0374453403 0.0463380516 0.0298939068 -0.111668989 0.228487685 0.01951929 0.0317391343 0.0254004244 0.0935496613 -0.102515899 -0.110435084 -0.0249033701 0.0507296026 0.0133981165 -0.0773589388 0.0378350541 0.113445461 -0.0211935192 -0.121448271 -0.0011937638 -0.101950429 -0.237221405 0.134911612 0.0272061843 -0.0473515019 0.0281914398 -0.0490440167 -0.0746474937 -0.0874988958 0.117645673 -0.0557526313 0.0603675246 -0.115010805 0.0391925275 0.123417862 -0.00809381716 -0.108433858 0.0531166941 0.067131348 -0.0662874952 0.0261375587 0.0147241978 -0.120417498 0.013982648 0.186599493 -0.0438803844 -0.0306952428 0.0291736536 0.0446969643 -0.11247535 -0.0877993181 -0.0497391447 -0.0517954379 -0.0167911984 -0.0315960571 -0.148882985 -0.0143176243 0.0185055882 0.169194341
G1262 -0.00476165069 0.0273201987 -0.0721925423 -0.000522897404 0.00326181646 -0.0592161193 -0.0372721255 0.0870821327 -0.0354465991 0.0879391432 -0.0161805805 0.120749064 -0.114555463 0.0395749137 -0.0870389491 -0.0527632497 0.0455909818 0.0257631615 0.0527871735 0.0117646493 0.0132331392 0.0920113996 0.0893922895 -0.0230477974 0.0261551253 -0.0370726995 -0.215998441 0.115990803 -0.0581107773 -0.0114287101 0.0463641174 -0.0786186755 -0.0447323248 -0.0448026396 0.116540767 -0.0159254503 -0.0154540744 -0.130286172 -0.0468303189 0.0975244939 0.100651018 0.00112589088 -0.0301539227 0.117848381 -0.0575443953 -0.0239749663 0.0020154845 -0.056990806 -0.0060004699 0.0241301581 -0.00662621204 0.0144638661 0.0351326019 0.106502227 -0.0430367291 0.0367085971 -0.000366624008 0.134584352 0.0768617913 0.0165994205 0.0142253768 -0.052482646 0.0195848551 0.0723984092
G1263 0.0347143784 0.019377321 -0.0558321998 -0.0625712052 -0.0280550774 0.0793574899 0.0661465749 -0.0291172601 0.0454285927 0.0515069813 -0.072526738 0.108570516 -0.0824949145 -0.00246792217 -0.148279384 0.0373628363 0.0822667554 0.014781124 -0.0659006536 -0.0324057825 0.0115472712 0.0190902501 0.03193032 -0.0672086701 -0.0529024005 -0.137521878 -0.177407876 -0.0121451374 0.0950129479 -0.0115619721 -0.070262827 -0.0195082799 0.00339117483 -0.0619422682 0.0299347006 0.007841032 -0.00849972293 -0.0489906631 0.0590418912 0.132693559 0.0281267706 -0.10010387 0.0319288261 0.0580031611 0.0234805495 0.0470487401 -0.0675454214 -0.0718394294 0.038100481 0.0670445338 0.090387851 0.0392585769 0.0481120646 0.0372070745 -0.0550099984 -0.0854635835 0.0526271909 -0.0381887108 -0.00511451345 0.0799065903 -0.00824054051 0.00375233474 0.147425056 0.125224292
G1264 0.0388549082 0.0232573114 -0.060682524 -0.0864157453 -0.0130192423 0.0573819876 0.0195522942 -4.96417742e-05 0.0675133318 0.00341755338 0.0134625537 0.0830082893 -0.102866948 0.0263938513 -0.0307303276 -0.0156034799 0.0661268234 0.0285053477 -0.0702087432 -0.159233779 -0.082886003 0.0498582236 -0.0427221879 -0.124183945 -0.039058134 -0.0532343537 -0.191663742 0.0760088041 0.0109052984 -0.0382456407 0.0483596362 -0.0951307938 -1.067422e-05 -0.0613006502 0.0289412346 0.0213029273 0.0573784187 -0.0813357234 0.0369795859 0.172126174 -0.0139425211 -0.145794064 -0.0132788708 0.105983503 0.084592931 0.00424993364 -0.0296837501 -0.0611272678 0.0156956203 0.0443221144 0.00996419787 0.0518425442 0.00162292039 0.101375885 0.0427784771 -0.0641849488 0.116168849 0.022591453 -0.011701447 0.0254179109 0.0222055912 -0.0639443174 0.0592982881 0.0571955293
G1265 0.0419116654 0.0246081408 -0.0837190747 -0.0976335183 -0.0204782188 0.013896252 0.0517732613 -0.0116048604 0.0283668339 0.0870287791 -0.0509180799 0.120763913 -0.0879369825 -0.00847253669 -0.103972778 0.0366995484 0.0683852807 0.0572585985 -0.0689915568 -0.0953532532 -0.0133865019 -0.042716939 0.000550104887 -0.0478655919 -0.0308902375 -0.110825449 -0.174079075 0.0103437807 0.0995486379 0.0108466521 -0.0613504872 -0.0276267175 0.00669510337 -0.101242356 0.0282298699 -0.00130742963 0.0408483334 -0.125778049 0.0681338608 0.16158466 0.0100247497 -0.0670057684 0.0492481478 0.105969146 0.0243725814 0.0673738047 -0.0761459693 -0.0616068356 0.0678531304 0.0575241111 0.071156323 0.0171866491 0.066304408 0.0462462455 -0.0520093068 -0.0798298493 0.0683753043 -0.0819513798 -0.0218211468 0.0898768604 0.0215688888 -0.021508161 0.134080455 0.114554286
G1266 0.0386707485 0.029304266 -0.0593653433 -0.0905169174 -0.0117713725 0.0599965565 0.0230995547 -0.00445769867 0.0718930289 -0.00243359688 0.0126255285 0.0847483352 -0.104931593 0.0272397008 -0.0322981998 -0.0132208345 0.0681354105 0.0263245162 -0.0669334605 -0.159438744 -0.0873569772 0.0483832546 -0.0403070115 -0.122171536 -0.0328439884 -0.0572118424 -0.191066951 0.0751409456 0.0100991977 -0.040381819 0.0479612127 -0.0971445069 0.00159964245 -0.0578117035 0.0307273604 0.0203691013 0.0528180748 -0.077941291 0.0402430892 0.174535796 -0.00712739304 -0.147830799 -0.0141008617 0.104075849 0.0834121928 0.00344295218 -0.029759258 -0.0614620112 0.0167876948 0.0410090275 0.00983416475 0.0512718149 0.00347768911 0.104580641 0.0462963432 -0.0646800399 0.118890151 0.0211528633 -0.0111341178 0.0255991556 0.0200727489 -0.0677135959 0.0609875545 0.0566651039
G1267 0.0412410796 0.0237725228 -0.0855498835 -0.0981389359 -0.0195946265 0.0125296814 0.050444264 -0.0102747036 0.0287717748 0.0884009525 -0.0503819846 0.122081786 -0.0886065289 -0.00995733682 -0.104550555 0.0386251211 0.0669595674 0.0582183488 -0.0682503805 -0.0961246714 -0.0139607759 -0.0447318181 0.00199013203 -0.0463639088 -0.0298596397 -0.112013996 -0.172702506 0.0086529078 0.0989103764 0.0126935327 -0.0610142425 -0.024896102 0.00669925148 -0.102069966 0.0277067982 0.00059882598 0.040666189 -0.127023995 0.0675589219 0.160584852 0.00982259307 -0.0650929734 0.0488493852 0.107631259 0.0247195531 0.0675449744 -0.0775354132 -0.0620768443 0.0671101362 0.0560046509 0.0717475489 0.0167430509 0.0683895573 0.0469012484 -0.0507876575 -0.0786243528 0.0680447072 -0.0809668452 -0.0207246784 0.0903410912 0.0240203515 -0.0237887856 0.134756446 0.114416853
G1268 0.0446785018 0.0498066135 -0.097147882 -0.0714225769 0.00976083893 -0.0450747907 0.0616551861 -0.0117623443 -0.0299051069 0.0536172166 -0.101674877 0.132147059 -0.0579921864 0.0280277189 -0.123551346 -0.020988388 0.0231529474 0.0266692322 0.00254537514 0.0318817906 0.0298928376 0.00318278419 -0.00899466034 -0.0300919674 0.00454680528 -0.0906635225 -0.189127102 0.0605269372 0.0890238509 0.016414918 -0.0546357594 0.0107733225 -0.0582541116 -0.0802357793 0.0581527464 -0.0145765319 -0.0324311443 -0.0913991183 0.0816566795 0.10566967 0.0540672466 -0.0244646706 0.0642560348 0.107690923 -0.0654274374 0.0608622506 -0.0759454221 -0.0769604445 0.074003309 0.0714957863 0.0723258182 0.0215847492 0.0377447307 0.0407216698 -0.108277656 -0.0373566262 0.00502792839 -0.0631685108 0.0561694875 0.0664476231 -0.00900622737 0.0322119594 0.0354722738 0.0966935009
G1269 0.0652976483 0.0097444104 -0.0438385792 -0.038298443 -0.0375713259 0.0672656149 -0.0095702922 -0.0188996885 0.0732186213 0.0284579769 -0.00703570107 0.067018874 -0.0924645513 -0.0238564797 -0.0671034381 -0.039032694 0.0976466835 0.0346822366 -0.0516181067 -0.113147296 -0.0244884826 0.0524957068 -0.0572205111 -0.106621251 -0.032667201 -0.0571266524 -0.214956388 0.0424134769 -0.0036851659 -0.031172296 0.0518084913 -0.0711048767 -0.00959261227 -0.0226957779 0.0320609175 0.028032342 0.0361884348 -0.109927535 0.00967886765 0.17158927 -0.00370470597 -0.157431468 -0.0472903959 0.07202667 0.0844230801 -0.0217653178 -0.0392553471 -0.0662722141 0.00354298111 0.0504108034 0.00295324996 0.0699791834 0.0221492257 0.0935614556 0.00904523022 -0.0361807868 0.112971283 0.0381221101 0.0298851021 0.0149618387 0.0046175234 -0.0490339994 0.0387634113 0.0736227036
G1270 0.0260608494 0.0349944048 -0.0595390573 0.00905391946 0.0141011141 -0.0257654134 0.0322636776 0.0148601914 -0.0518986396 0.105237961 -0.0946237966 0.09589082 -0.0831869617 0.0406777412 -0.194113195 -0.00608736183 0.0656027496 -0.000603476423 0.0533873439 0.100415252 0.0974079296 0.0419702269 0.101197474 -0.0396924391 0.0415704958 -0.11573825 -0.178168416 0.0620905906 0.0363020636 0.0155660529 -0.0723202303 -0.00366987078 -0.0678694025 -0.00663220091 0.099483192 -0.074194327 -0.0897512659 -0.0799234807 -0.0104641477 0.0822405219 0.120191179 -0.00230790232 0.00783856399 0.0566054322 -0.112200215 0.0271713901 -0.0214780234 -0.0795174018 0.0180171654 0.0570297539 0.0575432405 0.00722483499 0.0605023243 0.0322887711 -0.103309527 0.0222035442 -0.0385466106 0.0178781766 0.0744910389 0.0350451842 -0.0349875726 0.0449039303 0.0767825693 0.135986671
G1273 0.0261168722 0.0352571867 -0.0588604882 0.00924506318 0.0135928448 -0.0250353962 0.0327286012 0.0148624647 -0.0520182811 0.104662232 -0.0948588774 0.0956824198 -0.0833807588 0.0413336828 -0.193759814 -0.00664542755 0.0661061481 -0.000856020954 0.0530958995 0.100972958 0.0977757275 0.0426855162 0.101481691 -0.0397715345 0.041019503 -0.115587704 -0.178679645 0.0626060292 0.0367731005 0.0147218304 -0.0724846646 -0.00495239021 -0.067660898 -0.00648308732 0.0997548103 -0.0751144886 -0.0899254903 -0.0791923702 -0.0104746092 0.082428515 0.120543934 -0.00267043291 0.00810767058 0.0561017208 -0.112296648 0.0271901209 -0.0209604912 -0.0791547596 0.0182460174 0.0572935306 0.0574916378 0.00742894318 0.0596927814 0.0320608839 -0.103441805 0.0214953888 -0.0386567228 0.017883094 0.0740862414 0.0353385173 -0.0359289795 0.0459388494 0.076793991 0.135883421
G1276 -0.0108640511 0.0183345601 -0.0801799819 -0.0084603196 -0.002332679 -0.0289369859 -0.0385958515 0.112352371 -0.0241298657 0.0589448288 -0.0225933045 0.129358828 -0.130907372 0.0592361912 -0.0874404311 -0.030635545 0.0566044673 0.0277493782 0.0335363969 0.0254468415 0.0115821352 0.0774479136 0.0930629447 -0.00310352002 0.0317238867 -0.0427212305 -0.191483542 0.0946891382 -0.0220719408 0.0103751607 0.0347500853 -0.0606166124 -0.058499191 -0.0735320523 0.0908052623 0.0105419066 -0.00876092818 -0.0974490941 -0.0405508354 0.0732361972 0.0630952567 0.00165540644 -0.0385583378 0.155013204 -0.0501984656 -0.00494333357 -0.0297155343 -0.0633731857 -0.00538268639 0.00148730958 -0.00481987372 0.0148803601 0.0306424405 0.0914914012 -0.00979653746 0.0207983255 -0.00234060944 0.136650905 0.0875702798 0.0273589622 0.0284645781 -0.0447583124 0.0238440782 0.102046221
G1279 -0.0100258095 0.0268389527 -0.0722375363 -0.005067911 0.00360294897 -0.0555522256 -0.0380182676 0.0876910463 -0.0362143777 0.0857182741 -0.0146484617 0.122630432 -0.116247386 0.044991795 -0.0848630443 -0.0550425574 0.0436117761 0.0222967844 0.0551194698 0.0141337458 0.0140243396 0.0964624286 0.0866579786 -0.0224772375 0.0252357442 -0.0370427184 -0.215257585 0.116693169 -0.0534560904 -0.0107965516 0.0470096506 -0.076920487 -0.0441395082 -0.0468278714 0.115813687 -0.0141162882 -0.0141717643 -0.127742812 -0.0439187847 0.0947791189 0.0998945609 -0.00160306261 -0.0286793225 0.11950361 -0.0589820221 -0.021799773 0.00259193545 -0.0575198531 -0.00626073731 0.0247361679 -0.00866784435 0.0137848174 0.0346476473 0.104166821 -0.0456507504 0.0358135924 -0.00327657349 0.133514285 0.076173164 0.0154249072 0.0124115404 -0.0542027727 0.0209646225 0.0717419982
G1280 0.0577790439 -0.000232847058 -0.0709860623 -0.0625571534 -0.0378292687 0.0320159644 0.0426620729 -0.0300808121 0.010468496 0.0969417468 -0.073057428 0.115661807 -0.0981093347 -0.0432352275 -0.13404882 0.0267914142 0.0896284357 0.0386581048 -0.0491558686 -0.030289039 0.040586248 -0.0234772805 0.0264292285 -0.0181362331 -0.0443937816 -0.131377101 -0.187668175 -0.0191463251 0.0835460722 0.0153897684 -0.0695124269 0.00612744456 0.00355038443 -0.0803890824 0.0329061188 0.00679179514 0.00992720202 -0.111425884 0.0466558225 0.135797307 0.0338893458 -0.0684196874 0.0414871648 0.0691122115 0.0193323679 0.0572114661 -0.0856923759 -0.0555036515 0.0588915497 0.0479703806 0.0877608806 0.0343748741 0.0830521286 0.041616369 -0.0757419616 -0.0559420586 0.0429123119 -0.0590493679 0.00479386561 0.0942217484 0.0181445703 0.00607571844 0.150813907 0.0936199427
G1281 0.0344733074 0.010139754 -0.0649001822 -0.0720213428 -0.0283063799 0.0770110935 0.0571731478 -0.0200896934 0.0385202207 0.0626403615 -0.0686476678 0.112049088 -0.0987039581 -0.00322645507 -0.139119238 0.0324698761 0.0843972489 0.0147167202 -0.0624656864 -0.0277120229 0.0138672749 0.0100030052 0.0288006775 -0.0541637726 -0.0543828495 -0.137874067 -0.171665817 -0.016066527 0.101050816 -0.00183827442 -0.063267976 -0.0123714898 0.00176821335 -0.0813980103 0.024426559 0.00800137129 0.000435150665 -0.0609361716 0.0585561097 0.127671942 0.0205904599 -0.0980856121 0.0322433598 0.0729354769 0.0281442087 0.0596088655 -0.0704021603 -0.0714206994 0.0375023857 0.0653281435 0.0802174211 0.0281103048 0.0504829586 0.036198765 -0.0598533265 -0.0776221529 0.0433926433 -0.0491796918 -0.00948183797 0.0806286111 -0.00860029925 -0.00131974183 0.149660081 0.124453008
G1282 0.0532026254 0.00227813749 -0.00915321428 0.0159538817 -0.0532296523 0.141167834 -0.02858207 0.00101394008 0.106839858 0.0117047662 -0.0271412376 0.039507173 -0.12513946 -0.0121092331 -0.117079675 -0.0268771835 0.126904398 -6.23766173e-05 -0.0253767576 -0.023664061 0.0231848881 0.0812284648 0.0168143306 -0.113658756 -0.0213030092 -0.114994608 -0.196574479 0.0212938432 -0.0233742241 -0.0466539226 0.0466936603 -0.0776718184 -0.0172657538 0.0435518846 0.0193721745 -0.00945324637 -0.0582833625 -0.065388076 -0.047608085 0.143634871 0.0401054733 -0.171949029 -0.109880164 0.0339254886 0.0619425289 -0.0608395934 -0.02281259 -0.0685285106 -0.0539863482 0.0321163833 -0.010663907 0.0759044439 -0.0040462045 0.0823503956 0.0448330417 0.00697576208 0.0737144127 0.0848348439 0.0647921488 0.0112946369 -0.0384194665 -0.0302101802 0.0593543053 0.106556006
G1283 0.0530559532 0.00830860808 -0.00782067515 0.0119324308 -0.0522618555 0.143846571 -0.0250381138 -0.00332112773 0.11133752 0.00582059799 -0.028089352 0.0410850383 -0.127310544 -0.0112011451 -0.118573792 -0.0244560018 0.128915131 -0.00222730311 -0.0222472325 -0.0237975046 0.0187057797 0.0799140632 0.0192215517 -0.111829259 -0.0148863047 -0.11910408 -0.195998952 0.0204842128 -0.0241756346 -0.048796609 0.0463175178 -0.0797587186 -0.0157410502 0.0470068865 0.021234734 -0.0104145361 -0.0632476881 -0.0619582087 -0.0440803915 0.145943284 0.046852909 -0.174107835 -0.110843234 0.0319180004 0.060390383 -0.0616254359 -0.0228938274 -0.0688134432 -0.0526924171 0.028874319 -0.0107413474 0.0753011703 -0.00221613515 0.0855549872 0.0483644046 0.00640971167 0.0762607977 0.0833751112 0.0652580708 0.0113743385 -0.0405705906 -0.033828225 0.0609375834 0.106139734
G1284 0.00772107858 0.0421680696 -0.104028016 -0.0610725172 0.0179517157 -0.0647527426 0.0409477949 0.0166504718 -0.0513233393 0.125879809 -0.0685226098 0.139246672 -0.0645398274 0.0388135687 -0.118319362 -0.015300462 0.0133895827 0.0526640788 0.0161192175 0.00783923548 0.0354004651 0.00919273961 0.0454575606 -0.0294973459 0.0140884882 -0.0924473777 -0.175683215 0.0651341751 0.077496998 0.0239105001 -0.0340231173 -0.00847415067 -0.0452555679 -0.0735436827 0.0883345529 -0.0297938623 -0.00723734777 -0.118583933 0.0545041002 0.105373785 0.0797008872 0.00863406714 0.0761290416 0.116553381 -0.0655338392 0.0540641174 -0.0492943227 -0.0764204413 0.0470746309 0.0786782429 0.0617940947 -0.00245389342 0.0822974816 0.0403847322 -0.104696944 -0.0435896702 -0.0192393716 -0.0294931941 0.0371987186 0.062244378 -0.00757976715 0.00215151743 0.0449579284 0.110113345
G1287 0.00600155117 0.0481029414 -0.097965233 -0.0595918521 0.0201325566 -0.0629234836 0.042380888 0.00871986244 -0.0515374728 0.118335061 -0.0668948665 0.133825973 -0.0529782437 0.0467342921 -0.12162324 -0.026721213 0.0183841567 0.0480640195 0.0183218587 0.00515793078 0.031648647 0.0175012238 0.0268307719 -0.0440311171 0.0192077607 -0.0816170871 -0.177674666 0.0739696771 0.0765636414 0.0223516878 -0.0338639729 -0.0132593494 -0.0496781319 -0.0664613843 0.0886548907 -0.0299708396 -0.00118541659 -0.118051328 0.059679199 0.110899366 0.0758528933 -0.00021300283 0.0748092458 0.109713681 -0.0694716945 0.0514704995 -0.0418320559 -0.0806094855 0.0487448014 0.0889376178 0.0560839027 -0.0019344344 0.0757653937 0.0373717584 -0.116372161 -0.0434878841 -0.0101818675 -0.0334392972 0.036860615 0.0509944633 -0.0165686458 0.001234786 0.0365975127 0.116890647
G1290 0.0178462286 0.0301168896 -0.0619330034 0.00709072407 0.0132774897 -0.0241806284 0.0273450613 0.019151289 -0.0549901798 0.112729006 -0.0898936689 0.09818957 -0.0853997767 0.0429824702 -0.191187128 -0.00717242016 0.0632497296 -0.000546455849 0.0554769933 0.0994053707 0.0991030559 0.0447046235 0.101904742 -0.035670802 0.0411753133 -0.114961565 -0.176916435 0.0601388812 0.0395591892 0.0195144191 -0.0701594278 -0.000883763016 -0.0664905533 -0.0120307449 0.100516669 -0.0719520152 -0.084913969 -0.0824643299 -0.0112786153 0.0790135935 0.116810873 -0.00338101946 0.00807754416 0.0613400824 -0.111672945 0.0299818516 -0.0213425774 -0.0803468823 0.0159809198 0.0586547591 0.053906288 0.00292156753 0.0642692 0.028454097 -0.105398208 0.0215033796 -0.0442541353 0.0198994484 0.072892338 0.0334936008 -0.0361299515 0.0409871899 0.079441905 0.137898207
G1293 0.0178628135 0.0303332582 -0.0613125935 0.00745771639 0.0129982186 -0.0233711489 0.0278246664 0.0188535154 -0.0551202409 0.112279728 -0.0900039375 0.0977490991 -0.0851329416 0.04363418 -0.190908849 -0.00797414593 0.0636659265 -0.000854604179 0.0551864728 0.0997075289 0.0994006172 0.0456849188 0.101427592 -0.0362662822 0.0406116955 -0.114482366 -0.177304789 0.0608005673 0.039877329 0.018834006 -0.0702208355 -0.00193614711 -0.066579327 -0.0117219426 0.100588888 -0.0728003532 -0.0848485678 -0.0817997754 -0.0110734319 0.0792344511 0.116966844 -0.00420656055 0.00841088779 0.0607805476 -0.111684687 0.0299731232 -0.0206213053 -0.0801487342 0.0161902215 0.0594277047 0.0536862835 0.00320415758 0.0633925647 0.0281005446 -0.105922647 0.0208588094 -0.044233758 0.0195719413 0.0725169033 0.0332963839 -0.0372756049 0.0418117046 0.0792478248 0.138072327
G1296 0.00552202109 0.042372629 -0.100170285 -0.061306905 0.0162917487 -0.0662013441 0.0399961658 0.0181106962 -0.0505791381 0.122104637 -0.0701333135 0.140882075 -0.0637757331 0.0424417146 -0.11977157 -0.0168763883 0.0189375635 0.0501346886 0.0179284681 0.0100152092 0.0354957432 0.0107561797 0.0458145477 -0.0328197144 0.0166268405 -0.0940942243 -0.176035553 0.0670724958 0.0787887946 0.0239032488 -0.0325349383 -0.0089912843 -0.0450309552 -0.0718607977 0.0897503942 -0.0292806923 -0.0066639334 -0.11766544 0.0535223335 0.105350159 0.0799514428 0.0138877369 0.0743019655 0.113041386 -0.0700169727 0.0518863872 -0.0509569272 -0.0769071952 0.0451824032 0.0770484731 0.063670218 -0.0032578758 0.0814126059 0.0405622907 -0.105529472 -0.0407241583 -0.0190788396 -0.0262812879 0.0387893058 0.0615136251 -0.0069161756 0.00435288809 0.0434482135 0.109721594
G1299 0.00927408319 0.0190554094 -0.0830203965 -0.00517423265 -0.00307683391 -0.0494583547 -0.041034013 0.0931450576 -0.0335751474 0.0715426207 -0.0264754519 0.123426713 -0.121211268 0.0437272266 -0.08006607 -0.0356456451 0.0502029918 0.0349167585 0.0365074947 0.0236949082 0.0196137652 0.0721096545 0.0713222772 -0.00374832563 0.0259354189 -0.0330759846 -0.206491947 0.100301757 -0.0273062885 0.0111961681 0.0302375909 -0.0513777621 -0.0590952337 -0.0687977821 0.0899529532 0.00561292237 -0.00427617691 -0.118600994 -0.0400125794 0.0832352489 0.0725972801 0.00313772797 -0.0336718783 0.155529976 -0.0548023731 -0.00700729201 -0.0270312726 -0.0576833189 0.00611620117 0.00506914873 0.00116019358 0.0231462736 0.0417292006 0.0937988907 -0.0265639722 0.0286358111 0.00300869392 0.121835731 0.0912270918 0.0313542932 0.0360432863 -0.0407878235 0.0203464981 0.0848563164
G1302 0.100967251 -0.114234306 -0.183720469 0.0894993916 0.11294324 0.0493576117 0.137960836 0.0938085318 -0.0717227459 0.201261297 -0.181939751 0.0527961478 -0.137727186 -0.156328321 -0.129946351 0.00176918553 0.088116318 -0.0349791087 0.0963227451 0.155522496 0.20640561 0.047453519 0.195441037 0.132916436 0.088895157 -0.129454553 -0.205132663 0.112779781 0.0105095943 0.0767212659 -0.00317827705 0.05855437 -0.00924845971 -0.137239158 0.0766923726 -0.00351215573 -0.0285952035 -0.0691479072 0.105977044 0.0642967075 0.0344979838 0.0394510627 -0.115331188 0.0375760496 -0.0737815797 0.144318789 -0.00264152745 -0.0345958211 0.0271624196 -0.0220907573 0.0594371036 0.0223796517 0.0425921902 0.0854416937 -0.00644415105 0.0969418064 -0.200700611 0.0184823405 0.119691588 0.132595539 0.0102101415 0.0736388192 0.0149045894 0.215251312
G1305 0.101160444 -0.114287704 -0.183358893 0.0898604915 0.112962812 0.0493795685 0.137971476 0.0938961506 -0.0717327818 0.201230124 -0.181996331 0.0524652898 -0.137952879 -0.155986488 -0.13030459 0.00192515133 0.0885062218 -0.0353931226 0.0964071453 0.155723065 0.206637621 0.0475121364 0.195925653 0.132497326 0.0892424211 -0.129524618 -0.205102816 0.113056459 0.0100645712 0.0766213164 -0.00361361052 0.0583090149 -0.00940923952 -0.136646017 0.0769572258 -0.00420886278 -0.0290401205 -0.0689433739 0.105347298 0.0641296506 0.0346746184 0.0392780602 -0.116058722 0.037252821 -0.0742139369 0.14413099 -0.00227971585 -0.0344267711 0.0270588025 -0.0222108513 0.0592075586 0.0223132614 0.0422468185 0.0855042189 -0.00611253269 0.097370334 -0.200627178 0.0188457854 0.119725898 0.132489026 0.0100434478 0.0741921216 0.0151265338 0.215350226
G1308 0.0345043615 0.0212644171 -0.0601641089 -0.0896030739 -0.0143091008 0.061428979 0.0176752433 0.00124442182 0.0681121424 0.00264385575 0.0151231941 0.0849844068 -0.10660962 0.029839715 -0.0294219442 -0.0151150748 0.0649497956 0.0261970013 -0.0687395707 -0.157698095 -0.0815933421 0.0526903532 -0.0406470336 -0.121185847 -0.0394775458 -0.0553480461 -0.190987468 0.0738924518 0.0145166693 -0.0377481952 0.0479233339 -0.0940442979 0.00222427933 -0.0625276715 0.0290003642 0.0227425154 0.0568783171 -0.0792365223 0.0365684293 0.170390874 -0.013558141 -0.147153467 -0.0144431069 0.107557826 0.0837511271 0.00505349133 -0.0294094291 -0.0598474219 0.0137471696 0.0427526683 0.00947163627 0.0507634915 0.00179756247 0.0994153023 0.0433390029 -0.0645056963 0.113680691 0.0244110394 -0.0122996271 0.0269006118 0.0218347553 -0.0648274943 0.0629982501 0.0564556122
G1309 0.0375435166 0.0232655462 -0.0828292221 -0.100358918 -0.0213427804 0.0180990323 0.0500217006 -0.0107648568 0.02905773 0.0855615884 -0.0498017594 0.122023039 -0.0910378844 -0.00483071292 -0.103058331 0.0364176854 0.0676005855 0.0542373359 -0.0669881031 -0.0927165076 -0.0115922103 -0.039080143 0.00156349002 -0.0462580472 -0.0310600568 -0.112312704 -0.173623979 0.00917027052 0.102821827 0.0112085594 -0.062007349 -0.0267399251 0.00829138141 -0.101666681 0.0285231397 -0.000783577154 0.0401248857 -0.123905346 0.0678597912 0.160276473 0.0105790123 -0.068899788 0.0477467068 0.106815159 0.0227844082 0.0677426532 -0.075371705 -0.0609960407 0.0658334121 0.0566853583 0.0702572465 0.0160982031 0.0659541637 0.0438961238 -0.0526326559 -0.0794445723 0.0666585565 -0.0802241042 -0.0219208989 0.0896244124 0.0205078293 -0.021951627 0.137039065 0.113957293
G1310 0.0350576304 0.0275321938 -0.0586933456 -0.0934036002 -0.0128952563 0.0637751967 0.0213954803 -0.00411969237 0.0722790211 -0.0029332079 0.0139976395 0.0861622542 -0.108040646 0.0307738464 -0.0309669692 -0.013363014 0.0671770945 0.0237941295 -0.0653556809 -0.157774299 -0.0860912651 0.0515927821 -0.0395413451 -0.119940005 -0.0335635692 -0.058318302 -0.190781921 0.0735366642 0.0134336427 -0.0399114192 0.0474504679 -0.0963704512 0.00352110225 -0.0587001033 0.0307917949 0.0213629249 0.0528078377 -0.0762619227 0.040152885 0.173299909 -0.00657648826 -0.149843261 -0.0153453806 0.105469294 0.0823577493 0.00419430761 -0.0289163738 -0.0601585768 0.0151931839 0.0404388942 0.00920220651 0.0503231399 0.00369467936 0.102581523 0.045654133 -0.0648439601 0.116831988 0.0222853459 -0.0118280565 0.0263711829 0.019276714 -0.0683342293 0.0641133487 0.055940669
G1311 0.0371657833 0.0222631395 -0.0847960189 -0.100777745 -0.0205122475 0.016433645 0.0485098325 -0.00937647559 0.029258864 0.0874851048 -0.0493225418 0.123405166 -0.091844961 -0.00655952143 -0.10343048 0.0384813994 0.0660503432 0.0553884357 -0.0662203506 -0.093402274 -0.0120537775 -0.0412863605 0.00326306932 -0.0444000661 -0.0302647837 -0.113453075 -0.172427773 0.00738152303 0.101982906 0.0131402574 -0.0617100708 -0.0240312535 0.0083353091 -0.102682412 0.0280791409 0.00107105495 0.0399967767 -0.125426546 0.0670723245 0.159260496 0.0105391899 -0.0667447597 0.0472751372 0.108730167 0.0231658053 0.0679402351 -0.07680659 -0.0612786785 0.0651284084 0.0551242083 0.0709663332 0.0156119941 0.0683563203 0.0446898304 -0.0514796227 -0.0781454965 0.0662053898 -0.0791239664 -0.0208944306 0.0903451815 0.0231045745 -0.0241621658 0.137756735 0.113541462
G1312 0.0055466136 0.0424777977 -0.0446691662 -0.0202706624 -0.0261751153 -0.0329667255 -0.0104637556 0.112603337 -0.0380693153 0.0469756462 -0.0252563339 0.112397827 -0.170746297 0.0887539834 -0.0651269704 -0.0297764614 0.0484639183 0.00663477229 0.0441630371 0.0625170767 0.0255126879 0.112992153 0.170562625 -0.00790015236 -0.00172243873 -0.0737430304 -0.253330857 0.137406752 -0.0503745899 -0.0719675496 0.0327744074 -0.143486574 -0.023661444 -0.0532272309 0.128517166 -0.0542718805 -0.0554435253 -0.0707624331 -0.0642267019 0.0977512002 0.134481192 0.014672366 -0.0561775565 0.113618091 -0.0766285509 -0.0331368893 0.0318980366 -0.0245393626 -0.0300124492 -0.00864676293 -0.00226339372 0.00931305997 -0.00826906972 0.132388636 -0.00646200869 0.0314578786 -0.0151397837 0.157932624 0.0510265492 0.0651015639 -0.00414595846 -0.0119808381 0.0551374182 0.0421333946
G1313 -0.00268362393 0.0516410731 -0.0479215682 -0.0221643392 -0.0201042593 -0.0163536631 -0.00756399147 0.118423872 -0.0245405883 0.0466093794 -0.0217739251 0.1207655 -0.175207853 0.106754601 -0.0721361563 -0.0167937353 0.0573705845 0.0125831459 0.0515766479 0.0678029209 0.0147919459 0.115968786 0.18846719 -0.0170863271 0.0131792501 -0.0891772062 -0.233009979 0.133927912 -0.0430276096 -0.0691449791 0.0354776718 -0.146927357 -0.0255648438 -0.0465520658 0.125156328 -0.0542292483 -0.0550859272 -0.0572530404 -0.0626018792 0.0937769338 0.150060683 0.0220571067 -0.0498787537 0.127042219 -0.0783390328 -0.0337877125 0.0354883447 -0.0309781358 -0.0433100015 -0.0106259268 0.00145368837 0.00490911026 0.0019446041 0.134572476 0.00941026397 0.0226172507 -0.0186623428 0.163245067 0.0558174737 0.0599960051 -0.0060330173 -0.0247316249 0.0601046048 0.0546278246
G1316 0.0215757173 0.0516388975 -0.0918988064 -0.0766589791 0.0136252288 -0.0229667164 0.0672189668 -0.00200619549 -0.0151723921 0.0339116491 -0.0961871892 0.138278514 -0.0587102659 0.0500703044 -0.131990448 -0.00200963882 0.0130468095 0.0136906384 -0.00153535872 0.0276554171 0.0117634237 0.0237535369 0.0227446314 -0.0410774499 0.00524626393 -0.0988782644 -0.184898481 0.0510375127 0.103146635 0.00756095489 -0.0634570271 -0.00306330738 -0.0434017219 -0.0750775859 0.0684113652 -0.00660472549 -0.0402734131 -0.0576125346 0.0763953105 0.0990376994 0.046533823 -0.033043731 0.0501790717 0.103195421 -0.0630617589 0.0574335754 -0.0746880472 -0.0820765868 0.0598923974 0.0648055449 0.0804255009 0.0131567093 0.0279274657 0.0347417705 -0.0825363249 -0.0565049313 0.00331739662 -0.0313739441 0.0500907153 0.0672031417 -0.0103356801 0.0325665399 0.047600273 0.109652542
G1317 0.00272572343 0.0439550504 -0.0965643004 -0.0626992658 0.016745314 -0.0633305982 0.0378411151 0.0109367454 -0.0522309542 0.119825251 -0.0674254149 0.139125377 -0.056854941 0.0486986376 -0.119125463 -0.0268820543 0.0201801639 0.0463436618 0.0206287373 0.00807960797 0.0336718522 0.0191764049 0.0298640449 -0.0402641334 0.0172091071 -0.0855143294 -0.178899318 0.0710513815 0.080959864 0.0242521558 -0.0323177129 -0.010422267 -0.0463233739 -0.069638744 0.0896868184 -0.0267953966 0.00106216688 -0.119472601 0.0580427982 0.109789819 0.0765120238 0.00495951623 0.0736736357 0.110473484 -0.0717021003 0.0509365499 -0.0457628928 -0.0787172839 0.0458586216 0.0855126604 0.0594900958 -0.00416590646 0.0793585107 0.0359276086 -0.117184632 -0.0412864424 -0.013565613 -0.0297484249 0.037318971 0.0539719723 -0.0134440493 0.00267200754 0.0381425098 0.112405047
G1320 0.0541287735 -0.00130340841 -0.069729045 -0.0648931935 -0.0385980345 0.035423167 0.0398419537 -0.0293901991 0.0112839118 0.0958824977 -0.0723363459 0.116313726 -0.100617878 -0.0391383506 -0.133114457 0.0260831118 0.0890410617 0.0348546542 -0.046427682 -0.027032705 0.0433444269 -0.0201218426 0.0264785681 -0.0181633495 -0.044417832 -0.132284582 -0.187103897 -0.0198954325 0.0852550194 0.0163550861 -0.0705641955 0.00740194181 0.00491193822 -0.0793204382 0.0335613973 0.00659971964 0.00900985487 -0.110386945 0.0458267815 0.134054169 0.0345565155 -0.0701684207 0.0391878895 0.069549337 0.0172157492 0.0575047545 -0.0848166943 -0.0556424484 0.057134416 0.0476061068 0.0871268883 0.0336729661 0.0827645063 0.0396969765 -0.0769508481 -0.0547050126 0.0424636714 -0.0575015843 0.00539760198 0.0934653208 0.0172338281 0.00627185637 0.153174311 0.0919598863
G1321 0.0484544151 0.0223612729 -0.0272050742 -0.038962312 -0.0289559998 0.101718858 0.000711276778 -0.0287326798 0.0817620158 0.00152863446 -0.0015034019 0.0539076589 -0.0768436566 0.00237234938 -0.0820694119 -0.0565662794 0.1088503 0.0178849827 -0.0440824479 -0.103150763 -0.0294242874 0.0951469243 -0.0806702003 -0.129045099 -0.0324396826 -0.0512742177 -0.216830477 0.063557975 -0.00555838738 -0.050741937 0.0471645035 -0.094940044 -0.0103687756 -0.0158227663 0.0257972255 0.0337456688 0.0396376103 -0.0821952224 0.0235149898 0.175598726 -0.0025024612 -0.188035667 -0.0467416272 0.0541833229 0.072254166 -0.022881886 -0.0181705002 -0.0748412311 -0.00123185851 0.0713820457 -0.0103945378 0.0747621953 -0.00470128609 0.0841626301 -0.0183704719 -0.0408895202 0.118789241 0.0357729979 0.0190007724 -0.00968256127 -0.026133541 -0.0591454729 0.0388072804 0.0994573459
G1322 0.0415643863 0.0107339323 -0.0522072352 -0.0591119491 -0.0287296679 0.0526606068 0.0524312332 -0.0546999127 0.0172421485 0.0727920085 -0.0691794306 0.0991765633 -0.0640460849 -0.020124549 -0.148999497 -0.00173534732 0.103573844 0.0172420479 -0.0427793227 -0.0353084393 0.0326359272 0.0123972185 -0.0265998002 -0.0666152388 -0.0304796752 -0.108429998 -0.182886496 0.0014738515 0.0887629241 0.0134335821 -0.0611740276 0.00181872805 -0.0070769405 -0.0528224036 0.0311113428 0.000955410593 0.0226502642 -0.097421512 0.0638018399 0.145163849 0.0216929819 -0.102957398 0.0406855643 0.0443962142 0.00860493816 0.0499581583 -0.0640207827 -0.0714370981 0.0542353578 0.0822726414 0.0733636096 0.0343505591 0.0631363839 0.0252917781 -0.107664116 -0.0565337539 0.054070279 -0.0704774708 0.00362197892 0.0527417809 -0.0125923129 0.00237522856 0.136852741 0.121482849
G1323 0.051745452 -0.0302981753 -0.0826758295 -0.0398916267 -0.0512131192 0.0535412356 -0.0433458537 0.0248318296 0.0608065426 0.0783270076 -9.87536041e-05 0.101893783 -0.137549788 -0.0607446954 -0.0632066429 0.000253005681 0.0739500672 0.060792096 -0.0571902245 -0.101321317 -0.00916110817 0.0119146025 0.00987462327 -0.0219946932 -0.0486617871 -0.0760127604 -0.194778726 -0.0195363201 0.00703053595 0.0149076004 0.0476792194 -0.0101307584 0.000660193386 -0.0745606869 0.0271460731 0.0589380786 0.0400481485 -0.136450782 -0.0149835628 0.141659394 -0.0056978236 -0.113854572 -0.0355186909 0.128355339 0.10220591 -0.000457846792 -0.0751597211 -0.0552364513 -0.000552067882 0.0102590397 0.0234963614 0.0640756488 0.0697612613 0.0853680596 0.0337938331 -0.0332035832 0.0765576065 0.0647909343 0.0452337265 0.054551594 0.0642226264 -0.0695211515 0.0813400373 0.0624542199
G1324 0.0301945899 0.0152471419 -0.0572843552 -0.076086767 -0.0187202487 0.0784767941 0.0134027833 0.00669955928 0.0630804896 0.00593092665 0.0148281828 0.081167616 -0.113302864 0.0266360175 -0.0451972038 -0.0178703945 0.0741566867 0.0216420256 -0.0594698638 -0.13102214 -0.0654628873 0.068987228 -0.0285831541 -0.104025148 -0.0428495556 -0.0616404377 -0.194256008 0.0655796155 0.0106695769 -0.0401701927 0.0420920402 -0.0898118317 0.00235867547 -0.0678299069 0.0279512703 0.029429663 0.0525719523 -0.0705563873 0.0308764949 0.16062066 -0.00627430156 -0.154105335 -0.0172581598 0.103742965 0.0787777901 0.00886020996 -0.0261440147 -0.0588089563 0.0107565671 0.0422422066 0.00606188923 0.0539078005 0.0033719535 0.0926710442 0.0299816523 -0.0598716587 0.0990380272 0.0338413827 -0.0074550556 0.0231112093 0.0124230254 -0.0676645786 0.0770978853 0.0679401979
G1325 0.0432901122 0.0135694025 -0.0801224187 -0.107367657 -0.0299665853 0.0118050072 0.0483091995 -0.0243084766 0.0292737763 0.0756373033 -0.0616921447 0.131596163 -0.095636338 -0.00862043072 -0.10342484 0.0344463363 0.0770556554 0.0445544571 -0.0652364865 -0.082743302 -0.00747786229 -0.0475622006 -0.00541365473 -0.036339581 -0.0295629986 -0.109742448 -0.171465278 0.00267971749 0.109193347 0.0295637678 -0.0665572584 -0.0112773506 0.00726240082 -0.0995970741 0.0290719606 0.00258744485 0.038655445 -0.12419302 0.0685865507 0.158246398 0.0122762593 -0.058396861 0.0494027063 0.104002014 0.0186955929 0.0694470406 -0.0901551247 -0.0559223294 0.0726030022 0.0482210293 0.0827985853 0.0216603894 0.0736043006 0.0436567739 -0.0590064749 -0.0695054606 0.0705892593 -0.082970053 -0.0121348351 0.0968134403 0.0334852971 -0.00977560319 0.13752526 0.100620866
G1326 0.0282646883 0.0214983262 -0.0552953519 -0.0791703165 -0.016076576 0.0842412636 0.017928198 0.000881663465 0.0687435716 -0.00155474851 0.0149723701 0.0811897218 -0.11192593 0.0301049761 -0.0481320173 -0.017840283 0.0765985996 0.017907735 -0.056600064 -0.132828921 -0.07087598 0.0718598291 -0.0320399739 -0.107942402 -0.0366043225 -0.0642676353 -0.191548079 0.0669573918 0.0103204744 -0.0426820405 0.0427082852 -0.0912196636 0.00212215702 -0.0625090897 0.0280542597 0.0283697713 0.0491635464 -0.0650363415 0.0361888781 0.162538618 -0.00156675675 -0.160571501 -0.0169780664 0.100450411 0.0777895004 0.00780104101 -0.0238606706 -0.0607227236 0.0106194094 0.0437084511 0.00426064432 0.0541763864 0.00267121755 0.0940623283 0.031481564 -0.0614481643 0.102687627 0.0306503158 -0.0067783515 0.0182761941 0.00685907342 -0.0720821694 0.0771104768 0.0703310519
G1327 0.043445725 0.0125619732 -0.0819335729 -0.108247928 -0.0299289078 0.00938410778 0.0465335138 -0.0221818257 0.0291855652 0.0776190758 -0.0615769178 0.133588299 -0.0976002216 -0.0106687499 -0.103336789 0.0372087099 0.0756901503 0.0460993275 -0.0643214285 -0.0827375054 -0.00760114053 -0.05073338 -0.00147698098 -0.0327082165 -0.0288533755 -0.111728847 -0.170941114 0.00046934851 0.108356625 0.0311217569 -0.0666665509 -0.00937698875 0.00825129356 -0.10112384 0.0293991342 0.00428331504 0.037906006 -0.126054108 0.0669242665 0.157207236 0.0129180383 -0.0546628125 0.0484997518 0.106161937 0.0187506508 0.0695611835 -0.0922326446 -0.0555369481 0.0719499215 0.0451711118 0.0840753317 0.0208465047 0.0763996169 0.0449108779 -0.0567950793 -0.0681277066 0.0698580891 -0.0809243321 -0.0111801587 0.0991710871 0.0367933922 -0.0111937551 0.13864781 0.0990233198
G1328 0.0486833937 0.000272503705 -0.00898633059 0.0121679408 -0.0544130765 0.144691885 -0.0303238668 0.00203011138 0.107427776 0.0110362293 -0.0253035668 0.0418055989 -0.128597349 -0.0090494277 -0.115376331 -0.0263625979 0.125245765 -0.001766323 -0.0245340224 -0.0231627226 0.0236684494 0.0837904662 0.0183625817 -0.110414274 -0.0221610498 -0.116868988 -0.195936441 0.0190347098 -0.0193430278 -0.0460449234 0.0464782156 -0.0764387622 -0.0149117718 0.0415556133 0.0193077438 -0.00743032712 -0.0577689968 -0.0634509623 -0.0471967831 0.142439425 0.0399258249 -0.173256293 -0.110221796 0.0358985662 0.0618915595 -0.059564162 -0.0228000954 -0.067176275 -0.0554281548 0.030624941 -0.0110110752 0.0747089982 -0.00347115682 0.0804639757 0.0454137288 0.00588774774 0.0714526549 0.0862581059 0.0637201592 0.0127281472 -0.0382267535 -0.0313699953 0.0627852231 0.105602667
G1329 0.0492848456 0.00651452597 -0.00751837203 0.0084508406 -0.0532740019 0.14711985 -0.0265830904 -0.00323321787 0.111716069 0.00542309927 -0.0265275743 0.0428519137 -0.130117029 -0.00806454197 -0.1168328 -0.0245715063 0.127479762 -0.00415785238 -0.0212841853 -0.0231595933 0.0191375241 0.0828507766 0.0194985736 -0.109370679 -0.0160537325 -0.119975716 -0.195742249 0.0187422149 -0.0204018597 -0.0482228734 0.0460372344 -0.0788465813 -0.0137022668 0.0453210361 0.0211670399 -0.00884041656 -0.0622827336 -0.0604521111 -0.0433642678 0.145273536 0.0468456186 -0.176066026 -0.111290358 0.0337124616 0.0601627417 -0.0604339652 -0.022299761 -0.0674495697 -0.0538293868 0.0283603184 -0.0112117957 0.0742312595 -0.00160883833 0.083624579 0.0477462448 0.00550583052 0.0744539723 0.0840999708 0.0641067624 0.0121033695 -0.0408177525 -0.0347396769 0.063800849 0.105188385
G1330 -0.0130661605 0.0444277301 -0.0517329425 -0.0284905955 -0.012999258 -0.01175832 0.0739184842 0.0186143126 -0.10501004 0.166662216 -0.0043526995 0.0235879701 0.0239559039 0.137978241 -0.0911794156 -0.122291408 -0.0109882401 0.0284629762 0.0145402215 -0.0385784619 0.0528208166 0.156869233 -0.016941186 -0.143533468 -0.00878288411 -0.115329638 -0.272594452 0.163770705 0.0309641119 -0.0916996449 0.0253471341 -0.101424038 -0.0608211905 -0.0547212549 0.13467519 -0.0726493225 0.0397925824 -0.0677393451 0.0474893488 0.134027824 0.0121782143 -0.106005847 0.0351991318 0.0293545034 -0.0917540565 -0.00817287993 0.0307472423 -0.11202617 -0.00499793608 0.190623358 -0.0334917381 -0.0184400752 -0.0112423236 0.0577155389 -0.112726212 -0.0948802158 -0.0328294896 -0.0337756537 -0.016641276 -0.021357242 -0.17586866 0.0302192178 0.00315045239 0.14837642
G1331 0.0562699176 -0.00161393068 -0.0669565648 -0.0590814464 -0.0256327372 0.0428666845 0.0499517433 -0.0490780957 0.00265527121 0.0979110077 -0.0631704181 0.101986654 -0.0919991508 -0.0342869535 -0.138838738 0.00650319131 0.0873641446 0.0189211778 -0.0432957038 -0.0380691439 0.0392750427 -0.00901079737 0.0118526788 -0.0432799049 -0.0442634374 -0.13153024 -0.183448374 -0.0176769271 0.0877727643 0.0104954708 -0.059202604 0.0161688142 -0.000946870772 -0.0700126365 0.033318609 -0.000127761683 0.0167070962 -0.100873776 0.0520849116 0.135882497 0.0213060249 -0.096187219 0.0448961928 0.0506646559 0.0312095489 0.0642986596 -0.0718115047 -0.0621017367 0.0517116338 0.0660969689 0.0799444914 0.0222249888 0.0758576319 0.0365277901 -0.0829482079 -0.0578952208 0.0400442518 -0.0727783516 -0.00570907351 0.0731923282 0.0011168794 0.00808974355 0.15082027 0.0884941593
G1332 0.0457554609 0.0180619862 -0.0539122224 -0.0679715648 -0.0358972773 0.0822016373 -0.00881846901 -0.0129584586 0.0848099738 0.0185146071 -0.00288218376 0.0968440548 -0.0897170976 -0.0233761072 -0.0547506735 -0.0492682271 0.0801597834 0.0391043499 -0.0488798097 -0.115768388 -0.0288422946 0.0590942577 -0.0728483349 -0.0953852236 -0.0414140634 -0.0717616081 -0.210884869 0.0294376072 0.0169646591 -0.0357451774 0.0716006085 -0.0593576841 0.00674549304 -0.0404546149 0.0287028514 0.0575915352 0.0506902374 -0.0993375331 0.0369232371 0.163969859 -0.00672023883 -0.15903604 -0.0220625773 0.0834468603 0.0983875915 -0.0169017352 -0.0584221184 -0.0756073296 0.00469805626 0.0528132915 0.00933618471 0.0760889053 0.0270296317 0.0881498903 0.00635199388 -0.0645192713 0.109597169 0.0364692248 0.0306015406 0.0265168212 0.00486985687 -0.0676466003 0.0275413785 0.0693071708
G1333 0.0401382744 0.0459474064 -0.0968772694 -0.0782015771 0.00740855234 -0.043687623 0.0574933887 -0.0117589114 -0.0287668686 0.0559248328 -0.0985009 0.135565624 -0.0636955202 0.0335385315 -0.117987573 -0.01983287 0.0201333258 0.0254103895 0.00409040088 0.0282822289 0.0304235928 0.00522003928 -0.00882779527 -0.0274210945 0.00289076869 -0.0905192792 -0.18973659 0.0589632057 0.0952681154 0.0188640505 -0.0564649105 0.0110711521 -0.0545325056 -0.0831747279 0.0595382974 -0.0137864277 -0.029158324 -0.0941845849 0.0808037594 0.107545458 0.0537806153 -0.0257133041 0.0614970997 0.112437025 -0.0671488196 0.0618792772 -0.0748743638 -0.0732377321 0.0718766302 0.0698954836 0.0717738122 0.0190160703 0.0406326354 0.0374248885 -0.108216211 -0.03727239 0.00542481337 -0.0614083335 0.0540022254 0.0680382401 -0.00640825322 0.0314265452 0.0397130623 0.0929492265
G1334 0.0408237614 0.0305219032 -0.056701988 -0.0497762747 -0.0151334517 0.0475324467 -0.00302064512 0.00399377709 0.050275404 0.00556831388 -0.0155031625 0.0884793177 -0.0923129395 0.0206900053 -0.0612512529 -0.0535673872 0.0632941499 0.0240116939 -0.0210420378 -0.075514406 -0.0276351999 0.0794245303 -0.049905248 -0.0846237764 -0.0124731474 -0.0475503094 -0.213864431 0.0743622929 0.00612337748 -0.0359003469 0.0503591783 -0.0736915022 -0.0293163154 -0.0418938175 0.0439024791 0.0278005973 0.0138101429 -0.084826842 0.0257716067 0.147307053 0.0103545357 -0.13818042 -0.0364752188 0.101287559 0.037320938 -0.0129030952 -0.0352167785 -0.0687465966 0.00875876006 0.0493474603 -0.00515413936 0.0565312207 0.00262903748 0.0869543627 0.00054704136 -0.0361422412 0.0821661279 0.046733439 0.0479142591 0.012293281 -0.0103666075 -0.0434401408 0.0063867378 0.0810578242
G1335 0.0777556375 0.0509157889 -0.070079051 -0.124524295 -0.0194823351 -0.036987666 0.0277997162 -0.0578034297 0.0975107476 0.0666234866 -0.0665086582 0.146261886 -0.102207817 0.0416910537 -0.095287703 0.0332670808 0.0678229034 0.0217386261 -0.105753034 -0.203677237 -0.045398932 -0.101952739 -0.0392619595 -0.147065222 -0.00637289416 -0.0839462131 -0.165746421 0.0299725141 0.0973892137 0.0280722901 -0.0848885924 -0.0547282249 -0.000230946418 -0.0729224384 0.0449854806 -0.00917929783 0.0327625275 -0.140070081 0.0709944814 0.208816752 0.00118635991 -0.0931960791 0.00189371314 0.119387954 0.0418092385 0.0750240907 -0.108124822 -0.0728346184 0.070628196 0.0545460694 0.0926924422 0.0360042751 0.040660575 0.0767748952 0.0292163901 -0.101328887 0.193960279 -0.10148862 -0.0161576178 0.116367906 0.0737046823 0.0246492568 0.0140246311 0.0974590331
G1336 0.0776642412 0.0510392711 -0.0701223761 -0.124740794 -0.0194058921 -0.037210539 0.0278126318 -0.0577648431 0.097419627 0.0665624738 -0.0665175021 0.146286488 -0.102078751 0.0419138595 -0.0950514674 0.0331778191 0.0675390214 0.021668179 -0.105729774 -0.203710929 -0.0454934798 -0.102021076 -0.0394151732 -0.147266194 -0.006296854 -0.0838361979 -0.165686637 0.0301536117 0.0974193364 0.0281969067 -0.0847194567 -0.0547089316 -0.000273114856 -0.0728585944 0.0450364724 -0.0093257688 0.0328145102 -0.140117392 0.071082361 0.208723769 0.00110835128 -0.0930549651 0.00194559724 0.119483374 0.0416816883 0.0749944672 -0.10812939 -0.0729044676 0.0706724674 0.054598134 0.0926742256 0.0359320194 0.0406375378 0.0768130124 0.0292656794 -0.101370402 0.193953186 -0.101602957 -0.0161424149 0.11633341 0.0737033188 0.0246756263 0.0138199991 0.097256504
G1337 0.0465214029 0.0205259994 -0.0280129798 -0.0423872359 -0.0301225521 0.102840714 -0.000494208187 -0.0298617929 0.0811993554 0.00286409515 0.000108314169 0.0558907986 -0.0793295726 0.00303861243 -0.079194665 -0.0567779578 0.106593192 0.0181002263 -0.0437734239 -0.103715464 -0.0292075723 0.0966171548 -0.0821271315 -0.125332102 -0.0345453098 -0.0516384207 -0.21782513 0.0619370565 -0.00127484591 -0.0502600819 0.0475828536 -0.0931628197 -0.00818445347 -0.0189842377 0.0250268653 0.0355117768 0.0415634885 -0.0829828307 0.024910802 0.176707298 -0.00192533142 -0.189219877 -0.0456740744 0.0569022335 0.0725813732 -0.0214681104 -0.0178578589 -0.0726488382 -0.0013733129 0.0708189011 -0.0104094427 0.0740066618 -0.0028178764 0.0822348446 -0.0199630354 -0.0416939892 0.116852559 0.0345657729 0.0173542835 -0.00789973047 -0.0250921845 -0.0606096573 0.0413080193 0.097596772
G1338 0.048521664 0.00348099088 -0.0551453345 -0.0566926189 -0.0205803085 0.0540799573 0.0550573133 -0.0677596107 0.00437222095 0.0861292258 -0.0606009401 0.0913366154 -0.0693749711 -0.0224117115 -0.147150666 -0.0130160563 0.0972504839 0.00706149125 -0.0395395681 -0.0417483188 0.0342603512 0.0142369783 -0.0258238707 -0.0702542886 -0.0372692272 -0.11287535 -0.183344111 -0.00441967556 0.0915445983 0.0105479592 -0.055252187 0.0134249581 -0.00721949246 -0.0554999895 0.0322447568 -0.00308685633 0.0286507048 -0.0954386517 0.0631823316 0.144564524 0.0131587386 -0.119270392 0.0443322212 0.036487069 0.0237794276 0.0606256612 -0.0579230934 -0.0699124858 0.0506918356 0.0889565349 0.0703113899 0.0216059238 0.0656240135 0.0246655773 -0.108664371 -0.0568149351 0.0465377085 -0.0819313526 -0.00864980463 0.0470517762 -0.0183343627 0.00583930872 0.142025292 0.107130848
G1339 0.0482169613 -0.0235021692 -0.0944574401 -0.0694170371 -0.0487113409 0.046384763 -0.0419093706 0.0185142197 0.0685550719 0.0756471232 -0.00259972876 0.128323674 -0.127125457 -0.0665304437 -0.0431578569 -0.0144182313 0.0537590347 0.0661283731 -0.0557526685 -0.11273656 -0.0155490637 0.00348125095 -0.0222443361 -0.0255644824 -0.0559156202 -0.0788066536 -0.191874787 -0.0267301183 0.0237018205 0.0190221928 0.0714206249 0.00630703755 0.0111089153 -0.0821307376 0.023414515 0.0780877322 0.0565097108 -0.143310443 0.0117659569 0.139831886 -0.011032965 -0.109411366 -0.0118468441 0.138234988 0.116683662 -0.000134357702 -0.0945674703 -0.0633763447 0.00504751829 0.0188514628 0.0320554376 0.0704606175 0.0779187158 0.086092785 0.0275971573 -0.0524065532 0.0827211589 0.0505915396 0.0502809659 0.0633485764 0.0713356361 -0.0778893456 0.0564742349 0.0441663004
G1340 0.0484595262 -0.0315525606 -0.0849056095 -0.0452796146 -0.0505163334 0.0510975122 -0.0423974767 0.0254971515 0.0551494807 0.078656137 0.00295727421 0.10356988 -0.14031975 -0.0558802038 -0.0585501418 0.000859668187 0.0698813498 0.059399493 -0.056489937 -0.101962306 -0.0116078407 0.0144101446 0.00957416464 -0.0172212459 -0.0507583953 -0.0732943937 -0.195805579 -0.0171461161 0.0107792886 0.0164208598 0.0457409881 -0.00923022255 0.00247028493 -0.0826260969 0.0273902845 0.0601824671 0.0452875048 -0.135568768 -0.0119665535 0.141214788 -0.00633095624 -0.113134101 -0.0317507908 0.133554205 0.100056082 0.00507299183 -0.0731732324 -0.0524127521 0.00289971149 0.0088770818 0.0234295875 0.0614089668 0.070971325 0.0839123428 0.0304471925 -0.0341852829 0.073714532 0.0624191463 0.0405842774 0.0555899069 0.0667744651 -0.0717196241 0.0872095674 0.0592357479
G1341 0.0410613567 0.0134820556 -0.0320158899 -0.033020813 -0.0500863865 0.13588576 -0.0274999104 -0.00816598907 0.124872521 0.0126693267 -0.0183969047 0.0797850862 -0.108566903 -0.0224011559 -0.0818604529 -0.0440236144 0.093348898 0.0238434095 -0.0358877108 -0.0656225607 2.13778894e-05 0.0717304498 -0.0380226485 -0.117619283 -0.0395496711 -0.114582852 -0.194274217 0.00993259437 0.00688846176 -0.0476717837 0.0803136677 -0.0605047047 0.00129712455 0.0204441082 0.0110928975 0.0277117044 -0.0224082191 -0.0803846195 0.000294361234 0.153473571 0.0237758458 -0.176384702 -0.0665380284 0.0577954873 0.0966428593 -0.0556634814 -0.0473946668 -0.0797669813 -0.0436540097 0.048419293 0.000380198704 0.0865017921 0.0106169088 0.0811075345 0.0381465778 -0.0377847366 0.0915117487 0.0589524619 0.0590961613 0.0240907855 -0.0263296887 -0.0563515648 0.026226826 0.084796004
G1342 0.039066352 0.0196926054 -0.0300288461 -0.0361423567 -0.0476409383 0.141714782 -0.022975361 -0.0139897456 0.130595356 0.0051871757 -0.0183491241 0.0797063038 -0.107131518 -0.0189406015 -0.0849118084 -0.0439800397 0.095717676 0.0200902428 -0.0330599397 -0.0674006343 -0.00547383772 0.0746813118 -0.0414363742 -0.121649891 -0.0333647616 -0.117422633 -0.191562563 0.0114603778 0.00648000976 -0.0501968674 0.0810268521 -0.0620280616 0.000984387822 0.02568819 0.0112310741 0.0266302917 -0.02615292 -0.0747478753 0.00583486073 0.155406266 0.0284013208 -0.18297942 -0.0662515834 0.054382015 0.0955406129 -0.0568471067 -0.045151256 -0.0816864073 -0.0436794721 0.0498300828 -0.00144467363 0.0868319348 0.0099041285 0.0825387165 0.0396464355 -0.0393320322 0.0950811282 0.0556857884 0.059611395 0.0191506334 -0.0318985954 -0.0607931837 0.0261057597 0.0872421339
G1343 0.000470516155 0.041268941 -0.0432336852 -0.023906501 -0.0272216517 -0.0271178763 -0.0107894558 0.113062531 -0.0369160436 0.0442980975 -0.0237721186 0.113989547 -0.174076423 0.0938012227 -0.0639910921 -0.0301248189 0.0482453555 0.00348708709 0.0449181236 0.0633686781 0.0261028484 0.117149845 0.17201151 -0.00531686563 -0.00228898483 -0.075307034 -0.253002077 0.136028603 -0.0460614823 -0.0723714978 0.031846147 -0.144277886 -0.0218489412 -0.0547357239 0.128967538 -0.0524133667 -0.0556216389 -0.0666058511 -0.0635235831 0.0966371 0.134391218 0.0115585579 -0.0569370985 0.113995083 -0.0775743872 -0.0321455598 0.032372158 -0.0234444812 -0.0312866271 -0.00966535043 -0.0036199824 0.00850122236 -0.00931860041 0.13020061 -0.00624054251 0.0297339354 -0.0167358182 0.159671828 0.0493729934 0.0656358972 -0.00616430817 -0.0127718132 0.0581458211 0.0425903648
G1344 -0.00577652035 0.049690105 -0.0477386117 -0.0250748415 -0.0210740324 -0.0131127946 -0.00943954103 0.118867196 -0.0242432375 0.0469086319 -0.0204154495 0.122404478 -0.17794852 0.109726392 -0.0706451312 -0.016619293 0.0561950393 0.0111283045 0.0529446043 0.0688693002 0.0157890394 0.119018786 0.188999861 -0.014486216 0.0117526846 -0.0897261351 -0.233090937 0.13218832 -0.039618481 -0.0685648322 0.0345268697 -0.146163151 -0.0237166975 -0.0483394116 0.125154108 -0.0524923243 -0.053909108 -0.0566039756 -0.0625376403 0.0930763111 0.150390476 0.0203199927 -0.0503982119 0.129028559 -0.0791135281 -0.032815557 0.0361609347 -0.0295812748 -0.0446526445 -0.0110426163 0.00103685784 0.00397606473 0.00278190337 0.132509664 0.00836822111 0.0223333109 -0.0204969235 0.164288059 0.0550419465 0.0603439845 -0.00608027307 -0.0255708862 0.062926203 0.0538978688
G1347 0.0156875644 0.0894978195 -0.0448041223 -0.0410572365 -0.00773617066 0.0189404525 0.102113008 0.00773820421 -0.084975183 0.153257951 -0.00377170509 0.0345840603 -0.0253123175 0.147290066 -0.0646177977 -0.0816001892 -0.00532902544 0.0445205271 0.0306091178 -0.0201586448 0.0468965098 0.156852409 0.0554723181 -0.113251887 -0.00426958688 -0.177846059 -0.2878519 0.16388686 0.0420433693 -0.147257194 0.0206973869 -0.151902705 -0.0349182039 -0.0425636433 0.149902865 -0.107416213 -0.00153206324 -0.0297872387 0.0541878119 0.14991954 0.102875687 -0.102945715 0.0436607264 0.0434025861 -0.0901806876 -0.00957565103 0.0481478497 -0.0810884014 -0.0110558309 0.15842782 -0.0190654043 -0.0226940196 0.01604666 0.097060822 -0.0579392873 -0.12408182 -0.0445730686 -0.0408873335 -0.0321783833 0.0201916043 -0.204434067 0.0293036904 0.0371122845 0.0983478129
G1350 0.00160429161 0.0590768307 -0.0574484095 -0.0327692404 -0.011404545 0.00310989702 0.0826671347 0.0316051915 -0.0991062149 0.177242205 -0.0023037463 0.0371020138 -0.0199049376 0.141110629 -0.0715573058 -0.0868958309 -0.0118905474 0.0466238223 0.0188539792 -0.0230668243 0.0558914393 0.146359697 0.0519631431 -0.113150567 -0.0159172304 -0.162559405 -0.275257051 0.15540725 0.0403333791 -0.119127303 0.0233408753 -0.125563651 -0.0440601893 -0.0626545697 0.139449239 -0.0889838189 0.0183477942 -0.0467262529 0.0401685648 0.131720901 0.0650554001 -0.0856919959 0.0430180579 0.0532477386 -0.0846426412 -0.00447441638 0.0326672234 -0.089883022 -0.0141353887 0.159521326 -0.0187522229 -0.0239560585 0.0139798783 0.0813253224 -0.0672087148 -0.112216391 -0.0537474155 -0.030085478 -0.0281786844 0.0171478223 -0.176693663 0.0299087428 0.0299928989 0.116611764
G1353 0.037957862 0.0293832459 -0.056700442 -0.0504377708 -0.016402971 0.0498928502 -0.00536270207 0.00671657873 0.0489074588 0.00620230101 -0.014193655 0.0890527591 -0.0961256698 0.0226930231 -0.0604862049 -0.0543203987 0.062402796 0.0237931237 -0.0182835292 -0.06979011 -0.0236576553 0.0837222412 -0.04544691 -0.0787634701 -0.0154271927 -0.0498390384 -0.216281861 0.0723242387 0.00981887337 -0.0367918946 0.0493465625 -0.0726949349 -0.0283368863 -0.0458564349 0.0436999239 0.0306389555 0.013995965 -0.0847828686 0.0244357046 0.146159858 0.0131092258 -0.136235535 -0.0364525132 0.103247091 0.0349145532 -0.012676687 -0.0344454125 -0.0664865077 0.00660740584 0.0477553681 -0.00600679591 0.0560494177 0.00327025214 0.0855167583 -0.00329318596 -0.0345512442 0.0777603164 0.0506338663 0.0488779098 0.0142247155 -0.0105438335 -0.0452121682 0.00966626406 0.0790164322
G1354 0.044806499 0.0159518607 -0.0547876917 -0.0717601031 -0.037531469 0.0837812275 -0.00990537275 -0.0169028305 0.0847241357 0.0199780278 -0.00216812151 0.0993204936 -0.0908737183 -0.0239812396 -0.0520114899 -0.0499886945 0.0774576813 0.0377474464 -0.0480338372 -0.116531618 -0.0291089173 0.0597610287 -0.0788959041 -0.0934249684 -0.0422782674 -0.0714975148 -0.210606292 0.0276551079 0.0199668128 -0.0341322832 0.0729440749 -0.0554273538 0.00961053465 -0.0408637263 0.0270325355 0.0579869784 0.0514853969 -0.0996388271 0.0396207049 0.164370656 -0.00689999852 -0.163516223 -0.0212695971 0.0853497609 0.0999337882 -0.0146389967 -0.0582910739 -0.0744480714 0.00614268985 0.0530228317 0.009718352 0.0759745762 0.0294576343 0.0855463669 0.00506307231 -0.0656107813 0.10857144 0.0316359475 0.028766375 0.0271927044 0.00525649125 -0.0684109405 0.0299903285 0.068074815
G1355 -0.0236935448 -0.0204271097 -0.0982992947 -0.000705715851 -0.0139976917 -0.0685203075 -0.0731054693 0.127950639 -0.0449967608 0.134765372 -0.0095703071 0.15130806 -0.171861365 0.0185604393 -0.0857512951 -0.0047031031 0.0330195129 0.0410085656 0.0450516567 0.0229789317 0.0283092447 0.0555859581 0.171495631 0.0622026287 0.0142214913 -0.056478031 -0.194397584 0.0590777919 -0.0417995267 0.038388595 0.0307116453 -0.0252834037 -0.0362454839 -0.090068087 0.116086431 0.00146927219 -0.0165247712 -0.152203932 -0.0848611891 0.0728366077 0.101418339 0.0451391004 -0.035224583 0.167278349 -0.0497613847 -0.006512444 -0.0253089499 -0.033830516 -0.0176116284 -0.0244310685 0.0123483846 0.00135292287 0.0802685469 0.0961493179 -0.0101426998 0.0547259897 -0.0389832743 0.169846967 0.0874920934 0.0550618917 0.0767881274 -0.0611107387 0.0771592706 0.0628888831
G1356 0.0410984792 -0.0116335182 -0.0971930102 -0.0525021441 -0.0293932837 0.0135297561 -0.0385759845 0.0372756571 0.0333920047 0.0638088956 -0.0137705104 0.120698489 -0.133216411 -0.0204252694 -0.0486929007 -0.0194861516 0.035497468 0.0506624281 -0.0261558443 -0.0685039014 -0.0111336755 0.0277326964 0.00439661136 -0.0094902534 -0.0305419806 -0.0577439368 -0.197110265 0.0164844245 0.016439436 0.0173466448 0.0493309125 -0.00776182627 -0.0235435367 -0.0872147083 0.0386758409 0.0505945273 0.02116156 -0.128998145 -0.000308220217 0.123281643 0.00798513927 -0.0868390501 -0.0259593669 0.157389268 0.054907117 0.00435047084 -0.0706541315 -0.0544574633 0.00747983856 0.0138746751 0.0164648388 0.0507097468 0.0540588833 0.0837353319 0.0186291095 -0.0229007695 0.0525287539 0.0646356642 0.068127051 0.0513592251 0.05691294 -0.0552990697 0.0384380594 0.0535874069
G1357 0.0470440276 0.0724537298 -0.0285398494 -0.0111338627 -0.00386839011 0.0322329625 0.0188424215 0.0205312092 0.0279006157 -0.0671854243 -0.0582061298 0.0688801184 -0.0903215706 0.0907092988 -0.0947521776 -0.0379380211 0.0698296949 -0.0147985034 0.0265858695 0.0426661186 -0.00695698522 0.145786092 -0.00534992293 -0.0698778182 0.0154704619 -0.0231314674 -0.253069431 0.145284906 -0.0227045901 -0.0674717724 -0.0276006889 -0.125170544 -0.0608693957 -0.0200349335 0.0563109331 -0.000982105499 -0.0649485663 -0.028412709 0.00107394159 0.123638168 0.0832804516 -0.105575107 -0.0729661658 0.0983395278 -0.0843535587 -0.0283187013 0.00404463336 -0.0496075787 0.0254314709 0.0228499584 -0.00288856425 0.0719974637 -0.0575784482 0.0973554403 -0.0390035696 0.0166447461 0.069180198 0.0909931362 0.0837784111 0.00971005019 -0.0302025117 -0.00319182314 0.016091641 0.0949003175
G1358 0.00127537933 0.0363571607 -0.0434946343 -0.0183929689 -0.0298275091 -0.0210280474 -0.0139983473 0.113585144 -0.0379776023 0.047894448 -0.0222668666 0.113726012 -0.178289756 0.0908157155 -0.0691440329 -0.0276456717 0.0514907837 0.00477401307 0.0465731546 0.0705959871 0.0311747007 0.122863099 0.176357865 0.00495897559 -0.0068646674 -0.0763795152 -0.255975097 0.130283833 -0.0447850823 -0.0726139247 0.0267283749 -0.141819909 -0.0197713226 -0.0604897849 0.127325177 -0.0468705967 -0.0533859469 -0.0655865595 -0.0668319315 0.0968158767 0.137626573 0.00903768372 -0.0578906052 0.115748517 -0.0779134408 -0.0292163268 0.0331227332 -0.0197415575 -0.0318149403 -0.0112079279 -0.00177863298 0.00908477698 -0.00601674337 0.126212567 -0.0124219405 0.0318606831 -0.0215325803 0.163483903 0.0492953733 0.0660782009 -0.00427832548 -0.0150641277 0.066836372 0.0466595069
G1359 -0.00141205196 0.042388279 -0.0488536172 -0.0207830518 -0.0280557647 -0.0122113544 -0.0125890514 0.122313231 -0.0319291353 0.0537809916 -0.0203073267 0.122579142 -0.191453397 0.100691624 -0.0694541186 -0.0106019462 0.0570009463 0.01561563 0.0517367497 0.0797504932 0.0272110384 0.115809366 0.205878913 0.0120748933 0.00313671608 -0.0940184593 -0.243358076 0.123482212 -0.0382519513 -0.0696060658 0.0275588464 -0.146682978 -0.0193705484 -0.0607808717 0.127156958 -0.0466533378 -0.0547916517 -0.0559684634 -0.0703342631 0.093287684 0.155893058 0.0268109571 -0.0535176843 0.132899657 -0.0790193155 -0.0283272602 0.0327136777 -0.0204542913 -0.041727446 -0.0230836831 0.00408597616 0.00434962939 0.00898663234 0.133674607 0.00545862317 0.0249342304 -0.0282459836 0.172036707 0.0512035899 0.0746065453 0.000840894005 -0.0246108845 0.0763626546 0.0491736792
G1362 -0.0225207787 0.0407336876 -0.0512330197 -0.0318072028 -0.0134886252 -0.00262653525 0.0708312392 0.0238836352 -0.102709681 0.164455384 -0.00275737396 0.0283947736 0.0199363399 0.144563422 -0.0910882056 -0.12104623 -0.0118132336 0.0246844795 0.0167985894 -0.0365583524 0.0524808802 0.163921133 -0.0125838798 -0.141446188 -0.00940321013 -0.116732694 -0.269257843 0.15989989 0.0360761881 -0.0895958766 0.025074983 -0.101927467 -0.0582852215 -0.0569035113 0.135885119 -0.069104515 0.0411344767 -0.0620466284 0.0477559157 0.129374549 0.00955125969 -0.10857936 0.03298565 0.0314510465 -0.0919610113 -0.00720614707 0.0308583379 -0.112936288 -0.0098691592 0.190799907 -0.0333780274 -0.0218775868 -0.0117662959 0.0537444167 -0.112039082 -0.0970407426 -0.0361481532 -0.0279303771 -0.0178567134 -0.0231607743 -0.177267909 0.0291089173 0.0067169019 0.152127609
G1363 -0.0146948388 0.00898308028 -0.0756490454 -0.0155844102 -0.00707983226 -0.00983093027 -0.0405002832 0.105665103 -0.0212572236 0.058344692 -0.0185465533 0.134031922 -0.143102035 0.0718423054 -0.0828358158 -0.0292879902 0.052602753 0.0174832288 0.0348357521 0.0300051533 0.0159862768 0.0964370668 0.09476237 0.00506266439 0.0155431069 -0.0499721542 -0.193999201 0.0876618177 -0.011800169 0.00572176976 0.0299231857 -0.05589623 -0.0529755428 -0.0806845799 0.0896865055 0.0148121994 -0.00731919054 -0.0835786611 -0.038539812 0.0731661841 0.0694564506 -0.0132009629 -0.0386062004 0.160249844 -0.0490104742 -0.000869504991 -0.0239392426 -0.0526902229 -0.0112293735 0.00394823169 0.000556567626 0.0154509414 0.0346921012 0.0829094276 -0.0138274189 0.0168569013 -0.0100318436 0.138642758 0.0796926469 0.0314054824 0.0250987951 -0.0434350111 0.0370995216 0.0956008583
G1366 -0.0159483384 0.0118332179 -0.0792170241 -0.0177957043 -0.00794719812 -0.0087238811 -0.0423133895 0.111949258 -0.0170803163 0.0590101816 -0.0182077382 0.134979606 -0.14767088 0.0710362494 -0.0816350132 -0.0260017999 0.0532706231 0.0223871171 0.033835277 0.0337599814 0.0154286101 0.0919203088 0.0968328118 0.0103843063 0.0162295364 -0.0494678356 -0.192438498 0.0869628638 -0.0111268247 0.0070915604 0.0289482493 -0.0586484 -0.0528470837 -0.0862746239 0.0863405466 0.0155180506 -0.00904898439 -0.0874337256 -0.0392284133 0.0740300119 0.0712473243 -0.0103743626 -0.039798867 0.1685884 -0.0502104834 0.00115366827 -0.0243073441 -0.0536429882 -0.0113503579 0.00151310326 -0.0041516358 0.016388461 0.0329755917 0.0840853378 -0.0130161857 0.0174266584 -0.00908223074 0.138389066 0.0807457641 0.0347868279 0.0256389827 -0.0488422737 0.0387427509 0.100366652
G1369 0.0415439606 0.107224926 -0.0532079563 -0.0912089273 0.0230739918 0.0174917784 0.104469135 -0.0636609942 0.00854462758 -0.0147523424 -0.0963949859 0.0978274196 -0.0274143517 0.0854317844 -0.119317614 -0.036986243 0.0151833063 0.00425452553 0.0106351553 0.0191717073 0.00403837021 0.0768573508 -0.0476362705 -0.108096197 0.000328576338 -0.0879464373 -0.218876287 0.108972706 0.0923886001 -0.0612239726 -0.0740723014 -0.0735490993 -0.0403096899 -0.0249664485 0.0622234754 -0.034927804 -0.0543076284 -0.0352477841 0.115539774 0.155164301 0.0857511908 -0.102955021 0.0528851263 0.0623542517 -0.0811032653 0.0309248827 -0.0189188886 -0.0763351321 0.0648078918 0.106838122 0.0552609861 0.0428184755 -0.0214142986 0.0462446064 -0.117153607 -0.0662746578 0.0494083688 -0.073262319 0.0291277915 0.0398392379 -0.0754254088 0.036179781 0.0259758439 0.101806268
G1370 0.0416435786 0.0762243122 -0.0353792571 -0.025554968 -0.00246108463 0.0349433534 0.0184775125 0.0194792878 0.0306778084 -0.0679219067 -0.0568469353 0.0816447213 -0.0854998529 0.0881574154 -0.0869494006 -0.0461527966 0.05840756 -0.0113025028 0.0292978548 0.0418732762 -0.0073045739 0.147107705 -0.0213114303 -0.067141518 0.00968856551 -0.0270672534 -0.25262332 0.139766708 -0.0142217595 -0.0682629123 -0.0160116069 -0.116469279 -0.0540231057 -0.0272900593 0.053622622 0.012981859 -0.0550193973 -0.0291349348 0.0160043407 0.119586892 0.0819470063 -0.106069416 -0.0580403283 0.104343012 -0.0768150017 -0.0260326546 -0.00454252958 -0.0552484915 0.0286411345 0.0280830339 -0.000336227211 0.0751257539 -0.0525613911 0.0954764411 -0.0458534658 0.00360615598 0.0688203126 0.0858267844 0.0858225524 0.0137098962 -0.0291900523 -0.0124963252 0.00697619561 0.0889826789
G1371 -0.00549678458 -0.00500042411 -0.0688909963 -0.0581500344 -0.00755166356 -0.0281023663 -0.0268332493 0.0856377035 0.011601341 0.144777447 0.0569213629 0.12303824 -0.160095885 0.0409629457 -0.0565485097 0.0121737001 0.0813873708 0.0758860633 -0.016757343 -0.166817531 -0.0294548329 0.0535873175 0.106923535 -0.0528642163 0.0109713189 -0.0412623696 -0.19895108 0.10587386 -0.0326866359 -0.0213362761 0.0369276628 -0.142470703 0.0155698182 -0.0913862288 0.133878291 -0.00932111777 0.0884210691 -0.149623066 -0.0380261093 0.157951534 0.0594282039 -0.0569432303 -0.0287943725 0.145590767 0.00921253767 0.0196784139 0.0177381374 -0.0369482823 -0.0221972242 0.0155471256 -0.0197196156 0.00203376589 0.0660331473 0.117245868 0.0289038438 -0.0237973891 0.0508550815 0.124826342 -0.0316819027 0.038745854 0.0535208955 -0.0833351761 0.102471069 0.0969708189
G1374 -0.0145268477 0.0401805975 -0.0509283431 -0.0327472053 -0.0156853907 -0.00806239527 0.0716715902 0.0157126244 -0.102808379 0.169724375 -0.00141473126 0.0251553413 0.0176539253 0.140137836 -0.0875652432 -0.120713226 -0.0114425607 0.0282689817 0.0142466193 -0.0442225114 0.0534776263 0.158960983 -0.0168256052 -0.13936232 -0.0117009832 -0.115836389 -0.274693131 0.160937428 0.0369626582 -0.0921498165 0.0212933961 -0.102179959 -0.0571559221 -0.058167465 0.13485603 -0.0713722929 0.0431379862 -0.0699850246 0.046668794 0.139228836 0.0127320504 -0.111228317 0.0326296017 0.0324296579 -0.0913100243 -0.00697703985 0.0320672952 -0.106196381 -0.00637618871 0.189325586 -0.0342562236 -0.0194764379 -0.00881948415 0.0542958267 -0.112450466 -0.0953182578 -0.0316804387 -0.0334137194 -0.020223815 -0.0195443444 -0.173592046 0.0290437825 0.00832911767 0.146149531
G1375 0.0105557051 0.0794016495 -0.0486034416 -0.0411042571 -0.00996013544 0.0163855571 0.0953420326 0.0133260433 -0.0891200826 0.160936356 -0.00277060061 0.0362041704 -0.0266170707 0.146139383 -0.0648171157 -0.0832626745 -0.00835236162 0.044250045 0.0285611078 -0.0198343638 0.0513705164 0.155428469 0.0538691431 -0.110287815 -0.00933680963 -0.173672542 -0.285436302 0.16006273 0.0443707667 -0.138928711 0.0200964231 -0.143298969 -0.0361904651 -0.0500018373 0.146482557 -0.10122034 0.00493780151 -0.0354310982 0.0505126901 0.145644426 0.0933066756 -0.0999112874 0.0433059596 0.0478705168 -0.0891307369 -0.00730355922 0.0444568247 -0.0817836374 -0.0121313818 0.15819858 -0.0194842331 -0.0229650494 0.0167489089 0.0909787938 -0.0625670478 -0.120459437 -0.0478227921 -0.0382200815 -0.0313779823 0.0199302156 -0.195931777 0.0287474617 0.0376789272 0.101541899
G1378 0.00357713085 0.0662605092 -0.0536857657 -0.0374392085 -0.0113158207 0.00986793265 0.0864039585 0.0243904442 -0.0949354917 0.17148675 -0.00125082477 0.0375571735 -0.0238766875 0.144134641 -0.0678646863 -0.0856227875 -0.0107845152 0.0451750681 0.0237656627 -0.0218696892 0.0546031632 0.151761636 0.0527434163 -0.110985257 -0.0139511768 -0.16788736 -0.279781967 0.156600147 0.0439389013 -0.127453476 0.021735115 -0.132410631 -0.0394599698 -0.0586493276 0.142407775 -0.0932551473 0.0137493741 -0.0426467396 0.0440139025 0.137699202 0.0765553117 -0.0924644992 0.0426726379 0.0518508218 -0.0869979486 -0.00524109276 0.0376606584 -0.0859231427 -0.0143213738 0.15865548 -0.0193949938 -0.0243834667 0.0156562012 0.083857961 -0.0658414364 -0.115467347 -0.0523794107 -0.0327878296 -0.0302618016 0.0184445363 -0.184698775 0.0287823044 0.0345805474 0.109930888
G1381 0.0232299864 0.0453664362 -0.0945248455 -0.0900992379 0.0104984641 0.000746832811 0.0653063431 -0.000506205601 -0.00752727268 0.0372068435 -0.0912953839 0.135686174 -0.0854999125 0.0665962026 -0.1151032 -0.00564222131 0.0120430617 0.00516722724 -0.00564769469 0.0374991074 0.0155120874 0.034845639 0.00961629115 -0.0358404145 -0.0171188898 -0.103000559 -0.182536185 0.0536020286 0.115260147 0.00216463115 -0.060855668 -0.00360295619 -0.0494329892 -0.0993182287 0.0526573658 -0.0115804384 -0.0394750983 -0.0502210781 0.0836332738 0.100462712 0.0482755713 -0.0544138849 0.0480520464 0.126612887 -0.0593715236 0.0696428642 -0.0621591061 -0.0747519433 0.0528006889 0.0742241219 0.0650464073 0.0111251632 0.0191728957 0.0310029555 -0.0917465687 -0.0529626831 -0.00313026691 -0.0491830073 0.0350888856 0.0672124326 -0.0239210296 0.0257081855 0.054850895 0.110094205
G1382 0.0206595976 0.0534680411 -0.0863612816 -0.0843107924 0.0102449125 0.00406175712 0.07251174 -0.0093692299 -0.0023329074 0.0258054994 -0.0947316885 0.133933127 -0.0721291602 0.0691662729 -0.121303685 -0.00244182465 0.0080319019 0.00346985878 -0.00650561461 0.0371150821 0.0154513316 0.0457526185 0.0116498079 -0.0452156141 -0.017056657 -0.102787361 -0.189067766 0.0571278669 0.112658918 -0.00599655788 -0.0669553131 -0.00789841544 -0.0469310433 -0.0825959221 0.0576247014 -0.0108595695 -0.0474684276 -0.0387639739 0.0850307345 0.104044661 0.0572745427 -0.0559131131 0.0485259108 0.114317156 -0.0650587156 0.0584380701 -0.0592393838 -0.0742238462 0.0530139804 0.0751003027 0.0742562488 0.0216843057 0.0179965775 0.0303479247 -0.0903883576 -0.0595659278 0.00312078162 -0.0391714163 0.0395072177 0.0671329722 -0.0235266611 0.0295192413 0.0553359129 0.107356377
G1383 -0.00966062117 -0.025992725 -0.0516236015 -0.048794888 -0.0342722386 0.0308854822 -0.0371658877 0.0753857344 0.0357631519 0.159774885 0.0792268738 0.102101251 -0.170161471 0.0111701535 -0.0705274045 0.029157361 0.114424244 0.0815615728 -0.0435876176 -0.192089051 -0.0202530716 0.0571820475 0.115147002 -0.0570660122 -0.013880901 -0.0647277609 -0.199903682 0.064450331 -0.033515431 -0.0272297654 0.0378266834 -0.143755198 0.0480957776 -0.0846219659 0.122290201 0.00398760196 0.111373484 -0.148660704 -0.051602751 0.173103303 0.0474070497 -0.098408252 -0.0381653048 0.116775349 0.0597534627 0.0194791295 0.0220106021 -0.0354675427 -0.0354710259 0.014522207 -0.017867038 0.0119503979 0.083753027 0.109626517 0.0361629985 -0.0402886271 0.0651009604 0.128159121 -0.0613449663 0.0390295982 0.0511409715 -0.104839884 0.158271149 0.107922316
G1386 -0.0091088349 -0.00717392098 -0.0683851391 -0.0599216111 -0.00923822075 -0.0224870667 -0.0281252656 0.0862364173 0.0124388617 0.143914416 0.0585003048 0.124983251 -0.163774446 0.0430720039 -0.0571509041 0.0129789058 0.0818565637 0.0748598799 -0.0160644967 -0.164605767 -0.0281111859 0.057834398 0.108626932 -0.0474186838 0.00894345809 -0.0427711755 -0.199226096 0.102850951 -0.0288763922 -0.0212786999 0.0356209464 -0.141754314 0.0182944424 -0.0951945037 0.133483127 -0.00580654945 0.0897812471 -0.146750167 -0.0374931209 0.157472059 0.060331095 -0.0594849251 -0.0284682717 0.147183254 0.0090982765 0.0220384784 0.0176451299 -0.0353087001 -0.0231019501 0.0140935117 -0.0193318557 0.00182253448 0.0668795854 0.114439584 0.0270270482 -0.0251265429 0.0481696576 0.126531675 -0.0333213359 0.0398356952 0.0534321219 -0.0852833986 0.107519381 0.0985114649
G1389 9.02885658e-05 0.0892151743 -0.02990162 -0.041186247 -0.00491596619 0.0326265246 0.103538118 -0.0100924959 -0.07884036 0.140950769 0.00325683597 0.0244064294 0.00117223011 0.166235849 -0.0746833384 -0.102823615 0.00562697835 0.0311692841 0.0338035263 -0.0396863148 0.0404212326 0.181794494 0.0122400792 -0.143322155 0.00759779336 -0.150738016 -0.284085661 0.174411103 0.0476652607 -0.140353784 0.0197129007 -0.158896893 -0.0414574482 -0.025895698 0.154121444 -0.104398429 0.017376259 -0.0269705914 0.0639068335 0.161127791 0.081935212 -0.132033706 0.0349763371 0.0263023861 -0.0965062752 -0.0123929763 0.0603022948 -0.09151458 -0.0150952954 0.187931463 -0.0318648443 -0.025421083 0.00245718216 0.0789683089 -0.0815418586 -0.125535831 -0.0262491237 -0.0418036655 -0.0344036743 -0.0120004695 -0.220639214 0.026654955 0.0212181248 0.126723781
G1392 -0.00876134355 0.0661582723 -0.0412494652 -0.035903696 -0.0079340199 0.021827912 0.0899205059 0.00793693215 -0.0887169763 0.158645347 0.00302407308 0.0271181576 0.00136252155 0.160581738 -0.0787229538 -0.104491785 -0.000786949124 0.0329089202 0.024246186 -0.0400098413 0.0476919934 0.172464535 0.0126741026 -0.140807629 -0.00279903435 -0.140962869 -0.274127841 0.166315436 0.0466604345 -0.119053997 0.0211027768 -0.137861505 -0.0487535074 -0.0424670205 0.144957021 -0.090591073 0.0299010724 -0.0380935594 0.0540735871 0.146686941 0.0556678921 -0.119278073 0.0356751159 0.036167264 -0.0907396749 -0.00772248674 0.0483814925 -0.0965989605 -0.0166920424 0.18675071 -0.0311068129 -0.0251693428 0.0019724865 0.0687454939 -0.0869354606 -0.11742691 -0.033766713 -0.0348109156 -0.0307003185 -0.0121336766 -0.19896099 0.0270784087 0.0177470185 0.137815446
G1395 0.143973544 -0.0795530006 -0.150668189 0.11827641 0.0977327079 0.122686774 0.227849722 0.0682468861 -0.21421276 0.358757108 -0.0560378209 -0.100982949 -0.0721312687 0.0150203006 -0.0340362079 -0.0727796182 0.163408205 0.0806939453 0.0555362366 0.059035372 0.234772325 0.13377893 0.182034925 0.00172976556 0.0753525645 -0.155385748 -0.260713547 0.243883923 0.0522412397 -0.023747569 0.058851894 -0.154843479 -0.050057184 -0.156994611 0.110554002 -0.0373949558 0.224691883 0.0128388656 0.113830499 0.148879215 0.0191926323 0.0104189059 -0.049610287 0.0612833165 -0.0434437059 0.168710306 0.112840585 -0.0583975613 -0.0281589236 0.0706204027 -0.0413359068 -0.0269293841 0.105556376 0.119503103 0.0180032644 -0.0701064765 -0.21028702 -0.0593113266 -0.0387271531 0.0980732292 -0.131923601 0.0457343198 -0.0109191779 0.295968473
G1410 0.128358573 -0.101673938 -0.154524907 0.102130823 0.0915545002 0.114512324 0.209206656 0.0715205744 -0.186140656 0.323542535 -0.0697000101 -0.0830067098 -0.0692241043 -0.0291302539 -0.0433257073 -0.0820817277 0.125673771 0.0341864228 0.0546203889 0.0495024063 0.21683833 0.140705749 0.154242396 0.0218577627 0.0490661673 -0.157148093 -0.27657485 0.218635276 0.0295565836 -0.0262914579 0.0615120158 -0.102668725 -0.0297780186 -0.17039445 0.106661402 -0.0234267879 0.178550348 -0.00715190731 0.124057531 0.136613473 -0.0127019584 -0.0238046255 -0.0642295405 0.0302939154 -0.0407778583 0.159603924 0.0944628492 -0.0555333607 -0.0157066174 0.0723854825 -0.0344199501 -0.0132151954 0.0627001449 0.118498251 -0.00153471308 -0.0368538126 -0.205277041 -0.0544050746 -0.0219525099 0.0916868001 -0.123492949 0.0502494015 0.00841208734 0.259896755
G1420 0.140229091 -0.0893523917 -0.152089983 0.115253739 0.0968316793 0.122953892 0.223022655 0.0694636106 -0.211115092 0.352460504 -0.0592505485 -0.0953032896 -0.0768697038 0.0066745095 -0.0349911563 -0.0768105462 0.156336546 0.0672194585 0.0559225529 0.0588381179 0.233737782 0.133054867 0.18039991 0.00987538323 0.0675399452 -0.159793198 -0.259741724 0.235973075 0.0484802723 -0.0211204719 0.0616600662 -0.13849315 -0.0482899435 -0.161287293 0.108929038 -0.0353072956 0.214570761 0.0120466389 0.115887128 0.141386777 0.0124227144 0.00511039048 -0.0495531373 0.0549721308 -0.0397756882 0.169034854 0.106422782 -0.055978734 -0.0270448662 0.0699158907 -0.0383215286 -0.0254675094 0.0987721384 0.120052285 0.0157540683 -0.0618724227 -0.212856501 -0.0604817607 -0.0358852334 0.098314181 -0.128717721 0.048737403 -0.00528209005 0.282912493
G1434 0.11282783 -0.118674494 -0.158342555 0.0851094648 0.0853230357 0.104670092 0.192835689 0.0747687891 -0.156177536 0.287663817 -0.0830755606 -0.0660942048 -0.0620864592 -0.0732508525 -0.0541197844 -0.0897575766 0.0872319713 -0.00822948944 0.052686587 0.0387333371 0.196291596 0.148751006 0.124724336 0.0391912386 0.0243592076 -0.155812874 -0.294449747 0.195443913 0.0064320094 -0.030903805 0.0630991682 -0.0546646267 -0.00834495854 -0.182549804 0.103882268 -0.00835360866 0.132900089 -0.0291246045 0.134496167 0.127123386 -0.044523716 -0.0589278042 -0.0806943253 -0.000764047552 -0.0401891619 0.148923948 0.0777178034 -0.0543218739 -0.00214226032 0.0740675703 -0.029271502 0.000874047808 0.0184183419 0.116079234 -0.0215503927 -0.00447189249 -0.198108092 -0.0477946736 -0.00583460787 0.0839521587 -0.116267778 0.0526433736 0.0248866975 0.228066146
G1439 0.000788635283 0.0255682543 -0.0587536283 -0.0114627676 0.00836825743 -0.00383763807 0.0216778852 0.0186650138 -0.0481124334 0.101732396 -0.0870385766 0.108531743 -0.10088779 0.0579052828 -0.182945818 -0.00635710126 0.0571214259 -0.0106016602 0.0611063726 0.106504261 0.10130623 0.0602744892 0.105082564 -0.0247011706 0.0343596227 -0.122280106 -0.177500129 0.0522156507 0.0600543469 0.0183991864 -0.0752123371 0.000367519504 -0.0562321246 -0.0181473363 0.0996057168 -0.0632181242 -0.0849398449 -0.0732252374 -0.00660360698 0.0783335119 0.119976543 -0.0127280047 0.00684260763 0.0670176372 -0.115035072 0.0332524441 -0.0208485518 -0.0744382218 0.00969971158 0.0522386581 0.0545262322 -3.30022012e-05 0.06442561 0.0188768394 -0.106923304 0.0165158752 -0.047262121 0.0243388582 0.0691184327 0.0366282724 -0.0364025608 0.0387029685 0.0921847448 0.130621985
G1442 0.00064976851 0.0258469246 -0.0581095181 -0.0111420592 0.00810963195 -0.00291498937 0.0222148895 0.0184097886 -0.0481568091 0.10103973 -0.0871145725 0.108099595 -0.100609034 0.0586250871 -0.182768583 -0.00718823774 0.0575555488 -0.0109615149 0.060806185 0.106763437 0.101577967 0.0612819679 0.104589626 -0.0253625661 0.0339185297 -0.121869221 -0.177796483 0.0528697744 0.0604884773 0.0176981259 -0.0752612427 -0.000634780154 -0.0563184768 -0.0177964214 0.0996588841 -0.06400951 -0.0849088132 -0.0724467188 -0.00632307259 0.0785087124 0.120043613 -0.0136026461 0.00722361263 0.0663602427 -0.115054742 0.0332535394 -0.0201557633 -0.074312292 0.00990222022 0.0529476553 0.0542657711 0.000266233488 0.063448675 0.0184668973 -0.107348531 0.0158191491 -0.0472230315 0.0239974558 0.0687694252 0.0363666862 -0.0375419967 0.0394840054 0.0920083001 0.130897209
G1445 -0.00305792876 0.00866402779 -0.0489272699 0.0115012135 0.00194524857 0.0033460909 0.016780369 0.030865429 -0.057232134 0.108055159 -0.0813761279 0.0886201262 -0.124837227 0.0707497299 -0.198122814 0.0136805652 0.0788190886 -0.0208326448 0.0586643293 0.117718339 0.106382161 0.0714418739 0.144935578 -0.00683120405 0.0377828181 -0.116345696 -0.178866848 0.0586438999 0.0550232753 0.023105517 -0.105109885 -0.0114265196 -0.0656503513 -0.0254413765 0.104950599 -0.0814969242 -0.0958921835 -0.0632017627 -0.0353903994 0.0806598961 0.12267758 -0.0134094004 -0.0184142981 0.0699352399 -0.13222754 0.0408110283 -0.00199939776 -0.0591445751 0.00247448753 0.0370371267 0.0475562997 -0.00790084526 0.0605065003 0.0123364804 -0.10093344 0.0390413627 -0.0612420402 0.0433713347 0.0611531697 0.028127009 -0.036146123 0.0490471683 0.13088125 0.150358036
G1448 -0.00248571881 0.00881464221 -0.0475381464 0.0114043048 0.00157860271 0.00175084523 0.0164460037 0.0294127986 -0.0586967245 0.107770614 -0.0816106871 0.0885246769 -0.122754075 0.0700258091 -0.198876038 0.0121660382 0.0803012773 -0.0210795142 0.0596814491 0.116656929 0.106686324 0.0715370029 0.142364591 -0.00748718204 0.0402120501 -0.11490725 -0.180135578 0.059542235 0.053970322 0.0231558774 -0.10568016 -0.0122527163 -0.0651453361 -0.0235404838 0.106151372 -0.0815162063 -0.0945939049 -0.0651676506 -0.0355922431 0.0819175765 0.121850185 -0.0137967784 -0.0190851931 0.0673758015 -0.133658141 0.0401576795 -0.00230937079 -0.0597898364 0.0036928379 0.0371882096 0.0475297421 -0.00831241161 0.0601752438 0.0119836731 -0.102669157 0.0400303043 -0.0600074157 0.0424657799 0.0615006015 0.0270033181 -0.036601685 0.0504139401 0.129417136 0.151182175
G1451 -0.00367822731 0.023149699 -0.0589148961 -0.0132882167 0.00736592943 0.00280409539 0.0204354543 0.0204840805 -0.0449329838 0.101916753 -0.0849083066 0.110012434 -0.106203966 0.0615538098 -0.181264997 -0.00434791669 0.0558375716 -0.0118095102 0.0601736642 0.106298812 0.101380512 0.0637923777 0.109148979 -0.0222955216 0.0307154562 -0.124811709 -0.176147178 0.0493076481 0.065131098 0.0178071968 -0.0762285069 0.000351997296 -0.0544490293 -0.0213395227 0.0988463014 -0.0620563179 -0.0851255804 -0.0698657483 -0.0068337433 0.077886194 0.120373517 -0.0158550236 0.00618298678 0.0702791438 -0.113298163 0.0345583931 -0.0198542345 -0.0720294863 0.00657900469 0.0516820736 0.053976357 -0.000884913199 0.0647756755 0.0162670463 -0.10449928 0.0139543787 -0.0490204729 0.027169399 0.0670787171 0.0376227126 -0.0365780704 0.0369722955 0.0966482088 0.130587965
G1454 -0.00311490381 0.0233243443 -0.0575493835 -0.0134405466 0.00701082963 0.00126893562 0.0201225039 0.0190719888 -0.0463364273 0.101562448 -0.0851552114 0.109969899 -0.104175583 0.0608710498 -0.182025969 -0.00579128554 0.057279408 -0.0120734014 0.0611638241 0.105276436 0.101672202 0.0638812631 0.106624119 -0.0229184013 0.0330921859 -0.123469591 -0.177397624 0.0501805842 0.0640974417 0.017831929 -0.0768069848 -0.000478609669 -0.0539404191 -0.0194323566 0.100023285 -0.0620965138 -0.0839123055 -0.0717608482 -0.00700465031 0.0791209564 0.119581804 -0.0162353683 0.00555159152 0.067714259 -0.11470218 0.0339188986 -0.0201680958 -0.0726689249 0.00781478733 0.0517918468 0.0539714918 -0.00128290849 0.0644308031 0.0159370527 -0.106127359 0.0149178188 -0.0478015281 0.0263065472 0.0674238652 0.0365292691 -0.0370194167 0.0383493677 0.0952136666 0.131394476
G1457 0.0131018749 0.00980580412 -0.0576176606 -0.107968375 -0.0211442783 0.0843502879 0.00820860267 0.00274812407 0.0711379424 0.000902111002 0.0250626709 0.0945258662 -0.125385135 0.0484190509 -0.02051243 -0.0148978019 0.0588042624 0.0147247706 -0.0623764992 -0.15279305 -0.0767747462 0.0713541061 -0.0370045379 -0.105440482 -0.0462179407 -0.0616143979 -0.189924315 0.0626167208 0.0367632136 -0.0355693139 0.0448721386 -0.0900305063 0.0150500322 -0.0725251213 0.0287173111 0.0322486572 0.0609764829 -0.0701660141 0.0385330468 0.166698813 -0.0118662538 -0.159959376 -0.0188288558 0.11758887 0.0812212154 0.0112874908 -0.025474567 -0.0512306243 0.00479068561 0.0395734906 0.00704118703 0.0454334803 0.00453961687 0.0870601535 0.0395128243 -0.0685041696 0.102168091 0.0301629193 -0.0189233012 0.0322109386 0.0192221887 -0.0709232762 0.0820907578 0.053328827
G1458 0.01350726 0.0127246734 -0.0810377002 -0.117463022 -0.0276123695 0.0418787226 0.0398325846 -0.00663585309 0.0334213488 0.0823142976 -0.0407935791 0.132552922 -0.11114724 0.010890943 -0.0946405753 0.0374230109 0.0618089065 0.0432137027 -0.0598226413 -0.0862719491 -0.00549572241 -0.0196419489 0.00792675 -0.0296528116 -0.037782982 -0.12002828 -0.173105419 -0.00174823788 0.12503396 0.013089315 -0.0666905716 -0.02285197 0.0204401314 -0.113281265 0.0288988575 0.00913663022 0.0439693369 -0.1161834 0.0693719611 0.158296391 0.0120146237 -0.0804925337 0.0434843563 0.116444811 0.0202930309 0.0729783177 -0.073228173 -0.0540455431 0.0554778762 0.0517044552 0.0679279715 0.00990390778 0.0688090026 0.0302579291 -0.0566768162 -0.0822399035 0.0577340685 -0.0714652091 -0.027338149 0.091709286 0.0189808458 -0.0286440924 0.1560276 0.110935181
G1459 0.0119066313 0.0163563173 -0.0554639995 -0.110772409 -0.0182843469 0.0898831785 0.0129099088 -0.00412243884 0.076620765 -0.00634243386 0.0249316394 0.0939818993 -0.123330906 0.0519618876 -0.0234096926 -0.0155337304 0.061486084 0.0107574696 -0.0594064072 -0.154539704 -0.0822368637 0.0745918527 -0.0419126935 -0.110180594 -0.0403297357 -0.0631797165 -0.187582418 0.0644960329 0.0361314192 -0.0381449237 0.0453910269 -0.0917233229 0.0145111382 -0.0668223351 0.0287870616 0.0308242235 0.0580516197 -0.0650311038 0.0442122035 0.169160753 -0.00696962979 -0.167129382 -0.0186035652 0.11409042 0.0800858513 0.0101423431 -0.0226740073 -0.0531449094 0.00500911241 0.0420688242 0.0050701038 0.0458724573 0.00386951398 0.0884366408 0.0397806093 -0.0699661002 0.106396131 0.0262296535 -0.0183545835 0.0266914349 0.013193774 -0.0751714259 0.0814819112 0.0557528101
G1460 0.0139337061 0.0114942156 -0.0830145627 -0.118246019 -0.0276435968 0.0391011313 0.0378384516 -0.00439805305 0.0330935568 0.084951207 -0.0407123938 0.134602338 -0.113249429 0.00860479008 -0.0943441242 0.0403484441 0.0602837875 0.0449880473 -0.0588962287 -0.086204499 -0.0055016093 -0.0230745766 0.0121578872 -0.0256472696 -0.0373002589 -0.121955112 -0.172757611 -0.00405830285 0.123974331 0.0147772273 -0.0668326318 -0.0209251195 0.0214417689 -0.11498563 0.0292900633 0.0107634477 0.043305628 -0.118387185 0.0674250051 0.157253742 0.0127769616 -0.0764677227 0.0424924679 0.118874133 0.0203914642 0.0731170177 -0.0753649399 -0.0534886792 0.0548537001 0.0485813282 0.0693151727 0.00903127529 0.0719695389 0.0316375494 -0.054522451 -0.0807315409 0.0568373092 -0.0692613497 -0.0264443234 0.0943022594 0.0225084797 -0.0299890712 0.157205015 0.109056957
G1461 0.00900012255 0.00560468342 -0.0541740246 -0.0990696624 -0.0242998265 0.104220323 0.00565434713 0.00493316539 0.0739478245 0.000511810533 0.0248711929 0.0907149687 -0.132122129 0.0465381332 -0.0327144004 -0.0170007125 0.0662411153 0.00947612524 -0.0557432659 -0.134490132 -0.0647588968 0.0840451196 -0.0285278969 -0.0961711705 -0.0477833338 -0.0710285753 -0.188915551 0.0544788577 0.0342607722 -0.0395976305 0.0406922996 -0.086817883 0.0152145969 -0.070735231 0.025999777 0.0360729508 0.0521931462 -0.0606128946 0.034700904 0.158813253 -0.00595292915 -0.171416357 -0.0229625292 0.112063669 0.0809711292 0.0116728758 -0.023151638 -0.0506474972 -0.000375731295 0.0397746079 0.00216855528 0.0495595373 0.00303583266 0.0819345191 0.034881711 -0.0648829713 0.0924519226 0.0363500677 -0.0145058353 0.0285625663 0.00841530599 -0.072737731 0.0914706662 0.0616771653
G1462 0.01953784 0.00371712632 -0.0762931854 -0.129073128 -0.0360747799 0.0337446257 0.0359490402 -0.0215635467 0.0424543805 0.0736457705 -0.0514797643 0.143372685 -0.11376939 0.0110071441 -0.0893161967 0.0366977006 0.0691510513 0.0353672318 -0.0611762814 -0.0914862528 -0.00652390998 -0.0349480286 -0.000955022871 -0.0320480727 -0.031167388 -0.120099328 -0.167185009 -0.00856315903 0.132631212 0.0305533707 -0.0678234324 -0.0110644884 0.0207578242 -0.100522488 0.0310309436 0.00742604304 0.0387538038 -0.122362331 0.0669341013 0.159807429 0.0110532874 -0.0710658431 0.0377672128 0.111941554 0.0200531837 0.0664759278 -0.0895616412 -0.0480687805 0.0566596016 0.0448949747 0.0792246237 0.0132319489 0.0747515187 0.0315263048 -0.0503644384 -0.0725254342 0.0711269826 -0.0732135624 -0.0164178237 0.0995584726 0.0323268808 -0.0135646528 0.147093296 0.0940568894
G1463 0.0272799172 0.0155820521 -0.0384852812 -0.101186402 -0.0370245986 0.0986147821 0.0174062829 -0.00732199196 0.0663031861 -0.00784376264 0.0193765592 0.0807267055 -0.129673943 0.0534907579 -0.0293205269 -0.0210237838 0.0726156235 0.00586067373 -0.0537020192 -0.127151266 -0.0578673929 0.0917213038 -0.0293091517 -0.0987870842 -0.0444557853 -0.0666563064 -0.218197599 0.0660535023 0.0292216018 -0.0598839968 0.0363039263 -0.112598181 0.0215529799 -0.0598751269 0.0409732424 0.0208032932 0.0512733161 -0.0552683808 0.0320980772 0.172399372 0.00128875161 -0.173329711 -0.038534876 0.0976499692 0.070471108 0.00180974009 -0.00936969463 -0.0427142754 -0.00069778692 0.0433258303 0.00082040939 0.0456710346 -0.00456379214 0.0919915736 0.029453516 -0.0657518283 0.102791883 0.0377763845 -0.0177397896 0.0327476449 -0.00485455524 -0.0549154133 0.0863108858 0.0563107729
G1464 0.0192361753 0.00283932406 -0.0801098049 -0.128098294 -0.0357228406 0.035761822 0.0364727527 -0.0178074893 0.0440913439 0.075715296 -0.0508901216 0.143204689 -0.119229697 0.0116449129 -0.086964272 0.0401049294 0.0652300045 0.0367792621 -0.0641888231 -0.0893572569 -0.00536544714 -0.0366915502 0.00548059354 -0.0295071341 -0.0368778557 -0.122479744 -0.166034177 -0.0102794301 0.135087475 0.0301823094 -0.067308858 -0.0093245646 0.0193480756 -0.105762184 0.028416425 0.0081276577 0.0360400081 -0.119427845 0.0667707473 0.156679183 0.0129835382 -0.0689028129 0.0388292074 0.118041925 0.0226352941 0.0682988092 -0.0890402719 -0.0460276864 0.0549570657 0.0438054018 0.0793410093 0.0148177529 0.0760578066 0.0333298035 -0.0472020544 -0.0738738477 0.0682923943 -0.0714917779 -0.0174767599 0.103418142 0.0347238816 -0.0165901184 0.150212273 0.0914977342
G1465 0.00962909963 0.00923234783 -0.0571516268 -0.112316124 -0.0209949501 0.0921010524 0.00914145913 0.00125848386 0.0735528842 -0.00340500171 0.0263392944 0.095347099 -0.129722685 0.0527828149 -0.0194916259 -0.0147861801 0.0581088737 0.0106410403 -0.061626289 -0.150920257 -0.0773936138 0.0751709193 -0.0375756063 -0.104034945 -0.0475923941 -0.0640428588 -0.187452406 0.0618616194 0.0404084027 -0.0366330966 0.0435868651 -0.0898352712 0.016581554 -0.0733924508 0.0266621877 0.0328773633 0.0590360686 -0.0646377951 0.0412228703 0.165341094 -0.0105515886 -0.165842578 -0.0181009937 0.118477739 0.081625253 0.013387111 -0.0243492983 -0.0500825606 0.00408999948 0.0389164388 0.0056200088 0.0459800437 0.00251800707 0.0851991698 0.0403492637 -0.0691268444 0.100346304 0.0279928539 -0.0212574732 0.0323839374 0.0168153644 -0.0722939968 0.0861602053 0.0526861846
G1466 0.00930084009 0.00973076746 -0.0810490623 -0.119917355 -0.0287681483 0.0445278138 0.0366354845 -0.0040615974 0.0337039493 0.083089076 -0.0390674248 0.135291025 -0.115774795 0.01326543 -0.0940728039 0.0394802839 0.061162971 0.041348245 -0.0578558519 -0.0848448873 -0.00426982436 -0.0175683592 0.012260424 -0.0251636542 -0.0377111062 -0.122384936 -0.172173083 -0.00443376508 0.127809092 0.0146307517 -0.0685237944 -0.0211055987 0.0229274686 -0.115552716 0.0298254844 0.0104638785 0.0438563824 -0.115698978 0.0672061518 0.15668869 0.0125649236 -0.0803602561 0.0414555743 0.118909284 0.0188881233 0.0740743354 -0.0736012161 -0.052386906 0.0533217713 0.0489400662 0.068306677 0.00781563856 0.0705103353 0.0279304236 -0.055573564 -0.0813561231 0.0553771853 -0.0678895339 -0.0273579452 0.0928225666 0.0203758888 -0.0292403214 0.160702407 0.110309765
G1467 0.0279069766 0.0189995654 -0.0417174622 -0.114466652 -0.0336419493 0.0862336755 0.0207230821 -0.011102899 0.0659176484 -0.011567181 0.0208044704 0.0854655951 -0.127311245 0.059407752 -0.0163292605 -0.0187081546 0.0643548593 0.00708602276 -0.0596149936 -0.143611729 -0.0704085752 0.0825319514 -0.0384404361 -0.106386617 -0.0442179665 -0.059541475 -0.216486812 0.0731635466 0.0353010297 -0.0564482436 0.0391710252 -0.114945166 0.0227789432 -0.062653698 0.0414754748 0.017826641 0.0581382662 -0.059586104 0.0386354104 0.178793773 -0.00348995137 -0.167601138 -0.0334460326 0.104322664 0.0713544786 0.00372046093 -0.0108590554 -0.0421661846 0.00391247822 0.0424074903 0.00432926184 0.0421610288 -0.0048199757 0.0951980948 0.0350201689 -0.0698674247 0.110606216 0.0292588882 -0.0242198072 0.0365517288 0.00397398183 -0.0545606464 0.0810074881 0.0473368242
G1468 0.00901677459 0.00882429443 -0.0848241225 -0.118928954 -0.0283322707 0.0465049185 0.0371183679 -0.00035112421 0.0353064388 0.0852466822 -0.0385229811 0.135111704 -0.121125914 0.0138793821 -0.0917717814 0.0428541042 0.0572586171 0.0427455306 -0.0608334579 -0.0827312097 -0.00310466555 -0.0192845743 0.0185187571 -0.0227145962 -0.0434961393 -0.12465708 -0.171118304 -0.00615111319 0.130245313 0.0142603787 -0.0680337101 -0.0193760116 0.0215148311 -0.120705768 0.0272292811 0.0112050511 0.0412074029 -0.11281769 0.067071639 0.153645664 0.0145073086 -0.0782208368 0.0424490459 0.124928519 0.0214602556 0.0758537725 -0.0730445236 -0.0503436998 0.0516606234 0.0479238965 0.0684381053 0.00940154679 0.0718643144 0.029737927 -0.0525386892 -0.082610473 0.0525785275 -0.0661268383 -0.028473869 0.0966004059 0.0227383878 -0.0322762206 0.163781434 0.107727081
G1469 0.0266196355 -0.0111288251 -0.00594769325 -0.00623163395 -0.061106313 0.16621089 -0.0399158634 0.00300772022 0.110485934 0.00906634703 -0.0157806035 0.0506631508 -0.146388546 0.00907308236 -0.107003555 -0.0260376167 0.118696086 -0.0135327792 -0.0188753139 -0.0183064993 0.0275970697 0.102282271 0.0223701261 -0.0954759642 -0.028872285 -0.123061739 -0.194788948 0.00802690163 0.00185444765 -0.0438271984 0.0431701653 -0.0721606314 -0.00266660121 0.0325942189 0.019016318 0.00143616856 -0.0534581318 -0.0536836609 -0.0449474342 0.13845849 0.0406242125 -0.186239123 -0.115226753 0.0454342328 0.0600578077 -0.0528351255 -0.0181624684 -0.0583170429 -0.0631540045 0.027025586 -0.0145114176 0.0685289651 -0.000660426274 0.0689347684 0.0422311574 0.001747136 0.0602474734 0.0923894644 0.0569445193 0.0166663248 -0.0405627564 -0.0362699777 0.0817307532 0.101831324
G1470 0.0253811218 -0.00465774303 -0.00381644024 -0.00900010113 -0.0584838614 0.171751931 -0.0351755172 -0.00376582611 0.116147183 0.00176338665 -0.0160291325 0.0500360206 -0.144238174 0.0125872819 -0.110055387 -0.026645571 0.121299759 -0.0175172631 -0.0159160905 -0.0199300703 0.022003917 0.105662964 0.0177001096 -0.100428402 -0.0228023902 -0.124841377 -0.192468658 0.01007964 0.00116744579 -0.0463499986 0.0437870026 -0.0740223899 -0.00334092812 0.0381273404 0.0191320665 2.54872011e-05 -0.057001017 -0.0484854877 -0.0389390662 0.140826151 0.0454325527 -0.19349432 -0.115067169 0.0418087281 0.0586896427 -0.0541284047 -0.0153351156 -0.0601873137 -0.0627662316 0.0294855069 -0.0164510086 0.0689837411 -0.00138679694 0.0703362003 0.042530898 0.000374438125 0.0642959252 0.0883549526 0.0573788993 0.0109767411 -0.0466457866 -0.0404530726 0.0810299292 0.104319289
G1471 0.017169062 0.00291226781 -0.0295531116 -0.0528050773 -0.0549717247 0.161379546 -0.0345117375 -0.00661564898 0.126917019 0.00708289444 -0.00886537414 0.0883138329 -0.128661454 -0.00243561296 -0.074156031 -0.0440124609 0.0860498399 0.00828483328 -0.0276515596 -0.0561081506 0.00407390343 0.0919573456 -0.0322663598 -0.10249202 -0.0456555337 -0.123687059 -0.189975619 0.000116631374 0.0273390319 -0.0463015884 0.0768368319 -0.0551639013 0.013161961 0.011466112 0.00927663967 0.0350782573 -0.0218751878 -0.0651460141 0.00438713608 0.145119593 0.0260195099 -0.191593647 -0.0696785599 0.066777125 0.0944691822 -0.0469860621 -0.0418844074 -0.0720568895 -0.0513376705 0.0439182185 -0.00422841962 0.0809861571 0.0107587306 0.0696572214 0.0359927863 -0.0407795087 0.0767466053 0.0630042404 0.0518288128 0.0278105251 -0.0313664041 -0.0621358864 0.0482244268 0.080013372
G1472 0.0359290503 0.0129521303 -0.0140075702 -0.0548329167 -0.0676877946 0.156012267 -0.0223659184 -0.018738322 0.119410083 -0.00123363279 -0.0140907681 0.0787119865 -0.126531348 0.00458631618 -0.070154354 -0.0480779186 0.0925213844 0.00472241128 -0.0254737604 -0.048929248 0.0104431538 0.0995160192 -0.033171244 -0.105643578 -0.0421496667 -0.119532079 -0.21940808 0.0116171353 0.0227235537 -0.0665445253 0.072405085 -0.0813900307 0.0195580535 0.0223815385 0.0242926162 0.0196933411 -0.0225187354 -0.0598077402 0.00198186794 0.159024641 0.0335452966 -0.193779528 -0.0861229897 0.051927764 0.0835569799 -0.057561744 -0.0277426708 -0.0642598644 -0.051908128 0.047294125 -0.00553597882 0.0770847723 0.00319285668 0.0796438828 0.0307039227 -0.0418130606 0.087310344 0.0646469593 0.0483168475 0.031810455 -0.0448239706 -0.0441968255 0.0429872163 0.0745569244
G1473 0.0229903907 -0.0114553431 -0.00578988623 -0.011408085 -0.0609889217 0.173422977 -0.0390936062 0.00117337483 0.113480642 0.00465902826 -0.0147000169 0.0520054735 -0.150078401 0.0128674824 -0.105358206 -0.0262643043 0.117173225 -0.0170282945 -0.0185177214 -0.0170812253 0.0263165552 0.105695404 0.0208184123 -0.094313316 -0.0305951387 -0.125478223 -0.192262381 0.00699302694 0.00586219411 -0.0446542464 0.0427214578 -0.0715552941 -0.00104407826 0.0317995287 0.0166639313 0.00252513005 -0.0551281869 -0.0484979078 -0.0411102064 0.13743335 0.0414455235 -0.192051277 -0.113961555 0.0465353131 0.0614682287 -0.0508359745 -0.0175668765 -0.0574234389 -0.0637491494 0.0266067311 -0.0157688912 0.0692835003 -0.00227631768 0.0671914294 0.0431578979 0.000346427318 0.0587905273 0.0897778273 0.0548740216 0.0168672539 -0.0427280478 -0.0378937833 0.0847015753 0.100711584
G1474 0.0417639203 -0.00164407317 0.00964708626 -0.0132824406 -0.0737468302 0.167918444 -0.0268902741 -0.0107148318 0.105768539 -0.00347925141 -0.0199413579 0.0425058901 -0.148122907 0.0195727125 -0.101010278 -0.0302746128 0.123592272 -0.0205511488 -0.0162417777 -0.0100650778 0.0325541198 0.112864062 0.0198061205 -0.0974243283 -0.0269016158 -0.121247008 -0.221134961 0.0181224868 0.00161871244 -0.0645373166 0.038318947 -0.0973230675 0.00530134747 0.0424711034 0.0317414664 -0.0128361434 -0.0555332899 -0.0434782766 -0.0435777009 0.151160881 0.0488795154 -0.194275171 -0.130640462 0.0319551043 0.0505367555 -0.0614024363 -0.00385434134 -0.0498154983 -0.064376466 0.0299899746 -0.0168875102 0.0653610379 -0.00952395052 0.0771460831 0.0375523306 -0.000794704596 0.0695554093 0.0913138092 0.0515740998 0.0204902105 -0.0559636317 -0.0202528667 0.0796706229 0.0953217447
G1475 -0.0175935123 0.0289605018 -0.0412605032 -0.0399467833 -0.0332874097 -0.00710645225 -0.0219925791 0.115706243 -0.0350476205 0.0462740399 -0.015420503 0.122871429 -0.191120371 0.111506559 -0.0562284105 -0.0285114627 0.0423538387 -0.00563010899 0.052780617 0.0699143559 0.0325935893 0.135702893 0.176392257 0.0100119915 -0.010616295 -0.0789879709 -0.253735721 0.125636578 -0.0262820497 -0.069519192 0.0251329057 -0.140329763 -0.0109049687 -0.0647716522 0.129170761 -0.0426244847 -0.0491201989 -0.0624041222 -0.0645519197 0.0926961377 0.13642548 0.000434288726 -0.0615141951 0.124939516 -0.08243756 -0.0264705271 0.0374229774 -0.0145580182 -0.0394899435 -0.012468989 -0.00641594129 0.00273925159 -0.00472877081 0.117837787 -0.0120986449 0.0289752763 -0.0277034324 0.166736767 0.0445444919 0.0672313347 -0.00652738474 -0.0171490405 0.0761496276 0.0388981141
G1476 -0.0183642395 0.0342557095 -0.0478714108 -0.0415898226 -0.0314518809 -0.000947745924 -0.0221181903 0.124447435 -0.029887978 0.0552383997 -0.0136005133 0.131777987 -0.203704566 0.119291611 -0.056197308 -0.0108350022 0.0469260998 0.00691383285 0.0584958643 0.0792441219 0.0290201381 0.12751101 0.205228701 0.0171030741 -0.00155098457 -0.0955132023 -0.241471767 0.118480101 -0.0206415895 -0.0654591024 0.0258780308 -0.143679947 -0.0104338164 -0.0653722882 0.128582224 -0.0426044464 -0.0491394103 -0.056371931 -0.0687388554 0.0896016285 0.155264527 0.0196915399 -0.05692425 0.143770739 -0.0833749548 -0.0255606025 0.0370980054 -0.0148894237 -0.0495183729 -0.0237892587 0.000420655706 -0.00210364559 0.012187764 0.125373781 0.00455994997 0.0235591251 -0.0347582027 0.174705952 0.047331851 0.0755243897 0.000613612006 -0.0267207567 0.0854564086 0.040183045
G1479 -0.0217937399 0.0303913746 -0.0355763026 -0.0360069908 -0.0387649201 -0.000232955819 -0.0226220861 0.122062676 -0.0355065316 0.0437422544 -0.0162948351 0.122126251 -0.198809728 0.116305031 -0.0607439168 -0.0258015171 0.0490521565 -0.00624030875 0.0556148924 0.0862983316 0.0388590433 0.146337092 0.192973182 0.0195230301 -0.0167095549 -0.0850376412 -0.260637611 0.125233352 -0.0275660381 -0.0766780451 0.0227505807 -0.148492709 -0.00751343276 -0.0701538175 0.129229158 -0.0385050811 -0.0520270392 -0.0548238531 -0.0696640462 0.0925021842 0.1488408 0.00663597975 -0.0643205419 0.123051502 -0.0903435647 -0.0297089554 0.042852249 -0.00960014295 -0.045331724 -0.0170716792 -0.00526292296 0.00352170295 -0.00797931105 0.117385581 -0.0186412819 0.030448636 -0.0322192088 0.17878221 0.0443023406 0.070762977 -0.00702694617 -0.0184989553 0.0867396966 0.0403455645
G1480 -0.0358852409 0.00239458424 -0.0665891245 -0.0123535255 -0.0258152839 0.0150243351 -0.0414854623 0.138456628 -0.045039963 0.10272225 0.0145395463 0.103814423 -0.158925071 0.125063837 -0.0642030314 -0.0357115865 0.0349743366 0.0187057555 0.0521793887 0.0414954387 0.034179844 0.151560634 0.142984465 0.00626170123 0.0021495074 -0.0860506147 -0.239487067 0.12575005 -0.0275646076 -0.041588746 0.036100015 -0.108042814 -0.0442199782 -0.0927281231 0.113621995 -0.0188302994 -0.00380201987 -0.0690581203 -0.0696284696 0.0810185075 0.0918192938 -0.0258660018 -0.0593117028 0.160789669 -0.0858639553 -0.0211242996 0.0255277939 -0.0417975076 -0.0436229296 0.0112637859 -0.0424605682 0.00593470363 0.0155295525 0.104063459 -0.00413098326 0.0113522029 -0.0472470038 0.155475184 0.053328678 0.0281850044 -0.0314025953 -0.0489754602 0.0776823461 0.0977282301
G1483 -0.023056116 0.0318094231 -0.0363155566 -0.0428547822 -0.0375404358 -0.00492976094 -0.0232136212 0.121333361 -0.0334932096 0.0450347029 -0.015847763 0.123635717 -0.196715653 0.118809171 -0.0539337099 -0.0271692798 0.0438890047 -0.00578798074 0.0548525415 0.0776798055 0.0348656625 0.142124951 0.188456193 0.0112517131 -0.0148223499 -0.0842942223 -0.258225292 0.127276778 -0.0260898713 -0.0755126625 0.0271755345 -0.148963004 -0.0071836072 -0.065828979 0.130346701 -0.042004887 -0.0514125265 -0.0597683154 -0.0674604997 0.0938337222 0.145731419 0.00751960976 -0.0644704103 0.124325193 -0.0886261985 -0.0325276665 0.0428479016 -0.0112321926 -0.0472288243 -0.0148705756 -0.00644383254 0.00195763749 -0.0079937093 0.119180463 -0.0133076701 0.0288805366 -0.0288270731 0.175842777 0.0441092514 0.0705519319 -0.00683362922 -0.0174748413 0.0800140873 0.0349415913
G1484 -0.0371229649 0.00421667099 -0.0671270713 -0.0193733945 -0.0246788599 0.0104130516 -0.0420258157 0.137666851 -0.0423521958 0.103145771 0.0146887349 0.105484724 -0.156762138 0.127598688 -0.0572311208 -0.0368107967 0.0299775098 0.0191576313 0.0512478277 0.0330205336 0.0301021785 0.147174969 0.138257474 -0.00180890132 0.00409025047 -0.0853280425 -0.237073451 0.127726778 -0.025957169 -0.0404219814 0.0401524678 -0.108604245 -0.0438414887 -0.0883356631 0.114591777 -0.0221039243 -0.00379218929 -0.0737553611 -0.0673330352 0.0824157372 0.0890486762 -0.0247474406 -0.0594496094 0.162198931 -0.0844890624 -0.0240028184 0.0250796396 -0.04341764 -0.0452820994 0.0130618531 -0.0432661362 0.00485134637 0.0153458565 0.106061623 0.00124576641 0.00964549277 -0.0433094241 0.152607903 0.0533752777 0.0284936316 -0.0309245549 -0.0481371395 0.0709540397 0.092312552
G1487 -0.031682875 0.0318044238 -0.0510094315 -0.0460739769 -0.0197890252 0.00962554105 0.0618511513 0.0191134885 -0.102666646 0.170050785 0.00348702981 0.0344392359 0.00403880375 0.150216565 -0.0805754215 -0.12216077 -0.0176589843 0.0194141008 0.0252878033 -0.0325456262 0.0616184399 0.175488636 -0.0153573621 -0.126320288 -0.0183867309 -0.120226629 -0.275501549 0.15225099 0.0537160523 -0.0892624334 0.0182534996 -0.0962057337 -0.0484708026 -0.0670723021 0.134627923 -0.0636502132 0.0468115434 -0.0666112974 0.0480698273 0.134297386 0.0144205745 -0.119561523 0.0304378141 0.0407828502 -0.096084483 -0.00269252318 0.0349498726 -0.10291376 -0.0135131916 0.187200561 -0.036548391 -0.0241950564 -0.00478964904 0.0435867645 -0.121632554 -0.0956995711 -0.0416024625 -0.0279829614 -0.0219244286 -0.0198762864 -0.175481156 0.0242092535 0.0224727243 0.142042845
G1488 -0.0263702516 0.031026395 -0.0517204218 -0.0347213447 -0.00966274273 0.00878788624 0.0703719109 0.00103009678 -0.11183811 0.190574616 0.0187755469 0.0238978304 0.015783444 0.145890489 -0.0829660222 -0.122497752 -0.0373973362 0.0170992017 0.0264912173 -0.0551608652 0.0570258051 0.188073739 -0.00984953251 -0.140597254 -0.0275200289 -0.121514335 -0.2835522 0.145624325 0.0522928089 -0.101685353 0.0194715783 -0.0919265822 -0.0425380319 -0.0576626472 0.142581478 -0.067346476 0.0529337339 -0.0633739308 0.0454923138 0.142627373 0.00948522612 -0.144908294 0.0313735306 0.0257125758 -0.0790802985 -0.00185665989 0.0503912643 -0.101426512 -0.0188861396 0.199472383 -0.0324496441 -0.0325211361 0.00217623124 0.0409721993 -0.115406998 -0.110264689 -0.0452482477 -0.0258744415 -0.0336130857 -0.0283996854 -0.179773301 0.0238258522 0.0288698543 0.130369812
G1489 -0.0276730265 0.0317906775 -0.0518529974 -0.0345322601 -0.00914368685 0.00904892106 0.0698370114 0.00242440822 -0.114950433 0.188701093 0.0175505616 0.0236600377 0.016195463 0.146375 -0.0841213167 -0.124250993 -0.0376062207 0.0143053569 0.030323308 -0.0468924753 0.060015589 0.190124705 -0.0101190247 -0.139342993 -0.0270451829 -0.121764556 -0.283514768 0.146741971 0.0514008291 -0.100775108 0.0197156165 -0.0892620236 -0.0435420424 -0.0575216822 0.142323717 -0.0674674734 0.0509929284 -0.0616466776 0.0456676185 0.138358802 0.0108517874 -0.142953575 0.0325636193 0.0253554434 -0.0822931677 -0.000919658691 0.050857231 -0.103548385 -0.018029945 0.19886601 -0.0328670628 -0.0322431177 0.00162593927 0.040961545 -0.119494081 -0.108061038 -0.0483338125 -0.0258814432 -0.031387683 -0.0294694006 -0.181269675 0.0242695436 0.0304368082 0.129470378
G1490 -0.0147678107 0.0703994185 -0.0359962843 -0.05017858 -0.0113264415 0.0364063792 0.087442413 -0.0032961159 -0.086997591 0.154031426 0.00765825296 0.030554397 -0.00846015662 0.167759135 -0.0691464394 -0.10818059 -0.00344140898 0.025936909 0.038918592 -0.0301758852 0.0545238294 0.188631445 0.00645417813 -0.130391017 -0.00464695366 -0.146915719 -0.283958972 0.164799079 0.0612629391 -0.127247795 0.016645126 -0.140204236 -0.0380622968 -0.0425123945 0.147705957 -0.0912411958 0.0291054752 -0.0373069905 0.0596174933 0.15406312 0.0709757134 -0.13283813 0.0343693569 0.0379921161 -0.0994323045 -0.00627650227 0.0573506467 -0.0896205977 -0.0187586136 0.185701519 -0.0350446217 -0.0270892736 0.00711114472 0.0638294592 -0.0979374647 -0.118596025 -0.0368778631 -0.0380652323 -0.0333538279 -0.011942395 -0.209137425 0.0224833153 0.0308482219 0.124969736
G1493 -0.0125404252 0.0731841102 -0.0365652069 -0.0516152829 -0.0109636206 0.0392462425 0.0896693468 -0.00432681898 -0.0847534686 0.152421042 0.00716158794 0.0319221579 -0.0133433193 0.167636931 -0.0668895841 -0.104910426 -0.0044910307 0.0263315141 0.0394776389 -0.0285261422 0.0537700243 0.188222438 0.0117744086 -0.127043337 -0.00573693216 -0.151808321 -0.284538954 0.163563535 0.0621908456 -0.130840138 0.0163543709 -0.142014921 -0.03649652 -0.0426422618 0.148057416 -0.0936340839 0.024616763 -0.0340606496 0.0610528365 0.154392675 0.07766141 -0.133891344 0.0357379988 0.0398761369 -0.0981588438 -0.00590345729 0.0582347922 -0.0869804472 -0.0188466068 0.183332652 -0.0340429917 -0.0266211573 0.00880653877 0.0668315813 -0.0937356278 -0.120650351 -0.0379101411 -0.0394276716 -0.0341406837 -0.00858152192 -0.211053535 0.0220041182 0.0339946225 0.120015651
G1496 -0.0144727491 0.0715807676 -0.0386610813 -0.0635230392 -0.0184882674 0.0389617495 0.0804757774 0.00741553819 -0.0752447993 0.136846289 -0.0015021367 0.0369816795 -0.0226944555 0.167286038 -0.068909511 -0.100156449 0.00429657241 0.0294391718 0.026822228 -0.0192081779 0.0523727797 0.177065536 0.000789599784 -0.113729686 -0.00503890542 -0.139739454 -0.284338027 0.166191101 0.0804304928 -0.123998493 0.00955394283 -0.145368978 -0.0350926891 -0.0612640902 0.134630874 -0.0836149007 0.0264073554 -0.0434218757 0.0594899952 0.165144131 0.0654485002 -0.117693916 0.0306571331 0.0551967025 -0.112064935 -0.000491471961 0.0450828969 -0.0864715502 -0.015727533 0.17008315 -0.0364817381 -0.0216220878 -0.00438906113 0.0619192459 -0.10076341 -0.11078091 -0.0325311422 -0.039822273 -0.0320334099 0.0046694912 -0.199178815 0.0223868303 0.0305350963 0.143178448
G1499 0.104668476 -0.0122598642 -0.137150779 -0.00413727248 0.0898508132 0.107818596 0.196638778 0.0280650184 -0.00849524047 0.138988107 -0.168784797 0.0615899041 -0.1445131 -0.0958597064 -0.0462609008 -0.0203778408 0.066819109 -0.0324289314 0.11650762 0.143816218 0.168234527 0.115038738 0.187134787 0.0756875575 0.0755617842 -0.194882512 -0.28038764 0.156406879 0.0464879386 -0.0640685558 0.0374511331 -0.0957996696 0.0709393546 -0.0796249583 0.11532528 -0.0364984386 -0.0609701052 -0.0108286496 0.170802593 0.159163877 0.159132019 -0.00319318147 -0.0989447683 -0.000529325509 -0.0812824741 0.0923403725 0.0682393163 -0.0070574698 -0.004639199 -0.00619788375 0.0558242239 0.0222669262 0.0174919609 0.135930523 0.013539304 0.0253544096 -0.161099419 -0.0041552498 0.0674520805 0.180426121 -0.0818196088 0.0588434003 -0.00638413616 0.135824561
G1502 -0.0140278796 0.0768234581 -0.0370702073 -0.0643273667 -0.0173339397 0.041819986 0.0827234536 0.00597710814 -0.0763016343 0.131728515 -0.00265314057 0.0365592428 -0.0232314318 0.168832809 -0.0689217672 -0.100969598 0.00473168446 0.0264550708 0.0323367789 -0.0103869382 0.0539247729 0.180975989 0.00198296783 -0.112387776 -0.00318031758 -0.142857596 -0.286159992 0.168495044 0.0798548907 -0.127821997 0.0095156692 -0.146791458 -0.0344435163 -0.0585152954 0.136034831 -0.0865140259 0.0213470627 -0.0388343781 0.0614791624 0.163096398 0.0725509301 -0.118226953 0.0319980718 0.0534620546 -0.115916625 -0.000315777521 0.047830753 -0.0873061642 -0.0147842132 0.169237047 -0.0368235782 -0.0214778613 -0.00485067256 0.0641736165 -0.102941886 -0.110547528 -0.0349133797 -0.0409350581 -0.0307598766 0.00430177338 -0.204912305 0.0227359459 0.0334084444 0.139445215
G1505 0.102295592 -0.0154729672 -0.137968495 -0.00330192177 0.089741312 0.106183536 0.194667399 0.0312895328 -0.0112379352 0.139855459 -0.169755548 0.0618875735 -0.143776655 -0.0955185145 -0.0479037128 -0.0222558845 0.0663932264 -0.0340990275 0.116128549 0.147487089 0.170722634 0.11491055 0.186218664 0.0760001242 0.0740185231 -0.192713082 -0.278632194 0.156415403 0.0456208289 -0.0600368157 0.0381022245 -0.0916318297 0.0692252964 -0.0814898834 0.11405012 -0.0346410349 -0.0590478294 -0.0111497799 0.169443935 0.154797167 0.154673398 -0.000427769817 -0.098502703 -0.000223286785 -0.0819321424 0.0932704359 0.0664400309 -0.00928322133 -0.00453788554 -0.00585817127 0.0557651781 0.0224123932 0.0161911082 0.134075791 0.00986678526 0.0279072914 -0.163267925 -0.00298736175 0.0682746321 0.17933926 -0.0790350065 0.0595478266 -0.00657893019 0.137850627
__smartatpg_bin_695_2 0.0559936203 -0.172184512 -0.224130735 0.0788456202 0.0945977643 0.068206571 0.122442409 0.126517788 -0.122239254 0.325256109 -0.0842513815 0.015914429 -0.0723781958 -0.150894642 -0.071589835 -0.036891114 0.0301118959 0.0077904216 0.0473457761 0.00481357612 0.172995076 0.0922287256 0.140188336 0.127622679 0.0260678474 -0.153289631 -0.243622258 0.111593686 0.00860604458 0.0633445531 0.0605649017 0.0941252708 0.00118635036 -0.237520263 0.0830687732 0.0511592552 0.119230457 -0.1007955 0.119972982 0.0678625032 -0.0868637338 -0.0334516987 -0.0802601576 0.0618245006 -0.0192674231 0.161391392 -0.000346093584 -0.0573715046 0.0161782019 0.0330869704 -0.00175162812 0.00869441312 0.074411951 0.0813637301 0.000359855301 0.0202568788 -0.227692157 -0.0135192638 0.0457736291 0.0940596014 -0.0317358449 0.00284166448 0.0610354394 0.236142844
__smartatpg_bin_695_3 0.0481081456 -0.180033341 -0.223968357 0.066737771 0.0897124559 0.0763374716 0.113757558 0.121853165 -0.123095408 0.330838621 -0.0777189806 0.0218968913 -0.085225977 -0.144899622 -0.0608008057 -0.0371782258 0.023584513 0.00327004888 0.0505307503 0.00732480222 0.177584738 0.101090826 0.136799529 0.140287995 0.0175872799 -0.155907571 -0.248330712 0.105044633 0.0248112287 0.0668256432 0.0572916418 0.100866742 0.00980796386 -0.246529177 0.0822428763 0.055083327 0.125396922 -0.103662871 0.121023417 0.0739838108 -0.0836233944 -0.0416503958 -0.0818114206 0.0712249056 -0.0218604077 0.166171759 0.0027261409 -0.0484611355 0.0133875953 0.0301186405 -0.00324779656 0.00548916869 0.0814575106 0.0726271942 -0.00736822095 0.0226788856 -0.23409982 -0.0149695976 0.0411692224 0.101352096 -0.0289502516 0.000271499244 0.0744190887 0.227013201
__smartatpg_bin_695_1 0.178847402 -0.0554871932 -0.155369371 -0.0213181507 0.0875782818 0.085712783 0.174441129 -0.00439816713 0.0342177078 0.115144692 -0.168281764 0.0323448516 -0.178459585 -0.0893157199 -0.0503085442 0.00959046837 0.0843871236 -0.0689065084 0.00601812918 0.0109466687 0.110867992 0.0193723254 0.114370465 0.0258563831 0.0397893675 -0.124121316 -0.259513438 0.13791506 0.0548909046 -0.0147141842 -0.0413402654 -0.0686341077 0.0366940573 -0.171238154 0.0482781529 0.00243543554 -0.013086875 -0.0225811861 0.183818161 0.200685278 0.00479020271 -0.0875045285 -0.141678602 0.0530328453 -0.00961477123 0.18042852 0.018284997 -0.00652276166 0.036817126 -0.0174903143 0.060348656 0.057668332 -0.0512748137 0.140075922 0.0781766549 0.0213140324 -0.0328994542 -0.0837629288 0.0352628268 0.196592093 0.0211033989 0.108657114 -0.046122767 0.150084287
__smartatpg_bin_695_5 0.063252449 -0.177456871 -0.22959058 0.0548891276 0.10661158 0.0242430754 0.137518719 0.142006621 -0.150457099 0.325134069 -0.0731924549 0.0245458409 -0.114156641 -0.0896846578 -0.0597900935 -0.0139850117 0.0316894427 -0.009087299 0.0586612411 -0.00100399158 0.159833461 0.0976891518 0.162012562 0.151422411 0.041989617 -0.12011034 -0.250503063 0.174230799 0.0110874018 0.0687230155 0.00459990138 0.0653728545 -0.00786563754 -0.281055063 0.116325095 0.0189527441 0.125634223 -0.091973193 0.114774473 0.0700132474 -0.0816673636 -0.0271334406 -0.0895710364 0.108986259 -0.0792132691 0.214077786 0.0273234025 -0.0272904765 0.0411220863 0.0101693403 -0.0194977149 -0.0116968332 0.053456232 0.0866673887 -0.00158480846 0.0482389443 -0.235901803 -0.0139118368 0.0176816899 0.104403563 -0.0125916833 0.0368446708 0.101871915 0.238964692
__smartatpg_bin_695_6 0.0634134486 -0.177620947 -0.228749484 0.0562694967 0.106612794 0.0248281248 0.137505576 0.142816558 -0.151116967 0.325130641 -0.0732884705 0.023783261 -0.115002967 -0.0888270885 -0.0613393039 -0.0135494536 0.0331604667 -0.0103787072 0.0594958253 0.000937652483 0.161231637 0.0987309366 0.163750291 0.151314408 0.0426091701 -0.120383494 -0.250637293 0.175095648 0.009455828 0.0682113767 0.00290225609 0.064883478 -0.00829089247 -0.280289829 0.116941825 0.0176418871 0.124315768 -0.0909326449 0.113065183 0.0689429641 -0.0809268504 -0.0275550559 -0.0908693969 0.108240359 -0.0807604194 0.214254424 0.0285138264 -0.0270566605 0.0411602743 0.00975689851 -0.0202192832 -0.011780249 0.0525229909 0.0868208483 -0.0017556292 0.0494530685 -0.236390755 -0.0127042076 0.0179210231 0.103875808 -0.013341588 0.038212534 0.103585236 0.239700601
__smartatpg_bin_695_4 0.179257438 -0.0425845124 -0.153067276 -0.0310073942 0.0855077654 0.0952747911 0.15639101 -0.0152495131 0.064490214 0.111321114 -0.182566494 0.0458737239 -0.164051995 -0.103517406 -0.0427531786 -0.0120530333 0.0670748204 -0.064526394 0.0103133684 0.0209169891 0.130035579 0.0106605217 0.0810666159 -0.000570825476 0.0443377942 -0.140020102 -0.257424265 0.117514379 0.0657394305 -0.0146241812 -0.00459509855 -0.048932869 0.0380675867 -0.134534076 0.0406868979 0.00909527019 -0.031051591 -0.0330054946 0.190569863 0.197459117 0.0104915667 -0.0910792351 -0.148651809 0.0432502218 0.00328116235 0.14394781 0.000745815225 -0.0237714853 0.018993564 -0.00643331511 0.0589659587 0.0728158057 -0.0458774529 0.138482824 0.083593145 0.0158660244 -0.0227153134 -0.0853208601 0.0660249814 0.201682463 0.00781808421 0.106700681 -0.103448346 0.140646368
G1508 0.0020226941 0.0242228433 0.0024793006 -0.00668869773 -0.0682077408 0.0451031514 -0.0449219309 0.066320464 0.040144179 0.156720027 0.0613767728 0.0320719555 -0.0658038855 0.155445695 -0.0371906087 -0.0893952176 0.0223507807 -0.00132902258 -0.0234248899 -0.160434753 0.0415955447 0.186449394 -0.00263262284 -0.229176894 -0.021988593 -0.0894507468 -0.306967854 0.158207282 -0.0864061713 -0.114933766 0.0707142875 -0.175775111 -0.0153931007 0.00309394835 0.126989841 -0.0438100882 0.0664483681 -0.0758836418 -0.0637650117 0.165604919 0.0125697143 -0.193530396 -0.131472155 0.0713347942 -0.00964195002 -0.0778906792 0.0662560612 -0.0872752294 -0.0698162243 0.118469164 -0.0832860842 0.0597779714 -0.0210302789 0.139339015 0.0745279416 -0.0987345427 0.104907952 0.125815988 0.00470766006 -0.00697609363 -0.100451723 -0.0287402924 -0.0383002125 0.105192609
G1511 0.00478766812 0.0120269274 -0.0598309711 -0.00524530699 -0.0219639484 0.0246358421 0.0195606109 0.0349071622 -0.0792098492 0.348775566 0.0903029814 0.0314442106 -0.0892249346 0.197513938 -0.0610303506 -0.0226656217 0.0830750093 0.104088031 -0.0612275936 -0.225192383 0.0638138726 0.0542867482 0.100955747 -0.198582187 0.00759567274 -0.14252831 -0.189944282 0.11949943 0.0735683888 -0.0300612822 -0.01337789 -0.173057437 -0.0394762903 -0.0879538283 0.124666326 -0.0773000345 0.199262738 -0.106723763 -0.0219501629 0.193469286 0.0272349715 -0.0992824286 0.0269598588 0.13825874 0.021922674 0.0678473711 0.0329203643 -0.0993122682 -0.0426627174 0.148345128 -0.0279127229 -0.0493207574 0.142127082 0.0731412768 0.050910227 -0.192282394 0.047697302 -0.0468598716 -0.115725562 0.042473238 -0.0779710636 -0.013759926 0.038370572 0.199256569
G1522 0.0293572638 0.0325505547 -0.0565964878 0.0166586079 -0.0138649959 0.0323169269 0.0363415554 0.0228340589 -0.104435034 0.376714528 0.0978986397 0.0149180721 -0.0927587524 0.233775035 -0.055398766 -0.0116389953 0.12305136 0.141357958 -0.0626586303 -0.213294327 0.0832258686 0.038380079 0.126606449 -0.214734301 0.0333401449 -0.141133755 -0.171350703 0.142268032 0.0991542041 -0.0185529236 -0.0213413369 -0.207760528 -0.0656234473 -0.0717309043 0.123293974 -0.0901195556 0.236836806 -0.0826155841 -0.0325070322 0.203861997 0.0577732436 -0.0616346188 0.0468868203 0.165418088 0.0197783411 0.0803570449 0.0398616046 -0.0984167382 -0.0470012389 0.135753125 -0.0276917331 -0.0559006594 0.189346001 0.0767453536 0.0723683238 -0.216614947 0.049118001 -0.0594518259 -0.127472252 0.0554738939 -0.0759669915 -0.00825221278 0.0131298844 0.226296619
G1538 -0.000404335791 0.00953406096 -0.0610767938 -0.00559065444 -0.0213856921 0.0274098665 0.017633127 0.0414895602 -0.0802951977 0.353935957 0.0943441987 0.0328201503 -0.0914087668 0.199904889 -0.0590378121 -0.0236346927 0.0813684836 0.106242567 -0.0604630411 -0.228323594 0.0630617812 0.0568285622 0.104791149 -0.197308972 0.00705688819 -0.144254252 -0.187103271 0.118315712 0.0743917376 -0.0308975261 -0.00927226897 -0.175606266 -0.0385602489 -0.0918150246 0.124750912 -0.0769748315 0.202047691 -0.108434156 -0.0220585465 0.19209972 0.0254194029 -0.100081623 0.0278333388 0.141166523 0.0243180487 0.0681302026 0.0344453342 -0.100108236 -0.0471714847 0.151864991 -0.0310377851 -0.0530757047 0.142143682 0.0716721192 0.052287437 -0.194376975 0.0435179248 -0.0448271707 -0.117398851 0.0408982895 -0.0812740996 -0.016741557 0.0369957648 0.201675668
G1549 0.0253526419 0.0265230015 -0.0585335977 0.00688179722 -0.0174376611 0.0243640821 0.0300351288 0.0192242507 -0.0913841128 0.360361755 0.0899874642 0.0226125605 -0.0878620818 0.21393618 -0.0578235239 -0.0146671133 0.106633753 0.126341686 -0.0645377412 -0.218089819 0.0742851794 0.038825985 0.109475873 -0.208271906 0.02298069 -0.13921541 -0.180604354 0.131798729 0.0906910822 -0.0195482243 -0.0211951621 -0.187799916 -0.0559980012 -0.0752322003 0.121545397 -0.0827535093 0.219811291 -0.0935382321 -0.0266021267 0.202894613 0.0466111898 -0.0744953007 0.0404967368 0.153858572 0.0202752706 0.0749349743 0.0318118632 -0.0976962671 -0.0401185267 0.136697426 -0.0221362747 -0.0479950346 0.173381209 0.0763605237 0.0631617755 -0.206289664 0.0544480383 -0.058356829 -0.119083203 0.0540418364 -0.0698979199 -0.00926764123 0.0216937773 0.211792365
G1563 0.0987854451 -0.147658899 -0.213853315 0.104044288 0.097303018 0.094582662 0.167142704 0.112927459 -0.204170033 0.407428563 -0.0485256538 -0.0268115085 -0.117686972 -0.049790591 -0.0296803452 -0.0186078176 0.109587885 0.0950430408 0.0538889766 0.0448241606 0.234224945 0.0816189498 0.221263066 0.105465278 0.0594335981 -0.165308088 -0.218995228 0.158656746 0.0717862025 0.0630641356 0.0516217239 -0.0190556757 -0.0329750851 -0.222116128 0.0964357778 0.00856209453 0.222576603 -0.0467477217 0.0948870778 0.0961612836 -0.00650677737 0.0322069414 -0.0444279909 0.130443648 -0.0177515242 0.1931905 0.0483596027 -0.0449408107 -0.0176093373 0.0206311867 -0.016663665 -0.0305463113 0.170523465 0.0911060125 0.0362362787 -0.044753585 -0.257446975 -0.033992406 -0.0053891982 0.12534821 -0.0482381098 0.00919899065 0.0508671664 0.278443068
G1576 0.0914208815 -0.154494971 -0.207186714 0.0857934877 0.0852245167 0.0873966143 0.156138897 0.108897164 -0.174525797 0.363789976 -0.0659569129 -0.0213634986 -0.105836831 -0.0861525238 -0.0375649482 -0.0316263698 0.0756439269 0.0484151132 0.052169431 0.0416111983 0.214482918 0.101488195 0.184718609 0.112123162 0.0326973945 -0.161656111 -0.254545927 0.147656694 0.0456971712 0.0417723656 0.0500315949 0.0048481226 -0.00769448467 -0.226622209 0.0960676447 0.0174113605 0.174063697 -0.0623307824 0.106827691 0.0980752483 -0.0324664153 -0.00643629255 -0.0679825172 0.0895037353 -0.0260865912 0.175566345 0.0421951003 -0.0421862453 -0.00355028734 0.0280984491 -0.0130569423 -0.0131268604 0.113987602 0.0938116238 0.010541725 -0.0132749164 -0.242673427 -0.0273624379 0.00704608392 0.119098246 -0.0524529181 0.0202143844 0.0617496558 0.24536474
G1584 0.110806488 -0.134946167 -0.20177345 0.105800152 0.0923370421 0.0998406261 0.179535761 0.104466051 -0.212187901 0.403746814 -0.0506914705 -0.0424450599 -0.115375295 -0.0312844105 -0.0243938714 -0.0245399792 0.123168476 0.0990674943 0.0544394962 0.0566982329 0.240347251 0.0922006816 0.222188324 0.0908200741 0.0603717752 -0.163988814 -0.231671393 0.176691353 0.0727101564 0.0462165512 0.0493526645 -0.0540232621 -0.0347415432 -0.211325198 0.100355402 -0.00165550609 0.228330344 -0.0323885791 0.0951476768 0.108595796 0.00627070665 0.0351184607 -0.0463155061 0.124778628 -0.0265242942 0.188205853 0.0629971549 -0.0429046415 -0.0213088579 0.0256855376 -0.0200985838 -0.0313321091 0.165015593 0.0979315117 0.0325962454 -0.051382158 -0.251523852 -0.036953792 -0.0141172037 0.127868056 -0.0631660447 0.0188683644 0.0413480587 0.281091154
G1598 0.097487621 -0.149432391 -0.203644693 0.0889569893 0.0845027491 0.0892153829 0.16184178 0.106081761 -0.181771234 0.36839211 -0.0644583777 -0.028201079 -0.106491372 -0.0752348974 -0.0341145322 -0.0323009938 0.0851417333 0.0563256927 0.0526631884 0.0463153757 0.219635814 0.102410339 0.189528301 0.105917282 0.0363040641 -0.161238015 -0.255298734 0.155776307 0.0489100702 0.0383541547 0.0491348915 -0.011395406 -0.0113812806 -0.222116709 0.0977920294 0.0124818273 0.182692945 -0.0561147891 0.104904614 0.10272941 -0.0243498422 9.01734602e-05 -0.0659548938 0.0926926211 -0.028354764 0.175946981 0.0485048592 -0.041623909 -0.00669138646 0.029262187 -0.014802889 -0.0155402264 0.119264625 0.0964755267 0.0118064526 -0.0192395411 -0.241936699 -0.0291564651 0.00254404615 0.121127449 -0.0570198484 0.0226628184 0.0568002686 0.249805272
__smartatpg_bin_704_1 0.0695585608 -0.15146555 -0.154223755 0.0754665136 0.0981757566 0.0470664278 0.175030634 0.115673266 -0.171839207 0.315464705 -0.066889815 -0.033068724 -0.108088106 -0.0205432605 -0.0676658973 -0.0136450939 0.0720493272 -0.0436005965 0.0814305767 0.0243905298 0.169014394 0.183365256 0.198516846 0.121276446 0.0456605814 -0.0914071724 -0.311077774 0.26306659 -0.0643020198 0.00374917593 -0.0500380211 -0.0891567841 0.000106981075 -0.245719627 0.17960386 -0.0435689315 0.0928314254 -0.0317351818 0.0813176557 0.120676585 -0.0294474941 -0.0651451498 -0.143663421 0.0567333139 -0.163816288 0.190330312 0.121069402 -0.00633842079 0.0225330312 0.0344820581 -0.0559338257 -0.0230086148 -0.00555401156 0.111949123 -0.0427950732 0.0535539389 -0.209930643 0.0337640271 -0.0438788943 0.0890750289 -0.0991057605 0.0842859223 0.137206584 0.257880151
G1607 0.0694970638 -0.132359073 -0.215719938 0.0295944847 0.113394938 0.118910134 0.149916545 0.0160508323 0.00641318318 0.357103825 -0.117993884 0.0664275289 -0.147778556 -0.0712837949 -0.122542359 0.0332658812 0.0534206107 -0.0855516642 -0.014639725 -0.104657792 0.125419408 0.0623268187 0.113020629 0.0454833768 0.0350038335 -0.000954944058 -0.234524965 0.115261585 0.0214879401 0.093194291 -0.0196599197 0.0137803461 -0.0338890851 -0.175511181 0.134211004 -0.0241127163 0.0664449334 -0.034003105 0.140023649 0.198505402 -0.00399907446 -0.135980964 -0.154120013 0.129710943 -0.00935087353 0.186488047 0.104054525 -0.00166856719 0.00904118177 0.114924908 -0.00879754871 0.0172186233 0.0765203387 0.148299798 -0.0814228579 0.00180441188 -0.0459749959 0.0108303018 -0.0151242288 0.108374089 0.00773802539 -0.0100117475 0.0419299081 0.313864291
G1608 0.0432280451 -0.182691365 -0.210147113 0.0782756209 0.0794015825 0.10022676 0.0966582522 0.112333089 -0.0948898122 0.342735589 -0.0815813243 0.0215203855 -0.0850077942 -0.163222715 -0.0625553355 -0.0404470302 0.0163595304 0.00514555816 0.0503403582 0.00492063444 0.198838651 0.0931423604 0.140517458 0.112713434 0.0213578492 -0.185799941 -0.243087843 0.0754103586 0.0247322693 0.0590502024 0.0863764361 0.105431773 0.0191590097 -0.194557369 0.0801751241 0.0396336205 0.0905210599 -0.108242437 0.104102314 0.0748694763 -0.0691203177 -0.0582407378 -0.107597768 0.0455218181 0.00409078738 0.123415783 -0.00231865514 -0.0574875921 -0.0183138102 0.0339676626 -0.00602365844 0.0140268328 0.0854877084 0.0694136471 0.027941322 0.0161396954 -0.2335307 -0.0014281841 0.0586406887 0.104961634 -0.0419385806 0.00705242949 0.046976231 0.220314056
G1609 0.0841651335 -0.137923852 -0.188532948 0.121562429 0.0905394331 0.140099198 0.151671812 0.111340515 -0.182895526 0.429755688 -0.0392084196 -0.0389088877 -0.112071581 -0.026106406 -0.026652148 -0.0332702287 0.123947509 0.111493029 0.0592192821 0.0405417271 0.257611632 0.0945199952 0.23023732 0.053174831 0.076975137 -0.194456726 -0.20299381 0.154502198 0.0774509907 0.0424260572 0.0887466669 -0.0578918383 -0.0344236344 -0.160528243 0.0937368572 -0.0133473082 0.213132039 -0.035807319 0.0773526952 0.106040321 0.016637316 0.0204066634 -0.0674585253 0.11594639 0.00149980735 0.147213876 0.0640314966 -0.0562239066 -0.070069395 0.0445995629 -0.0328616686 -0.0324961953 0.178985327 0.0839048102 0.0724205226 -0.0695253238 -0.25346297 -0.017973477 0.0023057072 0.119369812 -0.0903308541 0.0134030851 -0.00257634767 0.299075514
G1624 0.0434839912 -0.182993978 -0.211051896 0.0770770162 0.0793976858 0.0994739383 0.0971711576 0.111187793 -0.0951038003 0.342745841 -0.0814998299 0.0220395476 -0.084873125 -0.163692489 -0.0611568764 -0.0408394933 0.015187108 0.0056627295 0.0494520701 0.00330566522 0.197816461 0.0922774747 0.139531866 0.112944186 0.0208282154 -0.185399011 -0.243054807 0.074816905 0.0260223746 0.0596943423 0.0875524729 0.106202304 0.0192704126 -0.19542779 0.0800376609 0.0404702239 0.0919242203 -0.108468026 0.105529338 0.0750826374 -0.0702793002 -0.0583650842 -0.106482759 0.0458335839 0.00565790897 0.123794042 -0.0031759839 -0.0575036816 -0.0178171564 0.0341158882 -0.00527708838 0.0137808817 0.0863673463 0.0692119151 0.0280711818 0.0154422605 -0.233531103 -0.00289647002 0.0577505231 0.105302304 -0.0411885083 0.006725627 0.0460750572 0.21928376
G1625 0.0902145952 -0.130036831 -0.186775029 0.126940578 0.092742078 0.144377068 0.160558254 0.110327579 -0.195324719 0.442548543 -0.0334936231 -0.0461996421 -0.114869542 -0.00645336276 -0.0212046187 -0.0317758918 0.138754264 0.129320279 0.0593835153 0.0442993082 0.264669806 0.0922527388 0.24263376 0.0452406593 0.0853496939 -0.194914788 -0.195568696 0.165466711 0.087366946 0.0422863923 0.0899646059 -0.080209896 -0.0431369655 -0.156148553 0.0950416028 -0.0193549916 0.232300058 -0.0259449296 0.0748164207 0.111037299 0.0291760098 0.0339414813 -0.0594281405 0.127955139 0.00214719493 0.150962844 0.0714574456 -0.0564093404 -0.0765814632 0.0448823571 -0.0357950516 -0.038881544 0.195009321 0.0850387439 0.0800826475 -0.0832380652 -0.255974412 -0.0217133146 -0.00618430413 0.122382507 -0.0951080993 0.0124758985 -0.0124298809 0.310592771
__smartatpg_bin_709_1 0.148586363 -0.071239315 -0.102489956 0.0514957942 0.0590469092 0.180060878 0.219522879 0.0661293864 -0.0301312618 0.0524529219 -0.214830488 -0.0221631806 -0.19914858 -0.101221919 -0.108730994 0.0184626076 0.141580969 -0.128117308 0.0841455534 0.283420146 0.239400223 0.145656705 0.196109444 0.127767175 0.0227057524 -0.17508699 -0.292298019 0.149866059 0.028329445 -0.0397034883 -0.0752712265 -0.0505220667 0.0324044041 -0.126859188 0.0516628809 -0.0469881073 -0.0977624059 0.0909948871 0.133273795 0.0923474059 0.0758937225 -0.062056724 -0.158984125 -0.0161056034 -0.137097254 0.155671641 0.0538779609 0.0100591341 0.0383399352 -0.052792348 0.047135435 0.0542213283 -0.0702475458 0.111202814 -0.0309938118 0.0994662568 -0.19588986 -0.0124816233 0.0590176135 0.160562426 -0.0693244487 0.145157099 0.128088698 0.183891907
__smartatpg_bin_709_3 0.0750922114 -0.155110344 -0.249133483 0.0532277115 0.118214734 -0.0214164332 0.126859859 0.122943327 -0.076677531 0.345835894 -0.100524567 0.0369025432 -0.0765411407 -0.158475682 -0.0296935681 -0.0156245856 -0.0200978015 0.0382687412 0.0271626376 -0.0880843326 0.163807973 0.0189487878 0.128306955 0.0908468217 0.0619292147 -0.140389845 -0.222669199 0.134525448 0.0162104238 0.0762350932 0.0900797173 0.0772165358 -0.0134239057 -0.215154052 0.107589416 0.0097354902 0.0834514871 -0.143876702 0.129893541 0.0930867419 -0.0806258693 -0.00322769512 -0.0942760184 0.105173349 -0.0202698708 0.162919417 -0.0329835489 -0.0651008636 0.00686307112 0.0323741883 0.0102865743 0.0146379108 0.0734078884 0.105232693 0.0833543316 0.0104039712 -0.209921628 -0.0329664834 0.0552204996 0.121524535 0.0165812969 0.0352136008 -0.0606612749 0.225203067
__smartatpg_bin_709_2 0.186158791 -0.0240618233 -0.122949153 -0.0271035843 0.0878045782 0.0940598547 0.191179946 -0.00941671245 0.0583631918 0.0644264072 -0.194444925 0.0225119349 -0.163330927 -0.0718604401 -0.0559953153 0.00369666703 0.106936418 -0.096187748 0.0110081844 0.0394869708 0.13432765 0.0325547419 0.0838899836 -0.0137536125 0.0535277799 -0.130098999 -0.275862306 0.166418001 0.0442371182 -0.039847821 -0.0498084947 -0.0913050994 0.0399450362 -0.126774281 0.0551663563 -0.01597194 -0.037722148 0.014928869 0.19223319 0.200081453 0.0208726078 -0.0869659334 -0.153642908 0.0196875352 -0.0498667397 0.173957989 0.0124400556 -0.0174797811 0.0509455577 -0.0238580219 0.0726452842 0.0803984478 -0.0782450736 0.152616039 0.0729035512 0.0259494074 -0.0122861154 -0.0895182714 0.0336367674 0.197845146 0.0112749841 0.132694706 -0.0582332872 0.153441459
G1642 0.000945411448 -0.012525077 -0.0391482413 -0.0406235196 -0.0547657646 0.0186463036 -0.0717517436 0.0727998763 0.0457447655 0.234834045 0.112024486 0.0580634139 -0.0883577764 0.129344136 0.0129894484 -0.100397035 -0.00122817047 0.0485794991 -0.0594885424 -0.283934176 -0.00172341929 0.134674832 -0.00477575371 -0.230983943 -0.0392454751 -0.0937213823 -0.275452554 0.113779828 -0.0377464816 -0.090960525 0.127334893 -0.159031212 0.00267175538 -0.0498286039 0.129846454 -0.0304853562 0.140757948 -0.155899271 -0.0501477458 0.210361719 -0.0469160788 -0.202967346 -0.102515176 0.106977962 0.0790011138 -0.053081762 0.0407449715 -0.0895385742 -0.095004715 0.138026953 -0.0830418319 0.0163464621 0.0206115618 0.127861932 0.122861713 -0.136372298 0.0888052955 0.0917484537 -0.028669212 0.00035262428 -0.0679084882 -0.0529309064 -0.0730221719 0.0799931362
__smartatpg_bin_710_1 0.148483083 -0.0712724328 -0.102429777 0.0515213832 0.0590585731 0.180175751 0.219524503 0.0661738068 -0.0301880743 0.0525079668 -0.214750648 -0.0222009178 -0.199142605 -0.101101704 -0.108692907 0.0183722135 0.141575575 -0.128159657 0.0841730833 0.28335619 0.239420727 0.145769119 0.196148589 0.12770474 0.0226957705 -0.175144494 -0.292286634 0.149904162 0.028315993 -0.0397778265 -0.0751789063 -0.0506090112 0.0324135125 -0.126860306 0.051714927 -0.0470309071 -0.0977207273 0.0910671279 0.133279994 0.0923122168 0.0758304894 -0.0621332116 -0.158986524 -0.0161606781 -0.137061551 0.155667186 0.0539649576 0.0100335879 0.0382433869 -0.052691903 0.0470472686 0.0541170649 -0.0702952296 0.111177348 -0.0309629217 0.0994261801 -0.195972428 -0.0124596935 0.0589325614 0.160481706 -0.0694998652 0.1451689 0.128080383 0.183918715
__smartatpg_bin_710_3 0.0753305852 -0.15481177 -0.249671713 0.0528472364 0.118303366 -0.0220014509 0.125773996 0.122346476 -0.0771610066 0.345673949 -0.100306943 0.037293639 -0.0761449635 -0.157580644 -0.0293314643 -0.016646469 -0.0204829779 0.0382014066 0.0269447416 -0.0884613991 0.162552699 0.0188506152 0.127287626 0.0901918709 0.0620934144 -0.139519885 -0.222803682 0.134489819 0.0163018815 0.0768612325 0.0895376876 0.0779571235 -0.0139847184 -0.215870291 0.107098043 0.0111809652 0.0846293718 -0.144601747 0.130515128 0.09315072 -0.08158876 -0.00371270184 -0.0940271839 0.105745159 -0.0196385365 0.163151637 -0.0331969224 -0.065362528 0.00765582453 0.0326094888 0.0103059718 0.0146418316 0.073572129 0.105102465 0.0828744248 0.0100230509 -0.208474085 -0.0338137522 0.0559558049 0.121273264 0.0166792162 0.0349263512 -0.0618239902 0.224636048
__smartatpg_bin_710_2 0.186267763 -0.0236771312 -0.123005383 -0.0268249772 0.0882607326 0.094348155 0.189728841 -0.00962648541 0.0578559525 0.063904047 -0.194040701 0.0227687676 -0.163048163 -0.0706613436 -0.056224186 0.00265449216 0.106980883 -0.0965626091 0.0113058165 0.0396107621 0.133345291 0.0333526619 0.0830638558 -0.0144871948 0.0537456237 -0.129352391 -0.276001096 0.166804969 0.0440388881 -0.0400691256 -0.050803002 -0.0909920111 0.0394425876 -0.127317473 0.0541099049 -0.014746421 -0.0371328443 0.014696761 0.192273408 0.200462416 0.0204086322 -0.0876414031 -0.153717339 0.0199593101 -0.0496783592 0.174359575 0.0126921907 -0.0170745403 0.0510590412 -0.0233423505 0.0724369958 0.0805360451 -0.0785701275 0.152763546 0.0721649006 0.0257898793 -0.0103395097 -0.089665249 0.0352161303 0.197624788 0.0103463391 0.132518783 -0.0594691038 0.153319582
G1645 0.000848195923 -0.0126075577 -0.0391848236 -0.0404939726 -0.0547567829 0.0187282246 -0.0715566501 0.0729197785 0.0454253033 0.234861672 0.11195647 0.0581356734 -0.0883726552 0.129237071 0.012904265 -0.100497745 -0.0013415108 0.0486613661 -0.0593169257 -0.283461958 -0.00161377061 0.134877577 -0.00461315131 -0.230628714 -0.0392891131 -0.0938164815 -0.275542498 0.11383266 -0.0376615524 -0.0909911245 0.127451703 -0.158934399 0.00260330806 -0.0500355959 0.12983875 -0.0304486249 0.140746623 -0.155699894 -0.0500983037 0.21011363 -0.0468351841 -0.202846557 -0.102382258 0.107001111 0.0788703859 -0.0531160906 0.0407853089 -0.0894209445 -0.0950157344 0.137981683 -0.0831422284 0.0162512157 0.0206186846 0.127757251 0.122589223 -0.136295125 0.0883742645 0.0918168351 -0.0286087263 0.000299569307 -0.0680525303 -0.0529388823 -0.0729195029 0.0801282674
__smartatpg_bin_711_1 0.148527533 -0.0712960958 -0.102462426 0.0515044034 0.0590049364 0.180068702 0.219497114 0.0660791099 -0.0301237106 0.0524162799 -0.214847475 -0.0221532304 -0.199102759 -0.101209857 -0.108710274 0.0184086133 0.141628921 -0.128123805 0.084130995 0.283376217 0.239449292 0.145636812 0.196017563 0.127794892 0.0227648243 -0.175029024 -0.292270422 0.149868965 0.0283302162 -0.0395924598 -0.0752712637 -0.05046032 0.0323684216 -0.126834348 0.0516863056 -0.0469569415 -0.0977563709 0.0909964144 0.133302301 0.0923061222 0.0758460164 -0.0620400645 -0.15896742 -0.0161149651 -0.137128249 0.155665547 0.053807158 0.0100437514 0.0383758508 -0.0527581759 0.0471262299 0.0542616881 -0.0702117831 0.111173846 -0.0310231522 0.0994719565 -0.195856228 -0.012499447 0.0590657108 0.160550013 -0.0693371072 0.145170733 0.128061548 0.183910057
__smartatpg_bin_711_3 0.0740836486 -0.153064623 -0.250407994 0.0530805141 0.118727528 -0.02245491 0.122129992 0.122386187 -0.0801259503 0.344716668 -0.099015139 0.038948372 -0.0739312991 -0.152857229 -0.0296868049 -0.02176149 -0.0227190722 0.0371838808 0.0285634026 -0.0863938108 0.158298865 0.0210652649 0.12444856 0.0886345655 0.0623613857 -0.137717426 -0.22314243 0.135737896 0.0164814387 0.0774248689 0.0892622769 0.0795229971 -0.0156767629 -0.218185693 0.105303071 0.0151269464 0.0872319266 -0.145970449 0.132111087 0.0928243846 -0.0827576146 -0.00423590047 -0.0929567963 0.106877305 -0.0192358084 0.162333339 -0.03187434 -0.0666117296 0.00867178291 0.0339879319 0.0087029906 0.0136766993 0.0727155581 0.104374997 0.0799711347 0.00903266855 -0.205708683 -0.0346158184 0.0590784028 0.120158687 0.0146692339 0.0326917842 -0.0644753948 0.223286599
__smartatpg_bin_711_2 0.186021611 -0.0238733292 -0.123440981 -0.0267666951 0.08803045 0.0944889784 0.190170571 -0.00946481433 0.0570965819 0.0639541373 -0.19436878 0.0231843926 -0.162989408 -0.07158757 -0.0562144667 0.00238663098 0.10648267 -0.0959996134 0.0117386812 0.0409706011 0.133711845 0.033952374 0.0832001045 -0.0128467558 0.0533274114 -0.129577115 -0.276287436 0.166608796 0.0447654091 -0.0400047824 -0.0500883237 -0.0903489813 0.0393498093 -0.128222063 0.0538686216 -0.014119125 -0.0371978432 0.0149370087 0.192753106 0.199894428 0.0207838956 -0.0870276988 -0.152752221 0.0202784427 -0.0499132127 0.174265638 0.0125193773 -0.0167516656 0.0510863476 -0.023477966 0.072392866 0.0804802701 -0.0780588016 0.152446121 0.0711379871 0.0259225331 -0.0119720334 -0.0896760821 0.0354904458 0.197727785 0.00996858068 0.132420033 -0.0590995178 0.153556496
G1648 0.000938717276 -0.0125953872 -0.039218884 -0.0406926647 -0.0548341461 0.018720964 -0.0715269223 0.0726916566 0.0457875431 0.234750852 0.111955851 0.0582585633 -0.0883009434 0.129079536 0.0130004603 -0.100373767 -0.00119376299 0.0489486605 -0.0596926697 -0.2840738 -0.00181596517 0.134670049 -0.00486763427 -0.23066704 -0.039338097 -0.0937682688 -0.275551736 0.113718241 -0.0375494622 -0.0909715593 0.127358153 -0.158994675 0.00271324674 -0.0500874147 0.129815698 -0.0301102232 0.141003087 -0.155808166 -0.0498806089 0.210450411 -0.046955388 -0.202942893 -0.102252103 0.107030861 0.0791777968 -0.0531210303 0.0405456088 -0.0893708393 -0.0949250385 0.137947515 -0.0829515606 0.0164763853 0.0207236093 0.127790421 0.122705936 -0.136528432 0.0888358429 0.0917108878 -0.0287123322 0.000455029629 -0.0677670389 -0.0530738458 -0.0729847774 0.0801942199
__smartatpg_bin_712_1 0.148018852 -0.0715837255 -0.102291569 0.0515576676 0.0590331554 0.180538893 0.219437301 0.0663842857 -0.0304357633 0.0526953973 -0.214553908 -0.0221497789 -0.199199557 -0.100662164 -0.108639851 0.017970914 0.141726285 -0.128379866 0.0843132734 0.283194333 0.239566147 0.146044225 0.196194574 0.127635643 0.0227824207 -0.175281554 -0.292027175 0.149984062 0.0282881502 -0.0396922566 -0.0748521909 -0.0506854169 0.032330405 -0.126869246 0.0519001223 -0.0471483134 -0.0974620879 0.0912379324 0.13332215 0.0920375884 0.0755347386 -0.0622907989 -0.158953682 -0.0163228139 -0.1369894 0.155712247 0.0541205183 0.00991410203 0.0379541889 -0.0523307361 0.0467734858 0.0537673049 -0.070320271 0.111030459 -0.0309825484 0.0994101912 -0.196283549 -0.012444661 0.0587674975 0.160139009 -0.069980152 0.145240799 0.128021881 0.184040666
__smartatpg_bin_712_3 0.076327391 -0.156457022 -0.249876112 0.052807413 0.117929578 -0.0216779709 0.127445474 0.121032663 -0.0784037933 0.345804513 -0.100792006 0.0362681858 -0.0779042915 -0.158898965 -0.0291568022 -0.0162137635 -0.0204903614 0.0368739702 0.0266401563 -0.0879343078 0.164369449 0.0185727719 0.128586531 0.0912745669 0.0617404357 -0.140397102 -0.2227384 0.133671477 0.0166162308 0.0768541098 0.0902921185 0.0790849775 -0.0137984967 -0.215296343 0.107669987 0.0095542958 0.0841848627 -0.142627731 0.130255297 0.0916174799 -0.0822162628 -0.00442513591 -0.0940982923 0.104169093 -0.0189979579 0.163987398 -0.033494968 -0.0646036044 0.00782072451 0.0322687849 0.0112281973 0.0138543714 0.0741998404 0.104763135 0.083371371 0.0111527862 -0.210941926 -0.0346145555 0.054378558 0.121643104 0.0167196244 0.037124522 -0.0605362803 0.223650977
__smartatpg_bin_712_2 0.184239358 -0.0211506765 -0.124303222 -0.0271839704 0.0885348022 0.0932221562 0.18551898 -0.00940872636 0.0541003197 0.0623924248 -0.192665905 0.0253000651 -0.159696236 -0.0643057749 -0.0564508252 -0.00383321266 0.103653513 -0.097629495 0.0133254826 0.0417861529 0.128394768 0.0356672555 0.0791174769 -0.0164536461 0.054169599 -0.127158731 -0.276321083 0.168427199 0.0445158221 -0.0389449 -0.0503492989 -0.0885269865 0.0372644775 -0.130553424 0.0525783971 -0.0105414763 -0.0334805585 0.0131049231 0.194616199 0.199691162 0.01893574 -0.0878758207 -0.1517324 0.0216339938 -0.0492638089 0.172904804 0.0143329808 -0.0193736739 0.0526544936 -0.0218321327 0.0704312772 0.0792699009 -0.079331018 0.151713133 0.0687545538 0.0244196597 -0.00722725084 -0.09092886 0.0384889059 0.196236432 0.0082295211 0.129834473 -0.0631005391 0.151204869
G1651 0.000406085252 -0.0127228703 -0.039707806 -0.0406007133 -0.0550491326 0.0190759152 -0.0712107792 0.0731225237 0.0444302149 0.234796569 0.111614048 0.058746241 -0.0881517828 0.128288701 0.0129259126 -0.100910276 -0.00197752705 0.0494048595 -0.0588591844 -0.281815439 -0.00134345936 0.135528967 -0.0045711929 -0.228766456 -0.0397234373 -0.0942700952 -0.275861621 0.113556042 -0.0367481224 -0.0910371765 0.128388137 -0.15821588 0.00255909655 -0.0510223545 0.129539013 -0.0295822807 0.140676737 -0.155333161 -0.0494348854 0.209445834 -0.0464803539 -0.202101439 -0.101268828 0.107370451 0.0786032528 -0.0532813892 0.0405393392 -0.0891747624 -0.0950970799 0.137814119 -0.08317779 0.0162183475 0.0211274642 0.127251133 0.121424392 -0.136279926 0.0866390616 0.0917523429 -0.0282722954 0.000442305551 -0.0685309395 -0.0531078465 -0.0726364329 0.0804232135
__smartatpg_bin_713_1 0.149513766 -0.0738400295 -0.101824343 0.0518440865 0.0587215386 0.179758206 0.222781047 0.0672338083 -0.0272920635 0.0547441505 -0.216152355 -0.023934314 -0.201585889 -0.107294574 -0.107679985 0.0241419598 0.14458549 -0.126565754 0.0819471702 0.281147242 0.244446784 0.14276351 0.199906185 0.129396006 0.0224211905 -0.17758809 -0.291280389 0.148107395 0.0270382315 -0.0396736749 -0.0751020089 -0.0515947342 0.0340456814 -0.123548865 0.0535628572 -0.0505307987 -0.100016356 0.0911249965 0.130892947 0.0913376287 0.0763366073 -0.060602095 -0.161174998 -0.0172545947 -0.137891695 0.157015756 0.0514653735 0.0112926317 0.0369372591 -0.0546163544 0.0491964892 0.0548552647 -0.0690261722 0.112296239 -0.0276673567 0.101077452 -0.199810714 -0.0109539134 0.0560308844 0.161650956 -0.066506505 0.147630468 0.131253794 0.184495553
__smartatpg_bin_713_3 0.0748079941 -0.153757021 -0.250355422 0.0529275052 0.11886403 -0.0221056659 0.122879446 0.12071947 -0.0814349949 0.344343781 -0.0989804193 0.0380350277 -0.0743758306 -0.152614981 -0.0295376088 -0.0228806939 -0.0228278544 0.035607975 0.0283970311 -0.0864847377 0.158619165 0.0216362141 0.12380942 0.0878877267 0.0621674694 -0.137471527 -0.223088264 0.135722369 0.0165852103 0.0774165764 0.0896390602 0.0802779496 -0.0161751937 -0.217857704 0.105337977 0.0147574805 0.0878880545 -0.144731879 0.13272348 0.0920955092 -0.0839353949 -0.00585586345 -0.0927197561 0.105445825 -0.0183781311 0.163007796 -0.0315520205 -0.066497542 0.00905034598 0.0346904099 0.00887411553 0.0129866237 0.0726287514 0.103962563 0.0794094875 0.009479573 -0.20616065 -0.0360802524 0.0581876375 0.119362086 0.0140162567 0.033987835 -0.0647385716 0.222408906
__smartatpg_bin_713_2 0.184318677 -0.022392422 -0.125337481 -0.026466215 0.0880381018 0.0919869393 0.186382756 -0.00817961898 0.0532767214 0.0640151352 -0.193351701 0.0256938078 -0.160330892 -0.0678681061 -0.0564134866 -0.0022991437 0.10316398 -0.0957113355 0.0137348613 0.0436992235 0.130269706 0.0350643136 0.081108056 -0.0128991781 0.0531284772 -0.128232837 -0.276713192 0.167250142 0.0454528444 -0.038350258 -0.0491567329 -0.0870624632 0.0377222858 -0.131736726 0.0526106581 -0.0103232572 -0.0342075638 0.0122138634 0.193896636 0.198321596 0.0200629234 -0.085324198 -0.150917903 0.0225368366 -0.0499229133 0.172849149 0.0132383816 -0.0185973942 0.0523381829 -0.0232184976 0.0710529462 0.0792636946 -0.0775358453 0.151250765 0.0680647939 0.0256341491 -0.0112634506 -0.0897993371 0.0384740978 0.197215199 0.00963374414 0.129732847 -0.0613790788 0.151300117
G1654 0.00296660396 -0.012903071 -0.0382739753 -0.0408732332 -0.0544538647 0.0176075604 -0.0711094812 0.0687717423 0.0453046337 0.232845396 0.110968918 0.0579103269 -0.0876973942 0.128525406 0.0131789418 -0.101773128 -0.000805187912 0.0466183573 -0.0597906001 -0.284718394 -0.00140044605 0.133912146 -0.00718897954 -0.231948704 -0.0394900069 -0.093230553 -0.275562763 0.113635577 -0.0374717936 -0.0901206061 0.12729764 -0.157181054 0.00207805005 -0.0478790738 0.130097121 -0.0303252954 0.140970647 -0.155173719 -0.0493839718 0.210820273 -0.0473220162 -0.203186363 -0.101523191 0.104114376 0.0797364265 -0.0528291427 0.0396616012 -0.0889954716 -0.0939323604 0.137823984 -0.081010066 0.0168588012 0.0211801901 0.128209069 0.122007169 -0.135831118 0.0905801132 0.0898448005 -0.0289466847 0.000518194691 -0.0666174293 -0.0510380194 -0.0737882853 0.0771480128
__smartatpg_bin_714_1 0.151198059 -0.0733440667 -0.100616269 0.0518860258 0.0581210591 0.181204289 0.226562798 0.0662864596 -0.0239776932 0.0527800359 -0.218473792 -0.0256983582 -0.202398852 -0.110582858 -0.107290164 0.027280122 0.146503106 -0.126900911 0.0807810351 0.281957239 0.24716562 0.14225547 0.200638428 0.129341617 0.0225700922 -0.178905562 -0.291394055 0.147422522 0.0255050883 -0.0409662649 -0.0762521178 -0.0529297069 0.034633521 -0.119660482 0.0540237501 -0.0531053394 -0.103254907 0.0939088464 0.130950496 0.0911769196 0.0774958208 -0.0615007542 -0.162534639 -0.019278232 -0.138758302 0.157207578 0.0504744276 0.0121751428 0.0374107212 -0.0556881577 0.050888408 0.0565443039 -0.0702461377 0.113572486 -0.0265552364 0.10159035 -0.200535357 -0.0112141473 0.054678537 0.161810696 -0.06617181 0.149576291 0.133075163 0.18485266
__smartatpg_bin_714_3 0.0721718743 -0.150816262 -0.251196891 0.0532798059 0.119541697 -0.022995295 0.11724022 0.122687362 -0.08343108 0.343774408 -0.0971284136 0.0412755683 -0.0708735064 -0.146941021 -0.0301607084 -0.0280509498 -0.0254790541 0.0360529646 0.0306146033 -0.0844980329 0.152787924 0.0237005278 0.120701022 0.0864043385 0.0627026185 -0.135382876 -0.223036215 0.137180358 0.0164687447 0.0783296302 0.0890740082 0.0814328417 -0.017776208 -0.220968679 0.102993406 0.0202286933 0.0905577987 -0.14824 0.13408035 0.0925611258 -0.0840366781 -0.00473900791 -0.0915147215 0.108457588 -0.0185659565 0.161252096 -0.0300871562 -0.0683988407 0.00949425716 0.0359683484 0.00656188885 0.0124845607 0.0717437267 0.10354051 0.076470919 0.00758687872 -0.201876655 -0.0354324877 0.0630627796 0.118495435 0.0123362429 0.0293939654 -0.0679585412 0.221711293
__smartatpg_bin_714_2 0.186312944 -0.0239903796 -0.123961993 -0.0268166997 0.0872268453 0.0941761956 0.19251202 -0.0092254132 0.0567442216 0.0639259517 -0.195821911 0.0234158654 -0.163278729 -0.0747224614 -0.0562445149 0.00358515559 0.105652876 -0.0948305055 0.0121033862 0.0439452678 0.135360375 0.0339157693 0.0844906121 -0.00949986652 0.0522659048 -0.130777746 -0.277119011 0.165878519 0.045894511 -0.0400954112 -0.0486091226 -0.0896751285 0.0397619754 -0.128752157 0.0542311296 -0.0144806802 -0.0386906154 0.0157986302 0.193243265 0.198885232 0.022614954 -0.0851508304 -0.15140222 0.0203655381 -0.050798852 0.173512459 0.0119122267 -0.0163749885 0.0514116883 -0.0248861983 0.0730913654 0.0808198676 -0.0771381035 0.152115792 0.0702863708 0.026470229 -0.0160381421 -0.0894620866 0.034684509 0.19861722 0.0108164987 0.132659569 -0.0570272766 0.153743163
G1657 0.001887272 -0.0120235402 -0.0387962759 -0.0413759686 -0.0542181134 0.0177942328 -0.0722740367 0.071994178 0.0476381071 0.235284165 0.112973891 0.0574258715 -0.0884856582 0.130752236 0.01404736 -0.100008845 -0.000645090593 0.0482768081 -0.0611990914 -0.288364142 -0.00303924223 0.133232296 -0.00570508372 -0.234142855 -0.039052438 -0.0925909802 -0.275276601 0.114140727 -0.0386176035 -0.0912237987 0.126334816 -0.160816312 0.00319550862 -0.0489058308 0.130373657 -0.031389486 0.141965285 -0.157184854 -0.0503491685 0.212807178 -0.048086144 -0.20459348 -0.103668481 0.106776819 0.0805476531 -0.052564688 0.0408846103 -0.0900621265 -0.0946057066 0.138833955 -0.08261545 0.0164327696 0.0200087279 0.12871322 0.124928333 -0.137638748 0.0922369808 0.0910508931 -0.0300040841 0.000619996572 -0.066764757 -0.053150706 -0.0743814334 0.0792420134
__smartatpg_bin_715_1 0.150675401 -0.0736595467 -0.100472249 0.0519757681 0.058230523 0.181737214 0.226518869 0.0666485205 -0.0244092923 0.0532418787 -0.218032852 -0.025765352 -0.202533573 -0.110004365 -0.107181743 0.026799392 0.146491632 -0.127167851 0.0809917301 0.281684965 0.247261077 0.142737612 0.200921804 0.129120946 0.0225040186 -0.179232508 -0.291143119 0.147527739 0.0254559908 -0.0411904082 -0.0757221878 -0.0532122776 0.0346281566 -0.119763575 0.0542617291 -0.0533640832 -0.102889799 0.0941406786 0.130932704 0.0909019709 0.0771129355 -0.0618644021 -0.162517086 -0.0194986369 -0.138465688 0.15730764 0.0509463772 0.0120372903 0.036862392 -0.055164516 0.0504244976 0.0558749661 -0.0703925565 0.113414481 -0.0264619701 0.101496227 -0.201097175 -0.0111480914 0.0542366356 0.16132237 -0.0669519827 0.149612084 0.133065805 0.184962451
__smartatpg_bin_715_3 0.075940825 -0.155906096 -0.250083327 0.0527134612 0.118373483 -0.0221372452 0.126101255 0.121144749 -0.0785057768 0.345906079 -0.100219458 0.0369750336 -0.0769912973 -0.157846197 -0.0290978104 -0.0172686726 -0.0209033489 0.0370733663 0.0267902091 -0.0886681825 0.162926972 0.0186713208 0.127442732 0.0903565586 0.0618851818 -0.139505953 -0.222414613 0.133839145 0.0163519699 0.0775016546 0.0899457484 0.0794352144 -0.0143350139 -0.215944514 0.107178532 0.0110108666 0.085315451 -0.143925548 0.130696252 0.0919704735 -0.082626991 -0.00457442319 -0.0937841907 0.10495656 -0.0185387693 0.163929433 -0.033285372 -0.0650790557 0.00793104433 0.0328916125 0.0107987011 0.0138338134 0.0741940811 0.104687482 0.0827646628 0.0106032798 -0.209224865 -0.0348313078 0.0553407483 0.120991051 0.0167672709 0.035994269 -0.0617455617 0.223489165
__smartatpg_bin_715_2 0.185196295 -0.0211529098 -0.124276973 -0.0270584002 0.088268809 0.0929081291 0.186939433 -0.00953267608 0.0547420718 0.0622195676 -0.193680257 0.0249024071 -0.160275817 -0.0664861351 -0.0566170439 -0.00220487197 0.103733383 -0.0971838087 0.0131659629 0.0429953784 0.129668221 0.0350332148 0.0801591128 -0.0151743712 0.0537181422 -0.127828211 -0.276820898 0.167961493 0.0446280427 -0.0392213017 -0.0503441952 -0.088538453 0.0376823582 -0.129998773 0.0527563766 -0.0114330016 -0.0349939093 0.0136560695 0.194276229 0.199622273 0.0201959051 -0.0870565027 -0.151759312 0.0213832669 -0.0497947223 0.172728613 0.0138223739 -0.0188264661 0.0528765768 -0.0229344666 0.0712778717 0.0799350142 -0.0790375322 0.151946291 0.0689959675 0.024956299 -0.00856907573 -0.0906532928 0.0380408503 0.197009563 0.00928127673 0.130405262 -0.0618656948 0.151270255
G1660 0.0012084957 -0.0121374633 -0.0391537584 -0.0410026573 -0.0543759763 0.0181031879 -0.071936056 0.0726607293 0.0459244326 0.235237002 0.112456404 0.0577886254 -0.0883373395 0.13021405 0.0137984883 -0.100660175 -0.00151501002 0.0483823568 -0.0599484369 -0.285270661 -0.00226692436 0.134304002 -0.00520472275 -0.232197538 -0.0392665043 -0.0930588692 -0.275619239 0.114235342 -0.0380247347 -0.0912170708 0.127319768 -0.159941554 0.00281913136 -0.0496600196 0.130116686 -0.031244291 0.141263798 -0.15645574 -0.0501217842 0.211344674 -0.0474249683 -0.20356141 -0.102891929 0.10707169 0.0794448331 -0.0528242365 0.0410446301 -0.0898883119 -0.0947513804 0.138637915 -0.0830183476 0.0160524175 0.0202458631 0.128141314 0.12344297 -0.137066767 0.0896917954 0.0912548751 -0.0292800944 0.000436545437 -0.0677761063 -0.0530077964 -0.0740077347 0.0794947669
__smartatpg_bin_716_1 0.0822337046 -0.168058604 -0.153045431 0.134507716 0.0854475722 0.122209653 0.141567051 0.106715903 -0.144300878 0.295568466 -0.107684121 -0.0728336573 -0.090415433 -0.119637042 -0.111773223 -0.0521886274 0.0836475641 -0.0743222609 0.0930420682 0.11899545 0.263584375 0.181918293 0.150392354 0.094509989 0.0362736247 -0.151625544 -0.287755728 0.161502734 -0.0407016799 0.0227079913 -0.00248190179 0.0390976109 -0.0174726695 -0.155531406 0.101885416 -0.0354752056 0.0440000892 -0.0383427218 0.0631921962 0.0692253336 -0.0395013988 -0.0960401371 -0.159662634 -0.0094430875 -0.112976454 0.149366826 0.0744457394 -0.036753796 0.00644523231 0.0446206518 -0.0419065021 0.0111962873 0.0160399713 0.0823733211 -0.0555315316 0.0920794755 -0.252654046 0.00326512614 0.0468560718 0.047530774 -0.118399516 0.0895396248 0.0992916375 0.255317718
__smartatpg_bin_716_3 0.121506363 -0.105770715 -0.18806313 0.0453937389 0.0898048207 -0.000318145932 0.174105376 0.0826836079 -0.0910110697 0.28872928 -0.118340872 -0.0318782851 -0.0588105284 -0.108308271 -0.0118612479 -0.0539729036 0.00617023697 0.0138150621 0.0252971854 -0.0389258824 0.174587205 0.0852175355 0.101253428 0.0278977789 0.0414912142 -0.132421166 -0.31050089 0.206167132 4.05135579e-05 -0.0241314918 0.0806526989 -0.0525345281 0.00204298808 -0.174708903 0.124844894 -0.0286133196 0.067179665 -0.0924061239 0.142406106 0.152715296 -0.0508430786 -0.0310185514 -0.120919541 0.040452145 -0.0619323291 0.129655331 0.0309002288 -0.0547170416 0.00113119232 0.0597375557 -0.00546889985 0.0205788575 -0.00390649308 0.138530374 0.0474926867 0.00682008965 -0.174942434 -0.045288574 0.0197508726 0.126072437 -0.0571282506 0.0868400186 -0.088411808 0.209118396
__smartatpg_bin_716_2 0.120209813 -0.12190631 -0.175313368 0.0608275272 0.111196518 0.0277637541 0.117523678 0.038225539 -0.053515248 0.305731624 -0.09017656 -0.0301179215 -0.0584555119 -0.0931172594 -0.054290086 -0.0672834218 0.047278937 -0.0404224135 0.0200286061 -0.118776083 0.160073489 0.0763698965 0.0410603248 -0.0429122932 0.0679708868 -0.109757908 -0.270510375 0.179705575 -0.0276668873 0.0222707521 0.0252232049 -0.00363439182 -0.0109142074 -0.153808713 0.107399553 -0.00398412114 0.101194479 -0.116065972 0.126833916 0.169152349 -0.0876311958 -0.120278649 -0.153722122 0.0270262044 -0.0336018987 0.165265098 0.0344701335 -0.0677175075 0.0197553225 0.0743502975 -0.0175816845 0.0363199897 0.00830967817 0.125001431 0.0450254008 0.0148653528 -0.085333325 -0.068486467 0.0204409007 0.0845394805 -0.0400627889 0.0693004802 -0.0796434656 0.225160018
G1663 0.115059763 -0.0930214822 -0.19858554 -0.00396949984 0.119154744 -0.011948864 0.101484172 0.0522476435 -0.0159502644 0.250394344 -0.134055242 0.0777932778 -0.151580527 -0.108010836 -0.0340876207 0.000697714335 0.0483984873 -0.0229640566 0.0446691886 -0.0362126194 0.128005147 -0.021370478 0.109150842 0.0494826622 0.0820805356 -0.0822509527 -0.208887205 0.13670443 0.0214270093 0.0890497118 -0.00781132234 0.00170080084 0.0229226109 -0.181871384 0.0825359076 0.00947139598 0.0588380396 -0.148297921 0.139918834 0.163594618 -0.00478375051 -0.00518296193 -0.137052685 0.115527622 -0.0341308564 0.183594078 0.00595272798 -0.0285067335 0.0318401754 -0.00162925106 0.0447542518 0.0156610943 0.0471779704 0.114400662 0.0395144485 0.0533659868 -0.073044531 -0.0461461395 0.0488608256 0.171735898 0.0649119765 0.0442744717 -0.0697457194 0.169698089
__smartatpg_bin_717_1 0.082153134 -0.168118268 -0.153020784 0.134544909 0.0854636207 0.122291543 0.141551793 0.106754616 -0.14437069 0.295665801 -0.107585408 -0.0728592798 -0.0904048905 -0.119563669 -0.111737795 -0.0522721633 0.0836343318 -0.0743400604 0.0930740014 0.118910983 0.263606131 0.18198967 0.150419801 0.0944826677 0.0362688079 -0.151656583 -0.28773132 0.161516458 -0.0407168232 0.0226883553 -0.00239578076 0.0390624069 -0.0174720604 -0.155559152 0.101933993 -0.0355088301 0.0440615378 -0.0383259133 0.0631859079 0.069185257 -0.0395731814 -0.0961068571 -0.159650937 -0.00946926326 -0.112918332 0.14938806 0.0745051876 -0.0367788523 0.00637167227 0.0447258204 -0.0419939458 0.0110955695 0.0160316508 0.0823446065 -0.0555129535 0.0920454115 -0.252738118 0.00327280187 0.0467935391 0.0474542454 -0.118531331 0.0895346627 0.0992918983 0.255336672
__smartatpg_bin_717_3 0.121768691 -0.105501339 -0.188641086 0.0449956395 0.089907065 -0.000934255426 0.173009828 0.0820664763 -0.0914912894 0.288554102 -0.118141145 -0.0314944647 -0.058342535 -0.107402183 -0.0115257232 -0.0550109744 0.0057824105 0.013757606 0.0250728447 -0.0393071063 0.173393443 0.0851209462 0.100155756 0.0271623824 0.0416930802 -0.131522611 -0.310652137 0.206143022 0.000103029495 -0.0234889295 0.08011657 -0.0517140143 0.00146238471 -0.175416723 0.124360859 -0.0272433013 0.0683764815 -0.0931261182 0.143030271 0.152777001 -0.0518141091 -0.0315150507 -0.120644249 0.0410100892 -0.0612898581 0.129894242 0.0306911916 -0.0549806245 0.00193574908 0.0599878244 -0.00545758335 0.0205908362 -0.00371920806 0.138404995 0.0469954498 0.00643661618 -0.173418492 -0.0461584553 0.0204910524 0.125799298 -0.0570452325 0.0865782425 -0.0896172673 0.208555505
__smartatpg_bin_717_2 0.120360829 -0.121533565 -0.175420091 0.0611128733 0.111637123 0.0280555692 0.116068147 0.0380153023 -0.054062739 0.30529663 -0.0897333622 -0.0298535749 -0.0582597815 -0.0920119658 -0.0545269921 -0.0683388188 0.0473392531 -0.0407847539 0.0203226544 -0.118614376 0.159076259 0.0771059021 0.0402222052 -0.0436208323 0.0681938604 -0.10898491 -0.270637482 0.180064082 -0.0278708581 0.0220888536 0.0242202729 -0.00331656239 -0.0114415223 -0.154312164 0.106303602 -0.00267854799 0.101782873 -0.11638318 0.126886487 0.169523314 -0.0880713537 -0.120915025 -0.153787911 0.0273368992 -0.0333823897 0.165683299 0.0346725993 -0.0673221573 0.0198675487 0.0748704076 -0.0178104509 0.0364391133 0.00797108375 0.12518318 0.0442912355 0.0146663804 -0.0834077522 -0.0686469302 0.0220204722 0.0843608603 -0.0409171283 0.06905929 -0.080812484 0.22501336
G1666 0.114999518 -0.0930824205 -0.198583677 -0.00382954301 0.119121179 -0.0119071826 0.101705834 0.0523402281 -0.016165318 0.250330985 -0.134202555 0.0778806359 -0.151597053 -0.108112149 -0.0341740996 0.00062031683 0.0483516343 -0.0228993222 0.0448059626 -0.0356995389 0.12816909 -0.0211657286 0.109261565 0.0498262048 0.0820322484 -0.0823088959 -0.209009364 0.136797696 0.0215190072 0.0890606567 -0.00773359183 0.00182343763 0.0228354204 -0.182036012 0.0825195238 0.0095041655 0.0587845705 -0.148101881 0.13998279 0.163389757 -0.00464594131 -0.00501567591 -0.136904225 0.115534738 -0.0343097076 0.183545008 0.00593775371 -0.0283738952 0.0318869688 -0.00171065528 0.0447156429 0.0156479888 0.0472096093 0.114328071 0.0392344743 0.0534653775 -0.0734229907 -0.0460737497 0.0489706472 0.171723083 0.0648089573 0.0443239734 -0.0696606785 0.16984041
__smartatpg_bin_718_1 0.0821600333 -0.168077603 -0.152969182 0.13451685 0.0854041725 0.122280918 0.141571462 0.106686987 -0.144269988 0.295498431 -0.107713267 -0.0728436485 -0.0903576091 -0.119550236 -0.111758418 -0.052251175 0.0836971924 -0.0743557885 0.0930420011 0.118976578 0.263619184 0.181978852 0.15033327 0.094492659 0.0363174602 -0.151621759 -0.287761986 0.161549285 -0.0407210737 0.0227285195 -0.00247178623 0.0390644409 -0.017497465 -0.155475482 0.101919115 -0.0354645215 0.0439855382 -0.0382501148 0.0632294938 0.069203496 -0.0395222232 -0.0960548669 -0.159665093 -0.00949424598 -0.11303708 0.149315625 0.0744178668 -0.0367718749 0.0064417515 0.0446673185 -0.0419300757 0.0112272985 0.0160101764 0.0823640376 -0.0555401593 0.0920553356 -0.252622873 0.00327063794 0.0468718633 0.0475019813 -0.118482716 0.0895704776 0.099260129 0.255349964
__smartatpg_bin_718_3 0.120526738 -0.103795387 -0.18953079 0.0451821536 0.0903528407 -0.00141275418 0.16937837 0.0821746513 -0.0944404453 0.287511528 -0.116865829 -0.0298298132 -0.0560999475 -0.102677368 -0.0119295726 -0.0601165742 0.00347700715 0.0128009748 0.0267081168 -0.0372596271 0.169380173 0.0873367116 0.0972578675 0.0254808329 0.0420254879 -0.129765674 -0.310955077 0.207415506 0.000265072798 -0.0228802543 0.0798867792 -0.0499048531 -0.000239686444 -0.177794114 0.1225935 -0.0235282648 0.070979327 -0.094393827 0.144620106 0.152363718 -0.0529656671 -0.0320487693 -0.119405866 0.0421999358 -0.0608606488 0.129101291 0.0319465287 -0.056229379 0.00293893088 0.061292991 -0.00705765234 0.0196550507 -0.00450648088 0.137664497 0.0441839695 0.00540362485 -0.170567378 -0.0469617657 0.0236081574 0.124762185 -0.0590634756 0.0843872502 -0.0923172683 0.207219496
__smartatpg_bin_718_2 0.120104693 -0.121655799 -0.175763682 0.0611653365 0.111418538 0.0283340551 0.116536058 0.0381955244 -0.0547822639 0.305253744 -0.0900294408 -0.0294794589 -0.0581868179 -0.092770271 -0.0545293838 -0.0686220974 0.0468270332 -0.0402656086 0.0207461901 -0.117229499 0.159407452 0.0777792856 0.0403773598 -0.0420871451 0.0677456036 -0.109287642 -0.270991892 0.179916129 -0.0271636155 0.0220250711 0.0249504521 -0.00278866896 -0.011505614 -0.155119374 0.106055856 -0.00209559035 0.101684779 -0.115980826 0.127397701 0.169003353 -0.0877191424 -0.120354563 -0.152910247 0.0275596119 -0.0336278044 0.165532872 0.0345567912 -0.0670072287 0.0198284518 0.0747468099 -0.017861817 0.0363607332 0.00839809794 0.124863692 0.0433174521 0.0147629473 -0.0849655718 -0.0686199963 0.0222360212 0.08442083 -0.0413766429 0.0690165013 -0.080503054 0.225272924
G1669 0.11504291 -0.0931102261 -0.198680371 -0.00399295194 0.119133234 -0.0118347974 0.101763152 0.0522010922 -0.0159684047 0.250481814 -0.134002715 0.077932395 -0.151580527 -0.108261906 -0.0340453722 0.000721251825 0.048363477 -0.0226224549 0.0445685238 -0.0363862999 0.12786305 -0.0213041119 0.109195173 0.0498073585 0.0819258094 -0.0823033676 -0.208987102 0.136626184 0.0216480233 0.0889423341 -0.00772847841 0.00164526736 0.0230022203 -0.182223037 0.0825292766 0.00978747848 0.0591149889 -0.148256198 0.140136734 0.163680613 -0.00482827984 -0.00520670786 -0.136810258 0.115599699 -0.033921089 0.183614284 0.0058841547 -0.0283332393 0.0318445005 -0.00166272104 0.0447530076 0.015671473 0.047289703 0.114351027 0.0393868834 0.0532148518 -0.0731698796 -0.0461613163 0.0487080887 0.171795413 0.0649527237 0.0440846421 -0.0696489513 0.169895202
__smartatpg_bin_719_1 0.0817385316 -0.168481469 -0.152940974 0.134617507 0.0854461715 0.122580595 0.141397208 0.106999941 -0.14461714 0.295949519 -0.107354619 -0.0727607682 -0.0904648378 -0.119204849 -0.111706711 -0.0526475199 0.0837823972 -0.0745144337 0.0932347551 0.118721969 0.263739526 0.182181641 0.150471911 0.0945039093 0.0363606848 -0.151774988 -0.287427455 0.161543101 -0.0407593362 0.0228909981 -0.00206839456 0.0391040966 -0.0175844822 -0.155630082 0.102098443 -0.0355990231 0.0443614535 -0.0382716693 0.0631738529 0.0688934326 -0.039871864 -0.0961931646 -0.159598485 -0.00953963213 -0.112827159 0.149463594 0.0745895356 -0.0368864946 0.00609845109 0.0450801253 -0.0422731861 0.0107444329 0.016082637 0.0822012872 -0.0555566363 0.0920521766 -0.253041804 0.00328371557 0.0466872267 0.0471277982 -0.118890315 0.0895572454 0.099259086 0.25544852
__smartatpg_bin_719_3 0.122766905 -0.10716901 -0.188812315 0.0449451618 0.0895822272 -0.000593776407 0.1747199 0.0807241127 -0.092686601 0.288623244 -0.118643932 -0.0325637236 -0.0600664169 -0.108718604 -0.0113505386 -0.0545931458 0.00580920326 0.0123909814 0.0247635134 -0.038736362 0.175120786 0.084867917 0.101462513 0.0282522105 0.04135691 -0.132346258 -0.310590833 0.205330685 0.000372674491 -0.0235099718 0.0808603689 -0.0506741628 0.00165597349 -0.174734607 0.124881588 -0.028820429 0.0678713545 -0.0910654441 0.142828166 0.151337922 -0.0524364077 -0.0322523899 -0.12075635 0.039316088 -0.0606139041 0.130669564 0.0304282531 -0.0542252809 0.00211763359 0.0596635379 -0.00455070799 0.0197887253 -0.0031583875 0.138133168 0.0473932922 0.00757686095 -0.175861493 -0.0470122769 0.0189115126 0.126143277 -0.0570298918 0.0887582973 -0.08834631 0.207600102
__smartatpg_bin_719_2 0.118406534 -0.119244374 -0.176618576 0.0608851463 0.111896507 0.0268220454 0.111802615 0.0383288711 -0.057915967 0.304131508 -0.0882724747 -0.0274265949 -0.0554060675 -0.0858892128 -0.05481603 -0.074701786 0.0440666787 -0.0418853387 0.0223770719 -0.116261072 0.154043391 0.079449527 0.0363621153 -0.0455426387 0.0686179325 -0.106839553 -0.270930618 0.181600496 -0.0275010243 0.0232805014 0.0244983602 -0.00105491711 -0.0136796217 -0.157372236 0.104719236 0.00167288957 0.105326228 -0.118300088 0.129315734 0.168781981 -0.0895807669 -0.121090025 -0.151941821 0.0290572625 -0.0330262296 0.164278388 0.0361544155 -0.0696249828 0.021421615 0.0764288679 -0.0197735857 0.0351334251 0.00707027363 0.124069273 0.0409259498 0.0131859556 -0.0803609416 -0.0698265061 0.0252980161 0.0829621479 -0.0428208522 0.0660221949 -0.0842224211 0.22305052
G1672 0.11471013 -0.0931658819 -0.199002102 -0.00395536702 0.118766002 -0.0116258143 0.102136463 0.0523731485 -0.0168272182 0.250090539 -0.134707436 0.0784000754 -0.151402578 -0.109088488 -0.0341250971 0.000323946704 0.0477507524 -0.0222502761 0.0452400409 -0.0339707211 0.128558889 -0.0204591416 0.109262362 0.0516181886 0.0815333799 -0.0826177374 -0.209426805 0.136518538 0.0224756878 0.0890932679 -0.00684031984 0.00255071698 0.022809973 -0.182901248 0.0821398869 0.0103399148 0.0585680678 -0.147692919 0.140673965 0.162855282 -0.00411034469 -0.00421736296 -0.135777041 0.115810096 -0.0346034355 0.183337763 0.00560235325 -0.0280628838 0.0319355391 -0.00187485211 0.044840049 0.0157327298 0.0478031076 0.113987006 0.0380825959 0.053520821 -0.0750842616 -0.0461375602 0.0493823439 0.171970114 0.0643421039 0.0442667715 -0.0693513826 0.170071453
__smartatpg_bin_720_1 0.0833520293 -0.169732794 -0.151817173 0.134277284 0.0850982144 0.123104028 0.145815164 0.106798328 -0.140784383 0.2961016 -0.109529704 -0.0748809502 -0.0923020989 -0.124885768 -0.110827878 -0.0469166264 0.0867750272 -0.0737053826 0.0908100829 0.117055908 0.268549114 0.179730892 0.153391421 0.0955512151 0.0363111682 -0.153981328 -0.286920965 0.160316706 -0.0419555195 0.0220294427 -0.00246914057 0.0373556539 -0.0159432031 -0.151694804 0.103813693 -0.0396539345 0.0411662161 -0.0363669507 0.0616527759 0.0687700287 -0.0387873724 -0.0958464369 -0.161616534 -0.0114196548 -0.113897532 0.150420904 0.0726341903 -0.0355549678 0.00544792041 0.0431164913 -0.0399796888 0.0122507513 0.0163724069 0.083755523 -0.052418001 0.0933297426 -0.255803525 0.00395940477 0.0436206907 0.0482539758 -0.116763577 0.092729874 0.102200426 0.256266356
__smartatpg_bin_720_3 0.121126771 -0.104847223 -0.189856857 0.04499029 0.0904207006 -0.00146576436 0.169780701 0.0810011625 -0.0957499295 0.287588269 -0.116781741 -0.0302278567 -0.0569457151 -0.102826685 -0.0116762826 -0.0607675351 0.00309832208 0.0116269123 0.0265233684 -0.0373712406 0.169770062 0.087286137 0.0974953771 0.0255788211 0.0418197811 -0.129795924 -0.310723364 0.206872866 0.000296217913 -0.0224291515 0.0802896544 -0.0486761369 -0.000513247098 -0.177774087 0.122697636 -0.0237517711 0.0715624616 -0.0934769213 0.144827694 0.151270464 -0.0539751798 -0.0329232402 -0.119226821 0.0412221104 -0.0597745404 0.129820108 0.031930916 -0.0559205301 0.00319676846 0.0615086257 -0.00660668453 0.0188205522 -0.00403979933 0.137364954 0.0440832563 0.00595258502 -0.171290413 -0.047956977 0.0228724126 0.124574788 -0.0591050945 0.0855416879 -0.0922647342 0.206096515
__smartatpg_bin_720_2 0.11871738 -0.119501844 -0.176870987 0.0610336028 0.111428343 0.02700218 0.113630272 0.0384646542 -0.0581037141 0.303973228 -0.0894331709 -0.0274954978 -0.0557473786 -0.0884769782 -0.0549644157 -0.0736196414 0.0436882973 -0.0409969948 0.0226770267 -0.113950498 0.155709878 0.0796507671 0.0374066718 -0.0428976901 0.0678337961 -0.107792258 -0.271630645 0.181071177 -0.026616212 0.022970669 0.0254441798 -0.000561631634 -0.0133279134 -0.157647908 0.104771063 0.00129676959 0.103945635 -0.117283553 0.129522666 0.168089271 -0.0883249417 -0.11990054 -0.151115403 0.0289367922 -0.0337783247 0.163972408 0.0356569998 -0.0689234138 0.0214544237 0.0754354373 -0.0192531385 0.035507109 0.00777752511 0.123811111 0.0401660986 0.0138791669 -0.0834119245 -0.0695270747 0.0249398127 0.0834902674 -0.0426030159 0.0665830225 -0.0828670859 0.223563209
G1675 0.114987046 -0.0929633081 -0.19883509 -0.00433747889 0.119280994 -0.0120675182 0.101425469 0.0520633981 -0.0157421343 0.250548005 -0.133836463 0.0779916272 -0.151382998 -0.108064279 -0.033669576 0.000624583685 0.0481528305 -0.0225928053 0.0443585254 -0.0371750034 0.127436951 -0.0216817893 0.108807959 0.0493073463 0.0819498152 -0.0821586177 -0.208776489 0.136548504 0.021716278 0.0890330896 -0.00751110958 0.00157964102 0.0230993424 -0.182107642 0.0824335963 0.00984467752 0.0593695492 -0.148640662 0.140287101 0.164015457 -0.00511404919 -0.00527417427 -0.136796132 0.115722992 -0.0335638858 0.183659658 0.00573321944 -0.0286095012 0.0318299569 -0.00145060953 0.0449331738 0.0156472065 0.0473000593 0.114375927 0.0396918505 0.0528939478 -0.0726878196 -0.0464462154 0.0486475825 0.171865776 0.0652193427 0.0438237488 -0.070197843 0.169549555
__smartatpg_bin_721_1 0.0845641419 -0.16998446 -0.151255697 0.134612516 0.0845866278 0.123452768 0.148752183 0.106656224 -0.138042524 0.295464754 -0.111362576 -0.0762769505 -0.0929449722 -0.128615379 -0.110221721 -0.043552231 0.0885596052 -0.0732288808 0.0896683186 0.117242113 0.271614105 0.178528816 0.154727608 0.0958978981 0.0362084508 -0.155456349 -0.286807388 0.159202293 -0.0432947911 0.0213301461 -0.0032611161 0.0369555876 -0.0151925441 -0.148621663 0.104297899 -0.0417932905 0.0386390053 -0.0349416696 0.0608518235 0.068159461 -0.0380259417 -0.0956486762 -0.163000599 -0.0127787525 -0.114597417 0.150804609 0.0712824389 -0.0346570909 0.00558137614 0.0417050011 -0.0382784717 0.0135741699 0.0160984863 0.0848171487 -0.0511570536 0.0944673866 -0.25715822 0.0043691569 0.0424314626 0.0486949161 -0.11562375 0.0944095254 0.103934906 0.256213307
__smartatpg_bin_721_3 0.118620776 -0.101615801 -0.190522924 0.0453502834 0.0911688656 -0.00207258342 0.164440021 0.082609944 -0.0978018865 0.286537856 -0.114972204 -0.0275027752 -0.0530151911 -0.0967983529 -0.0124461092 -0.0663911328 0.000616127218 0.011811207 0.0287726428 -0.0354077891 0.164230824 0.0899615213 0.093457073 0.0231128987 0.0424164869 -0.127471074 -0.310884386 0.208910614 0.000237056884 -0.0219032243 0.079753466 -0.047701709 -0.00232992508 -0.180690601 0.120346837 -0.0186853111 0.0743627697 -0.0966400132 0.146521404 0.151962206 -0.0542514361 -0.0324801244 -0.117790595 0.0438699648 -0.0601805784 0.128065437 0.0336397067 -0.0579962358 0.00374505925 0.0631461218 -0.00919627491 0.0184829067 -0.0053513567 0.136799395 0.0408062451 0.00394439045 -0.166659728 -0.047722891 0.0275708809 0.12324544 -0.0613494404 0.0811685026 -0.0958681107 0.205637097
__smartatpg_bin_721_2 0.120310694 -0.121736869 -0.176190302 0.0610449128 0.110714607 0.0280984901 0.118901812 0.0382539146 -0.0551529825 0.305022568 -0.091449663 -0.0293961968 -0.058298856 -0.0957201645 -0.0545960031 -0.0675327629 0.0459554046 -0.039190229 0.0210611522 -0.114461876 0.161048606 0.0777418092 0.0413930491 -0.0389741361 0.0667229965 -0.110443167 -0.271834433 0.179231077 -0.0259623602 0.0218874253 0.0264728758 -0.00204443466 -0.0110796941 -0.15553014 0.106417276 -0.00252594543 0.100252725 -0.114994265 0.127995953 0.168063238 -0.0861939564 -0.118686341 -0.151645809 0.0274236817 -0.0344653204 0.164795473 0.0340166986 -0.0666996017 0.0201680474 0.0733666644 -0.0172090214 0.0366766825 0.00929865055 0.12437126 0.0424520932 0.0154371588 -0.0888638496 -0.0685101971 0.0213359315 0.0850787163 -0.040668834 0.06936156 -0.0786768422 0.22550872
G1678 0.115360633 -0.0927615985 -0.19851169 -0.00459582498 0.119927101 -0.0126529615 0.100620598 0.0517919734 -0.0145322047 0.251032948 -0.132808685 0.0773779452 -0.151495233 -0.106631592 -0.0332810543 0.00107006333 0.0488137715 -0.0231795479 0.0433412008 -0.0408283062 0.126164317 -0.023107918 0.10846258 0.0465207174 0.0825517699 -0.0815352798 -0.208015397 0.13678579 0.0206258874 0.0889804959 -0.00860260427 0.000334240758 0.0233410411 -0.181097418 0.08286082 0.0089667961 0.0602179505 -0.149654925 0.13962765 0.165355533 -0.00625747675 -0.00655767461 -0.138190106 0.115571588 -0.0325358622 0.184126362 0.00600855798 -0.0292016715 0.0317728892 -0.00104701612 0.0449925587 0.0154897692 0.0465488918 0.114877671 0.0416409075 0.0523070954 -0.0697981566 -0.0467141047 0.0477459766 0.171670198 0.0663103461 0.0434335358 -0.0710134283 0.168992579
__smartatpg_bin_722_1 0.0841451585 -0.170426518 -0.151276648 0.134758368 0.0847074538 0.123773254 0.14856793 0.107029252 -0.138517588 0.296125382 -0.110834874 -0.0762373358 -0.0930888578 -0.128286257 -0.110130243 -0.0439799689 0.0885490924 -0.073367551 0.0898988694 0.116889834 0.271718651 0.178760812 0.15497224 0.0958778188 0.0361826792 -0.155651569 -0.286459535 0.15916203 -0.0433359966 0.021414632 -0.00275907386 0.0369712412 -0.0152371405 -0.148874208 0.104505859 -0.0419921428 0.0391028523 -0.0350461677 0.0607412644 0.0678425431 -0.0384359583 -0.0958700776 -0.162917912 -0.0128088957 -0.114229247 0.151035279 0.0715818182 -0.0347772613 0.00514626876 0.0422059298 -0.03870444 0.0129233804 0.0161849651 0.0846341625 -0.0511326604 0.0944382101 -0.257712781 0.00438799709 0.0421355218 0.0482600853 -0.116117552 0.0943565741 0.103974231 0.256284803
__smartatpg_bin_722_3 0.122374825 -0.106646873 -0.189085305 0.0448502675 0.0900008455 -0.00112918578 0.173317149 0.0809101909 -0.0928408429 0.288773149 -0.118053526 -0.0318434797 -0.0591686368 -0.1076883 -0.0112897921 -0.0556290299 0.00535857491 0.0126695707 0.024899736 -0.0394815095 0.173797011 0.0849440098 0.100350447 0.0273252819 0.041490294 -0.131476656 -0.310326368 0.205509558 0.000112690461 -0.0228435379 0.0805222765 -0.0502604954 0.00113864185 -0.17544654 0.12442372 -0.0274032149 0.069043681 -0.0924244896 0.143211111 0.151621461 -0.0528554656 -0.0323206745 -0.120429166 0.0401428863 -0.0601544678 0.13064383 0.030607 -0.0546756424 0.00222151889 0.0602177866 -0.00498044956 0.0197685715 -0.00310459314 0.138047203 0.0468479171 0.00704332208 -0.174147636 -0.0471702144 0.0198613107 0.125563845 -0.0569298565 0.0876619369 -0.0895626992 0.207411185
__smartatpg_bin_722_2 0.11927218 -0.119204447 -0.17655611 0.0609271191 0.111699685 0.0265249331 0.113251299 0.038028691 -0.0573130734 0.303802639 -0.0892946199 -0.0279197376 -0.0558058321 -0.0879868045 -0.0550062805 -0.0731954947 0.0441520922 -0.0415124893 0.0221887454 -0.115234695 0.15533787 0.0788034499 0.0371527039 -0.0444443449 0.0682324767 -0.107426219 -0.271411389 0.181180254 -0.02730502 0.0229795724 0.0245528743 -0.000987236504 -0.013256439 -0.156761453 0.1049091 0.000759474409 0.1038872 -0.11770691 0.129049614 0.168748483 -0.0885292739 -0.120415799 -0.151967496 0.0286505502 -0.0335325375 0.164129153 0.0356911235 -0.0691445768 0.0216890443 0.0753332675 -0.0189741794 0.0357823856 0.00736268377 0.124199465 0.041126661 0.0138457865 -0.0816286355 -0.0696739405 0.0247814655 0.0835818946 -0.0418858342 0.0666785613 -0.0831557512 0.22313042
G1681 0.114973843 -0.0927963033 -0.198699176 -0.00428954046 0.11958205 -0.0125406943 0.101022661 0.052176293 -0.0156649109 0.250468403 -0.133759364 0.0777722746 -0.151356593 -0.107233316 -0.0335507542 0.000551071309 0.0481824242 -0.0231440663 0.0443082601 -0.0375422202 0.127248302 -0.0220798757 0.108656801 0.0483464338 0.0823110566 -0.0818384588 -0.208497599 0.136964545 0.0212437995 0.0892754123 -0.00777668972 0.00143619941 0.0229120534 -0.181566685 0.0824924707 0.00911413785 0.0592906475 -0.148855031 0.139961749 0.164137706 -0.00532033341 -0.00535882963 -0.137298182 0.115710586 -0.0337185673 0.183772027 0.00582650444 -0.0289465412 0.0319469497 -0.00132973481 0.0449851751 0.0155074904 0.0469130464 0.114486128 0.0401397347 0.0529236384 -0.0720206052 -0.0465549715 0.0487401523 0.171724111 0.0655288249 0.0438959263 -0.0707232654 0.169164196
__smartatpg_bin_723_1 0.165116459 -0.0617673285 -0.117838107 0.008552894 0.0760396793 0.127916783 0.21764034 0.0400022976 0.00329752918 0.0787536725 -0.19217658 -0.00583698321 -0.19712913 -0.0872025043 -0.075829491 0.0336624272 0.127006114 -0.103447661 0.0390012264 0.141671538 0.183052704 0.0863516033 0.167967781 0.0735440701 0.0338672101 -0.149932384 -0.283819109 0.163796872 0.0401849598 -0.0403629541 -0.0698690042 -0.0885045305 0.0420617722 -0.148053408 0.0652959198 -0.0462559387 -0.0567901544 0.0463655367 0.153207287 0.15295659 0.043236047 -0.0707279369 -0.156942427 0.0156001328 -0.0950247496 0.181059167 0.0431237221 0.00738978153 0.0407538749 -0.0429770164 0.05527981 0.0536131896 -0.0717983842 0.131213278 0.0322814956 0.0640404969 -0.122433573 -0.0456363522 0.0196298677 0.180010378 -0.0200130306 0.139709741 0.0604684614 0.176986814
__smartatpg_bin_723_3 0.0754000545 -0.150546551 -0.245005831 0.052188769 0.118461341 -0.0164445881 0.129198343 0.120407954 -0.0750540271 0.340205789 -0.101497695 0.0342236497 -0.0742316023 -0.151884884 -0.030013876 -0.0192033947 -0.0187505148 0.0341302343 0.0268637352 -0.086200729 0.161937267 0.0254224353 0.124528274 0.084072873 0.0615457036 -0.140164584 -0.2255788 0.139134541 0.015927583 0.0701496303 0.0895295963 0.0708683506 -0.0138738519 -0.212601915 0.107400328 0.0091600772 0.0825708285 -0.137761816 0.133327767 0.0965154022 -0.0802928209 -0.00858192518 -0.0948415548 0.101241954 -0.0219709314 0.160907075 -0.0293785241 -0.0657820925 0.00674226554 0.0346982852 0.00905035809 0.0152406478 0.0674752817 0.105986856 0.0820417479 0.00773700094 -0.206216455 -0.0352616832 0.0533818379 0.119172215 0.0104836682 0.0368838534 -0.0633168444 0.226712391
__smartatpg_bin_723_2 0.183395863 -0.0277811345 -0.128671482 -0.0255751144 0.0886341855 0.0916132778 0.188560545 0.00111136376 0.0536515452 0.0789988711 -0.187730491 0.0219941493 -0.167121798 -0.0728253946 -0.0530412868 0.00629633712 0.102420196 -0.0901201144 0.0121346433 0.0362387635 0.133165434 0.033204753 0.0932627246 -0.0101981619 0.0507927351 -0.132744521 -0.275288969 0.164173141 0.0438841395 -0.0419576205 -0.0453462191 -0.0938597098 0.0428959802 -0.135687903 0.0558131747 -0.0164344274 -0.032354787 0.00650688168 0.18756485 0.198133901 0.0177746769 -0.0864580274 -0.155704394 0.0277393442 -0.0456503145 0.175782323 0.016914431 -0.0181299485 0.0448275544 -0.0218610112 0.0656019226 0.07236702 -0.0768286213 0.151690245 0.0756627545 0.0259903986 -0.0225307997 -0.0845473409 0.0305317659 0.196931303 0.00875920709 0.127542555 -0.0567644648 0.156135961
G1684 0.00349186943 -0.0119903348 -0.0271303821 -0.0199531205 -0.0568066798 0.0279260799 -0.0754148141 0.0736827999 0.0383428596 0.22829321 0.101054125 0.0470883287 -0.0888008028 0.130576506 -0.00830465928 -0.10790363 0.00813143607 0.0224431586 -0.0366800837 -0.239310369 0.0247052722 0.145552933 0.000660518534 -0.234448284 -0.031982664 -0.102208912 -0.276462555 0.113814175 -0.0550188944 -0.0913519263 0.121058181 -0.146598801 -0.00410184916 -0.026581049 0.13005504 -0.0408246107 0.116212659 -0.140657708 -0.065758273 0.184689224 -0.0352483913 -0.203408778 -0.117627047 0.0876970217 0.0598836578 -0.0585868098 0.0457569025 -0.0940011665 -0.0958187729 0.133723006 -0.0882168263 0.0199455637 0.0137049835 0.129898325 0.112798609 -0.116473868 0.0793061107 0.100718036 -0.0124854483 -0.00841918681 -0.0818857923 -0.0395146571 -0.0660376176 0.0793692768
__smartatpg_bin_724_1 0.166653275 -0.0632522702 -0.116785452 0.00852656737 0.0756562799 0.128279135 0.221636117 0.0399650745 0.006883875 0.0793916211 -0.193983093 -0.00780596863 -0.199300855 -0.092582956 -0.0751300678 0.0390175357 0.129811615 -0.102646172 0.0369860306 0.140119076 0.187548757 0.0839575157 0.170636401 0.0745686367 0.0339111239 -0.152001262 -0.283342659 0.162515894 0.0390167497 -0.0408769436 -0.0702448636 -0.0900676772 0.0435246043 -0.144433171 0.0668688491 -0.050062485 -0.0598703362 0.0476427265 0.151777476 0.152717561 0.0441850647 -0.0702084303 -0.158761591 0.0139814075 -0.0957823321 0.182075351 0.0412242711 0.00854767766 0.0401246361 -0.0446047559 0.0573029518 0.0548455864 -0.071494922 0.132483229 0.0352319591 0.0652251467 -0.125141516 -0.0449822769 0.0168415904 0.180982783 -0.0177875124 0.142209023 0.0634002388 0.177876666
__smartatpg_bin_724_3 0.0742037594 -0.148926347 -0.245905936 0.0524953604 0.118944079 -0.0171071831 0.125441849 0.120373152 -0.0780832544 0.339427769 -0.100227781 0.0359123833 -0.0719240606 -0.147375703 -0.0304183066 -0.0243151765 -0.0210462492 0.0332015678 0.0285004415 -0.0842497423 0.157707378 0.0274568144 0.121473521 0.0825552791 0.061845921 -0.138159603 -0.225767776 0.140260339 0.0160599872 0.0710420758 0.0892468616 0.0728195608 -0.0156935751 -0.214954689 0.105534129 0.0131716626 0.0853199661 -0.13944222 0.134927168 0.0961379483 -0.0815389454 -0.00909289904 -0.0936936811 0.102517426 -0.0214889888 0.160146847 -0.0281370692 -0.0670545176 0.00785375293 0.036170233 0.00747242663 0.0143133346 0.0668342784 0.105152898 0.0789849088 0.00682489574 -0.203382775 -0.0361741371 0.0566688403 0.117910601 0.00869295653 0.0345526412 -0.066008471 0.22535643
__smartatpg_bin_724_2 0.183637127 -0.0277276728 -0.129259512 -0.0255954005 0.0884310603 0.0913600996 0.1890724 0.00101212552 0.053079024 0.0788253695 -0.188291013 0.0224154443 -0.16704528 -0.0742445812 -0.0531086177 0.0063790218 0.101829402 -0.0893998146 0.0124669718 0.0378086269 0.133409545 0.0334153138 0.0932991132 -0.00842529722 0.0503007658 -0.132823288 -0.275778115 0.163860992 0.0446506627 -0.0418681875 -0.0449343584 -0.0930303112 0.0428379998 -0.136590034 0.055361256 -0.0156881455 -0.0326423794 0.00655505527 0.188036308 0.197795048 0.0184072834 -0.0856642425 -0.154724896 0.0281811506 -0.0459063724 0.175693452 0.0165322553 -0.0176653415 0.0451785661 -0.0223873258 0.065867357 0.0726407394 -0.0762494579 0.151496753 0.0746104494 0.0262269974 -0.0238083769 -0.0846688896 0.0309941769 0.197343677 0.00891515054 0.127418056 -0.0563378483 0.156186596
G1687 0.00388674717 -0.0117347287 -0.0268259365 -0.0202333014 -0.0565675646 0.0274761003 -0.0758749917 0.0732480437 0.0396570601 0.228188053 0.101341054 0.0467733294 -0.088789098 0.131323248 -0.0079945121 -0.107557483 0.00866643898 0.0220793076 -0.0375157893 -0.241496757 0.0241190307 0.144651011 8.64590256e-05 -0.236274749 -0.0316908173 -0.101697758 -0.276120484 0.113894328 -0.055618614 -0.0912076384 0.120329551 -0.147184044 -0.00394673226 -0.0256898552 0.130175024 -0.0412192903 0.116537392 -0.141281918 -0.0660152137 0.185740843 -0.0357591771 -0.204102069 -0.118368268 0.0875167549 0.0605164692 -0.0584750399 0.0456142612 -0.0943488777 -0.0956202149 0.133941576 -0.0878572315 0.0202443376 0.0133795701 0.130346447 0.113999031 -0.116892457 0.0814258158 0.100500517 -0.0127806701 -0.00833363552 -0.0810828432 -0.0396235175 -0.0667071864 0.0789471716
__smartatpg_bin_725_1 0.166132882 -0.0635573268 -0.116623156 0.00860947184 0.0757106617 0.128785864 0.221576631 0.0403182879 0.0065327622 0.0797602683 -0.193619505 -0.00784287322 -0.199426919 -0.0919951424 -0.0750162303 0.0385565944 0.129866943 -0.102897651 0.037166629 0.139883727 0.187664896 0.0844440386 0.170874789 0.0743839368 0.0339051709 -0.152282968 -0.283092231 0.162630692 0.0389686413 -0.0410411619 -0.0697773099 -0.0903285667 0.04350188 -0.144510984 0.0670985356 -0.0502810441 -0.0595516488 0.0478799529 0.151777208 0.152438924 0.0438454039 -0.0705100745 -0.158753768 0.0137839001 -0.095603697 0.182151049 0.0416009761 0.008414899 0.0396438912 -0.044119224 0.0568809472 0.0542768762 -0.0716233924 0.132342413 0.0352978073 0.0651462302 -0.125665039 -0.0449108407 0.0164866 0.180556461 -0.018516602 0.142261446 0.063365221 0.17802003
__smartatpg_bin_725_3 0.0766141713 -0.152312055 -0.245565578 0.0521946289 0.118074782 -0.0164959934 0.130702078 0.118927971 -0.0763032362 0.340577543 -0.102146432 0.033202529 -0.0758860409 -0.153602719 -0.0298468843 -0.0186351966 -0.018787507 0.0330653936 0.0264988933 -0.0857387036 0.163752273 0.0247624815 0.125512213 0.0853026733 0.0612789989 -0.140728891 -0.225455612 0.138109729 0.0162800401 0.0705899596 0.0901344195 0.0725487173 -0.0138440607 -0.212131754 0.10782028 0.00770772668 0.0822700188 -0.136286899 0.133101255 0.0950009674 -0.0810821354 -0.00925137289 -0.0948505402 0.100012019 -0.0212853905 0.161833823 -0.0299618375 -0.0650373995 0.00726209022 0.0343514942 0.0100814821 0.0146451294 0.068433553 0.105513394 0.082370609 0.00896121468 -0.208566159 -0.0363201946 0.0521300957 0.119468264 0.0109051233 0.0390118025 -0.0620887093 0.225763455
__smartatpg_bin_725_2 0.182221994 -0.0250233021 -0.129995853 -0.0259108413 0.0892552063 0.090247415 0.183962718 0.000876385253 0.0503664538 0.0772014931 -0.186394006 0.0243341867 -0.163996413 -0.066845417 -0.0533835925 0.000323010056 0.099403739 -0.0911575332 0.0139064826 0.0380098112 0.12793389 0.0351653397 0.0891234204 -0.0125537924 0.0513165146 -0.130105987 -0.275769621 0.165793702 0.0441440903 -0.0410277508 -0.0459118374 -0.0914280191 0.0407242402 -0.138797432 0.053690277 -0.011917863 -0.028896695 0.00465135276 0.189633429 0.198052064 0.0163212139 -0.0870050192 -0.154096887 0.0295371786 -0.0450855158 0.174841896 0.0182884969 -0.0198222641 0.0466231667 -0.0205417313 0.0639985725 0.0716654062 -0.0776782408 0.151046336 0.0723923594 0.0247178562 -0.0179201216 -0.0859150663 0.0344935209 0.195849955 0.00696758181 0.125016317 -0.0608491674 0.153950855
G1690 0.00328890933 -0.011874022 -0.0272317864 -0.019959623 -0.0567759424 0.0278761238 -0.0754978061 0.0737766251 0.0381494127 0.228187978 0.100897178 0.0472161956 -0.0886464864 0.130600303 -0.00821148232 -0.108150803 0.00788517483 0.0224182121 -0.0364797562 -0.238774016 0.0247938074 0.145648062 0.000502388051 -0.23433587 -0.0319946334 -0.102230102 -0.276471853 0.113848656 -0.0549352169 -0.0912581757 0.121318832 -0.146357805 -0.00419005333 -0.0265461579 0.129912406 -0.040801499 0.116059929 -0.140622109 -0.0656479299 0.184492752 -0.0351734497 -0.203186914 -0.117479637 0.0877818242 0.0597270168 -0.0587042049 0.0456544459 -0.0941363126 -0.0957808346 0.133769274 -0.0881613716 0.0199550837 0.013722118 0.129789606 0.112559825 -0.116495594 0.0790447444 0.100657545 -0.0121850884 -0.00841879006 -0.0819601268 -0.0395850725 -0.0663217083 0.0792663619
__smartatpg_bin_726_1 0.16655989 -0.063261807 -0.116702966 0.0085305078 0.0756049454 0.128350765 0.221627697 0.0399611108 0.00691621378 0.0793171749 -0.194003627 -0.00780178327 -0.19925876 -0.0924880207 -0.0751041993 0.038961146 0.129877508 -0.102668293 0.036983747 0.140109837 0.187588528 0.0840122476 0.170593053 0.0745531768 0.0339604355 -0.151998296 -0.283346027 0.162562758 0.0390062816 -0.0408650339 -0.070231691 -0.0901186839 0.0435142182 -0.144389704 0.0669047758 -0.0500556231 -0.0598872453 0.047716599 0.151809335 0.152694643 0.044169303 -0.0702014193 -0.158766225 0.0139417714 -0.0958495438 0.182033345 0.0411956906 0.00852917973 0.0401224382 -0.0445699953 0.0572847649 0.0548719503 -0.0715195015 0.132469863 0.0352328122 0.0652022287 -0.125118896 -0.0449647419 0.0168635175 0.180966958 -0.01787127 0.142239764 0.0633705109 0.177920058
__smartatpg_bin_726_3 0.0730969235 -0.146938235 -0.247256085 0.0523861647 0.119333625 -0.017973477 0.120740294 0.119874701 -0.0817211866 0.338286459 -0.0988387838 0.0378983989 -0.0693623275 -0.141817614 -0.030549081 -0.0304357782 -0.0237612408 0.032004308 0.0301102828 -0.0819591507 0.152386963 0.0296740271 0.11772161 0.0806761459 0.0622685961 -0.135717407 -0.226201072 0.141406298 0.0164913163 0.0720836818 0.0887230635 0.0753464624 -0.0178552791 -0.2178891 0.103143595 0.018334195 0.0887204781 -0.141356245 0.137090027 0.0956441984 -0.0834588781 -0.00990474131 -0.0923099667 0.104114302 -0.0206777323 0.159405977 -0.0269816853 -0.0686210766 0.00963009987 0.0376580544 0.00586982304 0.013305217 0.0661811456 0.104221605 0.075588055 0.00556910411 -0.199745104 -0.0377747603 0.0605957434 0.116726853 0.00660420489 0.0321282446 -0.0694773197 0.223406091
__smartatpg_bin_726_2 0.183473587 -0.0274687558 -0.129736021 -0.0253812093 0.0886616409 0.0917895213 0.188081458 0.000938468496 0.0518820286 0.0783235952 -0.188159019 0.0231188256 -0.166677341 -0.0738736987 -0.0532485396 0.00507769687 0.10136918 -0.0891718939 0.0131294616 0.0390956067 0.13264598 0.0348116122 0.092585288 -0.00763799995 0.0500832349 -0.132296875 -0.27621606 0.164100155 0.0452141799 -0.0421072133 -0.0451955758 -0.0922238305 0.0422981083 -0.138062477 0.05409557 -0.0137616163 -0.0320178494 0.00656599412 0.188641489 0.197711438 0.0182820763 -0.0857570916 -0.153805912 0.0287792105 -0.0458964445 0.176022157 0.0166209005 -0.0169508122 0.0452986769 -0.0219988581 0.0656292289 0.0727212355 -0.0760977492 0.151364908 0.0729368702 0.0260959733 -0.023363227 -0.0848733932 0.0327428244 0.197255611 0.00760823581 0.127121374 -0.057255391 0.156283826
G1693 0.00388937187 -0.011847659 -0.0269140042 -0.0202473663 -0.0565944277 0.0276172347 -0.0756370872 0.0731895342 0.0396007001 0.228262007 0.101374447 0.0469288677 -0.0887980163 0.131041065 -0.00800499227 -0.107574582 0.00865829922 0.0224224515 -0.0376550853 -0.241614401 0.0240374506 0.14472194 0.000124003156 -0.235961422 -0.0318392329 -0.101824202 -0.276205719 0.113787673 -0.0554257035 -0.0912940204 0.120430142 -0.14716585 -0.00386951119 -0.026005486 0.130172238 -0.0409049839 0.116810188 -0.141199857 -0.0658118352 0.185800031 -0.0358122513 -0.204141468 -0.118107401 0.0875296369 0.06076153 -0.0584653579 0.0455222912 -0.0941791236 -0.0956261531 0.133925572 -0.0878348351 0.0202582069 0.0134855798 0.130262941 0.113851652 -0.1170514 0.0812818035 0.100488596 -0.0129112732 -0.00828289147 -0.0810382292 -0.0397652462 -0.0666116625 0.0791247934
__smartatpg_bin_727_1 0.166295871 -0.0628576428 -0.116054095 0.00821192935 0.0757004172 0.130073413 0.222452745 0.0393959768 0.007087823 0.0783722922 -0.194016889 -0.00820995308 -0.199290603 -0.0912936032 -0.0751306191 0.0381675921 0.129949912 -0.103824891 0.0370585024 0.140295535 0.18749693 0.0852367058 0.170068711 0.0737556964 0.0340950042 -0.152123898 -0.283197254 0.163128182 0.0389212221 -0.041637972 -0.0699584559 -0.0910738856 0.0432916917 -0.143833429 0.0670712143 -0.0507527478 -0.060143631 0.0494987816 0.152656376 0.1528842 0.0440240353 -0.0717317685 -0.158598259 0.0130701307 -0.0956265107 0.181966603 0.0421236232 0.00835405756 0.0399239883 -0.04361137 0.056760598 0.0546132214 -0.0725750849 0.132519379 0.035153389 0.0645765215 -0.125043929 -0.0456867144 0.0162148792 0.18015705 -0.0195872989 0.142657474 0.0632859096 0.178461298
__smartatpg_bin_727_3 0.0766012445 -0.152307376 -0.246207058 0.0518010892 0.118143141 -0.0172881391 0.129337072 0.118847743 -0.0768556669 0.340812385 -0.101744644 0.0341255404 -0.075871788 -0.152855277 -0.0294299703 -0.0193748027 -0.0194352977 0.033163216 0.0263708066 -0.0862457976 0.162545085 0.0242793728 0.125383452 0.0853192732 0.0613869764 -0.140246689 -0.225317389 0.137676433 0.0162060354 0.0715007484 0.089739807 0.0735209882 -0.0141734118 -0.213083521 0.107534833 0.00918403175 0.083412081 -0.137183517 0.13327612 0.0946619511 -0.0817981735 -0.00909864437 -0.0946800113 0.100865729 -0.0204804316 0.162078738 -0.0302827526 -0.0651329756 0.00765964342 0.0342855155 0.0102959294 0.014360304 0.0690060407 0.105476782 0.0823704898 0.00864360109 -0.207401887 -0.0365443379 0.0528645925 0.119678348 0.0113831274 0.038593512 -0.0629692525 0.224910706
__smartatpg_bin_727_2 0.182210132 -0.0238725692 -0.129668444 -0.0261842106 0.0894186124 0.091600813 0.183818936 -9.16529243e-05 0.0501500405 0.0754092187 -0.186569676 0.0244184192 -0.163363069 -0.065140374 -0.0537071414 -0.00122684881 0.0990888178 -0.0922905728 0.0142387347 0.0391520746 0.126915544 0.0366496183 0.0875539258 -0.013420525 0.0515356809 -0.129460424 -0.276064664 0.166563973 0.0441441275 -0.0416191183 -0.0464259274 -0.0915985107 0.0400337987 -0.138812304 0.0529506132 -0.0112883132 -0.0289276186 0.00603736751 0.190779626 0.198464766 0.0162956864 -0.0883919448 -0.153627932 0.0291664861 -0.0450729169 0.174596548 0.0190833136 -0.0199257191 0.0471992679 -0.0197481345 0.063582167 0.0719490275 -0.0787638426 0.151130974 0.0713514611 0.0239727646 -0.0163916554 -0.0868837088 0.0353641734 0.195278451 0.00528301764 0.125020713 -0.0617133789 0.154127538
G1696 0.0018178887 -0.01130265 -0.0281826537 -0.0202068593 -0.057380382 0.0284779072 -0.0758648217 0.0772465244 0.0383993164 0.230222851 0.101718895 0.0475465953 -0.0893611684 0.131083488 -0.00768279238 -0.107032485 0.00728716142 0.0249100644 -0.0366739668 -0.238316193 0.0243975036 0.146019444 0.00263415929 -0.232826903 -0.0321311317 -0.102453157 -0.277182639 0.114057682 -0.0549868755 -0.0924247205 0.12150792 -0.14881891 -0.00333187333 -0.028837759 0.12996234 -0.0408114865 0.116293736 -0.141550913 -0.0659685731 0.184791893 -0.0347735994 -0.202872083 -0.11822255 0.0906562507 0.0593716763 -0.0589846894 0.0464902669 -0.094385393 -0.0963773057 0.13389869 -0.0898762122 0.0195569806 0.0133652594 0.129646748 0.113213211 -0.11753007 0.0775812939 0.102131464 -0.0123729752 -0.00788056757 -0.0830340609 -0.0412381403 -0.0660917982 0.0816620514
__smartatpg_bin_728_1 0.165287912 -0.0615641251 -0.117756747 0.0089318743 0.0761394277 0.128066257 0.218327239 0.0401068814 0.00411057752 0.0781904161 -0.192520604 -0.00616790168 -0.197004467 -0.087474674 -0.0754842386 0.0339301042 0.127522692 -0.103610396 0.038883213 0.141733825 0.18353273 0.0864703581 0.16751948 0.0726316869 0.0340994745 -0.150124744 -0.28357327 0.163777426 0.0392440632 -0.0404825583 -0.0705976859 -0.0882301033 0.0417141654 -0.147121444 0.0650284961 -0.0465152189 -0.0571417361 0.0466998853 0.153372362 0.152358115 0.0428094417 -0.0710857809 -0.157289013 0.0152258612 -0.0950385183 0.181530401 0.042872455 0.00754093425 0.041128844 -0.0428972021 0.0555287786 0.0538913384 -0.0724236071 0.131620765 0.0321882963 0.0643964112 -0.121942505 -0.0459033027 0.0198600646 0.179485098 -0.0201675035 0.139883518 0.0604212247 0.176625267
__smartatpg_bin_728_3 0.0754259452 -0.150568008 -0.245020062 0.0521923155 0.118459225 -0.0165549684 0.129123434 0.120468818 -0.0750857145 0.340287715 -0.101492472 0.0342659503 -0.0742312744 -0.151918069 -0.0300037339 -0.0191791654 -0.0187665951 0.0341868997 0.0268920884 -0.0862495899 0.161938682 0.025365565 0.124588177 0.0841156691 0.061561022 -0.140169382 -0.225597396 0.139110357 0.0158803817 0.0701687187 0.0895064697 0.07087107 -0.0138405701 -0.212612405 0.10745021 0.00917441398 0.0826124921 -0.137870461 0.133253008 0.0965026692 -0.0802845061 -0.00850784499 -0.0948928297 0.101282433 -0.0219939258 0.16090928 -0.029405348 -0.0657626912 0.00673322659 0.0346684977 0.00908590108 0.0152136488 0.0675418228 0.105986632 0.0820784122 0.00775595522 -0.206205741 -0.0351940878 0.0534089096 0.11920841 0.0105499364 0.0369096212 -0.0633524358 0.226673201
__smartatpg_bin_728_2 0.18342413 -0.0277835336 -0.128731102 -0.0255775414 0.0887648165 0.0917050391 0.188604683 0.000961335201 0.0536724478 0.0789397955 -0.187681392 0.0219320357 -0.167078048 -0.0728621259 -0.0530730747 0.00621237559 0.102405019 -0.0902149901 0.0121182967 0.0361688063 0.133118421 0.0332433991 0.0929961205 -0.0103717968 0.0507764183 -0.132684648 -0.275144666 0.164184034 0.0439434797 -0.0419026725 -0.0453047417 -0.0936938599 0.0427914858 -0.135681286 0.0556827113 -0.0164255388 -0.0323313214 0.00654370943 0.187700033 0.198119 0.0176714566 -0.0866412073 -0.155592859 0.0277074371 -0.0455356464 0.175871819 0.0169366971 -0.0181715209 0.0448656864 -0.0217512809 0.0655643046 0.0723903775 -0.0768757761 0.151628509 0.0755777806 0.0260147713 -0.0225124471 -0.08477173 0.0305120219 0.196785703 0.00872412883 0.12749286 -0.0567785613 0.156160817
G1699 0.00357329962 -0.0119255157 -0.0271480493 -0.0200008135 -0.0569909327 0.0273985155 -0.0756088942 0.0739125013 0.0381388701 0.228295848 0.100776084 0.0472062863 -0.0890671834 0.130544424 -0.00801627897 -0.107883796 0.0080512166 0.0225887261 -0.0366768613 -0.238853559 0.0248739161 0.145118728 0.00114886265 -0.234029457 -0.0320515148 -0.102285326 -0.276713878 0.113797598 -0.0551514663 -0.0912893042 0.121081024 -0.146684602 -0.00405819155 -0.0266115274 0.130100116 -0.040926829 0.116020143 -0.140853971 -0.0659563988 0.184647813 -0.0349235535 -0.202761605 -0.117734231 0.0878832117 0.0597034842 -0.0587314628 0.0454915799 -0.0939029381 -0.0956915617 0.133300975 -0.0879951119 0.0199491251 0.0138160633 0.130022645 0.112878785 -0.116346739 0.0792938843 0.100894988 -0.0122949937 -0.00790953543 -0.0814784765 -0.0393882729 -0.0662136152 0.0788374692
__smartatpg_bin_729_1 0.16530332 -0.0615291297 -0.117719203 0.00890752394 0.0760751218 0.12802279 0.218323305 0.0400399752 0.00420812517 0.0780318975 -0.192637578 -0.00612309342 -0.196957126 -0.0875001103 -0.0755070969 0.0339643098 0.127600759 -0.103602827 0.0388560854 0.14180173 0.183550343 0.0864097178 0.167424992 0.0726690888 0.0341584049 -0.150065422 -0.283596188 0.163790151 0.0392479561 -0.0403993204 -0.0706856847 -0.0881930515 0.0416941419 -0.147057295 0.0650120452 -0.0464639924 -0.0572101474 0.046719566 0.153405085 0.152376011 0.0428673588 -0.0709995553 -0.157290369 0.0152221303 -0.0951504856 0.181481078 0.0427488647 0.00754999276 0.04123234 -0.0429737233 0.055622071 0.0540361144 -0.0724036545 0.131633356 0.0321553722 0.064412877 -0.121816188 -0.045911409 0.0199718922 0.179549754 -0.0200660042 0.139915407 0.0603982173 0.176631898
__smartatpg_bin_729_3 0.0741676465 -0.148822397 -0.245780081 0.0524137802 0.118882127 -0.0169922803 0.125485078 0.12052875 -0.0780318975 0.339313358 -0.100198843 0.0359401293 -0.0720515922 -0.147191212 -0.0303573683 -0.0242730659 -0.0210147332 0.0331767574 0.0285076834 -0.0841724202 0.157692716 0.0275693238 0.121787727 0.0825765729 0.0618310012 -0.13839592 -0.225915 0.140342191 0.0160704684 0.0707370341 0.0892336592 0.0724599883 -0.0155278444 -0.214943588 0.105651155 0.0131058181 0.0851975083 -0.139210597 0.134851739 0.0961582959 -0.0814366862 -0.0090319952 -0.0938008428 0.10242977 -0.0215747673 0.16009903 -0.0280954968 -0.0670106411 0.00774450228 0.0360186137 0.0074860598 0.0142562725 0.066691108 0.105262302 0.0792151615 0.00675300043 -0.203447863 -0.0359923989 0.05653207 0.118119501 0.008550914 0.0346702076 -0.0659865737 0.225319296
__smartatpg_bin_729_2 0.183150768 -0.0279231556 -0.129094332 -0.0255249869 0.0885258019 0.0919104964 0.189066753 0.00115112204 0.0529483147 0.0789205804 -0.188026324 0.022340335 -0.167011023 -0.0736958012 -0.0530680344 0.00594309997 0.101933368 -0.089680627 0.012559941 0.0375749692 0.13347815 0.0339198634 0.0931777656 -0.00879349187 0.0503492504 -0.132964209 -0.275471687 0.164035603 0.0446589999 -0.0419433825 -0.0445884168 -0.093160294 0.0427227505 -0.136544719 0.0554552115 -0.0158213899 -0.0324293487 0.00687696924 0.18818821 0.197575599 0.0180874299 -0.0860361159 -0.15465194 0.0279731769 -0.0458165184 0.175734311 0.0167954583 -0.0178489033 0.0448617786 -0.0218965337 0.0655348152 0.0723339245 -0.0764273182 0.151329458 0.0745841041 0.0261227898 -0.0241354629 -0.0847519338 0.0307623167 0.196891546 0.00828730036 0.127427325 -0.0564175881 0.156416044
G1702 0.00369302905 -0.0119553758 -0.0272339899 -0.020200856 -0.0570017584 0.0274233483 -0.0755575225 0.0737299249 0.0384099148 0.2283746 0.100922607 0.0473030843 -0.0890780315 0.130371943 -0.00788669474 -0.107791752 0.00812471658 0.0228806324 -0.0370353349 -0.23956725 0.0246122237 0.144949868 0.00100866624 -0.234090537 -0.0321816169 -0.102298431 -0.276698023 0.113632038 -0.0550094433 -0.091353029 0.121080652 -0.146787792 -0.0038919088 -0.0267771147 0.13010776 -0.0406490453 0.116369322 -0.14102082 -0.065778695 0.185012922 -0.0350996256 -0.202939197 -0.117576636 0.0879149884 0.0601351447 -0.058648251 0.0453673266 -0.0938457623 -0.0956858993 0.133347675 -0.0878702998 0.020028742 0.0139174061 0.130051315 0.11304599 -0.11662133 0.0796043351 0.100777328 -0.0125500103 -0.00779106189 -0.0812601 -0.0395464227 -0.066236183 0.0788466409
__smartatpg_bin_730_1 0.164805517 -0.0619374588 -0.117675193 0.00901650544 0.0761955082 0.128432259 0.218214676 0.040291097 0.00380636845 0.0784948692 -0.19221653 -0.00617918652 -0.197018266 -0.0870600492 -0.0754327625 0.0334582515 0.127649337 -0.103828713 0.0390168279 0.141425833 0.183656842 0.0867809206 0.167438373 0.0724748001 0.0341976173 -0.150191754 -0.283227235 0.163844883 0.0392460562 -0.0403477363 -0.0702165291 -0.0882032514 0.0415878519 -0.147171706 0.0651776865 -0.0466173403 -0.0567880683 0.046769958 0.153442353 0.152069435 0.0423792042 -0.0713578612 -0.157219887 0.0150787225 -0.0948864445 0.181654155 0.043050874 0.00737235229 0.0408279598 -0.0424189195 0.0551544055 0.0534797832 -0.0724318177 0.131407931 0.0321155451 0.0644038692 -0.122324541 -0.0459686741 0.0196682867 0.179023579 -0.0206916723 0.139881194 0.0603333376 0.176800743
__smartatpg_bin_730_3 0.0766228139 -0.152222604 -0.245423824 0.0521426126 0.11800579 -0.0164654497 0.130712122 0.119066454 -0.0763156116 0.340511709 -0.102122456 0.0332007371 -0.0759584531 -0.153451249 -0.0297786258 -0.0186228994 -0.0187471006 0.0330643244 0.0265210234 -0.0856773555 0.163758144 0.0248705223 0.125765413 0.0853108466 0.0612665117 -0.140902564 -0.225663245 0.138214573 0.0162606742 0.070291914 0.0901099443 0.0721752793 -0.0136805698 -0.212103501 0.107961737 0.00764118461 0.0822052732 -0.13613981 0.132995635 0.0950482264 -0.0810011923 -0.00916870777 -0.0949928761 0.099911198 -0.0214008596 0.161777273 -0.0299050119 -0.0649872348 0.00717216777 0.0342261158 0.0100967288 0.0145699969 0.0683154687 0.1056192 0.0825293064 0.00892161205 -0.208606079 -0.0361339413 0.0519913211 0.119656049 0.0107743982 0.0391570926 -0.0621058904 0.225707665
__smartatpg_bin_730_2 0.181757808 -0.0253200457 -0.129949316 -0.0258137323 0.0894125775 0.0906976461 0.183909878 0.000915267563 0.0501856208 0.0773897842 -0.186074838 0.0242408756 -0.163900197 -0.06644997 -0.0533799939 -0.000157341245 0.0994957462 -0.0914108306 0.0139836967 0.0376376472 0.127990916 0.0355527364 0.088765122 -0.0129278852 0.0514059365 -0.130092829 -0.275341392 0.165908128 0.0442020521 -0.0408885404 -0.0455604829 -0.0913074315 0.0405260324 -0.138787389 0.0537193529 -0.0119879851 -0.0285801589 0.00478473166 0.189825192 0.197802812 0.015854409 -0.0874330178 -0.153955996 0.0293851215 -0.0449135825 0.17497696 0.0184769034 -0.0200506449 0.0463838242 -0.0199801121 0.0636195689 0.071371533 -0.0777544901 0.150794119 0.0722539946 0.0246824343 -0.0182324648 -0.0861258879 0.0343149267 0.195293248 0.00644042715 0.124936081 -0.060956724 0.154202789
G1705 0.00309356768 -0.0121504683 -0.027638616 -0.0199619588 -0.0573599152 0.0275454689 -0.0753417835 0.0742262304 0.0370319523 0.228069305 0.100168251 0.0479128435 -0.0889422521 0.129492044 -0.00812447071 -0.108227268 0.00750686834 0.0232940074 -0.0360805467 -0.23667793 0.0253725257 0.145615682 0.00143725669 -0.231915981 -0.0323978886 -0.102852888 -0.276988536 0.113477059 -0.0543287396 -0.0910880715 0.121923573 -0.145656064 -0.00420708163 -0.0275144558 0.129734829 -0.039991349 0.115748838 -0.14042747 -0.0654327348 0.18363899 -0.0343680009 -0.201569378 -0.116656542 0.0882588029 0.059170302 -0.0590031557 0.0449752994 -0.0935683325 -0.0957204923 0.132796735 -0.0878904611 0.0199887715 0.0144332256 0.129508868 0.111614309 -0.116014764 0.0774551407 0.10102278 -0.0116147669 -0.00763681717 -0.0816781819 -0.0394538604 -0.0658498555 0.0789819583
__smartatpg_bin_731_1 0.164709449 -0.0619727708 -0.117615566 0.00903028902 0.0761866793 0.128528312 0.218208432 0.040323887 0.00377646438 0.0784991235 -0.192183554 -0.00618473999 -0.197011963 -0.0869469047 -0.0754153058 0.0333766863 0.127681524 -0.103877611 0.0390396193 0.141396493 0.183685809 0.0868700147 0.16744785 0.0724350512 0.03421342 -0.15022859 -0.28320086 0.163879901 0.0392360613 -0.0403716676 -0.0701573342 -0.0882557109 0.0415802635 -0.147152007 0.0652199686 -0.0466430373 -0.0567594692 0.0468412973 0.153457597 0.152028963 0.0423363075 -0.0713979378 -0.15721935 0.0150240511 -0.0948938653 0.181643933 0.0430891477 0.00734893745 0.0407690108 -0.0423463434 0.0551055521 0.0534233265 -0.072460629 0.131386742 0.0321222097 0.0643825084 -0.122375689 -0.0459559746 0.0196300633 0.178962067 -0.0208143722 0.139905915 0.0603185669 0.176829383
__smartatpg_bin_731_3 0.0766893849 -0.151928082 -0.24574849 0.0517778844 0.118163586 -0.0168637522 0.129692346 0.118556514 -0.0768539831 0.340277225 -0.101765253 0.0336151905 -0.0755731687 -0.152355283 -0.0294591691 -0.0197844747 -0.0191521496 0.032805711 0.0263780504 -0.0860962048 0.162515596 0.0249899421 0.124854766 0.0845509022 0.0613776855 -0.140157744 -0.225715622 0.138272837 0.0162625741 0.070774287 0.0897131711 0.0727184638 -0.0142073454 -0.212739512 0.107550994 0.00898811221 0.0833683833 -0.136648357 0.133597821 0.0950532705 -0.0818811581 -0.00968944468 -0.0947433859 0.100256883 -0.0207390264 0.161963269 -0.029911045 -0.0652570575 0.00769946026 0.0345620997 0.010029031 0.0144160334 0.0683437586 0.105527915 0.0820687115 0.00852414407 -0.207216695 -0.0368346944 0.0525565371 0.11932908 0.0106869163 0.0388535447 -0.0632488951 0.225105286
__smartatpg_bin_731_2 0.181470826 -0.0249227956 -0.13013874 -0.0256564319 0.0895533413 0.0908466652 0.182911262 0.000921830535 0.0493709855 0.0769913942 -0.185821369 0.0246800762 -0.163408533 -0.0653784275 -0.0535648726 -0.00137903972 0.0991311073 -0.0916639343 0.0144433854 0.0383702219 0.127153501 0.0363397896 0.0880661607 -0.013117847 0.0514500849 -0.129650012 -0.27550602 0.166175649 0.0442610756 -0.0408923775 -0.0458153635 -0.0907838866 0.0400501005 -0.139484331 0.0530436523 -0.0109009445 -0.0280043427 0.00460305531 0.190134346 0.197702646 0.0156168295 -0.0876268297 -0.153639317 0.0296769273 -0.044886969 0.174876228 0.0187915806 -0.0201221276 0.0465998799 -0.0196396485 0.0632827356 0.0712397769 -0.0779261962 0.150656402 0.0713536963 0.0244988874 -0.0174787175 -0.0862918645 0.0353901349 0.195056856 0.00569101842 0.12453407 -0.061681658 0.153976604
G1708 0.00302373245 -0.0122131174 -0.0277409144 -0.0199620165 -0.0573848709 0.0276190713 -0.0752069652 0.0742740408 0.036815498 0.228112608 0.100148261 0.0480303057 -0.0889397413 0.129307464 -0.00812181365 -0.108297266 0.00738672912 0.023479512 -0.0360259935 -0.236440301 0.0253844969 0.145748287 0.0015074095 -0.231560647 -0.0324989595 -0.102946684 -0.277058512 0.113441862 -0.0541488007 -0.0911246017 0.122089431 -0.145568401 -0.00420658058 -0.0277731717 0.129702479 -0.0398325101 0.115818538 -0.140343696 -0.065304406 0.183537379 -0.0343295634 -0.20146735 -0.116435409 0.088325575 0.0591744557 -0.0590045713 0.0449600071 -0.0934727266 -0.0957437158 0.132774279 -0.0879221931 0.0199342072 0.0145208063 0.129409552 0.111402236 -0.116035387 0.0771037564 0.101019904 -0.0116236135 -0.00762015861 -0.0817563012 -0.0395025238 -0.0657681599 0.0790707767
__smartatpg_bin_732_1 0.159720212 -0.0660856664 -0.116513789 0.00797957554 0.0776512325 0.129665986 0.219548583 0.041784931 0.00941922516 0.07733538 -0.193134665 -0.00473581348 -0.196038976 -0.0900522619 -0.0809328854 0.0369142294 0.131984249 -0.106006652 0.0370972082 0.136982173 0.185380369 0.0847004056 0.167209581 0.0701944828 0.037900798 -0.150894493 -0.276076227 0.161298528 0.0398202352 -0.0347893983 -0.0680439398 -0.0834736899 0.0415718146 -0.143793151 0.0650403947 -0.0464995764 -0.0570023097 0.0483396128 0.151838914 0.149252951 0.0367796384 -0.070176281 -0.158196628 0.0122218858 -0.0958319381 0.182288572 0.037860211 0.00410108967 0.037661843 -0.0429973379 0.0572863482 0.0539905392 -0.0731308535 0.127895668 0.0344576538 0.0668949708 -0.125192448 -0.0434529744 0.0187242646 0.175786451 -0.0150739281 0.140109748 0.0616577752 0.185405806
__smartatpg_bin_732_3 0.0933242813 -0.157209948 -0.210179776 0.0899805576 0.105729632 -0.00256811199 0.104971856 0.118298963 -0.0661070123 0.35450238 -0.0932814404 0.00586819788 -0.101358764 -0.137140706 -0.070377782 -0.00258004665 0.0338798836 -0.00578980008 0.0168935116 -0.098907955 0.179169253 0.0147570781 0.152276248 0.0389963873 0.0777990222 -0.143311769 -0.226348609 0.140578821 -0.0336775631 0.0702985078 0.0425680578 0.050581079 -0.00957204681 -0.18271932 0.10915561 -0.0256391633 0.0725222751 -0.134374604 0.0801652372 0.10447754 -0.0788846761 -0.041837465 -0.148910239 0.0732590631 -0.0241179634 0.165881082 -0.00297689461 -0.0644268692 0.00549181039 0.0211341735 -0.00444998732 0.0190498363 0.0514261276 0.119655274 0.114464141 0.0270446464 -0.165127143 -0.0199028794 0.0422943048 0.112284556 0.014627777 0.0644637272 -0.0327653512 0.241107017
__smartatpg_bin_732_2 0.175207272 -0.0284896009 -0.125897795 -0.0215553585 0.0910323188 0.0881799236 0.184902295 0.00846858975 0.0516310893 0.0728960186 -0.191180423 0.0209575407 -0.163904488 -0.0620942041 -0.0595595539 0.00341922324 0.101263873 -0.0985381082 0.0160422977 0.0459494404 0.133429006 0.0367997028 0.0928270966 -0.017756464 0.0605547652 -0.128208607 -0.267966032 0.171276733 0.0409274399 -0.0322383605 -0.0466530845 -0.0863274112 0.0346026048 -0.128313124 0.0540083125 -0.0236580074 -0.0379684269 0.00884075928 0.182237342 0.18923901 0.0132553512 -0.0818849578 -0.161439613 0.0270182658 -0.0590122454 0.171391055 0.0179160871 -0.020959124 0.042522274 -0.0225010496 0.0616536401 0.0700867474 -0.0816696733 0.146536484 0.0756938979 0.0337751098 -0.0256775003 -0.0805710778 0.039277263 0.188342258 0.00586907798 0.131819576 -0.0620044991 0.163930163
G1711 -0.00584611529 -0.0164937694 -0.0365295894 -0.0323346779 -0.0579899661 0.0310832709 -0.0793552026 0.0859552696 0.0502973869 0.220670879 0.0980283469 0.0636485741 -0.102370068 0.121417001 -0.00443843752 -0.0976370499 -0.00804992393 0.0163457729 -0.0400945842 -0.240438983 0.0164212175 0.137365907 0.016238749 -0.218363881 -0.0407494977 -0.11633525 -0.269569993 0.0957356542 -0.0537929237 -0.0886936039 0.12379317 -0.127580106 0.00494189886 -0.0370160267 0.124849603 -0.0341158919 0.0996612832 -0.140102491 -0.0633931682 0.174933627 -0.0370994397 -0.201760083 -0.114067458 0.0953692943 0.0682306215 -0.0575094447 0.032312829 -0.0911098421 -0.0966952667 0.12161985 -0.0793698952 0.0223717261 0.0100868996 0.131619215 0.127180964 -0.11569906 0.071399413 0.104924835 -0.00670538517 0.00346701546 -0.0704036653 -0.0447759181 -0.0533161126 0.0651502758
__smartatpg_bin_733_1 0.158413947 -0.0643569827 -0.117406845 0.00835406035 0.0779725984 0.129279345 0.216193721 0.0419656895 0.0066790157 0.0760305524 -0.191839889 -0.00299857697 -0.193786874 -0.0849848241 -0.0812559128 0.031922549 0.129778519 -0.106901087 0.0390012786 0.138756558 0.181419477 0.0870736763 0.164235204 0.0684794337 0.0381542295 -0.149022743 -0.276458114 0.162539855 0.0399967842 -0.0343574621 -0.0685121045 -0.0817088783 0.0398296416 -0.146431133 0.0632996708 -0.0429198071 -0.0543658584 0.0473626219 0.153338939 0.148918942 0.0355641805 -0.0707867816 -0.156814262 0.0134679954 -0.0952716097 0.181649595 0.0393682159 0.00316262012 0.0387572832 -0.0414959826 0.0556660518 0.0531333126 -0.0739674643 0.127110451 0.0314458571 0.0660911947 -0.121884547 -0.0442217141 0.0218606852 0.174501032 -0.0172854625 0.137897089 0.0586765595 0.184059292
__smartatpg_bin_733_3 0.0932555273 -0.157099321 -0.210043058 0.089911148 0.105671413 -0.00236795843 0.105064802 0.118417837 -0.0660389736 0.354334205 -0.0932478383 0.00585961435 -0.101476133 -0.136923999 -0.0703246966 -0.00255737547 0.0339205973 -0.0058518881 0.0168808121 -0.0987935215 0.179151878 0.014929804 0.152528614 0.0389631242 0.0777654871 -0.143545687 -0.22647734 0.140678108 -0.0336206183 0.0699812546 0.0425840504 0.050228972 -0.00943415798 -0.182699949 0.109225616 -0.0257154498 0.0723831877 -0.134068325 0.0801517442 0.104497716 -0.0788022801 -0.0418370292 -0.148977801 0.0731364712 -0.0241852533 0.165831774 -0.00291180308 -0.0644046292 0.00538513344 0.0210156888 -0.00446210522 0.0190069377 0.0512394942 0.119755208 0.114656754 0.0269599631 -0.165219232 -0.0197699796 0.0421371423 0.11244414 0.0144303646 0.0645540804 -0.0327130295 0.241107792
__smartatpg_bin_733_2 0.174759954 -0.0286922343 -0.125689849 -0.0214958563 0.0910296887 0.0885982811 0.184858501 0.00870928448 0.0514334776 0.073050119 -0.190964371 0.0209389869 -0.163952276 -0.0615660138 -0.0594741441 0.00304263504 0.101376481 -0.0987545922 0.01616803 0.0457927324 0.133548915 0.0372254141 0.0929546505 -0.0179420728 0.060608197 -0.128411084 -0.267787755 0.171413392 0.0408793464 -0.0323521942 -0.0463329852 -0.0865599886 0.034576308 -0.128293797 0.054215759 -0.0238094013 -0.0377716273 0.00909784902 0.182265878 0.189027533 0.0130291199 -0.0820807144 -0.161447942 0.0268158913 -0.0589865111 0.171387479 0.0181509163 -0.0210780036 0.0421924442 -0.0221441649 0.0613819174 0.0697340965 -0.0817836598 0.146431804 0.0757406205 0.0336848833 -0.0260265283 -0.0805009902 0.0390474945 0.188039526 0.005307741 0.131904766 -0.0620608926 0.164064646
G1712 -0.00623313012 -0.0166884419 -0.0369564667 -0.0322618894 -0.0581534207 0.0314163268 -0.0789260939 0.0862518549 0.0492081828 0.220795691 0.0978275761 0.0641094446 -0.102311395 0.120652534 -0.00451191561 -0.0980426893 -0.0086505292 0.0169425122 -0.0395674519 -0.238815486 0.0167180933 0.138068378 0.0165473986 -0.216721237 -0.0411420092 -0.116795301 -0.269865692 0.0955862179 -0.0530511662 -0.0888141319 0.124634281 -0.12699838 0.00487387413 -0.0380168036 0.12465746 -0.0335438587 0.0996387154 -0.139670134 -0.0629253089 0.174210876 -0.036778491 -0.201165378 -0.113145173 0.0956482217 0.0679941997 -0.0575712845 0.0322749577 -0.0908102915 -0.096831724 0.121498138 -0.0795510858 0.022118507 0.0104562445 0.131175503 0.126122981 -0.115605541 0.0696122274 0.104949258 -0.00652419263 0.0034900126 -0.0709189326 -0.0448939726 -0.0529367514 0.0654716045
__smartatpg_bin_734_1 0.172491595 -0.0553900823 -0.131189853 -0.0277838167 0.0916381255 0.0842291191 0.212369159 0.0191665273 0.0348454267 0.098184526 -0.171437368 0.0116195213 -0.191795662 -0.0706028715 -0.0527119748 0.0417112261 0.114899911 -0.0865371153 0.0035052977 0.0129410317 0.12927109 0.0357606262 0.138919979 0.0209514946 0.0478611924 -0.125123918 -0.268878371 0.17683211 0.0503518879 -0.0345313437 -0.0637315139 -0.115033872 0.0482784361 -0.166139945 0.0739065185 -0.0396158434 -0.0157544371 0.00960710645 0.171842769 0.201222196 0.00883951224 -0.0787325874 -0.155170426 0.0414788388 -0.0589430332 0.203404903 0.0310496204 0.00020204825 0.040565189 -0.0323730558 0.0619128086 0.0514396764 -0.07433182 0.144141585 0.0830107182 0.0369403139 -0.0587420724 -0.0720121339 -0.00935083721 0.191415399 0.0247911196 0.131910324 -0.00131990889 0.177769348
__smartatpg_bin_734_3 0.0932232589 -0.153527871 -0.205885485 0.089407675 0.105703093 0.00222884002 0.107891522 0.117074288 -0.0643061399 0.34974587 -0.0942174196 0.00337881059 -0.0998719782 -0.13195166 -0.0708808154 -0.00468037138 0.03537108 -0.00917621795 0.0169115793 -0.0968402326 0.178625524 0.0205347929 0.150562555 0.0336965695 0.0773156211 -0.144215822 -0.228932157 0.144618928 -0.0339565314 0.0641804263 0.0425679274 0.043872796 -0.00921084359 -0.179880545 0.10961543 -0.0275284294 0.0706014186 -0.128321633 0.0823792294 0.107281551 -0.0775843114 -0.0456854701 -0.149899065 0.0692152008 -0.0262483396 0.163955495 0.000394406088 -0.0647510365 0.00447769556 0.0226988681 -0.0055211694 0.0194143653 0.0461142436 0.120659865 0.114062436 0.0250704158 -0.163268015 -0.0206940528 0.0399298146 0.110791266 0.00913538039 0.0661973432 -0.0339211412 0.242793769
__smartatpg_bin_734_2 0.172157899 -0.0323389806 -0.130333513 -0.0204025805 0.0913491994 0.0866501331 0.184198514 0.0175399091 0.0478311367 0.0858220309 -0.185534149 0.0201584231 -0.16720207 -0.0634179562 -0.05686488 0.00579192676 0.0976592824 -0.09353403 0.0169023275 0.0428307988 0.133700103 0.0372211821 0.101086572 -0.0145052709 0.0581587777 -0.131384745 -0.266940773 0.169239357 0.0409349799 -0.0337235779 -0.0413991027 -0.0887909681 0.0373873375 -0.135165796 0.05584158 -0.0255286042 -0.033735387 0.00250252662 0.178544879 0.186925262 0.0105854115 -0.0813826844 -0.162929729 0.0329621546 -0.0555950217 0.172657967 0.0215882808 -0.0221906118 0.0369869992 -0.0205723252 0.0554849356 0.0627592504 -0.0802763775 0.145363241 0.0786103234 0.0338143334 -0.0367788188 -0.0764978901 0.0348043852 0.187082857 0.00371951587 0.127872363 -0.0596455708 0.166566864
G1713 -0.00408321386 -0.0165338702 -0.0272716898 -0.0154328654 -0.0602683425 0.038547866 -0.0819915831 0.0874566808 0.043008633 0.215133235 0.0883691534 0.0558999926 -0.102925315 0.121035337 -0.0216772463 -0.103806965 -0.000943487452 -0.00371497986 -0.0203893371 -0.20131506 0.038817443 0.146689743 0.0214823522 -0.21821633 -0.0350295193 -0.124254465 -0.270519316 0.0956114307 -0.0670768842 -0.0888574198 0.120067328 -0.116449051 -0.000663327461 -0.019392224 0.124774598 -0.0412070304 0.0794525072 -0.127146289 -0.075321123 0.152602151 -0.026539851 -0.200024754 -0.125018805 0.0802583322 0.0519933328 -0.0621279925 0.0355879143 -0.094524309 -0.0978956968 0.117247649 -0.0833587125 0.0253692456 0.00528772501 0.13261275 0.117489167 -0.0988716781 0.0613267198 0.112630472 0.0072750398 -0.00288801477 -0.0817543268 -0.0338149481 -0.0469444655 0.0649311617
__smartatpg_bin_735_1 0.172383189 -0.0554276742 -0.131128713 -0.0277492031 0.0916523561 0.0843569338 0.212368384 0.0192294996 0.034783978 0.0982571617 -0.17134425 0.011573663 -0.191795677 -0.0704621896 -0.052664455 0.0416155905 0.114891119 -0.0865791366 0.00353021896 0.0128679648 0.129295126 0.0359041914 0.138977006 0.0208787527 0.0478503928 -0.125189841 -0.268866003 0.17687346 0.0503350496 -0.0346227214 -0.0636312813 -0.115132831 0.0482904278 -0.166149855 0.0739633441 -0.0396641195 -0.0157073569 0.00968279783 0.171843871 0.201183364 0.00877055246 -0.0788200498 -0.155177608 0.0414260514 -0.0589100495 0.20340617 0.0311499164 0.000175022113 0.0404541194 -0.0322568603 0.0618082099 0.0513202548 -0.0743856505 0.144118756 0.0830494538 0.0368937664 -0.0588507205 -0.0719824135 -0.00944527704 0.191332221 0.0245920829 0.131919593 -0.00132681197 0.177806243
__smartatpg_bin_735_3 0.09343566 -0.153215617 -0.206457943 0.088998951 0.105791979 0.00162345846 0.106789418 0.1164774 -0.064797163 0.349570364 -0.0939885154 0.00380466366 -0.099527806 -0.131047577 -0.07049945 -0.00573031092 0.0349486433 -0.00924341474 0.0167074241 -0.0972137377 0.177372873 0.0204528496 0.149473622 0.0330986865 0.0774821937 -0.143322766 -0.22908783 0.144595206 -0.0338203423 0.0647975355 0.0420548283 0.0446439981 -0.00979532581 -0.180676743 0.109128535 -0.0260438584 0.0717723146 -0.129050106 0.0830620825 0.107376687 -0.0785540193 -0.0461394712 -0.149566546 0.0698190331 -0.0255990997 0.164172336 0.000149706626 -0.065027602 0.0052841967 0.0229596142 -0.00549267372 0.0194207095 0.0462676585 0.120520584 0.113556728 0.0246594734 -0.161769971 -0.0215760954 0.0406950824 0.110526659 0.00923216622 0.0658681914 -0.0351476036 0.242219806
__smartatpg_bin_735_2 0.172267422 -0.0319481418 -0.130395696 -0.020122638 0.0918139368 0.0869619101 0.182735831 0.0173326526 0.0473246574 0.0853214785 -0.185098886 0.020413164 -0.166927844 -0.0622119047 -0.0570877045 0.00473580742 0.097700201 -0.093904838 0.0172009692 0.0429363661 0.13269037 0.0380376652 0.100256093 -0.0152374273 0.0583698265 -0.130626321 -0.267083496 0.169618666 0.0407420583 -0.0339646861 -0.0423890464 -0.0884865522 0.0368933193 -0.135725036 0.0547825135 -0.0242454819 -0.0331316106 0.00226845196 0.178589061 0.187319115 0.0101137105 -0.0820811987 -0.162999421 0.0332461968 -0.0553673469 0.173056796 0.0218484253 -0.0217752028 0.0370899811 -0.0200323593 0.0552591234 0.0628812909 -0.0806085989 0.145514518 0.0778701976 0.0336331949 -0.0348219499 -0.0766464174 0.036391966 0.186851367 0.0027693219 0.127670094 -0.0608936846 0.166443139
G1714 -0.00418801047 -0.016624108 -0.0272977911 -0.0152642159 -0.0602618642 0.0386492237 -0.0817887187 0.0875982046 0.0426563583 0.215164527 0.0882860795 0.0559650101 -0.10294877 0.12092375 -0.0217920989 -0.103915937 -0.00105465436 -0.0036489577 -0.0201743543 -0.200742915 0.0389711745 0.146926448 0.0216801241 -0.217836797 -0.0350668207 -0.124365918 -0.270618767 0.0956788287 -0.0670064017 -0.088892892 0.120183803 -0.116341725 -0.000743247394 -0.0195986591 0.124767274 -0.0411797091 0.0794145688 -0.126911223 -0.0752882436 0.152303532 -0.0264306422 -0.199890658 -0.124898486 0.0802669674 0.0518301614 -0.0621659532 0.0356399119 -0.0943986699 -0.0979125351 0.117194779 -0.0834776759 0.0252658371 0.00529019581 0.132502511 0.117181316 -0.0987652019 0.0608399883 0.112722605 0.00735739898 -0.00294970535 -0.0819251984 -0.0338057242 -0.0468206406 0.0650910661
__smartatpg_bin_736_1 0.172431991 -0.0555912368 -0.131311804 -0.0277631525 0.0915220976 0.0840602666 0.212216839 0.0193001032 0.0348044448 0.0983904153 -0.171438113 0.0118018948 -0.19191812 -0.0707446784 -0.052607052 0.041836936 0.11483077 -0.0863777027 0.00348301791 0.0129115032 0.129378423 0.0355016962 0.139176682 0.0213394836 0.0478619635 -0.125177592 -0.268827617 0.176647142 0.0503163449 -0.0342612714 -0.0637301579 -0.114819832 0.0483254902 -0.166279107 0.0739921927 -0.0395370759 -0.0157707836 0.0094341645 0.171677649 0.201057792 0.00886243768 -0.07842765 -0.155179814 0.0416939706 -0.058912836 0.203418031 0.0308509301 0.000273109064 0.0405557156 -0.0325155519 0.0620136671 0.0514300615 -0.0740774497 0.14415057 0.083161734 0.0369676054 -0.0588374063 -0.071821548 -0.00924001262 0.191643119 0.025002731 0.131894931 -0.00122269988 0.17764537
__smartatpg_bin_736_3 0.0920868218 -0.151396438 -0.207144946 0.0893138945 0.10622032 0.00119733193 0.103071645 0.116472572 -0.0678222924 0.348522067 -0.0926498771 0.00544861006 -0.0973625779 -0.126121208 -0.0709735081 -0.0109817041 0.0327231027 -0.0104281679 0.0184344091 -0.0951454639 0.17313759 0.0228446182 0.146321088 0.0314102471 0.0778325498 -0.141353607 -0.229438066 0.145988971 -0.0335711502 0.0653501227 0.0418062098 0.0462270454 -0.0116173113 -0.183138281 0.10734842 -0.0220816359 0.0743542761 -0.130368561 0.0847776234 0.107163854 -0.0798140317 -0.0467230789 -0.148403987 0.0709327906 -0.0252638403 0.163302466 0.00154602516 -0.0663834438 0.00634511001 0.0245033335 -0.00715180766 0.0184794534 0.0452614203 0.119733557 0.110529393 0.0236451291 -0.158781782 -0.0224740636 0.0439352952 0.109234005 0.00712448498 0.0635441765 -0.037968494 0.24095197
__smartatpg_bin_736_2 0.172025755 -0.0322868526 -0.130989954 -0.0200658403 0.0915078968 0.0869141072 0.18305479 0.0176549181 0.0465307273 0.0855975002 -0.185418501 0.0210153405 -0.167033762 -0.0633241385 -0.0569992475 0.00463691028 0.0970834047 -0.0931635723 0.0176231563 0.0443377234 0.133120552 0.0383795165 0.100725576 -0.0132189542 0.0578884929 -0.13097313 -0.267361581 0.169217035 0.0414546207 -0.0337340645 -0.0416578092 -0.0876556039 0.0368872471 -0.136799231 0.054587353 -0.0235298499 -0.0332170166 0.00233789044 0.178898916 0.186623514 0.0105750868 -0.0811689198 -0.162041083 0.0337896347 -0.0555132218 0.172980249 0.0215232801 -0.0213534962 0.0370755941 -0.0203437805 0.0553371646 0.0627823994 -0.0798712671 0.145229653 0.0770088434 0.0337958857 -0.0365813039 -0.0764558911 0.0367475785 0.187212646 0.00263039977 0.127540991 -0.0604149438 0.166541755
G1715 -0.00392373698 -0.0162982531 -0.0270529967 -0.0156144025 -0.0603025593 0.0390249193 -0.0813383907 0.0868078172 0.0432391986 0.214490592 0.0881144181 0.055890128 -0.102651738 0.121078894 -0.021732999 -0.104032442 -0.000828109973 -0.00370331272 -0.020637067 -0.201403916 0.0387045629 0.1470768 0.0208129846 -0.218277574 -0.0350637659 -0.12407276 -0.270829618 0.0959131271 -0.0668951869 -0.0891690254 0.119972207 -0.116769761 -0.000723251607 -0.0193238501 0.124805473 -0.0410601683 0.0795539692 -0.126487941 -0.0747217909 0.152940735 -0.0265689101 -0.200578183 -0.124778964 0.0799066648 0.0520957597 -0.0622374713 0.0356642455 -0.0943339467 -0.0976287648 0.117461987 -0.0833378881 0.0256752912 0.00502815004 0.13263008 0.11711777 -0.099238351 0.0617341287 0.112238012 0.00706664659 -0.00298416894 -0.0820944384 -0.0337411016 -0.0470953211 0.0653933808
__smartatpg_bin_737_1 0.171909273 -0.0559052452 -0.131138757 -0.0276832487 0.0915580541 0.0845702365 0.212144345 0.0196727253 0.0344783552 0.0987211913 -0.17111358 0.0117920162 -0.192061111 -0.0701185837 -0.0525027215 0.041366864 0.114931367 -0.0866490081 0.00366404047 0.0127120325 0.129504412 0.036020115 0.139408737 0.0211603474 0.0478825793 -0.125452444 -0.268550873 0.176765352 0.0502707697 -0.0343987383 -0.0632826239 -0.115064904 0.0482890569 -0.166342318 0.0742221326 -0.0397502594 -0.0154564818 0.00968595687 0.171682611 0.200765416 0.00853837561 -0.0787073076 -0.15517731 0.0414938405 -0.0587941557 0.203491226 0.0311916564 0.00014050366 0.040090587 -0.0320367664 0.0616186783 0.0508874729 -0.0741989315 0.144016966 0.0832052082 0.0369013436 -0.0593755357 -0.0717509165 -0.0095620146 0.191229716 0.0242922064 0.131968692 -0.00127123541 0.177805051
__smartatpg_bin_737_3 0.094469741 -0.15484798 -0.206554502 0.08896669 0.105464257 0.00209938316 0.108582579 0.115084074 -0.0659786835 0.349603981 -0.0944767445 0.00266294577 -0.101166777 -0.132270902 -0.0703806728 -0.00536838407 0.0350439325 -0.010720592 0.0163716245 -0.0966872051 0.179161206 0.020308027 0.15069066 0.0339216627 0.077171497 -0.144205987 -0.228976548 0.143856481 -0.033535447 0.0647306815 0.0428305008 0.0457220562 -0.00964871421 -0.179930642 0.1096709 -0.0277323164 0.071343042 -0.126913294 0.0828408152 0.105887108 -0.0792252421 -0.0470039621 -0.149721101 0.0680590421 -0.0249725617 0.164977923 -4.78659567e-05 -0.0643127412 0.00538232177 0.0226999391 -0.00463623507 0.0186407305 0.046764113 0.120150656 0.114003666 0.0257823318 -0.164242491 -0.022447018 0.0390525125 0.110779367 0.00913467072 0.0681276694 -0.0338439867 0.241360486
__smartatpg_bin_737_2 0.170173913 -0.0295606665 -0.131829709 -0.0204660483 0.0920098573 0.0856530815 0.178348675 0.017786203 0.0434694551 0.0841104686 -0.183656633 0.0230761524 -0.163806304 -0.0559390411 -0.057205338 -0.00162976398 0.0942235738 -0.0948641747 0.019278286 0.0452200174 0.127725035 0.0401799604 0.0966900811 -0.016819099 0.0587575398 -0.128492758 -0.267372876 0.171050251 0.0412045531 -0.0326613039 -0.041923862 -0.0858668387 0.0347880274 -0.139190987 0.0533145368 -0.0199002568 -0.0295026973 0.000478382397 0.180757046 0.186383709 0.00870079454 -0.0820169002 -0.161023751 0.0351650678 -0.0548999682 0.171607554 0.0234066993 -0.0240346175 0.03863151 -0.0186696369 0.0533184819 0.061487738 -0.0811583325 0.144478276 0.0746026859 0.032269109 -0.0318935551 -0.0777250156 0.0397382081 0.185660347 0.000826030911 0.124890491 -0.0643973053 0.164164945
G1716 -0.00450173579 -0.0164194666 -0.0275537781 -0.0154646272 -0.0605536811 0.0394373499 -0.0810234621 0.0872990862 0.0417813212 0.214539662 0.0877132267 0.0563908778 -0.102516167 0.1202356 -0.0218641255 -0.104626074 -0.00166396773 -0.00325098564 -0.0196570382 -0.198785394 0.039334666 0.148042932 0.0211609434 -0.216291338 -0.0354533754 -0.124641053 -0.271170914 0.0957654342 -0.0660885051 -0.0892443061 0.121066235 -0.115912952 -0.000899025064 -0.0202812236 0.124502443 -0.0405135639 0.0791349113 -0.125939205 -0.0742732733 0.151781157 -0.0259969626 -0.199653015 -0.123777948 0.0802276284 0.0514388978 -0.0624205507 0.0356649682 -0.0941471681 -0.0978310183 0.117323004 -0.0836046487 0.025392225 0.00546525884 0.132069618 0.11569865 -0.0989119262 0.0593076199 0.112328112 0.00761567755 -0.00299522281 -0.0829567015 -0.0337360092 -0.046720434 0.0656627193
__smartatpg_bin_738_1 0.167990834 -0.0488198847 -0.135228619 -0.0275131389 0.0934111848 0.0828830302 0.197923049 0.0193126425 0.0246156994 0.093720898 -0.166313499 0.0181384515 -0.183179647 -0.0527594797 -0.0531586297 0.0232380461 0.107286021 -0.0896217525 0.00929021649 0.0177043062 0.114166625 0.0436821505 0.126679718 0.0142751643 0.0490133837 -0.117676571 -0.269604236 0.180391923 0.0505126975 -0.0327867493 -0.0661715195 -0.107533813 0.0418068804 -0.175464213 0.0662488043 -0.024357602 -0.00491219386 0.00423891982 0.177542418 0.200077131 0.00303833 -0.0816280767 -0.150662914 0.0463990904 -0.0564144216 0.201774612 0.0356849544 -0.00362934871 0.0445763282 -0.0266250782 0.0565888397 0.0485225134 -0.0768054351 0.14218092 0.0726444796 0.0332514681 -0.0453776531 -0.0755212978 0.00363106886 0.187378004 0.0165395197 0.124030046 -0.0131871672 0.171592042
__smartatpg_bin_738_3 0.0934858546 -0.153229192 -0.205564976 0.0891096219 0.105362318 0.0026929637 0.108305179 0.116840735 -0.0642841756 0.349048108 -0.0943745449 0.00294991606 -0.100153491 -0.131309286 -0.0706060231 -0.00476276455 0.035667751 -0.00953127258 0.0166818537 -0.0963518396 0.178626508 0.0211318564 0.150899842 0.0333094969 0.077296555 -0.144657835 -0.229707927 0.145012498 -0.0336147249 0.0631554723 0.042456761 0.0429245122 -0.00892172381 -0.17970489 0.109794237 -0.0277607385 0.070347406 -0.12721239 0.0825038403 0.107418366 -0.077764906 -0.046029944 -0.150223836 0.0686467364 -0.0265454333 0.163883194 0.000470490195 -0.0646491945 0.00461054081 0.0223858524 -0.00536853075 0.0193771254 0.0455283076 0.120848402 0.114382565 0.0249208435 -0.163439929 -0.0207860731 0.0393936373 0.111214966 0.00842979643 0.066980429 -0.03396786 0.242734611
__smartatpg_bin_738_2 0.170780554 -0.0332828611 -0.130293697 -0.0199591629 0.091917634 0.0876495093 0.18209748 0.0182068292 0.0463952869 0.086918816 -0.183839694 0.0204960182 -0.167267412 -0.0608240515 -0.0564987436 0.00360157713 0.0978158936 -0.0942849591 0.0173864253 0.0412253514 0.13295722 0.0385709554 0.100724041 -0.0156324506 0.0586050451 -0.130991369 -0.265999883 0.169624567 0.0405046456 -0.0334875584 -0.041237168 -0.0886021778 0.0367972888 -0.136063814 0.0556400977 -0.0246302541 -0.0318459384 0.00205890136 0.178377897 0.186455399 0.00875448342 -0.0826221108 -0.163042247 0.0331129208 -0.0546154194 0.17348963 0.0223710034 -0.0222479999 0.0359636657 -0.0187176634 0.0542497076 0.061403539 -0.0803584829 0.145074427 0.0783961862 0.0333783105 -0.0359163582 -0.076458469 0.0355119966 0.185904488 0.00152312219 0.127643511 -0.061082691 0.16656819
G1717 -0.00547500188 -0.0168734137 -0.0282326434 -0.0148273399 -0.0611561202 0.0399449691 -0.0799097866 0.0877263919 0.0389683023 0.213632777 0.0861752778 0.0575614944 -0.10217046 0.118459649 -0.0225922484 -0.105656691 -0.00258887815 -0.00230362895 -0.0181057062 -0.193326339 0.0406881161 0.149672136 0.0215875804 -0.211931005 -0.0359249003 -0.125443205 -0.272015125 0.0958321244 -0.0645920262 -0.0889010429 0.122444361 -0.113871261 -0.00167495548 -0.0220902488 0.123852812 -0.0389662124 0.0784098506 -0.124210477 -0.0731257796 0.14935635 -0.0248020943 -0.197524235 -0.12172918 0.0805997625 0.0497572497 -0.0628523827 0.0349381715 -0.0932627171 -0.0975006968 0.116319269 -0.0836743489 0.0254012216 0.00630194275 0.130933404 0.112389162 -0.0979357436 0.055333022 0.112466253 0.00904602464 -0.00286025391 -0.0837666988 -0.0335522071 -0.0458352678 0.0665801316
__smartatpg_bin_739_1 0.168599665 -0.0497416221 -0.134832919 -0.027557157 0.0931732953 0.0830634013 0.199810565 0.019281188 0.0259261411 0.0944061577 -0.166912317 0.0173050798 -0.184323698 -0.0552598797 -0.0530333221 0.0256863795 0.108299032 -0.0891523585 0.00854702201 0.0170100164 0.116142221 0.042582985 0.128210351 0.0152303111 0.0488258973 -0.118686102 -0.26943627 0.179802522 0.0504694842 -0.0330242589 -0.0658805892 -0.108374111 0.0426687375 -0.174308777 0.0671571717 -0.0261916872 -0.00632936321 0.00483095041 0.176799521 0.200116009 0.00371971796 -0.0812349021 -0.15122506 0.0457960479 -0.0566620827 0.202089787 0.0350248814 -0.00309276138 0.0440890677 -0.0273873936 0.0572858565 0.0488885231 -0.0763993934 0.142481655 0.0740013868 0.0337644927 -0.0471558608 -0.0751069635 0.00198935065 0.187970981 0.0176342074 0.12501438 -0.0115255397 0.17231375
__smartatpg_bin_739_3 0.093520388 -0.153289229 -0.205639169 0.0891453326 0.105392516 0.00258815591 0.108256683 0.116780788 -0.064320676 0.349137455 -0.0943894386 0.00295569538 -0.100095481 -0.131424263 -0.0706326962 -0.00477342447 0.0356448293 -0.00949747767 0.0166874826 -0.0964128003 0.178636059 0.0210386664 0.150771528 0.0333314165 0.0773140267 -0.144537151 -0.229640082 0.14495872 -0.0336419493 0.0633229539 0.0424482115 0.0431100726 -0.00899282005 -0.179718196 0.109758496 -0.027720429 0.0704202577 -0.127372488 0.0825097933 0.107405253 -0.0778097287 -0.0460290834 -0.15018782 0.0687120557 -0.0265078656 0.16391176 0.000434389018 -0.0646607205 0.00466696359 0.0224449988 -0.0053628413 0.0193990264 0.0456275865 0.120796867 0.114285089 0.0249647629 -0.16339542 -0.0208540186 0.0394743606 0.111134559 0.00853447337 0.0669322237 -0.0339930244 0.242733955
__smartatpg_bin_739_2 0.17100285 -0.033177983 -0.130390778 -0.0199908484 0.0919127166 0.0874395519 0.182117075 0.0180826075 0.046502661 0.0868233293 -0.18395938 0.0205107965 -0.167240888 -0.0610840432 -0.0565422066 0.00378871593 0.0977695286 -0.0941791683 0.0173230357 0.0413101204 0.132901341 0.0383532159 0.100649595 -0.0155393779 0.0585837997 -0.130886629 -0.266088605 0.169558704 0.0405317433 -0.0334231332 -0.0414033942 -0.0884837061 0.0368097685 -0.13606669 0.0555369891 -0.0245519672 -0.0319485478 0.00193199888 0.178366244 0.186561733 0.00886837486 -0.0825145617 -0.163039669 0.0332125425 -0.054640118 0.173488975 0.0222453214 -0.0221878868 0.0361344144 -0.0189034883 0.0543940291 0.0615876243 -0.080301702 0.145125598 0.0783694983 0.0334273838 -0.0357301272 -0.0764940158 0.0356341749 0.186060593 0.00181014941 0.127605483 -0.0610577464 0.166502386
G1718 -0.00527589209 -0.0167804603 -0.0280299317 -0.0148852179 -0.0610830262 0.0397705249 -0.0801214203 0.0875559598 0.0395332091 0.213577539 0.0862831771 0.0573500842 -0.102191091 0.118815929 -0.0225388668 -0.105456769 -0.00229950435 -0.00256038504 -0.0184008013 -0.194191128 0.0405128561 0.149307594 0.0214116443 -0.212736189 -0.0357445925 -0.125221401 -0.271867365 0.0958837867 -0.0649245679 -0.0888400674 0.122056343 -0.114151321 -0.00163152674 -0.0216143783 0.123947538 -0.0392293781 0.0784456357 -0.124445423 -0.0733361393 0.149742365 -0.0249766447 -0.197830766 -0.122160323 0.0804714933 0.0499195531 -0.0628243983 0.0349453166 -0.0934057832 -0.0974442661 0.116378374 -0.0835754648 0.0255283024 0.00613657944 0.131153896 0.112932786 -0.0980063304 0.0562395044 0.112434655 0.00893225148 -0.00286409957 -0.0834967494 -0.0335078575 -0.0460329577 0.0664213523
__smartatpg_bin_740_1 0.102041587 -0.157378078 -0.168392584 0.0936087295 0.1014788 0.0670736879 0.14128159 0.0821432546 -0.107430324 0.317804873 -0.0873575062 -0.0568192713 -0.0913822949 -0.106996268 -0.0769535378 -0.0367211998 0.0709029809 -0.0490796305 0.0473580249 -0.0207989048 0.207134247 0.125468329 0.122828193 0.0410844684 0.0495206378 -0.125269175 -0.278906554 0.176174015 -0.0312535539 0.0216696262 0.000103547747 -0.00127346558 -0.00782273989 -0.174713463 0.114991032 -0.0349320807 0.0821727887 -0.0824017152 0.0858000517 0.127822101 -0.0675217435 -0.106389031 -0.157687798 0.0218232591 -0.075505957 0.175784022 0.0635492057 -0.0392497294 0.0112785604 0.0549457856 -0.0323888808 0.0124498075 0.0148516595 0.104282796 0.00613789307 0.054591313 -0.182477593 -0.0283349212 0.0105977897 0.0685023069 -0.0709079877 0.0830824599 0.0335413404 0.248927295
__smartatpg_bin_740_3 0.121608131 -0.101721831 -0.184631735 0.0444484688 0.0902550593 0.00378222554 0.175800025 0.0804459378 -0.0895568728 0.283962429 -0.119326644 -0.0335661359 -0.0566655323 -0.102735884 -0.0122672534 -0.0570433587 0.00712187029 0.0103490083 0.025281461 -0.0373733044 0.172847331 0.0905375928 0.097883828 0.022366887 0.0415883027 -0.131963998 -0.312565714 0.209815755 -0.000250962039 -0.0287698768 0.080127582 -0.0573914312 0.00136734068 -0.172422275 0.124601737 -0.0290896092 0.0667313263 -0.0873696506 0.145396143 0.155540049 -0.0504373349 -0.035358727 -0.121116281 0.0372554548 -0.0632151142 0.128119215 0.0339142494 -0.0553583503 0.00136353029 0.062022388 -0.00616183644 0.0211544875 -0.00844696257 0.139137462 0.0461444333 0.00436110795 -0.17147243 -0.0473106951 0.0186071973 0.124002747 -0.0620076247 0.0881506354 -0.0906788185 0.210507855
__smartatpg_bin_740_2 0.118512221 -0.124112651 -0.180438593 0.0614991039 0.111568697 0.0262012612 0.115561925 0.0476174876 -0.0571096577 0.317510784 -0.0839667469 -0.0295962989 -0.062812373 -0.0946036354 -0.051586628 -0.0645281598 0.043855533 -0.0346294828 0.0212975219 -0.120228603 0.158797964 0.0761077702 0.0499870665 -0.0387834422 0.0661741123 -0.111291356 -0.269943625 0.177184999 -0.0276665688 0.0203640126 0.0284824185 -0.00698047271 -0.00756524084 -0.162299424 0.108025901 -0.00521832844 0.105063595 -0.123632796 0.12320102 0.167995602 -0.0888648927 -0.120084085 -0.154825464 0.034554299 -0.0296486504 0.167578161 0.038435135 -0.0681904778 0.0156831071 0.0760579854 -0.0231461041 0.0297172293 0.00977254752 0.124358796 0.0475730635 0.0141372243 -0.0941604227 -0.0648947284 0.0186277274 0.0844977349 -0.0421660542 0.0654213503 -0.0778084174 0.22797671
G1719 0.11778301 -0.0902030319 -0.188203812 0.015059514 0.116970092 -0.00236079656 0.0966743529 0.0584548712 -0.0203023646 0.243828863 -0.144499719 0.0696377829 -0.154935375 -0.106284715 -0.0530855544 -0.0051954505 0.0584145486 -0.0434779413 0.0597924739 0.00724251801 0.157001972 -0.00813652482 0.114885174 0.0442508832 0.0882597417 -0.0919523239 -0.211132854 0.137322083 0.0029145265 0.087374039 -0.0151502872 0.0130510516 0.0170928258 -0.161212549 0.0829059631 -0.000935094838 0.0347456746 -0.134355709 0.124710113 0.142973214 0.00808420684 -0.00712842215 -0.150244042 0.0999235138 -0.0523731895 0.178062901 0.0106752338 -0.0337766223 0.031076774 -0.00381030911 0.0403036065 0.0199197475 0.0391367897 0.115424424 0.0320998877 0.0685122013 -0.0817659795 -0.0356818922 0.0647500083 0.165165335 0.0511638075 0.0587378889 -0.0634582415 0.171606213
__smartatpg_bin_741_1 0.103409618 -0.158667073 -0.16730237 0.0934261307 0.101090826 0.0675851926 0.14538911 0.0820658654 -0.103714325 0.318118334 -0.0892174244 -0.0587510988 -0.0931551978 -0.112041064 -0.0761539862 -0.0314448662 0.0736876354 -0.0483508632 0.0453255996 -0.0224569011 0.211744502 0.123215161 0.12552087 0.0419766158 0.0495393798 -0.127442092 -0.278485119 0.175031379 -0.0323340297 0.0209191721 -0.000143195459 -0.00286800251 -0.00627464429 -0.171222121 0.116622172 -0.0389079824 0.0791103542 -0.0806919634 0.0843431428 0.127633721 -0.0665320829 -0.105960727 -0.159428388 0.0200864319 -0.0762901083 0.176686868 0.0618776381 -0.0380738266 0.0106173474 0.0532856062 -0.0304090139 0.0137044406 0.0151203917 0.105647847 0.009106718 0.0558541082 -0.185138941 -0.0276884362 0.00773739768 0.0694823489 -0.069013387 0.0859100744 0.0363029167 0.249763221
__smartatpg_bin_741_3 0.120392121 -0.100151137 -0.18570511 0.0446952246 0.0907489657 0.00311268261 0.17205283 0.0805277973 -0.0925561041 0.283098429 -0.118066646 -0.0318399221 -0.054379154 -0.0982199758 -0.0127137583 -0.0621148236 0.00474544941 0.0094919391 0.0269271024 -0.0354252234 0.168859571 0.0925620645 0.0948502123 0.0207613818 0.0419379137 -0.130056038 -0.312713385 0.210952654 -0.000121915473 -0.0278399214 0.0798923224 -0.0552081354 -0.00044259752 -0.174859762 0.122759558 -0.0252968185 0.0694557577 -0.0889296234 0.146980673 0.155047148 -0.0516486615 -0.0358507335 -0.119800769 0.0386051014 -0.0626988709 0.127382427 0.0350712277 -0.0566189699 0.0024408754 0.0633733422 -0.00773083325 0.0202581547 -0.00901596062 0.138300732 0.0432366319 0.00340026477 -0.168590233 -0.0481919311 0.0218891669 0.122864217 -0.063794367 0.085860461 -0.0933866277 0.209157825
__smartatpg_bin_741_2 0.118687756 -0.123930231 -0.180870846 0.0614372008 0.111376666 0.0261570029 0.11614874 0.0475190096 -0.0576434135 0.317162037 -0.0845140517 -0.0292741843 -0.0627282262 -0.0957596302 -0.0516381599 -0.0644976795 0.0432601683 -0.0339985415 0.0215947237 -0.118630923 0.159023181 0.076481387 0.0500419661 -0.0372219197 0.0656436235 -0.111480959 -0.270540595 0.176982611 -0.0269065648 0.0201986395 0.0289255958 -0.00638824515 -0.00756983878 -0.16305165 0.10758739 -0.00454447139 0.104712673 -0.123314142 0.123745084 0.167719841 -0.0882652178 -0.11940188 -0.153960049 0.0348168723 -0.0299357548 0.167411447 0.0381870344 -0.0677432567 0.0159364175 0.0755448937 -0.0228985697 0.0299585704 0.0101885507 0.124162391 0.0466067158 0.0143231079 -0.0953729525 -0.0649714768 0.0189614296 0.0848546475 -0.0422125272 0.0653943196 -0.0774721205 0.228059918
G1722 0.117986448 -0.0900492519 -0.188037634 0.0148545699 0.117359675 -0.0026647062 0.0961398184 0.0582265779 -0.0195009261 0.244141102 -0.143879637 0.0693012699 -0.154918224 -0.105500899 -0.0528003573 -0.00499861129 0.0587578975 -0.0438024029 0.0591551699 0.00496324291 0.156230837 -0.00904004835 0.114550158 0.0425121449 0.0885799602 -0.0916339085 -0.210654899 0.137334496 0.00228702393 0.0873334408 -0.0156953279 0.0123657351 0.0172795691 -0.16052556 0.0831156522 -0.00135995948 0.0352770127 -0.135025859 0.124357663 0.143813491 0.00735327788 -0.00794422347 -0.151056677 0.0998032913 -0.0516152233 0.178278401 0.0107977455 -0.0341923647 0.0310078003 -0.00349663757 0.040373046 0.0198666528 0.0387161374 0.11571195 0.0333058871 0.0680719391 -0.079957217 -0.0358800329 0.0642481819 0.16504924 0.051794868 0.0584102757 -0.0640948862 0.171214029
__smartatpg_bin_742_1 0.102987528 -0.159085974 -0.167284757 0.0935629085 0.101155013 0.067907162 0.14521192 0.0824253038 -0.104095422 0.318655699 -0.0887902603 -0.0586959682 -0.0932861045 -0.11167416 -0.0760616362 -0.0318568461 0.0737341791 -0.0484941415 0.045528084 -0.0227543302 0.21185945 0.123479813 0.125720888 0.0419763252 0.0495623574 -0.127613261 -0.278146654 0.175017148 -0.0323792882 0.021026466 0.000298406725 -0.00286662066 -0.00633743359 -0.171421543 0.116820484 -0.0390679426 0.0795070082 -0.0807354599 0.0842626095 0.127315775 -0.0668923408 -0.106138736 -0.159365699 0.0200600363 -0.0760517791 0.176858202 0.0621022023 -0.0381911173 0.0102271289 0.0537537858 -0.0308032203 0.0131538725 0.0151861198 0.105486795 0.00910951104 0.0558294728 -0.185649589 -0.0276536047 0.00750911376 0.0690961927 -0.0694930479 0.0858830139 0.036310371 0.249870151
__smartatpg_bin_742_3 0.122806385 -0.10352663 -0.185188308 0.0444324017 0.0899076983 0.00375856156 0.177337527 0.0789796337 -0.0907473937 0.284284562 -0.119988479 -0.0345989205 -0.058324948 -0.10444814 -0.012096297 -0.0564637147 0.00710723922 0.00925218314 0.024906652 -0.0368563309 0.174571872 0.0898845345 0.0989405364 0.023640072 0.0413305126 -0.132519171 -0.312434524 0.208781794 6.5561333e-05 -0.0283449702 0.0807207674 -0.0557915308 0.00141451182 -0.171870232 0.124967203 -0.0304857697 0.066353783 -0.0858048648 0.145218834 0.154095158 -0.0512046032 -0.0360318869 -0.121166706 0.035936676 -0.0624889098 0.128979981 0.0333506204 -0.0546099134 0.0018797908 0.0616537593 -0.00514037907 0.0205481928 -0.00754527329 0.138742104 0.0464221649 0.00559107726 -0.173827797 -0.0483960472 0.0173631143 0.124302968 -0.061601717 0.090253301 -0.0894373655 0.209580079
__smartatpg_bin_742_2 0.117380597 -0.121509567 -0.181627005 0.0612549186 0.112159349 0.0248055942 0.110963061 0.0474567972 -0.0604906939 0.31597805 -0.0825703144 -0.0273890272 -0.06017901 -0.0887831822 -0.05196077 -0.070432134 0.0409173742 -0.0357336849 0.0230780598 -0.118257917 0.153501078 0.0781620294 0.0459309556 -0.0411917567 0.0666959509 -0.108717464 -0.270439088 0.178779259 -0.0274980776 0.0212383177 0.0277641639 -0.00486691669 -0.00977224577 -0.165174574 0.105861589 -0.000557613501 0.108385816 -0.1257177 0.125388876 0.167950526 -0.0903199166 -0.120601736 -0.153363362 0.0363339521 -0.0291672647 0.166660234 0.0397152752 -0.0698985383 0.0174117181 0.0774196237 -0.0247204043 0.0289648939 0.00870749354 0.123688109 0.0443779565 0.0127289072 -0.0896412209 -0.0661751628 0.0225302894 0.083437562 -0.0438480042 0.0625954717 -0.0816781521 0.225925356
G1725 0.117637284 -0.0901083648 -0.188296393 0.0150718326 0.116996154 -0.00242155092 0.0966000333 0.0585000701 -0.0204681046 0.243696839 -0.144683778 0.0697318763 -0.154786244 -0.10628169 -0.0530112721 -0.00544955861 0.0581515394 -0.0435281135 0.0599709377 0.00778859854 0.157132253 -0.00805614982 0.114717796 0.0443462543 0.0882405266 -0.0919796973 -0.21114333 0.137348548 0.00300361705 0.0874996632 -0.0148572046 0.0133331064 0.0169996992 -0.161154181 0.0827448517 -0.000932151219 0.0345876776 -0.134301335 0.124819271 0.142788127 0.00819348544 -0.00690814853 -0.150081635 0.0999562815 -0.0524861813 0.177957237 0.010560873 -0.0338988006 0.0311239287 -0.00374100078 0.0403904356 0.0199153032 0.0391621478 0.115333542 0.0318602808 0.0685060173 -0.0820447057 -0.0357621759 0.0650575459 0.165169924 0.0510895774 0.058692243 -0.0637594908 0.171465471
__smartatpg_bin_743_1 0.10332717 -0.158688962 -0.167230338 0.09343528 0.101045273 0.0676606968 0.145386145 0.082049787 -0.103681147 0.318062663 -0.0892424285 -0.0587540492 -0.0930994377 -0.111949407 -0.076137431 -0.031505309 0.0737366751 -0.0483763851 0.0453246683 -0.0224763192 0.211779356 0.123271994 0.125465721 0.0419669412 0.0495855771 -0.127435327 -0.278482944 0.175074503 -0.0323585272 0.0209477153 -0.000128401385 -0.00290160137 -0.00629790174 -0.171175256 0.11665599 -0.0388990529 0.0790998116 -0.0806127116 0.0843747109 0.127612084 -0.0665543675 -0.105968699 -0.159431279 0.0200511795 -0.0763472319 0.176637396 0.0618518032 -0.0380932651 0.0106084486 0.0533393137 -0.0304392353 0.0137293627 0.0150930127 0.105635397 0.0091021331 0.0558255836 -0.185108036 -0.0276773125 0.00776078738 0.0694532171 -0.0690975711 0.0859332532 0.0362729654 0.249807164
__smartatpg_bin_743_3 0.119329028 -0.0982411802 -0.187236279 0.0445397757 0.0911790058 0.0021680377 0.167355016 0.0800613984 -0.0961965024 0.281877249 -0.116710827 -0.0298704691 -0.0516961925 -0.0926683322 -0.01291632 -0.0682560802 0.00196572184 0.00835964456 0.0285590384 -0.0331734531 0.163833007 0.0947818011 0.0909271762 0.0186750069 0.042462863 -0.127600476 -0.313136578 0.212147906 0.000254996528 -0.0267284568 0.0794164687 -0.052368369 -0.00264044455 -0.177834377 0.12040481 -0.0204284247 0.0728941336 -0.0907669663 0.149138302 0.154487461 -0.0535731167 -0.0366891846 -0.118235268 0.040244177 -0.0618696436 0.12665461 0.0361716673 -0.0581939518 0.00421899324 0.0648261532 -0.00933913235 0.0192794353 -0.00957160164 0.137357414 0.0398761332 0.002117255 -0.164795801 -0.0498216376 0.0258190017 0.121719949 -0.0659089312 0.0835038945 -0.0969579071 0.207229063
__smartatpg_bin_743_2 0.118587449 -0.123660125 -0.181366205 0.0616629533 0.11160817 0.0266574621 0.115158238 0.04743696 -0.0588583238 0.316706032 -0.0843115523 -0.0285928026 -0.0624410994 -0.0953990221 -0.0517965332 -0.0658213571 0.0427830778 -0.0337740853 0.0222331807 -0.117313661 0.158216119 0.0778141171 0.0492897853 -0.0364595242 0.0654146522 -0.110948779 -0.27099359 0.177195802 -0.0263644587 0.0199794453 0.0286623687 -0.00558614917 -0.00812980346 -0.164412782 0.106263012 -0.00256079622 0.105327621 -0.123314396 0.124392711 0.167651623 -0.0884171128 -0.11949636 -0.153100267 0.035405308 -0.0298764948 0.167735144 0.038244769 -0.0670442805 0.0160237364 0.075958766 -0.0231605936 0.0300077982 0.0103068342 0.124041609 0.0449582525 0.0141387982 -0.0948726311 -0.0651746765 0.0206886642 0.0847652778 -0.0434606038 0.0650567636 -0.0783757344 0.228142619
G1728 0.117980085 -0.0901317298 -0.188131794 0.0148613025 0.117330357 -0.00251198839 0.0964310691 0.0581728518 -0.0195108131 0.244217381 -0.143841371 0.0694219768 -0.154929295 -0.105784953 -0.0527947657 -0.00496184453 0.0587207191 -0.0434572324 0.059061341 0.00485602347 0.156126544 -0.0089515904 0.11461924 0.042865973 0.0884176046 -0.0917030126 -0.210767135 0.137235373 0.00249571074 0.0872129649 -0.015630912 0.0123217311 0.0173596311 -0.16086112 0.0830986723 -0.00104472437 0.0355032571 -0.134956643 0.124559857 0.143885389 0.00734015042 -0.00798263494 -0.150819495 0.0998610333 -0.0514112636 0.178282976 0.0107374499 -0.034011811 0.0310117882 -0.00353987794 0.0403675549 0.0198964905 0.0388205983 0.115660414 0.0331680961 0.0679188445 -0.0800998658 -0.035874974 0.0641182885 0.165108919 0.0518187284 0.0582267456 -0.0639695376 0.171428353
__smartatpg_bin_744_1 0.102905072 -0.159151018 -0.167260528 0.0935876966 0.101151995 0.0679727793 0.145187467 0.0824561492 -0.104133733 0.318700194 -0.0887455493 -0.0586889237 -0.0932789668 -0.111602224 -0.0760498121 -0.0319302566 0.0737548098 -0.0485250019 0.0455518514 -0.0228044111 0.211887583 0.123528786 0.125721157 0.0419708975 0.0495806672 -0.127632111 -0.278098226 0.175025865 -0.0323900729 0.0210590325 0.000356901612 -0.00285829813 -0.00635916227 -0.171424434 0.11685434 -0.0390792042 0.0795528367 -0.0807101429 0.0842654482 0.127262533 -0.066948548 -0.106164664 -0.159352601 0.0200375821 -0.0760383308 0.176865548 0.0621133 -0.0382141247 0.0101796761 0.0538280122 -0.0308560785 0.013098794 0.0151921725 0.105460368 0.00910701975 0.0558179505 -0.185702771 -0.0276491232 0.00749101629 0.069035247 -0.0695722997 0.0858860984 0.0363032445 0.249892458
__smartatpg_bin_744_3 0.122902431 -0.103236489 -0.185542911 0.0440372974 0.0900959894 0.00332413078 0.176303342 0.0784477293 -0.0912662223 0.284025669 -0.119641386 -0.0342020094 -0.0578694008 -0.103324287 -0.0118036456 -0.0576461405 0.00669999328 0.0090062283 0.0247598477 -0.0373149291 0.173385426 0.0900060534 0.0979535431 0.0227654241 0.0414880924 -0.131737441 -0.312503874 0.208867401 2.69788743e-05 -0.0278561171 0.0803117976 -0.05520707 0.000870796852 -0.172485411 0.124577984 -0.0292099454 0.0675301477 -0.0863048658 0.145815089 0.154108599 -0.0520934984 -0.0365700014 -0.120902076 0.0362650715 -0.0618206896 0.129185691 0.0333551951 -0.0548792146 0.00242319214 0.0620119683 -0.00522447331 0.0204119459 -0.00750766369 0.138656124 0.0459609255 0.00518229511 -0.172325641 -0.049112387 0.0179349612 0.123964317 -0.0616978258 0.0899862945 -0.0906624496 0.208984211
__smartatpg_bin_744_2 0.117116421 -0.121152282 -0.181833938 0.0614329614 0.112299919 0.0249502975 0.109947443 0.0474717394 -0.0613430887 0.315666437 -0.0822842941 -0.0269569661 -0.0597752035 -0.0877796635 -0.0521664396 -0.0716436505 0.0405518934 -0.0359867774 0.0235398971 -0.117489576 0.152654558 0.0789055824 0.0452266783 -0.0413593091 0.0667404234 -0.108267643 -0.270588845 0.17901364 -0.027450392 0.0212807655 0.0274912938 -0.00432648184 -0.0102713816 -0.165834054 0.105154581 0.000578957319 0.108953267 -0.125973478 0.125706941 0.167840198 -0.0905714482 -0.120767578 -0.153060675 0.0366498232 -0.0291205999 0.166575298 0.0399822257 -0.0699772686 0.0176226497 0.0777684897 -0.0250632688 0.0288199205 0.00852640253 0.123546362 0.0434824117 0.0125280572 -0.088894859 -0.0663388595 0.0236148909 0.0832028463 -0.0445290729 0.0621271916 -0.0823595151 0.225703299
G1731 0.117597766 -0.090148218 -0.188359812 0.0150684416 0.11693763 -0.0023725871 0.0967645496 0.0584996603 -0.0205898248 0.243646756 -0.14477843 0.0698443279 -0.154772013 -0.106463268 -0.0530099608 -0.00548490183 0.0580656044 -0.0433685929 0.0600217693 0.0080616232 0.157165602 -0.00792200211 0.114756614 0.0446954146 0.0881395489 -0.0920319781 -0.211247295 0.137333274 0.00319484272 0.0874852389 -0.0147340652 0.0134187201 0.0169953946 -0.161365718 0.0826957524 -0.000765823876 0.0346030854 -0.134194374 0.124965683 0.142715126 0.00828705728 -0.00676885573 -0.149861246 0.100001901 -0.0525302365 0.177926719 0.01049852 -0.0337838568 0.031151915 -0.00380173628 0.0404180922 0.0199320037 0.03926377 0.115272626 0.0316443853 0.0685053468 -0.0823353305 -0.0357620046 0.0650937036 0.165225133 0.0510406569 0.0586788394 -0.0636836588 0.171547249
__smartatpg_bin_745_1 0.10221982 -0.157180533 -0.168298647 0.0939474702 0.101480506 0.0670804381 0.141942486 0.0823432505 -0.106685095 0.317317814 -0.08770255 -0.0570776835 -0.0913019776 -0.10728012 -0.076512672 -0.0364055075 0.0714336261 -0.0492125824 0.0472785532 -0.0206679087 0.207707703 0.125500768 0.122610092 0.0403526984 0.0497548096 -0.125538409 -0.27878207 0.17613253 -0.0322288983 0.0214871503 -0.000652009621 -0.00112413592 -0.00808052812 -0.173839957 0.114833109 -0.0352024436 0.0818076879 -0.0821035132 0.0858438313 0.12727873 -0.067862764 -0.106546007 -0.158097461 0.0214629155 -0.0755936354 0.176205203 0.063278161 -0.0390347689 0.0116530554 0.0549103357 -0.0320838727 0.0126862414 0.0142666455 0.10480953 0.00612565363 0.0549694262 -0.182045236 -0.0284489915 0.0108320853 0.0681727007 -0.0710176155 0.0833552331 0.0335099399 0.248468399
__smartatpg_bin_745_3 0.121615715 -0.101720177 -0.184640855 0.0444491468 0.0902744755 0.00375253917 0.175772294 0.0804682449 -0.0895557329 0.283992767 -0.119311437 -0.0335641652 -0.0566548333 -0.102724224 -0.0122665726 -0.0570432507 0.00711323461 0.0103646982 0.0252943281 -0.0374188721 0.172839299 0.090536505 0.0978908017 0.0223285556 0.0415947214 -0.131965116 -0.312561274 0.209822699 -0.000268441683 -0.0287786871 0.0801117718 -0.0574028976 0.00137190381 -0.172421485 0.124615878 -0.0290808585 0.0667528734 -0.0874074921 0.145375118 0.155541316 -0.050445728 -0.0353564024 -0.121137947 0.0372693241 -0.0632239878 0.128123954 0.033916872 -0.0553573482 0.00135553314 0.062031012 -0.00615695352 0.0211533196 -0.00843725819 0.139131472 0.046164684 0.00435985997 -0.171454445 -0.0472936742 0.0186220892 0.123995312 -0.0619933382 0.0881605223 -0.0907171667 0.210503176
__smartatpg_bin_745_2 0.118572965 -0.124111392 -0.180446312 0.0614935122 0.111606888 0.0261634476 0.115563668 0.0475804135 -0.0571609028 0.317508519 -0.0839574412 -0.0296131298 -0.0628518686 -0.0946519375 -0.0515710041 -0.0645621046 0.0438513272 -0.0346632414 0.0213192664 -0.120216839 0.158812791 0.0760760754 0.0499745198 -0.0387828238 0.0661593899 -0.111304671 -0.269935936 0.177171215 -0.0276667662 0.0203586742 0.028508164 -0.00693189679 -0.00757847307 -0.162319705 0.108011559 -0.00523176556 0.10506662 -0.123660341 0.123208389 0.167982697 -0.0888690203 -0.12008439 -0.15479888 0.034524139 -0.0296101812 0.167626113 0.0384363048 -0.0681723207 0.0157051347 0.0760317668 -0.0231300481 0.0296900552 0.00978456903 0.124360651 0.0475631915 0.0141805205 -0.0941760391 -0.0649629682 0.018604083 0.0845016465 -0.0421482511 0.0654497147 -0.0778017193 0.227908343
G1734 0.117688864 -0.0901373252 -0.188234568 0.0150883459 0.117054246 -0.00250502094 0.0965913683 0.0584873483 -0.0203727856 0.243767619 -0.144564465 0.0696770921 -0.154846206 -0.106128849 -0.0530058891 -0.00536978943 0.0582757555 -0.0435529724 0.0598474108 0.00739548169 0.156984776 -0.00818708912 0.114762455 0.0441379882 0.0883015692 -0.0919124112 -0.2110921 0.137427643 0.00291066105 0.0874816999 -0.0150006181 0.013171575 0.0170091446 -0.161138892 0.0828269422 -0.00105265027 0.0347148962 -0.134370372 0.124742322 0.142932802 0.00807893462 -0.007039872 -0.150215387 0.0999526829 -0.0523906462 0.178035751 0.010613637 -0.0338802524 0.0311234929 -0.00375434291 0.0403712429 0.0198675953 0.03908417 0.115392797 0.0320527144 0.0684786737 -0.0817839056 -0.0357593 0.0648955777 0.165141016 0.0512363501 0.0586757027 -0.0637516603 0.171480864
__smartatpg_bin_746_1 0.102223456 -0.157136843 -0.168243989 0.0939163044 0.101419471 0.0670742467 0.14196381 0.0822692513 -0.106584683 0.317141831 -0.0878329799 -0.0570605807 -0.0912507325 -0.10726624 -0.0765356645 -0.0363858379 0.0714994594 -0.0492303856 0.0472443774 -0.0205995236 0.207722366 0.125483692 0.122512437 0.0403606445 0.0498027653 -0.125502929 -0.278814703 0.176169142 -0.0322312042 0.0215286594 -0.000729767198 -0.00111985265 -0.0081074601 -0.173751384 0.11481683 -0.0351591855 0.0817297325 -0.0820226446 0.0858925059 0.127300978 -0.0678151697 -0.106494598 -0.158107892 0.021430783 -0.0757052824 0.176134974 0.0631844923 -0.039028924 0.0117304102 0.054846596 -0.0320159942 0.0128239756 0.0142433019 0.104827583 0.00610167906 0.0549762063 -0.181919158 -0.028457582 0.0109133851 0.068220593 -0.0709653422 0.0833933577 0.0334778018 0.248481169
__smartatpg_bin_746_3 0.120377116 -0.100020431 -0.185541406 0.0446383879 0.090719901 0.00326518808 0.172136605 0.08058054 -0.0925061554 0.282948852 -0.118035011 -0.0318973698 -0.0544116423 -0.0980020165 -0.0126704816 -0.0621453561 0.00480484311 0.00941718277 0.0269321501 -0.0353724621 0.168835357 0.0927482098 0.0949908644 0.0206406005 0.0419314355 -0.130205795 -0.312862515 0.211092606 -0.000105542102 -0.0281616189 0.0798827112 -0.055580847 -0.000331623625 -0.174801409 0.122850336 -0.0253781006 0.0693635121 -0.0886769965 0.146959826 0.15512532 -0.0515964292 -0.0358902067 -0.119893134 0.0384638645 -0.0627939329 0.127332017 0.0351722836 -0.0566063635 0.00235777977 0.0633320287 -0.00775616756 0.0202181656 -0.00921475142 0.138387784 0.0433539487 0.00332677551 -0.168596372 -0.0480947383 0.0217399523 0.122962035 -0.0640042201 0.0859728679 -0.0934190303 0.209164143
__smartatpg_bin_746_2 0.118315004 -0.124232106 -0.180786356 0.0615449548 0.111386195 0.0264428575 0.116032511 0.0477554537 -0.0578775853 0.317454338 -0.0842554867 -0.0292413998 -0.0627765656 -0.0954086259 -0.0515740886 -0.064845033 0.0433419906 -0.0341451876 0.021739915 -0.118828394 0.159148023 0.0767450258 0.0501233935 -0.0372524522 0.0657106861 -0.111605808 -0.270291418 0.177026287 -0.026956223 0.0202946924 0.0292355362 -0.00640210649 -0.00764440559 -0.163119122 0.107763477 -0.0046494375 0.104964882 -0.123252101 0.123725049 0.167464614 -0.0885186791 -0.119525827 -0.153917745 0.0347381867 -0.029854212 0.167476743 0.0383135341 -0.0678572282 0.0156721286 0.075903073 -0.023177417 0.0296173822 0.0102110328 0.124040321 0.0465941578 0.0142777544 -0.0957272425 -0.0649419725 0.018820826 0.0845628753 -0.0426043607 0.0654099658 -0.077493161 0.22816816
G1737 0.117726237 -0.0901731327 -0.188324854 0.0149104223 0.117065698 -0.0024445809 0.0966418535 0.0583421886 -0.0201750211 0.243921921 -0.144360065 0.0697398037 -0.154830381 -0.106274039 -0.0528651364 -0.00527446391 0.0583070554 -0.0432688668 0.0595916323 0.00667238608 0.156665087 -0.00833334774 0.114686772 0.0441119298 0.08818838 -0.0919074565 -0.211067393 0.137252957 0.0030557483 0.0873643011 -0.014984224 0.0129893571 0.0171797685 -0.161340967 0.0828403011 -0.000760853232 0.0350703821 -0.134540468 0.124904983 0.143243328 0.00787770748 -0.00721839862 -0.150107011 0.100016683 -0.0519936197 0.178110316 0.010546634 -0.0338317156 0.0310802218 -0.00370852929 0.0404208452 0.0198858362 0.0391741581 0.115414545 0.0322124921 0.0682229474 -0.0815216675 -0.0358515941 0.0646145567 0.165217072 0.051394958 0.0584357679 -0.063752152 0.171529636
__smartatpg_bin_747_1 0.101800844 -0.157556921 -0.168226257 0.0940524638 0.101483949 0.0673971623 0.141786203 0.082628794 -0.106966548 0.317681015 -0.0874046162 -0.0570061207 -0.0913826376 -0.106898755 -0.0764436498 -0.0367990769 0.0715461969 -0.0493740849 0.0474474803 -0.0208976325 0.207837179 0.125748932 0.122712307 0.0403595828 0.0498262383 -0.125673845 -0.278475553 0.176154539 -0.0322766528 0.0216370001 -0.000287294213 -0.00111800525 -0.00817092042 -0.173950702 0.11501535 -0.0353184864 0.0821264535 -0.0820661783 0.0858122781 0.126982734 -0.0681764483 -0.106673822 -0.158045053 0.0214046296 -0.075467132 0.17630659 0.0634090826 -0.0391467474 0.0113394782 0.0553165562 -0.032410942 0.0122722164 0.014309193 0.104665995 0.00610458106 0.0549504459 -0.182431653 -0.0284235533 0.0106844855 0.0678332001 -0.0714463517 0.0833661035 0.0334849246 0.248588949
__smartatpg_bin_747_3 0.122791208 -0.10339544 -0.185023636 0.0443756059 0.0898783579 0.00391141186 0.177421495 0.0790326223 -0.0906975195 0.284134716 -0.119956844 -0.0346561596 -0.0583578199 -0.104229495 -0.0120527111 -0.0564940125 0.00716693746 0.00917690806 0.0249119196 -0.0368030109 0.174546838 0.0900711492 0.099081628 0.0235195979 0.0413240716 -0.132670179 -0.31258437 0.208922058 8.17526889e-05 -0.0286679417 0.0807109997 -0.0561660863 0.00152595085 -0.171811089 0.125058025 -0.0305668581 0.0662613064 -0.0855517983 0.145197824 0.154173821 -0.0511520207 -0.0360710844 -0.121259741 0.0357946083 -0.0625841841 0.128929242 0.0334521048 -0.0545973405 0.00179657247 0.0616125688 -0.00516584702 0.0205077827 -0.00774471322 0.138829783 0.046539709 0.00551787624 -0.173833922 -0.0482984148 0.0172137506 0.124401078 -0.0618121624 0.0903659016 -0.0894697532 0.209586367
__smartatpg_bin_747_2 0.117007136 -0.121812768 -0.181542352 0.0613624714 0.112169199 0.0250922106 0.110846452 0.0476935133 -0.0607256107 0.316271991 -0.0823108032 -0.0273566488 -0.0602284782 -0.0884310827 -0.051896926 -0.0707807168 0.0409993045 -0.0358806029 0.0232238937 -0.11845585 0.15362598 0.0784268305 0.0460122675 -0.0412234925 0.0667636916 -0.108842023 -0.270188928 0.178822666 -0.0275478847 0.0213353802 0.0280749463 -0.00488025928 -0.0098474808 -0.165242121 0.106038056 -0.000662299339 0.108638041 -0.125655577 0.125369176 0.167695016 -0.0905740857 -0.120726719 -0.153320774 0.0362556092 -0.0290860739 0.166725785 0.0398419648 -0.0700132623 0.0171468053 0.0777795166 -0.0249998588 0.0286225602 0.00873010326 0.123565577 0.044365108 0.0126827024 -0.0899975151 -0.0661463067 0.0223887861 0.0831447393 -0.044241298 0.062611036 -0.0816992298 0.226034522
G1740 0.117376454 -0.0902317315 -0.188585415 0.0151278079 0.116701081 -0.00220063142 0.0971032009 0.0586171187 -0.0211424939 0.243476689 -0.145165503 0.0701723099 -0.154699489 -0.107058674 -0.0530761741 -0.00572499121 0.0576992296 -0.0429922827 0.0604087599 0.00950414501 0.157568395 -0.00734770438 0.114855863 0.0459541939 0.0878478736 -0.0922536626 -0.211557716 0.137266666 0.00377486204 0.0875305012 -0.0141448043 0.0139575657 0.01689988 -0.16197215 0.0824678466 -0.000331152871 0.034379404 -0.133814573 0.125367731 0.142216653 0.00872148573 -0.00617971225 -0.14912878 0.100171514 -0.0528660864 0.177788764 0.0103084156 -0.0335371085 0.0311964899 -0.00395367946 0.0404375233 0.0199347883 0.0396214575 0.11503616 0.0307633094 0.0686574504 -0.0836150125 -0.0357324854 0.0654261559 0.165339068 0.0506885462 0.0587170795 -0.0634155497 0.171782345
__smartatpg_bin_748_1 0.101717338 -0.157620564 -0.168201596 0.0940774307 0.101481654 0.0674658716 0.141763091 0.082661435 -0.107005969 0.31772536 -0.0873570368 -0.0570014939 -0.0913762376 -0.106824562 -0.0764304027 -0.0368734524 0.0715666935 -0.0494046658 0.047471188 -0.0209483281 0.20786494 0.125801936 0.122712977 0.0403510742 0.0498431139 -0.125694588 -0.27842927 0.176165819 -0.0322856754 0.0216638763 -0.000228203877 -0.00111472548 -0.00819142535 -0.173954457 0.115049325 -0.0353307128 0.0821724534 -0.0820379555 0.0858170763 0.126930177 -0.0682341903 -0.106704354 -0.158031985 0.0213797893 -0.0754525363 0.176315382 0.0634215549 -0.0391706638 0.0112919519 0.0553911887 -0.0324665233 0.0122159244 0.0143124852 0.104639731 0.00610394357 0.0549368635 -0.182488441 -0.0284204111 0.0106624942 0.0677712262 -0.0715302974 0.083369419 0.0334775411 0.248612583
__smartatpg_bin_748_3 0.122873157 -0.103118479 -0.185378417 0.0439914279 0.0900499821 0.00348841422 0.176392734 0.0785074309 -0.091229111 0.283872962 -0.119614862 -0.0342539102 -0.0579088032 -0.103119485 -0.0117581952 -0.057670489 0.0067608729 0.00893299095 0.0247605294 -0.0372227766 0.173370928 0.0902003944 0.098101221 0.0226773415 0.0414698273 -0.131898969 -0.312657893 0.208996564 5.93383047e-05 -0.0281724855 0.0803235099 -0.0555591322 0.000985497027 -0.172435969 0.124655247 -0.0292931497 0.067437239 -0.0860420242 0.145803034 0.154173821 -0.0520400368 -0.0365977846 -0.120980375 0.0361172706 -0.0619091913 0.129128367 0.0334489532 -0.0548679978 0.00233803014 0.0619571805 -0.0052440064 0.0203614384 -0.00770173734 0.138741314 0.0460677929 0.005115001 -0.172370344 -0.0490182266 0.0177758727 0.124064445 -0.0619118251 0.0900893435 -0.090656057 0.208992779
__smartatpg_bin_748_2 0.116743214 -0.121456258 -0.181749746 0.0615379103 0.11230956 0.0252399892 0.109831087 0.0477058291 -0.061575193 0.315961927 -0.0820191205 -0.026926307 -0.0598258451 -0.0874277204 -0.0520984791 -0.0719913617 0.0406365581 -0.0361294895 0.0236805957 -0.117701203 0.152771518 0.0791703463 0.0453074351 -0.0413948111 0.0668052286 -0.108392611 -0.270340323 0.179055914 -0.0274953917 0.021372227 0.0278004147 -0.00434806943 -0.0103434296 -0.165904179 0.105329968 0.000477236026 0.109210238 -0.125912651 0.125689864 0.167592674 -0.0908296406 -0.120900325 -0.15301767 0.0365699977 -0.0290311296 0.166643441 0.040109098 -0.0700909644 0.0173559524 0.0781292915 -0.0253431536 0.0284768175 0.00854797754 0.123423241 0.0434750207 0.0124767208 -0.0892478004 -0.0663133413 0.0234652702 0.0829111114 -0.0449228808 0.0621399358 -0.0823818892 0.225813597
G1743 0.117332004 -0.0902776793 -0.188641548 0.0151295187 0.116641633 -0.00215533609 0.097260274 0.0586249307 -0.0212718826 0.243430853 -0.145260021 0.070288159 -0.154688627 -0.107233904 -0.0530764163 -0.00576644624 0.0576257035 -0.0428405441 0.0604646839 0.00978168752 0.15760763 -0.00720907608 0.114898212 0.046299085 0.0877482668 -0.0923101455 -0.21165888 0.137253508 0.00396490702 0.0875184983 -0.0140158059 0.0140468162 0.0168915056 -0.162184894 0.0824206248 -0.000167375576 0.0344003886 -0.133710608 0.125508815 0.142137006 0.00881234836 -0.00603175629 -0.148910776 0.10021235 -0.0529158115 0.177759007 0.0102454117 -0.0334219933 0.0312191825 -0.0040152818 0.0404647775 0.0199450031 0.0397258997 0.114972897 0.0305427704 0.0686675534 -0.0839133784 -0.0357276686 0.0654616207 0.165389955 0.0506393723 0.0587093607 -0.0633411035 0.171863839
G1746 0.0457542613 -0.0151321795 -0.0313000306 -0.0190907959 -0.0723663121 0.100370556 -0.0512595698 -0.0723259524 0.11449255 0.118018538 -0.0556795076 0.0890561938 -0.138937399 0.0329965465 -0.101202883 -0.0622652918 0.0763098598 -0.0677602068 -0.0238938369 -0.059658207 0.0796013921 0.0510211177 -0.0920978114 -0.0960760042 -0.00272443914 0.0307986904 -0.23121424 0.000246483396 -0.0388198681 0.064117454 0.054545261 0.0234778095 -0.112226129 0.0432147793 0.049467802 -0.0236331616 -0.0328228772 -0.0803378746 -0.00532970531 0.184221521 0.0477617942 -0.209333077 -0.124904156 0.135969535 0.0510713272 -0.0492649153 0.0228287335 -0.0582166687 -0.00734474044 0.121184848 -0.0435404517 0.10782472 0.0753335282 0.115938216 -0.0835212767 -0.0146068251 0.17573148 0.054829184 0.116747752 -0.0168628562 -0.00265347003 -0.0700635463 -0.011473964 0.154063761
G1747 0.0425676368 0.0357025564 -0.0405961536 -0.0715048239 -0.0234017242 -0.00352002471 -0.00792628061 -0.0611473136 0.0398460291 0.131966025 -0.0532752387 0.10651394 -0.0881616324 0.0470824502 -0.109947704 -0.00344766583 0.0389295183 -0.0227268301 -0.0089976592 -0.0734057352 0.0530337803 0.00671981461 -0.0143936565 -0.133390635 -0.0115269041 -0.102075189 -0.208840743 0.0358441398 0.0375927463 0.0119947605 -0.084372893 -0.0350537188 0.0082976371 -0.0203793924 0.0784650669 -0.0398947783 -0.0192037616 -0.121988863 0.0152514279 0.161332503 0.0624653399 -0.118705921 -0.0493292771 0.0805563778 -0.0305075888 0.0350771882 -0.0356115252 -0.0707327127 0.0197456349 0.0896479785 0.0584699772 0.0178656876 0.0609158315 0.0513270721 -0.0518542454 -0.0540416017 0.114219315 -0.0341775045 -0.000676048337 0.0748643801 -0.0127026308 0.0237888321 0.0562349893 0.0728880465
G1748 0.0457447506 -0.0151178809 -0.0313747264 -0.0192312319 -0.0723551586 0.100338347 -0.0512629189 -0.0723978579 0.114574365 0.118041307 -0.0556588992 0.0891782269 -0.138896123 0.0328926034 -0.101102702 -0.0623097681 0.0762456134 -0.0676276311 -0.0240025539 -0.0598508492 0.0795109347 0.0509320237 -0.0922568589 -0.0960567445 -0.00279741944 0.0307999365 -0.231211454 0.000178355782 -0.0387068205 0.0641516149 0.0546749122 0.0235141888 -0.112153545 0.0431112535 0.0494276136 -0.0235198084 -0.0326878801 -0.0804135054 -0.00518796034 0.18433705 0.0477093272 -0.209335357 -0.124744408 0.136036709 0.0512447618 -0.0492448695 0.0227198508 -0.058242511 -0.00732038962 0.121240415 -0.0434562303 0.107854083 0.075411424 0.115924723 -0.0835299045 -0.0147783253 0.175792754 0.0547335781 0.116710864 -0.0168003365 -0.00257707923 -0.0701578707 -0.0116039077 0.154028296
G1749 0.0426368974 0.035654366 -0.0406600386 -0.0716579258 -0.0234085396 -0.00357231451 -0.00789290667 -0.0612930432 0.039961528 0.132080927 -0.0531683564 0.106593497 -0.0881646127 0.0469744541 -0.109808683 -0.00342887384 0.0389009193 -0.0225651953 -0.00920212548 -0.073900111 0.0528523661 0.00656803651 -0.014474934 -0.133452967 -0.011621193 -0.102093846 -0.208823517 0.0357186534 0.0377086326 0.0119887721 -0.0842917785 -0.035098087 0.00841528177 -0.020482678 0.0784573779 -0.0397709943 -0.0189564843 -0.122136354 0.0153473355 0.161527812 0.0623330325 -0.118802652 -0.0492251851 0.0805854872 -0.0301950835 0.0351160467 -0.0356984995 -0.0706806481 0.0197255388 0.0897085816 0.0585417151 0.01784271 0.0610019118 0.0513641872 -0.0517045408 -0.0542418696 0.114402682 -0.0342783593 -0.000835262297 0.0749578997 -0.0125624277 0.0237125307 0.0561679378 0.0728019848
G1750 0.0457919426 -0.0151823917 -0.0312633999 -0.019002106 -0.0723910704 0.100463912 -0.0512643084 -0.0723409578 0.114544161 0.118063621 -0.0556503348 0.0890029296 -0.138989404 0.0329429507 -0.101291388 -0.0622146837 0.076424107 -0.067737326 -0.0239425078 -0.0596996471 0.0796329528 0.0510363318 -0.092005372 -0.0960504636 -0.00273304735 0.0307522323 -0.231225893 0.000192046617 -0.038847249 0.0640660301 0.0544862747 0.0234281905 -0.112201259 0.0432250313 0.0494743548 -0.0236271042 -0.0328363404 -0.0803197697 -0.00540760951 0.184271514 0.0477786213 -0.209406197 -0.124969102 0.135913402 0.0511177219 -0.0492651239 0.0228534993 -0.0581883788 -0.00738522364 0.121165566 -0.0435499772 0.107828371 0.0753192678 0.115928449 -0.083486706 -0.0145907849 0.17573756 0.0548863225 0.116701402 -0.0168627966 -0.00265449216 -0.070058167 -0.011378306 0.154149711
G1751 0.042633336 0.0356238894 -0.0405286439 -0.0714199394 -0.0234524924 -0.00339904544 -0.00791933294 -0.0612133145 0.039954491 0.132028282 -0.0532299913 0.106454924 -0.0882552117 0.0470012799 -0.110069208 -0.00333916722 0.0391274318 -0.0226947032 -0.00910576154 -0.0735745728 0.0530408733 0.00670406083 -0.0142585393 -0.133370802 -0.0115413507 -0.102139592 -0.208849087 0.0357544348 0.0375504903 0.0119287809 -0.0844922587 -0.0351547413 0.00836214237 -0.0203548148 0.0784919411 -0.0398817733 -0.0192044917 -0.121967226 0.0151353674 0.161439165 0.0624820702 -0.118821763 -0.049436897 0.0804565251 -0.0304038543 0.0350653268 -0.0355830267 -0.0706633851 0.0196935218 0.0896087363 0.0584844425 0.0178823601 0.0609189197 0.0513300151 -0.0517529659 -0.0540458001 0.114304475 -0.0340926796 -0.000761241303 0.0748808309 -0.01265583 0.0238060039 0.0563997999 0.07299532
G1752 0.045884233 -0.0151215848 -0.0314454474 -0.0194507297 -0.0723265558 0.100383207 -0.05116155 -0.0725919753 0.114947446 0.118156835 -0.0553629547 0.089191705 -0.138941005 0.0327753797 -0.100974873 -0.0621076673 0.0763704851 -0.067279093 -0.0244880803 -0.0609479398 0.0790887102 0.0507337563 -0.0923884064 -0.0962465182 -0.00293472526 0.0308520924 -0.231200159 4.95149325e-05 -0.0386075042 0.0639557093 0.0544886589 0.0232363194 -0.11196965 0.0429098085 0.0494842827 -0.023214912 -0.0322522335 -0.0806273744 -0.00502468226 0.184834182 0.0474618897 -0.209626585 -0.124633968 0.136109591 0.0517463051 -0.0491377488 0.0226832032 -0.058156766 -0.0072667771 0.121279612 -0.0433824956 0.107941478 0.0754435956 0.116003357 -0.0832486376 -0.0151528697 0.176353574 0.0546321869 0.116281025 -0.0167135745 -0.00232076808 -0.0703699663 -0.0115320003 0.154100776
G1753 0.0426510237 0.0356673151 -0.0408451259 -0.0720974207 -0.0234591216 -0.0033128385 -0.00778595544 -0.061573267 0.0406235121 0.132346705 -0.0526688397 0.106846832 -0.0881903917 0.0466777012 -0.109501816 -0.0031653021 0.0390320197 -0.0217639338 -0.010028881 -0.0758387968 0.0521067493 0.00628357334 -0.0147262998 -0.133556828 -0.011946274 -0.102114268 -0.208758384 0.0353641137 0.038022358 0.0116756475 -0.0843560472 -0.0356425121 0.0088791009 -0.020948993 0.0784442201 -0.0390435532 -0.0179985538 -0.122542031 0.0157991443 0.1624071 0.0618795604 -0.119343206 -0.0488859676 0.0807589591 -0.0291455723 0.0352504551 -0.0358868837 -0.0705200136 0.0197358467 0.089871414 0.0586778447 0.0179755446 0.0611823127 0.0514442027 -0.0512276441 -0.0551258624 0.115300119 -0.0345119983 -0.00153547002 0.0752196908 -0.0121689877 0.0231482834 0.0562201738 0.0730627477
G1754 0.0457657762 -0.0151894651 -0.0312245525 -0.0189033244 -0.0724078268 0.100484438 -0.0512774326 -0.0722669363 0.11440897 0.118024409 -0.0557142384 0.0889538378 -0.139001772 0.032986939 -0.101375625 -0.0622352213 0.0764486194 -0.0678730756 -0.0237860829 -0.0593670309 0.0797644779 0.0511400476 -0.0919097364 -0.0959771276 -0.00269245612 0.0307350568 -0.231236473 0.000237876433 -0.0389216729 0.0640793815 0.0544521883 0.0234842058 -0.112256706 0.0432721488 0.049475614 -0.0236927513 -0.0329619721 -0.0802275538 -0.00547853205 0.184096634 0.0478540473 -0.209349915 -0.125024155 0.135867 0.0509484485 -0.0492545553 0.0229022503 -0.05819856 -0.00738438824 0.121127672 -0.043587476 0.10781125 0.0752880871 0.115925834 -0.0835812986 -0.0144479265 0.175584123 0.0549414344 0.116793692 -0.0169025194 -0.00273451116 -0.0699787438 -0.0112731075 0.154144466
G1755 0.042607639 0.0356338695 -0.0404704772 -0.0712091625 -0.0234474353 -0.00336185517 -0.00795617513 -0.0610538945 0.0397176743 0.131930456 -0.0533691533 0.106354497 -0.0882864594 0.0470404886 -0.11026907 -0.00339925569 0.0391919203 -0.0229519363 -0.00879296195 -0.0728465542 0.0533316731 0.00690715527 -0.0141354781 -0.13321954 -0.0114715695 -0.102156706 -0.208903149 0.0358625986 0.037398085 0.0119441226 -0.084576115 -0.0349976085 0.00822398439 -0.0202982705 0.0784884021 -0.0399939343 -0.0194963291 -0.121775821 0.0150138717 0.161113173 0.0626559556 -0.118694946 -0.0495079719 0.0803968832 -0.0307644233 0.0351142026 -0.0354910567 -0.0707381517 0.0197322015 0.0895245224 0.0584150515 0.0178859644 0.060840521 0.0513132773 -0.0520242788 -0.0537530445 0.113981262 -0.0339951701 -0.000566483708 0.0747861117 -0.0128225815 0.0239506029 0.0565726608 0.0730122104
G1756 0.0456391349 -0.0152467005 -0.0309892297 -0.0183429327 -0.0724951178 0.100546271 -0.0514137857 -0.071919255 0.113842651 0.117852382 -0.0561323427 0.0887287557 -0.139034897 0.0332405232 -0.101766028 -0.0624017492 0.0764844641 -0.0685234591 -0.0230052117 -0.0576459952 0.0804905221 0.0515486859 -0.0914528891 -0.0957334787 -0.00240967539 0.0306285322 -0.231267452 0.000460769748 -0.0392478667 0.0642341077 0.0544534959 0.0237752683 -0.112593859 0.043723505 0.0494626425 -0.0242376067 -0.0337585695 -0.079819046 -0.00594572444 0.183289841 0.0482829437 -0.209020764 -0.125445366 0.13561742 0.0500536449 -0.0494222753 0.0231153835 -0.0582666136 -0.00751333684 0.120977059 -0.0438075401 0.107682936 0.0751247108 0.115845755 -0.083925046 -0.0136756832 0.174771234 0.0552511103 0.117397338 -0.0170967523 -0.00318903779 -0.0695294738 -0.0111026112 0.15414761
G1757 0.0425080024 0.0356176086 -0.0400381312 -0.0702104121 -0.0234184321 -0.00345093594 -0.00820240099 -0.0604096837 0.0386794843 0.131461218 -0.0542141572 0.10582082 -0.0883535147 0.0475164168 -0.111098304 -0.00374676357 0.0392859019 -0.0243503228 -0.00730528776 -0.0693286955 0.0547699519 0.007615685 -0.0135007398 -0.132916018 -0.0108853411 -0.10222099 -0.209030777 0.036451336 0.0366944708 0.0122909267 -0.084692277 -0.0342122391 0.00743450131 -0.0194500573 0.0785290003 -0.0411735922 -0.0213007051 -0.120918408 0.0141040031 0.159561366 0.0635660961 -0.117919907 -0.0502535179 0.0799893588 -0.0326572023 0.0348767638 -0.0350327343 -0.0710374117 0.0196571518 0.0891753063 0.0580761246 0.0177444145 0.060438484 0.0511452965 -0.052909255 -0.0521494709 0.112403162 -0.0334037244 0.000632931362 0.0742562339 -0.0136475377 0.0248983037 0.0568009354 0.0729103312
G1758 0.0456884727 -0.0151297562 -0.0312530361 -0.0189374629 -0.0724045038 0.100380607 -0.0513236225 -0.0721886456 0.114272356 0.117940746 -0.0558577999 0.0890437737 -0.138917983 0.033040598 -0.101323187 -0.0623732358 0.0762895346 -0.0679822564 -0.0235731695 -0.058968883 0.0798786059 0.0511827581 -0.0920076221 -0.0959364399 -0.00265246187 0.030750202 -0.23123543 0.000312485616 -0.0389118344 0.0641787872 0.0546051972 0.0236454681 -0.112334885 0.0433283187 0.0494337045 -0.0237565283 -0.0330899172 -0.0801930055 -0.00541402772 0.183882669 0.0479269177 -0.209192932 -0.124957226 0.135910615 0.0507603586 -0.0492870323 0.0228597559 -0.058284644 -0.00736205 0.121147387 -0.0435909592 0.107812136 0.0753082186 0.115916692 -0.0837184936 -0.014367626 0.175405264 0.0548989587 0.117003821 -0.0169109385 -0.0028207514 -0.0699156523 -0.0114394035 0.154028565
G1759 0.0425101854 0.0357310846 -0.0405033268 -0.0712156147 -0.0233920272 -0.00358480262 -0.00804970786 -0.0608920231 0.0394323841 0.131772861 -0.0536288135 0.106421955 -0.0881405473 0.0471605398 -0.110211417 -0.00366133591 0.0389229693 -0.0232389346 -0.00837950315 -0.0719951913 0.0535971373 0.00699413521 -0.0142823523 -0.133210406 -0.0113645233 -0.102116831 -0.208906919 0.0360260978 0.037369512 0.0121397581 -0.0843209252 -0.0346387886 0.00802239403 -0.02014778 0.078425169 -0.0401939675 -0.0198266432 -0.121692188 0.0150508936 0.160663173 0.0628138781 -0.118386574 -0.0494388342 0.080454044 -0.0311779752 0.0350761265 -0.0355223268 -0.0709223077 0.0197669696 0.0895399004 0.0583891384 0.0178558808 0.0608119331 0.0512952581 -0.052313365 -0.0534904934 0.113575906 -0.0340463817 -0.000185263285 0.0747247785 -0.0130045032 0.0241268091 0.0562925935 0.0727606416
__smartatpg_bin_763_2 0.063121669 -0.093078196 -0.159010291 0.0901693925 0.0994631499 0.0587622151 0.184373096 0.169082746 -0.201238886 0.179224089 -0.152525306 -0.0309700854 -0.117084205 0.0403600261 -0.0824769586 -0.101540409 0.0214432552 -0.124943696 0.157780215 0.268874258 0.251248002 0.250099093 0.174502 0.122234985 0.0523069873 -0.137385607 -0.327854961 0.290538847 -0.016132392 -0.0234827977 -0.0219274573 -0.00417916244 -0.0582322888 -0.207902178 0.126279294 -0.0515427291 -0.0172304548 0.0635289177 0.113829434 0.0122277774 0.0199142098 -0.010387294 -0.114554003 0.0412326157 -0.232669413 0.168086275 0.0935535207 -0.0374000706 0.0365044251 0.0179739129 -0.0488625579 -0.00340006361 -0.076335758 0.105318643 -0.0909570083 0.0973393768 -0.293331683 0.00935262349 0.0847166702 0.0807804242 -0.149219379 0.142994925 0.0400504358 0.216959953
__smartatpg_bin_763_3 0.0610231645 -0.0908313468 -0.165021196 0.07844989 0.102851942 0.0486400947 0.187908947 0.165599465 -0.201685026 0.177866966 -0.151017204 -0.0266526286 -0.111903831 0.0429096445 -0.071022734 -0.102887899 0.0107937017 -0.118702225 0.151379377 0.256228894 0.238783747 0.243937597 0.165667146 0.121208861 0.0508594178 -0.1302481 -0.32636407 0.293711811 -0.00767434062 -0.0200540703 -0.0164568666 -0.00401533535 -0.0579569899 -0.215500206 0.1254538 -0.0483582765 -0.00755054457 0.0577689894 0.124834187 0.0181971788 0.0143744182 -0.00548600405 -0.104497947 0.0492832027 -0.228976205 0.170742288 0.0898391828 -0.0368789621 0.0404456779 0.019736154 -0.0462277979 -0.00516162952 -0.0728414282 0.105134726 -0.0883496404 0.0896434337 -0.289352477 0.000610227755 0.0801401883 0.083893992 -0.143542409 0.136316955 0.0298680793 0.211476982
__smartatpg_bin_763_1 0.0840578526 -0.0965970159 -0.2096719 -0.0348902307 0.0928934216 0.037491437 0.124999359 0.0557733066 -0.0255412627 0.317591399 -0.0606325679 0.0373977758 -0.0554510318 -0.0645837858 0.0572821535 -0.0988095179 -0.0601637438 0.0195750427 -0.00831030682 -0.17615518 0.0997956246 0.0812827274 0.0523180626 -0.0442376807 0.0179676656 -0.15870975 -0.288350433 0.151769534 0.0662364736 -0.029077163 0.144000724 -0.0378975868 0.0457802862 -0.207160696 0.100698151 0.0497273095 0.154309154 -0.121954307 0.200970471 0.191499576 -0.0958928093 -0.107507356 -0.103600629 0.069619149 0.0540352426 0.118505187 0.019912174 -0.0710120499 -0.0369610749 0.0926403254 -0.0105473651 0.0141877178 0.0223186668 0.126798689 0.0972016156 -0.0780375153 -0.11230436 -0.0782454386 0.00364590483 0.150554061 -0.0482723974 0.0207090098 -0.170124054 0.161680579
__smartatpg_bin_763_5 0.0605631359 -0.0910800546 -0.165695086 0.0780301094 0.102477513 0.0486321263 0.187568516 0.166592494 -0.201283276 0.179170594 -0.150510415 -0.0260917246 -0.112326212 0.0427588262 -0.0705572069 -0.102228247 0.011030606 -0.117484994 0.150957689 0.25555709 0.238241091 0.24349001 0.166174859 0.122011825 0.0509020537 -0.130243525 -0.326142937 0.293318093 -0.00756451441 -0.0199754462 -0.0163687132 -0.00487902341 -0.0573740192 -0.216720909 0.125543848 -0.0480734669 -0.00665150536 0.0565524288 0.124782622 0.0186149646 0.0139061417 -0.00544432225 -0.104557276 0.0505015627 -0.228555202 0.170983061 0.0897897556 -0.0369140543 0.0402742401 0.019798724 -0.0468240269 -0.00550367916 -0.0726230964 0.105031565 -0.0878575966 0.0892487541 -0.289590269 0.000890498981 0.0798799619 0.0841205418 -0.143459171 0.135537118 0.029906759 0.212610081
__smartatpg_bin_763_6 0.0613081045 -0.0912339538 -0.166510195 0.076082252 0.102576464 0.0484056175 0.187948212 0.164868355 -0.200006664 0.179594353 -0.149617612 -0.0255411733 -0.111779712 0.0415713564 -0.0691708028 -0.101822861 0.0109773055 -0.1155992 0.148674071 0.251185954 0.235780761 0.241933346 0.16479297 0.121808566 0.0501673035 -0.130116671 -0.325897336 0.29207027 -0.00603078073 -0.0202472862 -0.0159507561 -0.00550525496 -0.0563922897 -0.217988238 0.125433519 -0.0460396707 -0.00413016928 0.0550282747 0.126401618 0.021047866 0.0122882808 -0.0060489811 -0.103345111 0.0508867353 -0.226195991 0.171546176 0.0887106732 -0.0364955775 0.0403819457 0.0200648662 -0.0459426567 -0.00524674542 -0.0717402026 0.105202258 -0.0865106508 0.0873704106 -0.287461877 -0.000352587726 0.0782081336 0.0850749835 -0.14187023 0.13392736 0.0291376486 0.212184727
__smartatpg_bin_763_4 0.0841820538 -0.0967128947 -0.208585382 -0.0325618833 0.0917878523 0.0405480154 0.123493299 0.0561776757 -0.0249643251 0.317712814 -0.0613283813 0.0369065441 -0.0563719794 -0.0664731339 0.0542584471 -0.0992358848 -0.0575556569 0.018404033 -0.00669131195 -0.171730772 0.103675865 0.0826768577 0.0530462638 -0.0438321196 0.0177187826 -0.160932437 -0.288659334 0.149743527 0.0644917563 -0.0301087182 0.143582195 -0.0365006216 0.0458863378 -0.205091506 0.100182608 0.0501547344 0.15135552 -0.120936707 0.199084863 0.189721376 -0.0945046619 -0.108808018 -0.104969941 0.0674681962 0.053882245 0.117871128 0.0200882591 -0.0719236732 -0.0379641019 0.0924660191 -0.0108852405 0.0154305603 0.0218729302 0.126967415 0.0960037336 -0.076893881 -0.113138899 -0.0767193437 0.0054783253 0.14995122 -0.050019823 0.0215956252 -0.168466479 0.162578076
G1760 0.0943513438 -0.111234762 -0.143116266 0.0851421207 0.0830669031 0.0881289616 0.130746037 0.118183993 -0.113175146 0.262869298 -0.0939524099 -0.0368381478 -0.1255216 -0.0100343972 -0.0859928578 -0.0746409819 0.0636825189 -0.111534275 0.0756346658 0.0715706423 0.224318042 0.176257044 0.143831447 0.00683285203 0.0470162705 -0.162623674 -0.307249516 0.210900337 -0.0401196294 -0.0323480479 -0.0111192605 -0.0282493662 -0.00171135855 -0.183344617 0.116451755 -0.0286324359 0.0533410832 -0.0102878381 0.0937355757 0.0917743742 -0.0366082564 -0.102778725 -0.169034988 0.0163451247 -0.112206541 0.1801586 0.0869259238 -0.0605878159 0.00236633536 0.0405136906 -0.0433168821 0.0113920067 -0.0460445732 0.130172417 0.0146936998 0.0395049341 -0.170724779 -0.0094820438 0.0324084312 0.0980659053 -0.0997527912 0.112504937 0.0132696023 0.221877113
G1761 0.0383774601 -0.0575356968 -0.0468673967 -0.0515092574 -0.0541671813 0.0876012594 0.0108832056 -0.0490240455 0.0231299214 0.12439397 0.00990922749 0.0742330775 -0.18403396 0.0640604794 -0.0966801718 -0.00113091711 0.106386311 -0.0563921444 -0.0563972518 -0.117757231 0.0329678319 0.0804311633 -0.0224360414 -0.0121637611 -0.0220346544 0.0753563493 -0.239978075 0.0471797585 -0.0315746777 0.0615878925 -0.0184847936 -0.0192927029 -0.0918643773 -0.093382664 0.0870355889 -0.0120403031 0.0752268508 -0.0460742638 0.0142799923 0.179794252 0.0189101193 -0.210994661 -0.0674642548 0.16728577 0.0250262115 0.0523061901 0.062961787 -0.00371315004 0.0449693389 0.0875533819 -0.0424165726 0.0714327097 0.0839273781 0.119622186 -0.120948792 -0.0272663236 0.145967022 0.0512326546 0.000323266984 -0.0177055802 0.0355736502 -0.0764312893 0.177419856 0.162652329
G1762 0.0383526944 -0.0574546643 -0.0468586273 -0.0514882691 -0.0541014485 0.0875840485 0.0109474752 -0.0489513613 0.0230657943 0.124332733 0.0098548755 0.0742673948 -0.183977023 0.0641486719 -0.0966843963 -0.00122394587 0.106316231 -0.0564682782 -0.0562471338 -0.117526136 0.0330570377 0.0805062801 -0.0224829782 -0.0122344242 -0.0219829082 0.0753452033 -0.239973783 0.0472785272 -0.0316722542 0.0615823269 -0.0184685178 -0.0192161817 -0.0918971524 -0.0933362544 0.087073192 -0.0120599745 0.0752347931 -0.0459756479 0.0143407555 0.179594174 0.0189194027 -0.210967347 -0.0674453452 0.167278767 0.0249243006 0.0522936955 0.0629391745 -0.00375065929 0.0450560413 0.0875795633 -0.0424632579 0.0714440197 0.0838570818 0.119664088 -0.121049657 -0.0272414889 0.145936534 0.0512316711 0.000443688565 -0.0177551396 0.0355063081 -0.0764481872 0.177378312 0.162630171
G1763 0.0383854471 -0.0575273 -0.0468714312 -0.0515176617 -0.0541610382 0.0876109153 0.0108923633 -0.0490215234 0.0231225248 0.124399014 0.00994860008 0.0742155313 -0.184049919 0.0640880167 -0.0966813117 -0.00109674002 0.106408477 -0.056398809 -0.0564247742 -0.117811993 0.0329438485 0.0804313123 -0.0224180855 -0.0121807596 -0.0220375452 0.0753714219 -0.239977911 0.0471848696 -0.0315956585 0.0615676343 -0.0185314585 -0.0193275921 -0.0918434933 -0.0933984965 0.0870407596 -0.0120429108 0.0752450079 -0.0460705459 0.0142617133 0.179814741 0.0189011786 -0.211013973 -0.0674791336 0.167297006 0.0250238813 0.0523317344 0.0629951134 -0.00369697716 0.0449860208 0.0875549242 -0.0424245521 0.0714196786 0.0839089006 0.119621821 -0.120930642 -0.0272741877 0.145991638 0.0512390323 0.000274895952 -0.0177059453 0.035577856 -0.0764408186 0.177472368 0.162657574
G1764 0.0384238623 -0.0576998554 -0.0466527939 -0.0509573184 -0.0542901754 0.0879546106 0.0107914908 -0.0488482304 0.0230038818 0.124484226 0.00992035773 0.0738825649 -0.184284776 0.0640800968 -0.0971836969 -0.000901373976 0.106821559 -0.0566490293 -0.0562717766 -0.117202871 0.0333479643 0.0807119533 -0.0217871219 -0.0119267497 -0.0219679978 0.0752107203 -0.240040079 0.0471387282 -0.0318383612 0.0614374056 -0.0188249331 -0.0194392242 -0.0919149742 -0.0932472274 0.0870476961 -0.0122696916 0.0747772455 -0.0458045378 0.0137047535 0.179613858 0.0191492066 -0.211132973 -0.0679340735 0.167059332 0.0247464273 0.0523267314 0.0632733554 -0.00359374122 0.0448091887 0.0873677507 -0.0426032618 0.071369186 0.0837853327 0.119535774 -0.120938838 -0.0268638246 0.145628303 0.0516148396 0.000276374718 -0.0178075433 0.0353648439 -0.0762276128 0.177982032 0.16299364
G1765 0.0443545207 -0.0134107331 -0.0349187553 -0.0258517414 -0.0698137134 0.0941432267 -0.0495775528 -0.0727573633 0.113736026 0.117616855 -0.0544496514 0.0931993574 -0.136710972 0.0350382775 -0.0943771824 -0.0632252023 0.0697043538 -0.0641983002 -0.0272933953 -0.0680503175 0.072879374 0.0474553071 -0.0976358727 -0.0970457718 -0.00374344084 0.0348627791 -0.230716854 0.00245122309 -0.0346643105 0.0665238276 0.0575129725 0.0231999289 -0.11216104 0.0381453857 0.0492555052 -0.0224023182 -0.0267277267 -0.0833807588 0.000631268544 0.187575057 0.0447495691 -0.20675236 -0.119083114 0.141453668 0.0530327857 -0.0479580127 0.0208416414 -0.0583015047 -0.00431922683 0.12283472 -0.0419748798 0.106846415 0.0772212669 0.11562001 -0.0827299505 -0.0202474836 0.178269655 0.0504761003 0.114418633 -0.0155692594 0.000656760065 -0.0728287101 -0.0180684999 0.150933653
G1766 0.0399110168 0.0382723436 -0.047702156 -0.0832511932 -0.0204736162 -0.0154430922 -0.00490886346 -0.0615871027 0.0383972824 0.131744713 -0.0503232107 0.113367878 -0.0837141499 0.0516498163 -0.0963059664 -0.00519849081 0.0260877237 -0.015272337 -0.0157002192 -0.0896376595 0.0399038941 -0.000232537175 -0.0234701782 -0.134538367 -0.0132903317 -0.0944133699 -0.207365647 0.039750196 0.045761805 0.0168989301 -0.0780894086 -0.0364466421 0.00853717048 -0.0298433341 0.0770642236 -0.0374329463 -0.0054368116 -0.128411606 0.0261895098 0.167737603 0.0557629392 -0.113827251 -0.0387919806 0.0918290839 -0.026210621 0.0380503871 -0.0398119949 -0.0697158575 0.0250154268 0.0929112807 0.0609571226 0.0154432384 0.0641767085 0.0509177856 -0.0493359938 -0.0642817095 0.118161246 -0.0426769182 -0.00541444542 0.0784243792 -0.00612844015 0.0181178544 0.0442699678 0.0677777678
G1767 0.0442740805 -0.0134624271 -0.0347662717 -0.0254758783 -0.0698636547 0.0941916183 -0.0496531241 -0.0725273341 0.113345958 0.117512085 -0.0546975434 0.0930358171 -0.136751443 0.0352082551 -0.0946497321 -0.0633091554 0.0697543994 -0.0646200627 -0.0268066768 -0.0669514462 0.0733373314 0.0477338359 -0.0973047614 -0.0968612358 -0.00356504251 0.034801174 -0.230741009 0.00260050478 -0.0348822623 0.066612944 0.0574765839 0.0233698394 -0.112376899 0.0384020843 0.0492533594 -0.0227494538 -0.02722455 -0.0831044465 0.000319487823 0.187060043 0.0450224355 -0.206548646 -0.11935275 0.141291529 0.0524547063 -0.0480365418 0.0209969636 -0.0583281592 -0.00438652374 0.122725248 -0.0421197563 0.106753014 0.0771116093 0.115565509 -0.0829568952 -0.0197482593 0.177741215 0.0506849177 0.114773631 -0.0156987645 0.000372612616 -0.0725417137 -0.0178969037 0.150952861
G1768 0.0398419164 0.0382477492 -0.0474422723 -0.0826185122 -0.020448342 -0.0155152865 -0.00504303724 -0.0611643977 0.0376949012 0.131446406 -0.0508255363 0.113014922 -0.0837955251 0.0519637428 -0.096855633 -0.00537983095 0.0261832662 -0.0161503386 -0.014787484 -0.0874329507 0.0407857373 0.000224072835 -0.023030756 -0.134280145 -0.012929976 -0.0944191813 -0.207458675 0.0401524641 0.0453114733 0.0171133466 -0.0782348886 -0.0359754339 0.00803524815 -0.029398011 0.0770946071 -0.038163662 -0.00652892422 -0.127850682 0.0256210323 0.166776344 0.0563267209 -0.11332833 -0.0392233506 0.0916053727 -0.0274201687 0.0379726179 -0.0395015031 -0.0698776916 0.0250264388 0.0926639214 0.0607414842 0.0153462039 0.0639204159 0.0508112051 -0.0499238707 -0.0632794052 0.11716035 -0.0423044898 -0.00471149106 0.0780884773 -0.00661916425 0.0187018942 0.0445123576 0.0677440017
G1769 0.0443695448 -0.013402611 -0.034947753 -0.0259030033 -0.0697952062 0.0941178426 -0.049549222 -0.0727583393 0.113765575 0.1176259 -0.0543972887 0.0932145342 -0.136712566 0.0350506902 -0.0943387598 -0.0631884336 0.0697007403 -0.0641401485 -0.0273584947 -0.0682304427 0.0727867782 0.0474341214 -0.0976587459 -0.097065717 -0.0037605851 0.0348963104 -0.230718702 0.00246566813 -0.0346447341 0.0664808452 0.0574668646 0.0231439453 -0.11214982 0.038076885 0.0492692031 -0.0223455783 -0.0266380087 -0.0834176764 0.000687149819 0.187639192 0.0447067134 -0.206785411 -0.119035862 0.141499445 0.0530831851 -0.0479119681 0.0208480749 -0.0582927093 -0.00428400608 0.122837149 -0.0419742949 0.106858507 0.0772242621 0.115638584 -0.0826946124 -0.0203131828 0.178357571 0.0504477918 0.114340387 -0.015554552 0.00070026773 -0.0728588551 -0.0180563666 0.150937408
G1770 0.0398428291 0.0383262783 -0.0478093736 -0.0834339261 -0.0204564333 -0.0155078685 -0.00488965074 -0.0615731291 0.0384484679 0.131729275 -0.0502653047 0.113506317 -0.0836609527 0.0516399071 -0.0961571038 -0.00520293647 0.0260017365 -0.0151185254 -0.0158066377 -0.0899059772 0.0397230648 -0.000288690353 -0.0236167237 -0.134496331 -0.0133486185 -0.0943434387 -0.207349107 0.0397664122 0.0458688065 0.0169059318 -0.0780348927 -0.0364920534 0.00859003514 -0.0300263762 0.0770250112 -0.0372641943 -0.00520073995 -0.128490329 0.0264059193 0.167839095 0.0556808747 -0.113816731 -0.0385823064 0.091985099 -0.0260870606 0.0381411202 -0.0398895293 -0.0697313398 0.0251057874 0.0929505154 0.0610088855 0.0154757956 0.0642303526 0.0509275049 -0.0493505411 -0.0644834265 0.11826314 -0.0427985191 -0.00550517766 0.0785056055 -0.00603098422 0.0179881882 0.0442046933 0.0677772239
G1771 0.044343017 -0.0135166999 -0.0346775539 -0.0253266916 -0.0698865354 0.0942992941 -0.0496417135 -0.0725195259 0.113412656 0.117565036 -0.0546298958 0.0928838328 -0.136843562 0.0352357477 -0.0947816744 -0.0631831512 0.0699318871 -0.0646448582 -0.0268634018 -0.067061469 0.073356837 0.0477641635 -0.0971090198 -0.0969161987 -0.00352935353 0.0347668938 -0.230751112 0.00259157363 -0.0349813364 0.0665049106 0.0572860688 0.0232276358 -0.112377115 0.038471967 0.0493037477 -0.0228087846 -0.0272770729 -0.0830724016 0.000144772741 0.187112734 0.0450344272 -0.206670195 -0.119543307 0.141200855 0.0524479523 -0.0480446965 0.0211135074 -0.0582622178 -0.00444445852 0.122669317 -0.0421904251 0.106736265 0.0770326927 0.115588926 -0.0828368962 -0.0196639393 0.177807495 0.0508012027 0.114675283 -0.0157328695 0.000359909376 -0.0724925473 -0.0177028738 0.151072666
G1772 0.0398441777 0.0382331088 -0.0473691709 -0.0825504437 -0.0204969198 -0.0153487371 -0.00504580652 -0.061184708 0.0378749296 0.131458387 -0.0507737584 0.112967707 -0.0838560462 0.0519328825 -0.0969740823 -0.00523778144 0.0263796337 -0.0160669778 -0.014927282 -0.0876481459 0.0407552421 0.000225634314 -0.0229288526 -0.134271935 -0.0129260719 -0.094452031 -0.207467526 0.0401112847 0.0452710651 0.0170136169 -0.0783918127 -0.0361597314 0.00810679328 -0.029370185 0.0771113262 -0.0381340981 -0.00653108163 -0.127813533 0.0255394839 0.166925907 0.0563528761 -0.113453276 -0.0393329188 0.0915478617 -0.0273555294 0.0379322954 -0.0394575074 -0.069823198 0.024997687 0.0926230699 0.0607423559 0.0154079879 0.0638925582 0.0508027971 -0.0498104617 -0.0633392334 0.117301196 -0.0422089286 -0.00480523845 0.0781071633 -0.00658323476 0.0186603926 0.0446682982 0.0679505244
G1773 0.0444019996 -0.0133888787 -0.034995731 -0.0260605756 -0.0697740242 0.0940665305 -0.0495136604 -0.0728485733 0.113877848 0.117633924 -0.0543229543 0.0932739079 -0.13668938 0.0350158252 -0.094223991 -0.0631569773 0.0696809366 -0.0640288591 -0.0275225881 -0.0686038658 0.0726182759 0.0473229401 -0.0977907553 -0.0971406475 -0.00381124811 0.0349423401 -0.23070471 0.00243532774 -0.0345732644 0.0664693341 0.0574697815 0.0230949335 -0.112083562 0.0380081087 0.0492741428 -0.022249097 -0.0264671631 -0.0835097879 0.000802794704 0.187802583 0.0446123295 -0.206830382 -0.118937604 0.141552821 0.0532519147 -0.047880359 0.0207878742 -0.058282163 -0.00423792982 0.122870848 -0.0419092067 0.106887594 0.0772628263 0.115665726 -0.0826181397 -0.0204711426 0.178550467 0.0503584109 0.114217676 -0.0155001702 0.000812610495 -0.0729310885 -0.0181110017 0.150888741
G1774 0.0398447998 0.0383079797 -0.0478354916 -0.0834883302 -0.0204560123 -0.0154219503 -0.00488561857 -0.0615963712 0.0385670811 0.131849006 -0.0501275212 0.113525033 -0.0836978406 0.0515873954 -0.0961056873 -0.00516719697 0.0260412935 -0.0149756251 -0.0159525927 -0.0902982429 0.0395967104 -0.000328063063 -0.0236227531 -0.134539485 -0.0134182889 -0.0943908244 -0.207326144 0.0396827981 0.0459180847 0.0168151222 -0.0780142248 -0.0366181321 0.00868989155 -0.0301217977 0.0770255104 -0.0371609963 -0.00501828641 -0.128578678 0.0264467653 0.167998776 0.0555807464 -0.113964505 -0.0385567993 0.0920049027 -0.0258481894 0.0381739698 -0.03988114 -0.0697037056 0.0250500757 0.0930061862 0.060983967 0.0154409446 0.0642474592 0.0509450324 -0.0492292307 -0.0646491125 0.118395105 -0.0428303741 -0.00567451399 0.0785297379 -0.00600420544 0.0178738646 0.0442299023 0.0678443834
G1775 0.0383857824 -0.0575227104 -0.0468927175 -0.0515868999 -0.0541559123 0.087543793 0.0108951461 -0.0490775146 0.0231878478 0.124392532 0.00992711168 0.0742661804 -0.184004888 0.0640556887 -0.0965973586 -0.00113279372 0.106329195 -0.0563245192 -0.0564773083 -0.117943607 0.0328682326 0.0803568587 -0.022526281 -0.0122200707 -0.0220474377 0.0753968433 -0.239971727 0.0471719764 -0.0315146372 0.0616091527 -0.0184517056 -0.0193117633 -0.0918514952 -0.0933950394 0.0870295092 -0.0120217875 0.0752966627 -0.0461364798 0.0143443095 0.179902017 0.0188646428 -0.210989982 -0.0674241334 0.167321742 0.0250968579 0.052283138 0.0629284158 -0.00370624941 0.0449770577 0.0875809193 -0.0423830859 0.0714335516 0.0839534402 0.119625039 -0.12089444 -0.0273399185 0.14605695 0.0511817746 0.000292267767 -0.0176827572 0.0356245339 -0.0764609501 0.177321374 0.162616655
G1776 0.0443345904 -0.0133951893 -0.0349642262 -0.0259277523 -0.0697994232 0.094094418 -0.0495758057 -0.0727604404 0.113718137 0.117602713 -0.0544621907 0.0932709202 -0.136678591 0.0350188017 -0.0943178609 -0.0632620677 0.0696463585 -0.0641679838 -0.0272978339 -0.0680603534 0.0728466883 0.0474353209 -0.0977161825 -0.0970127136 -0.00376784173 0.0348823145 -0.230717838 0.00245292974 -0.0346143022 0.0665505528 0.0575746261 0.0232408494 -0.112150647 0.0380847007 0.0492350534 -0.0223559421 -0.0266754534 -0.0834013224 0.000719628937 0.187574595 0.0447385944 -0.206717253 -0.118980467 0.141504556 0.0530564077 -0.0479277186 0.0207943041 -0.0583255552 -0.0042827283 0.122856028 -0.0419398881 0.10685727 0.0772587955 0.115616381 -0.0827708095 -0.0203066748 0.178261116 0.050419718 0.11442674 -0.0155423582 0.000680377532 -0.072852388 -0.0181313623 0.150890127
G1777 0.0398986824 0.038278088 -0.047757715 -0.0833257958 -0.0204562787 -0.0155320596 -0.00491128629 -0.0615683906 0.0383401923 0.131745473 -0.0503347069 0.113428272 -0.0836911723 0.0516410619 -0.0962321982 -0.00524960179 0.0260184817 -0.0152728334 -0.0156750586 -0.0896098763 0.0398787968 -0.000253760663 -0.0235328767 -0.134503826 -0.0133127356 -0.0943899006 -0.207366183 0.0397628807 0.0458054803 0.016942272 -0.0780195296 -0.0363811217 0.00853245705 -0.0299204066 0.0770402551 -0.037400391 -0.00537714036 -0.128437623 0.0262684338 0.167693779 0.0557487756 -0.113775283 -0.0386842452 0.0918984488 -0.0262002721 0.0381154642 -0.0398476869 -0.0697400272 0.0250525437 0.0929282755 0.060976021 0.0154235791 0.0642055571 0.0509288982 -0.0493889488 -0.0643064678 0.118111663 -0.0427435413 -0.00540915271 0.0784545466 -0.00610666536 0.0181160513 0.0442195721 0.0677002221
G1778 0.0443533733 -0.013444934 -0.034904968 -0.025796093 -0.0698299035 0.094178386 -0.0495868698 -0.0727422088 0.113685824 0.117612541 -0.054480236 0.0931936502 -0.136727229 0.0350065976 -0.0944358036 -0.0632333457 0.0697509646 -0.0642330721 -0.0272535831 -0.0679056644 0.0729471371 0.0474969223 -0.0975879803 -0.0969619974 -0.00374533911 0.0348389409 -0.23072876 0.00243337802 -0.03467815 0.0665290952 0.0575106815 0.023234874 -0.112167098 0.0381426625 0.0492438301 -0.0224070437 -0.0267683584 -0.0833357722 0.000603691326 0.187524885 0.0447939746 -0.206738666 -0.119081356 0.141423002 0.0529951528 -0.0479411371 0.0208387431 -0.0583023876 -0.00432067597 0.122819215 -0.0419667624 0.106846295 0.0772287101 0.115600564 -0.0827862546 -0.0202020109 0.178183928 0.0504992418 0.114447281 -0.0155667886 0.00063531386 -0.0727977455 -0.0180104673 0.150952429
G1779 0.0399495028 0.0381952636 -0.0476321056 -0.0830671936 -0.0204932801 -0.0153902406 -0.00492765289 -0.0615197681 0.0382695086 0.131760433 -0.0503748506 0.113263167 -0.083816655 0.0516333915 -0.0964950398 -0.00518479478 0.0262411702 -0.0154383099 -0.0155594787 -0.0892778113 0.0400897749 -0.000128534128 -0.0232802629 -0.134423867 -0.0132571571 -0.0944664851 -0.207399458 0.039761018 0.04564685 0.0168887377 -0.0781932399 -0.036387179 0.00847968087 -0.0298141055 0.0770846233 -0.037531361 -0.00561274169 -0.128287256 0.0260192938 0.167580917 0.0558755547 -0.113808475 -0.0388983041 0.09173958 -0.0263592061 0.0380977392 -0.0397228338 -0.0697076842 0.024994161 0.0928400159 0.0609095059 0.0154074589 0.0641364977 0.0509075038 -0.0494331755 -0.0640776455 0.117967211 -0.042567566 -0.00535702566 0.0783668533 -0.0062041902 0.0182447247 0.04446996 0.0678197667
G1780 0.0444507301 -0.0133847771 -0.0350827351 -0.0262187645 -0.0697643459 0.0941075757 -0.0494838879 -0.0729732364 0.114110343 0.117728248 -0.0541796759 0.0933679566 -0.136689484 0.0348490067 -0.0941280648 -0.0631101057 0.0697005093 -0.0637542382 -0.027805293 -0.0691859871 0.0723989457 0.0471976958 -0.0979379341 -0.0971709639 -0.00393964536 0.0349320434 -0.23070699 0.00229753461 -0.0344444513 0.0663950518 0.0574981794 0.0230063815 -0.111940108 0.037823841 0.0492612422 -0.022005735 -0.0261866115 -0.0836477503 0.000965378305 0.188103244 0.0444791615 -0.206979528 -0.118773051 0.141627699 0.0536231175 -0.047819972 0.0206931438 -0.0582652763 -0.00422222307 0.122929394 -0.0418241024 0.106952369 0.0773384646 0.115675271 -0.0825196952 -0.0207632929 0.178802252 0.0502664037 0.11401356 -0.015424368 0.000961096317 -0.0731124654 -0.0181665532 0.150939673
G1781 0.0399489701 0.038276054 -0.0479987934 -0.0838833228 -0.0205011442 -0.0153799187 -0.00477333646 -0.0619306378 0.0390271172 0.132041141 -0.0498138033 0.113755517 -0.083679311 0.0513097234 -0.0957956612 -0.00500705419 0.0260592178 -0.0144034801 -0.0165812131 -0.0917573124 0.0390252508 -0.000640669139 -0.0238683727 -0.13464202 -0.0136756683 -0.0943897292 -0.207290456 0.0393758155 0.0462048948 0.0166790355 -0.0779945403 -0.0369066969 0.00903576799 -0.0304411035 0.0770148486 -0.0366285332 -0.00428291876 -0.128925294 0.026807487 0.168646649 0.0552298762 -0.114299558 -0.0382562242 0.0921183228 -0.0250247102 0.0382647961 -0.0401117429 -0.0695614293 0.0250742082 0.0931278318 0.0611790568 0.0155405151 0.0644468665 0.0510233082 -0.0488590524 -0.0652858242 0.119074225 -0.043062482 -0.00615214696 0.0787855089 -0.00561540108 0.0175290667 0.0441619493 0.0678557232
G1782 0.0444604121 -0.0133613916 -0.0351535641 -0.0264163483 -0.0697419569 0.0940374807 -0.0494591258 -0.0730750933 0.114208333 0.117731519 -0.0541272089 0.0934738517 -0.136643797 0.0347830243 -0.0939829126 -0.0631198809 0.0696385801 -0.0636327118 -0.027959777 -0.069515422 0.0722382069 0.0470734276 -0.0981214345 -0.0972140357 -0.00400877232 0.034972962 -0.230692551 0.0022522572 -0.0343369208 0.0664247125 0.0575755835 0.0230075065 -0.111859836 0.0377301797 0.0492434613 -0.0218932331 -0.0260045975 -0.0837436914 0.00112212729 0.188255176 0.0443875641 -0.206990346 -0.118618518 0.141699404 0.0538123325 -0.0477882177 0.020592818 -0.0582714863 -0.00417014305 0.122980811 -0.041729141 0.106981501 0.0774065554 0.115690373 -0.0824831352 -0.020951217 0.178956509 0.050147403 0.113920085 -0.0153562203 0.00107896805 -0.0732029676 -0.0182700157 0.150862008
G1783 0.0399915725 0.0382350907 -0.0480306037 -0.0839343593 -0.0204981603 -0.0153235756 -0.0047563822 -0.0619889162 0.0391160697 0.132184982 -0.049671445 0.113762155 -0.0837224647 0.0512310229 -0.0957340971 -0.00498043234 0.026085889 -0.0142729245 -0.0167269241 -0.0921536982 0.0389037542 -0.000696124218 -0.0238674507 -0.134687021 -0.0137617355 -0.0944452956 -0.207280934 0.0392718203 0.0462628193 0.01659563 -0.0779625773 -0.0370021649 0.00913817715 -0.0305469725 0.0770180747 -0.0365303941 -0.00409063417 -0.129025847 0.0268367622 0.168802351 0.0551184416 -0.11444778 -0.0382257923 0.0921244472 -0.0247617587 0.0383134671 -0.0401097238 -0.0695217103 0.0250142962 0.0931854025 0.0611634962 0.0154868681 0.064475745 0.0510521606 -0.0487352833 -0.0654386058 0.119193524 -0.0431073569 -0.00633163983 0.0788170695 -0.00557626365 0.0174368843 0.0441915058 0.0678714365
G1784 0.0383134931 -0.0573068112 -0.0472035594 -0.0523242131 -0.0540133044 0.0870589167 0.0109811462 -0.0493082106 0.0233049653 0.124277435 0.00988926552 0.0747123808 -0.183676019 0.0640222207 -0.0959330276 -0.00140625704 0.105716608 -0.0560205616 -0.0566436723 -0.118594535 0.0323865712 0.0799900219 -0.0233737584 -0.0124490075 -0.0221489165 0.0756037757 -0.239895582 0.0471901856 -0.031114215 0.0618363619 -0.0179684255 -0.0190970376 -0.0917627364 -0.0935903639 0.0869751945 -0.0117287692 0.0758197233 -0.0464890189 0.0150781823 0.180158734 0.0185878128 -0.210738316 -0.0667805299 0.167644441 0.0254087895 0.0522498377 0.0625260323 -0.00387464347 0.0451783724 0.0878160447 -0.0421213731 0.0715045705 0.0841788277 0.119685389 -0.120903932 -0.0278541688 0.146394387 0.0506861582 0.000334484852 -0.0175345577 0.0358907096 -0.0767199546 0.176563382 0.162164286
G1785 0.0383414589 -0.0574300997 -0.0470033251 -0.0518014356 -0.0541110374 0.087418288 0.0109170582 -0.0491172113 0.0231824107 0.124341056 0.00987428334 0.0744320527 -0.183879182 0.064026922 -0.0964160413 -0.00127338478 0.10611517 -0.0562620461 -0.0564468913 -0.117966548 0.0327974856 0.0802971274 -0.0228178576 -0.0122425128 -0.0220861882 0.0754307806 -0.239949256 0.047164619 -0.0314129293 0.0616875254 -0.018256506 -0.0191621184 -0.0918260887 -0.0934649482 0.087001577 -0.0118841287 0.0754443929 -0.0462061539 0.0146098603 0.179878786 0.0188001096 -0.210885525 -0.0671739504 0.167419925 0.0251660328 0.052279368 0.0627659559 -0.00379946199 0.0450645126 0.0876641348 -0.0423041098 0.0714825541 0.0840300322 0.119636163 -0.120985873 -0.0274933111 0.14609091 0.0510240309 0.000378609227 -0.0176509488 0.0356693938 -0.0765625536 0.177070543 0.162473142
__smartatpg_bin_789_2 0.0456224903 -0.152059242 -0.206753686 0.11921972 0.117688604 0.0194597915 0.126532808 0.18538484 -0.213955358 0.263259172 -0.140451044 0.00870876946 -0.120271973 -0.0289397165 -0.105204351 -0.0745200291 0.0104354266 -0.1033668 0.160131812 0.228810534 0.270432621 0.191269919 0.179269135 0.17566447 0.0652156249 -0.126820832 -0.27414006 0.22991614 -0.024856545 0.0739027113 -0.0234639682 0.118518591 -0.0754032508 -0.231487736 0.11892961 -0.0195978079 0.00736220647 -0.0143883331 0.0793370232 -0.0314660035 -0.0134943826 0.016385112 -0.112644717 0.0863616988 -0.204362676 0.192856416 0.0431247316 -0.0406615548 0.0483535342 0.00253431546 -0.0367208309 -0.00925558992 0.00213481719 0.0744969919 -0.0851648226 0.129650921 -0.320834607 0.0205680076 0.114716813 0.0737313256 -0.0791271701 0.116018154 0.0641924515 0.22859785
__smartatpg_bin_789_3 0.0458129495 -0.152161181 -0.206833392 0.119052701 0.117671289 0.0195579138 0.126605168 0.185098663 -0.21373117 0.263387084 -0.140253067 0.0087413108 -0.120288119 -0.0291974768 -0.105124764 -0.0743649304 0.0106357047 -0.103058293 0.159719139 0.22808966 0.270065904 0.191063866 0.179204211 0.175706699 0.0650685877 -0.126853988 -0.274112046 0.229624823 -0.0246733464 0.0737991631 -0.0235474985 0.11834719 -0.0752126127 -0.231710896 0.11894241 -0.0192427039 0.00777664548 -0.0145886922 0.079479225 -0.0310360324 -0.0137511333 0.0161769018 -0.112538926 0.0863343403 -0.203947246 0.192975581 0.0429973304 -0.0405307487 0.0483549237 0.00253357342 -0.0365794189 -0.00920307636 0.00227100635 0.0745229721 -0.0849332139 0.129371017 -0.320480973 0.0204712879 0.114365995 0.0738525242 -0.0788646042 0.115769506 0.0642872527 0.228638843
__smartatpg_bin_789_1 0.154910415 -0.0361135565 -0.191694245 -0.114914313 0.0993454158 0.0413798839 0.166980565 -0.0371359214 0.0581360608 0.134558439 -0.16184482 0.0853254274 -0.109060764 -0.0975750461 0.0444188304 -0.0505252033 -0.014260754 -0.0222220495 -0.0124499109 -0.0868552998 0.066038318 -0.0129648522 -0.00296551129 -0.0164509416 0.0267291572 -0.102731854 -0.261601806 0.129313707 0.121285498 -0.00161475886 0.0669564754 -0.0470444411 0.056599997 -0.183755755 0.040686816 0.0617238656 0.0707978085 -0.0811582878 0.266305834 0.230198279 -0.0385860465 -0.0795065761 -0.0903949365 0.0856800079 0.0504726917 0.148365766 -0.0216729045 -0.0328801163 0.0313947946 0.0311716795 0.0647203773 0.0586236119 -0.0170914587 0.133102015 0.0641485527 -0.0352537818 -0.00408081897 -0.136140123 0.036849089 0.212182209 0.0360082015 0.0597944595 -0.185644329 0.101698287
__smartatpg_bin_789_5 0.0419467427 -0.149967954 -0.214426175 0.105798289 0.120899871 0.0063030771 0.129860476 0.184665591 -0.215265751 0.26263541 -0.139380842 0.0151692154 -0.115592398 -0.0250160787 -0.0917274877 -0.0758536682 -0.00184439356 -0.0957564786 0.1542207 0.217067644 0.256441742 0.183694005 0.169875547 0.176185146 0.0646145567 -0.118274257 -0.271724164 0.234444588 -0.0152601656 0.0797330737 -0.0170556009 0.11830242 -0.0755651444 -0.241515756 0.11778228 -0.0171235576 0.0178578123 -0.0222804006 0.0918176696 -0.0265276432 -0.0196559317 0.023584839 -0.101615049 0.0978163704 -0.202145636 0.196199954 0.0386601277 -0.0406208634 0.0534889922 0.00416989578 -0.0350087285 -0.0117951566 0.00634804275 0.0739750937 -0.0832072273 0.12174172 -0.318123668 0.0112187602 0.111245982 0.0770099238 -0.0730623007 0.108509228 0.0519005209 0.223643348
__smartatpg_bin_789_6 0.0419901274 -0.150001287 -0.214452848 0.105757244 0.120900474 0.00630969927 0.129884094 0.184612066 -0.215233967 0.262671024 -0.139328465 0.0151859606 -0.115603887 -0.0250742417 -0.0917102247 -0.0758107752 -0.00179159478 -0.0956853032 0.154124022 0.216900855 0.256346554 0.183648735 0.169876352 0.176228166 0.0645693094 -0.118271843 -0.27172786 0.234390765 -0.0152115524 0.0797094479 -0.0170830283 0.118256263 -0.0755179077 -0.241606683 0.117782421 -0.0170409288 0.0179714393 -0.0223166253 0.0918564498 -0.0264301393 -0.0197079238 0.0235400833 -0.101563603 0.09782812 -0.202057004 0.196262866 0.0386376493 -0.0405845903 0.0535047166 0.00416545756 -0.0349685699 -0.011792318 0.00638465164 0.073979266 -0.083167024 0.121670306 -0.318063259 0.0111934207 0.111145563 0.077047728 -0.0729880705 0.108455561 0.0519509576 0.223657414
__smartatpg_bin_789_4 0.15499258 -0.0354146697 -0.19094336 -0.113174148 0.0975819677 0.0460144319 0.16389285 -0.0372743756 0.0604359657 0.134332463 -0.16338259 0.0861846581 -0.109091364 -0.101944067 0.0417320803 -0.0524262339 -0.0117253382 -0.0229982194 -0.0102733634 -0.0807462409 0.0716810375 -0.0111699654 -0.00429054769 -0.0164061189 0.025535658 -0.106650896 -0.26186505 0.124851294 0.119836114 -0.00301453844 0.0689292252 -0.0433580279 0.0574270114 -0.180548862 0.0387890562 0.0648205057 0.0668814853 -0.0804796517 0.265665025 0.227364063 -0.0370625444 -0.0816781223 -0.091029644 0.0826564655 0.0521426946 0.14702484 -0.0230845045 -0.0354184508 0.0295116119 0.0315471068 0.0651938319 0.0615690723 -0.0167656634 0.133490413 0.0616615191 -0.0347563736 -0.00482827565 -0.135278225 0.0404768139 0.21213457 0.0335760228 0.0596663542 -0.185198501 0.101739891
G1786 -0.0373664722 -0.0156955551 -0.0215438399 0.0227471888 -0.047312595 0.0554643497 -0.0910430476 0.0728929192 0.0212813113 0.186314225 0.0739391819 0.0493798442 -0.0475240462 0.11172381 -0.0870187804 -0.0994801521 0.0290190689 -0.0235847067 0.0177168604 -0.139689356 0.0603415444 0.198608384 -0.0286829118 -0.18425566 -0.00729718106 -0.078324005 -0.270569533 0.111139648 -0.087031126 -0.0563168712 0.0584727339 -0.0804186761 -0.0201719552 -0.0175238121 0.117995135 0.00770184491 0.0822041929 -0.110478058 -0.0683797449 0.114355296 -0.0149047123 -0.211024106 -0.116271608 0.073884964 -0.013701017 -0.0402035825 0.0376469009 -0.109142676 -0.0475524105 0.116803214 -0.0843972117 0.0541108921 0.0190167893 0.104339384 0.0166841522 -0.0719568059 0.0667858645 0.130991444 0.0362890512 -0.0507476777 -0.0812764987 -0.0633405373 0.00986185484 0.132327601
__smartatpg_bin_790_2 0.0436558537 -0.151174814 -0.210945457 0.112202272 0.119070441 0.0126880342 0.128010154 0.185481369 -0.214453742 0.263383985 -0.139839202 0.0123533662 -0.118191466 -0.0271026064 -0.0982738584 -0.0749486163 0.00448627211 -0.0990267023 0.157018468 0.222770572 0.263240606 0.187133715 0.174703822 0.176433697 0.06496685 -0.122567087 -0.272759885 0.231964752 -0.0199397542 0.0770450309 -0.0202258825 0.118245468 -0.0753006339 -0.237139478 0.118360177 -0.0181104578 0.0130204074 -0.0189282559 0.0856392458 -0.0289193261 -0.0167956222 0.02020723 -0.107030995 0.0926860943 -0.203136578 0.194720611 0.0406303182 -0.0406580679 0.0509706065 0.00327569642 -0.0360473059 -0.0105863381 0.00442661904 0.0742139369 -0.0840505138 0.125625074 -0.319538265 0.0159475673 0.112990588 0.0755617097 -0.0758661628 0.111997068 0.0579625964 0.22649233
__smartatpg_bin_790_3 0.0422247574 -0.149775177 -0.214304477 0.105635338 0.121139675 0.00642691879 0.13015607 0.183994278 -0.215072602 0.262384742 -0.139172345 0.0149430437 -0.115292802 -0.0251583215 -0.0916379914 -0.0759456381 -0.00203893427 -0.0957052037 0.153903425 0.216249749 0.256064326 0.183738202 0.169641241 0.175745651 0.0643606782 -0.118320443 -0.271882892 0.234362587 -0.0150606232 0.079291217 -0.0170229115 0.118135862 -0.0754404366 -0.241335407 0.117826469 -0.0168227479 0.0180108435 -0.0220485944 0.0921305344 -0.0260588359 -0.0196971558 0.0232873652 -0.101352684 0.0974127576 -0.201726079 0.196161151 0.0387311988 -0.0405204706 0.0534456074 0.00430057431 -0.034698613 -0.0116614262 0.00634775637 0.0740689561 -0.0830234215 0.121297352 -0.317622513 0.0110562965 0.110803649 0.0770733505 -0.0729487985 0.108323663 0.0518378243 0.223240748
__smartatpg_bin_790_1 0.154970482 -0.0356179327 -0.191018745 -0.113421634 0.0980245024 0.0450147726 0.164682209 -0.0373221263 0.0598005839 0.134389147 -0.162979916 0.0858531073 -0.109091364 -0.100861415 0.0422537066 -0.0519940965 -0.0122812204 -0.0229133274 -0.0107697165 -0.082187131 0.0704305321 -0.0114485631 -0.00387284346 -0.0164688639 0.0258346349 -0.105734617 -0.261831433 0.125943825 0.120070264 -0.00274457177 0.0683695599 -0.0442616679 0.0571931489 -0.181190193 0.039311517 0.0639929473 0.0677390918 -0.0804778785 0.265743613 0.228015482 -0.0373913236 -0.0812697932 -0.0909104124 0.0831913799 0.051717326 0.147320271 -0.0226405039 -0.0347692706 0.0299531501 0.0315021537 0.0650799051 0.0608484782 -0.0168794207 0.133360073 0.0622632466 -0.0348819867 -0.00469129439 -0.135413051 0.0395718105 0.212041438 0.0340637639 0.0597839281 -0.185174033 0.101750053
__smartatpg_bin_790_5 0.0427621566 -0.149696842 -0.214384601 0.105013497 0.121424466 0.00649869069 0.130592793 0.182746217 -0.21462214 0.262163132 -0.138756365 0.0148390196 -0.114861488 -0.0256549846 -0.0912374109 -0.0759542212 -0.00217586942 -0.09524443 0.152966127 0.214290842 0.255020797 0.183376253 0.168937594 0.175268829 0.0639015138 -0.118270226 -0.271945536 0.233939171 -0.0144277522 0.0788680762 -0.0169525389 0.117933691 -0.0751174092 -0.241480738 0.117812209 -0.0159422699 0.0188691132 -0.022177998 0.0929172188 -0.0249674432 -0.020228181 0.0227810293 -0.100741208 0.0970252529 -0.200684577 0.196324304 0.0384575799 -0.0402872413 0.053518001 0.00448037684 -0.034070123 -0.0114366682 0.00662877923 0.0741956681 -0.0825861096 0.120389774 -0.31652838 0.010472957 0.109908998 0.0773321465 -0.0723654479 0.10772074 0.0516659319 0.222670391
__smartatpg_bin_790_6 0.0449449271 -0.152301237 -0.206878647 0.119853713 0.11711023 0.0192777254 0.125799194 0.187257469 -0.214430287 0.263758421 -0.141023219 0.00914819818 -0.120991066 -0.0285244454 -0.105644189 -0.0744166374 0.0108463485 -0.103680387 0.161313832 0.231278032 0.271736294 0.191492692 0.1801956 0.176683336 0.0658172518 -0.126978219 -0.273960143 0.230206594 -0.0256189927 0.0746183172 -0.0235432982 0.118806101 -0.075705342 -0.231675431 0.118923537 -0.0204092395 0.00654466404 -0.0145732844 0.0783660561 -0.0328967981 -0.0129171247 0.0171858128 -0.113361694 0.0871736556 -0.205634788 0.192825869 0.0431767963 -0.0410101898 0.0483050123 0.00222187233 -0.0375560187 -0.00949374028 0.00194309501 0.0743416548 -0.0857407004 0.130857408 -0.322263986 0.0213501751 0.115970507 0.0735626072 -0.0796650946 0.116704695 0.0643956363 0.229476929
__smartatpg_bin_790_4 0.154936284 -0.0357537977 -0.191282541 -0.11400982 0.0985112488 0.0437437259 0.165488422 -0.0373327248 0.0592405647 0.134427488 -0.162577555 0.0857137218 -0.108987167 -0.0997523665 0.0430831984 -0.0515493453 -0.0130640967 -0.0226428956 -0.011380381 -0.0839125887 0.0688552782 -0.0119786561 -0.00366969709 -0.0165069383 0.0261082463 -0.104682982 -0.261748165 0.127095997 0.120546959 -0.00235237204 0.0679819062 -0.0451734774 0.0570000522 -0.182084918 0.0397694185 0.063299872 0.0688765645 -0.0807136074 0.26605171 0.228793174 -0.0378468744 -0.0806748271 -0.0906351358 0.0840429813 0.0513712168 0.147677615 -0.0223526582 -0.0341448821 0.0304592699 0.0314337984 0.0650066435 0.0601056032 -0.0169061944 0.133268893 0.0629014596 -0.0351016223 -0.0044387877 -0.135746464 0.0386181213 0.212097317 0.0347529203 0.0597428791 -0.185429022 0.101658113
G1787 -0.0373870991 -0.0157482494 -0.0216537639 0.0226895362 -0.0471741334 0.0552670546 -0.09086968 0.0729888678 0.0210232586 0.186298743 0.0740574375 0.04939235 -0.0476108119 0.111901559 -0.0869188607 -0.0993499383 0.0289648119 -0.0234918147 0.0175150968 -0.139921546 0.0600430369 0.198593482 -0.028564943 -0.184033975 -0.00733071705 -0.0780406371 -0.270605594 0.11131946 -0.0869206116 -0.0562570654 0.0582424998 -0.0805880576 -0.020212559 -0.017973626 0.118015163 0.00772321597 0.0825273544 -0.110452212 -0.0682849586 0.114554837 -0.0149985617 -0.210936576 -0.116108887 0.0741360858 -0.0137625178 -0.0399614498 0.0377120338 -0.108963452 -0.0473521017 0.116755478 -0.0843921825 0.0539669767 0.0190191232 0.104241796 0.0166693032 -0.0720406473 0.0667722523 0.130943879 0.036036741 -0.0507353991 -0.0811112374 -0.0634462014 0.00998238567 0.132421762
__smartatpg_bin_791_2 0.0693023726 -0.0916713849 -0.142341599 0.105399646 0.0965913832 0.0694459304 0.186585724 0.158983871 -0.203465089 0.174641222 -0.156050891 -0.0493825227 -0.108151056 0.0362017713 -0.099291712 -0.109137237 0.0403913744 -0.136327267 0.166476473 0.277706891 0.265817404 0.264140606 0.166613132 0.109686948 0.059787631 -0.135605305 -0.336583346 0.294417232 -0.0267968047 -0.0307977945 -0.0275835618 -0.0123524964 -0.06099426 -0.186324954 0.130704388 -0.0583469607 -0.0238025971 0.0695794448 0.104691252 0.0167981349 0.021956291 -0.0238229204 -0.129718646 0.0164319314 -0.244874507 0.16041784 0.104043931 -0.0409017503 0.0336259753 0.0259296857 -0.0544495583 -0.000942507642 -0.0841758549 0.104477562 -0.108431004 0.109782338 -0.290719569 0.0149690481 0.0844578817 0.0655062422 -0.16326578 0.152891651 0.0462582596 0.228616789
__smartatpg_bin_791_3 0.0694950894 -0.0917726532 -0.142416954 0.105225034 0.096570015 0.0695457757 0.186654344 0.158688948 -0.203241989 0.174772099 -0.155853897 -0.049346149 -0.108159117 0.0359489955 -0.0992127508 -0.108979866 0.0405908339 -0.136027619 0.166053981 0.27699095 0.265466899 0.263935059 0.16654858 0.109726921 0.0596330278 -0.135643601 -0.336563915 0.294130236 -0.0266205054 -0.0309082512 -0.0276671089 -0.0125242453 -0.0608027466 -0.186549082 0.13071695 -0.057992477 -0.0233858041 0.0693769753 0.104829751 0.0172390305 0.0216936152 -0.024029525 -0.129608512 0.0164005794 -0.244450822 0.160549536 0.103920311 -0.0407648347 0.0336286202 0.0259319395 -0.054312028 -0.000889654737 -0.084049128 0.104499094 -0.108189501 0.109507442 -0.290349394 0.0148702785 0.0841055363 0.0656422749 -0.162999094 0.152653515 0.0463542789 0.228660196
__smartatpg_bin_791_1 0.0677800849 -0.119654574 -0.235643655 -0.0324055813 0.107290275 0.0144073125 0.105244197 0.068740584 -0.0256007351 0.348831117 -0.051078897 0.0634834394 -0.0546047278 -0.0828762576 0.054707367 -0.0806191042 -0.0734189451 0.0345485099 -0.00657563796 -0.211221889 0.0826333538 0.0503624193 0.0572561696 -0.0211311225 0.031581603 -0.150108576 -0.254582644 0.127580717 0.0718371272 0.0193414576 0.146415338 0.0108597856 0.0378083736 -0.224799469 0.0985192955 0.0618603379 0.17256102 -0.157532752 0.194715738 0.176534384 -0.110185549 -0.091130279 -0.0961949229 0.104038149 0.0634372085 0.130169079 -0.00217996165 -0.0729852915 -0.0330296308 0.0868114009 -0.00250033196 0.00508825015 0.0610220656 0.113598123 0.105596289 -0.0737957135 -0.122040942 -0.0735628232 0.0157705583 0.14316009 -0.0149072045 -0.0051898323 -0.160422951 0.168572485
__smartatpg_bin_791_5 0.0654751211 -0.0895221829 -0.150275812 0.0917349234 0.0998777822 0.056374643 0.189717874 0.157856598 -0.204811633 0.174088418 -0.155020431 -0.0430890992 -0.103285901 0.0402115844 -0.0859326571 -0.110478461 0.0282158963 -0.128803521 0.160233259 0.266076922 0.252370447 0.256805211 0.156925231 0.110337615 0.0591563061 -0.126851335 -0.334350437 0.298989475 -0.0175886676 -0.0252042301 -0.0211902987 -0.0116899163 -0.0611965284 -0.196652219 0.1296698 -0.0555982329 -0.0130717428 0.0615591556 0.116963275 0.0219011474 0.0157228131 -0.016380813 -0.118089266 0.0281615183 -0.242381185 0.16383408 0.0994532034 -0.040772263 0.0387891494 0.0275651421 -0.0528212413 -0.0035490403 -0.080052495 0.103954539 -0.106144562 0.10215462 -0.287985951 0.00529677421 0.0808503777 0.0690828785 -0.157034144 0.145574808 0.0338107497 0.223667026
__smartatpg_bin_791_6 0.0655188486 -0.0895547569 -0.150301918 0.0916918889 0.0998774469 0.0563817993 0.18974112 0.157801598 -0.204780295 0.174124569 -0.154968306 -0.0430716872 -0.103294596 0.0401539616 -0.0859155953 -0.110435359 0.0282684863 -0.128734678 0.160134584 0.265911192 0.252279431 0.256759882 0.1569262 0.110381998 0.0591091663 -0.126849577 -0.334355831 0.298936039 -0.0175418276 -0.0252297353 -0.0212178379 -0.0117363902 -0.0611490868 -0.196744293 0.129670054 -0.0555147529 -0.0129573839 0.0615219139 0.1170009 0.0220007114 0.0156696048 -0.0164250769 -0.11803513 0.0281731505 -0.242290229 0.163901344 0.0994315743 -0.0407346822 0.0388054177 0.0275620762 -0.0527819619 -0.00354629243 -0.0800185502 0.103957444 -0.106102951 0.102084346 -0.287922531 0.00527068833 0.0807497427 0.0691247806 -0.156959102 0.145522907 0.0338619724 0.223681509
__smartatpg_bin_791_4 0.0677099898 -0.118936643 -0.235020906 -0.0307228472 0.105577715 0.0191731006 0.102215141 0.0685462207 -0.0232236292 0.348522395 -0.0525291637 0.0643131509 -0.0544612519 -0.0873166472 0.0518554971 -0.0825903788 -0.0709264725 0.0337659121 -0.00440262211 -0.205196455 0.0883662701 0.0518607982 0.0557393469 -0.0210593361 0.0303261634 -0.154124826 -0.25484097 0.123127647 0.0705127791 0.0178830102 0.14847523 0.0148847895 0.0386308171 -0.221659228 0.0965884253 0.0651833937 0.168866187 -0.156920418 0.193994626 0.173786879 -0.108620048 -0.093152605 -0.0967828259 0.101130821 0.0653174818 0.128763214 -0.00361930346 -0.0755623952 -0.0348719321 0.0872033462 -0.00205275463 0.00809599739 0.0612775423 0.114085615 0.103157438 -0.073422119 -0.122614764 -0.0727979839 0.0193231888 0.142996937 -0.0172671508 -0.00531039108 -0.160182014 0.168634102
G1788 0.135465816 -0.0745491236 -0.140402451 0.0500281118 0.0823574811 0.109346315 0.15951547 0.078904219 -0.0721526667 0.180446371 -0.140355781 -0.00906672142 -0.17674388 -0.0242990423 -0.0806611925 -0.0350049101 0.091234535 -0.119226605 0.0777296498 0.131528944 0.21780175 0.13323614 0.158008575 0.03857309 0.0565573685 -0.164735839 -0.292228371 0.19253391 -0.0116140516 -0.0308129806 -0.0519793406 -0.048891753 0.0132752322 -0.168902442 0.0933646336 -0.0318259224 -0.000497098488 0.0270643402 0.122145228 0.104085408 0.0208714791 -0.0905929953 -0.159458145 0.0291860308 -0.107776724 0.197399646 0.0675843954 -0.037240576 0.0312993713 -0.00325143314 -0.00167299376 0.0323110558 -0.0488904081 0.142366678 0.0265616812 0.0433393605 -0.140223011 -0.0361245014 0.0441425592 0.147231296 -0.0700271353 0.13056986 0.0228401832 0.187008664
__smartatpg_bin_792_2 0.0666903034 -0.0910520852 -0.146223217 0.099054113 0.0989136919 0.0636757463 0.187860802 0.157930508 -0.203858688 0.174898058 -0.154918745 -0.046815522 -0.103362851 0.0390009917 -0.0933298916 -0.110832684 0.0347965062 -0.132765606 0.163355634 0.270477861 0.258484304 0.262281537 0.158803865 0.107423767 0.0597608835 -0.129989028 -0.334736377 0.297197163 -0.0220281854 -0.0273697246 -0.0238886103 -0.011511242 -0.0620406345 -0.191060364 0.129643932 -0.0565451719 -0.016768368 0.0649052709 0.111461326 0.0195403788 0.017141033 -0.0216941517 -0.123710752 0.0221723691 -0.243890017 0.161940604 0.102705918 -0.0416750461 0.0356070623 0.0292182695 -0.0543869548 -0.00242992793 -0.0826949701 0.103209481 -0.108930498 0.105934717 -0.288935035 0.0094339801 0.0828992724 0.0647226721 -0.161208659 0.148571521 0.0389584713 0.228096932
__smartatpg_bin_792_3 0.0651774183 -0.0895594731 -0.149690449 0.0923775136 0.101032227 0.0574695319 0.189899489 0.1562635 -0.204483926 0.173909247 -0.154263005 -0.0442929566 -0.100393109 0.0409929901 -0.0867523924 -0.111808024 0.0283139702 -0.129464716 0.160066873 0.26402691 0.251588702 0.259008855 0.153600618 0.106766574 0.0591326952 -0.125651285 -0.333925843 0.299604535 -0.017335441 -0.0252630655 -0.0206796546 -0.0111697204 -0.0622106232 -0.195367619 0.129144669 -0.0551307052 -0.0116703929 0.0617659763 0.117848046 0.0224793479 0.0142050115 -0.0184944347 -0.117746651 0.0270097833 -0.242329121 0.16343011 0.100756221 -0.0414988436 0.0380809307 0.0302528404 -0.0530751944 -0.00354955439 -0.0808475912 0.103077523 -0.107727632 0.101704761 -0.286997676 0.0043760119 0.0806372836 0.0663994327 -0.158211604 0.145012215 0.0327550396 0.224874452
__smartatpg_bin_792_1 0.071312055 -0.121630557 -0.238477111 -0.0312801562 0.104871236 0.0131101226 0.101902992 0.0691518262 -0.0276034158 0.352670342 -0.0529384874 0.065047428 -0.0591725484 -0.0928038731 0.0553658418 -0.0792051628 -0.0737098902 0.0377779938 -0.00435409555 -0.204683453 0.0888091773 0.0444389544 0.0615199991 -0.0116933528 0.0288982987 -0.153577432 -0.256262213 0.120741643 0.0700023994 0.0207755044 0.145936877 0.0153726181 0.0402045511 -0.226074681 0.0973179266 0.0647554919 0.169635609 -0.162165403 0.192224145 0.17348294 -0.10736084 -0.0888446718 -0.0958802924 0.104911223 0.0671181902 0.131085694 -0.00624360098 -0.0725930631 -0.0310747419 0.0821492076 -0.000813501596 0.00694510387 0.0658597127 0.115204178 0.105885044 -0.0709734112 -0.125502154 -0.073805511 0.0178019796 0.14786166 -0.0116124284 -0.00448792987 -0.157556713 0.162491649
__smartatpg_bin_792_5 0.0657152608 -0.0894435048 -0.149756134 0.0917399004 0.10132122 0.0575571656 0.190319538 0.155004814 -0.204030171 0.173681423 -0.153843775 -0.0443853699 -0.0999515429 0.0405077152 -0.0863621756 -0.111799702 0.0281697772 -0.129007474 0.159098908 0.262087524 0.250591606 0.258654684 0.152898684 0.106269561 0.0586550608 -0.125620663 -0.333998203 0.299188435 -0.0167223494 -0.0257204287 -0.0206018686 -0.011347698 -0.0618936345 -0.195499659 0.129118085 -0.0542552955 -0.0108091123 0.0616617166 0.118622884 0.023593653 0.0136612887 -0.018996153 -0.117115743 0.02660097 -0.241257384 0.163627252 0.100498803 -0.0412574671 0.03814869 0.0304417107 -0.0524566881 -0.00332846749 -0.0806048661 0.103208147 -0.107255809 0.100788645 -0.285863638 0.00377709488 0.0797320008 0.0667026564 -0.157619402 0.144445166 0.0325801186 0.224325195
__smartatpg_bin_792_6 0.0680558905 -0.0922475159 -0.142040387 0.106845595 0.0969174057 0.0702090934 0.185772792 0.159938812 -0.203820556 0.175238609 -0.156084433 -0.0499507636 -0.106264971 0.037519116 -0.100634441 -0.110316671 0.0411021598 -0.137363672 0.167860538 0.278907239 0.266646236 0.266507655 0.164462417 0.107631594 0.0606477596 -0.134492099 -0.33583045 0.295409471 -0.0274836998 -0.0296396147 -0.0272035897 -0.0114260269 -0.0624224991 -0.185459152 0.130157769 -0.058980871 -0.0233729016 0.0693084523 0.104310542 0.0154492268 0.0210703313 -0.0248468574 -0.130366042 0.0165423695 -0.246560022 0.159968242 0.10530223 -0.0420865752 0.0329321362 0.0281529762 -0.0558421724 -0.00129707274 -0.085093379 0.103345074 -0.110828452 0.11102818 -0.291726351 0.0150147174 0.0859591067 0.0625139177 -0.165108174 0.153134212 0.0454771891 0.23105824
__smartatpg_bin_792_4 0.0713210925 -0.121773683 -0.238710403 -0.0318460576 0.105345637 0.0118021043 0.10269583 0.0691636801 -0.028179381 0.352728218 -0.0525569916 0.0649120808 -0.0591208786 -0.0916811153 0.0562408827 -0.0787405521 -0.0744802207 0.0380537733 -0.00496207923 -0.206383467 0.0872073472 0.0439928323 0.0617866553 -0.0117329909 0.0291905254 -0.152508125 -0.256179482 0.121892959 0.0704410374 0.0211806931 0.145522878 0.0143625662 0.0400136076 -0.226951346 0.0977843106 0.0640045106 0.170708179 -0.162384197 0.192559332 0.174236402 -0.107826121 -0.0882932618 -0.095627211 0.105730422 0.0667089969 0.131460175 -0.00594757171 -0.0719583258 -0.0305797271 0.0820760429 -0.000879039289 0.00618930999 0.0658498704 0.115087233 0.106510326 -0.0711618438 -0.1253023 -0.0741087347 0.0168668926 0.147945821 -0.0109427143 -0.0045419815 -0.157753676 0.162400022
G1791 0.132179722 -0.0669086352 -0.131208777 0.0538545512 0.0862646177 0.112711608 0.160203233 0.0734271333 -0.0652146712 0.16817534 -0.142244503 -0.0152535941 -0.162603229 -0.013694061 -0.0883818343 -0.0455014966 0.0990331694 -0.125971138 0.0782657415 0.128410131 0.215221137 0.143229842 0.138892472 0.0163973495 0.0601270981 -0.156042904 -0.291322231 0.201717958 -0.00991959684 -0.0324752852 -0.0498900935 -0.0501550213 0.0051181349 -0.159696385 0.0895498693 -0.0305882674 0.00238778791 0.0300007947 0.127755344 0.108593874 0.0196949672 -0.0949290171 -0.160038143 0.0222998485 -0.116507225 0.194003984 0.0736792162 -0.0415033288 0.0294831041 0.00710043777 -0.00488713523 0.0365183763 -0.0566618778 0.139135346 0.0138428854 0.0445183702 -0.126908407 -0.0386144407 0.047850024 0.13441509 -0.0747857466 0.127430931 0.0145875225 0.195849821
G1794 0.0384043679 -0.0575188696 -0.0462987572 -0.0499222875 -0.0554047972 0.0900840238 0.00948793255 -0.0485488325 0.0241110418 0.124732919 0.00881357305 0.0739829391 -0.183969975 0.0621592812 -0.0986805782 -0.00199879054 0.107793808 -0.0572348833 -0.054343082 -0.113250479 0.0362480059 0.0818436444 -0.0220972933 -0.0114659695 -0.0222517401 0.0730461106 -0.240003273 0.0453576371 -0.032886982 0.060881611 -0.0176266413 -0.0174254961 -0.0915958211 -0.0915596038 0.0865558311 -0.0110078435 0.072981447 -0.0455399491 0.0133802928 0.177217618 0.019961264 -0.211868346 -0.0682965368 0.165780678 0.0251113065 0.0517943874 0.062285129 -0.00484009832 0.0439248383 0.0874706358 -0.0426162072 0.0727747902 0.083909288 0.119745299 -0.122420207 -0.0261563137 0.144674465 0.0521480478 0.00244080112 -0.0179339554 0.0341307037 -0.0760649517 0.178121969 0.163079798
G1795 0.0383659415 -0.0573887862 -0.0464842059 -0.050372567 -0.0553307198 0.0897965506 0.0095277708 -0.0487082526 0.0242192186 0.124667257 0.00878528412 0.0742549971 -0.183762074 0.0621167198 -0.0982731357 -0.00216854014 0.107420869 -0.057032723 -0.0544610471 -0.113674723 0.0359509885 0.081605427 -0.0226320997 -0.0116204759 -0.0223185178 0.0731631145 -0.239956781 0.0453447178 -0.0326319635 0.0610223487 -0.0173160732 -0.0172888488 -0.091537632 -0.0916548222 0.0865150765 -0.0108219264 0.0732917637 -0.0457717404 0.0138273379 0.177397713 0.0197886731 -0.211726055 -0.0679136962 0.165967807 0.0253291354 0.0517503396 0.0620274805 -0.00494508911 0.0440312624 0.0876187012 -0.0424487107 0.0728297755 0.0840554386 0.119780459 -0.122409955 -0.0264774784 0.144900113 0.0518440604 0.00247269706 -0.0178399105 0.0342957042 -0.0762237906 0.177633822 0.162802219
G1796 0.0384233519 -0.0575816818 -0.046288088 -0.0498524457 -0.0554902665 0.0901922584 0.00940627605 -0.0485690683 0.0241393931 0.124792963 0.00884618051 0.0739125833 -0.184037969 0.0620660111 -0.0987726673 -0.00191357336 0.107912779 -0.0572280437 -0.0544078723 -0.113259107 0.0362857133 0.0818597749 -0.0219927374 -0.0113492822 -0.0223017056 0.0730055422 -0.240017027 0.0452319458 -0.0328712724 0.0608559959 -0.0176681932 -0.0174542293 -0.0915547237 -0.0915749446 0.0865100846 -0.0109735029 0.0728955343 -0.0455602594 0.0132628297 0.177297488 0.0200011861 -0.211912587 -0.0683563054 0.16575101 0.0251509733 0.0518129505 0.0623298921 -0.0048204558 0.0438451916 0.0874345079 -0.0426044278 0.0727838278 0.0839499533 0.119690165 -0.122388192 -0.0261227731 0.144616604 0.0522066504 0.00237017637 -0.0179154929 0.0341254137 -0.0760456398 0.178244963 0.163147151
G1797 0.0384171009 -0.0575153567 -0.0464412011 -0.0502813123 -0.0554236397 0.0899082944 0.00945448875 -0.0487475172 0.0242645219 0.124763168 0.00890448317 0.0741142556 -0.183907121 0.0620541573 -0.0983798429 -0.00197219662 0.107641257 -0.0570036992 -0.0546422787 -0.113912992 0.0358929522 0.0815802366 -0.0224058367 -0.011526728 -0.0223652404 0.0731636807 -0.239973903 0.0452409759 -0.0326190516 0.0609655194 -0.0174924675 -0.0174622834 -0.0914964229 -0.091697745 0.0864931047 -0.0108508095 0.0732289553 -0.0458258912 0.0136091569 0.177607253 0.0198065285 -0.211832374 -0.0680666268 0.165931985 0.0253895931 0.0518109016 0.0621669292 -0.00484639406 0.043917425 0.0875433013 -0.0424490012 0.0727909952 0.0840757787 0.119731285 -0.122269832 -0.0264258683 0.144924045 0.0519355759 0.00226495671 -0.0178093892 0.0343407914 -0.0761677846 0.177889124 0.162907228
G1798 0.038413249 -0.0576225892 -0.0462158844 -0.0496654958 -0.0555224232 0.0902470052 0.00936385058 -0.048490677 0.0240573976 0.12479347 0.00875087641 0.0738152266 -0.184078991 0.0620829649 -0.098922804 -0.00188910321 0.107960932 -0.0573636629 -0.0542765893 -0.112883329 0.0364808068 0.0819613561 -0.0218076278 -0.0112474794 -0.0222468842 0.0729529113 -0.240036488 0.0452471003 -0.0329203084 0.0608625002 -0.0176818781 -0.017432034 -0.0916054845 -0.0914720893 0.0865067318 -0.0111050969 0.0726599768 -0.0454469435 0.0130894976 0.177161708 0.0201237425 -0.211861506 -0.0684908405 0.165670082 0.0249665678 0.0517564453 0.062393643 -0.00482275989 0.043782562 0.0873692781 -0.0426656082 0.0727636367 0.083924152 0.119647898 -0.122411855 -0.025944151 0.144389749 0.0523311496 0.00244701747 -0.0179567151 0.0340241678 -0.0759415552 0.178312689 0.163232937
G1799 0.038385503 -0.0574759841 -0.0463162884 -0.0499458574 -0.0553974994 0.0900692791 0.00948919356 -0.0485386662 0.0241055265 0.12470825 0.00876201782 0.0740215257 -0.183918744 0.0621521212 -0.098657243 -0.00206086296 0.107722491 -0.0572505742 -0.054279469 -0.113136277 0.0362935029 0.0818586126 -0.0221784394 -0.0114750005 -0.0222505815 0.0730320439 -0.239998966 0.0453536622 -0.0328870118 0.0609036386 -0.0175528824 -0.0173453689 -0.0915958285 -0.0915324315 0.0865468606 -0.0109790592 0.0729731992 -0.0455250479 0.01344248 0.177142724 0.0199674349 -0.211830169 -0.0682462454 0.165786922 0.0250903592 0.0517654084 0.0622343235 -0.00488396129 0.043949604 0.0874937028 -0.0426106155 0.0728024319 0.0839205161 0.11974711 -0.122472338 -0.0261700191 0.144640267 0.0521238819 0.00251543289 -0.0179423094 0.0341049917 -0.0760847703 0.178037748 0.163046747
G1800 0.0383824036 -0.0574524812 -0.0463305935 -0.049993284 -0.0553713888 0.0900105461 0.00951020047 -0.0485501252 0.0241048597 0.124689758 0.00875443127 0.0740439966 -0.183890283 0.0621847995 -0.0986026153 -0.00207449403 0.107660793 -0.0572436042 -0.0542878695 -0.113180198 0.036252372 0.0818286091 -0.0222308878 -0.0115174614 -0.0222369023 0.0730618685 -0.239994004 0.0453862734 -0.0328618549 0.0609233677 -0.0175260808 -0.01734557 -0.0915996283 -0.0915260091 0.0865521058 -0.0109980283 0.0729977712 -0.0455371067 0.0134838466 0.177160069 0.0199511908 -0.211799264 -0.0682209209 0.165810302 0.0250808839 0.0517462976 0.0622192658 -0.00488688238 0.043971844 0.0875094384 -0.0426030792 0.0727925226 0.0839196295 0.119753145 -0.122454189 -0.0261937212 0.144662678 0.0520959161 0.00251757889 -0.0179380253 0.0341190025 -0.0760912821 0.177968264 0.163013905
G1801 0.0384429283 -0.057651259 -0.0461345576 -0.0494706035 -0.0555312969 0.0904078409 0.00938873831 -0.0484136753 0.0240245685 0.124818549 0.0088262856 0.0736977905 -0.184173331 0.0621344149 -0.0991049483 -0.00181150984 0.108163588 -0.0574343242 -0.0542481281 -0.112785414 0.0365750156 0.082080476 -0.0215810239 -0.0112409424 -0.0222223755 0.0729091018 -0.24005501 0.0452715196 -0.0330994427 0.0607536845 -0.0178907346 -0.0175220855 -0.0916176513 -0.0914565697 0.0865461975 -0.0111491354 0.0726082474 -0.0453291871 0.0129125826 0.177075416 0.0201613158 -0.211992234 -0.068667084 0.165596202 0.0249109883 0.0518162027 0.0625275224 -0.00475433562 0.0437840931 0.0873228833 -0.0427575409 0.0727420226 0.0838129893 0.11966116 -0.122426577 -0.0258406512 0.144388154 0.0524603128 0.00240308233 -0.0180109274 0.0339548178 -0.0759142637 0.178590208 0.163364083
G1802 0.0384214483 -0.0576426089 -0.046055764 -0.0493007824 -0.0555073246 0.090412274 0.00940463319 -0.048312895 0.0239352901 0.124774322 0.0086963363 0.0736454204 -0.18416141 0.0622085854 -0.0992157012 -0.00186312804 0.108141169 -0.0575798862 -0.0540485345 -0.112356544 0.0367766246 0.0821914524 -0.0214649681 -0.011229584 -0.0221277066 0.0728661194 -0.240067393 0.0453707576 -0.0331863202 0.0607702956 -0.0178774148 -0.0174640995 -0.0917052105 -0.0913205743 0.0865785703 -0.0112977987 0.0724223331 -0.0451828316 0.0128162494 0.17685163 0.0202614702 -0.211926863 -0.068777211 0.165516779 0.0246984344 0.0517342202 0.0625529364 -0.00477462262 0.0437767431 0.087283574 -0.0428364687 0.0727300122 0.0837475583 0.119664311 -0.122490041 -0.0256748758 0.14420332 0.0525572523 0.00256067608 -0.0180771369 0.0338394344 -0.0758242309 0.178573161 0.163417161
G1803 0.0801105797 -0.15044792 -0.197472483 0.0111842714 0.111119777 0.0249990858 0.155844301 0.125573739 -0.106583819 0.215562388 -0.121958084 0.0875825658 -0.230322912 -0.0656669438 -0.0852250978 0.0710826963 0.106369287 -0.0442628935 0.0759064928 0.0954628587 0.157184064 0.0635138154 0.23551622 0.207963526 0.0695401877 -0.0740626976 -0.218304724 0.182639733 0.0538156889 0.0934176221 -0.0995824486 0.00664978474 0.0206970051 -0.275743157 0.113666937 -0.00485769287 0.0626127049 -0.0626191497 0.118611895 0.088541545 0.0135554392 0.0209371205 -0.100433737 0.137225002 -0.138787061 0.262914807 0.0408916101 0.0307482313 0.0698998868 -0.0780994743 0.0365365148 -0.00804442633 0.0456006452 0.0836114511 -0.0202609524 0.102149427 -0.204210967 0.00496148411 0.0133029921 0.164511129 0.0667991042 0.0786689669 0.169305578 0.219198376
G1806 0.0801174268 -0.150465727 -0.197448716 0.0112258662 0.111094043 0.0250613019 0.155779883 0.125550658 -0.106517807 0.215612695 -0.121970668 0.0875632614 -0.230310678 -0.0657408237 -0.0852548182 0.0710563064 0.106391259 -0.0442514382 0.0759122223 0.0954605266 0.157255575 0.063509509 0.235511214 0.207906306 0.0695438534 -0.0741470158 -0.218294159 0.182540372 0.0538037531 0.0933928937 -0.0995062292 0.00669091661 0.0207081772 -0.275646836 0.113653198 -0.00484489277 0.0625553206 -0.0626506656 0.118570589 0.0885330215 0.0135623151 0.0208933149 -0.100498751 0.137158155 -0.138724864 0.262831479 0.040859364 0.0307241697 0.0698172152 -0.0780746862 0.0365405343 -0.00803175196 0.0456163324 0.0836082771 -0.0202204436 0.102162704 -0.204213619 0.00499327434 0.0133503638 0.164504513 0.0667688027 0.0786977112 0.169243753 0.219190836
__smartatpg_bin_804_1 0.0971546024 -0.112791948 -0.181894407 0.0167193357 0.0774399415 0.0445768125 0.123586066 0.0850035623 -0.0667516962 0.286842883 -0.0911204144 0.00548092555 -0.11148911 -0.0412011631 0.00342732668 -0.0757382363 -0.0169021338 -0.0440657474 0.0278603453 -0.0378046818 0.165963978 0.0977629572 0.105006188 0.00320261274 0.0392728783 -0.163739577 -0.29772383 0.172643647 0.0201002471 -0.0072066728 0.0569505729 -0.0204571448 0.0183443539 -0.189202935 0.108782314 -0.0107395155 0.0815031156 -0.0722979903 0.13537921 0.140623853 -0.0656526461 -0.0868149623 -0.150148436 0.0580506101 -0.0368963182 0.138394356 0.0342595689 -0.0510295965 -0.00934870075 0.0401299484 -0.0209882483 0.0101933833 -0.00587783381 0.129969493 0.0877013952 -0.0069333096 -0.14864561 -0.0483760275 0.0246044323 0.145172864 -0.0616793968 0.0831202492 -0.0948712751 0.17216979
G1809 0.0566226132 -0.0802054852 -0.125869527 0.0227901526 0.0961893052 0.114255175 0.117376119 0.0942095444 -0.0426762998 0.236276105 -0.0941015407 -0.0129694985 -0.0845351815 0.0299389884 -0.0117209554 -0.115480714 0.0321897641 -0.0854498968 0.0527499095 -0.0180480462 0.180915475 0.166213542 0.0358038843 -0.046702642 0.0593467914 -0.138577014 -0.292160541 0.229640365 -0.0120183192 -0.0355997421 0.0521778055 -0.0717005059 -0.0187074561 -0.168401584 0.103310019 -0.0128016863 0.0672413185 -0.0221959371 0.161476478 0.143454015 -0.0661896765 -0.116980925 -0.164298281 0.0465757325 -0.0901713818 0.141622826 0.0720194355 -0.0726837367 -0.0123651009 0.0887576267 -0.0600808002 0.0164552573 -0.0589651093 0.122074299 0.0244290065 0.00182383822 -0.108999342 -0.0531015918 0.0121023664 0.0920960754 -0.13680388 0.0740552545 -0.104014188 0.226773068
G1810 -0.00487531861 0.0267940834 -0.0299955457 -0.0455037206 -0.0689315796 0.0334618576 -0.0606055856 0.0714740008 0.0495147556 0.219122589 0.0881377235 0.0741154179 -0.0781014413 0.162288263 0.0255657323 -0.0806431174 -0.0061377571 0.0985702723 -0.0564422607 -0.236322373 0.0283262152 0.144492537 0.0143762138 -0.218847319 -0.0172392782 -0.103089422 -0.284863383 0.135019243 0.00707286457 -0.090419881 0.124529615 -0.195358038 9.26599478e-06 -0.0190292653 0.133328199 -0.0244796909 0.145642236 -0.112785794 -0.0402731933 0.218811452 0.013737821 -0.152367622 -0.0843149275 0.137342453 0.0374315009 -0.0812389553 0.0350168906 -0.0893813372 -0.103403233 0.108986594 -0.0623714849 0.0479121357 0.064012222 0.125194028 0.139026687 -0.175547197 0.088905178 0.111308649 -0.0128938993 0.0376563333 -0.0691791475 -0.0476283394 -0.107708491 0.112235285
__smartatpg_bin_806_1 0.0836543515 -0.157798797 -0.162533179 0.0710271895 0.0978766233 0.0381684862 0.175729364 0.110242702 -0.173607454 0.310966164 -0.0754275173 -0.0328942165 -0.119422972 -0.0306582823 -0.0655119345 -0.010578041 0.0774942264 -0.0492488593 0.079463236 0.0321180597 0.171252057 0.167522982 0.194869161 0.131026 0.0458869003 -0.0861836448 -0.307449013 0.257721037 -0.059115123 0.016563179 -0.0539797172 -0.0750334933 -0.00136683334 -0.253918499 0.175454795 -0.0444001965 0.091555506 -0.0328864045 0.0807602182 0.117499411 -0.0373999961 -0.0614429973 -0.144428179 0.0633695424 -0.162169531 0.205305129 0.107424974 -0.00229125936 0.0323065892 0.0258692298 -0.0510974601 -0.0246546678 -0.00269734184 0.115205541 -0.0446353592 0.0659353957 -0.210776255 0.0209050719 -0.0429713018 0.0958417356 -0.0890955627 0.0935845077 0.14155972 0.253746152
__smartatpg_bin_806_2 0.0655746982 -0.179711834 -0.190879852 0.0637944937 0.0799933523 0.110238299 0.121516168 0.0258562919 -0.11982286 0.35638091 -0.0622078218 0.0417529829 -0.0887416154 -0.126844957 -0.0213839859 -0.0909026638 0.00192180567 -0.00901481509 0.0922670737 0.00904475711 0.16957587 0.0863410756 0.106101163 0.155487522 -0.00228978205 -0.126802295 -0.308556378 0.120383531 0.040965423 0.0339265801 0.0835278034 -0.0384072438 0.0559603795 -0.214051172 0.086602211 -0.0248727202 0.0933767483 -0.0755036175 0.0523507893 0.210930079 0.018959498 -0.0863814577 -0.171025291 0.0890952945 0.00859813485 0.0860552341 0.047601819 0.025799077 -0.0409712419 0.120562166 -0.0323331058 -0.0267325509 0.0463543311 0.0257403869 -0.0432195961 0.0235160869 -0.209081084 0.0339778811 0.0263839085 0.146160737 -0.086127758 -0.025927417 -0.0319847129 0.235602885
G1817 0.0636257976 -0.109337501 -0.221752822 0.0120461257 0.118635863 0.10645926 0.120911449 0.00539158704 0.0326462761 0.352841109 -0.128479153 0.0869313553 -0.136977151 -0.0560716651 -0.101418115 -0.000220074216 0.0143036181 -0.0906661153 -0.00435616728 -0.106296353 0.129785791 0.0578870624 0.064732857 0.0157122202 0.0390017927 -0.00412721559 -0.237564102 0.107771844 0.0357116833 0.0976953283 -0.00251599005 0.0346614644 -0.0401656404 -0.159761369 0.123640902 -0.00853725057 0.0569607466 -0.0521405451 0.156537384 0.207952276 0.00123071298 -0.142010719 -0.158952236 0.146979943 -0.00549315801 0.16839093 0.0899242088 -0.0161145218 0.003781548 0.130001754 -0.00925218128 0.0283910856 0.0738335401 0.147479713 -0.0819863006 -0.00646315655 -0.0219877064 -0.001889557 0.0203709416 0.115482092 0.00745049678 -0.0208863206 -0.0459973738 0.293820709
G1818 0.019796256 0.00676352298 -0.0189340115 -0.0841153413 -0.0531872623 0.114810072 -0.0693688169 -0.0195186101 0.136299372 0.0357458293 0.0048208232 0.105672359 -0.138719305 0.0469279513 -0.0438226126 -0.0688105822 0.0597814173 -0.021146547 -0.0184013639 -0.117878236 0.0145158665 0.0950350538 -0.0782499984 -0.151155144 -0.0334053114 -0.0890108421 -0.211209387 0.0165811013 0.0320454873 -0.0372112915 0.0648499206 -0.0649207607 0.0114468466 0.013267776 0.0354077034 0.0317993388 0.00985554326 -0.100604482 0.00227609603 0.166431636 0.00883344747 -0.216954157 -0.109863602 0.0907135755 0.0775722861 -0.0363919511 -0.0249301177 -0.0686164498 -0.0553278625 0.0644731745 -0.0194622874 0.0701243132 0.014223855 0.0821940601 0.0395549685 -0.050202813 0.125040576 0.061657913 0.0512561053 0.02530252 -0.023131242 -0.0420808196 -0.0247999597 0.0565451458
G1819 0.0538625941 0.0288858134 -0.0382749103 -0.121725425 -0.0416010171 0.0452805646 -0.0253391974 -0.0973130092 0.145263672 0.0841675922 -0.0755440667 0.165810421 -0.119533964 0.0263512004 -0.0983788148 -0.000140709846 0.0533626862 -0.00108853099 -0.0688234568 -0.153626844 0.0332043581 -0.0496592708 -0.0507209599 -0.158388719 -0.0269765072 -0.141481802 -0.17893219 -0.0440209433 0.136513591 0.0129166786 -0.0551812425 -0.00684569636 0.0201775897 0.00454850169 0.0400481224 0.000413296017 -0.0229484159 -0.149915949 0.0464474559 0.210464627 0.0404118076 -0.158686683 -0.0435299575 0.0723736584 0.0534188598 0.0136834253 -0.103850275 -0.0690242648 -0.00547331385 0.0662263259 0.0881357491 0.0543132573 0.065237321 0.0391470231 0.0232046247 -0.090093933 0.183231339 -0.0661770552 0.0289484877 0.109044775 0.0353084207 0.0280052628 -0.017274037 0.0622744337
G1820 0.0197726171 0.00677060802 -0.018958969 -0.0841431022 -0.0531740934 0.114792421 -0.0693665296 -0.0194909256 0.136236325 0.0357312672 0.00480454555 0.105695903 -0.138714015 0.0469365194 -0.0438087173 -0.0688446313 0.0597588755 -0.0211743526 -0.0183503535 -0.117786184 0.0145351533 0.0950549692 -0.0782615617 -0.151115358 -0.0334072262 -0.0890085548 -0.211199418 0.016596226 0.0320460238 -0.0371885858 0.0648655966 -0.0648792386 0.0114415381 0.0132313548 0.0354057066 0.0318158977 0.00986540504 -0.100599878 0.00230668485 0.166368231 0.0088359043 -0.216911897 -0.109817564 0.0907320604 0.0775327757 -0.0363589935 -0.0249464326 -0.0686355829 -0.0553014614 0.0644730851 -0.019457588 0.0701192692 0.0142321484 0.0821911916 0.0394929871 -0.0501927808 0.124990478 0.0616359115 0.0512809046 0.0253014658 -0.0231377333 -0.0420848094 -0.0247926749 0.056512747
G1821 0.0539195687 0.028867241 -0.038275376 -0.12173146 -0.0415633246 0.0452165492 -0.0252884086 -0.0973436758 0.145177051 0.0841371119 -0.0755298138 0.165776879 -0.119563214 0.0263741463 -0.0983941928 -0.000130813263 0.0533542968 -0.00115944608 -0.0688123256 -0.153604701 0.0331758857 -0.0496628992 -0.0506948158 -0.158384919 -0.0269851014 -0.14145954 -0.178931594 -0.0439838953 0.136509687 0.0129311094 -0.0552415028 -0.0068214112 0.0201597195 0.004518745 0.0400561206 0.000377967197 -0.0229196418 -0.149885193 0.046439115 0.21044609 0.0404040888 -0.15866679 -0.0435097925 0.072355181 0.0534036905 0.0137560125 -0.103819661 -0.0689928383 -0.00542870117 0.0661957711 0.0881538838 0.054280106 0.0652293041 0.0391590521 0.0231815409 -0.090052627 0.183220983 -0.066194281 0.0289036706 0.109033957 0.035356015 0.0280423984 -0.0172067266 0.0621999167
__smartatpg_bin_811_1 0.0696628019 -0.163093418 -0.157957226 0.0717309415 0.107427277 0.0727925077 0.180223718 0.118688814 -0.166841909 0.276179999 -0.0660140887 -0.0323346667 -0.129543379 -0.016450204 -0.0987742096 -0.00571424048 0.0912157372 -0.0826771706 0.0756058618 0.0318432674 0.19142665 0.195651099 0.184784651 0.105288275 0.0552409962 -0.0997716188 -0.293699354 0.25528875 -0.0168728624 0.00941039156 -0.0730945691 -0.0313082486 -0.00826908741 -0.241178408 0.158280626 -0.0370010845 0.0996671468 -0.00782155152 0.0930792466 0.0894100294 -0.0547359958 -0.0999484137 -0.134703621 0.0435079671 -0.167552456 0.234479502 0.110231437 -0.00614741957 0.0438130982 0.00992899388 -0.049145855 -0.00741248857 -0.0109417504 0.0950355232 -0.0347612314 0.0669135451 -0.224864423 0.00665118126 -0.032526385 0.0681960508 -0.0728050247 0.106210075 0.176237628 0.268871009
G1822 0.0856337473 -0.123127811 -0.191828489 -0.0399601832 0.108889073 0.0270208251 0.0958692208 0.0545943156 0.0174823012 0.25798431 -0.106896602 0.11050088 -0.189332008 -0.087514922 -0.0254418384 0.0282162484 0.0509558804 -0.0244675204 0.0213715732 -0.100630432 0.111229219 -0.0198391993 0.14174068 0.045248758 0.0731646046 -0.113619521 -0.189484239 0.109275714 0.0742471144 0.0767336562 0.00568277203 -0.00384283066 0.0558473803 -0.194170266 0.0906638205 0.0155807063 0.0794452056 -0.130188152 0.149527326 0.169035718 -0.019132914 -0.0369617864 -0.135818779 0.119484112 0.00294722617 0.191024795 -0.00114565925 -0.0167147405 0.00181437284 -0.0188697334 0.0537698865 0.0121365115 0.0600250438 0.101605363 0.0932155252 0.0282747746 -0.0809512362 -0.0304761529 0.0212314092 0.189897567 0.0860047862 0.0468106493 -0.0392287411 0.171221614
__smartatpg_bin_812_1 0.0321427062 -0.152827322 -0.134848312 0.0590984263 0.114642538 0.128135622 0.169031367 0.146786571 -0.138471395 0.251662165 -0.0615654215 -0.0211229324 -0.147465482 0.0276366416 -0.0879495963 -0.0250895564 0.121338204 -0.0934001803 0.0864262208 0.0363148004 0.192948684 0.210197657 0.175441056 0.108641423 0.068276681 -0.102870867 -0.270037919 0.268048048 -0.0145121338 0.00228026696 -0.0527303964 -0.0682163313 -0.0228547864 -0.253989995 0.149701014 -0.0360216759 0.0884238929 0.0163598265 0.11142391 0.0849690735 -0.0598727092 -0.0990523398 -0.135844693 0.0613616668 -0.179715484 0.2402585 0.11612349 -0.0133033982 0.0285936035 0.0259767063 -0.0790971294 -0.0213167984 -0.037032824 0.0884240046 -0.0410481207 0.0661266595 -0.223250732 0.0040592975 -0.0443114564 0.0566132069 -0.117472112 0.094097279 0.170668006 0.300109267
G1825 0.0565619655 -0.15982008 -0.198444411 0.0187490713 0.0950798765 0.116452768 0.105634525 0.027321944 -0.0231010653 0.269727021 -0.106122144 0.142682582 -0.164942741 -0.155639276 -0.0517018996 -0.00520753488 0.0187137574 -0.0054268376 0.0743287355 0.0230979584 0.149929345 0.00811321102 0.172884479 0.157712802 0.0242189206 -0.140078723 -0.217433736 0.0293554161 0.13431707 0.0705973506 0.0556181744 0.0164196417 0.0845595077 -0.173375025 0.0466653891 0.00130790076 0.0419407524 -0.081775181 0.0880116522 0.181710541 0.0664083958 -0.0336628295 -0.138941556 0.11126253 0.0571828596 0.102589108 0.000125389168 0.0378341712 -0.0446783416 0.0412743129 0.0693669468 -0.00010631152 0.0868591294 0.0098020127 0.0278813802 0.0246615838 -0.179440588 0.048454795 0.0796681046 0.1980827 0.0390541553 -0.0147264907 -0.0401880257 0.197091177
__smartatpg_bin_813_1 0.0326713771 -0.152964815 -0.134715676 0.0587711222 0.113781832 0.126838595 0.168443158 0.147105947 -0.138371035 0.252180934 -0.0625497848 -0.0200491063 -0.148050532 0.0269031115 -0.0876230896 -0.0241049062 0.121101826 -0.0926063731 0.0868417099 0.0372879915 0.193329692 0.208951399 0.177520782 0.110661253 0.0684266463 -0.103320248 -0.270431638 0.267205268 -0.0153812226 0.0029709728 -0.0530827753 -0.0686080009 -0.0218072552 -0.253841311 0.15046002 -0.0360649489 0.0879995078 0.0152942156 0.109839313 0.0850968361 -0.0582815669 -0.0963819847 -0.136407822 0.0619845428 -0.180428952 0.23922579 0.115831427 -0.012420414 0.0281989016 0.0248279385 -0.0776006505 -0.0214851387 -0.0361217335 0.0888845697 -0.0406777039 0.0663386881 -0.222687379 0.00578615535 -0.0434872508 0.0583709702 -0.116085559 0.0947789252 0.171178058 0.298827022
G1828 0.0558570586 -0.157412603 -0.200224787 0.0186007656 0.097592786 0.121064678 0.108304672 0.0248486772 -0.0215234701 0.268695116 -0.104108289 0.139962927 -0.162971392 -0.15627861 -0.0524752438 -0.00526209734 0.0144042512 -0.00452207867 0.0730566382 0.019582022 0.148588493 0.00961807929 0.169448808 0.156416237 0.024484219 -0.137142316 -0.216218993 0.0302680619 0.134227931 0.0690748692 0.0544169918 0.0151596386 0.0835749358 -0.172224984 0.0456308089 0.00101792114 0.0408330783 -0.0795834586 0.0912777036 0.183013156 0.0653974637 -0.0411964543 -0.137070239 0.112050541 0.0607961938 0.10401465 0.00393216219 0.0363140069 -0.0430303775 0.0446970724 0.0661301911 0.00136536115 0.0849744007 0.00841611624 0.027613556 0.0197264906 -0.177630886 0.0457417294 0.078567028 0.195058554 0.0358377136 -0.0178662334 -0.0395602062 0.200596318
__smartatpg_bin_814_1 0.0326712169 -0.153029382 -0.134793699 0.0587806515 0.113763556 0.126775965 0.168409914 0.147150531 -0.138409674 0.252263725 -0.0625225678 -0.0200160351 -0.148123935 0.0268306006 -0.0875991657 -0.0240582358 0.121060722 -0.0925499797 0.0868193209 0.0372757167 0.193354875 0.208853707 0.177592903 0.110767499 0.0683948398 -0.103337415 -0.270407975 0.267146051 -0.0153594725 0.00304447277 -0.0530817509 -0.0685167164 -0.0218125973 -0.253915608 0.150446594 -0.0360423401 0.0880029127 0.015230801 0.10980273 0.0850535855 -0.0582934432 -0.0963096619 -0.136390045 0.062056236 -0.180378467 0.239261091 0.115776807 -0.0124030169 0.0282091927 0.02477731 -0.0776011795 -0.0214846786 -0.0360530727 0.0888932049 -0.0406449474 0.0663558543 -0.222736776 0.00580532895 -0.0434653573 0.0584347881 -0.115995251 0.0947543085 0.171213284 0.29878211
G1831 0.0558759049 -0.157348812 -0.200028822 0.0185992755 0.0975273922 0.121078253 0.108329833 0.0246678032 -0.02146261 0.268427223 -0.104215771 0.139946401 -0.162821919 -0.156174228 -0.0524950027 -0.00538058579 0.0145486258 -0.00468178885 0.0730568022 0.0196088199 0.148636818 0.00974040292 0.169238552 0.156262159 0.0245678909 -0.137081102 -0.216334879 0.0304320995 0.134204626 0.0690347701 0.0543675609 0.0150528038 0.0835410208 -0.172005802 0.0457030348 0.00100306002 0.0407673828 -0.0793843493 0.0913304612 0.183084339 0.0654032528 -0.0411845855 -0.137106404 0.111835331 0.0606116615 0.10392528 0.00390106975 0.0363147631 -0.0429490134 0.0447000079 0.0662175938 0.00147939101 0.084903188 0.00845628418 0.0275092162 0.0197385475 -0.177460581 0.0457437299 0.0785773546 0.195063055 0.0357429869 -0.017701054 -0.039668899 0.200616479
__smartatpg_bin_815_1 0.0702632442 -0.163293302 -0.157845169 0.0713606328 0.106506594 0.0714820772 0.179542303 0.119153321 -0.166676104 0.276700646 -0.0669389889 -0.0312086195 -0.130222946 -0.0171520263 -0.0983896703 -0.0045930366 0.0909700319 -0.0818103775 0.0759332851 0.0327662639 0.191719875 0.19434686 0.186893016 0.107422575 0.0553820245 -0.100330859 -0.294132322 0.254419893 -0.0176532511 0.010012053 -0.0735017285 -0.03176542 -0.00710398844 -0.241166398 0.158997342 -0.0370450355 0.0992325619 -0.0088981865 0.0914159194 0.0895442441 -0.053252358 -0.0972081423 -0.135384783 0.0443324186 -0.168275148 0.233423263 0.109801359 -0.00523563381 0.0433793068 0.00869768951 -0.0476382896 -0.00766007369 -0.0100416178 0.0955426767 -0.0341965631 0.0671566352 -0.224363521 0.00840501022 -0.0317485183 0.070127286 -0.0714203119 0.106891364 0.176763982 0.267602533
G1834 0.0849547461 -0.120971538 -0.193536147 -0.0401813984 0.111360803 0.0321036689 0.0984968692 0.0520969778 0.0191530362 0.256857723 -0.104770005 0.107502706 -0.187716216 -0.0880020559 -0.0262139514 0.0277058501 0.0470826179 -0.0239287056 0.0199678503 -0.10416685 0.11004813 -0.0183799155 0.138139755 0.0438118279 0.0734513849 -0.111010812 -0.188009724 0.10983631 0.0740639791 0.0752127841 0.00455615716 -0.00505981548 0.0546063855 -0.192866281 0.0894500092 0.0153142605 0.0783539563 -0.127757758 0.152489394 0.170113087 -0.0203326941 -0.0446229838 -0.134219512 0.120071016 0.00632074336 0.19223924 0.00250008353 -0.0180445146 0.00320785074 -0.0152652981 0.0502283536 0.0135908462 0.057854522 0.100529082 0.0931297615 0.0234649759 -0.0789996535 -0.033571817 0.0200419556 0.186871111 0.0824212432 0.0436476059 -0.0389449634 0.174653545
G1837 0.0073093744 0.000361580402 -0.0375865623 -0.112720989 -0.0330534503 0.0760435015 -0.0388032012 -0.00364887784 0.0743778795 0.0335774347 0.0336828418 0.102898218 -0.15385361 0.0916233584 -0.019328855 -0.0457966663 0.0474231653 -0.030985117 -0.0295853261 -0.148967445 -0.027190391 0.102621101 -0.0588538498 -0.124202177 -0.0379970483 -0.0490366369 -0.213693872 0.0615263768 0.034631703 -0.0304604061 0.0291044954 -0.0851883516 0.017240867 -0.0622384138 0.0480097607 0.0286512654 0.0638447404 -0.0851081088 0.0201666206 0.162984207 -0.00686483318 -0.200442046 -0.0742183328 0.128071114 0.052188918 0.0230102725 -0.00306240213 -0.0454280786 -0.0103688911 0.0546168648 -0.017197473 0.0393090546 0.00842512306 0.0830173492 0.0243083797 -0.0579341613 0.113124236 0.0452569984 -0.00616091024 0.0257573128 0.00582857104 -0.0506893508 0.0413484387 0.0454172827
G1838 0.00725752441 0.000443368277 -0.0376154408 -0.112870246 -0.0330186225 0.0758930966 -0.0388068072 -0.00363503979 0.0743510425 0.0335328728 0.0336459465 0.102952383 -0.153786719 0.0917353705 -0.0191636961 -0.0458550416 0.0472700819 -0.0310244374 -0.029555263 -0.148987159 -0.0272409581 0.102554671 -0.0589779317 -0.12432462 -0.0379496589 -0.0489640757 -0.213656068 0.0616264381 0.0346593335 -0.0303702243 0.0292039029 -0.0851588473 0.0172162615 -0.0621912107 0.0480369776 0.0285784546 0.063861616 -0.0851562172 0.0202305 0.162928224 -0.00689961296 -0.200344995 -0.0741853043 0.128142565 0.0520960428 0.0229702722 -0.00308841746 -0.0454765409 -0.0103422813 0.0546349734 -0.0171964616 0.0392850041 0.00842453446 0.083044894 0.0243355576 -0.0579567179 0.113144331 0.0451785773 -0.00613219943 0.0257547293 0.0058422708 -0.0506693684 0.0412001833 0.0452908576
__smartatpg_bin_818_1 0.0328828394 -0.152611732 -0.133981168 0.0605062917 0.114863686 0.127959624 0.170083478 0.145687833 -0.141086131 0.251057893 -0.0612610281 -0.0251195058 -0.145828724 0.0281131547 -0.0875013992 -0.0277667101 0.121032909 -0.0935017765 0.0859813392 0.0361445248 0.194538027 0.211893484 0.172715932 0.106344528 0.067187205 -0.100700721 -0.272705168 0.270371616 -0.0143570658 0.000233848245 -0.0529007204 -0.0700229555 -0.0243478213 -0.253212303 0.149263456 -0.0361576565 0.0897039548 0.0163766742 0.112314016 0.0855111852 -0.0607950203 -0.100398883 -0.135493651 0.0591813773 -0.180525422 0.23983486 0.118389338 -0.0133816944 0.0296183415 0.0275935847 -0.0809433684 -0.0201000459 -0.0390706137 0.0889853612 -0.0442500114 0.0667216107 -0.222515985 0.00230174745 -0.0450502783 0.0548152067 -0.118826918 0.0945288166 0.169482023 0.299491942
G1839 0.0541637354 -0.162115261 -0.19832167 0.0204107128 0.0957177728 0.109475464 0.102770872 0.0266192369 -0.029739907 0.272320986 -0.104536213 0.141840726 -0.160505921 -0.160416752 -0.0547914542 -0.00864111725 0.0203620754 -0.00272146915 0.0782523006 0.0180798378 0.151748657 0.00479655107 0.170778468 0.158613354 0.0326160677 -0.136123374 -0.22004573 0.0284461584 0.13571769 0.0746433213 0.0549931675 0.0184489954 0.0870415494 -0.170697019 0.0498742759 0.00469852844 0.0491041057 -0.0906728283 0.0861916021 0.182881832 0.061148081 -0.0306600165 -0.139383629 0.104794659 0.0554615483 0.102511913 -0.00286156614 0.035808228 -0.0416229144 0.0390516445 0.0685861334 -0.00335286953 0.0894915909 0.00836126599 0.0247451216 0.0270156469 -0.1794516 0.0495003238 0.0818659514 0.194253206 0.043203678 -0.0151960878 -0.040803656 0.197362736
G1842 -0.0448166877 -0.0238313787 -0.0691998154 -0.0438790023 -0.0166047011 -0.00296360767 -0.0744140744 0.0927552432 -0.0659584999 0.089101769 -0.00444976147 0.140499249 -0.167198032 0.108090058 -0.0535513274 -0.0503125302 0.0195167083 -0.0263598301 0.0925542787 0.0881507918 0.0608290322 0.148734152 0.0739008859 0.0476671122 0.00394772645 -0.0333834402 -0.218623459 0.0892128125 0.00604046322 0.0338524915 0.0104887672 -0.0250875354 -0.0385015532 -0.0951273367 0.100570112 0.0203852057 0.00696488237 -0.0924860984 -0.0539916456 0.0446892604 0.0856584013 -0.0260995235 -0.0613994077 0.186143503 -0.102053761 0.0128232259 0.00340632955 -0.0278283674 -0.015437928 0.00749048125 -0.019371016 -0.00995018147 0.0587549508 0.0555091165 -0.0830464438 0.049041234 -0.0515622608 0.144303277 0.0760757029 0.0282172672 0.0102751944 -0.0447165556 0.0771906525 0.0619679838
G1845 -0.044833526 -0.0238129422 -0.0692200363 -0.0439100415 -0.016604431 -0.00295669935 -0.0744250566 0.0927510411 -0.0659558401 0.0890902802 -0.00446347799 0.140529916 -0.167170078 0.108067557 -0.0535304807 -0.0503516458 0.0194839109 -0.0263465773 0.0925771371 0.0881837085 0.0608427189 0.148739576 0.0738468468 0.0476776063 0.00393352471 -0.0333988629 -0.218622029 0.0891958252 0.00606198749 0.0338565782 0.0105377343 -0.0250487458 -0.0384969227 -0.0951340571 0.100555077 0.0204252787 0.00697112968 -0.0924993306 -0.0539429747 0.0446714759 0.0856611356 -0.026082648 -0.0613486692 0.186151505 -0.102036662 0.0128176333 0.00337326783 -0.0278628375 -0.0154388482 0.00751122413 -0.019356925 -0.00993387774 0.0587720349 0.0555073246 -0.0830823779 0.0490151793 -0.0515724979 0.144280523 0.076109305 0.0282236841 0.0102659324 -0.044739645 0.0771455616 0.0619459711
G1848 0.0550063103 0.00729587674 -0.00912565552 -0.105646066 -0.0784404501 0.080706127 -0.0463192612 -0.037415646 0.0732585937 0.0556258783 0.00639398256 0.0906340405 -0.149563178 0.0534897819 -0.00106735784 -0.0656670332 0.0584310628 -0.0183817483 -0.00873246044 -0.0763672441 0.0257768985 0.104904242 -0.0541966669 -0.0965341851 -0.0589632988 -0.0701244995 -0.282693237 0.0545875393 -0.00279931049 -0.0585615784 0.0442357361 -0.12483675 0.047628995 -0.0275543295 0.0762521401 0.00847212784 0.0325508341 -0.0902504101 -0.0161756314 0.18264541 0.0389501303 -0.176837623 -0.120059974 0.099032566 0.0402024649 -0.0314379297 0.00655203033 -0.0287529826 -0.0392405316 0.0604030564 -0.0119251469 0.0424168669 0.0106991781 0.108614795 -0.00740654813 -0.0385351889 0.115427814 0.0669243932 -0.00453820918 0.0753143802 -0.0303714536 -0.0200248584 0.0281990506 0.0139071224
G1849 0.0636780486 -0.00573049719 -0.0113178072 -0.123557478 -0.0716224834 0.0685644448 -0.0270217899 -0.0406499319 0.0676972345 0.0651255101 0.0368270166 0.0860820636 -0.167061448 0.0660579652 0.00549405301 -0.0335637443 0.0738338009 -0.00196287385 -0.0413643941 -0.15345639 -0.00556574157 0.0955011547 -0.0360990576 -0.091039665 -0.0638109595 -0.0496606529 -0.284815103 0.0735387355 0.000377639488 -0.0652159154 0.0165467281 -0.158959746 0.058555577 -0.0709204674 0.093948096 0.00788764469 0.0776514634 -0.091529496 -0.00971506815 0.210800692 0.021919461 -0.190890864 -0.108550452 0.112379171 0.0509278141 0.00342591573 0.021048734 -0.00714794127 -0.0274512824 0.0526983254 -0.0110616507 0.0302207153 0.00899021141 0.118828498 0.00630969321 -0.0516650304 0.137196615 0.0615794286 -0.0596425831 0.07958588 -0.00465557445 -0.0213758443 0.0788735747 0.0209648423
G1850 0.0640519038 -0.0153014371 0.00147227128 -0.0960922316 -0.0748391449 0.0764991418 -0.0288129468 -0.0312963128 0.0564650744 0.067465134 0.042613484 0.0607719012 -0.182823226 0.0787468478 -0.0133502623 -0.0152956937 0.0947959051 -0.0121892225 -0.0435300022 -0.143602103 -0.000398241711 0.106465608 0.00155634107 -0.0851783603 -0.0566825233 -0.0445601121 -0.286912978 0.0832518861 -0.0143366344 -0.0690788701 -0.0119785303 -0.178336337 0.0498288237 -0.0677677467 0.0985612869 -0.0133765796 0.0619658455 -0.0822598189 -0.0397107452 0.211120248 0.0273492076 -0.197781265 -0.135520011 0.105597228 0.0321762636 0.00898643397 0.0441184938 0.00454556895 -0.0325723961 0.0414888859 -0.0219793878 0.0204094183 -0.000279584114 0.117204018 0.0133527657 -0.0327490307 0.130542055 0.0769714937 -0.0689755753 0.0700386986 -0.0113143856 -0.0107788639 0.112548336 0.0401075706
G1851 0.0640342757 -0.0155309597 0.000971125148 -0.0967480689 -0.0750016198 0.0761945769 -0.0286269281 -0.0317745693 0.0567212775 0.06778308 0.0430252664 0.061291337 -0.1827842 0.0782153979 -0.0126635889 -0.0149702076 0.0945891514 -0.011198394 -0.0446141027 -0.145515397 -0.00145371468 0.105835304 0.00080550753 -0.0848343819 -0.0571563765 -0.044202663 -0.286928296 0.0829719156 -0.0136742443 -0.0689713955 -0.0116649056 -0.17848134 0.0503487289 -0.0688144043 0.0982836857 -0.0126039302 0.0630364195 -0.0826152563 -0.0387990847 0.212231234 0.0268660747 -0.197859228 -0.134633347 0.1061792 0.033258073 0.00948050432 0.0435981713 0.00475678639 -0.0321718976 0.0415952206 -0.0214554165 0.0204827935 0.00024582402 0.117024519 0.0137342671 -0.0337463021 0.13100791 0.076270625 -0.0698204264 0.0706051141 -0.0104835052 -0.0113801006 0.112445682 0.0401777625
G1852 0.0546279326 -0.00144318212 0.00367969577 -0.0783832744 -0.0813354999 0.0894016996 -0.0484567992 -0.0286693163 0.0625302047 0.0579717271 0.0111222919 0.0657355115 -0.163200021 0.0654400289 -0.0190722346 -0.049840007 0.0770858601 -0.0288917664 -0.00897588395 -0.0643762723 0.0316796489 0.116738856 -0.0189508758 -0.0911052078 -0.0522388667 -0.0663165823 -0.284590006 0.0627895966 -0.0170854107 -0.0623116158 0.0183546711 -0.141813233 0.0387814306 -0.0224359706 0.0804803893 -0.0112446221 0.0166723318 -0.0809829012 -0.0441862866 0.181757316 0.04449258 -0.183081195 -0.145809695 0.0910830796 0.0225205515 -0.027719846 0.0280463919 -0.0186618995 -0.0454364233 0.0506956279 -0.0219746009 0.0333040878 0.0017768679 0.106558323 -0.00157070253 -0.02020243 0.107757241 0.0820434242 -0.0110947555 0.0653031021 -0.0380451195 -0.0101651503 0.05874037 0.0313502885
G1853 0.0176607519 0.0108526135 -0.0212569609 -0.0769812688 -0.0234085526 0.0725707039 -0.00324621215 -0.0325441509 0.0462862253 0.0739703849 -0.0624264516 0.102284946 -0.163256168 0.105563819 -0.138560683 -0.00934347603 0.0712197348 -0.0995503366 -0.00192489382 -0.00685758935 0.0869763941 0.0438201204 0.0161213726 -0.128832415 -0.0165120084 -0.138012663 -0.175823599 0.025758639 0.0754138902 0.00522044348 -0.104584083 -0.00033695373 -0.0160916634 -0.0291397981 0.0543129817 -0.053500697 -0.0493749119 -0.0558554754 0.020713022 0.115652636 0.0543069877 -0.158369258 -0.0535721965 0.0715661943 -0.0402426012 0.0745090768 -0.0261371974 -0.0737965032 0.0105241314 0.0653604046 0.0434295461 0.0177180544 0.0214893445 0.0333248749 -0.0411782786 -0.0300853997 0.0854954645 -0.0480402373 0.00672500394 0.0486060828 -0.0263414998 0.0516926125 0.0977490544 0.08055906
G1854 0.0356817134 -0.0112046683 -0.0269310735 -0.116656207 -0.0244354717 0.0416468754 0.0309478398 -0.0346301273 0.0424763188 0.0935612619 0.000635966077 0.0975686982 -0.216655806 0.137167573 -0.123685993 0.0548283458 0.107782125 -0.064471513 -0.0656285286 -0.165753603 0.0204348136 0.0123582706 0.0542981364 -0.112743333 -0.0183164421 -0.0958286747 -0.179479107 0.0783380568 0.0806135312 -0.00486990903 -0.168835476 -0.0819711983 0.00511734933 -0.120895088 0.0870083272 -0.0591868237 0.0478190966 -0.0632999316 0.0314351544 0.178826585 0.0212240182 -0.17740877 -0.0347973257 0.114526734 -0.018840231 0.145066902 0.00170223136 -0.0264961477 0.0410560854 0.0449842699 0.0392098501 0.000956609671 0.0230744835 0.0609220266 -0.00642809365 -0.0587998107 0.140746012 -0.0619380176 -0.097415626 0.0626949295 0.0286056474 0.0501164161 0.202511325 0.107674383
G1855 0.0243914146 -0.00573097821 -0.0243073218 -0.122498848 -0.0337015018 0.0446751602 0.0257406849 -0.0204788819 0.0567437261 0.077684775 -0.00668287138 0.108098999 -0.215233296 0.141475901 -0.124996595 0.0675020963 0.114686713 -0.0560423881 -0.0680328384 -0.158709869 0.0197706409 0.0118287979 0.0529114269 -0.104344629 -0.0122097414 -0.0913291052 -0.178062305 0.0815018788 0.0817351416 0.000503906514 -0.177455008 -0.091576308 0.00653421693 -0.120950989 0.0845027864 -0.0527969226 0.0420751572 -0.0645890087 0.0321847238 0.178960085 0.0291859377 -0.162760645 -0.0392594635 0.126007065 -0.0337871723 0.136316597 -0.00537922373 -0.026643306 0.0443532541 0.0359826833 0.0425230376 0.0142937843 0.021107275 0.0587136112 -0.00745195244 -0.0585833117 0.148988783 -0.0482955016 -0.0846458748 0.0687422454 0.0365121886 0.045151107 0.201622471 0.12299554
G1856 0.0239919424 -0.00637627207 -0.0244572908 -0.122579716 -0.033919502 0.0445630997 0.0254478846 -0.020074619 0.0563101657 0.0783104897 -0.00662771659 0.108402051 -0.215554923 0.14160797 -0.124834828 0.067140758 0.114993244 -0.0561355092 -0.0678051636 -0.158691898 0.0199444033 0.0118375234 0.053033758 -0.103970677 -0.0120020751 -0.0913777202 -0.177636206 0.0813580453 0.0815770626 0.00114853145 -0.177082703 -0.0913344547 0.00644274801 -0.121307328 0.0847208798 -0.0528901704 0.0425261147 -0.0649108887 0.032111302 0.178563714 0.028889833 -0.162633985 -0.0392065682 0.126123279 -0.0336895771 0.136499003 -0.00553654553 -0.0267002936 0.0442126431 0.0362513289 0.0423099548 0.0138738416 0.02140636 0.0585498959 -0.00759966997 -0.0583983362 0.148480833 -0.0483194105 -0.0845301524 0.0685133636 0.0363259837 0.0452816673 0.201495394 0.123131923
G1857 0.00573084736 0.0167912692 -0.0188966878 -0.0830315053 -0.0328927077 0.0751378834 -0.00902559143 -0.017202137 0.0608718656 0.0582668334 -0.0703300461 0.112917222 -0.162360862 0.110408969 -0.139610112 0.00378181692 0.0784249529 -0.0907793418 -0.00457214704 0.00153379363 0.0863819197 0.0438380577 0.0164736621 -0.120159738 -0.0101959165 -0.133918956 -0.174535587 0.0296186153 0.0767261758 0.0098669054 -0.113025956 -0.0113149313 -0.0144315911 -0.0306309406 0.0521078855 -0.046988301 -0.0550749823 -0.0571102686 0.0211901739 0.115592182 0.0627836213 -0.142240748 -0.0582514666 0.0838348493 -0.0571048521 0.0656263232 -0.0333210379 -0.0738446563 0.0137889991 0.0560724735 0.0462319143 0.0303445943 0.0192474797 0.0313583203 -0.0418923907 -0.0289923083 0.0928641707 -0.0337520614 0.0184490345 0.054978691 -0.0189525895 0.0465260521 0.097284846 0.0964068845
G1858 0.0310143922 -0.0203951504 -0.031123938 -0.116154313 -0.0256927107 0.0223527215 0.0193181168 -0.0303753968 0.0305757057 0.106809877 0.00451236544 0.104211159 -0.215299889 0.121961847 -0.128305763 0.0564954765 0.109751314 -0.0575251058 -0.0562694557 -0.175104305 0.0222747345 -0.00157711096 0.0657660216 -0.0979248881 -0.00219729054 -0.0944339782 -0.179306999 0.0676843375 0.0825930312 0.00891396776 -0.170413092 -0.0736073107 0.0148762828 -0.120296493 0.0968742669 -0.051583726 0.0587163679 -0.0844332501 0.0212596878 0.177833378 0.0132152634 -0.164261132 -0.0362001844 0.108967669 -0.0187605154 0.146271184 -0.0106577519 -0.0263733473 0.0445253849 0.0312174913 0.0427085422 -0.00955647416 0.0377598591 0.0573454462 -0.00292284833 -0.0545127951 0.135388523 -0.0523286797 -0.0897950232 0.0646451488 0.0441768207 0.0508062989 0.205742478 0.103736207
G1859 0.00517594488 -0.0146701746 -0.0335995592 -0.124121986 -0.0409370922 0.103031985 -0.0373083539 -0.0117464419 0.0993735194 0.0231127143 0.0425936729 0.114235647 -0.172224641 0.0749787092 -0.0370402113 -0.0248835832 0.0778767914 -0.0215763561 -0.0446218662 -0.17429933 -0.027358409 0.0927147791 -0.0493008234 -0.103511728 -0.035066165 -0.0602850243 -0.202285752 0.0406952724 0.0493536033 -0.0247879326 0.016204359 -0.0796304941 0.0332683474 -0.0728899613 0.053072311 0.050056614 0.0763776079 -0.07876084 0.0262292214 0.166432053 -0.0115693379 -0.216190591 -0.0666170791 0.121423297 0.0698367208 0.0382782593 -0.0208752416 -0.0406362414 -0.0100093307 0.0334201418 -0.00791944377 0.0502628908 0.0172683224 0.0839039683 0.0336880684 -0.0648762658 0.125463858 0.048333168 -0.019242689 0.0370569304 0.0250461008 -0.053324908 0.0872262642 0.0609349459
G1860 0.0258134604 0.00794887077 -0.037203677 -0.120273203 -0.0585646071 0.0613323338 -0.0232018009 -0.0123211928 0.0095033152 0.040836297 0.00100437028 0.101939633 -0.139133081 0.0761627033 0.0244693421 -0.0787281841 0.00979052298 -0.003532517 0.0232558083 -0.0111672273 0.0144346757 0.138784364 -0.0431577154 -0.0263744835 -0.061826434 -0.0529991984 -0.289035529 0.0812653527 0.0318693481 -0.056370642 0.0569591336 -0.112113744 0.028802976 -0.0730047077 0.0800299123 0.0132198362 0.0300041642 -0.0730048344 0.00713944528 0.155412748 0.0465299189 -0.132626891 -0.0769311264 0.136294529 -0.00595065067 -0.0275450535 0.0124142701 -0.0152354818 -0.0287481975 0.0613338053 -0.0178754516 0.0140410615 0.00806133077 0.0845324621 -0.0530528314 -0.0298026204 0.0401698947 0.0682834908 0.0036656931 0.0668939799 -0.047178857 -0.0287278015 0.0347905084 0.00837374106
G1861 0.031636063 0.00575369177 -0.019788295 -0.0899344906 -0.0698925555 0.0897620767 -0.0366376229 -0.0111956382 0.0292247105 0.0442034192 -0.00985055603 0.0881783068 -0.143058583 0.0634488016 -8.59754946e-05 -0.081940949 0.0259396397 -0.0105152112 0.0383937284 0.0237181913 0.045216471 0.145468384 -0.0284320731 -0.0353099778 -0.0549859256 -0.0751222745 -0.29045406 0.0650911033 0.0201381668 -0.064530164 0.0591675267 -0.111523211 0.025493728 -0.0326198973 0.0767153949 0.000107083033 -0.00786642637 -0.0689131543 -0.0210168455 0.149315044 0.0625178665 -0.143552944 -0.113702871 0.112750694 -0.00728439819 -0.0536197722 0.017069703 -0.0202523116 -0.05318271 0.060887076 -0.028533211 0.0210084375 0.00301568001 0.0808442011 -0.046621453 -0.0105884513 0.0333293565 0.0902276784 0.0288930908 0.0611118935 -0.0698103383 -0.0195951443 0.0278861299 0.0239329562
G1862 0.0355077945 -0.0146772237 -0.00789941754 -0.0872039944 -0.0941652805 0.131004632 -0.0442206189 -0.0253989361 0.0560818017 0.0591624752 0.00835997984 0.0752796009 -0.152138025 0.0261604656 -0.00717587816 -0.061826352 0.0595083088 -0.00190799683 0.00407732185 -0.0120753441 0.0436015874 0.131979272 -0.0255261753 -0.0402796008 -0.0773812011 -0.093622297 -0.287411749 0.0255881995 0.0202954821 -0.0656554401 0.0581038631 -0.11198841 0.0560093708 -0.0273287799 0.0632034764 0.0123981293 0.016802052 -0.0771913528 -0.0310900696 0.169866025 0.0480378568 -0.173069552 -0.121339299 0.0904039666 0.0423679538 -0.0521553159 0.0137382867 -0.0172242932 -0.0603423156 0.0552861728 -0.0208698642 0.0327483118 0.0206627212 0.0786405131 -0.0331505574 -0.0240509883 0.0554123521 0.0878266171 0.00106369331 0.0700586438 -0.0591313019 -0.0379673652 0.0791151598 0.0273202974
G1863 0.0348958559 -0.0144004971 -0.00846559368 -0.0871066824 -0.094694376 0.131794274 -0.0448725149 -0.0252177846 0.0556347892 0.0591071956 0.007743889 0.0762239173 -0.151640877 0.0246698596 -0.00749123422 -0.0628555492 0.0590434521 -0.00174793485 0.0051338207 -0.00921458472 0.0446638167 0.132622898 -0.0264295265 -0.0388338119 -0.0781969428 -0.0943468884 -0.287572682 0.0246309564 0.0205559451 -0.0654969215 0.0595106222 -0.110349551 0.0563352183 -0.0278138183 0.0623213202 0.0139067536 0.0164009538 -0.076931864 -0.030080175 0.168689623 0.0485409833 -0.172645479 -0.11997056 0.0904840976 0.0427174196 -0.0519009903 0.0127872191 -0.018341111 -0.0602722317 0.0553549789 -0.020350704 0.0334883258 0.0213821586 0.078259483 -0.0348534137 -0.0244480614 0.0540487468 0.0873837695 0.00221652654 0.0703448504 -0.059502665 -0.0387530215 0.0789289623 0.0272711571
G1864 0.0294531006 -0.0129034063 -0.0240466725 -0.116245858 -0.0837144032 0.104697421 -0.0314236693 -0.0268934239 0.0364672206 0.0559433103 0.0193161517 0.0886273608 -0.148150578 0.0383994654 0.015824588 -0.0594553165 0.0434686877 0.00388802611 -0.00903423782 -0.0452852026 0.014981593 0.126664519 -0.0395330079 -0.0323469453 -0.0841910243 -0.0733514577 -0.286098063 0.0408583879 0.0316680409 -0.0574076362 0.0571814142 -0.111446969 0.0591110997 -0.0656315684 0.0665092915 0.0248745698 0.0533569902 -0.0804651976 -0.00413493533 0.174781039 0.0324480906 -0.162719369 -0.0858543292 0.111617304 0.0450300165 -0.0275150388 0.00928136334 -0.0128911762 -0.0375345685 0.056520924 -0.0102155535 0.0259875096 0.0258602109 0.0820761248 -0.0399922282 -0.0425524898 0.0613483675 0.0666840002 -0.0227495525 0.0748683289 -0.0378165618 -0.0464279763 0.0857042596 0.0112640932
G1865 -0.0134904217 -0.0265509654 -0.0883871615 -0.0956273004 -0.0278201513 0.0589100011 -0.00296277646 -0.0363272727 -0.00992527232 0.103901118 -0.0269807111 0.130734891 -0.147930831 0.096750401 -0.0456951633 -0.0665847063 0.00243380759 -0.0712014288 0.0147852954 -0.0196122508 0.0393208452 0.11214368 -0.0867030621 0.0178807769 -0.0182557795 0.0773943439 -0.234717175 0.0446246415 0.0144892922 0.0814559236 0.0347124897 0.0412525274 -0.110415414 -0.093101427 0.0692683384 0.0172154959 0.0411564261 -0.0461223125 0.0663907304 0.129784912 0.0369943418 -0.162804589 -0.0203929059 0.216082498 -0.0101054125 0.0302253161 0.0375132523 -0.0299609452 0.0524767861 0.120342344 -0.0397845097 0.0613986552 0.0865868852 0.0904831961 -0.171663404 -0.0393099226 0.0862296075 0.038593255 0.0831348896 -0.0214333087 0.012620626 -0.0970315486 0.0612258837 0.12479239
G1866 0.0275629554 0.0276538879 -0.113236882 -0.159649923 -0.0134486295 -0.0306075085 0.00855950359 -0.0527136363 -0.00405213935 0.0871985927 -0.0748874322 0.172191322 -0.0972986892 0.0290401578 -0.0387799628 -0.0220925715 -0.0145498291 0.0409373045 0.0184348598 0.0162852034 0.0243933313 0.00407297863 -0.0691249296 0.0328935124 -0.032690689 -0.0687203035 -0.22093305 0.0332173407 0.154934138 0.0505780019 -0.0623227768 0.0106852874 -0.00222118804 -0.140979677 0.0601290055 0.0252316259 0.00912478659 -0.140195906 0.084437795 0.156072795 0.058821477 -0.0383659303 0.0339437872 0.185246825 -0.0705059469 0.0759764686 -0.0883947238 -0.0402744077 0.0614685118 0.0638655499 0.0656017587 -0.0031571188 0.082443431 0.0164911915 -0.155362308 -0.038511876 0.0195237063 -0.0740030929 0.0152080581 0.113878734 0.00475161895 -0.0128132179 0.0616850294 0.0620726123
G1867 -0.0134906331 -0.0265526716 -0.0883927271 -0.0956298932 -0.0278196465 0.0589107536 -0.00295934966 -0.0363269486 -0.00992798992 0.103902385 -0.0269767139 0.13073875 -0.14793314 0.0967458561 -0.0456938632 -0.0665816516 0.0024334183 -0.0711928383 0.0147788953 -0.0196185559 0.0393145978 0.112144381 -0.0867036581 0.0178932622 -0.0182627346 0.0773964301 -0.234719768 0.0446220934 0.0144952349 0.0814548209 0.0347118601 0.0412509032 -0.110411316 -0.0931185186 0.0692660883 0.0172253102 0.0411683097 -0.0461213849 0.0663980022 0.129792422 0.0369927399 -0.162803814 -0.0203812122 0.216088861 -0.0100978836 0.0302327517 0.0375109054 -0.0299586356 0.0524809733 0.120342486 -0.0397806615 0.0613986589 0.0865905583 0.0904807821 -0.171668217 -0.0393173508 0.086228013 0.0385915264 0.0831279457 -0.021430552 0.0126261376 -0.0970390365 0.0612310097 0.124796912
G1868 0.0275624488 0.0276493803 -0.11324773 -0.159650683 -0.0134490076 -0.0306067355 0.00856537931 -0.0527139939 -0.00405713078 0.0872034952 -0.0748802945 0.172198594 -0.0973022655 0.0290295351 -0.0387783237 -0.0220879875 -0.014551471 0.0409505814 0.0184268653 0.0162730459 0.0243835468 0.00407461356 -0.0691250786 0.0329173505 -0.0327036567 -0.0687163398 -0.22093749 0.0332108662 0.154942706 0.0505775511 -0.0623248219 0.0106846672 -0.00221495284 -0.141006991 0.0601242036 0.0252501015 0.00914711971 -0.140195042 0.0844496563 0.156083837 0.0588170439 -0.0383668914 0.0339620672 0.185257897 -0.0704909563 0.075989306 -0.0883983821 -0.0402697511 0.0614766292 0.063866578 0.0656078681 -0.00315752206 0.082451582 0.0164879877 -0.155371487 -0.0385237113 0.019518761 -0.0740068331 0.015196518 0.113884591 0.00476090051 -0.0128268069 0.0616954602 0.0620799474
G1869 -0.0273497403 -0.00247807801 -0.0416677259 -0.0907361731 -0.0388952717 0.122899733 -0.0473712347 0.0176959541 0.0609273165 0.000494175882 -0.00564303901 0.116856232 -0.146481127 0.0734902248 -0.0426447578 -0.0729056746 0.030303698 -0.030845115 0.0352572799 0.00518923672 0.0262042508 0.14408347 -0.0404980555 -0.0470486432 -0.0255855117 -0.0852029398 -0.209123313 0.0317584164 0.0684303194 -0.0235583037 0.0581747368 -0.0332864746 3.40844563e-05 -0.0349851996 0.0359176323 0.0430408642 -0.0101438584 -0.0558669269 0.0157693885 0.101212502 0.0293221027 -0.169433638 -0.0716003925 0.121137448 0.00996755809 -0.0167998932 -0.0242299307 -0.0532159396 -0.0341968425 0.0416119918 -0.0262069851 0.0411743931 0.0110765966 0.0454327427 -0.019514896 -0.022634156 0.0207757559 0.0768872797 0.0680677369 0.0187058542 -0.0396081097 -0.0509918109 0.0361659117 0.0626852289
G1870 -0.0547300465 -0.0687693357 -0.110016398 -0.00319471862 -0.0226139799 0.0252854377 -0.0561632365 0.0431267135 -0.0848329142 0.259891212 0.020306034 0.0875423104 -0.0803007483 0.125229359 -0.073813878 -0.127820536 -0.0301082376 -0.0314086899 0.053936258 -0.0191188734 0.0909695849 0.182039529 -0.0706245899 0.0308974925 -0.00437611993 0.0781493783 -0.280079901 0.0964147747 -0.0429284796 0.08170221 0.0612270348 0.0450027063 -0.166962981 -0.122169249 0.122382008 3.08929702e-05 0.0782934651 -0.100860663 -0.00517146708 0.120377399 0.00125219661 -0.161487788 -0.0420957506 0.230591089 -0.069434464 -0.00175419741 0.0728271008 -0.0643551722 0.0121421358 0.174328163 -0.133601755 0.0398970395 0.091498889 0.0828221962 -0.20707503 -0.0227522366 0.0081179589 0.0840839967 0.0974296927 -0.0889693052 -0.0639884025 -0.122127421 0.02749677 0.209383458
G1871 -0.053254921 -0.0715547726 -0.103665069 0.00518237427 -0.0233422518 0.0278159827 -0.0570161231 0.0438461453 -0.0857831389 0.260209501 0.0186330266 0.0811607093 -0.0832903832 0.129000172 -0.0802409649 -0.125106573 -0.024606254 -0.0382443555 0.0572009794 -0.0134686381 0.0967028588 0.183489993 -0.0613349117 0.0273900274 2.92733275e-05 0.0773327723 -0.280125886 0.0986239985 -0.0476377569 0.0814113542 0.0559674911 0.0415166765 -0.169702247 -0.113104068 0.124790363 -0.0101530114 0.0694952235 -0.0975452885 -0.0166504402 0.119111262 0.00451349001 -0.162358776 -0.0539299659 0.224851578 -0.0750004351 -0.00616065413 0.0784298256 -0.062153291 0.00815895014 0.171997786 -0.137130901 0.0380005985 0.0879541934 0.0826214403 -0.203205451 -0.0134338439 0.00615475653 0.0903000012 0.0990592837 -0.0915257633 -0.0671468005 -0.115414351 0.0314650275 0.212245956
G1872 -0.0518475398 -0.0767196789 -0.0951927975 0.0181054901 -0.0262091495 0.0299393702 -0.0592067428 0.0458754934 -0.0880901441 0.260496467 0.0179225169 0.0702618435 -0.0898298547 0.135398552 -0.088163808 -0.117994189 -0.0138385128 -0.0455090627 0.0568880737 -0.00940660387 0.0996997133 0.185932159 -0.0445906483 0.025752835 0.00549654942 0.0797239318 -0.280232579 0.10237167 -0.0534776933 0.0823784396 0.0439092144 0.0343756862 -0.176087022 -0.104327053 0.127418712 -0.0234057829 0.0583658442 -0.0946837887 -0.0334604047 0.120076314 0.00657087239 -0.164012581 -0.0712827444 0.218609303 -0.0838524848 -0.00885125902 0.0875973776 -0.0555790812 0.00250326493 0.165573388 -0.141333506 0.0344707333 0.0829532444 0.0826436803 -0.196640015 0.000688476081 0.00490434607 0.0975515842 0.0979125127 -0.095702149 -0.0696649104 -0.104974151 0.0426021777 0.217107505
G1873 -0.0516706966 -0.0768636689 -0.0952422395 0.0183139313 -0.0262946635 0.0301372707 -0.0591917448 0.0458069891 -0.0878867209 0.260641813 0.01812982 0.0702042654 -0.090010412 0.135130629 -0.0883451328 -0.117768697 -0.0135213705 -0.0451956317 0.0564841703 -0.00987932272 0.0995086581 0.185941964 -0.044434052 0.0259915758 0.00533435168 0.0797441751 -0.280307591 0.102120243 -0.0534211062 0.0822458789 0.0436215252 0.0342122726 -0.175986484 -0.104646616 0.127361596 -0.0230823606 0.0586664304 -0.0947330296 -0.0334778018 0.120486133 0.00648247171 -0.164305776 -0.071257256 0.218624592 -0.0835198611 -0.00865367614 0.0875713751 -0.0553824864 0.00249040383 0.165528908 -0.141239792 0.0345599763 0.083032243 0.0825683549 -0.19652985 0.000501882343 0.00514749577 0.097617723 0.0976295322 -0.0956539586 -0.0695310086 -0.105122425 0.04285115 0.217400104
G1874 -0.0537145957 -0.0740172639 -0.102348633 0.00854459871 -0.0248429831 0.026045423 -0.0572676137 0.0457675569 -0.088838771 0.259849399 0.020262843 0.0768961385 -0.0876652747 0.132796556 -0.080916144 -0.119810894 -0.0195208136 -0.0382877477 0.0527154766 -0.015895091 0.0924061462 0.184522137 -0.0534458645 0.0308881421 0.000721712247 0.0820288956 -0.280377179 0.101506419 -0.048252251 0.08295656 0.0480163209 0.0368765853 -0.173266798 -0.116476439 0.125172317 -0.0130700739 0.0687493533 -0.0975272954 -0.0209278297 0.121710606 0.0028947338 -0.162156656 -0.0576747991 0.225934044 -0.0790575668 -0.00257302681 0.0823311359 -0.0570352897 0.00808759313 0.167464197 -0.137606218 0.0355958678 0.0864749998 0.0828523636 -0.201124743 -0.00919802859 0.0063517387 0.0907374695 0.0945086628 -0.0928300247 -0.0655005947 -0.112252712 0.0403309874 0.214366764
G1875 0.0289267544 -0.0294031575 -0.0484677479 -0.0803126693 -0.0818546712 0.109221421 -0.0684072077 -0.109182179 0.15791811 0.13745591 -0.0381971002 0.143625006 -0.146901146 0.0181037765 -0.0639254972 -0.0774310753 0.0473438054 -0.0433019064 -0.0463692397 -0.142098084 0.0619709492 0.0331805833 -0.146733835 -0.096987702 -0.0265050326 0.0270358361 -0.22356464 -0.0412528329 0.0137463221 0.0803420991 0.0892213285 0.0482875891 -0.0815586522 0.0276699215 0.0467362665 0.0194425993 0.0112428991 -0.109021828 0.0356462672 0.22314401 0.0317353867 -0.237085864 -0.0956596658 0.161082432 0.114402689 -0.0497600511 -0.00203547976 -0.0550320894 -0.0138336485 0.140325844 -0.024146853 0.119459137 0.111104064 0.105311416 -0.0802645758 -0.0660643652 0.205263689 0.0354422107 0.11137744 0.00330661703 0.0254159998 -0.094500117 -0.0478164814 0.132578343
G1876 0.0289288666 -0.0294048078 -0.0484642349 -0.080306083 -0.0818572342 0.109226033 -0.0684075952 -0.109181419 0.157921791 0.137456328 -0.0381971262 0.143621266 -0.14690356 0.0181032494 -0.0639317855 -0.0774276555 0.047350388 -0.0433012731 -0.0463701449 -0.142096326 0.0619733557 0.0331825241 -0.146728098 -0.0969865397 -0.0265037436 0.027034292 -0.223566189 -0.0412535146 0.0137433708 0.0803386495 0.0892164856 0.0482834764 -0.0815592036 0.0276729297 0.0467366762 0.0194405653 0.0112381689 -0.109019153 0.0356406942 0.223145291 0.0317381807 -0.237089232 -0.0956663266 0.161079869 0.114400811 -0.0497618653 -0.00203305087 -0.0550295748 -0.0138357636 0.140323639 -0.0241490062 0.119459853 0.111101277 0.105311178 -0.0802625716 -0.0660608038 0.205264494 0.0354472063 0.11137706 0.00330647151 0.0254141558 -0.0944979489 -0.0478119068 0.132584229
G1877 -0.0688011199 -0.0187452231 -0.0681159496 -0.0740185603 -0.0255814753 0.0332782231 -0.0756004974 0.111365937 -0.0187358614 0.0543110073 -0.0026857818 0.166092977 -0.191666529 0.123255879 -0.0477764942 -0.0336092263 0.025514625 -0.0147408489 0.0663223714 0.0657355264 0.0450610369 0.145574227 0.0917829499 0.0503301956 -0.00424949359 -0.0638093948 -0.201353967 0.0654059947 0.0499821864 0.0185364429 0.0164356157 -0.0317285918 -0.0215068795 -0.104606211 0.0883136764 0.0412433743 0.00319322757 -0.0774905905 -0.0360096209 0.0541489497 0.0832143202 -0.0300152451 -0.0494649 0.195484668 -0.0794158429 0.0116032902 -0.0184947886 -0.0274290033 -0.0283775497 -0.0118722199 -0.00545852352 0.00484224083 0.0508142859 0.0501785018 -0.0388140269 0.0200522132 -0.0439078771 0.152183205 0.0780736804 0.0482984595 0.0254605655 -0.0534752347 0.0760590509 0.0686688349
G1880 0.018183101 0.0016539339 -0.044264812 -0.149148032 -0.0673174486 0.0778979212 -0.0282012373 -0.026377527 0.0354537405 0.0489333607 0.0143557182 0.124480091 -0.141145706 0.0592121035 0.0384864435 -0.0750558302 0.0123211639 0.0174274519 0.00131224538 -0.0586076304 -0.000195151311 0.128899276 -0.0641577542 -0.0228640754 -0.0759096369 -0.0616674013 -0.286576569 0.0594447963 0.0529329143 -0.0592791475 0.0719759241 -0.11452911 0.0546533056 -0.0872053951 0.0760868043 0.0427700244 0.0552843511 -0.0827407092 0.0282688793 0.17823714 0.0366795287 -0.14783521 -0.062109217 0.144263208 0.0329179689 -0.0218576267 -0.00347399409 -0.0177172758 -0.0318897255 0.0668600425 -0.00577205932 0.0235497151 0.0197043978 0.0807241648 -0.0451622605 -0.059661068 0.0582619458 0.0596338362 -0.0122203743 0.0842918828 -0.0321000218 -0.0467731655 0.0367918573 0.00818764605
G1881 -0.029708134 0.00994227268 -0.0882921517 -0.14178656 -0.00349664642 0.0544193126 0.0387323871 -0.0172067638 -0.015413437 0.0446751639 -0.0632939041 0.160878003 -0.136961967 0.101006545 -0.0769555643 -0.0302824602 -0.00932599138 -0.0276885089 0.023893496 0.0464203246 0.0456965789 0.0855279416 -0.00550401863 0.00584074762 -0.0440305881 -0.119839884 -0.188298628 0.0319722705 0.173876688 0.00862969644 -0.0620692819 0.0244719647 -0.0235379301 -0.126477927 0.0534667186 0.00954147149 -0.014634178 -0.0451005585 0.0998530686 0.100183792 0.0506062023 -0.097343877 0.0537311882 0.143410727 -0.0623039789 0.089690581 -0.050455004 -0.0499482825 0.0333052911 0.0750768557 0.0569149666 -0.00743247848 0.0397132337 -0.00600503525 -0.126426637 -0.0554666705 -0.0275969896 -0.0585600957 0.0138224876 0.063365154 -0.030964883 0.0132704787 0.0975863934 0.0680729672
G1882 0.0174060222 0.00257108547 -0.0415671356 -0.145141244 -0.0713648126 0.0839330703 -0.0350417532 -0.027022643 0.0401700921 0.0484703481 0.0108801322 0.123923682 -0.142323464 0.0589117482 0.0344697982 -0.0800644234 0.0120478896 0.0139433751 0.00957372412 -0.044170402 0.00959190913 0.133588001 -0.0640858114 -0.0226730779 -0.074904725 -0.0680881441 -0.287831396 0.0543090291 0.0538851321 -0.0599378869 0.0741999373 -0.108669758 0.0541952588 -0.0776944533 0.0744892284 0.0410021245 0.044453036 -0.0825495198 0.0242128577 0.174224034 0.041752629 -0.150724024 -0.0688568354 0.140639931 0.0312801637 -0.0280416049 -0.00241559511 -0.0191696659 -0.0374891646 0.0661754608 -0.00863172393 0.0256964248 0.0191071834 0.0794395283 -0.0473851264 -0.0536085628 0.0546789691 0.06365145 -0.00315111084 0.0830499232 -0.0383377522 -0.0444116518 0.0345544666 0.00768717285
G1883 -0.0593611374 -0.0787942335 -0.107370064 -0.00529870577 -0.0278996397 0.0465003252 -0.0623696409 0.0401278436 -0.077447474 0.265224189 0.0294263568 0.09060397 -0.0947006941 0.124044366 -0.0813396946 -0.122219443 -0.0203247946 -0.0318180658 0.0517901406 -0.0236641206 0.0965976194 0.191797957 -0.063609384 0.0438757278 -0.0115223033 0.0717925653 -0.281339765 0.0826069564 -0.0336647816 0.0790914372 0.0524685532 0.0446270108 -0.157275304 -0.13069427 0.122669496 0.0120742274 0.0848749653 -0.0984951407 -0.008795904 0.126030758 0.00305907009 -0.176583797 -0.0460710637 0.231968954 -0.0609573275 0.00514383707 0.0761078596 -0.0578345843 0.00700901775 0.172410026 -0.133544341 0.0405748039 0.0957935899 0.0760639906 -0.210761935 -0.0265953876 0.00777035858 0.091696851 0.0912469998 -0.0868462101 -0.0620974228 -0.127086952 0.04827822 0.216994479
G1884 0.273255587 -0.0254952572 -0.284932941 -0.0369843356 -0.132565334 0.0252507664 -0.0581328273 0.0833011568 0.091820702 0.269826889 -0.166736737 0.23126395 -0.0490024462 0.0581203587 -0.0168915708 0.224679619 0.0428589061 0.220332861 0.0714661404 0.155239522 -0.160887614 0.110384561 -0.0230113957 0.104924493 0.128739476 0.121537939 -0.48617065 0.0434164666 0.00342677813 -0.0985026956 -0.280683815 -0.305370927 0.179884851 -0.152345076 0.135095179 -0.0457861423 0.0106821256 -0.252687603 -0.10315761 0.318930238 0.103751004 -0.204455376 -0.284688205 0.409183592 -0.17845279 -0.0192199778 -0.16040428 -0.124131389 0.239416167 0.109811001 0.0925084502 0.0513276644 0.0792960674 0.0986959636 -0.0177198071 -0.00433810055 -0.0364821181 0.137645707 0.180895075 0.0755409747 -0.170918182 0.0340370908 0.0298123546 0.327675313
G1885 0.273248434 -0.02549785 -0.284938365 -0.0369801149 -0.132569611 0.0252590925 -0.0581380129 0.0832967311 0.0918262228 0.269828916 -0.166741908 0.231276885 -0.0489945114 0.0580918677 -0.0168964751 0.22467114 0.0428536423 0.220352143 0.0714586824 0.15525873 -0.16087921 0.110389717 -0.023022322 0.104953036 0.128721282 0.121530347 -0.486176461 0.0433969758 0.00343871885 -0.0984968469 -0.280662626 -0.305356145 0.179891884 -0.152359307 0.135083809 -0.0457630046 0.0106911911 -0.25268513 -0.103141092 0.318936884 0.103758276 -0.204453155 -0.284661442 0.409186274 -0.178431362 -0.019219663 -0.160425514 -0.12414027 0.239417538 0.109817624 0.0925237238 0.051339414 0.0793103203 0.0986827463 -0.0177414771 -0.00436185999 -0.0364975408 0.137647182 0.180906162 0.0755506977 -0.170914069 0.0340136178 0.0297979657 0.327681273
G1886 0.273269266 -0.0255081132 -0.284914464 -0.0369519927 -0.132567301 0.0252563115 -0.0581295043 0.0832996815 0.0918205604 0.269825637 -0.166735724 0.231240869 -0.0490190946 0.0581315272 -0.0169143062 0.224692583 0.0428793319 0.220314905 0.0714657381 0.155247048 -0.160877988 0.110387884 -0.0229733549 0.104913339 0.128754273 0.12153212 -0.486171544 0.0434250608 0.00341516803 -0.0985090137 -0.280708045 -0.305386394 0.179875776 -0.152317032 0.135104552 -0.0458254591 0.0106548155 -0.252673447 -0.103199996 0.318931282 0.103764437 -0.20445919 -0.28472665 0.409162641 -0.178473905 -0.0192319099 -0.160381928 -0.124115147 0.239398658 0.109797448 0.0924972817 0.0513193533 0.0792826787 0.0986987203 -0.0177008528 -0.00430785632 -0.0364814252 0.137670442 0.180889308 0.0755353123 -0.170921803 0.0340654291 0.0298310891 0.327679813
G1887 0.273314804 -0.0255453829 -0.284837157 -0.0368084349 -0.132585645 0.0253171474 -0.0581225939 0.0832898691 0.0918315426 0.26982069 -0.166727409 0.231133103 -0.0490804091 0.0581597388 -0.0170138385 0.224736363 0.0429742634 0.220240116 0.0714656636 0.155293852 -0.160823539 0.110423245 -0.0228268802 0.10487844 0.128800243 0.121492155 -0.486177593 0.0434354432 0.00335314986 -0.09855441 -0.280808389 -0.305437326 0.179847211 -0.152203456 0.135131508 -0.0459405035 0.0105355391 -0.252604514 -0.103365391 0.318925589 0.103816561 -0.204494074 -0.28488034 0.409066409 -0.178537428 -0.0192846451 -0.160294876 -0.124053255 0.239326969 0.109752633 0.092453219 0.0512973592 0.0792286694 0.0987073854 -0.0176380072 -0.00419620052 -0.0364815667 0.137769938 0.180875495 0.0755039677 -0.170957133 0.0341592357 0.0299225356 0.327704549
G1888 0.273257524 -0.0254947525 -0.284941703 -0.0370012857 -0.132560834 0.0252340268 -0.0581292287 0.0833055675 0.0918187425 0.269834936 -0.166729331 0.231267661 -0.0490036644 0.0581287295 -0.0168764275 0.224689618 0.0428521298 0.220341116 0.0714529902 0.155205831 -0.16090861 0.110369511 -0.0230153352 0.104918726 0.128741026 0.121552624 -0.486169189 0.0434240103 0.00342950202 -0.0984994397 -0.280690044 -0.305381238 0.179887742 -0.152359113 0.135097384 -0.0457915589 0.010697607 -0.252698243 -0.103153333 0.318940282 0.103738628 -0.204456478 -0.284690231 0.409199208 -0.178451702 -0.0192106944 -0.160401925 -0.124127664 0.239427209 0.109810755 0.092507422 0.0513215065 0.0792983994 0.0986972004 -0.0177051835 -0.00434506545 -0.0364720337 0.13763763 0.180880487 0.075543955 -0.170907974 0.0340359695 0.029811414 0.327676743
G1889 0.273191303 -0.0254336577 -0.285072237 -0.0372421332 -0.132528096 0.0251363069 -0.0581361502 0.0833210051 0.0918125957 0.269855142 -0.166725352 0.231439039 -0.0489058234 0.0580825657 -0.0167061035 0.224628672 0.042700462 0.220471486 0.0714317039 0.155073687 -0.1610194 0.110304005 -0.0232572742 0.104961112 0.128661573 0.121624537 -0.486157119 0.0434002243 0.00352381333 -0.0984412059 -0.280539364 -0.305311799 0.179936618 -0.152550101 0.135056168 -0.0455932356 0.0109104663 -0.252824992 -0.102879219 0.318965852 0.103638098 -0.204419583 -0.284449786 0.409363031 -0.178329676 -0.01912052 -0.160537466 -0.124225684 0.239548236 0.109890305 0.0925744623 0.0513585322 0.0793866366 0.0986831039 -0.0177841 -0.0045400029 -0.0364421718 0.137470871 0.180882096 0.0755949169 -0.170845672 0.0338757224 0.0296614263 0.327640146
G1890 0.273228735 -0.0254726522 -0.284991026 -0.0370710045 -0.132555977 0.0252215527 -0.058133658 0.0833084732 0.0918230936 0.269839317 -0.166729391 0.231333598 -0.0489638485 0.0580848195 -0.0168286599 0.224659875 0.0428024046 0.22040309 0.0714414939 0.155179381 -0.160937786 0.110363625 -0.0231098328 0.104963519 0.128693819 0.121567264 -0.486169368 0.0433936343 0.00346830138 -0.0984858125 -0.280628026 -0.305342793 0.179908365 -0.152441368 0.135071129 -0.0456826016 0.0107806353 -0.252736807 -0.103038974 0.318951041 0.103708468 -0.204448119 -0.284580499 0.409255713 -0.178387225 -0.0191766154 -0.160465807 -0.124168061 0.239471868 0.109843202 0.092540212 0.0513513088 0.0793390796 0.0986801982 -0.0177585222 -0.00443200767 -0.036469005 0.137581617 0.180890962 0.0755659938 -0.170888796 0.0339526311 0.0297553837 0.327674389
G1891 0.273193628 -0.0253978893 -0.284822226 -0.0365162343 -0.132765338 0.0259378664 -0.058328893 0.083279863 0.0919273049 0.269603044 -0.166950509 0.23118037 -0.0489456132 0.0577007607 -0.0173646677 0.224376738 0.0432172455 0.220201582 0.0718811527 0.156359464 -0.160230279 0.110971697 -0.0231248867 0.105309866 0.128546968 0.121102452 -0.486244291 0.0430936664 0.00323918834 -0.0987425521 -0.280614585 -0.304985762 0.179920614 -0.152277589 0.134916186 -0.0451001078 0.0104353363 -0.252405018 -0.103027619 0.31848824 0.10402301 -0.204582751 -0.28434515 0.408866167 -0.178413495 -0.019154869 -0.160648361 -0.124370076 0.239373207 0.109827921 0.09261401 0.0517404489 0.0792950913 0.0986764655 -0.0184982978 -0.00427960977 -0.0367244482 0.137709573 0.181333214 0.0755135864 -0.171247691 0.0338338688 0.0301044658 0.3277601
G1892 0.27315414 -0.0253604427 -0.284904391 -0.0366668962 -0.13274473 0.0258742943 -0.0583325289 0.0832913965 0.0919229984 0.269617736 -0.16694577 0.231283948 -0.0488872305 0.0576759726 -0.0172568318 0.224344045 0.0431247242 0.220282957 0.0718639567 0.156269535 -0.160304099 0.110927932 -0.0232722312 0.105334446 0.128499761 0.121151112 -0.486236542 0.0430816412 0.00329624652 -0.0987067297 -0.280527771 -0.304947048 0.17995128 -0.152398303 0.13489148 -0.0449808538 0.0105683692 -0.252484947 -0.102861166 0.318506122 0.103957497 -0.204561412 -0.284201294 0.408970743 -0.178340122 -0.0190961771 -0.160729349 -0.124427639 0.239451021 0.109875463 0.0926541239 0.0517608672 0.0793488696 0.09866862 -0.0185417198 -0.00439853687 -0.0367029458 0.137605712 0.181329429 0.0755448863 -0.171207339 0.0337366574 0.0300161056 0.32773912
G1893 0.273213178 -0.0254100729 -0.284798056 -0.0364649817 -0.13277173 0.0259616021 -0.0583235212 0.0832802951 0.0919312015 0.269599885 -0.166943312 0.231141657 -0.0489697978 0.0577131249 -0.0174002573 0.224395722 0.043255087 0.220177785 0.0718805492 0.156364813 -0.160217971 0.110987537 -0.0230758078 0.105297729 0.128562719 0.121091947 -0.4862445 0.0430987999 0.00321554393 -0.0987659022 -0.280660063 -0.305007279 0.179908276 -0.152245432 0.134926632 -0.045129206 0.0104015404 -0.252384722 -0.103080228 0.318486035 0.104035445 -0.204599261 -0.284397066 0.408836901 -0.178435922 -0.0191655066 -0.160615534 -0.124346957 0.239353701 0.109809488 0.092594482 0.0517363735 0.0792745277 0.0986812189 -0.0184769575 -0.00423828186 -0.0367132425 0.137741119 0.181322381 0.0755009651 -0.171259299 0.0338638239 0.0301437657 0.327772647
G1894 0.273185611 -0.0253786743 -0.284854621 -0.0365970992 -0.132747695 0.0258885976 -0.0583240874 0.0832929984 0.0919155926 0.269607484 -0.16694355 0.231215417 -0.0489289239 0.0577306636 -0.0173038915 0.224373162 0.0431777984 0.22021462 0.0718827322 0.156288356 -0.160279363 0.110938817 -0.0231799893 0.105279304 0.128551677 0.121139809 -0.486232042 0.0431185998 0.00325263757 -0.0987282619 -0.280601174 -0.304988533 0.179923594 -0.152315468 0.134921983 -0.0450823456 0.0104895132 -0.25245136 -0.102971584 0.318489343 0.103981428 -0.204571784 -0.284312993 0.408914894 -0.178412512 -0.0191262644 -0.160657987 -0.124385789 0.239409089 0.109839641 0.0926128328 0.0517329834 0.0793029517 0.0986911729 -0.0184874907 -0.00430278527 -0.0366918296 0.137656763 0.181316406 0.0755168274 -0.171229869 0.0338231958 0.0300768428 0.327739537
G1895 0.273218066 -0.0254101455 -0.284800053 -0.036477413 -0.132767901 0.0259562992 -0.0583234914 0.0832787529 0.0919388309 0.269609898 -0.166932955 0.231139392 -0.0489694439 0.0577171445 -0.0173894707 0.224401668 0.0432533212 0.220178604 0.0718677714 0.156325206 -0.160232306 0.110975526 -0.0230791904 0.105278872 0.128562883 0.121098079 -0.486242205 0.0430964641 0.0032099688 -0.0987708569 -0.280664653 -0.305016339 0.179910913 -0.152242199 0.134930789 -0.0451339334 0.0104118995 -0.252398282 -0.103080541 0.318496883 0.104024678 -0.204610705 -0.284408033 0.408841193 -0.178426072 -0.0191651005 -0.160610557 -0.124347493 0.239354402 0.109816462 0.0925924778 0.0517331548 0.0792748928 0.0986830667 -0.0184558053 -0.0042458619 -0.0366936252 0.137735859 0.181308925 0.075501211 -0.171255529 0.0338644646 0.0301385317 0.327768773
G1896 0.273187071 -0.0253944062 -0.284836799 -0.0365298465 -0.13276571 0.0259391889 -0.0583307184 0.0832805336 0.0919323787 0.269607097 -0.166947812 0.231197357 -0.0489359982 0.0576811321 -0.0173552185 0.224372149 0.0432078317 0.220224917 0.0718694702 0.156348079 -0.16023989 0.110971056 -0.0231494177 0.105329715 0.128528655 0.121106178 -0.486245811 0.0430789106 0.00324994116 -0.0987415388 -0.280600518 -0.304976016 0.179927945 -0.152305499 0.134906247 -0.0450638235 0.0104623549 -0.252415508 -0.102996193 0.318496644 0.104014538 -0.204584897 -0.284313679 0.408882827 -0.178388953 -0.0191429872 -0.160668433 -0.124380447 0.239387065 0.109836899 0.0926254913 0.0517521761 0.0793092102 0.0986675471 -0.0185139831 -0.00430923328 -0.0367218703 0.137696639 0.181333169 0.0755220801 -0.171239778 0.0338042453 0.0300912168 0.327764958
G1897 0.273186445 -0.0253927093 -0.28484714 -0.0365552232 -0.132759944 0.0259199552 -0.0583294965 0.0832819119 0.0919322073 0.269615024 -0.166943178 0.231208518 -0.0489315689 0.0576860048 -0.0173355099 0.224375084 0.0431938134 0.220233887 0.0718600452 0.156316102 -0.160258427 0.110954188 -0.0231625102 0.105321109 0.128528282 0.121118486 -0.486243963 0.0430834815 0.00325602596 -0.0987345204 -0.280593574 -0.304980099 0.179931983 -0.152316764 0.134907886 -0.0450667888 0.0104801189 -0.252430439 -0.102983549 0.318505764 0.104002692 -0.204583436 -0.284307986 0.408898622 -0.17838268 -0.019136684 -0.160672516 -0.12438371 0.23939608 0.109842449 0.092628181 0.0517472588 0.0793141276 0.0986688882 -0.0185026694 -0.00432212185 -0.0367131792 0.137684107 0.181323528 0.0755267814 -0.171229526 0.0338009037 0.0300783981 0.3277601
G1898 0.273246378 -0.0254424103 -0.284738839 -0.0363501832 -0.132787853 0.0260085743 -0.0583205931 0.0832710043 0.0919402614 0.269597411 -0.166941002 0.231063128 -0.0490154065 0.0577247031 -0.017480785 0.224427477 0.0433258824 0.220126003 0.0718780383 0.156413481 -0.160170212 0.111014776 -0.0229624063 0.105282329 0.128593147 0.12105839 -0.48625198 0.0431014597 0.00317277084 -0.0987944603 -0.280728281 -0.305041194 0.179888219 -0.152160257 0.13494429 -0.0452181175 0.0103094177 -0.252328366 -0.103207126 0.318483889 0.104081601 -0.204622447 -0.284508586 0.408762246 -0.178481296 -0.0192075856 -0.160556212 -0.124301583 0.239296958 0.109775208 0.0925670341 0.0517219454 0.0792381987 0.0986825377 -0.0184362326 -0.00415810663 -0.036724221 0.137821332 0.181316614 0.0754811615 -0.171283185 0.0339317285 0.0302091241 0.327793717
G1899 0.27323705 -0.0254347958 -0.284757078 -0.0363883115 -0.132783636 0.0259956513 -0.058325991 0.0832694694 0.0919472352 0.269610733 -0.166935802 0.231084049 -0.0489994772 0.0577117242 -0.0174520873 0.224421546 0.0433033332 0.220147163 0.0718625709 0.15637891 -0.160188437 0.11099723 -0.022996204 0.105282515 0.128577799 0.121068358 -0.48625201 0.0430887081 0.00318226777 -0.0987856612 -0.280704081 -0.305033445 0.179901421 -0.152182698 0.134937733 -0.0451946296 0.0103415651 -0.252350926 -0.103173561 0.318496853 0.104064763 -0.204625785 -0.284482837 0.408784658 -0.178451851 -0.0191990603 -0.160576269 -0.124316782 0.239311546 0.109793715 0.0925808549 0.0517255403 0.0792551264 0.0986771956 -0.0184354782 -0.0041963472 -0.0367172696 0.137798667 0.181312591 0.0754904151 -0.171272919 0.033905942 0.0301829446 0.327787369
G1900 0.359846741 -0.134110034 -0.324835122 -0.107261561 -0.2323284 0.0277768243 -0.00114991423 0.0418123081 0.0388154797 0.339784473 -0.195589006 0.269150645 -0.229591072 0.0689550042 -0.0567287132 0.368792772 0.077441521 0.166982278 0.0766775385 0.160787821 0.0498151295 0.0754431412 0.117917418 0.0267739575 0.152816892 0.0496654026 -0.363822907 -0.00581111899 0.0860193595 -0.0798766762 -0.431607217 -0.337792575 0.234130874 -0.174081549 0.208414569 -0.159138307 -0.0240220856 -0.255758196 -0.0220240112 0.405924916 0.0820091441 -0.246682286 -0.440312147 0.446749687 -0.19518733 -0.0562657118 -0.10906785 -0.0893221572 0.305452585 0.154932022 0.0488847233 0.111035801 0.170754924 0.142123818 -0.0457332879 0.0562147647 -0.000287093222 0.0268439986 0.0522293374 0.110553317 -0.202122703 0.186012506 0.0510627367 0.264876664
G1901 0.372311115 -0.138649479 -0.395972282 0.01429433 -0.0532667227 0.0606585629 0.117486693 0.0807307586 0.0760235712 0.365817487 -0.350916326 0.216667429 -0.0749231428 -0.136117011 -0.0488520227 0.294242561 0.0671612471 0.16510047 0.107696645 0.318774462 0.0216029007 0.0801062733 0.0525325164 0.261609077 0.195641398 0.0749587715 -0.500872791 0.101095587 0.0777586922 0.00115991617 -0.322559655 -0.206923649 0.230454385 -0.240658447 0.12289495 -0.00834481139 -0.0476309396 -0.2465716 0.0684980378 0.368972898 0.0989597961 -0.101509809 -0.32547158 0.360194385 -0.270706594 0.120819077 -0.172029972 -0.0749696642 0.309124827 0.0666054115 0.153568313 0.0849218592 0.0824140012 0.117318317 -0.0491000414 0.0637653545 -0.200813264 0.0523621179 0.247131258 0.21292688 -0.140185758 0.156733841 -0.00992653426 0.424654812
G1902 0.372234613 -0.138534442 -0.396760315 0.0117419241 -0.0528546274 0.0582669452 0.117782228 0.0810336173 0.075482361 0.366034001 -0.350887686 0.217569068 -0.0744331032 -0.134603471 -0.0472006761 0.294540972 0.0657568127 0.165208429 0.107718468 0.317359269 0.0202116966 0.078374207 0.0514741503 0.260642707 0.196424052 0.0762963295 -0.500536501 0.102661297 0.078273952 0.00248826668 -0.322061121 -0.207129553 0.230533823 -0.24134995 0.123398654 -0.00973735563 -0.0465836972 -0.247734815 0.0691715181 0.368969887 0.0981160179 -0.100288309 -0.325152099 0.361730695 -0.271340042 0.121463113 -0.172245681 -0.0751717165 0.310127616 0.0667629167 0.153595746 0.0841271803 0.0824659541 0.117690995 -0.0483100861 0.0637760088 -0.200604409 0.0511334948 0.246566087 0.213192701 -0.139387384 0.15713194 -0.0107448176 0.423955917
G1903 0.372182369 -0.138052776 -0.397166729 0.00916086975 -0.0522435233 0.0563408025 0.118050747 0.0810665637 0.0749723092 0.366147786 -0.351093322 0.218024328 -0.073730886 -0.132765457 -0.0454021506 0.294182211 0.0642283335 0.164677769 0.108327866 0.316056848 0.0191933885 0.0769500434 0.0507333539 0.258227497 0.197803259 0.0767602921 -0.500202715 0.104292974 0.0784877092 0.00303609995 -0.321467876 -0.207313612 0.230445355 -0.24047862 0.124091491 -0.0114474744 -0.0465413369 -0.248950943 0.0694114938 0.368677229 0.0975026041 -0.0994672179 -0.32558921 0.362190783 -0.271934211 0.120784126 -0.172016993 -0.0753532499 0.310319155 0.0673011839 0.153242886 0.0831030831 0.0819918811 0.118401483 -0.0467260219 0.0642026439 -0.200214908 0.0500779487 0.246668398 0.2130505 -0.139440551 0.158231735 -0.0124216983 0.422589242
G1904 0.372237116 -0.138095185 -0.39709577 0.00933149736 -0.052266296 0.0564276949 0.118063301 0.0810722336 0.0749861524 0.366161168 -0.351068795 0.217918426 -0.0738082826 -0.132756576 -0.0455237404 0.294231564 0.0643631816 0.16461964 0.108308986 0.316098392 0.019245198 0.0770041049 0.0508929566 0.258214474 0.197834551 0.0767107233 -0.500218511 0.104291476 0.0784035772 0.00296106352 -0.32160309 -0.207373217 0.230427101 -0.240383416 0.124115683 -0.0115643647 -0.0466481782 -0.24886474 0.069227621 0.36867556 0.0975542963 -0.0995437652 -0.32574147 0.362095088 -0.271987557 0.120740734 -0.171924129 -0.0752733573 0.310257733 0.0672567636 0.153195411 0.0830976591 0.0819283426 0.118408076 -0.0466708392 0.0642965958 -0.200204238 0.050201498 0.246646419 0.213015169 -0.139474839 0.158330142 -0.0122978147 0.422637016
G1905 0.372345448 -0.138142899 -0.396266997 0.0119350506 -0.0527481101 0.0592159927 0.117426209 0.0803702399 0.0757878274 0.366370618 -0.35111019 0.216963828 -0.0740104616 -0.134929895 -0.0470944196 0.293524176 0.0654311106 0.164709032 0.108280189 0.317136914 0.0208858829 0.0787937567 0.0519177839 0.258664757 0.196851432 0.0748018771 -0.500672042 0.10193871 0.0777939409 0.00122735044 -0.321441144 -0.206945345 0.230539039 -0.239071742 0.12362311 -0.0096435165 -0.0477718152 -0.2480468 0.0686716884 0.368829012 0.0984285623 -0.10134656 -0.326211184 0.360055983 -0.270471841 0.119352117 -0.171805143 -0.0753856152 0.30867967 0.0675436258 0.153271005 0.0840224028 0.0821546689 0.118010722 -0.0470769629 0.0639210492 -0.200303808 0.0515162945 0.247481689 0.212693781 -0.140591979 0.157819241 -0.0122123668 0.423103094
G1906 0.26258871 -0.0295743514 -0.299103856 -0.0706727579 -0.141742557 0.038032379 -0.0660253093 0.086872451 0.0964637175 0.27228868 -0.159326002 0.257702053 -0.0641986355 0.066181764 -0.000317185128 0.239469379 0.0374799632 0.229011998 0.0724189356 0.165193498 -0.163638547 0.123035662 -0.0478799492 0.140908241 0.117679194 0.13188684 -0.496349812 0.0331798866 0.0332057849 -0.0974476859 -0.295704812 -0.299961716 0.203035921 -0.19179675 0.125332162 -0.0142813092 0.0365666039 -0.261051178 -0.0800609142 0.319581896 0.105055854 -0.21341902 -0.26494059 0.446562648 -0.181487471 0.0106565673 -0.170873046 -0.118614145 0.267406583 0.1032966 0.100494891 0.0587169379 0.091393888 0.0875437707 -0.0493510514 -0.0216128826 -0.0406828038 0.130627215 0.178632811 0.0915341154 -0.159022287 0.0145879425 0.0553825498 0.337492913
G1907 0.262590557 -0.0295757893 -0.299102217 -0.0706690848 -0.141743422 0.0380348712 -0.0660254955 0.0868712589 0.0964655578 0.272290915 -0.159324288 0.257699132 -0.0641999841 0.0661800578 -0.000319541607 0.239470541 0.0374822207 0.229012161 0.0724168569 0.16519016 -0.163638115 0.12303625 -0.0478759296 0.140906647 0.117678933 0.131884694 -0.496350557 0.0331780538 0.0332038738 -0.0974505022 -0.29570654 -0.299963593 0.203036562 -0.191794142 0.125332788 -0.0142826922 0.0365650132 -0.261050493 -0.0800646693 0.319583774 0.105056457 -0.21342288 -0.264944702 0.446559966 -0.181484923 0.010654917 -0.170870826 -0.118612632 0.267404109 0.103296831 0.100494124 0.0587167554 0.0913936496 0.0875436664 -0.0493475646 -0.0216125175 -0.0406815261 0.130630076 0.178631201 0.0915336609 -0.159023225 0.0145892873 0.0553843156 0.337493896
G1908 0.370809823 -0.144288361 -0.395428151 0.0104900906 -0.0593868904 0.0680128261 0.112958252 0.0799267739 0.0783712044 0.369239569 -0.347088844 0.220545352 -0.0861539096 -0.13131541 -0.0458425954 0.303064495 0.0687804148 0.162813678 0.105748877 0.322871655 0.0229849815 0.085659273 0.0559637919 0.269303143 0.194499478 0.0752726421 -0.50527823 0.0971608162 0.0872271284 6.97165888e-05 -0.332117319 -0.208335191 0.236862794 -0.244407535 0.122362703 -0.0104440227 -0.0478867739 -0.247493774 0.0633441061 0.373694927 0.102397107 -0.107514143 -0.331237793 0.36768353 -0.274755627 0.124137349 -0.168541327 -0.0674009621 0.310738385 0.0619550981 0.153800935 0.0835218951 0.0853933021 0.112832367 -0.0516816527 0.0654638186 -0.203032672 0.0582418591 0.246046558 0.216207653 -0.137365431 0.159219235 0.00250798883 0.427129894
output_pin_G1884 0.743855238 0.5396927 -0.599540114 0.136006057 0.188808739 0.762185335 0.13209419 0.681740701 0.308076054 0.674234807 -0.201322183 0.0832826868 -0.718363464 -0.262924522 -0.641792715 -0.0934149623 0.127505824 0.149590015 -0.297467113 -0.130389392 0.648533702 0.606511056 0.092416048 -0.233280584 0.329104304 -0.433359087 -0.366532058 0.588638961 0.0842195004 0.164429307 0.0730576515 -0.343953699 0.226954818 -0.734905183 0.38633281 0.438726574 -0.141977802 -0.473430067 0.0243961923 0.574585915 0.720067382 -0.287151664 0.121379778 0.447285414 -0.359866321 0.0921390578 -0.3818129 0.371994704 -0.261137873 0.212684974 -0.27668491 0.462424904 0.402796566 0.300271571 -0.428456694 0.0963906199 0.500579953 0.0412105694 0.207777396 0.159050703 -0.520319581 0.215924352 -0.00949590839 0.89630574
output_pin_G1885 0.743858159 0.539681673 -0.599536002 0.136011869 0.188810229 0.762178659 0.132100731 0.681732655 0.308083147 0.674249589 -0.201308459 0.0832662508 -0.718363404 -0.262921661 -0.641795754 -0.0933940038 0.127528042 0.149599284 -0.297493756 -0.130429223 0.648521304 0.606505513 0.0924339145 -0.23326084 0.32910651 -0.433351785 -0.366540432 0.588629782 0.084218137 0.164420336 0.0730369687 -0.343975306 0.226961374 -0.734912395 0.386337012 0.438731492 -0.141961545 -0.473427743 0.0243959092 0.57460326 0.720062852 -0.287163049 0.121379748 0.447290033 -0.359853327 0.0921678469 -0.381809175 0.372011155 -0.261134356 0.212678954 -0.276679516 0.46241805 0.402794778 0.300268948 -0.428449512 0.0963747799 0.500596344 0.0412171595 0.207749441 0.159054533 -0.520311236 0.215918928 -0.00947326887 0.89631021
output_pin_G1886 0.743840873 0.53969866 -0.599532068 0.135983303 0.188823432 0.762171984 0.132100552 0.681738198 0.308076113 0.674226463 -0.201310143 0.0832818821 -0.718352139 -0.262901574 -0.641768038 -0.0934087709 0.127480298 0.149581477 -0.297449917 -0.130407214 0.648523092 0.606495261 0.0924067348 -0.233304992 0.329106838 -0.433337867 -0.366520703 0.588651955 0.0842285454 0.164438739 0.0730583742 -0.343962699 0.226957634 -0.734891653 0.38634789 0.438713491 -0.141969636 -0.473429918 0.0244081784 0.57458055 0.720054388 -0.287134558 0.121381715 0.447286487 -0.359885037 0.0921292678 -0.381810635 0.371988982 -0.261137486 0.212692067 -0.276701748 0.46241495 0.402789325 0.30028069 -0.428438365 0.0963943377 0.500583112 0.0411981717 0.207772583 0.159047306 -0.520319283 0.215931088 -0.00950466003 0.896295965
output_pin_G1887 0.743794799 0.539703548 -0.599508822 0.135917932 0.188889042 0.762118816 0.13213554 0.681728303 0.308056682 0.674210787 -0.20125483 0.0832582936 -0.718323708 -0.262802482 -0.6416834 -0.093379043 0.127411261 0.149561331 -0.297413439 -0.130481884 0.648474634 0.606438637 0.092398122 -0.233356535 0.329134554 -0.433255076 -0.366495132 0.588701665 0.0842587873 0.164467603 0.0730371177 -0.344015777 0.226952836 -0.734859407 0.386401415 0.438661575 -0.141935199 -0.473419547 0.0244497005 0.574575841 0.720006585 -0.287089646 0.121383995 0.447296441 -0.359958708 0.0921142623 -0.381781936 0.371981949 -0.261136949 0.21270667 -0.276752532 0.462355703 0.402756602 0.300303936 -0.428380609 0.0963935032 0.500590384 0.041166611 0.207731053 0.159030959 -0.520306349 0.215951934 -0.0095240958 0.896268666
output_pin_G1888 0.743862569 0.53970021 -0.599540651 0.13601242 0.188796461 0.762199998 0.132079571 0.681750298 0.308084309 0.674227297 -0.201335624 0.0832818598 -0.71837461 -0.26293239 -0.641809404 -0.0934262574 0.127519473 0.149577916 -0.297459096 -0.130357578 0.64855212 0.606526375 0.092415154 -0.233297423 0.329109877 -0.433374017 -0.366529167 0.588639498 0.0841960236 0.164430201 0.073061049 -0.343938977 0.226952732 -0.734898746 0.386329174 0.438726574 -0.142002404 -0.473429292 0.024377564 0.57457757 0.720081151 -0.287160605 0.121358775 0.447279006 -0.359868079 0.0921260417 -0.381813973 0.371987164 -0.261146575 0.212684363 -0.276681542 0.4624345 0.40279305 0.300275534 -0.428465933 0.0964120552 0.500577807 0.041213356 0.207798049 0.159043133 -0.520330846 0.215938434 -0.00949700642 0.896307707
output_pin_G1889 0.743938982 0.539695203 -0.599575996 0.136139378 0.188679129 0.762295306 0.132013887 0.681780398 0.308110476 0.674244046 -0.201430589 0.0833022147 -0.718435168 -0.263085335 -0.641969502 -0.0934835598 0.127642527 0.149588704 -0.297505647 -0.130187109 0.6486485 0.60663861 0.0924434587 -0.233224317 0.329079241 -0.433513135 -0.366568625 0.588566303 0.0841099024 0.16439122 0.0730876178 -0.343842536 0.226949379 -0.734943211 0.386242688 0.438798219 -0.142092779 -0.473427236 0.0242816973 0.574568868 0.720170617 -0.287242025 0.121319167 0.447258264 -0.359767169 0.0921427459 -0.381848156 0.371991336 -0.261159241 0.212654874 -0.276593089 0.462528825 0.402832299 0.300239056 -0.428575486 0.0964460894 0.500548542 0.0412743874 0.207880989 0.15904972 -0.520358503 0.215926409 -0.00945335533 0.896352112
output_pin_G1890 0.743890703 0.539683759 -0.59955132 0.136071205 0.188756838 0.762226105 0.13206619 0.681752682 0.308096051 0.674248815 -0.201355591 0.0832748115 -0.718396544 -0.262984574 -0.641869903 -0.0934258327 0.127579778 0.149595261 -0.297503561 -0.130333826 0.648572445 0.606559813 0.0924456045 -0.233246103 0.329102427 -0.433416963 -0.366553843 0.588603258 0.0841695219 0.164406911 0.0730547607 -0.343926281 0.226953343 -0.734922647 0.386300355 0.438753247 -0.142022982 -0.473420918 0.0243402645 0.574592233 0.720107675 -0.287198603 0.121340372 0.447276235 -0.359819293 0.0921528786 -0.381822258 0.372007251 -0.261149585 0.212667748 -0.276641876 0.462456524 0.402803898 0.300255626 -0.428497106 0.0964055806 0.500576377 0.041242864 0.207798854 0.159048527 -0.520330012 0.215927288 -0.00946358964 0.89632827
output_pin_G1891 0.743840039 0.53942287 -0.599629581 0.136239558 0.189077869 0.761960387 0.132421687 0.681536615 0.307921916 0.674490869 -0.201158166 0.0833696797 -0.718219936 -0.262963176 -0.641612709 -0.0931383446 0.127387479 0.150140867 -0.297955513 -0.131202281 0.648170769 0.60620755 0.092589356 -0.232685044 0.329053849 -0.433141828 -0.366749406 0.588475347 0.0848289952 0.164311633 0.0729610622 -0.344312072 0.226850271 -0.735178471 0.386321425 0.438784927 -0.141516969 -0.473469734 0.024689449 0.575069487 0.719919384 -0.287048608 0.121723443 0.447423458 -0.359588206 0.092320554 -0.381825686 0.372347057 -0.260996222 0.212664783 -0.276554227 0.462204039 0.402923018 0.299996614 -0.428282261 0.0957476497 0.50068742 0.0412416272 0.207310483 0.159263596 -0.520153224 0.215503991 -0.00967146736 0.896394908
output_pin_G1892 0.743889928 0.539422512 -0.599652052 0.136319831 0.189002648 0.762024522 0.132376358 0.681558669 0.307940662 0.674498558 -0.201221481 0.0833827555 -0.718261361 -0.263059556 -0.641716301 -0.0931777284 0.127467841 0.15014407 -0.297981948 -0.131087601 0.648236215 0.606281519 0.0926064402 -0.232646525 0.329037845 -0.433232576 -0.366772801 0.58843112 0.0847691745 0.16428788 0.072978586 -0.344247878 0.226846531 -0.735203743 0.386266917 0.438828766 -0.141581446 -0.47346887 0.0246243048 0.575062394 0.719979525 -0.287101656 0.121691376 0.447408289 -0.359527051 0.0923246369 -0.381847233 0.372347683 -0.261007309 0.212646782 -0.276498795 0.462264806 0.402945787 0.299975365 -0.428352356 0.0957752094 0.50066942 0.0412797332 0.207368955 0.15926522 -0.520174503 0.215501323 -0.00964704249 0.896423221
output_pin_G1893 0.743823647 0.539426625 -0.599622667 0.136225626 0.189095274 0.761946678 0.132430509 0.681536376 0.307916999 0.674481273 -0.201145545 0.0833672583 -0.718211353 -0.26293546 -0.641589224 -0.0931322053 0.127357885 0.150132686 -0.297938079 -0.13121438 0.648160219 0.606192112 0.0925852284 -0.232709751 0.329062879 -0.433119029 -0.366739005 0.588491082 0.0848384872 0.164323136 0.0729626715 -0.344321966 0.226845458 -0.735163331 0.386336952 0.438764304 -0.141518742 -0.473462492 0.0246949662 0.575064421 0.719907284 -0.287029594 0.121713527 0.447423607 -0.359612823 0.0922998264 -0.381820381 0.372343481 -0.261000544 0.212671578 -0.276569277 0.462186903 0.40291056 0.300002575 -0.4282628 0.095753774 0.500683784 0.0412303843 0.207306206 0.159255415 -0.520153105 0.215514272 -0.00968560018 0.896385252
output_pin_G1894 0.743858337 0.539442122 -0.599644899 0.136265472 0.189038709 0.762000501 0.132389098 0.681559145 0.3079243 0.674470365 -0.201209784 0.0834026933 -0.718236983 -0.263014913 -0.641655624 -0.0931873843 0.127389267 0.150127172 -0.297925532 -0.131090954 0.648221076 0.606249928 0.092567578 -0.23270224 0.329040378 -0.433195263 -0.366745472 0.588468075 0.0848038569 0.164314508 0.0730022267 -0.34424749 0.226841241 -0.735177279 0.386290163 0.438799292 -0.141571119 -0.47347489 0.0246604625 0.575039327 0.719954312 -0.287053376 0.121710576 0.447408825 -0.35957703 0.0922789499 -0.381844759 0.372322291 -0.261005908 0.212666631 -0.276537985 0.462246925 0.402937472 0.299992412 -0.428323984 0.0957861468 0.500656903 0.0412474871 0.207381949 0.159259751 -0.520178139 0.215511039 -0.00969394855 0.896400273
output_pin_G1895 0.74382478 0.539431512 -0.599621236 0.136235088 0.189089164 0.761952639 0.13242349 0.681547999 0.307910025 0.674472272 -0.201150402 0.0833559558 -0.718220592 -0.262927711 -0.641602457 -0.0931425914 0.127361909 0.150114536 -0.297923654 -0.131173581 0.648173928 0.606206954 0.0925914422 -0.23271884 0.329071999 -0.433120519 -0.366735548 0.588500261 0.0848124474 0.164331958 0.0729570687 -0.344311267 0.226836294 -0.735158563 0.386337221 0.43875578 -0.141540781 -0.473452151 0.0246801004 0.5750494 0.719915569 -0.28703329 0.121695057 0.447421372 -0.359630615 0.0922966227 -0.381810427 0.372334391 -0.261006862 0.212667674 -0.276567578 0.462187648 0.402902663 0.300005347 -0.42827791 0.0957799032 0.500669837 0.0412360802 0.207321271 0.159241185 -0.520158887 0.215529293 -0.00967829674 0.89638412
output_pin_G1896 0.743848383 0.539416194 -0.599630058 0.136260942 0.189065859 0.761967838 0.132417113 0.681537807 0.307929158 0.674498856 -0.201160938 0.0833596885 -0.718228996 -0.262974203 -0.641633689 -0.0931324586 0.127412841 0.150144041 -0.297973216 -0.131200761 0.648176253 0.6062181 0.0926055983 -0.232671678 0.329056859 -0.433151841 -0.366757333 0.588464439 0.0848142728 0.164304465 0.0729520991 -0.34431386 0.226849943 -0.735183358 0.386316091 0.438789934 -0.141527072 -0.473463595 0.0246718097 0.575076997 0.719928145 -0.287063479 0.121707059 0.447422326 -0.359575033 0.0923307538 -0.381825507 0.372356832 -0.261000276 0.212658226 -0.276541322 0.462207109 0.402921349 0.299991608 -0.428288668 0.0957488343 0.500690818 0.041252356 0.207306191 0.159261554 -0.520153224 0.215505883 -0.00965571404 0.896401763
output_pin_G1897 0.743854225 0.539423048 -0.599630654 0.136266842 0.189054042 0.76197958 0.132405296 0.681546271 0.307932645 0.6744923 -0.201172367 0.0833589658 -0.718236744 -0.262982011 -0.641649127 -0.093144156 0.127422214 0.150132045 -0.297963828 -0.131168082 0.648192227 0.606233001 0.0926042646 -0.232682243 0.329057872 -0.43316403 -0.366754711 0.588464975 0.0847937539 0.164306507 0.0729542524 -0.344298691 0.226849005 -0.73518002 0.38631165 0.43879199 -0.141544908 -0.473462701 0.0246586967 0.575066507 0.719939232 -0.287070006 0.121695347 0.447417796 -0.359577298 0.0923256874 -0.381826103 0.372348607 -0.261004537 0.212656975 -0.276537955 0.462218106 0.402920634 0.299994379 -0.428301126 0.0957673788 0.50068593 0.0412557647 0.207324684 0.159255609 -0.52016139 0.215515181 -0.00965296756 0.896402955
output_pin_G1898 0.743788123 0.539427876 -0.599601805 0.136171252 0.189148769 0.761901319 0.132459983 0.681524336 0.307907313 0.674474359 -0.201096296 0.0833438709 -0.718186736 -0.262856156 -0.6415205 -0.0930996165 0.127310827 0.150120452 -0.297919065 -0.131294563 0.648115873 0.606143236 0.0925823897 -0.232745945 0.329083949 -0.433049709 -0.366720647 0.588526726 0.0848641098 0.16434212 0.0729380026 -0.34437263 0.226846918 -0.735139906 0.386381984 0.438726962 -0.141481578 -0.473456919 0.0247310493 0.575068414 0.719866753 -0.286997318 0.121719003 0.447433293 -0.359665126 0.0923003331 -0.381798565 0.372343808 -0.260997266 0.212682039 -0.276609272 0.462139308 0.402885258 0.300021797 -0.428211778 0.0957454294 0.500699937 0.0412058719 0.207262278 0.159245804 -0.52014035 0.215528071 -0.00969369244 0.896364748
output_pin_G1899 0.743803322 0.539426386 -0.599604964 0.136194304 0.189132795 0.761916339 0.132448405 0.681534827 0.307905912 0.674476862 -0.20110631 0.0833282247 -0.718204796 -0.262865424 -0.641552031 -0.0931076556 0.127345875 0.15011166 -0.297928095 -0.131258667 0.648133695 0.606167614 0.0925994888 -0.232732385 0.329091907 -0.433065712 -0.366728038 0.588523149 0.0848302022 0.164339408 0.0729232803 -0.344362736 0.226840138 -0.73514837 0.386372745 0.438732862 -0.141501144 -0.473450661 0.024709668 0.575065076 0.719884098 -0.287019968 0.12170247 0.447431624 -0.359662741 0.0923171937 -0.381790102 0.372344226 -0.261001617 0.212671012 -0.27659449 0.462147415 0.402883649 0.300018996 -0.428237677 0.0957622603 0.500694633 0.0412218682 0.207271516 0.159237385 -0.520145178 0.215536207 -0.00967216957 0.896373034
output_pin_G1900 0.792051136 0.556393623 -0.567792356 0.204434842 0.135954291 0.82008934 0.0371170938 0.696098745 0.419679731 0.718306243 -0.182493389 0.0397838801 -0.757081151 -0.296400934 -0.687509358 -0.0791651309 0.229988679 0.0743838027 -0.28856653 -0.181708544 0.706976175 0.614289343 0.0996814668 -0.38213852 0.380559504 -0.484656423 -0.323897392 0.566478014 -0.0706009045 0.233064726 0.0331218094 -0.401626527 0.298952401 -0.704301298 0.410296112 0.445486188 -0.14239426 -0.536931634 -0.100366682 0.622546494 0.754007518 -0.344315529 -0.0563862547 0.452761292 -0.280784726 0.0354060903 -0.44919008 0.392026305 -0.280133039 0.265577555 -0.309895515 0.488474458 0.389750779 0.273377419 -0.390454233 0.158904582 0.650015712 0.0203820486 0.218418762 0.0932613015 -0.589579701 0.192950055 -0.00183129881 0.930846334
output_pin_G1901 0.739819586 0.562844336 -0.562397301 0.0979863182 0.148932502 0.756953716 0.042989932 0.586898267 0.51520431 0.769155264 -0.14875336 0.141896218 -0.687769175 -0.3046031 -0.600580513 0.0163479522 0.228714868 0.140530333 -0.400990099 -0.518126607 0.584357858 0.434908032 -0.00534656039 -0.436182499 0.265064806 -0.46182847 -0.343250692 0.495903999 0.111550085 0.115477063 0.109508306 -0.477120519 0.387071937 -0.692031026 0.395992607 0.51171869 0.0240659304 -0.610828459 -0.0127098281 0.68179065 0.677041829 -0.338099539 0.0596582741 0.460476756 -0.158291027 0.124734201 -0.513960898 0.39414075 -0.23274155 0.245019913 -0.362453699 0.495445728 0.424448937 0.382208765 -0.192298993 -0.0485111065 0.740784228 -0.11336568 0.124630883 0.231160775 -0.471276224 0.208471954 -0.0835673437 0.902260184
output_pin_G1902 0.740228653 0.563982248 -0.562818289 0.0976998731 0.148053095 0.758285046 0.041793596 0.587610722 0.515728354 0.768552661 -0.15042749 0.143390104 -0.688024163 -0.306267351 -0.601317167 0.0147439279 0.228386596 0.1400906 -0.399785608 -0.516123414 0.586190522 0.436179429 -0.00685522519 -0.437545151 0.264399409 -0.463319242 -0.342702299 0.495844752 0.111153096 0.115707725 0.111006685 -0.475144297 0.387128949 -0.691727936 0.395193666 0.512377203 0.022739904 -0.611539781 -0.0129338959 0.681060195 0.678103507 -0.337977707 0.0597882122 0.460022658 -0.157957748 0.123435669 -0.515024066 0.393249482 -0.232821897 0.245417044 -0.362395942 0.497154325 0.425141364 0.38240093 -0.193478271 -0.0473323613 0.740633428 -0.113748215 0.127120912 0.231400758 -0.472416103 0.208637536 -0.0846354142 0.902321577
output_pin_G1903 0.740602314 0.565308213 -0.563494265 0.0970978886 0.148013771 0.759094596 0.0415021591 0.588470459 0.514983952 0.767859697 -0.151576981 0.144552127 -0.688168764 -0.306923896 -0.601526618 0.0125695188 0.227157816 0.139567852 -0.398086339 -0.513641596 0.587682366 0.43725878 -0.0082589332 -0.438232452 0.263802439 -0.464267105 -0.342382133 0.496769637 0.111056916 0.116191521 0.112209901 -0.473461092 0.38683185 -0.692150235 0.394642174 0.512819946 0.0224706829 -0.612014055 -0.0121630728 0.679974616 0.67870152 -0.337598354 0.0613316968 0.459995329 -0.15865162 0.123002686 -0.515209436 0.391976595 -0.232292369 0.245636389 -0.362779021 0.498275429 0.425822616 0.382493675 -0.195433304 -0.046474196 0.739908397 -0.114024565 0.129085436 0.231629565 -0.473380804 0.208369747 -0.0854219794 0.902393341
output_pin_G1904 0.740563512 0.565314174 -0.563462496 0.0970539972 0.148086578 0.759043872 0.0415375829 0.588469028 0.514969766 0.767843723 -0.151514083 0.144517198 -0.688140154 -0.306815773 -0.601450026 0.0126019623 0.227096811 0.139541864 -0.398063332 -0.513703823 0.587633967 0.437192053 -0.00824459456 -0.438286602 0.263847411 -0.464176297 -0.342355847 0.496830672 0.111073509 0.116229251 0.112169154 -0.473510891 0.386815548 -0.692109048 0.394712418 0.512764335 0.0224913526 -0.611998022 -0.0121430177 0.679978192 0.678660214 -0.337555975 0.0612991862 0.460001826 -0.158748329 0.122975133 -0.515182436 0.391981244 -0.232297257 0.245646045 -0.362822026 0.498215526 0.42577824 0.382511675 -0.195357874 -0.0464704037 0.739917696 -0.114049226 0.12904194 0.231599957 -0.473372251 0.208404243 -0.0854448155 0.902369082
output_pin_G1905 0.740256131 0.564159811 -0.562991679 0.0976351872 0.149482056 0.757386029 0.0431625992 0.588070154 0.513628125 0.768429399 -0.149317756 0.141957209 -0.688141704 -0.304222941 -0.60095185 0.0141813746 0.227635935 0.139519796 -0.399301052 -0.515310407 0.585750639 0.436340988 -0.00587179093 -0.43637237 0.265055418 -0.462194979 -0.343108296 0.497681051 0.110749364 0.116148174 0.109584518 -0.475776523 0.386482447 -0.692905843 0.395786762 0.511826396 0.0241444148 -0.610797226 -0.0116989631 0.680534005 0.677555978 -0.337952733 0.0614656843 0.460704207 -0.159986958 0.125528485 -0.513173997 0.392828941 -0.231905103 0.244868532 -0.362859398 0.495943874 0.424767464 0.382218421 -0.194922596 -0.0474066995 0.739747643 -0.113308668 0.125933319 0.230977774 -0.472272009 0.208298922 -0.0834639221 0.90231663
output_pin_G1906 0.765981078 0.535371482 -0.588395715 0.156845123 0.166916072 0.796495438 0.103995278 0.693010747 0.347580254 0.69157654 -0.201928481 0.0934000835 -0.741198242 -0.293446749 -0.672432363 -0.0979256555 0.172440216 0.165511459 -0.327006429 -0.139206246 0.670316458 0.629322171 0.0950214639 -0.229772732 0.331325412 -0.46996215 -0.38443616 0.580437601 0.0868514627 0.176248997 0.0602997392 -0.353655934 0.247559071 -0.746704698 0.391143709 0.457454979 -0.164008901 -0.499648094 -0.0165383816 0.586154342 0.746436357 -0.315135926 0.107471652 0.457449883 -0.337534964 0.0764548331 -0.415855855 0.393931419 -0.268929511 0.207048684 -0.277240753 0.487587273 0.423689187 0.298010111 -0.435372859 0.0818381011 0.524503887 0.0480506197 0.224059284 0.149630934 -0.548198938 0.234335259 0.00128651224 0.914755285
output_pin_G1907 0.765980661 0.535371602 -0.588394344 0.156845465 0.16691795 0.796494186 0.103996404 0.69301182 0.347577959 0.691575408 -0.201925933 0.0933950022 -0.741199136 -0.293441802 -0.672432482 -0.0979252383 0.172440648 0.16550824 -0.327005625 -0.139204904 0.670316041 0.629322648 0.0950248316 -0.229773253 0.331328601 -0.46995914 -0.384435922 0.5804407 0.0868475661 0.176250666 0.0602953918 -0.353657454 0.247557342 -0.74670428 0.391146004 0.457452297 -0.164009541 -0.499645561 -0.0165394936 0.586153269 0.746436059 -0.315136403 0.10746894 0.457450181 -0.337539494 0.0764568225 -0.415851921 0.393931031 -0.268929839 0.207047462 -0.277241498 0.487584412 0.423686594 0.298010558 -0.435373396 0.0818407834 0.524502516 0.0480514355 0.224057361 0.149628088 -0.548198938 0.234337568 0.00128909957 0.914754689
output_pin_G1908 0.744561315 0.563159466 -0.554562747 0.0982945189 0.146815464 0.765911102 0.0345476568 0.592566729 0.525110185 0.772419155 -0.141490981 0.140426978 -0.694995701 -0.304544449 -0.605836809 0.0155389011 0.240597546 0.140935853 -0.406201959 -0.523133695 0.589227319 0.442741066 -0.00453253789 -0.439457595 0.269714028 -0.468005121 -0.348454773 0.500685036 0.111965045 0.124581061 0.0989786834 -0.484270602 0.394487709 -0.694292367 0.403809756 0.513889432 0.0190682169 -0.618158042 -0.0245362408 0.681940019 0.683545291 -0.346552432 0.0572328158 0.465987176 -0.1594522 0.122187868 -0.521711648 0.400382131 -0.234157324 0.243112713 -0.368786246 0.500534952 0.428836048 0.3842614 -0.192417488 -0.0515591018 0.746778369 -0.113334469 0.127588257 0.22446838 -0.481833547 0.218954951 -0.0765354037 0.906045794
