SMARTATPG_EMBEDDINGS_V1
circuit_hash 13685aa00ca7de70
dimension 64
count 619
G1 0.265025944 0.0608698167 -0.0469048545 -0.0453711636 0.0441819318 -0.0766436309 -0.0381263904 0.0422224812 0.00363628147 0.0752613023 -0.135098785 0.202991515 -0.184957042 0.088095136 -0.137350962 -0.068753019 0.208994403 0.213194415 -0.0240632594 0.113343626 -0.050441213 0.0121468175 -0.0825542361 -0.0466991812 0.079849124 -0.0810685828 -0.109628491 0.161388338 0.0291255116 -0.00794803724 -0.12746942 -0.0674446821 -0.246087164 0.00486672018 -0.103347398 -0.0717985854 0.107582629 -0.0331054628 0.140794665 0.349837929 -0.0639460608 -0.00167607982 0.0546545237 0.110207848 0.149569333 0.0908681601 -0.0707490742 -0.347022653 0.0768017918 0.168330625 0.227597624 0.050259348 0.00249851588 0.183929637 0.0926992148 -0.226414502 0.0274359919 0.0774296224 0.164882019 -0.150195375 0.042473346 -0.0176241286 0.0695897639 0.147447258
G2 0.265025944 0.0608698204 -0.0469048508 -0.0453711674 0.0441819355 -0.0766436234 -0.0381263979 0.0422224738 0.00363628054 0.0752613023 -0.1350988 0.2029915 -0.184957042 0.088095136 -0.137350962 -0.068753019 0.208994389 0.213194385 -0.0240632631 0.113343641 -0.050441213 0.0121468259 -0.0825542361 -0.0466991775 0.0798491165 -0.0810685903 -0.109628491 0.161388323 0.0291255116 -0.00794802979 -0.12746942 -0.0674446821 -0.246087179 0.00486672297 -0.103347383 -0.0717985779 0.107582636 -0.0331054665 0.140794665 0.349837929 -0.0639460683 -0.0016760726 0.0546545237 0.110207856 0.149569348 0.0908681527 -0.0707490817 -0.347022653 0.0768017918 0.168330625 0.227597624 0.050259348 0.00249851891 0.183929637 0.0926992148 -0.226414517 0.0274359919 0.077429615 0.164882019 -0.150195375 0.0424733497 -0.0176241286 0.0695897639 0.147447258
G3 0.265025914 0.0608698204 -0.0469048433 -0.0453711748 0.0441819355 -0.0766436383 -0.0381263942 0.0422224887 0.00363627495 0.0752613023 -0.135098785 0.202991515 -0.184957042 0.088095136 -0.137350947 -0.0687530264 0.208994403 0.213194415 -0.024063265 0.113343634 -0.0504412167 0.0121468194 -0.0825542435 -0.0466991849 0.0798491165 -0.0810685903 -0.109628499 0.161388323 0.029125521 -0.00794803351 -0.12746942 -0.0674446821 -0.246087179 0.00486671878 -0.103347383 -0.0717985854 0.107582636 -0.0331054628 0.140794665 0.349837929 -0.0639460683 -0.00167607656 0.0546545237 0.110207848 0.149569348 0.0908681601 -0.0707490742 -0.347022653 0.0768017918 0.168330625 0.227597624 0.0502593443 0.00249851635 0.183929652 0.0926992074 -0.226414517 0.0274359919 0.077429615 0.164882019 -0.150195375 0.0424733497 -0.0176241286 0.0695897639 0.147447243
G4 0.265025914 0.0608698241 -0.0469048433 -0.0453711674 0.0441819318 -0.0766436309 -0.0381263942 0.0422224775 0.00363628007 0.0752613097 -0.135098785 0.2029915 -0.184957027 0.088095136 -0.137350947 -0.068753019 0.208994403 0.2131944 -0.024063265 0.113343641 -0.0504412167 0.0121468222 -0.0825542361 -0.0466991849 0.0798491165 -0.0810685903 -0.109628499 0.161388323 0.029125521 -0.00794803537 -0.12746942 -0.0674446747 -0.246087179 0.00486672111 -0.103347383 -0.0717985779 0.107582621 -0.0331054665 0.140794665 0.349837929 -0.0639460683 -0.0016760719 0.05465452 0.110207848 0.149569348 0.0908681601 -0.0707490817 -0.347022653 0.0768018067 0.168330625 0.227597624 0.0502593517 0.00249851425 0.183929652 0.0926992148 -0.226414517 0.0274359919 0.077429615 0.164882004 -0.150195375 0.0424733572 -0.0176241323 0.0695897639 0.147447243
G5 0.265025914 0.0608698241 -0.0469048545 -0.0453711674 0.0441819355 -0.0766436309 -0.0381263867 0.0422224775 0.00363627821 0.0752613023 -0.13509877 0.202991515 -0.184957042 0.088095136 -0.137350962 -0.068753019 0.208994403 0.213194415 -0.0240632612 0.113343634 -0.0504412167 0.0121468194 -0.0825542435 -0.0466991849 0.0798491091 -0.0810685828 -0.109628491 0.161388323 0.0291255172 -0.00794803537 -0.12746942 -0.0674446821 -0.246087164 0.00486672297 -0.103347391 -0.0717985854 0.107582621 -0.0331054628 0.140794665 0.349837929 -0.0639460608 -0.00167607819 0.0546545275 0.110207848 0.149569348 0.0908681676 -0.0707490742 -0.347022653 0.0768017992 0.16833061 0.227597609 0.0502593517 0.0024985082 0.183929652 0.0926992148 -0.226414517 0.0274359956 0.077429615 0.164882019 -0.150195375 0.0424733497 -0.0176241286 0.0695897713 0.147447258
G6 0.265025914 0.0608698241 -0.0469048582 -0.0453711674 0.0441819355 -0.0766436234 -0.0381263942 0.0422224775 0.00363628659 0.0752613097 -0.135098785 0.202991515 -0.184957042 0.088095136 -0.137350962 -0.0687530264 0.208994403 0.2131944 -0.0240632631 0.113343634 -0.0504412167 0.0121468194 -0.082554251 -0.0466991812 0.0798491165 -0.0810685903 -0.109628499 0.161388323 0.029125521 -0.00794803444 -0.12746942 -0.0674446821 -0.246087179 0.00486672483 -0.103347391 -0.0717985779 0.107582629 -0.0331054665 0.140794665 0.349837929 -0.0639460534 -0.00167607702 0.0546545237 0.110207848 0.149569348 0.0908681601 -0.0707490817 -0.347022653 0.0768017992 0.16833061 0.227597624 0.0502593443 0.0024985068 0.183929652 0.0926992074 -0.226414517 0.0274359919 0.0774296001 0.164882019 -0.150195375 0.042473346 -0.0176241286 0.0695897713 0.147447258
G7 0.265025914 0.0608698204 -0.0469048508 -0.0453711674 0.0441819355 -0.076643616 -0.0381263942 0.0422224812 0.00363627635 0.0752613023 -0.135098785 0.202991515 -0.184957042 0.0880951434 -0.137350962 -0.068753019 0.208994418 0.213194415 -0.0240632594 0.113343641 -0.050441213 0.0121468194 -0.0825542435 -0.0466991812 0.0798491165 -0.0810685903 -0.109628499 0.161388308 0.0291255172 -0.00794802792 -0.12746942 -0.0674446747 -0.246087193 0.00486672297 -0.103347391 -0.0717985779 0.107582629 -0.0331054665 0.140794665 0.349837929 -0.0639460683 -0.00167607539 0.0546545275 0.110207848 0.149569348 0.0908681601 -0.0707490817 -0.347022653 0.0768017918 0.168330625 0.227597624 0.050259348 0.00249851448 0.183929652 0.0926992074 -0.226414517 0.0274359845 0.0774296075 0.164882019 -0.150195375 0.0424733423 -0.0176241286 0.0695897713 0.147447273
G8 0.265025914 0.0608698316 -0.0469048508 -0.0453711748 0.0441819318 -0.0766436234 -0.0381263979 0.0422224812 0.00363628147 0.0752613023 -0.135098785 0.202991515 -0.184957042 0.088095136 -0.137350962 -0.068753019 0.208994389 0.213194415 -0.0240632594 0.113343649 -0.050441213 0.0121468231 -0.082554251 -0.0466991812 0.0798491165 -0.0810685903 -0.109628484 0.161388323 0.0291255228 -0.00794804003 -0.12746942 -0.0674446821 -0.246087193 0.00486672204 -0.103347383 -0.0717985854 0.107582629 -0.0331054628 0.140794665 0.349837929 -0.0639460608 -0.00167607563 0.0546545237 0.110207848 0.149569333 0.0908681676 -0.0707490817 -0.347022653 0.0768017992 0.168330625 0.227597624 0.050259348 0.00249851379 0.183929652 0.0926992223 -0.226414517 0.0274359882 0.077429615 0.164882019 -0.150195375 0.0424733497 -0.0176241286 0.0695897713 0.147447273
G9 0.265025914 0.0608698241 -0.0469048545 -0.0453711674 0.0441819318 -0.0766436309 -0.0381263942 0.0422224775 0.00363628194 0.0752613023 -0.135098785 0.2029915 -0.184957042 0.088095136 -0.137350962 -0.068753019 0.208994403 0.2131944 -0.024063265 0.113343634 -0.0504412167 0.012146825 -0.0825542435 -0.0466991849 0.0798491091 -0.0810685903 -0.109628491 0.161388323 0.0291255172 -0.00794802979 -0.12746942 -0.0674446821 -0.246087193 0.0048667267 -0.103347391 -0.0717985779 0.107582636 -0.0331054628 0.140794665 0.349837929 -0.0639460683 -0.00167608564 0.0546545163 0.110207848 0.149569348 0.0908681527 -0.0707490817 -0.347022653 0.0768017992 0.168330625 0.227597624 0.0502593517 0.00249850866 0.183929652 0.0926992223 -0.226414517 0.0274359919 0.077429615 0.164882019 -0.150195375 0.0424733497 -0.0176241305 0.0695897639 0.147447258
G10 0.265025914 0.0608698204 -0.0469048545 -0.0453711711 0.0441819355 -0.0766436309 -0.0381263942 0.0422224812 0.00363628194 0.0752613023 -0.135098785 0.2029915 -0.184957042 0.0880951285 -0.137350962 -0.068753019 0.208994403 0.213194415 -0.0240632575 0.113343634 -0.050441213 0.0121468231 -0.0825542435 -0.0466991812 0.0798491165 -0.0810685903 -0.109628499 0.161388323 0.0291255247 -0.00794803537 -0.12746942 -0.0674446821 -0.246087164 0.00486672018 -0.103347391 -0.0717985779 0.107582621 -0.0331054665 0.140794665 0.349837929 -0.0639460608 -0.0016760705 0.0546545275 0.110207848 0.149569348 0.0908681676 -0.0707490817 -0.347022653 0.0768017918 0.168330625 0.227597624 0.0502593517 0.00249851425 0.183929652 0.0926992148 -0.226414502 0.0274359956 0.077429615 0.164882019 -0.150195375 0.0424733497 -0.0176241323 0.0695897713 0.147447273
G11 0.265025914 0.0608698241 -0.0469048545 -0.0453711674 0.0441819318 -0.0766436309 -0.0381263904 0.0422224738 0.00363628566 0.0752613023 -0.135098785 0.202991515 -0.184957042 0.088095136 -0.137350962 -0.0687530264 0.208994418 0.2131944 -0.0240632631 0.113343641 -0.050441213 0.0121468185 -0.0825542435 -0.0466991886 0.0798491165 -0.0810685903 -0.109628499 0.161388323 0.0291255172 -0.00794803351 -0.12746942 -0.0674446747 -0.246087193 0.00486672344 -0.103347391 -0.0717985779 0.107582621 -0.0331054665 0.140794665 0.349837929 -0.0639460608 -0.00167608098 0.0546545237 0.110207848 0.149569348 0.0908681527 -0.0707490817 -0.347022653 0.0768017918 0.168330625 0.227597624 0.0502593555 0.00249851705 0.183929637 0.0926992148 -0.226414517 0.0274359975 0.077429615 0.164882019 -0.150195375 0.042473346 -0.0176241323 0.0695897639 0.147447273
G12 0.265025914 0.0608698279 -0.0469048545 -0.0453711674 0.0441819355 -0.076643616 -0.0381263904 0.0422224812 0.00363627682 0.0752613097 -0.135098785 0.2029915 -0.184957042 0.088095136 -0.137350947 -0.0687530264 0.208994403 0.2131944 -0.0240632594 0.113343634 -0.050441213 0.0121468194 -0.082554251 -0.0466991812 0.0798491165 -0.0810685903 -0.109628499 0.161388323 0.0291255154 -0.00794803258 -0.12746942 -0.0674446821 -0.246087164 0.00486672297 -0.103347391 -0.0717985779 0.107582621 -0.0331054628 0.140794665 0.349837929 -0.0639460534 -0.00167608657 0.0546545237 0.110207841 0.149569348 0.0908681601 -0.0707490817 -0.347022653 0.0768018067 0.168330625 0.227597624 0.050259348 0.00249851565 0.183929652 0.0926992148 -0.226414502 0.0274359845 0.077429615 0.164882019 -0.150195375 0.0424733497 -0.0176241323 0.0695897713 0.147447258
G13 0.265025914 0.0608698241 -0.0469048545 -0.0453711711 0.0441819355 -0.0766436309 -0.0381263904 0.0422224775 0.00363627682 0.0752613097 -0.13509877 0.202991515 -0.184957042 0.088095136 -0.137350962 -0.068753019 0.208994403 0.213194415 -0.0240632556 0.113343626 -0.050441213 0.0121468222 -0.0825542435 -0.0466991849 0.0798491165 -0.0810685828 -0.109628491 0.161388323 0.0291255228 -0.00794804003 -0.12746942 -0.0674446821 -0.246087193 0.00486671738 -0.103347391 -0.0717985854 0.107582621 -0.0331054665 0.140794665 0.349837929 -0.0639460608 -0.00167607563 0.0546545237 0.110207848 0.149569348 0.0908681601 -0.0707490891 -0.347022653 0.0768018067 0.168330625 0.227597624 0.050259348 0.00249851565 0.183929652 0.0926992148 -0.226414502 0.0274359863 0.0774296075 0.164882019 -0.150195375 0.0424733497 -0.0176241286 0.0695897713 0.147447258
G14 0.265025914 0.0608698204 -0.0469048433 -0.0453711674 0.0441819355 -0.0766436309 -0.0381263904 0.0422224775 0.00363627914 0.0752613097 -0.135098785 0.202991515 -0.184957027 0.088095136 -0.137350947 -0.068753019 0.208994403 0.2131944 -0.0240632631 0.113343641 -0.0504412167 0.0121468203 -0.0825542435 -0.0466991775 0.079849124 -0.0810685903 -0.109628499 0.161388323 0.0291255228 -0.0079480391 -0.12746942 -0.0674446821 -0.246087193 0.00486672018 -0.103347383 -0.0717985854 0.107582629 -0.0331054628 0.140794665 0.349837929 -0.0639460608 -0.00167607609 0.0546545237 0.110207848 0.149569348 0.0908681601 -0.0707490817 -0.347022653 0.0768017992 0.16833061 0.227597624 0.050259348 0.00249851332 0.183929652 0.0926992148 -0.226414502 0.0274359807 0.077429615 0.164882019 -0.150195375 0.042473346 -0.0176241305 0.0695897713 0.147447273
G15 0.265025914 0.0608698241 -0.0469048545 -0.0453711748 0.0441819318 -0.0766436309 -0.0381263979 0.0422224849 0.00363627262 0.0752613023 -0.135098785 0.202991515 -0.184957042 0.088095136 -0.137350962 -0.068753019 0.208994403 0.213194415 -0.0240632575 0.113343634 -0.050441213 0.0121468222 -0.082554251 -0.0466991849 0.079849124 -0.0810685903 -0.109628499 0.161388323 0.0291255154 -0.00794803351 -0.12746942 -0.0674446821 -0.246087179 0.00486672018 -0.103347383 -0.0717985779 0.107582629 -0.0331054665 0.140794665 0.349837959 -0.0639460608 -0.0016760733 0.05465452 0.110207848 0.149569348 0.0908681527 -0.0707490817 -0.347022653 0.0768017992 0.168330625 0.227597624 0.0502593517 0.00249851076 0.183929652 0.0926992223 -0.226414517 0.0274359863 0.077429615 0.164882019 -0.150195375 0.0424733534 -0.0176241249 0.0695897639 0.147447258
G16 0.265025914 0.0608698279 -0.0469048545 -0.0453711674 0.044181928 -0.0766436309 -0.0381263942 0.0422224738 0.00363627635 0.0752613172 -0.135098785 0.202991515 -0.184957042 0.088095136 -0.137350962 -0.0687530264 0.208994389 0.2131944 -0.0240632594 0.113343649 -0.0504412167 0.0121468259 -0.0825542435 -0.0466991812 0.0798491165 -0.0810685828 -0.109628499 0.161388323 0.0291255247 -0.00794803444 -0.12746942 -0.0674446747 -0.246087193 0.00486671552 -0.103347383 -0.0717985779 0.107582621 -0.0331054628 0.140794665 0.349837929 -0.0639460608 -0.00167607469 0.0546545312 0.110207848 0.149569333 0.0908681527 -0.0707490817 -0.347022623 0.0768017992 0.168330625 0.227597624 0.050259348 0.00249851728 0.183929652 0.0926992223 -0.226414517 0.0274359863 0.077429615 0.164882019 -0.150195375 0.042473346 -0.0176241323 0.0695897713 0.147447258
G17 0.265025914 0.0608698167 -0.0469048508 -0.0453711711 0.0441819318 -0.0766436309 -0.0381263942 0.0422224738 0.00363627868 0.0752613023 -0.13509877 0.2029915 -0.184957042 0.088095136 -0.137350962 -0.0687530264 0.208994403 0.2131944 -0.0240632594 0.113343634 -0.050441213 0.0121468194 -0.082554251 -0.0466991849 0.0798491091 -0.0810685903 -0.109628491 0.161388323 0.0291255154 -0.00794803351 -0.12746942 -0.0674446821 -0.246087193 0.00486672251 -0.103347383 -0.0717985854 0.107582621 -0.0331054591 0.140794665 0.349837929 -0.0639460534 -0.00167607982 0.05465452 0.110207848 0.149569348 0.0908681527 -0.0707490742 -0.347022653 0.0768017992 0.168330625 0.227597624 0.0502593443 0.00249850983 0.183929652 0.0926992148 -0.226414517 0.0274359845 0.077429615 0.164882019 -0.150195375 0.0424733497 -0.0176241286 0.0695897713 0.147447273
G18 0.265025914 0.0608698241 -0.0469048582 -0.0453711711 0.0441819318 -0.0766436309 -0.0381263942 0.0422224812 0.00363628054 0.0752613172 -0.1350988 0.202991515 -0.184957042 0.088095136 -0.137350962 -0.0687530264 0.208994403 0.2131944 -0.0240632594 0.113343641 -0.050441213 0.0121468203 -0.082554251 -0.0466991812 0.0798491091 -0.0810685903 -0.109628499 0.161388323 0.0291255191 -0.00794803537 -0.12746942 -0.0674446821 -0.246087193 0.00486672251 -0.103347383 -0.0717985779 0.107582621 -0.0331054665 0.140794665 0.349837929 -0.0639460608 -0.0016760719 0.0546545237 0.110207848 0.149569333 0.0908681527 -0.0707490817 -0.347022653 0.0768017918 0.168330625 0.227597624 0.050259348 0.00249851192 0.183929652 0.0926992223 -0.226414517 0.0274359845 0.077429615 0.164882019 -0.150195375 0.042473346 -0.0176241286 0.0695897713 0.147447273
G19 0.265025914 0.060869813 -0.046904847 -0.0453711711 0.0441819355 -0.0766436309 -0.0381263979 0.0422224849 0.00363627682 0.0752613023 -0.135098785 0.202991515 -0.184957042 0.088095136 -0.137350947 -0.068753019 0.208994403 0.2131944 -0.0240632631 0.113343641 -0.0504412055 0.0121468185 -0.082554251 -0.0466991812 0.0798491165 -0.0810685903 -0.109628484 0.161388323 0.0291255247 -0.00794803351 -0.12746942 -0.0674446821 -0.246087193 0.0048667239 -0.103347391 -0.0717985779 0.107582629 -0.0331054702 0.140794665 0.349837929 -0.0639460534 -0.00167607795 0.0546545237 0.110207848 0.149569348 0.0908681601 -0.0707490817 -0.347022653 0.0768017918 0.168330625 0.227597624 0.0502593443 0.00249851542 0.183929652 0.0926992148 -0.226414517 0.0274359789 0.0774296001 0.164882019 -0.150195375 0.0424733534 -0.017624123 0.0695897713 0.147447258
G20 0.265025914 0.0608698204 -0.046904847 -0.0453711674 0.0441819355 -0.0766436309 -0.0381263942 0.0422224849 0.00363627262 0.0752613023 -0.135098785 0.2029915 -0.184957042 0.088095136 -0.137350962 -0.068753019 0.208994418 0.2131944 -0.0240632631 0.113343634 -0.0504412167 0.0121468222 -0.082554251 -0.0466991812 0.079849124 -0.0810685903 -0.109628499 0.161388323 0.029125521 -0.00794803724 -0.12746942 -0.0674446747 -0.246087179 0.00486672297 -0.103347383 -0.0717985854 0.107582621 -0.0331054665 0.140794665 0.349837929 -0.0639460683 -0.0016760861 0.0546545237 0.110207848 0.149569348 0.0908681601 -0.0707490742 -0.347022653 0.0768017918 0.168330625 0.227597624 0.050259348 0.00249851542 0.183929652 0.0926992148 -0.226414517 0.0274359882 0.0774296001 0.164882019 -0.150195375 0.042473346 -0.0176241249 0.0695897639 0.147447258
G21 0.265025914 0.0608698167 -0.0469048433 -0.0453711674 0.0441819318 -0.0766436383 -0.0381263942 0.0422224812 0.00363627682 0.0752613097 -0.135098785 0.2029915 -0.184957042 0.088095136 -0.137350947 -0.068753019 0.208994389 0.213194415 -0.0240632575 0.113343634 -0.0504412167 0.0121468278 -0.0825542361 -0.0466991812 0.079849124 -0.0810685903 -0.109628499 0.161388323 0.0291255265 -0.00794803724 -0.12746942 -0.0674446821 -0.246087193 0.00486672018 -0.103347391 -0.0717985779 0.107582629 -0.0331054702 0.140794665 0.349837929 -0.0639460683 -0.00167607307 0.0546545237 0.110207848 0.149569362 0.0908681527 -0.0707490817 -0.347022653 0.0768017992 0.16833061 0.227597624 0.0502593517 0.00249850703 0.183929652 0.0926992148 -0.226414502 0.0274359938 0.077429615 0.164882019 -0.150195375 0.0424733534 -0.0176241286 0.0695897713 0.147447258
G22 0.265025914 0.0608698167 -0.0469048582 -0.0453711748 0.0441819318 -0.0766436309 -0.0381263942 0.0422224849 0.00363627961 0.0752613023 -0.135098785 0.202991515 -0.184957042 0.0880951434 -0.137350962 -0.068753019 0.208994389 0.2131944 -0.0240632668 0.113343634 -0.050441213 0.0121468212 -0.082554251 -0.0466991812 0.079849124 -0.0810685903 -0.109628491 0.161388323 0.0291255265 -0.00794802979 -0.12746942 -0.0674446821 -0.246087179 0.00486672297 -0.103347383 -0.0717985779 0.107582614 -0.0331054665 0.140794665 0.349837929 -0.0639460683 -0.00167607795 0.0546545312 0.110207848 0.149569348 0.0908681527 -0.0707490817 -0.347022653 0.0768017918 0.168330625 0.227597624 0.050259348 0.00249851495 0.183929652 0.0926992148 -0.226414517 0.0274359826 0.0774296075 0.164882004 -0.150195375 0.0424733534 -0.0176241249 0.0695897639 0.147447258
G23 0.265025914 0.0608698241 -0.0469048582 -0.0453711711 0.0441819318 -0.0766436309 -0.0381263942 0.0422224812 0.00363627914 0.0752613172 -0.13509877 0.202991515 -0.184957042 0.088095136 -0.137350962 -0.068753019 0.208994389 0.213194415 -0.0240632594 0.113343641 -0.0504412055 0.0121468175 -0.082554251 -0.0466991812 0.0798491091 -0.0810685903 -0.109628491 0.161388308 0.0291255172 -0.00794803631 -0.12746942 -0.0674446821 -0.246087179 0.00486672577 -0.103347391 -0.0717985854 0.107582621 -0.0331054628 0.140794665 0.349837929 -0.0639460683 -0.0016760733 0.0546545237 0.110207856 0.149569333 0.0908681601 -0.0707490817 -0.347022653 0.0768017918 0.168330625 0.227597624 0.050259348 0.00249851099 0.183929652 0.0926992148 -0.226414517 0.0274359956 0.0774296075 0.164882019 -0.150195375 0.042473346 -0.0176241323 0.0695897713 0.147447258
G24 0.265025914 0.0608698204 -0.046904847 -0.0453711711 0.0441819355 -0.0766436309 -0.0381263942 0.0422224812 0.00363627682 0.0752613023 -0.135098785 0.2029915 -0.184957042 0.088095136 -0.137350962 -0.068753019 0.208994403 0.2131944 -0.0240632556 0.113343634 -0.0504412055 0.0121468212 -0.082554251 -0.0466991812 0.0798491165 -0.0810685977 -0.109628499 0.161388323 0.029125521 -0.00794803351 -0.12746942 -0.0674446821 -0.246087179 0.00486672344 -0.103347383 -0.0717985854 0.107582629 -0.0331054702 0.140794665 0.349837929 -0.0639460683 -0.00167607586 0.0546545237 0.110207841 0.149569362 0.0908681601 -0.0707490817 -0.347022653 0.0768017918 0.168330625 0.227597624 0.0502593443 0.00249851262 0.183929652 0.0926992148 -0.226414517 0.0274359882 0.0774296075 0.164882019 -0.150195375 0.0424733497 -0.0176241249 0.0695897713 0.147447258
G25 0.265025944 0.0608698204 -0.0469048508 -0.0453711711 0.0441819318 -0.0766436234 -0.0381263942 0.0422224812 0.0036362824 0.0752613097 -0.135098785 0.202991515 -0.184957042 0.088095136 -0.137350962 -0.0687530264 0.208994418 0.213194415 -0.0240632594 0.113343641 -0.0504412167 0.0121468222 -0.082554251 -0.0466991812 0.0798491165 -0.0810685828 -0.109628499 0.161388323 0.0291255191 -0.00794803165 -0.12746942 -0.0674446821 -0.246087164 0.00486672064 -0.103347391 -0.0717985854 0.107582629 -0.0331054702 0.140794665 0.349837929 -0.0639460683 -0.00167608238 0.0546545237 0.110207848 0.149569348 0.0908681676 -0.0707490817 -0.347022653 0.0768017992 0.168330625 0.227597624 0.0502593517 0.00249851681 0.183929652 0.0926992148 -0.226414517 0.0274359863 0.0774296224 0.164882019 -0.15019536 0.0424733497 -0.0176241249 0.0695897713 0.147447243
G26 0.265025914 0.060869813 -0.0469048545 -0.0453711674 0.0441819318 -0.0766436234 -0.0381263942 0.0422224849 0.00363628054 0.0752613172 -0.135098785 0.2029915 -0.184957042 0.088095136 -0.137350962 -0.0687530264 0.208994389 0.213194415 -0.0240632668 0.113343634 -0.050441213 0.012146825 -0.082554251 -0.0466991812 0.0798491165 -0.0810685903 -0.109628491 0.161388323 0.0291255247 -0.00794803351 -0.12746942 -0.0674446821 -0.246087193 0.00486672437 -0.103347383 -0.0717985779 0.107582621 -0.0331054628 0.140794665 0.349837929 -0.0639460608 -0.00167607586 0.0546545312 0.110207856 0.149569348 0.0908681676 -0.0707490817 -0.347022653 0.0768017992 0.168330625 0.227597624 0.050259348 0.00249851658 0.183929652 0.0926992223 -0.226414517 0.0274359789 0.0774296224 0.164882019 -0.150195375 0.0424733497 -0.0176241267 0.0695897639 0.147447258
G27 0.265025914 0.0608698241 -0.0469048545 -0.0453711711 0.0441819318 -0.0766436234 -0.0381263942 0.0422224849 0.00363628007 0.0752613023 -0.135098785 0.202991515 -0.184957042 0.088095136 -0.137350962 -0.0687530264 0.208994418 0.213194415 -0.0240632594 0.113343641 -0.0504412092 0.0121468185 -0.0825542435 -0.0466991812 0.0798491165 -0.0810685903 -0.109628499 0.161388308 0.0291255247 -0.00794803817 -0.12746942 -0.0674446821 -0.246087193 0.00486672344 -0.103347391 -0.0717985854 0.107582621 -0.0331054665 0.140794665 0.349837929 -0.0639460683 -0.00167606794 0.0546545275 0.110207848 0.149569333 0.0908681601 -0.0707490742 -0.347022653 0.0768017843 0.168330625 0.227597624 0.050259348 0.00249851239 0.183929652 0.0926992223 -0.226414517 0.0274359938 0.0774296075 0.164882019 -0.150195375 0.042473346 -0.0176241323 0.0695897639 0.147447258
G28 0.265025914 0.0608698204 -0.046904847 -0.0453711674 0.0441819318 -0.0766436309 -0.038126383 0.0422224812 0.00363628846 0.0752613172 -0.135098785 0.2029915 -0.184957042 0.088095136 -0.137350962 -0.0687530264 0.208994403 0.2131944 -0.0240632594 0.113343641 -0.0504412092 0.0121468203 -0.0825542435 -0.0466991849 0.0798491091 -0.0810685903 -0.109628491 0.161388323 0.0291255228 -0.00794803817 -0.12746942 -0.0674446821 -0.246087193 0.00486672483 -0.103347391 -0.0717985854 0.107582621 -0.0331054665 0.140794665 0.349837929 -0.0639460608 -0.00167606259 0.0546545275 0.110207848 0.149569333 0.0908681601 -0.0707490817 -0.347022653 0.0768017992 0.168330625 0.227597624 0.0502593517 0.00249851053 0.183929637 0.0926992223 -0.226414517 0.0274359919 0.077429615 0.164882019 -0.15019536 0.0424733497 -0.0176241305 0.0695897639 0.147447258
G29 0.265025914 0.0608698241 -0.046904847 -0.0453711711 0.0441819318 -0.0766436234 -0.0381263904 0.0422224775 0.00363627961 0.0752613023 -0.135098785 0.2029915 -0.184957042 0.088095136 -0.137350947 -0.068753019 0.208994403 0.213194415 -0.0240632612 0.113343634 -0.0504412167 0.0121468268 -0.0825542435 -0.0466991812 0.079849124 -0.0810685828 -0.109628499 0.161388323 0.0291255247 -0.00794803724 -0.12746942 -0.0674446821 -0.246087193 0.00486671738 -0.103347391 -0.0717985854 0.107582629 -0.0331054665 0.140794665 0.349837929 -0.0639460608 -0.00167607446 0.0546545237 0.110207848 0.149569348 0.0908681601 -0.0707490891 -0.347022653 0.0768017992 0.168330625 0.227597624 0.050259348 0.00249850727 0.183929652 0.0926992148 -0.226414517 0.0274359919 0.0774296075 0.164882019 -0.150195375 0.0424733497 -0.0176241323 0.0695897713 0.147447258
G30 0.265025914 0.0608698241 -0.0469048433 -0.0453711674 0.0441819355 -0.076643616 -0.0381263979 0.0422224812 0.00363627961 0.0752613097 -0.135098785 0.202991515 -0.184957042 0.088095136 -0.137350947 -0.068753019 0.208994403 0.2131944 -0.0240632612 0.113343634 -0.050441213 0.012146825 -0.0825542435 -0.0466991775 0.0798491165 -0.0810685828 -0.109628506 0.161388323 0.0291255191 -0.00794803165 -0.12746942 -0.0674446821 -0.246087193 0.00486672251 -0.103347391 -0.0717985705 0.107582629 -0.0331054702 0.140794665 0.349837929 -0.0639460534 -0.00167608191 0.0546545163 0.110207848 0.149569348 0.0908681601 -0.0707490817 -0.347022653 0.0768017992 0.168330625 0.227597624 0.0502593517 0.00249851402 0.183929637 0.0926992223 -0.226414517 0.0274359826 0.077429615 0.164882019 -0.150195375 0.0424733497 -0.0176241267 0.0695897713 0.147447258
G31 0.265025914 0.0608698204 -0.046904847 -0.0453711711 0.0441819392 -0.0766436234 -0.0381263867 0.0422224775 0.00363628427 0.0752612948 -0.1350988 0.2029915 -0.184957042 0.0880951434 -0.137350962 -0.068753019 0.208994403 0.213194415 -0.0240632631 0.113343641 -0.0504412092 0.0121468203 -0.082554251 -0.0466991775 0.0798491314 -0.0810685828 -0.109628491 0.161388323 0.0291255284 -0.00794803537 -0.12746942 -0.0674446821 -0.246087193 0.00486672157 -0.103347391 -0.0717985779 0.107582629 -0.033105474 0.140794665 0.349837929 -0.0639460608 -0.00167607074 0.0546545237 0.110207848 0.149569348 0.0908681676 -0.0707490891 -0.347022653 0.0768017918 0.168330625 0.227597624 0.0502593443 0.00249851169 0.183929652 0.0926992074 -0.226414517 0.0274359733 0.0774296001 0.164882004 -0.15019536 0.042473346 -0.0176241286 0.0695897713 0.147447288
G32 0.265025914 0.060869813 -0.0469048433 -0.0453711711 0.0441819429 -0.0766436234 -0.0381263979 0.0422224812 0.00363627821 0.0752613023 -0.135098785 0.2029915 -0.184957042 0.0880951434 -0.137350947 -0.068753019 0.208994389 0.213194385 -0.0240632631 0.113343634 -0.0504412204 0.0121468287 -0.0825542435 -0.0466991812 0.0798491389 -0.0810685903 -0.109628499 0.161388323 0.0291255228 -0.00794804096 -0.12746942 -0.0674446821 -0.246087164 0.00486671925 -0.103347398 -0.0717985854 0.107582636 -0.033105474 0.140794665 0.349837959 -0.0639460683 -0.00167606561 0.0546545163 0.110207848 0.149569348 0.0908681676 -0.0707490966 -0.347022653 0.0768017992 0.168330625 0.227597624 0.0502593443 0.00249850471 0.183929652 0.0926992223 -0.226414502 0.0274359901 0.0774296075 0.164882019 -0.15019536 0.0424733534 -0.0176241212 0.0695897713 0.147447258
G33 0.211271465 0.00996530801 -0.0542558283 -0.0905169249 0.00814317167 -0.128516302 -0.0434375033 0.0580054112 -0.00325578172 0.111011609 -0.100747123 0.169561759 -0.17787087 0.0454771891 -0.169339254 -0.113675125 0.151992753 0.181019962 -0.00797656737 0.0469323024 -0.062306121 0.0586136356 -0.07058689 -0.00987835694 0.037290629 -0.100353174 -0.14678514 0.135267407 0.0015776247 -0.0327032432 -0.0614286326 0.00727920281 -0.207058042 -0.0745774657 -0.108956829 -0.0553128719 0.0631131381 -0.0579059757 0.128435746 0.318978429 -0.087424621 -0.0314799435 0.0380620323 0.0554222725 0.141462833 0.0561438724 -0.0689532235 -0.32098034 0.084999539 0.19052203 0.188484907 0.0543866493 -0.0234278515 0.166241974 0.0598736405 -0.18744117 0.0357741825 0.0876088515 0.189330399 -0.16479966 0.0448129028 -0.0897236019 0.0472601205 0.0936840251
G34 0.211271465 0.00996531267 -0.0542558357 -0.0905169323 0.00814316794 -0.128516302 -0.0434374996 0.0580053963 -0.00325578102 0.111011617 -0.100747116 0.169561759 -0.177870855 0.0454771854 -0.169339254 -0.113675132 0.151992768 0.181019947 -0.00797656924 0.0469323061 -0.062306121 0.0586136281 -0.0705868974 -0.00987835601 0.0372906215 -0.100353174 -0.146785125 0.135267422 0.00157762307 -0.032703232 -0.0614286214 0.0072792056 -0.207058027 -0.0745774657 -0.108956821 -0.0553128757 0.0631131306 -0.0579059795 0.128435761 0.318978429 -0.087424621 -0.0314799324 0.0380620286 0.0554222763 0.141462848 0.0561438613 -0.0689532161 -0.32098034 0.084999539 0.19052203 0.188484892 0.0543866418 -0.0234278552 0.166241959 0.0598736368 -0.18744117 0.0357741863 0.087608844 0.189330399 -0.16479966 0.0448128991 -0.0897236094 0.0472601205 0.0936840251
G35 0.21127148 0.00996531267 -0.0542558208 -0.0905169249 0.00814316608 -0.128516287 -0.0434374996 0.0580054112 -0.00325577566 0.111011609 -0.100747123 0.169561774 -0.177870855 0.0454771854 -0.169339254 -0.113675125 0.151992753 0.181019947 -0.00797657296 0.0469322987 -0.062306121 0.0586136281 -0.0705868974 -0.00987835415 0.037290629 -0.100353174 -0.14678514 0.135267407 0.00157762982 -0.0327032283 -0.0614286214 0.00727920001 -0.207058042 -0.0745774508 -0.108956829 -0.0553128757 0.0631131381 -0.0579059832 0.128435746 0.318978429 -0.0874246284 -0.0314799361 0.0380620211 0.0554222725 0.141462848 0.0561438613 -0.0689532161 -0.32098034 0.0849995315 0.19052203 0.188484907 0.0543866418 -0.0234278571 0.166241974 0.0598736405 -0.187441155 0.03577419 0.0876088589 0.189330399 -0.164799646 0.0448129065 -0.0897236019 0.0472601205 0.0936840326
G36 0.21127148 0.0099653108 -0.0542558245 -0.0905169249 0.00814316794 -0.128516287 -0.0434375033 0.0580054075 -0.00325578148 0.111011617 -0.100747123 0.169561774 -0.177870855 0.0454771854 -0.16933924 -0.113675132 0.151992768 0.181019947 -0.00797657575 0.0469322987 -0.0623061247 0.0586136281 -0.07058689 -0.00987835042 0.0372906215 -0.100353166 -0.146785125 0.135267407 0.00157762307 -0.0327032357 -0.0614286214 0.00727920653 -0.207058027 -0.0745774657 -0.108956829 -0.0553128719 0.0631131306 -0.0579059832 0.128435761 0.318978429 -0.087424621 -0.0314799361 0.0380620286 0.0554222763 0.141462848 0.056143865 -0.0689532161 -0.32098034 0.0849995315 0.19052203 0.188484907 0.0543866456 -0.0234278534 0.166241974 0.0598736443 -0.187441155 0.0357741863 0.0876088515 0.189330399 -0.16479966 0.0448129028 -0.0897236094 0.0472601205 0.0936840177
G37 0.21127148 0.00996530894 -0.0542558208 -0.0905169323 0.00814316608 -0.128516302 -0.0434374921 0.0580054112 -0.00325578498 0.111011617 -0.100747123 0.169561759 -0.177870855 0.0454771928 -0.16933924 -0.113675117 0.151992768 0.181019962 -0.0079765683 0.0469323061 -0.062306121 0.0586136244 -0.0705868974 -0.00987835601 0.037290629 -0.100353174 -0.14678514 0.135267407 0.00157762098 -0.0327032357 -0.0614286214 0.0072792084 -0.207058042 -0.0745774657 -0.108956836 -0.0553128719 0.0631131455 -0.057905972 0.128435746 0.318978429 -0.087424621 -0.031479951 0.0380620249 0.0554222763 0.141462848 0.056143865 -0.0689532161 -0.32098034 0.084999539 0.19052203 0.188484892 0.0543866456 -0.0234278496 0.166241974 0.0598736443 -0.18744117 0.0357741863 0.0876088515 0.189330399 -0.164799646 0.0448128991 -0.0897236168 0.0472601205 0.0936840326
G38 0.21127148 0.00996530708 -0.0542558245 -0.0905169398 0.00814317446 -0.128516302 -0.0434375033 0.0580054149 -0.00325578242 0.111011617 -0.100747123 0.169561759 -0.177870855 0.0454771891 -0.16933924 -0.113675132 0.151992768 0.181019947 -0.00797657203 0.0469322987 -0.062306121 0.0586136319 -0.07058689 -0.00987835415 0.0372906253 -0.100353181 -0.14678514 0.135267407 0.0015776233 -0.032703232 -0.0614286214 0.00727921026 -0.207058027 -0.0745774582 -0.108956829 -0.0553128719 0.0631131381 -0.0579059795 0.128435746 0.318978399 -0.087424621 -0.031479951 0.038062036 0.0554222725 0.141462848 0.056143865 -0.0689532235 -0.32098034 0.0849995315 0.19052203 0.188484907 0.0543866418 -0.0234278571 0.166241974 0.0598736405 -0.187441155 0.0357741863 0.0876088515 0.189330399 -0.164799646 0.0448129065 -0.0897236094 0.0472601205 0.0936840177
G39 0.211271465 0.00996531453 -0.054255832 -0.0905169323 0.00814315863 -0.128516287 -0.0434374958 0.0580054112 -0.00325578474 0.111011617 -0.100747123 0.169561774 -0.177870855 0.0454771817 -0.169339254 -0.113675125 0.151992768 0.181019962 -0.00797656551 0.0469323061 -0.0623061247 0.0586136319 -0.0705868974 -0.00987835322 0.0372906327 -0.100353166 -0.14678514 0.135267407 0.00157762796 -0.0327032357 -0.0614286214 0.00727920746 -0.207058027 -0.0745774657 -0.108956829 -0.0553128719 0.0631131381 -0.057905972 0.128435746 0.318978429 -0.0874246284 -0.0314799435 0.0380620249 0.0554222688 0.141462848 0.0561438724 -0.0689532235 -0.32098034 0.084999539 0.190522015 0.188484892 0.0543866493 -0.0234278478 0.166241974 0.0598736368 -0.187441155 0.0357741788 0.0876088515 0.189330399 -0.16479966 0.0448129028 -0.0897236168 0.0472601242 0.0936840177
G40 0.211271465 0.00996531267 -0.0542558357 -0.0905169323 0.00814316887 -0.128516316 -0.0434374958 0.0580054112 -0.00325578754 0.111011609 -0.100747116 0.169561759 -0.177870855 0.0454771891 -0.169339254 -0.11367514 0.151992753 0.181019947 -0.00797657669 0.046932295 -0.062306121 0.0586136319 -0.0705868974 -0.00987835415 0.0372906253 -0.100353174 -0.146785125 0.135267407 0.00157763308 -0.032703232 -0.0614286214 0.00727921119 -0.207058042 -0.0745774657 -0.108956829 -0.0553128719 0.0631131381 -0.0579059757 0.128435746 0.318978429 -0.0874246359 -0.0314799398 0.0380620323 0.0554222725 0.141462848 0.056143865 -0.0689532161 -0.32098031 0.084999539 0.19052203 0.188484907 0.0543866493 -0.0234278515 0.166241974 0.0598736405 -0.18744117 0.03577419 0.087608844 0.189330384 -0.16479966 0.0448129028 -0.0897236168 0.0472601168 0.09368404
G41 0.252037644 0.0642895103 -0.0554865375 -0.0151410187 0.0186659917 -0.109970003 -0.0529809035 0.0302442815 -0.04711942 0.172108144 -0.118163228 0.158811674 -0.191266179 0.120425388 -0.118433677 -0.0742247477 0.233990327 0.238863409 -0.0269742832 0.0719678998 -0.043884784 0.0242631026 -0.0180252027 -0.0631829947 0.0698055476 -0.0991449803 -0.085927397 0.180883363 0.0517398156 0.00132076722 -0.0966029242 -0.0742334649 -0.247868791 -0.0297974981 -0.0868615285 -0.119917244 0.137577713 -0.0342140459 0.11498104 0.335802764 -0.0495755151 0.0190133452 0.0898399353 0.0920524523 0.128856882 0.0894847065 -0.0391237438 -0.341904432 0.0458432138 0.175963998 0.212121427 0.0172420051 0.0370653719 0.196904197 0.0710185543 -0.262568176 0.00685181329 0.0689128637 0.153957352 -0.154441953 -0.00505741872 -0.030114891 0.0930582285 0.146631822
G242 0.0405010432 -0.0472362414 -0.0961094573 0.0416596048 0.0961045325 0.0983723477 0.0397309735 0.00903498381 -0.111060217 0.0262175053 -0.121438146 0.0360719189 0.00670184568 -0.0854626149 0.0286842212 -0.0577899814 0.0989894345 0.0607374609 0.00958618615 0.0183355175 -0.019832179 0.011556223 -0.029697381 0.00211581215 -0.0140634552 -0.0428504124 -0.188086495 0.136380106 -0.045309905 -0.0527536795 0.00463800132 0.0186098441 -0.118756771 0.0347915441 -0.00739980116 -0.0411488451 0.0165335573 -0.146293938 0.043217279 0.0712262467 -0.0220283978 0.00769898295 -0.104294278 0.125365078 0.0393773019 0.0675213635 -0.00901668333 -0.0703178272 0.102093562 -0.0256712902 0.0660773143 0.10666123 -0.044235982 0.0485314727 -0.0118468665 0.0357461795 -0.112903908 -0.149153054 0.101768628 0.136113226 -0.0178106315 0.00575233623 -0.0416953117 0.105230048
G245 0.0405010507 -0.0472362451 -0.0961094573 0.0416596048 0.096104525 0.0983723402 0.0397309735 0.00903498568 -0.111060224 0.0262175128 -0.121438146 0.0360719226 0.00670183823 -0.0854626149 0.0286842082 -0.0577899814 0.0989894345 0.0607374646 0.00958618429 0.0183355212 -0.0198321715 0.0115562305 -0.029697381 0.00211581215 -0.0140634552 -0.0428504087 -0.188086495 0.136380106 -0.0453098975 -0.052753672 0.00463800505 0.0186098441 -0.118756771 0.0347915441 -0.00739980303 -0.0411488414 0.0165335536 -0.146293938 0.043217279 0.0712262392 -0.0220283959 0.0076989904 -0.10429427 0.125365078 0.0393773019 0.0675213784 -0.00901668705 -0.0703178272 0.102093562 -0.0256712958 0.0660773218 0.106661245 -0.0442359895 0.0485314652 -0.0118468665 0.0357461795 -0.112903908 -0.149153054 0.101768628 0.136113226 -0.0178106297 0.00575233623 -0.0416953117 0.105230048
G248 0.0405010432 -0.0472362377 -0.0961094424 0.0416596048 0.096104525 0.0983723402 0.0397309735 0.00903498754 -0.111060224 0.0262175091 -0.121438138 0.0360719226 0.00670183823 -0.0854626223 0.0286842249 -0.0577899851 0.0989894345 0.0607374646 0.00958618149 0.01833551 -0.019832179 0.0115562379 -0.029697381 0.00211580843 -0.0140634626 -0.0428504124 -0.188086495 0.136380106 -0.045309905 -0.052753672 0.00463800505 0.0186098367 -0.118756771 0.0347915478 -0.00739980303 -0.0411488488 0.0165335536 -0.146293938 0.043217279 0.0712262467 -0.0220284034 0.0076989755 -0.10429427 0.125365078 0.0393773094 0.0675213635 -0.00901668333 -0.0703178197 0.102093577 -0.0256712902 0.0660773218 0.10666123 -0.044235982 0.0485314727 -0.011846859 0.0357461758 -0.1129039 -0.149153054 0.101768628 0.136113226 -0.0178106278 0.00575233623 -0.0416953079 0.105230048
G251 0.0405010432 -0.0472362414 -0.0961094499 0.041659601 0.0961045325 0.0983723402 0.0397309735 0.00903498754 -0.111060224 0.0262175091 -0.121438138 0.0360719301 0.00670184195 -0.0854626223 0.02868421 -0.0577899814 0.0989894345 0.0607374683 0.00958618429 0.0183355175 -0.019832179 0.011556223 -0.0296973772 0.00211580843 -0.0140634552 -0.0428504273 -0.188086495 0.136380106 -0.0453099012 -0.0527536795 0.00463800505 0.0186098441 -0.118756771 0.0347915441 -0.00739981234 -0.0411488414 0.0165335536 -0.146293938 0.043217279 0.0712262467 -0.0220283959 0.00769898295 -0.10429427 0.125365093 0.0393773019 0.0675213784 -0.0090166945 -0.0703178197 0.102093577 -0.0256712921 0.0660773143 0.10666123 -0.0442359969 0.0485314727 -0.0118468702 0.0357461795 -0.112903908 -0.149153054 0.101768635 0.136113241 -0.0178106297 0.00575234368 -0.0416953117 0.105230063
G254 0.0405010432 -0.0472362377 -0.0961094573 0.0416595936 0.096104525 0.0983723402 0.0397309735 0.00903499126 -0.111060217 0.0262175053 -0.121438146 0.0360719226 0.00670184568 -0.0854626149 0.0286842175 -0.0577899776 0.098989442 0.0607374646 0.00958618522 0.0183355175 -0.0198322013 0.0115562379 -0.029697381 0.00211581588 -0.0140634477 -0.0428504124 -0.188086495 0.136380106 -0.045309905 -0.0527536683 0.0046379976 0.0186098441 -0.118756771 0.0347915515 -0.00739980675 -0.0411488526 0.0165335536 -0.146293923 0.043217279 0.0712262392 -0.0220284034 0.0076989755 -0.104294278 0.125365093 0.0393773019 0.0675213635 -0.00901668705 -0.0703178272 0.102093577 -0.0256712921 0.0660773218 0.106661245 -0.0442359857 0.0485314652 -0.0118468609 0.0357461832 -0.112903908 -0.149153039 0.101768635 0.136113226 -0.0178106353 0.00575233996 -0.0416953154 0.105230063
G257 0.0405010432 -0.0472362451 -0.0961094648 0.0416596048 0.0961045325 0.0983723551 0.039730981 0.00903499126 -0.111060224 0.0262175053 -0.121438146 0.0360719264 0.00670184568 -0.0854626223 0.02868421 -0.0577899814 0.0989894345 0.0607374646 0.00958618894 0.0183355175 -0.0198321715 0.0115562305 -0.0296973772 0.00211581588 -0.0140634552 -0.0428504199 -0.18808651 0.136380091 -0.0453098975 -0.052753672 0.00463800505 0.0186098367 -0.118756771 0.0347915478 -0.00739980303 -0.0411488563 0.0165335536 -0.146293923 0.043217279 0.0712262467 -0.0220283959 0.0076989904 -0.10429427 0.125365078 0.0393773019 0.0675213635 -0.00901668705 -0.0703178272 0.102093577 -0.0256712902 0.0660773143 0.106661245 -0.0442359932 0.0485314615 -0.0118468665 0.0357461795 -0.112903915 -0.149153054 0.101768635 0.136113226 -0.0178106315 0.00575233996 -0.0416953117 0.105230048
G260 0.0405010469 -0.0472362563 -0.0961094499 0.0416595973 0.0961045325 0.0983723626 0.039730981 0.00903498754 -0.111060224 0.0262175091 -0.121438123 0.0360719338 0.00670184195 -0.0854626223 0.0286842193 -0.0577899776 0.098989442 0.0607374609 0.00958618615 0.01833551 -0.019832179 0.0115562305 -0.029697381 0.0021158047 -0.0140634477 -0.0428504124 -0.188086495 0.136380106 -0.0453098975 -0.0527536757 0.00463800132 0.0186098367 -0.118756779 0.0347915441 -0.00739980116 -0.0411488488 0.0165335536 -0.146293938 0.043217279 0.0712262541 -0.0220284034 0.00769898295 -0.10429427 0.125365093 0.0393773019 0.0675213784 -0.00901668333 -0.0703178272 0.10209357 -0.0256712977 0.0660773069 0.106661245 -0.0442359857 0.0485314764 -0.0118468627 0.0357461832 -0.112903908 -0.149153054 0.101768635 0.136113226 -0.0178106297 0.00575233623 -0.0416953154 0.105230048
G263 0.0405010469 -0.0472362563 -0.0961094648 0.041659601 0.0961045325 0.0983723402 0.0397309735 0.00903498568 -0.111060217 0.0262175053 -0.121438146 0.0360719264 0.00670184568 -0.0854626223 0.0286842026 -0.0577899851 0.098989442 0.0607374646 0.00958619826 0.0183355249 -0.019832179 0.0115562379 -0.0296973865 0.00211581588 -0.0140634477 -0.0428504124 -0.188086495 0.136380091 -0.0453098975 -0.0527536757 0.0046379976 0.0186098441 -0.118756786 0.0347915478 -0.00739980489 -0.0411488451 0.0165335536 -0.146293938 0.0432172939 0.0712262392 -0.0220284034 0.00769898295 -0.10429427 0.125365078 0.0393773019 0.0675213784 -0.00901668333 -0.0703178272 0.102093577 -0.0256712977 0.0660773143 0.106661245 -0.0442359969 0.0485314727 -0.0118468609 0.0357461758 -0.1129039 -0.149153054 0.101768635 0.136113226 -0.0178106353 0.00575233623 -0.0416953154 0.105230063
G266 0.0155070405 0.00234142691 0.0363387913 -0.0664778501 0.0346691683 0.0858268142 -0.133837149 0.037043713 -0.0228959434 -0.112388998 -0.0197165757 0.16798313 -0.019423753 -0.0518379807 0.0699221715 -0.0685009733 0.115867458 0.191242367 -0.0760392547 -0.113633931 -0.114494801 -0.00815545768 -0.112658754 -0.125097826 -0.0986181945 -0.0633579642 -0.198185503 0.115028337 -0.0554892793 -0.127725825 0.0655200556 -0.124818154 -0.0911727995 0.116618469 0.00905380771 0.0149711408 0.0307711326 -0.205078602 -0.0895936042 0.212292805 0.0402290225 -0.0183487758 -0.0757560134 0.233356565 0.0631185398 -0.122146405 -0.120283067 -0.0556158125 0.000425137579 -0.00377523154 0.0203440376 0.163119465 -0.104133815 0.10628292 0.0277971253 0.0157970339 0.0880095661 0.0280085877 0.152133062 0.101660788 0.0788845941 -0.0899432525 -0.0347250178 0.00925360247
G269 0.0155070433 0.00234142225 0.0363387913 -0.0664778426 0.0346691757 0.0858268142 -0.133837149 0.037043713 -0.0228959396 -0.112389006 -0.0197165906 0.16798313 -0.0194237493 -0.0518379696 0.0699221641 -0.0685009733 0.115867458 0.191242367 -0.0760392696 -0.113633938 -0.114494793 -0.0081554614 -0.112658747 -0.125097826 -0.0986181945 -0.0633579642 -0.198185489 0.115028337 -0.0554892793 -0.127725825 0.0655200556 -0.124818161 -0.0911727995 0.116618477 0.00905380026 0.0149711408 0.0307711381 -0.205078602 -0.0895936042 0.212292805 0.04022903 -0.0183487833 -0.0757560059 0.233356565 0.0631185398 -0.122146413 -0.120283075 -0.0556157976 0.000425137579 -0.00377521664 0.0203440376 0.163119465 -0.104133822 0.106282912 0.027797129 0.0157970265 0.088009581 0.0280085951 0.152133048 0.101660781 0.0788846016 -0.0899432376 -0.0347250178 0.00925360247
G272 0.0155070536 0.00234142318 0.0363388062 -0.0664778426 0.0346691683 0.0858268067 -0.133837149 0.0370437056 -0.0228959471 -0.112388998 -0.0197165795 0.16798313 -0.0194237493 -0.0518379658 0.0699221641 -0.0685009733 0.115867451 0.191242367 -0.0760392621 -0.113633938 -0.114494793 -0.00815545768 -0.112658754 -0.125097826 -0.0986181945 -0.0633579642 -0.198185489 0.115028352 -0.0554892644 -0.127725825 0.0655200556 -0.124818161 -0.0911727995 0.116618484 0.00905381143 0.0149711408 0.0307711326 -0.205078602 -0.0895936042 0.212292805 0.0402290188 -0.0183487833 -0.0757560134 0.233356565 0.0631185398 -0.122146413 -0.120283082 -0.05561582 0.00042514503 -0.00377522781 0.0203440376 0.16311945 -0.104133815 0.10628292 0.0277971253 0.0157970451 0.088009581 0.0280085951 0.152133062 0.101660788 0.078884609 -0.0899432376 -0.0347250178 0.00925359502
G275 0.0155070592 0.0023414176 0.0363388136 -0.0664778426 0.0346691757 0.0858268067 -0.133837149 0.0370437056 -0.0228959508 -0.112389013 -0.019716572 0.16798313 -0.0194237567 -0.0518379733 0.0699221641 -0.0685009658 0.115867458 0.191242367 -0.0760392621 -0.113633946 -0.114494801 -0.00815545395 -0.112658754 -0.125097826 -0.0986182019 -0.0633579567 -0.198185503 0.115028337 -0.0554892644 -0.12772581 0.0655200556 -0.124818154 -0.0911727995 0.116618484 0.00905381516 0.0149711408 0.0307711307 -0.205078602 -0.0895936042 0.212292805 0.0402290225 -0.0183487758 -0.0757560134 0.233356565 0.0631185472 -0.122146413 -0.120283075 -0.0556158051 0.000425133854 -0.00377522409 0.0203440376 0.16311945 -0.104133822 0.106282912 0.0277971327 0.0157970451 0.0880095661 0.0280085951 0.152133048 0.101660773 0.078884609 -0.0899432451 -0.0347250178 0.00925360247
G278 0.0155070517 0.00234142412 0.0363388062 -0.0664778352 0.0346691683 0.0858268142 -0.133837149 0.0370437056 -0.0228959508 -0.112389013 -0.0197165869 0.167983145 -0.019423753 -0.0518379696 0.0699221715 -0.0685009733 0.115867458 0.191242367 -0.0760392696 -0.113633931 -0.114494793 -0.00815545395 -0.112658747 -0.125097826 -0.0986181945 -0.0633579567 -0.198185489 0.115028337 -0.0554892644 -0.12772584 0.0655200556 -0.124818161 -0.0911727995 0.116618484 0.00905381516 0.014971137 0.0307711344 -0.205078602 -0.0895936042 0.212292805 0.0402290151 -0.0183487833 -0.0757560134 0.233356565 0.0631185323 -0.122146413 -0.120283082 -0.0556158051 0.000425137579 -0.00377522781 0.0203440376 0.163119465 -0.104133829 0.10628292 0.0277971216 0.0157970451 0.088009581 0.0280086026 0.152133048 0.101660781 0.0788845941 -0.0899432451 -0.0347250104 0.00925360247
G281 0.015507048 0.00234142505 0.0363388062 -0.0664778352 0.0346691757 0.0858268067 -0.133837149 0.0370437056 -0.0228959396 -0.112389006 -0.0197165795 0.167983145 -0.0194237567 -0.0518379696 0.0699221641 -0.0685009658 0.115867451 0.191242382 -0.0760392696 -0.113633931 -0.114494793 -0.00815545022 -0.112658747 -0.125097841 -0.0986181945 -0.0633579642 -0.198185489 0.115028352 -0.0554892644 -0.12772584 0.065520063 -0.124818161 -0.0911727995 0.116618484 0.00905380398 0.0149711408 0.0307711381 -0.205078602 -0.0895936042 0.212292805 0.0402290188 -0.0183487609 -0.0757560208 0.233356565 0.0631185472 -0.122146413 -0.120283082 -0.0556158051 0.000425130129 -0.00377522781 0.020344045 0.163119435 -0.104133815 0.106282905 0.0277971197 0.0157970488 0.0880095661 0.0280085951 0.152133062 0.101660788 0.0788845941 -0.0899432451 -0.0347250141 0.00925360993
G284 0.0155070573 0.0023414176 0.0363387913 -0.0664778352 0.0346691683 0.0858268142 -0.133837134 0.0370437056 -0.0228959545 -0.112389013 -0.0197165869 0.16798313 -0.019423753 -0.0518379696 0.069922179 -0.0685009733 0.115867451 0.191242367 -0.0760392696 -0.113633931 -0.114494793 -0.0081554614 -0.112658754 -0.125097826 -0.0986182019 -0.0633579567 -0.198185489 0.115028337 -0.0554892644 -0.12772584 0.0655200556 -0.124818161 -0.0911727995 0.116618484 0.00905380771 0.0149711408 0.0307711344 -0.205078602 -0.0895935893 0.212292805 0.0402290262 -0.0183487907 -0.0757560134 0.233356565 0.0631185398 -0.122146413 -0.120283082 -0.0556158051 0.000425137579 -0.00377522781 0.020344045 0.16311945 -0.104133815 0.106282927 0.0277971253 0.0157970414 0.0880095735 0.0280085802 0.152133062 0.101660788 0.0788846016 -0.0899432451 -0.0347250141 0.00925360247
G287 0.015507048 0.00234142039 0.0363388062 -0.0664778352 0.0346691757 0.0858268142 -0.133837149 0.0370437056 -0.0228959471 -0.112389013 -0.0197165832 0.16798313 -0.0194237567 -0.0518379658 0.069922179 -0.0685009733 0.115867458 0.191242367 -0.0760392696 -0.113633931 -0.114494793 -0.00815545395 -0.112658747 -0.125097826 -0.0986182019 -0.0633579642 -0.198185489 0.115028337 -0.055489257 -0.127725825 0.065520063 -0.124818161 -0.0911728144 0.116618484 0.00905380771 0.014971137 0.0307711344 -0.205078602 -0.0895936042 0.21229279 0.0402290262 -0.0183487758 -0.0757560059 0.233356565 0.0631185472 -0.122146413 -0.120283075 -0.0556158125 0.00042514503 -0.00377522036 0.0203440376 0.163119465 -0.104133815 0.106282912 0.0277971253 0.0157970414 0.088009581 0.0280085951 0.152133062 0.101660781 0.078884609 -0.0899432525 -0.0347250104 0.00925360247
G290 0.0155070508 0.00234142318 0.0363387913 -0.0664778352 0.0346691683 0.0858268142 -0.133837149 0.0370437056 -0.0228959545 -0.112389013 -0.0197165869 0.16798313 -0.019423753 -0.0518379696 0.0699221715 -0.0685009807 0.115867458 0.191242367 -0.0760392547 -0.113633931 -0.114494801 -0.00815545768 -0.112658739 -0.125097826 -0.0986181945 -0.0633579642 -0.198185489 0.115028352 -0.0554892644 -0.12772584 0.0655200556 -0.124818161 -0.0911727995 0.116618484 0.00905380771 0.0149711408 0.0307711344 -0.205078602 -0.0895936042 0.21229279 0.0402290262 -0.0183487907 -0.0757560134 0.233356565 0.0631185398 -0.12214642 -0.12028306 -0.0556158051 0.000425141305 -0.00377522781 0.020344045 0.16311945 -0.104133815 0.10628292 0.027797129 0.0157970451 0.0880095661 0.0280086026 0.152133062 0.101660781 0.0788846016 -0.0899432451 -0.0347250178 0.00925359875
G293 0.0155070452 0.00234142691 0.0363387913 -0.0664778501 0.0346691757 0.0858268142 -0.133837149 0.0370437056 -0.0228959508 -0.112389006 -0.0197165795 0.16798313 -0.019423753 -0.0518379807 0.069922179 -0.0685009658 0.115867458 0.191242367 -0.0760392696 -0.113633931 -0.114494793 -0.00815545395 -0.112658754 -0.125097811 -0.0986181945 -0.0633579642 -0.198185489 0.115028352 -0.0554892644 -0.12772584 0.0655200556 -0.124818154 -0.0911727995 0.116618484 0.00905381143 0.0149711333 0.030771127 -0.205078602 -0.0895935893 0.212292805 0.0402290225 -0.0183487907 -0.0757560059 0.23335658 0.0631185398 -0.122146413 -0.120283075 -0.0556158051 0.000425141305 -0.00377523154 0.020344045 0.163119465 -0.104133815 0.106282905 0.0277971253 0.0157970339 0.088009581 0.0280085877 0.152133062 0.101660788 0.0788846016 -0.0899432451 -0.0347250253 0.00925360993
G296 0.0155070517 0.00234142225 0.0363387913 -0.0664778352 0.0346691683 0.0858268067 -0.133837149 0.0370437056 -0.0228959471 -0.112388998 -0.0197165832 0.16798313 -0.0194237493 -0.0518379696 0.0699221715 -0.0685009807 0.115867458 0.191242367 -0.0760392547 -0.113633938 -0.114494793 -0.0081554614 -0.112658747 -0.125097826 -0.0986181945 -0.0633579642 -0.198185503 0.115028337 -0.055489257 -0.127725825 0.0655200556 -0.124818161 -0.0911727995 0.116618484 0.00905380771 0.014971137 0.03077114 -0.205078602 -0.0895936042 0.212292805 0.0402290262 -0.0183487833 -0.0757560134 0.23335658 0.0631185323 -0.122146413 -0.120283082 -0.05561582 0.000425152481 -0.00377523154 0.020344045 0.163119465 -0.104133807 0.10628292 0.0277971216 0.0157970265 0.0880095661 0.0280086026 0.152133062 0.101660781 0.0788846016 -0.0899432451 -0.0347250104 0.00925359875
G299 0.0155070554 0.00234142132 0.0363388062 -0.0664778426 0.0346691683 0.0858268067 -0.133837149 0.037043713 -0.0228959359 -0.112389006 -0.0197165832 0.16798313 -0.0194237493 -0.0518379696 0.069922179 -0.0685009658 0.115867443 0.191242367 -0.0760392696 -0.113633938 -0.114494801 -0.00815545768 -0.112658747 -0.125097826 -0.0986182019 -0.0633579567 -0.198185489 0.115028352 -0.0554892644 -0.12772581 0.0655200556 -0.124818154 -0.0911728293 0.116618484 0.00905380771 0.0149711333 0.0307711307 -0.205078602 -0.0895936042 0.21229279 0.0402290262 -0.0183487833 -0.0757560208 0.233356565 0.0631185398 -0.122146405 -0.120283075 -0.0556158125 0.000425137579 -0.00377522409 0.0203440376 0.163119465 -0.104133807 0.106282912 0.0277971234 0.0157970376 0.088009581 0.0280086026 0.152133062 0.101660781 0.0788846016 -0.0899432451 -0.0347250178 0.00925359875
G302 0.015507048 0.0023414325 0.0363388062 -0.0664778352 0.0346691683 0.0858268142 -0.133837149 0.0370437056 -0.0228959359 -0.112389006 -0.0197165832 0.16798313 -0.019423753 -0.0518379696 0.069922179 -0.0685009658 0.115867458 0.191242367 -0.0760392547 -0.113633931 -0.114494801 -0.0081554465 -0.112658754 -0.125097811 -0.098618187 -0.0633579642 -0.198185489 0.115028337 -0.0554892719 -0.12772584 0.065520063 -0.124818154 -0.0911727995 0.116618484 0.00905381143 0.014971137 0.0307711307 -0.205078602 -0.0895935893 0.212292805 0.0402290262 -0.0183487758 -0.0757560134 0.233356565 0.0631185398 -0.122146413 -0.120283082 -0.0556158051 0.000425137579 -0.00377522781 0.020344045 0.163119435 -0.104133815 0.10628289 0.027797129 0.0157970339 0.0880095661 0.0280085951 0.152133062 0.101660781 0.0788845867 -0.0899432376 -0.0347250178 0.00925360247
G305 0.0155070517 0.00234142318 0.0363387913 -0.0664778426 0.0346691757 0.0858268142 -0.133837149 0.0370437056 -0.0228959545 -0.112389006 -0.0197165869 0.16798313 -0.0194237493 -0.0518379696 0.0699221715 -0.0685009733 0.115867458 0.191242367 -0.0760392547 -0.113633931 -0.114494801 -0.00815545395 -0.112658761 -0.125097826 -0.0986181945 -0.0633579642 -0.198185489 0.115028352 -0.0554892644 -0.12772584 0.065520063 -0.124818169 -0.0911727995 0.116618484 0.00905380771 0.0149711408 0.0307711363 -0.205078602 -0.0895935968 0.212292805 0.0402290262 -0.0183487907 -0.0757560134 0.233356565 0.0631185398 -0.122146405 -0.12028306 -0.0556157976 0.000425137579 -0.00377522409 0.020344045 0.163119465 -0.104133815 0.10628292 0.0277971216 0.0157970339 0.088009581 0.0280085877 0.152133062 0.101660766 0.0788845941 -0.0899432376 -0.0347250104 0.00925360247
G308 0.0155070443 0.00234143063 0.0363388062 -0.0664778277 0.0346691832 0.0858268067 -0.133837134 0.0370437056 -0.0228959508 -0.112389013 -0.0197165869 0.16798313 -0.019423753 -0.0518379733 0.0699221715 -0.0685009733 0.115867458 0.191242367 -0.0760392547 -0.113633938 -0.114494801 -0.00815545768 -0.112658754 -0.125097826 -0.0986181945 -0.0633579567 -0.198185489 0.115028337 -0.055489257 -0.12772584 0.065520063 -0.124818161 -0.0911727995 0.116618484 0.00905381143 0.0149711333 0.0307711363 -0.205078602 -0.0895936042 0.21229279 0.0402290262 -0.0183487758 -0.0757560208 0.233356565 0.0631185398 -0.122146398 -0.120283067 -0.0556158125 0.00042514503 -0.00377522036 0.020344045 0.163119465 -0.104133822 0.10628292 0.0277971253 0.0157970414 0.088009581 0.0280086026 0.152133062 0.101660773 0.0788845941 -0.0899432376 -0.0347250178 0.00925360993
G311 0.0155070461 0.00234142412 0.0363387913 -0.0664778352 0.0346691757 0.0858268216 -0.133837149 0.037043713 -0.0228959471 -0.112389013 -0.0197165757 0.16798313 -0.0194237493 -0.0518379696 0.0699221715 -0.0685009658 0.115867466 0.191242367 -0.0760392696 -0.113633931 -0.114494793 -0.00815545395 -0.112658754 -0.125097811 -0.0986181945 -0.0633579567 -0.198185489 0.115028337 -0.0554892644 -0.12772581 0.065520063 -0.124818169 -0.0911728144 0.116618484 0.00905381516 0.014971137 0.0307711307 -0.205078602 -0.0895936042 0.21229279 0.0402290225 -0.0183487833 -0.0757560134 0.233356565 0.0631185398 -0.122146413 -0.120283075 -0.0556158051 0.000425133854 -0.00377521664 0.0203440376 0.163119465 -0.104133807 0.106282912 0.0277971271 0.0157970414 0.0880095661 0.0280085951 0.152133062 0.101660788 0.0788845941 -0.0899432525 -0.0347250104 0.00925360247
G314 0.0154839512 0.00232723262 0.0363360122 -0.0664653853 0.034656398 0.0858345628 -0.133817434 0.0370259136 -0.0229005441 -0.112385593 -0.019717399 0.167962372 -0.0194191877 -0.0518281274 0.0699127913 -0.0685235932 0.115873687 0.191234291 -0.0760568902 -0.113636605 -0.114481479 -0.00816343352 -0.112667292 -0.12510401 -0.0986149311 -0.0633263662 -0.198183775 0.115025967 -0.0554732084 -0.127701133 0.0655158907 -0.124814756 -0.0911842287 0.116617613 0.00906312093 0.0149459541 0.0307898503 -0.205074936 -0.0896064639 0.212287575 0.0402208902 -0.0183451176 -0.0757292807 0.233343527 0.06311097 -0.122152634 -0.120263718 -0.0556117296 0.000433422625 -0.00374854729 0.02033237 0.163136661 -0.104146346 0.10628286 0.0277679171 0.0157886222 0.0880160183 0.0280028284 0.152140051 0.101645596 0.0788870826 -0.0899489895 -0.0347183198 0.00926260278
G317 0.0154839586 0.00232723728 0.0363360047 -0.0664653778 0.034656398 0.0858345628 -0.133817434 0.0370258987 -0.022900559 -0.112385593 -0.019717399 0.167962387 -0.019419184 -0.0518281423 0.0699127764 -0.0685235932 0.11587368 0.191234306 -0.0760568902 -0.113636613 -0.114481486 -0.00816343352 -0.112667292 -0.12510401 -0.0986149386 -0.0633263588 -0.19818379 0.115025967 -0.0554732084 -0.127701119 0.0655158907 -0.124814749 -0.0911842287 0.116617613 0.00906311721 0.0149459541 0.0307898466 -0.205074936 -0.0896064565 0.212287575 0.0402208902 -0.018345125 -0.0757292807 0.233343542 0.06311097 -0.122152627 -0.120263718 -0.0556117371 0.000433422625 -0.00374853984 0.02033237 0.163136661 -0.104146361 0.106282867 0.0277679116 0.0157886259 0.0880160183 0.0280028284 0.152140066 0.101645589 0.0788870752 -0.089948982 -0.0347183198 0.00926258788
G320 0.0154839521 0.00232723355 0.0363360122 -0.0664653927 0.034656398 0.0858345628 -0.133817434 0.0370259136 -0.0229005441 -0.112385593 -0.0197174028 0.167962387 -0.019419184 -0.0518281423 0.0699127764 -0.0685235932 0.115873687 0.191234306 -0.0760568753 -0.113636613 -0.114481486 -0.00816343352 -0.112667292 -0.12510401 -0.0986149386 -0.0633263588 -0.19818379 0.115025967 -0.0554732084 -0.127701133 0.0655158907 -0.124814756 -0.0911842287 0.116617613 0.00906312093 0.0149459504 0.0307898466 -0.205074936 -0.089606449 0.212287575 0.0402208902 -0.0183451176 -0.0757292882 0.233343542 0.0631109774 -0.122152627 -0.120263718 -0.0556117371 0.000433422625 -0.00374853611 0.0203323662 0.163136661 -0.104146354 0.10628286 0.0277679097 0.0157886222 0.0880160108 0.0280028209 0.152140066 0.101645596 0.0788870752 -0.089948982 -0.0347183235 0.00926258788
G323 0.0154839521 0.00232723448 0.0363360122 -0.0664653778 0.034656398 0.0858345479 -0.133817434 0.0370258987 -0.0229005478 -0.112385593 -0.0197174065 0.167962372 -0.0194191877 -0.0518281385 0.0699127838 -0.0685235932 0.115873687 0.191234291 -0.0760568902 -0.11363662 -0.114481494 -0.0081634298 -0.1126673 -0.12510401 -0.0986149386 -0.0633263588 -0.198183775 0.115025967 -0.055473201 -0.127701133 0.0655158907 -0.124814756 -0.0911842287 0.11661762 0.00906311348 0.0149459541 0.0307898466 -0.205074936 -0.0896064565 0.212287575 0.0402208902 -0.0183451101 -0.0757292807 0.233343542 0.0631109774 -0.122152619 -0.120263726 -0.0556117371 0.000433422625 -0.00374854356 0.0203323662 0.163136661 -0.104146346 0.10628286 0.0277679097 0.0157886259 0.0880159959 0.0280028284 0.152140051 0.101645589 0.0788870677 -0.0899489745 -0.0347183198 0.0092625916
G326 0.0154839493 0.00232723728 0.0363360122 -0.0664653927 0.0346564129 0.0858345628 -0.133817434 0.0370259136 -0.0229005478 -0.112385593 -0.019717399 0.167962387 -0.019419184 -0.0518281385 0.0699127764 -0.0685236007 0.11587368 0.191234306 -0.0760568902 -0.113636613 -0.114481479 -0.0081634298 -0.112667277 -0.12510401 -0.0986149386 -0.0633263588 -0.198183775 0.115025967 -0.0554732084 -0.127701119 0.0655158907 -0.124814749 -0.0911842287 0.116617613 0.00906312093 0.0149459541 0.0307898447 -0.205074936 -0.089606449 0.212287545 0.0402208865 -0.0183451176 -0.0757292807 0.233343527 0.0631109774 -0.122152627 -0.120263718 -0.0556117296 0.000433415174 -0.00374853984 0.0203323662 0.163136661 -0.104146361 0.10628286 0.0277679153 0.0157886371 0.0880160034 0.0280028209 0.152140051 0.101645596 0.0788870826 -0.089948982 -0.0347183123 0.00926259533
G329 0.015483954 0.00232724287 0.0363360047 -0.0664653853 0.034656398 0.0858345553 -0.133817434 0.0370259136 -0.0229005441 -0.112385586 -0.019717399 0.167962402 -0.019419184 -0.0518281423 0.0699127764 -0.0685235858 0.115873687 0.191234306 -0.0760568976 -0.113636613 -0.114481494 -0.0081634298 -0.112667292 -0.12510401 -0.0986149386 -0.0633263588 -0.19818379 0.115025967 -0.055473201 -0.127701133 0.0655158907 -0.124814741 -0.0911842138 0.116617613 0.00906311348 0.0149459541 0.0307898447 -0.205074936 -0.0896064565 0.212287575 0.0402208865 -0.0183451176 -0.0757292807 0.233343527 0.0631109774 -0.122152627 -0.120263718 -0.0556117371 0.000433422625 -0.00374854729 0.02033237 0.163136661 -0.104146346 0.10628286 0.027767919 0.0157886297 0.0880160183 0.0280028284 0.152140051 0.101645596 0.0788870677 -0.089948982 -0.0347183198 0.00926259905
G332 0.0154839549 0.00232723262 0.0363359973 -0.0664653927 0.034656398 0.0858345628 -0.133817434 0.0370259136 -0.0229005516 -0.112385593 -0.019717399 0.167962402 -0.0194191877 -0.0518281385 0.0699127764 -0.0685235858 0.115873687 0.191234306 -0.0760568902 -0.113636605 -0.114481494 -0.00816343725 -0.112667292 -0.12510401 -0.0986149311 -0.0633263588 -0.19818379 0.115025967 -0.0554731935 -0.127701133 0.0655158907 -0.124814756 -0.0911842287 0.116617613 0.00906311348 0.0149459578 0.0307898391 -0.205074921 -0.089606449 0.212287575 0.0402208865 -0.0183451176 -0.0757292807 0.233343542 0.0631109774 -0.122152627 -0.120263718 -0.0556117296 0.000433422625 -0.00374853611 0.02033237 0.163136661 -0.104146346 0.106282845 0.0277679171 0.0157886259 0.0880160034 0.0280028284 0.152140066 0.101645589 0.0788870752 -0.0899489745 -0.0347183198 0.00926259533
G335 0.0154839568 0.00232724007 0.0363359973 -0.0664653853 0.034656398 0.0858345479 -0.133817434 0.0370259136 -0.0229005441 -0.112385586 -0.0197174028 0.167962387 -0.019419184 -0.0518281311 0.0699127764 -0.0685235858 0.115873687 0.191234291 -0.0760568902 -0.11363662 -0.114481494 -0.0081634298 -0.112667292 -0.125104025 -0.098614946 -0.0633263662 -0.198183775 0.115025967 -0.0554731935 -0.127701119 0.0655158758 -0.124814764 -0.0911842287 0.116617605 0.00906310603 0.0149459504 0.0307898521 -0.205074936 -0.0896064639 0.212287575 0.0402208939 -0.0183451027 -0.0757292807 0.233343527 0.0631109774 -0.122152619 -0.120263718 -0.0556117296 0.000433422625 -0.00374854356 0.0203323662 0.163136661 -0.104146346 0.106282853 0.0277679134 0.0157886334 0.0880160034 0.0280028358 0.152140066 0.101645589 0.0788870752 -0.089948982 -0.034718316 0.00926259533
G338 0.0154839531 0.00232724473 0.0363360122 -0.0664653853 0.034656398 0.0858345553 -0.133817434 0.0370258987 -0.0229005441 -0.112385593 -0.019717399 0.167962387 -0.019419184 -0.0518281385 0.0699127764 -0.0685235932 0.115873687 0.191234306 -0.0760568902 -0.113636613 -0.114481494 -0.0081634298 -0.112667292 -0.12510401 -0.0986149386 -0.0633263588 -0.198183775 0.115025967 -0.0554732084 -0.127701119 0.0655158907 -0.124814756 -0.0911842287 0.116617613 0.00906312093 0.0149459653 0.0307898503 -0.205074936 -0.0896064565 0.212287575 0.0402208902 -0.0183451101 -0.0757292807 0.233343557 0.0631109774 -0.122152627 -0.120263718 -0.0556117296 0.000433415174 -0.00374853984 0.0203323774 0.163136661 -0.104146346 0.10628286 0.0277679209 0.0157886259 0.0880160183 0.0280028284 0.152140066 0.101645589 0.0788870826 -0.0899489895 -0.0347183198 0.00926260278
G341 0.0154839531 0.00232724007 0.0363360122 -0.0664653778 0.034656398 0.0858345628 -0.133817434 0.0370259061 -0.0229005516 -0.112385593 -0.019717399 0.167962387 -0.0194191914 -0.0518281385 0.0699127689 -0.0685235932 0.115873687 0.191234291 -0.0760569051 -0.113636613 -0.114481494 -0.00816343352 -0.112667285 -0.12510401 -0.0986149386 -0.0633263513 -0.198183775 0.115025967 -0.0554731935 -0.127701119 0.0655158907 -0.124814749 -0.0911842585 0.116617605 0.00906311348 0.0149459578 0.0307898466 -0.205074921 -0.0896064565 0.212287575 0.0402208865 -0.0183451176 -0.0757292733 0.233343527 0.0631109774 -0.122152619 -0.120263718 -0.0556117296 0.000433407724 -0.00374854356 0.0203323625 0.163136661 -0.104146346 0.106282853 0.0277679134 0.0157886334 0.0880160108 0.0280028284 0.152140051 0.101645589 0.0788870752 -0.089948982 -0.0347183198 0.00926259533
G344 0.0154839549 0.00232723635 0.0363360122 -0.0664653927 0.034656398 0.0858345628 -0.133817434 0.0370259061 -0.0229005367 -0.112385601 -0.0197173953 0.167962402 -0.0194191914 -0.0518281348 0.0699127764 -0.0685235858 0.11587368 0.191234291 -0.0760568902 -0.11363662 -0.114481494 -0.0081634298 -0.1126673 -0.12510401 -0.0986149386 -0.0633263588 -0.19818379 0.115025967 -0.0554732084 -0.127701133 0.0655158982 -0.124814749 -0.0911842287 0.116617613 0.00906311721 0.0149459504 0.0307898428 -0.205074921 -0.0896064565 0.212287575 0.0402208902 -0.0183451176 -0.0757292807 0.233343527 0.0631109849 -0.122152619 -0.120263726 -0.0556117296 0.0004334189 -0.00374854356 0.0203323625 0.163136646 -0.104146346 0.106282853 0.0277679078 0.0157886371 0.0880160183 0.0280028284 0.152140051 0.101645589 0.0788870677 -0.0899489895 -0.0347183198 0.00926259533
G347 0.0154839456 0.002327241 0.0363359973 -0.0664653853 0.034656398 0.0858345628 -0.133817434 0.0370258987 -0.0229005367 -0.112385586 -0.0197174028 0.167962387 -0.0194191877 -0.0518281385 0.0699127764 -0.0685235932 0.115873694 0.191234306 -0.0760568902 -0.113636613 -0.114481494 -0.0081634298 -0.1126673 -0.12510401 -0.0986149386 -0.0633263662 -0.198183775 0.115025967 -0.0554731935 -0.127701119 0.0655158907 -0.124814756 -0.0911842287 0.116617613 0.00906310976 0.0149459504 0.0307898447 -0.205074936 -0.0896064565 0.212287575 0.0402208939 -0.0183451027 -0.0757292807 0.233343542 0.0631109774 -0.122152634 -0.12026374 -0.0556117222 0.000433433801 -0.00374853611 0.0203323625 0.163136661 -0.104146361 0.10628286 0.0277679153 0.0157886297 0.0880160108 0.0280028284 0.152140066 0.101645589 0.0788870752 -0.0899489895 -0.0347183272 0.00926259533
G350 0.0154839568 0.00232723821 0.0363359973 -0.0664653778 0.0346564129 0.0858345628 -0.133817434 0.037025921 -0.0229005441 -0.112385601 -0.0197174028 0.167962387 -0.019419184 -0.0518281348 0.0699127764 -0.0685235858 0.115873687 0.191234306 -0.0760568902 -0.113636613 -0.114481494 -0.0081634298 -0.112667292 -0.12510401 -0.0986149386 -0.0633263588 -0.19818379 0.115025967 -0.055473201 -0.127701133 0.0655158833 -0.124814749 -0.0911842287 0.11661762 0.00906310603 0.0149459504 0.0307898391 -0.205074921 -0.089606449 0.212287575 0.0402208939 -0.0183451176 -0.0757292733 0.233343527 0.0631109774 -0.122152627 -0.120263718 -0.0556117371 0.000433422625 -0.00374853984 0.0203323662 0.163136661 -0.104146354 0.106282853 0.0277679171 0.0157886259 0.0880160034 0.0280028209 0.152140051 0.101645589 0.0788870752 -0.089948982 -0.034718316 0.00926258415
G353 0.0154839531 0.002327241 0.0363360122 -0.0664653778 0.034656398 0.0858345628 -0.133817434 0.0370259136 -0.0229005478 -0.112385586 -0.019717399 0.167962387 -0.019419184 -0.0518281311 0.0699127764 -0.0685235858 0.115873687 0.191234306 -0.0760568902 -0.113636613 -0.114481494 -0.0081634298 -0.112667307 -0.12510401 -0.0986149386 -0.0633263588 -0.198183775 0.115025967 -0.0554731935 -0.127701133 0.0655158907 -0.124814756 -0.0911842287 0.116617613 0.00906312093 0.0149459541 0.0307898466 -0.205074936 -0.089606449 0.212287575 0.0402208827 -0.0183451176 -0.0757292807 0.233343527 0.0631109774 -0.122152627 -0.120263718 -0.0556117296 0.000433422625 -0.00374855101 0.0203323737 0.163136661 -0.104146346 0.106282845 0.0277679153 0.0157886185 0.0880160034 0.0280028209 0.152140051 0.101645596 0.0788870752 -0.089948982 -0.034718316 0.00926259533
G356 0.0154839521 0.00232724287 0.0363360047 -0.0664653778 0.0346564054 0.0858345628 -0.133817434 0.0370259136 -0.0229005516 -0.112385601 -0.019717399 0.167962402 -0.019419184 -0.0518281423 0.0699127764 -0.0685235932 0.115873687 0.191234291 -0.0760569051 -0.11363662 -0.114481494 -0.0081634298 -0.112667292 -0.12510401 -0.0986149386 -0.0633263588 -0.19818379 0.115025967 -0.0554732084 -0.127701133 0.0655158907 -0.124814741 -0.0911842436 0.116617605 0.00906312093 0.0149459578 0.0307898428 -0.205074951 -0.089606449 0.212287575 0.0402208939 -0.0183451176 -0.0757292807 0.233343542 0.06311097 -0.122152619 -0.120263726 -0.0556117296 0.000433422625 -0.00374854356 0.0203323625 0.163136661 -0.104146354 0.10628286 0.0277679134 0.0157886222 0.0880160183 0.0280028209 0.152140051 0.101645596 0.0788870826 -0.089948982 -0.0347183198 0.00926259533
G359 0.0154839531 0.00232724473 0.0363360047 -0.0664653927 0.034656398 0.0858345479 -0.133817434 0.0370258987 -0.0229005441 -0.112385593 -0.0197174028 0.167962387 -0.0194191914 -0.0518281423 0.0699127764 -0.0685236007 0.115873694 0.191234291 -0.0760568902 -0.113636613 -0.114481494 -0.0081634298 -0.112667292 -0.12510401 -0.0986149311 -0.0633263662 -0.198183775 0.115025982 -0.0554732084 -0.127701119 0.0655158833 -0.124814756 -0.0911842287 0.116617613 0.00906311348 0.0149459541 0.030789841 -0.205074936 -0.0896064565 0.212287575 0.0402208902 -0.0183451027 -0.0757292807 0.233343542 0.0631109774 -0.122152627 -0.120263718 -0.0556117296 0.000433415174 -0.00374853238 0.0203323662 0.163136661 -0.104146361 0.10628286 0.0277679116 0.0157886297 0.0880160183 0.0280028284 0.152140051 0.101645589 0.0788870752 -0.0899489745 -0.0347183235 0.00926260278
G362 0.0158312693 0.0148051791 0.0391339436 -0.0806648135 0.0410643891 0.063274391 -0.129800752 0.0500318483 -0.0236143917 -0.130152315 -0.0177348591 0.176946044 -0.0192772914 -0.0352074206 0.0655327439 -0.0801378191 0.0912751406 0.178291604 -0.0627927035 -0.115057521 -0.116624892 0.00550925732 -0.115303367 -0.118914306 -0.0992235988 -0.0552478954 -0.215732366 0.140899137 -0.0632177293 -0.126591668 0.0722278059 -0.106326118 -0.0939249694 0.0927747786 0.0221636221 0.0248673148 0.0331627727 -0.206026211 -0.0741389841 0.194357827 0.0239950195 -0.0300973281 -0.0764728561 0.228898287 0.0630935282 -0.117408358 -0.116884507 -0.0620555729 0.00940180384 -0.0147094876 0.00981059298 0.154429197 -0.115084246 0.113615431 0.0136128776 0.0318495035 0.0942588449 0.043338947 0.161937863 0.0970048755 0.0810138136 -0.0812465996 -0.0281915888 -0.00798373669
G363 0.015831273 0.0148051791 0.0391339362 -0.0806648135 0.0410643891 0.0632744059 -0.129800752 0.0500318483 -0.023614388 -0.130152315 -0.0177348591 0.176946044 -0.0192772839 -0.0352074206 0.0655327439 -0.0801378265 0.0912751332 0.178291604 -0.0627926961 -0.115057513 -0.116624899 0.00550925359 -0.115303382 -0.118914306 -0.0992235914 -0.0552478954 -0.215732366 0.140899152 -0.0632177219 -0.126591668 0.0722278059 -0.106326118 -0.0939249694 0.0927747861 0.0221636221 0.0248673186 0.0331627727 -0.206026211 -0.0741389766 0.194357812 0.0239950232 -0.0300973319 -0.0764728487 0.228898287 0.0630935207 -0.117408358 -0.116884507 -0.0620555803 0.00940180384 -0.0147094838 0.00981058553 0.154429197 -0.115084253 0.113615438 0.0136128739 0.0318494961 0.0942588449 0.043338947 0.161937863 0.0970048755 0.0810138136 -0.0812465996 -0.0281915963 -0.00798374042
G364 0.015831273 0.0148051754 0.0391339436 -0.0806648061 0.0410643891 0.0632744133 -0.129800752 0.0500318408 -0.0236143954 -0.130152315 -0.0177348591 0.176946044 -0.0192772802 -0.035207428 0.0655327439 -0.0801378191 0.0912751332 0.178291574 -0.0627926886 -0.115057513 -0.116624892 0.00550925732 -0.115303382 -0.118914306 -0.0992235988 -0.0552478954 -0.215732351 0.140899137 -0.0632177219 -0.126591668 0.0722278133 -0.106326118 -0.0939249694 0.0927747935 0.0221636258 0.0248673186 0.0331627727 -0.206026211 -0.0741389841 0.194357812 0.0239950195 -0.0300973356 -0.0764728561 0.228898302 0.0630935282 -0.117408358 -0.116884507 -0.0620555803 0.00940181501 -0.0147094764 0.00981059298 0.154429197 -0.115084238 0.113615423 0.0136128701 0.0318494923 0.0942588449 0.0433389544 0.161937863 0.0970048606 0.0810138136 -0.0812465996 -0.0281915907 -0.00798375532
G365 0.015831273 0.0148051754 0.0391339287 -0.0806648135 0.0410643891 0.0632743984 -0.129800752 0.0500318408 -0.0236143954 -0.130152315 -0.0177348591 0.176946044 -0.0192772802 -0.0352074243 0.0655327514 -0.0801378265 0.0912751332 0.178291574 -0.0627926886 -0.115057506 -0.116624892 0.00550926104 -0.115303382 -0.118914306 -0.0992235988 -0.0552478954 -0.215732351 0.140899137 -0.0632177219 -0.126591668 0.0722278133 -0.106326111 -0.0939249694 0.0927747861 0.0221636221 0.0248673186 0.0331627764 -0.206026211 -0.0741389766 0.194357812 0.0239950158 -0.0300973319 -0.0764728636 0.228898317 0.0630935282 -0.117408365 -0.116884507 -0.0620555729 0.00940181129 -0.0147094801 0.00981059298 0.154429197 -0.115084246 0.113615431 0.0136128776 0.0318494923 0.0942588449 0.0433389544 0.161937863 0.0970048681 0.0810138136 -0.0812465996 -0.0281915963 -0.0079837516
G366 0.0158312712 0.0148051754 0.0391339436 -0.0806648061 0.0410643891 0.0632744133 -0.129800737 0.0500318483 -0.0236143991 -0.130152315 -0.0177348591 0.176946044 -0.0192772839 -0.0352074169 0.0655327439 -0.0801378265 0.0912751332 0.178291589 -0.0627926886 -0.115057498 -0.116624907 0.00550926477 -0.115303382 -0.118914299 -0.0992235988 -0.055247888 -0.215732351 0.140899137 -0.0632177293 -0.126591668 0.0722278059 -0.106326118 -0.0939249545 0.0927747861 0.0221636295 0.0248673148 0.0331627801 -0.206026211 -0.0741389915 0.194357812 0.0239950176 -0.0300973207 -0.0764728636 0.228898317 0.0630935282 -0.117408358 -0.116884507 -0.0620555803 0.00940181874 -0.0147094876 0.00981058553 0.154429197 -0.115084246 0.113615431 0.0136128813 0.0318494961 0.0942588449 0.043338947 0.161937848 0.0970048606 0.0810138062 -0.0812465996 -0.0281915963 -0.00798374042
G367 0.0158312712 0.0148051754 0.0391339436 -0.0806648135 0.0410643891 0.0632744059 -0.129800752 0.0500318445 -0.0236143991 -0.130152315 -0.0177348591 0.176946044 -0.0192772876 -0.0352074206 0.0655327439 -0.0801378265 0.0912751332 0.178291589 -0.0627926886 -0.115057506 -0.116624899 0.00550925732 -0.115303382 -0.118914299 -0.0992235988 -0.055247888 -0.215732366 0.140899152 -0.0632177293 -0.126591668 0.0722278059 -0.106326118 -0.0939249545 0.0927747861 0.0221636221 0.0248673186 0.0331627727 -0.206026211 -0.0741389841 0.194357827 0.0239950195 -0.030097317 -0.0764728561 0.228898317 0.0630935282 -0.117408358 -0.116884507 -0.0620555803 0.00940181874 -0.0147094838 0.00981058553 0.154429197 -0.115084246 0.113615431 0.0136128776 0.0318494961 0.0942588374 0.043338947 0.161937863 0.0970048606 0.0810138136 -0.081246607 -0.0281916 -0.00798373669
G368 0.0158312675 0.0148051791 0.0391339362 -0.0806648061 0.041064404 0.063274391 -0.129800737 0.0500318408 -0.0236143954 -0.130152315 -0.0177348591 0.176946014 -0.0192772802 -0.0352074243 0.0655327439 -0.0801378191 0.0912751332 0.178291574 -0.0627926886 -0.115057521 -0.116624899 0.00550925732 -0.115303382 -0.118914314 -0.0992235988 -0.0552478954 -0.215732366 0.140899152 -0.0632177219 -0.126591668 0.0722278059 -0.106326118 -0.0939249694 0.0927747786 0.0221636295 0.0248673223 0.0331627652 -0.206026211 -0.0741389841 0.194357827 0.0239950158 -0.0300973319 -0.0764728487 0.228898302 0.0630935133 -0.117408358 -0.116884507 -0.0620555729 0.00940181501 -0.0147094838 0.00981057435 0.154429197 -0.115084238 0.113615431 0.0136128813 0.0318495035 0.0942588449 0.043338947 0.161937863 0.0970048606 0.0810138285 -0.0812465996 -0.0281915925 -0.00798374042
G369 0.0158312656 0.0148051791 0.0391339362 -0.0806648135 0.041064404 0.0632743835 -0.129800737 0.0500318408 -0.0236143954 -0.130152315 -0.0177348629 0.176946029 -0.0192772802 -0.0352074206 0.0655327439 -0.0801378191 0.0912751332 0.178291589 -0.0627926886 -0.115057521 -0.116624892 0.00550925732 -0.115303382 -0.118914314 -0.0992235914 -0.0552478954 -0.215732366 0.140899152 -0.0632177219 -0.126591668 0.0722278059 -0.106326111 -0.0939249694 0.0927747786 0.0221636258 0.0248673186 0.0331627727 -0.206026211 -0.0741389766 0.194357812 0.0239950195 -0.0300973281 -0.0764728487 0.228898317 0.0630935282 -0.117408365 -0.1168845 -0.0620555729 0.00940180756 -0.0147094876 0.00981057435 0.154429197 -0.115084238 0.113615438 0.0136128813 0.0318495035 0.0942588449 0.043338947 0.161937863 0.0970048606 0.0810138285 -0.0812465996 -0.0281915925 -0.00798374042
G370 0.015831273 0.0148051754 0.0391339436 -0.0806648061 0.0410643891 0.0632744133 -0.129800752 0.0500318445 -0.0236143954 -0.130152315 -0.0177348554 0.176946044 -0.0192772876 -0.0352074206 0.0655327514 -0.0801378191 0.0912751332 0.178291589 -0.0627926961 -0.115057513 -0.116624899 0.00550926477 -0.115303382 -0.118914306 -0.0992236137 -0.055247888 -0.215732366 0.140899137 -0.0632177219 -0.126591668 0.0722278059 -0.106326118 -0.0939249694 0.0927747712 0.0221636295 0.0248673148 0.0331627727 -0.206026211 -0.0741389841 0.194357827 0.023995012 -0.0300973356 -0.076472871 0.228898317 0.0630935282 -0.117408358 -0.116884507 -0.0620555729 0.00940181315 -0.0147094838 0.00981058553 0.154429197 -0.115084246 0.113615431 0.0136128813 0.0318495147 0.0942588449 0.043338947 0.161937848 0.0970048606 0.0810138211 -0.0812465996 -0.0281915925 -0.00798374414
G371 0.0158312693 0.0148051754 0.0391339436 -0.0806648061 0.0410643891 0.0632744133 -0.129800752 0.0500318408 -0.0236143991 -0.130152315 -0.0177348517 0.176946044 -0.0192772839 -0.0352074169 0.0655327514 -0.0801378191 0.0912751332 0.178291574 -0.0627926961 -0.115057513 -0.116624892 0.00550926104 -0.11530339 -0.118914306 -0.0992235988 -0.0552478917 -0.215732366 0.140899137 -0.0632177219 -0.126591668 0.0722278133 -0.106326126 -0.0939249694 0.0927747786 0.0221636333 0.0248673148 0.0331627801 -0.206026211 -0.0741389841 0.194357827 0.023995012 -0.0300973356 -0.0764728636 0.228898317 0.0630935282 -0.117408358 -0.116884507 -0.0620555729 0.00940181687 -0.0147094801 0.00981058553 0.154429197 -0.115084246 0.113615438 0.0136128813 0.0318495072 0.0942588449 0.043338947 0.161937833 0.0970048532 0.0810138062 -0.0812465996 -0.028191587 -0.00798374414
G372 0.0158312768 0.0148051903 0.0391339436 -0.0806648061 0.041064404 0.0632743984 -0.129800737 0.0500318371 -0.0236143954 -0.130152315 -0.0177348554 0.176946044 -0.0192772839 -0.035207428 0.0655327588 -0.0801378191 0.0912751183 0.178291589 -0.0627926886 -0.115057521 -0.116624892 0.00550926477 -0.11530339 -0.118914314 -0.0992236063 -0.0552478991 -0.215732366 0.140899152 -0.0632177368 -0.126591668 0.0722278059 -0.106326118 -0.0939249694 0.0927747786 0.0221636295 0.0248673148 0.0331627727 -0.206026211 -0.0741389766 0.194357827 0.0239950176 -0.0300973244 -0.0764728487 0.228898302 0.0630935133 -0.117408358 -0.116884507 -0.0620555729 0.00940181129 -0.0147094838 0.00981057808 0.154429197 -0.115084253 0.113615438 0.0136128776 0.0318495035 0.0942588449 0.043338947 0.161937863 0.0970048606 0.0810138285 -0.0812465996 -0.0281915888 -0.00798374787
G373 0.0158312768 0.0148051903 0.0391339436 -0.0806648061 0.041064404 0.0632744059 -0.129800737 0.0500318371 -0.0236143954 -0.130152315 -0.0177348554 0.176946044 -0.0192772839 -0.0352074243 0.0655327588 -0.0801378191 0.0912751183 0.178291589 -0.0627926886 -0.115057521 -0.116624899 0.00550926104 -0.11530339 -0.118914314 -0.0992236063 -0.0552478991 -0.215732366 0.140899137 -0.0632177293 -0.126591668 0.0722278059 -0.106326118 -0.0939249694 0.0927747786 0.0221636221 0.0248673148 0.0331627727 -0.206026211 -0.0741389766 0.194357827 0.0239950158 -0.0300973319 -0.0764728561 0.228898287 0.0630935133 -0.117408358 -0.1168845 -0.0620555729 0.00940181129 -0.0147094876 0.00981057808 0.154429197 -0.115084253 0.113615438 0.0136128776 0.031849511 0.0942588449 0.043338947 0.161937863 0.0970048606 0.0810138211 -0.0812465996 -0.0281915925 -0.00798374787
G374 0.015831273 0.0148051865 0.0391339436 -0.0806648061 0.0410643891 0.0632744059 -0.129800737 0.0500318445 -0.0236143991 -0.130152315 -0.0177348554 0.176946044 -0.0192772876 -0.0352074206 0.0655327439 -0.0801378265 0.0912751332 0.178291604 -0.0627927035 -0.115057498 -0.116624892 0.00550926104 -0.11530339 -0.118914306 -0.0992235988 -0.0552478954 -0.215732366 0.140899152 -0.0632177293 -0.126591668 0.0722278133 -0.106326118 -0.0939249694 0.0927747786 0.022163637 0.0248673148 0.0331627727 -0.206026211 -0.0741389841 0.194357812 0.0239950176 -0.0300973356 -0.0764728636 0.228898317 0.0630935207 -0.117408358 -0.116884507 -0.0620555729 0.00940181501 -0.0147094876 0.00981057435 0.154429197 -0.115084238 0.113615438 0.0136128776 0.0318494998 0.0942588449 0.0433389544 0.161937833 0.0970048532 0.0810138211 -0.0812465996 -0.0281915981 -0.00798374042
G375 0.015831273 0.0148051791 0.0391339287 -0.0806648135 0.0410643891 0.0632743984 -0.129800737 0.0500318445 -0.0236143954 -0.130152315 -0.0177348554 0.176946044 -0.0192772839 -0.0352074206 0.0655327439 -0.0801378265 0.0912751183 0.178291604 -0.0627927035 -0.115057513 -0.116624899 0.00550925732 -0.11530339 -0.118914299 -0.0992235914 -0.0552478954 -0.215732366 0.140899152 -0.0632177293 -0.126591668 0.0722278208 -0.106326118 -0.0939249694 0.0927747786 0.0221636444 0.0248673186 0.0331627727 -0.206026211 -0.0741389766 0.194357827 0.023995012 -0.0300973319 -0.0764728487 0.228898317 0.0630935282 -0.117408358 -0.116884507 -0.0620555878 0.00940181129 -0.0147094838 0.00981057435 0.154429182 -0.115084246 0.113615438 0.0136128776 0.0318495072 0.0942588449 0.0433389544 0.161937848 0.0970048606 0.0810138285 -0.0812465996 -0.0281915925 -0.00798374414
G376 0.0158312768 0.0148051828 0.0391339436 -0.0806648061 0.0410643891 0.063274391 -0.129800737 0.0500318371 -0.0236144103 -0.13015233 -0.0177348647 0.176946029 -0.0192772876 -0.0352074206 0.0655327439 -0.0801378191 0.0912751332 0.178291574 -0.0627926961 -0.115057506 -0.116624892 0.00550925359 -0.115303382 -0.118914314 -0.0992235914 -0.0552478954 -0.215732366 0.140899137 -0.0632177219 -0.126591668 0.0722278059 -0.106326118 -0.0939249694 0.0927747786 0.0221636221 0.024867326 0.0331627727 -0.206026211 -0.0741389766 0.194357827 0.0239950158 -0.0300973319 -0.0764728561 0.228898317 0.0630935282 -0.117408358 -0.116884515 -0.0620555803 0.0094018206 -0.0147094913 0.00981058553 0.154429197 -0.115084238 0.113615438 0.0136128813 0.0318495072 0.0942588449 0.043338947 0.161937863 0.0970048606 0.0810138211 -0.0812465996 -0.0281915963 -0.00798374042
G377 0.0158312768 0.0148051828 0.0391339436 -0.0806648061 0.0410643891 0.063274391 -0.129800737 0.0500318371 -0.0236143991 -0.13015233 -0.0177348629 0.176946029 -0.0192772802 -0.0352074206 0.0655327439 -0.0801378265 0.0912751332 0.178291589 -0.0627926886 -0.115057506 -0.116624892 0.00550925359 -0.115303382 -0.118914314 -0.0992235914 -0.0552478954 -0.215732366 0.140899152 -0.0632177219 -0.126591668 0.0722278059 -0.106326118 -0.0939249694 0.0927747786 0.0221636295 0.0248673223 0.0331627727 -0.206026211 -0.0741389766 0.194357827 0.0239950158 -0.0300973393 -0.0764728636 0.228898302 0.0630935282 -0.117408358 -0.116884522 -0.0620555729 0.0094018206 -0.0147094913 0.00981058553 0.154429197 -0.115084246 0.113615431 0.0136128776 0.0318495072 0.0942588449 0.043338947 0.161937863 0.0970048606 0.0810138211 -0.0812465921 -0.0281915925 -0.00798374042
G378 0.0158312749 0.0148051828 0.0391339436 -0.0806648135 0.0410643891 0.0632743984 -0.129800737 0.0500318408 -0.0236144066 -0.130152315 -0.0177348554 0.176946044 -0.0192772839 -0.0352074206 0.0655327439 -0.0801378191 0.0912751332 0.178291619 -0.0627926961 -0.115057521 -0.116624892 0.00550926104 -0.115303382 -0.118914306 -0.0992236063 -0.0552478954 -0.215732366 0.140899137 -0.0632177219 -0.126591668 0.0722278133 -0.106326118 -0.0939249694 0.0927747786 0.0221636295 0.0248673074 0.0331627801 -0.206026211 -0.0741389915 0.194357827 0.0239950083 -0.0300973281 -0.0764728636 0.228898302 0.0630935207 -0.117408365 -0.116884507 -0.0620555729 0.00940181129 -0.0147094801 0.00981058553 0.154429197 -0.115084238 0.113615423 0.0136128813 0.0318495072 0.0942588449 0.0433389395 0.161937863 0.0970048755 0.0810138211 -0.0812465996 -0.0281915925 -0.00798374414
G379 0.015831273 0.0148051754 0.0391339436 -0.0806648135 0.0410643891 0.063274391 -0.129800737 0.0500318408 -0.0236143991 -0.130152315 -0.0177348554 0.176946044 -0.0192772839 -0.0352074206 0.0655327588 -0.0801378265 0.0912751332 0.178291604 -0.0627926961 -0.115057521 -0.116624884 0.00550925732 -0.115303382 -0.118914314 -0.0992235988 -0.0552478917 -0.215732366 0.140899137 -0.0632177219 -0.126591668 0.0722278059 -0.106326118 -0.0939249694 0.0927747786 0.0221636295 0.0248673074 0.0331627876 -0.206026211 -0.0741389915 0.194357827 0.023995012 -0.0300973281 -0.076472871 0.228898302 0.0630935282 -0.117408365 -0.116884507 -0.0620555729 0.00940181129 -0.0147094801 0.00981058553 0.154429197 -0.115084246 0.113615423 0.0136128813 0.0318495072 0.0942588449 0.043338947 0.161937863 0.0970048606 0.0810138136 -0.0812465996 -0.0281915925 -0.00798374414
G380 0.0158312712 0.0148051791 0.0391339585 -0.0806647986 0.0410643891 0.0632744059 -0.129800752 0.0500318445 -0.023614388 -0.130152315 -0.0177348554 0.176946044 -0.0192772876 -0.0352074169 0.0655327439 -0.0801378191 0.0912751332 0.178291574 -0.0627927035 -0.115057498 -0.116624892 0.00550926104 -0.115303382 -0.118914306 -0.0992235914 -0.0552478954 -0.215732366 0.140899152 -0.0632177219 -0.126591668 0.0722278059 -0.106326111 -0.0939249694 0.0927747786 0.0221636221 0.0248673186 0.0331627801 -0.206026211 -0.0741389841 0.194357812 0.0239950176 -0.0300973281 -0.0764728487 0.228898302 0.0630935282 -0.117408358 -0.116884515 -0.0620555729 0.00940181129 -0.0147094838 0.00981059298 0.154429197 -0.115084246 0.113615423 0.0136128888 0.0318495072 0.0942588449 0.043338947 0.161937863 0.0970048681 0.0810138136 -0.0812465996 -0.0281915888 -0.00798374042
G381 0.015831273 0.0148051791 0.0391339436 -0.0806647986 0.0410643891 0.0632744133 -0.129800737 0.0500318483 -0.0236143954 -0.130152315 -0.0177348554 0.176946044 -0.0192772839 -0.0352074206 0.0655327439 -0.0801378265 0.0912751332 0.178291589 -0.0627927035 -0.115057498 -0.116624884 0.00550925732 -0.115303382 -0.118914299 -0.0992235988 -0.0552478917 -0.215732366 0.140899152 -0.0632177219 -0.126591668 0.0722278059 -0.106326118 -0.0939249694 0.0927747786 0.0221636295 0.0248673223 0.0331627801 -0.206026211 -0.0741389841 0.194357827 0.0239950195 -0.0300973281 -0.0764728561 0.228898302 0.0630935282 -0.117408358 -0.116884515 -0.0620555729 0.00940180756 -0.0147094838 0.00981058553 0.154429197 -0.115084253 0.113615423 0.013612885 0.0318495072 0.0942588523 0.043338947 0.161937848 0.0970048606 0.0810138211 -0.0812465996 -0.0281915925 -0.00798374414
G382 0.015831273 0.0148051791 0.0391339287 -0.0806648061 0.0410643891 0.0632744208 -0.129800752 0.0500318445 -0.0236143954 -0.13015233 -0.0177348591 0.176946044 -0.0192772802 -0.0352074206 0.0655327588 -0.0801378265 0.0912751332 0.178291574 -0.0627926886 -0.115057506 -0.116624892 0.00550926104 -0.115303382 -0.118914314 -0.0992235988 -0.0552478917 -0.215732366 0.140899152 -0.0632177219 -0.126591668 0.0722278059 -0.106326111 -0.0939249545 0.0927747861 0.0221636295 0.0248673223 0.0331627838 -0.206026211 -0.0741389841 0.194357812 0.0239950195 -0.0300973356 -0.0764728636 0.228898302 0.0630935282 -0.117408365 -0.116884507 -0.0620555729 0.00940181874 -0.0147094764 0.00981059298 0.154429197 -0.115084231 0.113615431 0.0136128813 0.0318494998 0.0942588374 0.0433389619 0.161937863 0.0970048755 0.0810138062 -0.0812466145 -0.0281915888 -0.00798374042
G383 0.0158312749 0.0148051791 0.0391339436 -0.0806648061 0.0410643891 0.0632744059 -0.129800752 0.0500318483 -0.0236143991 -0.13015233 -0.0177348629 0.176946044 -0.0192772876 -0.0352074169 0.0655327439 -0.0801378265 0.0912751332 0.178291589 -0.0627926961 -0.115057506 -0.116624899 0.00550926477 -0.115303382 -0.118914314 -0.0992235988 -0.0552478917 -0.215732366 0.140899152 -0.0632177293 -0.126591668 0.0722278133 -0.106326111 -0.0939249694 0.0927747861 0.0221636184 0.0248673186 0.0331627801 -0.206026211 -0.0741389766 0.194357798 0.0239950195 -0.0300973356 -0.0764728636 0.228898302 0.0630935282 -0.117408358 -0.116884507 -0.0620555729 0.00940181874 -0.0147094838 0.00981059298 0.154429197 -0.115084246 0.113615431 0.0136128813 0.0318495072 0.0942588374 0.0433389544 0.161937863 0.0970048606 0.0810138062 -0.0812465996 -0.0281915925 -0.00798374042
G384 0.0158312786 0.0148051716 0.0391339436 -0.0806647986 0.0410643891 0.0632743835 -0.129800752 0.0500318408 -0.0236143917 -0.130152315 -0.0177348591 0.176946029 -0.0192772876 -0.0352074243 0.0655327439 -0.0801378265 0.0912751332 0.178291589 -0.0627926961 -0.115057513 -0.116624892 0.00550925732 -0.115303375 -0.118914314 -0.0992235988 -0.0552478954 -0.215732366 0.140899152 -0.0632177293 -0.126591668 0.0722278059 -0.106326118 -0.0939249694 0.0927747861 0.0221636258 0.0248673186 0.0331627801 -0.206026211 -0.0741389841 0.194357842 0.023995012 -0.0300973393 -0.0764728636 0.228898317 0.0630935282 -0.11740835 -0.116884522 -0.0620555729 0.00940181874 -0.0147094913 0.00981059298 0.154429197 -0.115084246 0.113615423 0.0136128776 0.0318495147 0.09425883 0.0433389544 0.161937848 0.0970048606 0.0810138211 -0.0812465996 -0.0281915925 -0.00798373297
G385 0.0158312786 0.0148051716 0.0391339362 -0.0806648135 0.0410643891 0.0632743984 -0.129800752 0.0500318371 -0.0236143954 -0.130152315 -0.0177348591 0.176946014 -0.0192772839 -0.035207428 0.0655327439 -0.0801378265 0.0912751332 0.178291574 -0.0627926961 -0.115057513 -0.116624892 0.00550925732 -0.115303382 -0.118914306 -0.0992236063 -0.0552478917 -0.215732366 0.140899137 -0.0632177293 -0.126591668 0.0722278059 -0.106326118 -0.0939249694 0.0927747861 0.0221636258 0.0248673186 0.0331627801 -0.206026211 -0.0741389766 0.194357827 0.023995012 -0.0300973319 -0.0764728636 0.228898317 0.0630935207 -0.117408358 -0.116884522 -0.0620555729 0.00940182246 -0.0147094913 0.00981059298 0.154429197 -0.115084246 0.113615423 0.0136128813 0.0318495147 0.09425883 0.0433389544 0.161937863 0.0970048755 0.0810138285 -0.0812465996 -0.0281915925 -0.00798373297
G386 0.0158312693 0.0148051828 0.0391339287 -0.0806648061 0.0410643891 0.0632744133 -0.129800752 0.0500318408 -0.0236143991 -0.130152315 -0.0177348554 0.176946044 -0.0192772876 -0.0352074206 0.0655327514 -0.0801378191 0.0912751332 0.178291589 -0.0627926886 -0.115057513 -0.116624899 0.00550927222 -0.115303382 -0.118914306 -0.0992235914 -0.0552478954 -0.215732366 0.140899152 -0.0632177368 -0.126591668 0.0722278059 -0.106326118 -0.0939249694 0.0927747786 0.0221636258 0.0248673186 0.0331627801 -0.206026211 -0.0741389766 0.194357812 0.0239950214 -0.0300973319 -0.0764728636 0.228898317 0.0630935282 -0.117408358 -0.116884515 -0.0620555729 0.00940181129 -0.0147094838 0.00981058553 0.154429197 -0.115084231 0.113615423 0.0136128888 0.0318494998 0.09425883 0.0433389544 0.161937863 0.0970048681 0.0810138062 -0.0812465996 -0.0281915888 -0.00798374042
G387 0.0158312693 0.0148051828 0.0391339362 -0.0806648061 0.0410643891 0.0632744133 -0.129800752 0.0500318445 -0.0236143954 -0.130152315 -0.0177348591 0.176946044 -0.0192772876 -0.0352074206 0.0655327514 -0.0801378265 0.0912751332 0.178291574 -0.0627926886 -0.115057513 -0.116624892 0.00550927222 -0.115303382 -0.118914306 -0.0992235988 -0.0552478954 -0.215732366 0.140899152 -0.0632177219 -0.126591668 0.0722278059 -0.106326111 -0.0939249694 0.0927747786 0.0221636333 0.0248673111 0.0331627764 -0.206026211 -0.0741389841 0.194357827 0.0239950195 -0.0300973356 -0.0764728636 0.228898317 0.0630935282 -0.117408358 -0.116884515 -0.0620555729 0.00940181129 -0.0147094876 0.00981058553 0.154429197 -0.115084246 0.113615423 0.0136128888 0.0318495072 0.0942588449 0.043338947 0.161937863 0.0970048681 0.0810138136 -0.0812465996 -0.0281915832 -0.00798374042
G388 0.0158312712 0.0148051791 0.0391339436 -0.0806648135 0.0410643891 0.0632743984 -0.129800737 0.0500318483 -0.0236143954 -0.130152315 -0.0177348554 0.176946044 -0.0192772839 -0.035207428 0.0655327439 -0.0801378265 0.0912751332 0.178291604 -0.0627927035 -0.115057513 -0.116624892 0.00550925732 -0.115303367 -0.118914306 -0.0992235988 -0.0552479066 -0.215732366 0.140899137 -0.0632177219 -0.126591668 0.0722278133 -0.106326111 -0.0939249694 0.0927747786 0.0221636221 0.0248673148 0.0331627727 -0.206026211 -0.0741389841 0.194357827 0.0239950232 -0.0300973281 -0.0764728636 0.228898302 0.0630935282 -0.117408358 -0.116884507 -0.0620555803 0.00940181501 -0.0147094838 0.00981059298 0.154429197 -0.115084231 0.113615423 0.0136128813 0.0318495035 0.0942588449 0.0433389544 0.161937863 0.0970048606 0.0810138136 -0.0812465996 -0.0281915851 -0.00798374042
G389 0.0158312712 0.0148051828 0.0391339287 -0.0806648135 0.0410643891 0.0632744133 -0.129800752 0.0500318445 -0.0236143954 -0.130152315 -0.017734861 0.176946044 -0.0192772876 -0.035207428 0.0655327439 -0.0801378265 0.0912751257 0.178291619 -0.062792711 -0.115057513 -0.116624907 0.00550926104 -0.115303375 -0.118914306 -0.0992236063 -0.0552479029 -0.215732351 0.140899152 -0.0632177219 -0.126591668 0.0722278059 -0.106326111 -0.0939249694 0.0927747786 0.0221636184 0.0248673148 0.0331627727 -0.206026211 -0.0741389841 0.194357827 0.0239950232 -0.0300973244 -0.0764728636 0.228898317 0.0630935282 -0.117408358 -0.116884507 -0.0620555803 0.00940181129 -0.0147094913 0.00981059298 0.154429197 -0.115084246 0.113615438 0.0136128813 0.0318495035 0.0942588374 0.0433389544 0.161937863 0.0970048606 0.0810138136 -0.0812465996 -0.0281915814 -0.00798373669
G390 0.015831273 0.0148051716 0.0391339287 -0.0806648135 0.0410643891 0.0632744059 -0.129800752 0.0500318483 -0.0236143954 -0.130152315 -0.0177348591 0.176946044 -0.0192772839 -0.035207428 0.0655327439 -0.080137834 0.0912751332 0.178291589 -0.0627926886 -0.115057513 -0.116624884 0.00550925732 -0.115303382 -0.118914299 -0.0992236063 -0.0552479029 -0.215732366 0.140899137 -0.0632177293 -0.126591668 0.0722278059 -0.106326118 -0.0939249694 0.0927747786 0.0221636295 0.0248673186 0.0331627727 -0.206026211 -0.0741389841 0.194357827 0.0239950176 -0.0300973244 -0.0764728636 0.228898317 0.0630935282 -0.117408365 -0.116884515 -0.0620555729 0.00940181874 -0.0147094876 0.00981059298 0.154429197 -0.115084253 0.113615423 0.0136128813 0.0318494961 0.0942588449 0.043338947 0.161937848 0.0970048755 0.0810138285 -0.0812465847 -0.0281915851 -0.00798374787
G391 0.0158312768 0.0148051679 0.0391339436 -0.0806648135 0.0410643891 0.0632743984 -0.129800752 0.0500318483 -0.0236143954 -0.13015233 -0.0177348629 0.176946044 -0.0192772802 -0.035207428 0.0655327439 -0.0801378265 0.0912751332 0.178291604 -0.0627926812 -0.115057513 -0.116624892 0.00550925732 -0.11530339 -0.118914299 -0.0992236063 -0.0552478991 -0.215732351 0.140899152 -0.0632177293 -0.126591653 0.0722278059 -0.106326118 -0.0939249694 0.0927747861 0.0221636295 0.0248673186 0.0331627764 -0.206026196 -0.0741389841 0.194357827 0.0239950195 -0.0300973244 -0.0764728412 0.228898317 0.0630935282 -0.117408365 -0.116884515 -0.0620555803 0.00940181501 -0.0147094764 0.00981059298 0.154429197 -0.115084246 0.113615438 0.0136128776 0.0318494961 0.0942588523 0.0433389395 0.161937848 0.0970048606 0.0810138285 -0.0812465996 -0.0281915851 -0.00798374414
G392 0.0158312693 0.0148051642 0.0391339436 -0.0806647986 0.0410643891 0.0632744059 -0.129800752 0.0500318445 -0.0236144029 -0.130152315 -0.0177348666 0.176946044 -0.0192772802 -0.0352074169 0.0655327439 -0.0801378116 0.0912751332 0.178291589 -0.0627926961 -0.115057506 -0.116624892 0.00550926477 -0.11530339 -0.118914299 -0.0992236063 -0.055247888 -0.215732366 0.140899137 -0.0632177219 -0.126591668 0.0722277984 -0.106326111 -0.0939249843 0.0927747712 0.0221636258 0.0248673223 0.0331627727 -0.206026211 -0.0741389841 0.194357812 0.0239950195 -0.0300973319 -0.0764728561 0.228898302 0.0630935282 -0.11740835 -0.116884515 -0.0620555729 0.00940181501 -0.0147094801 0.00981059298 0.154429197 -0.115084246 0.113615423 0.0136128664 0.0318495072 0.09425883 0.0433389544 0.161937863 0.0970048755 0.0810138136 -0.0812465921 -0.0281915888 -0.00798375532
G393 0.0158312656 0.0148051716 0.0391339436 -0.0806647986 0.0410643891 0.0632744059 -0.129800752 0.0500318483 -0.0236143991 -0.130152315 -0.0177348629 0.176946044 -0.0192772727 -0.0352074169 0.0655327439 -0.0801378191 0.0912751332 0.178291604 -0.0627926961 -0.115057498 -0.116624892 0.00550926849 -0.115303382 -0.118914306 -0.0992236137 -0.055247888 -0.215732366 0.140899137 -0.0632177219 -0.126591668 0.0722278059 -0.106326111 -0.0939249843 0.0927747861 0.0221636295 0.0248673223 0.0331627727 -0.206026211 -0.0741389841 0.194357812 0.0239950176 -0.0300973356 -0.0764728561 0.228898302 0.0630935282 -0.117408343 -0.116884515 -0.0620555729 0.00940182619 -0.0147094838 0.00981059298 0.154429197 -0.115084246 0.113615423 0.0136128739 0.0318494998 0.0942588374 0.0433389544 0.161937863 0.0970048681 0.0810138211 -0.0812465996 -0.0281915925 -0.00798375532
G394 0.0158167817 0.0147635117 0.0391639918 -0.0806448534 0.0410174057 0.0633102804 -0.129802838 0.0500404723 -0.0235911347 -0.130242959 -0.0177737977 0.176970541 -0.0192118511 -0.0352493562 0.0655526668 -0.0801639855 0.0912575945 0.178311259 -0.0627643988 -0.114994474 -0.116472892 0.00548188388 -0.11531873 -0.118872933 -0.0991543978 -0.0552386306 -0.215785041 0.140877217 -0.0631574914 -0.126535565 0.0721351877 -0.106357634 -0.0939123333 0.0927690417 0.0222238824 0.0248929486 0.0331431329 -0.206029028 -0.0741899163 0.194360316 0.0239221901 -0.030005537 -0.0764080808 0.228882194 0.0630553067 -0.117343277 -0.116896465 -0.0620584637 0.00946935825 -0.0147364177 0.00987452641 0.154479474 -0.115192398 0.113610797 0.0135958381 0.0318061002 0.0943425447 0.0433792993 0.162011638 0.0970591754 0.0809997693 -0.0811436772 -0.0281181112 -0.00797687471
G395 0.0158167817 0.0147635154 0.0391640067 -0.0806448534 0.0410174206 0.0633102879 -0.129802838 0.0500404723 -0.0235911421 -0.130242959 -0.017773794 0.176970541 -0.0192118511 -0.0352493562 0.0655526668 -0.0801639855 0.0912575945 0.178311259 -0.0627643988 -0.114994474 -0.116472892 0.00548188388 -0.11531873 -0.118872926 -0.0991543978 -0.0552386306 -0.215785041 0.140877217 -0.0631574914 -0.126535565 0.0721351877 -0.106357627 -0.0939123333 0.0927690417 0.0222238861 0.024892956 0.0331431329 -0.206029028 -0.0741899163 0.194360316 0.0239221901 -0.030005537 -0.0764080659 0.228882194 0.0630553067 -0.117343277 -0.116896473 -0.0620584637 0.00946936384 -0.014736414 0.00987452641 0.154479489 -0.115192398 0.113610797 0.0135958381 0.0318061002 0.0943425447 0.0433792993 0.162011638 0.0970591605 0.0809997767 -0.0811436847 -0.0281181112 -0.00797687098
G396 0.0158167779 0.0147635154 0.0391639769 -0.0806448534 0.0410174206 0.0633102804 -0.129802823 0.050040476 -0.0235911347 -0.130242959 -0.0177737903 0.176970541 -0.0192118529 -0.0352493599 0.0655526593 -0.0801639855 0.0912575945 0.178311259 -0.0627643988 -0.114994474 -0.116472878 0.00548188388 -0.11531873 -0.118872926 -0.0991544053 -0.0552386306 -0.215785027 0.140877217 -0.0631574839 -0.12653558 0.0721351951 -0.106357634 -0.0939123333 0.0927690417 0.0222238861 0.024892956 0.0331431292 -0.206029028 -0.0741899163 0.194360331 0.0239221938 -0.0300055295 -0.0764080659 0.228882164 0.0630553067 -0.117343284 -0.116896465 -0.0620584637 0.00946934521 -0.0147364102 0.00987451896 0.154479489 -0.115192406 0.113610797 0.0135958269 0.0318060964 0.0943425447 0.0433792993 0.162011638 0.0970591605 0.0809997842 -0.0811436772 -0.0281181186 -0.00797685981
G397 0.0158167798 0.0147635154 0.0391639769 -0.0806448534 0.0410174206 0.0633102879 -0.129802823 0.0500404686 -0.0235911347 -0.130242959 -0.0177737903 0.176970541 -0.0192118529 -0.0352493562 0.0655526668 -0.0801639855 0.0912575871 0.178311259 -0.0627643988 -0.114994481 -0.116472878 0.00548188016 -0.11531873 -0.118872926 -0.0991544053 -0.0552386269 -0.215785041 0.140877232 -0.0631574839 -0.126535594 0.07213521 -0.106357627 -0.0939123333 0.0927690417 0.0222238973 0.0248929523 0.0331431329 -0.206029028 -0.0741899163 0.194360331 0.0239221938 -0.030005537 -0.0764080733 0.228882194 0.0630553067 -0.117343277 -0.116896465 -0.0620584711 0.00946934707 -0.0147364102 0.00987451896 0.154479504 -0.115192398 0.113610797 0.0135958269 0.0318060964 0.0943425298 0.0433792993 0.162011653 0.0970591605 0.0809997842 -0.0811436847 -0.0281181186 -0.00797685608
G398 0.0158167742 0.0147635043 0.0391639993 -0.0806448534 0.0410174206 0.063310273 -0.129802823 0.0500404723 -0.0235911347 -0.130242959 -0.0177737866 0.176970541 -0.0192118548 -0.0352493599 0.0655526668 -0.0801639855 0.0912575945 0.178311259 -0.0627643988 -0.114994474 -0.11647287 0.00548187643 -0.115318738 -0.118872933 -0.0991544053 -0.0552386306 -0.215785041 0.140877217 -0.0631574839 -0.12653558 0.0721351951 -0.106357619 -0.0939123333 0.0927690417 0.0222238824 0.0248929486 0.0331431329 -0.206029043 -0.0741899088 0.194360346 0.0239221975 -0.0300055332 -0.0764080659 0.228882194 0.0630553216 -0.117343277 -0.116896473 -0.0620584711 0.00946936011 -0.0147364177 0.00987451151 0.154479489 -0.115192384 0.113610797 0.0135958269 0.0318061039 0.0943425372 0.0433792919 0.162011653 0.0970591679 0.0809997842 -0.0811436772 -0.0281181149 -0.00797686726
G399 0.0158167761 0.0147635154 0.0391639993 -0.0806448534 0.0410174131 0.063310273 -0.129802823 0.0500404723 -0.0235911384 -0.130242944 -0.0177737866 0.176970541 -0.0192118511 -0.0352493599 0.0655526668 -0.0801639855 0.0912575945 0.178311259 -0.0627643988 -0.114994466 -0.116472878 0.00548188016 -0.115318738 -0.118872933 -0.0991544053 -0.0552386343 -0.215785041 0.140877217 -0.0631574839 -0.12653558 0.0721351951 -0.106357619 -0.0939123333 0.0927690342 0.0222238861 0.0248929523 0.0331431329 -0.206029028 -0.0741899088 0.194360346 0.0239221938 -0.0300055258 -0.0764080659 0.228882194 0.0630553141 -0.117343269 -0.11689648 -0.0620584711 0.00946936384 -0.0147364102 0.00987451896 0.154479489 -0.115192384 0.113610789 0.0135958269 0.0318060964 0.0943425298 0.0433792919 0.162011653 0.0970591679 0.0809997916 -0.0811436772 -0.0281181149 -0.00797686726
G400 0.0158167761 0.014763508 0.0391639993 -0.0806448534 0.0410174206 0.063310273 -0.129802823 0.0500404686 -0.0235911347 -0.130242959 -0.017773794 0.176970541 -0.0192118511 -0.0352493599 0.0655526668 -0.0801639929 0.0912575871 0.178311259 -0.0627643988 -0.114994474 -0.116472878 0.00548188388 -0.115318723 -0.118872926 -0.0991543978 -0.0552386232 -0.215785041 0.140877217 -0.0631574765 -0.126535565 0.0721351951 -0.106357634 -0.0939123333 0.0927690417 0.0222238787 0.024892956 0.0331431255 -0.206029028 -0.0741899163 0.194360331 0.0239221975 -0.0300055332 -0.0764080659 0.228882194 0.0630553141 -0.117343269 -0.116896465 -0.0620584711 0.00946935825 -0.0147364065 0.00987451896 0.154479474 -0.115192398 0.113610797 0.0135958269 0.0318060964 0.0943425447 0.0433792993 0.162011653 0.0970591754 0.0809997767 -0.0811436772 -0.0281181205 -0.00797685981
G401 0.0158167779 0.0147635043 0.0391639993 -0.0806448534 0.041017428 0.0633102879 -0.129802823 0.0500404686 -0.0235911347 -0.130242959 -0.0177737977 0.176970541 -0.0192118436 -0.0352493599 0.0655526668 -0.0801639929 0.0912575796 0.178311259 -0.0627644062 -0.114994474 -0.116472878 0.00548188388 -0.115318723 -0.118872926 -0.0991543978 -0.0552386269 -0.215785041 0.140877217 -0.0631574839 -0.126535565 0.0721351951 -0.106357642 -0.0939123333 0.0927690417 0.0222238749 0.0248929523 0.0331431255 -0.206029028 -0.0741899088 0.194360331 0.0239221901 -0.030005537 -0.0764080659 0.228882164 0.0630553067 -0.117343277 -0.116896465 -0.0620584562 0.00946936198 -0.0147364102 0.00987451151 0.154479489 -0.115192398 0.113610797 0.0135958344 0.031806089 0.0943425447 0.0433792993 0.162011653 0.0970591754 0.0809997767 -0.0811436698 -0.0281181242 -0.00797685981
G402 0.0158167798 0.0147635043 0.0391639918 -0.0806448534 0.0410174206 0.0633102804 -0.129802838 0.0500404686 -0.0235911421 -0.130242959 -0.0177737903 0.176970541 -0.0192118436 -0.0352493562 0.0655526668 -0.0801639855 0.0912575945 0.178311259 -0.0627644137 -0.114994474 -0.116472878 0.00548188016 -0.115318738 -0.118872926 -0.0991544053 -0.0552386306 -0.215785041 0.140877217 -0.0631574839 -0.126535565 0.0721351951 -0.106357612 -0.0939123333 0.0927690417 0.0222238936 0.0248929523 0.0331431329 -0.206029043 -0.0741899088 0.194360331 0.0239221938 -0.030005537 -0.0764080659 0.228882164 0.0630553216 -0.117343269 -0.116896465 -0.0620584711 0.00946936198 -0.0147364289 0.00987452641 0.154479489 -0.115192384 0.113610797 0.0135958306 0.0318061039 0.0943425298 0.0433793068 0.162011653 0.0970591605 0.0809997767 -0.0811436772 -0.0281181224 -0.00797685981
G403 0.0158167761 0.0147635043 0.0391639918 -0.0806448534 0.0410174206 0.0633102804 -0.129802823 0.0500404723 -0.0235911459 -0.130242959 -0.017773794 0.176970541 -0.0192118455 -0.0352493562 0.0655526668 -0.0801639855 0.0912575945 0.178311259 -0.0627643988 -0.114994474 -0.116472878 0.00548188016 -0.115318738 -0.118872926 -0.0991544053 -0.0552386269 -0.215785041 0.140877217 -0.0631574839 -0.126535565 0.0721351951 -0.106357619 -0.0939123333 0.0927690417 0.0222238898 0.0248929523 0.0331431255 -0.206029043 -0.0741899088 0.194360331 0.0239221975 -0.0300055332 -0.0764080659 0.228882194 0.0630553141 -0.117343277 -0.116896458 -0.0620584637 0.00946935639 -0.0147364251 0.00987452641 0.154479489 -0.115192398 0.113610797 0.0135958344 0.0318061039 0.0943425372 0.0433792993 0.162011653 0.0970591605 0.0809997842 -0.0811436772 -0.0281181224 -0.00797686726
G404 0.0158167817 0.0147635229 0.0391639918 -0.0806448534 0.0410174131 0.0633102879 -0.129802823 0.0500404723 -0.0235911347 -0.130242959 -0.017773794 0.176970541 -0.0192118436 -0.0352493525 0.0655526668 -0.0801639855 0.0912575871 0.178311259 -0.0627644062 -0.114994466 -0.116472885 0.00548187643 -0.115318723 -0.118872926 -0.0991544053 -0.0552386343 -0.215785041 0.140877217 -0.0631574839 -0.12653558 0.0721351951 -0.106357634 -0.0939123333 0.0927690417 0.0222238861 0.0248929486 0.0331431329 -0.206029028 -0.0741899088 0.194360331 0.0239221826 -0.0300055295 -0.0764080733 0.228882194 0.0630553067 -0.117343269 -0.11689648 -0.0620584637 0.00946935825 -0.0147364102 0.00987452641 0.154479474 -0.115192398 0.113610789 0.0135958344 0.0318061039 0.0943425372 0.0433792993 0.162011653 0.0970591754 0.0809997767 -0.0811436772 -0.0281181242 -0.00797688216
G405 0.0158167835 0.0147635229 0.0391639918 -0.0806448534 0.0410174131 0.0633102804 -0.129802823 0.0500404723 -0.0235911384 -0.130242974 -0.017773794 0.176970541 -0.0192118473 -0.0352493562 0.0655526668 -0.0801639855 0.0912575945 0.178311259 -0.0627644137 -0.114994474 -0.116472878 0.00548187643 -0.115318723 -0.118872933 -0.0991544053 -0.0552386306 -0.215785041 0.140877217 -0.0631574839 -0.12653558 0.0721351951 -0.106357634 -0.0939123333 0.0927690417 0.0222238936 0.024892956 0.0331431329 -0.206029028 -0.0741899163 0.194360331 0.0239221882 -0.030005537 -0.0764080659 0.228882194 0.0630553067 -0.117343269 -0.116896465 -0.0620584637 0.00946935453 -0.0147364177 0.00987451151 0.154479504 -0.115192398 0.113610797 0.0135958344 0.0318061039 0.0943425447 0.0433793068 0.162011653 0.0970591679 0.0809997842 -0.0811436772 -0.0281181186 -0.00797687843
G406 0.0158167798 0.0147635154 0.0391639918 -0.0806448534 0.0410174206 0.0633102879 -0.129802823 0.050040476 -0.0235911347 -0.130242959 -0.017773794 0.176970527 -0.0192118511 -0.0352493599 0.0655526668 -0.0801639855 0.0912575871 0.178311259 -0.0627643988 -0.114994474 -0.116472878 0.00548187643 -0.115318723 -0.118872933 -0.0991543978 -0.0552386269 -0.215785041 0.140877217 -0.0631574765 -0.126535565 0.0721351951 -0.106357619 -0.0939123333 0.0927690417 0.0222238749 0.0248929523 0.0331431329 -0.206029043 -0.0741899163 0.194360331 0.0239221882 -0.0300055332 -0.0764080733 0.228882194 0.0630553067 -0.117343277 -0.11689648 -0.0620584637 0.00946935639 -0.014736414 0.00987452641 0.154479504 -0.115192398 0.113610797 0.0135958269 0.0318061039 0.0943425447 0.0433792993 0.162011653 0.0970591679 0.0809997842 -0.0811436772 -0.0281181224 -0.00797686726
G407 0.0158167798 0.0147635192 0.0391639918 -0.0806448534 0.041017428 0.0633102879 -0.129802823 0.0500404723 -0.0235911421 -0.130242959 -0.0177737903 0.176970541 -0.0192118492 -0.0352493599 0.0655526668 -0.0801639929 0.0912575871 0.178311273 -0.0627643988 -0.114994474 -0.116472878 0.00548187643 -0.115318723 -0.118872933 -0.0991543978 -0.0552386269 -0.215785041 0.140877232 -0.0631574839 -0.126535565 0.0721351951 -0.106357634 -0.0939123333 0.0927690417 0.0222238787 0.024892956 0.0331431329 -0.206029043 -0.0741899088 0.194360331 0.0239221957 -0.030005537 -0.0764080733 0.228882194 0.0630553067 -0.117343284 -0.11689648 -0.0620584637 0.00946935266 -0.0147364177 0.00987451151 0.154479489 -0.115192398 0.113610797 0.0135958306 0.0318061039 0.0943425447 0.0433792993 0.162011653 0.0970591605 0.0809997842 -0.0811436772 -0.0281181224 -0.00797686726
G408 0.0158167779 0.0147635154 0.0391639918 -0.0806448609 0.0410174206 0.0633102879 -0.129802823 0.050040476 -0.0235911272 -0.130242959 -0.017773794 0.176970541 -0.0192118548 -0.0352493599 0.0655526668 -0.0801639855 0.0912575945 0.178311259 -0.0627643988 -0.114994481 -0.116472878 0.00548187643 -0.115318723 -0.118872926 -0.0991543978 -0.0552386306 -0.215785041 0.140877232 -0.063157469 -0.12653558 0.0721351951 -0.106357634 -0.0939123333 0.0927690417 0.0222238787 0.0248929486 0.0331431292 -0.206029028 -0.0741899014 0.194360331 0.0239221882 -0.0300055258 -0.0764080733 0.228882194 0.0630553067 -0.117343269 -0.116896473 -0.0620584711 0.00946935266 -0.0147364214 0.00987451896 0.154479504 -0.115192398 0.113610797 0.0135958269 0.0318060927 0.0943425298 0.0433793068 0.162011653 0.0970591605 0.0809997767 -0.0811436772 -0.0281181242 -0.00797687098
G409 0.0158167779 0.0147635117 0.0391639769 -0.0806448534 0.0410174206 0.0633102879 -0.129802823 0.050040476 -0.0235911347 -0.130242959 -0.0177737921 0.176970541 -0.0192118548 -0.0352493674 0.0655526668 -0.080163978 0.0912575945 0.178311259 -0.0627643988 -0.114994481 -0.116472878 0.00548187643 -0.115318723 -0.118872926 -0.0991543978 -0.0552386306 -0.215785041 0.140877247 -0.0631574839 -0.12653558 0.0721352026 -0.106357634 -0.0939123333 0.0927690417 0.0222238787 0.0248929486 0.0331431255 -0.206029028 -0.0741899088 0.194360346 0.0239221826 -0.0300055258 -0.0764080659 0.228882194 0.0630553067 -0.117343269 -0.11689648 -0.0620584711 0.00946935639 -0.0147364177 0.00987451151 0.154479489 -0.115192398 0.113610797 0.0135958232 0.0318060927 0.0943425298 0.0433793068 0.162011653 0.0970591605 0.0809997842 -0.0811436772 -0.0281181205 -0.00797687471
G410 0.0158167835 0.0147635192 0.0391640067 -0.0806448534 0.0410174206 0.0633102804 -0.129802823 0.0500404723 -0.0235911347 -0.130242959 -0.017773794 0.176970541 -0.0192118511 -0.0352493599 0.0655526668 -0.080163978 0.0912575945 0.178311259 -0.0627643988 -0.114994481 -0.116472878 0.00548188016 -0.115318723 -0.118872933 -0.0991543978 -0.0552386269 -0.215785041 0.140877232 -0.0631574765 -0.126535565 0.0721351951 -0.106357634 -0.0939123333 0.0927690417 0.0222238898 0.0248929448 0.0331431255 -0.206029028 -0.0741899163 0.194360316 0.0239221901 -0.0300055332 -0.0764080659 0.228882194 0.0630553067 -0.117343262 -0.116896451 -0.0620584637 0.00946935266 -0.0147364177 0.00987451896 0.154479489 -0.115192398 0.113610797 0.0135958344 0.0318060964 0.0943425447 0.0433793068 0.162011653 0.0970591754 0.0809997916 -0.0811436772 -0.0281181205 -0.00797687471
G411 0.0158167817 0.0147635117 0.0391639918 -0.0806448534 0.0410174206 0.0633102804 -0.129802823 0.0500404723 -0.0235911347 -0.130242959 -0.017773794 0.176970541 -0.0192118511 -0.0352493562 0.0655526668 -0.0801639855 0.0912575945 0.178311259 -0.0627643988 -0.114994481 -0.116472878 0.00548188016 -0.115318723 -0.118872926 -0.0991544053 -0.0552386306 -0.215785041 0.140877232 -0.063157469 -0.126535565 0.0721351951 -0.106357634 -0.0939123333 0.0927690417 0.0222238936 0.0248929486 0.0331431255 -0.206029028 -0.0741899163 0.194360316 0.0239221901 -0.0300055332 -0.0764080808 0.228882194 0.0630553067 -0.117343262 -0.116896451 -0.0620584637 0.00946935639 -0.0147364177 0.00987451151 0.154479474 -0.115192391 0.113610797 0.0135958418 0.0318060964 0.0943425447 0.0433793068 0.162011653 0.0970591754 0.0809997916 -0.0811436772 -0.0281181186 -0.00797687098
G412 0.0158167798 0.014763508 0.0391640067 -0.0806448534 0.0410174206 0.063310273 -0.129802823 0.0500404686 -0.0235911421 -0.130242959 -0.017773794 0.176970541 -0.0192118511 -0.0352493674 0.0655526519 -0.0801639855 0.0912575945 0.178311259 -0.0627643988 -0.114994481 -0.116472878 0.00548188388 -0.11531873 -0.118872933 -0.0991543978 -0.0552386269 -0.215785041 0.140877217 -0.0631574839 -0.126535565 0.0721351951 -0.106357619 -0.0939123333 0.0927690342 0.0222238749 0.0248929523 0.0331431292 -0.206029028 -0.0741899163 0.194360316 0.0239221975 -0.0300055332 -0.0764080659 0.228882194 0.0630553067 -0.117343269 -0.116896458 -0.0620584637 0.00946934894 -0.0147364177 0.00987451151 0.154479489 -0.115192398 0.113610797 0.0135958381 0.0318061002 0.0943425447 0.0433792993 0.162011653 0.0970591605 0.0809997767 -0.0811436772 -0.0281181224 -0.00797686726
G413 0.0158167798 0.0147635043 0.0391640067 -0.0806448534 0.0410174206 0.0633102879 -0.129802838 0.050040476 -0.0235911496 -0.130242959 -0.017773794 0.176970541 -0.0192118511 -0.0352493636 0.0655526593 -0.0801639929 0.0912575945 0.178311259 -0.0627643988 -0.114994481 -0.116472878 0.00548188761 -0.11531873 -0.118872926 -0.0991543978 -0.0552386269 -0.215785041 0.140877217 -0.0631574839 -0.12653558 0.0721351951 -0.106357634 -0.0939123333 0.0927690342 0.0222238824 0.0248929523 0.0331431255 -0.206029028 -0.0741899163 0.194360316 0.0239221901 -0.0300055258 -0.0764080659 0.228882194 0.0630553141 -0.117343269 -0.116896451 -0.0620584711 0.00946935266 -0.0147364177 0.00987451151 0.154479474 -0.115192398 0.113610797 0.0135958418 0.0318061076 0.0943425447 0.0433793068 0.162011653 0.0970591605 0.0809997842 -0.0811436772 -0.0281181224 -0.00797687471
G414 0.0158167835 0.0147635192 0.0391639918 -0.0806448534 0.0410174206 0.0633102879 -0.129802823 0.050040476 -0.0235911384 -0.130242959 -0.0177737903 0.176970541 -0.0192118492 -0.0352493599 0.0655526668 -0.0801639855 0.0912575945 0.178311259 -0.0627643988 -0.114994474 -0.116472878 0.00548188388 -0.11531873 -0.118872933 -0.0991544053 -0.0552386306 -0.215785041 0.140877217 -0.0631574839 -0.126535565 0.0721351951 -0.106357627 -0.0939123333 0.0927690417 0.0222238787 0.0248929486 0.0331431292 -0.206029028 -0.0741899088 0.194360331 0.0239221826 -0.0300055332 -0.0764080733 0.228882194 0.0630553067 -0.117343277 -0.116896458 -0.0620584711 0.00946936384 -0.0147364177 0.00987453386 0.154479504 -0.115192391 0.113610797 0.0135958306 0.0318060927 0.0943425447 0.0433792919 0.162011653 0.0970591754 0.0809997767 -0.0811436772 -0.0281181224 -0.00797687471
G415 0.0158167817 0.0147635117 0.0391639993 -0.0806448534 0.041017428 0.0633102879 -0.129802823 0.0500404686 -0.0235911347 -0.130242959 -0.017773794 0.176970541 -0.0192118492 -0.0352493562 0.0655526668 -0.0801639929 0.0912575945 0.178311273 -0.0627643988 -0.114994474 -0.116472878 0.00548188388 -0.11531873 -0.118872933 -0.0991544053 -0.0552386269 -0.215785041 0.140877217 -0.0631574765 -0.126535565 0.0721351951 -0.106357612 -0.0939123333 0.0927690417 0.0222238861 0.0248929411 0.0331431255 -0.206029043 -0.0741899088 0.194360316 0.0239221901 -0.030005537 -0.0764080733 0.228882194 0.0630553067 -0.117343284 -0.116896465 -0.0620584711 0.00946936198 -0.0147364177 0.00987453386 0.154479504 -0.115192398 0.113610797 0.0135958344 0.0318060927 0.0943425372 0.0433792993 0.162011653 0.0970591605 0.0809997767 -0.0811436772 -0.0281181224 -0.00797686353
G416 0.0158167798 0.0147635117 0.0391639993 -0.0806448534 0.0410174206 0.0633102879 -0.129802838 0.0500404723 -0.0235911421 -0.130242959 -0.017773794 0.176970527 -0.0192118548 -0.0352493562 0.0655526668 -0.0801639855 0.0912575871 0.178311259 -0.0627643988 -0.114994481 -0.116472878 0.00548188016 -0.11531873 -0.118872933 -0.0991544053 -0.0552386232 -0.215785041 0.140877217 -0.0631574839 -0.126535565 0.0721351951 -0.106357627 -0.0939123333 0.0927690417 0.0222238861 0.0248929448 0.0331431329 -0.206029043 -0.0741899088 0.194360346 0.0239221863 -0.030005537 -0.0764080733 0.228882194 0.0630553067 -0.117343269 -0.11689648 -0.0620584711 0.0094693657 -0.0147364177 0.00987451896 0.154479489 -0.115192398 0.113610797 0.0135958269 0.0318061002 0.0943425298 0.0433792993 0.162011653 0.0970591679 0.0809997842 -0.0811436772 -0.0281181224 -0.00797687471
G417 0.0158167817 0.0147635117 0.0391639918 -0.0806448534 0.0410174206 0.0633102804 -0.129802823 0.0500404686 -0.0235911421 -0.130242959 -0.017773794 0.176970541 -0.0192118529 -0.0352493525 0.0655526519 -0.0801639855 0.0912575945 0.178311259 -0.0627643988 -0.114994481 -0.116472878 0.00548188016 -0.11531873 -0.118872941 -0.0991544053 -0.0552386232 -0.215785041 0.140877232 -0.0631574839 -0.126535565 0.0721351951 -0.106357612 -0.0939123333 0.0927690417 0.0222238861 0.0248929411 0.0331431292 -0.206029043 -0.0741899014 0.194360331 0.0239221901 -0.0300055332 -0.0764080733 0.228882164 0.0630553067 -0.117343277 -0.116896473 -0.0620584711 0.0094693657 -0.0147364177 0.00987451896 0.154479474 -0.115192398 0.113610797 0.0135958344 0.0318061002 0.0943425447 0.0433793068 0.162011653 0.0970591605 0.0809997842 -0.0811436772 -0.0281181224 -0.00797687098
G418 0.0158167817 0.0147635154 0.0391639993 -0.0806448534 0.0410174206 0.0633102879 -0.129802823 0.0500404648 -0.0235911347 -0.130242974 -0.017773794 0.176970541 -0.0192118511 -0.0352493748 0.0655526668 -0.080163978 0.0912575945 0.178311273 -0.0627643988 -0.114994481 -0.116472885 0.00548187643 -0.11531873 -0.118872926 -0.0991543978 -0.0552386232 -0.215785041 0.140877232 -0.0631574839 -0.126535594 0.0721351951 -0.106357634 -0.0939123333 0.0927690417 0.0222238787 0.024892956 0.0331431329 -0.206029028 -0.0741899163 0.194360346 0.0239221863 -0.0300055332 -0.0764080659 0.228882194 0.0630553141 -0.117343269 -0.116896473 -0.0620584637 0.0094693657 -0.0147364177 0.00987451896 0.154479489 -0.115192398 0.113610797 0.0135958232 0.0318061039 0.0943425447 0.0433792993 0.162011653 0.0970591605 0.0809997842 -0.0811436772 -0.0281181205 -0.00797686726
G419 0.0158167854 0.0147635043 0.0391639918 -0.0806448534 0.0410174206 0.0633102879 -0.129802823 0.0500404648 -0.0235911384 -0.130242959 -0.017773794 0.176970541 -0.0192118473 -0.0352493674 0.0655526668 -0.080163978 0.0912575871 0.178311259 -0.0627643988 -0.114994481 -0.116472878 0.00548188016 -0.11531873 -0.118872941 -0.0991543978 -0.0552386269 -0.215785041 0.140877232 -0.0631574839 -0.12653558 0.0721351951 -0.106357619 -0.0939123333 0.0927690417 0.0222238787 0.0248929523 0.0331431329 -0.206029043 -0.0741899163 0.194360346 0.0239221901 -0.030005537 -0.0764080733 0.228882194 0.0630553141 -0.117343277 -0.116896473 -0.0620584637 0.00946936756 -0.0147364102 0.00987452641 0.154479474 -0.115192398 0.113610797 0.0135958269 0.0318060964 0.0943425447 0.0433793068 0.162011653 0.0970591605 0.0809997842 -0.0811436772 -0.0281181186 -0.00797687098
G420 0.0158167779 0.0147635117 0.0391639918 -0.0806448534 0.0410174206 0.0633102879 -0.129802838 0.0500404723 -0.0235911347 -0.130242959 -0.017773794 0.176970541 -0.0192118529 -0.0352493636 0.0655526519 -0.0801639855 0.0912575945 0.178311259 -0.0627643988 -0.114994474 -0.116472878 0.00548188388 -0.11531873 -0.118872918 -0.0991543978 -0.0552386232 -0.215785041 0.140877232 -0.0631574839 -0.12653558 0.0721351951 -0.106357627 -0.0939123333 0.0927690417 0.0222238787 0.024892956 0.0331431255 -0.206029028 -0.0741899163 0.194360331 0.0239221863 -0.030005537 -0.0764080659 0.228882194 0.0630553141 -0.117343277 -0.116896465 -0.0620584562 0.00946935639 -0.0147364177 0.00987451896 0.154479489 -0.115192398 0.113610797 0.0135958344 0.0318061039 0.0943425447 0.0433792993 0.162011653 0.0970591605 0.0809997767 -0.0811436921 -0.0281181131 -0.00797686726
G421 0.0158167779 0.0147635117 0.0391639918 -0.0806448609 0.0410174206 0.0633102879 -0.129802838 0.050040476 -0.0235911384 -0.130242959 -0.017773794 0.176970541 -0.0192118529 -0.0352493599 0.0655526593 -0.0801639855 0.0912575945 0.178311259 -0.0627644137 -0.114994474 -0.116472878 0.00548188388 -0.11531873 -0.118872918 -0.0991543978 -0.0552386232 -0.215785041 0.140877217 -0.0631574839 -0.12653558 0.0721351951 -0.106357634 -0.0939123333 0.0927690417 0.0222238787 0.0248929486 0.0331431329 -0.206029043 -0.0741899088 0.194360331 0.0239221863 -0.030005537 -0.0764080733 0.228882194 0.0630553216 -0.117343277 -0.116896465 -0.0620584637 0.00946935639 -0.0147364177 0.00987451896 0.154479489 -0.115192398 0.113610797 0.0135958381 0.0318061039 0.0943425298 0.0433792993 0.162011653 0.0970591679 0.0809997767 -0.0811436772 -0.0281181131 -0.00797686726
G422 0.0158167742 0.0147635043 0.0391639918 -0.0806448534 0.0410174206 0.0633102879 -0.129802823 0.0500404723 -0.023591131 -0.130242959 -0.0177737903 0.176970541 -0.0192118511 -0.0352493599 0.0655526593 -0.080163978 0.0912576094 0.178311259 -0.0627643988 -0.114994481 -0.116472878 0.00548188016 -0.115318723 -0.118872933 -0.0991543978 -0.0552386306 -0.215785041 0.140877232 -0.0631574839 -0.126535594 0.0721351951 -0.106357634 -0.0939123333 0.0927690417 0.0222238898 0.024892956 0.0331431329 -0.206029028 -0.0741899088 0.194360331 0.0239221975 -0.030005537 -0.0764080659 0.228882194 0.0630553067 -0.117343277 -0.116896473 -0.0620584711 0.00946935453 -0.0147364102 0.00987451896 0.154479504 -0.115192398 0.113610789 0.0135958344 0.0318060964 0.0943425372 0.0433792993 0.162011653 0.0970591605 0.0809997916 -0.0811436847 -0.0281181335 -0.00797685981
G423 0.0158167724 0.0147635117 0.0391639918 -0.0806448534 0.0410174206 0.0633102879 -0.129802838 0.0500404723 -0.023591131 -0.130242944 -0.017773794 0.176970541 -0.0192118511 -0.0352493599 0.0655526668 -0.080163978 0.0912576094 0.178311273 -0.0627644062 -0.114994474 -0.116472878 0.00548188016 -0.115318723 -0.118872933 -0.0991543978 -0.0552386269 -0.215785041 0.140877232 -0.0631574765 -0.12653558 0.0721351951 -0.106357634 -0.0939123333 0.0927690342 0.0222238824 0.024892956 0.0331431329 -0.206029043 -0.0741899088 0.194360346 0.0239221938 -0.0300055295 -0.0764080659 0.228882194 0.0630553067 -0.117343269 -0.116896473 -0.0620584637 0.0094693508 -0.0147364177 0.00987451896 0.154479489 -0.115192398 0.113610789 0.0135958306 0.031806089 0.0943425298 0.0433792919 0.162011653 0.0970591605 0.0809997916 -0.0811436772 -0.0281181224 -0.00797685981
G424 0.0158167724 0.0147635154 0.0391640067 -0.0806448534 0.0410174206 0.063310273 -0.129802823 0.0500404686 -0.0235911347 -0.130242959 -0.0177737866 0.176970541 -0.0192118511 -0.0352493525 0.0655526593 -0.0801639855 0.0912575945 0.178311259 -0.0627643988 -0.114994481 -0.116472885 0.00548188016 -0.11531873 -0.118872933 -0.0991543978 -0.0552386269 -0.215785027 0.140877217 -0.0631574839 -0.126535565 0.0721351951 -0.106357627 -0.0939123333 0.0927690417 0.0222238861 0.0248929411 0.0331431255 -0.206029028 -0.0741899088 0.194360331 0.0239221975 -0.0300055332 -0.0764080733 0.228882194 0.0630553067 -0.117343269 -0.116896458 -0.0620584562 0.00946935453 -0.0147364177 0.00987452641 0.154479474 -0.115192391 0.113610797 0.0135958269 0.031806089 0.0943425521 0.0433793068 0.162011638 0.0970591679 0.0809997767 -0.0811436772 -0.0281181224 -0.00797686353
G425 0.0158167742 0.0147635117 0.0391640067 -0.0806448534 0.0410174206 0.0633102804 -0.129802823 0.0500404723 -0.0235911347 -0.130242944 -0.0177737866 0.176970541 -0.0192118511 -0.0352493525 0.0655526519 -0.0801639855 0.0912575945 0.178311273 -0.0627643988 -0.114994466 -0.116472878 0.00548188388 -0.11531873 -0.118872926 -0.0991543978 -0.0552386232 -0.215785041 0.140877217 -0.0631574839 -0.126535565 0.0721351951 -0.106357627 -0.0939123333 0.0927690417 0.0222238861 0.0248929486 0.0331431329 -0.206029028 -0.0741899088 0.194360316 0.0239221975 -0.0300055332 -0.0764080733 0.228882194 0.0630553141 -0.117343277 -0.116896465 -0.0620584562 0.00946936011 -0.0147364177 0.00987452641 0.154479474 -0.115192398 0.113610797 0.0135958344 0.031806089 0.0943425447 0.0433793068 0.162011653 0.0970591754 0.0809997767 -0.0811436772 -0.0281181261 -0.00797686353
G426 0.0206409022 0.0313845798 0.0473823249 -0.0830433518 0.0521219596 0.0519331135 -0.126021713 0.0566599779 -0.0329317972 -0.135386661 -0.0203597061 0.18076843 -0.016038496 -0.00603639707 0.062599659 -0.095493108 0.0845782384 0.175923094 -0.0507655218 -0.102446198 -0.109204888 0.0128819384 -0.114990905 -0.119434603 -0.0930592492 -0.047833316 -0.222633973 0.171256304 -0.061596863 -0.11606653 0.076474525 -0.101261131 -0.106056705 0.0759245604 0.0280561782 0.0248815883 0.0464005843 -0.197187185 -0.0594796501 0.182462752 0.0170094147 -0.0218015984 -0.0657971054 0.240591273 0.0588773265 -0.11381647 -0.104199305 -0.0737435743 0.0130471289 -0.0241652653 0.000876374543 0.143072814 -0.111079261 0.125193819 -0.00261176378 0.0340505429 0.0964167565 0.0515492819 0.170307979 0.0959870443 0.0776116475 -0.0695106611 -0.0278211739 -0.00783845782
G429 0.0206409022 0.0313845798 0.0473823249 -0.0830433518 0.0521219522 0.0519331135 -0.126021713 0.0566599779 -0.0329317972 -0.135386661 -0.0203597024 0.180768415 -0.0160384998 -0.00603639707 0.062599659 -0.095493108 0.0845782533 0.175923109 -0.0507655144 -0.102446191 -0.109204903 0.0128819384 -0.114990905 -0.119434603 -0.0930592492 -0.047833316 -0.222633973 0.171256304 -0.0615968704 -0.11606653 0.076474525 -0.101261139 -0.106056705 0.0759245604 0.0280561894 0.0248815957 0.0464005843 -0.197187185 -0.0594796538 0.182462752 0.0170094222 -0.0218015984 -0.0657971054 0.240591273 0.0588773265 -0.113816485 -0.104199298 -0.0737435743 0.0130471289 -0.0241652615 0.000876367092 0.143072814 -0.111079261 0.125193819 -0.00261176005 0.0340505317 0.096416764 0.0515492819 0.170307994 0.0959870517 0.0776116475 -0.0695106611 -0.027821172 -0.00783846155
G432 0.0206409041 0.0313845798 0.0473823249 -0.0830433443 0.0521219522 0.0519331135 -0.126021713 0.0566599779 -0.0329317972 -0.135386676 -0.0203597024 0.180768415 -0.0160384998 -0.00603639521 0.0625996739 -0.0954931006 0.0845782459 0.175923109 -0.0507655218 -0.102446198 -0.109204911 0.0128819421 -0.114990905 -0.119434603 -0.0930592492 -0.0478333198 -0.222633988 0.171256304 -0.0615968704 -0.116066515 0.076474525 -0.101261139 -0.106056705 0.0759245604 0.0280561745 0.024881592 0.0464005843 -0.1971872 -0.0594796501 0.182462752 0.0170094129 -0.0218016021 -0.0657971203 0.240591288 0.0588773265 -0.11381647 -0.104199298 -0.0737435743 0.0130471252 -0.0241652578 0.000876363367 0.143072814 -0.111079261 0.125193805 -0.00261176005 0.0340505466 0.0964167565 0.0515492745 0.170307979 0.0959870517 0.077611655 -0.0695106536 -0.0278211683 -0.00783845037
G435 0.0206409004 0.0313845798 0.0473823249 -0.0830433443 0.0521219671 0.0519331135 -0.126021713 0.0566599742 -0.0329317898 -0.135386661 -0.0203597043 0.180768415 -0.0160384923 -0.00603640825 0.0625996664 -0.0954931006 0.0845782533 0.175923109 -0.0507655218 -0.102446198 -0.109204903 0.0128819384 -0.11499089 -0.11943461 -0.0930592418 -0.0478333086 -0.222633973 0.171256289 -0.0615968704 -0.11606653 0.0764745325 -0.101261124 -0.106056705 0.0759245604 0.0280561894 0.0248815883 0.0464005843 -0.197187185 -0.0594796501 0.182462737 0.0170094185 -0.0218015984 -0.0657971129 0.240591288 0.0588773191 -0.11381647 -0.10419929 -0.0737435743 0.0130471289 -0.0241652653 0.000876367092 0.143072814 -0.111079261 0.125193819 -0.00261176005 0.0340505354 0.0964167565 0.0515492745 0.170307994 0.0959870517 0.0776116475 -0.0695106536 -0.027821172 -0.00783845782
G438 0.0206409022 0.0313845836 0.0473823249 -0.0830433369 0.0521219671 0.0519331209 -0.126021713 0.0566599891 -0.0329317823 -0.135386676 -0.0203597043 0.180768415 -0.0160384849 -0.00603639334 0.0625996664 -0.095493108 0.0845782459 0.175923109 -0.0507655069 -0.102446191 -0.109204888 0.0128819421 -0.114990905 -0.119434603 -0.0930592418 -0.0478333086 -0.222633988 0.171256304 -0.0615968704 -0.116066515 0.076474525 -0.101261124 -0.106056705 0.0759245604 0.0280561857 0.0248815995 0.0464005917 -0.197187185 -0.0594796501 0.182462752 0.0170094166 -0.0218015909 -0.0657971203 0.240591273 0.0588773228 -0.11381647 -0.10419929 -0.0737435818 0.0130471252 -0.024165269 0.000876367092 0.143072814 -0.111079261 0.125193819 -0.00261176378 0.0340505503 0.096416764 0.0515492857 0.170307979 0.0959870517 0.077611655 -0.0695106536 -0.0278211664 -0.00783845037
G441 0.0206409059 0.0313845873 0.0473823249 -0.0830433369 0.0521219671 0.0519331209 -0.126021713 0.0566599779 -0.0329317898 -0.135386661 -0.0203597061 0.180768415 -0.0160384923 -0.00603639334 0.0625996664 -0.0954931006 0.0845782533 0.175923109 -0.0507655144 -0.102446191 -0.109204888 0.0128819384 -0.114990905 -0.11943461 -0.0930592418 -0.0478333086 -0.222633973 0.171256289 -0.0615968704 -0.11606653 0.0764745325 -0.101261131 -0.106056705 0.0759245604 0.028056182 0.0248815902 0.0464005806 -0.197187185 -0.0594796501 0.182462752 0.017009411 -0.0218015909 -0.0657971203 0.240591273 0.0588773265 -0.113816462 -0.10419929 -0.0737435743 0.0130471289 -0.0241652578 0.000876367092 0.143072814 -0.111079261 0.125193834 -0.00261176378 0.0340505391 0.096416764 0.0515492857 0.170307979 0.0959870517 0.0776116475 -0.0695106685 -0.0278211646 -0.00783845037
G444 0.0206409041 0.0313845724 0.0473823249 -0.0830433369 0.0521219596 0.0519331209 -0.126021713 0.0566599779 -0.0329317898 -0.135386676 -0.0203597043 0.180768415 -0.0160384923 -0.00603638962 0.062599659 -0.0954931006 0.0845782459 0.175923109 -0.0507655069 -0.102446184 -0.109204888 0.0128819421 -0.114990905 -0.119434603 -0.0930592418 -0.047833316 -0.222633973 0.171256304 -0.0615968704 -0.116066515 0.0764745325 -0.101261131 -0.106056705 0.075924553 0.0280561894 0.024881592 0.0464005917 -0.197187185 -0.0594796464 0.182462752 0.0170094129 -0.0218016021 -0.0657971129 0.240591273 0.0588773265 -0.11381647 -0.10419929 -0.0737435743 0.0130471289 -0.0241652578 0.000876367092 0.143072814 -0.111079261 0.125193819 -0.00261176378 0.0340505391 0.0964167565 0.0515492819 0.170307979 0.0959870443 0.0776116401 -0.0695106685 -0.027821172 -0.00783845037
G447 0.0206409115 0.0313845798 0.0473823249 -0.0830433518 0.0521219522 0.0519331135 -0.126021713 0.0566599779 -0.0329317972 -0.135386676 -0.0203597043 0.180768415 -0.016038496 -0.00603640638 0.062599659 -0.095493108 0.0845782459 0.175923109 -0.0507655218 -0.102446184 -0.109204911 0.0128819421 -0.114990905 -0.119434603 -0.0930592492 -0.047833316 -0.222633973 0.171256304 -0.0615968704 -0.116066515 0.076474525 -0.101261146 -0.106056705 0.0759245604 0.028056182 0.0248815902 0.0464005843 -0.1971872 -0.0594796501 0.182462752 0.0170094147 -0.0218015946 -0.0657971054 0.240591273 0.0588773265 -0.11381647 -0.10419929 -0.0737435743 0.0130471364 -0.0241652727 0.000876363367 0.143072814 -0.111079261 0.125193819 -0.00261176378 0.0340505466 0.0964167565 0.0515492745 0.170307979 0.0959870517 0.0776116401 -0.0695106536 -0.0278211702 -0.00783845782
G450 0.0206409004 0.0313845798 0.04738231 -0.0830433518 0.0521219522 0.0519331135 -0.126021713 0.0566599779 -0.0329317972 -0.135386676 -0.0203597024 0.18076843 -0.0160384886 -0.00603640638 0.062599659 -0.0954931006 0.0845782384 0.175923109 -0.0507655218 -0.102446191 -0.109204888 0.0128819384 -0.114990905 -0.119434603 -0.0930592418 -0.0478333086 -0.222633988 0.171256289 -0.0615968704 -0.116066523 0.0764745325 -0.101261131 -0.106056735 0.0759245604 0.028056182 0.024881592 0.0464005768 -0.197187185 -0.0594796464 0.182462752 0.0170094147 -0.0218015909 -0.0657971054 0.240591258 0.0588773265 -0.11381647 -0.104199298 -0.0737435743 0.0130471252 -0.0241652653 0.000876355916 0.143072814 -0.111079261 0.125193834 -0.00261176378 0.0340505466 0.0964167565 0.0515492819 0.170307979 0.0959870517 0.0776116401 -0.0695106611 -0.0278211739 -0.00783845782
G453 0.0206409004 0.0313845761 0.0473823249 -0.0830433518 0.0521219596 0.0519331135 -0.126021713 0.0566599742 -0.0329317898 -0.135386676 -0.0203597024 0.180768415 -0.0160384923 -0.00603640266 0.0625996664 -0.0954931006 0.0845782459 0.175923109 -0.0507655144 -0.102446191 -0.109204903 0.0128819384 -0.114990905 -0.119434603 -0.0930592492 -0.0478333123 -0.222633958 0.171256304 -0.0615968704 -0.11606653 0.0764745325 -0.101261131 -0.106056705 0.075924553 0.028056182 0.0248815957 0.0464005843 -0.197187185 -0.0594796464 0.182462737 0.0170094129 -0.0218015984 -0.0657971054 0.240591273 0.0588773265 -0.11381647 -0.104199298 -0.0737435743 0.0130471215 -0.0241652653 0.000876363367 0.143072814 -0.111079261 0.125193819 -0.0026117675 0.0340505429 0.0964167565 0.0515492782 0.170307979 0.0959870517 0.0776116475 -0.0695106611 -0.0278211795 -0.00783846155
G456 0.0206409041 0.0313845873 0.0473823249 -0.0830433443 0.0521219522 0.0519331135 -0.126021713 0.0566599742 -0.0329317972 -0.135386676 -0.0203597061 0.18076843 -0.016038496 -0.00603639334 0.0625996739 -0.0954931006 0.0845782533 0.175923109 -0.0507655218 -0.102446191 -0.109204903 0.0128819421 -0.114990905 -0.11943461 -0.0930592418 -0.0478333198 -0.222633973 0.171256274 -0.0615968704 -0.116066515 0.076474525 -0.101261124 -0.106056705 0.0759245604 0.0280561857 0.0248815846 0.0464005917 -0.1971872 -0.0594796538 0.182462752 0.0170094185 -0.0218015909 -0.0657971054 0.240591273 0.0588773191 -0.113816485 -0.104199283 -0.0737435743 0.0130471326 -0.0241652727 0.000876367092 0.143072829 -0.111079261 0.125193819 -0.00261176378 0.0340505429 0.0964167565 0.0515492819 0.170307979 0.0959870517 0.077611655 -0.0695106536 -0.0278211646 -0.00783845782
G459 0.0206409078 0.0313845836 0.0473823249 -0.0830433443 0.0521219671 0.051933106 -0.126021713 0.0566599779 -0.0329317898 -0.135386676 -0.0203597061 0.180768415 -0.0160384998 -0.00603640266 0.062599659 -0.095493108 0.0845782459 0.175923109 -0.0507655218 -0.102446206 -0.109204903 0.0128819421 -0.114990905 -0.11943461 -0.0930592492 -0.047833316 -0.222633988 0.171256274 -0.0615968704 -0.11606653 0.0764745325 -0.101261139 -0.106056705 0.0759245604 0.0280561782 0.024881592 0.0464005843 -0.197187215 -0.0594796538 0.182462737 0.0170094203 -0.0218015909 -0.0657971054 0.240591273 0.0588773228 -0.11381647 -0.10419929 -0.0737435743 0.0130471364 -0.0241652615 0.000876363367 0.143072814 -0.111079253 0.125193805 -0.00261176005 0.0340505354 0.0964167565 0.0515492819 0.170307994 0.0959870517 0.0776116475 -0.0695106611 -0.0278211702 -0.00783845782
G462 0.0206408985 0.0313845873 0.0473823249 -0.0830433518 0.0521219522 0.0519331172 -0.126021698 0.0566599779 -0.0329317898 -0.135386661 -0.0203597061 0.180768415 -0.016038496 -0.00603639521 0.062599659 -0.0954931006 0.0845782459 0.175923109 -0.0507655144 -0.102446191 -0.109204903 0.0128819421 -0.114990905 -0.119434603 -0.0930592492 -0.0478333086 -0.222633988 0.171256304 -0.0615968704 -0.116066515 0.0764745325 -0.101261131 -0.106056705 0.0759245455 0.0280561894 0.024881592 0.0464005843 -0.1971872 -0.0594796538 0.182462752 0.0170094129 -0.0218015872 -0.0657971054 0.240591273 0.0588773191 -0.113816477 -0.10419929 -0.0737435743 0.0130471252 -0.0241652727 0.000876367092 0.143072829 -0.111079261 0.125193819 -0.00261177123 0.0340505317 0.0964167714 0.0515492819 0.170307979 0.0959870443 0.0776116475 -0.0695106611 -0.0278211758 -0.00783845037
G465 0.0206409078 0.0313845873 0.0473823249 -0.0830433518 0.0521219671 0.0519331135 -0.126021713 0.0566599779 -0.0329317972 -0.135386661 -0.0203597043 0.18076843 -0.016038496 -0.00603639521 0.0625996739 -0.0954931006 0.0845782533 0.175923079 -0.0507655218 -0.102446198 -0.109204903 0.0128819421 -0.114990897 -0.11943461 -0.0930592418 -0.047833316 -0.222633973 0.171256304 -0.0615968704 -0.116066508 0.0764745325 -0.101261124 -0.106056705 0.0759245604 0.0280561894 0.0248815883 0.0464005806 -0.1971872 -0.0594796501 0.182462752 0.0170094147 -0.0218015872 -0.0657971129 0.240591273 0.0588773265 -0.113816485 -0.104199298 -0.0737435743 0.0130471252 -0.0241652578 0.000876370817 0.143072814 -0.111079268 0.125193819 -0.00261175632 0.0340505317 0.0964167565 0.0515492819 0.170307979 0.0959870443 0.077611655 -0.0695106611 -0.0278211739 -0.00783846527
G468 0.0206409078 0.0313845873 0.0473823249 -0.0830433369 0.0521219596 0.0519331135 -0.126021713 0.0566599779 -0.0329317972 -0.135386676 -0.0203597024 0.18076843 -0.0160384886 -0.00603639707 0.0625996739 -0.0954931006 0.084578231 0.175923094 -0.0507655218 -0.102446184 -0.109204888 0.0128819421 -0.114990905 -0.119434603 -0.0930592492 -0.0478333086 -0.222633958 0.171256304 -0.0615968704 -0.116066523 0.0764745325 -0.101261131 -0.106056705 0.0759245604 0.028056182 0.0248815864 0.0464005843 -0.197187185 -0.0594796501 0.182462782 0.0170094147 -0.0218015984 -0.0657971054 0.240591273 0.0588773191 -0.11381647 -0.104199298 -0.0737435818 0.0130471252 -0.0241652615 0.000876370817 0.143072814 -0.111079261 0.125193819 -0.00261176005 0.0340505317 0.096416764 0.0515492745 0.170307994 0.0959870517 0.0776116475 -0.0695106685 -0.027821172 -0.00783845782
G471 0.0206409041 0.0313845947 0.0473823249 -0.0830433518 0.0521219596 0.0519331135 -0.126021713 0.0566599816 -0.0329317972 -0.135386676 -0.0203597061 0.18076843 -0.0160384998 -0.00603640638 0.062599659 -0.0954931006 0.0845782384 0.175923109 -0.0507655218 -0.102446191 -0.109204903 0.0128819346 -0.114990905 -0.119434603 -0.0930592418 -0.047833316 -0.222633973 0.171256304 -0.061596863 -0.11606653 0.076474525 -0.101261146 -0.106056705 0.0759245604 0.0280561857 0.0248815864 0.0464005843 -0.1971872 -0.0594796464 0.182462752 0.0170094259 -0.0218015946 -0.0657971203 0.240591258 0.0588773265 -0.11381647 -0.104199305 -0.0737435743 0.0130471252 -0.0241652578 0.000876367092 0.143072814 -0.111079261 0.125193819 -0.00261175632 0.0340505466 0.0964167565 0.0515492745 0.170307994 0.0959870517 0.0776116475 -0.0695106536 -0.0278211702 -0.00783845037
G474 0.0204418115 0.0313441753 0.0478177369 -0.0830699652 0.0519344732 0.0521530882 -0.125809073 0.0565840267 -0.0328979716 -0.135842979 -0.0201596897 0.181073681 -0.0158996787 -0.00622911006 0.0628029555 -0.0959071591 0.0846603885 0.176161885 -0.0510824919 -0.102680407 -0.10879939 0.0128935315 -0.115425304 -0.11912097 -0.092899017 -0.0475738496 -0.222817928 0.171703219 -0.061421603 -0.11601761 0.0762112066 -0.101719327 -0.10597004 0.075896576 0.0284876637 0.0248456039 0.0462001935 -0.197098508 -0.0595135167 0.182725802 0.0170532688 -0.0220502131 -0.0656243563 0.240288034 0.0591097437 -0.113577314 -0.104395583 -0.0736755654 0.0135170706 -0.0242425166 0.000661406666 0.143221617 -0.111393251 0.124689609 -0.00250204653 0.0337804705 0.0968204513 0.051571615 0.170065001 0.0962864086 0.0773093253 -0.0693964064 -0.0278468095 -0.00745006651
G477 0.020441819 0.0313441753 0.0478177294 -0.0830699652 0.0519344732 0.0521530844 -0.125809088 0.0565840267 -0.0328979865 -0.135842979 -0.0201596897 0.181073695 -0.015899675 -0.00622909889 0.0628029555 -0.0959071517 0.0846603885 0.176161885 -0.0510824993 -0.102680407 -0.108799398 0.012893524 -0.115425304 -0.119120955 -0.092899017 -0.0475738458 -0.222817943 0.171703219 -0.061421603 -0.116017595 0.0762111992 -0.101719327 -0.10597004 0.075896576 0.0284876712 0.0248455983 0.046200186 -0.197098508 -0.0595135204 0.182725832 0.0170532651 -0.0220502131 -0.0656243488 0.240288034 0.0591097437 -0.113577321 -0.104395591 -0.0736755654 0.0135170743 -0.0242425315 0.000661406666 0.143221617 -0.111393251 0.124689616 -0.0025020428 0.033780463 0.0968204588 0.051571615 0.170065001 0.0962864161 0.0773093253 -0.069396399 -0.0278468113 -0.00745006651
G480 0.020441819 0.0313441828 0.0478177294 -0.0830699652 0.0519344732 0.0521530844 -0.125809088 0.0565840304 -0.032897979 -0.135842979 -0.020159686 0.181073695 -0.015899675 -0.00622909889 0.0628029555 -0.0959071591 0.084660396 0.176161885 -0.0510825068 -0.102680393 -0.10879939 0.0128935277 -0.115425318 -0.119120955 -0.092899017 -0.0475738496 -0.222817928 0.171703219 -0.061421603 -0.116017595 0.0762112141 -0.101719327 -0.105970025 0.075896576 0.0284876712 0.0248455964 0.0462001897 -0.197098494 -0.0595135167 0.182725847 0.0170532726 -0.0220502056 -0.0656243488 0.240288034 0.0591097437 -0.113577299 -0.104395583 -0.0736755654 0.0135170743 -0.0242425241 0.000661406666 0.143221632 -0.111393243 0.124689616 -0.0025020428 0.0337804593 0.0968204662 0.051571615 0.170065016 0.0962864012 0.0773093253 -0.069396399 -0.0278468169 -0.00745005906
G483 0.0204418153 0.0313441753 0.0478177443 -0.0830699578 0.0519344658 0.0521530807 -0.125809088 0.0565840378 -0.0328979865 -0.135842979 -0.0201596897 0.181073695 -0.0158996824 -0.00622910075 0.0628029555 -0.0959071591 0.0846603811 0.176161885 -0.0510824919 -0.102680393 -0.108799398 0.012893524 -0.115425318 -0.119120955 -0.0928990245 -0.0475738496 -0.222817928 0.171703219 -0.061421603 -0.116017595 0.0762112141 -0.101719327 -0.105970025 0.075896576 0.0284876749 0.0248455964 0.0462001897 -0.197098494 -0.0595135204 0.182725832 0.0170532726 -0.0220502131 -0.0656243563 0.240288034 0.0591097474 -0.113577306 -0.104395591 -0.0736755654 0.0135170706 -0.0242425166 0.000661410391 0.143221617 -0.111393251 0.124689609 -0.00250204653 0.033780463 0.0968204662 0.0515716262 0.170065001 0.0962864012 0.0773093328 -0.069396399 -0.0278468188 -0.00745005906
G486 0.0204418115 0.0313441753 0.0478177294 -0.0830699652 0.0519344732 0.0521530882 -0.125809088 0.0565840304 -0.032897979 -0.135842979 -0.0201596897 0.181073681 -0.015899675 -0.00622910634 0.0628029555 -0.0959071517 0.084660396 0.176161885 -0.0510824919 -0.1026804 -0.10879939 0.012893524 -0.115425311 -0.119120963 -0.0928990245 -0.0475738533 -0.222817943 0.171703219 -0.061421603 -0.116017595 0.0762112066 -0.101719327 -0.10597004 0.0758965686 0.0284876525 0.0248455964 0.046200186 -0.197098523 -0.0595135242 0.182725817 0.0170532688 -0.0220502131 -0.0656243414 0.240288034 0.0591097474 -0.113577306 -0.104395598 -0.0736755654 0.0135170706 -0.0242425241 0.000661414117 0.143221632 -0.111393251 0.124689609 -0.0025020428 0.0337804705 0.0968204662 0.051571615 0.170065001 0.0962864161 0.0773093328 -0.069396399 -0.0278468113 -0.00745005533
G489 0.0204418153 0.0313441679 0.0478177294 -0.0830699652 0.0519344732 0.0521530844 -0.125809073 0.0565840267 -0.032897979 -0.135842964 -0.0201596934 0.181073681 -0.0158996712 -0.00622910634 0.0628029555 -0.0959071517 0.0846604034 0.176161885 -0.0510824919 -0.1026804 -0.10879939 0.012893524 -0.115425318 -0.119120955 -0.0928990245 -0.0475738496 -0.222817943 0.171703219 -0.061421603 -0.116017595 0.0762111992 -0.10171932 -0.105970055 0.075896576 0.0284876712 0.0248455964 0.046200186 -0.197098523 -0.0595135204 0.182725802 0.0170532651 -0.0220502131 -0.0656243414 0.240288034 0.05910974 -0.113577299 -0.104395591 -0.0736755654 0.013517078 -0.0242425241 0.000661414117 0.143221632 -0.111393251 0.124689609 -0.00250205398 0.0337804668 0.0968204588 0.0515716225 0.170064986 0.0962864086 0.0773093253 -0.0693964064 -0.0278468207 -0.00745005533
G492 0.020441819 0.0313441828 0.0478177294 -0.0830699727 0.0519344658 0.0521530807 -0.125809073 0.0565840267 -0.0328979865 -0.135842979 -0.0201596934 0.181073681 -0.015899675 -0.00622909889 0.0628029555 -0.0959071517 0.0846603885 0.176161885 -0.0510824919 -0.1026804 -0.10879939 0.012893524 -0.115425304 -0.119120955 -0.0928990096 -0.0475738533 -0.222817943 0.171703219 -0.061421603 -0.116017602 0.0762111992 -0.10171932 -0.10597004 0.075896576 0.0284876637 0.0248455964 0.046200186 -0.197098523 -0.0595135242 0.182725832 0.0170532688 -0.0220502131 -0.0656243488 0.240288034 0.0591097474 -0.113577306 -0.104395591 -0.0736755654 0.013517078 -0.0242425166 0.000661406666 0.143221632 -0.111393251 0.124689624 -0.00250203907 0.0337804705 0.0968204588 0.0515716225 0.170065001 0.0962864012 0.0773093253 -0.0693964064 -0.0278468151 -0.00745005906
G495 0.0204418208 0.0313441753 0.0478177443 -0.0830699652 0.0519344732 0.0521530882 -0.125809088 0.0565840304 -0.0328979939 -0.135842979 -0.0201596934 0.181073681 -0.015899675 -0.00622910261 0.0628029555 -0.0959071591 0.0846604034 0.176161885 -0.0510824919 -0.1026804 -0.108799413 0.012893524 -0.115425304 -0.119120963 -0.092899017 -0.0475738496 -0.222817928 0.171703219 -0.061421603 -0.11601761 0.0762112066 -0.10171932 -0.10597004 0.075896576 0.0284876712 0.0248456039 0.0462001935 -0.197098494 -0.0595135167 0.182725832 0.017053267 -0.0220502131 -0.0656243414 0.240288034 0.0591097474 -0.113577306 -0.104395583 -0.0736755654 0.0135170706 -0.0242425241 0.000661414117 0.143221632 -0.111393251 0.124689609 -0.0025020428 0.0337804556 0.0968204662 0.0515716225 0.170065001 0.0962864012 0.0773093328 -0.069396399 -0.0278468244 -0.00745006651
G498 0.0204418153 0.0313441679 0.0478177145 -0.0830699652 0.0519344732 0.0521530844 -0.125809088 0.0565840378 -0.0328979865 -0.135842979 -0.0201596916 0.181073695 -0.0158996768 -0.00622909889 0.0628029704 -0.0959071591 0.084660396 0.17616187 -0.0510824993 -0.102680393 -0.108799398 0.0128935315 -0.115425311 -0.119120955 -0.0928990245 -0.0475738607 -0.222817943 0.171703219 -0.061421603 -0.116017595 0.0762112066 -0.10171932 -0.10597004 0.0758965686 0.02848766 0.0248456001 0.0462001823 -0.197098494 -0.0595135204 0.182725817 0.0170532688 -0.0220502056 -0.0656243488 0.240288034 0.0591097474 -0.113577306 -0.104395591 -0.0736755654 0.013517078 -0.0242425241 0.000661406666 0.143221617 -0.111393258 0.124689609 -0.00250203907 0.0337804668 0.0968204513 0.051571615 0.170065001 0.0962864161 0.0773093253 -0.069396399 -0.0278468188 -0.00745005906
G501 0.0204418153 0.0313441753 0.047817722 -0.0830699578 0.0519344732 0.0521530844 -0.125809088 0.0565840304 -0.032897979 -0.135842979 -0.0201596934 0.181073695 -0.015899675 -0.00622909889 0.0628029555 -0.0959071591 0.084660396 0.17616187 -0.0510824919 -0.102680393 -0.108799398 0.012893524 -0.115425318 -0.119120941 -0.0928990245 -0.047573857 -0.222817943 0.171703219 -0.061421603 -0.116017595 0.0762111992 -0.101719327 -0.10597004 0.0758965686 0.0284876637 0.0248456001 0.046200186 -0.197098494 -0.0595135242 0.182725802 0.0170532726 -0.0220502131 -0.0656243488 0.240288034 0.0591097474 -0.113577306 -0.104395598 -0.0736755654 0.013517078 -0.0242425166 0.000661406666 0.143221617 -0.111393251 0.124689609 -0.00250204653 0.0337804705 0.0968204588 0.051571615 0.170065001 0.0962864012 0.0773093253 -0.0693964064 -0.0278468188 -0.00745005533
G504 0.020441819 0.0313441679 0.047817722 -0.0830699652 0.0519344807 0.052153077 -0.125809088 0.0565840416 -0.0328979865 -0.135842979 -0.0201596897 0.181073681 -0.015899675 -0.00622910261 0.0628029481 -0.0959071517 0.0846603885 0.176161885 -0.0510824919 -0.102680393 -0.108799398 0.012893524 -0.115425311 -0.119120955 -0.092899017 -0.0475738496 -0.222817943 0.171703219 -0.061421603 -0.116017595 0.0762111992 -0.101719327 -0.10597004 0.075896576 0.0284876488 0.0248455964 0.046200186 -0.197098523 -0.0595135242 0.182725817 0.017053267 -0.0220502056 -0.0656243488 0.240288034 0.0591097474 -0.113577306 -0.104395583 -0.0736755654 0.0135170743 -0.0242425241 0.000661410391 0.143221632 -0.111393251 0.124689609 -0.00250204653 0.0337804705 0.0968204513 0.051571615 0.170065001 0.0962864012 0.0773093328 -0.069396399 -0.0278468113 -0.00745005906
G507 0.020441819 0.0313441679 0.047817722 -0.0830699652 0.0519344732 0.0521530844 -0.125809088 0.0565840304 -0.0328979865 -0.135842979 -0.0201596897 0.181073681 -0.0158996787 -0.00622910447 0.0628029555 -0.0959071517 0.0846603885 0.176161885 -0.0510824919 -0.102680393 -0.10879939 0.0128935277 -0.115425318 -0.119120948 -0.0928990245 -0.047573857 -0.222817943 0.171703219 -0.061421603 -0.116017595 0.0762111992 -0.101719327 -0.10597004 0.075896576 0.0284876525 0.0248455927 0.046200186 -0.197098494 -0.0595135242 0.182725802 0.0170532707 -0.0220502056 -0.0656243563 0.240288034 0.0591097437 -0.113577306 -0.104395568 -0.0736755654 0.0135170594 -0.0242425166 0.000661406666 0.143221632 -0.111393251 0.124689609 -0.0025020428 0.0337804668 0.0968204513 0.0515716225 0.170065001 0.0962864012 0.0773093328 -0.0693964064 -0.0278468207 -0.00745006651
G510 0.0204418227 0.0313441679 0.047817722 -0.0830699652 0.0519344807 0.052153077 -0.125809088 0.0565840304 -0.0328979865 -0.135842979 -0.0201596878 0.181073695 -0.0158996712 -0.0062290933 0.0628029555 -0.0959071591 0.0846604034 0.17616187 -0.0510824919 -0.102680393 -0.108799405 0.0128935315 -0.115425318 -0.119120955 -0.0928990096 -0.0475738496 -0.222817943 0.171703219 -0.061421603 -0.116017595 0.0762111992 -0.101719335 -0.10597004 0.0758965686 0.0284876749 0.0248456039 0.046200186 -0.197098523 -0.0595135204 0.182725832 0.0170532651 -0.0220502056 -0.0656243488 0.240288034 0.0591097474 -0.113577306 -0.104395591 -0.0736755654 0.0135170855 -0.0242425241 0.000661399215 0.143221632 -0.111393251 0.124689609 -0.0025020428 0.0337804742 0.0968204662 0.0515716225 0.170065016 0.0962864012 0.0773093253 -0.069396399 -0.0278468207 -0.00745005161
G513 0.020441819 0.0313441679 0.0478177443 -0.0830699652 0.0519344732 0.0521530882 -0.125809088 0.0565840304 -0.0328979865 -0.135842979 -0.0201596897 0.181073695 -0.015899675 -0.00622910261 0.0628029555 -0.0959071591 0.0846604034 0.17616187 -0.0510824919 -0.102680393 -0.108799398 0.012893524 -0.115425311 -0.119120955 -0.092899017 -0.0475738533 -0.222817943 0.171703219 -0.061421603 -0.116017595 0.0762112066 -0.101719327 -0.105970055 0.075896576 0.0284876712 0.0248456039 0.046200186 -0.197098523 -0.0595135242 0.182725847 0.0170532726 -0.0220502131 -0.0656243488 0.240288034 0.0591097437 -0.113577306 -0.104395591 -0.0736755654 0.013517078 -0.0242425166 0.000661414117 0.143221632 -0.111393251 0.124689616 -0.00250204653 0.0337804742 0.0968204588 0.0515716188 0.170065001 0.0962864012 0.0773093253 -0.069396399 -0.0278468188 -0.00745005906
G516 0.0204418115 0.0313441604 0.0478177294 -0.0830699578 0.0519344807 0.052153077 -0.125809073 0.0565840229 -0.0328979939 -0.135842964 -0.0201596841 0.181073695 -0.015899675 -0.00622911006 0.0628029555 -0.0959071591 0.0846603811 0.176161885 -0.0510824919 -0.102680393 -0.108799405 0.012893524 -0.115425311 -0.119120955 -0.0928990245 -0.047573857 -0.222817928 0.171703205 -0.061421603 -0.116017595 0.0762111992 -0.101719327 -0.105970025 0.075896576 0.0284876525 0.0248455964 0.0462001823 -0.197098494 -0.0595135167 0.182725832 0.017053267 -0.0220502131 -0.0656243488 0.240288034 0.0591097474 -0.113577306 -0.104395583 -0.0736755654 0.0135170706 -0.0242425241 0.000661406666 0.143221617 -0.111393251 0.124689609 -0.0025020577 0.0337804593 0.0968204588 0.0515716225 0.170065016 0.0962864012 0.0773093179 -0.069396399 -0.0278468151 -0.00745005161
G519 0.0204418115 0.0313441679 0.0478177294 -0.0830699652 0.0519344732 0.0521530807 -0.125809088 0.0565840229 -0.032897979 -0.135842979 -0.0201596897 0.181073695 -0.0158996787 -0.00622910447 0.0628029555 -0.0959071591 0.0846603811 0.17616187 -0.0510824919 -0.102680393 -0.108799398 0.0128935315 -0.115425304 -0.11912097 -0.0928990245 -0.0475738533 -0.222817943 0.171703219 -0.061421603 -0.116017595 0.0762111992 -0.10171932 -0.105970025 0.0758965686 0.0284876674 0.0248455964 0.046200186 -0.197098494 -0.0595135204 0.182725817 0.017053267 -0.0220502131 -0.0656243488 0.240288034 0.0591097474 -0.113577306 -0.104395598 -0.0736755654 0.0135170668 -0.0242425315 0.000661414117 0.143221617 -0.111393251 0.124689609 -0.00250204653 0.0337804668 0.0968204588 0.051571615 0.170065001 0.0962864012 0.0773093253 -0.0693964064 -0.0278468151 -0.00745005906
G522 0.0180559326 0.0274170637 0.0486795083 -0.0843075216 0.0475361794 0.0580114126 -0.130874306 0.0534145869 -0.0344796553 -0.129743814 -0.0233815964 0.183023036 -0.018560186 -0.0077357702 0.0643428117 -0.0995401666 0.0816744044 0.176627845 -0.0458814576 -0.0968467593 -0.104922332 0.0150783658 -0.116912633 -0.113910928 -0.0985438228 -0.0523787811 -0.224958822 0.164984405 -0.0576249585 -0.115655169 0.0783931166 -0.0991415977 -0.100709438 0.0719987601 0.0258199386 0.0291726962 0.043653544 -0.196635261 -0.060131155 0.187597483 0.0192267355 -0.0214603357 -0.064468421 0.245361522 0.0590059347 -0.118453771 -0.104236729 -0.071918942 0.0108303353 -0.0223848782 0.00216802955 0.14178586 -0.109236889 0.122626364 -0.00743360445 0.0339982472 0.0881197602 0.0513020158 0.172611952 0.100717776 0.0777734146 -0.0738959387 -0.026848292 -0.0066010654
G525 0.0180559326 0.0274170712 0.0486795083 -0.0843075216 0.0475361794 0.0580114163 -0.130874306 0.0534145907 -0.0344796702 -0.129743814 -0.0233815964 0.183023036 -0.0185601916 -0.00773576368 0.0643428117 -0.099540174 0.0816743895 0.176627845 -0.0458814502 -0.0968467444 -0.104922332 0.0150783658 -0.116912641 -0.113910928 -0.0985438153 -0.0523787811 -0.224958852 0.164984405 -0.0576249585 -0.115655184 0.0783931166 -0.0991415828 -0.100709438 0.0719987527 0.0258199498 0.0291726999 0.0436535478 -0.196635261 -0.060131155 0.187597483 0.0192267299 -0.0214603394 -0.0644684285 0.245361522 0.0590059422 -0.118453756 -0.104236737 -0.0719189569 0.010830339 -0.0223848931 0.00216802955 0.141785875 -0.109236896 0.122626364 -0.007433597 0.0339982472 0.0881197453 0.0513020121 0.172611937 0.100717783 0.0777734071 -0.0738959387 -0.0268482845 -0.00660105795
G528 0.0180559289 0.0274170712 0.0486795157 -0.0843075216 0.0475361794 0.0580114201 -0.130874306 0.0534145907 -0.0344796628 -0.129743814 -0.0233815964 0.183023036 -0.0185601898 -0.00773577206 0.0643428117 -0.0995401666 0.081674397 0.176627845 -0.0458814502 -0.0968467519 -0.104922332 0.0150783584 -0.116912633 -0.113910921 -0.0985438153 -0.0523787811 -0.224958822 0.164984405 -0.0576249659 -0.115655169 0.078393124 -0.0991415977 -0.100709438 0.0719987601 0.0258199498 0.0291726962 0.0436535403 -0.196635246 -0.0601311587 0.187597483 0.0192267317 -0.0214603357 -0.064468421 0.245361522 0.0590059422 -0.118453778 -0.104236737 -0.071918942 0.0108303316 -0.0223848857 0.00216802955 0.141785875 -0.109236896 0.122626372 -0.00743360817 0.0339982361 0.0881197602 0.0513020121 0.172611952 0.100717776 0.0777734071 -0.0738959312 -0.0268482864 -0.00660105422
G531 0.01805594 0.0274170674 0.0486795232 -0.0843075216 0.0475361794 0.0580114163 -0.130874306 0.0534145981 -0.0344796702 -0.129743829 -0.0233815983 0.183023036 -0.018560186 -0.00773576926 0.0643428043 -0.0995401666 0.0816743895 0.176627845 -0.0458814576 -0.0968467519 -0.104922332 0.0150783733 -0.116912633 -0.113910928 -0.0985438228 -0.0523787811 -0.224958822 0.164984405 -0.0576249659 -0.115655169 0.078393124 -0.0991415977 -0.100709438 0.0719987527 0.0258199424 0.0291726962 0.0436535478 -0.196635246 -0.060131155 0.187597483 0.019226728 -0.0214603432 -0.064468421 0.245361522 0.0590059422 -0.118453771 -0.104236729 -0.071918942 0.0108303353 -0.0223848857 0.00216802582 0.14178586 -0.109236889 0.122626364 -0.00743360817 0.0339982472 0.0881197602 0.0513020158 0.172611952 0.100717776 0.0777734071 -0.0738959312 -0.0268482938 -0.00660105795
G534 0.0180559326 0.0274170712 0.0486795083 -0.0843075216 0.0475361794 0.0580114126 -0.130874306 0.0534145869 -0.0344796628 -0.129743814 -0.0233815908 0.183023036 -0.0185601916 -0.00773576554 0.0643428117 -0.0995401666 0.0816743895 0.176627845 -0.0458814427 -0.0968467519 -0.104922332 0.0150783695 -0.116912648 -0.113910928 -0.0985438153 -0.0523787811 -0.224958837 0.164984405 -0.0576249734 -0.115655184 0.078393124 -0.0991415977 -0.100709438 0.0719987527 0.0258199386 0.0291727036 0.043653544 -0.196635231 -0.0601311475 0.187597498 0.019226728 -0.0214603357 -0.0644684136 0.245361537 0.0590059422 -0.118453771 -0.104236737 -0.0719189569 0.0108303353 -0.022384882 0.002168037 0.141785875 -0.109236896 0.122626364 -0.00743360817 0.0339982547 0.0881197602 0.0513020195 0.172611952 0.100717768 0.0777734146 -0.0738959461 -0.0268482938 -0.00660105795
G537 0.0180559363 0.0274170674 0.0486795157 -0.0843075216 0.0475361794 0.0580114201 -0.130874306 0.0534145869 -0.0344796553 -0.129743814 -0.0233815964 0.183023021 -0.0185601916 -0.0077357674 0.0643428117 -0.0995401666 0.0816743895 0.176627845 -0.0458814502 -0.0968467593 -0.104922332 0.0150783621 -0.116912633 -0.113910928 -0.0985438079 -0.0523787737 -0.224958822 0.164984405 -0.0576249734 -0.115655169 0.0783931166 -0.0991415977 -0.100709438 0.0719987601 0.0258199498 0.0291726962 0.0436535403 -0.196635246 -0.060131155 0.187597483 0.019226728 -0.0214603506 -0.064468421 0.245361522 0.0590059385 -0.118453771 -0.104236744 -0.0719189495 0.0108303465 -0.0223848782 0.002168037 0.141785875 -0.109236881 0.122626372 -0.007433597 0.0339982472 0.0881197602 0.0513020121 0.172611937 0.100717776 0.0777734071 -0.0738959387 -0.0268482827 -0.00660105422
G540 0.0180559326 0.02741706 0.0486795008 -0.084307529 0.0475361794 0.0580114126 -0.130874306 0.0534145907 -0.0344796553 -0.129743814 -0.0233815908 0.18302305 -0.0185601916 -0.00773577206 0.0643427968 -0.0995401666 0.081674397 0.176627845 -0.0458814502 -0.0968467519 -0.104922332 0.0150783695 -0.116912633 -0.113910928 -0.0985438153 -0.0523787774 -0.224958837 0.164984405 -0.0576249734 -0.115655184 0.0783931166 -0.0991415977 -0.100709438 0.0719987452 0.0258199573 0.0291726887 0.0436535403 -0.196635261 -0.0601311587 0.187597498 0.0192267373 -0.0214603394 -0.064468421 0.245361522 0.0590059422 -0.118453756 -0.104236722 -0.071918942 0.0108303316 -0.0223848931 0.00216804072 0.141785875 -0.109236896 0.122626357 -0.00743360445 0.0339982584 0.0881197602 0.0513020232 0.172611937 0.100717768 0.0777733997 -0.0738959387 -0.0268482901 -0.00660106167
G543 0.01805594 0.0274170637 0.0486795008 -0.084307529 0.0475361794 0.0580114201 -0.130874306 0.0534145907 -0.0344796628 -0.129743829 -0.0233815927 0.18302305 -0.0185601898 -0.00773577113 0.0643428043 -0.0995401666 0.0816743895 0.176627845 -0.0458814502 -0.0968467519 -0.104922332 0.0150783621 -0.116912633 -0.113910928 -0.0985438153 -0.0523787774 -0.224958822 0.16498439 -0.0576249585 -0.115655184 0.0783931091 -0.0991415977 -0.100709438 0.0719987527 0.0258199498 0.0291726962 0.0436535478 -0.196635261 -0.060131155 0.187597498 0.0192267299 -0.0214603357 -0.064468421 0.245361522 0.0590059422 -0.118453763 -0.104236722 -0.0719189346 0.0108303316 -0.0223849006 0.00216803327 0.14178586 -0.109236881 0.122626364 -0.00743360817 0.0339982584 0.0881197453 0.0513020195 0.172611952 0.100717768 0.0777734146 -0.0738959387 -0.0268482864 -0.00660106912
G546 0.0176436286 0.0274140276 0.0494835079 -0.0843756124 0.0472306088 0.058381997 -0.130421549 0.0532293282 -0.0344758257 -0.130477458 -0.0229006521 0.183550254 -0.0184197184 -0.00798162073 0.0646614432 -0.100345477 0.0818981379 0.177009687 -0.046610631 -0.0974265039 -0.104376346 0.0151367635 -0.11774528 -0.113373779 -0.0983472615 -0.0518354326 -0.225232139 0.165908143 -0.0573632345 -0.115601227 0.0780235529 -0.0999744907 -0.100603357 0.0719419718 0.0265917517 0.0289985351 0.0433423668 -0.196447462 -0.0601245053 0.188092232 0.0194330867 -0.0221431665 -0.0642166808 0.244754463 0.0595197678 -0.118127465 -0.10455665 -0.0717888921 0.0116451737 -0.0224786513 0.00158137828 0.142014071 -0.109682404 0.121634796 -0.0072007589 0.0335425586 0.0887799412 0.0512944087 0.17198886 0.101174787 0.0771991462 -0.0738602951 -0.0270239599 -0.00580624491
G549 0.0176436249 0.0274140313 0.0494835004 -0.0843756199 0.0472306013 0.0583820008 -0.130421549 0.0532293394 -0.0344758257 -0.130477458 -0.0229006633 0.183550254 -0.0184197295 -0.00798161421 0.0646614358 -0.100345477 0.0818981379 0.177009702 -0.046610631 -0.0974265039 -0.104376331 0.0151367672 -0.11774528 -0.113373779 -0.0983472541 -0.0518354401 -0.225232139 0.165908143 -0.057363227 -0.115601227 0.0780235529 -0.0999744833 -0.100603342 0.0719419867 0.0265917517 0.0289985277 0.0433423631 -0.196447462 -0.0601245165 0.188092247 0.0194330867 -0.0221431591 -0.0642166808 0.244754493 0.0595197678 -0.118127465 -0.104556635 -0.0717888996 0.0116451848 -0.0224786587 0.00158138201 0.142014071 -0.109682396 0.121634796 -0.0072007589 0.0335425474 0.0887799487 0.051294405 0.17198886 0.101174779 0.0771991387 -0.0738602951 -0.027023958 -0.00580623373
G552 0.0176436193 0.0274140276 0.0494834855 -0.0843756124 0.0472305939 0.0583820008 -0.130421564 0.0532293394 -0.0344758257 -0.130477458 -0.0229006577 0.183550254 -0.0184197221 -0.00798161328 0.0646614358 -0.100345477 0.0818981379 0.177009702 -0.0466106236 -0.0974265113 -0.104376338 0.0151367635 -0.11774528 -0.113373771 -0.0983472541 -0.0518354326 -0.225232139 0.165908158 -0.0573632419 -0.115601219 0.0780235454 -0.0999744982 -0.100603342 0.0719419867 0.0265917443 0.0289985314 0.0433423668 -0.196447462 -0.0601245128 0.188092247 0.0194330867 -0.0221431628 -0.0642166808 0.244754463 0.0595197678 -0.118127465 -0.104556635 -0.0717889071 0.0116451737 -0.0224786475 0.00158137828 0.142014071 -0.109682404 0.121634796 -0.00720076635 0.033542566 0.0887799412 0.0512944087 0.171988875 0.101174772 0.0771991462 -0.0738602951 -0.0270239618 -0.00580624491
G555 0.0176436286 0.0274140351 0.0494835004 -0.0843756199 0.0472306088 0.0583820008 -0.130421549 0.0532293245 -0.0344758257 -0.130477473 -0.0229006596 0.183550268 -0.0184197221 -0.00798161328 0.0646614358 -0.100345477 0.0818981528 0.177009687 -0.0466106161 -0.0974265039 -0.104376338 0.0151367672 -0.11774528 -0.113373786 -0.0983472615 -0.0518354401 -0.225232139 0.165908158 -0.0573632494 -0.115601227 0.0780235454 -0.0999744907 -0.100603357 0.0719419867 0.0265917368 0.0289985202 0.0433423705 -0.196447462 -0.0601245128 0.188092232 0.0194330867 -0.0221431591 -0.0642166883 0.244754493 0.0595197566 -0.11812748 -0.10455665 -0.0717888996 0.0116451923 -0.022478655 0.00158139691 0.142014071 -0.109682396 0.121634796 -0.0072007589 0.033542566 0.0887799412 0.051294405 0.17198889 0.101174787 0.0771991536 -0.0738602951 -0.0270239618 -0.00580624491
G558 0.0176436175 0.0274140164 0.0494835004 -0.0843756199 0.0472305939 0.058381997 -0.130421549 0.0532293245 -0.0344758257 -0.130477473 -0.022900667 0.183550268 -0.0184197184 -0.00798161235 0.0646614358 -0.100345477 0.0818981379 0.177009702 -0.0466106161 -0.0974265188 -0.104376338 0.0151367635 -0.11774528 -0.113373779 -0.0983472615 -0.0518354401 -0.225232154 0.165908158 -0.0573632494 -0.115601234 0.0780235454 -0.0999745056 -0.100603342 0.0719419718 0.0265917294 0.028998524 0.0433423668 -0.196447462 -0.060124509 0.188092232 0.0194330923 -0.0221431553 -0.0642166808 0.244754463 0.059519764 -0.118127473 -0.104556635 -0.0717888921 0.0116451811 -0.0224786513 0.00158138201 0.142014071 -0.109682396 0.121634796 -0.00720077381 0.0335425511 0.0887799412 0.051294405 0.171988875 0.101174779 0.0771991462 -0.0738603026 -0.0270239599 -0.00580623746
G561 0.0176436193 0.0274140276 0.0494835004 -0.0843756124 0.0472306088 0.0583820008 -0.130421549 0.0532293282 -0.0344758257 -0.130477473 -0.0229006559 0.183550254 -0.0184197258 -0.00798161421 0.0646614432 -0.100345477 0.0818981528 0.177009687 -0.0466106236 -0.0974265113 -0.104376324 0.0151367672 -0.11774528 -0.113373771 -0.0983472615 -0.0518354401 -0.225232139 0.165908158 -0.0573632419 -0.115601227 0.0780235454 -0.0999744982 -0.100603372 0.0719419867 0.0265917443 0.0289985277 0.0433423631 -0.196447462 -0.060124509 0.188092247 0.0194330905 -0.0221431628 -0.0642166808 0.244754463 0.059519764 -0.118127465 -0.10455665 -0.0717888996 0.0116451811 -0.022478655 0.00158137456 0.142014071 -0.109682396 0.121634796 -0.0072007589 0.0335425511 0.0887799412 0.0512943976 0.17198889 0.101174779 0.0771991462 -0.0738602951 -0.0270239618 -0.00580625236
G564 0.0176436231 0.0274140276 0.0494835004 -0.0843756124 0.0472306088 0.0583820008 -0.130421534 0.053229332 -0.0344758108 -0.130477473 -0.0229006652 0.183550254 -0.0184197221 -0.00798161235 0.0646614358 -0.100345477 0.0818981528 0.177009702 -0.046610631 -0.0974265113 -0.104376346 0.0151367709 -0.11774528 -0.113373779 -0.0983472541 -0.0518354326 -0.225232139 0.165908158 -0.0573632419 -0.115601227 0.078023538 -0.0999744982 -0.100603342 0.0719419867 0.0265917368 0.0289985277 0.0433423743 -0.196447462 -0.0601245165 0.188092232 0.0194330867 -0.0221431702 -0.0642166808 0.244754463 0.0595197678 -0.118127465 -0.104556635 -0.0717888996 0.0116451886 -0.0224786475 0.00158138201 0.142014071 -0.109682411 0.121634796 -0.00720076635 0.0335425623 0.0887799412 0.0512944125 0.171988875 0.101174772 0.0771991462 -0.07386031 -0.0270239562 -0.00580624864
G567 0.0176436286 0.0274140351 0.0494834855 -0.0843756124 0.0472306088 0.0583820082 -0.130421549 0.0532293282 -0.0344758257 -0.130477458 -0.0229006577 0.183550268 -0.0184197184 -0.00798161794 0.0646614358 -0.100345477 0.0818981528 0.177009672 -0.0466106161 -0.0974265188 -0.104376353 0.0151367597 -0.117745288 -0.113373779 -0.0983472615 -0.0518354475 -0.225232139 0.165908143 -0.057363227 -0.115601227 0.078023538 -0.0999744907 -0.100603342 0.0719419792 0.0265917294 0.0289985277 0.0433423743 -0.196447462 -0.0601245128 0.188092232 0.0194330812 -0.0221431628 -0.0642166808 0.244754493 0.0595197678 -0.118127465 -0.10455665 -0.0717889071 0.0116451923 -0.0224786438 0.00158138946 0.142014071 -0.109682381 0.121634796 -0.0072007589 0.0335425623 0.0887799412 0.0512943976 0.17198886 0.101174787 0.0771991462 -0.0738602951 -0.0270239636 -0.00580624864
G570 0.0156017896 0.0249365885 0.0465339124 -0.0935707018 0.044202432 0.0615641214 -0.135093465 0.0507434048 -0.0285184756 -0.135771453 -0.0235386547 0.189913377 -0.0227083955 -0.0123383487 0.0660095066 -0.0996120721 0.0721720383 0.170464903 -0.0378027484 -0.101281054 -0.108814083 0.0223233849 -0.122045502 -0.100373045 -0.0991625413 -0.054977648 -0.233837292 0.158389241 -0.0590334833 -0.119977973 0.0779523998 -0.0944134891 -0.0930861384 0.0696309283 0.0306819454 0.0332124121 0.0346007943 -0.200560778 -0.0550745912 0.189347997 0.0234934315 -0.038324073 -0.0690133199 0.243436351 0.0556042008 -0.118163839 -0.104441456 -0.0667364001 0.0161966607 -0.0222423375 -0.000466547906 0.143632993 -0.11140535 0.121211253 -0.0115053691 0.0377469547 0.0872629881 0.0520628877 0.175758451 0.102462441 0.0722182766 -0.0795896202 -0.0198699757 -0.0159182828
G571 0.0156017896 0.0249365885 0.0465339124 -0.0935706943 0.0442024246 0.0615641214 -0.135093465 0.0507434048 -0.0285184756 -0.135771453 -0.0235386565 0.189913377 -0.0227083955 -0.0123383487 0.0660095066 -0.0996120647 0.0721720457 0.170464903 -0.0378027484 -0.101281054 -0.108814083 0.0223233849 -0.122045502 -0.100373045 -0.0991625339 -0.0549776405 -0.233837321 0.158389226 -0.0590334833 -0.119977966 0.0779523924 -0.0944134742 -0.0930861682 0.0696309209 0.0306819491 0.0332124159 0.0346007943 -0.200560778 -0.0550745949 0.189348012 0.0234934296 -0.0383240804 -0.0690133199 0.243436351 0.0556041971 -0.118163839 -0.104441449 -0.0667364001 0.0161966607 -0.0222423375 -0.000466547906 0.143632993 -0.11140535 0.121211246 -0.0115053728 0.0377469473 0.0872629732 0.0520628802 0.175758451 0.102462433 0.072218284 -0.0795896277 -0.0198699776 -0.0159182828
G572 0.0156017896 0.0249365848 0.0465339124 -0.0935706943 0.044202432 0.0615641251 -0.135093465 0.0507434048 -0.0285184756 -0.135771438 -0.0235386565 0.189913377 -0.0227083955 -0.0123383449 0.0660095215 -0.0996120796 0.0721720383 0.170464888 -0.0378027409 -0.101281062 -0.108814098 0.0223233923 -0.12204551 -0.100373045 -0.0991625413 -0.0549776554 -0.233837306 0.158389241 -0.0590334684 -0.119977973 0.0779523998 -0.0944134817 -0.0930861533 0.0696309209 0.0306819417 0.0332124084 0.0346007943 -0.200560778 -0.0550745912 0.189347997 0.0234934278 -0.0383240767 -0.0690133199 0.243436366 0.0556041971 -0.118163839 -0.104441456 -0.0667363927 0.0161966663 -0.02224233 -0.000466555357 0.143632978 -0.111405358 0.121211246 -0.0115053691 0.037746951 0.0872629881 0.0520628728 0.175758466 0.102462433 0.0722182915 -0.0795896277 -0.0198699832 -0.0159182902
G573 0.0156017914 0.0249365848 0.046533905 -0.0935706943 0.0442024246 0.0615641288 -0.135093465 0.0507434085 -0.028518483 -0.135771453 -0.0235386603 0.189913377 -0.0227083955 -0.0123383449 0.0660095289 -0.0996120721 0.0721720383 0.170464903 -0.0378027484 -0.101281062 -0.108814083 0.0223233923 -0.122045502 -0.100373045 -0.0991625488 -0.0549776554 -0.233837306 0.158389241 -0.0590334758 -0.119977966 0.0779523849 -0.0944134817 -0.0930861533 0.0696309134 0.0306819454 0.0332124084 0.0346008018 -0.200560793 -0.0550745949 0.189347997 0.0234934278 -0.0383240804 -0.0690133274 0.243436366 0.0556042045 -0.118163839 -0.104441464 -0.0667364076 0.0161966607 -0.0222423375 -0.000466551632 0.143632993 -0.111405343 0.121211246 -0.0115053616 0.037746951 0.0872629881 0.052062884 0.175758451 0.102462448 0.072218284 -0.0795896277 -0.0198699795 -0.0159182865
G574 0.0156017896 0.0249365736 0.046533905 -0.0935706943 0.0442024171 0.0615641288 -0.135093465 0.0507434011 -0.0285184681 -0.135771424 -0.0235386584 0.189913377 -0.022708388 -0.0123383431 0.0660095215 -0.0996120721 0.0721720308 0.170464903 -0.0378027484 -0.101281054 -0.10881409 0.0223233849 -0.122045502 -0.100373045 -0.0991625413 -0.054977648 -0.233837306 0.158389241 -0.0590334684 -0.119977973 0.0779523924 -0.0944134742 -0.0930861384 0.0696309209 0.0306819379 0.033212401 0.0346007943 -0.200560778 -0.0550745949 0.189348012 0.0234934296 -0.0383240804 -0.0690133199 0.243436366 0.0556041859 -0.118163839 -0.104441449 -0.0667364001 0.0161966644 -0.02224233 -0.000466555357 0.143632978 -0.11140535 0.121211246 -0.0115053616 0.037746951 0.0872629732 0.0520628914 0.175758451 0.102462441 0.072218284 -0.0795896202 -0.0198699813 -0.0159182977
G575 0.0156017914 0.0249365773 0.0465339124 -0.0935707018 0.0442024246 0.0615641288 -0.135093465 0.0507434048 -0.0285184681 -0.135771424 -0.0235386584 0.189913377 -0.0227083918 -0.012338344 0.0660095215 -0.0996120721 0.0721720234 0.170464888 -0.0378027409 -0.101281062 -0.10881409 0.0223233849 -0.122045502 -0.100373045 -0.0991625413 -0.054977648 -0.233837306 0.158389241 -0.0590334758 -0.119977966 0.0779523924 -0.0944134891 -0.0930861384 0.0696309209 0.0306819417 0.0332124047 0.034600798 -0.200560778 -0.0550745986 0.189348012 0.0234934315 -0.0383240804 -0.0690133199 0.243436366 0.0556041859 -0.118163846 -0.104441449 -0.0667364001 0.016196657 -0.0222423375 -0.000466555357 0.143632978 -0.11140535 0.121211246 -0.0115053616 0.0377469584 0.0872629732 0.0520628877 0.175758451 0.102462441 0.0722182915 -0.0795896277 -0.0198699795 -0.0159182977
G576 0.015601784 0.0249365736 0.046533905 -0.0935706943 0.0442024171 0.0615641288 -0.135093465 0.0507434122 -0.0285184681 -0.135771453 -0.0235386528 0.189913377 -0.0227083899 -0.0123383477 0.0660095066 -0.0996120721 0.0721720383 0.170464903 -0.0378027484 -0.101281054 -0.10881409 0.0223233998 -0.122045502 -0.100373045 -0.0991625413 -0.0549776554 -0.233837306 0.158389211 -0.0590334758 -0.119977966 0.0779523998 -0.0944134742 -0.0930861384 0.0696309134 0.0306819454 0.0332124121 0.0346008018 -0.200560778 -0.0550745949 0.189347982 0.0234934296 -0.0383240804 -0.0690133199 0.243436351 0.0556042008 -0.118163839 -0.104441456 -0.0667364001 0.016196657 -0.0222423412 -0.000466551632 0.143632978 -0.111405358 0.121211253 -0.0115053542 0.037746951 0.0872629732 0.0520628765 0.175758466 0.102462426 0.072218284 -0.0795896351 -0.0198699739 -0.0159182902
G577 0.0156017859 0.0249365699 0.0465339124 -0.0935706943 0.0442024171 0.0615641326 -0.135093465 0.050743416 -0.0285184756 -0.135771438 -0.0235386547 0.189913377 -0.0227083936 -0.0123383459 0.066009514 -0.0996120721 0.0721720383 0.170464903 -0.0378027558 -0.101281054 -0.108814083 0.0223233849 -0.122045495 -0.100373045 -0.0991625413 -0.0549776554 -0.233837306 0.158389211 -0.0590334758 -0.119977966 0.0779523849 -0.0944134668 -0.0930861384 0.0696309134 0.0306819417 0.0332124159 0.0346008055 -0.200560793 -0.0550745949 0.189347982 0.0234934259 -0.038324073 -0.0690133199 0.243436351 0.0556041971 -0.118163839 -0.104441464 -0.0667364001 0.016196657 -0.0222423375 -0.000466547906 0.143632978 -0.11140535 0.121211246 -0.0115053542 0.037746951 0.0872629732 0.0520628877 0.175758451 0.102462418 0.072218284 -0.0795896351 -0.0198699776 -0.0159182902
G578 0.015601784 0.0249365848 0.046533905 -0.0935707092 0.044202432 0.0615641251 -0.135093451 0.0507434048 -0.0285184681 -0.135771438 -0.0235386565 0.189913362 -0.0227083843 -0.0123383468 0.0660095215 -0.0996120721 0.0721720383 0.170464903 -0.0378027484 -0.101281054 -0.10881409 0.0223233849 -0.122045502 -0.100373037 -0.0991625488 -0.054977648 -0.233837292 0.158389211 -0.0590334758 -0.119977973 0.0779523998 -0.0944134742 -0.0930861235 0.0696309209 0.0306819528 0.0332124084 0.034600798 -0.200560778 -0.0550745949 0.189347982 0.0234934352 -0.0383240804 -0.0690133125 0.243436366 0.0556041934 -0.118163839 -0.104441449 -0.0667364001 0.0161966663 -0.02224233 -0.000466547906 0.143632993 -0.111405358 0.121211246 -0.0115053728 0.0377469547 0.0872629732 0.0520628877 0.175758466 0.102462433 0.0722182766 -0.0795896351 -0.0198699757 -0.0159182865
G579 0.015601784 0.0249365848 0.0465339124 -0.0935707018 0.0442024246 0.0615641251 -0.135093451 0.0507434048 -0.0285184756 -0.135771438 -0.0235386528 0.189913362 -0.0227083862 -0.0123383449 0.0660095215 -0.0996120721 0.0721720383 0.170464888 -0.0378027409 -0.101281054 -0.10881409 0.0223233849 -0.12204551 -0.100373037 -0.0991625488 -0.054977648 -0.233837321 0.158389211 -0.0590334758 -0.119977973 0.0779523924 -0.0944134817 -0.0930861384 0.0696309209 0.0306819491 0.0332124084 0.0346007943 -0.200560778 -0.0550745949 0.189347997 0.0234934315 -0.0383240767 -0.0690133199 0.243436366 0.0556041934 -0.118163839 -0.104441449 -0.0667364001 0.0161966626 -0.0222423375 -0.000466547906 0.143632993 -0.111405358 0.121211246 -0.0115053691 0.0377469547 0.0872629732 0.052062884 0.175758466 0.102462433 0.0722182766 -0.0795896351 -0.0198699832 -0.0159182865
G580 0.0156017896 0.0249365736 0.046533905 -0.0935706943 0.0442024246 0.0615641326 -0.135093465 0.0507434048 -0.0285184681 -0.135771453 -0.0235386565 0.189913377 -0.0227083862 -0.0123383477 0.0660095215 -0.0996120721 0.0721720383 0.170464903 -0.0378027484 -0.101281054 -0.108814083 0.0223233849 -0.122045502 -0.100373045 -0.0991625413 -0.054977648 -0.233837292 0.158389226 -0.0590334684 -0.119977966 0.0779523849 -0.0944134891 -0.0930861682 0.0696309134 0.0306819379 0.0332124121 0.034600798 -0.200560778 -0.0550745949 0.189348012 0.0234934241 -0.0383240692 -0.0690133199 0.243436351 0.0556042008 -0.118163839 -0.104441464 -0.0667364001 0.0161966644 -0.0222423337 -0.000466547906 0.143632993 -0.111405358 0.121211246 -0.0115053654 0.037746951 0.0872629732 0.052062884 0.175758466 0.102462441 0.072218284 -0.0795896202 -0.0198699757 -0.0159182977
G581 0.0156017896 0.0249365699 0.046533905 -0.0935706943 0.0442024246 0.0615641326 -0.135093465 0.0507434048 -0.0285184607 -0.135771453 -0.0235386547 0.189913377 -0.0227083843 -0.0123383468 0.0660095215 -0.0996120721 0.0721720383 0.170464903 -0.0378027484 -0.101281054 -0.108814083 0.0223233849 -0.12204551 -0.100373037 -0.0991625413 -0.054977648 -0.233837292 0.158389211 -0.0590334684 -0.119977973 0.0779523849 -0.0944134891 -0.0930861682 0.069630906 0.0306819417 0.0332124121 0.034600798 -0.200560778 -0.0550745949 0.189348012 0.0234934278 -0.038324073 -0.0690133199 0.243436351 0.0556041971 -0.118163839 -0.104441464 -0.0667364076 0.0161966626 -0.0222423375 -0.000466547906 0.143632993 -0.111405358 0.121211246 -0.0115053691 0.0377469584 0.0872629881 0.052062884 0.175758466 0.102462433 0.072218284 -0.0795896351 -0.0198699739 -0.0159182977
G582 0.015601784 0.0249365848 0.046533905 -0.0935706943 0.0442024246 0.0615641288 -0.135093465 0.0507434048 -0.0285184681 -0.135771438 -0.0235386528 0.189913377 -0.0227083899 -0.0123383431 0.0660095289 -0.0996120796 0.0721720383 0.170464903 -0.0378027409 -0.101281054 -0.108814076 0.0223233849 -0.122045495 -0.100373045 -0.0991625488 -0.054977648 -0.233837306 0.158389241 -0.0590334684 -0.119977966 0.0779523998 -0.0944134817 -0.0930861384 0.0696309134 0.0306819417 0.0332124121 0.0346007943 -0.200560778 -0.0550745986 0.189347968 0.0234934371 -0.038324073 -0.0690133199 0.243436366 0.0556041971 -0.118163832 -0.104441464 -0.0667364001 0.0161966644 -0.0222423375 -0.000466547906 0.143632978 -0.11140535 0.121211246 -0.0115053616 0.0377469584 0.0872629732 0.0520628802 0.175758466 0.102462441 0.072218284 -0.0795896277 -0.019869972 -0.015918294
G583 0.015601784 0.0249365885 0.046533905 -0.0935706943 0.0442024246 0.0615641326 -0.135093465 0.0507434122 -0.0285184681 -0.135771453 -0.0235386528 0.189913377 -0.022708388 -0.0123383412 0.0660095289 -0.0996120796 0.0721720383 0.170464903 -0.0378027409 -0.101281054 -0.108814083 0.0223233923 -0.122045495 -0.100373045 -0.0991625413 -0.054977648 -0.233837306 0.158389226 -0.0590334684 -0.119977966 0.0779523849 -0.0944134742 -0.0930861682 0.0696309134 0.0306819417 0.0332124084 0.0346008018 -0.200560778 -0.0550745986 0.189347968 0.0234934334 -0.038324073 -0.0690133274 0.243436366 0.0556042008 -0.118163832 -0.104441449 -0.0667364076 0.0161966719 -0.02224233 -0.000466544181 0.143632978 -0.111405358 0.121211246 -0.0115053616 0.037746951 0.0872629881 0.0520628802 0.175758466 0.102462448 0.072218284 -0.0795896277 -0.0198699702 -0.015918294
G584 0.0156017859 0.0249365848 0.0465339124 -0.0935707018 0.044202432 0.0615641251 -0.135093465 0.0507434048 -0.0285184681 -0.135771453 -0.0235386584 0.189913377 -0.0227083918 -0.0123383431 0.0660095215 -0.0996120796 0.0721720383 0.170464903 -0.0378027409 -0.101281054 -0.10881409 0.0223233923 -0.122045502 -0.100373037 -0.0991625488 -0.0549776554 -0.233837306 0.158389241 -0.0590334684 -0.119977966 0.0779523924 -0.0944134891 -0.0930861682 0.0696309209 0.0306819454 0.0332124159 0.0346007943 -0.200560778 -0.0550745949 0.189347997 0.0234934371 -0.038324073 -0.0690133274 0.243436351 0.0556041934 -0.118163839 -0.104441456 -0.0667364001 0.0161966644 -0.0222423375 -0.000466547906 0.143632978 -0.111405358 0.121211246 -0.0115053616 0.0377469547 0.0872629732 0.052062884 0.175758466 0.102462448 0.072218284 -0.0795896202 -0.0198699813 -0.0159182902
G585 0.0156017803 0.0249365848 0.0465339124 -0.0935707018 0.044202432 0.0615641251 -0.135093465 0.0507434048 -0.0285184756 -0.135771453 -0.0235386565 0.189913377 -0.0227083899 -0.0123383449 0.0660095215 -0.0996120796 0.0721720457 0.170464903 -0.0378027409 -0.101281062 -0.108814083 0.0223233849 -0.122045495 -0.100373045 -0.0991625488 -0.0549776554 -0.233837306 0.158389211 -0.0590334684 -0.119977966 0.0779523998 -0.0944134817 -0.0930861682 0.0696309283 0.0306819454 0.0332124159 0.034600798 -0.200560778 -0.0550745986 0.189347997 0.0234934296 -0.038324073 -0.0690133274 0.243436351 0.0556041971 -0.118163839 -0.104441456 -0.0667364076 0.0161966607 -0.0222423412 -0.000466547906 0.143632993 -0.111405343 0.121211246 -0.0115053616 0.0377469547 0.0872629732 0.0520628877 0.175758466 0.102462441 0.072218284 -0.0795896277 -0.0198699795 -0.015918294
G586 0.0117158135 0.022973014 0.0481566489 -0.093317762 0.0423294082 0.0607222579 -0.134116873 0.0540392846 -0.029693827 -0.135292917 -0.0231879149 0.190706447 -0.0220190883 -0.0102322707 0.0648442507 -0.101639599 0.0720921159 0.169601187 -0.0416611284 -0.101585448 -0.108038366 0.0208276175 -0.121773839 -0.102002949 -0.102084562 -0.0518774949 -0.232480884 0.160463884 -0.0590659901 -0.11767225 0.0781786814 -0.0933435336 -0.092467621 0.0668285638 0.0296745636 0.0356496871 0.035459511 -0.200424999 -0.0578591302 0.189012289 0.0182248764 -0.035410665 -0.0704029351 0.242954686 0.0565708876 -0.119883917 -0.106050335 -0.0678654909 0.0155178383 -0.0221689641 -0.00278232992 0.143404126 -0.11520341 0.118077561 -0.0118397586 0.039373517 0.0885994285 0.0541044772 0.174331754 0.103799269 0.075357236 -0.0784460977 -0.0228530671 -0.0105243474
G587 0.0117158135 0.022973014 0.0481566563 -0.093317762 0.0423294082 0.0607222579 -0.134116873 0.0540392846 -0.029693827 -0.135292917 -0.0231879149 0.190706462 -0.0220190864 -0.0102322735 0.0648442507 -0.101639599 0.0720921159 0.169601202 -0.0416611284 -0.101585448 -0.108038381 0.0208276175 -0.121773839 -0.102002949 -0.102084562 -0.0518774949 -0.232480884 0.160463899 -0.0590659901 -0.117672257 0.0781786889 -0.0933435336 -0.092467621 0.0668285638 0.0296745636 0.0356496871 0.035459511 -0.200424999 -0.0578591265 0.189012289 0.0182248801 -0.035410665 -0.0704029351 0.242954686 0.0565708913 -0.119883925 -0.106050335 -0.0678654909 0.0155178402 -0.0221689641 -0.00278232619 0.143404126 -0.11520341 0.118077561 -0.0118397586 0.0393735319 0.0885994285 0.0541044809 0.174331754 0.103799269 0.0753572285 -0.0784460977 -0.022853069 -0.0105243474
G588 0.0117158135 0.0229730103 0.0481566638 -0.093317762 0.0423294008 0.0607222579 -0.134116873 0.054039292 -0.0296938196 -0.135292917 -0.0231879186 0.190706447 -0.0220190845 -0.0102322735 0.0648442656 -0.101639606 0.0720921159 0.169601202 -0.0416611284 -0.10158544 -0.108038381 0.0208276249 -0.121773832 -0.102002949 -0.102084562 -0.0518774912 -0.232480869 0.160463884 -0.0590659752 -0.117672257 0.0781786889 -0.093343541 -0.092467621 0.0668285638 0.0296745636 0.0356496871 0.035459511 -0.200424999 -0.0578591265 0.189012274 0.0182248745 -0.0354106687 -0.0704029426 0.242954701 0.056570895 -0.119883917 -0.106050327 -0.0678654909 0.0155178271 -0.0221689679 -0.00278232247 0.143404126 -0.11520341 0.118077561 -0.0118397661 0.0393735319 0.0885994285 0.0541044809 0.174331754 0.103799276 0.075357236 -0.0784460902 -0.022853069 -0.0105243549
G589 0.0117158154 0.0229730178 0.0481566638 -0.093317762 0.0423294008 0.0607222617 -0.134116873 0.054039292 -0.029693827 -0.135292917 -0.0231879186 0.190706447 -0.0220190845 -0.0102322754 0.0648442656 -0.101639614 0.0720921159 0.169601202 -0.0416611284 -0.10158544 -0.108038366 0.0208276249 -0.121773839 -0.102002949 -0.10208457 -0.0518774912 -0.232480869 0.160463884 -0.0590659901 -0.117672257 0.0781786889 -0.0933435485 -0.092467621 0.0668285564 0.029674571 0.0356496871 0.035459511 -0.200424999 -0.0578591228 0.189012274 0.0182248745 -0.0354106538 -0.0704029351 0.242954701 0.056570895 -0.11988391 -0.106050335 -0.0678654835 0.0155178327 -0.0221689679 -0.00278232247 0.143404126 -0.11520341 0.118077561 -0.0118397661 0.039373517 0.0885994285 0.0541044772 0.174331754 0.103799276 0.0753572285 -0.0784460902 -0.022853069 -0.0105243474
G590 0.0117158135 0.0229730215 0.0481566638 -0.093317762 0.0423294008 0.0607222579 -0.134116873 0.054039292 -0.029693827 -0.135292917 -0.0231879167 0.190706462 -0.0220190883 -0.0102322679 0.0648442581 -0.101639606 0.0720921159 0.169601202 -0.041661121 -0.101585433 -0.108038366 0.0208276138 -0.121773832 -0.102002949 -0.102084562 -0.0518774912 -0.232480884 0.16046387 -0.0590659752 -0.11767225 0.0781786889 -0.093343541 -0.092467621 0.0668285713 0.0296745747 0.0356496871 0.0354595073 -0.200424999 -0.0578591265 0.189012274 0.0182248782 -0.0354106613 -0.0704029351 0.242954686 0.0565708913 -0.119883917 -0.106050335 -0.0678654909 0.0155178346 -0.0221689641 -0.00278232992 0.143404126 -0.11520341 0.118077554 -0.0118397661 0.0393735319 0.0885994285 0.0541044697 0.174331754 0.103799276 0.075357236 -0.0784460902 -0.0228530653 -0.0105243549
G591 0.0117158098 0.0229730103 0.0481566638 -0.093317762 0.0423294008 0.0607222617 -0.134116873 0.0540392883 -0.0296938196 -0.135292917 -0.0231879223 0.190706462 -0.0220190883 -0.0102322679 0.0648442656 -0.101639606 0.0720921159 0.169601202 -0.0416611135 -0.101585433 -0.108038366 0.0208276138 -0.121773832 -0.102002949 -0.102084562 -0.0518774912 -0.232480869 0.160463884 -0.0590659752 -0.11767225 0.0781786889 -0.0933435485 -0.092467621 0.0668285638 0.029674571 0.0356496871 0.035459511 -0.200424999 -0.0578591265 0.189012274 0.0182248801 -0.035410665 -0.0704029426 0.242954686 0.0565708876 -0.11988391 -0.106050335 -0.0678654909 0.0155178308 -0.0221689567 -0.00278232619 0.143404126 -0.11520341 0.118077554 -0.0118397661 0.039373517 0.0885994285 0.0541044697 0.174331754 0.103799284 0.075357236 -0.0784460902 -0.0228530671 -0.0105243549
G592 0.0117158098 0.022973014 0.0481566638 -0.093317762 0.0423294008 0.0607222579 -0.134116873 0.0540392883 -0.0296938345 -0.135292917 -0.0231879186 0.190706447 -0.0220190827 -0.0102322735 0.0648442656 -0.101639599 0.0720921159 0.169601202 -0.041661121 -0.101585448 -0.108038388 0.0208276249 -0.121773839 -0.102002949 -0.102084562 -0.0518774912 -0.232480884 0.160463884 -0.0590659901 -0.117672257 0.0781786889 -0.093343541 -0.092467621 0.0668285638 0.0296745747 0.0356496871 0.0354595035 -0.200424999 -0.0578591302 0.189012289 0.0182248745 -0.0354106613 -0.0704029426 0.242954686 0.0565708876 -0.119883917 -0.106050335 -0.0678654835 0.0155178327 -0.0221689641 -0.00278232619 0.143404126 -0.11520341 0.118077554 -0.0118397623 0.0393735357 0.0885994285 0.0541044846 0.174331754 0.103799276 0.075357236 -0.0784461051 -0.0228530727 -0.01052434
G593 0.011715808 0.022973014 0.0481566638 -0.093317762 0.0423294008 0.0607222617 -0.134116873 0.054039292 -0.0296938345 -0.135292917 -0.0231879186 0.190706447 -0.0220190808 -0.0102322679 0.0648442656 -0.101639599 0.0720921159 0.169601202 -0.041661121 -0.10158544 -0.108038381 0.0208276249 -0.121773839 -0.102002949 -0.102084562 -0.0518774912 -0.232480869 0.160463884 -0.0590659901 -0.117672257 0.0781786889 -0.0933435485 -0.0924676061 0.0668285638 0.029674571 0.0356496871 0.0354595035 -0.200424999 -0.0578591339 0.189012289 0.0182248764 -0.035410665 -0.0704029277 0.242954686 0.0565708913 -0.119883925 -0.106050327 -0.0678654835 0.0155178308 -0.0221689641 -0.00278232247 0.143404126 -0.11520341 0.118077554 -0.0118397623 0.0393735357 0.0885994285 0.0541044846 0.174331754 0.103799276 0.075357236 -0.0784461051 -0.022853069 -0.01052434
G594 0.011715808 0.0229730215 0.0481566638 -0.093317762 0.0423294157 0.0607222579 -0.134116888 0.0540392883 -0.029693827 -0.135292917 -0.0231879167 0.190706462 -0.022019079 -0.0102322707 0.0648442656 -0.101639599 0.0720921159 0.169601172 -0.0416611284 -0.10158544 -0.108038381 0.0208276249 -0.121773832 -0.102002949 -0.102084562 -0.0518774912 -0.232480884 0.160463884 -0.0590659752 -0.117672257 0.0781786963 -0.093343541 -0.092467621 0.0668285638 0.029674571 0.0356496945 0.0354595073 -0.200424999 -0.0578591302 0.189012289 0.0182248782 -0.0354106538 -0.0704029351 0.242954686 0.056570895 -0.119883917 -0.106050335 -0.0678654909 0.0155178364 -0.0221689641 -0.00278232247 0.143404126 -0.11520341 0.118077561 -0.0118397661 0.0393735357 0.0885994434 0.0541044846 0.174331754 0.103799269 0.0753572285 -0.0784460902 -0.0228530727 -0.0105243474
G595 0.011715808 0.0229730215 0.0481566638 -0.093317762 0.0423294082 0.0607222542 -0.134116873 0.0540392809 -0.0296938196 -0.135292917 -0.023187913 0.190706462 -0.0220190808 -0.0102322744 0.0648442507 -0.101639606 0.0720921159 0.169601187 -0.0416611284 -0.101585433 -0.108038366 0.02082761 -0.121773846 -0.102002956 -0.102084562 -0.0518774949 -0.232480869 0.160463884 -0.0590659827 -0.117672257 0.0781786889 -0.093343541 -0.092467621 0.0668285638 0.0296745747 0.0356496945 0.0354595073 -0.200424999 -0.0578591302 0.189012304 0.0182248782 -0.0354106613 -0.0704029351 0.242954686 0.056570895 -0.11988391 -0.106050327 -0.0678654984 0.0155178327 -0.0221689679 -0.00278231874 0.143404126 -0.11520341 0.118077561 -0.0118397586 0.0393735282 0.0885994434 0.0541044846 0.174331754 0.103799276 0.0753572285 -0.0784460902 -0.0228530709 -0.0105243474
G596 0.0117158098 0.022973014 0.0481566638 -0.093317762 0.0423294157 0.0607222542 -0.134116873 0.0540392809 -0.029693827 -0.135292917 -0.0231879186 0.190706447 -0.0220190808 -0.0102322735 0.0648442581 -0.101639606 0.0720921159 0.169601187 -0.0416611284 -0.101585433 -0.108038373 0.0208276138 -0.121773846 -0.102002956 -0.102084562 -0.0518774875 -0.232480884 0.160463884 -0.0590659901 -0.11767225 0.0781786814 -0.0933435336 -0.0924676508 0.0668285638 0.0296745673 0.0356496871 0.0354595035 -0.200424999 -0.0578591302 0.189012289 0.0182248689 -0.0354106613 -0.0704029277 0.242954686 0.0565708913 -0.119883925 -0.106050335 -0.0678654984 0.0155178346 -0.0221689679 -0.00278232992 0.143404126 -0.115203425 0.118077546 -0.0118397698 0.0393735282 0.0885994285 0.0541044809 0.174331754 0.103799276 0.075357236 -0.0784460902 -0.0228530671 -0.0105243474
G597 0.0117158061 0.022973014 0.0481566638 -0.093317762 0.0423294157 0.0607222579 -0.134116873 0.0540392809 -0.0296938196 -0.135292917 -0.0231879205 0.190706447 -0.022019079 -0.0102322735 0.0648442581 -0.101639599 0.0720921159 0.169601172 -0.0416611284 -0.101585433 -0.108038381 0.02082761 -0.121773846 -0.102002956 -0.102084562 -0.0518774837 -0.232480884 0.160463884 -0.0590659901 -0.117672257 0.0781786814 -0.0933435336 -0.0924676359 0.0668285638 0.0296745673 0.0356496871 0.0354595035 -0.200424999 -0.0578591302 0.189012289 0.0182248708 -0.035410665 -0.0704029351 0.242954686 0.0565708913 -0.119883925 -0.106050335 -0.0678654909 0.0155178364 -0.0221689679 -0.00278232992 0.143404126 -0.115203418 0.118077554 -0.0118397698 0.0393735208 0.0885994434 0.0541044809 0.174331754 0.103799269 0.075357236 -0.0784460977 -0.0228530671 -0.0105243549
G598 0.0117158098 0.022973014 0.0481566787 -0.093317762 0.0423294008 0.0607222617 -0.134116873 0.0540392883 -0.029693827 -0.135292917 -0.0231879167 0.190706462 -0.0220190827 -0.0102322716 0.0648442507 -0.101639606 0.0720921159 0.169601187 -0.0416611284 -0.101585433 -0.108038366 0.02082761 -0.121773832 -0.102002949 -0.102084562 -0.0518774912 -0.232480869 0.160463884 -0.0590659901 -0.117672242 0.0781786889 -0.093343541 -0.092467621 0.0668285638 0.029674571 0.0356496871 0.035459511 -0.200424999 -0.0578591377 0.189012274 0.0182248689 -0.0354106538 -0.0704029426 0.242954686 0.0565708913 -0.119883925 -0.106050335 -0.0678654909 0.0155178253 -0.0221689641 -0.00278233364 0.143404126 -0.115203425 0.118077554 -0.0118397549 0.0393735319 0.0885994285 0.0541044883 0.174331754 0.103799269 0.0753572285 -0.0784460902 -0.0228530653 -0.0105243474
G599 0.0117158154 0.0229730103 0.0481566787 -0.093317762 0.0423294082 0.0607222579 -0.134116873 0.0540392883 -0.0296938196 -0.135292917 -0.0231879149 0.190706462 -0.022019079 -0.0102322716 0.0648442507 -0.101639606 0.0720921084 0.169601187 -0.0416611284 -0.101585433 -0.108038366 0.0208276175 -0.121773832 -0.102002956 -0.102084562 -0.0518774912 -0.232480869 0.160463884 -0.0590659901 -0.117672242 0.0781786889 -0.093343541 -0.092467621 0.0668285638 0.029674571 0.0356496871 0.0354595073 -0.200424999 -0.0578591377 0.189012274 0.0182248652 -0.035410665 -0.0704029351 0.242954686 0.0565708876 -0.119883917 -0.106050335 -0.0678654835 0.0155178253 -0.0221689641 -0.00278232992 0.143404126 -0.115203425 0.118077554 -0.0118397512 0.0393735319 0.0885994285 0.0541044921 0.174331754 0.103799276 0.0753572285 -0.0784460902 -0.022853069 -0.0105243474
G600 0.0117158117 0.0229730103 0.0481566638 -0.093317762 0.0423294157 0.0607222617 -0.134116873 0.0540392883 -0.029693827 -0.135292917 -0.0231879205 0.190706447 -0.0220190845 -0.0102322698 0.0648442656 -0.101639599 0.0720921159 0.169601202 -0.0416611284 -0.101585448 -0.108038381 0.0208276175 -0.121773832 -0.102002949 -0.102084562 -0.0518774837 -0.232480884 0.160463884 -0.0590659901 -0.11767225 0.0781786889 -0.0933435485 -0.092467621 0.0668285564 0.0296745673 0.0356496908 0.0354595073 -0.200424999 -0.0578591302 0.189012289 0.0182248838 -0.035410665 -0.0704029426 0.242954686 0.0565708876 -0.119883925 -0.106050342 -0.0678654984 0.0155178271 -0.0221689641 -0.00278232992 0.143404126 -0.115203425 0.118077561 -0.0118397698 0.0393735245 0.0885994285 0.0541044883 0.174331754 0.103799276 0.075357236 -0.0784460902 -0.022853069 -0.01052434
G601 0.0117158098 0.0229730178 0.0481566787 -0.093317762 0.0423294157 0.0607222654 -0.134116873 0.0540392995 -0.029693827 -0.135292917 -0.0231879223 0.190706447 -0.0220190771 -0.0102322688 0.0648442581 -0.101639606 0.072092101 0.169601187 -0.0416611284 -0.10158544 -0.108038366 0.0208276249 -0.121773824 -0.102002941 -0.10208457 -0.0518774837 -0.232480884 0.160463884 -0.0590659901 -0.117672257 0.0781786889 -0.0933435485 -0.092467621 0.0668285489 0.0296745636 0.0356496908 0.035459511 -0.200424999 -0.0578591302 0.189012274 0.0182248782 -0.0354106426 -0.0704029426 0.242954686 0.0565708838 -0.119883925 -0.106050342 -0.0678654984 0.0155178308 -0.0221689716 -0.00278232619 0.143404126 -0.115203425 0.118077554 -0.0118397661 0.0393735245 0.0885994285 0.0541044883 0.174331754 0.103799276 0.0753572434 -0.0784460902 -0.022853069 -0.01052434
G602 0.0220312588 0.0320000239 0.0499985591 -0.0813594237 0.0495768264 0.0784009695 -0.129864812 0.0462575294 -0.0466484502 -0.11644426 -0.0158837251 0.184935957 -0.0245090667 0.0103661418 0.0792060792 -0.101637341 0.0957264155 0.188385755 -0.0446724445 -0.0919846296 -0.0971038043 0.0186221264 -0.112926386 -0.114722654 -0.0938611701 -0.0525904223 -0.220004424 0.167927802 -0.0369063243 -0.111262843 0.0700049177 -0.111822054 -0.102339372 0.0749738961 0.0292644463 0.0237215701 0.0637381598 -0.191502512 -0.0608140826 0.195649311 0.0336835645 -0.0213576928 -0.058310803 0.267002821 0.0550737865 -0.107757233 -0.0955655053 -0.0679151937 0.00733011216 -0.0251136795 -0.000862874091 0.138270587 -0.0918156356 0.118802935 -0.00690390542 0.0181821734 0.0837134272 0.0415320136 0.162727728 0.111675382 0.0712365285 -0.0707724094 -0.0175350178 -0.000301241875
G607 0.0220312569 0.0320000313 0.0499985442 -0.0813594162 0.0495768189 0.0784009695 -0.129864827 0.0462575369 -0.0466484576 -0.11644426 -0.0158837251 0.184935957 -0.0245090667 0.0103661465 0.0792060792 -0.101637341 0.0957264006 0.188385755 -0.044672437 -0.0919846296 -0.0971038043 0.0186221302 -0.112926386 -0.114722647 -0.0938611627 -0.0525904223 -0.220004424 0.167927802 -0.0369063169 -0.111262858 0.0700049102 -0.111822046 -0.102339387 0.0749738961 0.0292644352 0.0237215795 0.0637381524 -0.191502512 -0.0608140863 0.195649296 0.0336835645 -0.021357704 -0.0583107993 0.267002851 0.0550737791 -0.107757233 -0.0955655053 -0.0679151937 0.00733011216 -0.0251136795 -0.000862874091 0.138270587 -0.0918156356 0.118802935 -0.00690391287 0.0181821734 0.0837134272 0.0415320173 0.162727728 0.111675374 0.0712365359 -0.0707724094 -0.0175350178 -0.000301249325
G612 0.0220312644 0.0320000164 0.0499985591 -0.0813594162 0.0495768264 0.0784009695 -0.129864812 0.0462575331 -0.0466484502 -0.116444267 -0.0158837363 0.184935957 -0.0245090667 0.0103661492 0.0792060792 -0.101637334 0.0957264006 0.188385755 -0.044672437 -0.0919846296 -0.0971038043 0.0186221264 -0.112926394 -0.114722639 -0.0938611627 -0.0525904223 -0.220004439 0.167927802 -0.0369063169 -0.11126285 0.0700049102 -0.111822046 -0.102339372 0.0749738961 0.0292644463 0.0237215795 0.0637381673 -0.191502512 -0.0608140826 0.195649311 0.0336835682 -0.0213577002 -0.0583107993 0.267002851 0.0550737828 -0.107757233 -0.0955655053 -0.0679151937 0.00733011216 -0.0251136757 -0.000862874091 0.138270587 -0.0918156505 0.118802935 -0.00690391287 0.0181821734 0.0837134272 0.041532021 0.162727728 0.111675382 0.0712365359 -0.0707724094 -0.0175350122 -0.000301253051
G617 0.0220312569 0.0320000313 0.0499985591 -0.0813594162 0.0495768264 0.0784009695 -0.129864827 0.0462575331 -0.0466484576 -0.116444282 -0.0158837289 0.184935957 -0.024509063 0.0103661455 0.0792060941 -0.101637334 0.0957264155 0.188385755 -0.044672437 -0.0919846296 -0.0971038043 0.0186221264 -0.112926386 -0.114722639 -0.0938611627 -0.0525904261 -0.220004439 0.167927802 -0.0369063243 -0.11126285 0.0700049102 -0.111822054 -0.102339372 0.0749738961 0.0292644426 0.0237215776 0.0637381747 -0.191502512 -0.0608140826 0.195649281 0.0336835608 -0.0213576928 -0.0583107956 0.267002821 0.0550737865 -0.107757226 -0.0955655053 -0.0679151937 0.00733011588 -0.0251136869 -0.000862874091 0.138270587 -0.0918156505 0.118802935 -0.00690391287 0.0181821734 0.0837134272 0.0415320285 0.162727728 0.111675367 0.0712365359 -0.070772402 -0.0175350141 -0.000301256776
G622 0.0220312644 0.0320000239 0.0499985442 -0.0813594311 0.0495768264 0.0784009695 -0.129864812 0.0462575406 -0.0466484576 -0.11644426 -0.0158837289 0.184935957 -0.0245090704 0.0103661511 0.0792060643 -0.101637349 0.0957264006 0.18838577 -0.0446724445 -0.0919846371 -0.0971038043 0.0186221302 -0.112926394 -0.114722647 -0.0938611627 -0.0525904298 -0.220004439 0.167927802 -0.0369063243 -0.11126285 0.0700049102 -0.111822046 -0.102339372 0.0749738961 0.0292644463 0.0237215776 0.0637381673 -0.191502512 -0.0608140789 0.195649311 0.0336835608 -0.0213577002 -0.058310803 0.267002851 0.0550737828 -0.107757233 -0.0955655053 -0.0679152086 0.00733010843 -0.0251136757 -0.000862874091 0.138270587 -0.091815643 0.118802935 -0.00690390542 0.0181821659 0.0837134346 0.0415320173 0.162727728 0.111675374 0.0712365359 -0.0707724169 -0.0175350159 -0.000301249325
G627 0.0220312569 0.032000035 0.0499985591 -0.0813594162 0.0495768338 0.0784009621 -0.129864827 0.0462575331 -0.0466484576 -0.116444267 -0.0158837326 0.184935957 -0.0245090704 0.0103661427 0.0792060792 -0.101637341 0.0957264155 0.188385755 -0.0446724519 -0.0919846371 -0.0971038043 0.0186221227 -0.112926394 -0.114722647 -0.0938611627 -0.0525904149 -0.220004439 0.167927802 -0.0369063243 -0.111262858 0.0700049177 -0.111822054 -0.102339372 0.0749738961 0.0292644463 0.023721572 0.0637381598 -0.191502512 -0.0608140826 0.195649296 0.0336835682 -0.0213577002 -0.0583107956 0.267002821 0.0550737828 -0.107757241 -0.0955655053 -0.0679151937 0.00733011588 -0.0251136757 -0.000862874091 0.138270587 -0.0918156505 0.11880292 -0.00690390542 0.0181821659 0.0837134272 0.0415320285 0.162727743 0.111675374 0.0712365285 -0.070772402 -0.0175350159 -0.000301264226
G632 0.0220312644 0.0320000164 0.0499985591 -0.0813594162 0.0495768264 0.0784009695 -0.129864827 0.0462575369 -0.0466484576 -0.116444275 -0.0158837289 0.184935957 -0.0245090742 0.0103661492 0.0792060718 -0.101637341 0.0957264006 0.188385755 -0.044672437 -0.0919846296 -0.0971038043 0.0186221227 -0.112926379 -0.114722654 -0.0938611701 -0.0525904223 -0.220004439 0.167927802 -0.0369063243 -0.111262858 0.0700049102 -0.111822046 -0.102339372 0.0749738961 0.0292644463 0.0237215776 0.0637381598 -0.191502512 -0.0608140752 0.195649311 0.0336835682 -0.0213576853 -0.0583108068 0.267002821 0.0550737828 -0.107757233 -0.0955655128 -0.0679152012 0.00733010843 -0.0251136757 -0.000862874091 0.138270587 -0.0918156505 0.118802935 -0.00690390915 0.0181821659 0.0837134272 0.0415320285 0.162727743 0.111675382 0.0712365285 -0.0707724169 -0.0175350141 -0.000301238149
G637 0.0220312607 0.0320000276 0.0499985591 -0.0813594162 0.0495768264 0.0784009695 -0.129864827 0.0462575369 -0.0466484576 -0.11644426 -0.0158837363 0.184935957 -0.0245090704 0.0103661483 0.0792060718 -0.101637334 0.0957263857 0.188385755 -0.0446724519 -0.0919846371 -0.0971038193 0.018622119 -0.112926379 -0.114722654 -0.0938611627 -0.0525904223 -0.220004424 0.167927802 -0.0369063169 -0.111262865 0.0700049102 -0.111822054 -0.102339372 0.0749738961 0.0292644501 0.0237215851 0.0637381747 -0.191502512 -0.0608140826 0.195649296 0.0336835682 -0.0213576853 -0.0583107993 0.267002821 0.0550737791 -0.107757233 -0.0955654979 -0.0679152012 0.00733011588 -0.025113672 -0.00086286664 0.138270587 -0.0918156505 0.118802935 -0.00690390915 0.0181821659 0.0837134272 0.0415320285 0.162727714 0.111675382 0.0712365359 -0.070772402 -0.0175350066 -0.000301234424
G642 0.00799485855 0.0234726872 0.0489259511 -0.091336906 0.0447783172 0.0794100165 -0.140620679 0.0592451841 -0.0337716863 -0.128092661 -0.0216088761 0.195400655 -0.0231347661 0.00458157714 0.0690688044 -0.0979107469 0.0767817274 0.171540231 -0.0381190926 -0.0963668898 -0.109280959 0.0264117569 -0.115691885 -0.106872827 -0.0990909785 -0.048724547 -0.22397919 0.159814388 -0.0521800295 -0.112196863 0.0775624663 -0.0964396298 -0.0925852805 0.0684565306 0.0268828012 0.03915352 0.047618378 -0.194155827 -0.0601625405 0.188029975 0.0136132985 -0.0339238755 -0.0709759146 0.259886622 0.0545965508 -0.116781041 -0.103351936 -0.0719325021 0.00663373619 -0.0225379393 -0.00543616712 0.139005512 -0.110803023 0.117924318 -0.00906154141 0.0319440365 0.0861531794 0.0529846735 0.170534834 0.105049655 0.0714656413 -0.0720367879 -0.0203451011 0.00132490695
G645 0.00799485855 0.023472691 0.048925966 -0.0913368985 0.0447783098 0.0794100016 -0.140620679 0.0592451841 -0.0337716863 -0.128092647 -0.0216088723 0.19540067 -0.0231347699 0.00458157156 0.0690688044 -0.0979107395 0.0767817274 0.171540245 -0.0381190926 -0.0963668823 -0.109280944 0.0264117606 -0.115691885 -0.106872827 -0.099090986 -0.0487245545 -0.223979175 0.159814388 -0.0521800295 -0.112196878 0.0775624737 -0.0964396223 -0.0925852805 0.0684565306 0.0268828087 0.0391535275 0.0476183742 -0.194155827 -0.0601625443 0.18802996 0.0136132929 -0.0339238793 -0.0709759146 0.259886622 0.0545965545 -0.116781041 -0.103351951 -0.0719325021 0.00663373992 -0.0225379355 -0.00543616712 0.139005512 -0.110803023 0.117924318 -0.00906154141 0.0319440439 0.0861531794 0.0529846773 0.170534834 0.105049655 0.0714656413 -0.0720367879 -0.0203450974 0.00132490322
G648 0.00799486041 0.0234726947 0.0489259511 -0.0913369134 0.0447783172 0.0794100165 -0.140620679 0.0592451841 -0.0337716937 -0.128092661 -0.0216088705 0.195400655 -0.0231347624 0.00458156783 0.0690687969 -0.0979107395 0.0767817423 0.171540245 -0.0381191 -0.0963668823 -0.109280951 0.0264117606 -0.1156919 -0.106872827 -0.0990909934 -0.048724547 -0.22397919 0.159814388 -0.052180022 -0.112196863 0.0775624663 -0.0964396223 -0.0925852805 0.068456538 0.0268827938 0.0391535275 0.047618378 -0.194155827 -0.0601625405 0.18802996 0.0136132948 -0.0339238942 -0.070975922 0.259886622 0.0545965545 -0.116781041 -0.103351958 -0.071932517 0.00663375109 -0.0225379318 -0.00543617085 0.139005512 -0.110803023 0.117924325 -0.00906153768 0.0319440179 0.0861531794 0.0529846735 0.170534834 0.105049655 0.0714656338 -0.0720367879 -0.0203450974 0.00132489577
G651 0.00799485855 0.0234726947 0.048925966 -0.0913368985 0.0447783172 0.0794100091 -0.140620679 0.0592451841 -0.0337716863 -0.128092661 -0.0216088761 0.19540067 -0.0231347773 0.00458157249 0.0690687969 -0.0979107469 0.0767817572 0.171540231 -0.0381190777 -0.0963668823 -0.109280959 0.0264117606 -0.115691878 -0.106872827 -0.099090986 -0.0487245545 -0.223979175 0.159814388 -0.0521800369 -0.112196878 0.0775624663 -0.0964396223 -0.0925852805 0.0684565306 0.0268827938 0.0391535275 0.0476183742 -0.194155842 -0.0601625443 0.18802996 0.0136132855 -0.0339238867 -0.0709759146 0.259886622 0.0545965619 -0.116781041 -0.103351951 -0.0719325021 0.00663374364 -0.0225379243 -0.00543618575 0.139005512 -0.110803038 0.117924325 -0.00906153768 0.0319440328 0.0861531794 0.0529846773 0.170534819 0.105049655 0.0714656338 -0.0720367879 -0.0203450974 0.00132489577
G654 0.00799485296 0.0234726835 0.0489259511 -0.0913368985 0.0447783098 0.0794100091 -0.140620679 0.0592451915 -0.0337716863 -0.128092661 -0.0216088686 0.19540067 -0.0231347661 0.00458156876 0.0690687969 -0.0979107469 0.0767817423 0.171540245 -0.0381190926 -0.0963669047 -0.109280951 0.0264117606 -0.115691885 -0.106872812 -0.099090986 -0.0487245545 -0.223979175 0.159814388 -0.0521800295 -0.112196863 0.0775624663 -0.0964396223 -0.0925852805 0.068456538 0.0268828087 0.03915352 0.047618378 -0.194155842 -0.0601625405 0.188029975 0.0136132967 -0.033923883 -0.070975922 0.259886622 0.0545965582 -0.116781034 -0.103351958 -0.071932517 0.00663373992 -0.0225379281 -0.00543617457 0.139005512 -0.110803023 0.117924325 -0.00906154141 0.0319440402 0.0861531794 0.0529846773 0.170534819 0.105049662 0.0714656413 -0.0720367879 -0.0203450937 0.00132489577
G657 0.00799484737 0.023472691 0.048925966 -0.0913368985 0.0447783172 0.079410024 -0.140620679 0.0592451878 -0.0337716937 -0.128092661 -0.0216088779 0.19540067 -0.0231347661 0.00458157901 0.0690688044 -0.0979107395 0.0767817423 0.171540231 -0.0381190926 -0.0963668823 -0.109280951 0.0264117606 -0.115691878 -0.106872819 -0.0990909934 -0.0487245508 -0.223979205 0.159814388 -0.0521800295 -0.112196863 0.0775624663 -0.0964396298 -0.0925852805 0.0684565306 0.0268828012 0.0391535237 0.0476183742 -0.194155842 -0.0601625405 0.188029975 0.0136132967 -0.0339238867 -0.0709759146 0.259886622 0.0545965508 -0.116781034 -0.103351951 -0.0719325021 0.00663375109 -0.0225379393 -0.00543617457 0.139005527 -0.11080303 0.117924333 -0.00906153768 0.031944029 0.0861531794 0.0529846773 0.170534834 0.105049662 0.0714656413 -0.0720367879 -0.0203450918 0.00132488832
G660 0.00799485482 0.0234726984 0.0489259586 -0.091336906 0.0447783172 0.0794100165 -0.140620679 0.0592451803 -0.0337716863 -0.128092661 -0.0216088686 0.195400655 -0.0231347606 0.00458157156 0.0690688118 -0.0979107469 0.0767817274 0.171540231 -0.0381190851 -0.0963668972 -0.109280951 0.0264117606 -0.115691893 -0.106872827 -0.099090986 -0.048724547 -0.223979205 0.159814388 -0.0521800295 -0.112196878 0.0775624663 -0.0964396298 -0.0925852805 0.0684565306 0.0268828012 0.03915352 0.0476183705 -0.194155842 -0.0601625405 0.188029975 0.0136132929 -0.0339238979 -0.0709759071 0.259886622 0.0545965433 -0.116781041 -0.103351943 -0.0719325021 0.00663373619 -0.0225379393 -0.00543618575 0.139005512 -0.110803023 0.117924325 -0.00906153768 0.0319440365 0.0861531943 0.0529846773 0.170534819 0.105049655 0.0714656338 -0.0720367879 -0.0203450974 0.00132489204
G663 0.00799485296 0.023472691 0.048925966 -0.0913368985 0.0447783172 0.0794100165 -0.140620679 0.0592451841 -0.0337716937 -0.128092661 -0.0216088686 0.19540067 -0.0231347661 0.00458157249 0.0690688044 -0.0979107395 0.0767817348 0.171540231 -0.0381190926 -0.0963668898 -0.109280959 0.0264117569 -0.115691885 -0.106872819 -0.099090986 -0.0487245545 -0.223979175 0.159814388 -0.0521800295 -0.112196863 0.0775624663 -0.0964396298 -0.0925852805 0.0684565231 0.0268828012 0.03915352 0.0476183742 -0.194155842 -0.0601625368 0.188029975 0.0136132967 -0.0339238942 -0.0709759071 0.259886622 0.054596547 -0.116781041 -0.103351943 -0.0719325021 0.00663374364 -0.0225379318 -0.00543617457 0.139005512 -0.11080303 0.117924325 -0.00906153768 0.031944029 0.0861531794 0.0529846773 0.170534819 0.105049655 0.0714656338 -0.0720367879 -0.0203450918 0.00132488832
G666 0.0102878064 0.0216290243 0.0503072664 -0.0946693718 0.0432451367 0.0744990334 -0.138696015 0.0536587425 -0.0348324478 -0.127637014 -0.0193542615 0.192599937 -0.0284581333 -4.07532789e-05 0.0755818486 -0.102413386 0.0759714991 0.175110638 -0.038453795 -0.0989923328 -0.0991303772 0.0258209631 -0.119110949 -0.101344898 -0.106812157 -0.0511422344 -0.230155066 0.160799533 -0.0462995693 -0.115462534 0.0733476505 -0.09835504 -0.0908484161 0.0657049343 0.0300123803 0.0369665772 0.0481757708 -0.199650243 -0.0601241887 0.19228363 0.0238109343 -0.0356977843 -0.0694960058 0.259432614 0.0539052188 -0.114085481 -0.103512242 -0.0630496889 0.00893327594 -0.0252880156 -0.00477520749 0.142241806 -0.108213857 0.113644533 -0.0150032081 0.0348156281 0.0834667459 0.0495542213 0.168705404 0.112871006 0.0772350505 -0.0754882917 -0.0164682958 -0.00883862749
G669 0.0102878064 0.0216290206 0.0503072664 -0.0946693718 0.0432451367 0.0744990259 -0.138696015 0.0536587462 -0.0348324552 -0.127637014 -0.0193542708 0.192599937 -0.0284581408 -4.07556072e-05 0.0755818635 -0.102413386 0.075971514 0.175110638 -0.0384538025 -0.0989923328 -0.0991303772 0.0258209631 -0.119110942 -0.101344898 -0.106812164 -0.0511422381 -0.230155051 0.160799533 -0.0462995619 -0.115462534 0.073347643 -0.09835504 -0.0908484012 0.0657049417 0.0300123654 0.0369665883 0.0481757745 -0.199650258 -0.0601241812 0.19228363 0.0238109306 -0.0356977917 -0.0694959983 0.259432584 0.0539052188 -0.114085481 -0.103512257 -0.063049674 0.00893327594 -0.0252880231 -0.00477520376 0.142241806 -0.108213849 0.11364454 -0.0150032043 0.0348156355 0.0834667459 0.0495542213 0.168705404 0.112871006 0.0772350505 -0.0754882693 -0.0164682958 -0.00883863494
G672 0.0102878064 0.0216290168 0.0503072739 -0.0946693718 0.0432451144 0.0744990259 -0.138696015 0.0536587462 -0.0348324552 -0.127637014 -0.0193542708 0.192599937 -0.0284581371 -4.07528132e-05 0.0755818635 -0.102413386 0.075971514 0.175110653 -0.0384538025 -0.0989923328 -0.0991303772 0.0258209705 -0.119110949 -0.101344913 -0.106812164 -0.0511422306 -0.230155051 0.160799518 -0.0462995693 -0.115462534 0.0733476505 -0.09835504 -0.0908484161 0.0657049343 0.0300123617 0.0369665921 0.0481757745 -0.199650258 -0.0601241887 0.19228363 0.0238109268 -0.0356977917 -0.0694960058 0.259432614 0.0539052188 -0.114085481 -0.103512257 -0.0630496591 0.00893328339 -0.0252880231 -0.00477520749 0.142241806 -0.108213849 0.11364454 -0.0150031969 0.0348156318 0.0834667459 0.0495542213 0.168705404 0.112871006 0.077235058 -0.0754882842 -0.0164682977 -0.00883863494
G675 0.0102878027 0.0216290355 0.0503072739 -0.0946693867 0.0432451293 0.0744990259 -0.138696015 0.053658735 -0.0348324552 -0.127637014 -0.0193542652 0.192599937 -0.0284581408 -4.07574698e-05 0.0755818486 -0.102413394 0.0759715065 0.175110638 -0.0384538025 -0.0989923403 -0.0991303772 0.0258209631 -0.119110934 -0.101344898 -0.106812157 -0.0511422418 -0.230155066 0.160799533 -0.0462995619 -0.115462534 0.0733476579 -0.09835504 -0.0908484161 0.0657049417 0.0300123803 0.0369665846 0.0481757782 -0.199650243 -0.0601241849 0.19228363 0.023810938 -0.0356977917 -0.0694959983 0.259432584 0.0539052226 -0.114085481 -0.103512242 -0.0630496815 0.00893327594 -0.0252880156 -0.00477521122 0.142241806 -0.108213849 0.113644533 -0.0150032043 0.0348156355 0.083466731 0.0495542213 0.168705404 0.112871006 0.0772350505 -0.0754882619 -0.016468294 -0.00883863494
G678 0.0102878027 0.0216290206 0.0503072664 -0.0946693867 0.0432451442 0.0744990259 -0.138696015 0.0536587462 -0.0348324552 -0.127637014 -0.0193542633 0.192599937 -0.0284581333 -4.07523476e-05 0.0755818635 -0.102413386 0.0759714842 0.175110653 -0.038453795 -0.0989923328 -0.0991303697 0.0258209631 -0.119110957 -0.101344891 -0.106812157 -0.0511422344 -0.230155051 0.160799533 -0.0462995619 -0.115462534 0.0733476356 -0.09835504 -0.0908484161 0.0657049343 0.0300123617 0.0369665846 0.0481757782 -0.199650243 -0.0601241812 0.19228363 0.0238109287 -0.0356977917 -0.0694960058 0.259432614 0.0539052188 -0.114085481 -0.10351225 -0.063049674 0.00893327594 -0.0252880231 -0.00477520004 0.142241791 -0.108213849 0.113644533 -0.0150032043 0.0348156355 0.0834667385 0.0495542213 0.168705404 0.112871014 0.0772350505 -0.0754882768 -0.0164682921 -0.00883862749
G681 0.0102878138 0.0216290317 0.0503072664 -0.0946693718 0.0432451144 0.0744990334 -0.138696015 0.0536587425 -0.0348324478 -0.127637014 -0.0193542596 0.192599937 -0.0284581333 -4.07532789e-05 0.0755818486 -0.102413394 0.0759714991 0.175110638 -0.0384538025 -0.0989923328 -0.0991303772 0.0258209631 -0.119110949 -0.101344898 -0.106812164 -0.0511422381 -0.230155051 0.160799533 -0.0462995693 -0.115462534 0.073347643 -0.09835504 -0.0908484161 0.0657049343 0.0300123692 0.0369665883 0.0481757857 -0.199650243 -0.0601241849 0.19228363 0.023810938 -0.0356977992 -0.0694960058 0.259432584 0.05390523 -0.114085481 -0.103512242 -0.063049674 0.00893327966 -0.0252880156 -0.00477521122 0.142241806 -0.108213842 0.113644533 -0.0150031969 0.0348156355 0.0834667534 0.0495542251 0.168705404 0.112871006 0.0772350505 -0.0754882842 -0.016468294 -0.00883862749
G684 0.0102878064 0.0216290206 0.0503072664 -0.0946693718 0.0432451442 0.0744990259 -0.138696015 0.0536587462 -0.0348324552 -0.127637014 -0.0193542633 0.192599937 -0.0284581333 -4.07514162e-05 0.0755818561 -0.102413386 0.075971514 0.175110638 -0.0384538025 -0.0989923477 -0.0991303697 0.0258209631 -0.119110957 -0.101344898 -0.106812157 -0.0511422306 -0.230155066 0.160799518 -0.0462995693 -0.115462519 0.073347643 -0.09835504 -0.0908484161 0.0657049343 0.0300123729 0.0369665883 0.0481757782 -0.199650243 -0.0601241887 0.192283615 0.0238109268 -0.0356977992 -0.0694959983 0.259432584 0.0539052188 -0.114085473 -0.10351225 -0.063049674 0.00893327966 -0.0252880156 -0.00477520004 0.142241806 -0.108213842 0.11364454 -0.0150032043 0.0348156355 0.0834667385 0.0495542176 0.168705404 0.112871006 0.0772350505 -0.0754882917 -0.0164682996 -0.00883862749
G687 0.0102877989 0.0216290504 0.0503072739 -0.0946693793 0.0432451144 0.0744990259 -0.138696015 0.0536587425 -0.0348324627 -0.127637014 -0.0193542596 0.192599937 -0.0284581333 -4.07597981e-05 0.0755818635 -0.102413401 0.075971514 0.175110653 -0.0384538025 -0.0989923477 -0.0991303697 0.0258209631 -0.119110949 -0.101344906 -0.106812157 -0.0511422344 -0.230155066 0.160799533 -0.0462995544 -0.115462534 0.0733476505 -0.09835504 -0.0908484161 0.0657049417 0.0300123803 0.0369665921 0.0481757745 -0.199650243 -0.0601241887 0.19228363 0.023810938 -0.0356977917 -0.0694959909 0.259432584 0.0539052151 -0.114085481 -0.10351225 -0.063049674 0.00893328711 -0.0252880156 -0.00477520004 0.142241806 -0.108213857 0.11364454 -0.0150031969 0.0348156206 0.0834667385 0.0495542251 0.168705389 0.112871006 0.077235043 -0.0754882693 -0.0164682996 -0.00883862749
G690 0.00451320969 0.016495835 0.0489097461 -0.103229307 0.0400481671 0.0757753178 -0.144891769 0.0545337498 -0.0305226073 -0.132304162 -0.0193707887 0.19830142 -0.0312164575 -0.0023015663 0.0753894597 -0.104428202 0.0647488683 0.16634734 -0.0320014879 -0.100951776 -0.102832757 0.0322043002 -0.124745235 -0.0923927501 -0.110734887 -0.050620921 -0.236658126 0.155794784 -0.0483997613 -0.117399365 0.0752226263 -0.0901622474 -0.0830285102 0.0609343015 0.0300367028 0.0445743948 0.0407868549 -0.203763425 -0.0573701225 0.192142516 0.0209744163 -0.0473589525 -0.0745667517 0.257425398 0.0524344593 -0.115914881 -0.104506575 -0.0600365922 0.0115427878 -0.0243444666 -0.00904161111 0.143121392 -0.114155166 0.110324241 -0.0209396463 0.0416028723 0.0830181539 0.0523781292 0.172370866 0.113717772 0.07574258 -0.0800970644 -0.0131905004 -0.0157546401
G691 0.00451320969 0.016495835 0.0489097387 -0.103229314 0.0400481671 0.0757753104 -0.144891769 0.0545337498 -0.0305225924 -0.132304162 -0.0193707831 0.19830142 -0.0312164575 -0.00230156677 0.0753894597 -0.104428202 0.0647488609 0.16634734 -0.0320014879 -0.100951776 -0.102832764 0.0322043002 -0.124745235 -0.0923927501 -0.110734895 -0.050620921 -0.236658126 0.155794799 -0.0483997464 -0.11739935 0.0752226263 -0.0901622474 -0.0830284953 0.0609342977 0.0300367065 0.0445743948 0.0407868549 -0.203763425 -0.0573701262 0.192142516 0.02097442 -0.0473589376 -0.0745667517 0.257425398 0.0524344556 -0.115914896 -0.104506575 -0.0600365922 0.0115427841 -0.0243444741 -0.00904161111 0.143121392 -0.114155173 0.110324234 -0.0209396463 0.0416028798 0.0830181539 0.0523781255 0.172370866 0.11371778 0.07574258 -0.0800970569 -0.0131904986 -0.0157546401
G692 0.00451320969 0.0164958276 0.0489097461 -0.103229314 0.040048182 0.0757753104 -0.144891754 0.0545337386 -0.0305226147 -0.132304177 -0.0193707868 0.19830142 -0.0312164631 -0.00230157282 0.0753894597 -0.104428202 0.0647488683 0.16634734 -0.0320014879 -0.100951761 -0.102832764 0.0322043002 -0.124745235 -0.0923927501 -0.110734902 -0.0506209247 -0.236658126 0.155794799 -0.0483997464 -0.117399365 0.0752226189 -0.09016224 -0.0830284953 0.0609343015 0.030036699 0.0445744023 0.0407868586 -0.203763425 -0.0573701225 0.192142516 0.02097442 -0.0473589376 -0.0745667592 0.257425398 0.0524344593 -0.115914896 -0.104506575 -0.0600365847 0.0115427841 -0.0243444666 -0.00904161111 0.143121392 -0.114155173 0.110324241 -0.0209396537 0.041602876 0.0830181539 0.0523781329 0.172370866 0.11371778 0.0757425725 -0.0800970644 -0.0131904958 -0.0157546476
G693 0.00451321341 0.0164958276 0.0489097461 -0.103229314 0.040048182 0.0757753104 -0.144891769 0.0545337424 -0.0305226073 -0.132304192 -0.0193707868 0.198301435 -0.0312164631 -0.00230157096 0.0753894597 -0.104428194 0.0647488534 0.16634734 -0.0320014879 -0.100951761 -0.102832764 0.0322043002 -0.124745227 -0.0923927501 -0.110734895 -0.050620921 -0.236658111 0.155794799 -0.0483997613 -0.11739935 0.0752226189 -0.0901622474 -0.0830284953 0.0609342977 0.0300366953 0.0445743985 0.0407868549 -0.203763425 -0.0573701262 0.192142531 0.0209744163 -0.047358945 -0.0745667517 0.257425368 0.0524344593 -0.115914904 -0.104506575 -0.0600365847 0.0115427841 -0.0243444666 -0.00904161483 0.143121392 -0.114155173 0.110324241 -0.0209396575 0.041602876 0.0830181539 0.0523781329 0.172370866 0.113717772 0.0757425874 -0.0800970644 -0.013190493 -0.0157546438
G694 0.00451321341 0.0164958425 0.0489097461 -0.103229314 0.0400481746 0.0757753178 -0.144891769 0.0545337386 -0.0305226147 -0.132304192 -0.019370785 0.198301405 -0.0312164631 -0.00230156584 0.0753894597 -0.104428194 0.0647488683 0.166347325 -0.0320014879 -0.100951776 -0.102832764 0.0322043151 -0.124745242 -0.0923927575 -0.110734895 -0.050620921 -0.236658126 0.155794784 -0.0483997613 -0.117399372 0.0752226263 -0.0901622474 -0.0830285102 0.0609342977 0.030036699 0.0445743948 0.0407868624 -0.203763425 -0.0573701188 0.192142516 0.0209744088 -0.0473589525 -0.0745667517 0.257425398 0.0524344705 -0.115914889 -0.104506575 -0.0600365773 0.0115427841 -0.0243444666 -0.00904161856 0.143121392 -0.114155181 0.110324249 -0.02093965 0.0416028835 0.0830181539 0.0523781329 0.172370851 0.113717772 0.0757425725 -0.0800970644 -0.0131904958 -0.0157546401
G695 0.00451321341 0.016495835 0.0489097387 -0.103229314 0.0400481746 0.0757753253 -0.144891769 0.0545337386 -0.0305226073 -0.132304177 -0.0193707813 0.198301405 -0.0312164631 -0.00230156723 0.0753894523 -0.104428194 0.0647488609 0.166347325 -0.0320014879 -0.100951776 -0.102832779 0.0322043151 -0.124745242 -0.0923927501 -0.11073491 -0.0506209135 -0.236658126 0.155794784 -0.0483997539 -0.117399357 0.0752226263 -0.0901622325 -0.0830285251 0.060934294 0.030036699 0.0445744023 0.0407868661 -0.203763425 -0.0573701188 0.192142516 0.0209744088 -0.0473589525 -0.0745667517 0.257425398 0.0524344742 -0.115914889 -0.104506575 -0.0600365847 0.0115427841 -0.0243444741 -0.00904161856 0.143121392 -0.114155173 0.110324241 -0.0209396463 0.0416028835 0.0830181539 0.0523781367 0.172370851 0.113717772 0.0757425725 -0.0800970644 -0.0131904967 -0.0157546401
G696 0.00451320969 0.0164958425 0.0489097312 -0.103229314 0.040048182 0.0757753253 -0.144891769 0.0545337349 -0.0305225998 -0.132304177 -0.0193707924 0.198301405 -0.0312164612 -0.00230157096 0.0753894672 -0.104428202 0.0647488683 0.166347355 -0.0320014879 -0.100951783 -0.102832772 0.0322043002 -0.124745235 -0.0923927426 -0.110734895 -0.0506209172 -0.236658111 0.155794784 -0.0483997539 -0.11739935 0.0752226263 -0.0901622325 -0.0830285251 0.0609343015 0.0300367065 0.0445743948 0.0407868549 -0.203763425 -0.0573701188 0.192142531 0.0209744163 -0.0473589525 -0.0745667517 0.257425398 0.0524344593 -0.115914881 -0.104506575 -0.0600365996 0.0115427841 -0.0243444741 -0.00904161483 0.143121392 -0.114155173 0.110324241 -0.02093965 0.0416028835 0.0830181539 0.0523781218 0.172370851 0.113717765 0.0757425725 -0.0800970644 -0.0131905004 -0.0157546438
G697 0.00451320224 0.016495835 0.0489097387 -0.103229314 0.0400481746 0.0757753253 -0.144891769 0.0545337424 -0.0305226073 -0.132304162 -0.0193707868 0.198301405 -0.0312164612 -0.00230157003 0.0753894523 -0.104428202 0.0647488683 0.166347355 -0.0320014954 -0.100951776 -0.102832764 0.0322043002 -0.124745227 -0.0923927426 -0.110734902 -0.0506209135 -0.236658126 0.155794799 -0.0483997539 -0.117399365 0.0752226263 -0.0901622474 -0.0830285102 0.0609342977 0.030036699 0.0445743874 0.0407868549 -0.203763425 -0.0573701262 0.192142531 0.0209744126 -0.047358945 -0.0745667517 0.257425398 0.0524344556 -0.115914889 -0.104506575 -0.0600365847 0.0115427841 -0.0243444666 -0.00904161856 0.143121392 -0.114155173 0.110324249 -0.0209396537 0.0416028835 0.0830181539 0.0523781255 0.172370866 0.113717765 0.07574258 -0.0800970644 -0.0131904976 -0.0157546364
G698 0.00451320969 0.016495835 0.0489097461 -0.103229322 0.0400481746 0.0757753253 -0.144891754 0.0545337424 -0.0305226073 -0.132304177 -0.019370785 0.19830142 -0.0312164668 -0.00230157655 0.0753894597 -0.104428202 0.0647488683 0.166347355 -0.0320014879 -0.100951776 -0.102832757 0.0322043002 -0.12474525 -0.0923927501 -0.110734902 -0.050620921 -0.236658126 0.155794799 -0.0483997613 -0.11739935 0.0752226338 -0.0901622474 -0.0830284953 0.0609342977 0.0300367065 0.0445744097 0.0407868549 -0.203763425 -0.0573701225 0.192142531 0.02097442 -0.0473589525 -0.0745667517 0.257425398 0.0524344668 -0.115914904 -0.104506575 -0.0600365847 0.0115427841 -0.0243444666 -0.00904161483 0.143121392 -0.114155173 0.110324234 -0.0209396426 0.0416028723 0.0830181539 0.0523781292 0.172370851 0.11371778 0.0757425874 -0.0800970644 -0.0131904939 -0.0157546327
G699 0.00451320596 0.016495835 0.0489097461 -0.103229314 0.0400481671 0.0757753253 -0.144891769 0.0545337461 -0.0305226147 -0.132304162 -0.019370785 0.198301405 -0.0312164575 -0.00230157608 0.0753894597 -0.104428209 0.0647488683 0.166347355 -0.0320014879 -0.100951776 -0.102832764 0.0322043076 -0.12474525 -0.0923927501 -0.11073491 -0.050620921 -0.236658126 0.155794799 -0.0483997464 -0.117399365 0.0752226338 -0.0901622251 -0.0830285251 0.0609342977 0.0300367102 0.0445744097 0.0407868549 -0.203763425 -0.0573701262 0.192142531 0.02097442 -0.0473589525 -0.0745667443 0.257425398 0.0524344668 -0.115914896 -0.104506575 -0.0600365847 0.0115427803 -0.0243444666 -0.00904161483 0.143121392 -0.114155173 0.110324241 -0.0209396537 0.0416028798 0.0830181539 0.0523781292 0.172370851 0.11371778 0.07574258 -0.0800970644 -0.0131904967 -0.0157546327
G700 0.00451320224 0.0164958425 0.0489097461 -0.103229314 0.0400481746 0.0757753104 -0.144891754 0.0545337461 -0.0305226147 -0.132304177 -0.0193707813 0.19830142 -0.0312164631 -0.00230156723 0.0753894597 -0.104428202 0.0647488609 0.166347355 -0.0320014879 -0.100951776 -0.102832772 0.0322043151 -0.124745227 -0.0923927426 -0.110734895 -0.050620921 -0.236658126 0.155794799 -0.0483997539 -0.11739935 0.0752226263 -0.0901622325 -0.0830285251 0.0609342977 0.0300367102 0.0445743985 0.0407868624 -0.203763425 -0.0573701151 0.192142516 0.0209744163 -0.0473589525 -0.0745667517 0.257425398 0.0524344668 -0.115914896 -0.104506575 -0.0600365922 0.0115427766 -0.0243444741 -0.00904161856 0.143121392 -0.114155173 0.110324241 -0.0209396537 0.0416028798 0.0830181539 0.0523781255 0.172370866 0.113717765 0.07574258 -0.0800970644 -0.0131905014 -0.0157546327
G701 0.00451319851 0.0164958425 0.0489097387 -0.103229314 0.040048182 0.0757753253 -0.144891769 0.0545337498 -0.0305226073 -0.132304162 -0.0193707831 0.19830142 -0.0312164556 -0.00230157282 0.0753894597 -0.104428202 0.0647488609 0.166347355 -0.0320014879 -0.100951768 -0.102832764 0.0322043076 -0.12474522 -0.0923927426 -0.110734895 -0.050620921 -0.236658126 0.155794799 -0.0483997688 -0.117399342 0.0752226263 -0.0901622474 -0.0830285102 0.0609342977 0.0300367102 0.0445743985 0.0407868624 -0.203763425 -0.0573701188 0.192142516 0.0209744144 -0.0473589525 -0.0745667517 0.257425398 0.0524344593 -0.115914904 -0.104506582 -0.0600365847 0.0115427803 -0.0243444741 -0.00904161856 0.143121392 -0.114155166 0.110324241 -0.02093965 0.0416028798 0.0830181539 0.0523781218 0.172370866 0.113717765 0.0757425874 -0.0800970644 -0.0131904976 -0.0157546327
G702 0.00451322086 0.0164958201 0.0489097461 -0.103229314 0.0400481746 0.0757753104 -0.144891754 0.0545337461 -0.0305226073 -0.132304177 -0.0193707943 0.198301405 -0.0312164556 -0.00230156584 0.0753894597 -0.104428202 0.0647488534 0.166347355 -0.0320014879 -0.100951776 -0.102832764 0.0322043002 -0.124745242 -0.0923927426 -0.110734895 -0.0506209284 -0.236658126 0.155794784 -0.0483997539 -0.11739935 0.0752226263 -0.0901622325 -0.0830284953 0.0609343052 0.0300367065 0.0445744023 0.0407868549 -0.203763425 -0.0573701188 0.192142501 0.0209744126 -0.047358945 -0.0745667517 0.257425398 0.0524344593 -0.115914904 -0.104506582 -0.0600365996 0.0115427766 -0.0243444704 -0.00904161856 0.143121392 -0.114155173 0.110324241 -0.0209396537 0.0416028798 0.0830181539 0.0523781292 0.172370866 0.113717772 0.0757425725 -0.0800970644 -0.0131905004 -0.0157546513
G703 0.00451321341 0.0164958127 0.0489097387 -0.103229307 0.040048182 0.0757753104 -0.144891769 0.0545337424 -0.0305225998 -0.132304177 -0.0193707906 0.19830142 -0.0312164575 -0.00230157143 0.0753894523 -0.104428202 0.0647488609 0.166347355 -0.0320014879 -0.100951768 -0.102832764 0.0322043076 -0.124745242 -0.0923927426 -0.11073491 -0.0506209284 -0.236658111 0.155794799 -0.0483997613 -0.117399365 0.0752226263 -0.09016224 -0.0830285102 0.0609343015 0.030036699 0.0445744023 0.0407868549 -0.203763425 -0.0573701188 0.192142531 0.020974407 -0.047358945 -0.0745667517 0.257425398 0.0524344593 -0.115914896 -0.104506575 -0.0600365922 0.0115427841 -0.0243444741 -0.00904161483 0.143121392 -0.114155173 0.110324249 -0.0209396575 0.041602876 0.0830181539 0.0523781292 0.172370866 0.113717765 0.0757425725 -0.0800970644 -0.0131904995 -0.0157546513
G704 0.00451320969 0.0164958201 0.0489097461 -0.103229314 0.0400481671 0.0757753253 -0.144891769 0.0545337424 -0.0305226147 -0.132304177 -0.0193707868 0.19830142 -0.0312164612 -0.00230157375 0.0753894672 -0.104428194 0.0647488683 0.166347325 -0.0320014879 -0.100951776 -0.102832764 0.0322043002 -0.124745242 -0.0923927426 -0.11073491 -0.0506209172 -0.236658126 0.155794784 -0.0483997613 -0.117399357 0.0752226263 -0.0901622474 -0.0830285102 0.0609342977 0.0300367102 0.0445743985 0.0407868586 -0.203763425 -0.0573701151 0.192142516 0.0209744163 -0.047358945 -0.0745667517 0.257425398 0.0524344705 -0.115914889 -0.104506575 -0.0600365996 0.0115427803 -0.0243444741 -0.00904161856 0.143121392 -0.114155173 0.110324234 -0.0209396426 0.0416028835 0.0830181539 0.0523781367 0.172370866 0.11371778 0.07574258 -0.0800970644 -0.013190493 -0.0157546438
G705 0.00451320596 0.0164958127 0.0489097461 -0.103229314 0.0400481746 0.0757753104 -0.144891769 0.0545337386 -0.0305226147 -0.132304177 -0.019370785 0.19830142 -0.0312164649 -0.00230157562 0.0753894746 -0.104428202 0.0647488683 0.166347355 -0.0320014879 -0.100951776 -0.102832764 0.0322043002 -0.124745242 -0.0923927501 -0.110734902 -0.0506209172 -0.236658126 0.155794799 -0.0483997613 -0.117399357 0.0752226263 -0.0901622474 -0.0830285102 0.060934294 0.0300367102 0.0445743948 0.0407868549 -0.203763425 -0.0573701188 0.192142516 0.0209744163 -0.0473589525 -0.0745667517 0.257425398 0.0524344668 -0.115914889 -0.104506575 -0.0600365996 0.0115427803 -0.0243444741 -0.00904161483 0.143121392 -0.114155166 0.110324234 -0.0209396426 0.0416028835 0.0830181539 0.0523781329 0.172370866 0.11371778 0.0757425725 -0.0800970644 -0.0131904967 -0.0157546476
G706 0.00588848814 0.0175723527 0.0495117754 -0.100577176 0.0408384278 0.0837441459 -0.146536097 0.0523226596 -0.0379665866 -0.124464095 -0.0168497823 0.199327797 -0.031394124 0.0081627192 0.0800793618 -0.105938025 0.0710102841 0.170219868 -0.0304354653 -0.0952578634 -0.0994814187 0.0339464173 -0.123323962 -0.0948418081 -0.108765543 -0.050424993 -0.234289408 0.156907111 -0.0386566296 -0.113471769 0.0701808408 -0.0933433548 -0.0836769938 0.0621804334 0.0301785916 0.0443180241 0.051466234 -0.202056497 -0.0588022918 0.195141956 0.0259851944 -0.0441025458 -0.0719890893 0.267628521 0.0488940291 -0.112747908 -0.100565217 -0.0597028062 0.00938954763 -0.0266953185 -0.0100280717 0.141802117 -0.104911789 0.108209789 -0.0219716188 0.0347612537 0.0810736045 0.049614124 0.169718862 0.118194617 0.0739866942 -0.0783001781 -0.0101066772 -0.0125379972
G709 0.00588848442 0.0175723527 0.0495117828 -0.100577176 0.0408384278 0.0837441534 -0.146536097 0.0523226671 -0.0379665866 -0.124464095 -0.0168497786 0.199327797 -0.0313941203 0.0081627192 0.0800793618 -0.105938025 0.0710102916 0.170219868 -0.0304354653 -0.0952578634 -0.0994814187 0.0339464173 -0.123323955 -0.0948418081 -0.108765543 -0.050424993 -0.234289408 0.156907111 -0.0386566371 -0.113471761 0.0701808408 -0.0933433473 -0.0836769938 0.062180426 0.0301785953 0.044318039 0.051466234 -0.202056512 -0.0588022843 0.195141956 0.0259851962 -0.0441025458 -0.0719890893 0.267628491 0.0488940328 -0.112747908 -0.100565232 -0.0597028062 0.00938955881 -0.0266953222 -0.0100280605 0.141802132 -0.104911789 0.108209789 -0.021971615 0.03476125 0.0810736045 0.0496141165 0.169718862 0.11819461 0.0739866942 -0.0783001781 -0.0101066772 -0.0125380084
G712 0.00588848442 0.0175723527 0.0495117754 -0.100577176 0.0408384204 0.0837441459 -0.146536097 0.0523226671 -0.0379665866 -0.124464095 -0.0168497749 0.199327797 -0.0313941166 0.00816271827 0.0800793618 -0.105938032 0.0710102916 0.170219883 -0.0304354578 -0.0952578485 -0.0994814113 0.0339464247 -0.123323955 -0.0948418081 -0.108765543 -0.050424993 -0.234289408 0.156907111 -0.0386566296 -0.113471769 0.0701808408 -0.0933433548 -0.0836769938 0.0621804297 0.0301785953 0.0443180278 0.051466234 -0.202056497 -0.0588022918 0.195141956 0.0259851962 -0.0441025458 -0.0719890967 0.267628551 0.0488940254 -0.112747915 -0.100565217 -0.0597028062 0.00938955136 -0.0266953222 -0.010028068 0.141802132 -0.104911774 0.108209774 -0.0219716225 0.0347612575 0.081073612 0.0496141203 0.169718862 0.118194617 0.0739866942 -0.0783001781 -0.01010668 -0.0125380009
G715 0.00588848442 0.0175723564 0.0495117828 -0.100577176 0.0408384278 0.0837441459 -0.146536097 0.0523226634 -0.0379665866 -0.124464095 -0.0168497786 0.199327812 -0.0313941166 0.00816271827 0.0800793618 -0.105938017 0.0710102916 0.170219868 -0.0304354504 -0.0952578709 -0.0994814336 0.0339464173 -0.123323955 -0.0948418006 -0.108765535 -0.0504249893 -0.234289408 0.156907126 -0.0386566296 -0.113471769 0.0701808333 -0.0933433548 -0.0836769938 0.062180426 0.0301785953 0.0443180278 0.051466234 -0.202056497 -0.0588022918 0.195141956 0.0259852018 -0.0441025384 -0.0719890893 0.267628521 0.0488940291 -0.112747908 -0.100565217 -0.0597028062 0.00938955136 -0.0266953148 -0.0100280605 0.141802102 -0.104911789 0.108209789 -0.0219716113 0.0347612537 0.0810736045 0.049614124 0.169718862 0.11819461 0.0739867017 -0.0783001781 -0.0101066772 -0.0125380047
G718 0.00588848814 0.0175723564 0.0495117754 -0.100577176 0.0408384129 0.0837441459 -0.146536097 0.0523226596 -0.0379665792 -0.124464095 -0.0168497786 0.199327797 -0.0313941091 0.00816271361 0.0800793618 -0.105938017 0.0710102841 0.170219883 -0.0304354653 -0.0952578634 -0.0994814187 0.0339464173 -0.123323955 -0.0948418081 -0.10876555 -0.0504249968 -0.234289423 0.156907111 -0.0386566296 -0.113471769 0.0701808333 -0.0933433473 -0.0836769938 0.0621804334 0.0301785953 0.0443180241 0.051466234 -0.202056497 -0.0588022918 0.195141956 0.0259852 -0.0441025421 -0.0719890967 0.267628521 0.0488940291 -0.112747915 -0.100565217 -0.0597028062 0.00938954018 -0.0266953148 -0.0100280643 0.141802117 -0.104911789 0.108209789 -0.0219716225 0.0347612575 0.0810736045 0.0496141315 0.169718862 0.118194617 0.0739867017 -0.0783001781 -0.0101066828 -0.0125380009
G721 0.00588848442 0.0175723713 0.0495117754 -0.100577176 0.0408384129 0.0837441459 -0.146536097 0.0523226671 -0.0379665792 -0.124464095 -0.0168497711 0.199327812 -0.0313941166 0.00816271827 0.0800793618 -0.105938032 0.0710102916 0.170219868 -0.0304354504 -0.0952578485 -0.0994814187 0.0339464173 -0.123323955 -0.0948418081 -0.108765543 -0.0504249856 -0.234289408 0.156907111 -0.0386566296 -0.113471769 0.0701808408 -0.0933433548 -0.0836769938 0.0621804222 0.0301785953 0.0443180352 0.0514662303 -0.202056497 -0.0588022918 0.195141956 0.0259852 -0.0441025309 -0.0719890967 0.267628521 0.0488940254 -0.112747908 -0.100565217 -0.0597028062 0.00938955136 -0.0266953222 -0.0100280643 0.141802117 -0.104911789 0.108209789 -0.0219716188 0.0347612537 0.0810736045 0.049614124 0.169718862 0.118194617 0.0739866942 -0.0783001781 -0.0101066791 -0.0125379972
G724 0.00588848814 0.0175723638 0.0495117679 -0.100577161 0.0408384129 0.0837441534 -0.146536097 0.0523226634 -0.0379665866 -0.124464095 -0.0168497786 0.199327826 -0.0313941129 0.00816271827 0.0800793618 -0.105938025 0.071010299 0.170219854 -0.0304354653 -0.0952578634 -0.0994814187 0.0339464173 -0.123323955 -0.0948418006 -0.10876555 -0.0504249856 -0.234289423 0.156907141 -0.0386566296 -0.113471776 0.0701808408 -0.0933433548 -0.0836769938 0.0621804297 0.0301785916 0.0443180352 0.0514662266 -0.202056497 -0.0588022918 0.195141986 0.0259852018 -0.0441025458 -0.0719890967 0.267628491 0.0488940254 -0.1127479 -0.10056521 -0.0597028136 0.00938956626 -0.0266953148 -0.010028068 0.141802132 -0.104911789 0.108209789 -0.0219716076 0.0347612612 0.081073612 0.0496141165 0.169718862 0.118194617 0.0739866942 -0.0783001781 -0.0101066818 -0.0125380233
G727 0.00588848442 0.0175723676 0.0495117679 -0.100577176 0.0408384129 0.0837441459 -0.146536097 0.0523226671 -0.0379665866 -0.12446408 -0.0168497823 0.199327812 -0.0313941166 0.00816270988 0.0800793543 -0.105938025 0.0710102916 0.170219868 -0.0304354653 -0.095257856 -0.0994814187 0.0339464247 -0.123323947 -0.0948418006 -0.10876555 -0.0504249856 -0.234289408 0.156907126 -0.0386566371 -0.113471769 0.0701808333 -0.0933433622 -0.0836769938 0.0621804222 0.0301786065 0.0443180464 0.0514662229 -0.202056497 -0.0588022955 0.195141971 0.0259852074 -0.0441025421 -0.0719890967 0.267628491 0.0488940254 -0.112747908 -0.100565225 -0.0597028136 0.00938955881 -0.0266953222 -0.0100280754 0.141802132 -0.104911782 0.108209774 -0.0219716076 0.0347612612 0.0810736045 0.0496141165 0.169718862 0.118194602 0.0739866942 -0.0783001557 -0.0101066884 -0.0125380121
G730 0.00678572431 0.0122682303 0.0440200046 -0.111812055 0.042125985 0.0794101879 -0.152284577 0.0495637096 -0.0309543982 -0.116393581 -0.00895215943 0.205257446 -0.0350047946 0.0107063726 0.086961098 -0.0945352316 0.0698995143 0.165116817 -0.0388140306 -0.120921522 -0.107818194 0.025607422 -0.128793597 -0.105417244 -0.11052002 -0.0485092215 -0.228059709 0.157297283 -0.0242560431 -0.112241633 0.0645464733 -0.0955190212 -0.0800748765 0.0586499497 0.025529556 0.0442798957 0.0587186702 -0.210676789 -0.0591663234 0.203791708 0.0248610973 -0.0433922969 -0.0708028376 0.269809663 0.047401309 -0.0934537575 -0.102378793 -0.061198011 0.00224133953 -0.0298572145 -0.0121784173 0.139080226 -0.101621181 0.108830646 -0.0104341693 0.0261715837 0.0913583636 0.0368239507 0.158649877 0.127214924 0.0842825919 -0.0713003278 -0.00838703848 -0.0158342943
G733 0.00678571686 0.012268234 0.0440199971 -0.111812048 0.0421259776 0.0794101954 -0.152284577 0.0495637134 -0.0309543908 -0.116393574 -0.00895215943 0.205257446 -0.0350047946 0.0107063763 0.0869611055 -0.0945352316 0.0698994994 0.165116817 -0.038814038 -0.120921522 -0.107818194 0.0256074145 -0.128793597 -0.105417244 -0.11052002 -0.0485092178 -0.228059709 0.157297283 -0.0242560357 -0.112241626 0.0645464808 -0.0955190063 -0.0800748765 0.0586499423 0.0255295597 0.044279892 0.0587186776 -0.210676789 -0.0591663271 0.203791708 0.0248610955 -0.0433922969 -0.0708028302 0.269809663 0.0474012941 -0.0934537575 -0.102378801 -0.061198011 0.00224134699 -0.0298571996 -0.0121784247 0.139080226 -0.101621173 0.108830646 -0.0104341768 0.0261715874 0.0913583785 0.0368239582 0.158649892 0.127214909 0.0842825919 -0.0713003203 -0.0083870478 -0.0158343092
G736 0.00678572059 0.012268234 0.0440199971 -0.111812055 0.042125985 0.0794101954 -0.152284577 0.0495637022 -0.0309543982 -0.116393574 -0.00895215943 0.20525746 -0.0350047946 0.0107063726 0.0869610906 -0.0945352316 0.0698995143 0.165116817 -0.0388140306 -0.120921522 -0.107818194 0.0256074145 -0.128793597 -0.105417252 -0.11052002 -0.0485092178 -0.228059709 0.157297283 -0.0242560431 -0.112241641 0.0645464808 -0.0955190212 -0.0800748765 0.0586499497 0.0255295597 0.0442798957 0.0587186664 -0.210676789 -0.0591663271 0.203791708 0.0248610973 -0.0433922969 -0.0708028376 0.269809663 0.0474013016 -0.09345375 -0.102378793 -0.061198011 0.00224134699 -0.0298572071 -0.0121784098 0.139080226 -0.101621173 0.108830646 -0.0104341693 0.0261715725 0.0913583636 0.036823947 0.158649892 0.127214909 0.0842825919 -0.0713003129 -0.00838704128 -0.0158342943
G739 0.00678572059 0.0122682415 0.0440199971 -0.111812055 0.0421259776 0.0794101879 -0.152284592 0.0495636985 -0.0309543982 -0.116393574 -0.00895215198 0.205257446 -0.0350047983 0.0107063763 0.086961098 -0.094535239 0.0698995143 0.165116817 -0.0388140306 -0.120921522 -0.107818194 0.025607422 -0.128793597 -0.105417244 -0.110520013 -0.0485092103 -0.228059724 0.157297283 -0.0242560357 -0.112241626 0.0645464808 -0.0955190063 -0.0800748616 0.0586499386 0.025529556 0.0442799032 0.058718659 -0.210676804 -0.0591663234 0.203791693 0.0248610973 -0.0433922894 -0.0708028302 0.269809663 0.0474012978 -0.09345375 -0.102378801 -0.0611980036 0.00224135071 -0.0298572071 -0.0121784136 0.139080226 -0.101621181 0.108830646 -0.010434173 0.0261715874 0.0913583636 0.0368239544 0.158649892 0.127214909 0.0842825845 -0.0713003129 -0.00838704873 -0.015834298
G742 0.00678572431 0.0122682229 0.0440200046 -0.111812063 0.0421259999 0.0794101879 -0.152284577 0.0495637171 -0.0309543982 -0.116393574 -0.00895216316 0.205257446 -0.0350047946 0.0107063735 0.0869611055 -0.0945352241 0.0698995143 0.165116817 -0.0388140455 -0.120921507 -0.107818209 0.025607422 -0.128793597 -0.105417252 -0.110520013 -0.0485092103 -0.228059709 0.157297283 -0.0242560431 -0.112241626 0.0645464808 -0.0955190212 -0.0800748765 0.058649946 0.0255295523 0.0442798957 0.0587186702 -0.210676804 -0.0591663197 0.203791708 0.0248610899 -0.0433922969 -0.0708028376 0.269809663 0.0474013053 -0.09345375 -0.102378801 -0.061198011 0.00224133953 -0.0298572071 -0.0121784173 0.139080226 -0.101621181 0.108830661 -0.010434173 0.0261715762 0.0913583785 0.0368239544 0.158649892 0.127214909 0.0842825919 -0.0713003203 -0.008387045 -0.0158342943
G745 0.00678572059 0.0122682266 0.0440200046 -0.111812055 0.0421259925 0.0794101954 -0.152284577 0.0495637059 -0.0309544057 -0.116393574 -0.00895215571 0.20525746 -0.0350047946 0.0107063707 0.0869611055 -0.0945352316 0.0698995143 0.165116817 -0.0388140306 -0.120921522 -0.107818186 0.0256074071 -0.128793597 -0.105417244 -0.11052002 -0.0485092103 -0.228059709 0.157297269 -0.0242560431 -0.112241626 0.0645464808 -0.0955190063 -0.0800748765 0.058649946 0.025529556 0.0442799069 0.0587186664 -0.210676804 -0.0591663197 0.203791708 0.0248610973 -0.0433922969 -0.0708028302 0.269809663 0.0474013016 -0.09345375 -0.102378793 -0.0611980259 0.00224134326 -0.0298572071 -0.0121784098 0.139080226 -0.101621166 0.108830646 -0.0104341805 0.0261715762 0.0913583636 0.036823947 0.158649892 0.127214909 0.0842825919 -0.0713003203 -0.00838704128 -0.0158342943
G748 0.00678571686 0.0122682266 0.0440199897 -0.111812063 0.0421259925 0.0794101879 -0.152284592 0.0495637059 -0.0309543982 -0.116393566 -0.00895215943 0.20525746 -0.0350047909 0.0107063716 0.0869611055 -0.0945352316 0.0698995143 0.165116817 -0.0388140231 -0.120921507 -0.107818194 0.0256074294 -0.128793597 -0.105417244 -0.110520013 -0.0485092252 -0.228059709 0.157297283 -0.0242560282 -0.112241626 0.0645464808 -0.0955189988 -0.0800748765 0.0586499535 0.0255295597 0.0442798994 0.0587186664 -0.210676804 -0.0591663234 0.203791693 0.0248611048 -0.0433923006 -0.0708028302 0.269809663 0.0474013016 -0.0934537426 -0.102378793 -0.0611980259 0.00224134326 -0.0298572108 -0.0121784098 0.139080226 -0.101621173 0.108830653 -0.0104341656 0.02617158 0.0913583636 0.036823947 0.158649892 0.127214909 0.0842825845 -0.0713003203 -0.00838704221 -0.0158342943
G751 0.00678572059 0.0122682303 0.0440200046 -0.111812063 0.0421259925 0.0794101954 -0.152284577 0.0495636947 -0.0309543908 -0.116393566 -0.00895216316 0.20525746 -0.0350047983 0.0107063632 0.0869610906 -0.0945352167 0.0698995143 0.165116817 -0.0388140306 -0.120921507 -0.107818209 0.0256074145 -0.128793597 -0.105417252 -0.110520013 -0.0485092178 -0.228059709 0.157297283 -0.0242560357 -0.112241633 0.0645464808 -0.0955190212 -0.0800748765 0.0586499535 0.0255295672 0.0442798994 0.0587186702 -0.210676804 -0.0591663271 0.203791693 0.0248610917 -0.0433922969 -0.0708028376 0.269809663 0.0474012978 -0.0934537426 -0.102378793 -0.0611980259 0.00224133953 -0.0298572145 -0.012178421 0.139080226 -0.101621181 0.108830646 -0.010434173 0.0261715874 0.0913583785 0.036823947 0.158649892 0.127214924 0.0842825919 -0.0713003129 -0.0083870478 -0.0158342943
G754 -0.000149868429 0.00834912434 0.0437719077 -0.121617101 0.0373191088 0.0834041312 -0.158864647 0.0507467315 -0.0248786658 -0.122175351 -0.00763293728 0.21072194 -0.0425151922 0.00825834367 0.0873671845 -0.0957972556 0.0606940985 0.156440452 -0.0336790234 -0.123607278 -0.109659001 0.0319242254 -0.134655163 -0.0979530364 -0.114960223 -0.0478243157 -0.23376891 0.152522326 -0.0269153714 -0.114554495 0.0675363988 -0.0884930789 -0.0724772811 0.0550131314 0.0250346586 0.0500172973 0.0506675206 -0.214792922 -0.0566313379 0.202565491 0.0219111778 -0.0567026436 -0.0778566748 0.268068582 0.0463536009 -0.0948656574 -0.103431039 -0.0589030981 0.00275526196 -0.0295248888 -0.0182012469 0.141187847 -0.107588358 0.106505677 -0.0139548127 0.0332932025 0.0918817818 0.0379206724 0.160543457 0.129191235 0.0818854719 -0.0748190507 -0.00516106375 -0.0201740451
G755 -0.00378428027 0.0111153238 0.0500314012 -0.113819525 0.0339953974 0.0922381058 -0.156043261 0.0543198995 -0.03228499 -0.129211321 -0.0149747431 0.20746465 -0.0426371321 0.00740736071 0.083977744 -0.107977122 0.0595894381 0.161333859 -0.0227962658 -0.0977394432 -0.0983617604 0.0432305858 -0.12933135 -0.0835761204 -0.117100671 -0.0498877466 -0.241643384 0.150660455 -0.0377923921 -0.115919977 0.0717804804 -0.0854350179 -0.0729401559 0.0558061786 0.0301271006 0.0530131012 0.0448228195 -0.207711011 -0.0569152907 0.194974065 0.0238029081 -0.0602114648 -0.081174992 0.270648748 0.0458097085 -0.113670334 -0.101925425 -0.05423484 0.00824312679 -0.0281003341 -0.0178873241 0.144267291 -0.110494941 0.10303539 -0.028209975 0.0433724299 0.0793599188 0.0503199436 0.170840532 0.124680661 0.0730147958 -0.0820939094 -0.00387697853 -0.017586533
G756 -0.000149864703 0.00834912434 0.0437719077 -0.121617094 0.0373191088 0.0834041312 -0.158864647 0.0507467277 -0.0248786584 -0.122175351 -0.00763294101 0.21072194 -0.0425151959 0.00825834274 0.087367177 -0.0957972482 0.060694091 0.156440437 -0.0336790159 -0.123607278 -0.109659001 0.0319242254 -0.134655178 -0.0979530439 -0.114960231 -0.047824312 -0.233768925 0.152522326 -0.026915364 -0.114554495 0.0675363988 -0.0884930789 -0.0724772811 0.0550131351 0.0250346437 0.0500172973 0.0506675318 -0.214792922 -0.0566313341 0.202565491 0.0219111741 -0.0567026436 -0.0778566748 0.268068582 0.0463536084 -0.0948656648 -0.103431039 -0.0589030907 0.00275525451 -0.0295248963 -0.0182012506 0.141187847 -0.107588351 0.106505677 -0.0139548127 0.0332932025 0.0918817744 0.0379206724 0.160543457 0.129191235 0.0818854719 -0.0748190507 -0.00516106607 -0.0201740526
G757 -0.00378427282 0.0111153312 0.0500314012 -0.113819525 0.0339953974 0.0922381207 -0.156043261 0.0543198884 -0.0322849825 -0.129211321 -0.014974745 0.207464665 -0.0426371396 0.00740735792 0.0839777365 -0.107977115 0.0595894307 0.161333859 -0.0227962509 -0.0977394432 -0.0983617604 0.0432305783 -0.12933138 -0.0835761204 -0.117100678 -0.0498877466 -0.241643384 0.150660455 -0.037792407 -0.11591997 0.0717804879 -0.085435003 -0.0729401559 0.0558061786 0.0301271006 0.0530130938 0.0448228195 -0.207711011 -0.0569152981 0.194974065 0.02380291 -0.0602114648 -0.0811749846 0.270648748 0.0458097048 -0.113670334 -0.101925425 -0.0542348474 0.00824312307 -0.0281003341 -0.0178873241 0.144267291 -0.110494941 0.10303539 -0.0282099787 0.0433724523 0.0793599114 0.0503199399 0.170840532 0.124680661 0.0730147809 -0.0820939094 -0.00387698226 -0.017586533
G758 -0.000149868429 0.00834911317 0.0437719077 -0.121617101 0.0373191088 0.0834041312 -0.158864647 0.0507467352 -0.0248786509 -0.122175351 -0.00763294101 0.210721925 -0.0425151959 0.00825834554 0.0873671845 -0.0957972556 0.0606941208 0.156440452 -0.0336790159 -0.123607263 -0.109659001 0.0319242254 -0.134655178 -0.0979530513 -0.114960223 -0.0478243157 -0.23376891 0.152522326 -0.026915364 -0.114554495 0.0675363988 -0.0884930789 -0.0724772811 0.0550131351 0.0250346474 0.0500172935 0.0506675318 -0.214792907 -0.0566313379 0.202565491 0.0219111778 -0.0567026436 -0.0778566748 0.268068582 0.0463536084 -0.0948656574 -0.103431031 -0.0589031056 0.00275526568 -0.0295249075 -0.0182012506 0.141187847 -0.107588358 0.106505685 -0.0139548127 0.03329321 0.0918817744 0.0379206724 0.160543457 0.12919122 0.0818854794 -0.0748190582 -0.00516105769 -0.0201740526
G759 -0.00378427282 0.0111153163 0.0500313863 -0.113819525 0.0339954048 0.0922381058 -0.156043261 0.0543199033 -0.0322849825 -0.129211307 -0.0149747413 0.207464665 -0.0426371396 0.0074073677 0.083977744 -0.107977115 0.0595894456 0.161333859 -0.0227962658 -0.0977394432 -0.0983617604 0.0432305783 -0.12933135 -0.0835761204 -0.117100671 -0.0498877466 -0.241643384 0.15066047 -0.0377923921 -0.11591997 0.071780473 -0.0854350179 -0.0729401559 0.0558061749 0.0301271006 0.0530130938 0.0448228195 -0.207711011 -0.0569152944 0.194974065 0.0238029119 -0.0602114797 -0.0811749846 0.270648748 0.0458097123 -0.113670327 -0.101925425 -0.05423484 0.00824313425 -0.0281003341 -0.0178873315 0.144267291 -0.110494941 0.103035383 -0.028209975 0.0433724374 0.0793599114 0.0503199399 0.170840532 0.124680646 0.0730147958 -0.0820939094 -0.00387697853 -0.0175865293
G760 -0.000149872154 0.00834910572 0.0437719002 -0.121617101 0.0373191088 0.0834041387 -0.158864647 0.0507467277 -0.0248786509 -0.122175351 -0.00763292611 0.210721925 -0.0425151959 0.00825834088 0.0873671845 -0.0957972556 0.0606941059 0.156440467 -0.0336790234 -0.123607293 -0.109659009 0.0319242254 -0.134655178 -0.0979530439 -0.114960231 -0.0478243083 -0.233768925 0.152522326 -0.026915364 -0.114554502 0.0675363988 -0.0884930789 -0.0724772662 0.0550131314 0.0250346437 0.0500172861 0.0506675281 -0.214792907 -0.0566313341 0.202565491 0.0219111759 -0.0567026362 -0.0778566748 0.268068582 0.0463536121 -0.0948656574 -0.103431039 -0.0589031056 0.00275525823 -0.0295248963 -0.018201258 0.141187847 -0.107588351 0.10650567 -0.0139548127 0.0332932025 0.0918817744 0.0379206724 0.160543457 0.129191235 0.0818854719 -0.0748190582 -0.00516106747 -0.02017406
G761 -0.00378427655 0.0111153163 0.0500314012 -0.113819525 0.0339954048 0.0922381133 -0.156043261 0.0543198884 -0.0322849825 -0.129211307 -0.014974732 0.207464665 -0.0426371358 0.00740735698 0.083977744 -0.107977115 0.0595894456 0.161333859 -0.0227962658 -0.0977394432 -0.0983617678 0.0432305783 -0.12933135 -0.083576113 -0.117100678 -0.0498877391 -0.241643384 0.15066047 -0.0377923921 -0.115919977 0.0717804879 -0.085435003 -0.0729401559 0.0558061749 0.0301271006 0.05301309 0.0448228195 -0.207711011 -0.0569152869 0.194974065 0.02380291 -0.0602114722 -0.0811749846 0.270648748 0.0458097123 -0.113670334 -0.101925433 -0.0542348325 0.00824313425 -0.0281003341 -0.0178873353 0.144267291 -0.110494941 0.10303539 -0.028209975 0.0433724448 0.0793599114 0.050319951 0.170840532 0.124680661 0.0730147883 -0.0820939094 -0.00387698226 -0.0175865367
G762 -0.000149868429 0.00834912062 0.0437719077 -0.121617109 0.0373191088 0.0834041238 -0.158864647 0.0507467352 -0.0248786509 -0.122175351 -0.00763294473 0.210721925 -0.0425151885 0.00825834367 0.0873671845 -0.0957972556 0.0606941059 0.156440467 -0.0336790308 -0.123607263 -0.109659001 0.0319242254 -0.134655163 -0.0979530439 -0.114960231 -0.0478243157 -0.23376891 0.152522326 -0.0269153714 -0.114554502 0.0675363988 -0.0884930715 -0.0724772662 0.0550131351 0.0250346474 0.0500172973 0.0506675281 -0.214792907 -0.0566313453 0.202565491 0.0219111778 -0.0567026362 -0.0778566748 0.268068612 0.0463536046 -0.0948656574 -0.103431039 -0.0589030907 0.00275525078 -0.0295249 -0.0182012506 0.141187847 -0.107588358 0.106505685 -0.0139548052 0.0332932025 0.0918817818 0.0379206799 0.160543457 0.129191235 0.0818854794 -0.0748190433 -0.00516105769 -0.0201740451
G763 -0.00378427655 0.0111153238 0.0500313863 -0.113819525 0.0339954048 0.0922381058 -0.156043276 0.0543198958 -0.03228499 -0.129211307 -0.0149747431 0.20746465 -0.0426371321 0.00740735419 0.0839777365 -0.107977122 0.0595894307 0.161333874 -0.0227962658 -0.0977394357 -0.0983617678 0.0432305783 -0.12933135 -0.083576113 -0.117100678 -0.0498877466 -0.241643384 0.15066047 -0.0377923921 -0.11591997 0.0717804953 -0.0854350179 -0.072940141 0.0558061749 0.0301270895 0.0530130938 0.0448228195 -0.207711011 -0.0569152981 0.194974065 0.0238029212 -0.0602114648 -0.0811749846 0.270648777 0.0458097048 -0.113670327 -0.101925425 -0.0542348474 0.00824311562 -0.0281003267 -0.0178873204 0.144267291 -0.110494941 0.103035383 -0.0282099787 0.0433724448 0.0793599188 0.0503199473 0.170840532 0.124680661 0.0730147958 -0.0820939094 -0.00387697667 -0.0175865293
G764 -0.000149864703 0.00834911689 0.0437719077 -0.121617101 0.0373191088 0.0834041461 -0.158864647 0.050746724 -0.0248786509 -0.122175351 -0.00763293356 0.21072194 -0.0425151922 0.00825833715 0.0873671919 -0.0957972556 0.0606941208 0.156440452 -0.0336790308 -0.123607278 -0.109658986 0.0319242254 -0.134655178 -0.0979530439 -0.114960231 -0.0478243157 -0.23376891 0.152522326 -0.0269153714 -0.114554495 0.0675363988 -0.0884930715 -0.0724772811 0.0550131351 0.0250346512 0.0500172935 0.0506675318 -0.214792922 -0.0566313341 0.202565491 0.0219111796 -0.0567026436 -0.0778566748 0.268068582 0.0463536084 -0.0948656499 -0.103431046 -0.0589031056 0.00275526568 -0.0295248963 -0.0182012506 0.141187847 -0.107588351 0.106505677 -0.0139548127 0.0332931951 0.0918817818 0.037920665 0.160543457 0.129191235 0.0818854719 -0.0748190433 -0.00516106654 -0.0201740526
G765 -0.00378427282 0.0111153238 0.0500314012 -0.113819517 0.0339954048 0.0922381207 -0.156043276 0.0543198846 -0.03228499 -0.129211307 -0.0149747413 0.207464665 -0.0426371321 0.00740735931 0.083977744 -0.107977115 0.059589453 0.161333859 -0.0227962658 -0.0977394357 -0.0983617678 0.0432305783 -0.129331365 -0.083576113 -0.117100678 -0.0498877391 -0.241643384 0.150660455 -0.0377923995 -0.11591997 0.0717804804 -0.085435003 -0.0729401559 0.0558061786 0.0301271006 0.0530130975 0.0448228195 -0.207711011 -0.0569152944 0.194974065 0.0238029156 -0.0602114648 -0.0811749846 0.270648748 0.0458097123 -0.113670334 -0.10192544 -0.0542348474 0.00824313425 -0.0281003341 -0.0178873278 0.144267291 -0.110494941 0.10303539 -0.028209975 0.0433724374 0.0793599114 0.0503199399 0.170840532 0.124680653 0.0730147883 -0.0820939094 -0.00387698621 -0.017586533
G766 -0.000149868429 0.00834912434 0.0437719077 -0.121617101 0.0373191088 0.0834041387 -0.158864647 0.0507467203 -0.0248786658 -0.122175351 -0.00763292983 0.21072194 -0.0425151959 0.00825834367 0.0873671845 -0.0957972482 0.0606941208 0.156440467 -0.0336790308 -0.123607278 -0.109659001 0.0319242179 -0.134655148 -0.0979530439 -0.114960216 -0.0478243195 -0.233768925 0.152522326 -0.026915364 -0.114554495 0.0675363988 -0.0884930715 -0.072477296 0.0550131351 0.0250346474 0.0500172935 0.0506675243 -0.214792922 -0.0566313416 0.202565491 0.0219111741 -0.0567026325 -0.0778566748 0.268068582 0.0463536121 -0.0948656574 -0.103431046 -0.0589031056 0.00275525451 -0.0295248926 -0.0182012506 0.141187847 -0.107588358 0.10650567 -0.0139548052 0.0332932025 0.0918817818 0.0379206724 0.160543457 0.129191235 0.0818854794 -0.0748190507 -0.00516106421 -0.0201740526
G767 -0.00378427282 0.0111153312 0.0500313938 -0.113819525 0.0339954048 0.0922381207 -0.156043276 0.0543198995 -0.03228499 -0.129211307 -0.0149747375 0.207464665 -0.0426371358 0.0074073649 0.083977744 -0.107977115 0.0595894456 0.161333859 -0.0227962658 -0.0977394432 -0.0983617753 0.0432305709 -0.129331365 -0.0835761204 -0.117100663 -0.0498877466 -0.241643384 0.15066047 -0.0377923921 -0.11591997 0.0717804804 -0.0854350179 -0.0729401708 0.0558061711 0.0301270932 0.0530131012 0.0448228121 -0.207711011 -0.0569152907 0.194974065 0.0238029081 -0.0602114573 -0.0811749846 0.270648748 0.045809716 -0.113670334 -0.101925433 -0.0542348474 0.00824312307 -0.0281003304 -0.0178873278 0.144267291 -0.110494941 0.10303539 -0.0282099824 0.0433724448 0.0793599114 0.0503199473 0.170840532 0.124680661 0.0730147958 -0.0820939094 -0.00387698598 -0.0175865404
G768 -0.000149875879 0.00834912434 0.0437718928 -0.121617109 0.0373191088 0.0834041312 -0.158864647 0.0507467315 -0.0248786509 -0.122175351 -0.00763292983 0.210721925 -0.0425151959 0.0082583474 0.0873671845 -0.0957972556 0.0606941059 0.156440496 -0.0336790457 -0.123607278 -0.109658994 0.0319242105 -0.134655178 -0.0979530439 -0.114960238 -0.0478243232 -0.233768895 0.152522326 -0.0269153565 -0.114554487 0.0675363988 -0.0884930789 -0.072477296 0.0550131276 0.0250346735 0.0500172898 0.0506675355 -0.214792922 -0.0566313416 0.202565491 0.021911189 -0.0567026362 -0.0778566822 0.268068582 0.0463536084 -0.0948656499 -0.103431046 -0.0589031056 0.00275526941 -0.0295248814 -0.0182012655 0.141187847 -0.107588358 0.106505662 -0.0139548164 0.0332932025 0.0918817818 0.0379206724 0.160543442 0.129191235 0.0818854794 -0.0748190582 -0.00516105909 -0.0201740526
G769 -0.003784284 0.0111153238 0.0500314012 -0.113819525 0.0339953899 0.0922381133 -0.156043276 0.0543198921 -0.0322849676 -0.129211307 -0.0149747413 0.20746465 -0.0426371396 0.00740736257 0.0839777514 -0.107977115 0.0595894307 0.161333859 -0.0227962807 -0.0977394432 -0.0983617604 0.0432305783 -0.129331365 -0.0835761204 -0.117100686 -0.049887754 -0.241643369 0.15066047 -0.0377923995 -0.115919963 0.0717804879 -0.0854350179 -0.0729401559 0.0558061749 0.0301271044 0.0530130938 0.0448228195 -0.207711011 -0.0569152981 0.194974065 0.0238029137 -0.0602114648 -0.0811749846 0.270648748 0.0458097123 -0.113670327 -0.101925433 -0.05423484 0.0082431417 -0.0281003229 -0.0178873427 0.144267291 -0.110494941 0.103035375 -0.0282099787 0.0433724448 0.0793599114 0.0503199399 0.170840517 0.124680661 0.0730147883 -0.0820939094 -0.00387698109 -0.017586533
G770 -0.00258699805 0.0127060041 0.0499661788 -0.111930981 0.0366722047 0.101767212 -0.158478513 0.0532176979 -0.0381959304 -0.121249333 -0.0126482137 0.207104355 -0.0452965125 0.0176852122 0.0891241431 -0.107475646 0.0646163523 0.164283738 -0.0199497342 -0.0920831859 -0.0948642567 0.0445361063 -0.125888675 -0.0868779048 -0.115752138 -0.0511935242 -0.237634867 0.15048027 -0.0297618806 -0.112646468 0.0694951415 -0.0879606307 -0.0745558292 0.0570764691 0.0276887976 0.0524916053 0.054972209 -0.205038339 -0.0580206513 0.197103858 0.0269634798 -0.0558144636 -0.0791123062 0.282898009 0.0426909253 -0.110858917 -0.0973926187 -0.054632403 0.00254072249 -0.0299272537 -0.0182354748 0.142046273 -0.102519378 0.103526466 -0.0286684148 0.0381744504 0.0763139948 0.0466886908 0.167780504 0.128278986 0.0721491352 -0.0805006176 -0.000501701608 -0.0144809186
G773 -0.00258699805 0.0127060115 0.0499661714 -0.111930974 0.0366721973 0.101767227 -0.158478528 0.0532176867 -0.0381959304 -0.121249333 -0.0126482137 0.207104355 -0.0452965125 0.0176852047 0.0891241282 -0.107475646 0.0646163598 0.164283752 -0.0199497417 -0.0920831934 -0.0948642716 0.0445360988 -0.125888661 -0.0868779048 -0.115752138 -0.0511935204 -0.237634882 0.15048027 -0.0297618881 -0.112646468 0.0694951415 -0.0879606307 -0.0745558292 0.0570764691 0.0276887901 0.0524916016 0.054972209 -0.205038324 -0.0580206513 0.197103858 0.0269634891 -0.0558144599 -0.0791122913 0.282898009 0.042690929 -0.110858917 -0.0973926112 -0.054632403 0.00254070759 -0.02992725 -0.0182354711 0.142046273 -0.102519393 0.103526458 -0.0286684185 0.0381744504 0.0763139948 0.0466886833 0.167780504 0.128279001 0.0721491426 -0.0805006176 -0.000501703471 -0.0144809149
G776 -0.00258699805 0.0127060041 0.0499661788 -0.111930981 0.0366722122 0.10176722 -0.158478528 0.0532177016 -0.0381959379 -0.12124934 -0.0126482099 0.207104355 -0.0452965125 0.0176852085 0.0891241431 -0.107475653 0.0646163523 0.164283752 -0.0199497417 -0.0920831934 -0.0948642567 0.0445360988 -0.125888646 -0.0868778974 -0.115752146 -0.0511935204 -0.237634882 0.15048027 -0.0297618732 -0.112646461 0.069495149 -0.0879606307 -0.0745558292 0.0570764653 0.027688805 0.0524916053 0.054972209 -0.205038339 -0.0580206588 0.197103843 0.0269634854 -0.0558144711 -0.0791122913 0.282898009 0.0426909216 -0.11085891 -0.0973926187 -0.054632403 0.00254070759 -0.0299272574 -0.0182354711 0.142046273 -0.102519393 0.103526466 -0.0286684223 0.0381744504 0.0763139948 0.0466886833 0.167780504 0.128279001 0.0721491352 -0.0805006027 -0.000501703471 -0.0144809112
G779 -0.00258700177 0.0127060041 0.0499661714 -0.111930966 0.0366722122 0.10176722 -0.158478528 0.0532176979 -0.038195923 -0.121249333 -0.0126482099 0.207104355 -0.0452965163 0.0176852122 0.0891241282 -0.107475646 0.0646163747 0.164283752 -0.0199497417 -0.0920831934 -0.0948642641 0.0445361063 -0.125888675 -0.0868779048 -0.115752131 -0.0511935204 -0.237634897 0.15048027 -0.0297618806 -0.112646468 0.069495149 -0.0879606307 -0.0745558292 0.0570764691 0.0276887938 0.0524916053 0.054972209 -0.205038324 -0.0580206513 0.197103843 0.026963478 -0.0558144525 -0.0791122913 0.282898009 0.0426909328 -0.110858917 -0.0973926112 -0.0546324104 0.00254071876 -0.0299272574 -0.0182354823 0.142046273 -0.102519393 0.103526458 -0.0286684111 0.0381744392 0.0763139948 0.0466886871 0.167780519 0.128278986 0.0721491277 -0.0805006027 -0.000501694158 -0.0144809112
G782 -0.00258700177 0.0127060041 0.0499661714 -0.111930966 0.0366722271 0.101767227 -0.158478528 0.0532176942 -0.0381959379 -0.121249333 -0.0126482062 0.20710434 -0.0452965088 0.0176852196 0.0891241282 -0.107475653 0.0646163449 0.164283738 -0.0199497342 -0.0920832083 -0.0948642567 0.0445360988 -0.125888661 -0.0868779048 -0.115752146 -0.0511935242 -0.237634882 0.15048027 -0.0297618806 -0.112646468 0.0694951415 -0.0879606158 -0.0745558441 0.0570764765 0.0276887938 0.0524916016 0.0549722053 -0.205038309 -0.0580206588 0.197103843 0.0269634854 -0.0558144599 -0.0791122988 0.282898009 0.0426909178 -0.110858917 -0.0973926112 -0.054632403 0.00254071504 -0.02992725 -0.0182354711 0.142046273 -0.102519393 0.103526458 -0.0286684148 0.0381744467 0.0763139948 0.0466886833 0.167780504 0.128279001 0.0721491352 -0.0805006102 -0.000501698814 -0.0144809149
G785 -0.00258699805 0.0127060115 0.0499661714 -0.111930974 0.0366722122 0.10176722 -0.158478513 0.0532176979 -0.0381959453 -0.12124934 -0.0126482062 0.207104355 -0.0452965163 0.0176852122 0.0891241357 -0.107475653 0.0646163449 0.164283752 -0.0199497417 -0.0920831934 -0.0948642567 0.0445361063 -0.125888661 -0.0868779048 -0.115752138 -0.0511935204 -0.237634882 0.15048027 -0.0297618806 -0.112646483 0.0694951415 -0.0879606232 -0.0745558292 0.0570764691 0.0276888125 0.0524916016 0.054972209 -0.205038324 -0.0580206513 0.197103843 0.0269634835 -0.0558144562 -0.0791122913 0.282898009 0.042690929 -0.110858917 -0.0973926261 -0.054632403 0.00254070759 -0.0299272425 -0.0182354711 0.142046273 -0.102519386 0.103526466 -0.0286684148 0.0381744429 0.0763139948 0.0466886833 0.167780519 0.128279001 0.0721491352 -0.0805006176 -0.000501696952 -0.0144809112
G788 -0.00258699805 0.0127060041 0.0499661788 -0.111930966 0.0366722047 0.101767242 -0.158478513 0.0532176904 -0.0381959453 -0.121249333 -0.0126482137 0.207104355 -0.0452965125 0.0176852159 0.0891241282 -0.107475638 0.0646163598 0.164283723 -0.0199497491 -0.0920831934 -0.0948642716 0.0445361137 -0.125888675 -0.0868778974 -0.115752138 -0.0511935204 -0.237634897 0.15048027 -0.0297618806 -0.112646468 0.0694951415 -0.0879606083 -0.0745558292 0.0570764691 0.0276887938 0.0524915978 0.0549722053 -0.205038309 -0.0580206551 0.197103828 0.026963478 -0.0558144674 -0.0791122913 0.282898009 0.0426909178 -0.110858917 -0.0973926112 -0.054632403 0.00254071131 -0.02992725 -0.0182354786 0.142046273 -0.102519393 0.103526473 -0.0286684148 0.0381744467 0.0763139948 0.0466886982 0.167780504 0.128279001 0.0721491277 -0.0805006027 -0.000501693226 -0.0144809149
G791 -0.00258700177 0.0127060004 0.0499661788 -0.111930974 0.0366722122 0.101767227 -0.158478513 0.0532176942 -0.0381959379 -0.12124934 -0.0126482099 0.207104355 -0.0452965163 0.0176852196 0.0891241282 -0.107475638 0.06461633 0.164283723 -0.0199497417 -0.0920831934 -0.0948642567 0.0445361137 -0.125888661 -0.0868778974 -0.115752138 -0.051193513 -0.237634897 0.15048027 -0.0297618806 -0.112646475 0.0694951415 -0.0879606232 -0.0745558441 0.0570764691 0.027688805 0.0524915978 0.0549722165 -0.205038324 -0.0580206551 0.197103873 0.0269634742 -0.0558144674 -0.0791122988 0.282898009 0.0426909253 -0.110858925 -0.0973926112 -0.054632403 0.00254070386 -0.02992725 -0.0182354748 0.142046273 -0.102519393 0.103526458 -0.0286684111 0.0381744429 0.0763139948 0.0466886908 0.167780489 0.128279001 0.0721491352 -0.0805006027 -0.000501693226 -0.0144809149
G794 -0.00465992838 0.00854478031 0.0482218042 -0.116187572 0.0378824025 0.10470818 -0.162326038 0.0540126562 -0.0393210649 -0.117411897 -0.0125102438 0.209749922 -0.0480811521 0.018643437 0.0937682986 -0.10581217 0.0591650978 0.16377908 -0.016067788 -0.0914789587 -0.0952432007 0.0455624387 -0.124196641 -0.0822993964 -0.119571149 -0.0537968427 -0.23743473 0.148043677 -0.0256490931 -0.113728218 0.0713632703 -0.0859116465 -0.0694031119 0.0521160886 0.0254657492 0.0565095842 0.0554361641 -0.205655128 -0.0580792427 0.199016124 0.0272208676 -0.054847829 -0.079115659 0.289627641 0.0409854762 -0.109149694 -0.0977681726 -0.0515473858 -0.000771667808 -0.0304617621 -0.0172827728 0.138771817 -0.102173105 0.102591336 -0.0313192606 0.0397157967 0.0710160211 0.0449663438 0.167018324 0.133100525 0.0767169967 -0.0822869614 0.00500696199 -0.017594777
G797 -0.00465992838 0.00854478404 0.0482218042 -0.11618758 0.0378824025 0.104708165 -0.162326038 0.0540126525 -0.03932105 -0.117411897 -0.0125102513 0.209749922 -0.0480811596 0.0186434351 0.0937683061 -0.10581217 0.0591650978 0.16377908 -0.016067788 -0.0914789736 -0.0952432007 0.0455624387 -0.124196649 -0.0822994113 -0.119571172 -0.0537968501 -0.23743476 0.148043662 -0.0256490931 -0.113728225 0.0713632703 -0.0859116465 -0.069403097 0.0521160886 0.0254657641 0.0565095693 0.0554361604 -0.205655128 -0.0580792427 0.199016124 0.0272208583 -0.0548478365 -0.079115659 0.289627641 0.0409854762 -0.109149687 -0.0977681726 -0.0515473783 -0.000771664083 -0.0304617621 -0.0172827803 0.138771832 -0.102173097 0.102591336 -0.0313192606 0.0397157967 0.0710160211 0.0449663438 0.167018324 0.133100525 0.0767169967 -0.0822869688 0.00500695314 -0.0175947845
G800 -0.00465993211 0.00854478776 0.0482218042 -0.116187572 0.0378824025 0.104708165 -0.162326038 0.0540126748 -0.0393210575 -0.117411904 -0.012510255 0.209749937 -0.0480811596 0.018643437 0.0937683135 -0.105812177 0.0591650978 0.16377908 -0.016067788 -0.0914789587 -0.0952431709 0.0455624461 -0.124196641 -0.0822994113 -0.119571179 -0.0537968464 -0.23743476 0.148043662 -0.0256490856 -0.113728225 0.0713632628 -0.085911639 -0.0694031119 0.0521160848 0.0254657641 0.0565095842 0.0554361641 -0.205655128 -0.0580792427 0.199016124 0.0272208713 -0.0548478365 -0.079115659 0.289627641 0.0409854688 -0.109149694 -0.0977681726 -0.0515473783 -0.000771664083 -0.0304617584 -0.0172827765 0.138771832 -0.102173105 0.102591336 -0.0313192531 0.0397157967 0.0710160136 0.0449663401 0.167018324 0.133100525 0.0767170042 -0.0822869688 0.00500695733 -0.0175947845
G803 -0.00465992838 0.00854478404 0.0482218042 -0.116187572 0.0378824025 0.104708165 -0.162326038 0.0540126637 -0.0393210575 -0.117411897 -0.012510255 0.209749922 -0.0480811596 0.0186434332 0.0937683061 -0.105812162 0.0591650978 0.16377908 -0.016067788 -0.0914789513 -0.0952432007 0.0455624461 -0.124196649 -0.0822994038 -0.119571164 -0.0537968464 -0.23743476 0.148043662 -0.0256491005 -0.113728233 0.0713632703 -0.085911639 -0.069403097 0.0521160886 0.0254657567 0.0565095916 0.0554361641 -0.205655128 -0.0580792427 0.199016154 0.0272208713 -0.0548478439 -0.079115659 0.289627641 0.0409854762 -0.109149709 -0.0977681726 -0.0515473783 -0.000771664083 -0.0304617658 -0.0172827765 0.138771832 -0.102173105 0.102591343 -0.0313192606 0.0397157967 0.0710160136 0.0449663438 0.167018324 0.133100525 0.0767169967 -0.0822869688 0.00500696013 -0.017594777
G806 -0.00465993211 0.00854478031 0.0482218042 -0.116187572 0.0378824174 0.104708165 -0.162326038 0.0540126488 -0.0393210575 -0.117411897 -0.0125102513 0.209749922 -0.0480811521 0.0186434388 0.0937682986 -0.105812177 0.0591650903 0.16377908 -0.016067788 -0.0914789587 -0.0952431858 0.0455624387 -0.124196641 -0.0822994187 -0.119571157 -0.0537968464 -0.237434745 0.148043662 -0.0256490856 -0.113728225 0.0713632703 -0.0859116316 -0.069403097 0.0521160923 0.0254657641 0.0565095842 0.0554361716 -0.205655128 -0.058079239 0.199016124 0.0272208638 -0.0548478365 -0.0791156664 0.289627641 0.0409854725 -0.109149694 -0.0977681801 -0.0515473783 -0.000771667808 -0.0304617584 -0.0172827877 0.138771832 -0.102173105 0.102591336 -0.031319268 0.0397158042 0.0710160211 0.0449663438 0.167018324 0.133100539 0.0767169967 -0.0822869688 0.0050069578 -0.017594777
G809 -0.00465992838 0.00854478404 0.0482218042 -0.116187572 0.0378824025 0.10470818 -0.162326038 0.0540126674 -0.0393210649 -0.117411897 -0.0125102624 0.209749937 -0.0480811596 0.0186434351 0.0937682912 -0.10581217 0.0591650978 0.16377908 -0.016067788 -0.0914789736 -0.0952431858 0.0455624387 -0.124196641 -0.0822994038 -0.119571172 -0.0537968501 -0.237434745 0.148043662 -0.0256490856 -0.113728218 0.0713632777 -0.0859116465 -0.069403097 0.0521160848 0.0254657492 0.0565095842 0.0554361641 -0.205655128 -0.0580792427 0.199016154 0.0272208601 -0.0548478439 -0.079115659 0.289627641 0.0409854762 -0.109149694 -0.0977681875 -0.0515473932 -0.000771671534 -0.0304617621 -0.0172827728 0.138771832 -0.102173105 0.102591328 -0.0313192606 0.0397157967 0.0710160136 0.0449663438 0.167018324 0.133100525 0.0767169967 -0.0822869688 0.00500694755 -0.017594777
G812 -0.00465993583 0.00854478031 0.0482217968 -0.11618758 0.0378824174 0.10470818 -0.162326038 0.0540126711 -0.0393210649 -0.117411889 -0.0125102475 0.209749937 -0.0480811596 0.0186434314 0.0937682912 -0.10581217 0.0591650978 0.16377908 -0.016067788 -0.0914789736 -0.0952431858 0.0455624387 -0.124196626 -0.0822994038 -0.119571157 -0.0537968427 -0.237434745 0.148043662 -0.0256490856 -0.113728225 0.0713632554 -0.0859116465 -0.0694031268 0.0521160774 0.0254657641 0.0565095842 0.0554361641 -0.205655128 -0.0580792427 0.199016124 0.0272208601 -0.0548478439 -0.079115659 0.289627671 0.0409854688 -0.109149694 -0.0977681652 -0.0515473783 -0.000771678984 -0.0304617733 -0.0172827803 0.138771832 -0.102173097 0.102591336 -0.0313192606 0.0397158042 0.0710160211 0.0449663401 0.167018324 0.133100539 0.0767169967 -0.0822869539 0.00500696199 -0.0175947659
G815 -0.00465993211 0.00854477659 0.0482217893 -0.11618758 0.0378824174 0.104708165 -0.162326038 0.0540126488 -0.0393210649 -0.117411889 -0.012510255 0.209749922 -0.0480811484 0.0186434314 0.0937683061 -0.10581217 0.0591650903 0.16377908 -0.016067788 -0.0914789587 -0.0952431858 0.0455624461 -0.124196641 -0.0822994038 -0.119571172 -0.0537968464 -0.237434745 0.148043677 -0.0256490856 -0.113728218 0.0713632703 -0.0859116465 -0.0694031119 0.0521160774 0.0254657641 0.0565095879 0.0554361716 -0.205655128 -0.0580792427 0.199016184 0.0272208601 -0.0548478514 -0.0791156664 0.289627641 0.0409854688 -0.109149694 -0.0977681726 -0.0515473783 -0.000771678984 -0.0304617621 -0.0172827691 0.138771832 -0.102173097 0.102591336 -0.0313192606 0.0397158042 0.0710160136 0.0449663438 0.167018324 0.133100525 0.0767169967 -0.0822869688 0.00500696199 -0.0175947696
G818 0.00557264313 0.02039757 0.048006773 -0.129155964 0.0336620808 0.115280278 -0.161944821 0.0345270149 -0.0254482552 -0.130857676 -0.0143964626 0.216098413 -0.0590786003 0.0106060514 0.0972698703 -0.103449345 0.0591577441 0.161413521 -0.00128021091 -0.0967190862 -0.102079257 0.0615647957 -0.132763818 -0.0633879155 -0.107344955 -0.0677331686 -0.255317569 0.144704685 -0.0251655802 -0.131066144 0.0705466717 -0.0964696184 -0.0601667911 0.0639620647 0.0413452834 0.0466366597 0.034127377 -0.207601652 -0.0440898687 0.210145354 0.0621566325 -0.0903582573 -0.0805136338 0.283719957 0.0287227891 -0.109448865 -0.0873288661 -0.0416869372 0.00874870457 -0.0301001631 -0.0185152516 0.143555641 -0.0944867209 0.110462062 -0.0335766524 0.0314749368 0.0722957626 0.0392524824 0.166867912 0.13475357 0.0490805134 -0.0962893367 0.0185563006 -0.0397200137
G819 0.00646365806 0.0217456296 0.0482210815 -0.128549039 0.0337106138 0.115432158 -0.1610585 0.0353930779 -0.0247773752 -0.132668972 -0.0156656019 0.215392917 -0.0575123094 0.0114051206 0.0963603482 -0.104461886 0.0591059327 0.161273286 -0.000730238855 -0.0958468169 -0.100933589 0.0624704808 -0.13208659 -0.0629784092 -0.107689671 -0.0672706738 -0.256621182 0.144006878 -0.0262626782 -0.130688906 0.0685655028 -0.0961589813 -0.0621747971 0.0642422736 0.0425299667 0.047166355 0.0348733515 -0.207960263 -0.0442417003 0.209567159 0.0617401451 -0.0911571681 -0.0809826404 0.284251362 0.0281361211 -0.110836804 -0.0864451081 -0.0414520651 0.00969276577 -0.0305447951 -0.0190609694 0.144768119 -0.0953091383 0.110468969 -0.0352146216 0.0325410031 0.073008582 0.0412561409 0.168046772 0.133744597 0.0478386208 -0.0958990753 0.0168943964 -0.0399435014
G820 0.00557264686 0.0203975812 0.0480067655 -0.129155964 0.0336620808 0.115280263 -0.161944836 0.0345270261 -0.0254482478 -0.130857706 -0.0143964589 0.216098428 -0.0590785928 0.0106060551 0.0972698703 -0.103449345 0.0591577441 0.161413521 -0.00128020346 -0.0967190862 -0.102079242 0.0615647808 -0.132763833 -0.0633879155 -0.10734494 -0.0677331686 -0.255317569 0.144704685 -0.0251655728 -0.131066144 0.0705466866 -0.096469596 -0.060166806 0.0639620572 0.0413452834 0.0466366597 0.0341273807 -0.207601637 -0.0440898612 0.210145354 0.0621566325 -0.0903582424 -0.0805136412 0.283719957 0.0287227891 -0.109448858 -0.0873288587 -0.0416869521 0.00874870457 -0.0301001593 -0.0185152628 0.143555626 -0.0944867283 0.110462062 -0.0335766487 0.0314749368 0.0722957626 0.0392524898 0.166867912 0.134753555 0.0490805134 -0.0962893367 0.0185562838 -0.0397200137
G821 0.00646365806 0.0217456296 0.0482210815 -0.12854901 0.0337106213 0.115432143 -0.161058515 0.0353930853 -0.0247773528 -0.132668972 -0.0156655982 0.215392932 -0.0575123057 0.0114051187 0.0963603482 -0.104461879 0.0591059327 0.161273286 -0.000730238855 -0.0958468169 -0.100933589 0.0624704957 -0.13208659 -0.0629784092 -0.107689671 -0.0672706664 -0.256621182 0.144006863 -0.0262626708 -0.130688906 0.0685655028 -0.0961589813 -0.062174812 0.0642422736 0.042529963 0.0471663587 0.0348733589 -0.207960278 -0.0442416966 0.209567189 0.0617401414 -0.0911571532 -0.0809826404 0.284251362 0.0281361248 -0.110836819 -0.0864451081 -0.0414520726 0.00969275832 -0.0305447951 -0.0190609731 0.144768119 -0.0953091383 0.110468969 -0.035214629 0.0325410105 0.0730085894 0.0412561446 0.168046772 0.133744597 0.047838632 -0.0958990753 0.0168943927 -0.0399435014
G822 0.00557264686 0.0203975886 0.048006773 -0.129155979 0.0336620808 0.115280271 -0.161944836 0.0345270224 -0.0254482478 -0.130857706 -0.0143964663 0.216098428 -0.059078604 0.0106060486 0.0972698703 -0.103449345 0.0591577441 0.161413521 -0.00128021836 -0.0967190862 -0.102079228 0.0615647957 -0.132763833 -0.0633879155 -0.10734494 -0.0677331686 -0.255317569 0.144704685 -0.0251655877 -0.131066144 0.0705466866 -0.096469596 -0.060166806 0.0639620572 0.0413452797 0.0466366597 0.0341273807 -0.207601652 -0.0440898649 0.210145384 0.0621566363 -0.0903582424 -0.0805136338 0.283719927 0.0287227966 -0.10944885 -0.0873288661 -0.0416869372 0.00874870084 -0.0301001593 -0.0185152553 0.143555641 -0.0944867283 0.110462062 -0.0335766561 0.0314749293 0.0722957775 0.0392524824 0.166867942 0.134753555 0.0490805097 -0.0962893367 0.0185562856 -0.0397199988
G823 0.00646365806 0.0217456371 0.0482210815 -0.128549039 0.0337106213 0.115432158 -0.161058515 0.0353930816 -0.0247773677 -0.132668972 -0.0156656057 0.215392932 -0.0575123131 0.0114051243 0.0963603407 -0.104461879 0.0591059327 0.161273271 -0.000730238855 -0.0958468169 -0.100933589 0.0624704808 -0.132086605 -0.0629784167 -0.107689671 -0.0672706738 -0.256621182 0.144006878 -0.0262626633 -0.130688906 0.0685655028 -0.0961589664 -0.0621747971 0.0642422736 0.0425299555 0.0471663624 0.0348733515 -0.207960278 -0.0442416966 0.209567189 0.0617401488 -0.0911571831 -0.0809826329 0.284251332 0.0281361304 -0.110836811 -0.0864451006 -0.0414520651 0.0096927546 -0.0305447876 -0.0190609656 0.144768119 -0.0953091532 0.110468969 -0.0352146141 0.0325410105 0.073008582 0.0412561409 0.168046772 0.133744597 0.0478386246 -0.0958990753 0.0168943889 -0.0399434939
G824 0.00557264313 0.0203975812 0.0480067655 -0.129155964 0.0336620733 0.115280256 -0.161944821 0.0345270224 -0.0254482478 -0.130857691 -0.0143964589 0.216098428 -0.0590786003 0.0106060524 0.0972698703 -0.103449345 0.0591577441 0.161413521 -0.00128021836 -0.0967190862 -0.10207925 0.0615647957 -0.132763818 -0.0633879155 -0.107344955 -0.0677331686 -0.255317569 0.144704685 -0.0251655802 -0.131066144 0.0705466866 -0.0964696184 -0.060166806 0.0639620572 0.0413452759 0.0466366597 0.0341273732 -0.207601652 -0.0440898612 0.210145384 0.0621566325 -0.0903582424 -0.0805136338 0.283719957 0.0287227966 -0.10944885 -0.0873288661 -0.0416869447 0.00874869339 -0.0301001593 -0.018515259 0.143555641 -0.0944867134 0.110462055 -0.0335766524 0.0314749293 0.0722957775 0.0392524898 0.166867927 0.13475357 0.049080506 -0.0962893367 0.0185562912 -0.0397200063
G825 0.00646365434 0.0217456371 0.0482210889 -0.128549039 0.0337106213 0.115432158 -0.1610585 0.0353930928 -0.0247773677 -0.132668972 -0.0156656019 0.215392932 -0.0575123169 0.0114051197 0.0963603556 -0.104461893 0.0591059327 0.161273286 -0.000730246305 -0.0958468169 -0.100933589 0.0624704808 -0.13208659 -0.0629784167 -0.107689679 -0.0672706738 -0.256621182 0.144006878 -0.0262626708 -0.130688906 0.0685655028 -0.0961589962 -0.0621748269 0.0642422661 0.0425299518 0.0471663587 0.0348733515 -0.207960278 -0.0442417003 0.209567189 0.0617401451 -0.0911571681 -0.0809826329 0.284251332 0.0281361323 -0.110836804 -0.0864451081 -0.0414520726 0.00969275087 -0.0305447876 -0.0190609768 0.144768119 -0.0953091308 0.110468969 -0.0352146216 0.0325410031 0.0730085745 0.0412561484 0.168046758 0.133744583 0.0478386283 -0.0958990753 0.0168943945 -0.0399434939
G826 0.00557265058 0.0203975663 0.048006773 -0.129155964 0.0336620733 0.115280271 -0.161944821 0.0345270075 -0.0254482403 -0.130857691 -0.0143964663 0.216098413 -0.0590786003 0.0106060598 0.0972698703 -0.103449345 0.059157759 0.161413521 -0.00128020346 -0.0967190862 -0.102079257 0.0615647882 -0.132763833 -0.0633879155 -0.107344948 -0.0677331686 -0.255317569 0.144704685 -0.0251655951 -0.131066144 0.0705466792 -0.0964696184 -0.060166806 0.0639620572 0.0413452834 0.0466366597 0.034127377 -0.207601652 -0.0440898575 0.210145384 0.0621566363 -0.0903582424 -0.0805136338 0.283719957 0.0287227873 -0.10944885 -0.0873288587 -0.0416869372 0.00874870084 -0.030100178 -0.0185152516 0.143555641 -0.0944867209 0.110462055 -0.033576645 0.0314749442 0.0722957775 0.0392524824 0.166867927 0.13475357 0.0490805022 -0.0962893441 0.0185562875 -0.03972001
G827 0.00646365806 0.0217456222 0.0482210815 -0.128549039 0.0337106138 0.115432158 -0.1610585 0.0353930667 -0.0247773603 -0.132668972 -0.0156656057 0.215392932 -0.0575123131 0.0114051215 0.0963603556 -0.104461886 0.0591059476 0.161273286 -0.000730231404 -0.0958468318 -0.100933589 0.0624704808 -0.132086605 -0.0629784092 -0.107689671 -0.0672706738 -0.256621182 0.144006878 -0.0262626559 -0.130688906 0.0685655177 -0.0961589888 -0.062174812 0.0642422736 0.0425299779 0.0471663587 0.034873344 -0.207960278 -0.0442416966 0.209567189 0.0617401488 -0.0911571756 -0.0809826404 0.284251362 0.0281361211 -0.110836804 -0.0864451006 -0.0414520651 0.00969275832 -0.0305448025 -0.0190609694 0.144768119 -0.0953091532 0.110468969 -0.0352146178 0.0325410105 0.0730085894 0.0412561372 0.168046758 0.133744597 0.0478386134 -0.0958990753 0.0168943927 -0.0399435014
G828 0.00557263941 0.0203975886 0.0480067655 -0.129155979 0.0336620733 0.115280256 -0.161944821 0.0345270149 -0.0254482478 -0.130857691 -0.0143964663 0.216098413 -0.0590786003 0.0106060505 0.0972698703 -0.103449345 0.0591577441 0.161413521 -0.00128020346 -0.0967190862 -0.102079257 0.0615647957 -0.132763833 -0.0633879229 -0.107344948 -0.0677331612 -0.255317569 0.144704685 -0.0251655802 -0.131066144 0.0705466792 -0.096469596 -0.060166806 0.0639620498 0.0413452834 0.0466366597 0.0341273807 -0.207601652 -0.0440898538 0.210145384 0.0621566325 -0.0903582498 -0.0805136412 0.283719957 0.0287227966 -0.109448843 -0.0873288661 -0.0416869372 0.00874869712 -0.0301001556 -0.018515259 0.143555641 -0.0944867283 0.110462055 -0.0335766561 0.0314749368 0.072295785 0.0392524861 0.166867912 0.134753555 0.0490805134 -0.0962893367 0.0185562838 -0.0397199951
G829 0.00646365806 0.0217456408 0.048221074 -0.128549039 0.0337106362 0.115432158 -0.1610585 0.0353930779 -0.0247773677 -0.132668972 -0.0156656019 0.215392917 -0.0575123169 0.0114051187 0.0963603556 -0.104461886 0.0591059327 0.161273286 -0.000730231404 -0.0958468169 -0.100933589 0.0624704957 -0.132086605 -0.0629784092 -0.107689664 -0.0672706664 -0.256621182 0.144006878 -0.0262626708 -0.130688906 0.0685655028 -0.0961589813 -0.062174812 0.0642422661 0.042529963 0.0471663587 0.0348733589 -0.207960263 -0.0442416966 0.209567189 0.0617401451 -0.0911571607 -0.0809826404 0.284251332 0.0281361323 -0.110836804 -0.0864451081 -0.0414520726 0.00969276577 -0.0305447876 -0.0190609731 0.144768134 -0.0953091457 0.110468961 -0.0352146141 0.0325410105 0.073008582 0.0412561521 0.168046758 0.133744597 0.0478386283 -0.0958990753 0.0168943927 -0.0399434865
G830 0.00557263941 0.0203975774 0.0480067655 -0.129155979 0.0336620733 0.115280278 -0.161944836 0.0345270149 -0.0254482478 -0.130857691 -0.0143964663 0.216098413 -0.059078604 0.0106060542 0.0972698703 -0.103449345 0.059157759 0.161413521 -0.00128021091 -0.0967190862 -0.102079242 0.0615647882 -0.132763818 -0.0633879155 -0.10734494 -0.0677331686 -0.255317599 0.144704685 -0.0251655728 -0.131066144 0.0705466792 -0.0964696184 -0.060166806 0.0639620498 0.0413452834 0.0466366522 0.0341273732 -0.207601652 -0.0440898612 0.210145384 0.0621566325 -0.0903582424 -0.0805136338 0.283719987 0.0287227929 -0.109448843 -0.0873288587 -0.0416869521 0.00874869339 -0.0301001593 -0.0185152628 0.143555641 -0.0944867134 0.11046207 -0.0335766487 0.0314749293 0.07229577 0.0392524824 0.166867912 0.13475357 0.0490805097 -0.0962893367 0.0185562931 -0.03972001
G831 0.00646366179 0.0217456296 0.0482210815 -0.128549039 0.0337106213 0.115432158 -0.1610585 0.0353930853 -0.0247773603 -0.132668972 -0.0156656094 0.215392932 -0.0575123243 0.0114051159 0.0963603482 -0.104461879 0.0591059327 0.161273286 -0.000730231404 -0.0958468318 -0.100933589 0.0624704808 -0.132086605 -0.0629784167 -0.107689664 -0.0672706664 -0.256621182 0.144006878 -0.0262626633 -0.130688906 0.0685655028 -0.0961589888 -0.062174812 0.0642422661 0.0425299592 0.0471663587 0.034873344 -0.207960278 -0.044241704 0.209567189 0.0617401488 -0.0911571681 -0.0809826329 0.284251392 0.0281361267 -0.110836804 -0.0864451006 -0.0414520726 0.00969274715 -0.0305447876 -0.0190609731 0.144768119 -0.0953091383 0.110468969 -0.0352146253 0.0325410031 0.073008582 0.0412561409 0.168046772 0.133744597 0.0478386283 -0.0958990753 0.0168944001 -0.0399434939
G832 0.00557265058 0.0203975812 0.0480067655 -0.129155964 0.0336620808 0.115280271 -0.161944836 0.0345270149 -0.0254482478 -0.130857706 -0.0143964663 0.216098428 -0.0590785965 0.0106060561 0.0972698703 -0.103449345 0.0591577441 0.161413521 -0.00128020346 -0.0967190936 -0.102079242 0.0615647957 -0.132763833 -0.0633879155 -0.107344948 -0.0677331686 -0.255317569 0.144704685 -0.0251655877 -0.131066144 0.0705466792 -0.0964696109 -0.060166806 0.0639620572 0.0413452834 0.0466366597 0.0341273732 -0.207601652 -0.0440898612 0.210145384 0.0621566325 -0.0903582573 -0.0805136338 0.283719957 0.0287227929 -0.10944885 -0.0873288661 -0.0416869372 0.00874869712 -0.0301001631 -0.018515259 0.143555641 -0.0944867209 0.110462055 -0.033576645 0.0314749368 0.0722957775 0.0392524749 0.166867912 0.13475357 0.0490805097 -0.0962893367 0.0185562931 -0.0397199988
G833 0.00646365806 0.0217456371 0.048221074 -0.128549039 0.0337106213 0.115432158 -0.1610585 0.0353930667 -0.0247773603 -0.132668972 -0.0156656057 0.215392932 -0.0575123094 0.0114051225 0.0963603556 -0.104461886 0.0591059327 0.161273286 -0.000730231404 -0.0958468169 -0.100933589 0.0624704957 -0.13208659 -0.0629784018 -0.107689671 -0.0672706664 -0.256621182 0.144006863 -0.0262626633 -0.130688891 0.0685655028 -0.0961589664 -0.0621747971 0.0642422661 0.042529963 0.0471663661 0.0348733515 -0.207960278 -0.0442416966 0.209567189 0.0617401488 -0.0911571905 -0.0809826404 0.284251362 0.028136123 -0.110836804 -0.0864451081 -0.0414520726 0.00969275087 -0.0305447876 -0.0190609768 0.144768119 -0.0953091457 0.110468969 -0.0352146141 0.0325410105 0.073008582 0.0412561409 0.168046772 0.133744583 0.0478386171 -0.0958990753 0.0168944001 -0.0399434865
G834 0.0165558979 0.0566008091 0.0470469296 -0.0687119067 0.0491092205 0.137329757 -0.152529955 0.0256102309 -0.102830864 -0.00596498698 0.0105186701 0.176807597 -0.0664455071 0.0789598078 0.12593466 -0.104212359 0.151645079 0.22856307 -0.0330758542 -0.0873515904 -0.0569333956 0.0438872129 -0.059008792 -0.11873664 -0.0834805667 -0.0616868958 -0.195889667 0.179536462 0.0428011082 -0.101298794 0.0654799268 -0.157162085 -0.102904618 0.0793367401 0.0525583252 -0.0132730026 0.140499994 -0.177775934 -0.0795604363 0.214272588 0.0946781337 -0.00696206838 -0.0289161168 0.334561408 0.0232351348 -0.0760221332 -0.0526881218 -0.0532785654 -0.0425218865 -0.0333092287 -0.0189165883 0.113709584 -0.00376319513 0.114485852 -0.020565642 -0.0492633134 0.0478825793 0.0133084506 0.113446414 0.151882976 0.0423276573 -0.0755376071 0.0138086751 0.0143341348
G847 0.0165559053 0.0566008091 0.047046937 -0.0687119067 0.0491092205 0.137329757 -0.152529955 0.0256102271 -0.102830872 -0.00596499071 0.0105186701 0.176807612 -0.0664454997 0.0789598078 0.12593466 -0.104212344 0.151645094 0.22856304 -0.0330758542 -0.0873515904 -0.0569333881 0.0438872166 -0.0590087995 -0.118736647 -0.0834805667 -0.0616868958 -0.195889667 0.179536462 0.0428011157 -0.101298794 0.0654799268 -0.1571621 -0.102904618 0.0793367401 0.0525583178 -0.01327301 0.140499979 -0.177775934 -0.0795604363 0.214272588 0.0946781337 -0.00696206838 -0.0289161243 0.334561408 0.0232351273 -0.0760221258 -0.0526881218 -0.0532785803 -0.042521894 -0.0333092287 -0.0189165846 0.113709584 -0.00376319513 0.11448586 -0.0205656402 -0.0492632985 0.0478825793 0.0133084431 0.113446414 0.151882976 0.0423276573 -0.0755375996 0.0138086826 0.0143341273
G860 0.0165558904 0.0566008016 0.0470469296 -0.0687119067 0.0491092056 0.137329757 -0.152529955 0.0256102309 -0.102830864 -0.00596499071 0.0105186813 0.176807597 -0.0664454922 0.0789598078 0.12593466 -0.104212351 0.151645094 0.22856307 -0.0330758691 -0.0873515978 -0.0569333956 0.0438872203 -0.059008792 -0.118736647 -0.0834805667 -0.0616868958 -0.195889682 0.179536462 0.0428011157 -0.101298794 0.0654799268 -0.1571621 -0.102904618 0.0793367326 0.0525583252 -0.01327301 0.140499979 -0.177775934 -0.0795604363 0.214272588 0.0946781337 -0.00696206838 -0.0289161131 0.334561408 0.0232351273 -0.0760221258 -0.0526881367 -0.0532785654 -0.0425218791 -0.0333092287 -0.018916592 0.113709584 -0.00376319513 0.11448586 -0.020565642 -0.0492632985 0.0478825644 0.0133084506 0.113446407 0.151882976 0.0423276722 -0.0755375922 0.01380869 0.0143341273
G873 0.0165558979 0.0566008054 0.047046937 -0.0687119067 0.0491092056 0.137329757 -0.152529955 0.0256102271 -0.102830864 -0.00596499071 0.0105186775 0.176807597 -0.0664454997 0.0789598152 0.12593466 -0.104212344 0.151645094 0.22856307 -0.0330758691 -0.0873515978 -0.0569333956 0.0438872203 -0.0590087846 -0.11873664 -0.0834805667 -0.0616868958 -0.195889682 0.179536462 0.0428011008 -0.101298787 0.0654799268 -0.1571621 -0.102904618 0.0793367401 0.0525583252 -0.0132730063 0.140499994 -0.177775934 -0.0795604363 0.214272588 0.0946781337 -0.00696206838 -0.0289161168 0.334561408 0.0232351273 -0.0760221332 -0.0526881292 -0.0532785654 -0.042521894 -0.0333092362 -0.0189165846 0.113709584 -0.00376319885 0.114485852 -0.0205656327 -0.0492632985 0.0478825793 0.0133084506 0.113446407 0.151882976 0.042327676 -0.0755375996 0.0138086826 0.0143341273
G886 0.0165559053 0.0566008165 0.047046937 -0.0687119067 0.0491092056 0.137329757 -0.152529955 0.0256102383 -0.102830872 -0.00596499443 0.0105186701 0.176807597 -0.0664455071 0.0789598152 0.12593466 -0.104212351 0.151645094 0.22856307 -0.0330758691 -0.0873515904 -0.0569333956 0.0438872091 -0.059008792 -0.118736655 -0.0834805742 -0.0616868958 -0.195889682 0.179536462 0.0428011008 -0.101298794 0.0654799193 -0.157162085 -0.102904618 0.0793367401 0.0525583327 -0.0132730063 0.140499994 -0.177775934 -0.0795604363 0.214272588 0.0946781337 -0.00696207583 -0.0289161168 0.334561408 0.0232351348 -0.0760221258 -0.052688133 -0.0532785505 -0.0425218791 -0.0333092362 -0.018916592 0.113709584 -0.00376319513 0.114485867 -0.0205656402 -0.0492632985 0.0478825793 0.0133084469 0.113446414 0.151882976 0.0423276722 -0.0755375996 0.0138086826 0.0143341273
G899 0.0165558904 0.0566007979 0.0470469296 -0.0687119067 0.0491092205 0.137329787 -0.152529925 0.0256102271 -0.102830872 -0.00596498325 0.0105186664 0.176807597 -0.0664454997 0.0789598078 0.12593466 -0.104212359 0.151645079 0.22856307 -0.0330758542 -0.0873515978 -0.0569333956 0.0438872129 -0.0590087958 -0.11873664 -0.0834805742 -0.0616868958 -0.195889682 0.179536462 0.0428011082 -0.101298794 0.0654799268 -0.1571621 -0.102904603 0.0793367326 0.0525583141 -0.0132730026 0.140499994 -0.177775934 -0.0795604438 0.214272588 0.0946781337 -0.00696206838 -0.0289161131 0.334561408 0.0232351348 -0.0760221258 -0.052688133 -0.0532785654 -0.0425218865 -0.0333092287 -0.0189165995 0.113709584 -0.00376319885 0.114485852 -0.0205656402 -0.0492632985 0.0478825644 0.0133084469 0.113446414 0.151882991 0.0423276648 -0.0755375996 0.0138086826 0.0143341422
G912 0.0165559053 0.0566007979 0.0470469333 -0.0687119067 0.0491092205 0.137329787 -0.152529955 0.0256102271 -0.102830864 -0.00596499071 0.0105186701 0.176807612 -0.0664455071 0.0789598078 0.125934675 -0.104212344 0.151645094 0.22856307 -0.0330758691 -0.0873515904 -0.0569333956 0.043887224 -0.0590087958 -0.118736655 -0.0834805667 -0.0616868958 -0.195889667 0.179536477 0.0428011194 -0.101298794 0.0654799193 -0.1571621 -0.102904618 0.0793367326 0.0525583178 -0.01327301 0.140499979 -0.177775934 -0.0795604438 0.214272588 0.0946781486 -0.00696207583 -0.0289161168 0.334561408 0.0232351422 -0.0760221183 -0.0526881441 -0.0532785654 -0.042521894 -0.0333092287 -0.0189165846 0.113709584 -0.0037631914 0.114485845 -0.0205656365 -0.0492633134 0.0478825793 0.0133084543 0.1134464 0.151882991 0.0423276536 -0.0755375996 0.0138086751 0.0143341348
G925 0.0165558979 0.0566008054 0.0470469296 -0.0687119067 0.0491092056 0.137329757 -0.152529955 0.0256102234 -0.102830879 -0.00596499443 0.0105186664 0.176807612 -0.0664454997 0.0789598078 0.125934675 -0.104212351 0.151645094 0.22856307 -0.0330758542 -0.0873515904 -0.056933403 0.0438872203 -0.0590087995 -0.118736655 -0.0834805742 -0.0616868958 -0.195889667 0.179536462 0.0428011119 -0.101298794 0.0654799193 -0.157162085 -0.102904618 0.0793367326 0.0525583327 -0.0132730044 0.140499979 -0.177775934 -0.0795604438 0.214272588 0.0946781486 -0.00696207583 -0.0289161094 0.334561408 0.0232351422 -0.0760221183 -0.0526881367 -0.0532785505 -0.0425219089 -0.0333092213 -0.018916592 0.113709569 -0.0037631914 0.114485845 -0.0205656365 -0.0492633209 0.0478825942 0.0133084469 0.1134464 0.151882976 0.0423276536 -0.0755375996 0.0138086751 0.0143341348
G938 -0.038735617 0.0669244826 0.0345800966 -0.079579778 -0.0218786336 0.0403929129 -0.0590353645 -0.0693182945 -0.149184078 0.0385295786 -0.0198876746 0.0839155391 -0.0340006202 0.0809473842 -0.0367333964 -0.0812168121 0.0805499628 0.0744301155 -0.0159229636 -0.0408946276 -0.0245157257 0.03011702 -0.0738714114 -0.120020255 -0.15153338 -0.124949634 -0.200439155 0.075191021 0.0713013411 -0.0969917327 -0.0871639401 -0.0270576924 -0.10525389 0.0171019118 0.0836955905 -0.082423389 -0.0235845968 -0.175736561 -0.0564346313 0.153731406 0.0379661322 -0.0969333798 0.0304847918 0.149851799 -0.0845318809 0.00739598274 -0.0209355429 -0.0695140511 0.0674897805 0.079563573 0.0213863477 0.0473263785 -0.00630423054 -0.0194903538 -0.191384703 -0.0543515086 -0.00605140254 -0.122693874 0.0580141731 0.100096241 -0.0429378599 -0.0251775589 0.15650557 0.0645748973
G939 -0.038735617 0.0669244826 0.0345800966 -0.0795797855 -0.0218786355 0.0403929166 -0.0590353608 -0.0693182871 -0.149184078 0.0385295786 -0.0198876746 0.0839155391 -0.034000624 0.0809473842 -0.0367333964 -0.0812168121 0.0805499628 0.0744301081 -0.0159229711 -0.0408946127 -0.0245157108 0.0301170349 -0.0738714114 -0.120020255 -0.15153338 -0.124949634 -0.200439155 0.0751910061 0.0713013336 -0.0969917327 -0.0871639401 -0.0270576924 -0.10525389 0.0171019193 0.083695583 -0.082423389 -0.0235845968 -0.175736576 -0.0564346313 0.153731391 0.0379661322 -0.0969333723 0.03048479 0.149851814 -0.0845318809 0.00739599019 -0.0209355392 -0.0695140585 0.067489773 0.0795635879 0.0213863403 0.0473263748 -0.00630423799 -0.0194903538 -0.191384703 -0.0543515161 -0.00605140254 -0.122693874 0.0580141731 0.100096241 -0.0429378636 -0.0251775552 0.15650557 0.0645748973
G940 -0.0387356095 0.0669244826 0.0345800966 -0.0795797706 -0.0218786336 0.0403929166 -0.0590353608 -0.0693182945 -0.149184078 0.0385295786 -0.0198876821 0.0839155465 -0.034000624 0.0809473991 -0.0367333926 -0.0812168196 0.0805499628 0.0744301081 -0.0159229711 -0.0408946127 -0.0245157257 0.0301170349 -0.0738714039 -0.120020255 -0.151533395 -0.124949649 -0.200439155 0.0751910061 0.0713013336 -0.0969917327 -0.0871639401 -0.0270576924 -0.10525389 0.0171019156 0.0836955905 -0.082423389 -0.023584595 -0.175736576 -0.0564346276 0.153731406 0.0379661247 -0.0969333723 0.0304847881 0.149851814 -0.0845318809 0.00739599019 -0.0209355429 -0.0695140511 0.0674897805 0.079563573 0.0213863477 0.0473263785 -0.00630423427 -0.0194903575 -0.191384703 -0.0543515086 -0.00605140254 -0.122693866 0.0580141731 0.100096241 -0.0429378599 -0.0251775589 0.15650557 0.0645748973
G941 -0.0387356132 0.0669244826 0.0345800966 -0.079579778 -0.0218786318 0.0403929129 -0.0590353683 -0.0693182945 -0.149184078 0.0385295823 -0.0198876783 0.0839155316 -0.0340006165 0.0809473842 -0.0367333964 -0.081216827 0.0805499628 0.074430123 -0.0159229636 -0.0408946127 -0.0245157257 0.03011702 -0.0738714039 -0.120020255 -0.15153338 -0.124949634 -0.20043914 0.075191021 0.0713013113 -0.0969917327 -0.0871639401 -0.0270576924 -0.10525389 0.0171019156 0.083695583 -0.0824233815 -0.0235845894 -0.175736547 -0.0564346276 0.153731406 0.0379661247 -0.0969333872 0.0304847918 0.149851814 -0.0845318884 0.00739599019 -0.0209355466 -0.0695140511 0.0674897879 0.0795635879 0.0213863552 0.047326386 -0.00630422682 -0.0194903538 -0.191384703 -0.0543515235 -0.00605140999 -0.122693874 0.0580141768 0.100096241 -0.0429378636 -0.0251775626 0.156505555 0.0645748973
G942 -0.038735617 0.0669244826 0.0345800966 -0.0795797855 -0.0218786392 0.0403929166 -0.0590353608 -0.0693182871 -0.149184078 0.0385295786 -0.0198876839 0.0839155316 -0.0340006202 0.0809473842 -0.0367333964 -0.081216827 0.0805499554 0.074430123 -0.0159229636 -0.0408946127 -0.0245157108 0.03011702 -0.0738714039 -0.120020255 -0.15153338 -0.124949634 -0.200439155 0.0751910061 0.0713013262 -0.0969917327 -0.0871639401 -0.0270576924 -0.10525389 0.0171019249 0.083695583 -0.082423389 -0.0235845912 -0.175736561 -0.0564346276 0.153731406 0.0379661284 -0.0969333723 0.0304847956 0.149851829 -0.0845318809 0.00739599019 -0.0209355429 -0.0695140511 0.0674897805 0.0795635879 0.0213863552 0.0473263785 -0.00630423054 -0.0194903538 -0.191384703 -0.0543515235 -0.00605140999 -0.122693874 0.0580141768 0.100096241 -0.0429378673 -0.0251775552 0.15650557 0.0645748973
G943 -0.038735617 0.0669244826 0.0345800966 -0.0795797855 -0.0218786392 0.0403929204 -0.0590353608 -0.0693182796 -0.149184078 0.0385295786 -0.0198876858 0.0839155316 -0.0340006202 0.0809473991 -0.0367333964 -0.081216827 0.0805499628 0.074430123 -0.0159229711 -0.0408946127 -0.0245157108 0.03011702 -0.0738714039 -0.120020255 -0.15153338 -0.124949634 -0.20043914 0.0751910061 0.0713013113 -0.0969917327 -0.0871639252 -0.0270576924 -0.10525389 0.0171019305 0.083695583 -0.0824233815 -0.0235845968 -0.175736547 -0.0564346351 0.153731391 0.0379661284 -0.0969333798 0.0304847918 0.149851829 -0.0845318884 0.00739598274 -0.0209355429 -0.0695140436 0.0674897879 0.079563573 0.0213863552 0.047326386 -0.00630423054 -0.0194903463 -0.191384688 -0.0543515235 -0.00605140999 -0.122693866 0.0580141693 0.100096241 -0.0429378673 -0.0251775514 0.156505555 0.0645748973
G944 -0.0387356095 0.0669244751 0.0345800817 -0.0795797706 -0.0218786355 0.0403929204 -0.0590353645 -0.0693182945 -0.149184078 0.0385295823 -0.0198876858 0.0839155465 -0.0340006202 0.080947414 -0.0367333964 -0.081216827 0.0805499628 0.074430123 -0.0159229711 -0.0408946127 -0.0245157406 0.03011702 -0.0738714039 -0.120020255 -0.151533395 -0.124949634 -0.200439155 0.0751910061 0.0713013262 -0.0969917178 -0.0871639401 -0.0270576775 -0.105253875 0.0171019267 0.083695583 -0.082423389 -0.0235845856 -0.175736561 -0.0564346388 0.153731406 0.0379661247 -0.0969333798 0.0304847844 0.149851829 -0.0845318809 0.00739599019 -0.0209355392 -0.0695140585 0.0674897805 0.0795635879 0.0213863552 0.0473263748 -0.00630423427 -0.0194903538 -0.191384718 -0.0543515235 -0.00605140626 -0.122693866 0.0580141619 0.100096241 -0.0429378636 -0.0251775533 0.156505585 0.0645748973
G945 -0.0387356095 0.0669244751 0.0345800966 -0.0795797855 -0.0218786355 0.0403929241 -0.0590353608 -0.0693182945 -0.149184078 0.038529586 -0.0198876876 0.0839155465 -0.0340006165 0.0809474289 -0.0367334001 -0.081216827 0.0805499628 0.0744301155 -0.0159229711 -0.0408946127 -0.0245157257 0.0301170349 -0.0738714039 -0.120020255 -0.15153338 -0.124949649 -0.200439155 0.0751910061 0.0713013113 -0.0969917178 -0.0871639401 -0.0270576775 -0.105253875 0.0171019267 0.083695583 -0.082423389 -0.0235845912 -0.175736547 -0.0564346351 0.153731406 0.0379661247 -0.0969333798 0.0304847825 0.149851829 -0.0845318884 0.00739599019 -0.0209355429 -0.0695140511 0.0674897879 0.0795635879 0.0213863477 0.0473263785 -0.00630424172 -0.0194903575 -0.191384703 -0.0543515235 -0.00605140999 -0.122693866 0.0580141656 0.100096241 -0.0429378636 -0.0251775626 0.15650557 0.0645748973
G946 -0.038735617 0.0669244751 0.0345800817 -0.0795797855 -0.0218786374 0.0403929241 -0.0590353608 -0.0693182796 -0.149184078 0.0385295823 -0.0198876895 0.0839155391 -0.0340006165 0.0809474289 -0.0367333964 -0.081216827 0.0805499554 0.0744301155 -0.0159229711 -0.0408946127 -0.0245157257 0.03011702 -0.0738714039 -0.120020255 -0.151533365 -0.124949634 -0.200439155 0.0751910061 0.0713013113 -0.0969917104 -0.0871639252 -0.0270576775 -0.10525389 0.0171019267 0.0836955905 -0.082423389 -0.0235845931 -0.175736547 -0.0564346351 0.153731406 0.0379661284 -0.0969333798 0.0304847844 0.149851829 -0.0845318884 0.00739598274 -0.0209355392 -0.0695140436 0.0674897805 0.0795635879 0.0213863552 0.047326386 -0.00630423799 -0.0194903482 -0.191384703 -0.0543515235 -0.00605140999 -0.122693866 0.0580141805 0.100096241 -0.0429378673 -0.0251775552 0.156505555 0.0645748973
G947 -0.0387356021 0.0669244826 0.0345800966 -0.0795797855 -0.0218786448 0.0403929166 -0.0590353608 -0.0693182945 -0.149184078 0.038529586 -0.0198876802 0.0839155316 -0.0340006202 0.080947414 -0.0367334001 -0.0812168121 0.0805499628 0.0744301155 -0.0159229636 -0.0408946127 -0.0245157182 0.0301170349 -0.0738714114 -0.120020255 -0.15153338 -0.124949634 -0.20043914 0.0751910061 0.0713013262 -0.0969917178 -0.0871639401 -0.0270576924 -0.105253875 0.0171019174 0.0836955756 -0.0824233815 -0.0235845931 -0.175736576 -0.0564346276 0.153731406 0.0379661284 -0.0969333723 0.0304847918 0.149851829 -0.0845318809 0.00739599019 -0.0209355392 -0.0695140585 0.0674897879 0.0795635879 0.0213863552 0.0473263711 -0.00630423427 -0.0194903538 -0.191384703 -0.0543515235 -0.00605140999 -0.122693874 0.0580141693 0.100096241 -0.0429378636 -0.025177557 0.15650557 0.0645749122
G948 -0.0387356021 0.0669244826 0.0345800966 -0.0795797855 -0.0218786411 0.0403929166 -0.0590353608 -0.0693182945 -0.149184078 0.0385295935 -0.0198876858 0.0839155465 -0.0340006165 0.0809474289 -0.0367333964 -0.081216827 0.0805499628 0.0744301081 -0.0159229711 -0.0408946127 -0.0245157257 0.0301170349 -0.0738714039 -0.120020255 -0.151533395 -0.124949649 -0.20043914 0.0751909986 0.0713013262 -0.0969917104 -0.0871639401 -0.0270576924 -0.10525389 0.0171019211 0.083695583 -0.0824233815 -0.0235845931 -0.175736576 -0.0564346276 0.153731406 0.0379661247 -0.0969333798 0.0304847881 0.149851829 -0.0845318884 0.00739599019 -0.0209355392 -0.0695140436 0.0674897879 0.0795635879 0.0213863626 0.0473263785 -0.00630423799 -0.0194903575 -0.191384703 -0.0543515086 -0.00605140999 -0.122693866 0.0580141656 0.100096241 -0.0429378599 -0.0251775589 0.15650557 0.0645749122
G949 -0.0387356095 0.0669244826 0.0345800966 -0.0795797855 -0.0218786467 0.0403929166 -0.0590353534 -0.0693182796 -0.149184078 0.0385295935 -0.0198876895 0.0839155391 -0.0340006202 0.080947414 -0.0367333926 -0.0812168196 0.0805499628 0.074430123 -0.0159229711 -0.0408946127 -0.0245157257 0.0301170349 -0.0738714114 -0.120020255 -0.15153338 -0.124949634 -0.200439155 0.0751910061 0.0713013262 -0.0969917178 -0.0871639475 -0.0270576924 -0.10525389 0.0171019211 0.083695583 -0.082423389 -0.0235845931 -0.175736561 -0.0564346351 0.153731406 0.0379661247 -0.0969333798 0.0304847918 0.149851829 -0.0845318809 0.00739599019 -0.0209355429 -0.0695140362 0.0674897879 0.0795635879 0.0213863626 0.047326386 -0.00630423799 -0.01949035 -0.191384703 -0.0543515086 -0.00605140999 -0.122693866 0.0580141693 0.100096241 -0.0429378636 -0.0251775514 0.156505555 0.0645749122
G950 -0.0258806162 0.0690419227 0.0398002192 -0.0831104964 -0.0223346464 0.0478147641 -0.0623921193 -0.0768838823 -0.147583365 0.0344519354 -0.0268457495 0.0844570547 -0.0356111564 0.0805375278 -0.0331282876 -0.0793596581 0.084060885 0.0691093951 -0.00809644163 -0.0324661881 -0.0210585296 0.0309269875 -0.0713440999 -0.113282844 -0.144696981 -0.124614857 -0.208057806 0.0711814836 0.0691926181 -0.102010235 -0.0837659538 -0.0329294056 -0.101690903 0.0248169657 0.0942519531 -0.0910186172 -0.0271096956 -0.17182444 -0.0588309467 0.154247895 0.0419806503 -0.095160529 0.0305908713 0.1534435 -0.0891109407 0.00851201266 -0.0161925741 -0.0640049949 0.0651810765 0.0776596963 0.0340204164 0.046044603 -0.00430296734 -0.00928818434 -0.190823704 -0.0529873371 -1.4834106e-05 -0.123782098 0.0540544987 0.105037704 -0.0507549457 -0.0145957228 0.162415594 0.0523634627
G951 -0.0258806124 0.0690419227 0.0398002267 -0.083110489 -0.0223346464 0.0478147715 -0.0623921119 -0.0768838823 -0.14758338 0.0344519354 -0.0268457457 0.0844570473 -0.0356111564 0.0805375576 -0.0331282914 -0.0793596581 0.0840608925 0.0691094026 -0.00809644163 -0.032466203 -0.0210585296 0.0309269875 -0.0713440999 -0.113282837 -0.144696981 -0.124614865 -0.208057806 0.0711814761 0.0691926181 -0.102010228 -0.0837659612 -0.0329294056 -0.101690903 0.024816962 0.0942519456 -0.0910186172 -0.0271096788 -0.17182444 -0.0588309504 0.15424788 0.041980654 -0.0951605365 0.0305908713 0.1534435 -0.0891109407 0.00851202011 -0.0161925666 -0.0640049949 0.0651810691 0.0776596814 0.0340204164 0.046044603 -0.00430296734 -0.00928818434 -0.190823704 -0.0529873371 -1.4828518e-05 -0.123782091 0.0540544987 0.105037704 -0.050754942 -0.0145957191 0.162415594 0.0523634553
G952 -0.0258806162 0.0690419301 0.0398002267 -0.0831104964 -0.0223346371 0.0478147641 -0.0623921119 -0.0768838823 -0.147583365 0.0344519354 -0.0268457495 0.0844570547 -0.0356111601 0.0805375576 -0.0331282988 -0.0793596581 0.0840608999 0.0691093951 -0.00809642673 -0.032466203 -0.0210585296 0.0309269875 -0.0713440925 -0.113282837 -0.144696981 -0.12461485 -0.208057806 0.0711814761 0.0691926181 -0.10201025 -0.0837659612 -0.0329294056 -0.101690888 0.0248169582 0.0942519456 -0.0910186172 -0.0271096956 -0.17182444 -0.0588309355 0.15424791 0.0419806577 -0.0951605514 0.0305908732 0.153443485 -0.0891109407 0.00851202011 -0.0161925815 -0.0640049875 0.065181084 0.0776596963 0.0340204164 0.046044603 -0.00430296361 -0.00928818621 -0.190823704 -0.0529873371 -1.48266554e-05 -0.123782106 0.0540545061 0.105037704 -0.0507549308 -0.0145957209 0.162415609 0.0523634627
G953 -0.0258806199 0.0690419301 0.0398002192 -0.083110489 -0.0223346371 0.0478147678 -0.0623921119 -0.0768838823 -0.14758338 0.0344519354 -0.0268457439 0.0844570547 -0.0356111601 0.0805375278 -0.0331282951 -0.0793596655 0.0840608999 0.0691093951 -0.00809644163 -0.0324661881 -0.0210585296 0.0309270024 -0.0713440999 -0.11328283 -0.144696981 -0.124614857 -0.208057806 0.0711814761 0.0691926107 -0.102010243 -0.0837659538 -0.0329294205 -0.101690888 0.0248169564 0.0942519531 -0.0910186172 -0.0271096975 -0.171824455 -0.0588309355 0.154247895 0.0419806577 -0.0951605514 0.0305908695 0.153443485 -0.0891109556 0.00851202756 -0.0161925815 -0.0640049949 0.065181084 0.0776596814 0.0340204164 0.0460445993 -0.00430296361 -0.00928818434 -0.190823704 -0.0529873371 -1.48229301e-05 -0.123782098 0.0540545061 0.105037697 -0.0507549345 -0.0145957284 0.162415609 0.0523634702
G954 -0.0258806162 0.0690419227 0.0398002267 -0.0831104964 -0.0223346334 0.0478147678 -0.0623921193 -0.0768838823 -0.147583395 0.0344519466 -0.0268457476 0.0844570398 -0.0356111601 0.0805375576 -0.0331282951 -0.0793596506 0.0840608925 0.0691093877 -0.00809644163 -0.0324661881 -0.0210585222 0.0309270024 -0.0713440999 -0.11328283 -0.144696981 -0.124614857 -0.208057806 0.0711814761 0.0691926256 -0.102010228 -0.0837659687 -0.0329294056 -0.101690903 0.0248169601 0.0942519382 -0.0910186172 -0.0271096881 -0.17182444 -0.0588309355 0.154247895 0.0419806577 -0.0951605439 0.0305908695 0.153443485 -0.0891109407 0.00851202011 -0.0161925741 -0.0640049949 0.065181084 0.0776596963 0.0340204239 0.0460445993 -0.00430295616 -0.00928817876 -0.190823704 -0.0529873222 -1.4834106e-05 -0.123782106 0.0540544987 0.105037704 -0.0507549383 -0.0145957209 0.162415609 0.0523634702
G955 -0.0258806162 0.0690419152 0.0398002267 -0.0831104964 -0.0223346353 0.0478147715 -0.0623921193 -0.0768838823 -0.147583395 0.0344519429 -0.026845742 0.0844570473 -0.0356111564 0.0805375576 -0.0331282914 -0.0793596581 0.084060885 0.0691094026 -0.00809644163 -0.0324661881 -0.0210585296 0.0309270024 -0.0713440999 -0.113282837 -0.144696981 -0.124614865 -0.208057806 0.0711814836 0.0691926181 -0.10201022 -0.0837659612 -0.0329294354 -0.101690888 0.0248169582 0.0942519456 -0.0910186246 -0.0271096863 -0.171824455 -0.0588309392 0.154247895 0.0419806577 -0.0951605439 0.0305908713 0.153443485 -0.0891109407 0.00851202756 -0.0161925815 -0.0640049875 0.065181084 0.0776596963 0.0340204239 0.046044603 -0.00430297107 -0.00928818248 -0.190823704 -0.0529873371 -1.48303807e-05 -0.123782106 0.0540545061 0.105037704 -0.050754942 -0.0145957246 0.162415594 0.0523634627
G956 -0.025880605 0.0690419301 0.0398002267 -0.083110489 -0.0223346334 0.0478147641 -0.0623921156 -0.0768838823 -0.14758338 0.0344519354 -0.026845742 0.0844570473 -0.0356111638 0.0805375874 -0.0331282988 -0.0793596581 0.0840608999 0.0691093877 -0.00809643418 -0.0324661881 -0.0210585296 0.0309270173 -0.0713441074 -0.11328283 -0.144696996 -0.12461485 -0.208057806 0.0711814836 0.0691926256 -0.102010243 -0.0837659687 -0.0329294056 -0.101690903 0.0248169564 0.0942519382 -0.0910186246 -0.0271096919 -0.17182444 -0.058830943 0.154247895 0.0419806577 -0.0951605439 0.0305908676 0.153443485 -0.0891109407 0.00851202756 -0.0161925741 -0.0640049949 0.065181084 0.0776596814 0.0340204164 0.0460445955 -0.00430295616 -0.00928818248 -0.190823704 -0.0529873371 -1.48266554e-05 -0.123782098 0.0540544987 0.105037704 -0.0507549345 -0.0145957209 0.162415594 0.0523634404
G957 -0.0258806124 0.0690419301 0.0398002267 -0.0831104964 -0.0223346371 0.0478147715 -0.0623921119 -0.0768838823 -0.14758338 0.0344519429 -0.026845742 0.0844570473 -0.0356111638 0.0805375278 -0.0331282951 -0.0793596581 0.0840608999 0.0691093951 -0.00809643418 -0.0324661806 -0.0210585222 0.0309269875 -0.0713441074 -0.11328283 -0.144696981 -0.124614857 -0.208057806 0.0711814761 0.0691926256 -0.102010243 -0.0837659687 -0.0329294205 -0.101690903 0.0248169601 0.0942519456 -0.0910186321 -0.0271096956 -0.17182444 -0.0588309355 0.154247895 0.0419806615 -0.0951605439 0.0305908676 0.153443485 -0.0891109556 0.00851202756 -0.0161925741 -0.0640049949 0.0651810765 0.0776596814 0.0340204164 0.0460445993 -0.00430296361 -0.00928818621 -0.190823704 -0.0529873371 -1.48303807e-05 -0.123782098 0.0540544987 0.105037704 -0.0507549383 -0.0145957265 0.162415609 0.0523634478
G958 -0.0387356095 0.0669244751 0.0345800966 -0.0795797855 -0.0218786336 0.0403929129 -0.0590353645 -0.0693182945 -0.149184078 0.0385295898 -0.0198876839 0.0839155391 -0.0340006165 0.080947414 -0.0367333926 -0.081216827 0.0805499703 0.0744301081 -0.0159229711 -0.0408946127 -0.0245157257 0.0301170349 -0.0738714114 -0.120020248 -0.151533395 -0.124949634 -0.200439155 0.0751910061 0.0713013262 -0.0969917178 -0.0871639475 -0.0270576775 -0.105253875 0.0171019193 0.083695583 -0.082423389 -0.0235845894 -0.175736547 -0.0564346351 0.153731391 0.0379661247 -0.0969333798 0.0304847881 0.149851799 -0.0845318809 0.00739600509 -0.0209355429 -0.0695140511 0.0674897879 0.0795635581 0.0213863477 0.0473263785 -0.00630423427 -0.0194903575 -0.191384703 -0.0543515235 -0.00605140999 -0.122693866 0.0580141656 0.100096241 -0.0429378636 -0.0251775514 0.156505555 0.0645749122
G959 -0.0387356058 0.0669244751 0.0345800966 -0.0795797855 -0.0218786318 0.0403929129 -0.0590353608 -0.0693182945 -0.149184078 0.0385295935 -0.0198876821 0.0839155465 -0.0340006165 0.0809473991 -0.0367333926 -0.081216827 0.0805499554 0.0744301155 -0.0159229636 -0.0408946127 -0.0245157257 0.0301170349 -0.0738714114 -0.120020255 -0.151533395 -0.124949634 -0.20043914 0.0751910061 0.0713013262 -0.0969917253 -0.0871639401 -0.0270576924 -0.105253875 0.0171019267 0.083695583 -0.0824233964 -0.0235845894 -0.175736547 -0.0564346276 0.153731406 0.0379661247 -0.0969333723 0.0304847918 0.149851814 -0.0845318809 0.00739599764 -0.0209355429 -0.0695140511 0.0674897879 0.0795635581 0.0213863477 0.0473263785 -0.00630423799 -0.0194903594 -0.191384718 -0.0543515235 -0.00605140999 -0.122693874 0.0580141768 0.100096241 -0.0429378673 -0.0251775514 0.15650557 0.0645748973
G960 -0.0387356095 0.0669244751 0.0345800966 -0.0795797855 -0.0218786336 0.0403929129 -0.0590353608 -0.0693182945 -0.149184078 0.0385295935 -0.0198876821 0.0839155391 -0.0340006165 0.0809473991 -0.0367333889 -0.081216827 0.0805499628 0.0744301155 -0.0159229711 -0.0408946127 -0.0245157257 0.0301170349 -0.0738714114 -0.120020255 -0.151533395 -0.124949634 -0.20043914 0.0751910061 0.0713013262 -0.0969917253 -0.0871639475 -0.0270576924 -0.105253875 0.0171019211 0.083695583 -0.082423389 -0.0235845931 -0.175736547 -0.0564346276 0.153731391 0.0379661284 -0.0969333872 0.0304847918 0.149851814 -0.0845318809 0.00739599764 -0.0209355466 -0.0695140511 0.0674897879 0.0795635581 0.0213863477 0.0473263785 -0.00630422682 -0.0194903575 -0.191384703 -0.0543515235 -0.00605140999 -0.122693874 0.0580141693 0.100096241 -0.0429378673 -0.0251775589 0.156505555 0.0645749047
G961 -0.0387356132 0.0669244677 0.0345800966 -0.0795797706 -0.0218786374 0.0403929204 -0.0590353645 -0.0693182945 -0.149184078 0.038529586 -0.0198876895 0.0839155316 -0.0340006165 0.080947414 -0.0367333926 -0.081216827 0.0805499628 0.0744301155 -0.0159229785 -0.0408946127 -0.0245157331 0.03011702 -0.0738714039 -0.120020248 -0.151533395 -0.124949634 -0.200439155 0.0751910061 0.0713013336 -0.0969917178 -0.0871639475 -0.0270576924 -0.10525389 0.0171019211 0.083695583 -0.082423389 -0.0235845894 -0.175736547 -0.0564346313 0.153731406 0.0379661284 -0.0969333723 0.0304847881 0.149851829 -0.0845318809 0.00739599019 -0.0209355466 -0.0695140585 0.0674897879 0.079563573 0.0213863552 0.0473263748 -0.00630422682 -0.0194903538 -0.191384703 -0.0543515235 -0.00605140999 -0.122693866 0.0580141731 0.100096241 -0.0429378673 -0.0251775533 0.156505555 0.0645748973
G962 -0.038735617 0.0669244677 0.0345800966 -0.0795797855 -0.0218786355 0.0403929241 -0.0590353645 -0.0693182945 -0.149184078 0.038529586 -0.0198876858 0.0839155316 -0.0340006202 0.0809473991 -0.0367333964 -0.081216827 0.0805499554 0.0744301155 -0.0159229636 -0.0408946127 -0.0245157257 0.03011702 -0.0738714114 -0.120020255 -0.15153338 -0.124949634 -0.200439155 0.0751910061 0.0713013262 -0.0969917253 -0.0871639326 -0.0270576924 -0.10525389 0.0171019267 0.0836955905 -0.082423389 -0.0235845931 -0.175736547 -0.0564346313 0.153731406 0.0379661247 -0.0969333798 0.0304847881 0.149851829 -0.0845318884 0.00739597529 -0.0209355429 -0.0695140511 0.0674897879 0.079563573 0.0213863477 0.0473263785 -0.00630423427 -0.0194903594 -0.191384703 -0.0543515235 -0.00605140999 -0.122693866 0.0580141731 0.100096241 -0.0429378711 -0.0251775533 0.15650557 0.0645748973
G963 -0.0387356095 0.0669244677 0.0345800966 -0.0795797706 -0.0218786355 0.0403929241 -0.0590353608 -0.0693182945 -0.149184078 0.038529586 -0.0198876802 0.0839155316 -0.0340006202 0.080947414 -0.0367333926 -0.081216827 0.0805499554 0.074430123 -0.0159229785 -0.0408946276 -0.0245157406 0.03011702 -0.0738714114 -0.120020255 -0.151533395 -0.124949634 -0.200439155 0.075191021 0.0713013262 -0.0969917178 -0.0871639475 -0.0270576775 -0.10525389 0.0171019193 0.083695583 -0.0824233964 -0.0235845856 -0.175736547 -0.0564346313 0.153731406 0.0379661247 -0.0969333798 0.0304847881 0.149851829 -0.0845318884 0.00739599019 -0.0209355392 -0.0695140511 0.0674897879 0.079563573 0.0213863477 0.0473263785 -0.00630423799 -0.0194903594 -0.191384703 -0.0543515235 -0.00605140626 -0.122693866 0.0580141768 0.100096248 -0.0429378673 -0.0251775552 0.156505555 0.0645748973
G964 -0.0387355983 0.0669244677 0.0345800966 -0.0795797706 -0.0218786355 0.0403929129 -0.0590353645 -0.0693182796 -0.149184078 0.0385295786 -0.0198876783 0.0839155316 -0.034000624 0.080947414 -0.0367334038 -0.0812168345 0.0805499628 0.0744301081 -0.0159229636 -0.0408946052 -0.0245157257 0.0301170349 -0.0738714039 -0.120020255 -0.151533395 -0.124949634 -0.200439155 0.0751910061 0.0713013113 -0.0969917178 -0.0871639401 -0.0270576924 -0.105253875 0.0171019174 0.083695583 -0.082423389 -0.0235845856 -0.175736547 -0.0564346313 0.153731406 0.0379661247 -0.0969333798 0.0304847881 0.149851829 -0.0845318735 0.00739599764 -0.0209355429 -0.0695140511 0.0674897879 0.0795635879 0.0213863552 0.0473263785 -0.00630423054 -0.0194903612 -0.191384703 -0.0543515235 -0.00605140626 -0.122693866 0.0580141768 0.100096241 -0.0429378636 -0.0251775626 0.156505555 0.0645748973
G965 -0.0387356132 0.0669244751 0.0345800966 -0.0795797706 -0.0218786318 0.0403929092 -0.0590353645 -0.0693182796 -0.149184063 0.0385295749 -0.0198876821 0.0839155316 -0.0340006165 0.080947414 -0.0367333964 -0.081216827 0.0805499628 0.0744301081 -0.0159229785 -0.0408945978 -0.0245157257 0.0301170349 -0.0738714039 -0.120020255 -0.151533395 -0.124949634 -0.200439155 0.0751910061 0.0713013336 -0.0969917178 -0.0871639401 -0.0270576924 -0.10525389 0.0171019211 0.083695583 -0.0824233815 -0.0235845894 -0.175736561 -0.0564346313 0.153731376 0.0379661247 -0.0969333723 0.0304847881 0.149851814 -0.0845318735 0.00739599019 -0.0209355392 -0.0695140585 0.067489773 0.0795635879 0.0213863552 0.0473263785 -0.00630423427 -0.0194903612 -0.191384718 -0.0543515235 -0.00605140999 -0.122693866 0.0580141805 0.100096241 -0.0429378599 -0.0251775663 0.15650557 0.0645748973
G966 -0.0387355983 0.0669244677 0.0345800966 -0.0795797706 -0.0218786336 0.0403929129 -0.0590353608 -0.0693182945 -0.149184078 0.0385295749 -0.0198876783 0.0839155316 -0.034000624 0.080947414 -0.0367334038 -0.081216827 0.0805499554 0.0744301155 -0.0159229636 -0.0408946052 -0.0245157331 0.0301170349 -0.0738714039 -0.120020255 -0.151533395 -0.124949634 -0.200439155 0.0751910061 0.0713013113 -0.0969917178 -0.0871639401 -0.0270576775 -0.10525389 0.0171019193 0.0836955905 -0.082423389 -0.0235845819 -0.175736547 -0.0564346313 0.153731406 0.0379661247 -0.0969333798 0.0304847881 0.149851829 -0.0845318809 0.00739599764 -0.0209355354 -0.0695140436 0.0674897879 0.0795635879 0.0213863552 0.047326386 -0.00630423799 -0.0194903649 -0.191384703 -0.0543515235 -0.00605140254 -0.122693881 0.0580141768 0.100096241 -0.0429378636 -0.0251775663 0.156505555 0.0645748973
G967 -0.0387356132 0.0669244826 0.0345800966 -0.0795797855 -0.0218786355 0.0403929092 -0.0590353608 -0.0693182945 -0.149184063 0.0385295786 -0.0198876821 0.0839155316 -0.0340006165 0.0809473991 -0.0367333926 -0.081216827 0.0805499628 0.0744301155 -0.0159229636 -0.0408946127 -0.0245157257 0.0301170349 -0.0738714114 -0.120020255 -0.151533395 -0.124949634 -0.200439155 0.0751910061 0.0713013187 -0.0969917327 -0.0871639326 -0.0270576924 -0.105253875 0.017101923 0.083695583 -0.0824233815 -0.0235845912 -0.175736547 -0.0564346202 0.153731376 0.0379661247 -0.0969333723 0.0304847788 0.149851814 -0.0845318884 0.00739599764 -0.0209355354 -0.0695140511 0.0674897879 0.0795635879 0.0213863701 0.047326386 -0.00630422682 -0.0194903575 -0.191384703 -0.0543515235 -0.00605140999 -0.122693866 0.0580141731 0.100096241 -0.0429378562 -0.0251775514 0.15650557 0.0645749122
G968 -0.038735617 0.0669244826 0.0345800966 -0.0795797855 -0.0218786355 0.0403929129 -0.0590353571 -0.0693182871 -0.149184078 0.0385295786 -0.0198876783 0.0839155316 -0.0340006165 0.0809473991 -0.0367333889 -0.081216827 0.0805499703 0.0744301081 -0.0159229711 -0.0408946127 -0.0245157257 0.0301170349 -0.0738714039 -0.120020255 -0.151533395 -0.124949634 -0.200439155 0.0751909912 0.0713013262 -0.0969917327 -0.0871639401 -0.0270576924 -0.105253875 0.0171019211 0.0836955905 -0.0824233815 -0.0235845912 -0.175736547 -0.0564346202 0.153731376 0.0379661284 -0.0969333798 0.0304847807 0.149851814 -0.0845318809 0.00739599764 -0.0209355392 -0.0695140511 0.0674897805 0.0795635879 0.0213863701 0.047326386 -0.00630422682 -0.0194903538 -0.191384703 -0.0543515235 -0.00605140626 -0.122693866 0.0580141768 0.100096241 -0.0429378562 -0.0251775589 0.156505555 0.0645749122
G969 -0.0387356132 0.0669244826 0.0345800966 -0.0795797706 -0.0218786336 0.0403929129 -0.0590353608 -0.0693182945 -0.149184078 0.0385295786 -0.0198876802 0.0839155316 -0.0340006202 0.080947414 -0.0367333926 -0.081216827 0.0805499628 0.0744301155 -0.0159229636 -0.0408946127 -0.0245157331 0.0301170349 -0.0738714114 -0.120020255 -0.151533395 -0.124949634 -0.200439155 0.0751910061 0.0713013336 -0.0969917327 -0.0871639401 -0.0270576775 -0.105253875 0.0171019174 0.083695583 -0.0824233815 -0.0235845856 -0.175736561 -0.0564346239 0.153731406 0.0379661322 -0.0969333723 0.0304847788 0.149851829 -0.0845318809 0.00739599764 -0.0209355317 -0.0695140436 0.0674897879 0.0795635879 0.0213863701 0.047326386 -0.00630423054 -0.0194903575 -0.191384703 -0.0543515235 -0.00605140626 -0.122693874 0.0580141805 0.100096241 -0.0429378524 -0.0251775552 0.156505555 0.0645749122
G970 -0.0258806162 0.0690419152 0.0398002267 -0.0831105039 -0.0223346353 0.0478147753 -0.0623921193 -0.0768838823 -0.147583395 0.0344519354 -0.0268457383 0.0844570547 -0.0356111601 0.0805375278 -0.0331282914 -0.0793596581 0.084060885 0.0691093951 -0.00809643418 -0.0324661881 -0.0210585222 0.0309270024 -0.0713440999 -0.11328283 -0.144696981 -0.12461485 -0.208057806 0.0711814836 0.0691926181 -0.10201025 -0.0837659687 -0.0329294056 -0.101690888 0.0248169601 0.0942519382 -0.0910186172 -0.0271096826 -0.171824455 -0.0588309355 0.154247895 0.041980654 -0.0951605365 0.0305908713 0.153443485 -0.0891109407 0.00851202756 -0.0161925815 -0.0640049949 0.065181084 0.0776596963 0.034020409 0.0460445881 -0.00430296734 -0.00928818621 -0.190823719 -0.0529873371 -1.48303807e-05 -0.123782098 0.0540544987 0.105037704 -0.0507549383 -0.0145957209 0.162415594 0.0523634404
G971 -0.0258806124 0.0690419078 0.0398002267 -0.0831104964 -0.022334639 0.0478147715 -0.0623921156 -0.0768838823 -0.147583365 0.0344519354 -0.026845742 0.0844570547 -0.0356111638 0.0805375576 -0.0331282914 -0.0793596581 0.0840608925 0.0691093951 -0.00809643418 -0.0324661881 -0.0210585222 0.0309269875 -0.0713440999 -0.11328283 -0.144696966 -0.12461485 -0.208057806 0.0711814836 0.0691926181 -0.102010243 -0.0837659612 -0.0329294056 -0.101690888 0.0248169657 0.0942519531 -0.0910186321 -0.0271096844 -0.17182444 -0.058830943 0.15424791 0.041980654 -0.0951605439 0.0305908713 0.1534435 -0.0891109556 0.00851202756 -0.0161925815 -0.06400498 0.065181084 0.0776596814 0.034020409 0.0460445955 -0.00430296734 -0.00928817876 -0.190823704 -0.0529873371 -1.48303807e-05 -0.123782098 0.0540544987 0.105037704 -0.0507549383 -0.0145957172 0.162415609 0.0523634404
G972 -0.0258806087 0.0690419227 0.0398002192 -0.0831104964 -0.0223346353 0.0478147641 -0.0623921193 -0.0768838823 -0.147583365 0.0344519354 -0.026845742 0.0844570547 -0.0356111601 0.0805375278 -0.0331282988 -0.0793596655 0.0840608999 0.0691093951 -0.00809641927 -0.0324661881 -0.0210585296 0.0309270173 -0.0713440999 -0.113282837 -0.144696996 -0.12461485 -0.208057806 0.0711814761 0.0691926256 -0.102010243 -0.0837659538 -0.0329294056 -0.101690888 0.024816962 0.0942519531 -0.0910186172 -0.0271096826 -0.17182444 -0.0588309318 0.154247895 0.041980654 -0.0951605514 0.0305908732 0.153443485 -0.0891109407 0.00851202756 -0.0161925666 -0.0640050024 0.0651810616 0.0776596814 0.0340204164 0.0460445918 -0.00430297107 -0.00928818807 -0.190823704 -0.0529873371 -1.4834106e-05 -0.123782083 0.0540545061 0.105037704 -0.050754942 -0.0145957172 0.162415609 0.0523634627
G973 -0.025880605 0.0690419227 0.0398002192 -0.083110489 -0.0223346371 0.0478147678 -0.0623921193 -0.0768838823 -0.14758338 0.0344519429 -0.026845742 0.0844570622 -0.0356111676 0.0805375576 -0.0331282914 -0.0793596581 0.0840608925 0.0691093951 -0.00809643418 -0.0324661881 -0.0210585222 0.0309270024 -0.0713440999 -0.113282844 -0.144696996 -0.12461485 -0.208057806 0.0711814761 0.0691926181 -0.102010243 -0.0837659612 -0.0329294056 -0.101690888 0.0248169601 0.0942519531 -0.0910186246 -0.0271096919 -0.171824455 -0.0588309355 0.154247895 0.0419806577 -0.0951605514 0.0305908713 0.153443485 -0.0891109556 0.00851202756 -0.0161925741 -0.0640049875 0.0651810765 0.0776596963 0.0340204239 0.0460445993 -0.00430297479 -0.00928818621 -0.190823704 -0.0529873371 -1.48266554e-05 -0.123782091 0.0540545061 0.105037712 -0.0507549383 -0.0145957246 0.162415594 0.0523634627
G974 -0.0258806236 0.0690419301 0.0398002267 -0.083110489 -0.022334639 0.0478147641 -0.062392123 -0.0768838823 -0.147583395 0.034451928 -0.0268457383 0.0844570547 -0.0356111601 0.0805375278 -0.0331282988 -0.0793596581 0.0840608999 0.0691093951 -0.00809643418 -0.0324661881 -0.0210585371 0.0309269875 -0.0713440999 -0.113282837 -0.144696981 -0.12461485 -0.208057806 0.0711814836 0.0691926256 -0.102010243 -0.0837659612 -0.0329294354 -0.101690903 0.0248169601 0.0942519456 -0.0910186172 -0.0271096863 -0.17182444 -0.0588309355 0.15424788 0.041980654 -0.0951605439 0.0305908695 0.153443471 -0.0891109481 0.00851202756 -0.0161925741 -0.0640050024 0.0651810691 0.0776596814 0.0340204164 0.0460445993 -0.00430296361 -0.00928818062 -0.190823704 -0.0529873222 -1.48266554e-05 -0.123782106 0.0540544987 0.105037704 -0.0507549383 -0.0145957284 0.162415609 0.0523634627
G975 -0.0258806236 0.0690419301 0.0398002267 -0.083110489 -0.022334639 0.0478147715 -0.0623921193 -0.0768838823 -0.147583365 0.034451928 -0.026845742 0.0844570547 -0.0356111638 0.0805375576 -0.0331282914 -0.0793596581 0.0840608999 0.0691093951 -0.00809641927 -0.032466203 -0.0210585222 0.0309270024 -0.0713440999 -0.113282837 -0.144696966 -0.124614857 -0.208057806 0.0711814836 0.0691926256 -0.102010243 -0.0837659538 -0.0329294056 -0.101690888 0.0248169694 0.0942519456 -0.0910186172 -0.0271096919 -0.17182444 -0.058830943 0.15424788 0.041980654 -0.0951605439 0.0305908695 0.153443485 -0.0891109556 0.00851202011 -0.0161925815 -0.06400498 0.0651810691 0.0776596963 0.0340204164 0.0460446067 -0.00430296361 -0.00928817689 -0.190823704 -0.0529873222 -1.48266554e-05 -0.123782106 0.0540544987 0.105037704 -0.0507549457 -0.0145957209 0.162415609 0.0523634627
G976 -0.0258806199 0.0690419376 0.0398002267 -0.0831104964 -0.0223346353 0.0478147641 -0.0623921156 -0.0768838823 -0.147583395 0.0344519354 -0.0268457402 0.0844570547 -0.0356111638 0.0805375278 -0.0331282988 -0.0793596506 0.0840608925 0.0691094026 -0.00809644163 -0.0324661881 -0.0210585296 0.0309270024 -0.0713440999 -0.113282837 -0.144696981 -0.124614857 -0.208057806 0.071181491 0.0691926256 -0.102010243 -0.0837659538 -0.0329294205 -0.101690888 0.0248169564 0.0942519382 -0.0910186172 -0.0271096937 -0.17182444 -0.0588309355 0.154247895 0.0419806577 -0.0951605439 0.0305908676 0.153443485 -0.0891109556 0.00851202756 -0.0161925815 -0.0640049875 0.0651810765 0.0776596814 0.034020409 0.0460445955 -0.00430297107 -0.00928817503 -0.190823704 -0.0529873371 -1.48303807e-05 -0.123782098 0.0540544987 0.105037704 -0.0507549308 -0.0145957246 0.162415609 0.0523634702
G977 -0.0258806236 0.0690419301 0.0398002267 -0.0831104964 -0.0223346353 0.0478147715 -0.0623921156 -0.0768838823 -0.14758338 0.0344519354 -0.0268457439 0.0844570547 -0.0356111676 0.0805375576 -0.0331282988 -0.0793596506 0.0840608925 0.0691093951 -0.00809644163 -0.0324661881 -0.0210585222 0.0309270024 -0.0713440999 -0.113282837 -0.144696996 -0.124614857 -0.208057806 0.0711814836 0.0691926181 -0.102010243 -0.0837659538 -0.0329294056 -0.101690888 0.0248169601 0.0942519456 -0.0910186172 -0.0271096975 -0.171824455 -0.0588309355 0.154247895 0.0419806577 -0.0951605439 0.0305908676 0.1534435 -0.0891109556 0.00851202756 -0.0161925815 -0.06400498 0.0651810765 0.0776596963 0.0340204239 0.046044603 -0.00430297107 -0.00928817689 -0.190823704 -0.0529873371 -1.48266554e-05 -0.123782098 0.0540544987 0.105037704 -0.0507549308 -0.0145957284 0.162415594 0.0523634627
G978 -0.00877579302 -0.0464733057 -0.075822711 -0.0168927945 0.0839143172 0.109270275 -0.0357908793 0.0292454213 -0.123594657 0.0578119755 -0.0979332179 0.0925583839 -0.0470331013 -0.0253420249 0.069239676 -0.057206817 0.0567678474 -0.0063675358 0.0602330267 -0.00107505172 -0.00992101431 0.0756448805 -0.0148925204 0.0549599603 -0.0371248275 -0.029133074 -0.237018391 0.142534345 -0.00963257253 -0.0400734842 0.0275799334 0.0660510063 -0.0777637661 -0.0474096164 0.0417707339 -0.0148814078 0.0310362875 -0.167582482 0.0501659065 0.0615048781 -0.0422486328 -0.0130660832 -0.123253226 0.179570943 -0.0176272504 0.0963649675 0.0130364746 -0.0672636926 0.0628051683 -0.071065791 0.0307210032 0.0774351135 0.00333947316 0.0544119589 -0.0902972519 0.100163721 -0.150653079 -0.105517633 0.0651649088 0.194020212 -0.00892102625 -0.00544464588 0.00263218954 0.0360372849
G979 -0.00877579302 -0.0464733057 -0.075822711 -0.0168927908 0.0839143246 0.109270275 -0.0357908867 0.0292454176 -0.123594657 0.0578119606 -0.0979332253 0.0925583765 -0.0470330976 -0.0253420249 0.0692396685 -0.057206817 0.0567678474 -0.00636753533 0.0602330267 -0.00107505172 -0.00992101431 0.0756448805 -0.0148925185 0.0549599677 -0.0371248275 -0.0291330814 -0.237018391 0.142534345 -0.00963256881 -0.0400734916 0.0275799278 0.0660510063 -0.0777637735 -0.0474096164 0.0417707339 -0.014881406 0.0310362875 -0.167582482 0.0501658991 0.0615048781 -0.0422486365 -0.0130660832 -0.123253234 0.179570943 -0.0176272467 0.0963649675 0.0130364671 -0.0672637001 0.0628051609 -0.071065791 0.0307210013 0.0774351135 0.00333947316 0.0544119552 -0.0902972519 0.100163713 -0.150653079 -0.105517626 0.0651649013 0.194020197 -0.00892102718 -0.00544464588 0.00263218954 0.0360372849
G980 -0.00877579302 -0.0464733057 -0.075822711 -0.0168927945 0.0839143172 0.109270275 -0.0357908793 0.0292454232 -0.123594664 0.057811968 -0.0979332253 0.0925583839 -0.0470330939 -0.0253420249 0.069239676 -0.057206817 0.0567678474 -0.00636753952 0.0602330267 -0.00107505918 -0.00992101431 0.075644888 -0.0148925185 0.0549599603 -0.0371248275 -0.029133074 -0.237018391 0.142534345 -0.00963256881 -0.0400734916 0.0275799353 0.0660510063 -0.0777637735 -0.0474096164 0.0417707339 -0.0148814023 0.0310362913 -0.167582482 0.050165914 0.0615048632 -0.0422486439 -0.0130660906 -0.123253226 0.179570943 -0.0176272504 0.0963649675 0.0130364671 -0.0672637001 0.0628051609 -0.0710657984 0.0307210032 0.0774351209 0.00333947316 0.0544119515 -0.0902972519 0.100163713 -0.150653064 -0.105517641 0.0651649013 0.194020197 -0.00892102811 -0.00544464588 0.00263219327 0.0360372812
G981 -0.00877579302 -0.0464733057 -0.075822711 -0.0168927945 0.0839143246 0.109270275 -0.0357908793 0.0292454213 -0.123594657 0.057811968 -0.0979332179 0.0925583765 -0.0470330976 -0.0253420323 0.0692396685 -0.0572068244 0.0567678474 -0.00636753114 0.0602330267 -0.00107505918 -0.00992101431 0.0756448805 -0.0148925204 0.0549599677 -0.0371248275 -0.029133074 -0.237018391 0.142534345 -0.00963256881 -0.0400734916 0.0275799315 0.0660510063 -0.0777637735 -0.0474096164 0.0417707413 -0.0148814041 0.031036295 -0.167582482 0.050165914 0.0615048781 -0.0422486402 -0.0130660906 -0.123253241 0.179570943 -0.0176272467 0.0963649675 0.0130364671 -0.0672637001 0.0628051683 -0.071065791 0.0307210032 0.0774351209 0.00333948061 0.0544119552 -0.0902972519 0.100163713 -0.150653079 -0.105517626 0.0651649013 0.194020197 -0.00892102066 -0.00544464588 0.0026321914 0.0360372812
G982 -0.00877579302 -0.0464733057 -0.0758226961 -0.0168927945 0.0839143246 0.10927029 -0.0357908867 0.0292454232 -0.123594642 0.0578119606 -0.0979332253 0.0925583839 -0.0470330976 -0.0253420398 0.069239676 -0.0572068319 0.0567678586 -0.00636752741 0.060233023 -0.00107505172 -0.00992101431 0.0756448731 -0.0148925195 0.0549599752 -0.0371248275 -0.0291330889 -0.237018391 0.142534345 -0.00963257626 -0.0400734991 0.0275799297 0.0660509914 -0.0777637661 -0.0474096276 0.0417707451 -0.0148813985 0.031036295 -0.167582482 0.0501658991 0.0615048632 -0.042248629 -0.0130660832 -0.123253234 0.179570943 -0.0176272541 0.096364975 0.013036482 -0.0672637001 0.0628051683 -0.0710658059 0.0307210013 0.0774351135 0.00333947316 0.0544119552 -0.0902972445 0.100163721 -0.150653079 -0.105517626 0.0651649088 0.194020197 -0.00892103091 -0.00544464588 0.00263218954 0.0360372812
G983 -0.00877579302 -0.0464733094 -0.0758227035 -0.0168927945 0.0839143246 0.10927029 -0.0357908867 0.0292454213 -0.123594642 0.0578119606 -0.0979332179 0.0925583839 -0.0470330976 -0.0253420398 0.0692396685 -0.0572068319 0.0567678623 -0.00636752928 0.060233023 -0.00107505918 -0.00992101431 0.0756448805 -0.0148925195 0.0549599677 -0.0371248275 -0.029133074 -0.237018391 0.142534345 -0.00963256881 -0.0400734916 0.0275799297 0.0660509914 -0.0777637661 -0.0474096276 0.0417707339 -0.0148813985 0.0310362913 -0.167582482 0.0501658991 0.0615048632 -0.042248629 -0.0130660832 -0.123253234 0.179570943 -0.0176272541 0.096364975 0.013036482 -0.0672636926 0.0628051609 -0.0710657984 0.0307210032 0.0774351209 0.00333947316 0.0544119589 -0.0902972519 0.100163713 -0.150653079 -0.105517641 0.0651649013 0.194020197 -0.00892102718 -0.00544464961 0.0026321914 0.0360372812
G984 -0.00877578557 -0.0464733019 -0.0758227035 -0.0168927945 0.0839143023 0.10927029 -0.0357908905 0.0292454269 -0.123594657 0.0578119606 -0.0979332328 0.092558369 -0.047033105 -0.0253420286 0.069239676 -0.057206817 0.0567678474 -0.00636752928 0.0602330193 -0.00107505172 -0.00992101431 0.0756448805 -0.0148925195 0.0549599677 -0.0371248201 -0.0291330591 -0.237018421 0.142534345 -0.00963257253 -0.0400734916 0.0275799334 0.0660510063 -0.077763781 -0.0474096201 0.0417707488 -0.0148814078 0.0310362913 -0.167582482 0.0501659065 0.0615048632 -0.0422486253 -0.0130660981 -0.123253234 0.179570943 -0.0176272541 0.096364975 0.0130364746 -0.0672636926 0.0628051683 -0.071065791 0.0307209995 0.0774351135 0.00333948061 0.0544119626 -0.0902972296 0.100163713 -0.150653079 -0.105517626 0.0651649088 0.194020182 -0.00892102998 -0.00544464961 0.00263219886 0.0360372812
G985 -0.00877578557 -0.0464733019 -0.0758227035 -0.0168927945 0.0839143172 0.10927029 -0.0357908867 0.029245425 -0.123594657 0.0578119755 -0.0979332253 0.092558369 -0.0470331013 -0.025342036 0.069239676 -0.0572068095 0.0567678437 -0.00636752928 0.0602330193 -0.00107505172 -0.00992101431 0.0756448805 -0.0148925213 0.0549599677 -0.0371248126 -0.029133074 -0.237018421 0.142534345 -0.00963257253 -0.0400734916 0.0275799334 0.0660510063 -0.0777637661 -0.0474096239 0.0417707488 -0.014881405 0.031036295 -0.167582467 0.0501658991 0.0615048632 -0.0422486253 -0.0130661055 -0.123253234 0.179570943 -0.0176272392 0.096364975 0.0130364671 -0.0672637001 0.0628051683 -0.071065791 0.0307210013 0.0774351135 0.00333948433 0.0544119626 -0.090297237 0.100163713 -0.150653079 -0.105517626 0.0651649088 0.194020197 -0.00892102998 -0.00544465147 0.00263219699 0.0360372812
G986 0.0404279605 -0.0451836735 -0.0480170958 -0.187678248 0.00961259753 0.0505302995 -0.0376721919 -0.0681842789 -0.0607877746 0.0902062431 -0.0437547378 0.162884414 -0.171322092 0.10245081 -0.0639421269 -0.0428677574 -0.0107177757 0.120805353 -0.0237923265 -0.0517101623 -0.0418287888 0.025834471 -0.146610305 -0.0967726111 -0.118596844 -0.121140465 -0.203336358 0.166567892 0.140553012 0.0739766061 0.0630343035 0.0666702986 0.0247334689 0.0341819711 0.0209385008 -0.111837201 0.0531218164 -0.0426416472 0.014797749 0.178805381 0.131787002 -0.0664882734 -0.0603843704 0.25464648 -0.178538993 0.0766485706 -0.078253299 -0.0173508823 -0.0187791437 0.0729357004 -0.0276658386 0.0993338376 -0.0629902929 0.0132903755 -0.0104407966 -0.0741172358 0.0288128629 -0.036851272 0.13185671 0.187421098 0.0451083966 0.0490507334 0.00700167567 -0.109257385
G991 0.0404279605 -0.0451836623 -0.048017092 -0.187678248 0.00961259753 0.0505302995 -0.0376721993 -0.0681842789 -0.0607877746 0.0902062356 -0.0437547341 0.162884399 -0.171322092 0.10245081 -0.0639421195 -0.0428677574 -0.0107177757 0.120805353 -0.0237923339 -0.0517101586 -0.0418287851 0.0258344747 -0.14661029 -0.0967726186 -0.118596844 -0.121140465 -0.203336373 0.166567907 0.140553027 0.0739766061 0.0630343035 0.0666702986 0.0247334689 0.0341819674 0.0209384933 -0.111837193 0.0531218126 -0.0426416434 0.0147977509 0.178805381 0.131787002 -0.066488266 -0.0603843704 0.25464648 -0.178538993 0.0766485706 -0.078253299 -0.0173508748 -0.0187791437 0.072935693 -0.0276658498 0.0993338376 -0.0629903004 0.0132903755 -0.0104408003 -0.0741172284 0.0288128778 -0.036851272 0.131856695 0.187421098 0.0451083966 0.0490507334 0.00700167194 -0.109257385
G996 0.000525183976 -0.0540936962 -0.0919422358 -0.00858319178 0.0747680813 0.136983275 -0.0112108812 0.0135680661 -0.162473157 0.0987525582 -0.0867466554 0.0602351502 -0.041063074 0.00511326641 0.102883011 -0.0950309932 0.0584943034 0.0441350713 0.0593401641 0.0042116791 0.0276682228 0.0903648511 -0.0256933458 0.0555735156 -0.0601969138 -0.0479542725 -0.230230436 0.165866435 0.0325642638 -0.0270467028 0.0152357351 0.0521284491 -0.0916680321 -0.0519687384 0.0339706242 -0.0301522966 0.0779861137 -0.163043395 0.0481927991 0.0726601481 -0.0214879885 -0.0414441675 -0.101611242 0.199832797 -0.00745627284 0.0928210244 0.0271341056 -0.0509995334 0.0674868301 -0.0376256108 0.00511135347 0.0718203783 -0.00100855902 0.0279059205 -0.0947157964 0.0296852998 -0.14351368 -0.143935189 0.0966468453 0.196181804 -0.0344316885 -0.00518950261 0.0182931591 0.0548746698
G1001 0.000525198877 -0.0540936925 -0.0919422433 -0.00858319178 0.0747680888 0.136983275 -0.0112108812 0.0135680623 -0.162473142 0.0987525731 -0.0867466554 0.0602351427 -0.0410630777 0.00511325151 0.102883011 -0.0950309932 0.0584942997 0.0441350713 0.0593401566 0.00421167165 0.0276682377 0.0903648511 -0.0256933477 0.0555735081 -0.0601969287 -0.0479542725 -0.230230436 0.165866435 0.0325642601 -0.0270467028 0.015235736 0.0521284491 -0.0916680247 -0.0519687496 0.0339706205 -0.0301522948 0.0779861212 -0.163043395 0.0481927991 0.0726601481 -0.0214879867 -0.0414441749 -0.101611242 0.199832782 -0.00745627284 0.0928210318 0.0271340907 -0.0509995371 0.0674868301 -0.0376256034 0.0051113572 0.0718203783 -0.00100855902 0.0279059242 -0.0947157964 0.0296852998 -0.143513709 -0.143935174 0.0966468453 0.196181804 -0.034431681 -0.00518950261 0.0182931609 0.0548746735
G1006 0.000525191426 -0.0540936962 -0.0919422433 -0.00858319551 0.0747680813 0.136983275 -0.0112108849 0.0135680642 -0.162473157 0.0987525731 -0.0867466554 0.0602351427 -0.0410630815 0.00511326641 0.102883011 -0.0950310081 0.0584943108 0.0441350751 0.0593401529 0.00421167165 0.0276682228 0.0903648511 -0.0256933495 0.0555735193 -0.0601969063 -0.0479542613 -0.230230421 0.165866435 0.0325642638 -0.027046714 0.015235737 0.0521284491 -0.0916680321 -0.0519687533 0.033970613 -0.0301522929 0.0779861137 -0.163043395 0.0481928065 0.0726601556 -0.0214879978 -0.0414441749 -0.101611242 0.199832797 -0.00745627284 0.0928210244 0.0271340907 -0.0509995334 0.0674868375 -0.0376256108 0.00511134602 0.0718203858 -0.00100856274 0.0279059205 -0.094715789 0.0296853129 -0.14351368 -0.143935189 0.0966468453 0.196181789 -0.0344316885 -0.00518950447 0.0182931572 0.0548746698
G1011 0.000525198877 -0.0540936887 -0.0919422433 -0.00858319551 0.0747680813 0.136983275 -0.0112108886 0.0135680614 -0.162473142 0.0987525582 -0.0867466554 0.0602351353 -0.0410630815 0.00511326641 0.102883011 -0.0950309932 0.0584943183 0.0441350751 0.0593401566 0.00421167165 0.02766826 0.0903648511 -0.0256933495 0.0555735081 -0.0601969138 -0.0479542613 -0.230230436 0.165866435 0.032564275 -0.0270467028 0.0152357295 0.0521284491 -0.0916680247 -0.0519687384 0.0339706168 -0.0301522892 0.0779861137 -0.163043395 0.0481928065 0.0726601556 -0.0214879885 -0.0414441712 -0.101611249 0.199832782 -0.00745627284 0.0928210318 0.0271340981 -0.0509995334 0.0674868301 -0.0376255997 0.00511134975 0.0718203783 -0.00100855902 0.0279059149 -0.094715789 0.0296852998 -0.143513709 -0.143935189 0.0966468453 0.196181804 -0.0344316848 -0.00518950261 0.0182931572 0.0548746735
G1016 0.000525191426 -0.0540936962 -0.0919422284 -0.00858319178 0.0747680813 0.136983275 -0.0112108849 0.0135680679 -0.162473142 0.0987525582 -0.0867466554 0.0602351502 -0.0410630815 0.00511325896 0.102883011 -0.0950309932 0.0584942997 0.0441350751 0.0593401603 0.0042116791 0.0276682377 0.0903648511 -0.0256933477 0.0555735193 -0.0601969138 -0.0479542576 -0.230230436 0.165866435 0.0325642712 -0.0270467103 0.0152357332 0.0521284491 -0.0916680396 -0.0519687459 0.0339706093 -0.0301522873 0.0779861063 -0.163043395 0.0481927991 0.0726601556 -0.0214879829 -0.0414441712 -0.101611242 0.199832797 -0.00745627284 0.0928210318 0.0271340981 -0.0509995334 0.0674868301 -0.0376256034 0.00511134975 0.0718203783 -0.00100854412 0.0279059149 -0.094715789 0.0296853036 -0.14351368 -0.143935189 0.0966468453 0.196181804 -0.0344316848 -0.00518950261 0.0182931572 0.0548746735
G1021 0.000525183976 -0.0540936962 -0.0919422358 -0.00858319178 0.0747680888 0.136983275 -0.0112108812 0.0135680586 -0.162473157 0.0987525731 -0.086746648 0.0602351353 -0.0410630815 0.00511325896 0.102883004 -0.0950309932 0.0584943034 0.0441350788 0.0593401566 0.00421167165 0.0276682526 0.0903648511 -0.0256933533 0.0555735081 -0.0601969212 -0.0479542539 -0.230230436 0.165866435 0.032564275 -0.0270467028 0.0152357388 0.0521284491 -0.0916680247 -0.0519687496 0.0339706205 -0.0301522948 0.0779861212 -0.163043395 0.0481928065 0.0726601481 -0.0214879811 -0.0414441712 -0.101611249 0.199832797 -0.00745627284 0.0928210318 0.0271340907 -0.0509995334 0.0674868375 -0.0376256034 0.00511135533 0.0718203783 -0.00100855902 0.0279059187 -0.094715789 0.0296852998 -0.14351368 -0.143935189 0.0966468453 0.196181819 -0.0344316848 -0.00518950447 0.0182931572 0.0548746809
G1026 0.000525183976 -0.0540936925 -0.0919422284 -0.00858319923 0.0747680813 0.136983275 -0.0112108737 0.0135680661 -0.162473142 0.0987525657 -0.086746648 0.0602351502 -0.0410630815 0.00511325151 0.102883004 -0.0950309932 0.0584943034 0.0441350788 0.0593401529 0.00421167165 0.0276682302 0.0903648511 -0.0256933309 0.0555735119 -0.0601969212 -0.047954265 -0.230230436 0.165866435 0.0325642675 -0.0270467103 0.0152357332 0.0521284491 -0.0916680321 -0.0519687459 0.0339706205 -0.0301522929 0.0779861212 -0.163043395 0.0481927991 0.0726601705 -0.0214879811 -0.0414441749 -0.101611242 0.199832797 -0.00745628029 0.0928210318 0.0271341056 -0.0509995259 0.0674868226 -0.0376256071 0.00511135533 0.0718203783 -0.00100856274 0.0279059205 -0.094715789 0.0296853073 -0.143513709 -0.143935189 0.0966468528 0.196181819 -0.0344316997 -0.00518950447 0.0182931572 0.0548746549
G1031 0.000525176525 -0.0540936925 -0.0919422433 -0.0085832011 0.0747680813 0.136983275 -0.0112108812 0.0135680633 -0.162473142 0.0987525582 -0.0867466331 0.0602351464 -0.041063074 0.00511325896 0.102883011 -0.0950309932 0.0584943034 0.0441350788 0.0593401529 0.00421167165 0.0276682377 0.0903648511 -0.0256933346 0.0555735119 -0.0601969138 -0.0479542799 -0.230230421 0.165866435 0.032564275 -0.0270467103 0.0152357426 0.0521284491 -0.0916680321 -0.0519687533 0.033970613 -0.0301522929 0.0779861286 -0.16304341 0.0481927991 0.0726601705 -0.0214879811 -0.0414441749 -0.101611242 0.199832782 -0.00745628029 0.0928210318 0.0271341056 -0.0509995371 0.0674868375 -0.0376256146 0.00511135161 0.0718203783 -0.00100855529 0.0279059205 -0.094715789 0.0296853147 -0.143513724 -0.143935189 0.0966468453 0.196181804 -0.0344316885 -0.0051895082 0.0182931665 0.0548746474
G1036 0.00696109235 -0.058208596 -0.0835279524 -0.0361658931 0.0951097533 0.139224872 -0.00611547381 0.0176111758 -0.12096861 0.0277583674 -0.1055388 0.10040985 -0.0416127853 -0.00872351974 0.0891731977 -0.0913520455 0.0330896974 0.0242574234 0.0703036785 0.0230346918 0.0162514597 0.0699207932 -0.063589476 0.0676978827 -0.0613655448 -0.0362263992 -0.23942478 0.171015561 0.0222381335 -0.0279798433 -0.0138808005 0.0472127348 -0.0856943652 -0.0403396897 0.018469777 -0.00547744334 0.049664557 -0.165048033 0.0765223801 0.096680589 -0.0133336447 -0.0495982766 -0.115888968 0.213718593 -0.00175051391 0.100015685 0.0169737712 -0.0512867235 0.0956904888 -0.0546604544 0.0142956711 0.0854567662 -0.0274184346 0.0260731503 -0.087891452 0.062414322 -0.130549669 -0.149200439 0.109727651 0.20366554 -0.0102017429 0.0136413062 0.00842890609 0.0557386912
G1039 0.00696109235 -0.0582085885 -0.0835279748 -0.036165908 0.0951097533 0.139224872 -0.00611547381 0.0176111814 -0.12096861 0.0277583525 -0.105538815 0.100409858 -0.0416127816 -0.00872351974 0.0891731977 -0.091352053 0.0330896899 0.0242574308 0.070303686 0.0230346918 0.0162514597 0.0699207932 -0.063589476 0.0676978752 -0.0613655522 -0.0362263881 -0.23942478 0.171015561 0.0222381372 -0.0279798433 -0.0138808079 0.0472127348 -0.0856943652 -0.0403396785 0.0184697695 -0.00547744147 0.0496645644 -0.165048018 0.0765223876 0.096680589 -0.0133336484 -0.0495982617 -0.115888953 0.213718593 -0.00175051391 0.100015692 0.0169737861 -0.0512867235 0.0956904888 -0.0546604432 0.0142956749 0.0854567736 -0.0274184383 0.0260731503 -0.0878914595 0.0624143258 -0.130549639 -0.149200454 0.109727658 0.203665525 -0.0102017429 0.0136413211 0.0084289033 0.0557387024
G1042 0.00696110725 -0.0582085885 -0.0835279673 -0.0361658931 0.0951097533 0.139224872 -0.00611547381 0.0176111758 -0.12096861 0.0277583674 -0.1055388 0.100409865 -0.0416127853 -0.00872352719 0.0891731977 -0.0913520455 0.0330896974 0.0242574289 0.070303686 0.0230346918 0.0162514523 0.0699207932 -0.0635894835 0.0676978752 -0.0613655299 -0.0362263881 -0.23942478 0.171015561 0.0222381335 -0.0279798433 -0.0138808005 0.0472127348 -0.0856943652 -0.040339686 0.018469777 -0.00547743589 0.0496645495 -0.165048033 0.0765223801 0.096680589 -0.0133336447 -0.0495982654 -0.115888953 0.213718593 -0.00175052136 0.100015685 0.0169737861 -0.0512867235 0.0956904888 -0.0546604469 0.0142956786 0.0854567736 -0.0274184272 0.0260731466 -0.0878914595 0.0624143258 -0.130549639 -0.149200469 0.109727658 0.20366554 -0.0102017438 0.0136413136 0.0084289033 0.0557387024
G1045 0.0069610998 -0.058208596 -0.0835279599 -0.0361659043 0.0951097459 0.139224872 -0.00611547381 0.0176111721 -0.12096861 0.0277583562 -0.1055388 0.10040985 -0.0416127853 -0.00872351974 0.0891731977 -0.0913520455 0.0330896974 0.0242574252 0.070303686 0.0230346918 0.0162514597 0.0699207857 -0.0635894686 0.0676978901 -0.0613655448 -0.0362264067 -0.23942478 0.171015561 0.0222381372 -0.0279798433 -0.0138807967 0.0472127497 -0.0856943652 -0.0403396897 0.0184697807 -0.00547743216 0.0496645495 -0.165048018 0.0765223801 0.0966806039 -0.0133336466 -0.0495982692 -0.115888953 0.213718593 -0.00175051391 0.100015685 0.0169737861 -0.0512867235 0.0956904814 -0.0546604469 0.0142956749 0.0854567662 -0.027418416 0.0260731485 -0.087891452 0.0624143369 -0.130549639 -0.149200469 0.109727666 0.20366554 -0.0102017457 0.0136413155 0.00842890609 0.0557387061
G1048 0.00696109235 -0.058208596 -0.0835279524 -0.0361659005 0.0951097533 0.139224857 -0.00611547008 0.0176111721 -0.12096861 0.0277583599 -0.1055388 0.10040985 -0.041612789 -0.00872351974 0.0891731977 -0.0913520455 0.0330896974 0.0242574289 0.070303686 0.0230346918 0.0162514597 0.0699207857 -0.063589476 0.0676978752 -0.0613655299 -0.0362263955 -0.23942478 0.171015561 0.0222381372 -0.0279798433 -0.0138808005 0.0472127348 -0.0856943652 -0.040339686 0.0184697807 -0.00547744147 0.049664557 -0.165048033 0.0765223801 0.0966806039 -0.0133336484 -0.0495982654 -0.115888968 0.213718608 -0.00175051391 0.100015692 0.0169737712 -0.0512867235 0.0956904888 -0.0546604395 0.0142956786 0.0854567736 -0.0274184272 0.0260731429 -0.0878914595 0.062414322 -0.130549639 -0.149200439 0.109727666 0.203665525 -0.0102017466 0.0136413174 0.00842890237 0.0557387136
G1051 0.00696109235 -0.058208596 -0.0835279748 -0.0361659005 0.0951097533 0.139224872 -0.00611547753 0.0176111795 -0.12096861 0.0277583562 -0.1055388 0.10040985 -0.041612789 -0.00872351974 0.0891731977 -0.091352053 0.0330896936 0.0242574252 0.0703036785 0.0230346918 0.0162514597 0.0699208081 -0.063589476 0.0676978752 -0.0613655373 -0.0362263992 -0.239424765 0.171015561 0.0222381372 -0.0279798359 -0.0138808005 0.0472127497 -0.0856943652 -0.0403396823 0.0184697732 -0.00547743961 0.049664557 -0.165048033 0.0765223801 0.096680589 -0.013333641 -0.0495982617 -0.115888953 0.213718593 -0.00175052136 0.100015692 0.0169737637 -0.0512867235 0.0956904888 -0.0546604395 0.0142956786 0.0854567736 -0.0274184272 0.0260731429 -0.0878914595 0.0624143258 -0.130549669 -0.149200439 0.109727658 0.20366554 -0.0102017447 0.0136413081 0.00842890609 0.0557387099
G1054 0.00696110725 -0.058208596 -0.0835279599 -0.0361659005 0.0951097533 0.139224857 -0.00611548126 0.0176111776 -0.12096861 0.0277583562 -0.1055388 0.100409865 -0.041612789 -0.00872351974 0.0891731977 -0.0913520455 0.0330896974 0.0242574308 0.070303686 0.0230346918 0.0162514523 0.0699207932 -0.0635894686 0.0676978827 -0.0613655299 -0.0362263955 -0.23942478 0.171015561 0.0222381335 -0.0279798433 -0.0138808042 0.0472127497 -0.0856943652 -0.040339686 0.0184697807 -0.00547743961 0.0496645495 -0.165048033 0.0765223801 0.0966805965 -0.013333641 -0.0495982654 -0.115888968 0.213718593 -0.00175051391 0.100015685 0.0169737712 -0.0512867235 0.0956904888 -0.0546604395 0.0142956786 0.0854567736 -0.0274184272 0.0260731503 -0.087891452 0.0624143332 -0.130549669 -0.149200439 0.109727666 0.20366554 -0.0102017438 0.0136413155 0.00842890795 0.0557387136
G1057 0.00696109235 -0.0582085885 -0.0835279748 -0.0361659005 0.0951097533 0.139224857 -0.00611547753 0.0176111795 -0.12096861 0.0277583599 -0.105538808 0.100409865 -0.0416127928 -0.00872351229 0.0891732052 -0.0913520604 0.0330897048 0.0242574289 0.070303686 0.0230346918 0.0162514448 0.0699208081 -0.0635894686 0.0676978752 -0.0613655522 -0.0362263955 -0.23942478 0.171015561 0.0222381409 -0.0279798433 -0.0138807967 0.0472127348 -0.0856943652 -0.0403396823 0.0184697844 -0.00547743775 0.049664557 -0.165048033 0.0765223876 0.0966805965 -0.0133336354 -0.0495982692 -0.115888968 0.213718593 -0.00175051391 0.100015685 0.016973801 -0.0512867235 0.0956904888 -0.0546604469 0.0142956711 0.0854567736 -0.0274184346 0.0260731485 -0.0878914446 0.0624143369 -0.130549669 -0.149200469 0.109727658 0.203665525 -0.0102017429 0.0136413174 0.00842890423 0.0557386912
G1060 0.00696109235 -0.0582085848 -0.0835279599 -0.0361659043 0.0951097608 0.139224872 -0.00611547753 0.0176111795 -0.120968617 0.0277583562 -0.105538793 0.100409865 -0.0416127816 -0.00872351974 0.0891731977 -0.0913520455 0.0330897048 0.0242574345 0.0703036785 0.0230346918 0.0162514523 0.0699208006 -0.0635894686 0.0676978827 -0.0613655373 -0.0362263955 -0.23942478 0.171015561 0.0222381335 -0.0279798359 -0.0138808042 0.0472127348 -0.0856943652 -0.0403396897 0.0184697695 -0.00547743216 0.049664557 -0.165048018 0.0765223652 0.096680589 -0.0133336391 -0.0495982543 -0.115888953 0.213718593 -0.00175051391 0.100015685 0.0169737786 -0.0512867235 0.0956904888 -0.0546604358 0.0142956786 0.0854567736 -0.0274184272 0.0260731429 -0.0878914595 0.062414322 -0.130549639 -0.149200469 0.109727666 0.203665525 -0.0102017391 0.0136413136 0.00842890888 0.0557387099
G1063 0.00696109235 -0.0582085885 -0.0835279748 -0.0361659005 0.0951097608 0.139224857 -0.00611547381 0.0176111795 -0.12096861 0.0277583599 -0.105538808 0.10040985 -0.0416127853 -0.00872351974 0.0891731977 -0.091352053 0.0330896899 0.0242574308 0.070303686 0.0230346918 0.0162514597 0.0699207932 -0.063589476 0.0676978752 -0.0613655373 -0.0362263918 -0.239424795 0.171015561 0.0222381335 -0.0279798433 -0.0138807967 0.0472127497 -0.0856943727 -0.0403396823 0.0184697807 -0.00547744147 0.049664557 -0.165048018 0.0765223876 0.0966805965 -0.0133336503 -0.0495982654 -0.115888961 0.213718593 -0.00175051391 0.100015692 0.0169737712 -0.0512867235 0.0956904888 -0.0546604469 0.0142956786 0.0854567736 -0.0274184272 0.0260731447 -0.0878914595 0.0624143332 -0.130549639 -0.149200469 0.109727666 0.203665525 -0.0102017419 0.0136413136 0.00842890888 0.0557387061
G1066 0.0069610998 -0.0582085885 -0.0835279748 -0.0361659005 0.0951097608 0.139224857 -0.00611547381 0.0176111739 -0.120968625 0.0277583599 -0.1055388 0.100409858 -0.041612789 -0.00872351974 0.0891731903 -0.0913520679 0.0330896974 0.0242574289 0.070303686 0.0230347067 0.0162514597 0.0699207932 -0.0635894611 0.0676978901 -0.0613655373 -0.0362263843 -0.23942478 0.171015561 0.0222381372 -0.0279798433 -0.0138808005 0.0472127497 -0.0856943727 -0.040339686 0.0184697658 -0.00547743961 0.0496645495 -0.165048033 0.0765223876 0.096680589 -0.013333641 -0.0495982617 -0.115888961 0.213718593 -0.00175051391 0.100015692 0.0169737935 -0.0512867235 0.0956904888 -0.0546604395 0.0142956749 0.0854567736 -0.0274184309 0.0260731429 -0.087891452 0.062414322 -0.130549669 -0.149200469 0.109727666 0.20366554 -0.0102017419 0.0136413099 0.00842890237 0.0557387136
G1069 0.00696109235 -0.0582086034 -0.0835279599 -0.0361659005 0.0951097533 0.139224857 -0.00611547381 0.0176111721 -0.12096861 0.0277583562 -0.1055388 0.100409865 -0.0416127853 -0.00872352719 0.0891732052 -0.0913520604 0.0330897048 0.0242574234 0.070303686 0.0230346918 0.0162514523 0.0699207932 -0.0635894686 0.0676978752 -0.0613655448 -0.0362263992 -0.23942478 0.171015561 0.0222381335 -0.0279798433 -0.0138808042 0.0472127348 -0.0856943652 -0.040339686 0.018469777 -0.00547743402 0.049664557 -0.165048033 0.0765223801 0.0966805965 -0.0133336429 -0.0495982543 -0.115888953 0.213718593 -0.00175051391 0.100015692 0.0169737712 -0.0512867235 0.0956904888 -0.0546604469 0.0142956786 0.0854567811 -0.0274184309 0.0260731522 -0.0878914595 0.0624143332 -0.130549639 -0.149200439 0.109727666 0.203665525 -0.0102017382 0.0136413118 0.00842890423 0.0557387136
G1072 0.00696109235 -0.0582085885 -0.0835279524 -0.0361658968 0.0951097533 0.139224857 -0.00611547753 0.0176111776 -0.12096861 0.0277583599 -0.1055388 0.10040985 -0.041612789 -0.00872351974 0.0891731977 -0.0913520604 0.0330897048 0.0242574215 0.070303686 0.0230346918 0.0162514597 0.0699207932 -0.0635894686 0.0676978752 -0.0613655373 -0.0362263881 -0.23942478 0.171015561 0.0222381297 -0.0279798433 -0.0138808042 0.0472127497 -0.0856943727 -0.0403396823 0.0184697695 -0.00547744147 0.049664557 -0.165048018 0.0765223876 0.096680589 -0.013333654 -0.0495982617 -0.115888961 0.213718593 -0.00175051391 0.100015692 0.0169737712 -0.0512867235 0.0956904888 -0.0546604544 0.0142956786 0.0854567736 -0.0274184272 0.0260731503 -0.087891452 0.062414322 -0.130549639 -0.149200439 0.109727651 0.203665525 -0.0102017457 0.0136413118 0.00842890423 0.0557387099
G1075 0.00696109235 -0.0582085922 -0.0835279673 -0.0361659043 0.0951097608 0.139224857 -0.00611547381 0.0176111795 -0.12096861 0.0277583674 -0.1055388 0.100409865 -0.0416127853 -0.00872351974 0.0891731977 -0.0913520604 0.0330897048 0.0242574308 0.0703036785 0.0230347067 0.0162514597 0.0699208081 -0.0635894686 0.0676978752 -0.0613655373 -0.0362263955 -0.23942478 0.171015561 0.0222381297 -0.0279798433 -0.0138808005 0.0472127199 -0.0856943652 -0.040339686 0.0184697695 -0.00547743961 0.0496645644 -0.165048033 0.0765223876 0.0966805965 -0.013333641 -0.0495982617 -0.115888968 0.213718593 -0.00175051391 0.100015685 0.0169737712 -0.0512867235 0.0956904888 -0.0546604395 0.0142956711 0.0854567662 -0.0274184272 0.0260731447 -0.0878914595 0.0624143258 -0.130549669 -0.149200439 0.109727658 0.20366554 -0.0102017391 0.0136413136 0.00842890423 0.0557387061
G1078 0.00696110725 -0.0582085848 -0.0835279524 -0.0361659005 0.0951097459 0.139224872 -0.00611548126 0.0176111851 -0.12096861 0.0277583674 -0.1055388 0.10040985 -0.041612789 -0.00872351974 0.0891731977 -0.091352053 0.0330896974 0.0242574345 0.0703036785 0.0230346918 0.0162514597 0.0699207932 -0.063589476 0.0676978752 -0.0613655373 -0.0362263955 -0.23942478 0.171015561 0.022238126 -0.0279798433 -0.0138807967 0.0472127348 -0.0856943652 -0.0403396897 0.018469777 -0.00547744147 0.049664557 -0.165048033 0.0765223876 0.096680589 -0.0133336447 -0.0495982617 -0.115888953 0.213718593 -0.00175052136 0.100015685 0.0169737712 -0.0512867235 0.0956904888 -0.0546604544 0.0142956711 0.0854567736 -0.0274184309 0.0260731485 -0.087891452 0.0624143332 -0.130549639 -0.149200469 0.109727666 0.203665525 -0.010201741 0.0136413118 0.00842890237 0.0557387136
G1081 0.00696110725 -0.0582085885 -0.0835279748 -0.036165908 0.0951097533 0.139224857 -0.00611547381 0.0176111795 -0.12096861 0.0277583599 -0.105538808 0.100409865 -0.0416127853 -0.00872351974 0.0891731977 -0.0913520604 0.0330897048 0.0242574252 0.0703036934 0.0230347067 0.0162514523 0.0699208081 -0.0635894686 0.0676978827 -0.0613655373 -0.036226403 -0.239424765 0.171015561 0.0222381335 -0.0279798433 -0.0138808005 0.0472127497 -0.0856943652 -0.0403396823 0.0184697732 -0.00547743402 0.0496645644 -0.165048033 0.0765223876 0.0966806039 -0.013333641 -0.0495982729 -0.115888961 0.213718593 -0.00175051391 0.100015685 0.0169737935 -0.0512867235 0.0956904814 -0.0546604469 0.0142956749 0.0854567736 -0.0274184309 0.0260731485 -0.0878914595 0.0624143295 -0.130549669 -0.149200454 0.109727666 0.203665525 -0.0102017447 0.0136413174 0.00842890609 0.0557386838
G1084 0.0069610998 -0.0582085885 -0.0835279524 -0.0361658931 0.0951097608 0.139224857 -0.00611547381 0.0176111776 -0.12096861 0.0277583599 -0.1055388 0.100409858 -0.041612789 -0.00872351974 0.0891731903 -0.0913520455 0.0330896974 0.0242574289 0.0703036785 0.0230346918 0.0162514448 0.0699208006 -0.0635894686 0.0676978752 -0.0613655299 -0.0362263918 -0.239424765 0.171015561 0.0222381372 -0.0279798433 -0.0138808005 0.0472127348 -0.0856943727 -0.0403396823 0.0184697732 -0.00547743402 0.0496645495 -0.165048033 0.0765223652 0.0966806039 -0.0133336447 -0.0495982654 -0.115888961 0.213718623 -0.00175051391 0.100015692 0.0169737786 -0.0512867123 0.0956904888 -0.0546604507 0.0142956786 0.0854567736 -0.0274184309 0.0260731429 -0.0878914595 0.0624143258 -0.130549639 -0.149200454 0.109727658 0.203665525 -0.0102017429 0.0136413118 0.00842890237 0.0557387099
G1087 0.0069610998 -0.058208596 -0.0835279748 -0.0361659005 0.0951097533 0.139224857 -0.00611547381 0.0176111795 -0.120968617 0.0277583674 -0.1055388 0.100409865 -0.0416127928 -0.00872352719 0.0891731903 -0.0913520604 0.0330897048 0.0242574308 0.070303686 0.0230346918 0.0162514597 0.0699207932 -0.063589476 0.0676978827 -0.0613655373 -0.0362263955 -0.23942478 0.171015561 0.0222381297 -0.0279798359 -0.0138807967 0.0472127348 -0.0856943652 -0.040339686 0.0184697732 -0.00547744334 0.0496645495 -0.165048033 0.0765223801 0.0966806039 -0.013333641 -0.0495982692 -0.115888953 0.213718593 -0.00175052136 0.100015685 0.0169737712 -0.0512867235 0.0956904888 -0.0546604432 0.0142956786 0.0854567662 -0.0274184272 0.0260731429 -0.087891452 0.0624143258 -0.130549639 -0.149200454 0.109727658 0.20366554 -0.010201741 0.0136413118 0.0084289005 0.0557387061
G1090 0.00696110725 -0.0582085848 -0.0835279599 -0.0361658931 0.0951097608 0.139224857 -0.00611547753 0.0176111814 -0.12096861 0.0277583674 -0.1055388 0.100409865 -0.0416127928 -0.00872351974 0.0891731977 -0.0913520455 0.0330897085 0.0242574271 0.0703036711 0.0230346918 0.0162514448 0.0699207932 -0.0635894686 0.0676978827 -0.0613655373 -0.0362263955 -0.23942478 0.171015561 0.0222381409 -0.0279798359 -0.0138808042 0.0472127199 -0.0856943652 -0.040339686 0.0184697695 -0.0054774452 0.049664557 -0.165048033 0.0765223801 0.0966805965 -0.013333641 -0.0495982692 -0.115888953 0.213718593 -0.00175051391 0.100015685 0.0169737637 -0.0512867235 0.0956904888 -0.0546604469 0.0142956823 0.0854567811 -0.0274184272 0.0260731447 -0.087891452 0.0624143258 -0.130549669 -0.149200439 0.109727651 0.20366554 -0.010201741 0.0136413062 0.00842890237 0.055738695
G1093 0.00696110725 -0.058208596 -0.0835279673 -0.036165908 0.0951097608 0.139224857 -0.00611547381 0.0176111795 -0.12096861 0.0277583636 -0.1055388 0.10040985 -0.0416127853 -0.00872351974 0.0891731977 -0.091352053 0.0330896974 0.0242574271 0.0703036785 0.0230346918 0.0162514597 0.0699207783 -0.0635894686 0.0676978752 -0.0613655373 -0.0362263918 -0.23942478 0.171015561 0.0222381335 -0.0279798433 -0.0138807967 0.0472127348 -0.0856943652 -0.0403396897 0.0184697695 -0.00547744147 0.0496645495 -0.165048018 0.0765223876 0.096680589 -0.0133336484 -0.0495982766 -0.115888961 0.213718593 -0.00175051391 0.100015692 0.0169737861 -0.0512867197 0.0956904888 -0.0546604469 0.0142956711 0.0854567736 -0.0274184272 0.0260731466 -0.087891452 0.0624143332 -0.130549639 -0.149200439 0.109727658 0.203665525 -0.010201741 0.0136413136 0.00842889864 0.0557386987
G1096 0.00696109235 -0.0582085848 -0.0835279524 -0.0361659005 0.0951097533 0.139224872 -0.00611547753 0.0176111814 -0.12096861 0.0277583599 -0.1055388 0.10040985 -0.0416127779 -0.00872351974 0.0891731903 -0.091352053 0.0330896974 0.0242574252 0.070303686 0.0230347067 0.0162514597 0.0699208081 -0.0635894835 0.0676978752 -0.0613655522 -0.0362263955 -0.23942478 0.171015561 0.0222381297 -0.0279798433 -0.0138807967 0.0472127348 -0.0856943727 -0.040339686 0.0184697807 -0.00547743961 0.0496645495 -0.165048033 0.0765223801 0.096680589 -0.0133336447 -0.0495982617 -0.115888961 0.213718593 -0.00175052136 0.100015685 0.0169737712 -0.0512867197 0.0956904888 -0.0546604507 0.0142956786 0.0854567662 -0.0274184421 0.0260731541 -0.087891452 0.0624143258 -0.130549639 -0.149200454 0.109727666 0.203665525 -0.0102017364 0.0136413174 0.0084289005 0.0557387136
G1099 0.00696110725 -0.058208596 -0.0835279673 -0.0361659005 0.0951097533 0.139224857 -0.00611547008 0.0176111739 -0.12096861 0.0277583599 -0.1055388 0.10040985 -0.0416127928 -0.00872351974 0.0891732052 -0.0913520604 0.0330896899 0.0242574234 0.070303686 0.0230347067 0.0162514597 0.0699207932 -0.0635894686 0.0676978752 -0.0613655448 -0.0362263955 -0.23942478 0.171015561 0.0222381297 -0.0279798359 -0.0138808005 0.0472127497 -0.0856943652 -0.0403396897 0.0184697695 -0.00547744706 0.0496645495 -0.165048018 0.0765223801 0.0966805965 -0.013333641 -0.0495982617 -0.115888961 0.213718593 -0.00175052136 0.100015685 0.0169737861 -0.0512867197 0.0956904888 -0.0546604469 0.0142956786 0.0854567736 -0.0274184272 0.026073141 -0.0878914595 0.0624143332 -0.130549639 -0.149200454 0.109727666 0.20366554 -0.0102017401 0.0136413136 0.00842889585 0.0557387136
G1102 0.0069610849 -0.0582085885 -0.0835279599 -0.0361659043 0.0951097608 0.139224872 -0.00611548498 0.0176111832 -0.12096861 0.0277583562 -0.1055388 0.100409873 -0.0416127853 -0.00872351229 0.0891731977 -0.0913520455 0.0330896974 0.0242574327 0.0703036785 0.0230346918 0.0162514597 0.0699208006 -0.0635894686 0.0676978752 -0.0613655373 -0.0362263918 -0.23942478 0.171015561 0.0222381335 -0.0279798359 -0.0138808005 0.0472127497 -0.0856943652 -0.040339686 0.018469777 -0.00547744147 0.0496645495 -0.165048033 0.0765223801 0.0966805965 -0.013333654 -0.0495982692 -0.115888961 0.213718593 -0.00175051391 0.100015685 0.0169737712 -0.0512867309 0.0956904888 -0.0546604469 0.0142956786 0.0854567736 -0.0274184346 0.0260731485 -0.0878914595 0.062414322 -0.130549639 -0.149200454 0.109727666 0.203665525 -0.0102017401 0.0136413118 0.00842890609 0.0557387061
G1105 0.00696109235 -0.0582085885 -0.0835279673 -0.0361659005 0.0951097533 0.139224872 -0.00611547381 0.0176111758 -0.12096861 0.0277583599 -0.1055388 0.100409865 -0.0416127853 -0.00872351974 0.0891731977 -0.091352053 0.0330896974 0.0242574289 0.070303686 0.0230346918 0.0162514597 0.0699207857 -0.063589476 0.0676978752 -0.0613655448 -0.0362263881 -0.239424765 0.171015561 0.0222381372 -0.0279798359 -0.0138807967 0.0472127348 -0.0856943727 -0.040339686 0.018469777 -0.00547744334 0.0496645495 -0.165048033 0.0765223801 0.096680589 -0.0133336373 -0.0495982766 -0.115888961 0.213718593 -0.00175052136 0.100015685 0.0169737712 -0.0512867272 0.0956904888 -0.0546604469 0.0142956711 0.0854567587 -0.0274184309 0.0260731485 -0.087891452 0.0624143258 -0.130549639 -0.149200469 0.109727666 0.203665525 -0.0102017447 0.0136413136 0.00842889678 0.0557387136
G1108 0.00696109235 -0.0582085848 -0.0835279599 -0.036165908 0.0951097608 0.139224857 -0.00611547753 0.0176111721 -0.12096861 0.0277583599 -0.1055388 0.10040985 -0.041612789 -0.00872351974 0.0891731977 -0.0913520455 0.0330896974 0.0242574289 0.070303686 0.0230347067 0.0162514597 0.0699207932 -0.063589476 0.0676978752 -0.0613655373 -0.0362263955 -0.23942478 0.171015561 0.0222381297 -0.0279798433 -0.0138808005 0.0472127348 -0.0856943727 -0.040339686 0.0184697807 -0.00547743216 0.049664557 -0.165048033 0.0765223801 0.096680589 -0.0133336484 -0.0495982692 -0.115888953 0.213718593 -0.00175051391 0.100015692 0.0169737712 -0.0512867235 0.0956904814 -0.0546604507 0.0142956749 0.0854567662 -0.0274184234 0.0260731485 -0.087891452 0.0624143258 -0.130549639 -0.149200469 0.109727651 0.20366554 -0.010201741 0.0136413136 0.00842890609 0.0557387061
G1111 0.0069611147 -0.0582085848 -0.0835279748 -0.0361659005 0.0951097608 0.139224872 -0.00611548126 0.0176111814 -0.12096861 0.0277583562 -0.1055388 0.100409865 -0.0416127853 -0.00872351229 0.0891731977 -0.0913520455 0.0330897048 0.0242574289 0.0703036785 0.0230346918 0.0162514523 0.0699207783 -0.063589476 0.0676978752 -0.0613655299 -0.0362263992 -0.23942478 0.171015576 0.0222381372 -0.0279798433 -0.0138807967 0.0472127348 -0.0856943652 -0.0403396897 0.0184697807 -0.00547743775 0.0496645495 -0.165048018 0.0765223801 0.096680589 -0.0133336447 -0.0495982617 -0.115888961 0.213718593 -0.00175051391 0.100015685 0.0169737861 -0.0512867235 0.0956904888 -0.0546604507 0.0142956786 0.0854567736 -0.0274184272 0.0260731447 -0.087891452 0.062414322 -0.130549669 -0.149200469 0.109727681 0.203665525 -0.0102017345 0.0136413099 0.0084289005 0.0557387061
G1114 0.00696110725 -0.058208596 -0.0835279748 -0.0361659005 0.0951097608 0.139224872 -0.00611547753 0.0176111776 -0.12096861 0.0277583674 -0.1055388 0.100409865 -0.0416127853 -0.00872351974 0.0891731977 -0.0913520604 0.0330897011 0.0242574308 0.0703036785 0.0230346918 0.0162514597 0.0699208081 -0.063589476 0.0676978752 -0.0613655373 -0.0362263955 -0.23942478 0.171015561 0.0222381297 -0.0279798359 -0.0138808042 0.0472127348 -0.0856943727 -0.0403396897 0.0184697844 -0.00547744334 0.0496645495 -0.165048033 0.0765223876 0.0966805965 -0.0133336503 -0.0495982617 -0.115888961 0.213718593 -0.00175052136 0.100015692 0.0169737712 -0.0512867272 0.0956904814 -0.0546604395 0.0142956711 0.0854567662 -0.0274184346 0.0260731503 -0.087891452 0.0624143258 -0.130549669 -0.149200439 0.109727658 0.203665525 -0.0102017429 0.0136413081 0.00842890143 0.0557387136
G1117 0.00696109235 -0.0582085848 -0.0835279524 -0.0361659043 0.0951097608 0.139224872 -0.00611547008 0.0176111776 -0.120968625 0.0277583599 -0.105538808 0.10040985 -0.0416127816 -0.00872351974 0.0891732052 -0.091352053 0.0330896899 0.0242574308 0.070303686 0.0230347067 0.0162514597 0.0699207932 -0.063589476 0.0676978752 -0.0613655373 -0.0362263881 -0.239424765 0.171015561 0.022238126 -0.0279798433 -0.0138808079 0.0472127348 -0.0856943652 -0.040339686 0.0184697807 -0.00547743961 0.0496645495 -0.165048033 0.0765223801 0.096680589 -0.0133336447 -0.0495982617 -0.115888961 0.213718593 -0.00175051391 0.100015692 0.0169737712 -0.0512867272 0.0956904888 -0.0546604469 0.0142956749 0.0854567736 -0.0274184309 0.0260731503 -0.0878914595 0.062414322 -0.130549639 -0.149200469 0.109727666 0.20366554 -0.0102017429 0.0136413099 0.00842889864 0.0557387024
G1120 0.00696109235 -0.0582085885 -0.0835279748 -0.0361659005 0.0951097608 0.139224857 -0.00611548126 0.0176111795 -0.12096861 0.0277583674 -0.1055388 0.10040985 -0.041612789 -0.00872351229 0.0891731977 -0.0913520455 0.0330896974 0.0242574252 0.070303686 0.0230346918 0.0162514597 0.0699208006 -0.0635894686 0.0676978827 -0.0613655299 -0.0362263955 -0.23942478 0.171015561 0.022238126 -0.0279798508 -0.013880793 0.0472127497 -0.0856943652 -0.0403396897 0.0184697807 -0.00547744147 0.0496645495 -0.165048018 0.0765223801 0.0966805965 -0.013333641 -0.0495982766 -0.115888961 0.213718593 -0.00175051391 0.1000157 0.0169737935 -0.0512867272 0.0956904814 -0.0546604469 0.0142956749 0.0854567736 -0.0274184309 0.0260731522 -0.0878914595 0.0624143369 -0.130549639 -0.149200469 0.109727666 0.20366554 -0.010201741 0.0136413155 0.00842890143 0.0557387136
G1123 0.0069610998 -0.058208596 -0.0835279524 -0.0361659005 0.0951097533 0.139224857 -0.00611547381 0.0176111739 -0.120968617 0.0277583636 -0.1055388 0.10040985 -0.0416127965 -0.00872351974 0.0891731977 -0.091352053 0.0330897048 0.0242574234 0.070303686 0.0230346918 0.0162514523 0.0699207857 -0.0635894686 0.0676978752 -0.0613655373 -0.0362263843 -0.23942478 0.171015561 0.0222381372 -0.0279798433 -0.0138807967 0.0472127348 -0.0856943652 -0.0403396897 0.0184697695 -0.00547744147 0.049664557 -0.165048003 0.0765223727 0.0966805965 -0.013333641 -0.0495982729 -0.115888953 0.213718593 -0.00175051391 0.100015685 0.0169737861 -0.0512867235 0.0956904739 -0.0546604432 0.0142956786 0.0854567662 -0.0274184272 0.0260731503 -0.0878914595 0.0624143258 -0.130549639 -0.149200454 0.109727651 0.203665525 -0.0102017373 0.0136413136 0.00842890143 0.0557387061
G1126 0.00696107745 -0.058208596 -0.0835279599 -0.0361659043 0.0951097608 0.139224872 -0.00611547381 0.0176111814 -0.120968603 0.0277583599 -0.105538808 0.10040985 -0.0416127853 -0.00872351974 0.0891731977 -0.0913520604 0.0330897123 0.0242574308 0.0703036934 0.0230346918 0.0162514448 0.0699207857 -0.0635894611 0.0676978752 -0.0613655373 -0.0362263881 -0.239424795 0.171015561 0.0222381297 -0.0279798433 -0.0138808042 0.0472127497 -0.0856943652 -0.0403396897 0.018469777 -0.00547743961 0.049664557 -0.165048033 0.0765223876 0.0966805816 -0.0133336335 -0.0495982766 -0.115888961 0.213718623 -0.00175051391 0.100015685 0.0169737637 -0.0512867235 0.0956904739 -0.0546604358 0.0142956786 0.0854567587 -0.0274184272 0.0260731503 -0.087891452 0.0624143369 -0.130549654 -0.149200469 0.109727666 0.203665525 -0.0102017522 0.0136413118 0.00842890609 0.0557387136
G1129 0.00696109235 -0.0582085885 -0.0835279748 -0.036165908 0.0951097608 0.139224872 -0.00611547753 0.0176111888 -0.120968603 0.0277583599 -0.105538808 0.100409858 -0.041612789 -0.00872351229 0.0891731977 -0.0913520604 0.033089716 0.0242574271 0.0703036785 0.0230346918 0.0162514448 0.0699207932 -0.0635894537 0.0676978752 -0.0613655373 -0.0362263955 -0.239424795 0.171015561 0.0222381297 -0.0279798433 -0.0138808005 0.0472127497 -0.0856943578 -0.040339686 0.0184697695 -0.00547743589 0.049664557 -0.165048033 0.0765223727 0.0966805741 -0.0133336335 -0.0495982692 -0.115888968 0.213718593 -0.00175051391 0.100015678 0.0169737637 -0.0512867235 0.0956904888 -0.0546604469 0.0142956786 0.0854567736 -0.0274184272 0.0260731522 -0.0878914595 0.0624143444 -0.130549654 -0.149200469 0.109727658 0.20366554 -0.0102017391 0.0136413192 0.00842890888 0.055738721
G1132 -0.0292278081 -0.0261876639 0.0425580218 -0.146328405 0.0180159807 0.159376234 -0.200408399 0.0369066745 -0.0329981223 -0.0907860696 0.0072532706 0.238286853 -0.0789249539 0.0190855898 0.129716605 -0.0972618759 0.0593813807 0.154773265 -0.0166094825 -0.114835992 -0.0907278582 0.0557721332 -0.145420104 -0.0660849884 -0.141379446 -0.057408113 -0.232039064 0.107306056 0.0245588906 -0.112617612 0.0525672287 -0.0914012268 -0.0281119347 0.0546501018 0.01600454 0.0705258697 0.062187463 -0.225412086 -0.0696009845 0.236555159 0.0493689589 -0.0886934698 -0.0932162553 0.321071476 0.029577665 -0.0854463652 -0.101491295 -0.0259068981 -0.0172699839 -0.0279082805 -0.030400645 0.14744547 -0.0883562937 0.0675618351 -0.0284301396 0.0216290187 0.0640644208 0.0162864476 0.141407698 0.173394039 0.0806067586 -0.0928170681 0.0255513247 -0.0162596107
G1135 -0.0292278081 -0.0261876564 0.0425580218 -0.146328405 0.0180159956 0.159376234 -0.200408399 0.036906682 -0.0329981372 -0.0907860845 0.00725326315 0.238286853 -0.0789249539 0.0190855823 0.129716605 -0.0972618759 0.0593813732 0.154773265 -0.016609475 -0.114835978 -0.0907278508 0.0557721257 -0.145420089 -0.0660849884 -0.141379446 -0.0574081093 -0.232039064 0.107306056 0.0245588981 -0.112617612 0.0525672361 -0.0914012194 -0.0281119347 0.0546501055 0.0160045251 0.0705258697 0.062187463 -0.225412101 -0.0696009845 0.236555159 0.0493689515 -0.0886934623 -0.0932162553 0.321071476 0.0295776632 -0.0854463577 -0.101491302 -0.025906913 -0.0172699727 -0.027908273 -0.0304006413 0.14744547 -0.0883562937 0.0675618351 -0.0284301545 0.0216290206 0.0640644133 0.0162864476 0.141407713 0.173394039 0.080606766 -0.0928170532 0.0255513284 -0.0162595958
G1138 -0.0292277932 -0.026187662 0.0425580218 -0.146328405 0.0180159807 0.159376234 -0.200408399 0.0369066857 -0.0329981372 -0.0907860845 0.0072532706 0.238286853 -0.0789249539 0.0190855823 0.129716605 -0.0972618759 0.0593813695 0.154773265 -0.0166094825 -0.114835992 -0.0907278582 0.0557721257 -0.145420104 -0.0660849735 -0.141379446 -0.0574081019 -0.232039064 0.107306056 0.0245588981 -0.112617604 0.0525672212 -0.0914012343 -0.0281119347 0.0546500981 0.0160045326 0.0705258697 0.0621874705 -0.225412086 -0.0696009845 0.236555159 0.0493689552 -0.0886934623 -0.0932162553 0.321071476 0.0295776613 -0.0854463577 -0.101491295 -0.0259069204 -0.0172699876 -0.0279082879 -0.0304006413 0.14744547 -0.0883562937 0.0675618351 -0.028430149 0.0216290206 0.0640644282 0.0162864476 0.141407713 0.173394039 0.080606766 -0.0928170532 0.0255513284 -0.0162596107
G1141 -0.0292277932 -0.0261876527 0.0425580218 -0.146328419 0.0180159956 0.159376249 -0.200408399 0.0369066857 -0.0329981372 -0.0907860994 0.0072532706 0.238286853 -0.0789249465 0.0190855823 0.129716605 -0.0972618759 0.0593813807 0.154773265 -0.016609475 -0.114835978 -0.0907278582 0.0557721183 -0.145420104 -0.066084981 -0.141379446 -0.0574081093 -0.232039064 0.107306041 0.0245589055 -0.112617612 0.0525672361 -0.0914012119 -0.0281119198 0.0546501055 0.0160045326 0.0705258697 0.0621874556 -0.225412086 -0.0696009696 0.236555189 0.0493689589 -0.0886934698 -0.0932162479 0.321071476 0.0295776632 -0.0854463577 -0.101491295 -0.0259069055 -0.0172699727 -0.0279082805 -0.0304006413 0.14744547 -0.0883562863 0.0675618425 -0.0284301452 0.0216290262 0.0640644282 0.0162864476 0.141407713 0.173394039 0.0806067586 -0.0928170532 0.0255513266 -0.0162596069
G1144 -0.0292278081 -0.0261876639 0.0425580218 -0.146328405 0.0180159956 0.159376249 -0.200408399 0.0369066782 -0.0329981372 -0.0907860845 0.0072532855 0.238286853 -0.0789249539 0.0190855861 0.129716605 -0.0972618833 0.0593813732 0.154773265 -0.0166094899 -0.114835978 -0.0907278657 0.0557721332 -0.145420104 -0.066084981 -0.141379446 -0.0574081056 -0.232039064 0.107306056 0.0245588981 -0.112617604 0.0525672361 -0.0914012343 -0.0281119347 0.0546501055 0.01600454 0.0705258846 0.062187463 -0.225412086 -0.0696009845 0.236555159 0.0493689552 -0.0886934698 -0.0932162479 0.321071476 0.0295776669 -0.0854463577 -0.101491295 -0.0259069055 -0.0172699876 -0.0279082768 -0.0304006413 0.14744547 -0.0883562937 0.0675618351 -0.0284301508 0.0216290206 0.0640644282 0.0162864551 0.141407713 0.173394039 0.080606766 -0.0928170532 0.0255513284 -0.016259592
G1147 -0.0292277932 -0.0261876564 0.0425580293 -0.146328419 0.0180159956 0.159376234 -0.200408414 0.0369066782 -0.0329981372 -0.0907860845 0.0072532706 0.238286853 -0.0789249614 0.0190855823 0.129716605 -0.0972618684 0.059381377 0.154773265 -0.0166094825 -0.114835992 -0.0907278582 0.0557721332 -0.145420104 -0.066084981 -0.141379446 -0.0574081056 -0.232039064 0.107306041 0.0245589055 -0.112617612 0.0525672361 -0.0914012194 -0.0281119347 0.0546500981 0.0160045251 0.0705258772 0.0621874705 -0.225412086 -0.069600977 0.236555159 0.0493689589 -0.0886934549 -0.0932162628 0.321071476 0.0295776576 -0.0854463726 -0.101491302 -0.0259069055 -0.0172699802 -0.0279082879 -0.0304006413 0.14744547 -0.0883562863 0.0675618351 -0.0284301434 0.0216290187 0.0640644208 0.0162864476 0.141407713 0.173394024 0.080606766 -0.0928170532 0.0255513303 -0.0162596032
G1150 -0.0292278081 -0.0261876602 0.0425580218 -0.146328419 0.0180159807 0.159376234 -0.200408399 0.0369066782 -0.0329981223 -0.0907860845 0.00725328177 0.238286853 -0.0789249614 0.0190855861 0.129716605 -0.0972618759 0.0593813695 0.154773265 -0.016609475 -0.114835992 -0.0907278657 0.0557721332 -0.145420104 -0.066084981 -0.141379446 -0.0574081093 -0.232039079 0.107306048 0.0245588906 -0.112617604 0.0525672287 -0.0914012343 -0.0281119347 0.0546500981 0.0160045326 0.0705258772 0.0621874705 -0.225412086 -0.069600977 0.236555159 0.0493689477 -0.0886934698 -0.0932162553 0.321071476 0.0295776613 -0.0854463577 -0.101491302 -0.0259069204 -0.0172699802 -0.0279082842 -0.0304006413 0.14744547 -0.0883562863 0.0675618351 -0.0284301434 0.0216290187 0.0640644282 0.0162864476 0.141407713 0.173394039 0.080606766 -0.0928170532 0.0255513284 -0.0162596107
G1153 -0.0292278007 -0.0261876602 0.0425580218 -0.146328405 0.0180159956 0.159376249 -0.200408399 0.0369066969 -0.0329981372 -0.090786092 0.0072532706 0.238286853 -0.0789249539 0.0190855898 0.129716605 -0.0972618684 0.0593813732 0.154773265 -0.0166094899 -0.114835992 -0.0907278582 0.0557721332 -0.145420104 -0.0660849884 -0.141379446 -0.0574081093 -0.232039064 0.107306048 0.0245589055 -0.112617612 0.0525672324 -0.0914012343 -0.0281119347 0.0546501055 0.0160045251 0.0705258697 0.0621874705 -0.225412086 -0.0696009845 0.236555159 0.0493689552 -0.0886934698 -0.0932162553 0.321071476 0.029577665 -0.0854463652 -0.101491287 -0.0259069055 -0.0172699802 -0.0279082805 -0.0304006375 0.14744547 -0.0883562937 0.0675618351 -0.0284301415 0.0216290262 0.0640644133 0.0162864476 0.141407713 0.173394039 0.080606766 -0.0928170606 0.0255513322 -0.0162596107
G1156 -0.0292278081 -0.0261876676 0.0425580293 -0.146328419 0.0180159807 0.159376234 -0.200408414 0.0369066894 -0.0329981372 -0.0907860845 0.0072532706 0.238286853 -0.0789249539 0.0190855861 0.129716605 -0.0972618833 0.0593813807 0.154773265 -0.0166094825 -0.114836 -0.0907278582 0.0557721183 -0.145420104 -0.0660849884 -0.141379446 -0.0574081093 -0.232039079 0.107306056 0.0245588906 -0.112617612 0.0525672361 -0.0914012343 -0.0281119347 0.0546501055 0.0160045251 0.0705258772 0.0621874779 -0.225412086 -0.0696009845 0.236555159 0.0493689477 -0.0886934623 -0.0932162553 0.321071476 0.0295776632 -0.0854463652 -0.101491302 -0.0259069204 -0.0172699802 -0.0279082879 -0.0304006375 0.14744547 -0.0883563012 0.0675618351 -0.0284301452 0.0216290336 0.0640644208 0.0162864625 0.141407713 0.173394039 0.0806067586 -0.0928170606 0.0255513284 -0.0162596069
G1159 -0.0292277932 -0.0261876527 0.0425580218 -0.146328405 0.0180159956 0.159376234 -0.200408399 0.036906682 -0.0329981372 -0.0907860845 0.00725327432 0.238286853 -0.0789249539 0.0190855823 0.129716605 -0.0972618833 0.0593813807 0.154773265 -0.016609475 -0.114836007 -0.0907278582 0.0557721257 -0.145420104 -0.0660849884 -0.141379446 -0.0574081056 -0.232039079 0.107306041 0.0245589055 -0.112617619 0.0525672361 -0.0914012268 -0.0281119347 0.0546501018 0.0160045475 0.0705258697 0.0621874705 -0.225412086 -0.069600977 0.236555159 0.0493689515 -0.0886934623 -0.0932162553 0.321071476 0.0295776594 -0.0854463577 -0.101491302 -0.0259069055 -0.0172699802 -0.027908273 -0.0304006413 0.14744547 -0.0883562863 0.0675618351 -0.0284301471 0.0216290224 0.0640644133 0.0162864551 0.141407713 0.173394039 0.080606766 -0.0928170532 0.0255513322 -0.0162596107
G1162 -0.0292278081 -0.0261876602 0.0425580293 -0.146328405 0.0180159956 0.159376234 -0.200408399 0.0369066782 -0.0329981372 -0.0907860845 0.00725327805 0.238286853 -0.0789249465 0.0190855823 0.129716605 -0.0972618759 0.0593813807 0.154773265 -0.0166094825 -0.114835978 -0.0907278657 0.0557721332 -0.145420104 -0.0660849884 -0.141379446 -0.0574081056 -0.232039064 0.107306048 0.0245588981 -0.112617612 0.0525672287 -0.0914012343 -0.0281119347 0.0546501055 0.01600454 0.0705258697 0.0621874779 -0.225412086 -0.0696009845 0.236555159 0.0493689477 -0.0886934549 -0.0932162553 0.321071476 0.0295776539 -0.0854463577 -0.101491295 -0.025906913 -0.0172699802 -0.027908273 -0.0304006413 0.14744547 -0.0883562937 0.0675618351 -0.0284301434 0.0216290224 0.0640644282 0.0162864476 0.141407698 0.173394039 0.0806067586 -0.0928170532 0.0255513284 -0.0162596032
G1165 -0.0292278081 -0.0261876658 0.0425580293 -0.146328419 0.0180159956 0.159376249 -0.200408399 0.036906682 -0.0329981372 -0.0907860845 0.00725325942 0.238286853 -0.0789249539 0.0190855823 0.12971662 -0.0972618759 0.0593813807 0.154773265 -0.0166094825 -0.114835978 -0.0907278657 0.0557721332 -0.145420104 -0.066084981 -0.141379446 -0.0574081093 -0.232039064 0.107306048 0.0245588906 -0.112617619 0.0525672212 -0.0914012194 -0.0281119347 0.0546501055 0.0160045326 0.0705258697 0.0621874705 -0.225412086 -0.069600977 0.236555189 0.0493689477 -0.0886934623 -0.0932162479 0.321071476 0.0295776594 -0.0854463577 -0.101491295 -0.0259069279 -0.0172699802 -0.0279082842 -0.0304006413 0.14744547 -0.0883562937 0.0675618425 -0.0284301508 0.0216290262 0.0640644282 0.0162864476 0.141407713 0.173394039 0.0806067735 -0.0928170532 0.0255513322 -0.0162595958
G1168 -0.0292278081 -0.0261876676 0.0425580218 -0.146328405 0.0180159807 0.159376249 -0.200408399 0.036906682 -0.0329981372 -0.090786092 0.00725328177 0.238286853 -0.0789249465 0.0190855823 0.129716605 -0.0972618759 0.0593813732 0.154773265 -0.0166094899 -0.114835985 -0.0907278582 0.0557721257 -0.145420104 -0.0660849884 -0.141379446 -0.0574081168 -0.232039064 0.107306048 0.0245589055 -0.112617612 0.0525672324 -0.0914012343 -0.0281119347 0.0546501055 0.0160045475 0.0705258697 0.062187463 -0.225412086 -0.0696009845 0.236555189 0.0493689626 -0.0886934549 -0.0932162553 0.321071476 0.0295776688 -0.0854463652 -0.101491302 -0.025906913 -0.0172699802 -0.0279082805 -0.0304006413 0.14744547 -0.0883562788 0.0675618351 -0.028430149 0.0216290224 0.0640644282 0.0162864625 0.141407728 0.173394039 0.080606766 -0.0928170606 0.0255513303 -0.0162595995
G1171 -0.0292278081 -0.0261876639 0.0425580293 -0.146328419 0.0180159956 0.159376234 -0.200408399 0.036906682 -0.0329981223 -0.0907860845 0.00725327805 0.238286853 -0.0789249539 0.0190855823 0.129716605 -0.0972618684 0.0593813732 0.154773265 -0.0166094825 -0.114835992 -0.0907278731 0.0557721332 -0.145420104 -0.066084981 -0.141379446 -0.0574081093 -0.232039079 0.107306056 0.0245588981 -0.112617634 0.0525672287 -0.0914012268 -0.0281119347 0.0546500981 0.0160045475 0.0705258846 0.0621874779 -0.225412086 -0.069600977 0.236555159 0.0493689477 -0.0886934549 -0.0932162628 0.321071476 0.0295776613 -0.0854463652 -0.101491295 -0.0259069055 -0.0172699876 -0.0279082842 -0.0304006413 0.14744547 -0.0883562714 0.0675618351 -0.0284301508 0.0216290224 0.0640644282 0.0162864476 0.141407713 0.173394024 0.080606766 -0.0928170532 0.0255513266 -0.0162596107
G1174 -0.0292278081 -0.0261876676 0.0425580293 -0.146328405 0.0180159807 0.159376234 -0.200408399 0.0369066782 -0.0329981372 -0.0907860845 0.0072532706 0.238286853 -0.0789249539 0.0190855823 0.129716605 -0.0972618759 0.0593813732 0.154773265 -0.0166094825 -0.114835992 -0.0907278582 0.0557721257 -0.145420104 -0.0660849884 -0.141379446 -0.0574081168 -0.232039064 0.107306048 0.0245588981 -0.112617612 0.0525672212 -0.0914012343 -0.0281119347 0.0546500981 0.0160045326 0.0705258697 0.0621874705 -0.225412086 -0.0696009845 0.236555189 0.0493689515 -0.0886934623 -0.0932162553 0.321071476 0.0295776576 -0.0854463577 -0.101491302 -0.025906913 -0.0172699727 -0.0279082768 -0.0304006375 0.14744547 -0.0883562863 0.0675618351 -0.0284301471 0.0216290224 0.0640644282 0.0162864551 0.141407713 0.173394039 0.080606766 -0.0928170532 0.0255513303 -0.0162596069
G1177 -0.0292278081 -0.0261876564 0.0425580218 -0.146328419 0.0180159956 0.159376234 -0.200408399 0.0369066857 -0.0329981372 -0.090786092 0.00725327805 0.238286853 -0.0789249539 0.0190855898 0.129716605 -0.0972618759 0.0593813732 0.154773265 -0.0166094825 -0.114835985 -0.0907278582 0.0557721183 -0.145420104 -0.0660849884 -0.141379446 -0.0574081056 -0.232039064 0.107306056 0.0245589055 -0.112617612 0.0525672287 -0.0914012343 -0.0281119347 0.0546501055 0.0160045475 0.0705258697 0.062187463 -0.225412086 -0.0696009845 0.236555189 0.0493689552 -0.0886934623 -0.0932162553 0.321071476 0.0295776576 -0.0854463577 -0.101491302 -0.025906913 -0.0172699764 -0.027908273 -0.0304006375 0.14744547 -0.0883562863 0.0675618351 -0.028430149 0.0216290262 0.0640644282 0.0162864551 0.141407713 0.173394039 0.080606766 -0.0928170606 0.0255513284 -0.0162596032
G1180 -0.0292277932 -0.0261876564 0.0425580218 -0.146328419 0.0180159956 0.159376249 -0.200408399 0.0369066782 -0.0329981372 -0.090786092 0.00725327805 0.238286853 -0.0789249539 0.0190855861 0.129716605 -0.0972618759 0.0593813732 0.154773265 -0.016609475 -0.114836007 -0.0907278657 0.0557721332 -0.145420104 -0.066084981 -0.141379446 -0.0574081019 -0.232039064 0.107306048 0.0245588906 -0.112617604 0.0525672287 -0.0914012045 -0.0281119347 0.0546501055 0.0160045475 0.0705258772 0.062187463 -0.225412086 -0.0696009696 0.236555174 0.0493689515 -0.0886934549 -0.0932162553 0.321071476 0.029577665 -0.0854463577 -0.101491302 -0.0259069055 -0.0172699802 -0.0279082768 -0.0304006413 0.14744547 -0.0883562863 0.0675618351 -0.028430149 0.021629015 0.0640644282 0.0162864551 0.141407728 0.173394039 0.080606766 -0.0928170532 0.0255513266 -0.0162596069
G1183 -0.0292277932 -0.0261876546 0.0425580144 -0.146328419 0.0180159956 0.159376234 -0.200408399 0.0369066857 -0.0329981372 -0.0907860845 0.00725326687 0.238286853 -0.0789249539 0.0190855898 0.129716605 -0.0972618684 0.0593813732 0.154773265 -0.016609475 -0.114835992 -0.0907278582 0.0557721257 -0.145420104 -0.066084981 -0.141379446 -0.0574081019 -0.232039079 0.107306041 0.0245589055 -0.112617627 0.0525672287 -0.0914012194 -0.0281119496 0.0546500981 0.0160045251 0.0705258772 0.062187463 -0.225412086 -0.069600977 0.236555159 0.0493689515 -0.0886934698 -0.0932162553 0.321071476 0.0295776613 -0.0854463577 -0.101491287 -0.0259068981 -0.0172699727 -0.0279082805 -0.0304006375 0.14744547 -0.0883562937 0.0675618351 -0.0284301508 0.0216290262 0.0640644357 0.0162864551 0.141407698 0.173394039 0.0806067586 -0.0928170532 0.0255513303 -0.0162596144
G1186 -0.0292278081 -0.0261876639 0.0425580218 -0.146328405 0.0180159956 0.159376234 -0.200408399 0.0369066782 -0.0329981297 -0.0907860845 0.00725327432 0.238286853 -0.0789249539 0.0190855823 0.129716605 -0.0972618759 0.0593813807 0.154773265 -0.016609475 -0.114835992 -0.0907278582 0.0557721257 -0.145420104 -0.066084981 -0.141379446 -0.0574081093 -0.232039064 0.107306048 0.0245588906 -0.112617612 0.0525672249 -0.0914012194 -0.0281119347 0.0546501055 0.0160045326 0.0705258697 0.062187463 -0.225412086 -0.0696009696 0.236555159 0.0493689477 -0.0886934623 -0.0932162479 0.321071476 0.0295776576 -0.0854463577 -0.101491295 -0.0259069055 -0.0172699802 -0.0279082805 -0.0304006375 0.14744547 -0.0883563012 0.0675618351 -0.028430149 0.0216290206 0.0640644282 0.0162864551 0.141407713 0.173394039 0.080606766 -0.0928170532 0.0255513359 -0.0162596107
G1189 -0.0292277932 -0.0261876564 0.0425580144 -0.146328405 0.0180159807 0.159376249 -0.200408399 0.0369066857 -0.0329981372 -0.0907860845 0.00725327805 0.238286853 -0.0789249539 0.0190855823 0.129716605 -0.0972618684 0.0593813732 0.154773265 -0.0166094825 -0.114835978 -0.0907278582 0.0557721257 -0.145420104 -0.0660849884 -0.141379446 -0.0574081093 -0.232039079 0.107306048 0.0245588981 -0.112617612 0.0525672287 -0.0914012045 -0.0281119347 0.0546500981 0.0160045475 0.0705258846 0.0621874705 -0.225412086 -0.0696009845 0.236555159 0.0493689515 -0.0886934698 -0.0932162553 0.321071476 0.0295776576 -0.0854463577 -0.101491295 -0.0259069055 -0.0172699802 -0.027908273 -0.0304006413 0.14744547 -0.0883563012 0.0675618351 -0.0284301471 0.0216290206 0.0640644282 0.0162864625 0.141407713 0.173394039 0.080606766 -0.0928170532 0.0255513322 -0.0162596069
G1192 -0.0292277932 -0.026187649 0.0425580218 -0.146328419 0.0180159956 0.159376234 -0.200408414 0.0369066857 -0.0329981372 -0.0907860845 0.0072532706 0.238286853 -0.0789249539 0.0190855823 0.129716605 -0.0972618833 0.0593813732 0.154773265 -0.016609475 -0.114835985 -0.0907278582 0.0557721183 -0.145420104 -0.0660849884 -0.141379446 -0.0574081093 -0.232039079 0.107306048 0.0245588981 -0.112617612 0.0525672287 -0.0914012343 -0.0281119347 0.0546501055 0.0160045251 0.0705258772 0.062187463 -0.225412086 -0.0696009845 0.236555189 0.0493689515 -0.0886934549 -0.0932162628 0.321071476 0.0295776539 -0.0854463577 -0.101491302 -0.0259069204 -0.0172699802 -0.0279082879 -0.0304006413 0.14744547 -0.0883562937 0.0675618351 -0.0284301527 0.0216290262 0.0640644282 0.0162864551 0.141407713 0.173394039 0.080606766 -0.0928170532 0.0255513322 -0.0162596107
G1195 -0.0292278081 -0.0261876602 0.0425580218 -0.146328419 0.0180159807 0.159376249 -0.200408399 0.0369066857 -0.0329981446 -0.0907860696 0.00725326687 0.238286853 -0.0789249539 0.0190855823 0.129716605 -0.0972618833 0.0593813732 0.154773265 -0.0166094899 -0.114835992 -0.0907278657 0.0557721332 -0.145420104 -0.0660849735 -0.141379446 -0.057408113 -0.232039064 0.107306056 0.0245588981 -0.112617612 0.0525672287 -0.0914012194 -0.0281119347 0.0546500981 0.0160045251 0.0705258772 0.0621874705 -0.225412086 -0.0696009845 0.236555159 0.0493689552 -0.0886934698 -0.0932162553 0.321071476 0.0295776576 -0.0854463652 -0.101491295 -0.025906913 -0.0172699764 -0.0279082805 -0.0304006375 0.14744547 -0.0883563012 0.0675618351 -0.0284301508 0.0216290187 0.0640644282 0.0162864551 0.141407713 0.173394024 0.0806067735 -0.0928170681 0.0255513322 -0.0162596069
G1198 -0.0292278007 -0.0261876732 0.0425580218 -0.146328419 0.0180159807 0.159376249 -0.200408414 0.0369066857 -0.0329981372 -0.0907860845 0.00725327432 0.238286853 -0.0789249539 0.0190855898 0.12971662 -0.0972618759 0.0593813807 0.154773265 -0.0166094899 -0.114835992 -0.0907278657 0.0557721257 -0.145420104 -0.066084981 -0.141379446 -0.0574081056 -0.232039079 0.107306048 0.0245588981 -0.112617604 0.0525672287 -0.0914012343 -0.0281119496 0.0546500981 0.01600454 0.0705258846 0.0621874705 -0.225412071 -0.0696009845 0.236555189 0.049368944 -0.0886934623 -0.0932162553 0.321071476 0.0295776613 -0.0854463577 -0.101491302 -0.0259069055 -0.0172699802 -0.0279082879 -0.0304006413 0.14744547 -0.0883562863 0.0675618425 -0.0284301378 0.0216290299 0.0640644133 0.0162864476 0.141407713 0.173394039 0.0806067586 -0.0928170681 0.0255513284 -0.0162596181
G1201 -0.0292277932 -0.0261876639 0.0425580218 -0.146328405 0.0180159956 0.159376234 -0.200408414 0.0369066782 -0.0329981372 -0.090786092 0.00725327805 0.238286853 -0.0789249465 0.0190855898 0.129716605 -0.0972618759 0.0593813732 0.154773265 -0.0166094899 -0.114835978 -0.0907278657 0.0557721257 -0.145420104 -0.066084981 -0.141379446 -0.0574080981 -0.232039064 0.107306041 0.0245589055 -0.112617612 0.0525672287 -0.0914012343 -0.0281119496 0.0546500981 0.0160045251 0.0705258772 0.062187463 -0.225412086 -0.069600977 0.236555159 0.0493689515 -0.0886934698 -0.0932162479 0.321071476 0.0295776576 -0.0854463577 -0.101491295 -0.0259069279 -0.0172699802 -0.0279082768 -0.0304006413 0.14744547 -0.0883562863 0.0675618351 -0.0284301508 0.0216290224 0.0640644282 0.0162864476 0.141407713 0.173394039 0.080606766 -0.0928170532 0.025551334 -0.0162595995
G1204 -0.0292278081 -0.0261876527 0.0425580218 -0.146328419 0.0180159956 0.159376234 -0.200408399 0.0369066782 -0.0329981223 -0.0907860845 0.00725327805 0.238286853 -0.0789249465 0.0190855823 0.129716605 -0.0972618759 0.0593813695 0.154773265 -0.0166094825 -0.114835985 -0.0907278657 0.0557721183 -0.145420104 -0.0660849884 -0.141379446 -0.0574081019 -0.232039064 0.107306048 0.0245588981 -0.112617604 0.0525672287 -0.0914012045 -0.0281119347 0.0546500981 0.0160045475 0.0705258846 0.062187463 -0.225412086 -0.0696009621 0.236555189 0.0493689552 -0.0886934698 -0.0932162553 0.321071476 0.0295776613 -0.0854463577 -0.101491295 -0.025906913 -0.0172699727 -0.0279082805 -0.0304006413 0.14744547 -0.0883562937 0.0675618351 -0.0284301471 0.0216290262 0.0640644282 0.0162864551 0.141407713 0.173394039 0.080606766 -0.0928170606 0.0255513266 -0.0162595958
G1207 -0.0292278081 -0.0261876602 0.0425580218 -0.146328419 0.0180159807 0.159376234 -0.200408399 0.0369066745 -0.0329981223 -0.0907860845 0.0072532855 0.238286853 -0.0789249539 0.0190855898 0.129716605 -0.0972618759 0.059381377 0.154773265 -0.0166094899 -0.114835985 -0.0907278657 0.0557721257 -0.145420104 -0.0660849884 -0.141379446 -0.0574081205 -0.232039079 0.107306056 0.0245589055 -0.112617604 0.0525672287 -0.0914012343 -0.0281119347 0.0546500981 0.0160045326 0.0705258697 0.0621874705 -0.225412086 -0.069600977 0.236555159 0.0493689477 -0.0886934623 -0.0932162628 0.321071476 0.0295776576 -0.0854463652 -0.101491302 -0.0259069055 -0.0172699802 -0.027908273 -0.0304006413 0.14744547 -0.0883562863 0.0675618351 -0.0284301415 0.0216290224 0.0640644282 0.0162864551 0.141407713 0.173394039 0.0806067735 -0.0928170606 0.0255513303 -0.0162596107
G1210 -0.0292277932 -0.0261876732 0.0425580218 -0.146328405 0.0180159956 0.159376249 -0.200408399 0.036906682 -0.0329981372 -0.0907860845 0.0072532706 0.238286853 -0.0789249539 0.0190855823 0.129716605 -0.0972618759 0.0593813732 0.154773265 -0.0166094825 -0.114835963 -0.0907278582 0.0557721257 -0.145420104 -0.066084981 -0.141379446 -0.0574081093 -0.232039079 0.107306048 0.0245588981 -0.112617612 0.0525672287 -0.0914012119 -0.0281119347 0.0546501055 0.01600454 0.0705258772 0.062187463 -0.225412086 -0.069600977 0.236555159 0.049368944 -0.0886934623 -0.0932162628 0.321071476 0.0295776557 -0.0854463577 -0.101491302 -0.025906913 -0.0172699802 -0.0279082879 -0.0304006413 0.14744547 -0.0883562863 0.0675618351 -0.0284301471 0.0216290262 0.0640644208 0.0162864551 0.141407713 0.173394039 0.0806067586 -0.0928170532 0.0255513284 -0.0162596069
G1213 -0.0292278081 -0.0261876527 0.0425580293 -0.146328419 0.0180159956 0.159376234 -0.200408414 0.0369066782 -0.0329981372 -0.0907860845 0.0072532706 0.238286853 -0.0789249614 0.0190855861 0.129716605 -0.0972618684 0.0593813732 0.154773265 -0.0166094899 -0.114835978 -0.0907278657 0.0557721332 -0.145420104 -0.0660849884 -0.141379446 -0.0574081168 -0.232039079 0.107306056 0.0245588906 -0.112617612 0.0525672287 -0.0914012194 -0.0281119347 0.054650113 0.0160045251 0.0705258846 0.062187463 -0.225412086 -0.0696009845 0.236555174 0.0493689552 -0.0886934623 -0.0932162553 0.321071476 0.0295776576 -0.0854463577 -0.101491287 -0.0259069055 -0.0172699727 -0.027908273 -0.0304006375 0.14744547 -0.0883562863 0.0675618425 -0.0284301508 0.0216290206 0.0640644133 0.0162864476 0.141407713 0.173394039 0.080606766 -0.0928170532 0.025551334 -0.0162595958
G1216 -0.0292277932 -0.0261876453 0.0425580293 -0.146328405 0.0180159807 0.159376234 -0.200408399 0.0369066857 -0.0329981223 -0.0907860845 0.00725327432 0.238286853 -0.0789249539 0.0190855823 0.129716605 -0.0972618759 0.0593813732 0.154773265 -0.016609475 -0.114835992 -0.0907278657 0.0557721332 -0.145420104 -0.0660849884 -0.141379446 -0.0574081093 -0.232039064 0.107306033 0.0245589055 -0.112617612 0.0525672287 -0.0914012194 -0.0281119347 0.0546501055 0.01600454 0.0705258697 0.0621874556 -0.225412086 -0.0696009845 0.236555159 0.0493689552 -0.0886934549 -0.0932162628 0.321071476 0.0295776632 -0.0854463652 -0.101491295 -0.0259069055 -0.0172699876 -0.0279082805 -0.0304006413 0.14744547 -0.0883562863 0.0675618351 -0.028430149 0.021629028 0.0640644282 0.0162864625 0.141407713 0.173394039 0.080606766 -0.0928170532 0.0255513266 -0.0162596144
G1219 -0.0292277932 -0.0261876695 0.0425580218 -0.14632839 0.0180159807 0.159376234 -0.200408414 0.0369066857 -0.0329981372 -0.0907860845 0.00725327432 0.238286853 -0.0789249539 0.0190855823 0.12971662 -0.0972618759 0.0593813732 0.154773265 -0.0166094825 -0.114835992 -0.0907278582 0.0557721257 -0.145420104 -0.0660849735 -0.141379446 -0.057408113 -0.232039064 0.107306048 0.0245588906 -0.112617612 0.0525672287 -0.0914012194 -0.0281119347 0.0546500981 0.0160045475 0.0705258697 0.0621874705 -0.225412086 -0.0696009845 0.236555159 0.0493689552 -0.0886934698 -0.0932162628 0.321071476 0.0295776557 -0.0854463726 -0.101491302 -0.025906913 -0.0172699876 -0.0279082842 -0.0304006375 0.14744547 -0.0883562937 0.0675618351 -0.0284301508 0.0216290262 0.0640644133 0.0162864476 0.141407713 0.173394039 0.080606766 -0.0928170532 0.0255513266 -0.0162596144
G1222 -0.0292278081 -0.0261876658 0.0425580069 -0.146328419 0.0180159956 0.159376249 -0.200408399 0.0369066857 -0.0329981372 -0.0907860845 0.00725328177 0.238286868 -0.0789249539 0.0190855823 0.129716605 -0.0972618759 0.0593813732 0.154773265 -0.016609475 -0.114835992 -0.0907278582 0.0557721332 -0.145420104 -0.0660849735 -0.141379446 -0.0574081019 -0.232039064 0.107306041 0.024558913 -0.112617604 0.0525672287 -0.0914012194 -0.0281119347 0.0546500981 0.0160045326 0.0705258697 0.062187463 -0.225412086 -0.069600977 0.236555189 0.0493689477 -0.0886934772 -0.0932162553 0.321071476 0.0295776669 -0.0854463726 -0.101491287 -0.0259068906 -0.0172699764 -0.027908273 -0.0304006338 0.14744547 -0.0883562714 0.0675618425 -0.0284301452 0.0216290131 0.0640644133 0.0162864402 0.141407728 0.173394039 0.0806067586 -0.0928170606 0.0255513471 -0.0162596256
G1225 -0.0292278007 -0.0261876676 0.0425580218 -0.146328405 0.0180159807 0.159376234 -0.200408399 0.0369066782 -0.0329981372 -0.0907860845 0.00725327805 0.238286853 -0.0789249539 0.0190855935 0.129716605 -0.0972618684 0.0593813732 0.154773265 -0.016609475 -0.11483597 -0.0907278582 0.0557721257 -0.145420104 -0.0660849735 -0.141379446 -0.057408113 -0.232039034 0.107306048 0.0245589055 -0.112617612 0.0525672212 -0.0914012268 -0.0281119496 0.0546500981 0.0160045326 0.0705258697 0.062187463 -0.225412086 -0.069600977 0.236555189 0.0493689515 -0.0886934772 -0.0932162553 0.321071476 0.0295776613 -0.0854463652 -0.101491302 -0.0259069055 -0.0172699727 -0.0279082805 -0.0304006413 0.14744547 -0.0883562714 0.0675618425 -0.0284301508 0.0216290113 0.0640644059 0.0162864551 0.141407728 0.173394039 0.0806067586 -0.0928170606 0.0255513415 -0.0162596256
G1228 -0.0395336784 -0.0263843685 0.048470825 -0.15113768 0.0170467943 0.166762039 -0.200626254 0.043343097 -0.0323995948 -0.106472597 0.00854868442 0.237825319 -0.0863898546 0.0155328661 0.130860984 -0.107983664 0.0497553572 0.154705271 -0.00655806065 -0.099922508 -0.0907239243 0.0780696198 -0.145496562 -0.0558245741 -0.153493255 -0.055731602 -0.240737259 0.114538096 0.0121942908 -0.122805029 0.0616961941 -0.0881027356 -0.0163186342 0.0537031367 0.0189675167 0.0828053057 0.0520405844 -0.226311371 -0.0709568113 0.225921914 0.0517782867 -0.107424028 -0.105886526 0.318898529 0.0287462883 -0.102974132 -0.101168677 -0.012893334 -0.0173214339 -0.0285389274 -0.0383197777 0.150554985 -0.106690809 0.0569599047 -0.0436747782 0.0397786945 0.0577053279 0.0271521062 0.141772211 0.16984345 0.0726316571 -0.102285065 0.0316878818 -0.0275130663
G1229 -0.0277334079 -0.0103657916 0.0511497706 -0.159414589 0.0258089751 0.140741006 -0.197062701 0.048737511 -0.0263814032 -0.115997225 0.00292334706 0.240663588 -0.0731855705 0.0375768729 0.11879652 -0.114773728 0.0386407077 0.142492473 -0.000484481454 -0.109895721 -0.0924574882 0.0760293603 -0.151733741 -0.0663359761 -0.149595916 -0.0498385467 -0.250605255 0.139080703 0.0110768043 -0.113098614 0.054619424 -0.0816351026 -0.0326006562 0.0352308974 0.0247455984 0.0852826759 0.0607342944 -0.229910612 -0.0573226102 0.219802693 0.0388265997 -0.100458153 -0.093526274 0.319193274 0.0250739325 -0.0928569585 -0.0902564377 -0.0316279158 -0.0100969039 -0.0386144668 -0.0451920182 0.143429488 -0.109801963 0.0755888224 -0.0503479242 0.0403908864 0.0744062513 0.035393849 0.152460188 0.16596058 0.0728790089 -0.0848699436 0.0214169584 -0.0339960754
G1230 -0.0395336822 -0.0263843648 0.0484708175 -0.15113765 0.0170467943 0.166762054 -0.200626269 0.0433430783 -0.0323995948 -0.106472597 0.00854868069 0.237825319 -0.0863898396 0.0155328549 0.130860984 -0.107983664 0.049755346 0.154705286 -0.00655806065 -0.099922508 -0.0907239392 0.0780696049 -0.145496577 -0.0558245853 -0.153493255 -0.0557315946 -0.240737259 0.114538081 0.0121942982 -0.122805029 0.0616962016 -0.0881027356 -0.0163186491 0.0537031367 0.0189674944 0.0828053132 0.0520405769 -0.226311371 -0.0709568262 0.225921929 0.0517782867 -0.107424021 -0.105886526 0.318898529 0.0287462883 -0.102974147 -0.101168677 -0.0128933489 -0.0173214301 -0.0285389274 -0.0383197814 0.150554985 -0.106690824 0.0569599122 -0.0436747745 0.0397786871 0.0577053279 0.0271520987 0.141772211 0.16984345 0.0726316571 -0.102285065 0.0316878855 -0.0275130626
G1231 -0.0277334228 -0.0103657879 0.0511497557 -0.159414589 0.0258089826 0.14074102 -0.197062716 0.0487374961 -0.0263813958 -0.115997225 0.00292334706 0.240663588 -0.0731855705 0.0375768691 0.11879652 -0.114773735 0.0386407003 0.142492503 -0.000484488904 -0.109895729 -0.0924574882 0.0760293454 -0.151733771 -0.066335991 -0.149595916 -0.0498385467 -0.250605255 0.139080703 0.0110768043 -0.113098621 0.054619424 -0.0816351026 -0.0326006562 0.0352309011 0.0247456208 0.0852826759 0.0607342981 -0.229910627 -0.0573226102 0.219802693 0.0388266034 -0.100458167 -0.093526274 0.319193274 0.0250739288 -0.0928569585 -0.0902564526 -0.0316279158 -0.0100969113 -0.0386144817 -0.0451920331 0.143429503 -0.109801978 0.0755888298 -0.0503479242 0.0403908715 0.0744062439 0.035393849 0.152460188 0.16596058 0.0728790015 -0.0848699436 0.0214169566 -0.0339960605
G1232 -0.0395336784 -0.0263843704 0.0484708175 -0.15113768 0.0170467943 0.166762054 -0.200626269 0.043343097 -0.0323995873 -0.106472597 0.00854868814 0.237825319 -0.0863898546 0.0155328549 0.130860984 -0.107983656 0.0497553423 0.154705286 -0.0065580681 -0.0999225155 -0.0907239467 0.0780696049 -0.145496577 -0.0558245853 -0.153493255 -0.0557315797 -0.240737259 0.114538088 0.0121942982 -0.122805022 0.0616962016 -0.0881027207 -0.0163186342 0.0537031367 0.0189675018 0.0828053132 0.0520405732 -0.226311371 -0.0709568262 0.225921929 0.0517782755 -0.107424021 -0.105886526 0.318898529 0.0287462845 -0.102974132 -0.101168677 -0.0128933415 -0.0173214227 -0.02853892 -0.038319774 0.150554985 -0.106690809 0.0569599047 -0.0436747782 0.0397786908 0.0577053428 0.0271521136 0.141772211 0.16984345 0.0726316646 -0.102285072 0.0316878781 -0.02751307
G1233 -0.0277334228 -0.0103657916 0.0511497632 -0.159414589 0.0258089751 0.14074102 -0.197062716 0.0487375148 -0.0263814032 -0.115997225 0.00292335078 0.240663588 -0.0731855705 0.0375768766 0.11879652 -0.114773735 0.0386407003 0.142492518 -0.000484496355 -0.109895714 -0.0924574882 0.0760293603 -0.151733771 -0.0663359985 -0.149595916 -0.0498385355 -0.250605255 0.139080703 0.0110768043 -0.113098614 0.0546194315 -0.0816351026 -0.0326006562 0.0352308974 0.0247456133 0.0852826759 0.0607342906 -0.229910612 -0.0573226064 0.219802707 0.0388265997 -0.10045816 -0.093526274 0.319193274 0.0250739288 -0.0928569436 -0.0902564377 -0.0316279233 -0.0100969002 -0.0386144668 -0.0451920256 0.143429488 -0.109801978 0.0755888298 -0.0503479242 0.0403908752 0.0744062513 0.0353938453 0.152460188 0.16596058 0.0728790089 -0.0848699436 0.0214169491 -0.0339960754
G1234 -0.039533671 -0.026384348 0.0484708175 -0.15113768 0.0170467794 0.166762039 -0.200626254 0.0433431007 -0.0323996022 -0.106472597 0.00854867324 0.237825334 -0.0863898546 0.0155328587 0.130860984 -0.107983671 0.0497553386 0.154705286 -0.0065580681 -0.099922508 -0.0907239318 0.0780696049 -0.145496577 -0.0558245853 -0.153493255 -0.0557315946 -0.240737259 0.114538096 0.0121942982 -0.122805037 0.0616961978 -0.0881027281 -0.0163186342 0.0537031293 0.0189675167 0.0828053057 0.0520405769 -0.226311371 -0.0709568188 0.225921944 0.0517783016 -0.107424036 -0.105886519 0.318898529 0.0287462845 -0.102974147 -0.101168677 -0.0128933415 -0.0173214227 -0.0285389274 -0.0383197628 0.150554985 -0.106690824 0.0569599047 -0.043674767 0.0397786945 0.0577053353 0.0271520987 0.141772211 0.16984345 0.0726316646 -0.102285065 0.0316878818 -0.02751307
G1235 -0.0277334228 -0.0103657767 0.0511497706 -0.159414589 0.0258089676 0.14074102 -0.197062701 0.048737511 -0.0263814107 -0.115997232 0.00292333961 0.240663603 -0.0731855705 0.0375768766 0.118796527 -0.114773735 0.0386406928 0.142492503 -0.000484496355 -0.109895721 -0.0924574882 0.0760293603 -0.151733756 -0.0663359985 -0.149595916 -0.0498385355 -0.250605255 0.139080703 0.0110768117 -0.113098614 0.0546194315 -0.0816351026 -0.0326006562 0.0352308974 0.0247456282 0.0852826759 0.0607343055 -0.229910612 -0.0573226139 0.219802707 0.0388266072 -0.10045816 -0.0935262591 0.319193274 0.0250739343 -0.0928569585 -0.0902564526 -0.0316279233 -0.0100969002 -0.0386144742 -0.0451920256 0.143429488 -0.109801978 0.0755888224 -0.0503479242 0.0403908789 0.0744062588 0.035393849 0.152460188 0.165960565 0.0728790015 -0.0848699436 0.0214169528 -0.0339960754
G1236 -0.039533671 -0.0263843648 0.048470825 -0.15113768 0.0170467943 0.166762024 -0.200626254 0.043343097 -0.0323995948 -0.106472597 0.00854867697 0.237825319 -0.0863898546 0.0155328549 0.130860999 -0.107983664 0.049755346 0.154705286 -0.0065580681 -0.099922508 -0.0907239318 0.0780696049 -0.145496562 -0.0558245853 -0.153493255 -0.0557315908 -0.240737259 0.114538088 0.0121942982 -0.122805037 0.0616961978 -0.0881027356 -0.0163186193 0.0537031442 0.0189675018 0.0828053132 0.0520405769 -0.226311371 -0.0709568113 0.225921959 0.0517782904 -0.107424028 -0.105886526 0.318898529 0.0287462883 -0.102974139 -0.101168662 -0.0128933415 -0.0173214301 -0.0285389349 -0.0383197702 0.150554985 -0.106690824 0.0569599085 -0.043674767 0.039778702 0.0577053279 0.0271521136 0.141772211 0.16984345 0.0726316646 -0.102285065 0.0316878818 -0.0275130663
G1237 -0.0277334154 -0.0103657879 0.0511497706 -0.159414589 0.0258089751 0.14074102 -0.197062701 0.048737511 -0.0263814107 -0.115997225 0.00292334706 0.240663588 -0.0731855705 0.0375768729 0.118796527 -0.114773728 0.0386407003 0.142492518 -0.000484488904 -0.109895729 -0.0924574882 0.0760293454 -0.151733741 -0.066335991 -0.149595916 -0.0498385392 -0.250605255 0.139080703 0.0110768043 -0.113098629 0.054619424 -0.0816351175 -0.0326006413 0.0352309048 0.0247456282 0.0852826908 0.0607342832 -0.229910627 -0.0573226102 0.219802707 0.0388266072 -0.10045816 -0.0935262665 0.319193274 0.0250739343 -0.092856966 -0.0902564451 -0.0316279158 -0.0100969039 -0.0386144817 -0.0451920331 0.143429488 -0.109801978 0.0755888298 -0.0503479242 0.0403908826 0.0744062513 0.035393849 0.152460188 0.165960565 0.0728790089 -0.0848699436 0.0214169547 -0.0339960679
G1238 -0.0395336822 -0.0263843611 0.0484708324 -0.15113768 0.0170467943 0.166762054 -0.200626254 0.0433431007 -0.0323995948 -0.106472589 0.00854868442 0.237825319 -0.0863898471 0.0155328587 0.130860999 -0.107983656 0.0497553349 0.154705286 -0.0065580681 -0.0999225229 -0.0907239392 0.0780696049 -0.145496577 -0.0558245815 -0.153493255 -0.0557315908 -0.240737274 0.114538081 0.0121942982 -0.122805022 0.0616962016 -0.0881027207 -0.0163186342 0.0537031367 0.0189675167 0.0828053132 0.0520405844 -0.226311356 -0.0709568113 0.225921929 0.051778283 -0.107424021 -0.105886526 0.318898529 0.0287462883 -0.102974147 -0.10116867 -0.012893334 -0.0173214376 -0.0285389349 -0.0383197814 0.15055497 -0.106690809 0.0569599196 -0.0436747745 0.0397786871 0.0577053353 0.0271521062 0.141772211 0.16984345 0.0726316571 -0.102285072 0.0316878892 -0.02751307
G1239 -0.0277334303 -0.0103657842 0.0511497781 -0.159414589 0.0258089751 0.140741006 -0.197062716 0.0487375073 -0.0263814107 -0.115997225 0.00292335078 0.240663588 -0.073185578 0.0375768729 0.118796535 -0.114773728 0.0386407003 0.142492503 -0.000484496355 -0.109895736 -0.0924574882 0.0760293454 -0.151733771 -0.0663359836 -0.149595916 -0.0498385355 -0.250605255 0.139080703 0.0110768117 -0.113098614 0.0546194315 -0.0816351026 -0.0326006562 0.0352308974 0.0247456282 0.0852826834 0.0607342906 -0.229910612 -0.0573226102 0.219802678 0.0388266072 -0.10045816 -0.093526274 0.319193274 0.0250739343 -0.0928569734 -0.0902564377 -0.0316279158 -0.0100969113 -0.0386144817 -0.0451920331 0.143429488 -0.109801963 0.0755888298 -0.0503479242 0.0403908789 0.0744062588 0.035393849 0.152460188 0.165960565 0.0728790089 -0.084869951 0.0214169472 -0.0339960679
G1240 -0.039533671 -0.0263843555 0.0484708175 -0.15113768 0.0170467794 0.166762054 -0.200626269 0.043343097 -0.0323995948 -0.106472597 0.00854868069 0.237825319 -0.0863898546 0.0155328661 0.130860999 -0.107983664 0.049755346 0.154705286 -0.00655806065 -0.099922508 -0.0907239243 0.0780696049 -0.145496577 -0.0558245853 -0.153493255 -0.0557315946 -0.240737259 0.114538088 0.0121943057 -0.122805029 0.0616961978 -0.0881027207 -0.0163186342 0.0537031293 0.0189675167 0.0828053206 0.0520405769 -0.226311371 -0.0709568113 0.225921929 0.0517782904 -0.107424036 -0.105886526 0.318898529 0.0287462845 -0.102974147 -0.101168677 -0.0128933415 -0.0173214301 -0.0285389237 -0.0383197665 0.15055497 -0.106690809 0.0569599085 -0.0436747745 0.0397786945 0.0577053428 0.0271521062 0.141772211 0.16984345 0.0726316646 -0.102285065 0.0316878781 -0.0275130589
G1241 -0.0277334228 -0.0103657767 0.0511497632 -0.159414589 0.0258089751 0.14074102 -0.197062701 0.048737511 -0.0263814032 -0.115997225 0.00292334706 0.240663603 -0.073185578 0.037576884 0.118796535 -0.114773735 0.038640704 0.142492503 -0.000484496355 -0.109895721 -0.0924574733 0.0760293454 -0.151733756 -0.0663359985 -0.149595916 -0.0498385467 -0.250605255 0.139080703 0.0110768043 -0.113098614 0.0546194315 -0.0816351026 -0.0326006562 0.0352308974 0.0247456133 0.0852826908 0.0607342944 -0.229910612 -0.0573226139 0.219802678 0.0388266072 -0.10045816 -0.093526274 0.319193274 0.0250739269 -0.092856966 -0.0902564377 -0.0316279233 -0.0100969039 -0.0386144817 -0.0451920331 0.143429488 -0.109801978 0.0755888224 -0.0503479168 0.0403908789 0.0744062588 0.0353938453 0.152460188 0.165960565 0.0728790015 -0.0848699436 0.021416951 -0.0339960679
G1242 -0.0395336859 -0.0263843555 0.048470825 -0.15113768 0.0170467943 0.166762039 -0.200626269 0.0433431007 -0.0323996097 -0.106472597 0.00854868069 0.237825319 -0.0863898546 0.0155328661 0.130860999 -0.107983656 0.049755346 0.154705271 -0.0065580681 -0.099922508 -0.0907239318 0.0780696124 -0.145496577 -0.055824589 -0.153493255 -0.0557315946 -0.240737259 0.114538088 0.0121942982 -0.122805029 0.0616961978 -0.0881027356 -0.0163186342 0.0537031293 0.0189675093 0.0828053057 0.0520405769 -0.226311371 -0.0709568188 0.225921929 0.0517782904 -0.107424028 -0.105886534 0.318898529 0.0287462845 -0.102974147 -0.101168677 -0.012893334 -0.0173214227 -0.0285389312 -0.0383197665 0.15055497 -0.106690809 0.0569599122 -0.043674767 0.039778702 0.0577053279 0.0271520987 0.141772211 0.16984345 0.0726316571 -0.102285057 0.0316878818 -0.0275130738
G1243 -0.0277334228 -0.0103657804 0.0511497706 -0.159414589 0.0258089751 0.140741006 -0.197062716 0.0487375073 -0.0263814107 -0.115997225 0.00292334706 0.240663588 -0.0731855705 0.0375768766 0.118796527 -0.114773728 0.0386407003 0.142492503 -0.000484496355 -0.109895714 -0.0924574807 0.0760293603 -0.151733756 -0.0663359985 -0.149595916 -0.0498385467 -0.250605255 0.139080703 0.0110768043 -0.113098614 0.0546194315 -0.0816351026 -0.0326006562 0.0352309011 0.0247455984 0.0852826759 0.0607342906 -0.229910612 -0.0573226027 0.219802678 0.0388266072 -0.100458167 -0.093526274 0.319193274 0.0250739306 -0.0928569585 -0.0902564377 -0.0316279158 -0.0100969002 -0.0386144854 -0.0451920331 0.143429488 -0.109801963 0.0755888298 -0.0503479131 0.0403908752 0.0744062513 0.035393849 0.152460188 0.165960565 0.072878994 -0.0848699361 0.0214169566 -0.0339960754
G1244 -0.0395336784 -0.0263843648 0.0484708175 -0.15113768 0.0170467943 0.166762054 -0.200626254 0.0433430783 -0.0323996022 -0.106472597 0.00854867324 0.237825319 -0.0863898546 0.0155328624 0.130860984 -0.107983664 0.049755346 0.154705271 -0.0065580681 -0.099922508 -0.0907239318 0.0780696049 -0.145496577 -0.0558245927 -0.153493255 -0.0557315983 -0.240737259 0.114538088 0.0121942982 -0.122805029 0.061696209 -0.0881027281 -0.0163186342 0.0537031293 0.0189675093 0.0828053057 0.0520405769 -0.226311371 -0.0709568113 0.225921929 0.0517782867 -0.107424021 -0.105886519 0.318898529 0.028746292 -0.102974147 -0.101168677 -0.0128933415 -0.0173214301 -0.0285389312 -0.0383197665 0.150554985 -0.106690809 0.0569598973 -0.0436747745 0.0397786908 0.0577053353 0.0271521136 0.141772211 0.16984345 0.0726316646 -0.102285072 0.0316878818 -0.0275130775
G1245 -0.0277334228 -0.0103657953 0.0511497781 -0.159414589 0.0258089602 0.140741035 -0.197062701 0.0487375036 -0.0263814107 -0.115997225 0.00292335078 0.240663588 -0.0731855705 0.0375768729 0.118796527 -0.114773728 0.0386407003 0.142492503 -0.000484488904 -0.109895721 -0.0924574807 0.0760293454 -0.151733741 -0.0663359985 -0.149595916 -0.0498385467 -0.250605255 0.139080718 0.0110768043 -0.113098614 0.0546194315 -0.0816351026 -0.0326006562 0.0352309011 0.0247456133 0.0852826759 0.0607342981 -0.229910612 -0.0573226176 0.219802678 0.0388265997 -0.10045816 -0.093526274 0.319193274 0.0250739381 -0.092856966 -0.0902564451 -0.0316279158 -0.0100969002 -0.0386144742 -0.0451920331 0.143429488 -0.109801978 0.0755888224 -0.0503479242 0.0403908789 0.0744062439 0.035393849 0.152460188 0.165960565 0.0728790015 -0.0848699436 0.0214169566 -0.0339960828
G1246 -0.039533671 -0.0263843667 0.048470825 -0.15113768 0.0170467943 0.166762054 -0.200626269 0.0433430932 -0.0323996022 -0.106472604 0.00854868814 0.237825319 -0.0863898546 0.0155328624 0.130860984 -0.107983671 0.049755346 0.154705286 -0.00655806065 -0.0999224931 -0.0907239243 0.0780696049 -0.145496577 -0.0558245927 -0.153493255 -0.0557315946 -0.240737259 0.114538088 0.0121942982 -0.122805037 0.0616961941 -0.0881027281 -0.0163186342 0.0537031367 0.0189675167 0.0828053057 0.0520405844 -0.226311356 -0.0709568113 0.225921959 0.051778283 -0.107424036 -0.105886526 0.318898529 0.0287462883 -0.102974154 -0.101168685 -0.012893334 -0.0173214301 -0.0285389349 -0.0383197702 0.150554985 -0.106690824 0.0569599122 -0.043674767 0.0397786945 0.0577053428 0.0271520987 0.141772225 0.16984345 0.0726316571 -0.102285065 0.0316878855 -0.0275130663
G1247 -0.0277334154 -0.0103657953 0.0511497706 -0.159414589 0.0258089751 0.14074102 -0.197062716 0.0487375073 -0.0263813958 -0.115997232 0.00292335078 0.240663588 -0.073185578 0.0375768766 0.11879652 -0.114773735 0.0386406966 0.142492503 -0.000484488904 -0.109895729 -0.0924574733 0.0760293603 -0.151733756 -0.0663359985 -0.149595916 -0.0498385355 -0.250605285 0.139080718 0.0110768117 -0.113098621 0.0546194315 -0.0816351026 -0.0326006562 0.0352309011 0.0247456133 0.0852826759 0.0607342906 -0.229910612 -0.0573226064 0.219802707 0.0388266034 -0.10045816 -0.093526274 0.319193274 0.0250739269 -0.0928569585 -0.0902564526 -0.0316279233 -0.0100969002 -0.0386144817 -0.0451920256 0.143429488 -0.109801978 0.0755888224 -0.0503479168 0.0403908789 0.0744062513 0.035393849 0.152460188 0.16596058 0.072878994 -0.0848699436 0.0214169491 -0.0339960605
G1248 -0.039533671 -0.0263843723 0.0484708399 -0.15113768 0.0170467794 0.166762039 -0.200626269 0.0433430895 -0.0323996022 -0.106472597 0.00854868442 0.237825319 -0.0863898546 0.0155328587 0.130860984 -0.107983664 0.0497553386 0.154705286 -0.0065580681 -0.099922508 -0.0907239392 0.0780696049 -0.145496577 -0.0558245778 -0.153493255 -0.0557315871 -0.240737259 0.114538088 0.0121942908 -0.122805037 0.0616961978 -0.0881027356 -0.0163186193 0.0537031293 0.0189675167 0.0828053057 0.0520405769 -0.226311371 -0.0709568113 0.225921959 0.0517782904 -0.107424036 -0.105886526 0.318898529 0.0287462845 -0.102974139 -0.10116867 -0.012893334 -0.0173214227 -0.0285389349 -0.0383197814 0.150554985 -0.106690809 0.0569599047 -0.0436747745 0.039778702 0.0577053353 0.0271521062 0.141772211 0.16984345 0.072631672 -0.102285065 0.0316878781 -0.0275130812
G1249 -0.0277334154 -0.0103657991 0.051149793 -0.159414589 0.0258089751 0.14074102 -0.197062716 0.048737511 -0.0263814107 -0.115997218 0.00292334706 0.240663588 -0.0731855631 0.0375768803 0.118796527 -0.114773728 0.0386406928 0.142492503 -0.000484481454 -0.109895721 -0.0924574882 0.0760293454 -0.151733771 -0.066335991 -0.149595916 -0.0498385467 -0.250605255 0.139080703 0.0110768043 -0.113098629 0.0546194315 -0.0816351175 -0.0326006413 0.0352309011 0.0247456282 0.0852826759 0.0607342906 -0.229910612 -0.0573226102 0.219802707 0.0388266146 -0.10045816 -0.093526274 0.319193274 0.0250739232 -0.092856966 -0.0902564377 -0.0316279233 -0.0100969039 -0.038614478 -0.0451920256 0.143429488 -0.109801963 0.0755888224 -0.0503479205 0.0403908826 0.0744062588 0.0353938416 0.152460203 0.165960565 0.0728790089 -0.0848699361 0.0214169472 -0.0339960828
G1250 -0.0395336822 -0.0263843555 0.048470825 -0.15113768 0.0170467794 0.166762039 -0.200626254 0.0433430932 -0.0323996171 -0.106472597 0.00854867324 0.237825319 -0.0863898471 0.0155328624 0.130860999 -0.107983664 0.049755346 0.154705271 -0.0065580681 -0.099922508 -0.0907239318 0.0780696124 -0.145496577 -0.0558245853 -0.153493255 -0.0557315983 -0.240737259 0.114538081 0.0121942982 -0.122805037 0.0616962016 -0.0881027356 -0.0163186342 0.0537031367 0.0189675167 0.0828053057 0.0520405769 -0.226311371 -0.0709568113 0.225921929 0.0517782904 -0.107424036 -0.105886526 0.318898529 0.028746292 -0.102974147 -0.101168677 -0.012893334 -0.0173214339 -0.0285389423 -0.0383197814 0.150554985 -0.106690809 0.0569599196 -0.043674767 0.039778702 0.0577053353 0.0271521062 0.141772211 0.16984345 0.0726316571 -0.102285057 0.0316878781 -0.0275130775
G1251 -0.0277334228 -0.0103657879 0.0511497706 -0.159414589 0.0258089751 0.140741006 -0.197062716 0.0487375073 -0.0263814107 -0.115997232 0.00292334706 0.240663618 -0.073185578 0.0375768766 0.118796542 -0.114773721 0.038640704 0.142492518 -0.000484488904 -0.109895721 -0.0924574882 0.0760293603 -0.151733756 -0.066335991 -0.149595916 -0.0498385429 -0.250605255 0.139080718 0.0110768117 -0.113098614 0.0546194315 -0.0816351175 -0.0326006562 0.0352309048 0.0247456133 0.0852826908 0.0607342944 -0.229910627 -0.0573226102 0.219802707 0.0388266072 -0.100458167 -0.093526274 0.319193274 0.0250739306 -0.0928569585 -0.0902564526 -0.0316279233 -0.0100969151 -0.038614478 -0.0451920256 0.143429488 -0.109801948 0.0755888298 -0.0503479242 0.0403908752 0.0744062588 0.0353938416 0.152460203 0.165960565 0.0728790015 -0.0848699361 0.0214169454 -0.0339960754
G1252 -0.039533671 -0.0263843648 0.0484708175 -0.15113768 0.0170467943 0.166762039 -0.200626269 0.0433430932 -0.0323996022 -0.106472597 0.00854867324 0.237825319 -0.0863898546 0.0155328549 0.130860984 -0.107983664 0.049755346 0.154705271 -0.00655806065 -0.099922508 -0.0907239318 0.0780696049 -0.145496562 -0.0558245853 -0.153493255 -0.0557315946 -0.240737274 0.114538096 0.0121942908 -0.122805029 0.0616961941 -0.0881027281 -0.0163186193 0.0537031293 0.0189675167 0.0828053206 0.0520405769 -0.226311371 -0.0709568113 0.225921899 0.0517782867 -0.107424036 -0.105886526 0.318898529 0.0287462957 -0.102974147 -0.101168677 -0.0128933415 -0.0173214301 -0.0285389498 -0.0383197814 0.150554985 -0.106690809 0.0569599047 -0.043674767 0.0397786982 0.0577053279 0.0271520987 0.141772211 0.169843465 0.0726316571 -0.102285065 0.0316878781 -0.0275130514
G1253 -0.0277334154 -0.0103657916 0.0511497706 -0.159414589 0.0258089751 0.140741006 -0.197062716 0.0487375148 -0.0263814181 -0.115997232 0.00292334706 0.240663603 -0.073185578 0.0375768691 0.11879652 -0.114773728 0.038640704 0.142492503 -0.000484496355 -0.109895736 -0.0924574882 0.0760293528 -0.151733756 -0.0663359985 -0.149595916 -0.0498385429 -0.250605255 0.139080703 0.0110768043 -0.113098614 0.0546194166 -0.0816351026 -0.0326006562 0.0352309048 0.0247456282 0.0852826834 0.0607342944 -0.229910627 -0.0573226102 0.219802678 0.0388266034 -0.100458167 -0.093526274 0.319193274 0.0250739381 -0.0928569585 -0.0902564526 -0.0316279158 -0.0100969076 -0.0386144817 -0.0451920256 0.143429488 -0.109801963 0.0755888298 -0.0503479168 0.0403908789 0.0744062513 0.0353938565 0.152460188 0.16596058 0.0728790015 -0.0848699436 0.0214169584 -0.033996053
G1254 -0.0395336784 -0.0263843685 0.0484708175 -0.15113768 0.0170467794 0.166762054 -0.200626254 0.043343097 -0.0323996097 -0.106472597 0.00854868814 0.237825334 -0.0863898546 0.0155328587 0.130860984 -0.107983656 0.0497553535 0.154705286 -0.0065580532 -0.099922508 -0.0907239318 0.0780696124 -0.145496577 -0.055824589 -0.153493255 -0.0557315946 -0.240737274 0.114538088 0.0121942982 -0.122805029 0.0616962016 -0.0881027356 -0.0163186342 0.0537031367 0.0189675018 0.0828053206 0.0520405844 -0.226311371 -0.0709568113 0.225921959 0.051778283 -0.107424036 -0.105886526 0.318898529 0.0287462808 -0.102974147 -0.101168692 -0.012893334 -0.0173214227 -0.0285389274 -0.0383197702 0.150554985 -0.106690809 0.0569599085 -0.0436747782 0.0397786945 0.0577053353 0.0271521136 0.141772211 0.16984345 0.0726316646 -0.102285065 0.0316878781 -0.0275130663
G1255 -0.0277334154 -0.0103657842 0.0511497706 -0.159414589 0.0258089602 0.14074102 -0.197062716 0.048737511 -0.0263814107 -0.115997218 0.00292334706 0.240663618 -0.0731855705 0.0375768803 0.11879652 -0.114773728 0.0386407077 0.142492503 -0.000484481454 -0.109895721 -0.0924574807 0.0760293603 -0.151733756 -0.0663359985 -0.149595916 -0.0498385467 -0.250605255 0.139080703 0.0110767968 -0.113098621 0.0546194315 -0.0816350952 -0.0326006562 0.0352309048 0.0247455835 0.0852826908 0.0607342906 -0.229910627 -0.0573226027 0.219802707 0.0388266072 -0.10045816 -0.0935262665 0.319193274 0.0250739288 -0.0928569585 -0.0902564526 -0.0316279233 -0.0100969076 -0.0386144668 -0.0451920331 0.143429488 -0.109801978 0.0755888224 -0.0503479317 0.0403908826 0.0744062513 0.035393849 0.152460203 0.165960565 0.0728790089 -0.0848699436 0.0214169547 -0.0339960679
G1256 -0.0395336896 -0.026384363 0.0484708175 -0.15113768 0.0170467794 0.166762054 -0.200626254 0.0433431044 -0.0323995948 -0.106472597 0.00854867697 0.237825319 -0.0863898546 0.0155328587 0.130860984 -0.107983664 0.0497553498 0.154705286 -0.00655806065 -0.099922508 -0.0907239318 0.0780696049 -0.145496562 -0.0558245815 -0.153493255 -0.0557315946 -0.240737259 0.114538081 0.0121942908 -0.122805022 0.0616962016 -0.0881027356 -0.0163186342 0.0537031367 0.0189675167 0.0828053206 0.0520405695 -0.226311371 -0.0709568039 0.225921929 0.0517782867 -0.107424036 -0.105886519 0.318898529 0.0287462883 -0.102974132 -0.101168685 -0.012893334 -0.0173214376 -0.0285389386 -0.0383197665 0.15055497 -0.106690809 0.0569598973 -0.0436747707 0.0397786945 0.0577053428 0.0271521136 0.141772211 0.16984345 0.0726316646 -0.102285065 0.0316878743 -0.0275130812
G1257 -0.0277334377 -0.0103657879 0.0511497781 -0.159414589 0.0258089751 0.14074102 -0.197062701 0.0487375073 -0.0263814032 -0.115997225 0.00292334333 0.240663588 -0.0731855705 0.0375768691 0.11879652 -0.114773735 0.038640704 0.142492518 -0.000484496355 -0.109895721 -0.0924574882 0.0760293454 -0.151733756 -0.066335991 -0.149595916 -0.0498385429 -0.250605255 0.139080703 0.0110768043 -0.113098621 0.0546194315 -0.0816351175 -0.0326006562 0.0352308974 0.0247455984 0.0852826908 0.0607342869 -0.229910627 -0.0573226064 0.219802678 0.0388266072 -0.10045816 -0.0935262665 0.319193274 0.0250739325 -0.0928569436 -0.0902564526 -0.0316279158 -0.0100969113 -0.0386144742 -0.0451920256 0.143429488 -0.109801963 0.0755888149 -0.0503479242 0.0403908864 0.0744062513 0.035393849 0.152460188 0.165960565 0.0728790015 -0.0848699436 0.0214169547 -0.0339960828
G1258 -0.0395336784 -0.0263843648 0.0484708175 -0.151137665 0.0170467794 0.166762054 -0.200626254 0.0433430858 -0.0323995948 -0.106472597 0.00854868442 0.237825319 -0.0863898546 0.0155328475 0.130860984 -0.107983664 0.0497553423 0.154705286 -0.00655806065 -0.0999225006 -0.0907239318 0.0780696049 -0.145496577 -0.0558245853 -0.153493255 -0.0557315983 -0.240737259 0.114538088 0.012194287 -0.122805022 0.0616961941 -0.0881027356 -0.0163186193 0.0537031367 0.0189675093 0.0828052908 0.0520405844 -0.226311371 -0.0709568113 0.225921929 0.051778283 -0.107424021 -0.105886526 0.318898529 0.0287462696 -0.102974147 -0.101168677 -0.0128933489 -0.0173214227 -0.0285389237 -0.0383197665 0.150554985 -0.106690824 0.0569599196 -0.0436747707 0.0397786833 0.0577053428 0.0271520987 0.141772225 0.16984342 0.0726316422 -0.102285065 0.0316878818 -0.0275130663
G1259 -0.0277334228 -0.0103657842 0.0511497706 -0.159414589 0.0258089751 0.14074102 -0.197062701 0.0487374999 -0.0263814181 -0.115997225 0.00292335451 0.240663588 -0.0731855705 0.0375768654 0.11879652 -0.114773728 0.0386406928 0.142492518 -0.000484496355 -0.109895721 -0.0924574807 0.0760293603 -0.151733771 -0.066335991 -0.149595916 -0.0498385355 -0.250605255 0.139080703 0.011076808 -0.113098614 0.0546194389 -0.0816351026 -0.0326006562 0.0352309085 0.0247456208 0.0852826759 0.0607342981 -0.229910627 -0.0573226102 0.219802678 0.0388266034 -0.100458167 -0.093526274 0.319193274 0.0250739157 -0.0928569585 -0.0902564526 -0.0316279233 -0.0100969076 -0.038614478 -0.0451920331 0.143429503 -0.109801978 0.0755888224 -0.0503479242 0.0403908715 0.0744062588 0.035393849 0.152460188 0.16596055 0.0728789791 -0.0848699436 0.021416951 -0.0339960605
G1260 -0.039533671 -0.0263843574 0.0484708175 -0.15113768 0.0170467943 0.166762039 -0.200626269 0.0433430932 -0.0323996022 -0.106472597 0.00854868069 0.237825319 -0.0863898546 0.0155328624 0.130860984 -0.107983671 0.049755346 0.154705271 -0.00655806065 -0.0999225229 -0.0907239318 0.0780696049 -0.145496577 -0.0558245853 -0.153493255 -0.0557316057 -0.240737259 0.114538088 0.0121943131 -0.122805022 0.0616961904 -0.0881027207 -0.0163186342 0.0537031367 0.0189675167 0.0828053057 0.0520405844 -0.226311371 -0.0709568262 0.225921914 0.0517782867 -0.107424028 -0.105886526 0.318898529 0.0287462864 -0.102974147 -0.101168677 -0.0128933191 -0.0173214227 -0.02853892 -0.0383197665 0.150554985 -0.106690809 0.0569599122 -0.0436747745 0.0397786908 0.0577053428 0.0271520987 0.141772211 0.16984345 0.0726316646 -0.102285065 0.0316878781 -0.0275130626
G1261 -0.0277334079 -0.0103657879 0.0511497706 -0.159414589 0.0258089751 0.140741006 -0.197062716 0.0487375148 -0.0263813958 -0.115997225 0.00292335078 0.240663588 -0.073185578 0.0375768766 0.118796527 -0.114773735 0.0386407003 0.142492518 -0.000484488904 -0.109895721 -0.0924574882 0.0760293603 -0.151733756 -0.0663359985 -0.149595916 -0.0498385467 -0.250605255 0.139080718 0.0110768192 -0.113098614 0.0546194315 -0.0816351175 -0.0326006562 0.0352309011 0.0247456133 0.0852826759 0.0607342906 -0.229910627 -0.0573226064 0.219802678 0.0388266034 -0.100458167 -0.093526274 0.319193274 0.0250739343 -0.0928569585 -0.0902564377 -0.0316279233 -0.0100969076 -0.0386144668 -0.0451920331 0.143429488 -0.109801963 0.0755888149 -0.050347928 0.0403908752 0.0744062439 0.0353938416 0.152460188 0.16596058 0.0728790089 -0.0848699436 0.0214169472 -0.0339960605
G1262 -0.039533671 -0.0263843723 0.0484708101 -0.15113768 0.0170467943 0.166762039 -0.200626269 0.0433430858 -0.0323996022 -0.106472604 0.00854868442 0.237825319 -0.0863898546 0.0155328624 0.130860999 -0.107983656 0.049755346 0.154705286 -0.00655806065 -0.0999224931 -0.0907239318 0.0780696049 -0.145496577 -0.0558245853 -0.15349324 -0.0557315908 -0.240737259 0.114538096 0.0121943057 -0.122805029 0.0616962016 -0.088102743 -0.0163186342 0.0537031293 0.0189675093 0.0828053057 0.0520405844 -0.226311371 -0.0709568262 0.225921959 0.051778283 -0.107424036 -0.105886519 0.318898529 0.0287462864 -0.102974147 -0.101168685 -0.0128933415 -0.0173214264 -0.02853892 -0.0383197777 0.150554985 -0.106690824 0.0569599047 -0.0436747782 0.0397786833 0.0577053353 0.0271520987 0.141772211 0.16984345 0.072631672 -0.102285065 0.0316878781 -0.02751307
G1263 -0.0277334079 -0.0103657916 0.0511497706 -0.159414589 0.0258089751 0.140741006 -0.197062716 0.0487375036 -0.0263814032 -0.115997225 0.00292334706 0.240663588 -0.0731855705 0.0375768766 0.118796527 -0.114773735 0.0386407003 0.142492518 -0.000484496355 -0.109895714 -0.0924574807 0.0760293454 -0.151733756 -0.066335991 -0.149595916 -0.0498385355 -0.250605255 0.139080703 0.0110768117 -0.113098614 0.0546194315 -0.0816351026 -0.0326006413 0.0352308974 0.0247456133 0.0852826759 0.0607342944 -0.229910612 -0.0573226102 0.219802707 0.0388266034 -0.10045816 -0.0935262665 0.319193304 0.0250739306 -0.0928569585 -0.0902564526 -0.0316279158 -0.0100969076 -0.0386144817 -0.0451920405 0.143429488 -0.109801993 0.0755888298 -0.050347928 0.0403908864 0.0744062513 0.0353938416 0.152460203 0.16596058 0.0728790089 -0.0848699436 0.0214169566 -0.0339960679
G1264 -0.0395336859 -0.0263843536 0.0484708175 -0.15113768 0.0170467943 0.166762039 -0.200626254 0.0433430895 -0.0323995873 -0.106472597 0.00854867697 0.237825319 -0.0863898546 0.0155328624 0.130860984 -0.107983664 0.0497553386 0.154705271 -0.00655807555 -0.099922508 -0.0907239318 0.0780696124 -0.145496577 -0.0558245853 -0.153493255 -0.0557315946 -0.240737259 0.114538081 0.0121943057 -0.122805029 0.0616961978 -0.0881027356 -0.0163186193 0.0537031367 0.0189675018 0.0828053057 0.0520405807 -0.226311371 -0.0709568188 0.225921914 0.0517783016 -0.107424036 -0.105886519 0.318898529 0.0287462883 -0.102974139 -0.101168677 -0.0128933415 -0.0173214227 -0.0285389349 -0.0383197814 0.15055497 -0.106690809 0.0569599047 -0.0436747782 0.0397786908 0.0577053279 0.0271520913 0.141772211 0.16984345 0.0726316571 -0.102285065 0.0316878892 -0.0275130663
G1265 -0.0277334228 -0.0103657767 0.0511497706 -0.159414589 0.0258089602 0.14074102 -0.197062716 0.0487375073 -0.0263814032 -0.115997232 0.00292333961 0.240663603 -0.073185578 0.037576884 0.118796527 -0.114773735 0.0386406966 0.142492518 -0.000484496355 -0.109895706 -0.0924574807 0.0760293603 -0.151733756 -0.066335991 -0.149595916 -0.0498385504 -0.250605255 0.139080703 0.0110768043 -0.113098614 0.0546194278 -0.0816351026 -0.0326006413 0.0352309085 0.0247456059 0.0852826759 0.0607342944 -0.229910627 -0.0573226139 0.219802678 0.0388266146 -0.10045816 -0.0935262665 0.319193274 0.0250739288 -0.0928569585 -0.0902564377 -0.0316279233 -0.0100969002 -0.0386144854 -0.0451920256 0.143429503 -0.109801978 0.0755888224 -0.050347928 0.0403908715 0.0744062513 0.0353938416 0.152460203 0.16596058 0.0728790089 -0.084869951 0.0214169621 -0.0339960679
G1266 -0.039533671 -0.0263843648 0.0484708324 -0.15113768 0.0170467943 0.166762039 -0.200626269 0.0433430932 -0.0323995948 -0.106472597 0.00854868814 0.237825319 -0.0863898546 0.0155328624 0.130860999 -0.107983656 0.0497553423 0.154705271 -0.00655807555 -0.099922508 -0.0907239243 0.0780696049 -0.145496577 -0.0558245853 -0.153493255 -0.0557315871 -0.240737259 0.114538081 0.0121942908 -0.122805037 0.0616961978 -0.0881027132 -0.0163186342 0.0537031367 0.0189675167 0.0828053206 0.0520405918 -0.226311371 -0.0709568113 0.225921929 0.0517782904 -0.107424036 -0.105886526 0.318898529 0.0287462901 -0.102974132 -0.101168677 -0.0128933415 -0.0173214264 -0.0285389423 -0.0383197665 0.150554985 -0.106690824 0.0569599122 -0.043674767 0.0397786982 0.0577053279 0.0271521136 0.141772211 0.16984345 0.0726316571 -0.102285057 0.0316878855 -0.0275130626
G1267 -0.0277334228 -0.0103657916 0.0511497781 -0.159414589 0.0258089826 0.14074102 -0.197062701 0.0487375073 -0.0263814032 -0.115997225 0.00292334706 0.240663603 -0.0731855705 0.037576884 0.118796542 -0.114773735 0.0386407003 0.142492503 -0.000484496355 -0.109895721 -0.0924574733 0.0760293603 -0.151733756 -0.0663359985 -0.149595916 -0.0498385392 -0.250605255 0.139080703 0.0110768043 -0.113098614 0.0546194389 -0.0816350952 -0.0326006562 0.0352308974 0.0247455984 0.0852826834 0.0607342906 -0.229910612 -0.0573226027 0.219802678 0.0388266034 -0.100458175 -0.093526274 0.319193274 0.0250739381 -0.0928569511 -0.0902564377 -0.0316279233 -0.0100969076 -0.0386144817 -0.0451920331 0.143429488 -0.109801978 0.0755888224 -0.0503479168 0.0403908826 0.0744062513 0.035393849 0.152460188 0.165960565 0.072878994 -0.0848699361 0.0214169547 -0.0339960679
G1268 -0.0395336784 -0.0263843499 0.048470825 -0.15113768 0.0170467794 0.166762039 -0.200626254 0.0433431007 -0.0323996022 -0.106472597 0.00854868069 0.237825334 -0.0863898546 0.0155328587 0.130860984 -0.107983656 0.049755346 0.154705286 -0.00655806065 -0.0999225229 -0.0907239318 0.0780696049 -0.145496577 -0.055824589 -0.153493255 -0.0557315946 -0.240737259 0.114538081 0.0121942982 -0.122805022 0.0616961978 -0.0881027132 -0.0163186342 0.0537031367 0.0189675167 0.0828053206 0.0520405695 -0.226311371 -0.0709568113 0.225921929 0.0517782867 -0.107424036 -0.105886526 0.318898529 0.0287462883 -0.102974147 -0.101168677 -0.0128933415 -0.0173214227 -0.0285389349 -0.0383197851 0.15055497 -0.106690809 0.0569599122 -0.0436747707 0.0397786945 0.0577053353 0.0271521062 0.141772211 0.169843435 0.0726316571 -0.102285057 0.0316878818 -0.0275130626
G1269 -0.0277334228 -0.0103657693 0.0511497706 -0.159414589 0.0258089676 0.14074102 -0.197062701 0.0487375148 -0.0263814107 -0.115997225 0.00292334706 0.240663618 -0.0731855705 0.0375768729 0.118796527 -0.114773735 0.0386407003 0.142492518 -0.000484481454 -0.109895729 -0.0924574807 0.0760293454 -0.151733771 -0.0663359985 -0.149595916 -0.0498385392 -0.250605255 0.139080718 0.0110768117 -0.113098614 0.054619424 -0.0816351026 -0.0326006562 0.0352308974 0.0247456133 0.0852826908 0.0607342832 -0.229910627 -0.0573226064 0.219802707 0.0388265997 -0.10045816 -0.0935262591 0.319193274 0.0250739232 -0.0928569585 -0.0902564451 -0.0316279233 -0.0100969076 -0.0386144817 -0.0451920331 0.143429488 -0.109801978 0.0755888298 -0.0503479168 0.0403908789 0.0744062588 0.035393849 0.152460188 0.165960565 0.0728790015 -0.0848699361 0.0214169491 -0.0339960605
G1270 -0.0395336784 -0.0263843536 0.048470825 -0.15113768 0.0170467943 0.166762054 -0.200626269 0.0433430895 -0.0323996022 -0.106472597 0.00854868069 0.237825319 -0.0863898546 0.0155328549 0.130860984 -0.107983664 0.0497553423 0.154705271 -0.0065580681 -0.099922508 -0.0907239467 0.0780696049 -0.145496562 -0.0558245778 -0.153493255 -0.055731602 -0.240737259 0.114538081 0.0121942982 -0.122805029 0.0616961941 -0.0881027356 -0.0163186342 0.0537031367 0.0189675018 0.0828053057 0.0520405695 -0.226311371 -0.0709568262 0.225921959 0.0517782904 -0.107424021 -0.105886526 0.318898529 0.0287462957 -0.102974132 -0.101168677 -0.012893334 -0.0173214227 -0.0285389386 -0.0383197665 0.150554985 -0.106690824 0.0569599159 -0.0436747707 0.0397786945 0.0577053279 0.0271521062 0.141772211 0.169843465 0.0726316571 -0.102285065 0.0316878818 -0.0275130663
G1271 -0.0277334228 -0.0103657767 0.0511497706 -0.159414589 0.0258089751 0.140741035 -0.197062701 0.0487374999 -0.0263813958 -0.115997225 0.00292335078 0.240663603 -0.0731855705 0.0375768691 0.118796527 -0.114773735 0.0386407003 0.142492503 -0.000484496355 -0.109895721 -0.0924574882 0.0760293603 -0.151733756 -0.066335991 -0.149595916 -0.0498385541 -0.250605255 0.139080703 0.0110768117 -0.113098621 0.0546194315 -0.0816351175 -0.0326006562 0.0352309048 0.0247455984 0.0852826908 0.0607342832 -0.229910627 -0.0573226064 0.219802707 0.0388266072 -0.100458153 -0.093526274 0.319193274 0.0250739343 -0.0928569585 -0.0902564377 -0.0316279233 -0.0100969039 -0.0386144817 -0.0451920331 0.143429488 -0.109801978 0.0755888298 -0.0503479242 0.0403908752 0.0744062513 0.0353938416 0.152460188 0.16596058 0.0728790015 -0.0848699361 0.0214169566 -0.0339960679
G1272 -0.0395336784 -0.026384363 0.048470825 -0.15113768 0.0170467794 0.166762054 -0.200626254 0.043343097 -0.0323996022 -0.106472597 0.00854867697 0.237825319 -0.0863898546 0.0155328661 0.130860984 -0.107983664 0.049755346 0.154705271 -0.00655806065 -0.0999225229 -0.0907239318 0.0780696124 -0.145496577 -0.055824589 -0.153493255 -0.0557315946 -0.240737259 0.114538088 0.0121942982 -0.122805029 0.0616961941 -0.0881027207 -0.0163186491 0.0537031293 0.0189675167 0.0828053281 0.0520405881 -0.226311371 -0.0709568262 0.225921929 0.051778283 -0.107424036 -0.105886526 0.318898529 0.0287462845 -0.102974139 -0.101168677 -0.012893334 -0.0173214301 -0.0285389349 -0.0383197814 0.150554985 -0.106690824 0.0569599122 -0.043674767 0.039778702 0.0577053353 0.0271521062 0.141772211 0.169843435 0.0726316571 -0.102285065 0.0316878818 -0.02751307
G1273 -0.0277334228 -0.0103657842 0.0511497706 -0.159414589 0.0258089751 0.14074102 -0.197062716 0.048737511 -0.0263814107 -0.115997225 0.00292334706 0.240663618 -0.0731855705 0.0375768803 0.118796527 -0.114773735 0.0386407003 0.142492503 -0.000484488904 -0.109895721 -0.0924574807 0.0760293454 -0.151733756 -0.0663359985 -0.149595931 -0.0498385504 -0.250605255 0.139080718 0.0110768117 -0.113098621 0.054619424 -0.0816350952 -0.0326006562 0.0352308936 0.0247456133 0.0852827057 0.0607342944 -0.229910627 -0.0573226102 0.219802693 0.0388266034 -0.10045816 -0.0935262814 0.319193274 0.0250739343 -0.0928569585 -0.0902564377 -0.0316279307 -0.0100969076 -0.0386144817 -0.0451920331 0.143429488 -0.109801978 0.0755888224 -0.0503479205 0.0403908975 0.0744062513 0.035393849 0.152460188 0.165960565 0.0728790015 -0.0848699436 0.0214169603 -0.0339960679
G1274 -0.0395336784 -0.0263843536 0.0484708101 -0.15113768 0.0170467794 0.166762054 -0.200626254 0.0433431007 -0.0323995948 -0.106472597 0.00854868069 0.237825334 -0.086389862 0.0155328475 0.130860999 -0.107983656 0.049755346 0.154705286 -0.00655807555 -0.0999224931 -0.0907239318 0.0780695975 -0.145496577 -0.0558245815 -0.153493255 -0.0557315946 -0.240737259 0.114538081 0.0121943057 -0.122805029 0.0616961978 -0.0881027356 -0.0163186342 0.0537031218 0.0189675093 0.0828053132 0.0520405807 -0.226311371 -0.0709568262 0.225921929 0.0517782941 -0.107424036 -0.105886519 0.318898529 0.0287462845 -0.102974139 -0.101168677 -0.0128933415 -0.0173214227 -0.02853892 -0.0383197777 0.15055497 -0.106690824 0.0569599122 -0.0436747745 0.0397786945 0.0577053428 0.0271520987 0.141772211 0.169843435 0.0726316646 -0.102285065 0.0316878781 -0.0275130775
G1275 -0.0277334228 -0.0103657767 0.0511497557 -0.159414589 0.0258089602 0.140741035 -0.197062716 0.048737511 -0.0263814032 -0.115997225 0.00292334333 0.240663618 -0.0731855705 0.0375768654 0.118796527 -0.114773735 0.0386406966 0.142492518 -0.000484496355 -0.109895706 -0.0924574807 0.0760293454 -0.151733771 -0.066335991 -0.149595916 -0.0498385467 -0.250605255 0.139080703 0.0110768117 -0.113098614 0.054619424 -0.0816350952 -0.0326006562 0.0352308936 0.0247456133 0.0852826908 0.0607342906 -0.229910627 -0.0573226102 0.219802693 0.0388266109 -0.10045816 -0.093526274 0.319193274 0.0250739269 -0.0928569585 -0.0902564451 -0.0316279233 -0.0100969039 -0.0386144668 -0.0451920256 0.143429488 -0.109801978 0.0755888224 -0.0503479168 0.0403908752 0.0744062439 0.035393849 0.152460203 0.165960565 0.0728790015 -0.0848699436 0.021416951 -0.0339960679
G1276 -0.0395336784 -0.0263843499 0.048470825 -0.15113768 0.0170467794 0.166762039 -0.200626254 0.043343097 -0.0323996022 -0.106472597 0.00854868069 0.237825319 -0.0863898546 0.0155328624 0.130860999 -0.107983671 0.0497553386 0.154705271 -0.00655806065 -0.099922508 -0.0907239392 0.0780696049 -0.145496577 -0.0558245778 -0.153493255 -0.0557315946 -0.240737259 0.114538081 0.0121942982 -0.122805029 0.0616961867 -0.0881027356 -0.0163186342 0.0537031367 0.0189675167 0.0828053057 0.0520405769 -0.226311371 -0.0709568262 0.225921914 0.0517782979 -0.107424028 -0.105886526 0.318898529 0.0287462845 -0.102974147 -0.101168677 -0.012893334 -0.0173214301 -0.0285389386 -0.0383197665 0.15055497 -0.106690809 0.0569599085 -0.0436747707 0.0397786908 0.0577053279 0.0271521136 0.141772225 0.16984345 0.0726316571 -0.102285065 0.0316878818 -0.02751307
G1277 -0.0277334228 -0.0103657767 0.0511497706 -0.159414589 0.0258089751 0.14074102 -0.197062716 0.0487375036 -0.0263813958 -0.115997225 0.00292334706 0.240663603 -0.073185578 0.0375768803 0.118796535 -0.114773735 0.0386406928 0.142492518 -0.000484496355 -0.109895721 -0.0924574807 0.0760293603 -0.151733756 -0.066335991 -0.149595916 -0.0498385467 -0.250605255 0.139080703 0.0110768043 -0.113098621 0.054619424 -0.0816351026 -0.0326006413 0.0352309048 0.0247456133 0.0852826759 0.0607342981 -0.229910627 -0.0573226176 0.219802678 0.0388266109 -0.100458167 -0.093526274 0.319193274 0.0250739325 -0.0928569585 -0.0902564451 -0.0316279158 -0.0100969039 -0.0386144817 -0.0451920256 0.143429488 -0.109801978 0.0755888298 -0.0503479168 0.0403908789 0.0744062439 0.035393849 0.152460203 0.16596058 0.0728790015 -0.0848699436 0.021416951 -0.0339960754
G1278 -0.0395336747 -0.0263843667 0.048470825 -0.15113768 0.0170467943 0.166762039 -0.200626269 0.0433430895 -0.0323996097 -0.106472597 0.00854868069 0.237825319 -0.0863898546 0.0155328512 0.130860984 -0.107983656 0.0497553535 0.154705271 -0.00655806065 -0.0999225229 -0.0907239392 0.0780696049 -0.145496577 -0.0558245815 -0.153493255 -0.0557315983 -0.240737259 0.114538081 0.0121942982 -0.122805029 0.0616961941 -0.0881027132 -0.0163186342 0.0537031367 0.0189675167 0.0828053206 0.0520405695 -0.226311371 -0.0709568113 0.225921929 0.0517782867 -0.107424028 -0.105886534 0.318898529 0.0287462939 -0.102974139 -0.101168677 -0.012893334 -0.0173214264 -0.0285389423 -0.0383197851 0.150554985 -0.106690809 0.0569599122 -0.0436747707 0.039778702 0.0577053204 0.0271520987 0.141772211 0.16984345 0.0726316571 -0.10228505 0.0316878855 -0.0275130663
G1279 -0.0277334228 -0.0103657916 0.0511497706 -0.159414589 0.0258089751 0.140741006 -0.197062716 0.0487375073 -0.0263814107 -0.115997232 0.00292335451 0.240663618 -0.0731855705 0.0375768691 0.118796535 -0.114773735 0.0386407077 0.142492503 -0.000484496355 -0.109895721 -0.0924574807 0.0760293454 -0.151733771 -0.066335991 -0.149595916 -0.0498385467 -0.250605255 0.139080703 0.0110768043 -0.113098614 0.0546194315 -0.0816351026 -0.0326006562 0.0352309011 0.0247456133 0.0852826834 0.0607342981 -0.229910612 -0.057322599 0.219802678 0.0388266034 -0.10045816 -0.093526274 0.319193274 0.0250739325 -0.0928569585 -0.0902564377 -0.0316279158 -0.0100969076 -0.0386144817 -0.0451920405 0.143429488 -0.109801978 0.0755888298 -0.0503479205 0.0403908901 0.0744062588 0.0353938453 0.152460188 0.165960565 0.0728790015 -0.0848699361 0.0214169547 -0.0339960679
G1280 -0.039533671 -0.0263843741 0.0484708175 -0.15113765 0.0170467943 0.166762054 -0.200626269 0.0433430932 -0.0323996022 -0.106472597 0.00854868069 0.237825319 -0.0863898546 0.0155328624 0.130860984 -0.107983656 0.0497553535 0.154705271 -0.00655806065 -0.0999225229 -0.0907239318 0.0780696049 -0.145496577 -0.0558245815 -0.153493255 -0.0557315946 -0.240737259 0.114538096 0.0121942908 -0.122805022 0.0616961904 -0.0881027356 -0.0163186342 0.0537031367 0.0189675018 0.0828053206 0.0520405844 -0.226311371 -0.0709568262 0.225921929 0.0517782792 -0.107424036 -0.105886526 0.318898529 0.0287462845 -0.102974147 -0.101168677 -0.0128933415 -0.0173214301 -0.02853892 -0.0383197665 0.15055497 -0.106690824 0.0569599085 -0.0436747782 0.0397786908 0.0577053353 0.0271520987 0.141772211 0.16984345 0.0726316571 -0.102285065 0.0316878781 -0.0275130663
G1281 -0.0277334228 -0.0103657991 0.0511497781 -0.159414589 0.0258089751 0.14074102 -0.197062716 0.0487375148 -0.0263814032 -0.115997225 0.00292334706 0.240663603 -0.0731855705 0.0375768766 0.118796527 -0.114773735 0.0386407003 0.142492503 -0.000484488904 -0.109895736 -0.0924574807 0.0760293603 -0.151733771 -0.066335991 -0.149595916 -0.0498385504 -0.250605255 0.139080703 0.0110768043 -0.113098614 0.0546194315 -0.0816351026 -0.0326006413 0.0352308974 0.0247456059 0.0852827057 0.0607342981 -0.229910612 -0.0573226102 0.219802678 0.0388266034 -0.10045816 -0.093526274 0.319193274 0.0250739288 -0.092856966 -0.0902564377 -0.0316279158 -0.0100969076 -0.0386144668 -0.0451920331 0.143429488 -0.109801978 0.0755888298 -0.0503479317 0.0403908752 0.0744062513 0.0353938416 0.152460203 0.165960565 0.0728790015 -0.0848699436 0.0214169547 -0.0339960679
G1282 -0.0395336784 -0.0263843648 0.0484708175 -0.15113768 0.0170467794 0.166762054 -0.200626254 0.0433430783 -0.0323996097 -0.106472597 0.00854868069 0.237825319 -0.0863898546 0.0155328549 0.130860984 -0.107983664 0.049755346 0.154705286 -0.0065580681 -0.099922508 -0.0907239243 0.0780696049 -0.145496577 -0.0558245815 -0.153493255 -0.0557315983 -0.240737274 0.114538081 0.0121943057 -0.122805037 0.0616961978 -0.0881027207 -0.0163186342 0.0537031367 0.0189675167 0.0828053057 0.0520405844 -0.226311371 -0.0709568113 0.225921929 0.051778283 -0.107424036 -0.105886519 0.318898529 0.0287462883 -0.102974139 -0.101168692 -0.012893334 -0.0173214376 -0.0285389312 -0.0383197814 0.150554985 -0.106690809 0.0569599122 -0.0436747745 0.0397786982 0.0577053279 0.0271521136 0.141772211 0.16984345 0.0726316571 -0.102285057 0.0316878781 -0.0275130738
G1283 -0.0277334228 -0.0103657916 0.0511497706 -0.159414589 0.0258089751 0.14074102 -0.197062716 0.0487374961 -0.0263814032 -0.115997225 0.00292334706 0.240663588 -0.0731855705 0.0375768766 0.118796527 -0.114773728 0.0386407003 0.142492503 -0.000484496355 -0.109895721 -0.0924574807 0.0760293603 -0.151733756 -0.066335991 -0.149595916 -0.0498385467 -0.250605255 0.139080718 0.0110767968 -0.113098614 0.054619424 -0.0816351026 -0.0326006562 0.0352309048 0.0247456133 0.0852826685 0.0607342981 -0.229910612 -0.0573226064 0.219802707 0.0388265997 -0.100458167 -0.093526274 0.319193274 0.0250739325 -0.0928569585 -0.0902564526 -0.0316279233 -0.0100969113 -0.0386144854 -0.0451920331 0.143429488 -0.109801963 0.0755888298 -0.0503479168 0.0403908789 0.0744062513 0.035393849 0.152460188 0.16596058 0.0728790015 -0.0848699361 0.0214169528 -0.0339960754
G1284 -0.0395336784 -0.0263843574 0.048470825 -0.15113768 0.0170467943 0.166762039 -0.200626269 0.0433430783 -0.0323996022 -0.106472597 0.00854868069 0.237825319 -0.086389862 0.0155328624 0.130860984 -0.107983671 0.0497553386 0.154705271 -0.00655806065 -0.0999225155 -0.0907239318 0.0780696049 -0.145496577 -0.0558245853 -0.153493255 -0.0557315946 -0.240737259 0.114538088 0.0121942982 -0.122805029 0.0616961904 -0.0881027281 -0.0163186342 0.0537031367 0.0189675093 0.0828053057 0.0520405769 -0.226311371 -0.0709568262 0.225921914 0.0517782941 -0.107424036 -0.105886526 0.318898529 0.0287462883 -0.102974139 -0.101168677 -0.0128933415 -0.0173214301 -0.0285389274 -0.0383197702 0.150554985 -0.106690824 0.0569599122 -0.0436747745 0.039778702 0.0577053279 0.0271520987 0.141772211 0.169843465 0.0726316571 -0.102285065 0.0316878855 -0.0275130663
G1285 -0.0277334228 -0.0103657842 0.0511497781 -0.159414589 0.0258089826 0.14074102 -0.197062701 0.0487374961 -0.0263814032 -0.115997225 0.00292334706 0.240663603 -0.0731855705 0.0375768766 0.118796527 -0.114773735 0.0386406891 0.142492503 -0.000484481454 -0.109895729 -0.0924574882 0.0760293603 -0.151733756 -0.066335991 -0.149595916 -0.0498385504 -0.250605255 0.139080718 0.0110768043 -0.113098621 0.054619424 -0.0816351175 -0.0326006413 0.0352309048 0.0247456059 0.0852826759 0.0607342906 -0.229910612 -0.0573226139 0.219802678 0.0388266109 -0.10045816 -0.093526274 0.319193274 0.0250739306 -0.0928569585 -0.0902564451 -0.0316279233 -0.0100969076 -0.038614478 -0.0451920331 0.143429488 -0.109801978 0.0755888298 -0.0503479242 0.0403908789 0.0744062513 0.035393849 0.152460188 0.16596058 0.072878994 -0.084869951 0.0214169566 -0.0339960754
G1286 -0.0395336859 -0.0263843704 0.0484708175 -0.15113765 0.0170467943 0.166762054 -0.200626254 0.043343097 -0.0323996022 -0.106472589 0.00854868814 0.237825319 -0.0863898471 0.0155328549 0.130860999 -0.107983656 0.049755346 0.154705286 -0.00655806065 -0.0999225229 -0.0907239318 0.0780696049 -0.145496577 -0.0558245815 -0.153493255 -0.0557315871 -0.240737274 0.114538081 0.0121942982 -0.122805029 0.0616961978 -0.0881027356 -0.0163186491 0.0537031367 0.0189675093 0.0828053132 0.0520405844 -0.226311371 -0.0709568113 0.225921959 0.0517782904 -0.107424036 -0.105886519 0.318898529 0.0287462808 -0.102974147 -0.101168677 -0.0128933415 -0.0173214227 -0.02853892 -0.038319774 0.150554985 -0.106690809 0.0569599122 -0.0436747856 0.0397786908 0.0577053279 0.0271521062 0.141772211 0.16984345 0.0726316646 -0.102285065 0.0316878781 -0.0275130663
G1287 -0.0277334228 -0.0103657953 0.0511497781 -0.159414589 0.0258089751 0.14074102 -0.197062701 0.048737511 -0.0263814032 -0.115997203 0.00292335451 0.240663603 -0.0731855705 0.0375768691 0.118796527 -0.114773735 0.0386406966 0.142492503 -0.000484481454 -0.109895743 -0.0924574807 0.0760293603 -0.151733771 -0.0663359985 -0.149595916 -0.0498385429 -0.250605255 0.139080703 0.0110768043 -0.113098614 0.0546194315 -0.0816351026 -0.0326006413 0.0352309048 0.0247456282 0.0852826908 0.0607342944 -0.229910612 -0.0573226176 0.219802707 0.0388266109 -0.10045816 -0.0935262665 0.319193274 0.0250739288 -0.092856966 -0.0902564526 -0.0316279307 -0.0100969076 -0.0386144668 -0.0451920331 0.143429488 -0.109801963 0.0755888298 -0.0503479317 0.0403908752 0.0744062588 0.0353938416 0.152460188 0.16596058 0.0728790089 -0.084869951 0.0214169547 -0.0339960754
G1288 -0.0395336859 -0.026384363 0.0484708175 -0.15113768 0.0170467943 0.166762054 -0.200626269 0.043343097 -0.0323996022 -0.106472589 0.00854867697 0.237825319 -0.0863898546 0.0155328475 0.130860984 -0.107983656 0.0497553386 0.154705286 -0.00655807555 -0.099922508 -0.0907239392 0.0780696049 -0.145496577 -0.0558245853 -0.153493255 -0.0557316057 -0.240737259 0.114538088 0.0121942982 -0.122805029 0.0616961978 -0.0881027207 -0.0163186342 0.0537031367 0.0189675167 0.0828053132 0.0520405769 -0.226311371 -0.0709568188 0.225921929 0.0517782941 -0.107424036 -0.105886526 0.318898529 0.0287462883 -0.102974139 -0.101168692 -0.0128933415 -0.0173214339 -0.0285389237 -0.0383197665 0.15055497 -0.106690809 0.0569599122 -0.043674767 0.0397786908 0.0577053279 0.0271520987 0.141772211 0.16984345 0.0726316646 -0.102285065 0.0316878855 -0.0275130663
G1289 -0.0277334228 -0.0103657767 0.0511497706 -0.159414589 0.0258089751 0.14074102 -0.197062716 0.0487375073 -0.0263814032 -0.115997225 0.00292334333 0.240663603 -0.073185578 0.0375768766 0.118796527 -0.114773735 0.0386407003 0.142492518 -0.000484488904 -0.109895714 -0.0924574807 0.0760293454 -0.151733771 -0.066335991 -0.149595916 -0.0498385392 -0.250605255 0.139080718 0.0110768117 -0.113098621 0.0546194315 -0.0816351175 -0.0326006413 0.0352309048 0.0247456059 0.0852826983 0.0607342906 -0.229910612 -0.0573226027 0.219802693 0.0388266109 -0.10045816 -0.0935262665 0.319193274 0.0250739343 -0.0928569585 -0.0902564377 -0.0316279233 -0.0100968964 -0.0386144742 -0.0451920331 0.143429488 -0.109801963 0.0755888224 -0.0503479242 0.0403908752 0.0744062513 0.035393849 0.152460188 0.165960565 0.0728790089 -0.0848699361 0.0214169547 -0.0339960679
G1290 -0.0395336822 -0.0263843611 0.048470825 -0.15113768 0.0170467794 0.166762054 -0.200626254 0.0433431081 -0.0323995873 -0.106472597 0.00854867324 0.237825319 -0.0863898396 0.0155328512 0.130860984 -0.107983656 0.0497553498 0.154705286 -0.00655806065 -0.0999225006 -0.0907239318 0.0780696124 -0.145496577 -0.0558245853 -0.153493255 -0.0557315946 -0.240737274 0.114538088 0.0121943019 -0.122805037 0.0616961941 -0.0881027505 -0.0163186342 0.0537031367 0.0189675093 0.0828053132 0.0520405807 -0.226311386 -0.0709568113 0.225921914 0.0517782867 -0.107424036 -0.105886534 0.318898499 0.0287462845 -0.102974132 -0.101168677 -0.0128933415 -0.0173214376 -0.0285389312 -0.038319774 0.150554985 -0.106690824 0.0569599085 -0.0436747633 0.0397786759 0.0577053428 0.0271521062 0.141772225 0.169843435 0.0726316422 -0.102285065 0.0316878855 -0.02751307
G1291 -0.0277334228 -0.0103657842 0.0511497781 -0.159414589 0.0258089826 0.14074102 -0.197062716 0.0487375185 -0.0263813958 -0.115997225 0.00292333961 0.240663588 -0.073185578 0.037576858 0.11879652 -0.114773721 0.0386407003 0.142492518 -0.000484496355 -0.109895721 -0.0924574882 0.0760293603 -0.151733771 -0.0663359985 -0.149595916 -0.0498385392 -0.250605255 0.139080703 0.011076808 -0.113098621 0.0546194315 -0.0816350952 -0.0326006562 0.0352309085 0.0247455984 0.0852826834 0.0607342981 -0.229910627 -0.0573226102 0.219802678 0.0388266072 -0.100458175 -0.0935262814 0.319193244 0.0250739269 -0.0928569585 -0.0902564377 -0.0316279307 -0.0100969151 -0.038614478 -0.0451920182 0.143429503 -0.109801978 0.0755888149 -0.050347928 0.040390864 0.0744062588 0.0353938378 0.152460188 0.165960565 0.072878994 -0.0848699436 0.0214169528 -0.0339960754
G1292 -0.0630130619 -3.21753323e-05 0.0491997786 -0.151808828 0.0304767191 0.13296926 -0.226090521 0.0641941652 -0.0425645113 -0.0826491341 0.000162504613 0.236620545 -0.11227645 0.0233769044 0.116954118 -0.108853906 0.0331162028 0.133002818 0.022568807 -0.100625463 -0.0803794265 0.0842063278 -0.10857936 -0.0324604996 -0.139420465 -0.030922927 -0.239120454 0.137052357 -0.0250762701 -0.118462645 0.0836936384 -0.0823953375 -0.039862901 0.0474134833 0.0478949472 0.0625694841 0.0597459562 -0.228471279 -0.0591597296 0.204997957 0.0532226861 -0.0842901245 -0.0841095299 0.303639174 0.0318909697 -0.101306342 -0.0745799243 -0.0279099792 -0.0253022611 -0.0398035198 -0.0543391258 0.136918813 -0.0847303942 0.0881799608 -0.08677347 0.0550310761 0.0502796881 0.0570931509 0.14293012 0.149475753 0.0709915161 -0.117020003 0.033374913 -0.0523427725
G1293 -0.0630130619 -3.21753323e-05 0.049199786 -0.151808798 0.0304767042 0.132969245 -0.226090521 0.0641941652 -0.0425645038 -0.082649149 0.000162497163 0.236620545 -0.112276457 0.0233769026 0.116954118 -0.108853906 0.0331161842 0.133002818 0.0225687921 -0.10062547 -0.0803794041 0.0842063278 -0.108579345 -0.0324605107 -0.139420465 -0.0309229158 -0.239120454 0.137052342 -0.025076285 -0.118462667 0.0836936384 -0.082395345 -0.039862901 0.0474134833 0.0478949435 0.0625694841 0.0597459488 -0.228471279 -0.0591597259 0.204997957 0.0532226861 -0.0842901319 -0.0841095299 0.303639174 0.031890966 -0.101306342 -0.0745799243 -0.0279099792 -0.0253022723 -0.0398035198 -0.0543391332 0.136918843 -0.0847304165 0.0881799608 -0.08677347 0.0550310723 0.0502796955 0.0570931509 0.14293012 0.149475768 0.0709915385 -0.117019996 0.033374913 -0.0523427576
G1294 -0.0630130619 -3.21753323e-05 0.049199786 -0.151808798 0.0304767191 0.132969245 -0.226090536 0.0641941726 -0.0425645038 -0.082649149 0.000162500888 0.236620545 -0.11227645 0.0233769026 0.116954118 -0.108853906 0.0331162028 0.133002803 0.0225687996 -0.10062547 -0.080379419 0.0842063278 -0.108579352 -0.0324605033 -0.139420465 -0.0309229251 -0.239120468 0.137052342 -0.0250762925 -0.118462652 0.0836936384 -0.0823953375 -0.0398628861 0.0474134833 0.047894951 0.0625694841 0.0597459488 -0.228471279 -0.0591597259 0.204997957 0.0532226861 -0.0842901245 -0.0841095299 0.303639174 0.0318909548 -0.101306349 -0.0745799094 -0.0279099643 -0.0253022648 -0.0398035236 -0.0543391258 0.136918843 -0.0847304091 0.0881799608 -0.08677347 0.0550310612 0.0502796881 0.0570931546 0.14293012 0.149475753 0.0709915236 -0.117020003 0.033374913 -0.0523427613
G1295 -0.0630130619 -3.21790576e-05 0.049199786 -0.151808828 0.0304767042 0.13296923 -0.22609055 0.0641941726 -0.0425644964 -0.0826491416 0.000162493438 0.236620545 -0.11227645 0.0233769026 0.116954125 -0.108853906 0.0331161954 0.133002818 0.0225687996 -0.10062547 -0.0803794116 0.0842063278 -0.108579352 -0.0324605107 -0.139420465 -0.0309229232 -0.239120468 0.137052342 -0.025076285 -0.118462659 0.0836936384 -0.082395345 -0.0398628861 0.0474134833 0.0478949472 0.0625694841 0.059745945 -0.228471294 -0.0591597334 0.204997972 0.0532226786 -0.084290117 -0.0841095373 0.303639174 0.0318909474 -0.101306356 -0.0745799243 -0.0279099643 -0.0253022574 -0.0398035236 -0.0543391183 0.136918828 -0.0847304016 0.0881799459 -0.0867734775 0.0550310612 0.050279703 0.0570931546 0.14293012 0.149475768 0.0709915236 -0.117019996 0.0333749205 -0.052342765
G1296 -0.0630130619 -3.21753323e-05 0.049199786 -0.151808798 0.0304767042 0.13296926 -0.226090536 0.0641941652 -0.0425645038 -0.0826491341 0.000162504613 0.236620545 -0.112276457 0.0233769026 0.116954111 -0.108853914 0.0331162028 0.133002818 0.0225687996 -0.10062547 -0.0803794116 0.0842063278 -0.108579352 -0.0324605107 -0.139420465 -0.0309229326 -0.239120468 0.137052342 -0.025076285 -0.118462659 0.0836936384 -0.0823953375 -0.0398628861 0.0474134833 0.0478949472 0.0625694841 0.0597459488 -0.228471279 -0.0591597259 0.204997957 0.0532226861 -0.0842901319 -0.0841095299 0.303639174 0.0318909697 -0.101306342 -0.0745799243 -0.0279099867 -0.0253022574 -0.0398035236 -0.0543391332 0.136918843 -0.0847304016 0.0881799459 -0.08677347 0.0550310649 0.0502796881 0.0570931509 0.142930105 0.149475753 0.0709915161 -0.117020003 0.0333749205 -0.0523427501
G1297 -0.0630130619 -3.2171607e-05 0.0491997711 -0.151808813 0.0304767042 0.13296926 -0.226090506 0.0641941652 -0.0425645038 -0.0826491416 0.000162500888 0.236620545 -0.11227645 0.0233769026 0.116954118 -0.108853906 0.0331161954 0.133002803 0.022568807 -0.10062547 -0.0803794116 0.0842063278 -0.108579352 -0.0324605107 -0.13942045 -0.0309229307 -0.239120454 0.137052342 -0.025076285 -0.118462659 0.0836936384 -0.0823953375 -0.0398628861 0.0474134758 0.0478949472 0.0625694841 0.0597459413 -0.228471279 -0.0591597185 0.204997957 0.0532226861 -0.0842901319 -0.0841095299 0.303639174 0.031890966 -0.101306349 -0.0745799169 -0.0279099643 -0.0253022648 -0.0398035124 -0.0543391332 0.136918813 -0.0847304016 0.0881799608 -0.08677347 0.0550310649 0.0502796881 0.0570931509 0.14293012 0.149475768 0.0709915236 -0.117020003 0.0333749205 -0.052342765
G1298 -0.063013047 -3.21790576e-05 0.0491997786 -0.151808813 0.0304767042 0.13296923 -0.226090536 0.0641941652 -0.0425645113 -0.082649149 0.000162504613 0.23662056 -0.112276457 0.0233769044 0.116954118 -0.108853906 0.0331161916 0.133002818 0.0225687996 -0.10062547 -0.080379419 0.0842063352 -0.108579345 -0.032460507 -0.13942045 -0.0309229363 -0.239120468 0.137052342 -0.0250762776 -0.118462652 0.0836936459 -0.0823953301 -0.039862901 0.0474134758 0.0478949323 0.0625694841 0.0597459488 -0.228471279 -0.0591597334 0.204997957 0.0532226823 -0.0842901394 -0.0841095299 0.303639174 0.031890966 -0.101306342 -0.0745799169 -0.0279099792 -0.0253022723 -0.0398035161 -0.0543391332 0.136918813 -0.0847304016 0.0881799608 -0.08677347 0.0550310649 0.0502796955 0.0570931584 0.14293012 0.149475768 0.0709915236 -0.117019996 0.0333749168 -0.052342765
G1299 -0.0630130619 -3.21790576e-05 0.049199786 -0.151808813 0.0304767191 0.132969245 -0.226090536 0.0641941726 -0.0425645113 -0.0826491416 0.000162508339 0.236620545 -0.11227645 0.0233768951 0.116954118 -0.108853906 0.0331161954 0.133002803 0.022568807 -0.10062547 -0.0803794116 0.0842063278 -0.108579352 -0.0324605107 -0.139420465 -0.0309229381 -0.239120468 0.137052357 -0.025076285 -0.118462659 0.0836936384 -0.0823953375 -0.039862901 0.0474134758 0.0478949435 0.0625694916 0.0597459525 -0.228471279 -0.0591597334 0.204997957 0.0532226786 -0.0842901319 -0.0841095299 0.303639174 0.031890966 -0.101306342 -0.0745799169 -0.0279099792 -0.0253022723 -0.0398035198 -0.0543391407 0.136918828 -0.0847303942 0.0881799534 -0.0867734849 0.0550310723 0.0502796955 0.0570931584 0.14293012 0.149475768 0.0709915236 -0.117019996 0.033374913 -0.0523427576
G1300 -0.0630130768 -3.21753323e-05 0.0491997786 -0.151808813 0.0304767042 0.13296926 -0.226090521 0.0641941577 -0.0425645187 -0.0826491416 0.000162504613 0.236620545 -0.11227645 0.0233769007 0.116954133 -0.108853906 0.0331161879 0.133002818 0.0225687996 -0.100625478 -0.0803794116 0.0842063278 -0.108579352 -0.0324605033 -0.13942045 -0.0309229288 -0.239120468 0.137052357 -0.025076285 -0.118462659 0.0836936459 -0.0823953375 -0.0398628861 0.0474134758 0.047894951 0.0625694916 0.0597459488 -0.228471279 -0.0591597185 0.204997957 0.0532226786 -0.0842901319 -0.0841095299 0.303639174 0.0318909697 -0.101306356 -0.0745799169 -0.0279099643 -0.0253022574 -0.0398035198 -0.0543391407 0.136918813 -0.0847304165 0.0881799608 -0.08677347 0.0550310649 0.0502796881 0.0570931509 0.14293012 0.149475753 0.0709915161 -0.117020003 0.0333749205 -0.0523427576
G1301 -0.0630130619 -3.21827829e-05 0.0491997786 -0.151808828 0.0304767191 0.132969245 -0.226090536 0.0641941801 -0.0425645038 -0.0826491416 0.000162504613 0.23662056 -0.112276465 0.0233769082 0.116954133 -0.108853906 0.0331161954 0.133002818 0.0225687996 -0.10062547 -0.0803794041 0.0842063278 -0.108579352 -0.032460507 -0.13942045 -0.0309229307 -0.239120454 0.137052342 -0.025076285 -0.118462652 0.0836936459 -0.0823953375 -0.0398628861 0.0474134758 0.0478949472 0.0625694841 0.0597459488 -0.228471294 -0.0591597334 0.204997957 0.0532226861 -0.0842901096 -0.0841095373 0.303639174 0.0318909548 -0.101306342 -0.0745799243 -0.0279099792 -0.0253022648 -0.0398035198 -0.0543391258 0.136918828 -0.0847304016 0.0881799534 -0.08677347 0.0550310649 0.0502796955 0.0570931584 0.14293012 0.149475753 0.0709915236 -0.117020003 0.0333749168 -0.0523427613
G1302 -0.0630130619 -3.21753323e-05 0.049199786 -0.151808813 0.0304767042 0.13296926 -0.226090536 0.0641941652 -0.0425645038 -0.0826491416 0.000162500888 0.236620545 -0.11227645 0.0233769063 0.116954118 -0.108853906 0.0331161879 0.133002818 0.0225687921 -0.100625478 -0.0803794116 0.0842063278 -0.108579352 -0.032460507 -0.139420465 -0.0309229251 -0.239120468 0.137052342 -0.0250762925 -0.118462659 0.0836936384 -0.082395345 -0.0398628861 0.0474134758 0.0478949361 0.062569499 0.0597459562 -0.228471279 -0.0591597259 0.204997972 0.0532226749 -0.0842901245 -0.0841095299 0.303639174 0.0318909585 -0.101306342 -0.0745799243 -0.0279099643 -0.0253022723 -0.0398035087 -0.0543391258 0.136918828 -0.0847304016 0.0881799608 -0.0867734849 0.0550310649 0.0502796955 0.0570931509 0.14293012 0.149475768 0.0709915236 -0.117019996 0.0333749242 -0.0523427576
G1303 -0.0630130619 -3.21753323e-05 0.0491997786 -0.151808828 0.0304767191 0.13296926 -0.22609055 0.0641941801 -0.0425645038 -0.0826491416 0.000162497163 0.236620545 -0.112276457 0.0233768988 0.116954125 -0.108853906 0.0331161954 0.133002803 0.022568807 -0.10062547 -0.080379419 0.0842063278 -0.108579352 -0.0324605033 -0.139420465 -0.0309229307 -0.239120454 0.137052342 -0.025076285 -0.118462659 0.0836936459 -0.0823953375 -0.039862901 0.0474134758 0.0478949472 0.0625694916 0.0597459562 -0.228471279 -0.0591597185 0.204997957 0.0532226786 -0.0842901245 -0.0841095299 0.303639174 0.031890966 -0.101306334 -0.0745799243 -0.0279099792 -0.0253022648 -0.0398035161 -0.0543391258 0.136918828 -0.0847304016 0.0881799608 -0.08677347 0.0550310649 0.0502796881 0.0570931546 0.14293012 0.149475753 0.070991531 -0.117019996 0.0333749242 -0.0523427576
G1304 -0.0630130619 -3.21790576e-05 0.0491997786 -0.151808828 0.0304767042 0.13296926 -0.226090536 0.0641941652 -0.0425645113 -0.082649149 0.000162504613 0.236620545 -0.112276457 0.0233769082 0.116954125 -0.108853914 0.0331161954 0.133002788 0.0225687921 -0.10062547 -0.080379419 0.0842063278 -0.108579352 -0.032460507 -0.139420465 -0.0309229232 -0.239120454 0.137052357 -0.025076285 -0.11846263 0.0836936384 -0.0823953375 -0.039862901 0.0474134758 0.0478949435 0.0625694841 0.0597459488 -0.228471279 -0.0591597259 0.204997957 0.0532226823 -0.0842901319 -0.0841095224 0.303639174 0.0318909585 -0.101306349 -0.0745799243 -0.0279099792 -0.0253022648 -0.0398035198 -0.0543391332 0.136918828 -0.0847304016 0.0881799459 -0.0867734849 0.0550310686 0.0502796955 0.0570931435 0.14293012 0.149475753 0.070991531 -0.117020003 0.0333749205 -0.0523427613
G1305 -0.0630130619 -3.21753323e-05 0.0491997786 -0.151808813 0.0304767191 0.132969245 -0.226090536 0.0641941577 -0.0425645038 -0.0826491416 0.000162500888 0.23662056 -0.11227645 0.0233769026 0.116954118 -0.108853906 0.0331162028 0.133002818 0.0225687996 -0.10062547 -0.080379419 0.0842063278 -0.108579352 -0.0324605107 -0.13942045 -0.0309229232 -0.239120483 0.137052357 -0.0250762776 -0.118462637 0.0836936459 -0.0823953301 -0.0398628861 0.0474134758 0.0478949435 0.0625694841 0.0597459562 -0.228471294 -0.0591597259 0.204997957 0.0532226861 -0.0842901319 -0.0841095299 0.303639174 0.0318909697 -0.101306342 -0.0745799243 -0.0279099867 -0.0253022574 -0.0398035236 -0.0543391183 0.136918828 -0.0847303942 0.0881799608 -0.0867734551 0.0550310574 0.0502796881 0.0570931509 0.14293012 0.149475753 0.070991531 -0.117020003 0.033374913 -0.0523427501
G1306 -0.0630130693 -3.2171607e-05 0.0491997935 -0.151808828 0.0304767042 0.13296926 -0.226090536 0.0641941652 -0.0425645113 -0.0826491341 0.000162508339 0.236620545 -0.112276457 0.0233769044 0.116954118 -0.108853906 0.0331161879 0.133002818 0.0225687996 -0.10062547 -0.080379419 0.0842063352 -0.108579345 -0.0324605107 -0.139420465 -0.0309229381 -0.239120483 0.137052357 -0.025076285 -0.118462659 0.0836936384 -0.0823953226 -0.0398628861 0.0474134758 0.0478949472 0.0625694916 0.0597459413 -0.228471279 -0.0591597185 0.204997957 0.0532226861 -0.0842901245 -0.0841095299 0.303639174 0.0318909697 -0.101306349 -0.0745799169 -0.0279099792 -0.0253022723 -0.0398035236 -0.0543391258 0.136918828 -0.0847304016 0.0881799608 -0.0867734551 0.0550310612 0.0502796955 0.0570931509 0.14293012 0.149475768 0.070991531 -0.117020003 0.0333749279 -0.0523427725
G1307 -0.0630130619 -3.2171607e-05 0.0491997711 -0.151808798 0.0304767191 0.132969245 -0.226090521 0.0641941577 -0.0425645113 -0.0826491341 0.000162504613 0.236620545 -0.11227645 0.0233769007 0.116954118 -0.108853914 0.0331161954 0.133002818 0.0225687847 -0.10062547 -0.080379419 0.0842063278 -0.108579345 -0.0324605033 -0.139420465 -0.0309229326 -0.239120468 0.137052342 -0.0250762701 -0.118462659 0.0836936384 -0.0823953375 -0.039862901 0.0474134833 0.0478949472 0.0625694916 0.0597459562 -0.228471294 -0.0591597296 0.204997957 0.0532226786 -0.0842901245 -0.0841095299 0.303639174 0.0318909585 -0.101306342 -0.0745799243 -0.0279099792 -0.0253022648 -0.0398035198 -0.0543391332 0.136918828 -0.0847304016 0.0881799608 -0.08677347 0.0550310686 0.0502796955 0.0570931546 0.14293012 0.149475753 0.0709915236 -0.117019996 0.0333749205 -0.0523427576
G1308 -0.0630130619 -3.21865082e-05 0.0491997711 -0.151808798 0.0304767042 0.13296923 -0.22609055 0.0641941726 -0.0425645038 -0.082649149 0.000162500888 0.236620545 -0.112276465 0.0233769007 0.116954118 -0.108853899 0.0331161916 0.133002818 0.0225687996 -0.100625478 -0.0803794041 0.0842063278 -0.108579352 -0.032460507 -0.139420465 -0.0309229251 -0.239120454 0.137052357 -0.025076285 -0.118462645 0.0836936384 -0.0823953375 -0.0398628861 0.0474134833 0.047894951 0.0625694916 0.0597459488 -0.228471279 -0.0591597147 0.204997957 0.0532226749 -0.0842901245 -0.0841095299 0.303639174 0.0318909623 -0.101306349 -0.0745799169 -0.0279099643 -0.0253022574 -0.0398035236 -0.0543391183 0.136918843 -0.0847304016 0.0881799608 -0.0867734626 0.0550310686 0.0502796881 0.0570931546 0.14293012 0.149475753 0.0709915161 -0.117019996 0.0333749205 -0.0523427613
G1309 -0.0630130619 -3.21753323e-05 0.049199786 -0.151808798 0.0304767042 0.13296926 -0.226090521 0.0641941577 -0.0425645038 -0.0826491341 0.000162508339 0.23662056 -0.112276457 0.0233769082 0.116954118 -0.108853914 0.0331162103 0.133002818 0.0225687996 -0.10062547 -0.080379419 0.0842063278 -0.108579352 -0.032460507 -0.13942045 -0.0309229307 -0.239120468 0.137052342 -0.0250762701 -0.118462659 0.0836936384 -0.082395345 -0.0398628861 0.0474134833 0.0478949472 0.0625694841 0.0597459488 -0.228471279 -0.0591597185 0.204997957 0.0532226749 -0.0842901096 -0.0841095299 0.303639174 0.0318909697 -0.101306356 -0.0745799243 -0.0279099792 -0.0253022648 -0.0398035161 -0.0543391332 0.136918828 -0.0847304165 0.0881799608 -0.08677347 0.0550310649 0.0502796881 0.0570931509 0.14293012 0.149475768 0.0709915161 -0.117019996 0.0333749168 -0.052342765
G1310 -0.0630130619 -3.2171607e-05 0.049199786 -0.151808798 0.0304767191 0.13296926 -0.22609055 0.0641941726 -0.0425645038 -0.0826491565 0.000162489712 0.23662056 -0.11227645 0.0233769044 0.116954118 -0.108853906 0.0331161991 0.133002818 0.0225687996 -0.10062547 -0.0803794041 0.0842063278 -0.108579345 -0.0324605107 -0.139420465 -0.0309229232 -0.239120468 0.137052357 -0.0250762925 -0.118462652 0.0836936384 -0.082395345 -0.0398628861 0.0474134758 0.047894951 0.0625694841 0.0597459562 -0.228471279 -0.0591597259 0.204997957 0.0532226823 -0.0842901319 -0.0841095299 0.303639174 0.031890966 -0.101306356 -0.0745799169 -0.0279099792 -0.0253022574 -0.0398035236 -0.0543391258 0.136918843 -0.0847304016 0.0881799608 -0.0867734775 0.0550310649 0.0502796881 0.0570931546 0.14293012 0.149475768 0.070991531 -0.117020003 0.0333749205 -0.052342765
G1311 -0.0630130619 -3.21753323e-05 0.0491997711 -0.151808828 0.0304767042 0.13296926 -0.22609055 0.0641941652 -0.0425645113 -0.0826491565 0.000162497163 0.236620545 -0.112276457 0.0233769082 0.116954118 -0.108853914 0.0331161916 0.133002818 0.0225687921 -0.10062547 -0.080379419 0.0842063278 -0.108579352 -0.0324605033 -0.13942045 -0.0309229344 -0.239120468 0.137052342 -0.0250762925 -0.118462659 0.0836936459 -0.0823953375 -0.039862901 0.0474134833 0.0478949435 0.0625694841 0.0597459488 -0.228471294 -0.0591597259 0.204997957 0.0532226786 -0.0842901245 -0.0841095299 0.303639174 0.0318909623 -0.101306349 -0.0745799094 -0.0279099792 -0.0253022723 -0.0398035087 -0.0543391183 0.136918828 -0.0847304016 0.0881799459 -0.08677347 0.0550310686 0.0502796955 0.0570931509 0.14293012 0.149475753 0.0709915236 -0.117019996 0.0333749168 -0.0523427725
G1312 -0.0630130619 -3.21641564e-05 0.0491997786 -0.151808828 0.0304767042 0.132969245 -0.226090536 0.0641941726 -0.0425645038 -0.082649149 0.000162497163 0.236620545 -0.11227645 0.023376897 0.116954118 -0.108853906 0.0331161954 0.133002818 0.0225687921 -0.10062547 -0.080379419 0.0842063278 -0.108579352 -0.0324605033 -0.13942045 -0.0309229307 -0.239120468 0.137052357 -0.025076285 -0.118462659 0.0836936384 -0.0823953226 -0.0398628861 0.0474134833 0.0478949472 0.0625694841 0.0597459488 -0.228471279 -0.0591597222 0.204997957 0.0532226861 -0.0842901245 -0.0841095224 0.303639174 0.0318909623 -0.101306342 -0.0745799169 -0.0279099792 -0.0253022574 -0.0398035161 -0.0543391332 0.136918843 -0.0847304016 0.0881799608 -0.0867734626 0.0550310612 0.0502796881 0.0570931509 0.14293012 0.149475768 0.070991531 -0.117020011 0.0333749205 -0.0523427576
G1313 -0.063013047 -3.21790576e-05 0.0491997935 -0.151808828 0.0304767042 0.13296926 -0.226090536 0.0641941801 -0.0425645038 -0.0826491416 0.000162508339 0.236620545 -0.112276457 0.0233769026 0.116954118 -0.108853906 0.0331162028 0.133002818 0.0225687921 -0.10062547 -0.080379419 0.0842063278 -0.108579352 -0.0324605033 -0.139420465 -0.0309229232 -0.239120468 0.137052357 -0.025076285 -0.118462659 0.0836936384 -0.0823953375 -0.039862901 0.0474134684 0.0478949472 0.0625694841 0.0597459562 -0.228471279 -0.0591597259 0.204997957 0.0532226823 -0.0842901319 -0.0841095299 0.303639174 0.0318909623 -0.101306342 -0.0745799243 -0.0279099792 -0.0253022686 -0.0398035087 -0.0543391332 0.136918843 -0.0847304091 0.0881799608 -0.0867734626 0.0550310574 0.0502796881 0.0570931546 0.14293012 0.149475753 0.0709915236 -0.117020011 0.0333749205 -0.0523427576
G1314 -0.0630130619 -3.21790576e-05 0.0491997786 -0.151808813 0.0304767042 0.132969245 -0.22609055 0.0641941726 -0.0425645187 -0.082649149 0.000162504613 0.23662056 -0.112276465 0.0233769026 0.116954118 -0.108853914 0.0331161879 0.133002818 0.0225687996 -0.10062547 -0.0803794339 0.0842063278 -0.108579352 -0.0324604996 -0.13942045 -0.03092294 -0.239120468 0.137052357 -0.025076285 -0.118462652 0.0836936459 -0.0823953375 -0.039862901 0.0474134758 0.0478949435 0.0625694841 0.0597459488 -0.228471279 -0.0591597259 0.204997957 0.0532226823 -0.0842901394 -0.0841095299 0.303639144 0.0318909623 -0.101306356 -0.0745799169 -0.0279099792 -0.0253022723 -0.0398035087 -0.0543391332 0.136918828 -0.0847304091 0.0881799608 -0.08677347 0.0550310686 0.0502796881 0.0570931584 0.14293012 0.149475768 0.0709915161 -0.117020003 0.0333749168 -0.0523427576
G1315 -0.0630130619 -3.2171607e-05 0.0491997786 -0.151808813 0.0304767191 0.13296926 -0.226090536 0.0641941726 -0.0425645187 -0.0826491416 0.000162500888 0.236620545 -0.112276457 0.0233769063 0.116954118 -0.108853906 0.0331161804 0.133002803 0.022568807 -0.10062547 -0.0803794041 0.0842063278 -0.108579352 -0.0324605107 -0.13942045 -0.0309229344 -0.239120483 0.137052357 -0.025076285 -0.118462645 0.0836936384 -0.0823953226 -0.039862901 0.0474134833 0.0478949435 0.062569499 0.0597459562 -0.228471294 -0.0591597334 0.204997957 0.0532226861 -0.0842901245 -0.0841095299 0.303639174 0.0318909697 -0.101306349 -0.0745799169 -0.0279099643 -0.0253022723 -0.0398035236 -0.0543391407 0.136918828 -0.0847304016 0.0881799608 -0.0867734775 0.0550310649 0.050279703 0.0570931509 0.14293012 0.149475753 0.070991531 -0.117019996 0.033374913 -0.0523427576
G1316 -0.0630130619 -3.21678817e-05 0.0491997935 -0.151808813 0.0304767042 0.13296926 -0.22609055 0.0641941652 -0.0425645038 -0.082649149 0.000162512064 0.236620545 -0.112276442 0.0233769044 0.116954118 -0.108853914 0.0331161879 0.133002818 0.0225687921 -0.10062547 -0.0803794041 0.0842063278 -0.10857936 -0.0324605107 -0.139420465 -0.0309229214 -0.239120454 0.137052342 -0.025076285 -0.118462659 0.0836936384 -0.082395345 -0.039862901 0.0474134758 0.0478949323 0.0625694916 0.0597459562 -0.228471279 -0.0591597185 0.204997957 0.0532226786 -0.0842901319 -0.0841095299 0.303639174 0.031890966 -0.101306342 -0.0745799169 -0.0279099643 -0.0253022574 -0.0398035236 -0.0543391332 0.136918828 -0.0847304016 0.0881799608 -0.08677347 0.0550310649 0.0502796881 0.0570931509 0.14293012 0.149475768 0.0709915161 -0.117019996 0.0333749168 -0.0523427576
G1317 -0.0630130619 -3.21753323e-05 0.0491997786 -0.151808798 0.0304767191 0.13296926 -0.226090536 0.0641941577 -0.0425645038 -0.0826491416 0.000162500888 0.236620545 -0.11227645 0.023376897 0.116954133 -0.108853914 0.0331161991 0.133002818 0.0225687921 -0.10062547 -0.080379419 0.0842063278 -0.108579352 -0.032460507 -0.13942045 -0.030922927 -0.239120468 0.137052357 -0.025076285 -0.118462667 0.0836936459 -0.0823953375 -0.0398628861 0.0474134833 0.0478949435 0.0625694916 0.0597459525 -0.228471279 -0.0591597259 0.204997972 0.0532226861 -0.084290117 -0.0841095299 0.303639174 0.0318909623 -0.101306349 -0.0745799392 -0.0279099792 -0.0253022648 -0.0398035198 -0.0543391258 0.136918828 -0.0847304016 0.0881799608 -0.08677347 0.0550310612 0.0502796955 0.0570931509 0.14293012 0.149475753 0.0709915236 -0.117019996 0.0333749205 -0.0523427576
G1318 -0.0630130619 -3.21753323e-05 0.0491997786 -0.151808813 0.0304767042 0.13296926 -0.226090536 0.0641941577 -0.0425645038 -0.0826491341 0.000162504613 0.236620545 -0.112276465 0.0233769063 0.116954118 -0.108853906 0.0331161954 0.133002818 0.022568807 -0.10062547 -0.080379419 0.0842063278 -0.108579352 -0.0324605033 -0.139420465 -0.0309229288 -0.239120454 0.137052357 -0.025076285 -0.118462645 0.0836936459 -0.0823953301 -0.039862901 0.0474134833 0.0478949584 0.0625694916 0.0597459488 -0.228471279 -0.0591597259 0.204997957 0.0532226861 -0.0842901319 -0.0841095299 0.303639174 0.0318909548 -0.101306334 -0.0745799243 -0.0279099643 -0.0253022723 -0.0398035161 -0.0543391183 0.136918828 -0.0847304016 0.0881799608 -0.08677347 0.0550310649 0.0502796881 0.0570931584 0.14293012 0.149475753 0.0709915236 -0.117020003 0.0333749168 -0.0523427501
G1319 -0.0630130619 -3.21790576e-05 0.0491997935 -0.151808798 0.0304767191 0.13296923 -0.226090536 0.0641941652 -0.0425645038 -0.082649149 0.000162497163 0.236620545 -0.112276457 0.0233768988 0.116954125 -0.108853914 0.0331162028 0.133002803 0.0225687921 -0.100625463 -0.0803794041 0.0842063278 -0.108579352 -0.0324605033 -0.139420465 -0.0309229307 -0.239120468 0.137052357 -0.0250762701 -0.118462645 0.0836936533 -0.082395345 -0.0398628861 0.0474134758 0.047894951 0.0625694841 0.059745945 -0.228471279 -0.0591597185 0.204997957 0.0532226861 -0.0842901021 -0.0841095299 0.303639174 0.0318909623 -0.101306342 -0.0745799392 -0.0279099792 -0.0253022648 -0.0398035198 -0.0543391332 0.136918828 -0.0847304091 0.0881799608 -0.0867734775 0.0550310686 0.0502796881 0.0570931472 0.14293012 0.149475753 0.070991531 -0.117020003 0.033374913 -0.0523427576
G1320 -0.0630130619 -3.21753323e-05 0.0491997786 -0.151808828 0.0304767042 0.13296926 -0.226090536 0.0641941652 -0.0425644964 -0.0826491341 0.000162504613 0.236620545 -0.112276457 0.0233769082 0.116954118 -0.108853906 0.0331161954 0.133002818 0.0225687921 -0.10062547 -0.0803794339 0.0842063278 -0.108579352 -0.0324605107 -0.139420465 -0.0309229232 -0.239120468 0.137052357 -0.0250762925 -0.118462659 0.0836936384 -0.0823953226 -0.039862901 0.0474134833 0.0478949584 0.0625694841 0.0597459562 -0.228471294 -0.0591597334 0.204997957 0.0532226749 -0.0842901021 -0.0841095299 0.303639174 0.0318909548 -0.101306364 -0.0745799169 -0.0279099792 -0.0253022723 -0.0398035124 -0.0543391183 0.136918843 -0.0847304016 0.0881799608 -0.08677347 0.0550310649 0.0502796955 0.0570931584 0.14293012 0.149475753 0.0709915236 -0.117020003 0.0333749205 -0.0523427539
G1321 -0.0630130619 -3.21753323e-05 0.049199786 -0.151808798 0.0304767191 0.13296926 -0.226090536 0.0641941652 -0.0425645187 -0.0826491416 0.000162500888 0.23662056 -0.11227645 0.0233769007 0.116954111 -0.108853914 0.0331161954 0.133002803 0.022568807 -0.10062547 -0.0803793967 0.0842063278 -0.108579352 -0.0324605107 -0.139420465 -0.0309229307 -0.239120468 0.137052342 -0.025076285 -0.118462645 0.0836936384 -0.0823953375 -0.0398628861 0.0474134721 0.047894951 0.0625694916 0.0597459413 -0.228471279 -0.0591597222 0.204997972 0.0532226823 -0.084290117 -0.0841095224 0.303639174 0.0318909623 -0.101306356 -0.0745799318 -0.0279099941 -0.0253022648 -0.0398035236 -0.0543391183 0.136918843 -0.0847304016 0.0881799608 -0.0867734775 0.0550310686 0.0502796806 0.0570931509 0.14293012 0.149475753 0.0709915236 -0.117020003 0.0333749205 -0.0523427576
G1322 -0.0630130768 -3.2171607e-05 0.049199786 -0.151808828 0.0304766893 0.13296926 -0.226090536 0.0641941652 -0.0425645187 -0.0826491416 0.000162508339 0.23662056 -0.11227645 0.0233769026 0.116954118 -0.108853921 0.0331161954 0.133002818 0.022568807 -0.100625485 -0.080379419 0.0842063278 -0.108579352 -0.0324605107 -0.139420465 -0.0309229232 -0.239120468 0.137052357 -0.025076285 -0.118462674 0.0836936384 -0.0823953375 -0.039862901 0.0474134833 0.047894951 0.0625694916 0.0597459525 -0.228471294 -0.0591597185 0.204997957 0.0532226712 -0.0842901245 -0.084109515 0.303639144 0.0318909623 -0.101306356 -0.0745799318 -0.0279099792 -0.0253022686 -0.0398035161 -0.0543391407 0.136918828 -0.0847304016 0.0881799534 -0.08677347 0.0550310761 0.0502796881 0.0570931509 0.14293012 0.149475753 0.070991531 -0.117019996 0.033374913 -0.052342765
G1323 -0.063013047 -3.21604311e-05 0.049199786 -0.151808813 0.0304767191 0.132969245 -0.226090536 0.0641941726 -0.0425645187 -0.082649149 0.000162508339 0.236620545 -0.11227645 0.0233769007 0.116954118 -0.108853921 0.0331161842 0.133002788 0.0225687996 -0.100625485 -0.080379419 0.0842063427 -0.108579345 -0.0324605033 -0.139420465 -0.0309229288 -0.239120468 0.137052357 -0.0250762999 -0.118462659 0.0836936459 -0.0823953524 -0.0398628861 0.0474134833 0.0478949584 0.0625694916 0.059745945 -0.228471279 -0.0591597259 0.204997957 0.0532226786 -0.0842901319 -0.0841095299 0.303639144 0.0318909623 -0.101306356 -0.0745799318 -0.0279099792 -0.0253022574 -0.0398035087 -0.0543391332 0.136918813 -0.0847304091 0.0881799534 -0.0867734551 0.0550310761 0.0502796881 0.0570931546 0.14293012 0.149475753 0.0709915385 -0.117019996 0.0333749168 -0.0523427576
G1324 -0.0327786468 0.0835507661 0.0532364324 -0.106701925 -0.00940811355 0.0587175898 -0.0874753073 -0.0716244653 -0.130392313 0.0387074985 -0.0534469336 0.0907393098 0.00258479267 0.118502781 -0.0240863468 -0.0416136943 0.0244986769 0.0180916786 0.0178253576 0.0272016674 -0.0410075709 0.0624343157 -0.113821648 -0.111904874 -0.170590073 -0.0446140282 -0.269961625 0.0474043041 0.117940515 -0.110310644 -0.127670243 -0.0350926369 -0.0201456994 -0.0167698525 0.0642538443 -0.0670238733 -0.0380193591 -0.193593547 -0.0609930865 0.177138001 0.0536642745 -0.075158298 -0.0259339027 0.236097693 -0.160309672 0.00959427655 0.0257129669 -0.0352632776 0.0863444507 0.0908126533 0.000789500773 0.0253850892 0.00631035864 -0.0183633193 -0.24517253 -0.0479843691 -0.0132462084 -0.0774840713 0.0462305993 0.145749718 -0.0677315369 -0.0202787295 0.158431813 0.107295856
G1325 -0.0327786431 0.0835507587 0.0532364249 -0.10670194 -0.00940811448 0.0587175786 -0.0874753073 -0.0716244876 -0.130392313 0.0387074985 -0.0534469336 0.0907393098 0.00258480012 0.118502781 -0.0240863394 -0.041613698 0.0244986694 0.0180916786 0.0178253576 0.0272016674 -0.0410075933 0.0624342859 -0.113821641 -0.111904882 -0.170590073 -0.0446140394 -0.269961625 0.0474043041 0.117940515 -0.110310644 -0.127670258 -0.0350926369 -0.0201456919 -0.0167698599 0.0642538369 -0.0670238659 -0.0380193517 -0.193593547 -0.0609930865 0.177137986 0.0536642782 -0.075158298 -0.025933899 0.236097693 -0.160309657 0.00959426165 0.0257129595 -0.035263259 0.0863444507 0.0908126235 0.000789493322 0.0253850929 0.00631035492 -0.0183633305 -0.24517253 -0.0479843542 -0.0132462196 -0.0774840713 0.0462305918 0.145749718 -0.0677315518 -0.0202787332 0.158431798 0.107295834
G1326 -0.0327786617 0.0835507587 0.0532364175 -0.106701925 -0.00940810982 0.0587176047 -0.0874752998 -0.0716244876 -0.130392283 0.0387074947 -0.0534469374 0.0907393098 0.00258479267 0.118502766 -0.0240863394 -0.0416136943 0.0244986769 0.0180916637 0.0178253427 0.0272016674 -0.0410075709 0.0624343008 -0.113821641 -0.111904874 -0.170590073 -0.0446140319 -0.269961625 0.0474043116 0.117940523 -0.110310659 -0.127670258 -0.0350926369 -0.0201456919 -0.0167698599 0.0642538369 -0.0670238659 -0.0380193666 -0.193593547 -0.0609930865 0.177138001 0.0536642857 -0.075158298 -0.025933899 0.236097693 -0.160309672 0.0095942691 0.0257129669 -0.0352632664 0.0863444358 0.0908126384 0.000789493322 0.0253850892 0.00631035864 -0.018363338 -0.245172516 -0.0479843542 -0.0132462122 -0.0774840713 0.0462306067 0.145749718 -0.0677315593 -0.0202787295 0.158431798 0.107295871
G1327 -0.0327786393 0.0835507587 0.0532364249 -0.10670191 -0.00940811634 0.0587175973 -0.0874753147 -0.0716244876 -0.130392283 0.0387074947 -0.0534469336 0.0907392949 0.00258479267 0.118502766 -0.0240863431 -0.0416137017 0.0244986694 0.0180916861 0.0178253502 0.0272016674 -0.0410075784 0.0624343008 -0.113821648 -0.111904874 -0.170590073 -0.0446140468 -0.269961596 0.0474043004 0.117940508 -0.110310659 -0.127670258 -0.0350926369 -0.0201456919 -0.0167698599 0.0642538294 -0.0670238733 -0.0380193703 -0.193593547 -0.0609930791 0.177138001 0.053664282 -0.075158298 -0.025933899 0.236097693 -0.160309657 0.00959426165 0.0257129669 -0.0352632664 0.0863444507 0.0908126533 0.000789493322 0.0253850929 0.00631036237 -0.0183633287 -0.245172501 -0.0479843542 -0.0132462122 -0.0774840713 0.0462306067 0.145749718 -0.0677315518 -0.0202787332 0.158431798 0.107295848
G1328 -0.0327786431 0.0835507587 0.0532364249 -0.106701925 -0.00940811075 0.0587175973 -0.0874753073 -0.0716244802 -0.130392313 0.0387074947 -0.0534469336 0.0907393172 0.00258479267 0.118502766 -0.0240863394 -0.0416136943 0.0244986732 0.0180916861 0.0178253427 0.0272016674 -0.0410075709 0.0624343157 -0.113821641 -0.111904874 -0.170590073 -0.0446140356 -0.269961596 0.0474043153 0.117940515 -0.110310659 -0.127670258 -0.0350926369 -0.0201456919 -0.0167698562 0.0642538369 -0.0670238659 -0.0380193591 -0.193593547 -0.0609930791 0.177138001 0.053664282 -0.0751582906 -0.025933899 0.236097708 -0.160309672 0.00959427655 0.0257129669 -0.0352632664 0.0863444507 0.0908126533 0.000789500773 0.0253850855 0.00631035492 -0.0183633417 -0.245172516 -0.0479843616 -0.0132462159 -0.0774840713 0.0462306067 0.145749718 -0.0677315518 -0.0202787369 0.158431798 0.107295841
G1329 -0.0327786468 0.0835507661 0.0532364249 -0.106701925 -0.00940811168 0.058717601 -0.0874753073 -0.0716244876 -0.130392298 0.0387074873 -0.0534469374 0.0907393098 0.00258479267 0.118502766 -0.0240863487 -0.0416136943 0.0244986694 0.0180916823 0.0178253427 0.0272016674 -0.0410075784 0.0624343008 -0.113821633 -0.111904874 -0.170590073 -0.0446140468 -0.269961625 0.0474043041 0.117940523 -0.110310659 -0.127670258 -0.0350926369 -0.0201457068 -0.0167698525 0.0642538369 -0.0670238733 -0.0380193666 -0.193593532 -0.0609930791 0.177138001 0.0536642708 -0.0751582906 -0.025933899 0.236097693 -0.160309643 0.0095942691 0.0257129669 -0.0352632664 0.0863444507 0.0908126533 0.000789485872 0.0253850818 0.00631035492 -0.0183633342 -0.245172516 -0.0479843616 -0.0132462122 -0.0774840713 0.0462306067 0.145749718 -0.0677315593 -0.0202787295 0.158431798 0.107295834
G1330 -0.0327786319 0.0835507512 0.0532364249 -0.106701925 -0.00940812752 0.0587175936 -0.0874753073 -0.0716244876 -0.130392298 0.0387074947 -0.0534469336 0.0907393023 0.00258478522 0.118502796 -0.0240863431 -0.0416136906 0.024498675 0.0180916786 0.0178253427 0.0272016674 -0.0410075784 0.0624343157 -0.113821633 -0.111904867 -0.170590073 -0.0446140356 -0.269961625 0.0474043004 0.117940545 -0.110310644 -0.127670258 -0.0350926518 -0.0201456994 -0.0167698562 0.0642538294 -0.0670238733 -0.0380193591 -0.193593562 -0.0609931014 0.177138001 0.0536642782 -0.075158298 -0.0259339064 0.236097693 -0.160309657 0.00959426165 0.0257129669 -0.0352632701 0.0863444433 0.0908126533 0.000789493322 0.0253851004 0.00631037727 -0.018363338 -0.245172501 -0.0479843542 -0.0132462233 -0.0774840713 0.0462306067 0.145749718 -0.0677315518 -0.0202787369 0.158431798 0.107295856
G1331 -0.0327786505 0.0835507512 0.0532364249 -0.10670191 -0.00940812193 0.0587176047 -0.0874752924 -0.0716244876 -0.130392283 0.038707491 -0.0534469262 0.0907393023 0.0025847964 0.118502811 -0.024086345 -0.0416136831 0.0244986657 0.0180916861 0.0178253427 0.0272016674 -0.0410075858 0.0624342859 -0.113821641 -0.111904874 -0.170590073 -0.0446140282 -0.269961625 0.0474043004 0.117940538 -0.110310659 -0.127670258 -0.0350926518 -0.0201456919 -0.0167698637 0.0642538369 -0.0670238733 -0.0380193517 -0.193593562 -0.0609930716 0.177138001 0.0536642931 -0.075158298 -0.0259339176 0.236097693 -0.160309672 0.00959426165 0.0257129669 -0.0352632664 0.0863444582 0.0908126533 0.000789500773 0.0253851004 0.00631037727 -0.0183633342 -0.245172501 -0.0479843542 -0.0132462159 -0.0774840638 0.0462306067 0.145749718 -0.0677315518 -0.0202787369 0.158431798 0.107295834
G1332 -0.0327786431 0.0835507512 0.0532364249 -0.106701925 -0.00940811541 0.0587176085 -0.0874752998 -0.0716244802 -0.130392298 0.0387074985 -0.0534469336 0.0907393098 0.0025848113 0.118502781 -0.0240863431 -0.0416136943 0.024498675 0.0180916786 0.0178253576 0.0272016674 -0.0410075784 0.0624343008 -0.113821648 -0.111904874 -0.170590073 -0.0446140356 -0.269961625 0.0474043153 0.117940515 -0.110310659 -0.127670258 -0.0350926518 -0.0201456845 -0.0167698562 0.0642538369 -0.0670238659 -0.0380193591 -0.193593532 -0.0609930865 0.177138001 0.0536642857 -0.0751582906 -0.0259338915 0.236097693 -0.160309657 0.0095942691 0.025712952 -0.035263259 0.0863444582 0.0908126533 0.000789478421 0.0253850892 0.00631035864 -0.0183633287 -0.245172516 -0.0479843542 -0.0132462196 -0.0774840564 0.0462306067 0.145749718 -0.0677315593 -0.0202787332 0.158431798 0.107295834
G1333 -0.0327786542 0.083550781 0.0532364324 -0.106701925 -0.00940811262 0.0587175936 -0.0874753073 -0.0716244876 -0.130392298 0.0387074947 -0.0534469187 0.0907393023 0.0025847964 0.118502766 -0.0240863394 -0.0416137092 0.0244986732 0.0180916861 0.0178253427 0.0272016525 -0.0410075858 0.0624343157 -0.113821641 -0.111904874 -0.170590073 -0.0446140356 -0.269961625 0.0474043079 0.117940523 -0.110310674 -0.127670258 -0.0350926369 -0.0201456919 -0.0167698562 0.0642538369 -0.0670238733 -0.0380193628 -0.193593547 -0.0609930791 0.177138001 0.0536642782 -0.0751582906 -0.0259339064 0.236097693 -0.160309657 0.00959426165 0.0257129669 -0.035263259 0.0863444507 0.0908126533 0.000789508224 0.0253850929 0.00631036609 -0.0183633287 -0.245172501 -0.0479843467 -0.0132462196 -0.0774840787 0.0462305918 0.145749718 -0.0677315518 -0.0202787295 0.158431798 0.107295863
G1334 -0.0327786393 0.0835507512 0.0532364249 -0.106701925 -0.00940813217 0.0587175936 -0.0874753147 -0.0716244951 -0.130392283 0.0387074947 -0.0534469336 0.0907393023 0.0025847964 0.118502781 -0.0240863468 -0.0416137055 0.0244986732 0.0180916861 0.0178253576 0.0272016525 -0.0410075858 0.0624343157 -0.113821641 -0.111904874 -0.170590073 -0.0446140431 -0.269961625 0.0474043079 0.117940538 -0.110310644 -0.127670258 -0.0350926369 -0.0201456919 -0.0167698488 0.0642538294 -0.0670238733 -0.0380193591 -0.193593547 -0.0609930791 0.177138001 0.0536642745 -0.0751583055 -0.0259339064 0.236097693 -0.160309657 0.0095942691 0.0257129595 -0.0352632739 0.0863444507 0.0908126384 0.000789485872 0.0253850892 0.00631036237 -0.018363338 -0.245172516 -0.0479843616 -0.0132462159 -0.0774840713 0.0462306067 0.145749718 -0.0677315593 -0.0202787332 0.158431798 0.107295863
G1335 -0.0327786431 0.0835507512 0.0532364398 -0.106701918 -0.0094081182 0.0587175861 -0.0874753147 -0.0716244876 -0.130392298 0.0387074947 -0.0534469336 0.0907393098 0.00258480012 0.118502781 -0.0240863468 -0.0416136943 0.0244986787 0.0180916786 0.0178253576 0.0272016525 -0.0410075784 0.0624343157 -0.113821633 -0.111904874 -0.170590073 -0.0446140394 -0.269961625 0.0474043228 0.117940538 -0.110310644 -0.127670243 -0.0350926369 -0.0201456919 -0.0167698525 0.0642538294 -0.0670238733 -0.0380193517 -0.193593547 -0.0609930791 0.177138001 0.053664282 -0.0751582906 -0.0259339027 0.236097693 -0.160309643 0.0095942691 0.025712952 -0.0352632552 0.0863444507 0.0908126384 0.000789508224 0.0253851004 0.00631035492 -0.018363338 -0.245172516 -0.0479843616 -0.0132462196 -0.0774840638 0.0462306067 0.145749718 -0.0677315518 -0.0202787258 0.158431798 0.107295856
G1336 -0.0327786356 0.0835507512 0.0532364398 -0.106701925 -0.00940812007 0.0587176047 -0.0874753073 -0.0716244951 -0.130392313 0.0387074947 -0.0534469336 0.0907393098 0.0025847964 0.118502766 -0.0240863431 -0.0416136906 0.0244986657 0.0180916861 0.0178253427 0.0272016525 -0.0410075784 0.0624343157 -0.113821626 -0.111904874 -0.170590058 -0.0446140282 -0.269961625 0.0474043041 0.11794053 -0.110310644 -0.127670258 -0.0350926369 -0.0201456919 -0.0167698599 0.0642538369 -0.0670238659 -0.0380193628 -0.193593547 -0.0609930716 0.177137986 0.0536642782 -0.075158298 -0.0259339064 0.236097693 -0.160309657 0.00959427655 0.0257129595 -0.0352632664 0.0863444433 0.0908126384 0.000789500773 0.0253850929 0.00631036237 -0.0183633231 -0.245172501 -0.0479843542 -0.0132462233 -0.0774840638 0.0462306067 0.145749718 -0.0677315593 -0.0202787258 0.158431783 0.107295863
G1337 -0.0327786393 0.0835507587 0.0532364249 -0.106701925 -0.00940812007 0.0587175936 -0.0874753073 -0.0716244951 -0.130392298 0.0387075022 -0.0534469299 0.0907392949 0.0025847964 0.118502781 -0.024086345 -0.0416137017 0.0244986732 0.0180916823 0.0178253427 0.0272016674 -0.0410075858 0.0624343008 -0.113821641 -0.111904882 -0.170590073 -0.0446140356 -0.269961625 0.0474043116 0.11794053 -0.110310659 -0.127670258 -0.0350926369 -0.0201456919 -0.0167698562 0.0642538369 -0.0670238733 -0.0380193628 -0.193593547 -0.0609930716 0.177138001 0.0536642782 -0.0751582906 -0.0259339064 0.236097693 -0.160309657 0.0095942691 0.025712952 -0.0352632664 0.0863444507 0.0908126533 0.000789500773 0.0253850929 0.00631035864 -0.0183633398 -0.245172501 -0.0479843542 -0.0132462196 -0.0774840638 0.0462306067 0.145749718 -0.0677315593 -0.0202787258 0.158431798 0.107295863
G1338 -0.0327786282 0.0835507587 0.0532364249 -0.106701925 -0.00940811541 0.0587176122 -0.0874752924 -0.0716244951 -0.130392283 0.0387074873 -0.0534469262 0.0907393023 0.00258479267 0.118502781 -0.0240863319 -0.0416136943 0.0244986787 0.0180916861 0.0178253427 0.0272016674 -0.0410075858 0.0624343008 -0.113821641 -0.11190486 -0.170590073 -0.0446140394 -0.269961625 0.0474043079 0.117940515 -0.110310659 -0.127670258 -0.0350926518 -0.0201456994 -0.0167698637 0.0642538294 -0.0670238659 -0.0380193591 -0.193593547 -0.0609930791 0.177138001 0.0536642894 -0.075158298 -0.0259339064 0.236097693 -0.160309672 0.00959426165 0.0257129669 -0.0352632552 0.0863444507 0.0908126533 0.000789485872 0.0253851041 0.00631036609 -0.0183633287 -0.245172516 -0.0479843616 -0.0132462196 -0.0774840638 0.0462306067 0.145749718 -0.0677315593 -0.0202787369 0.158431798 0.107295848
G1339 -0.0327786356 0.0835507587 0.0532364175 -0.106701925 -0.00940812007 0.0587176047 -0.0874753073 -0.0716244876 -0.130392283 0.0387074798 -0.0534469262 0.0907393098 0.00258479267 0.118502781 -0.024086345 -0.0416137017 0.024498675 0.0180916935 0.0178253427 0.0272016674 -0.0410075784 0.0624343008 -0.113821641 -0.111904874 -0.170590073 -0.0446140245 -0.269961625 0.0474043041 0.117940538 -0.110310659 -0.127670273 -0.0350926369 -0.0201456919 -0.0167698599 0.064253822 -0.0670238659 -0.0380193517 -0.193593562 -0.0609930642 0.177138001 0.0536642894 -0.075158298 -0.0259339064 0.236097693 -0.160309657 0.00959427655 0.0257129669 -0.0352632739 0.0863444507 0.0908126533 0.000789493322 0.0253851004 0.00631036982 -0.0183633361 -0.245172516 -0.0479843467 -0.0132462233 -0.0774840713 0.0462306067 0.145749733 -0.0677315593 -0.0202787444 0.158431798 0.107295863
G1340 -0.032778658 0.0835507587 0.0532364249 -0.106701933 -0.00940811448 0.058717601 -0.0874752998 -0.0716244802 -0.130392313 0.0387074873 -0.0534469411 0.0907393098 0.00258479267 0.118502781 -0.024086345 -0.0416136906 0.0244986732 0.0180916786 0.0178253427 0.0272016674 -0.0410075635 0.0624343008 -0.113821641 -0.111904874 -0.170590073 -0.0446140431 -0.269961625 0.0474043004 0.117940515 -0.110310644 -0.127670243 -0.0350926369 -0.0201456919 -0.0167698637 0.0642538369 -0.0670238733 -0.0380193591 -0.193593562 -0.0609930791 0.177138001 0.0536642782 -0.075158298 -0.0259339139 0.236097693 -0.160309643 0.00959427655 0.0257129669 -0.035263259 0.0863444433 0.0908126533 0.000789493322 0.0253850892 0.00631035864 -0.0183633342 -0.245172516 -0.0479843542 -0.0132462084 -0.0774840713 0.0462306067 0.145749718 -0.0677315593 -0.0202787369 0.158431813 0.107295826
G1341 -0.0327786431 0.0835507512 0.0532364249 -0.106701918 -0.00940811168 0.0587175936 -0.0874752998 -0.0716244876 -0.130392283 0.0387075022 -0.0534469336 0.0907393098 0.0025847964 0.118502781 -0.0240863413 -0.0416137092 0.0244986806 0.0180916786 0.0178253427 0.0272016674 -0.0410075784 0.0624343008 -0.113821648 -0.111904867 -0.170590073 -0.0446140468 -0.269961596 0.0474043079 0.117940515 -0.110310644 -0.127670258 -0.0350926369 -0.0201456919 -0.0167698599 0.0642538369 -0.0670238659 -0.0380193666 -0.193593547 -0.0609930716 0.177137986 0.053664282 -0.075158298 -0.0259339027 0.236097693 -0.160309672 0.00959427655 0.025712952 -0.0352632664 0.0863444507 0.0908126533 0.000789500773 0.0253850892 0.00631035864 -0.0183633342 -0.245172516 -0.0479843542 -0.0132462233 -0.0774840638 0.0462306067 0.145749718 -0.0677315518 -0.0202787332 0.158431798 0.107295841
G1342 -0.0327786505 0.0835507587 0.0532364398 -0.106701925 -0.00940811541 0.058717601 -0.0874753073 -0.0716244802 -0.130392283 0.0387074873 -0.0534469299 0.0907393023 0.00258479267 0.118502766 -0.0240863375 -0.0416136943 0.0244986694 0.0180916712 0.0178253427 0.0272016674 -0.0410075709 0.0624343157 -0.113821641 -0.111904889 -0.170590073 -0.0446140468 -0.269961625 0.0474043079 0.117940515 -0.110310659 -0.127670258 -0.0350926518 -0.0201456919 -0.0167698599 0.0642538294 -0.0670238659 -0.0380193554 -0.193593562 -0.060993094 0.177137986 0.0536642671 -0.0751582906 -0.0259339027 0.236097693 -0.160309657 0.00959427655 0.0257129669 -0.0352632664 0.0863444507 0.0908126533 0.000789493322 0.0253850892 0.00631035119 -0.0183633361 -0.245172516 -0.0479843691 -0.0132462159 -0.0774840713 0.0462306067 0.145749718 -0.0677315518 -0.0202787369 0.158431798 0.107295848
G1343 -0.0327786468 0.0835507512 0.0532364249 -0.106701925 -0.00940811634 0.0587175861 -0.0874753073 -0.0716244951 -0.130392283 0.0387074836 -0.0534469336 0.0907393098 0.00258480012 0.118502811 -0.024086345 -0.041613698 0.0244986676 0.0180916786 0.0178253576 0.0272016674 -0.0410075858 0.0624343008 -0.113821641 -0.111904874 -0.170590073 -0.0446140394 -0.269961625 0.0474043079 0.117940523 -0.110310644 -0.127670258 -0.0350926369 -0.0201456919 -0.0167698637 0.0642538294 -0.0670238733 -0.0380193554 -0.193593547 -0.060993094 0.177138001 0.0536642782 -0.0751582906 -0.025933899 0.236097693 -0.160309643 0.0095942691 0.0257129669 -0.0352632701 0.0863444507 0.0908126384 0.000789493322 0.0253850892 0.00631036237 -0.0183633342 -0.245172501 -0.0479843542 -0.0132462084 -0.0774840713 0.0462306067 0.145749718 -0.0677315593 -0.0202787369 0.158431798 0.107295841
G1344 -0.0327786468 0.0835507587 0.0532364249 -0.10670191 -0.00940811913 0.0587175898 -0.0874753073 -0.0716244876 -0.130392283 0.0387074947 -0.0534469336 0.0907393098 0.00258479267 0.118502766 -0.0240863487 -0.0416136906 0.0244986806 0.0180916786 0.0178253427 0.0272016525 -0.0410075858 0.0624343008 -0.113821641 -0.111904889 -0.170590073 -0.0446140394 -0.269961625 0.047404319 0.117940538 -0.110310659 -0.127670258 -0.0350926369 -0.0201456994 -0.0167698562 0.0642538294 -0.0670238733 -0.0380193666 -0.193593547 -0.0609930791 0.177138001 0.0536642782 -0.075158298 -0.025933899 0.236097693 -0.160309657 0.00959426165 0.025712952 -0.0352632627 0.0863444507 0.0908126384 0.000789493322 0.0253850929 0.00631035492 -0.0183633342 -0.245172501 -0.0479843616 -0.0132462196 -0.0774840638 0.0462306067 0.145749718 -0.0677315444 -0.0202787332 0.158431798 0.107295848
G1345 -0.0327786431 0.0835507512 0.0532364249 -0.106701918 -0.00940810982 0.0587175898 -0.0874753147 -0.0716244876 -0.130392283 0.0387075022 -0.0534469336 0.0907393098 0.00258478522 0.118502811 -0.0240863357 -0.0416136868 0.0244986657 0.0180916786 0.0178253502 0.0272016674 -0.0410075635 0.0624343008 -0.113821641 -0.111904874 -0.170590073 -0.0446140282 -0.269961625 0.0474043041 0.117940523 -0.110310659 -0.127670243 -0.0350926369 -0.0201456919 -0.0167698637 0.0642538369 -0.0670238659 -0.0380193628 -0.193593547 -0.0609930791 0.177138001 0.0536642708 -0.075158298 -0.0259339064 0.236097693 -0.160309672 0.0095942691 0.0257129595 -0.0352632627 0.0863444433 0.0908126384 0.000789493322 0.0253850929 0.00631035492 -0.0183633324 -0.245172516 -0.0479843616 -0.0132462159 -0.0774840713 0.0462305993 0.145749718 -0.0677315518 -0.0202787332 0.158431798 0.107295848
G1346 -0.0327786393 0.0835507587 0.0532364249 -0.106701925 -0.00940812565 0.0587176047 -0.0874753073 -0.0716244951 -0.130392313 0.0387074947 -0.0534469336 0.0907393098 0.00258480012 0.118502781 -0.0240863468 -0.0416136906 0.0244986694 0.0180916823 0.0178253427 0.0272016674 -0.0410076007 0.0624343157 -0.113821641 -0.111904874 -0.170590073 -0.0446140245 -0.269961625 0.0474043153 0.117940538 -0.110310644 -0.127670258 -0.0350926518 -0.0201456919 -0.0167698525 0.064253822 -0.0670238659 -0.0380193591 -0.193593547 -0.060993094 0.177138001 0.0536642857 -0.075158298 -0.0259339102 0.236097693 -0.160309672 0.00959426165 0.0257129669 -0.0352632664 0.0863444433 0.0908126533 0.000789493322 0.0253851004 0.00631037354 -0.0183633491 -0.245172516 -0.0479843542 -0.0132462196 -0.0774840713 0.0462305993 0.145749718 -0.0677315593 -0.0202787407 0.158431813 0.107295856
G1347 -0.0327786244 0.0835507661 0.0532364398 -0.106701925 -0.009408121 0.0587175973 -0.0874753073 -0.0716244876 -0.130392298 0.0387074947 -0.0534469262 0.0907393098 0.00258479267 0.118502781 -0.0240863375 -0.0416137017 0.0244986713 0.0180916861 0.0178253427 0.0272016525 -0.0410075858 0.0624343008 -0.113821626 -0.111904874 -0.170590073 -0.0446140319 -0.269961625 0.0474043041 0.117940523 -0.110310659 -0.127670258 -0.0350926518 -0.0201456919 -0.0167698637 0.0642538294 -0.0670238659 -0.0380193517 -0.193593547 -0.0609930865 0.177138001 0.0536642745 -0.0751582906 -0.0259339064 0.236097693 -0.160309672 0.009594284 0.0257129669 -0.0352632776 0.0863444433 0.0908126384 0.000789493322 0.0253850929 0.00631036237 -0.018363338 -0.245172516 -0.0479843616 -0.0132462122 -0.0774840638 0.0462306067 0.145749718 -0.0677315518 -0.0202787369 0.158431798 0.107295841
G1348 -0.0327786468 0.0835507438 0.0532364249 -0.106701925 -0.0094081061 0.0587175861 -0.0874753073 -0.0716244951 -0.130392283 0.0387074947 -0.0534469299 0.0907393247 0.0025847964 0.118502781 -0.0240863487 -0.0416136943 0.0244986657 0.0180916786 0.0178253576 0.0272016674 -0.0410075709 0.0624343157 -0.113821641 -0.111904874 -0.170590073 -0.0446140431 -0.269961625 0.0474043041 0.11794053 -0.110310644 -0.127670258 -0.0350926369 -0.0201456845 -0.0167698562 0.0642538369 -0.0670238659 -0.0380193554 -0.193593547 -0.0609931089 0.177138001 0.0536642782 -0.0751582831 -0.0259339027 0.236097693 -0.160309672 0.00959426165 0.0257129669 -0.0352632627 0.0863444507 0.0908126384 0.000789493322 0.0253850855 0.00631035864 -0.018363338 -0.24517253 -0.0479843542 -0.0132462122 -0.0774840713 0.0462306067 0.145749718 -0.0677315518 -0.0202787295 0.158431798 0.107295834
G1349 -0.0327786393 0.0835507587 0.0532364175 -0.106701925 -0.00940811355 0.058717601 -0.0874753073 -0.0716244876 -0.130392283 0.0387074947 -0.0534469299 0.0907393023 0.00258479267 0.118502766 -0.0240863413 -0.041613698 0.0244986657 0.0180916712 0.0178253427 0.0272016525 -0.0410075858 0.0624343008 -0.113821648 -0.111904874 -0.170590073 -0.0446140245 -0.269961625 0.0474043079 0.117940515 -0.110310644 -0.127670258 -0.0350926369 -0.0201456919 -0.0167698562 0.0642538369 -0.0670238733 -0.0380193554 -0.193593532 -0.0609930791 0.177138001 0.0536642782 -0.075158298 -0.025933899 0.236097693 -0.160309672 0.00959426165 0.025712952 -0.0352632552 0.0863444433 0.0908126533 0.000789493322 0.0253850855 0.00631035864 -0.0183633342 -0.245172516 -0.0479843691 -0.0132462084 -0.0774840638 0.0462306067 0.145749718 -0.0677315518 -0.0202787369 0.158431798 0.107295848
G1350 -0.0327786468 0.0835507587 0.0532364175 -0.106701918 -0.00940811262 0.0587175861 -0.0874753073 -0.0716244876 -0.130392283 0.0387074947 -0.0534469336 0.0907392949 0.00258479267 0.118502781 -0.0240863506 -0.0416136943 0.024498662 0.0180916786 0.0178253427 0.0272016674 -0.0410075784 0.0624343008 -0.113821626 -0.111904889 -0.170590103 -0.0446140431 -0.269961625 0.0474043153 0.117940523 -0.110310644 -0.127670258 -0.0350926369 -0.0201456919 -0.0167698525 0.0642538294 -0.0670238659 -0.0380193591 -0.193593532 -0.0609930716 0.177137986 0.0536642745 -0.0751582906 -0.0259338915 0.236097693 -0.160309672 0.00959427655 0.0257129669 -0.0352632701 0.0863444433 0.0908126533 0.000789485872 0.0253850929 0.00631035119 -0.0183633324 -0.245172501 -0.0479843467 -0.0132462233 -0.0774840638 0.0462306067 0.145749718 -0.0677315518 -0.0202787295 0.158431783 0.107295856
G1351 -0.0327786468 0.0835507587 0.0532364249 -0.106701925 -0.00940812472 0.0587176047 -0.0874753073 -0.0716244876 -0.130392283 0.038707491 -0.0534469336 0.0907393172 0.00258480012 0.118502811 -0.0240863431 -0.0416137055 0.0244986694 0.0180916712 0.0178253427 0.0272016525 -0.0410075933 0.0624343008 -0.113821626 -0.111904874 -0.170590073 -0.0446140319 -0.269961625 0.0474043079 0.117940508 -0.110310659 -0.127670258 -0.0350926369 -0.0201456994 -0.0167698488 0.0642538369 -0.0670238733 -0.0380193591 -0.193593562 -0.0609930791 0.177138001 0.0536642857 -0.075158298 -0.0259339064 0.236097693 -0.160309657 0.0095942691 0.0257129669 -0.0352632552 0.0863444507 0.0908126533 0.000789493322 0.0253850855 0.00631035864 -0.0183633305 -0.245172501 -0.0479843542 -0.0132462233 -0.0774840713 0.0462306067 0.145749718 -0.0677315518 -0.0202787295 0.158431798 0.107295856
G1352 -0.0327786468 0.0835507587 0.0532364249 -0.106701925 -0.00940811541 0.0587175936 -0.0874753073 -0.0716244876 -0.130392313 0.0387075022 -0.0534469299 0.0907393247 0.00258479267 0.118502796 -0.0240863413 -0.0416136906 0.024498662 0.0180916786 0.0178253427 0.0272016674 -0.0410075709 0.0624343008 -0.113821656 -0.111904874 -0.170590073 -0.0446140394 -0.269961625 0.0474043079 0.117940523 -0.110310644 -0.127670258 -0.0350926369 -0.0201456919 -0.0167698637 0.0642538369 -0.0670238733 -0.0380193628 -0.193593547 -0.0609930642 0.177138001 0.0536642894 -0.075158298 -0.0259339064 0.236097693 -0.160309672 0.0095942691 0.0257129669 -0.0352632627 0.0863444582 0.0908126533 0.000789500773 0.0253850892 0.00631035492 -0.0183633342 -0.245172516 -0.0479843542 -0.0132462084 -0.0774840862 0.0462306142 0.145749718 -0.0677315518 -0.0202787407 0.158431798 0.107295834
G1353 -0.0327786468 0.0835507587 0.0532364175 -0.106701925 -0.00940811727 0.0587175936 -0.0874753073 -0.0716244802 -0.130392298 0.0387074947 -0.0534469336 0.0907393098 0.00258480012 0.118502781 -0.0240863431 -0.0416137017 0.0244986657 0.0180916786 0.0178253427 0.0272016525 -0.0410075784 0.0624343008 -0.113821648 -0.111904882 -0.170590073 -0.044614058 -0.269961625 0.0474043153 0.117940538 -0.110310644 -0.127670243 -0.0350926369 -0.0201456919 -0.0167698488 0.0642538294 -0.0670238584 -0.0380193628 -0.193593562 -0.0609930791 0.177137986 0.0536642782 -0.0751583055 -0.025933899 0.236097693 -0.160309657 0.00959427655 0.0257129595 -0.0352632627 0.0863444433 0.0908126384 0.000789485872 0.0253850855 0.00631034747 -0.0183633417 -0.245172516 -0.0479843542 -0.0132462233 -0.0774840638 0.0462306067 0.145749718 -0.0677315593 -0.0202787332 0.158431813 0.107295841
G1354 -0.0327786542 0.0835507661 0.0532364249 -0.106701925 -0.00940811448 0.0587175973 -0.0874752998 -0.0716244876 -0.130392313 0.0387074947 -0.0534469336 0.0907393172 0.00258480012 0.118502781 -0.0240863468 -0.0416137017 0.0244986732 0.0180916935 0.0178253427 0.0272016674 -0.0410075858 0.0624343157 -0.113821648 -0.111904874 -0.170590073 -0.0446140319 -0.269961625 0.0474043079 0.117940538 -0.110310659 -0.127670258 -0.0350926369 -0.0201456919 -0.0167698674 0.0642538294 -0.0670238733 -0.0380193554 -0.193593562 -0.0609930791 0.177138001 0.0536642857 -0.0751582906 -0.025933899 0.236097693 -0.160309672 0.00959426165 0.0257129669 -0.0352632664 0.0863444582 0.0908126384 0.000789493322 0.0253851116 0.00631036609 -0.0183633324 -0.24517253 -0.0479843542 -0.0132462233 -0.0774840713 0.0462306142 0.145749718 -0.0677315667 -0.0202787481 0.158431813 0.107295871
G1355 -0.0327786468 0.0835507661 0.0532364249 -0.10670191 -0.00940812752 0.058717601 -0.0874753073 -0.0716244876 -0.130392283 0.0387074985 -0.0534469336 0.0907393098 0.00258479267 0.118502811 -0.0240863543 -0.0416137017 0.0244986936 0.0180916861 0.0178253427 0.0272016674 -0.0410075858 0.0624343157 -0.113821641 -0.111904874 -0.170590073 -0.0446140245 -0.269961596 0.0474043079 0.117940515 -0.110310659 -0.127670273 -0.0350926369 -0.0201456919 -0.0167698637 0.0642538294 -0.0670238584 -0.0380193554 -0.193593547 -0.0609930865 0.177138001 0.0536642857 -0.0751583055 -0.0259339139 0.236097693 -0.160309672 0.00959426165 0.0257129744 -0.0352632627 0.0863444433 0.0908126533 0.000789493322 0.0253851004 0.00631035864 -0.0183633436 -0.245172516 -0.0479843467 -0.0132462196 -0.0774840638 0.0462306142 0.145749718 -0.0677315742 -0.0202787444 0.158431813 0.107295878
output_pin_G1324 0.0643796623 0.0255644247 -0.207984805 0.00729826838 -0.195493624 0.217129737 -0.0239462145 -0.0203079265 0.136627197 0.0949138254 0.00113357103 0.0167856533 -0.409947187 -0.182121351 -0.10783343 -0.130430922 0.118299805 -0.0816491768 0.000809465535 -0.217547387 0.230362773 0.0250785146 -0.0343761519 -0.0631762519 0.0703953728 -0.235091537 -0.258607417 0.113513872 -0.00562666869 0.260607988 0.0375352837 -0.184566051 0.148371577 -0.0585128181 0.3009848 -0.00364565686 -0.0223324653 -0.29203105 -0.157684773 -0.0690761283 0.154679447 -0.253947794 -0.0444873907 0.342400193 -0.106297605 0.0260985289 -0.0989840701 0.218133703 0.0458658449 -0.0819719806 -0.10516075 0.164759129 0.176808789 0.123238452 -0.20113036 0.131623223 0.235780254 -0.100141928 0.0438985266 0.227649286 -0.0113557 0.0876558647 0.0977716669 0.0171121266
output_pin_G1325 0.0643796548 0.0255644396 -0.20798479 0.00729826372 -0.195493624 0.217129737 -0.0239462163 -0.0203079265 0.136627167 0.0949138105 0.00113357231 0.016785644 -0.409947187 -0.182121351 -0.10783343 -0.130430937 0.118299812 -0.0816491842 0.000809470192 -0.217547387 0.230362773 0.0250785258 -0.0343761481 -0.0631762594 0.0703953803 -0.235091537 -0.258607417 0.113513872 -0.0056266808 0.260607988 0.03753528 -0.184566051 0.148371562 -0.0585128143 0.3009848 -0.00364565523 -0.022332456 -0.29203105 -0.157684773 -0.0690761432 0.154679447 -0.253947794 -0.0444873907 0.342400193 -0.106297597 0.0260985419 -0.0989840701 0.218133703 0.0458658487 -0.0819719955 -0.105160743 0.164759129 0.176808804 0.123238452 -0.201130375 0.131623223 0.235780254 -0.10014195 0.0438985303 0.227649286 -0.011355699 0.0876558647 0.0977716669 0.0171121322
output_pin_G1326 0.0643796474 0.0255644284 -0.20798479 0.00729825953 -0.195493609 0.217129737 -0.0239462182 -0.0203079302 0.136627167 0.0949138179 0.00113357301 0.0167856477 -0.409947187 -0.182121351 -0.107833445 -0.130430922 0.118299812 -0.0816491768 0.000809453893 -0.217547387 0.230362788 0.0250785239 -0.0343761519 -0.0631762519 0.0703953803 -0.235091537 -0.258607417 0.113513857 -0.00562668312 0.260607988 0.03753528 -0.184566051 0.148371577 -0.0585128181 0.3009848 -0.00364565314 -0.0223324466 -0.29203105 -0.157684773 -0.0690761358 0.154679447 -0.253947765 -0.0444873869 0.342400193 -0.106297605 0.0260985158 -0.0989840627 0.218133703 0.0458658412 -0.0819719881 -0.10516075 0.164759129 0.176808789 0.123238452 -0.20113036 0.131623223 0.235780254 -0.100141943 0.0438985266 0.227649286 -0.0113556925 0.0876558572 0.0977716744 0.0171121322
output_pin_G1327 0.0643796399 0.0255644303 -0.20798479 0.00729826 -0.195493624 0.217129737 -0.0239462182 -0.0203079209 0.136627167 0.0949138179 0.00113357743 0.0167856496 -0.409947157 -0.182121351 -0.10783343 -0.130430922 0.118299805 -0.0816491842 0.000809461344 -0.217547387 0.230362788 0.0250785276 -0.0343761519 -0.0631762594 0.0703953803 -0.235091522 -0.258607417 0.113513872 -0.00562668312 0.260607988 0.0375352912 -0.184566051 0.148371577 -0.0585128069 0.3009848 -0.00364565779 -0.0223324448 -0.29203105 -0.157684773 -0.0690761358 0.154679447 -0.253947765 -0.0444873944 0.342400193 -0.106297605 0.0260985401 -0.0989840627 0.218133718 0.0458658487 -0.0819719881 -0.105160743 0.164759129 0.176808789 0.123238452 -0.20113039 0.131623209 0.235780254 -0.100141943 0.0438985229 0.227649286 -0.0113557009 0.0876558572 0.0977716669 0.017112121
output_pin_G1328 0.0643796623 0.0255644247 -0.20798479 0.0072982721 -0.195493624 0.217129737 -0.0239462238 -0.0203079265 0.136627167 0.0949138254 0.00113357045 0.0167856421 -0.409947157 -0.182121351 -0.10783343 -0.130430922 0.118299812 -0.0816491842 0.000809451565 -0.217547372 0.230362758 0.0250785202 -0.0343761556 -0.0631762594 0.0703953728 -0.235091522 -0.258607417 0.113513872 -0.00562666589 0.260607988 0.0375352912 -0.184566051 0.148371577 -0.0585128181 0.3009848 -0.00364566036 -0.0223324466 -0.29203105 -0.157684773 -0.0690761283 0.154679433 -0.253947765 -0.0444873795 0.342400193 -0.106297597 0.0260985307 -0.0989840701 0.218133703 0.0458658449 -0.0819719881 -0.10516075 0.164759114 0.176808789 0.123238452 -0.20113036 0.131623209 0.235780254 -0.100141943 0.0438985303 0.227649286 -0.0113557056 0.0876558647 0.0977716669 0.017112134
output_pin_G1329 0.0643796474 0.0255644284 -0.20798479 0.00729826838 -0.195493624 0.217129737 -0.0239462126 -0.0203079302 0.136627167 0.0949138105 0.00113357557 0.0167856365 -0.409947187 -0.182121351 -0.10783343 -0.130430922 0.11829982 -0.0816491842 0.000809459714 -0.217547387 0.230362773 0.0250785239 -0.0343761593 -0.0631762594 0.0703953803 -0.235091537 -0.258607417 0.113513872 -0.00562667195 0.260607988 0.03753528 -0.184566066 0.148371577 -0.0585128255 0.3009848 -0.0036456564 -0.0223324597 -0.29203105 -0.157684773 -0.0690761358 0.154679433 -0.253947765 -0.0444873907 0.342400193 -0.106297597 0.0260985121 -0.0989840627 0.218133718 0.0458658449 -0.0819719881 -0.10516075 0.164759129 0.176808789 0.123238459 -0.20113036 0.131623223 0.235780254 -0.10014195 0.0438985266 0.227649286 -0.0113556935 0.0876558498 0.0977716744 0.0171121303
output_pin_G1330 0.0643796548 0.0255644266 -0.20798479 0.00729826093 -0.195493609 0.217129737 -0.0239462107 -0.020307932 0.136627167 0.0949138179 0.0011335779 0.0167856365 -0.409947187 -0.182121351 -0.10783343 -0.130430907 0.118299812 -0.0816491768 0.000809456455 -0.217547402 0.230362788 0.0250785295 -0.0343761593 -0.0631762519 0.0703953803 -0.235091522 -0.258607417 0.113513879 -0.00562667707 0.260607988 0.03753528 -0.184566051 0.148371547 -0.0585128255 0.3009848 -0.0036456564 -0.022332456 -0.29203105 -0.157684773 -0.0690761358 0.154679447 -0.253947765 -0.0444873869 0.342400223 -0.106297605 0.0260985345 -0.0989840627 0.218133703 0.0458658487 -0.0819719732 -0.10516075 0.164759114 0.176808789 0.123238452 -0.201130345 0.131623209 0.235780254 -0.100141957 0.0438985191 0.227649286 -0.0113556935 0.0876558572 0.0977716669 0.0171121284
output_pin_G1331 0.0643796474 0.0255644266 -0.20798479 0.00729826465 -0.195493624 0.217129737 -0.0239462219 -0.0203079265 0.136627167 0.0949138105 0.00113357708 0.0167856459 -0.409947187 -0.182121351 -0.107833445 -0.130430922 0.118299805 -0.0816491842 0.000809459714 -0.217547387 0.230362773 0.0250785332 -0.0343761556 -0.0631762519 0.0703953728 -0.235091537 -0.258607417 0.113513887 -0.00562668126 0.260607988 0.0375352874 -0.184566066 0.148371577 -0.0585128218 0.3009848 -0.00364566362 -0.0223324671 -0.29203105 -0.157684773 -0.0690761358 0.154679433 -0.253947765 -0.0444873981 0.342400223 -0.10629762 0.0260985289 -0.0989840701 0.218133718 0.0458658449 -0.0819719732 -0.105160758 0.164759129 0.176808789 0.123238452 -0.201130345 0.131623209 0.235780254 -0.100141943 0.0438985191 0.227649301 -0.0113557046 0.0876558721 0.0977716669 0.0171121322
output_pin_G1332 0.0643796548 0.0255644359 -0.20798479 0.00729825953 -0.195493639 0.217129737 -0.0239462126 -0.0203079339 0.136627167 0.0949138254 0.0011335786 0.0167856459 -0.409947187 -0.182121351 -0.107833438 -0.130430922 0.118299805 -0.0816491842 0.000809465069 -0.217547387 0.230362773 0.025078522 -0.0343761481 -0.0631762594 0.0703953728 -0.235091522 -0.258607417 0.113513879 -0.00562668126 0.260607988 0.0375352837 -0.184566051 0.148371577 -0.0585128218 0.3009848 -0.00364565966 -0.022332456 -0.29203105 -0.157684773 -0.0690761358 0.154679447 -0.253947765 -0.0444873907 0.342400223 -0.106297605 0.0260985326 -0.0989840627 0.218133703 0.0458658487 -0.0819719806 -0.10516075 0.164759129 0.176808789 0.123238452 -0.20113036 0.131623223 0.235780254 -0.100141943 0.0438985266 0.227649271 -0.0113557037 0.0876558498 0.0977716744 0.0171121322
output_pin_G1333 0.0643796548 0.0255644284 -0.20798479 0.00729826372 -0.195493624 0.217129737 -0.0239462182 -0.020307932 0.136627167 0.0949138105 0.00113357673 0.016785644 -0.409947187 -0.182121351 -0.107833438 -0.130430937 0.118299812 -0.0816491619 0.000809453195 -0.217547387 0.230362788 0.0250785165 -0.0343761556 -0.0631762594 0.0703953803 -0.235091537 -0.258607417 0.113513872 -0.00562668405 0.260607988 0.0375352837 -0.184566051 0.148371562 -0.0585128143 0.3009848 -0.00364565267 -0.0223324597 -0.29203105 -0.157684758 -0.0690761358 0.154679433 -0.253947794 -0.0444873981 0.342400223 -0.106297605 0.0260985214 -0.0989840627 0.218133703 0.0458658375 -0.0819719806 -0.10516075 0.164759114 0.176808774 0.123238452 -0.201130345 0.131623223 0.235780254 -0.10014195 0.0438985266 0.227649286 -0.0113556953 0.0876558647 0.0977716595 0.0171121322
output_pin_G1334 0.0643796623 0.0255644303 -0.20798479 0.0072982721 -0.195493609 0.217129737 -0.0239462089 -0.020307932 0.136627182 0.0949138179 0.00113357091 0.0167856403 -0.409947157 -0.182121351 -0.107833423 -0.130430922 0.118299812 -0.0816491768 0.000809465302 -0.217547387 0.230362773 0.0250785239 -0.0343761519 -0.0631762519 0.0703953728 -0.235091537 -0.258607417 0.113513872 -0.00562667521 0.260607988 0.0375352874 -0.184566051 0.148371577 -0.0585128181 0.3009848 -0.00364565337 -0.0223324578 -0.29203105 -0.157684773 -0.0690761358 0.154679447 -0.253947765 -0.0444873832 0.342400223 -0.106297597 0.0260985177 -0.0989840701 0.218133703 0.0458658524 -0.0819719881 -0.105160743 0.164759129 0.176808789 0.123238459 -0.20113036 0.131623223 0.235780254 -0.100141943 0.0438985191 0.227649286 -0.0113556981 0.0876558572 0.0977716595 0.0171121228
output_pin_G1335 0.0643796474 0.0255644228 -0.20798479 0.00729826977 -0.195493624 0.217129737 -0.0239462145 -0.0203079246 0.136627167 0.0949138179 0.00113357371 0.0167856384 -0.409947157 -0.182121351 -0.10783343 -0.130430922 0.11829982 -0.0816491842 0.000809455523 -0.217547387 0.230362773 0.0250785239 -0.0343761519 -0.0631762519 0.0703953728 -0.235091522 -0.258607417 0.113513879 -0.00562668033 0.260607988 0.0375352874 -0.184566066 0.148371577 -0.0585128218 0.3009848 -0.00364565616 -0.0223324616 -0.29203105 -0.157684773 -0.0690761432 0.154679433 -0.253947765 -0.0444873869 0.342400223 -0.106297605 0.0260985252 -0.0989840701 0.218133703 0.0458658524 -0.0819719806 -0.105160743 0.164759129 0.176808789 0.123238452 -0.20113036 0.131623223 0.235780254 -0.10014195 0.043898534 0.227649286 -0.0113557111 0.0876558498 0.0977716669 0.0171121266
output_pin_G1336 0.0643796548 0.0255644321 -0.20798479 0.00729826093 -0.195493609 0.217129737 -0.0239462163 -0.020307919 0.136627167 0.0949138254 0.0011335786 0.016785644 -0.409947187 -0.182121351 -0.10783343 -0.130430922 0.118299812 -0.0816491842 0.000809456222 -0.217547387 0.230362773 0.0250785165 -0.0343761444 -0.0631762594 0.0703953803 -0.235091537 -0.258607417 0.113513865 -0.00562668219 0.260607988 0.03753528 -0.184566051 0.148371577 -0.0585128069 0.30098477 -0.00364565197 -0.0223324541 -0.29203105 -0.157684758 -0.0690761358 0.154679433 -0.253947765 -0.0444873832 0.342400223 -0.106297612 0.0260985196 -0.0989840701 0.218133703 0.0458658487 -0.0819719881 -0.105160758 0.164759114 0.176808789 0.123238452 -0.201130375 0.131623209 0.235780254 -0.100141943 0.0438985229 0.227649286 -0.0113557009 0.0876558647 0.0977716669 0.0171121266
output_pin_G1337 0.0643796548 0.0255644266 -0.20798479 0.00729826 -0.195493609 0.217129737 -0.0239462126 -0.0203079153 0.136627167 0.0949138105 0.00113357627 0.0167856496 -0.409947187 -0.182121351 -0.10783343 -0.130430922 0.118299812 -0.0816491693 0.00080945529 -0.217547402 0.230362788 0.0250785202 -0.0343761481 -0.0631762594 0.0703953728 -0.235091537 -0.258607417 0.113513879 -0.00562668033 0.260607988 0.0375352912 -0.184566051 0.148371577 -0.0585128218 0.3009848 -0.00364566036 -0.0223324616 -0.29203105 -0.157684773 -0.0690761432 0.154679433 -0.253947765 -0.0444873869 0.342400223 -0.106297605 0.026098527 -0.0989840701 0.218133703 0.0458658375 -0.0819719806 -0.105160743 0.164759144 0.176808789 0.123238459 -0.20113039 0.131623223 0.235780254 -0.100141928 0.043898534 0.227649286 -0.0113557037 0.0876558498 0.0977716669 0.0171121247
output_pin_G1338 0.0643796548 0.0255644377 -0.20798479 0.00729826977 -0.195493624 0.217129737 -0.0239462182 -0.0203079246 0.136627167 0.0949138179 0.00113356835 0.016785644 -0.409947187 -0.182121351 -0.107833438 -0.130430922 0.118299805 -0.0816491768 0.00080945529 -0.217547387 0.230362773 0.0250785276 -0.0343761444 -0.0631762445 0.0703953654 -0.235091522 -0.258607417 0.113513887 -0.005626678 0.260607958 0.0375352874 -0.184566051 0.148371577 -0.0585128218 0.3009848 -0.0036456564 -0.0223324597 -0.29203105 -0.157684773 -0.0690761283 0.154679447 -0.253947765 -0.0444873907 0.342400193 -0.106297597 0.0260985307 -0.0989840627 0.218133703 0.0458658487 -0.0819719806 -0.105160743 0.164759129 0.176808774 0.123238452 -0.20113036 0.131623209 0.235780254 -0.100141957 0.0438985229 0.227649286 -0.0113556953 0.0876558721 0.0977716669 0.0171121284
output_pin_G1339 0.0643796548 0.0255644247 -0.20798479 0.00729826093 -0.195493639 0.217129737 -0.0239462201 -0.0203079339 0.136627167 0.0949138179 0.0011335829 0.0167856496 -0.409947187 -0.182121366 -0.10783343 -0.130430922 0.118299812 -0.0816491842 0.000809455989 -0.217547402 0.230362788 0.0250785165 -0.0343761481 -0.0631762594 0.0703953728 -0.235091522 -0.258607417 0.113513872 -0.0056266794 0.260607988 0.0375352986 -0.184566051 0.148371577 -0.0585128143 0.3009848 -0.00364566315 -0.022332456 -0.29203105 -0.157684788 -0.0690761358 0.154679433 -0.253947765 -0.0444873981 0.342400223 -0.106297597 0.0260985363 -0.0989840627 0.218133718 0.0458658449 -0.0819719806 -0.10516075 0.164759129 0.176808789 0.123238459 -0.201130375 0.131623223 0.235780254 -0.100141935 0.0438985191 0.227649301 -0.0113557028 0.0876558647 0.0977716744 0.0171121266
output_pin_G1340 0.0643796474 0.0255644284 -0.20798479 0.0072982572 -0.195493609 0.217129737 -0.0239462126 -0.020307919 0.136627167 0.0949138179 0.00113356579 0.0167856421 -0.409947157 -0.182121351 -0.107833438 -0.130430922 0.118299812 -0.0816491917 0.000809465768 -0.217547387 0.230362773 0.0250785276 -0.0343761444 -0.0631762445 0.0703953803 -0.235091537 -0.258607417 0.113513879 -0.005626678 0.260607988 0.0375352874 -0.184566051 0.148371562 -0.0585128143 0.3009848 -0.00364565593 -0.022332456 -0.29203105 -0.157684773 -0.0690761432 0.154679418 -0.253947765 -0.0444873832 0.342400193 -0.106297605 0.0260985214 -0.0989840701 0.218133718 0.0458658449 -0.0819719881 -0.105160743 0.164759129 0.176808789 0.123238459 -0.20113039 0.131623223 0.235780254 -0.100141928 0.0438985266 0.227649301 -0.0113557 0.0876558647 0.0977716669 0.0171121303
output_pin_G1341 0.0643796474 0.0255644321 -0.207984775 0.0072982721 -0.195493609 0.217129737 -0.0239462126 -0.0203079227 0.136627167 0.0949138179 0.00113358116 0.0167856347 -0.409947187 -0.182121351 -0.10783343 -0.130430922 0.118299812 -0.0816491842 0.000809459481 -0.217547372 0.230362773 0.025078522 -0.0343761519 -0.0631762594 0.0703953654 -0.235091522 -0.258607417 0.113513872 -0.00562667148 0.260607988 0.0375352874 -0.184566051 0.148371577 -0.0585128106 0.3009848 -0.00364565407 -0.0223324411 -0.29203105 -0.157684773 -0.0690761432 0.154679433 -0.253947765 -0.0444873795 0.342400223 -0.106297605 0.026098527 -0.0989840627 0.218133703 0.0458658487 -0.0819719955 -0.105160743 0.164759114 0.176808789 0.123238452 -0.201130405 0.131623223 0.235780269 -0.100141935 0.0438985266 0.227649271 -0.0113557028 0.0876558572 0.0977716669 0.0171121247
output_pin_G1342 0.0643796548 0.0255644247 -0.20798479 0.00729826093 -0.195493624 0.217129737 -0.0239462182 -0.0203079171 0.136627167 0.0949138254 0.00113357359 0.0167856496 -0.409947187 -0.182121351 -0.107833438 -0.130430937 0.118299812 -0.0816491693 0.000809462043 -0.217547387 0.230362773 0.0250785258 -0.0343761519 -0.0631762519 0.0703953728 -0.235091537 -0.258607417 0.113513879 -0.00562666636 0.260607988 0.0375352874 -0.184566051 0.148371577 -0.0585128292 0.3009848 -0.0036456536 -0.0223324541 -0.29203105 -0.157684773 -0.0690761283 0.154679433 -0.253947765 -0.0444873832 0.342400223 -0.106297605 0.0260985326 -0.0989840627 0.218133733 0.0458658487 -0.0819719806 -0.10516075 0.164759114 0.176808789 0.123238459 -0.201130375 0.131623209 0.235780254 -0.10014195 0.0438985191 0.227649286 -0.011355686 0.0876558498 0.0977716744 0.017112121
output_pin_G1343 0.0643796474 0.0255644247 -0.20798479 0.00729825906 -0.195493624 0.217129737 -0.0239462201 -0.0203079283 0.136627167 0.0949138179 0.00113357231 0.0167856421 -0.409947187 -0.182121351 -0.107833438 -0.130430922 0.11829982 -0.0816491842 0.000809458317 -0.217547387 0.230362773 0.025078522 -0.0343761556 -0.0631762594 0.0703953803 -0.235091522 -0.258607417 0.113513872 -0.00562667521 0.260607988 0.0375352837 -0.184566051 0.148371562 -0.0585128255 0.3009848 -0.00364565919 -0.0223324578 -0.29203105 -0.157684773 -0.0690761432 0.154679433 -0.253947765 -0.0444873907 0.342400193 -0.106297597 0.0260985252 -0.0989840627 0.218133718 0.0458658375 -0.0819719881 -0.105160743 0.164759129 0.176808789 0.123238452 -0.20113036 0.131623223 0.235780254 -0.100141943 0.0438985266 0.227649286 -0.0113556981 0.0876558498 0.0977716744 0.0171121228
output_pin_G1344 0.0643796548 0.0255644359 -0.20798479 0.00729826186 -0.195493609 0.217129722 -0.0239462201 -0.020307919 0.136627167 0.0949138105 0.00113356474 0.0167856384 -0.409947187 -0.182121351 -0.10783343 -0.130430922 0.118299812 -0.0816491768 0.000809457619 -0.217547387 0.230362773 0.0250785202 -0.0343761593 -0.0631762594 0.0703953803 -0.235091522 -0.258607417 0.113513872 -0.00562667381 0.260607988 0.0375352874 -0.184566051 0.148371577 -0.0585128218 0.3009848 -0.00364565873 -0.0223324541 -0.29203105 -0.157684773 -0.0690761432 0.154679433 -0.253947765 -0.0444873832 0.342400223 -0.106297605 0.0260985196 -0.0989840627 0.218133703 0.0458658449 -0.0819719806 -0.10516075 0.164759114 0.176808789 0.123238459 -0.20113036 0.131623223 0.235780254 -0.100141957 0.0438985229 0.227649286 -0.0113556981 0.0876558498 0.0977716669 0.017112121
output_pin_G1345 0.0643796548 0.0255644284 -0.20798479 0.00729826465 -0.195493624 0.217129737 -0.0239462182 -0.0203079209 0.136627167 0.0949138254 0.00113356288 0.0167856514 -0.409947157 -0.182121351 -0.107833438 -0.130430922 0.118299805 -0.0816491842 0.000809465302 -0.217547402 0.230362773 0.0250785127 -0.0343761444 -0.0631762594 0.0703953728 -0.235091537 -0.258607417 0.113513872 -0.00562666962 0.260607988 0.0375352949 -0.184566051 0.148371577 -0.0585128218 0.3009848 -0.00364565919 -0.0223324485 -0.29203105 -0.157684773 -0.0690761358 0.154679447 -0.253947765 -0.0444873869 0.342400223 -0.106297605 0.0260985289 -0.0989840701 0.218133703 0.0458658487 -0.0819719732 -0.105160743 0.164759114 0.176808789 0.123238452 -0.20113036 0.131623223 0.235780269 -0.100141935 0.0438985229 0.227649286 -0.0113557028 0.0876558721 0.0977716669 0.0171121247
output_pin_G1346 0.0643796623 0.0255644284 -0.20798479 0.00729826605 -0.195493624 0.217129737 -0.0239462126 -0.0203079302 0.136627182 0.0949138254 0.00113357138 0.0167856421 -0.409947187 -0.182121351 -0.107833438 -0.130430922 0.118299812 -0.0816491693 0.000809461111 -0.217547372 0.230362773 0.0250785202 -0.0343761444 -0.0631762445 0.0703953728 -0.235091522 -0.258607417 0.113513887 -0.00562668312 0.260607988 0.0375352874 -0.184566051 0.148371562 -0.0585128181 0.3009848 -0.00364565593 -0.0223324634 -0.29203105 -0.157684773 -0.0690761358 0.154679447 -0.253947765 -0.0444873907 0.342400223 -0.106297605 0.0260985233 -0.0989840776 0.218133718 0.0458658375 -0.0819719955 -0.10516075 0.164759129 0.176808774 0.123238467 -0.201130345 0.131623209 0.235780254 -0.10014195 0.0438985229 0.227649286 -0.0113557056 0.0876558647 0.0977716595 0.0171121247
output_pin_G1347 0.0643796474 0.0255644266 -0.20798479 0.00729827583 -0.195493609 0.217129737 -0.0239462201 -0.0203079265 0.136627167 0.0949138254 0.0011335786 0.0167856421 -0.409947187 -0.182121351 -0.10783343 -0.130430922 0.118299812 -0.0816491842 0.000809455756 -0.217547387 0.230362788 0.0250785183 -0.0343761593 -0.0631762594 0.0703953803 -0.235091522 -0.258607417 0.113513879 -0.00562667893 0.260607988 0.0375352837 -0.184566051 0.148371547 -0.0585128143 0.3009848 -0.00364565942 -0.0223324597 -0.29203105 -0.157684773 -0.0690761358 0.154679433 -0.253947794 -0.0444873944 0.342400193 -0.106297605 0.0260985326 -0.0989840701 0.218133703 0.0458658412 -0.0819719806 -0.10516075 0.164759114 0.176808789 0.123238452 -0.201130345 0.131623209 0.235780254 -0.100141943 0.0438985266 0.227649286 -0.0113557093 0.0876558721 0.0977716669 0.017112134
output_pin_G1348 0.0643796623 0.0255644228 -0.20798479 0.00729825813 -0.195493624 0.217129737 -0.0239462219 -0.0203079171 0.136627167 0.0949138105 0.00113357324 0.0167856496 -0.409947187 -0.182121351 -0.10783343 -0.130430922 0.118299812 -0.0816491842 0.000809455058 -0.217547387 0.230362773 0.0250785239 -0.0343761668 -0.0631762594 0.0703953728 -0.235091537 -0.258607417 0.113513872 -0.00562667195 0.260607988 0.0375352874 -0.184566051 0.148371562 -0.0585128143 0.3009848 -0.00364565267 -0.0223324541 -0.29203105 -0.157684773 -0.0690761358 0.154679433 -0.253947765 -0.0444873907 0.342400193 -0.106297605 0.0260985345 -0.0989840627 0.218133703 0.0458658524 -0.0819719955 -0.10516075 0.164759129 0.176808789 0.123238467 -0.20113036 0.131623223 0.235780269 -0.100141957 0.0438985266 0.227649286 -0.0113557018 0.0876558647 0.0977716669 0.0171121284
output_pin_G1349 0.0643796548 0.0255644303 -0.20798479 0.00729825348 -0.195493624 0.217129737 -0.0239462201 -0.0203079153 0.136627167 0.0949138105 0.00113357813 0.0167856477 -0.409947157 -0.182121351 -0.107833438 -0.130430922 0.118299812 -0.0816491842 0.000809472753 -0.217547387 0.230362773 0.0250785146 -0.0343761593 -0.0631762519 0.0703953728 -0.235091522 -0.258607417 0.113513872 -0.00562667567 0.260607988 0.0375352874 -0.184566051 0.148371577 -0.0585128218 0.3009848 -0.00364566408 -0.0223324522 -0.29203105 -0.157684773 -0.0690761358 0.154679433 -0.253947765 -0.0444873944 0.342400223 -0.106297597 0.0260985196 -0.0989840627 0.218133703 0.0458658375 -0.0819719881 -0.105160743 0.164759114 0.176808789 0.123238452 -0.20113036 0.131623223 0.235780254 -0.100141943 0.0438985191 0.227649301 -0.0113557056 0.0876558647 0.0977716669 0.0171121247
output_pin_G1350 0.0643796548 0.0255644247 -0.20798479 0.00729826698 -0.195493609 0.217129737 -0.0239462182 -0.0203079227 0.136627167 0.0949138105 0.00113357976 0.0167856514 -0.409947187 -0.182121351 -0.107833438 -0.130430922 0.118299812 -0.0816491842 0.000809461344 -0.217547387 0.230362758 0.0250785127 -0.0343761519 -0.0631762594 0.0703953728 -0.235091537 -0.258607417 0.113513865 -0.00562667614 0.260607988 0.0375352949 -0.184566066 0.148371577 -0.0585128143 0.3009848 -0.00364565826 -0.0223324485 -0.29203105 -0.157684773 -0.0690761358 0.154679433 -0.253947765 -0.0444873907 0.342400223 -0.106297612 0.0260985233 -0.0989840627 0.218133718 0.0458658524 -0.0819719955 -0.105160736 0.164759144 0.176808774 0.123238459 -0.201130345 0.131623209 0.235780269 -0.100141935 0.0438985378 0.227649286 -0.0113556916 0.0876558572 0.0977716669 0.0171121247
output_pin_G1351 0.0643796548 0.0255644266 -0.20798479 0.00729826186 -0.195493624 0.217129722 -0.0239462163 -0.0203079153 0.136627153 0.0949138254 0.00113357091 0.0167856421 -0.409947157 -0.182121351 -0.107833445 -0.130430937 0.118299812 -0.0816491842 0.000809459481 -0.217547372 0.230362773 0.025078522 -0.0343761519 -0.0631762594 0.0703953728 -0.235091537 -0.258607417 0.113513872 -0.00562667986 0.260607988 0.0375352874 -0.184566051 0.148371577 -0.0585128255 0.3009848 -0.00364565453 -0.0223324448 -0.29203105 -0.157684773 -0.0690761283 0.154679433 -0.253947765 -0.0444873795 0.342400223 -0.106297597 0.0260985326 -0.0989840701 0.218133718 0.0458658524 -0.0819719955 -0.105160743 0.164759129 0.176808789 0.123238452 -0.201130375 0.131623209 0.235780254 -0.100141943 0.0438985229 0.227649286 -0.0113556925 0.0876558572 0.0977716744 0.0171121322
output_pin_G1352 0.0643796474 0.0255644321 -0.20798479 0.00729827443 -0.195493624 0.217129737 -0.0239462201 -0.0203079358 0.136627167 0.0949138179 0.00113357883 0.0167856403 -0.409947187 -0.182121351 -0.107833445 -0.130430922 0.118299827 -0.0816491842 0.000809453195 -0.217547372 0.230362773 0.0250785258 -0.0343761481 -0.0631762668 0.0703953803 -0.235091522 -0.258607417 0.113513865 -0.00562667754 0.260607988 0.0375352763 -0.184566051 0.148371562 -0.0585128106 0.3009848 -0.00364565337 -0.0223324522 -0.29203105 -0.157684773 -0.0690761358 0.154679433 -0.253947765 -0.0444873869 0.342400193 -0.106297605 0.0260985345 -0.0989840701 0.218133718 0.0458658412 -0.0819719881 -0.105160743 0.164759129 0.176808789 0.123238459 -0.20113036 0.131623223 0.235780269 -0.100141928 0.0438985191 0.227649286 -0.0113556916 0.0876558647 0.0977716818 0.0171121284
output_pin_G1353 0.0643796548 0.0255644321 -0.20798479 0.00729826186 -0.195493624 0.217129737 -0.0239462182 -0.0203079265 0.136627167 0.0949138179 0.00113357883 0.0167856496 -0.409947187 -0.182121351 -0.107833438 -0.130430922 0.118299805 -0.0816491842 0.000809462043 -0.217547387 0.230362758 0.0250785239 -0.0343761519 -0.0631762594 0.0703953803 -0.235091537 -0.258607417 0.113513879 -0.00562668312 0.260607988 0.0375352874 -0.184566066 0.148371577 -0.0585128218 0.3009848 -0.00364565966 -0.0223324522 -0.29203105 -0.157684773 -0.0690761358 0.154679433 -0.253947765 -0.0444873795 0.342400193 -0.106297605 0.0260985289 -0.0989840776 0.218133718 0.0458658524 -0.0819719955 -0.10516075 0.164759129 0.176808789 0.123238459 -0.201130375 0.131623223 0.235780254 -0.100141943 0.0438985303 0.227649286 -0.0113556953 0.0876558647 0.0977716669 0.017112121
output_pin_G1354 0.0643796697 0.0255644321 -0.20798479 0.00729827071 -0.195493624 0.217129737 -0.0239462107 -0.0203079302 0.136627138 0.0949138328 0.00113357604 0.016785657 -0.409947187 -0.182121351 -0.107833445 -0.130430937 0.118299827 -0.0816491842 0.000809453661 -0.217547372 0.230362773 0.0250785165 -0.034376137 -0.0631762519 0.0703953728 -0.235091537 -0.258607417 0.113513872 -0.00562667847 0.260607988 0.0375352874 -0.184566051 0.148371562 -0.0585128255 0.3009848 -0.00364565686 -0.0223324522 -0.29203105 -0.157684773 -0.0690761358 0.154679418 -0.253947765 -0.0444873907 0.342400193 -0.106297605 0.0260985363 -0.0989840627 0.218133703 0.0458658412 -0.0819719881 -0.105160743 0.164759129 0.176808789 0.123238459 -0.201130345 0.131623209 0.235780254 -0.100141957 0.0438985229 0.227649286 -0.0113557065 0.0876558498 0.0977716744 0.0171121359
output_pin_G1355 0.0643796623 0.025564421 -0.20798479 0.00729826605 -0.195493624 0.217129752 -0.0239462182 -0.0203079246 0.136627153 0.0949138328 0.00113357417 0.0167856514 -0.409947157 -0.182121351 -0.107833453 -0.130430922 0.118299827 -0.0816491917 0.000809445279 -0.217547372 0.230362758 0.0250785183 -0.0343761481 -0.0631762445 0.0703953803 -0.235091537 -0.258607417 0.113513872 -0.00562666915 0.260607988 0.0375352912 -0.184566051 0.148371577 -0.0585128181 0.3009848 -0.00364565733 -0.0223324504 -0.29203105 -0.157684773 -0.0690761432 0.154679418 -0.253947765 -0.0444873907 0.342400193 -0.106297597 0.0260985214 -0.0989840627 0.218133703 0.0458658449 -0.0819719806 -0.10516075 0.164759129 0.176808789 0.123238452 -0.201130345 0.131623194 0.235780269 -0.100141957 0.0438985229 0.227649286 -0.0113557037 0.0876558572 0.0977716669 0.0171121359
