SMARTATPG_EMBEDDINGS_V2
backend smartatpg
feature_schema SMARTATPG_FEATURES_V1
snapshot 3938d6e4b7faa76fb525fc7475b41bd22ef9c0663cf259091805d660cc0ddd36
circuit_hash 52dc7ba7cbd7320c
dimension 80
count 703
G1 0 0 1.30609846 0 0.485556901 1.818326 0 0.00772577617 0 0 0 0 0.0263468474 0.0773930848 0 0.247613534 0 0.583836794 0 0 0 0 0 0 0.635509312 0.31424427 0 0 0.23238498 0 0 0 0 0 0 0 0 0 0.816730976 0 0.927629232 0 0.215650052 0 0 0 0 0 0 0 0 0 0 0.227973118 0 0.17750679 0 0 0 0 0 0 0.446644068 0.344630808 1 0 0 0 0 0 0 0 0 0 0.758654416 0.126091674 0.126376092 0.611244202 1 1
G10 0 0 1.30609846 0 0.485556901 1.818326 0 0.00772577617 0 0 0 0 0.0263468474 0.0773930848 0 0.247613534 0 0.583836794 0 0 0 0 0 0 0.635509312 0.31424427 0 0 0.23238498 0 0 0 0 0 0 0 0 0 0.816730976 0 0.927629232 0 0.215650052 0 0 0 0 0 0 0 0 0 0 0.227973118 0 0.17750679 0 0 0 0 0 0 0.446644068 0.344630808 1 0 0 0 0 0 0 0 0 0 0.758654416 0.126091674 0.126376092 0.611244202 1 1
G11 0 0 1.30609846 0 0.485556901 1.818326 0 0.00772577617 0 0 0 0 0.0263468474 0.0773930848 0 0.247613534 0 0.583836794 0 0 0 0 0 0 0.635509312 0.31424427 0 0 0.23238498 0 0 0 0 0 0 0 0 0 0.816730976 0 0.927629232 0 0.215650052 0 0 0 0 0 0 0 0 0 0 0.227973118 0 0.17750679 0 0 0 0 0 0 0.446644068 0.344630808 1 0 0 0 0 0 0 0 0 0 0.758654416 0.126091674 0.126376092 0.611244202 1 1
G12 0 0 1.30609846 0 0.485556901 1.818326 0 0.00772577617 0 0 0 0 0.0263468474 0.0773930848 0 0.247613534 0 0.583836794 0 0 0 0 0 0 0.635509312 0.31424427 0 0 0.23238498 0 0 0 0 0 0 0 0 0 0.816730976 0 0.927629232 0 0.215650052 0 0 0 0 0 0 0 0 0 0 0.227973118 0 0.17750679 0 0 0 0 0 0 0.446644068 0.344630808 1 0 0 0 0 0 0 0 0 0 0.758654416 0.126091674 0.126376092 0.611244202 1 1
G13 0 0 1.30609846 0 0.485556901 1.818326 0 0.00772577617 0 0 0 0 0.0263468474 0.0773930848 0 0.247613534 0 0.583836794 0 0 0 0 0 0 0.635509312 0.31424427 0 0 0.23238498 0 0 0 0 0 0 0 0 0 0.816730976 0 0.927629232 0 0.215650052 0 0 0 0 0 0 0 0 0 0 0.227973118 0 0.17750679 0 0 0 0 0 0 0.446644068 0.344630808 1 0 0 0 0 0 0 0 0 0 0.758654416 0.126091674 0.126376092 0.611244202 1 1
G14 0 0 1.30609846 0 0.485556901 1.818326 0 0.00772577617 0 0 0 0 0.0263468474 0.0773930848 0 0.247613534 0 0.583836794 0 0 0 0 0 0 0.635509312 0.31424427 0 0 0.23238498 0 0 0 0 0 0 0 0 0 0.816730976 0 0.927629232 0 0.215650052 0 0 0 0 0 0 0 0 0 0 0.227973118 0 0.17750679 0 0 0 0 0 0 0.446644068 0.344630808 1 0 0 0 0 0 0 0 0 0 0.758654416 0.126091674 0.126376092 0.611244202 1 1
G15 0 0 1.30609846 0 0.485556901 1.818326 0 0.00772577617 0 0 0 0 0.0263468474 0.0773930848 0 0.247613534 0 0.583836794 0 0 0 0 0 0 0.635509312 0.31424427 0 0 0.23238498 0 0 0 0 0 0 0 0 0 0.816730976 0 0.927629232 0 0.215650052 0 0 0 0 0 0 0 0 0 0 0.227973118 0 0.17750679 0 0 0 0 0 0 0.446644068 0.344630808 1 0 0 0 0 0 0 0 0 0 0.758654416 0.126091674 0.126376092 0.611244202 1 1
G16 0 0 1.30609846 0 0.485556901 1.818326 0 0.00772577617 0 0 0 0 0.0263468474 0.0773930848 0 0.247613534 0 0.583836794 0 0 0 0 0 0 0.635509312 0.31424427 0 0 0.23238498 0 0 0 0 0 0 0 0 0 0.816730976 0 0.927629232 0 0.215650052 0 0 0 0 0 0 0 0 0 0 0.227973118 0 0.17750679 0 0 0 0 0 0 0.446644068 0.344630808 1 0 0 0 0 0 0 0 0 0 0.758654416 0.126091674 0.126376092 0.611244202 1 1
G17 0 0 1.30609846 0 0.485556901 1.818326 0 0.00772577617 0 0 0 0 0.0263468474 0.0773930848 0 0.247613534 0 0.583836794 0 0 0 0 0 0 0.635509312 0.31424427 0 0 0.23238498 0 0 0 0 0 0 0 0 0 0.816730976 0 0.927629232 0 0.215650052 0 0 0 0 0 0 0 0 0 0 0.227973118 0 0.17750679 0 0 0 0 0 0 0.446644068 0.344630808 1 0 0 0 0 0 0 0 0 0 0.758654416 0.126091674 0.126376092 0.611244202 1 1
G18 0 0 1.30609846 0 0.485556901 1.818326 0 0.00772577617 0 0 0 0 0.0263468474 0.0773930848 0 0.247613534 0 0.583836794 0 0 0 0 0 0 0.635509312 0.31424427 0 0 0.23238498 0 0 0 0 0 0 0 0 0 0.816730976 0 0.927629232 0 0.215650052 0 0 0 0 0 0 0 0 0 0 0.227973118 0 0.17750679 0 0 0 0 0 0 0.446644068 0.344630808 1 0 0 0 0 0 0 0 0 0 0.758654416 0.126091674 0.126376092 0.611244202 1 1
G19 0 0 1.30609846 0 0.485556901 1.818326 0 0.00772577617 0 0 0 0 0.0263468474 0.0773930848 0 0.247613534 0 0.583836794 0 0 0 0 0 0 0.635509312 0.31424427 0 0 0.23238498 0 0 0 0 0 0 0 0 0 0.816730976 0 0.927629232 0 0.215650052 0 0 0 0 0 0 0 0 0 0 0.227973118 0 0.17750679 0 0 0 0 0 0 0.446644068 0.344630808 1 0 0 0 0 0 0 0 0 0 0.758654416 0.126091674 0.126376092 0.611244202 1 1
G2 0 0 1.30609846 0 0.485556901 1.818326 0 0.00772577617 0 0 0 0 0.0263468474 0.0773930848 0 0.247613534 0 0.583836794 0 0 0 0 0 0 0.635509312 0.31424427 0 0 0.23238498 0 0 0 0 0 0 0 0 0 0.816730976 0 0.927629232 0 0.215650052 0 0 0 0 0 0 0 0 0 0 0.227973118 0 0.17750679 0 0 0 0 0 0 0.446644068 0.344630808 1 0 0 0 0 0 0 0 0 0 0.758654416 0.126091674 0.126376092 0.611244202 1 1
G20 0 0 1.30609846 0 0.485556901 1.818326 0 0.00772577617 0 0 0 0 0.0263468474 0.0773930848 0 0.247613534 0 0.583836794 0 0 0 0 0 0 0.635509312 0.31424427 0 0 0.23238498 0 0 0 0 0 0 0 0 0 0.816730976 0 0.927629232 0 0.215650052 0 0 0 0 0 0 0 0 0 0 0.227973118 0 0.17750679 0 0 0 0 0 0 0.446644068 0.344630808 1 0 0 0 0 0 0 0 0 0 0.758654416 0.126091674 0.126376092 0.611244202 1 1
G21 0 0 1.30609846 0 0.485556901 1.818326 0 0.00772577617 0 0 0 0 0.0263468474 0.0773930848 0 0.247613534 0 0.583836794 0 0 0 0 0 0 0.635509312 0.31424427 0 0 0.23238498 0 0 0 0 0 0 0 0 0 0.816730976 0 0.927629232 0 0.215650052 0 0 0 0 0 0 0 0 0 0 0.227973118 0 0.17750679 0 0 0 0 0 0 0.446644068 0.344630808 1 0 0 0 0 0 0 0 0 0 0.758654416 0.126091674 0.126376092 0.611244202 1 1
G22 0 0 1.30609846 0 0.485556901 1.818326 0 0.00772577617 0 0 0 0 0.0263468474 0.0773930848 0 0.247613534 0 0.583836794 0 0 0 0 0 0 0.635509312 0.31424427 0 0 0.23238498 0 0 0 0 0 0 0 0 0 0.816730976 0 0.927629232 0 0.215650052 0 0 0 0 0 0 0 0 0 0 0.227973118 0 0.17750679 0 0 0 0 0 0 0.446644068 0.344630808 1 0 0 0 0 0 0 0 0 0 0.758654416 0.126091674 0.126376092 0.611244202 1 1
G23 0 0 1.30609846 0 0.485556901 1.818326 0 0.00772577617 0 0 0 0 0.0263468474 0.0773930848 0 0.247613534 0 0.583836794 0 0 0 0 0 0 0.635509312 0.31424427 0 0 0.23238498 0 0 0 0 0 0 0 0 0 0.816730976 0 0.927629232 0 0.215650052 0 0 0 0 0 0 0 0 0 0 0.227973118 0 0.17750679 0 0 0 0 0 0 0.446644068 0.344630808 1 0 0 0 0 0 0 0 0 0 0.758654416 0.126091674 0.126376092 0.611244202 1 1
G24 0 0 1.30609846 0 0.485556901 1.818326 0 0.00772577617 0 0 0 0 0.0263468474 0.0773930848 0 0.247613534 0 0.583836794 0 0 0 0 0 0 0.635509312 0.31424427 0 0 0.23238498 0 0 0 0 0 0 0 0 0 0.816730976 0 0.927629232 0 0.215650052 0 0 0 0 0 0 0 0 0 0 0.227973118 0 0.17750679 0 0 0 0 0 0 0.446644068 0.344630808 1 0 0 0 0 0 0 0 0 0 0.758654416 0.126091674 0.126376092 0.611244202 1 1
G25 0 0 1.30609846 0 0.485556901 1.818326 0 0.00772577617 0 0 0 0 0.0263468474 0.0773930848 0 0.247613534 0 0.583836794 0 0 0 0 0 0 0.635509312 0.31424427 0 0 0.23238498 0 0 0 0 0 0 0 0 0 0.816730976 0 0.927629232 0 0.215650052 0 0 0 0 0 0 0 0 0 0 0.227973118 0 0.17750679 0 0 0 0 0 0 0.446644068 0.344630808 1 0 0 0 0 0 0 0 0 0 0.758654416 0.126091674 0.126376092 0.611244202 1 1
G26 0 0 1.30609846 0 0.485556901 1.818326 0 0.00772577617 0 0 0 0 0.0263468474 0.0773930848 0 0.247613534 0 0.583836794 0 0 0 0 0 0 0.635509312 0.31424427 0 0 0.23238498 0 0 0 0 0 0 0 0 0 0.816730976 0 0.927629232 0 0.215650052 0 0 0 0 0 0 0 0 0 0 0.227973118 0 0.17750679 0 0 0 0 0 0 0.446644068 0.344630808 1 0 0 0 0 0 0 0 0 0 0.758654416 0.126091674 0.126376092 0.611244202 1 1
G27 0 0 1.30609846 0 0.485556901 1.818326 0 0.00772577617 0 0 0 0 0.0263468474 0.0773930848 0 0.247613534 0 0.583836794 0 0 0 0 0 0 0.635509312 0.31424427 0 0 0.23238498 0 0 0 0 0 0 0 0 0 0.816730976 0 0.927629232 0 0.215650052 0 0 0 0 0 0 0 0 0 0 0.227973118 0 0.17750679 0 0 0 0 0 0 0.446644068 0.344630808 1 0 0 0 0 0 0 0 0 0 0.758654416 0.126091674 0.126376092 0.611244202 1 1
G28 0 0 1.30609846 0 0.485556901 1.818326 0 0.00772577617 0 0 0 0 0.0263468474 0.0773930848 0 0.247613534 0 0.583836794 0 0 0 0 0 0 0.635509312 0.31424427 0 0 0.23238498 0 0 0 0 0 0 0 0 0 0.816730976 0 0.927629232 0 0.215650052 0 0 0 0 0 0 0 0 0 0 0.227973118 0 0.17750679 0 0 0 0 0 0 0.446644068 0.344630808 1 0 0 0 0 0 0 0 0 0 0.758654416 0.126091674 0.126376092 0.611244202 1 1
G29 0 0 1.30609846 0 0.485556901 1.818326 0 0.00772577617 0 0 0 0 0.0263468474 0.0773930848 0 0.247613534 0 0.583836794 0 0 0 0 0 0 0.635509312 0.31424427 0 0 0.23238498 0 0 0 0 0 0 0 0 0 0.816730976 0 0.927629232 0 0.215650052 0 0 0 0 0 0 0 0 0 0 0.227973118 0 0.17750679 0 0 0 0 0 0 0.446644068 0.344630808 1 0 0 0 0 0 0 0 0 0 0.758654416 0.126091674 0.126376092 0.611244202 1 1
G3 0 0 1.30609846 0 0.485556901 1.818326 0 0.00772577617 0 0 0 0 0.0263468474 0.0773930848 0 0.247613534 0 0.583836794 0 0 0 0 0 0 0.635509312 0.31424427 0 0 0.23238498 0 0 0 0 0 0 0 0 0 0.816730976 0 0.927629232 0 0.215650052 0 0 0 0 0 0 0 0 0 0 0.227973118 0 0.17750679 0 0 0 0 0 0 0.446644068 0.344630808 1 0 0 0 0 0 0 0 0 0 0.758654416 0.126091674 0.126376092 0.611244202 1 1
G30 0 0 1.30609846 0 0.485556901 1.818326 0 0.00772577617 0 0 0 0 0.0263468474 0.0773930848 0 0.247613534 0 0.583836794 0 0 0 0 0 0 0.635509312 0.31424427 0 0 0.23238498 0 0 0 0 0 0 0 0 0 0.816730976 0 0.927629232 0 0.215650052 0 0 0 0 0 0 0 0 0 0 0.227973118 0 0.17750679 0 0 0 0 0 0 0.446644068 0.344630808 1 0 0 0 0 0 0 0 0 0 0.758654416 0.126091674 0.126376092 0.611244202 1 1
G31 0 0 1.30609846 0 0.485556901 1.818326 0 0.00772577617 0 0 0 0 0.0263468474 0.0773930848 0 0.247613534 0 0.583836794 0 0 0 0 0 0 0.635509312 0.31424427 0 0 0.23238498 0 0 0 0 0 0 0 0 0 0.816730976 0 0.927629232 0 0.215650052 0 0 0 0 0 0 0 0 0 0 0.227973118 0 0.17750679 0 0 0 0 0 0 0.446644068 0.344630808 1 0 0 0 0 0 0 0 0 0 0.758654416 0.126091674 0.126376092 0.611244202 1 1
G32 0 0 1.30609846 0 0.485556901 1.818326 0 0.00772577617 0 0 0 0 0.0263468474 0.0773930848 0 0.247613534 0 0.583836794 0 0 0 0 0 0 0.635509312 0.31424427 0 0 0.23238498 0 0 0 0 0 0 0 0 0 0.816730976 0 0.927629232 0 0.215650052 0 0 0 0 0 0 0 0 0 0 0.227973118 0 0.17750679 0 0 0 0 0 0 0.446644068 0.344630808 1 0 0 0 0 0 0 0 0 0 0.758654416 0.126091674 0.126376092 0.611244202 1 1
G33 0 0 1.30609846 0 0.485556901 1.818326 0 0.00772577617 0 0 0 0 0.0263468474 0.0773930848 0 0.247613534 0 0.583836794 0 0 0 0 0 0 0.635509312 0.31424427 0 0 0.23238498 0 0 0 0 0 0 0 0 0 0.816730976 0 0.927629232 0 0.215650052 0 0 0 0 0 0 0 0 0 0 0.227973118 0 0.17750679 0 0 0 0 0 0 0.446644068 0.344630808 1 0 0 0 0 0 0 0 0 0 0.270238161 0.126091674 0.126376092 0.988143563 1 1
G34 0 0 1.30609846 0 0.485556901 1.818326 0 0.00772577617 0 0 0 0 0.0263468474 0.0773930848 0 0.247613534 0 0.583836794 0 0 0 0 0 0 0.635509312 0.31424427 0 0 0.23238498 0 0 0 0 0 0 0 0 0 0.816730976 0 0.927629232 0 0.215650052 0 0 0 0 0 0 0 0 0 0 0.227973118 0 0.17750679 0 0 0 0 0 0 0.446644068 0.344630808 1 0 0 0 0 0 0 0 0 0 0.270238161 0.126091674 0.126376092 0.988143563 1 1
G35 0 0 1.30609846 0 0.485556901 1.818326 0 0.00772577617 0 0 0 0 0.0263468474 0.0773930848 0 0.247613534 0 0.583836794 0 0 0 0 0 0 0.635509312 0.31424427 0 0 0.23238498 0 0 0 0 0 0 0 0 0 0.816730976 0 0.927629232 0 0.215650052 0 0 0 0 0 0 0 0 0 0 0.227973118 0 0.17750679 0 0 0 0 0 0 0.446644068 0.344630808 1 0 0 0 0 0 0 0 0 0 0.270238161 0.126091674 0.126376092 0.988143563 1 1
G36 0 0 1.30609846 0 0.485556901 1.818326 0 0.00772577617 0 0 0 0 0.0263468474 0.0773930848 0 0.247613534 0 0.583836794 0 0 0 0 0 0 0.635509312 0.31424427 0 0 0.23238498 0 0 0 0 0 0 0 0 0 0.816730976 0 0.927629232 0 0.215650052 0 0 0 0 0 0 0 0 0 0 0.227973118 0 0.17750679 0 0 0 0 0 0 0.446644068 0.344630808 1 0 0 0 0 0 0 0 0 0 0.270238161 0.126091674 0.126376092 0.988143563 1 1
G37 0 0 1.30609846 0 0.485556901 1.818326 0 0.00772577617 0 0 0 0 0.0263468474 0.0773930848 0 0.247613534 0 0.583836794 0 0 0 0 0 0 0.635509312 0.31424427 0 0 0.23238498 0 0 0 0 0 0 0 0 0 0.816730976 0 0.927629232 0 0.215650052 0 0 0 0 0 0 0 0 0 0 0.227973118 0 0.17750679 0 0 0 0 0 0 0.446644068 0.344630808 1 0 0 0 0 0 0 0 0 0 0.270238161 0.126091674 0.126376092 0.988143563 1 1
G38 0 0 1.30609846 0 0.485556901 1.818326 0 0.00772577617 0 0 0 0 0.0263468474 0.0773930848 0 0.247613534 0 0.583836794 0 0 0 0 0 0 0.635509312 0.31424427 0 0 0.23238498 0 0 0 0 0 0 0 0 0 0.816730976 0 0.927629232 0 0.215650052 0 0 0 0 0 0 0 0 0 0 0.227973118 0 0.17750679 0 0 0 0 0 0 0.446644068 0.344630808 1 0 0 0 0 0 0 0 0 0 0.270238161 0.126091674 0.126376092 0.988143563 1 1
G39 0 0 1.30609846 0 0.485556901 1.818326 0 0.00772577617 0 0 0 0 0.0263468474 0.0773930848 0 0.247613534 0 0.583836794 0 0 0 0 0 0 0.635509312 0.31424427 0 0 0.23238498 0 0 0 0 0 0 0 0 0 0.816730976 0 0.927629232 0 0.215650052 0 0 0 0 0 0 0 0 0 0 0.227973118 0 0.17750679 0 0 0 0 0 0 0.446644068 0.344630808 1 0 0 0 0 0 0 0 0 0 0.270238161 0.126091674 0.126376092 0.988143563 1 1
G4 0 0 1.30609846 0 0.485556901 1.818326 0 0.00772577617 0 0 0 0 0.0263468474 0.0773930848 0 0.247613534 0 0.583836794 0 0 0 0 0 0 0.635509312 0.31424427 0 0 0.23238498 0 0 0 0 0 0 0 0 0 0.816730976 0 0.927629232 0 0.215650052 0 0 0 0 0 0 0 0 0 0 0.227973118 0 0.17750679 0 0 0 0 0 0 0.446644068 0.344630808 1 0 0 0 0 0 0 0 0 0 0.758654416 0.126091674 0.126376092 0.611244202 1 1
G40 0 0 1.30609846 0 0.485556901 1.818326 0 0.00772577617 0 0 0 0 0.0263468474 0.0773930848 0 0.247613534 0 0.583836794 0 0 0 0 0 0 0.635509312 0.31424427 0 0 0.23238498 0 0 0 0 0 0 0 0 0 0.816730976 0 0.927629232 0 0.215650052 0 0 0 0 0 0 0 0 0 0 0.227973118 0 0.17750679 0 0 0 0 0 0 0.446644068 0.344630808 1 0 0 0 0 0 0 0 0 0 0.270238161 0.126091674 0.126376092 0.988143563 1 1
G41 0 0 1.30609846 0 0.485556901 1.818326 0 0.00772577617 0 0 0 0 0.0263468474 0.0773930848 0 0.247613534 0 0.583836794 0 0 0 0 0 0 0.635509312 0.31424427 0 0 0.23238498 0 0 0 0 0 0 0 0 0 0.816730976 0 0.927629232 0 0.215650052 0 0 0 0 0 0 0 0 0 0 0.227973118 0 0.17750679 0 0 0 0 0 0 0.446644068 0.344630808 1 0 0 0 0 0 0 0 0 0 0.856634676 0.126091674 0.126376092 0.988143563 1 1
G162 0 0 1.30609846 0 0.485556901 1.818326 0 0.00772577617 0 0 0 0 0.0263468474 0.0773930848 0 0.247613534 0 0.583836794 0 0 0 0 0 0 0.635509312 0.31424427 0 0 0.23238498 0 0 0 0 0 0 0 0 0 0.816730976 0 0.927629232 0 0.215650052 0 0 0 0 0 0 0 0 0 0 0.227973118 0 0.17750679 0 0 0 0 0 0 0.446644068 0.344630808 0 1 0 0 0 0 0 0 0 0.0370370373 0.428317338 0.199850589 0.252752185 0.986912429 1 1
G163 0 0 1.30609846 0 0.485556901 1.818326 0 0.00772577617 0 0 0 0 0.0263468474 0.0773930848 0 0.247613534 0 0.583836794 0 0 0 0 0 0 0.635509312 0.31424427 0 0 0.23238498 0 0 0 0 0 0 0 0 0 0.816730976 0 0.927629232 0 0.215650052 0 0 0 0 0 0 0 0 0 0 0.227973118 0 0.17750679 0 0 0 0 0 0 0.446644068 0.344630808 0 1 0 0 0 0 0 0 0 0.0370370373 0.428317338 0.199850589 0.252752185 0.986912429 1 1
G164 0 0 1.30609846 0 0.485556901 1.818326 0 0.00772577617 0 0 0 0 0.0263468474 0.0773930848 0 0.247613534 0 0.583836794 0 0 0 0 0 0 0.635509312 0.31424427 0 0 0.23238498 0 0 0 0 0 0 0 0 0 0.816730976 0 0.927629232 0 0.215650052 0 0 0 0 0 0 0 0 0 0 0.227973118 0 0.17750679 0 0 0 0 0 0 0.446644068 0.344630808 0 1 0 0 0 0 0 0 0 0.0370370373 0.428317338 0.199850589 0.252752185 0.986912429 1 1
G165 0 0 1.30609846 0 0.485556901 1.818326 0 0.00772577617 0 0 0 0 0.0263468474 0.0773930848 0 0.247613534 0 0.583836794 0 0 0 0 0 0 0.635509312 0.31424427 0 0 0.23238498 0 0 0 0 0 0 0 0 0 0.816730976 0 0.927629232 0 0.215650052 0 0 0 0 0 0 0 0 0 0 0.227973118 0 0.17750679 0 0 0 0 0 0 0.446644068 0.344630808 0 1 0 0 0 0 0 0 0 0.0370370373 0.428317338 0.199850589 0.252752185 0.986912429 1 1
G166 0 0 1.30609846 0 0.485556901 1.818326 0 0.00772577617 0 0 0 0 0.0263468474 0.0773930848 0 0.247613534 0 0.583836794 0 0 0 0 0 0 0.635509312 0.31424427 0 0 0.23238498 0 0 0 0 0 0 0 0 0 0.816730976 0 0.927629232 0 0.215650052 0 0 0 0 0 0 0 0 0 0 0.227973118 0 0.17750679 0 0 0 0 0 0 0.446644068 0.344630808 0 1 0 0 0 0 0 0 0 0.0370370373 0.428317338 0.199850589 0.252752185 0.986912429 1 1
G167 0 0 1.30609846 0 0.485556901 1.818326 0 0.00772577617 0 0 0 0 0.0263468474 0.0773930848 0 0.247613534 0 0.583836794 0 0 0 0 0 0 0.635509312 0.31424427 0 0 0.23238498 0 0 0 0 0 0 0 0 0 0.816730976 0 0.927629232 0 0.215650052 0 0 0 0 0 0 0 0 0 0 0.227973118 0 0.17750679 0 0 0 0 0 0 0.446644068 0.344630808 0 1 0 0 0 0 0 0 0 0.0370370373 0.428317338 0.199850589 0.252752185 0.986912429 1 1
G168 0 0 1.30609846 0 0.485556901 1.818326 0 0.00772577617 0 0 0 0 0.0263468474 0.0773930848 0 0.247613534 0 0.583836794 0 0 0 0 0 0 0.635509312 0.31424427 0 0 0.23238498 0 0 0 0 0 0 0 0 0 0.816730976 0 0.927629232 0 0.215650052 0 0 0 0 0 0 0 0 0 0 0.227973118 0 0.17750679 0 0 0 0 0 0 0.446644068 0.344630808 0 1 0 0 0 0 0 0 0 0.0370370373 0.428317338 0.199850589 0.252752185 0.986912429 1 1
G169 0 0 1.30609846 0 0.485556901 1.818326 0 0.00772577617 0 0 0 0 0.0263468474 0.0773930848 0 0.247613534 0 0.583836794 0 0 0 0 0 0 0.635509312 0.31424427 0 0 0.23238498 0 0 0 0 0 0 0 0 0 0.816730976 0 0.927629232 0 0.215650052 0 0 0 0 0 0 0 0 0 0 0.227973118 0 0.17750679 0 0 0 0 0 0 0.446644068 0.344630808 0 1 0 0 0 0 0 0 0 0.0370370373 0.428317338 0.199850589 0.252752185 0.986912429 1 1
G5 0 0 1.30609846 0 0.485556901 1.818326 0 0.00772577617 0 0 0 0 0.0263468474 0.0773930848 0 0.247613534 0 0.583836794 0 0 0 0 0 0 0.635509312 0.31424427 0 0 0.23238498 0 0 0 0 0 0 0 0 0 0.816730976 0 0.927629232 0 0.215650052 0 0 0 0 0 0 0 0 0 0 0.227973118 0 0.17750679 0 0 0 0 0 0 0.446644068 0.344630808 1 0 0 0 0 0 0 0 0 0 0.758654416 0.126091674 0.126376092 0.611244202 1 1
G6 0 0 1.30609846 0 0.485556901 1.818326 0 0.00772577617 0 0 0 0 0.0263468474 0.0773930848 0 0.247613534 0 0.583836794 0 0 0 0 0 0 0.635509312 0.31424427 0 0 0.23238498 0 0 0 0 0 0 0 0 0 0.816730976 0 0.927629232 0 0.215650052 0 0 0 0 0 0 0 0 0 0 0.227973118 0 0.17750679 0 0 0 0 0 0 0.446644068 0.344630808 1 0 0 0 0 0 0 0 0 0 0.758654416 0.126091674 0.126376092 0.611244202 1 1
G7 0 0 1.30609846 0 0.485556901 1.818326 0 0.00772577617 0 0 0 0 0.0263468474 0.0773930848 0 0.247613534 0 0.583836794 0 0 0 0 0 0 0.635509312 0.31424427 0 0 0.23238498 0 0 0 0 0 0 0 0 0 0.816730976 0 0.927629232 0 0.215650052 0 0 0 0 0 0 0 0 0 0 0.227973118 0 0.17750679 0 0 0 0 0 0 0.446644068 0.344630808 1 0 0 0 0 0 0 0 0 0 0.758654416 0.126091674 0.126376092 0.611244202 1 1
G8 0 0 1.30609846 0 0.485556901 1.818326 0 0.00772577617 0 0 0 0 0.0263468474 0.0773930848 0 0.247613534 0 0.583836794 0 0 0 0 0 0 0.635509312 0.31424427 0 0 0.23238498 0 0 0 0 0 0 0 0 0 0.816730976 0 0.927629232 0 0.215650052 0 0 0 0 0 0 0 0 0 0 0.227973118 0 0.17750679 0 0 0 0 0 0 0.446644068 0.344630808 1 0 0 0 0 0 0 0 0 0 0.758654416 0.126091674 0.126376092 0.611244202 1 1
G9 0 0 1.30609846 0 0.485556901 1.818326 0 0.00772577617 0 0 0 0 0.0263468474 0.0773930848 0 0.247613534 0 0.583836794 0 0 0 0 0 0 0.635509312 0.31424427 0 0 0.23238498 0 0 0 0 0 0 0 0 0 0.816730976 0 0.927629232 0 0.215650052 0 0 0 0 0 0 0 0 0 0 0.227973118 0 0.17750679 0 0 0 0 0 0 0.446644068 0.344630808 1 0 0 0 0 0 0 0 0 0 0.758654416 0.126091674 0.126376092 0.611244202 1 1
W146 0 0 1.30609846 0 0.485556901 1.818326 0 0.00772577617 0 0 0 0 0.0263468474 0.0773930848 0 0.247613534 0 0.583836794 0 0 0 0 0 0 0.635509312 0.31424427 0 0 0.23238498 0 0 0 0 0 0 0 0 0 0.816730976 0 0.927629232 0 0.215650052 0 0 0 0 0 0 0 0 0 0 0.227973118 0 0.17750679 0 0 0 0 0 0 0.446644068 0.344630808 0 0 0 0 0 1 0 0 0 0.0370370373 0.270238161 0.199850589 0.200301364 1 1 1
W147 0 0 1.30609846 0 0.485556901 1.818326 0 0.00772577617 0 0 0 0 0.0263468474 0.0773930848 0 0.247613534 0 0.583836794 0 0 0 0 0 0 0.635509312 0.31424427 0 0 0.23238498 0 0 0 0 0 0 0 0 0 0.816730976 0 0.927629232 0 0.215650052 0 0 0 0 0 0 0 0 0 0 0.227973118 0 0.17750679 0 0 0 0 0 0 0.446644068 0.344630808 0 0 0 0 0 1 0 0 0 0.0370370373 0.270238161 0.199850589 0.200301364 1 1 1
W148 0 0 1.30609846 0 0.485556901 1.818326 0 0.00772577617 0 0 0 0 0.0263468474 0.0773930848 0 0.247613534 0 0.583836794 0 0 0 0 0 0 0.635509312 0.31424427 0 0 0.23238498 0 0 0 0 0 0 0 0 0 0.816730976 0 0.927629232 0 0.215650052 0 0 0 0 0 0 0 0 0 0 0.227973118 0 0.17750679 0 0 0 0 0 0 0.446644068 0.344630808 0 0 0 0 0 1 0 0 0 0.0370370373 0.270238161 0.199850589 0.200301364 1 1 1
W149 0 0 1.30609846 0 0.485556901 1.818326 0 0.00772577617 0 0 0 0 0.0263468474 0.0773930848 0 0.247613534 0 0.583836794 0 0 0 0 0 0 0.635509312 0.31424427 0 0 0.23238498 0 0 0 0 0 0 0 0 0 0.816730976 0 0.927629232 0 0.215650052 0 0 0 0 0 0 0 0 0 0 0.227973118 0 0.17750679 0 0 0 0 0 0 0.446644068 0.344630808 0 0 0 0 0 1 0 0 0 0.0370370373 0.270238161 0.199850589 0.200301364 1 1 1
W150 0 0 1.30609846 0 0.485556901 1.818326 0 0.00772577617 0 0 0 0 0.0263468474 0.0773930848 0 0.247613534 0 0.583836794 0 0 0 0 0 0 0.635509312 0.31424427 0 0 0.23238498 0 0 0 0 0 0 0 0 0 0.816730976 0 0.927629232 0 0.215650052 0 0 0 0 0 0 0 0 0 0 0.227973118 0 0.17750679 0 0 0 0 0 0 0.446644068 0.344630808 0 0 0 0 0 1 0 0 0 0.0370370373 0.270238161 0.199850589 0.200301364 1 1 1
W151 0 0 1.30609846 0 0.485556901 1.818326 0 0.00772577617 0 0 0 0 0.0263468474 0.0773930848 0 0.247613534 0 0.583836794 0 0 0 0 0 0 0.635509312 0.31424427 0 0 0.23238498 0 0 0 0 0 0 0 0 0 0.816730976 0 0.927629232 0 0.215650052 0 0 0 0 0 0 0 0 0 0 0.227973118 0 0.17750679 0 0 0 0 0 0 0.446644068 0.344630808 0 0 0 0 0 1 0 0 0 0.0370370373 0.270238161 0.199850589 0.200301364 1 1 1
W152 0 0 1.30609846 0 0.485556901 1.818326 0 0.00772577617 0 0 0 0 0.0263468474 0.0773930848 0 0.247613534 0 0.583836794 0 0 0 0 0 0 0.635509312 0.31424427 0 0 0.23238498 0 0 0 0 0 0 0 0 0 0.816730976 0 0.927629232 0 0.215650052 0 0 0 0 0 0 0 0 0 0 0.227973118 0 0.17750679 0 0 0 0 0 0 0.446644068 0.344630808 0 0 0 0 0 1 0 0 0 0.0370370373 0.270238161 0.199850589 0.200301364 1 1 1
W153 0 0 1.30609846 0 0.485556901 1.818326 0 0.00772577617 0 0 0 0 0.0263468474 0.0773930848 0 0.247613534 0 0.583836794 0 0 0 0 0 0 0.635509312 0.31424427 0 0 0.23238498 0 0 0 0 0 0 0 0 0 0.816730976 0 0.927629232 0 0.215650052 0 0 0 0 0 0 0 0 0 0 0.227973118 0 0.17750679 0 0 0 0 0 0 0.446644068 0.344630808 0 0 0 0 0 1 0 0 0 0.0370370373 0.270238161 0.199850589 0.200301364 1 1 1
W154 0 0 1.30609846 0 0.485556901 1.818326 0 0.00772577617 0 0 0 0 0.0263468474 0.0773930848 0 0.247613534 0 0.583836794 0 0 0 0 0 0 0.635509312 0.31424427 0 0 0.23238498 0 0 0 0 0 0 0 0 0 0.816730976 0 0.927629232 0 0.215650052 0 0 0 0 0 0 0 0 0 0 0.227973118 0 0.17750679 0 0 0 0 0 0 0.446644068 0.344630808 0 0 0 0 0 1 0 0 0 0.0370370373 0.270238161 0.199850589 0.200301364 1 1 1
W155 0 0 1.30609846 0 0.485556901 1.818326 0 0.00772577617 0 0 0 0 0.0263468474 0.0773930848 0 0.247613534 0 0.583836794 0 0 0 0 0 0 0.635509312 0.31424427 0 0 0.23238498 0 0 0 0 0 0 0 0 0 0.816730976 0 0.927629232 0 0.215650052 0 0 0 0 0 0 0 0 0 0 0.227973118 0 0.17750679 0 0 0 0 0 0 0.446644068 0.344630808 0 0 0 0 0 1 0 0 0 0.0370370373 0.270238161 0.199850589 0.200301364 1 1 1
W156 0 0 1.30609846 0 0.485556901 1.818326 0 0.00772577617 0 0 0 0 0.0263468474 0.0773930848 0 0.247613534 0 0.583836794 0 0 0 0 0 0 0.635509312 0.31424427 0 0 0.23238498 0 0 0 0 0 0 0 0 0 0.816730976 0 0.927629232 0 0.215650052 0 0 0 0 0 0 0 0 0 0 0.227973118 0 0.17750679 0 0 0 0 0 0 0.446644068 0.344630808 0 0 0 0 0 1 0 0 0 0.0370370373 0.270238161 0.199850589 0.200301364 1 1 1
W157 0 0 1.30609846 0 0.485556901 1.818326 0 0.00772577617 0 0 0 0 0.0263468474 0.0773930848 0 0.247613534 0 0.583836794 0 0 0 0 0 0 0.635509312 0.31424427 0 0 0.23238498 0 0 0 0 0 0 0 0 0 0.816730976 0 0.927629232 0 0.215650052 0 0 0 0 0 0 0 0 0 0 0.227973118 0 0.17750679 0 0 0 0 0 0 0.446644068 0.344630808 0 0 0 0 0 1 0 0 0 0.0370370373 0.270238161 0.199850589 0.200301364 1 1 1
W158 0 0 1.30609846 0 0.485556901 1.818326 0 0.00772577617 0 0 0 0 0.0263468474 0.0773930848 0 0.247613534 0 0.583836794 0 0 0 0 0 0 0.635509312 0.31424427 0 0 0.23238498 0 0 0 0 0 0 0 0 0 0.816730976 0 0.927629232 0 0.215650052 0 0 0 0 0 0 0 0 0 0 0.227973118 0 0.17750679 0 0 0 0 0 0 0.446644068 0.344630808 0 0 0 0 0 1 0 0 0 0.0370370373 0.270238161 0.199850589 0.200301364 1 1 1
W159 0 0 1.30609846 0 0.485556901 1.818326 0 0.00772577617 0 0 0 0 0.0263468474 0.0773930848 0 0.247613534 0 0.583836794 0 0 0 0 0 0 0.635509312 0.31424427 0 0 0.23238498 0 0 0 0 0 0 0 0 0 0.816730976 0 0.927629232 0 0.215650052 0 0 0 0 0 0 0 0 0 0 0.227973118 0 0.17750679 0 0 0 0 0 0 0.446644068 0.344630808 0 0 0 0 0 1 0 0 0 0.0370370373 0.270238161 0.199850589 0.200301364 1 1 1
W160 0 0 1.30609846 0 0.485556901 1.818326 0 0.00772577617 0 0 0 0 0.0263468474 0.0773930848 0 0.247613534 0 0.583836794 0 0 0 0 0 0 0.635509312 0.31424427 0 0 0.23238498 0 0 0 0 0 0 0 0 0 0.816730976 0 0.927629232 0 0.215650052 0 0 0 0 0 0 0 0 0 0 0.227973118 0 0.17750679 0 0 0 0 0 0 0.446644068 0.344630808 0 0 0 0 0 1 0 0 0 0.0370370373 0.270238161 0.199850589 0.200301364 1 1 1
W161 0 0 1.30609846 0 0.485556901 1.818326 0 0.00772577617 0 0 0 0 0.0263468474 0.0773930848 0 0.247613534 0 0.583836794 0 0 0 0 0 0 0.635509312 0.31424427 0 0 0.23238498 0 0 0 0 0 0 0 0 0 0.816730976 0 0.927629232 0 0.215650052 0 0 0 0 0 0 0 0 0 0 0.227973118 0 0.17750679 0 0 0 0 0 0 0.446644068 0.344630808 0 0 0 0 0 1 0 0 0 0.0370370373 0.270238161 0.199850589 0.200301364 1 1 1
W170 0 0 1.30609846 0 0.485556901 1.818326 0 0.00772577617 0 0 0 0 0.0263468474 0.0773930848 0 0.247613534 0 0.583836794 0 0 0 0 0 0 0.635509312 0.31424427 0 0 0.23238498 0 0 0 0 0 0 0 0 0 0.816730976 0 0.927629232 0 0.215650052 0 0 0 0 0 0 0 0 0 0 0.227973118 0 0.17750679 0 0 0 0 0 0 0.446644068 0.344630808 0 0 0 0 0 1 0 0 0 0.0370370373 0.270238161 0.199850589 0.200301364 0.974099696 1 1
W171 0 0 1.30609846 0 0.485556901 1.818326 0 0.00772577617 0 0 0 0 0.0263468474 0.0773930848 0 0.247613534 0 0.583836794 0 0 0 0 0 0 0.635509312 0.31424427 0 0 0.23238498 0 0 0 0 0 0 0 0 0 0.816730976 0 0.927629232 0 0.215650052 0 0 0 0 0 0 0 0 0 0 0.227973118 0 0.17750679 0 0 0 0 0 0 0.446644068 0.344630808 0 0 0 0 0 1 0 0 0 0.0370370373 0.270238161 0.199850589 0.200301364 0.974099696 1 1
W172 0 0 1.30609846 0 0.485556901 1.818326 0 0.00772577617 0 0 0 0 0.0263468474 0.0773930848 0 0.247613534 0 0.583836794 0 0 0 0 0 0 0.635509312 0.31424427 0 0 0.23238498 0 0 0 0 0 0 0 0 0 0.816730976 0 0.927629232 0 0.215650052 0 0 0 0 0 0 0 0 0 0 0.227973118 0 0.17750679 0 0 0 0 0 0 0.446644068 0.344630808 0 0 0 0 0 1 0 0 0 0.0370370373 0.270238161 0.199850589 0.200301364 0.974099696 1 1
W173 0 0 1.30609846 0 0.485556901 1.818326 0 0.00772577617 0 0 0 0 0.0263468474 0.0773930848 0 0.247613534 0 0.583836794 0 0 0 0 0 0 0.635509312 0.31424427 0 0 0.23238498 0 0 0 0 0 0 0 0 0 0.816730976 0 0.927629232 0 0.215650052 0 0 0 0 0 0 0 0 0 0 0.227973118 0 0.17750679 0 0 0 0 0 0 0.446644068 0.344630808 0 0 0 0 0 1 0 0 0 0.0370370373 0.270238161 0.199850589 0.200301364 0.974099696 1 1
W174 0 0 1.30609846 0 0.485556901 1.818326 0 0.00772577617 0 0 0 0 0.0263468474 0.0773930848 0 0.247613534 0 0.583836794 0 0 0 0 0 0 0.635509312 0.31424427 0 0 0.23238498 0 0 0 0 0 0 0 0 0 0.816730976 0 0.927629232 0 0.215650052 0 0 0 0 0 0 0 0 0 0 0.227973118 0 0.17750679 0 0 0 0 0 0 0.446644068 0.344630808 0 0 0 0 0 1 0 0 0 0.0370370373 0.270238161 0.199850589 0.200301364 0.974099696 1 1
W175 0 0 1.30609846 0 0.485556901 1.818326 0 0.00772577617 0 0 0 0 0.0263468474 0.0773930848 0 0.247613534 0 0.583836794 0 0 0 0 0 0 0.635509312 0.31424427 0 0 0.23238498 0 0 0 0 0 0 0 0 0 0.816730976 0 0.927629232 0 0.215650052 0 0 0 0 0 0 0 0 0 0 0.227973118 0 0.17750679 0 0 0 0 0 0 0.446644068 0.344630808 0 0 0 0 0 1 0 0 0 0.0370370373 0.270238161 0.199850589 0.200301364 0.974099696 1 1
W176 0 0 1.30609846 0 0.485556901 1.818326 0 0.00772577617 0 0 0 0 0.0263468474 0.0773930848 0 0.247613534 0 0.583836794 0 0 0 0 0 0 0.635509312 0.31424427 0 0 0.23238498 0 0 0 0 0 0 0 0 0 0.816730976 0 0.927629232 0 0.215650052 0 0 0 0 0 0 0 0 0 0 0.227973118 0 0.17750679 0 0 0 0 0 0 0.446644068 0.344630808 0 0 0 0 0 1 0 0 0 0.0370370373 0.270238161 0.199850589 0.200301364 0.974099696 1 1
W177 0 0 1.30609846 0 0.485556901 1.818326 0 0.00772577617 0 0 0 0 0.0263468474 0.0773930848 0 0.247613534 0 0.583836794 0 0 0 0 0 0 0.635509312 0.31424427 0 0 0.23238498 0 0 0 0 0 0 0 0 0 0.816730976 0 0.927629232 0 0.215650052 0 0 0 0 0 0 0 0 0 0 0.227973118 0 0.17750679 0 0 0 0 0 0 0.446644068 0.344630808 0 0 0 0 0 1 0 0 0 0.0370370373 0.270238161 0.199850589 0.200301364 0.974099696 1 1
W178 0 0 1.30609846 0 0.485556901 1.818326 0 0.00772577617 0 0 0 0 0.0263468474 0.0773930848 0 0.247613534 0 0.583836794 0 0 0 0 0 0 0.635509312 0.31424427 0 0 0.23238498 0 0 0 0 0 0 0 0 0 0.816730976 0 0.927629232 0 0.215650052 0 0 0 0 0 0 0 0 0 0 0.227973118 0 0.17750679 0 0 0 0 0 0 0.446644068 0.344630808 0 0 0 0 0 1 0 0 0 0.0370370373 0.270238161 0.199850589 0.200301364 0.974099696 1 1
W179 0 0 1.30609846 0 0.485556901 1.818326 0 0.00772577617 0 0 0 0 0.0263468474 0.0773930848 0 0.247613534 0 0.583836794 0 0 0 0 0 0 0.635509312 0.31424427 0 0 0.23238498 0 0 0 0 0 0 0 0 0 0.816730976 0 0.927629232 0 0.215650052 0 0 0 0 0 0 0 0 0 0 0.227973118 0 0.17750679 0 0 0 0 0 0 0.446644068 0.344630808 0 0 0 0 0 1 0 0 0 0.0370370373 0.270238161 0.199850589 0.200301364 0.974099696 1 1
W180 0 0 1.30609846 0 0.485556901 1.818326 0 0.00772577617 0 0 0 0 0.0263468474 0.0773930848 0 0.247613534 0 0.583836794 0 0 0 0 0 0 0.635509312 0.31424427 0 0 0.23238498 0 0 0 0 0 0 0 0 0 0.816730976 0 0.927629232 0 0.215650052 0 0 0 0 0 0 0 0 0 0 0.227973118 0 0.17750679 0 0 0 0 0 0 0.446644068 0.344630808 0 0 0 0 0 1 0 0 0 0.0370370373 0.270238161 0.199850589 0.200301364 0.974099696 1 1
W181 0 0 1.30609846 0 0.485556901 1.818326 0 0.00772577617 0 0 0 0 0.0263468474 0.0773930848 0 0.247613534 0 0.583836794 0 0 0 0 0 0 0.635509312 0.31424427 0 0 0.23238498 0 0 0 0 0 0 0 0 0 0.816730976 0 0.927629232 0 0.215650052 0 0 0 0 0 0 0 0 0 0 0.227973118 0 0.17750679 0 0 0 0 0 0 0.446644068 0.344630808 0 0 0 0 0 1 0 0 0 0.0370370373 0.270238161 0.199850589 0.200301364 0.974099696 1 1
W182 0 0 1.30609846 0 0.485556901 1.818326 0 0.00772577617 0 0 0 0 0.0263468474 0.0773930848 0 0.247613534 0 0.583836794 0 0 0 0 0 0 0.635509312 0.31424427 0 0 0.23238498 0 0 0 0 0 0 0 0 0 0.816730976 0 0.927629232 0 0.215650052 0 0 0 0 0 0 0 0 0 0 0.227973118 0 0.17750679 0 0 0 0 0 0 0.446644068 0.344630808 0 0 0 0 0 1 0 0 0 0.0370370373 0.270238161 0.199850589 0.200301364 0.974099696 1 1
W183 0 0 1.30609846 0 0.485556901 1.818326 0 0.00772577617 0 0 0 0 0.0263468474 0.0773930848 0 0.247613534 0 0.583836794 0 0 0 0 0 0 0.635509312 0.31424427 0 0 0.23238498 0 0 0 0 0 0 0 0 0 0.816730976 0 0.927629232 0 0.215650052 0 0 0 0 0 0 0 0 0 0 0.227973118 0 0.17750679 0 0 0 0 0 0 0.446644068 0.344630808 0 0 0 0 0 1 0 0 0 0.0370370373 0.270238161 0.199850589 0.200301364 0.974099696 1 1
W184 0 0 1.30609846 0 0.485556901 1.818326 0 0.00772577617 0 0 0 0 0.0263468474 0.0773930848 0 0.247613534 0 0.583836794 0 0 0 0 0 0 0.635509312 0.31424427 0 0 0.23238498 0 0 0 0 0 0 0 0 0 0.816730976 0 0.927629232 0 0.215650052 0 0 0 0 0 0 0 0 0 0 0.227973118 0 0.17750679 0 0 0 0 0 0 0.446644068 0.344630808 0 0 0 0 0 1 0 0 0 0.0370370373 0.270238161 0.199850589 0.200301364 0.974099696 1 1
W185 0 0 1.30609846 0 0.485556901 1.818326 0 0.00772577617 0 0 0 0 0.0263468474 0.0773930848 0 0.247613534 0 0.583836794 0 0 0 0 0 0 0.635509312 0.31424427 0 0 0.23238498 0 0 0 0 0 0 0 0 0 0.816730976 0 0.927629232 0 0.215650052 0 0 0 0 0 0 0 0 0 0 0.227973118 0 0.17750679 0 0 0 0 0 0 0.446644068 0.344630808 0 0 0 0 0 1 0 0 0 0.0370370373 0.270238161 0.199850589 0.200301364 0.974099696 1 1
W226 0 0 1.30609846 0 0.485556901 1.818326 0 0.00772577617 0 0 0 0 0.0263468474 0.0773930848 0 0.247613534 0 0.583836794 0 0 0 0 0 0 0.635509312 0.31424427 0 0 0.23238498 0 0 0 0 0 0 0 0 0 0.816730976 0 0.927629232 0 0.215650052 0 0 0 0 0 0 0 0 0 0 0.227973118 0 0.17750679 0 0 0 0 0 0 0.446644068 0.344630808 0 0 0 0 0 1 0 0 0 0.0740740746 0.270238161 0.29277581 0.252752185 0.986293614 1 1
W227 0 0 1.30609846 0 0.485556901 1.818326 0 0.00772577617 0 0 0 0 0.0263468474 0.0773930848 0 0.247613534 0 0.583836794 0 0 0 0 0 0 0.635509312 0.31424427 0 0 0.23238498 0 0 0 0 0 0 0 0 0 0.816730976 0 0.927629232 0 0.215650052 0 0 0 0 0 0 0 0 0 0 0.227973118 0 0.17750679 0 0 0 0 0 0 0.446644068 0.344630808 0 0 0 0 0 1 0 0 0 0.0740740746 0.270238161 0.29277581 0.252752185 0.986293614 1 1
W228 0 0 1.30609846 0 0.485556901 1.818326 0 0.00772577617 0 0 0 0 0.0263468474 0.0773930848 0 0.247613534 0 0.583836794 0 0 0 0 0 0 0.635509312 0.31424427 0 0 0.23238498 0 0 0 0 0 0 0 0 0 0.816730976 0 0.927629232 0 0.215650052 0 0 0 0 0 0 0 0 0 0 0.227973118 0 0.17750679 0 0 0 0 0 0 0.446644068 0.344630808 0 0 0 0 0 1 0 0 0 0.0740740746 0.270238161 0.29277581 0.252752185 0.986293614 1 1
W229 0 0 1.30609846 0 0.485556901 1.818326 0 0.00772577617 0 0 0 0 0.0263468474 0.0773930848 0 0.247613534 0 0.583836794 0 0 0 0 0 0 0.635509312 0.31424427 0 0 0.23238498 0 0 0 0 0 0 0 0 0 0.816730976 0 0.927629232 0 0.215650052 0 0 0 0 0 0 0 0 0 0 0.227973118 0 0.17750679 0 0 0 0 0 0 0.446644068 0.344630808 0 0 0 0 0 1 0 0 0 0.0740740746 0.270238161 0.29277581 0.252752185 0.986293614 1 1
W230 0 0 1.30609846 0 0.485556901 1.818326 0 0.00772577617 0 0 0 0 0.0263468474 0.0773930848 0 0.247613534 0 0.583836794 0 0 0 0 0 0 0.635509312 0.31424427 0 0 0.23238498 0 0 0 0 0 0 0 0 0 0.816730976 0 0.927629232 0 0.215650052 0 0 0 0 0 0 0 0 0 0 0.227973118 0 0.17750679 0 0 0 0 0 0 0.446644068 0.344630808 0 0 0 0 0 1 0 0 0 0.0740740746 0.270238161 0.29277581 0.252752185 0.986293614 1 1
W231 0 0 1.30609846 0 0.485556901 1.818326 0 0.00772577617 0 0 0 0 0.0263468474 0.0773930848 0 0.247613534 0 0.583836794 0 0 0 0 0 0 0.635509312 0.31424427 0 0 0.23238498 0 0 0 0 0 0 0 0 0 0.816730976 0 0.927629232 0 0.215650052 0 0 0 0 0 0 0 0 0 0 0.227973118 0 0.17750679 0 0 0 0 0 0 0.446644068 0.344630808 0 0 0 0 0 1 0 0 0 0.0740740746 0.270238161 0.29277581 0.252752185 0.986293614 1 1
W232 0 0 1.30609846 0 0.485556901 1.818326 0 0.00772577617 0 0 0 0 0.0263468474 0.0773930848 0 0.247613534 0 0.583836794 0 0 0 0 0 0 0.635509312 0.31424427 0 0 0.23238498 0 0 0 0 0 0 0 0 0 0.816730976 0 0.927629232 0 0.215650052 0 0 0 0 0 0 0 0 0 0 0.227973118 0 0.17750679 0 0 0 0 0 0 0.446644068 0.344630808 0 0 0 0 0 1 0 0 0 0.0740740746 0.270238161 0.29277581 0.252752185 0.986293614 1 1
W233 0 0 1.30609846 0 0.485556901 1.818326 0 0.00772577617 0 0 0 0 0.0263468474 0.0773930848 0 0.247613534 0 0.583836794 0 0 0 0 0 0 0.635509312 0.31424427 0 0 0.23238498 0 0 0 0 0 0 0 0 0 0.816730976 0 0.927629232 0 0.215650052 0 0 0 0 0 0 0 0 0 0 0.227973118 0 0.17750679 0 0 0 0 0 0 0.446644068 0.344630808 0 0 0 0 0 1 0 0 0 0.0740740746 0.270238161 0.29277581 0.252752185 0.986293614 1 1
W468 0 0 1.30609846 0 0.485556901 1.818326 0 0.00772577617 0 0 0 0 0.0263468474 0.0773930848 0 0.247613534 0 0.583836794 0 0 0 0 0 0 0.635509312 0.31424427 0 0 0.23238498 0 0 0 0 0 0 0 0 0 0.816730976 0 0.927629232 0 0.215650052 0 0 0 0 0 0 0 0 0 0 0.227973118 0 0.17750679 0 0 0 0 0 0 0.446644068 0.344630808 0 0 0 0 0 1 0 0 0 0.0370370373 0.270238161 0.199850589 0.200301364 0.961705983 1 1
W469 0 0 1.30609846 0 0.485556901 1.818326 0 0.00772577617 0 0 0 0 0.0263468474 0.0773930848 0 0.247613534 0 0.583836794 0 0 0 0 0 0 0.635509312 0.31424427 0 0 0.23238498 0 0 0 0 0 0 0 0 0 0.816730976 0 0.927629232 0 0.215650052 0 0 0 0 0 0 0 0 0 0 0.227973118 0 0.17750679 0 0 0 0 0 0 0.446644068 0.344630808 0 0 0 0 0 1 0 0 0 0.0370370373 0.270238161 0.199850589 0.200301364 0.961705983 1 1
W470 0 0 1.30609846 0 0.485556901 1.818326 0 0.00772577617 0 0 0 0 0.0263468474 0.0773930848 0 0.247613534 0 0.583836794 0 0 0 0 0 0 0.635509312 0.31424427 0 0 0.23238498 0 0 0 0 0 0 0 0 0 0.816730976 0 0.927629232 0 0.215650052 0 0 0 0 0 0 0 0 0 0 0.227973118 0 0.17750679 0 0 0 0 0 0 0.446644068 0.344630808 0 0 0 0 0 1 0 0 0 0.0370370373 0.270238161 0.199850589 0.200301364 0.961705983 1 1
W471 0 0 1.30609846 0 0.485556901 1.818326 0 0.00772577617 0 0 0 0 0.0263468474 0.0773930848 0 0.247613534 0 0.583836794 0 0 0 0 0 0 0.635509312 0.31424427 0 0 0.23238498 0 0 0 0 0 0 0 0 0 0.816730976 0 0.927629232 0 0.215650052 0 0 0 0 0 0 0 0 0 0 0.227973118 0 0.17750679 0 0 0 0 0 0 0.446644068 0.344630808 0 0 0 0 0 1 0 0 0 0.0370370373 0.270238161 0.199850589 0.200301364 0.961705983 1 1
W472 0 0 1.30609846 0 0.485556901 1.818326 0 0.00772577617 0 0 0 0 0.0263468474 0.0773930848 0 0.247613534 0 0.583836794 0 0 0 0 0 0 0.635509312 0.31424427 0 0 0.23238498 0 0 0 0 0 0 0 0 0 0.816730976 0 0.927629232 0 0.215650052 0 0 0 0 0 0 0 0 0 0 0.227973118 0 0.17750679 0 0 0 0 0 0 0.446644068 0.344630808 0 0 0 0 0 1 0 0 0 0.0370370373 0.270238161 0.199850589 0.200301364 0.961705983 1 1
W473 0 0 1.30609846 0 0.485556901 1.818326 0 0.00772577617 0 0 0 0 0.0263468474 0.0773930848 0 0.247613534 0 0.583836794 0 0 0 0 0 0 0.635509312 0.31424427 0 0 0.23238498 0 0 0 0 0 0 0 0 0 0.816730976 0 0.927629232 0 0.215650052 0 0 0 0 0 0 0 0 0 0 0.227973118 0 0.17750679 0 0 0 0 0 0 0.446644068 0.344630808 0 0 0 0 0 1 0 0 0 0.0370370373 0.270238161 0.199850589 0.200301364 0.961705983 1 1
W474 0 0 1.30609846 0 0.485556901 1.818326 0 0.00772577617 0 0 0 0 0.0263468474 0.0773930848 0 0.247613534 0 0.583836794 0 0 0 0 0 0 0.635509312 0.31424427 0 0 0.23238498 0 0 0 0 0 0 0 0 0 0.816730976 0 0.927629232 0 0.215650052 0 0 0 0 0 0 0 0 0 0 0.227973118 0 0.17750679 0 0 0 0 0 0 0.446644068 0.344630808 0 0 0 0 0 1 0 0 0 0.0370370373 0.270238161 0.199850589 0.200301364 0.961705983 1 1
W475 0 0 1.30609846 0 0.485556901 1.818326 0 0.00772577617 0 0 0 0 0.0263468474 0.0773930848 0 0.247613534 0 0.583836794 0 0 0 0 0 0 0.635509312 0.31424427 0 0 0.23238498 0 0 0 0 0 0 0 0 0 0.816730976 0 0.927629232 0 0.215650052 0 0 0 0 0 0 0 0 0 0 0.227973118 0 0.17750679 0 0 0 0 0 0 0.446644068 0.344630808 0 0 0 0 0 1 0 0 0 0.0370370373 0.270238161 0.199850589 0.200301364 0.961705983 1 1
W476 0 0 1.30609846 0 0.485556901 1.818326 0 0.00772577617 0 0 0 0 0.0263468474 0.0773930848 0 0.247613534 0 0.583836794 0 0 0 0 0 0 0.635509312 0.31424427 0 0 0.23238498 0 0 0 0 0 0 0 0 0 0.816730976 0 0.927629232 0 0.215650052 0 0 0 0 0 0 0 0 0 0 0.227973118 0 0.17750679 0 0 0 0 0 0 0.446644068 0.344630808 0 0 0 0 0 1 0 0 0 0.0370370373 0.270238161 0.199850589 0.200301364 0.961705983 1 1
W477 0 0 1.30609846 0 0.485556901 1.818326 0 0.00772577617 0 0 0 0 0.0263468474 0.0773930848 0 0.247613534 0 0.583836794 0 0 0 0 0 0 0.635509312 0.31424427 0 0 0.23238498 0 0 0 0 0 0 0 0 0 0.816730976 0 0.927629232 0 0.215650052 0 0 0 0 0 0 0 0 0 0 0.227973118 0 0.17750679 0 0 0 0 0 0 0.446644068 0.344630808 0 0 0 0 0 1 0 0 0 0.0370370373 0.270238161 0.199850589 0.200301364 0.961705983 1 1
W478 0 0 1.30609846 0 0.485556901 1.818326 0 0.00772577617 0 0 0 0 0.0263468474 0.0773930848 0 0.247613534 0 0.583836794 0 0 0 0 0 0 0.635509312 0.31424427 0 0 0.23238498 0 0 0 0 0 0 0 0 0 0.816730976 0 0.927629232 0 0.215650052 0 0 0 0 0 0 0 0 0 0 0.227973118 0 0.17750679 0 0 0 0 0 0 0.446644068 0.344630808 0 0 0 0 0 1 0 0 0 0.0370370373 0.270238161 0.199850589 0.200301364 0.961705983 1 1
W479 0 0 1.30609846 0 0.485556901 1.818326 0 0.00772577617 0 0 0 0 0.0263468474 0.0773930848 0 0.247613534 0 0.583836794 0 0 0 0 0 0 0.635509312 0.31424427 0 0 0.23238498 0 0 0 0 0 0 0 0 0 0.816730976 0 0.927629232 0 0.215650052 0 0 0 0 0 0 0 0 0 0 0.227973118 0 0.17750679 0 0 0 0 0 0 0.446644068 0.344630808 0 0 0 0 0 1 0 0 0 0.0370370373 0.270238161 0.199850589 0.200301364 0.961705983 1 1
W480 0 0 1.30609846 0 0.485556901 1.818326 0 0.00772577617 0 0 0 0 0.0263468474 0.0773930848 0 0.247613534 0 0.583836794 0 0 0 0 0 0 0.635509312 0.31424427 0 0 0.23238498 0 0 0 0 0 0 0 0 0 0.816730976 0 0.927629232 0 0.215650052 0 0 0 0 0 0 0 0 0 0 0.227973118 0 0.17750679 0 0 0 0 0 0 0.446644068 0.344630808 0 0 0 0 0 1 0 0 0 0.0370370373 0.270238161 0.199850589 0.200301364 0.961705983 1 1
W481 0 0 1.30609846 0 0.485556901 1.818326 0 0.00772577617 0 0 0 0 0.0263468474 0.0773930848 0 0.247613534 0 0.583836794 0 0 0 0 0 0 0.635509312 0.31424427 0 0 0.23238498 0 0 0 0 0 0 0 0 0 0.816730976 0 0.927629232 0 0.215650052 0 0 0 0 0 0 0 0 0 0 0.227973118 0 0.17750679 0 0 0 0 0 0 0.446644068 0.344630808 0 0 0 0 0 1 0 0 0 0.0370370373 0.270238161 0.199850589 0.200301364 0.961705983 1 1
W482 0 0 1.30609846 0 0.485556901 1.818326 0 0.00772577617 0 0 0 0 0.0263468474 0.0773930848 0 0.247613534 0 0.583836794 0 0 0 0 0 0 0.635509312 0.31424427 0 0 0.23238498 0 0 0 0 0 0 0 0 0 0.816730976 0 0.927629232 0 0.215650052 0 0 0 0 0 0 0 0 0 0 0.227973118 0 0.17750679 0 0 0 0 0 0 0.446644068 0.344630808 0 0 0 0 0 1 0 0 0 0.0370370373 0.270238161 0.199850589 0.200301364 0.961705983 1 1
W483 0 0 1.30609846 0 0.485556901 1.818326 0 0.00772577617 0 0 0 0 0.0263468474 0.0773930848 0 0.247613534 0 0.583836794 0 0 0 0 0 0 0.635509312 0.31424427 0 0 0.23238498 0 0 0 0 0 0 0 0 0 0.816730976 0 0.927629232 0 0.215650052 0 0 0 0 0 0 0 0 0 0 0.227973118 0 0.17750679 0 0 0 0 0 0 0.446644068 0.344630808 0 0 0 0 0 1 0 0 0 0.0370370373 0.270238161 0.199850589 0.200301364 0.961705983 1 1
W484 0 0 1.30609846 0 0.485556901 1.818326 0 0.00772577617 0 0 0 0 0.0263468474 0.0773930848 0 0.247613534 0 0.583836794 0 0 0 0 0 0 0.635509312 0.31424427 0 0 0.23238498 0 0 0 0 0 0 0 0 0 0.816730976 0 0.927629232 0 0.215650052 0 0 0 0 0 0 0 0 0 0 0.227973118 0 0.17750679 0 0 0 0 0 0 0.446644068 0.344630808 0 0 0 0 0 1 0 0 0 0.0370370373 0.270238161 0.199850589 0.200301364 0.961705983 1 1
W485 0 0 1.30609846 0 0.485556901 1.818326 0 0.00772577617 0 0 0 0 0.0263468474 0.0773930848 0 0.247613534 0 0.583836794 0 0 0 0 0 0 0.635509312 0.31424427 0 0 0.23238498 0 0 0 0 0 0 0 0 0 0.816730976 0 0.927629232 0 0.215650052 0 0 0 0 0 0 0 0 0 0 0.227973118 0 0.17750679 0 0 0 0 0 0 0.446644068 0.344630808 0 0 0 0 0 1 0 0 0 0.0370370373 0.270238161 0.199850589 0.200301364 0.961705983 1 1
W486 0 0 1.30609846 0 0.485556901 1.818326 0 0.00772577617 0 0 0 0 0.0263468474 0.0773930848 0 0.247613534 0 0.583836794 0 0 0 0 0 0 0.635509312 0.31424427 0 0 0.23238498 0 0 0 0 0 0 0 0 0 0.816730976 0 0.927629232 0 0.215650052 0 0 0 0 0 0 0 0 0 0 0.227973118 0 0.17750679 0 0 0 0 0 0 0.446644068 0.344630808 0 0 0 0 0 1 0 0 0 0.0370370373 0.270238161 0.199850589 0.200301364 0.961705983 1 1
W487 0 0 1.30609846 0 0.485556901 1.818326 0 0.00772577617 0 0 0 0 0.0263468474 0.0773930848 0 0.247613534 0 0.583836794 0 0 0 0 0 0 0.635509312 0.31424427 0 0 0.23238498 0 0 0 0 0 0 0 0 0 0.816730976 0 0.927629232 0 0.215650052 0 0 0 0 0 0 0 0 0 0 0.227973118 0 0.17750679 0 0 0 0 0 0 0.446644068 0.344630808 0 0 0 0 0 1 0 0 0 0.0370370373 0.270238161 0.199850589 0.200301364 0.961705983 1 1
W488 0 0 1.30609846 0 0.485556901 1.818326 0 0.00772577617 0 0 0 0 0.0263468474 0.0773930848 0 0.247613534 0 0.583836794 0 0 0 0 0 0 0.635509312 0.31424427 0 0 0.23238498 0 0 0 0 0 0 0 0 0 0.816730976 0 0.927629232 0 0.215650052 0 0 0 0 0 0 0 0 0 0 0.227973118 0 0.17750679 0 0 0 0 0 0 0.446644068 0.344630808 0 0 0 0 0 1 0 0 0 0.0370370373 0.270238161 0.199850589 0.200301364 0.961705983 1 1
W489 0 0 1.30609846 0 0.485556901 1.818326 0 0.00772577617 0 0 0 0 0.0263468474 0.0773930848 0 0.247613534 0 0.583836794 0 0 0 0 0 0 0.635509312 0.31424427 0 0 0.23238498 0 0 0 0 0 0 0 0 0 0.816730976 0 0.927629232 0 0.215650052 0 0 0 0 0 0 0 0 0 0 0.227973118 0 0.17750679 0 0 0 0 0 0 0.446644068 0.344630808 0 0 0 0 0 1 0 0 0 0.0370370373 0.270238161 0.199850589 0.200301364 0.961705983 1 1
W490 0 0 1.30609846 0 0.485556901 1.818326 0 0.00772577617 0 0 0 0 0.0263468474 0.0773930848 0 0.247613534 0 0.583836794 0 0 0 0 0 0 0.635509312 0.31424427 0 0 0.23238498 0 0 0 0 0 0 0 0 0 0.816730976 0 0.927629232 0 0.215650052 0 0 0 0 0 0 0 0 0 0 0.227973118 0 0.17750679 0 0 0 0 0 0 0.446644068 0.344630808 0 0 0 0 0 1 0 0 0 0.0370370373 0.270238161 0.199850589 0.200301364 0.961705983 1 1
W491 0 0 1.30609846 0 0.485556901 1.818326 0 0.00772577617 0 0 0 0 0.0263468474 0.0773930848 0 0.247613534 0 0.583836794 0 0 0 0 0 0 0.635509312 0.31424427 0 0 0.23238498 0 0 0 0 0 0 0 0 0 0.816730976 0 0.927629232 0 0.215650052 0 0 0 0 0 0 0 0 0 0 0.227973118 0 0.17750679 0 0 0 0 0 0 0.446644068 0.344630808 0 0 0 0 0 1 0 0 0 0.0370370373 0.270238161 0.199850589 0.200301364 0.961705983 1 1
W492 0 0 1.30609846 0 0.485556901 1.818326 0 0.00772577617 0 0 0 0 0.0263468474 0.0773930848 0 0.247613534 0 0.583836794 0 0 0 0 0 0 0.635509312 0.31424427 0 0 0.23238498 0 0 0 0 0 0 0 0 0 0.816730976 0 0.927629232 0 0.215650052 0 0 0 0 0 0 0 0 0 0 0.227973118 0 0.17750679 0 0 0 0 0 0 0.446644068 0.344630808 0 0 0 0 0 1 0 0 0 0.0370370373 0.270238161 0.199850589 0.200301364 0.961705983 1 1
W493 0 0 1.30609846 0 0.485556901 1.818326 0 0.00772577617 0 0 0 0 0.0263468474 0.0773930848 0 0.247613534 0 0.583836794 0 0 0 0 0 0 0.635509312 0.31424427 0 0 0.23238498 0 0 0 0 0 0 0 0 0 0.816730976 0 0.927629232 0 0.215650052 0 0 0 0 0 0 0 0 0 0 0.227973118 0 0.17750679 0 0 0 0 0 0 0.446644068 0.344630808 0 0 0 0 0 1 0 0 0 0.0370370373 0.270238161 0.199850589 0.200301364 0.961705983 1 1
W494 0 0 1.30609846 0 0.485556901 1.818326 0 0.00772577617 0 0 0 0 0.0263468474 0.0773930848 0 0.247613534 0 0.583836794 0 0 0 0 0 0 0.635509312 0.31424427 0 0 0.23238498 0 0 0 0 0 0 0 0 0 0.816730976 0 0.927629232 0 0.215650052 0 0 0 0 0 0 0 0 0 0 0.227973118 0 0.17750679 0 0 0 0 0 0 0.446644068 0.344630808 0 0 0 0 0 1 0 0 0 0.0370370373 0.270238161 0.199850589 0.200301364 0.961705983 1 1
W495 0 0 1.30609846 0 0.485556901 1.818326 0 0.00772577617 0 0 0 0 0.0263468474 0.0773930848 0 0.247613534 0 0.583836794 0 0 0 0 0 0 0.635509312 0.31424427 0 0 0.23238498 0 0 0 0 0 0 0 0 0 0.816730976 0 0.927629232 0 0.215650052 0 0 0 0 0 0 0 0 0 0 0.227973118 0 0.17750679 0 0 0 0 0 0 0.446644068 0.344630808 0 0 0 0 0 1 0 0 0 0.0370370373 0.270238161 0.199850589 0.200301364 0.961705983 1 1
W496 0 0 1.30609846 0 0.485556901 1.818326 0 0.00772577617 0 0 0 0 0.0263468474 0.0773930848 0 0.247613534 0 0.583836794 0 0 0 0 0 0 0.635509312 0.31424427 0 0 0.23238498 0 0 0 0 0 0 0 0 0 0.816730976 0 0.927629232 0 0.215650052 0 0 0 0 0 0 0 0 0 0 0.227973118 0 0.17750679 0 0 0 0 0 0 0.446644068 0.344630808 0 0 0 0 0 1 0 0 0 0.0370370373 0.270238161 0.199850589 0.200301364 0.961705983 1 1
W497 0 0 1.30609846 0 0.485556901 1.818326 0 0.00772577617 0 0 0 0 0.0263468474 0.0773930848 0 0.247613534 0 0.583836794 0 0 0 0 0 0 0.635509312 0.31424427 0 0 0.23238498 0 0 0 0 0 0 0 0 0 0.816730976 0 0.927629232 0 0.215650052 0 0 0 0 0 0 0 0 0 0 0.227973118 0 0.17750679 0 0 0 0 0 0 0.446644068 0.344630808 0 0 0 0 0 1 0 0 0 0.0370370373 0.270238161 0.199850589 0.200301364 0.961705983 1 1
W498 0 0 1.30609846 0 0.485556901 1.818326 0 0.00772577617 0 0 0 0 0.0263468474 0.0773930848 0 0.247613534 0 0.583836794 0 0 0 0 0 0 0.635509312 0.31424427 0 0 0.23238498 0 0 0 0 0 0 0 0 0 0.816730976 0 0.927629232 0 0.215650052 0 0 0 0 0 0 0 0 0 0 0.227973118 0 0.17750679 0 0 0 0 0 0 0.446644068 0.344630808 0 0 0 0 0 1 0 0 0 0.0370370373 0.270238161 0.199850589 0.200301364 0.961705983 1 1
W499 0 0 1.30609846 0 0.485556901 1.818326 0 0.00772577617 0 0 0 0 0.0263468474 0.0773930848 0 0.247613534 0 0.583836794 0 0 0 0 0 0 0.635509312 0.31424427 0 0 0.23238498 0 0 0 0 0 0 0 0 0 0.816730976 0 0.927629232 0 0.215650052 0 0 0 0 0 0 0 0 0 0 0.227973118 0 0.17750679 0 0 0 0 0 0 0.446644068 0.344630808 0 0 0 0 0 1 0 0 0 0.0370370373 0.270238161 0.199850589 0.200301364 0.961705983 1 1
Y146 0 0 1.30609846 0 0.485556901 1.818326 0 0.00772577617 0 0 0 0 0.0263468474 0.0773930848 0 0.247613534 0 0.583836794 0 0 0 0 0 0 0.635509312 0.31424427 0 0 0.23238498 0 0 0 0 0 0 0 0 0 0.816730976 0 0.927629232 0 0.215650052 0 0 0 0 0 0 0 0 0 0 0.227973118 0 0.17750679 0 0 0 0 0 0 0.446644068 0.344630808 0 0 1 0 0 0 0 0 0 0.0740740746 0.270238161 0.29277581 0.200301364 0.998849869 1 1
Y147 0 0 1.30609846 0 0.485556901 1.818326 0 0.00772577617 0 0 0 0 0.0263468474 0.0773930848 0 0.247613534 0 0.583836794 0 0 0 0 0 0 0.635509312 0.31424427 0 0 0.23238498 0 0 0 0 0 0 0 0 0 0.816730976 0 0.927629232 0 0.215650052 0 0 0 0 0 0 0 0 0 0 0.227973118 0 0.17750679 0 0 0 0 0 0 0.446644068 0.344630808 0 0 1 0 0 0 0 0 0 0.0740740746 0.270238161 0.29277581 0.200301364 0.998849869 1 1
Y148 0 0 1.30609846 0 0.485556901 1.818326 0 0.00772577617 0 0 0 0 0.0263468474 0.0773930848 0 0.247613534 0 0.583836794 0 0 0 0 0 0 0.635509312 0.31424427 0 0 0.23238498 0 0 0 0 0 0 0 0 0 0.816730976 0 0.927629232 0 0.215650052 0 0 0 0 0 0 0 0 0 0 0.227973118 0 0.17750679 0 0 0 0 0 0 0.446644068 0.344630808 0 0 1 0 0 0 0 0 0 0.0740740746 0.270238161 0.29277581 0.200301364 0.998849869 1 1
Y149 0 0 1.30609846 0 0.485556901 1.818326 0 0.00772577617 0 0 0 0 0.0263468474 0.0773930848 0 0.247613534 0 0.583836794 0 0 0 0 0 0 0.635509312 0.31424427 0 0 0.23238498 0 0 0 0 0 0 0 0 0 0.816730976 0 0.927629232 0 0.215650052 0 0 0 0 0 0 0 0 0 0 0.227973118 0 0.17750679 0 0 0 0 0 0 0.446644068 0.344630808 0 0 1 0 0 0 0 0 0 0.0740740746 0.270238161 0.29277581 0.200301364 0.998849869 1 1
Y150 0 0 1.30609846 0 0.485556901 1.818326 0 0.00772577617 0 0 0 0 0.0263468474 0.0773930848 0 0.247613534 0 0.583836794 0 0 0 0 0 0 0.635509312 0.31424427 0 0 0.23238498 0 0 0 0 0 0 0 0 0 0.816730976 0 0.927629232 0 0.215650052 0 0 0 0 0 0 0 0 0 0 0.227973118 0 0.17750679 0 0 0 0 0 0 0.446644068 0.344630808 0 0 1 0 0 0 0 0 0 0.0740740746 0.270238161 0.29277581 0.200301364 0.998849869 1 1
Y151 0 0 1.30609846 0 0.485556901 1.818326 0 0.00772577617 0 0 0 0 0.0263468474 0.0773930848 0 0.247613534 0 0.583836794 0 0 0 0 0 0 0.635509312 0.31424427 0 0 0.23238498 0 0 0 0 0 0 0 0 0 0.816730976 0 0.927629232 0 0.215650052 0 0 0 0 0 0 0 0 0 0 0.227973118 0 0.17750679 0 0 0 0 0 0 0.446644068 0.344630808 0 0 1 0 0 0 0 0 0 0.0740740746 0.270238161 0.29277581 0.200301364 0.998849869 1 1
Y152 0 0 1.30609846 0 0.485556901 1.818326 0 0.00772577617 0 0 0 0 0.0263468474 0.0773930848 0 0.247613534 0 0.583836794 0 0 0 0 0 0 0.635509312 0.31424427 0 0 0.23238498 0 0 0 0 0 0 0 0 0 0.816730976 0 0.927629232 0 0.215650052 0 0 0 0 0 0 0 0 0 0 0.227973118 0 0.17750679 0 0 0 0 0 0 0.446644068 0.344630808 0 0 1 0 0 0 0 0 0 0.0740740746 0.270238161 0.29277581 0.200301364 0.998849869 1 1
Y153 0 0 1.30609846 0 0.485556901 1.818326 0 0.00772577617 0 0 0 0 0.0263468474 0.0773930848 0 0.247613534 0 0.583836794 0 0 0 0 0 0 0.635509312 0.31424427 0 0 0.23238498 0 0 0 0 0 0 0 0 0 0.816730976 0 0.927629232 0 0.215650052 0 0 0 0 0 0 0 0 0 0 0.227973118 0 0.17750679 0 0 0 0 0 0 0.446644068 0.344630808 0 0 1 0 0 0 0 0 0 0.0740740746 0.270238161 0.29277581 0.200301364 0.998849869 1 1
Y154 0 0 1.30609846 0 0.485556901 1.818326 0 0.00772577617 0 0 0 0 0.0263468474 0.0773930848 0 0.247613534 0 0.583836794 0 0 0 0 0 0 0.635509312 0.31424427 0 0 0.23238498 0 0 0 0 0 0 0 0 0 0.816730976 0 0.927629232 0 0.215650052 0 0 0 0 0 0 0 0 0 0 0.227973118 0 0.17750679 0 0 0 0 0 0 0.446644068 0.344630808 0 0 1 0 0 0 0 0 0 0.0740740746 0.270238161 0.29277581 0.200301364 0.998849869 1 1
Y155 0 0 1.30609846 0 0.485556901 1.818326 0 0.00772577617 0 0 0 0 0.0263468474 0.0773930848 0 0.247613534 0 0.583836794 0 0 0 0 0 0 0.635509312 0.31424427 0 0 0.23238498 0 0 0 0 0 0 0 0 0 0.816730976 0 0.927629232 0 0.215650052 0 0 0 0 0 0 0 0 0 0 0.227973118 0 0.17750679 0 0 0 0 0 0 0.446644068 0.344630808 0 0 1 0 0 0 0 0 0 0.0740740746 0.270238161 0.29277581 0.200301364 0.998849869 1 1
Y156 0 0 1.30609846 0 0.485556901 1.818326 0 0.00772577617 0 0 0 0 0.0263468474 0.0773930848 0 0.247613534 0 0.583836794 0 0 0 0 0 0 0.635509312 0.31424427 0 0 0.23238498 0 0 0 0 0 0 0 0 0 0.816730976 0 0.927629232 0 0.215650052 0 0 0 0 0 0 0 0 0 0 0.227973118 0 0.17750679 0 0 0 0 0 0 0.446644068 0.344630808 0 0 1 0 0 0 0 0 0 0.0740740746 0.270238161 0.29277581 0.200301364 0.998849869 1 1
Y157 0 0 1.30609846 0 0.485556901 1.818326 0 0.00772577617 0 0 0 0 0.0263468474 0.0773930848 0 0.247613534 0 0.583836794 0 0 0 0 0 0 0.635509312 0.31424427 0 0 0.23238498 0 0 0 0 0 0 0 0 0 0.816730976 0 0.927629232 0 0.215650052 0 0 0 0 0 0 0 0 0 0 0.227973118 0 0.17750679 0 0 0 0 0 0 0.446644068 0.344630808 0 0 1 0 0 0 0 0 0 0.0740740746 0.270238161 0.29277581 0.200301364 0.998849869 1 1
Y158 0 0 1.30609846 0 0.485556901 1.818326 0 0.00772577617 0 0 0 0 0.0263468474 0.0773930848 0 0.247613534 0 0.583836794 0 0 0 0 0 0 0.635509312 0.31424427 0 0 0.23238498 0 0 0 0 0 0 0 0 0 0.816730976 0 0.927629232 0 0.215650052 0 0 0 0 0 0 0 0 0 0 0.227973118 0 0.17750679 0 0 0 0 0 0 0.446644068 0.344630808 0 0 1 0 0 0 0 0 0 0.0740740746 0.270238161 0.29277581 0.200301364 0.998849869 1 1
Y159 0 0 1.30609846 0 0.485556901 1.818326 0 0.00772577617 0 0 0 0 0.0263468474 0.0773930848 0 0.247613534 0 0.583836794 0 0 0 0 0 0 0.635509312 0.31424427 0 0 0.23238498 0 0 0 0 0 0 0 0 0 0.816730976 0 0.927629232 0 0.215650052 0 0 0 0 0 0 0 0 0 0 0.227973118 0 0.17750679 0 0 0 0 0 0 0.446644068 0.344630808 0 0 1 0 0 0 0 0 0 0.0740740746 0.270238161 0.29277581 0.200301364 0.998849869 1 1
Y160 0 0 1.30609846 0 0.485556901 1.818326 0 0.00772577617 0 0 0 0 0.0263468474 0.0773930848 0 0.247613534 0 0.583836794 0 0 0 0 0 0 0.635509312 0.31424427 0 0 0.23238498 0 0 0 0 0 0 0 0 0 0.816730976 0 0.927629232 0 0.215650052 0 0 0 0 0 0 0 0 0 0 0.227973118 0 0.17750679 0 0 0 0 0 0 0.446644068 0.344630808 0 0 1 0 0 0 0 0 0 0.0740740746 0.270238161 0.29277581 0.200301364 0.998849869 1 1
Y161 0 0 1.30609846 0 0.485556901 1.818326 0 0.00772577617 0 0 0 0 0.0263468474 0.0773930848 0 0.247613534 0 0.583836794 0 0 0 0 0 0 0.635509312 0.31424427 0 0 0.23238498 0 0 0 0 0 0 0 0 0 0.816730976 0 0.927629232 0 0.215650052 0 0 0 0 0 0 0 0 0 0 0.227973118 0 0.17750679 0 0 0 0 0 0 0.446644068 0.344630808 0 0 1 0 0 0 0 0 0 0.0740740746 0.270238161 0.29277581 0.200301364 0.998849869 1 1
Y170 0 0 1.30609846 0 0.485556901 1.818326 0 0.00772577617 0 0 0 0 0.0263468474 0.0773930848 0 0.247613534 0 0.583836794 0 0 0 0 0 0 0.635509312 0.31424427 0 0 0.23238498 0 0 0 0 0 0 0 0 0 0.816730976 0 0.927629232 0 0.215650052 0 0 0 0 0 0 0 0 0 0 0.227973118 0 0.17750679 0 0 0 0 0 0 0.446644068 0.344630808 0 0 1 0 0 0 0 0 0 0.0740740746 0.270238161 0.29277581 0.200301364 0.972765207 1 1
Y171 0 0 1.30609846 0 0.485556901 1.818326 0 0.00772577617 0 0 0 0 0.0263468474 0.0773930848 0 0.247613534 0 0.583836794 0 0 0 0 0 0 0.635509312 0.31424427 0 0 0.23238498 0 0 0 0 0 0 0 0 0 0.816730976 0 0.927629232 0 0.215650052 0 0 0 0 0 0 0 0 0 0 0.227973118 0 0.17750679 0 0 0 0 0 0 0.446644068 0.344630808 0 0 1 0 0 0 0 0 0 0.0740740746 0.270238161 0.29277581 0.200301364 0.972765207 1 1
Y172 0 0 1.30609846 0 0.485556901 1.818326 0 0.00772577617 0 0 0 0 0.0263468474 0.0773930848 0 0.247613534 0 0.583836794 0 0 0 0 0 0 0.635509312 0.31424427 0 0 0.23238498 0 0 0 0 0 0 0 0 0 0.816730976 0 0.927629232 0 0.215650052 0 0 0 0 0 0 0 0 0 0 0.227973118 0 0.17750679 0 0 0 0 0 0 0.446644068 0.344630808 0 0 1 0 0 0 0 0 0 0.0740740746 0.270238161 0.29277581 0.200301364 0.972765207 1 1
Y173 0 0 1.30609846 0 0.485556901 1.818326 0 0.00772577617 0 0 0 0 0.0263468474 0.0773930848 0 0.247613534 0 0.583836794 0 0 0 0 0 0 0.635509312 0.31424427 0 0 0.23238498 0 0 0 0 0 0 0 0 0 0.816730976 0 0.927629232 0 0.215650052 0 0 0 0 0 0 0 0 0 0 0.227973118 0 0.17750679 0 0 0 0 0 0 0.446644068 0.344630808 0 0 1 0 0 0 0 0 0 0.0740740746 0.270238161 0.29277581 0.200301364 0.972765207 1 1
Y174 0 0 1.30609846 0 0.485556901 1.818326 0 0.00772577617 0 0 0 0 0.0263468474 0.0773930848 0 0.247613534 0 0.583836794 0 0 0 0 0 0 0.635509312 0.31424427 0 0 0.23238498 0 0 0 0 0 0 0 0 0 0.816730976 0 0.927629232 0 0.215650052 0 0 0 0 0 0 0 0 0 0 0.227973118 0 0.17750679 0 0 0 0 0 0 0.446644068 0.344630808 0 0 1 0 0 0 0 0 0 0.0740740746 0.270238161 0.29277581 0.200301364 0.972765207 1 1
Y175 0 0 1.30609846 0 0.485556901 1.818326 0 0.00772577617 0 0 0 0 0.0263468474 0.0773930848 0 0.247613534 0 0.583836794 0 0 0 0 0 0 0.635509312 0.31424427 0 0 0.23238498 0 0 0 0 0 0 0 0 0 0.816730976 0 0.927629232 0 0.215650052 0 0 0 0 0 0 0 0 0 0 0.227973118 0 0.17750679 0 0 0 0 0 0 0.446644068 0.344630808 0 0 1 0 0 0 0 0 0 0.0740740746 0.270238161 0.29277581 0.200301364 0.972765207 1 1
Y176 0 0 1.30609846 0 0.485556901 1.818326 0 0.00772577617 0 0 0 0 0.0263468474 0.0773930848 0 0.247613534 0 0.583836794 0 0 0 0 0 0 0.635509312 0.31424427 0 0 0.23238498 0 0 0 0 0 0 0 0 0 0.816730976 0 0.927629232 0 0.215650052 0 0 0 0 0 0 0 0 0 0 0.227973118 0 0.17750679 0 0 0 0 0 0 0.446644068 0.344630808 0 0 1 0 0 0 0 0 0 0.0740740746 0.270238161 0.29277581 0.200301364 0.972765207 1 1
Y177 0 0 1.30609846 0 0.485556901 1.818326 0 0.00772577617 0 0 0 0 0.0263468474 0.0773930848 0 0.247613534 0 0.583836794 0 0 0 0 0 0 0.635509312 0.31424427 0 0 0.23238498 0 0 0 0 0 0 0 0 0 0.816730976 0 0.927629232 0 0.215650052 0 0 0 0 0 0 0 0 0 0 0.227973118 0 0.17750679 0 0 0 0 0 0 0.446644068 0.344630808 0 0 1 0 0 0 0 0 0 0.0740740746 0.270238161 0.29277581 0.200301364 0.972765207 1 1
Y178 0 0 1.30609846 0 0.485556901 1.818326 0 0.00772577617 0 0 0 0 0.0263468474 0.0773930848 0 0.247613534 0 0.583836794 0 0 0 0 0 0 0.635509312 0.31424427 0 0 0.23238498 0 0 0 0 0 0 0 0 0 0.816730976 0 0.927629232 0 0.215650052 0 0 0 0 0 0 0 0 0 0 0.227973118 0 0.17750679 0 0 0 0 0 0 0.446644068 0.344630808 0 0 1 0 0 0 0 0 0 0.0740740746 0.270238161 0.29277581 0.200301364 0.972765207 1 1
Y179 0 0 1.30609846 0 0.485556901 1.818326 0 0.00772577617 0 0 0 0 0.0263468474 0.0773930848 0 0.247613534 0 0.583836794 0 0 0 0 0 0 0.635509312 0.31424427 0 0 0.23238498 0 0 0 0 0 0 0 0 0 0.816730976 0 0.927629232 0 0.215650052 0 0 0 0 0 0 0 0 0 0 0.227973118 0 0.17750679 0 0 0 0 0 0 0.446644068 0.344630808 0 0 1 0 0 0 0 0 0 0.0740740746 0.270238161 0.29277581 0.200301364 0.972765207 1 1
Y180 0 0 1.30609846 0 0.485556901 1.818326 0 0.00772577617 0 0 0 0 0.0263468474 0.0773930848 0 0.247613534 0 0.583836794 0 0 0 0 0 0 0.635509312 0.31424427 0 0 0.23238498 0 0 0 0 0 0 0 0 0 0.816730976 0 0.927629232 0 0.215650052 0 0 0 0 0 0 0 0 0 0 0.227973118 0 0.17750679 0 0 0 0 0 0 0.446644068 0.344630808 0 0 1 0 0 0 0 0 0 0.0740740746 0.270238161 0.29277581 0.200301364 0.972765207 1 1
Y181 0 0 1.30609846 0 0.485556901 1.818326 0 0.00772577617 0 0 0 0 0.0263468474 0.0773930848 0 0.247613534 0 0.583836794 0 0 0 0 0 0 0.635509312 0.31424427 0 0 0.23238498 0 0 0 0 0 0 0 0 0 0.816730976 0 0.927629232 0 0.215650052 0 0 0 0 0 0 0 0 0 0 0.227973118 0 0.17750679 0 0 0 0 0 0 0.446644068 0.344630808 0 0 1 0 0 0 0 0 0 0.0740740746 0.270238161 0.29277581 0.200301364 0.972765207 1 1
Y182 0 0 1.30609846 0 0.485556901 1.818326 0 0.00772577617 0 0 0 0 0.0263468474 0.0773930848 0 0.247613534 0 0.583836794 0 0 0 0 0 0 0.635509312 0.31424427 0 0 0.23238498 0 0 0 0 0 0 0 0 0 0.816730976 0 0.927629232 0 0.215650052 0 0 0 0 0 0 0 0 0 0 0.227973118 0 0.17750679 0 0 0 0 0 0 0.446644068 0.344630808 0 0 1 0 0 0 0 0 0 0.0740740746 0.270238161 0.29277581 0.200301364 0.972765207 1 1
Y183 0 0 1.30609846 0 0.485556901 1.818326 0 0.00772577617 0 0 0 0 0.0263468474 0.0773930848 0 0.247613534 0 0.583836794 0 0 0 0 0 0 0.635509312 0.31424427 0 0 0.23238498 0 0 0 0 0 0 0 0 0 0.816730976 0 0.927629232 0 0.215650052 0 0 0 0 0 0 0 0 0 0 0.227973118 0 0.17750679 0 0 0 0 0 0 0.446644068 0.344630808 0 0 1 0 0 0 0 0 0 0.0740740746 0.270238161 0.29277581 0.200301364 0.972765207 1 1
Y184 0 0 1.30609846 0 0.485556901 1.818326 0 0.00772577617 0 0 0 0 0.0263468474 0.0773930848 0 0.247613534 0 0.583836794 0 0 0 0 0 0 0.635509312 0.31424427 0 0 0.23238498 0 0 0 0 0 0 0 0 0 0.816730976 0 0.927629232 0 0.215650052 0 0 0 0 0 0 0 0 0 0 0.227973118 0 0.17750679 0 0 0 0 0 0 0.446644068 0.344630808 0 0 1 0 0 0 0 0 0 0.0740740746 0.270238161 0.29277581 0.200301364 0.972765207 1 1
Y185 0 0 1.30609846 0 0.485556901 1.818326 0 0.00772577617 0 0 0 0 0.0263468474 0.0773930848 0 0.247613534 0 0.583836794 0 0 0 0 0 0 0.635509312 0.31424427 0 0 0.23238498 0 0 0 0 0 0 0 0 0 0.816730976 0 0.927629232 0 0.215650052 0 0 0 0 0 0 0 0 0 0 0.227973118 0 0.17750679 0 0 0 0 0 0 0.446644068 0.344630808 0 0 1 0 0 0 0 0 0 0.0740740746 0.270238161 0.29277581 0.200301364 0.972765207 1 1
Z146 0 0 1.30609846 0 0.485556901 1.818326 0 0.00772577617 0 0 0 0 0.0263468474 0.0773930848 0 0.247613534 0 0.583836794 0 0 0 0 0 0 0.635509312 0.31424427 0 0 0.23238498 0 0 0 0 0 0 0 0 0 0.816730976 0 0.927629232 0 0.215650052 0 0 0 0 0 0 0 0 0 0 0.227973118 0 0.17750679 0 0 0 0 0 0 0.446644068 0.344630808 0 0 0 0 0 1 0 0 0 0.0370370373 0.270238161 0.199850589 0.200301364 1 1 1
X146 0 0 1.30609846 0 0.485556901 1.818326 0 0.00772577617 0 0 0 0 0.0263468474 0.0773930848 0 0.247613534 0 0.583836794 0 0 0 0 0 0 0.635509312 0.31424427 0 0 0.23238498 0 0 0 0 0 0 0 0 0 0.816730976 0 0.927629232 0 0.215650052 0 0 0 0 0 0 0 0 0 0 0.227973118 0 0.17750679 0 0 0 0 0 0 0.446644068 0.344630808 0 0 1 0 0 0 0 0 0 0.0740740746 0.270238161 0.29277581 0.200301364 0.998849869 1 1
G146 0 0 1.30609846 0 0.485556901 1.818326 0 0.00772577617 0 0 0 0 0.0263468474 0.0773930848 0 0.247613534 0 0.583836794 0 0 0 0 0 0 0.635509312 0.31424427 0 0 0.23238498 0 0 0 0 0 0 0 0 0 0.816730976 0 0.927629232 0 0.215650052 0 0 0 0 0 0 0 0 0 0 0.227973118 0 0.17750679 0 0 0 0 0 0 0.446644068 0.344630808 0 0 1 0 0 0 0 0 0 0.111111112 0.428317338 0.325942278 0.326677442 0.997110426 1 1
W186 0 0 1.30609846 0 0.485556901 1.818326 0 0.00772577617 0 0 0 0 0.0263468474 0.0773930848 0 0.247613534 0 0.583836794 0 0 0 0 0 0 0.635509312 0.31424427 0 0 0.23238498 0 0 0 0 0 0 0 0 0 0.816730976 0 0.927629232 0 0.215650052 0 0 0 0 0 0 0 0 0 0 0.227973118 0 0.17750679 0 0 0 0 0 0 0.446644068 0.344630808 0 0 0 0 0 1 0 0 0 0.148148149 0.270238161 0.353984088 0.354782522 0.996526718 1 1
Z147 0 0 1.30609846 0 0.485556901 1.818326 0 0.00772577617 0 0 0 0 0.0263468474 0.0773930848 0 0.247613534 0 0.583836794 0 0 0 0 0 0 0.635509312 0.31424427 0 0 0.23238498 0 0 0 0 0 0 0 0 0 0.816730976 0 0.927629232 0 0.215650052 0 0 0 0 0 0 0 0 0 0 0.227973118 0 0.17750679 0 0 0 0 0 0 0.446644068 0.344630808 0 0 0 0 0 1 0 0 0 0.0370370373 0.270238161 0.199850589 0.200301364 1 1 1
X147 0 0 1.30609846 0 0.485556901 1.818326 0 0.00772577617 0 0 0 0 0.0263468474 0.0773930848 0 0.247613534 0 0.583836794 0 0 0 0 0 0 0.635509312 0.31424427 0 0 0.23238498 0 0 0 0 0 0 0 0 0 0.816730976 0 0.927629232 0 0.215650052 0 0 0 0 0 0 0 0 0 0 0.227973118 0 0.17750679 0 0 0 0 0 0 0.446644068 0.344630808 0 0 1 0 0 0 0 0 0 0.0740740746 0.270238161 0.29277581 0.200301364 0.998849869 1 1
G147 0 0 1.30609846 0 0.485556901 1.818326 0 0.00772577617 0 0 0 0 0.0263468474 0.0773930848 0 0.247613534 0 0.583836794 0 0 0 0 0 0 0.635509312 0.31424427 0 0 0.23238498 0 0 0 0 0 0 0 0 0 0.816730976 0 0.927629232 0 0.215650052 0 0 0 0 0 0 0 0 0 0 0.227973118 0 0.17750679 0 0 0 0 0 0 0.446644068 0.344630808 0 0 1 0 0 0 0 0 0 0.111111112 0.428317338 0.325942278 0.326677442 0.997110426 1 1
Y186 0 0 1.30609846 0 0.485556901 1.818326 0 0.00772577617 0 0 0 0 0.0263468474 0.0773930848 0 0.247613534 0 0.583836794 0 0 0 0 0 0 0.635509312 0.31424427 0 0 0.23238498 0 0 0 0 0 0 0 0 0 0.816730976 0 0.927629232 0 0.215650052 0 0 0 0 0 0 0 0 0 0 0.227973118 0 0.17750679 0 0 0 0 0 0 0.446644068 0.344630808 0 0 1 0 0 0 0 0 0 0.185185179 0.270238161 0.466594666 0.354782522 0.992983043 1 1
Z148 0 0 1.30609846 0 0.485556901 1.818326 0 0.00772577617 0 0 0 0 0.0263468474 0.0773930848 0 0.247613534 0 0.583836794 0 0 0 0 0 0 0.635509312 0.31424427 0 0 0.23238498 0 0 0 0 0 0 0 0 0 0.816730976 0 0.927629232 0 0.215650052 0 0 0 0 0 0 0 0 0 0 0.227973118 0 0.17750679 0 0 0 0 0 0 0.446644068 0.344630808 0 0 0 0 0 1 0 0 0 0.0370370373 0.270238161 0.199850589 0.200301364 1 1 1
X148 0 0 1.30609846 0 0.485556901 1.818326 0 0.00772577617 0 0 0 0 0.0263468474 0.0773930848 0 0.247613534 0 0.583836794 0 0 0 0 0 0 0.635509312 0.31424427 0 0 0.23238498 0 0 0 0 0 0 0 0 0 0.816730976 0 0.927629232 0 0.215650052 0 0 0 0 0 0 0 0 0 0 0.227973118 0 0.17750679 0 0 0 0 0 0 0.446644068 0.344630808 0 0 1 0 0 0 0 0 0 0.0740740746 0.270238161 0.29277581 0.200301364 0.998849869 1 1
G148 0 0 1.30609846 0 0.485556901 1.818326 0 0.00772577617 0 0 0 0 0.0263468474 0.0773930848 0 0.247613534 0 0.583836794 0 0 0 0 0 0 0.635509312 0.31424427 0 0 0.23238498 0 0 0 0 0 0 0 0 0 0.816730976 0 0.927629232 0 0.215650052 0 0 0 0 0 0 0 0 0 0 0.227973118 0 0.17750679 0 0 0 0 0 0 0.446644068 0.344630808 0 0 1 0 0 0 0 0 0 0.111111112 0.428317338 0.325942278 0.326677442 0.997110426 1 1
W189 0 0 1.30609846 0 0.485556901 1.818326 0 0.00772577617 0 0 0 0 0.0263468474 0.0773930848 0 0.247613534 0 0.583836794 0 0 0 0 0 0 0.635509312 0.31424427 0 0 0.23238498 0 0 0 0 0 0 0 0 0 0.816730976 0 0.927629232 0 0.215650052 0 0 0 0 0 0 0 0 0 0 0.227973118 0 0.17750679 0 0 0 0 0 0 0.446644068 0.344630808 0 0 0 0 0 1 0 0 0 0.148148149 0.270238161 0.353984088 0.354782522 0.996526718 1 1
Z149 0 0 1.30609846 0 0.485556901 1.818326 0 0.00772577617 0 0 0 0 0.0263468474 0.0773930848 0 0.247613534 0 0.583836794 0 0 0 0 0 0 0.635509312 0.31424427 0 0 0.23238498 0 0 0 0 0 0 0 0 0 0.816730976 0 0.927629232 0 0.215650052 0 0 0 0 0 0 0 0 0 0 0.227973118 0 0.17750679 0 0 0 0 0 0 0.446644068 0.344630808 0 0 0 0 0 1 0 0 0 0.0370370373 0.270238161 0.199850589 0.200301364 1 1 1
X149 0 0 1.30609846 0 0.485556901 1.818326 0 0.00772577617 0 0 0 0 0.0263468474 0.0773930848 0 0.247613534 0 0.583836794 0 0 0 0 0 0 0.635509312 0.31424427 0 0 0.23238498 0 0 0 0 0 0 0 0 0 0.816730976 0 0.927629232 0 0.215650052 0 0 0 0 0 0 0 0 0 0 0.227973118 0 0.17750679 0 0 0 0 0 0 0.446644068 0.344630808 0 0 1 0 0 0 0 0 0 0.0740740746 0.270238161 0.29277581 0.200301364 0.998849869 1 1
G149 0 0 1.30609846 0 0.485556901 1.818326 0 0.00772577617 0 0 0 0 0.0263468474 0.0773930848 0 0.247613534 0 0.583836794 0 0 0 0 0 0 0.635509312 0.31424427 0 0 0.23238498 0 0 0 0 0 0 0 0 0 0.816730976 0 0.927629232 0 0.215650052 0 0 0 0 0 0 0 0 0 0 0.227973118 0 0.17750679 0 0 0 0 0 0 0.446644068 0.344630808 0 0 1 0 0 0 0 0 0 0.111111112 0.428317338 0.325942278 0.326677442 0.997110426 1 1
Y189 0 0 1.30609846 0 0.485556901 1.818326 0 0.00772577617 0 0 0 0 0.0263468474 0.0773930848 0 0.247613534 0 0.583836794 0 0 0 0 0 0 0.635509312 0.31424427 0 0 0.23238498 0 0 0 0 0 0 0 0 0 0.816730976 0 0.927629232 0 0.215650052 0 0 0 0 0 0 0 0 0 0 0.227973118 0 0.17750679 0 0 0 0 0 0 0.446644068 0.344630808 0 0 1 0 0 0 0 0 0 0.185185179 0.270238161 0.466594666 0.354782522 0.992983043 1 1
Z150 0 0 1.30609846 0 0.485556901 1.818326 0 0.00772577617 0 0 0 0 0.0263468474 0.0773930848 0 0.247613534 0 0.583836794 0 0 0 0 0 0 0.635509312 0.31424427 0 0 0.23238498 0 0 0 0 0 0 0 0 0 0.816730976 0 0.927629232 0 0.215650052 0 0 0 0 0 0 0 0 0 0 0.227973118 0 0.17750679 0 0 0 0 0 0 0.446644068 0.344630808 0 0 0 0 0 1 0 0 0 0.0370370373 0.270238161 0.199850589 0.200301364 1 1 1
X150 0 0 1.30609846 0 0.485556901 1.818326 0 0.00772577617 0 0 0 0 0.0263468474 0.0773930848 0 0.247613534 0 0.583836794 0 0 0 0 0 0 0.635509312 0.31424427 0 0 0.23238498 0 0 0 0 0 0 0 0 0 0.816730976 0 0.927629232 0 0.215650052 0 0 0 0 0 0 0 0 0 0 0.227973118 0 0.17750679 0 0 0 0 0 0 0.446644068 0.344630808 0 0 1 0 0 0 0 0 0 0.0740740746 0.270238161 0.29277581 0.200301364 0.998849869 1 1
G150 0 0 1.30609846 0 0.485556901 1.818326 0 0.00772577617 0 0 0 0 0.0263468474 0.0773930848 0 0.247613534 0 0.583836794 0 0 0 0 0 0 0.635509312 0.31424427 0 0 0.23238498 0 0 0 0 0 0 0 0 0 0.816730976 0 0.927629232 0 0.215650052 0 0 0 0 0 0 0 0 0 0 0.227973118 0 0.17750679 0 0 0 0 0 0 0.446644068 0.344630808 0 0 1 0 0 0 0 0 0 0.111111112 0.428317338 0.325942278 0.326677442 0.997110426 1 1
W192 0 0 1.30609846 0 0.485556901 1.818326 0 0.00772577617 0 0 0 0 0.0263468474 0.0773930848 0 0.247613534 0 0.583836794 0 0 0 0 0 0 0.635509312 0.31424427 0 0 0.23238498 0 0 0 0 0 0 0 0 0 0.816730976 0 0.927629232 0 0.215650052 0 0 0 0 0 0 0 0 0 0 0.227973118 0 0.17750679 0 0 0 0 0 0 0.446644068 0.344630808 0 0 0 0 0 1 0 0 0 0.148148149 0.270238161 0.353984088 0.354782522 0.996526718 1 1
Z151 0 0 1.30609846 0 0.485556901 1.818326 0 0.00772577617 0 0 0 0 0.0263468474 0.0773930848 0 0.247613534 0 0.583836794 0 0 0 0 0 0 0.635509312 0.31424427 0 0 0.23238498 0 0 0 0 0 0 0 0 0 0.816730976 0 0.927629232 0 0.215650052 0 0 0 0 0 0 0 0 0 0 0.227973118 0 0.17750679 0 0 0 0 0 0 0.446644068 0.344630808 0 0 0 0 0 1 0 0 0 0.0370370373 0.270238161 0.199850589 0.200301364 1 1 1
X151 0 0 1.30609846 0 0.485556901 1.818326 0 0.00772577617 0 0 0 0 0.0263468474 0.0773930848 0 0.247613534 0 0.583836794 0 0 0 0 0 0 0.635509312 0.31424427 0 0 0.23238498 0 0 0 0 0 0 0 0 0 0.816730976 0 0.927629232 0 0.215650052 0 0 0 0 0 0 0 0 0 0 0.227973118 0 0.17750679 0 0 0 0 0 0 0.446644068 0.344630808 0 0 1 0 0 0 0 0 0 0.0740740746 0.270238161 0.29277581 0.200301364 0.998849869 1 1
G151 0 0 1.30609846 0 0.485556901 1.818326 0 0.00772577617 0 0 0 0 0.0263468474 0.0773930848 0 0.247613534 0 0.583836794 0 0 0 0 0 0 0.635509312 0.31424427 0 0 0.23238498 0 0 0 0 0 0 0 0 0 0.816730976 0 0.927629232 0 0.215650052 0 0 0 0 0 0 0 0 0 0 0.227973118 0 0.17750679 0 0 0 0 0 0 0.446644068 0.344630808 0 0 1 0 0 0 0 0 0 0.111111112 0.428317338 0.325942278 0.326677442 0.997110426 1 1
Y192 0 0 1.30609846 0 0.485556901 1.818326 0 0.00772577617 0 0 0 0 0.0263468474 0.0773930848 0 0.247613534 0 0.583836794 0 0 0 0 0 0 0.635509312 0.31424427 0 0 0.23238498 0 0 0 0 0 0 0 0 0 0.816730976 0 0.927629232 0 0.215650052 0 0 0 0 0 0 0 0 0 0 0.227973118 0 0.17750679 0 0 0 0 0 0 0.446644068 0.344630808 0 0 1 0 0 0 0 0 0 0.185185179 0.270238161 0.466594666 0.354782522 0.992983043 1 1
Z152 0 0 1.30609846 0 0.485556901 1.818326 0 0.00772577617 0 0 0 0 0.0263468474 0.0773930848 0 0.247613534 0 0.583836794 0 0 0 0 0 0 0.635509312 0.31424427 0 0 0.23238498 0 0 0 0 0 0 0 0 0 0.816730976 0 0.927629232 0 0.215650052 0 0 0 0 0 0 0 0 0 0 0.227973118 0 0.17750679 0 0 0 0 0 0 0.446644068 0.344630808 0 0 0 0 0 1 0 0 0 0.0370370373 0.270238161 0.199850589 0.200301364 1 1 1
X152 0 0 1.30609846 0 0.485556901 1.818326 0 0.00772577617 0 0 0 0 0.0263468474 0.0773930848 0 0.247613534 0 0.583836794 0 0 0 0 0 0 0.635509312 0.31424427 0 0 0.23238498 0 0 0 0 0 0 0 0 0 0.816730976 0 0.927629232 0 0.215650052 0 0 0 0 0 0 0 0 0 0 0.227973118 0 0.17750679 0 0 0 0 0 0 0.446644068 0.344630808 0 0 1 0 0 0 0 0 0 0.0740740746 0.270238161 0.29277581 0.200301364 0.998849869 1 1
G152 0 0 1.30609846 0 0.485556901 1.818326 0 0.00772577617 0 0 0 0 0.0263468474 0.0773930848 0 0.247613534 0 0.583836794 0 0 0 0 0 0 0.635509312 0.31424427 0 0 0.23238498 0 0 0 0 0 0 0 0 0 0.816730976 0 0.927629232 0 0.215650052 0 0 0 0 0 0 0 0 0 0 0.227973118 0 0.17750679 0 0 0 0 0 0 0.446644068 0.344630808 0 0 1 0 0 0 0 0 0 0.111111112 0.428317338 0.325942278 0.326677442 0.997110426 1 1
W195 0 0 1.30609846 0 0.485556901 1.818326 0 0.00772577617 0 0 0 0 0.0263468474 0.0773930848 0 0.247613534 0 0.583836794 0 0 0 0 0 0 0.635509312 0.31424427 0 0 0.23238498 0 0 0 0 0 0 0 0 0 0.816730976 0 0.927629232 0 0.215650052 0 0 0 0 0 0 0 0 0 0 0.227973118 0 0.17750679 0 0 0 0 0 0 0.446644068 0.344630808 0 0 0 0 0 1 0 0 0 0.148148149 0.270238161 0.353984088 0.354782522 0.996526718 1 1
Z153 0 0 1.30609846 0 0.485556901 1.818326 0 0.00772577617 0 0 0 0 0.0263468474 0.0773930848 0 0.247613534 0 0.583836794 0 0 0 0 0 0 0.635509312 0.31424427 0 0 0.23238498 0 0 0 0 0 0 0 0 0 0.816730976 0 0.927629232 0 0.215650052 0 0 0 0 0 0 0 0 0 0 0.227973118 0 0.17750679 0 0 0 0 0 0 0.446644068 0.344630808 0 0 0 0 0 1 0 0 0 0.0370370373 0.270238161 0.199850589 0.200301364 1 1 1
X153 0 0 1.30609846 0 0.485556901 1.818326 0 0.00772577617 0 0 0 0 0.0263468474 0.0773930848 0 0.247613534 0 0.583836794 0 0 0 0 0 0 0.635509312 0.31424427 0 0 0.23238498 0 0 0 0 0 0 0 0 0 0.816730976 0 0.927629232 0 0.215650052 0 0 0 0 0 0 0 0 0 0 0.227973118 0 0.17750679 0 0 0 0 0 0 0.446644068 0.344630808 0 0 1 0 0 0 0 0 0 0.0740740746 0.270238161 0.29277581 0.200301364 0.998849869 1 1
G153 0 0 1.30609846 0 0.485556901 1.818326 0 0.00772577617 0 0 0 0 0.0263468474 0.0773930848 0 0.247613534 0 0.583836794 0 0 0 0 0 0 0.635509312 0.31424427 0 0 0.23238498 0 0 0 0 0 0 0 0 0 0.816730976 0 0.927629232 0 0.215650052 0 0 0 0 0 0 0 0 0 0 0.227973118 0 0.17750679 0 0 0 0 0 0 0.446644068 0.344630808 0 0 1 0 0 0 0 0 0 0.111111112 0.428317338 0.325942278 0.326677442 0.997110426 1 1
Y195 0 0 1.30609846 0 0.485556901 1.818326 0 0.00772577617 0 0 0 0 0.0263468474 0.0773930848 0 0.247613534 0 0.583836794 0 0 0 0 0 0 0.635509312 0.31424427 0 0 0.23238498 0 0 0 0 0 0 0 0 0 0.816730976 0 0.927629232 0 0.215650052 0 0 0 0 0 0 0 0 0 0 0.227973118 0 0.17750679 0 0 0 0 0 0 0.446644068 0.344630808 0 0 1 0 0 0 0 0 0 0.185185179 0.270238161 0.466594666 0.354782522 0.992983043 1 1
Z154 0 0 1.30609846 0 0.485556901 1.818326 0 0.00772577617 0 0 0 0 0.0263468474 0.0773930848 0 0.247613534 0 0.583836794 0 0 0 0 0 0 0.635509312 0.31424427 0 0 0.23238498 0 0 0 0 0 0 0 0 0 0.816730976 0 0.927629232 0 0.215650052 0 0 0 0 0 0 0 0 0 0 0.227973118 0 0.17750679 0 0 0 0 0 0 0.446644068 0.344630808 0 0 0 0 0 1 0 0 0 0.0370370373 0.270238161 0.199850589 0.200301364 1 1 1
X154 0 0 1.30609846 0 0.485556901 1.818326 0 0.00772577617 0 0 0 0 0.0263468474 0.0773930848 0 0.247613534 0 0.583836794 0 0 0 0 0 0 0.635509312 0.31424427 0 0 0.23238498 0 0 0 0 0 0 0 0 0 0.816730976 0 0.927629232 0 0.215650052 0 0 0 0 0 0 0 0 0 0 0.227973118 0 0.17750679 0 0 0 0 0 0 0.446644068 0.344630808 0 0 1 0 0 0 0 0 0 0.0740740746 0.270238161 0.29277581 0.200301364 0.998849869 1 1
G154 0 0 1.30609846 0 0.485556901 1.818326 0 0.00772577617 0 0 0 0 0.0263468474 0.0773930848 0 0.247613534 0 0.583836794 0 0 0 0 0 0 0.635509312 0.31424427 0 0 0.23238498 0 0 0 0 0 0 0 0 0 0.816730976 0 0.927629232 0 0.215650052 0 0 0 0 0 0 0 0 0 0 0.227973118 0 0.17750679 0 0 0 0 0 0 0.446644068 0.344630808 0 0 1 0 0 0 0 0 0 0.111111112 0.428317338 0.325942278 0.326677442 0.997110426 1 1
W198 0 0 1.30609846 0 0.485556901 1.818326 0 0.00772577617 0 0 0 0 0.0263468474 0.0773930848 0 0.247613534 0 0.583836794 0 0 0 0 0 0 0.635509312 0.31424427 0 0 0.23238498 0 0 0 0 0 0 0 0 0 0.816730976 0 0.927629232 0 0.215650052 0 0 0 0 0 0 0 0 0 0 0.227973118 0 0.17750679 0 0 0 0 0 0 0.446644068 0.344630808 0 0 0 0 0 1 0 0 0 0.148148149 0.270238161 0.353984088 0.354782522 0.996526718 1 1
Z155 0 0 1.30609846 0 0.485556901 1.818326 0 0.00772577617 0 0 0 0 0.0263468474 0.0773930848 0 0.247613534 0 0.583836794 0 0 0 0 0 0 0.635509312 0.31424427 0 0 0.23238498 0 0 0 0 0 0 0 0 0 0.816730976 0 0.927629232 0 0.215650052 0 0 0 0 0 0 0 0 0 0 0.227973118 0 0.17750679 0 0 0 0 0 0 0.446644068 0.344630808 0 0 0 0 0 1 0 0 0 0.0370370373 0.270238161 0.199850589 0.200301364 1 1 1
X155 0 0 1.30609846 0 0.485556901 1.818326 0 0.00772577617 0 0 0 0 0.0263468474 0.0773930848 0 0.247613534 0 0.583836794 0 0 0 0 0 0 0.635509312 0.31424427 0 0 0.23238498 0 0 0 0 0 0 0 0 0 0.816730976 0 0.927629232 0 0.215650052 0 0 0 0 0 0 0 0 0 0 0.227973118 0 0.17750679 0 0 0 0 0 0 0.446644068 0.344630808 0 0 1 0 0 0 0 0 0 0.0740740746 0.270238161 0.29277581 0.200301364 0.998849869 1 1
G155 0 0 1.30609846 0 0.485556901 1.818326 0 0.00772577617 0 0 0 0 0.0263468474 0.0773930848 0 0.247613534 0 0.583836794 0 0 0 0 0 0 0.635509312 0.31424427 0 0 0.23238498 0 0 0 0 0 0 0 0 0 0.816730976 0 0.927629232 0 0.215650052 0 0 0 0 0 0 0 0 0 0 0.227973118 0 0.17750679 0 0 0 0 0 0 0.446644068 0.344630808 0 0 1 0 0 0 0 0 0 0.111111112 0.428317338 0.325942278 0.326677442 0.997110426 1 1
Y198 0 0 1.30609846 0 0.485556901 1.818326 0 0.00772577617 0 0 0 0 0.0263468474 0.0773930848 0 0.247613534 0 0.583836794 0 0 0 0 0 0 0.635509312 0.31424427 0 0 0.23238498 0 0 0 0 0 0 0 0 0 0.816730976 0 0.927629232 0 0.215650052 0 0 0 0 0 0 0 0 0 0 0.227973118 0 0.17750679 0 0 0 0 0 0 0.446644068 0.344630808 0 0 1 0 0 0 0 0 0 0.185185179 0.270238161 0.466594666 0.354782522 0.992983043 1 1
Z156 0 0 1.30609846 0 0.485556901 1.818326 0 0.00772577617 0 0 0 0 0.0263468474 0.0773930848 0 0.247613534 0 0.583836794 0 0 0 0 0 0 0.635509312 0.31424427 0 0 0.23238498 0 0 0 0 0 0 0 0 0 0.816730976 0 0.927629232 0 0.215650052 0 0 0 0 0 0 0 0 0 0 0.227973118 0 0.17750679 0 0 0 0 0 0 0.446644068 0.344630808 0 0 0 0 0 1 0 0 0 0.0370370373 0.270238161 0.199850589 0.200301364 1 1 1
X156 0 0 1.30609846 0 0.485556901 1.818326 0 0.00772577617 0 0 0 0 0.0263468474 0.0773930848 0 0.247613534 0 0.583836794 0 0 0 0 0 0 0.635509312 0.31424427 0 0 0.23238498 0 0 0 0 0 0 0 0 0 0.816730976 0 0.927629232 0 0.215650052 0 0 0 0 0 0 0 0 0 0 0.227973118 0 0.17750679 0 0 0 0 0 0 0.446644068 0.344630808 0 0 1 0 0 0 0 0 0 0.0740740746 0.270238161 0.29277581 0.200301364 0.998849869 1 1
G156 0 0 1.30609846 0 0.485556901 1.818326 0 0.00772577617 0 0 0 0 0.0263468474 0.0773930848 0 0.247613534 0 0.583836794 0 0 0 0 0 0 0.635509312 0.31424427 0 0 0.23238498 0 0 0 0 0 0 0 0 0 0.816730976 0 0.927629232 0 0.215650052 0 0 0 0 0 0 0 0 0 0 0.227973118 0 0.17750679 0 0 0 0 0 0 0.446644068 0.344630808 0 0 1 0 0 0 0 0 0 0.111111112 0.428317338 0.325942278 0.326677442 0.997110426 1 1
W201 0 0 1.30609846 0 0.485556901 1.818326 0 0.00772577617 0 0 0 0 0.0263468474 0.0773930848 0 0.247613534 0 0.583836794 0 0 0 0 0 0 0.635509312 0.31424427 0 0 0.23238498 0 0 0 0 0 0 0 0 0 0.816730976 0 0.927629232 0 0.215650052 0 0 0 0 0 0 0 0 0 0 0.227973118 0 0.17750679 0 0 0 0 0 0 0.446644068 0.344630808 0 0 0 0 0 1 0 0 0 0.148148149 0.270238161 0.353984088 0.354782522 0.996526718 1 1
Z157 0 0 1.30609846 0 0.485556901 1.818326 0 0.00772577617 0 0 0 0 0.0263468474 0.0773930848 0 0.247613534 0 0.583836794 0 0 0 0 0 0 0.635509312 0.31424427 0 0 0.23238498 0 0 0 0 0 0 0 0 0 0.816730976 0 0.927629232 0 0.215650052 0 0 0 0 0 0 0 0 0 0 0.227973118 0 0.17750679 0 0 0 0 0 0 0.446644068 0.344630808 0 0 0 0 0 1 0 0 0 0.0370370373 0.270238161 0.199850589 0.200301364 1 1 1
X157 0 0 1.30609846 0 0.485556901 1.818326 0 0.00772577617 0 0 0 0 0.0263468474 0.0773930848 0 0.247613534 0 0.583836794 0 0 0 0 0 0 0.635509312 0.31424427 0 0 0.23238498 0 0 0 0 0 0 0 0 0 0.816730976 0 0.927629232 0 0.215650052 0 0 0 0 0 0 0 0 0 0 0.227973118 0 0.17750679 0 0 0 0 0 0 0.446644068 0.344630808 0 0 1 0 0 0 0 0 0 0.0740740746 0.270238161 0.29277581 0.200301364 0.998849869 1 1
G157 0 0 1.30609846 0 0.485556901 1.818326 0 0.00772577617 0 0 0 0 0.0263468474 0.0773930848 0 0.247613534 0 0.583836794 0 0 0 0 0 0 0.635509312 0.31424427 0 0 0.23238498 0 0 0 0 0 0 0 0 0 0.816730976 0 0.927629232 0 0.215650052 0 0 0 0 0 0 0 0 0 0 0.227973118 0 0.17750679 0 0 0 0 0 0 0.446644068 0.344630808 0 0 1 0 0 0 0 0 0 0.111111112 0.428317338 0.325942278 0.326677442 0.997110426 1 1
Y201 0 0 1.30609846 0 0.485556901 1.818326 0 0.00772577617 0 0 0 0 0.0263468474 0.0773930848 0 0.247613534 0 0.583836794 0 0 0 0 0 0 0.635509312 0.31424427 0 0 0.23238498 0 0 0 0 0 0 0 0 0 0.816730976 0 0.927629232 0 0.215650052 0 0 0 0 0 0 0 0 0 0 0.227973118 0 0.17750679 0 0 0 0 0 0 0.446644068 0.344630808 0 0 1 0 0 0 0 0 0 0.185185179 0.270238161 0.466594666 0.354782522 0.992983043 1 1
Z158 0 0 1.30609846 0 0.485556901 1.818326 0 0.00772577617 0 0 0 0 0.0263468474 0.0773930848 0 0.247613534 0 0.583836794 0 0 0 0 0 0 0.635509312 0.31424427 0 0 0.23238498 0 0 0 0 0 0 0 0 0 0.816730976 0 0.927629232 0 0.215650052 0 0 0 0 0 0 0 0 0 0 0.227973118 0 0.17750679 0 0 0 0 0 0 0.446644068 0.344630808 0 0 0 0 0 1 0 0 0 0.0370370373 0.270238161 0.199850589 0.200301364 1 1 1
X158 0 0 1.30609846 0 0.485556901 1.818326 0 0.00772577617 0 0 0 0 0.0263468474 0.0773930848 0 0.247613534 0 0.583836794 0 0 0 0 0 0 0.635509312 0.31424427 0 0 0.23238498 0 0 0 0 0 0 0 0 0 0.816730976 0 0.927629232 0 0.215650052 0 0 0 0 0 0 0 0 0 0 0.227973118 0 0.17750679 0 0 0 0 0 0 0.446644068 0.344630808 0 0 1 0 0 0 0 0 0 0.0740740746 0.270238161 0.29277581 0.200301364 0.998849869 1 1
G158 0 0 1.30609846 0 0.485556901 1.818326 0 0.00772577617 0 0 0 0 0.0263468474 0.0773930848 0 0.247613534 0 0.583836794 0 0 0 0 0 0 0.635509312 0.31424427 0 0 0.23238498 0 0 0 0 0 0 0 0 0 0.816730976 0 0.927629232 0 0.215650052 0 0 0 0 0 0 0 0 0 0 0.227973118 0 0.17750679 0 0 0 0 0 0 0.446644068 0.344630808 0 0 1 0 0 0 0 0 0 0.111111112 0.428317338 0.325942278 0.326677442 0.997110426 1 1
W204 0 0 1.30609846 0 0.485556901 1.818326 0 0.00772577617 0 0 0 0 0.0263468474 0.0773930848 0 0.247613534 0 0.583836794 0 0 0 0 0 0 0.635509312 0.31424427 0 0 0.23238498 0 0 0 0 0 0 0 0 0 0.816730976 0 0.927629232 0 0.215650052 0 0 0 0 0 0 0 0 0 0 0.227973118 0 0.17750679 0 0 0 0 0 0 0.446644068 0.344630808 0 0 0 0 0 1 0 0 0 0.148148149 0.270238161 0.353984088 0.354782522 0.996526718 1 1
Z159 0 0 1.30609846 0 0.485556901 1.818326 0 0.00772577617 0 0 0 0 0.0263468474 0.0773930848 0 0.247613534 0 0.583836794 0 0 0 0 0 0 0.635509312 0.31424427 0 0 0.23238498 0 0 0 0 0 0 0 0 0 0.816730976 0 0.927629232 0 0.215650052 0 0 0 0 0 0 0 0 0 0 0.227973118 0 0.17750679 0 0 0 0 0 0 0.446644068 0.344630808 0 0 0 0 0 1 0 0 0 0.0370370373 0.270238161 0.199850589 0.200301364 1 1 1
X159 0 0 1.30609846 0 0.485556901 1.818326 0 0.00772577617 0 0 0 0 0.0263468474 0.0773930848 0 0.247613534 0 0.583836794 0 0 0 0 0 0 0.635509312 0.31424427 0 0 0.23238498 0 0 0 0 0 0 0 0 0 0.816730976 0 0.927629232 0 0.215650052 0 0 0 0 0 0 0 0 0 0 0.227973118 0 0.17750679 0 0 0 0 0 0 0.446644068 0.344630808 0 0 1 0 0 0 0 0 0 0.0740740746 0.270238161 0.29277581 0.200301364 0.998849869 1 1
G159 0 0 1.30609846 0 0.485556901 1.818326 0 0.00772577617 0 0 0 0 0.0263468474 0.0773930848 0 0.247613534 0 0.583836794 0 0 0 0 0 0 0.635509312 0.31424427 0 0 0.23238498 0 0 0 0 0 0 0 0 0 0.816730976 0 0.927629232 0 0.215650052 0 0 0 0 0 0 0 0 0 0 0.227973118 0 0.17750679 0 0 0 0 0 0 0.446644068 0.344630808 0 0 1 0 0 0 0 0 0 0.111111112 0.428317338 0.325942278 0.326677442 0.997110426 1 1
Y204 0 0 1.30609846 0 0.485556901 1.818326 0 0.00772577617 0 0 0 0 0.0263468474 0.0773930848 0 0.247613534 0 0.583836794 0 0 0 0 0 0 0.635509312 0.31424427 0 0 0.23238498 0 0 0 0 0 0 0 0 0 0.816730976 0 0.927629232 0 0.215650052 0 0 0 0 0 0 0 0 0 0 0.227973118 0 0.17750679 0 0 0 0 0 0 0.446644068 0.344630808 0 0 1 0 0 0 0 0 0 0.185185179 0.270238161 0.466594666 0.354782522 0.992983043 1 1
Z160 0 0 1.30609846 0 0.485556901 1.818326 0 0.00772577617 0 0 0 0 0.0263468474 0.0773930848 0 0.247613534 0 0.583836794 0 0 0 0 0 0 0.635509312 0.31424427 0 0 0.23238498 0 0 0 0 0 0 0 0 0 0.816730976 0 0.927629232 0 0.215650052 0 0 0 0 0 0 0 0 0 0 0.227973118 0 0.17750679 0 0 0 0 0 0 0.446644068 0.344630808 0 0 0 0 0 1 0 0 0 0.0370370373 0.270238161 0.199850589 0.200301364 1 1 1
X160 0 0 1.30609846 0 0.485556901 1.818326 0 0.00772577617 0 0 0 0 0.0263468474 0.0773930848 0 0.247613534 0 0.583836794 0 0 0 0 0 0 0.635509312 0.31424427 0 0 0.23238498 0 0 0 0 0 0 0 0 0 0.816730976 0 0.927629232 0 0.215650052 0 0 0 0 0 0 0 0 0 0 0.227973118 0 0.17750679 0 0 0 0 0 0 0.446644068 0.344630808 0 0 1 0 0 0 0 0 0 0.0740740746 0.270238161 0.29277581 0.200301364 0.998849869 1 1
G160 0 0 1.30609846 0 0.485556901 1.818326 0 0.00772577617 0 0 0 0 0.0263468474 0.0773930848 0 0.247613534 0 0.583836794 0 0 0 0 0 0 0.635509312 0.31424427 0 0 0.23238498 0 0 0 0 0 0 0 0 0 0.816730976 0 0.927629232 0 0.215650052 0 0 0 0 0 0 0 0 0 0 0.227973118 0 0.17750679 0 0 0 0 0 0 0.446644068 0.344630808 0 0 1 0 0 0 0 0 0 0.111111112 0.428317338 0.325942278 0.326677442 0.997110426 1 1
W207 0 0 1.30609846 0 0.485556901 1.818326 0 0.00772577617 0 0 0 0 0.0263468474 0.0773930848 0 0.247613534 0 0.583836794 0 0 0 0 0 0 0.635509312 0.31424427 0 0 0.23238498 0 0 0 0 0 0 0 0 0 0.816730976 0 0.927629232 0 0.215650052 0 0 0 0 0 0 0 0 0 0 0.227973118 0 0.17750679 0 0 0 0 0 0 0.446644068 0.344630808 0 0 0 0 0 1 0 0 0 0.148148149 0.270238161 0.353984088 0.354782522 0.996526718 1 1
Z161 0 0 1.30609846 0 0.485556901 1.818326 0 0.00772577617 0 0 0 0 0.0263468474 0.0773930848 0 0.247613534 0 0.583836794 0 0 0 0 0 0 0.635509312 0.31424427 0 0 0.23238498 0 0 0 0 0 0 0 0 0 0.816730976 0 0.927629232 0 0.215650052 0 0 0 0 0 0 0 0 0 0 0.227973118 0 0.17750679 0 0 0 0 0 0 0.446644068 0.344630808 0 0 0 0 0 1 0 0 0 0.0370370373 0.270238161 0.199850589 0.200301364 1 1 1
X161 0 0 1.30609846 0 0.485556901 1.818326 0 0.00772577617 0 0 0 0 0.0263468474 0.0773930848 0 0.247613534 0 0.583836794 0 0 0 0 0 0 0.635509312 0.31424427 0 0 0.23238498 0 0 0 0 0 0 0 0 0 0.816730976 0 0.927629232 0 0.215650052 0 0 0 0 0 0 0 0 0 0 0.227973118 0 0.17750679 0 0 0 0 0 0 0.446644068 0.344630808 0 0 1 0 0 0 0 0 0 0.0740740746 0.270238161 0.29277581 0.200301364 0.998849869 1 1
G161 0 0 1.30609846 0 0.485556901 1.818326 0 0.00772577617 0 0 0 0 0.0263468474 0.0773930848 0 0.247613534 0 0.583836794 0 0 0 0 0 0 0.635509312 0.31424427 0 0 0.23238498 0 0 0 0 0 0 0 0 0 0.816730976 0 0.927629232 0 0.215650052 0 0 0 0 0 0 0 0 0 0 0.227973118 0 0.17750679 0 0 0 0 0 0 0.446644068 0.344630808 0 0 1 0 0 0 0 0 0 0.111111112 0.428317338 0.325942278 0.326677442 0.997110426 1 1
Y207 0 0 1.30609846 0 0.485556901 1.818326 0 0.00772577617 0 0 0 0 0.0263468474 0.0773930848 0 0.247613534 0 0.583836794 0 0 0 0 0 0 0.635509312 0.31424427 0 0 0.23238498 0 0 0 0 0 0 0 0 0 0.816730976 0 0.927629232 0 0.215650052 0 0 0 0 0 0 0 0 0 0 0.227973118 0 0.17750679 0 0 0 0 0 0 0.446644068 0.344630808 0 0 1 0 0 0 0 0 0 0.185185179 0.270238161 0.466594666 0.354782522 0.992983043 1 1
Z170 0 0 1.30609846 0 0.485556901 1.818326 0 0.00772577617 0 0 0 0 0.0263468474 0.0773930848 0 0.247613534 0 0.583836794 0 0 0 0 0 0 0.635509312 0.31424427 0 0 0.23238498 0 0 0 0 0 0 0 0 0 0.816730976 0 0.927629232 0 0.215650052 0 0 0 0 0 0 0 0 0 0 0.227973118 0 0.17750679 0 0 0 0 0 0 0.446644068 0.344630808 0 0 0 0 0 1 0 0 0 0.0370370373 0.270238161 0.199850589 0.200301364 0.974099696 1 1
X170 0 0 1.30609846 0 0.485556901 1.818326 0 0.00772577617 0 0 0 0 0.0263468474 0.0773930848 0 0.247613534 0 0.583836794 0 0 0 0 0 0 0.635509312 0.31424427 0 0 0.23238498 0 0 0 0 0 0 0 0 0 0.816730976 0 0.927629232 0 0.215650052 0 0 0 0 0 0 0 0 0 0 0.227973118 0 0.17750679 0 0 0 0 0 0 0.446644068 0.344630808 0 0 1 0 0 0 0 0 0 0.0740740746 0.270238161 0.29277581 0.200301364 0.972765207 1 1
G170 0 0 1.30609846 0 0.485556901 1.818326 0 0.00772577617 0 0 0 0 0.0263468474 0.0773930848 0 0.247613534 0 0.583836794 0 0 0 0 0 0 0.635509312 0.31424427 0 0 0.23238498 0 0 0 0 0 0 0 0 0 0.816730976 0 0.927629232 0 0.215650052 0 0 0 0 0 0 0 0 0 0 0.227973118 0 0.17750679 0 0 0 0 0 0 0.446644068 0.344630808 0 0 1 0 0 0 0 0 0 0.111111112 0.428317338 0.325942278 0.326677442 0.970744193 1 1
W210 0 0 1.30609846 0 0.485556901 1.818326 0 0.00772577617 0 0 0 0 0.0263468474 0.0773930848 0 0.247613534 0 0.583836794 0 0 0 0 0 0 0.635509312 0.31424427 0 0 0.23238498 0 0 0 0 0 0 0 0 0 0.816730976 0 0.927629232 0 0.215650052 0 0 0 0 0 0 0 0 0 0 0.227973118 0 0.17750679 0 0 0 0 0 0 0.446644068 0.344630808 0 0 0 0 0 1 0 0 0 0.148148149 0.270238161 0.353984088 0.354782522 0.970065296 1 1
Z171 0 0 1.30609846 0 0.485556901 1.818326 0 0.00772577617 0 0 0 0 0.0263468474 0.0773930848 0 0.247613534 0 0.583836794 0 0 0 0 0 0 0.635509312 0.31424427 0 0 0.23238498 0 0 0 0 0 0 0 0 0 0.816730976 0 0.927629232 0 0.215650052 0 0 0 0 0 0 0 0 0 0 0.227973118 0 0.17750679 0 0 0 0 0 0 0.446644068 0.344630808 0 0 0 0 0 1 0 0 0 0.0370370373 0.270238161 0.199850589 0.200301364 0.974099696 1 1
X171 0 0 1.30609846 0 0.485556901 1.818326 0 0.00772577617 0 0 0 0 0.0263468474 0.0773930848 0 0.247613534 0 0.583836794 0 0 0 0 0 0 0.635509312 0.31424427 0 0 0.23238498 0 0 0 0 0 0 0 0 0 0.816730976 0 0.927629232 0 0.215650052 0 0 0 0 0 0 0 0 0 0 0.227973118 0 0.17750679 0 0 0 0 0 0 0.446644068 0.344630808 0 0 1 0 0 0 0 0 0 0.0740740746 0.270238161 0.29277581 0.200301364 0.972765207 1 1
G171 0 0 1.30609846 0 0.485556901 1.818326 0 0.00772577617 0 0 0 0 0.0263468474 0.0773930848 0 0.247613534 0 0.583836794 0 0 0 0 0 0 0.635509312 0.31424427 0 0 0.23238498 0 0 0 0 0 0 0 0 0 0.816730976 0 0.927629232 0 0.215650052 0 0 0 0 0 0 0 0 0 0 0.227973118 0 0.17750679 0 0 0 0 0 0 0.446644068 0.344630808 0 0 1 0 0 0 0 0 0 0.111111112 0.428317338 0.325942278 0.326677442 0.970744193 1 1
Y210 0 0 1.30609846 0 0.485556901 1.818326 0 0.00772577617 0 0 0 0 0.0263468474 0.0773930848 0 0.247613534 0 0.583836794 0 0 0 0 0 0 0.635509312 0.31424427 0 0 0.23238498 0 0 0 0 0 0 0 0 0 0.816730976 0 0.927629232 0 0.215650052 0 0 0 0 0 0 0 0 0 0 0.227973118 0 0.17750679 0 0 0 0 0 0 0.446644068 0.344630808 0 0 1 0 0 0 0 0 0 0.185185179 0.270238161 0.466594666 0.354782522 0.965935647 1 1
Z172 0 0 1.30609846 0 0.485556901 1.818326 0 0.00772577617 0 0 0 0 0.0263468474 0.0773930848 0 0.247613534 0 0.583836794 0 0 0 0 0 0 0.635509312 0.31424427 0 0 0.23238498 0 0 0 0 0 0 0 0 0 0.816730976 0 0.927629232 0 0.215650052 0 0 0 0 0 0 0 0 0 0 0.227973118 0 0.17750679 0 0 0 0 0 0 0.446644068 0.344630808 0 0 0 0 0 1 0 0 0 0.0370370373 0.270238161 0.199850589 0.200301364 0.974099696 1 1
X172 0 0 1.30609846 0 0.485556901 1.818326 0 0.00772577617 0 0 0 0 0.0263468474 0.0773930848 0 0.247613534 0 0.583836794 0 0 0 0 0 0 0.635509312 0.31424427 0 0 0.23238498 0 0 0 0 0 0 0 0 0 0.816730976 0 0.927629232 0 0.215650052 0 0 0 0 0 0 0 0 0 0 0.227973118 0 0.17750679 0 0 0 0 0 0 0.446644068 0.344630808 0 0 1 0 0 0 0 0 0 0.0740740746 0.270238161 0.29277581 0.200301364 0.972765207 1 1
G172 0 0 1.30609846 0 0.485556901 1.818326 0 0.00772577617 0 0 0 0 0.0263468474 0.0773930848 0 0.247613534 0 0.583836794 0 0 0 0 0 0 0.635509312 0.31424427 0 0 0.23238498 0 0 0 0 0 0 0 0 0 0.816730976 0 0.927629232 0 0.215650052 0 0 0 0 0 0 0 0 0 0 0.227973118 0 0.17750679 0 0 0 0 0 0 0.446644068 0.344630808 0 0 1 0 0 0 0 0 0 0.111111112 0.428317338 0.325942278 0.326677442 0.970744193 1 1
W211 0 0 1.30609846 0 0.485556901 1.818326 0 0.00772577617 0 0 0 0 0.0263468474 0.0773930848 0 0.247613534 0 0.583836794 0 0 0 0 0 0 0.635509312 0.31424427 0 0 0.23238498 0 0 0 0 0 0 0 0 0 0.816730976 0 0.927629232 0 0.215650052 0 0 0 0 0 0 0 0 0 0 0.227973118 0 0.17750679 0 0 0 0 0 0 0.446644068 0.344630808 0 0 0 0 0 1 0 0 0 0.148148149 0.270238161 0.353984088 0.354782522 0.970065296 1 1
Z173 0 0 1.30609846 0 0.485556901 1.818326 0 0.00772577617 0 0 0 0 0.0263468474 0.0773930848 0 0.247613534 0 0.583836794 0 0 0 0 0 0 0.635509312 0.31424427 0 0 0.23238498 0 0 0 0 0 0 0 0 0 0.816730976 0 0.927629232 0 0.215650052 0 0 0 0 0 0 0 0 0 0 0.227973118 0 0.17750679 0 0 0 0 0 0 0.446644068 0.344630808 0 0 0 0 0 1 0 0 0 0.0370370373 0.270238161 0.199850589 0.200301364 0.974099696 1 1
X173 0 0 1.30609846 0 0.485556901 1.818326 0 0.00772577617 0 0 0 0 0.0263468474 0.0773930848 0 0.247613534 0 0.583836794 0 0 0 0 0 0 0.635509312 0.31424427 0 0 0.23238498 0 0 0 0 0 0 0 0 0 0.816730976 0 0.927629232 0 0.215650052 0 0 0 0 0 0 0 0 0 0 0.227973118 0 0.17750679 0 0 0 0 0 0 0.446644068 0.344630808 0 0 1 0 0 0 0 0 0 0.0740740746 0.270238161 0.29277581 0.200301364 0.972765207 1 1
G173 0 0 1.30609846 0 0.485556901 1.818326 0 0.00772577617 0 0 0 0 0.0263468474 0.0773930848 0 0.247613534 0 0.583836794 0 0 0 0 0 0 0.635509312 0.31424427 0 0 0.23238498 0 0 0 0 0 0 0 0 0 0.816730976 0 0.927629232 0 0.215650052 0 0 0 0 0 0 0 0 0 0 0.227973118 0 0.17750679 0 0 0 0 0 0 0.446644068 0.344630808 0 0 1 0 0 0 0 0 0 0.111111112 0.428317338 0.325942278 0.326677442 0.970744193 1 1
Y211 0 0 1.30609846 0 0.485556901 1.818326 0 0.00772577617 0 0 0 0 0.0263468474 0.0773930848 0 0.247613534 0 0.583836794 0 0 0 0 0 0 0.635509312 0.31424427 0 0 0.23238498 0 0 0 0 0 0 0 0 0 0.816730976 0 0.927629232 0 0.215650052 0 0 0 0 0 0 0 0 0 0 0.227973118 0 0.17750679 0 0 0 0 0 0 0.446644068 0.344630808 0 0 1 0 0 0 0 0 0 0.185185179 0.270238161 0.466594666 0.354782522 0.965935647 1 1
Z174 0 0 1.30609846 0 0.485556901 1.818326 0 0.00772577617 0 0 0 0 0.0263468474 0.0773930848 0 0.247613534 0 0.583836794 0 0 0 0 0 0 0.635509312 0.31424427 0 0 0.23238498 0 0 0 0 0 0 0 0 0 0.816730976 0 0.927629232 0 0.215650052 0 0 0 0 0 0 0 0 0 0 0.227973118 0 0.17750679 0 0 0 0 0 0 0.446644068 0.344630808 0 0 0 0 0 1 0 0 0 0.0370370373 0.270238161 0.199850589 0.200301364 0.974099696 1 1
X174 0 0 1.30609846 0 0.485556901 1.818326 0 0.00772577617 0 0 0 0 0.0263468474 0.0773930848 0 0.247613534 0 0.583836794 0 0 0 0 0 0 0.635509312 0.31424427 0 0 0.23238498 0 0 0 0 0 0 0 0 0 0.816730976 0 0.927629232 0 0.215650052 0 0 0 0 0 0 0 0 0 0 0.227973118 0 0.17750679 0 0 0 0 0 0 0.446644068 0.344630808 0 0 1 0 0 0 0 0 0 0.0740740746 0.270238161 0.29277581 0.200301364 0.972765207 1 1
G174 0 0 1.30609846 0 0.485556901 1.818326 0 0.00772577617 0 0 0 0 0.0263468474 0.0773930848 0 0.247613534 0 0.583836794 0 0 0 0 0 0 0.635509312 0.31424427 0 0 0.23238498 0 0 0 0 0 0 0 0 0 0.816730976 0 0.927629232 0 0.215650052 0 0 0 0 0 0 0 0 0 0 0.227973118 0 0.17750679 0 0 0 0 0 0 0.446644068 0.344630808 0 0 1 0 0 0 0 0 0 0.111111112 0.428317338 0.325942278 0.326677442 0.970744193 1 1
W212 0 0 1.30609846 0 0.485556901 1.818326 0 0.00772577617 0 0 0 0 0.0263468474 0.0773930848 0 0.247613534 0 0.583836794 0 0 0 0 0 0 0.635509312 0.31424427 0 0 0.23238498 0 0 0 0 0 0 0 0 0 0.816730976 0 0.927629232 0 0.215650052 0 0 0 0 0 0 0 0 0 0 0.227973118 0 0.17750679 0 0 0 0 0 0 0.446644068 0.344630808 0 0 0 0 0 1 0 0 0 0.148148149 0.270238161 0.353984088 0.354782522 0.970065296 1 1
Z175 0 0 1.30609846 0 0.485556901 1.818326 0 0.00772577617 0 0 0 0 0.0263468474 0.0773930848 0 0.247613534 0 0.583836794 0 0 0 0 0 0 0.635509312 0.31424427 0 0 0.23238498 0 0 0 0 0 0 0 0 0 0.816730976 0 0.927629232 0 0.215650052 0 0 0 0 0 0 0 0 0 0 0.227973118 0 0.17750679 0 0 0 0 0 0 0.446644068 0.344630808 0 0 0 0 0 1 0 0 0 0.0370370373 0.270238161 0.199850589 0.200301364 0.974099696 1 1
X175 0 0 1.30609846 0 0.485556901 1.818326 0 0.00772577617 0 0 0 0 0.0263468474 0.0773930848 0 0.247613534 0 0.583836794 0 0 0 0 0 0 0.635509312 0.31424427 0 0 0.23238498 0 0 0 0 0 0 0 0 0 0.816730976 0 0.927629232 0 0.215650052 0 0 0 0 0 0 0 0 0 0 0.227973118 0 0.17750679 0 0 0 0 0 0 0.446644068 0.344630808 0 0 1 0 0 0 0 0 0 0.0740740746 0.270238161 0.29277581 0.200301364 0.972765207 1 1
G175 0 0 1.30609846 0 0.485556901 1.818326 0 0.00772577617 0 0 0 0 0.0263468474 0.0773930848 0 0.247613534 0 0.583836794 0 0 0 0 0 0 0.635509312 0.31424427 0 0 0.23238498 0 0 0 0 0 0 0 0 0 0.816730976 0 0.927629232 0 0.215650052 0 0 0 0 0 0 0 0 0 0 0.227973118 0 0.17750679 0 0 0 0 0 0 0.446644068 0.344630808 0 0 1 0 0 0 0 0 0 0.111111112 0.428317338 0.325942278 0.326677442 0.970744193 1 1
Y212 0 0 1.30609846 0 0.485556901 1.818326 0 0.00772577617 0 0 0 0 0.0263468474 0.0773930848 0 0.247613534 0 0.583836794 0 0 0 0 0 0 0.635509312 0.31424427 0 0 0.23238498 0 0 0 0 0 0 0 0 0 0.816730976 0 0.927629232 0 0.215650052 0 0 0 0 0 0 0 0 0 0 0.227973118 0 0.17750679 0 0 0 0 0 0 0.446644068 0.344630808 0 0 1 0 0 0 0 0 0 0.185185179 0.270238161 0.466594666 0.354782522 0.965935647 1 1
Z176 0 0 1.30609846 0 0.485556901 1.818326 0 0.00772577617 0 0 0 0 0.0263468474 0.0773930848 0 0.247613534 0 0.583836794 0 0 0 0 0 0 0.635509312 0.31424427 0 0 0.23238498 0 0 0 0 0 0 0 0 0 0.816730976 0 0.927629232 0 0.215650052 0 0 0 0 0 0 0 0 0 0 0.227973118 0 0.17750679 0 0 0 0 0 0 0.446644068 0.344630808 0 0 0 0 0 1 0 0 0 0.0370370373 0.270238161 0.199850589 0.200301364 0.974099696 1 1
X176 0 0 1.30609846 0 0.485556901 1.818326 0 0.00772577617 0 0 0 0 0.0263468474 0.0773930848 0 0.247613534 0 0.583836794 0 0 0 0 0 0 0.635509312 0.31424427 0 0 0.23238498 0 0 0 0 0 0 0 0 0 0.816730976 0 0.927629232 0 0.215650052 0 0 0 0 0 0 0 0 0 0 0.227973118 0 0.17750679 0 0 0 0 0 0 0.446644068 0.344630808 0 0 1 0 0 0 0 0 0 0.0740740746 0.270238161 0.29277581 0.200301364 0.972765207 1 1
G176 0 0 1.30609846 0 0.485556901 1.818326 0 0.00772577617 0 0 0 0 0.0263468474 0.0773930848 0 0.247613534 0 0.583836794 0 0 0 0 0 0 0.635509312 0.31424427 0 0 0.23238498 0 0 0 0 0 0 0 0 0 0.816730976 0 0.927629232 0 0.215650052 0 0 0 0 0 0 0 0 0 0 0.227973118 0 0.17750679 0 0 0 0 0 0 0.446644068 0.344630808 0 0 1 0 0 0 0 0 0 0.111111112 0.428317338 0.325942278 0.326677442 0.970744193 1 1
W213 0 0 1.30609846 0 0.485556901 1.818326 0 0.00772577617 0 0 0 0 0.0263468474 0.0773930848 0 0.247613534 0 0.583836794 0 0 0 0 0 0 0.635509312 0.31424427 0 0 0.23238498 0 0 0 0 0 0 0 0 0 0.816730976 0 0.927629232 0 0.215650052 0 0 0 0 0 0 0 0 0 0 0.227973118 0 0.17750679 0 0 0 0 0 0 0.446644068 0.344630808 0 0 0 0 0 1 0 0 0 0.148148149 0.270238161 0.353984088 0.354782522 0.970065296 1 1
Z177 0 0 1.30609846 0 0.485556901 1.818326 0 0.00772577617 0 0 0 0 0.0263468474 0.0773930848 0 0.247613534 0 0.583836794 0 0 0 0 0 0 0.635509312 0.31424427 0 0 0.23238498 0 0 0 0 0 0 0 0 0 0.816730976 0 0.927629232 0 0.215650052 0 0 0 0 0 0 0 0 0 0 0.227973118 0 0.17750679 0 0 0 0 0 0 0.446644068 0.344630808 0 0 0 0 0 1 0 0 0 0.0370370373 0.270238161 0.199850589 0.200301364 0.974099696 1 1
X177 0 0 1.30609846 0 0.485556901 1.818326 0 0.00772577617 0 0 0 0 0.0263468474 0.0773930848 0 0.247613534 0 0.583836794 0 0 0 0 0 0 0.635509312 0.31424427 0 0 0.23238498 0 0 0 0 0 0 0 0 0 0.816730976 0 0.927629232 0 0.215650052 0 0 0 0 0 0 0 0 0 0 0.227973118 0 0.17750679 0 0 0 0 0 0 0.446644068 0.344630808 0 0 1 0 0 0 0 0 0 0.0740740746 0.270238161 0.29277581 0.200301364 0.972765207 1 1
G177 0 0 1.30609846 0 0.485556901 1.818326 0 0.00772577617 0 0 0 0 0.0263468474 0.0773930848 0 0.247613534 0 0.583836794 0 0 0 0 0 0 0.635509312 0.31424427 0 0 0.23238498 0 0 0 0 0 0 0 0 0 0.816730976 0 0.927629232 0 0.215650052 0 0 0 0 0 0 0 0 0 0 0.227973118 0 0.17750679 0 0 0 0 0 0 0.446644068 0.344630808 0 0 1 0 0 0 0 0 0 0.111111112 0.428317338 0.325942278 0.326677442 0.970744193 1 1
Y213 0 0 1.30609846 0 0.485556901 1.818326 0 0.00772577617 0 0 0 0 0.0263468474 0.0773930848 0 0.247613534 0 0.583836794 0 0 0 0 0 0 0.635509312 0.31424427 0 0 0.23238498 0 0 0 0 0 0 0 0 0 0.816730976 0 0.927629232 0 0.215650052 0 0 0 0 0 0 0 0 0 0 0.227973118 0 0.17750679 0 0 0 0 0 0 0.446644068 0.344630808 0 0 1 0 0 0 0 0 0 0.185185179 0.270238161 0.466594666 0.354782522 0.965935647 1 1
Z178 0 0 1.30609846 0 0.485556901 1.818326 0 0.00772577617 0 0 0 0 0.0263468474 0.0773930848 0 0.247613534 0 0.583836794 0 0 0 0 0 0 0.635509312 0.31424427 0 0 0.23238498 0 0 0 0 0 0 0 0 0 0.816730976 0 0.927629232 0 0.215650052 0 0 0 0 0 0 0 0 0 0 0.227973118 0 0.17750679 0 0 0 0 0 0 0.446644068 0.344630808 0 0 0 0 0 1 0 0 0 0.0370370373 0.270238161 0.199850589 0.200301364 0.974099696 1 1
X178 0 0 1.30609846 0 0.485556901 1.818326 0 0.00772577617 0 0 0 0 0.0263468474 0.0773930848 0 0.247613534 0 0.583836794 0 0 0 0 0 0 0.635509312 0.31424427 0 0 0.23238498 0 0 0 0 0 0 0 0 0 0.816730976 0 0.927629232 0 0.215650052 0 0 0 0 0 0 0 0 0 0 0.227973118 0 0.17750679 0 0 0 0 0 0 0.446644068 0.344630808 0 0 1 0 0 0 0 0 0 0.0740740746 0.270238161 0.29277581 0.200301364 0.972765207 1 1
G178 0 0 1.30609846 0 0.485556901 1.818326 0 0.00772577617 0 0 0 0 0.0263468474 0.0773930848 0 0.247613534 0 0.583836794 0 0 0 0 0 0 0.635509312 0.31424427 0 0 0.23238498 0 0 0 0 0 0 0 0 0 0.816730976 0 0.927629232 0 0.215650052 0 0 0 0 0 0 0 0 0 0 0.227973118 0 0.17750679 0 0 0 0 0 0 0.446644068 0.344630808 0 0 1 0 0 0 0 0 0 0.111111112 0.428317338 0.325942278 0.326677442 0.970744193 1 1
W214 0 0 1.30609846 0 0.485556901 1.818326 0 0.00772577617 0 0 0 0 0.0263468474 0.0773930848 0 0.247613534 0 0.583836794 0 0 0 0 0 0 0.635509312 0.31424427 0 0 0.23238498 0 0 0 0 0 0 0 0 0 0.816730976 0 0.927629232 0 0.215650052 0 0 0 0 0 0 0 0 0 0 0.227973118 0 0.17750679 0 0 0 0 0 0 0.446644068 0.344630808 0 0 0 0 0 1 0 0 0 0.148148149 0.270238161 0.353984088 0.354782522 0.970065296 1 1
Z179 0 0 1.30609846 0 0.485556901 1.818326 0 0.00772577617 0 0 0 0 0.0263468474 0.0773930848 0 0.247613534 0 0.583836794 0 0 0 0 0 0 0.635509312 0.31424427 0 0 0.23238498 0 0 0 0 0 0 0 0 0 0.816730976 0 0.927629232 0 0.215650052 0 0 0 0 0 0 0 0 0 0 0.227973118 0 0.17750679 0 0 0 0 0 0 0.446644068 0.344630808 0 0 0 0 0 1 0 0 0 0.0370370373 0.270238161 0.199850589 0.200301364 0.974099696 1 1
X179 0 0 1.30609846 0 0.485556901 1.818326 0 0.00772577617 0 0 0 0 0.0263468474 0.0773930848 0 0.247613534 0 0.583836794 0 0 0 0 0 0 0.635509312 0.31424427 0 0 0.23238498 0 0 0 0 0 0 0 0 0 0.816730976 0 0.927629232 0 0.215650052 0 0 0 0 0 0 0 0 0 0 0.227973118 0 0.17750679 0 0 0 0 0 0 0.446644068 0.344630808 0 0 1 0 0 0 0 0 0 0.0740740746 0.270238161 0.29277581 0.200301364 0.972765207 1 1
G179 0 0 1.30609846 0 0.485556901 1.818326 0 0.00772577617 0 0 0 0 0.0263468474 0.0773930848 0 0.247613534 0 0.583836794 0 0 0 0 0 0 0.635509312 0.31424427 0 0 0.23238498 0 0 0 0 0 0 0 0 0 0.816730976 0 0.927629232 0 0.215650052 0 0 0 0 0 0 0 0 0 0 0.227973118 0 0.17750679 0 0 0 0 0 0 0.446644068 0.344630808 0 0 1 0 0 0 0 0 0 0.111111112 0.428317338 0.325942278 0.326677442 0.970744193 1 1
Y214 0 0 1.30609846 0 0.485556901 1.818326 0 0.00772577617 0 0 0 0 0.0263468474 0.0773930848 0 0.247613534 0 0.583836794 0 0 0 0 0 0 0.635509312 0.31424427 0 0 0.23238498 0 0 0 0 0 0 0 0 0 0.816730976 0 0.927629232 0 0.215650052 0 0 0 0 0 0 0 0 0 0 0.227973118 0 0.17750679 0 0 0 0 0 0 0.446644068 0.344630808 0 0 1 0 0 0 0 0 0 0.185185179 0.270238161 0.466594666 0.354782522 0.965935647 1 1
Z180 0 0 1.30609846 0 0.485556901 1.818326 0 0.00772577617 0 0 0 0 0.0263468474 0.0773930848 0 0.247613534 0 0.583836794 0 0 0 0 0 0 0.635509312 0.31424427 0 0 0.23238498 0 0 0 0 0 0 0 0 0 0.816730976 0 0.927629232 0 0.215650052 0 0 0 0 0 0 0 0 0 0 0.227973118 0 0.17750679 0 0 0 0 0 0 0.446644068 0.344630808 0 0 0 0 0 1 0 0 0 0.0370370373 0.270238161 0.199850589 0.200301364 0.974099696 1 1
X180 0 0 1.30609846 0 0.485556901 1.818326 0 0.00772577617 0 0 0 0 0.0263468474 0.0773930848 0 0.247613534 0 0.583836794 0 0 0 0 0 0 0.635509312 0.31424427 0 0 0.23238498 0 0 0 0 0 0 0 0 0 0.816730976 0 0.927629232 0 0.215650052 0 0 0 0 0 0 0 0 0 0 0.227973118 0 0.17750679 0 0 0 0 0 0 0.446644068 0.344630808 0 0 1 0 0 0 0 0 0 0.0740740746 0.270238161 0.29277581 0.200301364 0.972765207 1 1
G180 0 0 1.30609846 0 0.485556901 1.818326 0 0.00772577617 0 0 0 0 0.0263468474 0.0773930848 0 0.247613534 0 0.583836794 0 0 0 0 0 0 0.635509312 0.31424427 0 0 0.23238498 0 0 0 0 0 0 0 0 0 0.816730976 0 0.927629232 0 0.215650052 0 0 0 0 0 0 0 0 0 0 0.227973118 0 0.17750679 0 0 0 0 0 0 0.446644068 0.344630808 0 0 1 0 0 0 0 0 0 0.111111112 0.428317338 0.325942278 0.326677442 0.970744193 1 1
W215 0 0 1.30609846 0 0.485556901 1.818326 0 0.00772577617 0 0 0 0 0.0263468474 0.0773930848 0 0.247613534 0 0.583836794 0 0 0 0 0 0 0.635509312 0.31424427 0 0 0.23238498 0 0 0 0 0 0 0 0 0 0.816730976 0 0.927629232 0 0.215650052 0 0 0 0 0 0 0 0 0 0 0.227973118 0 0.17750679 0 0 0 0 0 0 0.446644068 0.344630808 0 0 0 0 0 1 0 0 0 0.148148149 0.270238161 0.353984088 0.354782522 0.970065296 1 1
Z181 0 0 1.30609846 0 0.485556901 1.818326 0 0.00772577617 0 0 0 0 0.0263468474 0.0773930848 0 0.247613534 0 0.583836794 0 0 0 0 0 0 0.635509312 0.31424427 0 0 0.23238498 0 0 0 0 0 0 0 0 0 0.816730976 0 0.927629232 0 0.215650052 0 0 0 0 0 0 0 0 0 0 0.227973118 0 0.17750679 0 0 0 0 0 0 0.446644068 0.344630808 0 0 0 0 0 1 0 0 0 0.0370370373 0.270238161 0.199850589 0.200301364 0.974099696 1 1
X181 0 0 1.30609846 0 0.485556901 1.818326 0 0.00772577617 0 0 0 0 0.0263468474 0.0773930848 0 0.247613534 0 0.583836794 0 0 0 0 0 0 0.635509312 0.31424427 0 0 0.23238498 0 0 0 0 0 0 0 0 0 0.816730976 0 0.927629232 0 0.215650052 0 0 0 0 0 0 0 0 0 0 0.227973118 0 0.17750679 0 0 0 0 0 0 0.446644068 0.344630808 0 0 1 0 0 0 0 0 0 0.0740740746 0.270238161 0.29277581 0.200301364 0.972765207 1 1
G181 0 0 1.30609846 0 0.485556901 1.818326 0 0.00772577617 0 0 0 0 0.0263468474 0.0773930848 0 0.247613534 0 0.583836794 0 0 0 0 0 0 0.635509312 0.31424427 0 0 0.23238498 0 0 0 0 0 0 0 0 0 0.816730976 0 0.927629232 0 0.215650052 0 0 0 0 0 0 0 0 0 0 0.227973118 0 0.17750679 0 0 0 0 0 0 0.446644068 0.344630808 0 0 1 0 0 0 0 0 0 0.111111112 0.428317338 0.325942278 0.326677442 0.970744193 1 1
Y215 0 0 1.30609846 0 0.485556901 1.818326 0 0.00772577617 0 0 0 0 0.0263468474 0.0773930848 0 0.247613534 0 0.583836794 0 0 0 0 0 0 0.635509312 0.31424427 0 0 0.23238498 0 0 0 0 0 0 0 0 0 0.816730976 0 0.927629232 0 0.215650052 0 0 0 0 0 0 0 0 0 0 0.227973118 0 0.17750679 0 0 0 0 0 0 0.446644068 0.344630808 0 0 1 0 0 0 0 0 0 0.185185179 0.270238161 0.466594666 0.354782522 0.965935647 1 1
Z182 0 0 1.30609846 0 0.485556901 1.818326 0 0.00772577617 0 0 0 0 0.0263468474 0.0773930848 0 0.247613534 0 0.583836794 0 0 0 0 0 0 0.635509312 0.31424427 0 0 0.23238498 0 0 0 0 0 0 0 0 0 0.816730976 0 0.927629232 0 0.215650052 0 0 0 0 0 0 0 0 0 0 0.227973118 0 0.17750679 0 0 0 0 0 0 0.446644068 0.344630808 0 0 0 0 0 1 0 0 0 0.0370370373 0.270238161 0.199850589 0.200301364 0.974099696 1 1
X182 0 0 1.30609846 0 0.485556901 1.818326 0 0.00772577617 0 0 0 0 0.0263468474 0.0773930848 0 0.247613534 0 0.583836794 0 0 0 0 0 0 0.635509312 0.31424427 0 0 0.23238498 0 0 0 0 0 0 0 0 0 0.816730976 0 0.927629232 0 0.215650052 0 0 0 0 0 0 0 0 0 0 0.227973118 0 0.17750679 0 0 0 0 0 0 0.446644068 0.344630808 0 0 1 0 0 0 0 0 0 0.0740740746 0.270238161 0.29277581 0.200301364 0.972765207 1 1
G182 0 0 1.30609846 0 0.485556901 1.818326 0 0.00772577617 0 0 0 0 0.0263468474 0.0773930848 0 0.247613534 0 0.583836794 0 0 0 0 0 0 0.635509312 0.31424427 0 0 0.23238498 0 0 0 0 0 0 0 0 0 0.816730976 0 0.927629232 0 0.215650052 0 0 0 0 0 0 0 0 0 0 0.227973118 0 0.17750679 0 0 0 0 0 0 0.446644068 0.344630808 0 0 1 0 0 0 0 0 0 0.111111112 0.428317338 0.325942278 0.326677442 0.970744193 1 1
W216 0 0 1.30609846 0 0.485556901 1.818326 0 0.00772577617 0 0 0 0 0.0263468474 0.0773930848 0 0.247613534 0 0.583836794 0 0 0 0 0 0 0.635509312 0.31424427 0 0 0.23238498 0 0 0 0 0 0 0 0 0 0.816730976 0 0.927629232 0 0.215650052 0 0 0 0 0 0 0 0 0 0 0.227973118 0 0.17750679 0 0 0 0 0 0 0.446644068 0.344630808 0 0 0 0 0 1 0 0 0 0.148148149 0.270238161 0.353984088 0.354782522 0.970065296 1 1
Z183 0 0 1.30609846 0 0.485556901 1.818326 0 0.00772577617 0 0 0 0 0.0263468474 0.0773930848 0 0.247613534 0 0.583836794 0 0 0 0 0 0 0.635509312 0.31424427 0 0 0.23238498 0 0 0 0 0 0 0 0 0 0.816730976 0 0.927629232 0 0.215650052 0 0 0 0 0 0 0 0 0 0 0.227973118 0 0.17750679 0 0 0 0 0 0 0.446644068 0.344630808 0 0 0 0 0 1 0 0 0 0.0370370373 0.270238161 0.199850589 0.200301364 0.974099696 1 1
X183 0 0 1.30609846 0 0.485556901 1.818326 0 0.00772577617 0 0 0 0 0.0263468474 0.0773930848 0 0.247613534 0 0.583836794 0 0 0 0 0 0 0.635509312 0.31424427 0 0 0.23238498 0 0 0 0 0 0 0 0 0 0.816730976 0 0.927629232 0 0.215650052 0 0 0 0 0 0 0 0 0 0 0.227973118 0 0.17750679 0 0 0 0 0 0 0.446644068 0.344630808 0 0 1 0 0 0 0 0 0 0.0740740746 0.270238161 0.29277581 0.200301364 0.972765207 1 1
G183 0 0 1.30609846 0 0.485556901 1.818326 0 0.00772577617 0 0 0 0 0.0263468474 0.0773930848 0 0.247613534 0 0.583836794 0 0 0 0 0 0 0.635509312 0.31424427 0 0 0.23238498 0 0 0 0 0 0 0 0 0 0.816730976 0 0.927629232 0 0.215650052 0 0 0 0 0 0 0 0 0 0 0.227973118 0 0.17750679 0 0 0 0 0 0 0.446644068 0.344630808 0 0 1 0 0 0 0 0 0 0.111111112 0.428317338 0.325942278 0.326677442 0.970744193 1 1
Y216 0 0 1.30609846 0 0.485556901 1.818326 0 0.00772577617 0 0 0 0 0.0263468474 0.0773930848 0 0.247613534 0 0.583836794 0 0 0 0 0 0 0.635509312 0.31424427 0 0 0.23238498 0 0 0 0 0 0 0 0 0 0.816730976 0 0.927629232 0 0.215650052 0 0 0 0 0 0 0 0 0 0 0.227973118 0 0.17750679 0 0 0 0 0 0 0.446644068 0.344630808 0 0 1 0 0 0 0 0 0 0.185185179 0.270238161 0.466594666 0.354782522 0.965935647 1 1
Z184 0 0 1.30609846 0 0.485556901 1.818326 0 0.00772577617 0 0 0 0 0.0263468474 0.0773930848 0 0.247613534 0 0.583836794 0 0 0 0 0 0 0.635509312 0.31424427 0 0 0.23238498 0 0 0 0 0 0 0 0 0 0.816730976 0 0.927629232 0 0.215650052 0 0 0 0 0 0 0 0 0 0 0.227973118 0 0.17750679 0 0 0 0 0 0 0.446644068 0.344630808 0 0 0 0 0 1 0 0 0 0.0370370373 0.270238161 0.199850589 0.200301364 0.974099696 1 1
X184 0 0 1.30609846 0 0.485556901 1.818326 0 0.00772577617 0 0 0 0 0.0263468474 0.0773930848 0 0.247613534 0 0.583836794 0 0 0 0 0 0 0.635509312 0.31424427 0 0 0.23238498 0 0 0 0 0 0 0 0 0 0.816730976 0 0.927629232 0 0.215650052 0 0 0 0 0 0 0 0 0 0 0.227973118 0 0.17750679 0 0 0 0 0 0 0.446644068 0.344630808 0 0 1 0 0 0 0 0 0 0.0740740746 0.270238161 0.29277581 0.200301364 0.972765207 1 1
G184 0 0 1.30609846 0 0.485556901 1.818326 0 0.00772577617 0 0 0 0 0.0263468474 0.0773930848 0 0.247613534 0 0.583836794 0 0 0 0 0 0 0.635509312 0.31424427 0 0 0.23238498 0 0 0 0 0 0 0 0 0 0.816730976 0 0.927629232 0 0.215650052 0 0 0 0 0 0 0 0 0 0 0.227973118 0 0.17750679 0 0 0 0 0 0 0.446644068 0.344630808 0 0 1 0 0 0 0 0 0 0.111111112 0.428317338 0.325942278 0.326677442 0.970744193 1 1
W217 0 0 1.30609846 0 0.485556901 1.818326 0 0.00772577617 0 0 0 0 0.0263468474 0.0773930848 0 0.247613534 0 0.583836794 0 0 0 0 0 0 0.635509312 0.31424427 0 0 0.23238498 0 0 0 0 0 0 0 0 0 0.816730976 0 0.927629232 0 0.215650052 0 0 0 0 0 0 0 0 0 0 0.227973118 0 0.17750679 0 0 0 0 0 0 0.446644068 0.344630808 0 0 0 0 0 1 0 0 0 0.148148149 0.270238161 0.353984088 0.354782522 0.970065296 1 1
Z185 0 0 1.30609846 0 0.485556901 1.818326 0 0.00772577617 0 0 0 0 0.0263468474 0.0773930848 0 0.247613534 0 0.583836794 0 0 0 0 0 0 0.635509312 0.31424427 0 0 0.23238498 0 0 0 0 0 0 0 0 0 0.816730976 0 0.927629232 0 0.215650052 0 0 0 0 0 0 0 0 0 0 0.227973118 0 0.17750679 0 0 0 0 0 0 0.446644068 0.344630808 0 0 0 0 0 1 0 0 0 0.0370370373 0.270238161 0.199850589 0.200301364 0.974099696 1 1
X185 0 0 1.30609846 0 0.485556901 1.818326 0 0.00772577617 0 0 0 0 0.0263468474 0.0773930848 0 0.247613534 0 0.583836794 0 0 0 0 0 0 0.635509312 0.31424427 0 0 0.23238498 0 0 0 0 0 0 0 0 0 0.816730976 0 0.927629232 0 0.215650052 0 0 0 0 0 0 0 0 0 0 0.227973118 0 0.17750679 0 0 0 0 0 0 0.446644068 0.344630808 0 0 1 0 0 0 0 0 0 0.0740740746 0.270238161 0.29277581 0.200301364 0.972765207 1 1
G185 0 0 1.30609846 0 0.485556901 1.818326 0 0.00772577617 0 0 0 0 0.0263468474 0.0773930848 0 0.247613534 0 0.583836794 0 0 0 0 0 0 0.635509312 0.31424427 0 0 0.23238498 0 0 0 0 0 0 0 0 0 0.816730976 0 0.927629232 0 0.215650052 0 0 0 0 0 0 0 0 0 0 0.227973118 0 0.17750679 0 0 0 0 0 0 0.446644068 0.344630808 0 0 1 0 0 0 0 0 0 0.111111112 0.428317338 0.325942278 0.326677442 0.970744193 1 1
Y217 0 0 1.30609846 0 0.485556901 1.818326 0 0.00772577617 0 0 0 0 0.0263468474 0.0773930848 0 0.247613534 0 0.583836794 0 0 0 0 0 0 0.635509312 0.31424427 0 0 0.23238498 0 0 0 0 0 0 0 0 0 0.816730976 0 0.927629232 0 0.215650052 0 0 0 0 0 0 0 0 0 0 0.227973118 0 0.17750679 0 0 0 0 0 0 0.446644068 0.344630808 0 0 1 0 0 0 0 0 0 0.185185179 0.270238161 0.466594666 0.354782522 0.965935647 1 1
Z186 0 0 1.30609846 0 0.485556901 1.818326 0 0.00772577617 0 0 0 0 0.0263468474 0.0773930848 0 0.247613534 0 0.583836794 0 0 0 0 0 0 0.635509312 0.31424427 0 0 0.23238498 0 0 0 0 0 0 0 0 0 0.816730976 0 0.927629232 0 0.215650052 0 0 0 0 0 0 0 0 0 0 0.227973118 0 0.17750679 0 0 0 0 0 0 0.446644068 0.344630808 0 0 0 0 0 1 0 0 0 0.148148149 0.270238161 0.353984088 0.354782522 0.996526718 1 1
X186 0 0 1.30609846 0 0.485556901 1.818326 0 0.00772577617 0 0 0 0 0.0263468474 0.0773930848 0 0.247613534 0 0.583836794 0 0 0 0 0 0 0.635509312 0.31424427 0 0 0.23238498 0 0 0 0 0 0 0 0 0 0.816730976 0 0.927629232 0 0.215650052 0 0 0 0 0 0 0 0 0 0 0.227973118 0 0.17750679 0 0 0 0 0 0 0.446644068 0.344630808 0 0 1 0 0 0 0 0 0 0.185185179 0.270238161 0.466594666 0.354782522 0.992983043 1 1
G186 0 0 1.30609846 0 0.485556901 1.818326 0 0.00772577617 0 0 0 0 0.0263468474 0.0773930848 0 0.247613534 0 0.583836794 0 0 0 0 0 0 0.635509312 0.31424427 0 0 0.23238498 0 0 0 0 0 0 0 0 0 0.816730976 0 0.927629232 0 0.215650052 0 0 0 0 0 0 0 0 0 0 0.227973118 0 0.17750679 0 0 0 0 0 0 0.446644068 0.344630808 0 0 1 0 0 0 0 0 0 0.222222224 0.627473593 0.480075777 0.481158614 0.988755882 1 1
W218 0 0 1.30609846 0 0.485556901 1.818326 0 0.00772577617 0 0 0 0 0.0263468474 0.0773930848 0 0.247613534 0 0.583836794 0 0 0 0 0 0 0.635509312 0.31424427 0 0 0.23238498 0 0 0 0 0 0 0 0 0 0.816730976 0 0.927629232 0 0.215650052 0 0 0 0 0 0 0 0 0 0 0.227973118 0 0.17750679 0 0 0 0 0 0 0.446644068 0.344630808 0 0 0 0 0 1 0 0 0 0.259259254 0.270238161 0.492626399 0.493737549 0.988143563 1 1
W220 0 0 1.30609846 0 0.485556901 1.818326 0 0.00772577617 0 0 0 0 0.0263468474 0.0773930848 0 0.247613534 0 0.583836794 0 0 0 0 0 0 0.635509312 0.31424427 0 0 0.23238498 0 0 0 0 0 0 0 0 0 0.816730976 0 0.927629232 0 0.215650052 0 0 0 0 0 0 0 0 0 0 0.227973118 0 0.17750679 0 0 0 0 0 0 0.446644068 0.344630808 0 0 0 0 0 1 0 0 0 0.259259254 0.270238161 0.492626399 0.493737549 0.988143563 1 1
Z189 0 0 1.30609846 0 0.485556901 1.818326 0 0.00772577617 0 0 0 0 0.0263468474 0.0773930848 0 0.247613534 0 0.583836794 0 0 0 0 0 0 0.635509312 0.31424427 0 0 0.23238498 0 0 0 0 0 0 0 0 0 0.816730976 0 0.927629232 0 0.215650052 0 0 0 0 0 0 0 0 0 0 0.227973118 0 0.17750679 0 0 0 0 0 0 0.446644068 0.344630808 0 0 0 0 0 1 0 0 0 0.148148149 0.270238161 0.353984088 0.354782522 0.996526718 1 1
X189 0 0 1.30609846 0 0.485556901 1.818326 0 0.00772577617 0 0 0 0 0.0263468474 0.0773930848 0 0.247613534 0 0.583836794 0 0 0 0 0 0 0.635509312 0.31424427 0 0 0.23238498 0 0 0 0 0 0 0 0 0 0.816730976 0 0.927629232 0 0.215650052 0 0 0 0 0 0 0 0 0 0 0.227973118 0 0.17750679 0 0 0 0 0 0 0.446644068 0.344630808 0 0 1 0 0 0 0 0 0 0.185185179 0.270238161 0.466594666 0.354782522 0.992983043 1 1
G189 0 0 1.30609846 0 0.485556901 1.818326 0 0.00772577617 0 0 0 0 0.0263468474 0.0773930848 0 0.247613534 0 0.583836794 0 0 0 0 0 0 0.635509312 0.31424427 0 0 0.23238498 0 0 0 0 0 0 0 0 0 0.816730976 0 0.927629232 0 0.215650052 0 0 0 0 0 0 0 0 0 0 0.227973118 0 0.17750679 0 0 0 0 0 0 0.446644068 0.344630808 0 0 1 0 0 0 0 0 0 0.222222224 0.627473593 0.480075777 0.481158614 0.988755882 1 1
W221 0 0 1.30609846 0 0.485556901 1.818326 0 0.00772577617 0 0 0 0 0.0263468474 0.0773930848 0 0.247613534 0 0.583836794 0 0 0 0 0 0 0.635509312 0.31424427 0 0 0.23238498 0 0 0 0 0 0 0 0 0 0.816730976 0 0.927629232 0 0.215650052 0 0 0 0 0 0 0 0 0 0 0.227973118 0 0.17750679 0 0 0 0 0 0 0.446644068 0.344630808 0 0 0 0 0 1 0 0 0 0.259259254 0.270238161 0.492626399 0.493737549 0.988143563 1 1
Y218 0 0 1.30609846 0 0.485556901 1.818326 0 0.00772577617 0 0 0 0 0.0263468474 0.0773930848 0 0.247613534 0 0.583836794 0 0 0 0 0 0 0.635509312 0.31424427 0 0 0.23238498 0 0 0 0 0 0 0 0 0 0.816730976 0 0.927629232 0 0.215650052 0 0 0 0 0 0 0 0 0 0 0.227973118 0 0.17750679 0 0 0 0 0 0 0.446644068 0.344630808 0 0 1 0 0 0 0 0 0 0.296296299 0.270238161 0.612550974 0.493737549 0.97933805 1 1
Z192 0 0 1.30609846 0 0.485556901 1.818326 0 0.00772577617 0 0 0 0 0.0263468474 0.0773930848 0 0.247613534 0 0.583836794 0 0 0 0 0 0 0.635509312 0.31424427 0 0 0.23238498 0 0 0 0 0 0 0 0 0 0.816730976 0 0.927629232 0 0.215650052 0 0 0 0 0 0 0 0 0 0 0.227973118 0 0.17750679 0 0 0 0 0 0 0.446644068 0.344630808 0 0 0 0 0 1 0 0 0 0.148148149 0.270238161 0.353984088 0.354782522 0.996526718 1 1
X192 0 0 1.30609846 0 0.485556901 1.818326 0 0.00772577617 0 0 0 0 0.0263468474 0.0773930848 0 0.247613534 0 0.583836794 0 0 0 0 0 0 0.635509312 0.31424427 0 0 0.23238498 0 0 0 0 0 0 0 0 0 0.816730976 0 0.927629232 0 0.215650052 0 0 0 0 0 0 0 0 0 0 0.227973118 0 0.17750679 0 0 0 0 0 0 0.446644068 0.344630808 0 0 1 0 0 0 0 0 0 0.185185179 0.270238161 0.466594666 0.354782522 0.992983043 1 1
G192 0 0 1.30609846 0 0.485556901 1.818326 0 0.00772577617 0 0 0 0 0.0263468474 0.0773930848 0 0.247613534 0 0.583836794 0 0 0 0 0 0 0.635509312 0.31424427 0 0 0.23238498 0 0 0 0 0 0 0 0 0 0.816730976 0 0.927629232 0 0.215650052 0 0 0 0 0 0 0 0 0 0 0.227973118 0 0.17750679 0 0 0 0 0 0 0.446644068 0.344630808 0 0 1 0 0 0 0 0 0 0.222222224 0.627473593 0.480075777 0.481158614 0.988755882 1 1
W219 0 0 1.30609846 0 0.485556901 1.818326 0 0.00772577617 0 0 0 0 0.0263468474 0.0773930848 0 0.247613534 0 0.583836794 0 0 0 0 0 0 0.635509312 0.31424427 0 0 0.23238498 0 0 0 0 0 0 0 0 0 0.816730976 0 0.927629232 0 0.215650052 0 0 0 0 0 0 0 0 0 0 0.227973118 0 0.17750679 0 0 0 0 0 0 0.446644068 0.344630808 0 0 0 0 0 1 0 0 0 0.259259254 0.270238161 0.492626399 0.493737549 0.988143563 1 1
Y220 0 0 1.30609846 0 0.485556901 1.818326 0 0.00772577617 0 0 0 0 0.0263468474 0.0773930848 0 0.247613534 0 0.583836794 0 0 0 0 0 0 0.635509312 0.31424427 0 0 0.23238498 0 0 0 0 0 0 0 0 0 0.816730976 0 0.927629232 0 0.215650052 0 0 0 0 0 0 0 0 0 0 0.227973118 0 0.17750679 0 0 0 0 0 0 0.446644068 0.344630808 0 0 1 0 0 0 0 0 0 0.296296299 0.270238161 0.612550974 0.493737549 0.97933805 1 1
Z195 0 0 1.30609846 0 0.485556901 1.818326 0 0.00772577617 0 0 0 0 0.0263468474 0.0773930848 0 0.247613534 0 0.583836794 0 0 0 0 0 0 0.635509312 0.31424427 0 0 0.23238498 0 0 0 0 0 0 0 0 0 0.816730976 0 0.927629232 0 0.215650052 0 0 0 0 0 0 0 0 0 0 0.227973118 0 0.17750679 0 0 0 0 0 0 0.446644068 0.344630808 0 0 0 0 0 1 0 0 0 0.148148149 0.270238161 0.353984088 0.354782522 0.996526718 1 1
X195 0 0 1.30609846 0 0.485556901 1.818326 0 0.00772577617 0 0 0 0 0.0263468474 0.0773930848 0 0.247613534 0 0.583836794 0 0 0 0 0 0 0.635509312 0.31424427 0 0 0.23238498 0 0 0 0 0 0 0 0 0 0.816730976 0 0.927629232 0 0.215650052 0 0 0 0 0 0 0 0 0 0 0.227973118 0 0.17750679 0 0 0 0 0 0 0.446644068 0.344630808 0 0 1 0 0 0 0 0 0 0.185185179 0.270238161 0.466594666 0.354782522 0.992983043 1 1
G195 0 0 1.30609846 0 0.485556901 1.818326 0 0.00772577617 0 0 0 0 0.0263468474 0.0773930848 0 0.247613534 0 0.583836794 0 0 0 0 0 0 0.635509312 0.31424427 0 0 0.23238498 0 0 0 0 0 0 0 0 0 0.816730976 0 0.927629232 0 0.215650052 0 0 0 0 0 0 0 0 0 0 0.227973118 0 0.17750679 0 0 0 0 0 0 0.446644068 0.344630808 0 0 1 0 0 0 0 0 0 0.222222224 0.627473593 0.480075777 0.481158614 0.988755882 1 1
Y219 0 0 1.30609846 0 0.485556901 1.818326 0 0.00772577617 0 0 0 0 0.0263468474 0.0773930848 0 0.247613534 0 0.583836794 0 0 0 0 0 0 0.635509312 0.31424427 0 0 0.23238498 0 0 0 0 0 0 0 0 0 0.816730976 0 0.927629232 0 0.215650052 0 0 0 0 0 0 0 0 0 0 0.227973118 0 0.17750679 0 0 0 0 0 0 0.446644068 0.344630808 0 0 1 0 0 0 0 0 0 0.296296299 0.270238161 0.612550974 0.493737549 0.97933805 1 1
Y221 0 0 1.30609846 0 0.485556901 1.818326 0 0.00772577617 0 0 0 0 0.0263468474 0.0773930848 0 0.247613534 0 0.583836794 0 0 0 0 0 0 0.635509312 0.31424427 0 0 0.23238498 0 0 0 0 0 0 0 0 0 0.816730976 0 0.927629232 0 0.215650052 0 0 0 0 0 0 0 0 0 0 0.227973118 0 0.17750679 0 0 0 0 0 0 0.446644068 0.344630808 0 0 1 0 0 0 0 0 0 0.296296299 0.270238161 0.612550974 0.493737549 0.97933805 1 1
Z198 0 0 1.30609846 0 0.485556901 1.818326 0 0.00772577617 0 0 0 0 0.0263468474 0.0773930848 0 0.247613534 0 0.583836794 0 0 0 0 0 0 0.635509312 0.31424427 0 0 0.23238498 0 0 0 0 0 0 0 0 0 0.816730976 0 0.927629232 0 0.215650052 0 0 0 0 0 0 0 0 0 0 0.227973118 0 0.17750679 0 0 0 0 0 0 0.446644068 0.344630808 0 0 0 0 0 1 0 0 0 0.148148149 0.270238161 0.353984088 0.354782522 0.996526718 1 1
X198 0 0 1.30609846 0 0.485556901 1.818326 0 0.00772577617 0 0 0 0 0.0263468474 0.0773930848 0 0.247613534 0 0.583836794 0 0 0 0 0 0 0.635509312 0.31424427 0 0 0.23238498 0 0 0 0 0 0 0 0 0 0.816730976 0 0.927629232 0 0.215650052 0 0 0 0 0 0 0 0 0 0 0.227973118 0 0.17750679 0 0 0 0 0 0 0.446644068 0.344630808 0 0 1 0 0 0 0 0 0 0.185185179 0.270238161 0.466594666 0.354782522 0.992983043 1 1
G198 0 0 1.30609846 0 0.485556901 1.818326 0 0.00772577617 0 0 0 0 0.0263468474 0.0773930848 0 0.247613534 0 0.583836794 0 0 0 0 0 0 0.635509312 0.31424427 0 0 0.23238498 0 0 0 0 0 0 0 0 0 0.816730976 0 0.927629232 0 0.215650052 0 0 0 0 0 0 0 0 0 0 0.227973118 0 0.17750679 0 0 0 0 0 0 0.446644068 0.344630808 0 0 1 0 0 0 0 0 0 0.222222224 0.627473593 0.480075777 0.481158614 0.988755882 1 1
W222 0 0 1.30609846 0 0.485556901 1.818326 0 0.00772577617 0 0 0 0 0.0263468474 0.0773930848 0 0.247613534 0 0.583836794 0 0 0 0 0 0 0.635509312 0.31424427 0 0 0.23238498 0 0 0 0 0 0 0 0 0 0.816730976 0 0.927629232 0 0.215650052 0 0 0 0 0 0 0 0 0 0 0.227973118 0 0.17750679 0 0 0 0 0 0 0.446644068 0.344630808 0 0 0 0 0 1 0 0 0 0.259259254 0.270238161 0.492626399 0.493737549 0.988143563 1 1
W224 0 0 1.30609846 0 0.485556901 1.818326 0 0.00772577617 0 0 0 0 0.0263468474 0.0773930848 0 0.247613534 0 0.583836794 0 0 0 0 0 0 0.635509312 0.31424427 0 0 0.23238498 0 0 0 0 0 0 0 0 0 0.816730976 0 0.927629232 0 0.215650052 0 0 0 0 0 0 0 0 0 0 0.227973118 0 0.17750679 0 0 0 0 0 0 0.446644068 0.344630808 0 0 0 0 0 1 0 0 0 0.259259254 0.270238161 0.492626399 0.493737549 0.988143563 1 1
Z201 0 0 1.30609846 0 0.485556901 1.818326 0 0.00772577617 0 0 0 0 0.0263468474 0.0773930848 0 0.247613534 0 0.583836794 0 0 0 0 0 0 0.635509312 0.31424427 0 0 0.23238498 0 0 0 0 0 0 0 0 0 0.816730976 0 0.927629232 0 0.215650052 0 0 0 0 0 0 0 0 0 0 0.227973118 0 0.17750679 0 0 0 0 0 0 0.446644068 0.344630808 0 0 0 0 0 1 0 0 0 0.148148149 0.270238161 0.353984088 0.354782522 0.996526718 1 1
X201 0 0 1.30609846 0 0.485556901 1.818326 0 0.00772577617 0 0 0 0 0.0263468474 0.0773930848 0 0.247613534 0 0.583836794 0 0 0 0 0 0 0.635509312 0.31424427 0 0 0.23238498 0 0 0 0 0 0 0 0 0 0.816730976 0 0.927629232 0 0.215650052 0 0 0 0 0 0 0 0 0 0 0.227973118 0 0.17750679 0 0 0 0 0 0 0.446644068 0.344630808 0 0 1 0 0 0 0 0 0 0.185185179 0.270238161 0.466594666 0.354782522 0.992983043 1 1
G201 0 0 1.30609846 0 0.485556901 1.818326 0 0.00772577617 0 0 0 0 0.0263468474 0.0773930848 0 0.247613534 0 0.583836794 0 0 0 0 0 0 0.635509312 0.31424427 0 0 0.23238498 0 0 0 0 0 0 0 0 0 0.816730976 0 0.927629232 0 0.215650052 0 0 0 0 0 0 0 0 0 0 0.227973118 0 0.17750679 0 0 0 0 0 0 0.446644068 0.344630808 0 0 1 0 0 0 0 0 0 0.222222224 0.627473593 0.480075777 0.481158614 0.988755882 1 1
W225 0 0 1.30609846 0 0.485556901 1.818326 0 0.00772577617 0 0 0 0 0.0263468474 0.0773930848 0 0.247613534 0 0.583836794 0 0 0 0 0 0 0.635509312 0.31424427 0 0 0.23238498 0 0 0 0 0 0 0 0 0 0.816730976 0 0.927629232 0 0.215650052 0 0 0 0 0 0 0 0 0 0 0.227973118 0 0.17750679 0 0 0 0 0 0 0.446644068 0.344630808 0 0 0 0 0 1 0 0 0 0.259259254 0.270238161 0.492626399 0.493737549 0.988143563 1 1
Y222 0 0 1.30609846 0 0.485556901 1.818326 0 0.00772577617 0 0 0 0 0.0263468474 0.0773930848 0 0.247613534 0 0.583836794 0 0 0 0 0 0 0.635509312 0.31424427 0 0 0.23238498 0 0 0 0 0 0 0 0 0 0.816730976 0 0.927629232 0 0.215650052 0 0 0 0 0 0 0 0 0 0 0.227973118 0 0.17750679 0 0 0 0 0 0 0.446644068 0.344630808 0 0 1 0 0 0 0 0 0 0.296296299 0.270238161 0.612550974 0.493737549 0.97933805 1 1
Z204 0 0 1.30609846 0 0.485556901 1.818326 0 0.00772577617 0 0 0 0 0.0263468474 0.0773930848 0 0.247613534 0 0.583836794 0 0 0 0 0 0 0.635509312 0.31424427 0 0 0.23238498 0 0 0 0 0 0 0 0 0 0.816730976 0 0.927629232 0 0.215650052 0 0 0 0 0 0 0 0 0 0 0.227973118 0 0.17750679 0 0 0 0 0 0 0.446644068 0.344630808 0 0 0 0 0 1 0 0 0 0.148148149 0.270238161 0.353984088 0.354782522 0.996526718 1 1
X204 0 0 1.30609846 0 0.485556901 1.818326 0 0.00772577617 0 0 0 0 0.0263468474 0.0773930848 0 0.247613534 0 0.583836794 0 0 0 0 0 0 0.635509312 0.31424427 0 0 0.23238498 0 0 0 0 0 0 0 0 0 0.816730976 0 0.927629232 0 0.215650052 0 0 0 0 0 0 0 0 0 0 0.227973118 0 0.17750679 0 0 0 0 0 0 0.446644068 0.344630808 0 0 1 0 0 0 0 0 0 0.185185179 0.270238161 0.466594666 0.354782522 0.992983043 1 1
G204 0 0 1.30609846 0 0.485556901 1.818326 0 0.00772577617 0 0 0 0 0.0263468474 0.0773930848 0 0.247613534 0 0.583836794 0 0 0 0 0 0 0.635509312 0.31424427 0 0 0.23238498 0 0 0 0 0 0 0 0 0 0.816730976 0 0.927629232 0 0.215650052 0 0 0 0 0 0 0 0 0 0 0.227973118 0 0.17750679 0 0 0 0 0 0 0.446644068 0.344630808 0 0 1 0 0 0 0 0 0 0.222222224 0.627473593 0.480075777 0.481158614 0.988755882 1 1
W223 0 0 1.30609846 0 0.485556901 1.818326 0 0.00772577617 0 0 0 0 0.0263468474 0.0773930848 0 0.247613534 0 0.583836794 0 0 0 0 0 0 0.635509312 0.31424427 0 0 0.23238498 0 0 0 0 0 0 0 0 0 0.816730976 0 0.927629232 0 0.215650052 0 0 0 0 0 0 0 0 0 0 0.227973118 0 0.17750679 0 0 0 0 0 0 0.446644068 0.344630808 0 0 0 0 0 1 0 0 0 0.259259254 0.270238161 0.492626399 0.493737549 0.988143563 1 1
Y224 0 0 1.30609846 0 0.485556901 1.818326 0 0.00772577617 0 0 0 0 0.0263468474 0.0773930848 0 0.247613534 0 0.583836794 0 0 0 0 0 0 0.635509312 0.31424427 0 0 0.23238498 0 0 0 0 0 0 0 0 0 0.816730976 0 0.927629232 0 0.215650052 0 0 0 0 0 0 0 0 0 0 0.227973118 0 0.17750679 0 0 0 0 0 0 0.446644068 0.344630808 0 0 1 0 0 0 0 0 0 0.296296299 0.270238161 0.612550974 0.493737549 0.97933805 1 1
Z207 0 0 1.30609846 0 0.485556901 1.818326 0 0.00772577617 0 0 0 0 0.0263468474 0.0773930848 0 0.247613534 0 0.583836794 0 0 0 0 0 0 0.635509312 0.31424427 0 0 0.23238498 0 0 0 0 0 0 0 0 0 0.816730976 0 0.927629232 0 0.215650052 0 0 0 0 0 0 0 0 0 0 0.227973118 0 0.17750679 0 0 0 0 0 0 0.446644068 0.344630808 0 0 0 0 0 1 0 0 0 0.148148149 0.270238161 0.353984088 0.354782522 0.996526718 1 1
X207 0 0 1.30609846 0 0.485556901 1.818326 0 0.00772577617 0 0 0 0 0.0263468474 0.0773930848 0 0.247613534 0 0.583836794 0 0 0 0 0 0 0.635509312 0.31424427 0 0 0.23238498 0 0 0 0 0 0 0 0 0 0.816730976 0 0.927629232 0 0.215650052 0 0 0 0 0 0 0 0 0 0 0.227973118 0 0.17750679 0 0 0 0 0 0 0.446644068 0.344630808 0 0 1 0 0 0 0 0 0 0.185185179 0.270238161 0.466594666 0.354782522 0.992983043 1 1
G207 0 0 1.30609846 0 0.485556901 1.818326 0 0.00772577617 0 0 0 0 0.0263468474 0.0773930848 0 0.247613534 0 0.583836794 0 0 0 0 0 0 0.635509312 0.31424427 0 0 0.23238498 0 0 0 0 0 0 0 0 0 0.816730976 0 0.927629232 0 0.215650052 0 0 0 0 0 0 0 0 0 0 0.227973118 0 0.17750679 0 0 0 0 0 0 0.446644068 0.344630808 0 0 1 0 0 0 0 0 0 0.222222224 0.627473593 0.480075777 0.481158614 0.988755882 1 1
Y223 0 0 1.30609846 0 0.485556901 1.818326 0 0.00772577617 0 0 0 0 0.0263468474 0.0773930848 0 0.247613534 0 0.583836794 0 0 0 0 0 0 0.635509312 0.31424427 0 0 0.23238498 0 0 0 0 0 0 0 0 0 0.816730976 0 0.927629232 0 0.215650052 0 0 0 0 0 0 0 0 0 0 0.227973118 0 0.17750679 0 0 0 0 0 0 0.446644068 0.344630808 0 0 1 0 0 0 0 0 0 0.296296299 0.270238161 0.612550974 0.493737549 0.97933805 1 1
Y225 0 0 1.30609846 0 0.485556901 1.818326 0 0.00772577617 0 0 0 0 0.0263468474 0.0773930848 0 0.247613534 0 0.583836794 0 0 0 0 0 0 0.635509312 0.31424427 0 0 0.23238498 0 0 0 0 0 0 0 0 0 0.816730976 0 0.927629232 0 0.215650052 0 0 0 0 0 0 0 0 0 0 0.227973118 0 0.17750679 0 0 0 0 0 0 0.446644068 0.344630808 0 0 1 0 0 0 0 0 0 0.296296299 0.270238161 0.612550974 0.493737549 0.97933805 1 1
Z210 0 0 1.30609846 0 0.485556901 1.818326 0 0.00772577617 0 0 0 0 0.0263468474 0.0773930848 0 0.247613534 0 0.583836794 0 0 0 0 0 0 0.635509312 0.31424427 0 0 0.23238498 0 0 0 0 0 0 0 0 0 0.816730976 0 0.927629232 0 0.215650052 0 0 0 0 0 0 0 0 0 0 0.227973118 0 0.17750679 0 0 0 0 0 0 0.446644068 0.344630808 0 0 0 0 0 1 0 0 0 0.148148149 0.270238161 0.353984088 0.354782522 0.970065296 1 1
X210 0 0 1.30609846 0 0.485556901 1.818326 0 0.00772577617 0 0 0 0 0.0263468474 0.0773930848 0 0.247613534 0 0.583836794 0 0 0 0 0 0 0.635509312 0.31424427 0 0 0.23238498 0 0 0 0 0 0 0 0 0 0.816730976 0 0.927629232 0 0.215650052 0 0 0 0 0 0 0 0 0 0 0.227973118 0 0.17750679 0 0 0 0 0 0 0.446644068 0.344630808 0 0 1 0 0 0 0 0 0 0.185185179 0.270238161 0.466594666 0.354782522 0.965935647 1 1
G210 0 0 1.30609846 0 0.485556901 1.818326 0 0.00772577617 0 0 0 0 0.0263468474 0.0773930848 0 0.247613534 0 0.583836794 0 0 0 0 0 0 0.635509312 0.31424427 0 0 0.23238498 0 0 0 0 0 0 0 0 0 0.816730976 0 0.927629232 0 0.215650052 0 0 0 0 0 0 0 0 0 0 0.227973118 0 0.17750679 0 0 0 0 0 0 0.446644068 0.344630808 0 0 1 0 0 0 0 0 0 0.222222224 0.428317338 0.480075777 0.481158614 0.960991025 1 1
W234 0 0 1.30609846 0 0.485556901 1.818326 0 0.00772577617 0 0 0 0 0.0263468474 0.0773930848 0 0.247613534 0 0.583836794 0 0 0 0 0 0 0.635509312 0.31424427 0 0 0.23238498 0 0 0 0 0 0 0 0 0 0.816730976 0 0.927629232 0 0.215650052 0 0 0 0 0 0 0 0 0 0 0.227973118 0 0.17750679 0 0 0 0 0 0 0.446644068 0.344630808 0 0 0 0 0 1 0 0 0 0.259259254 0.270238161 0.492626399 0.493737549 0.979981899 1 1
Z211 0 0 1.30609846 0 0.485556901 1.818326 0 0.00772577617 0 0 0 0 0.0263468474 0.0773930848 0 0.247613534 0 0.583836794 0 0 0 0 0 0 0.635509312 0.31424427 0 0 0.23238498 0 0 0 0 0 0 0 0 0 0.816730976 0 0.927629232 0 0.215650052 0 0 0 0 0 0 0 0 0 0 0.227973118 0 0.17750679 0 0 0 0 0 0 0.446644068 0.344630808 0 0 0 0 0 1 0 0 0 0.148148149 0.270238161 0.353984088 0.354782522 0.970065296 1 1
X211 0 0 1.30609846 0 0.485556901 1.818326 0 0.00772577617 0 0 0 0 0.0263468474 0.0773930848 0 0.247613534 0 0.583836794 0 0 0 0 0 0 0.635509312 0.31424427 0 0 0.23238498 0 0 0 0 0 0 0 0 0 0.816730976 0 0.927629232 0 0.215650052 0 0 0 0 0 0 0 0 0 0 0.227973118 0 0.17750679 0 0 0 0 0 0 0.446644068 0.344630808 0 0 1 0 0 0 0 0 0 0.185185179 0.270238161 0.466594666 0.354782522 0.965935647 1 1
G211 0 0 1.30609846 0 0.485556901 1.818326 0 0.00772577617 0 0 0 0 0.0263468474 0.0773930848 0 0.247613534 0 0.583836794 0 0 0 0 0 0 0.635509312 0.31424427 0 0 0.23238498 0 0 0 0 0 0 0 0 0 0.816730976 0 0.927629232 0 0.215650052 0 0 0 0 0 0 0 0 0 0 0.227973118 0 0.17750679 0 0 0 0 0 0 0.446644068 0.344630808 0 0 1 0 0 0 0 0 0 0.222222224 0.428317338 0.480075777 0.481158614 0.960991025 1 1
W247 0 0 1.30609846 0 0.485556901 1.818326 0 0.00772577617 0 0 0 0 0.0263468474 0.0773930848 0 0.247613534 0 0.583836794 0 0 0 0 0 0 0.635509312 0.31424427 0 0 0.23238498 0 0 0 0 0 0 0 0 0 0.816730976 0 0.927629232 0 0.215650052 0 0 0 0 0 0 0 0 0 0 0.227973118 0 0.17750679 0 0 0 0 0 0 0.446644068 0.344630808 0 0 0 0 0 1 0 0 0 0.259259254 0.270238161 0.492626399 0.493737549 0.979981899 1 1
Z212 0 0 1.30609846 0 0.485556901 1.818326 0 0.00772577617 0 0 0 0 0.0263468474 0.0773930848 0 0.247613534 0 0.583836794 0 0 0 0 0 0 0.635509312 0.31424427 0 0 0.23238498 0 0 0 0 0 0 0 0 0 0.816730976 0 0.927629232 0 0.215650052 0 0 0 0 0 0 0 0 0 0 0.227973118 0 0.17750679 0 0 0 0 0 0 0.446644068 0.344630808 0 0 0 0 0 1 0 0 0 0.148148149 0.270238161 0.353984088 0.354782522 0.970065296 1 1
X212 0 0 1.30609846 0 0.485556901 1.818326 0 0.00772577617 0 0 0 0 0.0263468474 0.0773930848 0 0.247613534 0 0.583836794 0 0 0 0 0 0 0.635509312 0.31424427 0 0 0.23238498 0 0 0 0 0 0 0 0 0 0.816730976 0 0.927629232 0 0.215650052 0 0 0 0 0 0 0 0 0 0 0.227973118 0 0.17750679 0 0 0 0 0 0 0.446644068 0.344630808 0 0 1 0 0 0 0 0 0 0.185185179 0.270238161 0.466594666 0.354782522 0.965935647 1 1
G212 0 0 1.30609846 0 0.485556901 1.818326 0 0.00772577617 0 0 0 0 0.0263468474 0.0773930848 0 0.247613534 0 0.583836794 0 0 0 0 0 0 0.635509312 0.31424427 0 0 0.23238498 0 0 0 0 0 0 0 0 0 0.816730976 0 0.927629232 0 0.215650052 0 0 0 0 0 0 0 0 0 0 0.227973118 0 0.17750679 0 0 0 0 0 0 0.446644068 0.344630808 0 0 1 0 0 0 0 0 0 0.222222224 0.428317338 0.480075777 0.481158614 0.960991025 1 1
W260 0 0 1.30609846 0 0.485556901 1.818326 0 0.00772577617 0 0 0 0 0.0263468474 0.0773930848 0 0.247613534 0 0.583836794 0 0 0 0 0 0 0.635509312 0.31424427 0 0 0.23238498 0 0 0 0 0 0 0 0 0 0.816730976 0 0.927629232 0 0.215650052 0 0 0 0 0 0 0 0 0 0 0.227973118 0 0.17750679 0 0 0 0 0 0 0.446644068 0.344630808 0 0 0 0 0 1 0 0 0 0.259259254 0.270238161 0.492626399 0.493737549 0.979981899 1 1
Z213 0 0 1.30609846 0 0.485556901 1.818326 0 0.00772577617 0 0 0 0 0.0263468474 0.0773930848 0 0.247613534 0 0.583836794 0 0 0 0 0 0 0.635509312 0.31424427 0 0 0.23238498 0 0 0 0 0 0 0 0 0 0.816730976 0 0.927629232 0 0.215650052 0 0 0 0 0 0 0 0 0 0 0.227973118 0 0.17750679 0 0 0 0 0 0 0.446644068 0.344630808 0 0 0 0 0 1 0 0 0 0.148148149 0.270238161 0.353984088 0.354782522 0.970065296 1 1
X213 0 0 1.30609846 0 0.485556901 1.818326 0 0.00772577617 0 0 0 0 0.0263468474 0.0773930848 0 0.247613534 0 0.583836794 0 0 0 0 0 0 0.635509312 0.31424427 0 0 0.23238498 0 0 0 0 0 0 0 0 0 0.816730976 0 0.927629232 0 0.215650052 0 0 0 0 0 0 0 0 0 0 0.227973118 0 0.17750679 0 0 0 0 0 0 0.446644068 0.344630808 0 0 1 0 0 0 0 0 0 0.185185179 0.270238161 0.466594666 0.354782522 0.965935647 1 1
G213 0 0 1.30609846 0 0.485556901 1.818326 0 0.00772577617 0 0 0 0 0.0263468474 0.0773930848 0 0.247613534 0 0.583836794 0 0 0 0 0 0 0.635509312 0.31424427 0 0 0.23238498 0 0 0 0 0 0 0 0 0 0.816730976 0 0.927629232 0 0.215650052 0 0 0 0 0 0 0 0 0 0 0.227973118 0 0.17750679 0 0 0 0 0 0 0.446644068 0.344630808 0 0 1 0 0 0 0 0 0 0.222222224 0.428317338 0.480075777 0.481158614 0.960991025 1 1
W273 0 0 1.30609846 0 0.485556901 1.818326 0 0.00772577617 0 0 0 0 0.0263468474 0.0773930848 0 0.247613534 0 0.583836794 0 0 0 0 0 0 0.635509312 0.31424427 0 0 0.23238498 0 0 0 0 0 0 0 0 0 0.816730976 0 0.927629232 0 0.215650052 0 0 0 0 0 0 0 0 0 0 0.227973118 0 0.17750679 0 0 0 0 0 0 0.446644068 0.344630808 0 0 0 0 0 1 0 0 0 0.259259254 0.270238161 0.492626399 0.493737549 0.979981899 1 1
Z214 0 0 1.30609846 0 0.485556901 1.818326 0 0.00772577617 0 0 0 0 0.0263468474 0.0773930848 0 0.247613534 0 0.583836794 0 0 0 0 0 0 0.635509312 0.31424427 0 0 0.23238498 0 0 0 0 0 0 0 0 0 0.816730976 0 0.927629232 0 0.215650052 0 0 0 0 0 0 0 0 0 0 0.227973118 0 0.17750679 0 0 0 0 0 0 0.446644068 0.344630808 0 0 0 0 0 1 0 0 0 0.148148149 0.270238161 0.353984088 0.354782522 0.970065296 1 1
X214 0 0 1.30609846 0 0.485556901 1.818326 0 0.00772577617 0 0 0 0 0.0263468474 0.0773930848 0 0.247613534 0 0.583836794 0 0 0 0 0 0 0.635509312 0.31424427 0 0 0.23238498 0 0 0 0 0 0 0 0 0 0.816730976 0 0.927629232 0 0.215650052 0 0 0 0 0 0 0 0 0 0 0.227973118 0 0.17750679 0 0 0 0 0 0 0.446644068 0.344630808 0 0 1 0 0 0 0 0 0 0.185185179 0.270238161 0.466594666 0.354782522 0.965935647 1 1
G214 0 0 1.30609846 0 0.485556901 1.818326 0 0.00772577617 0 0 0 0 0.0263468474 0.0773930848 0 0.247613534 0 0.583836794 0 0 0 0 0 0 0.635509312 0.31424427 0 0 0.23238498 0 0 0 0 0 0 0 0 0 0.816730976 0 0.927629232 0 0.215650052 0 0 0 0 0 0 0 0 0 0 0.227973118 0 0.17750679 0 0 0 0 0 0 0.446644068 0.344630808 0 0 1 0 0 0 0 0 0 0.222222224 0.428317338 0.480075777 0.481158614 0.960991025 1 1
W286 0 0 1.30609846 0 0.485556901 1.818326 0 0.00772577617 0 0 0 0 0.0263468474 0.0773930848 0 0.247613534 0 0.583836794 0 0 0 0 0 0 0.635509312 0.31424427 0 0 0.23238498 0 0 0 0 0 0 0 0 0 0.816730976 0 0.927629232 0 0.215650052 0 0 0 0 0 0 0 0 0 0 0.227973118 0 0.17750679 0 0 0 0 0 0 0.446644068 0.344630808 0 0 0 0 0 1 0 0 0 0.259259254 0.270238161 0.492626399 0.493737549 0.979981899 1 1
Z215 0 0 1.30609846 0 0.485556901 1.818326 0 0.00772577617 0 0 0 0 0.0263468474 0.0773930848 0 0.247613534 0 0.583836794 0 0 0 0 0 0 0.635509312 0.31424427 0 0 0.23238498 0 0 0 0 0 0 0 0 0 0.816730976 0 0.927629232 0 0.215650052 0 0 0 0 0 0 0 0 0 0 0.227973118 0 0.17750679 0 0 0 0 0 0 0.446644068 0.344630808 0 0 0 0 0 1 0 0 0 0.148148149 0.270238161 0.353984088 0.354782522 0.970065296 1 1
X215 0 0 1.30609846 0 0.485556901 1.818326 0 0.00772577617 0 0 0 0 0.0263468474 0.0773930848 0 0.247613534 0 0.583836794 0 0 0 0 0 0 0.635509312 0.31424427 0 0 0.23238498 0 0 0 0 0 0 0 0 0 0.816730976 0 0.927629232 0 0.215650052 0 0 0 0 0 0 0 0 0 0 0.227973118 0 0.17750679 0 0 0 0 0 0 0.446644068 0.344630808 0 0 1 0 0 0 0 0 0 0.185185179 0.270238161 0.466594666 0.354782522 0.965935647 1 1
G215 0 0 1.30609846 0 0.485556901 1.818326 0 0.00772577617 0 0 0 0 0.0263468474 0.0773930848 0 0.247613534 0 0.583836794 0 0 0 0 0 0 0.635509312 0.31424427 0 0 0.23238498 0 0 0 0 0 0 0 0 0 0.816730976 0 0.927629232 0 0.215650052 0 0 0 0 0 0 0 0 0 0 0.227973118 0 0.17750679 0 0 0 0 0 0 0.446644068 0.344630808 0 0 1 0 0 0 0 0 0 0.222222224 0.428317338 0.480075777 0.481158614 0.960991025 1 1
W299 0 0 1.30609846 0 0.485556901 1.818326 0 0.00772577617 0 0 0 0 0.0263468474 0.0773930848 0 0.247613534 0 0.583836794 0 0 0 0 0 0 0.635509312 0.31424427 0 0 0.23238498 0 0 0 0 0 0 0 0 0 0.816730976 0 0.927629232 0 0.215650052 0 0 0 0 0 0 0 0 0 0 0.227973118 0 0.17750679 0 0 0 0 0 0 0.446644068 0.344630808 0 0 0 0 0 1 0 0 0 0.259259254 0.270238161 0.492626399 0.493737549 0.979981899 1 1
Z216 0 0 1.30609846 0 0.485556901 1.818326 0 0.00772577617 0 0 0 0 0.0263468474 0.0773930848 0 0.247613534 0 0.583836794 0 0 0 0 0 0 0.635509312 0.31424427 0 0 0.23238498 0 0 0 0 0 0 0 0 0 0.816730976 0 0.927629232 0 0.215650052 0 0 0 0 0 0 0 0 0 0 0.227973118 0 0.17750679 0 0 0 0 0 0 0.446644068 0.344630808 0 0 0 0 0 1 0 0 0 0.148148149 0.270238161 0.353984088 0.354782522 0.970065296 1 1
X216 0 0 1.30609846 0 0.485556901 1.818326 0 0.00772577617 0 0 0 0 0.0263468474 0.0773930848 0 0.247613534 0 0.583836794 0 0 0 0 0 0 0.635509312 0.31424427 0 0 0.23238498 0 0 0 0 0 0 0 0 0 0.816730976 0 0.927629232 0 0.215650052 0 0 0 0 0 0 0 0 0 0 0.227973118 0 0.17750679 0 0 0 0 0 0 0.446644068 0.344630808 0 0 1 0 0 0 0 0 0 0.185185179 0.270238161 0.466594666 0.354782522 0.965935647 1 1
G216 0 0 1.30609846 0 0.485556901 1.818326 0 0.00772577617 0 0 0 0 0.0263468474 0.0773930848 0 0.247613534 0 0.583836794 0 0 0 0 0 0 0.635509312 0.31424427 0 0 0.23238498 0 0 0 0 0 0 0 0 0 0.816730976 0 0.927629232 0 0.215650052 0 0 0 0 0 0 0 0 0 0 0.227973118 0 0.17750679 0 0 0 0 0 0 0.446644068 0.344630808 0 0 1 0 0 0 0 0 0 0.222222224 0.428317338 0.480075777 0.481158614 0.960991025 1 1
W312 0 0 1.30609846 0 0.485556901 1.818326 0 0.00772577617 0 0 0 0 0.0263468474 0.0773930848 0 0.247613534 0 0.583836794 0 0 0 0 0 0 0.635509312 0.31424427 0 0 0.23238498 0 0 0 0 0 0 0 0 0 0.816730976 0 0.927629232 0 0.215650052 0 0 0 0 0 0 0 0 0 0 0.227973118 0 0.17750679 0 0 0 0 0 0 0.446644068 0.344630808 0 0 0 0 0 1 0 0 0 0.259259254 0.270238161 0.492626399 0.493737549 0.979981899 1 1
Z217 0 0 1.30609846 0 0.485556901 1.818326 0 0.00772577617 0 0 0 0 0.0263468474 0.0773930848 0 0.247613534 0 0.583836794 0 0 0 0 0 0 0.635509312 0.31424427 0 0 0.23238498 0 0 0 0 0 0 0 0 0 0.816730976 0 0.927629232 0 0.215650052 0 0 0 0 0 0 0 0 0 0 0.227973118 0 0.17750679 0 0 0 0 0 0 0.446644068 0.344630808 0 0 0 0 0 1 0 0 0 0.148148149 0.270238161 0.353984088 0.354782522 0.970065296 1 1
X217 0 0 1.30609846 0 0.485556901 1.818326 0 0.00772577617 0 0 0 0 0.0263468474 0.0773930848 0 0.247613534 0 0.583836794 0 0 0 0 0 0 0.635509312 0.31424427 0 0 0.23238498 0 0 0 0 0 0 0 0 0 0.816730976 0 0.927629232 0 0.215650052 0 0 0 0 0 0 0 0 0 0 0.227973118 0 0.17750679 0 0 0 0 0 0 0.446644068 0.344630808 0 0 1 0 0 0 0 0 0 0.185185179 0.270238161 0.466594666 0.354782522 0.965935647 1 1
G217 0 0 1.30609846 0 0.485556901 1.818326 0 0.00772577617 0 0 0 0 0.0263468474 0.0773930848 0 0.247613534 0 0.583836794 0 0 0 0 0 0 0.635509312 0.31424427 0 0 0.23238498 0 0 0 0 0 0 0 0 0 0.816730976 0 0.927629232 0 0.215650052 0 0 0 0 0 0 0 0 0 0 0.227973118 0 0.17750679 0 0 0 0 0 0 0.446644068 0.344630808 0 0 1 0 0 0 0 0 0 0.222222224 0.428317338 0.480075777 0.481158614 0.960991025 1 1
W325 0 0 1.30609846 0 0.485556901 1.818326 0 0.00772577617 0 0 0 0 0.0263468474 0.0773930848 0 0.247613534 0 0.583836794 0 0 0 0 0 0 0.635509312 0.31424427 0 0 0.23238498 0 0 0 0 0 0 0 0 0 0.816730976 0 0.927629232 0 0.215650052 0 0 0 0 0 0 0 0 0 0 0.227973118 0 0.17750679 0 0 0 0 0 0 0.446644068 0.344630808 0 0 0 0 0 1 0 0 0 0.259259254 0.270238161 0.492626399 0.493737549 0.979981899 1 1
Z218 0 0 1.30609846 0 0.485556901 1.818326 0 0.00772577617 0 0 0 0 0.0263468474 0.0773930848 0 0.247613534 0 0.583836794 0 0 0 0 0 0 0.635509312 0.31424427 0 0 0.23238498 0 0 0 0 0 0 0 0 0 0.816730976 0 0.927629232 0 0.215650052 0 0 0 0 0 0 0 0 0 0 0.227973118 0 0.17750679 0 0 0 0 0 0 0.446644068 0.344630808 0 0 0 0 0 1 0 0 0 0.259259254 0.270238161 0.492626399 0.493737549 0.988143563 1 1
X218 0 0 1.30609846 0 0.485556901 1.818326 0 0.00772577617 0 0 0 0 0.0263468474 0.0773930848 0 0.247613534 0 0.583836794 0 0 0 0 0 0 0.635509312 0.31424427 0 0 0.23238498 0 0 0 0 0 0 0 0 0 0.816730976 0 0.927629232 0 0.215650052 0 0 0 0 0 0 0 0 0 0 0.227973118 0 0.17750679 0 0 0 0 0 0 0.446644068 0.344630808 0 0 1 0 0 0 0 0 0 0.296296299 0.270238161 0.612550974 0.493737549 0.97933805 1 1
G218 0 0 1.30609846 0 0.485556901 1.818326 0 0.00772577617 0 0 0 0 0.0263468474 0.0773930848 0 0.247613534 0 0.583836794 0 0 0 0 0 0 0.635509312 0.31424427 0 0 0.23238498 0 0 0 0 0 0 0 0 0 0.816730976 0 0.927629232 0 0.215650052 0 0 0 0 0 0 0 0 0 0 0.227973118 0 0.17750679 0 0 0 0 0 0 0.446644068 0.344630808 0 0 1 0 0 0 0 0 0 0.333333343 0.428317338 0.618718088 0.620113611 0.969383776 1 1
Y230 0 0 1.30609846 0 0.485556901 1.818326 0 0.00772577617 0 0 0 0 0.0263468474 0.0773930848 0 0.247613534 0 0.583836794 0 0 0 0 0 0 0.635509312 0.31424427 0 0 0.23238498 0 0 0 0 0 0 0 0 0 0.816730976 0 0.927629232 0 0.215650052 0 0 0 0 0 0 0 0 0 0 0.227973118 0 0.17750679 0 0 0 0 0 0 0.446644068 0.344630808 0 0 1 0 0 0 0 0 0 0.370370358 0.270238161 0.641486764 0.326677442 0.966630697 1 1
Z219 0 0 1.30609846 0 0.485556901 1.818326 0 0.00772577617 0 0 0 0 0.0263468474 0.0773930848 0 0.247613534 0 0.583836794 0 0 0 0 0 0 0.635509312 0.31424427 0 0 0.23238498 0 0 0 0 0 0 0 0 0 0.816730976 0 0.927629232 0 0.215650052 0 0 0 0 0 0 0 0 0 0 0.227973118 0 0.17750679 0 0 0 0 0 0 0.446644068 0.344630808 0 0 0 0 0 1 0 0 0 0.259259254 0.270238161 0.492626399 0.493737549 0.988143563 1 1
X219 0 0 1.30609846 0 0.485556901 1.818326 0 0.00772577617 0 0 0 0 0.0263468474 0.0773930848 0 0.247613534 0 0.583836794 0 0 0 0 0 0 0.635509312 0.31424427 0 0 0.23238498 0 0 0 0 0 0 0 0 0 0.816730976 0 0.927629232 0 0.215650052 0 0 0 0 0 0 0 0 0 0 0.227973118 0 0.17750679 0 0 0 0 0 0 0.446644068 0.344630808 0 0 1 0 0 0 0 0 0 0.296296299 0.270238161 0.612550974 0.493737549 0.97933805 1 1
G219 0 0 1.30609846 0 0.485556901 1.818326 0 0.00772577617 0 0 0 0 0.0263468474 0.0773930848 0 0.247613534 0 0.583836794 0 0 0 0 0 0 0.635509312 0.31424427 0 0 0.23238498 0 0 0 0 0 0 0 0 0 0.816730976 0 0.927629232 0 0.215650052 0 0 0 0 0 0 0 0 0 0 0.227973118 0 0.17750679 0 0 0 0 0 0 0.446644068 0.344630808 0 0 1 0 0 0 0 0 0 0.333333343 0.428317338 0.618718088 0.620113611 0.969383776 1 1
Y231 0 0 1.30609846 0 0.485556901 1.818326 0 0.00772577617 0 0 0 0 0.0263468474 0.0773930848 0 0.247613534 0 0.583836794 0 0 0 0 0 0 0.635509312 0.31424427 0 0 0.23238498 0 0 0 0 0 0 0 0 0 0.816730976 0 0.927629232 0 0.215650052 0 0 0 0 0 0 0 0 0 0 0.227973118 0 0.17750679 0 0 0 0 0 0 0.446644068 0.344630808 0 0 1 0 0 0 0 0 0 0.370370358 0.270238161 0.641486764 0.326677442 0.966630697 1 1
Z220 0 0 1.30609846 0 0.485556901 1.818326 0 0.00772577617 0 0 0 0 0.0263468474 0.0773930848 0 0.247613534 0 0.583836794 0 0 0 0 0 0 0.635509312 0.31424427 0 0 0.23238498 0 0 0 0 0 0 0 0 0 0.816730976 0 0.927629232 0 0.215650052 0 0 0 0 0 0 0 0 0 0 0.227973118 0 0.17750679 0 0 0 0 0 0 0.446644068 0.344630808 0 0 0 0 0 1 0 0 0 0.259259254 0.270238161 0.492626399 0.493737549 0.988143563 1 1
X220 0 0 1.30609846 0 0.485556901 1.818326 0 0.00772577617 0 0 0 0 0.0263468474 0.0773930848 0 0.247613534 0 0.583836794 0 0 0 0 0 0 0.635509312 0.31424427 0 0 0.23238498 0 0 0 0 0 0 0 0 0 0.816730976 0 0.927629232 0 0.215650052 0 0 0 0 0 0 0 0 0 0 0.227973118 0 0.17750679 0 0 0 0 0 0 0.446644068 0.344630808 0 0 1 0 0 0 0 0 0 0.296296299 0.270238161 0.612550974 0.493737549 0.97933805 1 1
G220 0 0 1.30609846 0 0.485556901 1.818326 0 0.00772577617 0 0 0 0 0.0263468474 0.0773930848 0 0.247613534 0 0.583836794 0 0 0 0 0 0 0.635509312 0.31424427 0 0 0.23238498 0 0 0 0 0 0 0 0 0 0.816730976 0 0.927629232 0 0.215650052 0 0 0 0 0 0 0 0 0 0 0.227973118 0 0.17750679 0 0 0 0 0 0 0.446644068 0.344630808 0 0 1 0 0 0 0 0 0 0.333333343 0.428317338 0.618718088 0.620113611 0.969383776 1 1
Y232 0 0 1.30609846 0 0.485556901 1.818326 0 0.00772577617 0 0 0 0 0.0263468474 0.0773930848 0 0.247613534 0 0.583836794 0 0 0 0 0 0 0.635509312 0.31424427 0 0 0.23238498 0 0 0 0 0 0 0 0 0 0.816730976 0 0.927629232 0 0.215650052 0 0 0 0 0 0 0 0 0 0 0.227973118 0 0.17750679 0 0 0 0 0 0 0.446644068 0.344630808 0 0 1 0 0 0 0 0 0 0.370370358 0.270238161 0.641486764 0.326677442 0.966630697 1 1
Z221 0 0 1.30609846 0 0.485556901 1.818326 0 0.00772577617 0 0 0 0 0.0263468474 0.0773930848 0 0.247613534 0 0.583836794 0 0 0 0 0 0 0.635509312 0.31424427 0 0 0.23238498 0 0 0 0 0 0 0 0 0 0.816730976 0 0.927629232 0 0.215650052 0 0 0 0 0 0 0 0 0 0 0.227973118 0 0.17750679 0 0 0 0 0 0 0.446644068 0.344630808 0 0 0 0 0 1 0 0 0 0.259259254 0.270238161 0.492626399 0.493737549 0.988143563 1 1
X221 0 0 1.30609846 0 0.485556901 1.818326 0 0.00772577617 0 0 0 0 0.0263468474 0.0773930848 0 0.247613534 0 0.583836794 0 0 0 0 0 0 0.635509312 0.31424427 0 0 0.23238498 0 0 0 0 0 0 0 0 0 0.816730976 0 0.927629232 0 0.215650052 0 0 0 0 0 0 0 0 0 0 0.227973118 0 0.17750679 0 0 0 0 0 0 0.446644068 0.344630808 0 0 1 0 0 0 0 0 0 0.296296299 0.270238161 0.612550974 0.493737549 0.97933805 1 1
G221 0 0 1.30609846 0 0.485556901 1.818326 0 0.00772577617 0 0 0 0 0.0263468474 0.0773930848 0 0.247613534 0 0.583836794 0 0 0 0 0 0 0.635509312 0.31424427 0 0 0.23238498 0 0 0 0 0 0 0 0 0 0.816730976 0 0.927629232 0 0.215650052 0 0 0 0 0 0 0 0 0 0 0.227973118 0 0.17750679 0 0 0 0 0 0 0.446644068 0.344630808 0 0 1 0 0 0 0 0 0 0.333333343 0.428317338 0.618718088 0.620113611 0.969383776 1 1
Y233 0 0 1.30609846 0 0.485556901 1.818326 0 0.00772577617 0 0 0 0 0.0263468474 0.0773930848 0 0.247613534 0 0.583836794 0 0 0 0 0 0 0.635509312 0.31424427 0 0 0.23238498 0 0 0 0 0 0 0 0 0 0.816730976 0 0.927629232 0 0.215650052 0 0 0 0 0 0 0 0 0 0 0.227973118 0 0.17750679 0 0 0 0 0 0 0.446644068 0.344630808 0 0 1 0 0 0 0 0 0 0.370370358 0.270238161 0.641486764 0.326677442 0.966630697 1 1
Z222 0 0 1.30609846 0 0.485556901 1.818326 0 0.00772577617 0 0 0 0 0.0263468474 0.0773930848 0 0.247613534 0 0.583836794 0 0 0 0 0 0 0.635509312 0.31424427 0 0 0.23238498 0 0 0 0 0 0 0 0 0 0.816730976 0 0.927629232 0 0.215650052 0 0 0 0 0 0 0 0 0 0 0.227973118 0 0.17750679 0 0 0 0 0 0 0.446644068 0.344630808 0 0 0 0 0 1 0 0 0 0.259259254 0.270238161 0.492626399 0.493737549 0.988143563 1 1
X222 0 0 1.30609846 0 0.485556901 1.818326 0 0.00772577617 0 0 0 0 0.0263468474 0.0773930848 0 0.247613534 0 0.583836794 0 0 0 0 0 0 0.635509312 0.31424427 0 0 0.23238498 0 0 0 0 0 0 0 0 0 0.816730976 0 0.927629232 0 0.215650052 0 0 0 0 0 0 0 0 0 0 0.227973118 0 0.17750679 0 0 0 0 0 0 0.446644068 0.344630808 0 0 1 0 0 0 0 0 0 0.296296299 0.270238161 0.612550974 0.493737549 0.97933805 1 1
G222 0 0 1.30609846 0 0.485556901 1.818326 0 0.00772577617 0 0 0 0 0.0263468474 0.0773930848 0 0.247613534 0 0.583836794 0 0 0 0 0 0 0.635509312 0.31424427 0 0 0.23238498 0 0 0 0 0 0 0 0 0 0.816730976 0 0.927629232 0 0.215650052 0 0 0 0 0 0 0 0 0 0 0.227973118 0 0.17750679 0 0 0 0 0 0 0.446644068 0.344630808 0 0 1 0 0 0 0 0 0 0.333333343 0.428317338 0.618718088 0.620113611 0.969383776 1 1
Y226 0 0 1.30609846 0 0.485556901 1.818326 0 0.00772577617 0 0 0 0 0.0263468474 0.0773930848 0 0.247613534 0 0.583836794 0 0 0 0 0 0 0.635509312 0.31424427 0 0 0.23238498 0 0 0 0 0 0 0 0 0 0.816730976 0 0.927629232 0 0.215650052 0 0 0 0 0 0 0 0 0 0 0.227973118 0 0.17750679 0 0 0 0 0 0 0.446644068 0.344630808 0 0 1 0 0 0 0 0 0 0.370370358 0.270238161 0.641486764 0.326677442 0.966630697 1 1
Z223 0 0 1.30609846 0 0.485556901 1.818326 0 0.00772577617 0 0 0 0 0.0263468474 0.0773930848 0 0.247613534 0 0.583836794 0 0 0 0 0 0 0.635509312 0.31424427 0 0 0.23238498 0 0 0 0 0 0 0 0 0 0.816730976 0 0.927629232 0 0.215650052 0 0 0 0 0 0 0 0 0 0 0.227973118 0 0.17750679 0 0 0 0 0 0 0.446644068 0.344630808 0 0 0 0 0 1 0 0 0 0.259259254 0.270238161 0.492626399 0.493737549 0.988143563 1 1
X223 0 0 1.30609846 0 0.485556901 1.818326 0 0.00772577617 0 0 0 0 0.0263468474 0.0773930848 0 0.247613534 0 0.583836794 0 0 0 0 0 0 0.635509312 0.31424427 0 0 0.23238498 0 0 0 0 0 0 0 0 0 0.816730976 0 0.927629232 0 0.215650052 0 0 0 0 0 0 0 0 0 0 0.227973118 0 0.17750679 0 0 0 0 0 0 0.446644068 0.344630808 0 0 1 0 0 0 0 0 0 0.296296299 0.270238161 0.612550974 0.493737549 0.97933805 1 1
G223 0 0 1.30609846 0 0.485556901 1.818326 0 0.00772577617 0 0 0 0 0.0263468474 0.0773930848 0 0.247613534 0 0.583836794 0 0 0 0 0 0 0.635509312 0.31424427 0 0 0.23238498 0 0 0 0 0 0 0 0 0 0.816730976 0 0.927629232 0 0.215650052 0 0 0 0 0 0 0 0 0 0 0.227973118 0 0.17750679 0 0 0 0 0 0 0.446644068 0.344630808 0 0 1 0 0 0 0 0 0 0.333333343 0.428317338 0.618718088 0.620113611 0.969383776 1 1
Y227 0 0 1.30609846 0 0.485556901 1.818326 0 0.00772577617 0 0 0 0 0.0263468474 0.0773930848 0 0.247613534 0 0.583836794 0 0 0 0 0 0 0.635509312 0.31424427 0 0 0.23238498 0 0 0 0 0 0 0 0 0 0.816730976 0 0.927629232 0 0.215650052 0 0 0 0 0 0 0 0 0 0 0.227973118 0 0.17750679 0 0 0 0 0 0 0.446644068 0.344630808 0 0 1 0 0 0 0 0 0 0.370370358 0.270238161 0.641486764 0.326677442 0.966630697 1 1
Z224 0 0 1.30609846 0 0.485556901 1.818326 0 0.00772577617 0 0 0 0 0.0263468474 0.0773930848 0 0.247613534 0 0.583836794 0 0 0 0 0 0 0.635509312 0.31424427 0 0 0.23238498 0 0 0 0 0 0 0 0 0 0.816730976 0 0.927629232 0 0.215650052 0 0 0 0 0 0 0 0 0 0 0.227973118 0 0.17750679 0 0 0 0 0 0 0.446644068 0.344630808 0 0 0 0 0 1 0 0 0 0.259259254 0.270238161 0.492626399 0.493737549 0.988143563 1 1
X224 0 0 1.30609846 0 0.485556901 1.818326 0 0.00772577617 0 0 0 0 0.0263468474 0.0773930848 0 0.247613534 0 0.583836794 0 0 0 0 0 0 0.635509312 0.31424427 0 0 0.23238498 0 0 0 0 0 0 0 0 0 0.816730976 0 0.927629232 0 0.215650052 0 0 0 0 0 0 0 0 0 0 0.227973118 0 0.17750679 0 0 0 0 0 0 0.446644068 0.344630808 0 0 1 0 0 0 0 0 0 0.296296299 0.270238161 0.612550974 0.493737549 0.97933805 1 1
G224 0 0 1.30609846 0 0.485556901 1.818326 0 0.00772577617 0 0 0 0 0.0263468474 0.0773930848 0 0.247613534 0 0.583836794 0 0 0 0 0 0 0.635509312 0.31424427 0 0 0.23238498 0 0 0 0 0 0 0 0 0 0.816730976 0 0.927629232 0 0.215650052 0 0 0 0 0 0 0 0 0 0 0.227973118 0 0.17750679 0 0 0 0 0 0 0.446644068 0.344630808 0 0 1 0 0 0 0 0 0 0.333333343 0.428317338 0.618718088 0.620113611 0.969383776 1 1
Y228 0 0 1.30609846 0 0.485556901 1.818326 0 0.00772577617 0 0 0 0 0.0263468474 0.0773930848 0 0.247613534 0 0.583836794 0 0 0 0 0 0 0.635509312 0.31424427 0 0 0.23238498 0 0 0 0 0 0 0 0 0 0.816730976 0 0.927629232 0 0.215650052 0 0 0 0 0 0 0 0 0 0 0.227973118 0 0.17750679 0 0 0 0 0 0 0.446644068 0.344630808 0 0 1 0 0 0 0 0 0 0.370370358 0.270238161 0.641486764 0.326677442 0.966630697 1 1
Z225 0 0 1.30609846 0 0.485556901 1.818326 0 0.00772577617 0 0 0 0 0.0263468474 0.0773930848 0 0.247613534 0 0.583836794 0 0 0 0 0 0 0.635509312 0.31424427 0 0 0.23238498 0 0 0 0 0 0 0 0 0 0.816730976 0 0.927629232 0 0.215650052 0 0 0 0 0 0 0 0 0 0 0.227973118 0 0.17750679 0 0 0 0 0 0 0.446644068 0.344630808 0 0 0 0 0 1 0 0 0 0.259259254 0.270238161 0.492626399 0.493737549 0.988143563 1 1
X225 0 0 1.30609846 0 0.485556901 1.818326 0 0.00772577617 0 0 0 0 0.0263468474 0.0773930848 0 0.247613534 0 0.583836794 0 0 0 0 0 0 0.635509312 0.31424427 0 0 0.23238498 0 0 0 0 0 0 0 0 0 0.816730976 0 0.927629232 0 0.215650052 0 0 0 0 0 0 0 0 0 0 0.227973118 0 0.17750679 0 0 0 0 0 0 0.446644068 0.344630808 0 0 1 0 0 0 0 0 0 0.296296299 0.270238161 0.612550974 0.493737549 0.97933805 1 1
G225 0 0 1.30609846 0 0.485556901 1.818326 0 0.00772577617 0 0 0 0 0.0263468474 0.0773930848 0 0.247613534 0 0.583836794 0 0 0 0 0 0 0.635509312 0.31424427 0 0 0.23238498 0 0 0 0 0 0 0 0 0 0.816730976 0 0.927629232 0 0.215650052 0 0 0 0 0 0 0 0 0 0 0.227973118 0 0.17750679 0 0 0 0 0 0 0.446644068 0.344630808 0 0 1 0 0 0 0 0 0 0.333333343 0.428317338 0.618718088 0.620113611 0.969383776 1 1
Y229 0 0 1.30609846 0 0.485556901 1.818326 0 0.00772577617 0 0 0 0 0.0263468474 0.0773930848 0 0.247613534 0 0.583836794 0 0 0 0 0 0 0.635509312 0.31424427 0 0 0.23238498 0 0 0 0 0 0 0 0 0 0.816730976 0 0.927629232 0 0.215650052 0 0 0 0 0 0 0 0 0 0 0.227973118 0 0.17750679 0 0 0 0 0 0 0.446644068 0.344630808 0 0 1 0 0 0 0 0 0 0.370370358 0.270238161 0.641486764 0.326677442 0.966630697 1 1
Z226 0 0 1.30609846 0 0.485556901 1.818326 0 0.00772577617 0 0 0 0 0.0263468474 0.0773930848 0 0.247613534 0 0.583836794 0 0 0 0 0 0 0.635509312 0.31424427 0 0 0.23238498 0 0 0 0 0 0 0 0 0 0.816730976 0 0.927629232 0 0.215650052 0 0 0 0 0 0 0 0 0 0 0.227973118 0 0.17750679 0 0 0 0 0 0 0.446644068 0.344630808 0 0 0 0 0 1 0 0 0 0.370370358 0.270238161 0.624682963 0.626091957 0.970744193 1 1
X226 0 0 1.30609846 0 0.485556901 1.818326 0 0.00772577617 0 0 0 0 0.0263468474 0.0773930848 0 0.247613534 0 0.583836794 0 0 0 0 0 0 0.635509312 0.31424427 0 0 0.23238498 0 0 0 0 0 0 0 0 0 0.816730976 0 0.927629232 0 0.215650052 0 0 0 0 0 0 0 0 0 0 0.227973118 0 0.17750679 0 0 0 0 0 0 0.446644068 0.344630808 0 0 1 0 0 0 0 0 0 0.407407403 0.270238161 0.646759927 0.252752185 0.968012691 1 1
G226 0 0 1.30609846 0 0.485556901 1.818326 0 0.00772577617 0 0 0 0 0.0263468474 0.0773930848 0 0.247613534 0 0.583836794 0 0 0 0 0 0 0.635509312 0.31424427 0 0 0.23238498 0 0 0 0 0 0 0 0 0 0.816730976 0 0.927629232 0 0.215650052 0 0 0 0 0 0 0 0 0 0 0.227973118 0 0.17750679 0 0 0 0 0 0 0.446644068 0.344630808 0 0 1 0 0 0 0 0 0 0.444444448 0.428317338 0.418867499 0.648218751 0.96383363 1 1
Y234 0 0 1.30609846 0 0.485556901 1.818326 0 0.00772577617 0 0 0 0 0.0263468474 0.0773930848 0 0.247613534 0 0.583836794 0 0 0 0 0 0 0.635509312 0.31424427 0 0 0.23238498 0 0 0 0 0 0 0 0 0 0.816730976 0 0.927629232 0 0.215650052 0 0 0 0 0 0 0 0 0 0 0.227973118 0 0.17750679 0 0 0 0 0 0 0.446644068 0.344630808 0 0 1 0 0 0 0 0 0 0.481481493 0.270238161 0.711643338 0.43718943 0.955902457 1 1
Z227 0 0 1.30609846 0 0.485556901 1.818326 0 0.00772577617 0 0 0 0 0.0263468474 0.0773930848 0 0.247613534 0 0.583836794 0 0 0 0 0 0 0.635509312 0.31424427 0 0 0.23238498 0 0 0 0 0 0 0 0 0 0.816730976 0 0.927629232 0 0.215650052 0 0 0 0 0 0 0 0 0 0 0.227973118 0 0.17750679 0 0 0 0 0 0 0.446644068 0.344630808 0 0 0 0 0 1 0 0 0 0.370370358 0.270238161 0.624682963 0.626091957 0.970744193 1 1
X227 0 0 1.30609846 0 0.485556901 1.818326 0 0.00772577617 0 0 0 0 0.0263468474 0.0773930848 0 0.247613534 0 0.583836794 0 0 0 0 0 0 0.635509312 0.31424427 0 0 0.23238498 0 0 0 0 0 0 0 0 0 0.816730976 0 0.927629232 0 0.215650052 0 0 0 0 0 0 0 0 0 0 0.227973118 0 0.17750679 0 0 0 0 0 0 0.446644068 0.344630808 0 0 1 0 0 0 0 0 0 0.407407403 0.270238161 0.646759927 0.252752185 0.968012691 1 1
G227 0 0 1.30609846 0 0.485556901 1.818326 0 0.00772577617 0 0 0 0 0.0263468474 0.0773930848 0 0.247613534 0 0.583836794 0 0 0 0 0 0 0.635509312 0.31424427 0 0 0.23238498 0 0 0 0 0 0 0 0 0 0.816730976 0 0.927629232 0 0.215650052 0 0 0 0 0 0 0 0 0 0 0.227973118 0 0.17750679 0 0 0 0 0 0 0.446644068 0.344630808 0 0 1 0 0 0 0 0 0 0.444444448 0.428317338 0.418867499 0.648218751 0.96383363 1 1
Y247 0 0 1.30609846 0 0.485556901 1.818326 0 0.00772577617 0 0 0 0 0.0263468474 0.0773930848 0 0.247613534 0 0.583836794 0 0 0 0 0 0 0.635509312 0.31424427 0 0 0.23238498 0 0 0 0 0 0 0 0 0 0.816730976 0 0.927629232 0 0.215650052 0 0 0 0 0 0 0 0 0 0 0.227973118 0 0.17750679 0 0 0 0 0 0 0.446644068 0.344630808 0 0 1 0 0 0 0 0 0 0.481481493 0.270238161 0.711643338 0.43718943 0.955902457 1 1
Z228 0 0 1.30609846 0 0.485556901 1.818326 0 0.00772577617 0 0 0 0 0.0263468474 0.0773930848 0 0.247613534 0 0.583836794 0 0 0 0 0 0 0.635509312 0.31424427 0 0 0.23238498 0 0 0 0 0 0 0 0 0 0.816730976 0 0.927629232 0 0.215650052 0 0 0 0 0 0 0 0 0 0 0.227973118 0 0.17750679 0 0 0 0 0 0 0.446644068 0.344630808 0 0 0 0 0 1 0 0 0 0.370370358 0.270238161 0.624682963 0.626091957 0.970744193 1 1
X228 0 0 1.30609846 0 0.485556901 1.818326 0 0.00772577617 0 0 0 0 0.0263468474 0.0773930848 0 0.247613534 0 0.583836794 0 0 0 0 0 0 0.635509312 0.31424427 0 0 0.23238498 0 0 0 0 0 0 0 0 0 0.816730976 0 0.927629232 0 0.215650052 0 0 0 0 0 0 0 0 0 0 0.227973118 0 0.17750679 0 0 0 0 0 0 0.446644068 0.344630808 0 0 1 0 0 0 0 0 0 0.407407403 0.270238161 0.646759927 0.252752185 0.968012691 1 1
G228 0 0 1.30609846 0 0.485556901 1.818326 0 0.00772577617 0 0 0 0 0.0263468474 0.0773930848 0 0.247613534 0 0.583836794 0 0 0 0 0 0 0.635509312 0.31424427 0 0 0.23238498 0 0 0 0 0 0 0 0 0 0.816730976 0 0.927629232 0 0.215650052 0 0 0 0 0 0 0 0 0 0 0.227973118 0 0.17750679 0 0 0 0 0 0 0.446644068 0.344630808 0 0 1 0 0 0 0 0 0 0.444444448 0.428317338 0.418867499 0.648218751 0.96383363 1 1
Y260 0 0 1.30609846 0 0.485556901 1.818326 0 0.00772577617 0 0 0 0 0.0263468474 0.0773930848 0 0.247613534 0 0.583836794 0 0 0 0 0 0 0.635509312 0.31424427 0 0 0.23238498 0 0 0 0 0 0 0 0 0 0.816730976 0 0.927629232 0 0.215650052 0 0 0 0 0 0 0 0 0 0 0.227973118 0 0.17750679 0 0 0 0 0 0 0.446644068 0.344630808 0 0 1 0 0 0 0 0 0 0.481481493 0.270238161 0.711643338 0.43718943 0.955902457 1 1
Z229 0 0 1.30609846 0 0.485556901 1.818326 0 0.00772577617 0 0 0 0 0.0263468474 0.0773930848 0 0.247613534 0 0.583836794 0 0 0 0 0 0 0.635509312 0.31424427 0 0 0.23238498 0 0 0 0 0 0 0 0 0 0.816730976 0 0.927629232 0 0.215650052 0 0 0 0 0 0 0 0 0 0 0.227973118 0 0.17750679 0 0 0 0 0 0 0.446644068 0.344630808 0 0 0 0 0 1 0 0 0 0.370370358 0.270238161 0.624682963 0.626091957 0.970744193 1 1
X229 0 0 1.30609846 0 0.485556901 1.818326 0 0.00772577617 0 0 0 0 0.0263468474 0.0773930848 0 0.247613534 0 0.583836794 0 0 0 0 0 0 0.635509312 0.31424427 0 0 0.23238498 0 0 0 0 0 0 0 0 0 0.816730976 0 0.927629232 0 0.215650052 0 0 0 0 0 0 0 0 0 0 0.227973118 0 0.17750679 0 0 0 0 0 0 0.446644068 0.344630808 0 0 1 0 0 0 0 0 0 0.407407403 0.270238161 0.646759927 0.252752185 0.968012691 1 1
G229 0 0 1.30609846 0 0.485556901 1.818326 0 0.00772577617 0 0 0 0 0.0263468474 0.0773930848 0 0.247613534 0 0.583836794 0 0 0 0 0 0 0.635509312 0.31424427 0 0 0.23238498 0 0 0 0 0 0 0 0 0 0.816730976 0 0.927629232 0 0.215650052 0 0 0 0 0 0 0 0 0 0 0.227973118 0 0.17750679 0 0 0 0 0 0 0.446644068 0.344630808 0 0 1 0 0 0 0 0 0 0.444444448 0.428317338 0.418867499 0.648218751 0.96383363 1 1
Y273 0 0 1.30609846 0 0.485556901 1.818326 0 0.00772577617 0 0 0 0 0.0263468474 0.0773930848 0 0.247613534 0 0.583836794 0 0 0 0 0 0 0.635509312 0.31424427 0 0 0.23238498 0 0 0 0 0 0 0 0 0 0.816730976 0 0.927629232 0 0.215650052 0 0 0 0 0 0 0 0 0 0 0.227973118 0 0.17750679 0 0 0 0 0 0 0.446644068 0.344630808 0 0 1 0 0 0 0 0 0 0.481481493 0.270238161 0.711643338 0.43718943 0.955902457 1 1
Z230 0 0 1.30609846 0 0.485556901 1.818326 0 0.00772577617 0 0 0 0 0.0263468474 0.0773930848 0 0.247613534 0 0.583836794 0 0 0 0 0 0 0.635509312 0.31424427 0 0 0.23238498 0 0 0 0 0 0 0 0 0 0.816730976 0 0.927629232 0 0.215650052 0 0 0 0 0 0 0 0 0 0 0.227973118 0 0.17750679 0 0 0 0 0 0 0.446644068 0.344630808 0 0 0 0 0 1 0 0 0 0.370370358 0.270238161 0.624682963 0.626091957 0.970744193 1 1
X230 0 0 1.30609846 0 0.485556901 1.818326 0 0.00772577617 0 0 0 0 0.0263468474 0.0773930848 0 0.247613534 0 0.583836794 0 0 0 0 0 0 0.635509312 0.31424427 0 0 0.23238498 0 0 0 0 0 0 0 0 0 0.816730976 0 0.927629232 0 0.215650052 0 0 0 0 0 0 0 0 0 0 0.227973118 0 0.17750679 0 0 0 0 0 0 0.446644068 0.344630808 0 0 1 0 0 0 0 0 0 0.407407403 0.270238161 0.646759927 0.252752185 0.968012691 1 1
G230 0 0 1.30609846 0 0.485556901 1.818326 0 0.00772577617 0 0 0 0 0.0263468474 0.0773930848 0 0.247613534 0 0.583836794 0 0 0 0 0 0 0.635509312 0.31424427 0 0 0.23238498 0 0 0 0 0 0 0 0 0 0.816730976 0 0.927629232 0 0.215650052 0 0 0 0 0 0 0 0 0 0 0.227973118 0 0.17750679 0 0 0 0 0 0 0.446644068 0.344630808 0 0 1 0 0 0 0 0 0 0.444444448 0.428317338 0.418867499 0.648218751 0.96383363 1 1
Y286 0 0 1.30609846 0 0.485556901 1.818326 0 0.00772577617 0 0 0 0 0.0263468474 0.0773930848 0 0.247613534 0 0.583836794 0 0 0 0 0 0 0.635509312 0.31424427 0 0 0.23238498 0 0 0 0 0 0 0 0 0 0.816730976 0 0.927629232 0 0.215650052 0 0 0 0 0 0 0 0 0 0 0.227973118 0 0.17750679 0 0 0 0 0 0 0.446644068 0.344630808 0 0 1 0 0 0 0 0 0 0.481481493 0.270238161 0.711643338 0.43718943 0.955902457 1 1
Z231 0 0 1.30609846 0 0.485556901 1.818326 0 0.00772577617 0 0 0 0 0.0263468474 0.0773930848 0 0.247613534 0 0.583836794 0 0 0 0 0 0 0.635509312 0.31424427 0 0 0.23238498 0 0 0 0 0 0 0 0 0 0.816730976 0 0.927629232 0 0.215650052 0 0 0 0 0 0 0 0 0 0 0.227973118 0 0.17750679 0 0 0 0 0 0 0.446644068 0.344630808 0 0 0 0 0 1 0 0 0 0.370370358 0.270238161 0.624682963 0.626091957 0.970744193 1 1
X231 0 0 1.30609846 0 0.485556901 1.818326 0 0.00772577617 0 0 0 0 0.0263468474 0.0773930848 0 0.247613534 0 0.583836794 0 0 0 0 0 0 0.635509312 0.31424427 0 0 0.23238498 0 0 0 0 0 0 0 0 0 0.816730976 0 0.927629232 0 0.215650052 0 0 0 0 0 0 0 0 0 0 0.227973118 0 0.17750679 0 0 0 0 0 0 0.446644068 0.344630808 0 0 1 0 0 0 0 0 0 0.407407403 0.270238161 0.646759927 0.252752185 0.968012691 1 1
G231 0 0 1.30609846 0 0.485556901 1.818326 0 0.00772577617 0 0 0 0 0.0263468474 0.0773930848 0 0.247613534 0 0.583836794 0 0 0 0 0 0 0.635509312 0.31424427 0 0 0.23238498 0 0 0 0 0 0 0 0 0 0.816730976 0 0.927629232 0 0.215650052 0 0 0 0 0 0 0 0 0 0 0.227973118 0 0.17750679 0 0 0 0 0 0 0.446644068 0.344630808 0 0 1 0 0 0 0 0 0 0.444444448 0.428317338 0.418867499 0.648218751 0.96383363 1 1
Y299 0 0 1.30609846 0 0.485556901 1.818326 0 0.00772577617 0 0 0 0 0.0263468474 0.0773930848 0 0.247613534 0 0.583836794 0 0 0 0 0 0 0.635509312 0.31424427 0 0 0.23238498 0 0 0 0 0 0 0 0 0 0.816730976 0 0.927629232 0 0.215650052 0 0 0 0 0 0 0 0 0 0 0.227973118 0 0.17750679 0 0 0 0 0 0 0.446644068 0.344630808 0 0 1 0 0 0 0 0 0 0.481481493 0.270238161 0.711643338 0.43718943 0.955902457 1 1
Z232 0 0 1.30609846 0 0.485556901 1.818326 0 0.00772577617 0 0 0 0 0.0263468474 0.0773930848 0 0.247613534 0 0.583836794 0 0 0 0 0 0 0.635509312 0.31424427 0 0 0.23238498 0 0 0 0 0 0 0 0 0 0.816730976 0 0.927629232 0 0.215650052 0 0 0 0 0 0 0 0 0 0 0.227973118 0 0.17750679 0 0 0 0 0 0 0.446644068 0.344630808 0 0 0 0 0 1 0 0 0 0.370370358 0.270238161 0.624682963 0.626091957 0.970744193 1 1
X232 0 0 1.30609846 0 0.485556901 1.818326 0 0.00772577617 0 0 0 0 0.0263468474 0.0773930848 0 0.247613534 0 0.583836794 0 0 0 0 0 0 0.635509312 0.31424427 0 0 0.23238498 0 0 0 0 0 0 0 0 0 0.816730976 0 0.927629232 0 0.215650052 0 0 0 0 0 0 0 0 0 0 0.227973118 0 0.17750679 0 0 0 0 0 0 0.446644068 0.344630808 0 0 1 0 0 0 0 0 0 0.407407403 0.270238161 0.646759927 0.252752185 0.968012691 1 1
G232 0 0 1.30609846 0 0.485556901 1.818326 0 0.00772577617 0 0 0 0 0.0263468474 0.0773930848 0 0.247613534 0 0.583836794 0 0 0 0 0 0 0.635509312 0.31424427 0 0 0.23238498 0 0 0 0 0 0 0 0 0 0.816730976 0 0.927629232 0 0.215650052 0 0 0 0 0 0 0 0 0 0 0.227973118 0 0.17750679 0 0 0 0 0 0 0.446644068 0.344630808 0 0 1 0 0 0 0 0 0 0.444444448 0.428317338 0.418867499 0.648218751 0.96383363 1 1
Y312 0 0 1.30609846 0 0.485556901 1.818326 0 0.00772577617 0 0 0 0 0.0263468474 0.0773930848 0 0.247613534 0 0.583836794 0 0 0 0 0 0 0.635509312 0.31424427 0 0 0.23238498 0 0 0 0 0 0 0 0 0 0.816730976 0 0.927629232 0 0.215650052 0 0 0 0 0 0 0 0 0 0 0.227973118 0 0.17750679 0 0 0 0 0 0 0.446644068 0.344630808 0 0 1 0 0 0 0 0 0 0.481481493 0.270238161 0.711643338 0.43718943 0.955902457 1 1
Z233 0 0 1.30609846 0 0.485556901 1.818326 0 0.00772577617 0 0 0 0 0.0263468474 0.0773930848 0 0.247613534 0 0.583836794 0 0 0 0 0 0 0.635509312 0.31424427 0 0 0.23238498 0 0 0 0 0 0 0 0 0 0.816730976 0 0.927629232 0 0.215650052 0 0 0 0 0 0 0 0 0 0 0.227973118 0 0.17750679 0 0 0 0 0 0 0.446644068 0.344630808 0 0 0 0 0 1 0 0 0 0.370370358 0.270238161 0.624682963 0.626091957 0.970744193 1 1
X233 0 0 1.30609846 0 0.485556901 1.818326 0 0.00772577617 0 0 0 0 0.0263468474 0.0773930848 0 0.247613534 0 0.583836794 0 0 0 0 0 0 0.635509312 0.31424427 0 0 0.23238498 0 0 0 0 0 0 0 0 0 0.816730976 0 0.927629232 0 0.215650052 0 0 0 0 0 0 0 0 0 0 0.227973118 0 0.17750679 0 0 0 0 0 0 0.446644068 0.344630808 0 0 1 0 0 0 0 0 0 0.407407403 0.270238161 0.646759927 0.252752185 0.968012691 1 1
G233 0 0 1.30609846 0 0.485556901 1.818326 0 0.00772577617 0 0 0 0 0.0263468474 0.0773930848 0 0.247613534 0 0.583836794 0 0 0 0 0 0 0.635509312 0.31424427 0 0 0.23238498 0 0 0 0 0 0 0 0 0 0.816730976 0 0.927629232 0 0.215650052 0 0 0 0 0 0 0 0 0 0 0.227973118 0 0.17750679 0 0 0 0 0 0 0.446644068 0.344630808 0 0 1 0 0 0 0 0 0 0.444444448 0.428317338 0.418867499 0.648218751 0.96383363 1 1
Y325 0 0 1.30609846 0 0.485556901 1.818326 0 0.00772577617 0 0 0 0 0.0263468474 0.0773930848 0 0.247613534 0 0.583836794 0 0 0 0 0 0 0.635509312 0.31424427 0 0 0.23238498 0 0 0 0 0 0 0 0 0 0.816730976 0 0.927629232 0 0.215650052 0 0 0 0 0 0 0 0 0 0 0.227973118 0 0.17750679 0 0 0 0 0 0 0.446644068 0.344630808 0 0 1 0 0 0 0 0 0 0.481481493 0.270238161 0.711643338 0.43718943 0.955902457 1 1
Z234 0 0 1.30609846 0 0.485556901 1.818326 0 0.00772577617 0 0 0 0 0.0263468474 0.0773930848 0 0.247613534 0 0.583836794 0 0 0 0 0 0 0.635509312 0.31424427 0 0 0.23238498 0 0 0 0 0 0 0 0 0 0.816730976 0 0.927629232 0 0.215650052 0 0 0 0 0 0 0 0 0 0 0.227973118 0 0.17750679 0 0 0 0 0 0 0.446644068 0.344630808 0 0 0 0 0 1 0 0 0 0.481481493 0.270238161 0.651884556 0.43718943 0.963127255 1 1
X234 0 0 1.30609846 0 0.485556901 1.818326 0 0.00772577617 0 0 0 0 0.0263468474 0.0773930848 0 0.247613534 0 0.583836794 0 0 0 0 0 0 0.635509312 0.31424427 0 0 0.23238498 0 0 0 0 0 0 0 0 0 0.816730976 0 0.927629232 0 0.215650052 0 0 0 0 0 0 0 0 0 0 0.227973118 0 0.17750679 0 0 0 0 0 0 0.446644068 0.344630808 0 0 1 0 0 0 0 0 0 0.518518507 0.270238161 0.58555162 0.493737549 0.952926815 1 1
G234 0 0 1.30609846 0 0.485556901 1.818326 0 0.00772577617 0 0 0 0 0.0263468474 0.0773930848 0 0.247613534 0 0.583836794 0 0 0 0 0 0 0.635509312 0.31424427 0 0 0.23238498 0 0 0 0 0 0 0 0 0 0.816730976 0 0.927629232 0 0.215650052 0 0 0 0 0 0 0 0 0 0 0.227973118 0 0.17750679 0 0 0 0 0 0 0.446644068 0.344630808 0 0 1 0 0 0 0 0 0 0.555555582 1 0.592686355 0.594023168 0.944472551 1 1
G338 0 0 1.30609846 0 0.485556901 1.818326 0 0.00772577617 0 0 0 0 0.0263468474 0.0773930848 0 0.247613534 0 0.583836794 0 0 0 0 0 0 0.635509312 0.31424427 0 0 0.23238498 0 0 0 0 0 0 0 0 0 0.816730976 0 0.927629232 0 0.215650052 0 0 0 0 0 0 0 0 0 0 0.227973118 0 0.17750679 0 0 0 0 0 0 0.446644068 0.344630808 0 0 0 0 0 1 0 0 0 0.592592597 0.270238161 0.599551737 0.600904107 0.998849869 1 1
G341 0 0 1.30609846 0 0.485556901 1.818326 0 0.00772577617 0 0 0 0 0.0263468474 0.0773930848 0 0.247613534 0 0.583836794 0 0 0 0 0 0 0.635509312 0.31424427 0 0 0.23238498 0 0 0 0 0 0 0 0 0 0.816730976 0 0.927629232 0 0.215650052 0 0 0 0 0 0 0 0 0 0 0.227973118 0 0.17750679 0 0 0 0 0 0 0.446644068 0.344630808 0 0 0 0 0 1 0 0 0 0.592592597 0.270238161 0.599551737 0.600904107 0.998849869 1 1
G344 0 0 1.30609846 0 0.485556901 1.818326 0 0.00772577617 0 0 0 0 0.0263468474 0.0773930848 0 0.247613534 0 0.583836794 0 0 0 0 0 0 0.635509312 0.31424427 0 0 0.23238498 0 0 0 0 0 0 0 0 0 0.816730976 0 0.927629232 0 0.215650052 0 0 0 0 0 0 0 0 0 0 0.227973118 0 0.17750679 0 0 0 0 0 0 0.446644068 0.344630808 0 0 0 0 0 1 0 0 0 0.592592597 0.270238161 0.599551737 0.600904107 0.998849869 1 1
G374 0 0 1.30609846 0 0.485556901 1.818326 0 0.00772577617 0 0 0 0 0.0263468474 0.0773930848 0 0.247613534 0 0.583836794 0 0 0 0 0 0 0.635509312 0.31424427 0 0 0.23238498 0 0 0 0 0 0 0 0 0 0.816730976 0 0.927629232 0 0.215650052 0 0 0 0 0 0 0 0 0 0 0.227973118 0 0.17750679 0 0 0 0 0 0 0.446644068 0.344630808 0 0 0 0 0 1 0 0 0 0.592592597 0.270238161 0.599551737 0.600904107 0.943683326 1 1
G376 0 0 1.30609846 0 0.485556901 1.818326 0 0.00772577617 0 0 0 0 0.0263468474 0.0773930848 0 0.247613534 0 0.583836794 0 0 0 0 0 0 0.635509312 0.31424427 0 0 0.23238498 0 0 0 0 0 0 0 0 0 0.816730976 0 0.927629232 0 0.215650052 0 0 0 0 0 0 0 0 0 0 0.227973118 0 0.17750679 0 0 0 0 0 0 0.446644068 0.344630808 0 0 0 0 0 1 0 0 0 0.592592597 0.270238161 0.599551737 0.600904107 0.943683326 1 1
Z247 0 0 1.30609846 0 0.485556901 1.818326 0 0.00772577617 0 0 0 0 0.0263468474 0.0773930848 0 0.247613534 0 0.583836794 0 0 0 0 0 0 0.635509312 0.31424427 0 0 0.23238498 0 0 0 0 0 0 0 0 0 0.816730976 0 0.927629232 0 0.215650052 0 0 0 0 0 0 0 0 0 0 0.227973118 0 0.17750679 0 0 0 0 0 0 0.446644068 0.344630808 0 0 0 0 0 1 0 0 0 0.481481493 0.270238161 0.651884556 0.43718943 0.963127255 1 1
X247 0 0 1.30609846 0 0.485556901 1.818326 0 0.00772577617 0 0 0 0 0.0263468474 0.0773930848 0 0.247613534 0 0.583836794 0 0 0 0 0 0 0.635509312 0.31424427 0 0 0.23238498 0 0 0 0 0 0 0 0 0 0.816730976 0 0.927629232 0 0.215650052 0 0 0 0 0 0 0 0 0 0 0.227973118 0 0.17750679 0 0 0 0 0 0 0.446644068 0.344630808 0 0 1 0 0 0 0 0 0 0.518518507 0.270238161 0.58555162 0.493737549 0.952926815 1 1
G247 0 0 1.30609846 0 0.485556901 1.818326 0 0.00772577617 0 0 0 0 0.0263468474 0.0773930848 0 0.247613534 0 0.583836794 0 0 0 0 0 0 0.635509312 0.31424427 0 0 0.23238498 0 0 0 0 0 0 0 0 0 0.816730976 0 0.927629232 0 0.215650052 0 0 0 0 0 0 0 0 0 0 0.227973118 0 0.17750679 0 0 0 0 0 0 0.446644068 0.344630808 0 0 1 0 0 0 0 0 0 0.555555582 1 0.592686355 0.594023168 0.944472551 1 1
G339 0 0 1.30609846 0 0.485556901 1.818326 0 0.00772577617 0 0 0 0 0.0263468474 0.0773930848 0 0.247613534 0 0.583836794 0 0 0 0 0 0 0.635509312 0.31424427 0 0 0.23238498 0 0 0 0 0 0 0 0 0 0.816730976 0 0.927629232 0 0.215650052 0 0 0 0 0 0 0 0 0 0 0.227973118 0 0.17750679 0 0 0 0 0 0 0.446644068 0.344630808 0 0 0 0 0 1 0 0 0 0.592592597 0.270238161 0.599551737 0.600904107 0.998849869 1 1
G342 0 0 1.30609846 0 0.485556901 1.818326 0 0.00772577617 0 0 0 0 0.0263468474 0.0773930848 0 0.247613534 0 0.583836794 0 0 0 0 0 0 0.635509312 0.31424427 0 0 0.23238498 0 0 0 0 0 0 0 0 0 0.816730976 0 0.927629232 0 0.215650052 0 0 0 0 0 0 0 0 0 0 0.227973118 0 0.17750679 0 0 0 0 0 0 0.446644068 0.344630808 0 0 0 0 0 1 0 0 0 0.592592597 0.270238161 0.599551737 0.600904107 0.998849869 1 1
G347 0 0 1.30609846 0 0.485556901 1.818326 0 0.00772577617 0 0 0 0 0.0263468474 0.0773930848 0 0.247613534 0 0.583836794 0 0 0 0 0 0 0.635509312 0.31424427 0 0 0.23238498 0 0 0 0 0 0 0 0 0 0.816730976 0 0.927629232 0 0.215650052 0 0 0 0 0 0 0 0 0 0 0.227973118 0 0.17750679 0 0 0 0 0 0 0.446644068 0.344630808 0 0 0 0 0 1 0 0 0 0.592592597 0.270238161 0.599551737 0.600904107 0.998849869 1 1
G370 0 0 1.30609846 0 0.485556901 1.818326 0 0.00772577617 0 0 0 0 0.0263468474 0.0773930848 0 0.247613534 0 0.583836794 0 0 0 0 0 0 0.635509312 0.31424427 0 0 0.23238498 0 0 0 0 0 0 0 0 0 0.816730976 0 0.927629232 0 0.215650052 0 0 0 0 0 0 0 0 0 0 0.227973118 0 0.17750679 0 0 0 0 0 0 0.446644068 0.344630808 0 0 0 0 0 1 0 0 0 0.592592597 0.270238161 0.599551737 0.600904107 0.943683326 1 1
G372 0 0 1.30609846 0 0.485556901 1.818326 0 0.00772577617 0 0 0 0 0.0263468474 0.0773930848 0 0.247613534 0 0.583836794 0 0 0 0 0 0 0.635509312 0.31424427 0 0 0.23238498 0 0 0 0 0 0 0 0 0 0.816730976 0 0.927629232 0 0.215650052 0 0 0 0 0 0 0 0 0 0 0.227973118 0 0.17750679 0 0 0 0 0 0 0.446644068 0.344630808 0 0 0 0 0 1 0 0 0 0.592592597 0.270238161 0.599551737 0.600904107 0.943683326 1 1
Z260 0 0 1.30609846 0 0.485556901 1.818326 0 0.00772577617 0 0 0 0 0.0263468474 0.0773930848 0 0.247613534 0 0.583836794 0 0 0 0 0 0 0.635509312 0.31424427 0 0 0.23238498 0 0 0 0 0 0 0 0 0 0.816730976 0 0.927629232 0 0.215650052 0 0 0 0 0 0 0 0 0 0 0.227973118 0 0.17750679 0 0 0 0 0 0 0.446644068 0.344630808 0 0 0 0 0 1 0 0 0 0.481481493 0.270238161 0.651884556 0.43718943 0.963127255 1 1
X260 0 0 1.30609846 0 0.485556901 1.818326 0 0.00772577617 0 0 0 0 0.0263468474 0.0773930848 0 0.247613534 0 0.583836794 0 0 0 0 0 0 0.635509312 0.31424427 0 0 0.23238498 0 0 0 0 0 0 0 0 0 0.816730976 0 0.927629232 0 0.215650052 0 0 0 0 0 0 0 0 0 0 0.227973118 0 0.17750679 0 0 0 0 0 0 0.446644068 0.344630808 0 0 1 0 0 0 0 0 0 0.518518507 0.270238161 0.58555162 0.493737549 0.952926815 1 1
G260 0 0 1.30609846 0 0.485556901 1.818326 0 0.00772577617 0 0 0 0 0.0263468474 0.0773930848 0 0.247613534 0 0.583836794 0 0 0 0 0 0 0.635509312 0.31424427 0 0 0.23238498 0 0 0 0 0 0 0 0 0 0.816730976 0 0.927629232 0 0.215650052 0 0 0 0 0 0 0 0 0 0 0.227973118 0 0.17750679 0 0 0 0 0 0 0.446644068 0.344630808 0 0 1 0 0 0 0 0 0 0.555555582 1 0.592686355 0.594023168 0.944472551 1 1
G340 0 0 1.30609846 0 0.485556901 1.818326 0 0.00772577617 0 0 0 0 0.0263468474 0.0773930848 0 0.247613534 0 0.583836794 0 0 0 0 0 0 0.635509312 0.31424427 0 0 0.23238498 0 0 0 0 0 0 0 0 0 0.816730976 0 0.927629232 0 0.215650052 0 0 0 0 0 0 0 0 0 0 0.227973118 0 0.17750679 0 0 0 0 0 0 0.446644068 0.344630808 0 0 0 0 0 1 0 0 0 0.592592597 0.270238161 0.599551737 0.600904107 0.998849869 1 1
G345 0 0 1.30609846 0 0.485556901 1.818326 0 0.00772577617 0 0 0 0 0.0263468474 0.0773930848 0 0.247613534 0 0.583836794 0 0 0 0 0 0 0.635509312 0.31424427 0 0 0.23238498 0 0 0 0 0 0 0 0 0 0.816730976 0 0.927629232 0 0.215650052 0 0 0 0 0 0 0 0 0 0 0.227973118 0 0.17750679 0 0 0 0 0 0 0.446644068 0.344630808 0 0 0 0 0 1 0 0 0 0.592592597 0.270238161 0.599551737 0.600904107 0.998849869 1 1
G348 0 0 1.30609846 0 0.485556901 1.818326 0 0.00772577617 0 0 0 0 0.0263468474 0.0773930848 0 0.247613534 0 0.583836794 0 0 0 0 0 0 0.635509312 0.31424427 0 0 0.23238498 0 0 0 0 0 0 0 0 0 0.816730976 0 0.927629232 0 0.215650052 0 0 0 0 0 0 0 0 0 0 0.227973118 0 0.17750679 0 0 0 0 0 0 0.446644068 0.344630808 0 0 0 0 0 1 0 0 0 0.592592597 0.270238161 0.599551737 0.600904107 0.998849869 1 1
G373 0 0 1.30609846 0 0.485556901 1.818326 0 0.00772577617 0 0 0 0 0.0263468474 0.0773930848 0 0.247613534 0 0.583836794 0 0 0 0 0 0 0.635509312 0.31424427 0 0 0.23238498 0 0 0 0 0 0 0 0 0 0.816730976 0 0.927629232 0 0.215650052 0 0 0 0 0 0 0 0 0 0 0.227973118 0 0.17750679 0 0 0 0 0 0 0.446644068 0.344630808 0 0 0 0 0 1 0 0 0 0.592592597 0.270238161 0.599551737 0.600904107 0.943683326 1 1
G377 0 0 1.30609846 0 0.485556901 1.818326 0 0.00772577617 0 0 0 0 0.0263468474 0.0773930848 0 0.247613534 0 0.583836794 0 0 0 0 0 0 0.635509312 0.31424427 0 0 0.23238498 0 0 0 0 0 0 0 0 0 0.816730976 0 0.927629232 0 0.215650052 0 0 0 0 0 0 0 0 0 0 0.227973118 0 0.17750679 0 0 0 0 0 0 0.446644068 0.344630808 0 0 0 0 0 1 0 0 0 0.592592597 0.270238161 0.599551737 0.600904107 0.943683326 1 1
Z273 0 0 1.30609846 0 0.485556901 1.818326 0 0.00772577617 0 0 0 0 0.0263468474 0.0773930848 0 0.247613534 0 0.583836794 0 0 0 0 0 0 0.635509312 0.31424427 0 0 0.23238498 0 0 0 0 0 0 0 0 0 0.816730976 0 0.927629232 0 0.215650052 0 0 0 0 0 0 0 0 0 0 0.227973118 0 0.17750679 0 0 0 0 0 0 0.446644068 0.344630808 0 0 0 0 0 1 0 0 0 0.481481493 0.270238161 0.651884556 0.43718943 0.963127255 1 1
X273 0 0 1.30609846 0 0.485556901 1.818326 0 0.00772577617 0 0 0 0 0.0263468474 0.0773930848 0 0.247613534 0 0.583836794 0 0 0 0 0 0 0.635509312 0.31424427 0 0 0.23238498 0 0 0 0 0 0 0 0 0 0.816730976 0 0.927629232 0 0.215650052 0 0 0 0 0 0 0 0 0 0 0.227973118 0 0.17750679 0 0 0 0 0 0 0.446644068 0.344630808 0 0 1 0 0 0 0 0 0 0.518518507 0.270238161 0.58555162 0.493737549 0.952926815 1 1
G273 0 0 1.30609846 0 0.485556901 1.818326 0 0.00772577617 0 0 0 0 0.0263468474 0.0773930848 0 0.247613534 0 0.583836794 0 0 0 0 0 0 0.635509312 0.31424427 0 0 0.23238498 0 0 0 0 0 0 0 0 0 0.816730976 0 0.927629232 0 0.215650052 0 0 0 0 0 0 0 0 0 0 0.227973118 0 0.17750679 0 0 0 0 0 0 0.446644068 0.344630808 0 0 1 0 0 0 0 0 0 0.555555582 1 0.592686355 0.594023168 0.944472551 1 1
G343 0 0 1.30609846 0 0.485556901 1.818326 0 0.00772577617 0 0 0 0 0.0263468474 0.0773930848 0 0.247613534 0 0.583836794 0 0 0 0 0 0 0.635509312 0.31424427 0 0 0.23238498 0 0 0 0 0 0 0 0 0 0.816730976 0 0.927629232 0 0.215650052 0 0 0 0 0 0 0 0 0 0 0.227973118 0 0.17750679 0 0 0 0 0 0 0.446644068 0.344630808 0 0 0 0 0 1 0 0 0 0.592592597 0.270238161 0.599551737 0.600904107 0.998849869 1 1
G346 0 0 1.30609846 0 0.485556901 1.818326 0 0.00772577617 0 0 0 0 0.0263468474 0.0773930848 0 0.247613534 0 0.583836794 0 0 0 0 0 0 0.635509312 0.31424427 0 0 0.23238498 0 0 0 0 0 0 0 0 0 0.816730976 0 0.927629232 0 0.215650052 0 0 0 0 0 0 0 0 0 0 0.227973118 0 0.17750679 0 0 0 0 0 0 0.446644068 0.344630808 0 0 0 0 0 1 0 0 0 0.592592597 0.270238161 0.599551737 0.600904107 0.998849869 1 1
G349 0 0 1.30609846 0 0.485556901 1.818326 0 0.00772577617 0 0 0 0 0.0263468474 0.0773930848 0 0.247613534 0 0.583836794 0 0 0 0 0 0 0.635509312 0.31424427 0 0 0.23238498 0 0 0 0 0 0 0 0 0 0.816730976 0 0.927629232 0 0.215650052 0 0 0 0 0 0 0 0 0 0 0.227973118 0 0.17750679 0 0 0 0 0 0 0.446644068 0.344630808 0 0 0 0 0 1 0 0 0 0.592592597 0.270238161 0.599551737 0.600904107 0.998849869 1 1
G371 0 0 1.30609846 0 0.485556901 1.818326 0 0.00772577617 0 0 0 0 0.0263468474 0.0773930848 0 0.247613534 0 0.583836794 0 0 0 0 0 0 0.635509312 0.31424427 0 0 0.23238498 0 0 0 0 0 0 0 0 0 0.816730976 0 0.927629232 0 0.215650052 0 0 0 0 0 0 0 0 0 0 0.227973118 0 0.17750679 0 0 0 0 0 0 0.446644068 0.344630808 0 0 0 0 0 1 0 0 0 0.592592597 0.270238161 0.599551737 0.600904107 0.943683326 1 1
G375 0 0 1.30609846 0 0.485556901 1.818326 0 0.00772577617 0 0 0 0 0.0263468474 0.0773930848 0 0.247613534 0 0.583836794 0 0 0 0 0 0 0.635509312 0.31424427 0 0 0.23238498 0 0 0 0 0 0 0 0 0 0.816730976 0 0.927629232 0 0.215650052 0 0 0 0 0 0 0 0 0 0 0.227973118 0 0.17750679 0 0 0 0 0 0 0.446644068 0.344630808 0 0 0 0 0 1 0 0 0 0.592592597 0.270238161 0.599551737 0.600904107 0.943683326 1 1
Z286 0 0 1.30609846 0 0.485556901 1.818326 0 0.00772577617 0 0 0 0 0.0263468474 0.0773930848 0 0.247613534 0 0.583836794 0 0 0 0 0 0 0.635509312 0.31424427 0 0 0.23238498 0 0 0 0 0 0 0 0 0 0.816730976 0 0.927629232 0 0.215650052 0 0 0 0 0 0 0 0 0 0 0.227973118 0 0.17750679 0 0 0 0 0 0 0.446644068 0.344630808 0 0 0 0 0 1 0 0 0 0.481481493 0.270238161 0.651884556 0.43718943 0.963127255 1 1
X286 0 0 1.30609846 0 0.485556901 1.818326 0 0.00772577617 0 0 0 0 0.0263468474 0.0773930848 0 0.247613534 0 0.583836794 0 0 0 0 0 0 0.635509312 0.31424427 0 0 0.23238498 0 0 0 0 0 0 0 0 0 0.816730976 0 0.927629232 0 0.215650052 0 0 0 0 0 0 0 0 0 0 0.227973118 0 0.17750679 0 0 0 0 0 0 0.446644068 0.344630808 0 0 1 0 0 0 0 0 0 0.518518507 0.270238161 0.58555162 0.493737549 0.952926815 1 1
G286 0 0 1.30609846 0 0.485556901 1.818326 0 0.00772577617 0 0 0 0 0.0263468474 0.0773930848 0 0.247613534 0 0.583836794 0 0 0 0 0 0 0.635509312 0.31424427 0 0 0.23238498 0 0 0 0 0 0 0 0 0 0.816730976 0 0.927629232 0 0.215650052 0 0 0 0 0 0 0 0 0 0 0.227973118 0 0.17750679 0 0 0 0 0 0 0.446644068 0.344630808 0 0 1 0 0 0 0 0 0 0.555555582 1 0.592686355 0.594023168 0.944472551 1 1
G354 0 0 1.30609846 0 0.485556901 1.818326 0 0.00772577617 0 0 0 0 0.0263468474 0.0773930848 0 0.247613534 0 0.583836794 0 0 0 0 0 0 0.635509312 0.31424427 0 0 0.23238498 0 0 0 0 0 0 0 0 0 0.816730976 0 0.927629232 0 0.215650052 0 0 0 0 0 0 0 0 0 0 0.227973118 0 0.17750679 0 0 0 0 0 0 0.446644068 0.344630808 0 0 0 0 0 1 0 0 0 0.592592597 0.270238161 0.599551737 0.600904107 0.943683326 1 1
G356 0 0 1.30609846 0 0.485556901 1.818326 0 0.00772577617 0 0 0 0 0.0263468474 0.0773930848 0 0.247613534 0 0.583836794 0 0 0 0 0 0 0.635509312 0.31424427 0 0 0.23238498 0 0 0 0 0 0 0 0 0 0.816730976 0 0.927629232 0 0.215650052 0 0 0 0 0 0 0 0 0 0 0.227973118 0 0.17750679 0 0 0 0 0 0 0.446644068 0.344630808 0 0 0 0 0 1 0 0 0 0.592592597 0.270238161 0.599551737 0.600904107 0.943683326 1 1
G358 0 0 1.30609846 0 0.485556901 1.818326 0 0.00772577617 0 0 0 0 0.0263468474 0.0773930848 0 0.247613534 0 0.583836794 0 0 0 0 0 0 0.635509312 0.31424427 0 0 0.23238498 0 0 0 0 0 0 0 0 0 0.816730976 0 0.927629232 0 0.215650052 0 0 0 0 0 0 0 0 0 0 0.227973118 0 0.17750679 0 0 0 0 0 0 0.446644068 0.344630808 0 0 0 0 0 1 0 0 0 0.592592597 0.270238161 0.599551737 0.600904107 0.998849869 1 1
G361 0 0 1.30609846 0 0.485556901 1.818326 0 0.00772577617 0 0 0 0 0.0263468474 0.0773930848 0 0.247613534 0 0.583836794 0 0 0 0 0 0 0.635509312 0.31424427 0 0 0.23238498 0 0 0 0 0 0 0 0 0 0.816730976 0 0.927629232 0 0.215650052 0 0 0 0 0 0 0 0 0 0 0.227973118 0 0.17750679 0 0 0 0 0 0 0.446644068 0.344630808 0 0 0 0 0 1 0 0 0 0.592592597 0.270238161 0.599551737 0.600904107 0.998849869 1 1
G364 0 0 1.30609846 0 0.485556901 1.818326 0 0.00772577617 0 0 0 0 0.0263468474 0.0773930848 0 0.247613534 0 0.583836794 0 0 0 0 0 0 0.635509312 0.31424427 0 0 0.23238498 0 0 0 0 0 0 0 0 0 0.816730976 0 0.927629232 0 0.215650052 0 0 0 0 0 0 0 0 0 0 0.227973118 0 0.17750679 0 0 0 0 0 0 0.446644068 0.344630808 0 0 0 0 0 1 0 0 0 0.592592597 0.270238161 0.599551737 0.600904107 0.998849869 1 1
Z299 0 0 1.30609846 0 0.485556901 1.818326 0 0.00772577617 0 0 0 0 0.0263468474 0.0773930848 0 0.247613534 0 0.583836794 0 0 0 0 0 0 0.635509312 0.31424427 0 0 0.23238498 0 0 0 0 0 0 0 0 0 0.816730976 0 0.927629232 0 0.215650052 0 0 0 0 0 0 0 0 0 0 0.227973118 0 0.17750679 0 0 0 0 0 0 0.446644068 0.344630808 0 0 0 0 0 1 0 0 0 0.481481493 0.270238161 0.651884556 0.43718943 0.963127255 1 1
X299 0 0 1.30609846 0 0.485556901 1.818326 0 0.00772577617 0 0 0 0 0.0263468474 0.0773930848 0 0.247613534 0 0.583836794 0 0 0 0 0 0 0.635509312 0.31424427 0 0 0.23238498 0 0 0 0 0 0 0 0 0 0.816730976 0 0.927629232 0 0.215650052 0 0 0 0 0 0 0 0 0 0 0.227973118 0 0.17750679 0 0 0 0 0 0 0.446644068 0.344630808 0 0 1 0 0 0 0 0 0 0.518518507 0.270238161 0.58555162 0.493737549 0.952926815 1 1
G299 0 0 1.30609846 0 0.485556901 1.818326 0 0.00772577617 0 0 0 0 0.0263468474 0.0773930848 0 0.247613534 0 0.583836794 0 0 0 0 0 0 0.635509312 0.31424427 0 0 0.23238498 0 0 0 0 0 0 0 0 0 0.816730976 0 0.927629232 0 0.215650052 0 0 0 0 0 0 0 0 0 0 0.227973118 0 0.17750679 0 0 0 0 0 0 0.446644068 0.344630808 0 0 1 0 0 0 0 0 0 0.555555582 1 0.592686355 0.594023168 0.944472551 1 1
G350 0 0 1.30609846 0 0.485556901 1.818326 0 0.00772577617 0 0 0 0 0.0263468474 0.0773930848 0 0.247613534 0 0.583836794 0 0 0 0 0 0 0.635509312 0.31424427 0 0 0.23238498 0 0 0 0 0 0 0 0 0 0.816730976 0 0.927629232 0 0.215650052 0 0 0 0 0 0 0 0 0 0 0.227973118 0 0.17750679 0 0 0 0 0 0 0.446644068 0.344630808 0 0 0 0 0 1 0 0 0 0.592592597 0.270238161 0.599551737 0.600904107 0.943683326 1 1
G352 0 0 1.30609846 0 0.485556901 1.818326 0 0.00772577617 0 0 0 0 0.0263468474 0.0773930848 0 0.247613534 0 0.583836794 0 0 0 0 0 0 0.635509312 0.31424427 0 0 0.23238498 0 0 0 0 0 0 0 0 0 0.816730976 0 0.927629232 0 0.215650052 0 0 0 0 0 0 0 0 0 0 0.227973118 0 0.17750679 0 0 0 0 0 0 0.446644068 0.344630808 0 0 0 0 0 1 0 0 0 0.592592597 0.270238161 0.599551737 0.600904107 0.943683326 1 1
G359 0 0 1.30609846 0 0.485556901 1.818326 0 0.00772577617 0 0 0 0 0.0263468474 0.0773930848 0 0.247613534 0 0.583836794 0 0 0 0 0 0 0.635509312 0.31424427 0 0 0.23238498 0 0 0 0 0 0 0 0 0 0.816730976 0 0.927629232 0 0.215650052 0 0 0 0 0 0 0 0 0 0 0.227973118 0 0.17750679 0 0 0 0 0 0 0.446644068 0.344630808 0 0 0 0 0 1 0 0 0 0.592592597 0.270238161 0.599551737 0.600904107 0.998849869 1 1
G362 0 0 1.30609846 0 0.485556901 1.818326 0 0.00772577617 0 0 0 0 0.0263468474 0.0773930848 0 0.247613534 0 0.583836794 0 0 0 0 0 0 0.635509312 0.31424427 0 0 0.23238498 0 0 0 0 0 0 0 0 0 0.816730976 0 0.927629232 0 0.215650052 0 0 0 0 0 0 0 0 0 0 0.227973118 0 0.17750679 0 0 0 0 0 0 0.446644068 0.344630808 0 0 0 0 0 1 0 0 0 0.592592597 0.270238161 0.599551737 0.600904107 0.998849869 1 1
G367 0 0 1.30609846 0 0.485556901 1.818326 0 0.00772577617 0 0 0 0 0.0263468474 0.0773930848 0 0.247613534 0 0.583836794 0 0 0 0 0 0 0.635509312 0.31424427 0 0 0.23238498 0 0 0 0 0 0 0 0 0 0.816730976 0 0.927629232 0 0.215650052 0 0 0 0 0 0 0 0 0 0 0.227973118 0 0.17750679 0 0 0 0 0 0 0.446644068 0.344630808 0 0 0 0 0 1 0 0 0 0.592592597 0.270238161 0.599551737 0.600904107 0.998849869 1 1
Z312 0 0 1.30609846 0 0.485556901 1.818326 0 0.00772577617 0 0 0 0 0.0263468474 0.0773930848 0 0.247613534 0 0.583836794 0 0 0 0 0 0 0.635509312 0.31424427 0 0 0.23238498 0 0 0 0 0 0 0 0 0 0.816730976 0 0.927629232 0 0.215650052 0 0 0 0 0 0 0 0 0 0 0.227973118 0 0.17750679 0 0 0 0 0 0 0.446644068 0.344630808 0 0 0 0 0 1 0 0 0 0.481481493 0.270238161 0.651884556 0.43718943 0.963127255 1 1
X312 0 0 1.30609846 0 0.485556901 1.818326 0 0.00772577617 0 0 0 0 0.0263468474 0.0773930848 0 0.247613534 0 0.583836794 0 0 0 0 0 0 0.635509312 0.31424427 0 0 0.23238498 0 0 0 0 0 0 0 0 0 0.816730976 0 0.927629232 0 0.215650052 0 0 0 0 0 0 0 0 0 0 0.227973118 0 0.17750679 0 0 0 0 0 0 0.446644068 0.344630808 0 0 1 0 0 0 0 0 0 0.518518507 0.270238161 0.58555162 0.493737549 0.952926815 1 1
G312 0 0 1.30609846 0 0.485556901 1.818326 0 0.00772577617 0 0 0 0 0.0263468474 0.0773930848 0 0.247613534 0 0.583836794 0 0 0 0 0 0 0.635509312 0.31424427 0 0 0.23238498 0 0 0 0 0 0 0 0 0 0.816730976 0 0.927629232 0 0.215650052 0 0 0 0 0 0 0 0 0 0 0.227973118 0 0.17750679 0 0 0 0 0 0 0.446644068 0.344630808 0 0 1 0 0 0 0 0 0 0.555555582 1 0.592686355 0.594023168 0.944472551 1 1
G353 0 0 1.30609846 0 0.485556901 1.818326 0 0.00772577617 0 0 0 0 0.0263468474 0.0773930848 0 0.247613534 0 0.583836794 0 0 0 0 0 0 0.635509312 0.31424427 0 0 0.23238498 0 0 0 0 0 0 0 0 0 0.816730976 0 0.927629232 0 0.215650052 0 0 0 0 0 0 0 0 0 0 0.227973118 0 0.17750679 0 0 0 0 0 0 0.446644068 0.344630808 0 0 0 0 0 1 0 0 0 0.592592597 0.270238161 0.599551737 0.600904107 0.943683326 1 1
G357 0 0 1.30609846 0 0.485556901 1.818326 0 0.00772577617 0 0 0 0 0.0263468474 0.0773930848 0 0.247613534 0 0.583836794 0 0 0 0 0 0 0.635509312 0.31424427 0 0 0.23238498 0 0 0 0 0 0 0 0 0 0.816730976 0 0.927629232 0 0.215650052 0 0 0 0 0 0 0 0 0 0 0.227973118 0 0.17750679 0 0 0 0 0 0 0.446644068 0.344630808 0 0 0 0 0 1 0 0 0 0.592592597 0.270238161 0.599551737 0.600904107 0.943683326 1 1
G360 0 0 1.30609846 0 0.485556901 1.818326 0 0.00772577617 0 0 0 0 0.0263468474 0.0773930848 0 0.247613534 0 0.583836794 0 0 0 0 0 0 0.635509312 0.31424427 0 0 0.23238498 0 0 0 0 0 0 0 0 0 0.816730976 0 0.927629232 0 0.215650052 0 0 0 0 0 0 0 0 0 0 0.227973118 0 0.17750679 0 0 0 0 0 0 0.446644068 0.344630808 0 0 0 0 0 1 0 0 0 0.592592597 0.270238161 0.599551737 0.600904107 0.998849869 1 1
G365 0 0 1.30609846 0 0.485556901 1.818326 0 0.00772577617 0 0 0 0 0.0263468474 0.0773930848 0 0.247613534 0 0.583836794 0 0 0 0 0 0 0.635509312 0.31424427 0 0 0.23238498 0 0 0 0 0 0 0 0 0 0.816730976 0 0.927629232 0 0.215650052 0 0 0 0 0 0 0 0 0 0 0.227973118 0 0.17750679 0 0 0 0 0 0 0.446644068 0.344630808 0 0 0 0 0 1 0 0 0 0.592592597 0.270238161 0.599551737 0.600904107 0.998849869 1 1
G368 0 0 1.30609846 0 0.485556901 1.818326 0 0.00772577617 0 0 0 0 0.0263468474 0.0773930848 0 0.247613534 0 0.583836794 0 0 0 0 0 0 0.635509312 0.31424427 0 0 0.23238498 0 0 0 0 0 0 0 0 0 0.816730976 0 0.927629232 0 0.215650052 0 0 0 0 0 0 0 0 0 0 0.227973118 0 0.17750679 0 0 0 0 0 0 0.446644068 0.344630808 0 0 0 0 0 1 0 0 0 0.592592597 0.270238161 0.599551737 0.600904107 0.998849869 1 1
Z325 0 0 1.30609846 0 0.485556901 1.818326 0 0.00772577617 0 0 0 0 0.0263468474 0.0773930848 0 0.247613534 0 0.583836794 0 0 0 0 0 0 0.635509312 0.31424427 0 0 0.23238498 0 0 0 0 0 0 0 0 0 0.816730976 0 0.927629232 0 0.215650052 0 0 0 0 0 0 0 0 0 0 0.227973118 0 0.17750679 0 0 0 0 0 0 0.446644068 0.344630808 0 0 0 0 0 1 0 0 0 0.481481493 0.270238161 0.651884556 0.43718943 0.963127255 1 1
X325 0 0 1.30609846 0 0.485556901 1.818326 0 0.00772577617 0 0 0 0 0.0263468474 0.0773930848 0 0.247613534 0 0.583836794 0 0 0 0 0 0 0.635509312 0.31424427 0 0 0.23238498 0 0 0 0 0 0 0 0 0 0.816730976 0 0.927629232 0 0.215650052 0 0 0 0 0 0 0 0 0 0 0.227973118 0 0.17750679 0 0 0 0 0 0 0.446644068 0.344630808 0 0 1 0 0 0 0 0 0 0.518518507 0.270238161 0.58555162 0.493737549 0.952926815 1 1
G325 0 0 1.30609846 0 0.485556901 1.818326 0 0.00772577617 0 0 0 0 0.0263468474 0.0773930848 0 0.247613534 0 0.583836794 0 0 0 0 0 0 0.635509312 0.31424427 0 0 0.23238498 0 0 0 0 0 0 0 0 0 0.816730976 0 0.927629232 0 0.215650052 0 0 0 0 0 0 0 0 0 0 0.227973118 0 0.17750679 0 0 0 0 0 0 0.446644068 0.344630808 0 0 1 0 0 0 0 0 0 0.555555582 1 0.592686355 0.594023168 0.944472551 1 1
G351 0 0 1.30609846 0 0.485556901 1.818326 0 0.00772577617 0 0 0 0 0.0263468474 0.0773930848 0 0.247613534 0 0.583836794 0 0 0 0 0 0 0.635509312 0.31424427 0 0 0.23238498 0 0 0 0 0 0 0 0 0 0.816730976 0 0.927629232 0 0.215650052 0 0 0 0 0 0 0 0 0 0 0.227973118 0 0.17750679 0 0 0 0 0 0 0.446644068 0.344630808 0 0 0 0 0 1 0 0 0 0.592592597 0.270238161 0.599551737 0.600904107 0.943683326 1 1
G355 0 0 1.30609846 0 0.485556901 1.818326 0 0.00772577617 0 0 0 0 0.0263468474 0.0773930848 0 0.247613534 0 0.583836794 0 0 0 0 0 0 0.635509312 0.31424427 0 0 0.23238498 0 0 0 0 0 0 0 0 0 0.816730976 0 0.927629232 0 0.215650052 0 0 0 0 0 0 0 0 0 0 0.227973118 0 0.17750679 0 0 0 0 0 0 0.446644068 0.344630808 0 0 0 0 0 1 0 0 0 0.592592597 0.270238161 0.599551737 0.600904107 0.943683326 1 1
G363 0 0 1.30609846 0 0.485556901 1.818326 0 0.00772577617 0 0 0 0 0.0263468474 0.0773930848 0 0.247613534 0 0.583836794 0 0 0 0 0 0 0.635509312 0.31424427 0 0 0.23238498 0 0 0 0 0 0 0 0 0 0.816730976 0 0.927629232 0 0.215650052 0 0 0 0 0 0 0 0 0 0 0.227973118 0 0.17750679 0 0 0 0 0 0 0.446644068 0.344630808 0 0 0 0 0 1 0 0 0 0.592592597 0.270238161 0.599551737 0.600904107 0.998849869 1 1
G366 0 0 1.30609846 0 0.485556901 1.818326 0 0.00772577617 0 0 0 0 0.0263468474 0.0773930848 0 0.247613534 0 0.583836794 0 0 0 0 0 0 0.635509312 0.31424427 0 0 0.23238498 0 0 0 0 0 0 0 0 0 0.816730976 0 0.927629232 0 0.215650052 0 0 0 0 0 0 0 0 0 0 0.227973118 0 0.17750679 0 0 0 0 0 0 0.446644068 0.344630808 0 0 0 0 0 1 0 0 0 0.592592597 0.270238161 0.599551737 0.600904107 0.998849869 1 1
G369 0 0 1.30609846 0 0.485556901 1.818326 0 0.00772577617 0 0 0 0 0.0263468474 0.0773930848 0 0.247613534 0 0.583836794 0 0 0 0 0 0 0.635509312 0.31424427 0 0 0.23238498 0 0 0 0 0 0 0 0 0 0.816730976 0 0.927629232 0 0.215650052 0 0 0 0 0 0 0 0 0 0 0.227973118 0 0.17750679 0 0 0 0 0 0 0.446644068 0.344630808 0 0 0 0 0 1 0 0 0 0.592592597 0.270238161 0.599551737 0.600904107 0.998849869 1 1
__smartatpg_bin_408_1 0 0 1.30609846 0 0.485556901 1.818326 0 0.00772577617 0 0 0 0 0.0263468474 0.0773930848 0 0.247613534 0 0.583836794 0 0 0 0 0 0 0.635509312 0.31424427 0 0 0.23238498 0 0 0 0 0 0 0 0 0 0.816730976 0 0.927629232 0 0.215650052 0 0 0 0 0 0 0 0 0 0 0.227973118 0 0.17750679 0 0 0 0 0 0 0.446644068 0.344630808 0 1 0 0 0 0 0 0 0 0.629629612 0.270238161 0.606167436 0.7272802 0.982533991 1 1
__smartatpg_bin_408_2 0 0 1.30609846 0 0.485556901 1.818326 0 0.00772577617 0 0 0 0 0.0263468474 0.0773930848 0 0.247613534 0 0.583836794 0 0 0 0 0 0 0.635509312 0.31424427 0 0 0.23238498 0 0 0 0 0 0 0 0 0 0.816730976 0 0.927629232 0 0.215650052 0 0 0 0 0 0 0 0 0 0 0.227973118 0 0.17750679 0 0 0 0 0 0 0.446644068 0.344630808 0 1 0 0 0 0 0 0 0 0.629629612 0.270238161 0.599551737 0.723872185 0.983166277 1 1
G378 0 0 1.30609846 0 0.485556901 1.818326 0 0.00772577617 0 0 0 0 0.0263468474 0.0773930848 0 0.247613534 0 0.583836794 0 0 0 0 0 0 0.635509312 0.31424427 0 0 0.23238498 0 0 0 0 0 0 0 0 0 0.816730976 0 0.927629232 0 0.215650052 0 0 0 0 0 0 0 0 0 0 0.227973118 0 0.17750679 0 0 0 0 0 0 0.446644068 0.344630808 0 1 0 0 0 0 0 0 0 0.666666687 0.270238161 0.606167436 0.851960242 0.9452582 1 1
__smartatpg_bin_409_1 0 0 1.30609846 0 0.485556901 1.818326 0 0.00772577617 0 0 0 0 0.0263468474 0.0773930848 0 0.247613534 0 0.583836794 0 0 0 0 0 0 0.635509312 0.31424427 0 0 0.23238498 0 0 0 0 0 0 0 0 0 0.816730976 0 0.927629232 0 0.215650052 0 0 0 0 0 0 0 0 0 0 0.227973118 0 0.17750679 0 0 0 0 0 0 0.446644068 0.344630808 0 1 0 0 0 0 0 0 0 0.629629612 0.270238161 0.606167436 0.7272802 0.982533991 1 1
__smartatpg_bin_409_2 0 0 1.30609846 0 0.485556901 1.818326 0 0.00772577617 0 0 0 0 0.0263468474 0.0773930848 0 0.247613534 0 0.583836794 0 0 0 0 0 0 0.635509312 0.31424427 0 0 0.23238498 0 0 0 0 0 0 0 0 0 0.816730976 0 0.927629232 0 0.215650052 0 0 0 0 0 0 0 0 0 0 0.227973118 0 0.17750679 0 0 0 0 0 0 0.446644068 0.344630808 0 1 0 0 0 0 0 0 0 0.629629612 0.270238161 0.599551737 0.723872185 0.983166277 1 1
G379 0 0 1.30609846 0 0.485556901 1.818326 0 0.00772577617 0 0 0 0 0.0263468474 0.0773930848 0 0.247613534 0 0.583836794 0 0 0 0 0 0 0.635509312 0.31424427 0 0 0.23238498 0 0 0 0 0 0 0 0 0 0.816730976 0 0.927629232 0 0.215650052 0 0 0 0 0 0 0 0 0 0 0.227973118 0 0.17750679 0 0 0 0 0 0 0.446644068 0.344630808 0 1 0 0 0 0 0 0 0 0.666666687 0.270238161 0.606167436 0.851960242 0.9452582 1 1
__smartatpg_bin_410_1 0 0 1.30609846 0 0.485556901 1.818326 0 0.00772577617 0 0 0 0 0.0263468474 0.0773930848 0 0.247613534 0 0.583836794 0 0 0 0 0 0 0.635509312 0.31424427 0 0 0.23238498 0 0 0 0 0 0 0 0 0 0.816730976 0 0.927629232 0 0.215650052 0 0 0 0 0 0 0 0 0 0 0.227973118 0 0.17750679 0 0 0 0 0 0 0.446644068 0.344630808 0 1 0 0 0 0 0 0 0 0.629629612 0.270238161 0.599551737 0.723872185 0.983166277 1 1
__smartatpg_bin_410_2 0 0 1.30609846 0 0.485556901 1.818326 0 0.00772577617 0 0 0 0 0.0263468474 0.0773930848 0 0.247613534 0 0.583836794 0 0 0 0 0 0 0.635509312 0.31424427 0 0 0.23238498 0 0 0 0 0 0 0 0 0 0.816730976 0 0.927629232 0 0.215650052 0 0 0 0 0 0 0 0 0 0 0.227973118 0 0.17750679 0 0 0 0 0 0 0.446644068 0.344630808 0 1 0 0 0 0 0 0 0 0.629629612 0.270238161 0.606167436 0.7272802 0.982533991 1 1
G380 0 0 1.30609846 0 0.485556901 1.818326 0 0.00772577617 0 0 0 0 0.0263468474 0.0773930848 0 0.247613534 0 0.583836794 0 0 0 0 0 0 0.635509312 0.31424427 0 0 0.23238498 0 0 0 0 0 0 0 0 0 0.816730976 0 0.927629232 0 0.215650052 0 0 0 0 0 0 0 0 0 0 0.227973118 0 0.17750679 0 0 0 0 0 0 0.446644068 0.344630808 0 1 0 0 0 0 0 0 0 0.666666687 0.270238161 0.606167436 0.851960242 0.9452582 1 1
__smartatpg_bin_411_1 0 0 1.30609846 0 0.485556901 1.818326 0 0.00772577617 0 0 0 0 0.0263468474 0.0773930848 0 0.247613534 0 0.583836794 0 0 0 0 0 0 0.635509312 0.31424427 0 0 0.23238498 0 0 0 0 0 0 0 0 0 0.816730976 0 0.927629232 0 0.215650052 0 0 0 0 0 0 0 0 0 0 0.227973118 0 0.17750679 0 0 0 0 0 0 0.446644068 0.344630808 0 1 0 0 0 0 0 0 0 0.629629612 0.270238161 0.599551737 0.723872185 0.983166277 1 1
__smartatpg_bin_411_2 0 0 1.30609846 0 0.485556901 1.818326 0 0.00772577617 0 0 0 0 0.0263468474 0.0773930848 0 0.247613534 0 0.583836794 0 0 0 0 0 0 0.635509312 0.31424427 0 0 0.23238498 0 0 0 0 0 0 0 0 0 0.816730976 0 0.927629232 0 0.215650052 0 0 0 0 0 0 0 0 0 0 0.227973118 0 0.17750679 0 0 0 0 0 0 0.446644068 0.344630808 0 1 0 0 0 0 0 0 0 0.629629612 0.270238161 0.606167436 0.7272802 0.982533991 1 1
G381 0 0 1.30609846 0 0.485556901 1.818326 0 0.00772577617 0 0 0 0 0.0263468474 0.0773930848 0 0.247613534 0 0.583836794 0 0 0 0 0 0 0.635509312 0.31424427 0 0 0.23238498 0 0 0 0 0 0 0 0 0 0.816730976 0 0.927629232 0 0.215650052 0 0 0 0 0 0 0 0 0 0 0.227973118 0 0.17750679 0 0 0 0 0 0 0.446644068 0.344630808 0 1 0 0 0 0 0 0 0 0.666666687 0.270238161 0.606167436 0.851960242 0.9452582 1 1
__smartatpg_bin_412_1 0 0 1.30609846 0 0.485556901 1.818326 0 0.00772577617 0 0 0 0 0.0263468474 0.0773930848 0 0.247613534 0 0.583836794 0 0 0 0 0 0 0.635509312 0.31424427 0 0 0.23238498 0 0 0 0 0 0 0 0 0 0.816730976 0 0.927629232 0 0.215650052 0 0 0 0 0 0 0 0 0 0 0.227973118 0 0.17750679 0 0 0 0 0 0 0.446644068 0.344630808 0 1 0 0 0 0 0 0 0 0.629629612 0.270238161 0.606167436 0.7272802 0.982533991 1 1
__smartatpg_bin_412_2 0 0 1.30609846 0 0.485556901 1.818326 0 0.00772577617 0 0 0 0 0.0263468474 0.0773930848 0 0.247613534 0 0.583836794 0 0 0 0 0 0 0.635509312 0.31424427 0 0 0.23238498 0 0 0 0 0 0 0 0 0 0.816730976 0 0.927629232 0 0.215650052 0 0 0 0 0 0 0 0 0 0 0.227973118 0 0.17750679 0 0 0 0 0 0 0.446644068 0.344630808 0 1 0 0 0 0 0 0 0 0.629629612 0.270238161 0.599551737 0.723872185 0.983166277 1 1
G382 0 0 1.30609846 0 0.485556901 1.818326 0 0.00772577617 0 0 0 0 0.0263468474 0.0773930848 0 0.247613534 0 0.583836794 0 0 0 0 0 0 0.635509312 0.31424427 0 0 0.23238498 0 0 0 0 0 0 0 0 0 0.816730976 0 0.927629232 0 0.215650052 0 0 0 0 0 0 0 0 0 0 0.227973118 0 0.17750679 0 0 0 0 0 0 0.446644068 0.344630808 0 1 0 0 0 0 0 0 0 0.666666687 0.270238161 0.606167436 0.851960242 0.9452582 1 1
__smartatpg_bin_413_1 0 0 1.30609846 0 0.485556901 1.818326 0 0.00772577617 0 0 0 0 0.0263468474 0.0773930848 0 0.247613534 0 0.583836794 0 0 0 0 0 0 0.635509312 0.31424427 0 0 0.23238498 0 0 0 0 0 0 0 0 0 0.816730976 0 0.927629232 0 0.215650052 0 0 0 0 0 0 0 0 0 0 0.227973118 0 0.17750679 0 0 0 0 0 0 0.446644068 0.344630808 0 1 0 0 0 0 0 0 0 0.629629612 0.270238161 0.606167436 0.7272802 0.982533991 1 1
__smartatpg_bin_413_2 0 0 1.30609846 0 0.485556901 1.818326 0 0.00772577617 0 0 0 0 0.0263468474 0.0773930848 0 0.247613534 0 0.583836794 0 0 0 0 0 0 0.635509312 0.31424427 0 0 0.23238498 0 0 0 0 0 0 0 0 0 0.816730976 0 0.927629232 0 0.215650052 0 0 0 0 0 0 0 0 0 0 0.227973118 0 0.17750679 0 0 0 0 0 0 0.446644068 0.344630808 0 1 0 0 0 0 0 0 0 0.629629612 0.270238161 0.599551737 0.723872185 0.983166277 1 1
G383 0 0 1.30609846 0 0.485556901 1.818326 0 0.00772577617 0 0 0 0 0.0263468474 0.0773930848 0 0.247613534 0 0.583836794 0 0 0 0 0 0 0.635509312 0.31424427 0 0 0.23238498 0 0 0 0 0 0 0 0 0 0.816730976 0 0.927629232 0 0.215650052 0 0 0 0 0 0 0 0 0 0 0.227973118 0 0.17750679 0 0 0 0 0 0 0.446644068 0.344630808 0 1 0 0 0 0 0 0 0 0.666666687 0.270238161 0.606167436 0.851960242 0.9452582 1 1
__smartatpg_bin_414_1 0 0 1.30609846 0 0.485556901 1.818326 0 0.00772577617 0 0 0 0 0.0263468474 0.0773930848 0 0.247613534 0 0.583836794 0 0 0 0 0 0 0.635509312 0.31424427 0 0 0.23238498 0 0 0 0 0 0 0 0 0 0.816730976 0 0.927629232 0 0.215650052 0 0 0 0 0 0 0 0 0 0 0.227973118 0 0.17750679 0 0 0 0 0 0 0.446644068 0.344630808 0 1 0 0 0 0 0 0 0 0.629629612 0.270238161 0.599551737 0.723872185 0.983166277 1 1
__smartatpg_bin_414_2 0 0 1.30609846 0 0.485556901 1.818326 0 0.00772577617 0 0 0 0 0.0263468474 0.0773930848 0 0.247613534 0 0.583836794 0 0 0 0 0 0 0.635509312 0.31424427 0 0 0.23238498 0 0 0 0 0 0 0 0 0 0.816730976 0 0.927629232 0 0.215650052 0 0 0 0 0 0 0 0 0 0 0.227973118 0 0.17750679 0 0 0 0 0 0 0.446644068 0.344630808 0 1 0 0 0 0 0 0 0 0.629629612 0.270238161 0.606167436 0.7272802 0.982533991 1 1
G384 0 0 1.30609846 0 0.485556901 1.818326 0 0.00772577617 0 0 0 0 0.0263468474 0.0773930848 0 0.247613534 0 0.583836794 0 0 0 0 0 0 0.635509312 0.31424427 0 0 0.23238498 0 0 0 0 0 0 0 0 0 0.816730976 0 0.927629232 0 0.215650052 0 0 0 0 0 0 0 0 0 0 0.227973118 0 0.17750679 0 0 0 0 0 0 0.446644068 0.344630808 0 1 0 0 0 0 0 0 0 0.666666687 0.270238161 0.606167436 0.851960242 0.9452582 1 1
__smartatpg_bin_415_1 0 0 1.30609846 0 0.485556901 1.818326 0 0.00772577617 0 0 0 0 0.0263468474 0.0773930848 0 0.247613534 0 0.583836794 0 0 0 0 0 0 0.635509312 0.31424427 0 0 0.23238498 0 0 0 0 0 0 0 0 0 0.816730976 0 0.927629232 0 0.215650052 0 0 0 0 0 0 0 0 0 0 0.227973118 0 0.17750679 0 0 0 0 0 0 0.446644068 0.344630808 0 1 0 0 0 0 0 0 0 0.629629612 0.270238161 0.599551737 0.723872185 0.983166277 1 1
__smartatpg_bin_415_2 0 0 1.30609846 0 0.485556901 1.818326 0 0.00772577617 0 0 0 0 0.0263468474 0.0773930848 0 0.247613534 0 0.583836794 0 0 0 0 0 0 0.635509312 0.31424427 0 0 0.23238498 0 0 0 0 0 0 0 0 0 0.816730976 0 0.927629232 0 0.215650052 0 0 0 0 0 0 0 0 0 0 0.227973118 0 0.17750679 0 0 0 0 0 0 0.446644068 0.344630808 0 1 0 0 0 0 0 0 0 0.629629612 0.270238161 0.606167436 0.7272802 0.982533991 1 1
G385 0 0 1.30609846 0 0.485556901 1.818326 0 0.00772577617 0 0 0 0 0.0263468474 0.0773930848 0 0.247613534 0 0.583836794 0 0 0 0 0 0 0.635509312 0.31424427 0 0 0.23238498 0 0 0 0 0 0 0 0 0 0.816730976 0 0.927629232 0 0.215650052 0 0 0 0 0 0 0 0 0 0 0.227973118 0 0.17750679 0 0 0 0 0 0 0.446644068 0.344630808 0 1 0 0 0 0 0 0 0 0.666666687 0.270238161 0.606167436 0.851960242 0.9452582 1 1
__smartatpg_bin_416_1 0 0 1.30609846 0 0.485556901 1.818326 0 0.00772577617 0 0 0 0 0.0263468474 0.0773930848 0 0.247613534 0 0.583836794 0 0 0 0 0 0 0.635509312 0.31424427 0 0 0.23238498 0 0 0 0 0 0 0 0 0 0.816730976 0 0.927629232 0 0.215650052 0 0 0 0 0 0 0 0 0 0 0.227973118 0 0.17750679 0 0 0 0 0 0 0.446644068 0.344630808 0 0 0 1 0 0 0 0 0 0.703703701 0.270238161 0.732259154 0.853656232 0.921802819 1 1
__smartatpg_bin_416_2 0 0 1.30609846 0 0.485556901 1.818326 0 0.00772577617 0 0 0 0 0.0263468474 0.0773930848 0 0.247613534 0 0.583836794 0 0 0 0 0 0 0.635509312 0.31424427 0 0 0.23238498 0 0 0 0 0 0 0 0 0 0.816730976 0 0.927629232 0 0.215650052 0 0 0 0 0 0 0 0 0 0 0.227973118 0 0.17750679 0 0 0 0 0 0 0.446644068 0.344630808 0 0 0 1 0 0 0 0 0 0.703703701 0.270238161 0.732259154 0.853656232 0.921802819 1 1
G386 0 0 1.30609846 0 0.485556901 1.818326 0 0.00772577617 0 0 0 0 0.0263468474 0.0773930848 0 0.247613534 0 0.583836794 0 0 0 0 0 0 0.635509312 0.31424427 0 0 0.23238498 0 0 0 0 0 0 0 0 0 0.816730976 0 0.927629232 0 0.215650052 0 0 0 0 0 0 0 0 0 0 0.227973118 0 0.17750679 0 0 0 0 0 0 0.446644068 0.344630808 0 0 0 1 0 0 0 0 0 0.740740716 0.627473593 0.858350813 0.855336666 0.862623274 1 1
__smartatpg_bin_417_1 0 0 1.30609846 0 0.485556901 1.818326 0 0.00772577617 0 0 0 0 0.0263468474 0.0773930848 0 0.247613534 0 0.583836794 0 0 0 0 0 0 0.635509312 0.31424427 0 0 0.23238498 0 0 0 0 0 0 0 0 0 0.816730976 0 0.927629232 0 0.215650052 0 0 0 0 0 0 0 0 0 0 0.227973118 0 0.17750679 0 0 0 0 0 0 0.446644068 0.344630808 0 0 0 1 0 0 0 0 0 0.703703701 0.270238161 0.732259154 0.853656232 0.921802819 1 1
__smartatpg_bin_417_2 0 0 1.30609846 0 0.485556901 1.818326 0 0.00772577617 0 0 0 0 0.0263468474 0.0773930848 0 0.247613534 0 0.583836794 0 0 0 0 0 0 0.635509312 0.31424427 0 0 0.23238498 0 0 0 0 0 0 0 0 0 0.816730976 0 0.927629232 0 0.215650052 0 0 0 0 0 0 0 0 0 0 0.227973118 0 0.17750679 0 0 0 0 0 0 0.446644068 0.344630808 0 0 0 1 0 0 0 0 0 0.703703701 0.270238161 0.732259154 0.853656232 0.921802819 1 1
G391 0 0 1.30609846 0 0.485556901 1.818326 0 0.00772577617 0 0 0 0 0.0263468474 0.0773930848 0 0.247613534 0 0.583836794 0 0 0 0 0 0 0.635509312 0.31424427 0 0 0.23238498 0 0 0 0 0 0 0 0 0 0.816730976 0 0.927629232 0 0.215650052 0 0 0 0 0 0 0 0 0 0 0.227973118 0 0.17750679 0 0 0 0 0 0 0.446644068 0.344630808 0 0 0 1 0 0 0 0 0 0.740740716 0.627473593 0.858350813 0.855336666 0.862623274 1 1
__smartatpg_bin_418_1 0 0 1.30609846 0 0.485556901 1.818326 0 0.00772577617 0 0 0 0 0.0263468474 0.0773930848 0 0.247613534 0 0.583836794 0 0 0 0 0 0 0.635509312 0.31424427 0 0 0.23238498 0 0 0 0 0 0 0 0 0 0.816730976 0 0.927629232 0 0.215650052 0 0 0 0 0 0 0 0 0 0 0.227973118 0 0.17750679 0 0 0 0 0 0 0.446644068 0.344630808 0 1 0 0 0 0 0 0 0 0.629629612 0.270238161 0.599551737 0.723872185 0.921802819 1 1
__smartatpg_bin_418_3 0 0 1.30609846 0 0.485556901 1.818326 0 0.00772577617 0 0 0 0 0.0263468474 0.0773930848 0 0.247613534 0 0.583836794 0 0 0 0 0 0 0.635509312 0.31424427 0 0 0.23238498 0 0 0 0 0 0 0 0 0 0.816730976 0 0.927629232 0 0.215650052 0 0 0 0 0 0 0 0 0 0 0.227973118 0 0.17750679 0 0 0 0 0 0 0.446644068 0.344630808 0 1 0 0 0 0 0 0 0 0.777777791 0.270238161 0.606167436 0.895685852 0.824867427 1 1
__smartatpg_bin_418_2 0 0 1.30609846 0 0.485556901 1.818326 0 0.00772577617 0 0 0 0 0.0263468474 0.0773930848 0 0.247613534 0 0.583836794 0 0 0 0 0 0 0.635509312 0.31424427 0 0 0.23238498 0 0 0 0 0 0 0 0 0 0.816730976 0 0.927629232 0 0.215650052 0 0 0 0 0 0 0 0 0 0 0.227973118 0 0.17750679 0 0 0 0 0 0 0.446644068 0.344630808 0 1 0 0 0 0 0 0 0 0.814814806 0.270238161 0.599551737 0.927581549 0.778689623 1 1
G396 0 0 1.30609846 0 0.485556901 1.818326 0 0.00772577617 0 0 0 0 0.0263468474 0.0773930848 0 0.247613534 0 0.583836794 0 0 0 0 0 0 0.635509312 0.31424427 0 0 0.23238498 0 0 0 0 0 0 0 0 0 0.816730976 0 0.927629232 0 0.215650052 0 0 0 0 0 0 0 0 0 0 0.227973118 0 0.17750679 0 0 0 0 0 0 0.446644068 0.344630808 0 1 0 0 0 0 0 0 0 0.851851881 0.627473593 0.606167436 0.979186296 0.611244202 1 1
G436 0 0 1.30609846 0 0.485556901 1.818326 0 0.00772577617 0 0 0 0 0.0263468474 0.0773930848 0 0.247613534 0 0.583836794 0 0 0 0 0 0 0.635509312 0.31424427 0 0 0.23238498 0 0 0 0 0 0 0 0 0 0.816730976 0 0.927629232 0 0.215650052 0 0 0 0 0 0 0 0 0 0 0.227973118 0 0.17750679 0 0 0 0 0 0 0.446644068 0.344630808 0 1 0 0 0 0 0 0 0 0.888888896 0.428317338 0.599551737 1 0.340175539 1 1
G437 0 0 1.30609846 0 0.485556901 1.818326 0 0.00772577617 0 0 0 0 0.0263468474 0.0773930848 0 0.247613534 0 0.583836794 0 0 0 0 0 0 0.635509312 0.31424427 0 0 0.23238498 0 0 0 0 0 0 0 0 0 0.816730976 0 0.927629232 0 0.215650052 0 0 0 0 0 0 0 0 0 0 0.227973118 0 0.17750679 0 0 0 0 0 0 0.446644068 0.344630808 0 1 0 0 0 0 0 0 0 0.888888896 0.428317338 0.599551737 1 0.340175539 1 1
G438 0 0 1.30609846 0 0.485556901 1.818326 0 0.00772577617 0 0 0 0 0.0263468474 0.0773930848 0 0.247613534 0 0.583836794 0 0 0 0 0 0 0.635509312 0.31424427 0 0 0.23238498 0 0 0 0 0 0 0 0 0 0.816730976 0 0.927629232 0 0.215650052 0 0 0 0 0 0 0 0 0 0 0.227973118 0 0.17750679 0 0 0 0 0 0 0.446644068 0.344630808 0 1 0 0 0 0 0 0 0 0.888888896 0.428317338 0.599551737 1 0.340175539 1 1
G439 0 0 1.30609846 0 0.485556901 1.818326 0 0.00772577617 0 0 0 0 0.0263468474 0.0773930848 0 0.247613534 0 0.583836794 0 0 0 0 0 0 0.635509312 0.31424427 0 0 0.23238498 0 0 0 0 0 0 0 0 0 0.816730976 0 0.927629232 0 0.215650052 0 0 0 0 0 0 0 0 0 0 0.227973118 0 0.17750679 0 0 0 0 0 0 0.446644068 0.344630808 0 1 0 0 0 0 0 0 0 0.888888896 0.428317338 0.599551737 1 0.340175539 1 1
Y468 0 0 1.30609846 0 0.485556901 1.818326 0 0.00772577617 0 0 0 0 0.0263468474 0.0773930848 0 0.247613534 0 0.583836794 0 0 0 0 0 0 0.635509312 0.31424427 0 0 0.23238498 0 0 0 0 0 0 0 0 0 0.816730976 0 0.927629232 0 0.215650052 0 0 0 0 0 0 0 0 0 0 0.227973118 0 0.17750679 0 0 0 0 0 0 0.446644068 0.344630808 0 0 1 0 0 0 0 0 0 0.92592591 0.270238161 1 0.252752185 0.242345944 1 1
Y469 0 0 1.30609846 0 0.485556901 1.818326 0 0.00772577617 0 0 0 0 0.0263468474 0.0773930848 0 0.247613534 0 0.583836794 0 0 0 0 0 0 0.635509312 0.31424427 0 0 0.23238498 0 0 0 0 0 0 0 0 0 0.816730976 0 0.927629232 0 0.215650052 0 0 0 0 0 0 0 0 0 0 0.227973118 0 0.17750679 0 0 0 0 0 0 0.446644068 0.344630808 0 0 1 0 0 0 0 0 0 0.92592591 0.270238161 1 0.252752185 0.242345944 1 1
Y470 0 0 1.30609846 0 0.485556901 1.818326 0 0.00772577617 0 0 0 0 0.0263468474 0.0773930848 0 0.247613534 0 0.583836794 0 0 0 0 0 0 0.635509312 0.31424427 0 0 0.23238498 0 0 0 0 0 0 0 0 0 0.816730976 0 0.927629232 0 0.215650052 0 0 0 0 0 0 0 0 0 0 0.227973118 0 0.17750679 0 0 0 0 0 0 0.446644068 0.344630808 0 0 1 0 0 0 0 0 0 0.92592591 0.270238161 1 0.252752185 0.242345944 1 1
Y471 0 0 1.30609846 0 0.485556901 1.818326 0 0.00772577617 0 0 0 0 0.0263468474 0.0773930848 0 0.247613534 0 0.583836794 0 0 0 0 0 0 0.635509312 0.31424427 0 0 0.23238498 0 0 0 0 0 0 0 0 0 0.816730976 0 0.927629232 0 0.215650052 0 0 0 0 0 0 0 0 0 0 0.227973118 0 0.17750679 0 0 0 0 0 0 0.446644068 0.344630808 0 0 1 0 0 0 0 0 0 0.92592591 0.270238161 1 0.252752185 0.242345944 1 1
Z468 0 0 1.30609846 0 0.485556901 1.818326 0 0.00772577617 0 0 0 0 0.0263468474 0.0773930848 0 0.247613534 0 0.583836794 0 0 0 0 0 0 0.635509312 0.31424427 0 0 0.23238498 0 0 0 0 0 0 0 0 0 0.816730976 0 0.927629232 0 0.215650052 0 0 0 0 0 0 0 0 0 0 0.227973118 0 0.17750679 0 0 0 0 0 0 0.446644068 0.344630808 0 0 0 0 0 1 0 0 0 0.92592591 0.270238161 0.998502791 0.607534707 0.340175539 1 1
X468 0 0 1.30609846 0 0.485556901 1.818326 0 0.00772577617 0 0 0 0 0.0263468474 0.0773930848 0 0.247613534 0 0.583836794 0 0 0 0 0 0 0.635509312 0.31424427 0 0 0.23238498 0 0 0 0 0 0 0 0 0 0.816730976 0 0.927629232 0 0.215650052 0 0 0 0 0 0 0 0 0 0 0.227973118 0 0.17750679 0 0 0 0 0 0 0.446644068 0.344630808 0 0 1 0 0 0 0 0 0 0.962962985 0.270238161 0.618718088 0.200301364 0.281354934 1 1
G468 0 0 1.30609846 0 0.485556901 1.818326 0 0.00772577617 0 0 0 0 0.0263468474 0.0773930848 0 0.247613534 0 0.583836794 0 0 0 0 0 0 0.635509312 0.31424427 0 0 0.23238498 0 0 0 0 0 0 0 0 0 0.816730976 0 0.927629232 0 0.215650052 0 0 0 0 0 0 0 0 0 0 0.227973118 0 0.17750679 0 0 0 0 0 0 0.446644068 0.344630808 0 0 1 0 0 0 0 0 0 1 0 0.353984088 0.626091957 0 1 1
Z469 0 0 1.30609846 0 0.485556901 1.818326 0 0.00772577617 0 0 0 0 0.0263468474 0.0773930848 0 0.247613534 0 0.583836794 0 0 0 0 0 0 0.635509312 0.31424427 0 0 0.23238498 0 0 0 0 0 0 0 0 0 0.816730976 0 0.927629232 0 0.215650052 0 0 0 0 0 0 0 0 0 0 0.227973118 0 0.17750679 0 0 0 0 0 0 0.446644068 0.344630808 0 0 0 0 0 1 0 0 0 0.92592591 0.270238161 0.998502791 0.607534707 0.340175539 1 1
X469 0 0 1.30609846 0 0.485556901 1.818326 0 0.00772577617 0 0 0 0 0.0263468474 0.0773930848 0 0.247613534 0 0.583836794 0 0 0 0 0 0 0.635509312 0.31424427 0 0 0.23238498 0 0 0 0 0 0 0 0 0 0.816730976 0 0.927629232 0 0.215650052 0 0 0 0 0 0 0 0 0 0 0.227973118 0 0.17750679 0 0 0 0 0 0 0.446644068 0.344630808 0 0 1 0 0 0 0 0 0 0.962962985 0.270238161 0.618718088 0.200301364 0.281354934 1 1
G469 0 0 1.30609846 0 0.485556901 1.818326 0 0.00772577617 0 0 0 0 0.0263468474 0.0773930848 0 0.247613534 0 0.583836794 0 0 0 0 0 0 0.635509312 0.31424427 0 0 0.23238498 0 0 0 0 0 0 0 0 0 0.816730976 0 0.927629232 0 0.215650052 0 0 0 0 0 0 0 0 0 0 0.227973118 0 0.17750679 0 0 0 0 0 0 0.446644068 0.344630808 0 0 1 0 0 0 0 0 0 1 0 0.353984088 0.626091957 0 1 1
Z470 0 0 1.30609846 0 0.485556901 1.818326 0 0.00772577617 0 0 0 0 0.0263468474 0.0773930848 0 0.247613534 0 0.583836794 0 0 0 0 0 0 0.635509312 0.31424427 0 0 0.23238498 0 0 0 0 0 0 0 0 0 0.816730976 0 0.927629232 0 0.215650052 0 0 0 0 0 0 0 0 0 0 0.227973118 0 0.17750679 0 0 0 0 0 0 0.446644068 0.344630808 0 0 0 0 0 1 0 0 0 0.92592591 0.270238161 0.998502791 0.607534707 0.340175539 1 1
X470 0 0 1.30609846 0 0.485556901 1.818326 0 0.00772577617 0 0 0 0 0.0263468474 0.0773930848 0 0.247613534 0 0.583836794 0 0 0 0 0 0 0.635509312 0.31424427 0 0 0.23238498 0 0 0 0 0 0 0 0 0 0.816730976 0 0.927629232 0 0.215650052 0 0 0 0 0 0 0 0 0 0 0.227973118 0 0.17750679 0 0 0 0 0 0 0.446644068 0.344630808 0 0 1 0 0 0 0 0 0 0.962962985 0.270238161 0.618718088 0.200301364 0.281354934 1 1
G470 0 0 1.30609846 0 0.485556901 1.818326 0 0.00772577617 0 0 0 0 0.0263468474 0.0773930848 0 0.247613534 0 0.583836794 0 0 0 0 0 0 0.635509312 0.31424427 0 0 0.23238498 0 0 0 0 0 0 0 0 0 0.816730976 0 0.927629232 0 0.215650052 0 0 0 0 0 0 0 0 0 0 0.227973118 0 0.17750679 0 0 0 0 0 0 0.446644068 0.344630808 0 0 1 0 0 0 0 0 0 1 0 0.353984088 0.626091957 0 1 1
Z471 0 0 1.30609846 0 0.485556901 1.818326 0 0.00772577617 0 0 0 0 0.0263468474 0.0773930848 0 0.247613534 0 0.583836794 0 0 0 0 0 0 0.635509312 0.31424427 0 0 0.23238498 0 0 0 0 0 0 0 0 0 0.816730976 0 0.927629232 0 0.215650052 0 0 0 0 0 0 0 0 0 0 0.227973118 0 0.17750679 0 0 0 0 0 0 0.446644068 0.344630808 0 0 0 0 0 1 0 0 0 0.92592591 0.270238161 0.998502791 0.607534707 0.340175539 1 1
X471 0 0 1.30609846 0 0.485556901 1.818326 0 0.00772577617 0 0 0 0 0.0263468474 0.0773930848 0 0.247613534 0 0.583836794 0 0 0 0 0 0 0.635509312 0.31424427 0 0 0.23238498 0 0 0 0 0 0 0 0 0 0.816730976 0 0.927629232 0 0.215650052 0 0 0 0 0 0 0 0 0 0 0.227973118 0 0.17750679 0 0 0 0 0 0 0.446644068 0.344630808 0 0 1 0 0 0 0 0 0 0.962962985 0.270238161 0.618718088 0.200301364 0.281354934 1 1
G471 0 0 1.30609846 0 0.485556901 1.818326 0 0.00772577617 0 0 0 0 0.0263468474 0.0773930848 0 0.247613534 0 0.583836794 0 0 0 0 0 0 0.635509312 0.31424427 0 0 0.23238498 0 0 0 0 0 0 0 0 0 0.816730976 0 0.927629232 0 0.215650052 0 0 0 0 0 0 0 0 0 0 0.227973118 0 0.17750679 0 0 0 0 0 0 0.446644068 0.344630808 0 0 1 0 0 0 0 0 0 1 0 0.353984088 0.626091957 0 1 1
__smartatpg_bin_419_1 0 0 1.30609846 0 0.485556901 1.818326 0 0.00772577617 0 0 0 0 0.0263468474 0.0773930848 0 0.247613534 0 0.583836794 0 0 0 0 0 0 0.635509312 0.31424427 0 0 0.23238498 0 0 0 0 0 0 0 0 0 0.816730976 0 0.927629232 0 0.215650052 0 0 0 0 0 0 0 0 0 0 0.227973118 0 0.17750679 0 0 0 0 0 0 0.446644068 0.344630808 0 1 0 0 0 0 0 0 0 0.629629612 0.270238161 0.599551737 0.723872185 0.921802819 1 1
__smartatpg_bin_419_3 0 0 1.30609846 0 0.485556901 1.818326 0 0.00772577617 0 0 0 0 0.0263468474 0.0773930848 0 0.247613534 0 0.583836794 0 0 0 0 0 0 0.635509312 0.31424427 0 0 0.23238498 0 0 0 0 0 0 0 0 0 0.816730976 0 0.927629232 0 0.215650052 0 0 0 0 0 0 0 0 0 0 0.227973118 0 0.17750679 0 0 0 0 0 0 0.446644068 0.344630808 0 1 0 0 0 0 0 0 0 0.777777791 0.270238161 0.599551737 0.894340277 0.82642138 1 1
__smartatpg_bin_419_2 0 0 1.30609846 0 0.485556901 1.818326 0 0.00772577617 0 0 0 0 0.0263468474 0.0773930848 0 0.247613534 0 0.583836794 0 0 0 0 0 0 0.635509312 0.31424427 0 0 0.23238498 0 0 0 0 0 0 0 0 0 0.816730976 0 0.927629232 0 0.215650052 0 0 0 0 0 0 0 0 0 0 0.227973118 0 0.17750679 0 0 0 0 0 0 0.446644068 0.344630808 0 1 0 0 0 0 0 0 0 0.814814806 0.270238161 0.606167436 0.927581549 0.778689623 1 1
G401 0 0 1.30609846 0 0.485556901 1.818326 0 0.00772577617 0 0 0 0 0.0263468474 0.0773930848 0 0.247613534 0 0.583836794 0 0 0 0 0 0 0.635509312 0.31424427 0 0 0.23238498 0 0 0 0 0 0 0 0 0 0.816730976 0 0.927629232 0 0.215650052 0 0 0 0 0 0 0 0 0 0 0.227973118 0 0.17750679 0 0 0 0 0 0 0.446644068 0.344630808 0 1 0 0 0 0 0 0 0 0.851851881 0.627473593 0.606167436 0.979186296 0.611244202 1 1
G440 0 0 1.30609846 0 0.485556901 1.818326 0 0.00772577617 0 0 0 0 0.0263468474 0.0773930848 0 0.247613534 0 0.583836794 0 0 0 0 0 0 0.635509312 0.31424427 0 0 0.23238498 0 0 0 0 0 0 0 0 0 0.816730976 0 0.927629232 0 0.215650052 0 0 0 0 0 0 0 0 0 0 0.227973118 0 0.17750679 0 0 0 0 0 0 0.446644068 0.344630808 0 1 0 0 0 0 0 0 0 0.888888896 0.428317338 0.599551737 1 0.340175539 1 1
G441 0 0 1.30609846 0 0.485556901 1.818326 0 0.00772577617 0 0 0 0 0.0263468474 0.0773930848 0 0.247613534 0 0.583836794 0 0 0 0 0 0 0.635509312 0.31424427 0 0 0.23238498 0 0 0 0 0 0 0 0 0 0.816730976 0 0.927629232 0 0.215650052 0 0 0 0 0 0 0 0 0 0 0.227973118 0 0.17750679 0 0 0 0 0 0 0.446644068 0.344630808 0 1 0 0 0 0 0 0 0 0.888888896 0.428317338 0.599551737 1 0.340175539 1 1
G442 0 0 1.30609846 0 0.485556901 1.818326 0 0.00772577617 0 0 0 0 0.0263468474 0.0773930848 0 0.247613534 0 0.583836794 0 0 0 0 0 0 0.635509312 0.31424427 0 0 0.23238498 0 0 0 0 0 0 0 0 0 0.816730976 0 0.927629232 0 0.215650052 0 0 0 0 0 0 0 0 0 0 0.227973118 0 0.17750679 0 0 0 0 0 0 0.446644068 0.344630808 0 1 0 0 0 0 0 0 0 0.888888896 0.428317338 0.599551737 1 0.340175539 1 1
G443 0 0 1.30609846 0 0.485556901 1.818326 0 0.00772577617 0 0 0 0 0.0263468474 0.0773930848 0 0.247613534 0 0.583836794 0 0 0 0 0 0 0.635509312 0.31424427 0 0 0.23238498 0 0 0 0 0 0 0 0 0 0.816730976 0 0.927629232 0 0.215650052 0 0 0 0 0 0 0 0 0 0 0.227973118 0 0.17750679 0 0 0 0 0 0 0.446644068 0.344630808 0 1 0 0 0 0 0 0 0 0.888888896 0.428317338 0.599551737 1 0.340175539 1 1
Y472 0 0 1.30609846 0 0.485556901 1.818326 0 0.00772577617 0 0 0 0 0.0263468474 0.0773930848 0 0.247613534 0 0.583836794 0 0 0 0 0 0 0.635509312 0.31424427 0 0 0.23238498 0 0 0 0 0 0 0 0 0 0.816730976 0 0.927629232 0 0.215650052 0 0 0 0 0 0 0 0 0 0 0.227973118 0 0.17750679 0 0 0 0 0 0 0.446644068 0.344630808 0 0 1 0 0 0 0 0 0 0.92592591 0.270238161 1 0.252752185 0.242345944 1 1
Y473 0 0 1.30609846 0 0.485556901 1.818326 0 0.00772577617 0 0 0 0 0.0263468474 0.0773930848 0 0.247613534 0 0.583836794 0 0 0 0 0 0 0.635509312 0.31424427 0 0 0.23238498 0 0 0 0 0 0 0 0 0 0.816730976 0 0.927629232 0 0.215650052 0 0 0 0 0 0 0 0 0 0 0.227973118 0 0.17750679 0 0 0 0 0 0 0.446644068 0.344630808 0 0 1 0 0 0 0 0 0 0.92592591 0.270238161 1 0.252752185 0.242345944 1 1
Y474 0 0 1.30609846 0 0.485556901 1.818326 0 0.00772577617 0 0 0 0 0.0263468474 0.0773930848 0 0.247613534 0 0.583836794 0 0 0 0 0 0 0.635509312 0.31424427 0 0 0.23238498 0 0 0 0 0 0 0 0 0 0.816730976 0 0.927629232 0 0.215650052 0 0 0 0 0 0 0 0 0 0 0.227973118 0 0.17750679 0 0 0 0 0 0 0.446644068 0.344630808 0 0 1 0 0 0 0 0 0 0.92592591 0.270238161 1 0.252752185 0.242345944 1 1
Y475 0 0 1.30609846 0 0.485556901 1.818326 0 0.00772577617 0 0 0 0 0.0263468474 0.0773930848 0 0.247613534 0 0.583836794 0 0 0 0 0 0 0.635509312 0.31424427 0 0 0.23238498 0 0 0 0 0 0 0 0 0 0.816730976 0 0.927629232 0 0.215650052 0 0 0 0 0 0 0 0 0 0 0.227973118 0 0.17750679 0 0 0 0 0 0 0.446644068 0.344630808 0 0 1 0 0 0 0 0 0 0.92592591 0.270238161 1 0.252752185 0.242345944 1 1
Z472 0 0 1.30609846 0 0.485556901 1.818326 0 0.00772577617 0 0 0 0 0.0263468474 0.0773930848 0 0.247613534 0 0.583836794 0 0 0 0 0 0 0.635509312 0.31424427 0 0 0.23238498 0 0 0 0 0 0 0 0 0 0.816730976 0 0.927629232 0 0.215650052 0 0 0 0 0 0 0 0 0 0 0.227973118 0 0.17750679 0 0 0 0 0 0 0.446644068 0.344630808 0 0 0 0 0 1 0 0 0 0.92592591 0.270238161 0.998502791 0.607534707 0.340175539 1 1
X472 0 0 1.30609846 0 0.485556901 1.818326 0 0.00772577617 0 0 0 0 0.0263468474 0.0773930848 0 0.247613534 0 0.583836794 0 0 0 0 0 0 0.635509312 0.31424427 0 0 0.23238498 0 0 0 0 0 0 0 0 0 0.816730976 0 0.927629232 0 0.215650052 0 0 0 0 0 0 0 0 0 0 0.227973118 0 0.17750679 0 0 0 0 0 0 0.446644068 0.344630808 0 0 1 0 0 0 0 0 0 0.962962985 0.270238161 0.618718088 0.200301364 0.281354934 1 1
G472 0 0 1.30609846 0 0.485556901 1.818326 0 0.00772577617 0 0 0 0 0.0263468474 0.0773930848 0 0.247613534 0 0.583836794 0 0 0 0 0 0 0.635509312 0.31424427 0 0 0.23238498 0 0 0 0 0 0 0 0 0 0.816730976 0 0.927629232 0 0.215650052 0 0 0 0 0 0 0 0 0 0 0.227973118 0 0.17750679 0 0 0 0 0 0 0.446644068 0.344630808 0 0 1 0 0 0 0 0 0 1 0 0.353984088 0.626091957 0 1 1
Z473 0 0 1.30609846 0 0.485556901 1.818326 0 0.00772577617 0 0 0 0 0.0263468474 0.0773930848 0 0.247613534 0 0.583836794 0 0 0 0 0 0 0.635509312 0.31424427 0 0 0.23238498 0 0 0 0 0 0 0 0 0 0.816730976 0 0.927629232 0 0.215650052 0 0 0 0 0 0 0 0 0 0 0.227973118 0 0.17750679 0 0 0 0 0 0 0.446644068 0.344630808 0 0 0 0 0 1 0 0 0 0.92592591 0.270238161 0.998502791 0.607534707 0.340175539 1 1
X473 0 0 1.30609846 0 0.485556901 1.818326 0 0.00772577617 0 0 0 0 0.0263468474 0.0773930848 0 0.247613534 0 0.583836794 0 0 0 0 0 0 0.635509312 0.31424427 0 0 0.23238498 0 0 0 0 0 0 0 0 0 0.816730976 0 0.927629232 0 0.215650052 0 0 0 0 0 0 0 0 0 0 0.227973118 0 0.17750679 0 0 0 0 0 0 0.446644068 0.344630808 0 0 1 0 0 0 0 0 0 0.962962985 0.270238161 0.618718088 0.200301364 0.281354934 1 1
G473 0 0 1.30609846 0 0.485556901 1.818326 0 0.00772577617 0 0 0 0 0.0263468474 0.0773930848 0 0.247613534 0 0.583836794 0 0 0 0 0 0 0.635509312 0.31424427 0 0 0.23238498 0 0 0 0 0 0 0 0 0 0.816730976 0 0.927629232 0 0.215650052 0 0 0 0 0 0 0 0 0 0 0.227973118 0 0.17750679 0 0 0 0 0 0 0.446644068 0.344630808 0 0 1 0 0 0 0 0 0 1 0 0.353984088 0.626091957 0 1 1
Z474 0 0 1.30609846 0 0.485556901 1.818326 0 0.00772577617 0 0 0 0 0.0263468474 0.0773930848 0 0.247613534 0 0.583836794 0 0 0 0 0 0 0.635509312 0.31424427 0 0 0.23238498 0 0 0 0 0 0 0 0 0 0.816730976 0 0.927629232 0 0.215650052 0 0 0 0 0 0 0 0 0 0 0.227973118 0 0.17750679 0 0 0 0 0 0 0.446644068 0.344630808 0 0 0 0 0 1 0 0 0 0.92592591 0.270238161 0.998502791 0.607534707 0.340175539 1 1
X474 0 0 1.30609846 0 0.485556901 1.818326 0 0.00772577617 0 0 0 0 0.0263468474 0.0773930848 0 0.247613534 0 0.583836794 0 0 0 0 0 0 0.635509312 0.31424427 0 0 0.23238498 0 0 0 0 0 0 0 0 0 0.816730976 0 0.927629232 0 0.215650052 0 0 0 0 0 0 0 0 0 0 0.227973118 0 0.17750679 0 0 0 0 0 0 0.446644068 0.344630808 0 0 1 0 0 0 0 0 0 0.962962985 0.270238161 0.618718088 0.200301364 0.281354934 1 1
G474 0 0 1.30609846 0 0.485556901 1.818326 0 0.00772577617 0 0 0 0 0.0263468474 0.0773930848 0 0.247613534 0 0.583836794 0 0 0 0 0 0 0.635509312 0.31424427 0 0 0.23238498 0 0 0 0 0 0 0 0 0 0.816730976 0 0.927629232 0 0.215650052 0 0 0 0 0 0 0 0 0 0 0.227973118 0 0.17750679 0 0 0 0 0 0 0.446644068 0.344630808 0 0 1 0 0 0 0 0 0 1 0 0.353984088 0.626091957 0 1 1
Z475 0 0 1.30609846 0 0.485556901 1.818326 0 0.00772577617 0 0 0 0 0.0263468474 0.0773930848 0 0.247613534 0 0.583836794 0 0 0 0 0 0 0.635509312 0.31424427 0 0 0.23238498 0 0 0 0 0 0 0 0 0 0.816730976 0 0.927629232 0 0.215650052 0 0 0 0 0 0 0 0 0 0 0.227973118 0 0.17750679 0 0 0 0 0 0 0.446644068 0.344630808 0 0 0 0 0 1 0 0 0 0.92592591 0.270238161 0.998502791 0.607534707 0.340175539 1 1
X475 0 0 1.30609846 0 0.485556901 1.818326 0 0.00772577617 0 0 0 0 0.0263468474 0.0773930848 0 0.247613534 0 0.583836794 0 0 0 0 0 0 0.635509312 0.31424427 0 0 0.23238498 0 0 0 0 0 0 0 0 0 0.816730976 0 0.927629232 0 0.215650052 0 0 0 0 0 0 0 0 0 0 0.227973118 0 0.17750679 0 0 0 0 0 0 0.446644068 0.344630808 0 0 1 0 0 0 0 0 0 0.962962985 0.270238161 0.618718088 0.200301364 0.281354934 1 1
G475 0 0 1.30609846 0 0.485556901 1.818326 0 0.00772577617 0 0 0 0 0.0263468474 0.0773930848 0 0.247613534 0 0.583836794 0 0 0 0 0 0 0.635509312 0.31424427 0 0 0.23238498 0 0 0 0 0 0 0 0 0 0.816730976 0 0.927629232 0 0.215650052 0 0 0 0 0 0 0 0 0 0 0.227973118 0 0.17750679 0 0 0 0 0 0 0.446644068 0.344630808 0 0 1 0 0 0 0 0 0 1 0 0.353984088 0.626091957 0 1 1
__smartatpg_bin_420_1 0 0 1.30609846 0 0.485556901 1.818326 0 0.00772577617 0 0 0 0 0.0263468474 0.0773930848 0 0.247613534 0 0.583836794 0 0 0 0 0 0 0.635509312 0.31424427 0 0 0.23238498 0 0 0 0 0 0 0 0 0 0.816730976 0 0.927629232 0 0.215650052 0 0 0 0 0 0 0 0 0 0 0.227973118 0 0.17750679 0 0 0 0 0 0 0.446644068 0.344630808 0 1 0 0 0 0 0 0 0 0.629629612 0.270238161 0.599551737 0.723872185 0.921802819 1 1
__smartatpg_bin_420_3 0 0 1.30609846 0 0.485556901 1.818326 0 0.00772577617 0 0 0 0 0.0263468474 0.0773930848 0 0.247613534 0 0.583836794 0 0 0 0 0 0 0.635509312 0.31424427 0 0 0.23238498 0 0 0 0 0 0 0 0 0 0.816730976 0 0.927629232 0 0.215650052 0 0 0 0 0 0 0 0 0 0 0.227973118 0 0.17750679 0 0 0 0 0 0 0.446644068 0.344630808 0 1 0 0 0 0 0 0 0 0.777777791 0.270238161 0.606167436 0.895685852 0.824867427 1 1
__smartatpg_bin_420_2 0 0 1.30609846 0 0.485556901 1.818326 0 0.00772577617 0 0 0 0 0.0263468474 0.0773930848 0 0.247613534 0 0.583836794 0 0 0 0 0 0 0.635509312 0.31424427 0 0 0.23238498 0 0 0 0 0 0 0 0 0 0.816730976 0 0.927629232 0 0.215650052 0 0 0 0 0 0 0 0 0 0 0.227973118 0 0.17750679 0 0 0 0 0 0 0.446644068 0.344630808 0 1 0 0 0 0 0 0 0 0.814814806 0.270238161 0.599551737 0.927581549 0.778689623 1 1
G406 0 0 1.30609846 0 0.485556901 1.818326 0 0.00772577617 0 0 0 0 0.0263468474 0.0773930848 0 0.247613534 0 0.583836794 0 0 0 0 0 0 0.635509312 0.31424427 0 0 0.23238498 0 0 0 0 0 0 0 0 0 0.816730976 0 0.927629232 0 0.215650052 0 0 0 0 0 0 0 0 0 0 0.227973118 0 0.17750679 0 0 0 0 0 0 0.446644068 0.344630808 0 1 0 0 0 0 0 0 0 0.851851881 0.627473593 0.606167436 0.979186296 0.611244202 1 1
G444 0 0 1.30609846 0 0.485556901 1.818326 0 0.00772577617 0 0 0 0 0.0263468474 0.0773930848 0 0.247613534 0 0.583836794 0 0 0 0 0 0 0.635509312 0.31424427 0 0 0.23238498 0 0 0 0 0 0 0 0 0 0.816730976 0 0.927629232 0 0.215650052 0 0 0 0 0 0 0 0 0 0 0.227973118 0 0.17750679 0 0 0 0 0 0 0.446644068 0.344630808 0 1 0 0 0 0 0 0 0 0.888888896 0.428317338 0.599551737 1 0.340175539 1 1
G445 0 0 1.30609846 0 0.485556901 1.818326 0 0.00772577617 0 0 0 0 0.0263468474 0.0773930848 0 0.247613534 0 0.583836794 0 0 0 0 0 0 0.635509312 0.31424427 0 0 0.23238498 0 0 0 0 0 0 0 0 0 0.816730976 0 0.927629232 0 0.215650052 0 0 0 0 0 0 0 0 0 0 0.227973118 0 0.17750679 0 0 0 0 0 0 0.446644068 0.344630808 0 1 0 0 0 0 0 0 0 0.888888896 0.428317338 0.599551737 1 0.340175539 1 1
G446 0 0 1.30609846 0 0.485556901 1.818326 0 0.00772577617 0 0 0 0 0.0263468474 0.0773930848 0 0.247613534 0 0.583836794 0 0 0 0 0 0 0.635509312 0.31424427 0 0 0.23238498 0 0 0 0 0 0 0 0 0 0.816730976 0 0.927629232 0 0.215650052 0 0 0 0 0 0 0 0 0 0 0.227973118 0 0.17750679 0 0 0 0 0 0 0.446644068 0.344630808 0 1 0 0 0 0 0 0 0 0.888888896 0.428317338 0.599551737 1 0.340175539 1 1
G447 0 0 1.30609846 0 0.485556901 1.818326 0 0.00772577617 0 0 0 0 0.0263468474 0.0773930848 0 0.247613534 0 0.583836794 0 0 0 0 0 0 0.635509312 0.31424427 0 0 0.23238498 0 0 0 0 0 0 0 0 0 0.816730976 0 0.927629232 0 0.215650052 0 0 0 0 0 0 0 0 0 0 0.227973118 0 0.17750679 0 0 0 0 0 0 0.446644068 0.344630808 0 1 0 0 0 0 0 0 0 0.888888896 0.428317338 0.599551737 1 0.340175539 1 1
Y476 0 0 1.30609846 0 0.485556901 1.818326 0 0.00772577617 0 0 0 0 0.0263468474 0.0773930848 0 0.247613534 0 0.583836794 0 0 0 0 0 0 0.635509312 0.31424427 0 0 0.23238498 0 0 0 0 0 0 0 0 0 0.816730976 0 0.927629232 0 0.215650052 0 0 0 0 0 0 0 0 0 0 0.227973118 0 0.17750679 0 0 0 0 0 0 0.446644068 0.344630808 0 0 1 0 0 0 0 0 0 0.92592591 0.270238161 1 0.252752185 0.242345944 1 1
Y477 0 0 1.30609846 0 0.485556901 1.818326 0 0.00772577617 0 0 0 0 0.0263468474 0.0773930848 0 0.247613534 0 0.583836794 0 0 0 0 0 0 0.635509312 0.31424427 0 0 0.23238498 0 0 0 0 0 0 0 0 0 0.816730976 0 0.927629232 0 0.215650052 0 0 0 0 0 0 0 0 0 0 0.227973118 0 0.17750679 0 0 0 0 0 0 0.446644068 0.344630808 0 0 1 0 0 0 0 0 0 0.92592591 0.270238161 1 0.252752185 0.242345944 1 1
Y478 0 0 1.30609846 0 0.485556901 1.818326 0 0.00772577617 0 0 0 0 0.0263468474 0.0773930848 0 0.247613534 0 0.583836794 0 0 0 0 0 0 0.635509312 0.31424427 0 0 0.23238498 0 0 0 0 0 0 0 0 0 0.816730976 0 0.927629232 0 0.215650052 0 0 0 0 0 0 0 0 0 0 0.227973118 0 0.17750679 0 0 0 0 0 0 0.446644068 0.344630808 0 0 1 0 0 0 0 0 0 0.92592591 0.270238161 1 0.252752185 0.242345944 1 1
Y479 0 0 1.30609846 0 0.485556901 1.818326 0 0.00772577617 0 0 0 0 0.0263468474 0.0773930848 0 0.247613534 0 0.583836794 0 0 0 0 0 0 0.635509312 0.31424427 0 0 0.23238498 0 0 0 0 0 0 0 0 0 0.816730976 0 0.927629232 0 0.215650052 0 0 0 0 0 0 0 0 0 0 0.227973118 0 0.17750679 0 0 0 0 0 0 0.446644068 0.344630808 0 0 1 0 0 0 0 0 0 0.92592591 0.270238161 1 0.252752185 0.242345944 1 1
Z476 0 0 1.30609846 0 0.485556901 1.818326 0 0.00772577617 0 0 0 0 0.0263468474 0.0773930848 0 0.247613534 0 0.583836794 0 0 0 0 0 0 0.635509312 0.31424427 0 0 0.23238498 0 0 0 0 0 0 0 0 0 0.816730976 0 0.927629232 0 0.215650052 0 0 0 0 0 0 0 0 0 0 0.227973118 0 0.17750679 0 0 0 0 0 0 0.446644068 0.344630808 0 0 0 0 0 1 0 0 0 0.92592591 0.270238161 0.998502791 0.607534707 0.340175539 1 1
X476 0 0 1.30609846 0 0.485556901 1.818326 0 0.00772577617 0 0 0 0 0.0263468474 0.0773930848 0 0.247613534 0 0.583836794 0 0 0 0 0 0 0.635509312 0.31424427 0 0 0.23238498 0 0 0 0 0 0 0 0 0 0.816730976 0 0.927629232 0 0.215650052 0 0 0 0 0 0 0 0 0 0 0.227973118 0 0.17750679 0 0 0 0 0 0 0.446644068 0.344630808 0 0 1 0 0 0 0 0 0 0.962962985 0.270238161 0.618718088 0.200301364 0.281354934 1 1
G476 0 0 1.30609846 0 0.485556901 1.818326 0 0.00772577617 0 0 0 0 0.0263468474 0.0773930848 0 0.247613534 0 0.583836794 0 0 0 0 0 0 0.635509312 0.31424427 0 0 0.23238498 0 0 0 0 0 0 0 0 0 0.816730976 0 0.927629232 0 0.215650052 0 0 0 0 0 0 0 0 0 0 0.227973118 0 0.17750679 0 0 0 0 0 0 0.446644068 0.344630808 0 0 1 0 0 0 0 0 0 1 0 0.353984088 0.626091957 0 1 1
Z477 0 0 1.30609846 0 0.485556901 1.818326 0 0.00772577617 0 0 0 0 0.0263468474 0.0773930848 0 0.247613534 0 0.583836794 0 0 0 0 0 0 0.635509312 0.31424427 0 0 0.23238498 0 0 0 0 0 0 0 0 0 0.816730976 0 0.927629232 0 0.215650052 0 0 0 0 0 0 0 0 0 0 0.227973118 0 0.17750679 0 0 0 0 0 0 0.446644068 0.344630808 0 0 0 0 0 1 0 0 0 0.92592591 0.270238161 0.998502791 0.607534707 0.340175539 1 1
X477 0 0 1.30609846 0 0.485556901 1.818326 0 0.00772577617 0 0 0 0 0.0263468474 0.0773930848 0 0.247613534 0 0.583836794 0 0 0 0 0 0 0.635509312 0.31424427 0 0 0.23238498 0 0 0 0 0 0 0 0 0 0.816730976 0 0.927629232 0 0.215650052 0 0 0 0 0 0 0 0 0 0 0.227973118 0 0.17750679 0 0 0 0 0 0 0.446644068 0.344630808 0 0 1 0 0 0 0 0 0 0.962962985 0.270238161 0.618718088 0.200301364 0.281354934 1 1
G477 0 0 1.30609846 0 0.485556901 1.818326 0 0.00772577617 0 0 0 0 0.0263468474 0.0773930848 0 0.247613534 0 0.583836794 0 0 0 0 0 0 0.635509312 0.31424427 0 0 0.23238498 0 0 0 0 0 0 0 0 0 0.816730976 0 0.927629232 0 0.215650052 0 0 0 0 0 0 0 0 0 0 0.227973118 0 0.17750679 0 0 0 0 0 0 0.446644068 0.344630808 0 0 1 0 0 0 0 0 0 1 0 0.353984088 0.626091957 0 1 1
Z478 0 0 1.30609846 0 0.485556901 1.818326 0 0.00772577617 0 0 0 0 0.0263468474 0.0773930848 0 0.247613534 0 0.583836794 0 0 0 0 0 0 0.635509312 0.31424427 0 0 0.23238498 0 0 0 0 0 0 0 0 0 0.816730976 0 0.927629232 0 0.215650052 0 0 0 0 0 0 0 0 0 0 0.227973118 0 0.17750679 0 0 0 0 0 0 0.446644068 0.344630808 0 0 0 0 0 1 0 0 0 0.92592591 0.270238161 0.998502791 0.607534707 0.340175539 1 1
X478 0 0 1.30609846 0 0.485556901 1.818326 0 0.00772577617 0 0 0 0 0.0263468474 0.0773930848 0 0.247613534 0 0.583836794 0 0 0 0 0 0 0.635509312 0.31424427 0 0 0.23238498 0 0 0 0 0 0 0 0 0 0.816730976 0 0.927629232 0 0.215650052 0 0 0 0 0 0 0 0 0 0 0.227973118 0 0.17750679 0 0 0 0 0 0 0.446644068 0.344630808 0 0 1 0 0 0 0 0 0 0.962962985 0.270238161 0.618718088 0.200301364 0.281354934 1 1
G478 0 0 1.30609846 0 0.485556901 1.818326 0 0.00772577617 0 0 0 0 0.0263468474 0.0773930848 0 0.247613534 0 0.583836794 0 0 0 0 0 0 0.635509312 0.31424427 0 0 0.23238498 0 0 0 0 0 0 0 0 0 0.816730976 0 0.927629232 0 0.215650052 0 0 0 0 0 0 0 0 0 0 0.227973118 0 0.17750679 0 0 0 0 0 0 0.446644068 0.344630808 0 0 1 0 0 0 0 0 0 1 0 0.353984088 0.626091957 0 1 1
Z479 0 0 1.30609846 0 0.485556901 1.818326 0 0.00772577617 0 0 0 0 0.0263468474 0.0773930848 0 0.247613534 0 0.583836794 0 0 0 0 0 0 0.635509312 0.31424427 0 0 0.23238498 0 0 0 0 0 0 0 0 0 0.816730976 0 0.927629232 0 0.215650052 0 0 0 0 0 0 0 0 0 0 0.227973118 0 0.17750679 0 0 0 0 0 0 0.446644068 0.344630808 0 0 0 0 0 1 0 0 0 0.92592591 0.270238161 0.998502791 0.607534707 0.340175539 1 1
X479 0 0 1.30609846 0 0.485556901 1.818326 0 0.00772577617 0 0 0 0 0.0263468474 0.0773930848 0 0.247613534 0 0.583836794 0 0 0 0 0 0 0.635509312 0.31424427 0 0 0.23238498 0 0 0 0 0 0 0 0 0 0.816730976 0 0.927629232 0 0.215650052 0 0 0 0 0 0 0 0 0 0 0.227973118 0 0.17750679 0 0 0 0 0 0 0.446644068 0.344630808 0 0 1 0 0 0 0 0 0 0.962962985 0.270238161 0.618718088 0.200301364 0.281354934 1 1
G479 0 0 1.30609846 0 0.485556901 1.818326 0 0.00772577617 0 0 0 0 0.0263468474 0.0773930848 0 0.247613534 0 0.583836794 0 0 0 0 0 0 0.635509312 0.31424427 0 0 0.23238498 0 0 0 0 0 0 0 0 0 0.816730976 0 0.927629232 0 0.215650052 0 0 0 0 0 0 0 0 0 0 0.227973118 0 0.17750679 0 0 0 0 0 0 0.446644068 0.344630808 0 0 1 0 0 0 0 0 0 1 0 0.353984088 0.626091957 0 1 1
__smartatpg_bin_421_1 0 0 1.30609846 0 0.485556901 1.818326 0 0.00772577617 0 0 0 0 0.0263468474 0.0773930848 0 0.247613534 0 0.583836794 0 0 0 0 0 0 0.635509312 0.31424427 0 0 0.23238498 0 0 0 0 0 0 0 0 0 0.816730976 0 0.927629232 0 0.215650052 0 0 0 0 0 0 0 0 0 0 0.227973118 0 0.17750679 0 0 0 0 0 0 0.446644068 0.344630808 0 1 0 0 0 0 0 0 0 0.629629612 0.270238161 0.599551737 0.723872185 0.921802819 1 1
__smartatpg_bin_421_3 0 0 1.30609846 0 0.485556901 1.818326 0 0.00772577617 0 0 0 0 0.0263468474 0.0773930848 0 0.247613534 0 0.583836794 0 0 0 0 0 0 0.635509312 0.31424427 0 0 0.23238498 0 0 0 0 0 0 0 0 0 0.816730976 0 0.927629232 0 0.215650052 0 0 0 0 0 0 0 0 0 0 0.227973118 0 0.17750679 0 0 0 0 0 0 0.446644068 0.344630808 0 1 0 0 0 0 0 0 0 0.777777791 0.270238161 0.599551737 0.894340277 0.82642138 1 1
__smartatpg_bin_421_2 0 0 1.30609846 0 0.485556901 1.818326 0 0.00772577617 0 0 0 0 0.0263468474 0.0773930848 0 0.247613534 0 0.583836794 0 0 0 0 0 0 0.635509312 0.31424427 0 0 0.23238498 0 0 0 0 0 0 0 0 0 0.816730976 0 0.927629232 0 0.215650052 0 0 0 0 0 0 0 0 0 0 0.227973118 0 0.17750679 0 0 0 0 0 0 0.446644068 0.344630808 0 1 0 0 0 0 0 0 0 0.814814806 0.270238161 0.606167436 0.927581549 0.778689623 1 1
G411 0 0 1.30609846 0 0.485556901 1.818326 0 0.00772577617 0 0 0 0 0.0263468474 0.0773930848 0 0.247613534 0 0.583836794 0 0 0 0 0 0 0.635509312 0.31424427 0 0 0.23238498 0 0 0 0 0 0 0 0 0 0.816730976 0 0.927629232 0 0.215650052 0 0 0 0 0 0 0 0 0 0 0.227973118 0 0.17750679 0 0 0 0 0 0 0.446644068 0.344630808 0 1 0 0 0 0 0 0 0 0.851851881 0.627473593 0.606167436 0.979186296 0.611244202 1 1
G448 0 0 1.30609846 0 0.485556901 1.818326 0 0.00772577617 0 0 0 0 0.0263468474 0.0773930848 0 0.247613534 0 0.583836794 0 0 0 0 0 0 0.635509312 0.31424427 0 0 0.23238498 0 0 0 0 0 0 0 0 0 0.816730976 0 0.927629232 0 0.215650052 0 0 0 0 0 0 0 0 0 0 0.227973118 0 0.17750679 0 0 0 0 0 0 0.446644068 0.344630808 0 1 0 0 0 0 0 0 0 0.888888896 0.428317338 0.599551737 1 0.340175539 1 1
G449 0 0 1.30609846 0 0.485556901 1.818326 0 0.00772577617 0 0 0 0 0.0263468474 0.0773930848 0 0.247613534 0 0.583836794 0 0 0 0 0 0 0.635509312 0.31424427 0 0 0.23238498 0 0 0 0 0 0 0 0 0 0.816730976 0 0.927629232 0 0.215650052 0 0 0 0 0 0 0 0 0 0 0.227973118 0 0.17750679 0 0 0 0 0 0 0.446644068 0.344630808 0 1 0 0 0 0 0 0 0 0.888888896 0.428317338 0.599551737 1 0.340175539 1 1
G450 0 0 1.30609846 0 0.485556901 1.818326 0 0.00772577617 0 0 0 0 0.0263468474 0.0773930848 0 0.247613534 0 0.583836794 0 0 0 0 0 0 0.635509312 0.31424427 0 0 0.23238498 0 0 0 0 0 0 0 0 0 0.816730976 0 0.927629232 0 0.215650052 0 0 0 0 0 0 0 0 0 0 0.227973118 0 0.17750679 0 0 0 0 0 0 0.446644068 0.344630808 0 1 0 0 0 0 0 0 0 0.888888896 0.428317338 0.599551737 1 0.340175539 1 1
G451 0 0 1.30609846 0 0.485556901 1.818326 0 0.00772577617 0 0 0 0 0.0263468474 0.0773930848 0 0.247613534 0 0.583836794 0 0 0 0 0 0 0.635509312 0.31424427 0 0 0.23238498 0 0 0 0 0 0 0 0 0 0.816730976 0 0.927629232 0 0.215650052 0 0 0 0 0 0 0 0 0 0 0.227973118 0 0.17750679 0 0 0 0 0 0 0.446644068 0.344630808 0 1 0 0 0 0 0 0 0 0.888888896 0.428317338 0.599551737 1 0.340175539 1 1
Y480 0 0 1.30609846 0 0.485556901 1.818326 0 0.00772577617 0 0 0 0 0.0263468474 0.0773930848 0 0.247613534 0 0.583836794 0 0 0 0 0 0 0.635509312 0.31424427 0 0 0.23238498 0 0 0 0 0 0 0 0 0 0.816730976 0 0.927629232 0 0.215650052 0 0 0 0 0 0 0 0 0 0 0.227973118 0 0.17750679 0 0 0 0 0 0 0.446644068 0.344630808 0 0 1 0 0 0 0 0 0 0.92592591 0.270238161 1 0.252752185 0.242345944 1 1
Y481 0 0 1.30609846 0 0.485556901 1.818326 0 0.00772577617 0 0 0 0 0.0263468474 0.0773930848 0 0.247613534 0 0.583836794 0 0 0 0 0 0 0.635509312 0.31424427 0 0 0.23238498 0 0 0 0 0 0 0 0 0 0.816730976 0 0.927629232 0 0.215650052 0 0 0 0 0 0 0 0 0 0 0.227973118 0 0.17750679 0 0 0 0 0 0 0.446644068 0.344630808 0 0 1 0 0 0 0 0 0 0.92592591 0.270238161 1 0.252752185 0.242345944 1 1
Y482 0 0 1.30609846 0 0.485556901 1.818326 0 0.00772577617 0 0 0 0 0.0263468474 0.0773930848 0 0.247613534 0 0.583836794 0 0 0 0 0 0 0.635509312 0.31424427 0 0 0.23238498 0 0 0 0 0 0 0 0 0 0.816730976 0 0.927629232 0 0.215650052 0 0 0 0 0 0 0 0 0 0 0.227973118 0 0.17750679 0 0 0 0 0 0 0.446644068 0.344630808 0 0 1 0 0 0 0 0 0 0.92592591 0.270238161 1 0.252752185 0.242345944 1 1
Y483 0 0 1.30609846 0 0.485556901 1.818326 0 0.00772577617 0 0 0 0 0.0263468474 0.0773930848 0 0.247613534 0 0.583836794 0 0 0 0 0 0 0.635509312 0.31424427 0 0 0.23238498 0 0 0 0 0 0 0 0 0 0.816730976 0 0.927629232 0 0.215650052 0 0 0 0 0 0 0 0 0 0 0.227973118 0 0.17750679 0 0 0 0 0 0 0.446644068 0.344630808 0 0 1 0 0 0 0 0 0 0.92592591 0.270238161 1 0.252752185 0.242345944 1 1
Z480 0 0 1.30609846 0 0.485556901 1.818326 0 0.00772577617 0 0 0 0 0.0263468474 0.0773930848 0 0.247613534 0 0.583836794 0 0 0 0 0 0 0.635509312 0.31424427 0 0 0.23238498 0 0 0 0 0 0 0 0 0 0.816730976 0 0.927629232 0 0.215650052 0 0 0 0 0 0 0 0 0 0 0.227973118 0 0.17750679 0 0 0 0 0 0 0.446644068 0.344630808 0 0 0 0 0 1 0 0 0 0.92592591 0.270238161 0.998502791 0.607534707 0.340175539 1 1
X480 0 0 1.30609846 0 0.485556901 1.818326 0 0.00772577617 0 0 0 0 0.0263468474 0.0773930848 0 0.247613534 0 0.583836794 0 0 0 0 0 0 0.635509312 0.31424427 0 0 0.23238498 0 0 0 0 0 0 0 0 0 0.816730976 0 0.927629232 0 0.215650052 0 0 0 0 0 0 0 0 0 0 0.227973118 0 0.17750679 0 0 0 0 0 0 0.446644068 0.344630808 0 0 1 0 0 0 0 0 0 0.962962985 0.270238161 0.618718088 0.200301364 0.281354934 1 1
G480 0 0 1.30609846 0 0.485556901 1.818326 0 0.00772577617 0 0 0 0 0.0263468474 0.0773930848 0 0.247613534 0 0.583836794 0 0 0 0 0 0 0.635509312 0.31424427 0 0 0.23238498 0 0 0 0 0 0 0 0 0 0.816730976 0 0.927629232 0 0.215650052 0 0 0 0 0 0 0 0 0 0 0.227973118 0 0.17750679 0 0 0 0 0 0 0.446644068 0.344630808 0 0 1 0 0 0 0 0 0 1 0 0.353984088 0.626091957 0 1 1
Z481 0 0 1.30609846 0 0.485556901 1.818326 0 0.00772577617 0 0 0 0 0.0263468474 0.0773930848 0 0.247613534 0 0.583836794 0 0 0 0 0 0 0.635509312 0.31424427 0 0 0.23238498 0 0 0 0 0 0 0 0 0 0.816730976 0 0.927629232 0 0.215650052 0 0 0 0 0 0 0 0 0 0 0.227973118 0 0.17750679 0 0 0 0 0 0 0.446644068 0.344630808 0 0 0 0 0 1 0 0 0 0.92592591 0.270238161 0.998502791 0.607534707 0.340175539 1 1
X481 0 0 1.30609846 0 0.485556901 1.818326 0 0.00772577617 0 0 0 0 0.0263468474 0.0773930848 0 0.247613534 0 0.583836794 0 0 0 0 0 0 0.635509312 0.31424427 0 0 0.23238498 0 0 0 0 0 0 0 0 0 0.816730976 0 0.927629232 0 0.215650052 0 0 0 0 0 0 0 0 0 0 0.227973118 0 0.17750679 0 0 0 0 0 0 0.446644068 0.344630808 0 0 1 0 0 0 0 0 0 0.962962985 0.270238161 0.618718088 0.200301364 0.281354934 1 1
G481 0 0 1.30609846 0 0.485556901 1.818326 0 0.00772577617 0 0 0 0 0.0263468474 0.0773930848 0 0.247613534 0 0.583836794 0 0 0 0 0 0 0.635509312 0.31424427 0 0 0.23238498 0 0 0 0 0 0 0 0 0 0.816730976 0 0.927629232 0 0.215650052 0 0 0 0 0 0 0 0 0 0 0.227973118 0 0.17750679 0 0 0 0 0 0 0.446644068 0.344630808 0 0 1 0 0 0 0 0 0 1 0 0.353984088 0.626091957 0 1 1
Z482 0 0 1.30609846 0 0.485556901 1.818326 0 0.00772577617 0 0 0 0 0.0263468474 0.0773930848 0 0.247613534 0 0.583836794 0 0 0 0 0 0 0.635509312 0.31424427 0 0 0.23238498 0 0 0 0 0 0 0 0 0 0.816730976 0 0.927629232 0 0.215650052 0 0 0 0 0 0 0 0 0 0 0.227973118 0 0.17750679 0 0 0 0 0 0 0.446644068 0.344630808 0 0 0 0 0 1 0 0 0 0.92592591 0.270238161 0.998502791 0.607534707 0.340175539 1 1
X482 0 0 1.30609846 0 0.485556901 1.818326 0 0.00772577617 0 0 0 0 0.0263468474 0.0773930848 0 0.247613534 0 0.583836794 0 0 0 0 0 0 0.635509312 0.31424427 0 0 0.23238498 0 0 0 0 0 0 0 0 0 0.816730976 0 0.927629232 0 0.215650052 0 0 0 0 0 0 0 0 0 0 0.227973118 0 0.17750679 0 0 0 0 0 0 0.446644068 0.344630808 0 0 1 0 0 0 0 0 0 0.962962985 0.270238161 0.618718088 0.200301364 0.281354934 1 1
G482 0 0 1.30609846 0 0.485556901 1.818326 0 0.00772577617 0 0 0 0 0.0263468474 0.0773930848 0 0.247613534 0 0.583836794 0 0 0 0 0 0 0.635509312 0.31424427 0 0 0.23238498 0 0 0 0 0 0 0 0 0 0.816730976 0 0.927629232 0 0.215650052 0 0 0 0 0 0 0 0 0 0 0.227973118 0 0.17750679 0 0 0 0 0 0 0.446644068 0.344630808 0 0 1 0 0 0 0 0 0 1 0 0.353984088 0.626091957 0 1 1
Z483 0 0 1.30609846 0 0.485556901 1.818326 0 0.00772577617 0 0 0 0 0.0263468474 0.0773930848 0 0.247613534 0 0.583836794 0 0 0 0 0 0 0.635509312 0.31424427 0 0 0.23238498 0 0 0 0 0 0 0 0 0 0.816730976 0 0.927629232 0 0.215650052 0 0 0 0 0 0 0 0 0 0 0.227973118 0 0.17750679 0 0 0 0 0 0 0.446644068 0.344630808 0 0 0 0 0 1 0 0 0 0.92592591 0.270238161 0.998502791 0.607534707 0.340175539 1 1
X483 0 0 1.30609846 0 0.485556901 1.818326 0 0.00772577617 0 0 0 0 0.0263468474 0.0773930848 0 0.247613534 0 0.583836794 0 0 0 0 0 0 0.635509312 0.31424427 0 0 0.23238498 0 0 0 0 0 0 0 0 0 0.816730976 0 0.927629232 0 0.215650052 0 0 0 0 0 0 0 0 0 0 0.227973118 0 0.17750679 0 0 0 0 0 0 0.446644068 0.344630808 0 0 1 0 0 0 0 0 0 0.962962985 0.270238161 0.618718088 0.200301364 0.281354934 1 1
G483 0 0 1.30609846 0 0.485556901 1.818326 0 0.00772577617 0 0 0 0 0.0263468474 0.0773930848 0 0.247613534 0 0.583836794 0 0 0 0 0 0 0.635509312 0.31424427 0 0 0.23238498 0 0 0 0 0 0 0 0 0 0.816730976 0 0.927629232 0 0.215650052 0 0 0 0 0 0 0 0 0 0 0.227973118 0 0.17750679 0 0 0 0 0 0 0.446644068 0.344630808 0 0 1 0 0 0 0 0 0 1 0 0.353984088 0.626091957 0 1 1
__smartatpg_bin_422_1 0 0 1.30609846 0 0.485556901 1.818326 0 0.00772577617 0 0 0 0 0.0263468474 0.0773930848 0 0.247613534 0 0.583836794 0 0 0 0 0 0 0.635509312 0.31424427 0 0 0.23238498 0 0 0 0 0 0 0 0 0 0.816730976 0 0.927629232 0 0.215650052 0 0 0 0 0 0 0 0 0 0 0.227973118 0 0.17750679 0 0 0 0 0 0 0.446644068 0.344630808 0 1 0 0 0 0 0 0 0 0.629629612 0.270238161 0.599551737 0.723872185 0.921802819 1 1
__smartatpg_bin_422_3 0 0 1.30609846 0 0.485556901 1.818326 0 0.00772577617 0 0 0 0 0.0263468474 0.0773930848 0 0.247613534 0 0.583836794 0 0 0 0 0 0 0.635509312 0.31424427 0 0 0.23238498 0 0 0 0 0 0 0 0 0 0.816730976 0 0.927629232 0 0.215650052 0 0 0 0 0 0 0 0 0 0 0.227973118 0 0.17750679 0 0 0 0 0 0 0.446644068 0.344630808 0 1 0 0 0 0 0 0 0 0.777777791 0.270238161 0.606167436 0.895685852 0.824867427 1 1
__smartatpg_bin_422_2 0 0 1.30609846 0 0.485556901 1.818326 0 0.00772577617 0 0 0 0 0.0263468474 0.0773930848 0 0.247613534 0 0.583836794 0 0 0 0 0 0 0.635509312 0.31424427 0 0 0.23238498 0 0 0 0 0 0 0 0 0 0.816730976 0 0.927629232 0 0.215650052 0 0 0 0 0 0 0 0 0 0 0.227973118 0 0.17750679 0 0 0 0 0 0 0.446644068 0.344630808 0 1 0 0 0 0 0 0 0 0.814814806 0.270238161 0.599551737 0.927581549 0.778689623 1 1
G416 0 0 1.30609846 0 0.485556901 1.818326 0 0.00772577617 0 0 0 0 0.0263468474 0.0773930848 0 0.247613534 0 0.583836794 0 0 0 0 0 0 0.635509312 0.31424427 0 0 0.23238498 0 0 0 0 0 0 0 0 0 0.816730976 0 0.927629232 0 0.215650052 0 0 0 0 0 0 0 0 0 0 0.227973118 0 0.17750679 0 0 0 0 0 0 0.446644068 0.344630808 0 1 0 0 0 0 0 0 0 0.851851881 0.627473593 0.606167436 0.979186296 0.611244202 1 1
G452 0 0 1.30609846 0 0.485556901 1.818326 0 0.00772577617 0 0 0 0 0.0263468474 0.0773930848 0 0.247613534 0 0.583836794 0 0 0 0 0 0 0.635509312 0.31424427 0 0 0.23238498 0 0 0 0 0 0 0 0 0 0.816730976 0 0.927629232 0 0.215650052 0 0 0 0 0 0 0 0 0 0 0.227973118 0 0.17750679 0 0 0 0 0 0 0.446644068 0.344630808 0 1 0 0 0 0 0 0 0 0.888888896 0.428317338 0.599551737 1 0.340175539 1 1
G453 0 0 1.30609846 0 0.485556901 1.818326 0 0.00772577617 0 0 0 0 0.0263468474 0.0773930848 0 0.247613534 0 0.583836794 0 0 0 0 0 0 0.635509312 0.31424427 0 0 0.23238498 0 0 0 0 0 0 0 0 0 0.816730976 0 0.927629232 0 0.215650052 0 0 0 0 0 0 0 0 0 0 0.227973118 0 0.17750679 0 0 0 0 0 0 0.446644068 0.344630808 0 1 0 0 0 0 0 0 0 0.888888896 0.428317338 0.599551737 1 0.340175539 1 1
G454 0 0 1.30609846 0 0.485556901 1.818326 0 0.00772577617 0 0 0 0 0.0263468474 0.0773930848 0 0.247613534 0 0.583836794 0 0 0 0 0 0 0.635509312 0.31424427 0 0 0.23238498 0 0 0 0 0 0 0 0 0 0.816730976 0 0.927629232 0 0.215650052 0 0 0 0 0 0 0 0 0 0 0.227973118 0 0.17750679 0 0 0 0 0 0 0.446644068 0.344630808 0 1 0 0 0 0 0 0 0 0.888888896 0.428317338 0.599551737 1 0.340175539 1 1
G455 0 0 1.30609846 0 0.485556901 1.818326 0 0.00772577617 0 0 0 0 0.0263468474 0.0773930848 0 0.247613534 0 0.583836794 0 0 0 0 0 0 0.635509312 0.31424427 0 0 0.23238498 0 0 0 0 0 0 0 0 0 0.816730976 0 0.927629232 0 0.215650052 0 0 0 0 0 0 0 0 0 0 0.227973118 0 0.17750679 0 0 0 0 0 0 0.446644068 0.344630808 0 1 0 0 0 0 0 0 0 0.888888896 0.428317338 0.599551737 1 0.340175539 1 1
Y484 0 0 1.30609846 0 0.485556901 1.818326 0 0.00772577617 0 0 0 0 0.0263468474 0.0773930848 0 0.247613534 0 0.583836794 0 0 0 0 0 0 0.635509312 0.31424427 0 0 0.23238498 0 0 0 0 0 0 0 0 0 0.816730976 0 0.927629232 0 0.215650052 0 0 0 0 0 0 0 0 0 0 0.227973118 0 0.17750679 0 0 0 0 0 0 0.446644068 0.344630808 0 0 1 0 0 0 0 0 0 0.92592591 0.270238161 1 0.252752185 0.242345944 1 1
Y485 0 0 1.30609846 0 0.485556901 1.818326 0 0.00772577617 0 0 0 0 0.0263468474 0.0773930848 0 0.247613534 0 0.583836794 0 0 0 0 0 0 0.635509312 0.31424427 0 0 0.23238498 0 0 0 0 0 0 0 0 0 0.816730976 0 0.927629232 0 0.215650052 0 0 0 0 0 0 0 0 0 0 0.227973118 0 0.17750679 0 0 0 0 0 0 0.446644068 0.344630808 0 0 1 0 0 0 0 0 0 0.92592591 0.270238161 1 0.252752185 0.242345944 1 1
Y486 0 0 1.30609846 0 0.485556901 1.818326 0 0.00772577617 0 0 0 0 0.0263468474 0.0773930848 0 0.247613534 0 0.583836794 0 0 0 0 0 0 0.635509312 0.31424427 0 0 0.23238498 0 0 0 0 0 0 0 0 0 0.816730976 0 0.927629232 0 0.215650052 0 0 0 0 0 0 0 0 0 0 0.227973118 0 0.17750679 0 0 0 0 0 0 0.446644068 0.344630808 0 0 1 0 0 0 0 0 0 0.92592591 0.270238161 1 0.252752185 0.242345944 1 1
Y487 0 0 1.30609846 0 0.485556901 1.818326 0 0.00772577617 0 0 0 0 0.0263468474 0.0773930848 0 0.247613534 0 0.583836794 0 0 0 0 0 0 0.635509312 0.31424427 0 0 0.23238498 0 0 0 0 0 0 0 0 0 0.816730976 0 0.927629232 0 0.215650052 0 0 0 0 0 0 0 0 0 0 0.227973118 0 0.17750679 0 0 0 0 0 0 0.446644068 0.344630808 0 0 1 0 0 0 0 0 0 0.92592591 0.270238161 1 0.252752185 0.242345944 1 1
Z484 0 0 1.30609846 0 0.485556901 1.818326 0 0.00772577617 0 0 0 0 0.0263468474 0.0773930848 0 0.247613534 0 0.583836794 0 0 0 0 0 0 0.635509312 0.31424427 0 0 0.23238498 0 0 0 0 0 0 0 0 0 0.816730976 0 0.927629232 0 0.215650052 0 0 0 0 0 0 0 0 0 0 0.227973118 0 0.17750679 0 0 0 0 0 0 0.446644068 0.344630808 0 0 0 0 0 1 0 0 0 0.92592591 0.270238161 0.998502791 0.607534707 0.340175539 1 1
X484 0 0 1.30609846 0 0.485556901 1.818326 0 0.00772577617 0 0 0 0 0.0263468474 0.0773930848 0 0.247613534 0 0.583836794 0 0 0 0 0 0 0.635509312 0.31424427 0 0 0.23238498 0 0 0 0 0 0 0 0 0 0.816730976 0 0.927629232 0 0.215650052 0 0 0 0 0 0 0 0 0 0 0.227973118 0 0.17750679 0 0 0 0 0 0 0.446644068 0.344630808 0 0 1 0 0 0 0 0 0 0.962962985 0.270238161 0.618718088 0.200301364 0.281354934 1 1
G484 0 0 1.30609846 0 0.485556901 1.818326 0 0.00772577617 0 0 0 0 0.0263468474 0.0773930848 0 0.247613534 0 0.583836794 0 0 0 0 0 0 0.635509312 0.31424427 0 0 0.23238498 0 0 0 0 0 0 0 0 0 0.816730976 0 0.927629232 0 0.215650052 0 0 0 0 0 0 0 0 0 0 0.227973118 0 0.17750679 0 0 0 0 0 0 0.446644068 0.344630808 0 0 1 0 0 0 0 0 0 1 0 0.353984088 0.626091957 0 1 1
Z485 0 0 1.30609846 0 0.485556901 1.818326 0 0.00772577617 0 0 0 0 0.0263468474 0.0773930848 0 0.247613534 0 0.583836794 0 0 0 0 0 0 0.635509312 0.31424427 0 0 0.23238498 0 0 0 0 0 0 0 0 0 0.816730976 0 0.927629232 0 0.215650052 0 0 0 0 0 0 0 0 0 0 0.227973118 0 0.17750679 0 0 0 0 0 0 0.446644068 0.344630808 0 0 0 0 0 1 0 0 0 0.92592591 0.270238161 0.998502791 0.607534707 0.340175539 1 1
X485 0 0 1.30609846 0 0.485556901 1.818326 0 0.00772577617 0 0 0 0 0.0263468474 0.0773930848 0 0.247613534 0 0.583836794 0 0 0 0 0 0 0.635509312 0.31424427 0 0 0.23238498 0 0 0 0 0 0 0 0 0 0.816730976 0 0.927629232 0 0.215650052 0 0 0 0 0 0 0 0 0 0 0.227973118 0 0.17750679 0 0 0 0 0 0 0.446644068 0.344630808 0 0 1 0 0 0 0 0 0 0.962962985 0.270238161 0.618718088 0.200301364 0.281354934 1 1
G485 0 0 1.30609846 0 0.485556901 1.818326 0 0.00772577617 0 0 0 0 0.0263468474 0.0773930848 0 0.247613534 0 0.583836794 0 0 0 0 0 0 0.635509312 0.31424427 0 0 0.23238498 0 0 0 0 0 0 0 0 0 0.816730976 0 0.927629232 0 0.215650052 0 0 0 0 0 0 0 0 0 0 0.227973118 0 0.17750679 0 0 0 0 0 0 0.446644068 0.344630808 0 0 1 0 0 0 0 0 0 1 0 0.353984088 0.626091957 0 1 1
Z486 0 0 1.30609846 0 0.485556901 1.818326 0 0.00772577617 0 0 0 0 0.0263468474 0.0773930848 0 0.247613534 0 0.583836794 0 0 0 0 0 0 0.635509312 0.31424427 0 0 0.23238498 0 0 0 0 0 0 0 0 0 0.816730976 0 0.927629232 0 0.215650052 0 0 0 0 0 0 0 0 0 0 0.227973118 0 0.17750679 0 0 0 0 0 0 0.446644068 0.344630808 0 0 0 0 0 1 0 0 0 0.92592591 0.270238161 0.998502791 0.607534707 0.340175539 1 1
X486 0 0 1.30609846 0 0.485556901 1.818326 0 0.00772577617 0 0 0 0 0.0263468474 0.0773930848 0 0.247613534 0 0.583836794 0 0 0 0 0 0 0.635509312 0.31424427 0 0 0.23238498 0 0 0 0 0 0 0 0 0 0.816730976 0 0.927629232 0 0.215650052 0 0 0 0 0 0 0 0 0 0 0.227973118 0 0.17750679 0 0 0 0 0 0 0.446644068 0.344630808 0 0 1 0 0 0 0 0 0 0.962962985 0.270238161 0.618718088 0.200301364 0.281354934 1 1
G486 0 0 1.30609846 0 0.485556901 1.818326 0 0.00772577617 0 0 0 0 0.0263468474 0.0773930848 0 0.247613534 0 0.583836794 0 0 0 0 0 0 0.635509312 0.31424427 0 0 0.23238498 0 0 0 0 0 0 0 0 0 0.816730976 0 0.927629232 0 0.215650052 0 0 0 0 0 0 0 0 0 0 0.227973118 0 0.17750679 0 0 0 0 0 0 0.446644068 0.344630808 0 0 1 0 0 0 0 0 0 1 0 0.353984088 0.626091957 0 1 1
Z487 0 0 1.30609846 0 0.485556901 1.818326 0 0.00772577617 0 0 0 0 0.0263468474 0.0773930848 0 0.247613534 0 0.583836794 0 0 0 0 0 0 0.635509312 0.31424427 0 0 0.23238498 0 0 0 0 0 0 0 0 0 0.816730976 0 0.927629232 0 0.215650052 0 0 0 0 0 0 0 0 0 0 0.227973118 0 0.17750679 0 0 0 0 0 0 0.446644068 0.344630808 0 0 0 0 0 1 0 0 0 0.92592591 0.270238161 0.998502791 0.607534707 0.340175539 1 1
X487 0 0 1.30609846 0 0.485556901 1.818326 0 0.00772577617 0 0 0 0 0.0263468474 0.0773930848 0 0.247613534 0 0.583836794 0 0 0 0 0 0 0.635509312 0.31424427 0 0 0.23238498 0 0 0 0 0 0 0 0 0 0.816730976 0 0.927629232 0 0.215650052 0 0 0 0 0 0 0 0 0 0 0.227973118 0 0.17750679 0 0 0 0 0 0 0.446644068 0.344630808 0 0 1 0 0 0 0 0 0 0.962962985 0.270238161 0.618718088 0.200301364 0.281354934 1 1
G487 0 0 1.30609846 0 0.485556901 1.818326 0 0.00772577617 0 0 0 0 0.0263468474 0.0773930848 0 0.247613534 0 0.583836794 0 0 0 0 0 0 0.635509312 0.31424427 0 0 0.23238498 0 0 0 0 0 0 0 0 0 0.816730976 0 0.927629232 0 0.215650052 0 0 0 0 0 0 0 0 0 0 0.227973118 0 0.17750679 0 0 0 0 0 0 0.446644068 0.344630808 0 0 1 0 0 0 0 0 0 1 0 0.353984088 0.626091957 0 1 1
__smartatpg_bin_423_1 0 0 1.30609846 0 0.485556901 1.818326 0 0.00772577617 0 0 0 0 0.0263468474 0.0773930848 0 0.247613534 0 0.583836794 0 0 0 0 0 0 0.635509312 0.31424427 0 0 0.23238498 0 0 0 0 0 0 0 0 0 0.816730976 0 0.927629232 0 0.215650052 0 0 0 0 0 0 0 0 0 0 0.227973118 0 0.17750679 0 0 0 0 0 0 0.446644068 0.344630808 0 1 0 0 0 0 0 0 0 0.629629612 0.270238161 0.599551737 0.723872185 0.921802819 1 1
__smartatpg_bin_423_3 0 0 1.30609846 0 0.485556901 1.818326 0 0.00772577617 0 0 0 0 0.0263468474 0.0773930848 0 0.247613534 0 0.583836794 0 0 0 0 0 0 0.635509312 0.31424427 0 0 0.23238498 0 0 0 0 0 0 0 0 0 0.816730976 0 0.927629232 0 0.215650052 0 0 0 0 0 0 0 0 0 0 0.227973118 0 0.17750679 0 0 0 0 0 0 0.446644068 0.344630808 0 1 0 0 0 0 0 0 0 0.777777791 0.270238161 0.599551737 0.894340277 0.82642138 1 1
__smartatpg_bin_423_2 0 0 1.30609846 0 0.485556901 1.818326 0 0.00772577617 0 0 0 0 0.0263468474 0.0773930848 0 0.247613534 0 0.583836794 0 0 0 0 0 0 0.635509312 0.31424427 0 0 0.23238498 0 0 0 0 0 0 0 0 0 0.816730976 0 0.927629232 0 0.215650052 0 0 0 0 0 0 0 0 0 0 0.227973118 0 0.17750679 0 0 0 0 0 0 0.446644068 0.344630808 0 1 0 0 0 0 0 0 0 0.814814806 0.270238161 0.606167436 0.927581549 0.778689623 1 1
G421 0 0 1.30609846 0 0.485556901 1.818326 0 0.00772577617 0 0 0 0 0.0263468474 0.0773930848 0 0.247613534 0 0.583836794 0 0 0 0 0 0 0.635509312 0.31424427 0 0 0.23238498 0 0 0 0 0 0 0 0 0 0.816730976 0 0.927629232 0 0.215650052 0 0 0 0 0 0 0 0 0 0 0.227973118 0 0.17750679 0 0 0 0 0 0 0.446644068 0.344630808 0 1 0 0 0 0 0 0 0 0.851851881 0.627473593 0.606167436 0.979186296 0.611244202 1 1
G456 0 0 1.30609846 0 0.485556901 1.818326 0 0.00772577617 0 0 0 0 0.0263468474 0.0773930848 0 0.247613534 0 0.583836794 0 0 0 0 0 0 0.635509312 0.31424427 0 0 0.23238498 0 0 0 0 0 0 0 0 0 0.816730976 0 0.927629232 0 0.215650052 0 0 0 0 0 0 0 0 0 0 0.227973118 0 0.17750679 0 0 0 0 0 0 0.446644068 0.344630808 0 1 0 0 0 0 0 0 0 0.888888896 0.428317338 0.599551737 1 0.340175539 1 1
G457 0 0 1.30609846 0 0.485556901 1.818326 0 0.00772577617 0 0 0 0 0.0263468474 0.0773930848 0 0.247613534 0 0.583836794 0 0 0 0 0 0 0.635509312 0.31424427 0 0 0.23238498 0 0 0 0 0 0 0 0 0 0.816730976 0 0.927629232 0 0.215650052 0 0 0 0 0 0 0 0 0 0 0.227973118 0 0.17750679 0 0 0 0 0 0 0.446644068 0.344630808 0 1 0 0 0 0 0 0 0 0.888888896 0.428317338 0.599551737 1 0.340175539 1 1
G458 0 0 1.30609846 0 0.485556901 1.818326 0 0.00772577617 0 0 0 0 0.0263468474 0.0773930848 0 0.247613534 0 0.583836794 0 0 0 0 0 0 0.635509312 0.31424427 0 0 0.23238498 0 0 0 0 0 0 0 0 0 0.816730976 0 0.927629232 0 0.215650052 0 0 0 0 0 0 0 0 0 0 0.227973118 0 0.17750679 0 0 0 0 0 0 0.446644068 0.344630808 0 1 0 0 0 0 0 0 0 0.888888896 0.428317338 0.599551737 1 0.340175539 1 1
G459 0 0 1.30609846 0 0.485556901 1.818326 0 0.00772577617 0 0 0 0 0.0263468474 0.0773930848 0 0.247613534 0 0.583836794 0 0 0 0 0 0 0.635509312 0.31424427 0 0 0.23238498 0 0 0 0 0 0 0 0 0 0.816730976 0 0.927629232 0 0.215650052 0 0 0 0 0 0 0 0 0 0 0.227973118 0 0.17750679 0 0 0 0 0 0 0.446644068 0.344630808 0 1 0 0 0 0 0 0 0 0.888888896 0.428317338 0.599551737 1 0.340175539 1 1
Y488 0 0 1.30609846 0 0.485556901 1.818326 0 0.00772577617 0 0 0 0 0.0263468474 0.0773930848 0 0.247613534 0 0.583836794 0 0 0 0 0 0 0.635509312 0.31424427 0 0 0.23238498 0 0 0 0 0 0 0 0 0 0.816730976 0 0.927629232 0 0.215650052 0 0 0 0 0 0 0 0 0 0 0.227973118 0 0.17750679 0 0 0 0 0 0 0.446644068 0.344630808 0 0 1 0 0 0 0 0 0 0.92592591 0.270238161 1 0.252752185 0.242345944 1 1
Y489 0 0 1.30609846 0 0.485556901 1.818326 0 0.00772577617 0 0 0 0 0.0263468474 0.0773930848 0 0.247613534 0 0.583836794 0 0 0 0 0 0 0.635509312 0.31424427 0 0 0.23238498 0 0 0 0 0 0 0 0 0 0.816730976 0 0.927629232 0 0.215650052 0 0 0 0 0 0 0 0 0 0 0.227973118 0 0.17750679 0 0 0 0 0 0 0.446644068 0.344630808 0 0 1 0 0 0 0 0 0 0.92592591 0.270238161 1 0.252752185 0.242345944 1 1
Y490 0 0 1.30609846 0 0.485556901 1.818326 0 0.00772577617 0 0 0 0 0.0263468474 0.0773930848 0 0.247613534 0 0.583836794 0 0 0 0 0 0 0.635509312 0.31424427 0 0 0.23238498 0 0 0 0 0 0 0 0 0 0.816730976 0 0.927629232 0 0.215650052 0 0 0 0 0 0 0 0 0 0 0.227973118 0 0.17750679 0 0 0 0 0 0 0.446644068 0.344630808 0 0 1 0 0 0 0 0 0 0.92592591 0.270238161 1 0.252752185 0.242345944 1 1
Y491 0 0 1.30609846 0 0.485556901 1.818326 0 0.00772577617 0 0 0 0 0.0263468474 0.0773930848 0 0.247613534 0 0.583836794 0 0 0 0 0 0 0.635509312 0.31424427 0 0 0.23238498 0 0 0 0 0 0 0 0 0 0.816730976 0 0.927629232 0 0.215650052 0 0 0 0 0 0 0 0 0 0 0.227973118 0 0.17750679 0 0 0 0 0 0 0.446644068 0.344630808 0 0 1 0 0 0 0 0 0 0.92592591 0.270238161 1 0.252752185 0.242345944 1 1
Z488 0 0 1.30609846 0 0.485556901 1.818326 0 0.00772577617 0 0 0 0 0.0263468474 0.0773930848 0 0.247613534 0 0.583836794 0 0 0 0 0 0 0.635509312 0.31424427 0 0 0.23238498 0 0 0 0 0 0 0 0 0 0.816730976 0 0.927629232 0 0.215650052 0 0 0 0 0 0 0 0 0 0 0.227973118 0 0.17750679 0 0 0 0 0 0 0.446644068 0.344630808 0 0 0 0 0 1 0 0 0 0.92592591 0.270238161 0.998502791 0.607534707 0.340175539 1 1
X488 0 0 1.30609846 0 0.485556901 1.818326 0 0.00772577617 0 0 0 0 0.0263468474 0.0773930848 0 0.247613534 0 0.583836794 0 0 0 0 0 0 0.635509312 0.31424427 0 0 0.23238498 0 0 0 0 0 0 0 0 0 0.816730976 0 0.927629232 0 0.215650052 0 0 0 0 0 0 0 0 0 0 0.227973118 0 0.17750679 0 0 0 0 0 0 0.446644068 0.344630808 0 0 1 0 0 0 0 0 0 0.962962985 0.270238161 0.618718088 0.200301364 0.281354934 1 1
G488 0 0 1.30609846 0 0.485556901 1.818326 0 0.00772577617 0 0 0 0 0.0263468474 0.0773930848 0 0.247613534 0 0.583836794 0 0 0 0 0 0 0.635509312 0.31424427 0 0 0.23238498 0 0 0 0 0 0 0 0 0 0.816730976 0 0.927629232 0 0.215650052 0 0 0 0 0 0 0 0 0 0 0.227973118 0 0.17750679 0 0 0 0 0 0 0.446644068 0.344630808 0 0 1 0 0 0 0 0 0 1 0 0.353984088 0.626091957 0 1 1
Z489 0 0 1.30609846 0 0.485556901 1.818326 0 0.00772577617 0 0 0 0 0.0263468474 0.0773930848 0 0.247613534 0 0.583836794 0 0 0 0 0 0 0.635509312 0.31424427 0 0 0.23238498 0 0 0 0 0 0 0 0 0 0.816730976 0 0.927629232 0 0.215650052 0 0 0 0 0 0 0 0 0 0 0.227973118 0 0.17750679 0 0 0 0 0 0 0.446644068 0.344630808 0 0 0 0 0 1 0 0 0 0.92592591 0.270238161 0.998502791 0.607534707 0.340175539 1 1
X489 0 0 1.30609846 0 0.485556901 1.818326 0 0.00772577617 0 0 0 0 0.0263468474 0.0773930848 0 0.247613534 0 0.583836794 0 0 0 0 0 0 0.635509312 0.31424427 0 0 0.23238498 0 0 0 0 0 0 0 0 0 0.816730976 0 0.927629232 0 0.215650052 0 0 0 0 0 0 0 0 0 0 0.227973118 0 0.17750679 0 0 0 0 0 0 0.446644068 0.344630808 0 0 1 0 0 0 0 0 0 0.962962985 0.270238161 0.618718088 0.200301364 0.281354934 1 1
G489 0 0 1.30609846 0 0.485556901 1.818326 0 0.00772577617 0 0 0 0 0.0263468474 0.0773930848 0 0.247613534 0 0.583836794 0 0 0 0 0 0 0.635509312 0.31424427 0 0 0.23238498 0 0 0 0 0 0 0 0 0 0.816730976 0 0.927629232 0 0.215650052 0 0 0 0 0 0 0 0 0 0 0.227973118 0 0.17750679 0 0 0 0 0 0 0.446644068 0.344630808 0 0 1 0 0 0 0 0 0 1 0 0.353984088 0.626091957 0 1 1
Z490 0 0 1.30609846 0 0.485556901 1.818326 0 0.00772577617 0 0 0 0 0.0263468474 0.0773930848 0 0.247613534 0 0.583836794 0 0 0 0 0 0 0.635509312 0.31424427 0 0 0.23238498 0 0 0 0 0 0 0 0 0 0.816730976 0 0.927629232 0 0.215650052 0 0 0 0 0 0 0 0 0 0 0.227973118 0 0.17750679 0 0 0 0 0 0 0.446644068 0.344630808 0 0 0 0 0 1 0 0 0 0.92592591 0.270238161 0.998502791 0.607534707 0.340175539 1 1
X490 0 0 1.30609846 0 0.485556901 1.818326 0 0.00772577617 0 0 0 0 0.0263468474 0.0773930848 0 0.247613534 0 0.583836794 0 0 0 0 0 0 0.635509312 0.31424427 0 0 0.23238498 0 0 0 0 0 0 0 0 0 0.816730976 0 0.927629232 0 0.215650052 0 0 0 0 0 0 0 0 0 0 0.227973118 0 0.17750679 0 0 0 0 0 0 0.446644068 0.344630808 0 0 1 0 0 0 0 0 0 0.962962985 0.270238161 0.618718088 0.200301364 0.281354934 1 1
G490 0 0 1.30609846 0 0.485556901 1.818326 0 0.00772577617 0 0 0 0 0.0263468474 0.0773930848 0 0.247613534 0 0.583836794 0 0 0 0 0 0 0.635509312 0.31424427 0 0 0.23238498 0 0 0 0 0 0 0 0 0 0.816730976 0 0.927629232 0 0.215650052 0 0 0 0 0 0 0 0 0 0 0.227973118 0 0.17750679 0 0 0 0 0 0 0.446644068 0.344630808 0 0 1 0 0 0 0 0 0 1 0 0.353984088 0.626091957 0 1 1
Z491 0 0 1.30609846 0 0.485556901 1.818326 0 0.00772577617 0 0 0 0 0.0263468474 0.0773930848 0 0.247613534 0 0.583836794 0 0 0 0 0 0 0.635509312 0.31424427 0 0 0.23238498 0 0 0 0 0 0 0 0 0 0.816730976 0 0.927629232 0 0.215650052 0 0 0 0 0 0 0 0 0 0 0.227973118 0 0.17750679 0 0 0 0 0 0 0.446644068 0.344630808 0 0 0 0 0 1 0 0 0 0.92592591 0.270238161 0.998502791 0.607534707 0.340175539 1 1
X491 0 0 1.30609846 0 0.485556901 1.818326 0 0.00772577617 0 0 0 0 0.0263468474 0.0773930848 0 0.247613534 0 0.583836794 0 0 0 0 0 0 0.635509312 0.31424427 0 0 0.23238498 0 0 0 0 0 0 0 0 0 0.816730976 0 0.927629232 0 0.215650052 0 0 0 0 0 0 0 0 0 0 0.227973118 0 0.17750679 0 0 0 0 0 0 0.446644068 0.344630808 0 0 1 0 0 0 0 0 0 0.962962985 0.270238161 0.618718088 0.200301364 0.281354934 1 1
G491 0 0 1.30609846 0 0.485556901 1.818326 0 0.00772577617 0 0 0 0 0.0263468474 0.0773930848 0 0.247613534 0 0.583836794 0 0 0 0 0 0 0.635509312 0.31424427 0 0 0.23238498 0 0 0 0 0 0 0 0 0 0.816730976 0 0.927629232 0 0.215650052 0 0 0 0 0 0 0 0 0 0 0.227973118 0 0.17750679 0 0 0 0 0 0 0.446644068 0.344630808 0 0 1 0 0 0 0 0 0 1 0 0.353984088 0.626091957 0 1 1
__smartatpg_bin_424_1 0 0 1.30609846 0 0.485556901 1.818326 0 0.00772577617 0 0 0 0 0.0263468474 0.0773930848 0 0.247613534 0 0.583836794 0 0 0 0 0 0 0.635509312 0.31424427 0 0 0.23238498 0 0 0 0 0 0 0 0 0 0.816730976 0 0.927629232 0 0.215650052 0 0 0 0 0 0 0 0 0 0 0.227973118 0 0.17750679 0 0 0 0 0 0 0.446644068 0.344630808 0 1 0 0 0 0 0 0 0 0.629629612 0.270238161 0.599551737 0.723872185 0.921802819 1 1
__smartatpg_bin_424_3 0 0 1.30609846 0 0.485556901 1.818326 0 0.00772577617 0 0 0 0 0.0263468474 0.0773930848 0 0.247613534 0 0.583836794 0 0 0 0 0 0 0.635509312 0.31424427 0 0 0.23238498 0 0 0 0 0 0 0 0 0 0.816730976 0 0.927629232 0 0.215650052 0 0 0 0 0 0 0 0 0 0 0.227973118 0 0.17750679 0 0 0 0 0 0 0.446644068 0.344630808 0 1 0 0 0 0 0 0 0 0.777777791 0.270238161 0.606167436 0.895685852 0.824867427 1 1
__smartatpg_bin_424_2 0 0 1.30609846 0 0.485556901 1.818326 0 0.00772577617 0 0 0 0 0.0263468474 0.0773930848 0 0.247613534 0 0.583836794 0 0 0 0 0 0 0.635509312 0.31424427 0 0 0.23238498 0 0 0 0 0 0 0 0 0 0.816730976 0 0.927629232 0 0.215650052 0 0 0 0 0 0 0 0 0 0 0.227973118 0 0.17750679 0 0 0 0 0 0 0.446644068 0.344630808 0 1 0 0 0 0 0 0 0 0.814814806 0.270238161 0.599551737 0.927581549 0.778689623 1 1
G426 0 0 1.30609846 0 0.485556901 1.818326 0 0.00772577617 0 0 0 0 0.0263468474 0.0773930848 0 0.247613534 0 0.583836794 0 0 0 0 0 0 0.635509312 0.31424427 0 0 0.23238498 0 0 0 0 0 0 0 0 0 0.816730976 0 0.927629232 0 0.215650052 0 0 0 0 0 0 0 0 0 0 0.227973118 0 0.17750679 0 0 0 0 0 0 0.446644068 0.344630808 0 1 0 0 0 0 0 0 0 0.851851881 0.627473593 0.606167436 0.979186296 0.611244202 1 1
G460 0 0 1.30609846 0 0.485556901 1.818326 0 0.00772577617 0 0 0 0 0.0263468474 0.0773930848 0 0.247613534 0 0.583836794 0 0 0 0 0 0 0.635509312 0.31424427 0 0 0.23238498 0 0 0 0 0 0 0 0 0 0.816730976 0 0.927629232 0 0.215650052 0 0 0 0 0 0 0 0 0 0 0.227973118 0 0.17750679 0 0 0 0 0 0 0.446644068 0.344630808 0 1 0 0 0 0 0 0 0 0.888888896 0.428317338 0.599551737 1 0.340175539 1 1
G461 0 0 1.30609846 0 0.485556901 1.818326 0 0.00772577617 0 0 0 0 0.0263468474 0.0773930848 0 0.247613534 0 0.583836794 0 0 0 0 0 0 0.635509312 0.31424427 0 0 0.23238498 0 0 0 0 0 0 0 0 0 0.816730976 0 0.927629232 0 0.215650052 0 0 0 0 0 0 0 0 0 0 0.227973118 0 0.17750679 0 0 0 0 0 0 0.446644068 0.344630808 0 1 0 0 0 0 0 0 0 0.888888896 0.428317338 0.599551737 1 0.340175539 1 1
G462 0 0 1.30609846 0 0.485556901 1.818326 0 0.00772577617 0 0 0 0 0.0263468474 0.0773930848 0 0.247613534 0 0.583836794 0 0 0 0 0 0 0.635509312 0.31424427 0 0 0.23238498 0 0 0 0 0 0 0 0 0 0.816730976 0 0.927629232 0 0.215650052 0 0 0 0 0 0 0 0 0 0 0.227973118 0 0.17750679 0 0 0 0 0 0 0.446644068 0.344630808 0 1 0 0 0 0 0 0 0 0.888888896 0.428317338 0.599551737 1 0.340175539 1 1
G463 0 0 1.30609846 0 0.485556901 1.818326 0 0.00772577617 0 0 0 0 0.0263468474 0.0773930848 0 0.247613534 0 0.583836794 0 0 0 0 0 0 0.635509312 0.31424427 0 0 0.23238498 0 0 0 0 0 0 0 0 0 0.816730976 0 0.927629232 0 0.215650052 0 0 0 0 0 0 0 0 0 0 0.227973118 0 0.17750679 0 0 0 0 0 0 0.446644068 0.344630808 0 1 0 0 0 0 0 0 0 0.888888896 0.428317338 0.599551737 1 0.340175539 1 1
Y492 0 0 1.30609846 0 0.485556901 1.818326 0 0.00772577617 0 0 0 0 0.0263468474 0.0773930848 0 0.247613534 0 0.583836794 0 0 0 0 0 0 0.635509312 0.31424427 0 0 0.23238498 0 0 0 0 0 0 0 0 0 0.816730976 0 0.927629232 0 0.215650052 0 0 0 0 0 0 0 0 0 0 0.227973118 0 0.17750679 0 0 0 0 0 0 0.446644068 0.344630808 0 0 1 0 0 0 0 0 0 0.92592591 0.270238161 1 0.252752185 0.242345944 1 1
Y493 0 0 1.30609846 0 0.485556901 1.818326 0 0.00772577617 0 0 0 0 0.0263468474 0.0773930848 0 0.247613534 0 0.583836794 0 0 0 0 0 0 0.635509312 0.31424427 0 0 0.23238498 0 0 0 0 0 0 0 0 0 0.816730976 0 0.927629232 0 0.215650052 0 0 0 0 0 0 0 0 0 0 0.227973118 0 0.17750679 0 0 0 0 0 0 0.446644068 0.344630808 0 0 1 0 0 0 0 0 0 0.92592591 0.270238161 1 0.252752185 0.242345944 1 1
Y494 0 0 1.30609846 0 0.485556901 1.818326 0 0.00772577617 0 0 0 0 0.0263468474 0.0773930848 0 0.247613534 0 0.583836794 0 0 0 0 0 0 0.635509312 0.31424427 0 0 0.23238498 0 0 0 0 0 0 0 0 0 0.816730976 0 0.927629232 0 0.215650052 0 0 0 0 0 0 0 0 0 0 0.227973118 0 0.17750679 0 0 0 0 0 0 0.446644068 0.344630808 0 0 1 0 0 0 0 0 0 0.92592591 0.270238161 1 0.252752185 0.242345944 1 1
Y495 0 0 1.30609846 0 0.485556901 1.818326 0 0.00772577617 0 0 0 0 0.0263468474 0.0773930848 0 0.247613534 0 0.583836794 0 0 0 0 0 0 0.635509312 0.31424427 0 0 0.23238498 0 0 0 0 0 0 0 0 0 0.816730976 0 0.927629232 0 0.215650052 0 0 0 0 0 0 0 0 0 0 0.227973118 0 0.17750679 0 0 0 0 0 0 0.446644068 0.344630808 0 0 1 0 0 0 0 0 0 0.92592591 0.270238161 1 0.252752185 0.242345944 1 1
Z492 0 0 1.30609846 0 0.485556901 1.818326 0 0.00772577617 0 0 0 0 0.0263468474 0.0773930848 0 0.247613534 0 0.583836794 0 0 0 0 0 0 0.635509312 0.31424427 0 0 0.23238498 0 0 0 0 0 0 0 0 0 0.816730976 0 0.927629232 0 0.215650052 0 0 0 0 0 0 0 0 0 0 0.227973118 0 0.17750679 0 0 0 0 0 0 0.446644068 0.344630808 0 0 0 0 0 1 0 0 0 0.92592591 0.270238161 0.998502791 0.607534707 0.340175539 1 1
X492 0 0 1.30609846 0 0.485556901 1.818326 0 0.00772577617 0 0 0 0 0.0263468474 0.0773930848 0 0.247613534 0 0.583836794 0 0 0 0 0 0 0.635509312 0.31424427 0 0 0.23238498 0 0 0 0 0 0 0 0 0 0.816730976 0 0.927629232 0 0.215650052 0 0 0 0 0 0 0 0 0 0 0.227973118 0 0.17750679 0 0 0 0 0 0 0.446644068 0.344630808 0 0 1 0 0 0 0 0 0 0.962962985 0.270238161 0.618718088 0.200301364 0.281354934 1 1
G492 0 0 1.30609846 0 0.485556901 1.818326 0 0.00772577617 0 0 0 0 0.0263468474 0.0773930848 0 0.247613534 0 0.583836794 0 0 0 0 0 0 0.635509312 0.31424427 0 0 0.23238498 0 0 0 0 0 0 0 0 0 0.816730976 0 0.927629232 0 0.215650052 0 0 0 0 0 0 0 0 0 0 0.227973118 0 0.17750679 0 0 0 0 0 0 0.446644068 0.344630808 0 0 1 0 0 0 0 0 0 1 0 0.353984088 0.626091957 0 1 1
Z493 0 0 1.30609846 0 0.485556901 1.818326 0 0.00772577617 0 0 0 0 0.0263468474 0.0773930848 0 0.247613534 0 0.583836794 0 0 0 0 0 0 0.635509312 0.31424427 0 0 0.23238498 0 0 0 0 0 0 0 0 0 0.816730976 0 0.927629232 0 0.215650052 0 0 0 0 0 0 0 0 0 0 0.227973118 0 0.17750679 0 0 0 0 0 0 0.446644068 0.344630808 0 0 0 0 0 1 0 0 0 0.92592591 0.270238161 0.998502791 0.607534707 0.340175539 1 1
X493 0 0 1.30609846 0 0.485556901 1.818326 0 0.00772577617 0 0 0 0 0.0263468474 0.0773930848 0 0.247613534 0 0.583836794 0 0 0 0 0 0 0.635509312 0.31424427 0 0 0.23238498 0 0 0 0 0 0 0 0 0 0.816730976 0 0.927629232 0 0.215650052 0 0 0 0 0 0 0 0 0 0 0.227973118 0 0.17750679 0 0 0 0 0 0 0.446644068 0.344630808 0 0 1 0 0 0 0 0 0 0.962962985 0.270238161 0.618718088 0.200301364 0.281354934 1 1
G493 0 0 1.30609846 0 0.485556901 1.818326 0 0.00772577617 0 0 0 0 0.0263468474 0.0773930848 0 0.247613534 0 0.583836794 0 0 0 0 0 0 0.635509312 0.31424427 0 0 0.23238498 0 0 0 0 0 0 0 0 0 0.816730976 0 0.927629232 0 0.215650052 0 0 0 0 0 0 0 0 0 0 0.227973118 0 0.17750679 0 0 0 0 0 0 0.446644068 0.344630808 0 0 1 0 0 0 0 0 0 1 0 0.353984088 0.626091957 0 1 1
Z494 0 0 1.30609846 0 0.485556901 1.818326 0 0.00772577617 0 0 0 0 0.0263468474 0.0773930848 0 0.247613534 0 0.583836794 0 0 0 0 0 0 0.635509312 0.31424427 0 0 0.23238498 0 0 0 0 0 0 0 0 0 0.816730976 0 0.927629232 0 0.215650052 0 0 0 0 0 0 0 0 0 0 0.227973118 0 0.17750679 0 0 0 0 0 0 0.446644068 0.344630808 0 0 0 0 0 1 0 0 0 0.92592591 0.270238161 0.998502791 0.607534707 0.340175539 1 1
X494 0 0 1.30609846 0 0.485556901 1.818326 0 0.00772577617 0 0 0 0 0.0263468474 0.0773930848 0 0.247613534 0 0.583836794 0 0 0 0 0 0 0.635509312 0.31424427 0 0 0.23238498 0 0 0 0 0 0 0 0 0 0.816730976 0 0.927629232 0 0.215650052 0 0 0 0 0 0 0 0 0 0 0.227973118 0 0.17750679 0 0 0 0 0 0 0.446644068 0.344630808 0 0 1 0 0 0 0 0 0 0.962962985 0.270238161 0.618718088 0.200301364 0.281354934 1 1
G494 0 0 1.30609846 0 0.485556901 1.818326 0 0.00772577617 0 0 0 0 0.0263468474 0.0773930848 0 0.247613534 0 0.583836794 0 0 0 0 0 0 0.635509312 0.31424427 0 0 0.23238498 0 0 0 0 0 0 0 0 0 0.816730976 0 0.927629232 0 0.215650052 0 0 0 0 0 0 0 0 0 0 0.227973118 0 0.17750679 0 0 0 0 0 0 0.446644068 0.344630808 0 0 1 0 0 0 0 0 0 1 0 0.353984088 0.626091957 0 1 1
Z495 0 0 1.30609846 0 0.485556901 1.818326 0 0.00772577617 0 0 0 0 0.0263468474 0.0773930848 0 0.247613534 0 0.583836794 0 0 0 0 0 0 0.635509312 0.31424427 0 0 0.23238498 0 0 0 0 0 0 0 0 0 0.816730976 0 0.927629232 0 0.215650052 0 0 0 0 0 0 0 0 0 0 0.227973118 0 0.17750679 0 0 0 0 0 0 0.446644068 0.344630808 0 0 0 0 0 1 0 0 0 0.92592591 0.270238161 0.998502791 0.607534707 0.340175539 1 1
X495 0 0 1.30609846 0 0.485556901 1.818326 0 0.00772577617 0 0 0 0 0.0263468474 0.0773930848 0 0.247613534 0 0.583836794 0 0 0 0 0 0 0.635509312 0.31424427 0 0 0.23238498 0 0 0 0 0 0 0 0 0 0.816730976 0 0.927629232 0 0.215650052 0 0 0 0 0 0 0 0 0 0 0.227973118 0 0.17750679 0 0 0 0 0 0 0.446644068 0.344630808 0 0 1 0 0 0 0 0 0 0.962962985 0.270238161 0.618718088 0.200301364 0.281354934 1 1
G495 0 0 1.30609846 0 0.485556901 1.818326 0 0.00772577617 0 0 0 0 0.0263468474 0.0773930848 0 0.247613534 0 0.583836794 0 0 0 0 0 0 0.635509312 0.31424427 0 0 0.23238498 0 0 0 0 0 0 0 0 0 0.816730976 0 0.927629232 0 0.215650052 0 0 0 0 0 0 0 0 0 0 0.227973118 0 0.17750679 0 0 0 0 0 0 0.446644068 0.344630808 0 0 1 0 0 0 0 0 0 1 0 0.353984088 0.626091957 0 1 1
__smartatpg_bin_425_1 0 0 1.30609846 0 0.485556901 1.818326 0 0.00772577617 0 0 0 0 0.0263468474 0.0773930848 0 0.247613534 0 0.583836794 0 0 0 0 0 0 0.635509312 0.31424427 0 0 0.23238498 0 0 0 0 0 0 0 0 0 0.816730976 0 0.927629232 0 0.215650052 0 0 0 0 0 0 0 0 0 0 0.227973118 0 0.17750679 0 0 0 0 0 0 0.446644068 0.344630808 0 1 0 0 0 0 0 0 0 0.629629612 0.270238161 0.599551737 0.723872185 0.921802819 1 1
__smartatpg_bin_425_3 0 0 1.30609846 0 0.485556901 1.818326 0 0.00772577617 0 0 0 0 0.0263468474 0.0773930848 0 0.247613534 0 0.583836794 0 0 0 0 0 0 0.635509312 0.31424427 0 0 0.23238498 0 0 0 0 0 0 0 0 0 0.816730976 0 0.927629232 0 0.215650052 0 0 0 0 0 0 0 0 0 0 0.227973118 0 0.17750679 0 0 0 0 0 0 0.446644068 0.344630808 0 1 0 0 0 0 0 0 0 0.777777791 0.270238161 0.599551737 0.894340277 0.82642138 1 1
__smartatpg_bin_425_2 0 0 1.30609846 0 0.485556901 1.818326 0 0.00772577617 0 0 0 0 0.0263468474 0.0773930848 0 0.247613534 0 0.583836794 0 0 0 0 0 0 0.635509312 0.31424427 0 0 0.23238498 0 0 0 0 0 0 0 0 0 0.816730976 0 0.927629232 0 0.215650052 0 0 0 0 0 0 0 0 0 0 0.227973118 0 0.17750679 0 0 0 0 0 0 0.446644068 0.344630808 0 1 0 0 0 0 0 0 0 0.814814806 0.270238161 0.606167436 0.927581549 0.778689623 1 1
G431 0 0 1.30609846 0 0.485556901 1.818326 0 0.00772577617 0 0 0 0 0.0263468474 0.0773930848 0 0.247613534 0 0.583836794 0 0 0 0 0 0 0.635509312 0.31424427 0 0 0.23238498 0 0 0 0 0 0 0 0 0 0.816730976 0 0.927629232 0 0.215650052 0 0 0 0 0 0 0 0 0 0 0.227973118 0 0.17750679 0 0 0 0 0 0 0.446644068 0.344630808 0 1 0 0 0 0 0 0 0 0.851851881 0.627473593 0.606167436 0.979186296 0.611244202 1 1
G464 0 0 1.30609846 0 0.485556901 1.818326 0 0.00772577617 0 0 0 0 0.0263468474 0.0773930848 0 0.247613534 0 0.583836794 0 0 0 0 0 0 0.635509312 0.31424427 0 0 0.23238498 0 0 0 0 0 0 0 0 0 0.816730976 0 0.927629232 0 0.215650052 0 0 0 0 0 0 0 0 0 0 0.227973118 0 0.17750679 0 0 0 0 0 0 0.446644068 0.344630808 0 1 0 0 0 0 0 0 0 0.888888896 0.428317338 0.599551737 1 0.340175539 1 1
G465 0 0 1.30609846 0 0.485556901 1.818326 0 0.00772577617 0 0 0 0 0.0263468474 0.0773930848 0 0.247613534 0 0.583836794 0 0 0 0 0 0 0.635509312 0.31424427 0 0 0.23238498 0 0 0 0 0 0 0 0 0 0.816730976 0 0.927629232 0 0.215650052 0 0 0 0 0 0 0 0 0 0 0.227973118 0 0.17750679 0 0 0 0 0 0 0.446644068 0.344630808 0 1 0 0 0 0 0 0 0 0.888888896 0.428317338 0.599551737 1 0.340175539 1 1
G466 0 0 1.30609846 0 0.485556901 1.818326 0 0.00772577617 0 0 0 0 0.0263468474 0.0773930848 0 0.247613534 0 0.583836794 0 0 0 0 0 0 0.635509312 0.31424427 0 0 0.23238498 0 0 0 0 0 0 0 0 0 0.816730976 0 0.927629232 0 0.215650052 0 0 0 0 0 0 0 0 0 0 0.227973118 0 0.17750679 0 0 0 0 0 0 0.446644068 0.344630808 0 1 0 0 0 0 0 0 0 0.888888896 0.428317338 0.599551737 1 0.340175539 1 1
G467 0 0 1.30609846 0 0.485556901 1.818326 0 0.00772577617 0 0 0 0 0.0263468474 0.0773930848 0 0.247613534 0 0.583836794 0 0 0 0 0 0 0.635509312 0.31424427 0 0 0.23238498 0 0 0 0 0 0 0 0 0 0.816730976 0 0.927629232 0 0.215650052 0 0 0 0 0 0 0 0 0 0 0.227973118 0 0.17750679 0 0 0 0 0 0 0.446644068 0.344630808 0 1 0 0 0 0 0 0 0 0.888888896 0.428317338 0.599551737 1 0.340175539 1 1
Y496 0 0 1.30609846 0 0.485556901 1.818326 0 0.00772577617 0 0 0 0 0.0263468474 0.0773930848 0 0.247613534 0 0.583836794 0 0 0 0 0 0 0.635509312 0.31424427 0 0 0.23238498 0 0 0 0 0 0 0 0 0 0.816730976 0 0.927629232 0 0.215650052 0 0 0 0 0 0 0 0 0 0 0.227973118 0 0.17750679 0 0 0 0 0 0 0.446644068 0.344630808 0 0 1 0 0 0 0 0 0 0.92592591 0.270238161 1 0.252752185 0.242345944 1 1
Y497 0 0 1.30609846 0 0.485556901 1.818326 0 0.00772577617 0 0 0 0 0.0263468474 0.0773930848 0 0.247613534 0 0.583836794 0 0 0 0 0 0 0.635509312 0.31424427 0 0 0.23238498 0 0 0 0 0 0 0 0 0 0.816730976 0 0.927629232 0 0.215650052 0 0 0 0 0 0 0 0 0 0 0.227973118 0 0.17750679 0 0 0 0 0 0 0.446644068 0.344630808 0 0 1 0 0 0 0 0 0 0.92592591 0.270238161 1 0.252752185 0.242345944 1 1
Y498 0 0 1.30609846 0 0.485556901 1.818326 0 0.00772577617 0 0 0 0 0.0263468474 0.0773930848 0 0.247613534 0 0.583836794 0 0 0 0 0 0 0.635509312 0.31424427 0 0 0.23238498 0 0 0 0 0 0 0 0 0 0.816730976 0 0.927629232 0 0.215650052 0 0 0 0 0 0 0 0 0 0 0.227973118 0 0.17750679 0 0 0 0 0 0 0.446644068 0.344630808 0 0 1 0 0 0 0 0 0 0.92592591 0.270238161 1 0.252752185 0.242345944 1 1
Y499 0 0 1.30609846 0 0.485556901 1.818326 0 0.00772577617 0 0 0 0 0.0263468474 0.0773930848 0 0.247613534 0 0.583836794 0 0 0 0 0 0 0.635509312 0.31424427 0 0 0.23238498 0 0 0 0 0 0 0 0 0 0.816730976 0 0.927629232 0 0.215650052 0 0 0 0 0 0 0 0 0 0 0.227973118 0 0.17750679 0 0 0 0 0 0 0.446644068 0.344630808 0 0 1 0 0 0 0 0 0 0.92592591 0.270238161 1 0.252752185 0.242345944 1 1
Z496 0 0 1.30609846 0 0.485556901 1.818326 0 0.00772577617 0 0 0 0 0.0263468474 0.0773930848 0 0.247613534 0 0.583836794 0 0 0 0 0 0 0.635509312 0.31424427 0 0 0.23238498 0 0 0 0 0 0 0 0 0 0.816730976 0 0.927629232 0 0.215650052 0 0 0 0 0 0 0 0 0 0 0.227973118 0 0.17750679 0 0 0 0 0 0 0.446644068 0.344630808 0 0 0 0 0 1 0 0 0 0.92592591 0.270238161 0.998502791 0.607534707 0.340175539 1 1
X496 0 0 1.30609846 0 0.485556901 1.818326 0 0.00772577617 0 0 0 0 0.0263468474 0.0773930848 0 0.247613534 0 0.583836794 0 0 0 0 0 0 0.635509312 0.31424427 0 0 0.23238498 0 0 0 0 0 0 0 0 0 0.816730976 0 0.927629232 0 0.215650052 0 0 0 0 0 0 0 0 0 0 0.227973118 0 0.17750679 0 0 0 0 0 0 0.446644068 0.344630808 0 0 1 0 0 0 0 0 0 0.962962985 0.270238161 0.618718088 0.200301364 0.281354934 1 1
G496 0 0 1.30609846 0 0.485556901 1.818326 0 0.00772577617 0 0 0 0 0.0263468474 0.0773930848 0 0.247613534 0 0.583836794 0 0 0 0 0 0 0.635509312 0.31424427 0 0 0.23238498 0 0 0 0 0 0 0 0 0 0.816730976 0 0.927629232 0 0.215650052 0 0 0 0 0 0 0 0 0 0 0.227973118 0 0.17750679 0 0 0 0 0 0 0.446644068 0.344630808 0 0 1 0 0 0 0 0 0 1 0 0.353984088 0.626091957 0 1 1
Z497 0 0 1.30609846 0 0.485556901 1.818326 0 0.00772577617 0 0 0 0 0.0263468474 0.0773930848 0 0.247613534 0 0.583836794 0 0 0 0 0 0 0.635509312 0.31424427 0 0 0.23238498 0 0 0 0 0 0 0 0 0 0.816730976 0 0.927629232 0 0.215650052 0 0 0 0 0 0 0 0 0 0 0.227973118 0 0.17750679 0 0 0 0 0 0 0.446644068 0.344630808 0 0 0 0 0 1 0 0 0 0.92592591 0.270238161 0.998502791 0.607534707 0.340175539 1 1
X497 0 0 1.30609846 0 0.485556901 1.818326 0 0.00772577617 0 0 0 0 0.0263468474 0.0773930848 0 0.247613534 0 0.583836794 0 0 0 0 0 0 0.635509312 0.31424427 0 0 0.23238498 0 0 0 0 0 0 0 0 0 0.816730976 0 0.927629232 0 0.215650052 0 0 0 0 0 0 0 0 0 0 0.227973118 0 0.17750679 0 0 0 0 0 0 0.446644068 0.344630808 0 0 1 0 0 0 0 0 0 0.962962985 0.270238161 0.618718088 0.200301364 0.281354934 1 1
G497 0 0 1.30609846 0 0.485556901 1.818326 0 0.00772577617 0 0 0 0 0.0263468474 0.0773930848 0 0.247613534 0 0.583836794 0 0 0 0 0 0 0.635509312 0.31424427 0 0 0.23238498 0 0 0 0 0 0 0 0 0 0.816730976 0 0.927629232 0 0.215650052 0 0 0 0 0 0 0 0 0 0 0.227973118 0 0.17750679 0 0 0 0 0 0 0.446644068 0.344630808 0 0 1 0 0 0 0 0 0 1 0 0.353984088 0.626091957 0 1 1
Z498 0 0 1.30609846 0 0.485556901 1.818326 0 0.00772577617 0 0 0 0 0.0263468474 0.0773930848 0 0.247613534 0 0.583836794 0 0 0 0 0 0 0.635509312 0.31424427 0 0 0.23238498 0 0 0 0 0 0 0 0 0 0.816730976 0 0.927629232 0 0.215650052 0 0 0 0 0 0 0 0 0 0 0.227973118 0 0.17750679 0 0 0 0 0 0 0.446644068 0.344630808 0 0 0 0 0 1 0 0 0 0.92592591 0.270238161 0.998502791 0.607534707 0.340175539 1 1
X498 0 0 1.30609846 0 0.485556901 1.818326 0 0.00772577617 0 0 0 0 0.0263468474 0.0773930848 0 0.247613534 0 0.583836794 0 0 0 0 0 0 0.635509312 0.31424427 0 0 0.23238498 0 0 0 0 0 0 0 0 0 0.816730976 0 0.927629232 0 0.215650052 0 0 0 0 0 0 0 0 0 0 0.227973118 0 0.17750679 0 0 0 0 0 0 0.446644068 0.344630808 0 0 1 0 0 0 0 0 0 0.962962985 0.270238161 0.618718088 0.200301364 0.281354934 1 1
G498 0 0 1.30609846 0 0.485556901 1.818326 0 0.00772577617 0 0 0 0 0.0263468474 0.0773930848 0 0.247613534 0 0.583836794 0 0 0 0 0 0 0.635509312 0.31424427 0 0 0.23238498 0 0 0 0 0 0 0 0 0 0.816730976 0 0.927629232 0 0.215650052 0 0 0 0 0 0 0 0 0 0 0.227973118 0 0.17750679 0 0 0 0 0 0 0.446644068 0.344630808 0 0 1 0 0 0 0 0 0 1 0 0.353984088 0.626091957 0 1 1
Z499 0 0 1.30609846 0 0.485556901 1.818326 0 0.00772577617 0 0 0 0 0.0263468474 0.0773930848 0 0.247613534 0 0.583836794 0 0 0 0 0 0 0.635509312 0.31424427 0 0 0.23238498 0 0 0 0 0 0 0 0 0 0.816730976 0 0.927629232 0 0.215650052 0 0 0 0 0 0 0 0 0 0 0.227973118 0 0.17750679 0 0 0 0 0 0 0.446644068 0.344630808 0 0 0 0 0 1 0 0 0 0.92592591 0.270238161 0.998502791 0.607534707 0.340175539 1 1
X499 0 0 1.30609846 0 0.485556901 1.818326 0 0.00772577617 0 0 0 0 0.0263468474 0.0773930848 0 0.247613534 0 0.583836794 0 0 0 0 0 0 0.635509312 0.31424427 0 0 0.23238498 0 0 0 0 0 0 0 0 0 0.816730976 0 0.927629232 0 0.215650052 0 0 0 0 0 0 0 0 0 0 0.227973118 0 0.17750679 0 0 0 0 0 0 0.446644068 0.344630808 0 0 1 0 0 0 0 0 0 0.962962985 0.270238161 0.618718088 0.200301364 0.281354934 1 1
G499 0 0 1.30609846 0 0.485556901 1.818326 0 0.00772577617 0 0 0 0 0.0263468474 0.0773930848 0 0.247613534 0 0.583836794 0 0 0 0 0 0 0.635509312 0.31424427 0 0 0.23238498 0 0 0 0 0 0 0 0 0 0.816730976 0 0.927629232 0 0.215650052 0 0 0 0 0 0 0 0 0 0 0.227973118 0 0.17750679 0 0 0 0 0 0 0.446644068 0.344630808 0 0 1 0 0 0 0 0 0 1 0 0.353984088 0.626091957 0 1 1
