SMARTATPG_EMBEDDINGS_V1
circuit_hash 13685aa00ca7de70
dimension 64
count 619
G1 0.2241254 -0.0980334654 -0.0483446606 -0.0645422116 -0.0342683941 0.0846913829 -0.0219688918 0.108422279 0.110327862 0.223766193 -0.153570279 0.324491352 -0.470289886 0.10463392 -0.21733439 -0.149013817 0.381847858 0.198807925 0.153433487 0.255042285 0.233451813 -0.0234289654 0.00550211035 -0.0372633114 0.268406063 -0.10987442 -0.148074925 0.263216555 -0.135518342 -0.0664588585 -0.353197783 -0.255170405 -0.252291352 -0.303297192 0.0506456941 -0.0542437956 0.177893132 0.107923917 0.389295638 0.637260199 0.0740008205 -0.122780532 0.0525816828 0.126875266 0.107486866 0.135733277 -0.253662318 -0.362193853 -0.0605766848 0.371172309 0.350154817 0.155348763 -0.0998029634 0.29904151 -0.0564568415 -0.245557204 -0.00196620706 0.0871283635 0.138390005 -0.15470539 -0.0792377219 -0.225811452 0.133951813 0.502582848
G2 0.2241254 -0.0980334729 -0.0483446643 -0.0645422116 -0.0342684016 0.0846913829 -0.0219688993 0.108422272 0.110327862 0.223766193 -0.153570265 0.324491352 -0.470289886 0.104633927 -0.21733439 -0.149013817 0.381847858 0.198807925 0.153433472 0.255042285 0.233451799 -0.0234289654 0.00550210197 -0.0372633114 0.268406093 -0.109874435 -0.14807494 0.263216585 -0.135518327 -0.0664588585 -0.353197783 -0.255170405 -0.252291352 -0.303297162 0.0506456941 -0.0542438105 0.177893132 0.107923903 0.389295638 0.637260199 0.074000828 -0.122780539 0.0525816903 0.126875252 0.107486874 0.135733262 -0.253662288 -0.362193853 -0.060576681 0.371172309 0.350154817 0.155348763 -0.0998029709 0.299041539 -0.0564568378 -0.245557174 -0.0019661996 0.0871283635 0.138390005 -0.154705375 -0.0792377293 -0.225811452 0.133951813 0.502582848
G3 0.2241254 -0.0980334654 -0.0483446643 -0.0645422116 -0.0342684016 0.0846913904 -0.0219688918 0.108422272 0.110327862 0.223766178 -0.153570265 0.324491352 -0.470289916 0.10463392 -0.217334375 -0.149013832 0.381847858 0.198807925 0.153433487 0.255042285 0.233451843 -0.0234289542 0.00550211314 -0.0372633114 0.268406063 -0.109874435 -0.14807494 0.263216585 -0.135518327 -0.066458866 -0.353197783 -0.255170405 -0.252291352 -0.303297222 0.0506456941 -0.0542438067 0.177893132 0.107923932 0.389295638 0.637260199 0.0740008354 -0.122780517 0.0525816903 0.126875266 0.107486866 0.135733277 -0.253662288 -0.362193853 -0.060576681 0.371172339 0.350154817 0.155348763 -0.0998029634 0.299041539 -0.0564568378 -0.245557189 -0.00196620636 0.0871283635 0.138390005 -0.154705375 -0.0792377368 -0.225811452 0.133951813 0.502582848
G4 0.2241254 -0.0980334654 -0.0483446755 -0.064542219 -0.0342684016 0.0846913755 -0.0219689012 0.108422272 0.110327855 0.223766193 -0.153570279 0.324491352 -0.470289886 0.104633935 -0.21733439 -0.149013832 0.381847829 0.198807925 0.153433472 0.255042285 0.233451813 -0.0234289598 0.0055021029 -0.0372633114 0.268406093 -0.109874435 -0.14807494 0.263216555 -0.135518327 -0.0664588511 -0.353197783 -0.255170405 -0.252291352 -0.303297162 0.0506456941 -0.0542438105 0.177893132 0.107923917 0.389295638 0.637260199 0.0740008354 -0.122780547 0.0525816977 0.126875266 0.107486866 0.135733262 -0.253662318 -0.362193823 -0.0605766922 0.371172339 0.350154817 0.155348763 -0.0998029709 0.29904151 -0.0564568453 -0.245557204 -0.00196619518 0.0871283561 0.138390005 -0.154705375 -0.0792377293 -0.225811452 0.133951828 0.502582848
G5 0.2241254 -0.0980334729 -0.0483446717 -0.0645422041 -0.0342683978 0.0846913829 -0.0219688956 0.108422272 0.11032787 0.223766193 -0.153570265 0.324491352 -0.470289886 0.10463392 -0.217334375 -0.149013832 0.381847858 0.198807925 0.153433472 0.255042285 0.233451828 -0.0234289505 0.00550210942 -0.0372633114 0.268406063 -0.109874427 -0.14807494 0.263216585 -0.135518327 -0.0664588585 -0.353197783 -0.255170405 -0.252291352 -0.303297192 0.0506456904 -0.054243803 0.177893132 0.107923917 0.389295638 0.637260199 0.0740008205 -0.122780539 0.0525816903 0.126875252 0.107486874 0.135733262 -0.253662288 -0.362193823 -0.0605766922 0.371172339 0.350154817 0.155348763 -0.0998029709 0.299041539 -0.0564568304 -0.245557174 -0.00196620799 0.0871283561 0.138390005 -0.154705375 -0.0792377293 -0.225811452 0.133951813 0.502582848
G6 0.2241254 -0.0980334654 -0.048344668 -0.0645422116 -0.0342684053 0.0846913829 -0.0219688937 0.108422279 0.11032787 0.223766178 -0.153570265 0.324491352 -0.470289886 0.104633927 -0.217334405 -0.149013817 0.381847858 0.198807925 0.153433472 0.255042285 0.233451813 -0.0234289523 0.00550210848 -0.0372633189 0.268406063 -0.109874427 -0.14807494 0.263216585 -0.135518327 -0.066458866 -0.353197783 -0.255170405 -0.252291352 -0.303297162 0.0506456904 -0.0542438067 0.177893132 0.107923917 0.389295638 0.637260199 0.074000828 -0.122780532 0.0525816791 0.126875266 0.107486866 0.135733262 -0.253662288 -0.362193823 -0.0605766922 0.371172339 0.350154817 0.155348778 -0.099802956 0.299041539 -0.0564568192 -0.245557189 -0.00196621427 0.0871283785 0.138390005 -0.154705375 -0.0792377293 -0.225811467 0.133951813 0.502582848
G7 0.2241254 -0.0980334654 -0.0483446606 -0.0645422116 -0.0342683941 0.0846913829 -0.02196889 0.108422279 0.110327862 0.223766208 -0.153570279 0.324491352 -0.470289886 0.104633927 -0.217334405 -0.149013817 0.381847858 0.198807925 0.153433472 0.255042285 0.233451813 -0.0234289542 0.00550211407 -0.037263304 0.268406093 -0.109874427 -0.148074925 0.263216585 -0.135518327 -0.0664588585 -0.353197783 -0.255170405 -0.252291352 -0.303297192 0.0506456867 -0.0542438105 0.177893132 0.107923917 0.389295638 0.637260199 0.074000828 -0.122780532 0.0525816791 0.126875252 0.107486866 0.135733262 -0.253662318 -0.362193823 -0.0605766848 0.371172309 0.350154817 0.155348778 -0.0998029709 0.29904151 -0.0564568266 -0.245557189 -0.00196620706 0.087128371 0.138390005 -0.154705375 -0.0792377293 -0.225811452 0.133951813 0.502582848
G8 0.2241254 -0.0980334729 -0.0483446755 -0.064542219 -0.0342684016 0.0846913829 -0.0219688993 0.108422272 0.110327855 0.223766178 -0.153570265 0.324491352 -0.470289886 0.104633927 -0.21733439 -0.149013832 0.381847829 0.19880791 0.153433472 0.255042285 0.233451843 -0.0234289654 0.00550211873 -0.0372633077 0.268406063 -0.109874427 -0.14807494 0.263216555 -0.135518327 -0.0664588585 -0.353197783 -0.255170405 -0.252291352 -0.303297162 0.0506456904 -0.0542438067 0.177893132 0.107923917 0.389295638 0.637260199 0.0740008354 -0.122780524 0.0525816903 0.126875252 0.107486866 0.135733262 -0.253662288 -0.362193823 -0.0605766922 0.371172339 0.350154817 0.155348763 -0.099802956 0.299041539 -0.0564568415 -0.245557174 -0.0019662173 0.087128371 0.13838999 -0.154705375 -0.0792377219 -0.225811452 0.133951828 0.502582848
G9 0.2241254 -0.0980334729 -0.0483446643 -0.064542219 -0.0342684016 0.0846913755 -0.0219688956 0.108422279 0.110327877 0.223766208 -0.153570265 0.324491352 -0.470289886 0.104633927 -0.21733439 -0.149013817 0.381847858 0.198807925 0.153433472 0.255042285 0.233451828 -0.0234289523 0.00550209358 -0.0372633077 0.268406063 -0.109874435 -0.14807494 0.263216585 -0.135518327 -0.066458866 -0.353197783 -0.255170405 -0.252291352 -0.303297192 0.0506456941 -0.054243803 0.177893147 0.107923917 0.389295638 0.637260199 0.0740008205 -0.122780539 0.0525816754 0.126875252 0.107486874 0.135733262 -0.253662288 -0.362193823 -0.0605766922 0.371172339 0.350154817 0.155348763 -0.0998029709 0.29904151 -0.0564568229 -0.245557174 -0.00196620217 0.0871283635 0.138390005 -0.154705375 -0.0792377293 -0.225811481 0.133951813 0.502582848
G10 0.2241254 -0.0980334654 -0.0483446792 -0.0645422116 -0.0342684127 0.0846913829 -0.0219688993 0.108422279 0.110327855 0.223766178 -0.153570279 0.324491352 -0.470289886 0.104633927 -0.217334375 -0.149013832 0.381847858 0.198807925 0.153433472 0.255042285 0.233451828 -0.0234289616 0.00550211035 -0.0372632965 0.268406063 -0.109874435 -0.14807494 0.263216555 -0.135518327 -0.066458866 -0.353197783 -0.255170405 -0.252291352 -0.303297192 0.0506456941 -0.0542437993 0.177893147 0.107923917 0.389295638 0.637260199 0.074000828 -0.122780532 0.0525816865 0.126875266 0.107486866 0.135733277 -0.253662288 -0.362193823 -0.0605766848 0.371172339 0.350154817 0.155348763 -0.0998029709 0.299041539 -0.0564568341 -0.245557189 -0.00196620519 0.0871283561 0.138390005 -0.154705375 -0.0792377293 -0.225811452 0.133951813 0.502582848
G11 0.2241254 -0.098033458 -0.048344668 -0.0645422116 -0.0342684053 0.0846913904 -0.0219688881 0.108422272 0.11032787 0.223766208 -0.153570265 0.324491352 -0.470289886 0.104633927 -0.217334405 -0.149013817 0.381847858 0.198807925 0.153433472 0.255042285 0.233451828 -0.0234289523 0.00550211594 -0.0372633189 0.268406093 -0.109874435 -0.14807494 0.263216585 -0.135518327 -0.0664588735 -0.353197783 -0.255170405 -0.252291352 -0.303297162 0.0506456941 -0.0542438067 0.177893147 0.107923917 0.389295638 0.637260199 0.074000828 -0.122780539 0.0525816828 0.126875266 0.107486866 0.135733277 -0.253662288 -0.362193823 -0.060576681 0.371172339 0.350154817 0.155348793 -0.0998029709 0.29904151 -0.0564568266 -0.245557204 -0.00196620682 0.087128371 0.13838999 -0.154705375 -0.0792377293 -0.225811467 0.133951813 0.502582848
G12 0.2241254 -0.0980334729 -0.0483446643 -0.0645422116 -0.0342684016 0.0846913829 -0.0219688956 0.108422272 0.110327862 0.223766193 -0.153570265 0.324491352 -0.470289886 0.104633927 -0.21733439 -0.149013817 0.381847858 0.198807925 0.153433472 0.255042285 0.233451828 -0.0234289598 0.00550210569 -0.037263304 0.268406063 -0.109874427 -0.148074925 0.263216585 -0.135518327 -0.0664588585 -0.353197783 -0.255170405 -0.252291352 -0.303297222 0.0506456979 -0.054243803 0.177893147 0.10792391 0.389295638 0.637260199 0.0740008205 -0.122780532 0.0525816903 0.126875266 0.107486866 0.135733262 -0.253662288 -0.362193823 -0.0605766885 0.371172339 0.350154817 0.155348778 -0.0998029709 0.29904151 -0.0564568229 -0.245557174 -0.00196620659 0.0871283561 0.138390005 -0.154705375 -0.0792377219 -0.225811452 0.133951813 0.502582848
G13 0.2241254 -0.0980334654 -0.048344668 -0.0645422116 -0.0342684016 0.0846913829 -0.0219688918 0.108422287 0.11032787 0.223766193 -0.153570294 0.324491352 -0.470289886 0.10463392 -0.21733439 -0.149013817 0.381847858 0.198807925 0.153433472 0.255042285 0.233451828 -0.0234289616 0.00550210103 -0.037263304 0.268406093 -0.109874435 -0.148074925 0.263216585 -0.135518327 -0.066458866 -0.353197783 -0.255170375 -0.252291352 -0.303297222 0.0506456979 -0.0542438105 0.177893147 0.107923917 0.389295638 0.637260199 0.0740008354 -0.122780524 0.0525816828 0.126875281 0.107486866 0.135733262 -0.253662318 -0.362193823 -0.060576681 0.371172339 0.350154817 0.155348778 -0.0998029709 0.299041539 -0.056456849 -0.245557189 -0.00196620519 0.0871283635 0.138390005 -0.154705375 -0.0792377219 -0.225811467 0.133951813 0.502582848
G14 0.2241254 -0.0980334729 -0.0483446643 -0.0645422116 -0.034268409 0.0846913829 -0.0219688844 0.108422272 0.11032787 0.223766208 -0.15357025 0.324491352 -0.470289916 0.104633927 -0.21733439 -0.149013817 0.381847858 0.198807925 0.153433472 0.255042285 0.233451828 -0.0234289523 0.00550209917 -0.0372633189 0.268406063 -0.109874427 -0.14807494 0.263216585 -0.135518327 -0.066458866 -0.353197783 -0.255170405 -0.252291352 -0.303297192 0.0506456867 -0.0542438142 0.177893132 0.107923917 0.389295638 0.637260199 0.0740008354 -0.122780532 0.0525816828 0.126875266 0.107486866 0.135733277 -0.253662288 -0.362193823 -0.060576681 0.371172339 0.350154817 0.155348778 -0.0998029709 0.299041539 -0.0564568304 -0.245557204 -0.00196620682 0.0871283635 0.13838999 -0.15470539 -0.0792377219 -0.225811467 0.133951813 0.502582848
G15 0.2241254 -0.098033458 -0.048344668 -0.0645422116 -0.0342684016 0.0846913755 -0.0219688993 0.108422279 0.110327855 0.223766193 -0.153570265 0.324491352 -0.470289886 0.104633927 -0.21733439 -0.149013847 0.381847858 0.198807925 0.153433472 0.255042285 0.233451813 -0.0234289523 0.00550209731 -0.0372633152 0.268406093 -0.109874427 -0.148074925 0.263216585 -0.135518342 -0.0664588585 -0.353197783 -0.255170405 -0.252291352 -0.303297192 0.0506456941 -0.0542438105 0.177893147 0.10792391 0.389295608 0.637260199 0.0740008205 -0.122780532 0.0525816828 0.126875266 0.107486874 0.135733262 -0.253662318 -0.362193823 -0.0605766736 0.371172339 0.350154817 0.155348778 -0.0998029709 0.299041539 -0.056456849 -0.245557189 -0.00196620612 0.0871283561 0.138390005 -0.154705375 -0.0792377293 -0.225811452 0.133951813 0.502582848
G16 0.2241254 -0.0980334729 -0.0483446531 -0.064542219 -0.0342684127 0.0846913904 -0.0219688956 0.108422279 0.110327855 0.223766223 -0.153570265 0.324491352 -0.470289886 0.104633927 -0.21733439 -0.149013847 0.381847858 0.198807925 0.153433472 0.255042285 0.233451828 -0.0234289598 0.0055021178 -0.0372633189 0.268406093 -0.10987442 -0.14807494 0.263216555 -0.135518327 -0.066458866 -0.353197783 -0.255170405 -0.252291352 -0.303297162 0.0506456941 -0.054243803 0.177893132 0.10792391 0.389295638 0.637260199 0.074000828 -0.122780532 0.0525816791 0.126875252 0.107486866 0.135733262 -0.253662288 -0.362193853 -0.0605766959 0.371172339 0.350154817 0.155348778 -0.0998029709 0.299041539 -0.0564568304 -0.245557204 -0.0019662038 0.087128371 0.138390005 -0.154705375 -0.0792377144 -0.225811452 0.133951813 0.502582848
G17 0.224125415 -0.0980334654 -0.0483446606 -0.0645422116 -0.0342684016 0.0846913829 -0.0219688881 0.108422287 0.110327862 0.223766208 -0.153570279 0.324491352 -0.470289946 0.10463392 -0.217334375 -0.149013817 0.381847858 0.198807925 0.153433472 0.255042285 0.233451813 -0.023428956 0.00550209731 -0.0372633189 0.268406063 -0.109874427 -0.14807494 0.263216585 -0.135518327 -0.066458866 -0.353197813 -0.255170405 -0.252291352 -0.303297162 0.0506456904 -0.0542438067 0.177893132 0.107923917 0.389295638 0.637260199 0.0740008205 -0.122780539 0.0525816754 0.126875266 0.107486874 0.135733262 -0.253662288 -0.362193853 -0.0605766885 0.371172339 0.350154817 0.155348793 -0.099802956 0.299041539 -0.0564568415 -0.245557189 -0.0019662038 0.087128371 0.138390005 -0.154705375 -0.0792377144 -0.225811467 0.133951813 0.502582848
G18 0.2241254 -0.0980334729 -0.048344668 -0.0645422116 -0.0342684016 0.0846913829 -0.0219688918 0.108422279 0.11032787 0.223766193 -0.153570279 0.324491352 -0.470289886 0.104633927 -0.21733439 -0.149013817 0.381847858 0.19880791 0.153433472 0.255042285 0.233451828 -0.0234289635 0.00550211128 -0.0372633114 0.268406093 -0.109874427 -0.148074925 0.263216585 -0.135518327 -0.066458866 -0.353197783 -0.255170405 -0.252291352 -0.303297192 0.0506456867 -0.0542438179 0.177893132 0.107923925 0.389295608 0.637260199 0.074000828 -0.122780524 0.0525816903 0.126875266 0.107486859 0.135733262 -0.253662318 -0.362193823 -0.0605766922 0.371172339 0.350154817 0.155348763 -0.0998029709 0.29904151 -0.0564568378 -0.245557189 -0.00196620449 0.087128371 0.138390005 -0.154705375 -0.0792377293 -0.225811467 0.133951813 0.502582848
G19 0.2241254 -0.0980334654 -0.0483446643 -0.0645422116 -0.0342683978 0.0846913829 -0.0219689012 0.108422272 0.110327855 0.223766208 -0.153570294 0.324491352 -0.470289886 0.10463392 -0.21733439 -0.149013817 0.381847858 0.198807925 0.153433472 0.255042285 0.233451828 -0.0234289691 0.005502115 -0.0372633077 0.268406063 -0.10987442 -0.148074955 0.263216585 -0.135518327 -0.0664588585 -0.353197783 -0.255170405 -0.252291352 -0.303297192 0.0506456979 -0.0542438067 0.177893132 0.107923917 0.389295638 0.637260199 0.0740008205 -0.122780532 0.0525816903 0.126875237 0.107486866 0.135733262 -0.253662318 -0.362193823 -0.0605766959 0.371172339 0.350154817 0.155348763 -0.0998029709 0.299041539 -0.0564568453 -0.245557174 -0.00196620123 0.0871283635 0.138390005 -0.154705375 -0.0792377219 -0.225811452 0.133951813 0.502582848
G20 0.2241254 -0.098033458 -0.0483446717 -0.064542219 -0.0342684016 0.0846913904 -0.0219688881 0.108422272 0.110327862 0.223766178 -0.153570265 0.324491352 -0.470289886 0.10463392 -0.21733439 -0.149013817 0.381847858 0.198807925 0.153433472 0.255042285 0.233451813 -0.023428956 0.00550211221 -0.037263304 0.268406063 -0.109874427 -0.148074925 0.263216585 -0.135518327 -0.0664588585 -0.353197783 -0.255170405 -0.252291352 -0.303297222 0.0506456867 -0.0542437956 0.177893132 0.107923925 0.389295638 0.637260199 0.0740008205 -0.122780547 0.0525816828 0.126875266 0.107486866 0.135733277 -0.253662318 -0.362193823 -0.060576681 0.371172339 0.350154817 0.155348778 -0.0998029709 0.29904151 -0.0564568378 -0.245557204 -0.00196620775 0.0871283635 0.138390005 -0.154705375 -0.0792377219 -0.225811481 0.133951813 0.502582848
G21 0.2241254 -0.098033458 -0.0483446717 -0.0645422116 -0.034268409 0.0846913829 -0.02196889 0.108422279 0.110327862 0.223766193 -0.153570279 0.324491352 -0.470289886 0.104633927 -0.217334375 -0.149013817 0.381847858 0.198807925 0.153433457 0.255042285 0.233451813 -0.0234289579 0.00550210755 -0.0372633189 0.268406063 -0.109874427 -0.14807494 0.263216585 -0.135518327 -0.0664588585 -0.353197783 -0.255170405 -0.252291352 -0.303297192 0.0506456867 -0.054243803 0.177893132 0.107923917 0.389295638 0.637260199 0.074000828 -0.122780524 0.0525816791 0.126875252 0.107486866 0.135733262 -0.253662288 -0.362193853 -0.0605766736 0.371172309 0.350154817 0.155348778 -0.0998029634 0.29904151 -0.0564568378 -0.245557189 -0.0019662173 0.0871283635 0.138390005 -0.154705361 -0.0792377219 -0.225811467 0.133951813 0.502582848
G22 0.2241254 -0.0980334729 -0.0483446717 -0.0645422041 -0.034268409 0.0846913904 -0.02196889 0.108422279 0.110327862 0.223766208 -0.15357025 0.324491352 -0.470289886 0.104633927 -0.21733439 -0.149013817 0.381847858 0.198807925 0.153433472 0.255042285 0.233451828 -0.0234289579 0.00550210197 -0.0372633189 0.268406063 -0.109874435 -0.148074925 0.263216585 -0.135518327 -0.0664588585 -0.353197783 -0.255170405 -0.252291352 -0.303297192 0.0506456867 -0.0542438105 0.177893147 0.107923925 0.389295638 0.637260199 0.0740008205 -0.122780532 0.0525816828 0.126875252 0.107486866 0.135733262 -0.253662318 -0.362193823 -0.0605766885 0.371172339 0.350154817 0.155348778 -0.099802956 0.299041539 -0.0564568192 -0.245557204 -0.00196621334 0.087128371 0.138390005 -0.154705375 -0.0792377219 -0.225811481 0.133951813 0.502582848
G23 0.2241254 -0.0980334803 -0.0483446568 -0.0645422116 -0.0342684016 0.0846913755 -0.0219688881 0.108422279 0.110327862 0.223766193 -0.153570279 0.324491352 -0.470289886 0.10463392 -0.21733439 -0.149013817 0.381847858 0.198807925 0.153433487 0.255042315 0.233451843 -0.0234289691 0.00550210755 -0.0372633189 0.268406063 -0.109874427 -0.14807494 0.263216585 -0.135518327 -0.0664588585 -0.353197783 -0.255170405 -0.252291352 -0.303297192 0.0506456867 -0.0542438142 0.177893132 0.107923917 0.389295638 0.637260199 0.074000828 -0.122780539 0.0525816828 0.126875252 0.107486874 0.135733277 -0.253662318 -0.362193853 -0.060576681 0.371172339 0.350154817 0.155348778 -0.0998029634 0.29904151 -0.0564568378 -0.245557189 -0.00196619751 0.0871283561 0.13839002 -0.154705375 -0.0792377368 -0.225811452 0.133951813 0.502582848
G24 0.2241254 -0.0980334654 -0.048344668 -0.0645422116 -0.0342683978 0.0846913829 -0.0219688918 0.108422272 0.110327855 0.223766193 -0.153570265 0.324491352 -0.470289886 0.104633935 -0.21733439 -0.149013817 0.381847858 0.198807925 0.153433472 0.255042315 0.233451828 -0.0234289523 0.00550210942 -0.0372633114 0.268406093 -0.109874442 -0.148074925 0.263216585 -0.135518342 -0.066458866 -0.353197783 -0.255170405 -0.252291352 -0.303297162 0.0506456941 -0.0542438067 0.177893132 0.107923925 0.389295608 0.637260199 0.074000828 -0.122780539 0.0525816903 0.126875266 0.107486866 0.135733277 -0.253662318 -0.362193823 -0.060576681 0.371172339 0.350154817 0.155348778 -0.0998029709 0.29904151 -0.0564568415 -0.245557174 -0.00196620822 0.087128371 0.13838999 -0.154705375 -0.0792377368 -0.225811467 0.133951828 0.502582848
G25 0.2241254 -0.0980334654 -0.048344668 -0.064542219 -0.0342683941 0.0846913829 -0.0219688918 0.108422279 0.110327862 0.223766178 -0.153570265 0.324491352 -0.470289886 0.10463392 -0.217334375 -0.149013832 0.381847858 0.198807925 0.153433487 0.255042285 0.233451813 -0.0234289598 0.00550210755 -0.0372633152 0.268406093 -0.109874427 -0.14807494 0.263216585 -0.135518327 -0.066458866 -0.353197783 -0.255170405 -0.252291352 -0.303297192 0.0506456941 -0.054243803 0.177893132 0.10792391 0.389295638 0.637260199 0.074000828 -0.122780524 0.0525816754 0.126875252 0.107486874 0.135733277 -0.253662288 -0.362193823 -0.0605766848 0.371172309 0.350154817 0.155348763 -0.0998029634 0.29904151 -0.0564568304 -0.245557189 -0.00196620333 0.0871283635 0.138390005 -0.154705375 -0.0792377293 -0.225811452 0.133951813 0.502582848
G26 0.2241254 -0.0980334654 -0.0483446717 -0.0645422041 -0.034268409 0.0846913904 -0.0219689067 0.108422279 0.110327862 0.223766193 -0.153570265 0.324491352 -0.470289886 0.104633935 -0.217334375 -0.149013817 0.381847858 0.198807925 0.153433472 0.255042315 0.233451828 -0.0234289505 0.00550210942 -0.037263304 0.268406093 -0.109874435 -0.14807494 0.263216585 -0.135518327 -0.066458866 -0.353197783 -0.255170405 -0.252291352 -0.303297192 0.0506456904 -0.0542438105 0.177893147 0.107923917 0.389295608 0.637260199 0.074000828 -0.122780524 0.0525816828 0.126875252 0.107486859 0.135733262 -0.253662288 -0.362193853 -0.060576681 0.371172339 0.350154817 0.155348763 -0.0998029709 0.299041539 -0.0564568415 -0.245557189 -0.00196620566 0.0871283635 0.138390005 -0.154705375 -0.0792377368 -0.225811452 0.133951813 0.502582848
G27 0.2241254 -0.0980334729 -0.048344668 -0.0645422116 -0.0342684016 0.0846913829 -0.0219688956 0.108422279 0.110327862 0.223766178 -0.15357025 0.324491352 -0.470289916 0.104633927 -0.21733439 -0.149013817 0.381847858 0.198807925 0.153433472 0.255042285 0.233451843 -0.0234289579 0.0055021029 -0.0372633152 0.268406063 -0.109874427 -0.14807494 0.263216585 -0.135518327 -0.066458866 -0.353197783 -0.255170405 -0.252291352 -0.303297192 0.0506456979 -0.054243803 0.177893147 0.107923917 0.389295638 0.637260199 0.0740008205 -0.122780532 0.0525816754 0.126875252 0.107486866 0.135733262 -0.253662288 -0.362193853 -0.0605766848 0.371172339 0.350154817 0.155348778 -0.0998029709 0.299041539 -0.056456849 -0.245557189 -0.00196621008 0.0871283635 0.138390005 -0.154705375 -0.0792377293 -0.225811452 0.133951828 0.502582848
G28 0.2241254 -0.098033458 -0.0483446606 -0.0645422041 -0.0342684016 0.0846913829 -0.0219688993 0.108422272 0.110327862 0.223766208 -0.153570265 0.324491352 -0.470289886 0.104633927 -0.21733439 -0.149013832 0.381847858 0.198807925 0.153433472 0.255042285 0.233451828 -0.0234289579 0.00550210755 -0.0372633114 0.268406063 -0.109874435 -0.14807494 0.263216585 -0.135518327 -0.066458866 -0.353197783 -0.255170405 -0.252291352 -0.303297192 0.0506456941 -0.054243803 0.177893132 0.107923917 0.389295638 0.637260199 0.0740008205 -0.122780532 0.0525816828 0.126875266 0.107486859 0.135733247 -0.253662318 -0.362193823 -0.0605766922 0.371172339 0.350154817 0.155348778 -0.0998029709 0.299041539 -0.0564568378 -0.245557174 -0.00196620682 0.0871283635 0.138390005 -0.154705375 -0.0792377293 -0.225811467 0.133951813 0.502582848
G29 0.224125415 -0.0980334654 -0.048344668 -0.064542219 -0.0342684016 0.0846913755 -0.0219689012 0.108422279 0.110327862 0.223766178 -0.153570279 0.324491352 -0.470289886 0.104633927 -0.217334375 -0.149013832 0.381847858 0.198807925 0.153433472 0.255042285 0.233451843 -0.0234289691 0.00550211407 -0.0372633189 0.268406063 -0.109874435 -0.148074955 0.263216585 -0.135518327 -0.066458866 -0.353197783 -0.255170405 -0.252291352 -0.303297162 0.0506456867 -0.0542438105 0.177893132 0.107923917 0.389295638 0.637260199 0.0740008205 -0.122780539 0.0525816903 0.126875237 0.107486866 0.135733262 -0.253662318 -0.362193823 -0.0605766848 0.371172339 0.350154817 0.155348748 -0.0998029634 0.299041539 -0.0564568341 -0.245557174 -0.00196620985 0.0871283561 0.138390005 -0.154705375 -0.0792377293 -0.225811452 0.133951813 0.502582848
G30 0.2241254 -0.0980334803 -0.0483446606 -0.0645422116 -0.0342684053 0.0846913904 -0.0219688956 0.108422279 0.110327862 0.223766193 -0.153570265 0.324491352 -0.470289886 0.104633912 -0.217334375 -0.149013817 0.381847858 0.198807925 0.153433472 0.255042285 0.233451828 -0.0234289616 0.00550211873 -0.0372633189 0.268406063 -0.109874427 -0.148074955 0.263216555 -0.135518327 -0.066458866 -0.353197783 -0.255170405 -0.252291352 -0.303297192 0.0506456941 -0.0542438179 0.177893147 0.107923917 0.389295638 0.637260199 0.074000828 -0.122780524 0.0525816679 0.126875252 0.107486866 0.135733262 -0.253662288 -0.362193853 -0.0605766736 0.371172339 0.350154817 0.155348778 -0.0998029709 0.299041539 -0.0564568304 -0.245557189 -0.00196620682 0.087128371 0.138390005 -0.154705375 -0.0792377293 -0.225811481 0.133951813 0.502582848
G31 0.2241254 -0.0980334729 -0.0483446568 -0.064542219 -0.0342684127 0.0846913904 -0.0219688918 0.108422279 0.110327855 0.223766223 -0.15357025 0.324491352 -0.470289916 0.104633927 -0.21733439 -0.149013832 0.381847888 0.198807925 0.153433487 0.255042315 0.233451858 -0.0234289654 0.00550211221 -0.0372633114 0.268406063 -0.109874442 -0.148074925 0.263216585 -0.135518327 -0.0664588735 -0.353197783 -0.255170405 -0.252291352 -0.303297192 0.0506457016 -0.0542438179 0.177893132 0.10792391 0.389295638 0.637260199 0.0740008205 -0.122780524 0.0525816754 0.126875252 0.107486859 0.135733277 -0.253662288 -0.362193823 -0.0605767183 0.371172339 0.350154817 0.155348793 -0.0998029709 0.29904151 -0.0564568453 -0.245557189 -0.001966218 0.0871283934 0.13838999 -0.154705375 -0.0792377293 -0.225811481 0.133951813 0.502582908
G32 0.224125415 -0.0980334729 -0.0483446606 -0.0645422116 -0.0342684127 0.0846913904 -0.0219688807 0.108422287 0.110327862 0.223766223 -0.153570279 0.324491352 -0.470289886 0.104633927 -0.217334405 -0.149013832 0.381847888 0.198807925 0.153433502 0.255042285 0.233451858 -0.0234289672 0.0055021029 -0.0372633189 0.268406093 -0.109874435 -0.148074925 0.263216555 -0.135518327 -0.0664588809 -0.353197783 -0.255170405 -0.252291322 -0.303297192 0.0506456941 -0.0542438142 0.177893132 0.107923903 0.389295638 0.637260199 0.0740008354 -0.122780532 0.0525816828 0.126875266 0.107486859 0.135733262 -0.253662318 -0.362193823 -0.0605767034 0.371172339 0.350154817 0.155348778 -0.0998029709 0.29904151 -0.0564568341 -0.245557189 -0.00196621171 0.0871284008 0.138390005 -0.154705375 -0.0792377368 -0.225811481 0.133951813 0.502582908
G33 0.0778491646 -0.170365214 0.0046119513 -0.0192470495 -0.0647617802 0.0713243857 -0.0564204529 0.194348723 0.0443926975 0.35525921 -0.0279293638 0.244579136 -0.374942452 0.122289173 -0.223347023 -0.290844709 0.313229084 0.196385831 0.144315571 0.0933804661 0.257111073 0.130766511 -0.0130526926 -0.12075001 0.226335287 -0.165577605 -0.23541671 0.306848586 -0.270576835 -0.134342805 -0.191634595 -0.233522609 -0.260527194 -0.346369356 0.0984086469 -0.0768457949 0.21304059 0.037515603 0.335635275 0.626414537 -0.00830215588 -0.166715428 -0.0238766782 0.039478451 0.0790845305 0.0584787205 -0.207193643 -0.351192832 -0.100000203 0.435372561 0.223636821 0.139814779 -0.157183737 0.279687077 -0.0707424507 -0.238776952 -0.0631624311 0.1225366 0.103628241 -0.2655029 -0.223105058 -0.3055197 0.0932259709 0.532372177
G34 0.0778491497 -0.170365214 0.00461194664 -0.0192470495 -0.0647617802 0.0713243783 -0.0564204454 0.194348723 0.044392705 0.35525921 -0.0279293638 0.244579136 -0.374942452 0.122289158 -0.223347038 -0.290844679 0.313229084 0.196385846 0.144315571 0.0933804736 0.257111043 0.130766511 -0.0130526917 -0.120750025 0.226335302 -0.16557759 -0.23541671 0.306848586 -0.270576835 -0.134342805 -0.191634595 -0.233522624 -0.260527194 -0.346369356 0.0984086469 -0.0768457949 0.213040575 0.0375156067 0.335635245 0.626414537 -0.00830215216 -0.166715443 -0.0238766633 0.0394784659 0.0790845305 0.0584787242 -0.207193643 -0.351192862 -0.100000188 0.435372531 0.223636836 0.139814809 -0.157183722 0.279687077 -0.0707424283 -0.238776952 -0.0631624237 0.1225366 0.103628248 -0.26550287 -0.223105058 -0.30551973 0.0932259709 0.532372236
G35 0.0778491646 -0.170365214 0.00461195549 -0.0192470513 -0.0647617802 0.0713243932 -0.0564204529 0.194348708 0.0443926901 0.35525918 -0.0279293824 0.244579151 -0.374942422 0.122289173 -0.223347023 -0.290844709 0.313229084 0.196385846 0.144315571 0.0933804587 0.257111043 0.130766511 -0.0130527001 -0.120750017 0.226335272 -0.165577605 -0.23541671 0.306848586 -0.270576835 -0.13434279 -0.19163458 -0.233522609 -0.260527194 -0.346369356 0.0984086618 -0.0768457949 0.21304059 0.0375156105 0.335635275 0.626414537 -0.00830215402 -0.166715443 -0.0238766558 0.0394784547 0.0790845156 0.0584787205 -0.207193643 -0.351192862 -0.100000218 0.435372531 0.223636821 0.139814794 -0.157183751 0.279687077 -0.0707424283 -0.238776967 -0.0631624311 0.1225366 0.103628233 -0.2655029 -0.223105058 -0.3055197 0.0932259634 0.532372177
G36 0.0778491721 -0.170365199 0.00461194664 -0.0192470532 -0.0647617728 0.0713244006 -0.0564204343 0.194348723 0.0443926975 0.35525921 -0.0279293805 0.244579151 -0.374942482 0.122289166 -0.223347038 -0.290844709 0.313229084 0.196385831 0.144315571 0.093380481 0.257111043 0.130766511 -0.0130526861 -0.120750032 0.226335272 -0.16557762 -0.23541671 0.306848556 -0.270576835 -0.134342805 -0.19163458 -0.233522624 -0.260527194 -0.346369356 0.0984086543 -0.0768457949 0.21304059 0.037515603 0.335635245 0.626414537 -0.00830214657 -0.166715443 -0.0238766614 0.0394784473 0.0790845305 0.0584787279 -0.207193628 -0.351192832 -0.100000203 0.435372561 0.223636821 0.139814779 -0.157183737 0.279687077 -0.0707424358 -0.238776967 -0.0631624386 0.122536592 0.103628241 -0.26550287 -0.223105043 -0.30551967 0.0932259709 0.532372177
G37 0.0778491646 -0.170365229 0.00461194012 -0.0192470569 -0.0647617802 0.0713243857 -0.0564204417 0.194348723 0.0443926975 0.35525921 -0.0279293656 0.244579151 -0.374942452 0.122289151 -0.223347038 -0.290844679 0.313229084 0.196385846 0.144315571 0.0933804736 0.257111043 0.130766511 -0.0130526787 -0.120750025 0.226335272 -0.165577605 -0.23541671 0.306848586 -0.270576835 -0.134342805 -0.191634595 -0.233522594 -0.260527194 -0.346369356 0.0984086394 -0.0768457949 0.21304059 0.0375156105 0.335635245 0.626414537 -0.00830215029 -0.166715458 -0.023876667 0.0394784436 0.0790845305 0.0584787205 -0.207193613 -0.351192862 -0.100000203 0.435372591 0.223636836 0.139814809 -0.157183751 0.279687077 -0.0707424358 -0.238776952 -0.0631624311 0.1225366 0.103628233 -0.26550287 -0.223105043 -0.30551967 0.0932259783 0.532372117
G38 0.0778491497 -0.170365214 0.00461194571 -0.0192470588 -0.0647617802 0.0713243932 -0.0564204454 0.194348723 0.0443927012 0.35525921 -0.0279293656 0.244579121 -0.374942452 0.122289173 -0.223347008 -0.290844709 0.313229084 0.196385846 0.144315556 0.0933804736 0.257111043 0.130766511 -0.0130526945 -0.120750032 0.226335287 -0.165577605 -0.23541671 0.306848586 -0.270576835 -0.134342819 -0.191634595 -0.233522594 -0.260527194 -0.346369356 0.0984086543 -0.0768458024 0.21304059 0.0375156105 0.335635245 0.626414537 -0.00830216426 -0.166715443 -0.0238766707 0.039478451 0.0790845305 0.0584787168 -0.207193643 -0.351192862 -0.100000195 0.435372591 0.223636821 0.139814794 -0.157183737 0.279687047 -0.0707424358 -0.238776967 -0.063162446 0.122536607 0.103628241 -0.26550287 -0.223105058 -0.3055197 0.0932259709 0.532372236
G39 0.0778491795 -0.170365214 0.00461195037 -0.0192470439 -0.0647617877 0.0713243634 -0.0564204529 0.194348723 0.0443926975 0.35525921 -0.0279293749 0.244579136 -0.374942422 0.122289166 -0.223347023 -0.290844709 0.313229084 0.19638586 0.144315556 0.0933804736 0.257111043 0.130766496 -0.0130526964 -0.12075001 0.226335257 -0.165577605 -0.23541671 0.306848586 -0.270576835 -0.134342805 -0.191634595 -0.233522609 -0.260527194 -0.346369356 0.0984086543 -0.0768457875 0.21304059 0.0375155918 0.335635245 0.626414537 -0.00830215495 -0.166715458 -0.0238766801 0.0394784771 0.0790845305 0.0584787391 -0.207193643 -0.351192862 -0.10000021 0.435372561 0.223636851 0.139814779 -0.157183737 0.279687077 -0.0707424209 -0.238776952 -0.063162446 0.122536622 0.103628241 -0.2655029 -0.223105058 -0.3055197 0.0932259709 0.532372236
G40 0.0778491646 -0.170365214 0.00461194245 -0.0192470606 -0.0647617728 0.0713243783 -0.0564204492 0.194348723 0.0443926975 0.35525918 -0.0279293768 0.244579121 -0.374942422 0.122289173 -0.223347023 -0.290844709 0.313229084 0.196385831 0.144315571 0.0933804736 0.257111043 0.130766511 -0.0130527057 -0.120750025 0.226335257 -0.16557759 -0.23541671 0.306848586 -0.270576835 -0.13434279 -0.19163458 -0.233522609 -0.260527223 -0.346369356 0.0984086543 -0.0768457875 0.213040575 0.0375156105 0.335635275 0.626414537 -0.00830215402 -0.166715428 -0.0238766782 0.0394784436 0.0790845379 0.0584787279 -0.207193628 -0.351192862 -0.100000188 0.435372591 0.223636836 0.139814794 -0.157183722 0.279687077 -0.0707424358 -0.238776967 -0.0631624386 0.1225366 0.103628241 -0.2655029 -0.223105058 -0.30551967 0.093225956 0.532372117
G41 0.112280823 -0.138273492 0.0112782503 0.0548845194 -0.0433582142 0.0953573436 -0.0856920928 0.188203603 -0.0262317341 0.420125991 -0.022839766 0.242740765 -0.406921655 0.218717128 -0.169728696 -0.257790685 0.39538452 0.280198932 0.149587393 0.124219984 0.2968117 0.0965059921 0.0607274994 -0.158552855 0.275448561 -0.15808101 -0.172920793 0.381510854 -0.235364333 -0.113059029 -0.220960036 -0.341442704 -0.303098917 -0.313393086 0.133490756 -0.137378424 0.307091773 0.0793310925 0.317023963 0.65199846 0.053022597 -0.106827118 0.0267594494 0.0878225937 0.0883943588 0.0800815597 -0.190484866 -0.363250464 -0.1532754 0.439674079 0.233440623 0.10329628 -0.0939179584 0.321059823 -0.0668895021 -0.300305068 -0.100871913 0.110866725 0.072821416 -0.252937973 -0.263940126 -0.263045669 0.142463967 0.593194067
G242 0.178223401 -0.1626288 -0.214955926 0.150947824 0.133579254 0.103554055 0.223754898 0.000486170873 -0.111421913 0.257713199 -0.144981608 0.0797065198 -0.0831359923 -0.270133615 -0.135565102 -0.0191262085 0.0648066476 0.0560416654 0.0724723861 0.0766662359 0.145679623 -0.066485554 0.190903768 0.218235418 0.0259062648 -0.0890828893 -0.243191391 0.0597289354 0.110739976 0.0517902225 0.0708487034 -0.0332589038 0.0297589563 -0.169140399 0.00457637012 -0.0646290928 0.036380142 -0.0322245471 0.0519731194 0.200324908 0.0969033688 -0.00404545292 -0.0970639512 0.0688380077 0.107098758 0.0724939182 -0.0145322653 0.0503587946 -0.0100520924 0.11845316 0.0727339759 0.000587597489 0.0570206419 0.0141984522 -0.00896765664 0.0215379391 -0.231855109 0.0583814159 0.0927669704 0.145841449 -0.00549832359 -0.0174921378 -0.0730223358 0.291534454
G245 0.178223401 -0.1626288 -0.214955911 0.150947809 0.133579254 0.103554063 0.223754898 0.00048616901 -0.111421913 0.257713199 -0.144981593 0.0797065198 -0.0831360072 -0.270133615 -0.135565102 -0.0191262029 0.0648066625 0.0560416766 0.0724723712 0.0766662061 0.145679638 -0.066485554 0.190903768 0.218235418 0.0259062573 -0.0890828893 -0.243191391 0.0597289205 0.110739991 0.0517902225 0.0708486885 -0.0332588963 0.0297589563 -0.169140399 0.00457636267 -0.0646291077 0.036380142 -0.0322245471 0.0519730896 0.200324893 0.0969033837 -0.00404544175 -0.0970639437 0.0688379928 0.107098758 0.0724939182 -0.0145322662 0.0503588021 -0.0100521073 0.11845316 0.0727339908 0.000587608665 0.0570206381 0.0141984522 -0.00896764547 0.0215379465 -0.231855094 0.0583814234 0.0927669704 0.145841464 -0.00549831241 -0.0174921304 -0.0730223358 0.291534483
G248 0.178223386 -0.1626288 -0.214955926 0.150947809 0.133579254 0.103554063 0.223754913 0.000486170873 -0.111421928 0.257713228 -0.144981608 0.0797065347 -0.0831359997 -0.270133615 -0.135565102 -0.0191262085 0.0648066476 0.0560416766 0.0724723861 0.076666221 0.145679623 -0.0664855391 0.190903753 0.218235418 0.0259062648 -0.0890828818 -0.243191391 0.0597289205 0.110739999 0.0517902263 0.0708487034 -0.0332589038 0.0297589563 -0.169140399 0.00457636639 -0.0646291003 0.0363801569 -0.0322245471 0.0519731045 0.200324908 0.0969033986 -0.00404544175 -0.0970639363 0.0688380226 0.107098758 0.0724939033 -0.0145322634 0.0503587872 -0.0100520998 0.11845316 0.0727339908 0.000587608665 0.0570206419 0.0141984671 -0.00896764547 0.0215379447 -0.231855094 0.0583814196 0.0927669555 0.145841464 -0.00549831241 -0.0174921378 -0.0730223209 0.291534454
G251 0.178223401 -0.1626288 -0.214955911 0.150947824 0.133579254 0.103554055 0.223754898 0.00048616901 -0.111421928 0.257713199 -0.144981623 0.0797065198 -0.0831359923 -0.270133615 -0.135565087 -0.0191262159 0.0648066476 0.0560416505 0.0724723861 0.076666221 0.145679638 -0.0664855465 0.190903768 0.218235403 0.0259062573 -0.0890829042 -0.243191376 0.0597289205 0.110739991 0.0517902113 0.0708487034 -0.0332589112 0.0297589637 -0.169140399 0.00457637757 -0.0646291077 0.0363801643 -0.0322245508 0.0519730896 0.200324893 0.0969033986 -0.0040454343 -0.0970639437 0.0688380003 0.107098751 0.0724939033 -0.0145322615 0.0503587872 -0.0100520849 0.11845316 0.0727339834 0.00058760494 0.0570206419 0.0141984522 -0.00896766037 0.0215379391 -0.23185508 0.0583814234 0.0927669704 0.145841449 -0.00549832731 -0.0174921453 -0.0730223358 0.291534454
G254 0.178223386 -0.1626288 -0.214955926 0.150947809 0.133579254 0.103554055 0.223754898 0.000486172736 -0.111421905 0.257713199 -0.144981638 0.0797065198 -0.0831359923 -0.270133615 -0.135565102 -0.0191262141 0.0648066625 0.0560416579 0.0724723861 0.076666221 0.145679638 -0.0664855465 0.190903753 0.218235403 0.0259062722 -0.0890829042 -0.243191391 0.0597289354 0.110739991 0.0517902188 0.0708487034 -0.0332589038 0.0297589563 -0.169140384 0.00457637012 -0.0646290928 0.0363801569 -0.0322245508 0.0519731194 0.200324878 0.0969033837 -0.0040454492 -0.0970639512 0.0688380077 0.107098751 0.0724939182 -0.014532268 0.0503587872 -0.0100520775 0.118453145 0.0727339759 0.000587593764 0.0570206419 0.0141984671 -0.00896765664 0.0215379428 -0.231855094 0.0583814196 0.0927669778 0.145841449 -0.00549832731 -0.0174921304 -0.0730223358 0.291534424
G257 0.178223386 -0.1626288 -0.214955926 0.150947839 0.133579254 0.103554055 0.223754913 0.000486172736 -0.11142192 0.257713199 -0.144981623 0.0797065124 -0.0831359923 -0.270133615 -0.135565102 -0.0191262141 0.0648066476 0.0560416467 0.0724723786 0.076666221 0.145679638 -0.066485554 0.190903768 0.218235448 0.0259062648 -0.0890829116 -0.243191391 0.0597289354 0.110739991 0.0517902151 0.0708487034 -0.0332589112 0.0297589488 -0.169140399 0.00457637757 -0.0646290928 0.0363801569 -0.0322245508 0.0519731045 0.200324878 0.0969033837 -0.00404543802 -0.0970639437 0.0688380077 0.107098758 0.0724939182 -0.0145322643 0.0503587946 -0.0100520924 0.11845316 0.0727339685 0.000587590039 0.057020653 0.0141984522 -0.00896765664 0.0215379447 -0.231855094 0.0583814234 0.0927669704 0.145841464 -0.00549831614 -0.0174921304 -0.0730223358 0.291534454
G260 0.178223401 -0.1626288 -0.214955896 0.150947839 0.133579239 0.103554077 0.223754898 0.000486165285 -0.111421913 0.257713199 -0.144981623 0.0797065049 -0.0831360072 -0.270133644 -0.135565102 -0.0191262029 0.064806655 0.0560416467 0.0724723861 0.0766662285 0.145679653 -0.066485554 0.190903768 0.218235433 0.0259062722 -0.0890828967 -0.243191391 0.0597289056 0.110739976 0.0517902337 0.0708487034 -0.0332589038 0.0297589488 -0.169140399 0.00457637385 -0.0646291077 0.0363801494 -0.0322245508 0.0519730896 0.200324878 0.0969033837 -0.00404544175 -0.0970639661 0.0688379928 0.107098751 0.0724939257 -0.0145322587 0.0503587946 -0.0100520924 0.11845316 0.0727339685 0.000587612391 0.0570206493 0.0141984373 -0.00896766037 0.0215379428 -0.231855109 0.0583814308 0.0927669704 0.145841449 -0.00549831986 -0.0174921378 -0.0730223358 0.291534454
G263 0.178223386 -0.1626288 -0.214955911 0.150947809 0.133579254 0.103554055 0.223754898 0.000486178324 -0.111421928 0.257713228 -0.144981638 0.0797065198 -0.0831359997 -0.270133615 -0.135565102 -0.0191262066 0.064806655 0.0560416616 0.0724723861 0.076666221 0.145679623 -0.0664855465 0.190903753 0.218235403 0.0259062722 -0.0890828967 -0.243191391 0.0597289354 0.110739976 0.05179023 0.0708487034 -0.0332589 0.0297589526 -0.169140399 0.00457637757 -0.0646290928 0.0363801643 -0.0322245471 0.0519731045 0.200324893 0.0969033837 -0.00404545665 -0.0970639437 0.0688380077 0.107098758 0.0724939257 -0.0145322708 0.0503587872 -0.0100520998 0.118453145 0.0727339685 0.000587601215 0.0570206344 0.0141984671 -0.00896765292 0.0215379391 -0.231855094 0.0583814196 0.0927669555 0.145841449 -0.00549830496 -0.0174921304 -0.0730223358 0.291534424
G266 0.106904626 -0.00824263878 -0.0478382558 0.0495479479 -0.0286757797 0.12793012 0.0142989745 -0.0275621489 0.071361728 0.0701267272 -0.0136500634 0.18599683 -0.0594352111 -0.115887754 -0.0910551697 -0.0512433238 0.115809307 0.151255101 -0.0340830907 -0.0839149952 -0.00392733514 -0.0834566355 -0.0258699954 0.0214138739 -0.0257094912 -0.0418294184 -0.241347358 0.0290953964 0.0585435107 -0.036285311 0.129940212 -0.180340603 -0.0042168498 -0.0102502424 -0.0199074298 -0.0337595604 0.0116489194 -0.0742350072 -0.0976785943 0.312928587 0.155635819 -0.0777315423 -0.0847643167 0.153143525 0.14398998 -0.143116653 -0.0797678754 -0.0100072324 -0.0623889379 0.154640049 0.0234434605 0.0636849031 0.03638326 -0.0110224634 0.0186237507 -0.0607130975 0.0666373894 0.151188836 0.103790358 0.0827786773 -0.00566205569 -0.103437282 -0.109887123 0.200640514
G269 0.106904626 -0.00824264623 -0.0478382558 0.0495479256 -0.0286757797 0.12793009 0.0142989857 -0.0275621563 0.0713617355 0.0701267123 -0.0136500597 0.185996801 -0.0594352111 -0.115887769 -0.0910551772 -0.0512433238 0.115809307 0.151255101 -0.0340830982 -0.0839149952 -0.00392732769 -0.0834566355 -0.0258699879 0.0214138739 -0.0257094968 -0.0418294221 -0.241347358 0.0290953815 0.0585435256 -0.0362853073 0.129940212 -0.180340588 -0.0042168498 -0.0102502424 -0.0199074298 -0.0337595716 0.0116489138 -0.0742350072 -0.0976786017 0.312928587 0.155635819 -0.0777315423 -0.0847643167 0.153143525 0.14398998 -0.143116683 -0.0797678754 -0.0100072324 -0.0623889416 0.154640049 0.0234434754 0.063684918 0.0363832898 -0.0110224634 0.0186237488 -0.0607130975 0.0666373819 0.151188836 0.103790343 0.0827787071 -0.00566204637 -0.103437282 -0.109887116 0.200640514
G272 0.106904618 -0.00824263319 -0.0478382558 0.0495479405 -0.0286757797 0.12793009 0.0142989838 -0.0275621489 0.0713617429 0.0701267347 -0.013650056 0.185996816 -0.0594352111 -0.115887754 -0.0910551697 -0.0512433127 0.115809321 0.151255131 -0.0340831056 -0.0839149952 -0.00392732769 -0.0834566355 -0.0258699954 0.0214138739 -0.0257094987 -0.0418294184 -0.241347358 0.0290953815 0.0585435256 -0.0362853035 0.129940212 -0.180340618 -0.0042168498 -0.0102502294 -0.0199074149 -0.0337595716 0.0116489194 -0.0742350072 -0.0976786092 0.312928557 0.155635834 -0.0777315348 -0.0847643465 0.153143525 0.143989965 -0.143116683 -0.0797678605 -0.0100072324 -0.0623889379 0.154640034 0.0234434456 0.0636848956 0.0363832787 -0.0110224634 0.0186237488 -0.0607130826 0.0666373819 0.151188836 0.103790343 0.0827786922 -0.00566204451 -0.103437282 -0.109887131 0.200640529
G275 0.106904626 -0.00824264809 -0.0478382558 0.0495479405 -0.0286757797 0.12793009 0.0142989783 -0.0275621675 0.0713617429 0.0701267198 -0.0136500597 0.18599683 -0.0594351962 -0.115887769 -0.0910551697 -0.0512433276 0.115809292 0.151255101 -0.0340830907 -0.0839149877 -0.00392732769 -0.0834566355 -0.0258699805 0.021413859 -0.0257095024 -0.0418294072 -0.241347358 0.0290953815 0.0585435331 -0.0362853035 0.129940212 -0.180340618 -0.0042168498 -0.0102502294 -0.0199074298 -0.0337595716 0.0116489176 -0.0742350072 -0.0976785794 0.312928587 0.155635819 -0.0777315497 -0.0847643316 0.153143525 0.14398998 -0.143116668 -0.0797678605 -0.0100072324 -0.0623889379 0.154640049 0.0234434679 0.063684918 0.0363832824 -0.0110224932 0.0186237302 -0.0607130975 0.0666373968 0.151188836 0.103790358 0.0827786997 -0.00566204265 -0.103437275 -0.109887116 0.200640514
G278 0.106904611 -0.00824262761 -0.0478382558 0.049547933 -0.0286757797 0.12793009 0.0142989764 -0.0275621638 0.0713617504 0.0701267123 -0.0136500634 0.185996801 -0.0594352111 -0.115887761 -0.0910551697 -0.0512433164 0.115809307 0.151255101 -0.034083087 -0.0839149952 -0.00392732769 -0.0834566504 -0.0258699879 0.0214138702 -0.0257094987 -0.0418294221 -0.241347373 0.0290953815 0.0585435107 -0.0362852998 0.129940212 -0.180340618 -0.0042168498 -0.0102502378 -0.0199074261 -0.0337595679 0.0116489157 -0.0742349997 -0.0976786017 0.312928587 0.155635834 -0.0777315423 -0.0847643316 0.153143525 0.143989965 -0.143116683 -0.0797678754 -0.0100072324 -0.0623889342 0.154640049 0.0234434605 0.0636848956 0.0363832749 -0.0110224634 0.0186237488 -0.0607130975 0.0666373819 0.15118885 0.10379035 0.0827786997 -0.00566204451 -0.103437275 -0.109887116 0.200640514
G281 0.106904626 -0.00824263692 -0.0478382558 0.0495479554 -0.0286757648 0.12793009 0.0142989764 -0.02756216 0.0713617429 0.0701267272 -0.0136500634 0.18599683 -0.0594352111 -0.115887731 -0.0910551921 -0.051243335 0.115809307 0.151255131 -0.034083087 -0.0839150101 -0.00392733514 -0.0834566355 -0.0258699879 0.0214138627 -0.0257095024 -0.0418294258 -0.241347358 0.0290953815 0.0585435256 -0.0362853184 0.129940212 -0.180340618 -0.00421682 -0.0102502247 -0.0199074317 -0.0337595642 0.0116489176 -0.0742349997 -0.0976785943 0.312928587 0.155635819 -0.0777315572 -0.0847643316 0.15314351 0.143989995 -0.143116683 -0.079767853 -0.0100072324 -0.0623889342 0.154640034 0.0234434605 0.063684918 0.0363832787 -0.0110224932 0.0186237544 -0.0607131124 0.0666374043 0.15118885 0.103790358 0.0827786922 -0.00566205755 -0.10343729 -0.109887116 0.200640529
G284 0.106904626 -0.00824265182 -0.0478382558 0.0495479479 -0.0286757872 0.127930105 0.0142989764 -0.02756216 0.0713617429 0.0701267347 -0.0136500597 0.18599683 -0.0594352111 -0.115887746 -0.0910551697 -0.0512433164 0.115809307 0.151255116 -0.0340830833 -0.0839149952 -0.00392733514 -0.0834566504 -0.025869973 0.0214138627 -0.0257094949 -0.0418294258 -0.241347358 0.0290953815 0.0585435256 -0.036285311 0.129940212 -0.180340618 -0.0042168349 -0.0102502322 -0.0199074261 -0.0337595753 0.0116489083 -0.0742350146 -0.0976786315 0.312928587 0.155635834 -0.0777315423 -0.0847643465 0.153143525 0.14398998 -0.143116683 -0.0797678605 -0.0100072324 -0.0623889416 0.154640049 0.0234434605 0.0636849105 0.0363832861 -0.0110224634 0.0186237432 -0.0607130975 0.0666374043 0.15118885 0.103790358 0.0827787071 -0.00566205569 -0.103437282 -0.109887108 0.200640529
G287 0.106904633 -0.00824262761 -0.0478382558 0.049547933 -0.0286757722 0.12793009 0.0142989801 -0.0275621675 0.0713617429 0.0701267198 -0.0136500634 0.18599683 -0.0594352111 -0.115887776 -0.0910551772 -0.0512433238 0.115809307 0.151255116 -0.0340830982 -0.0839149952 -0.00392732769 -0.0834566504 -0.0258699879 0.0214138627 -0.0257094949 -0.0418294184 -0.241347358 0.0290953815 0.0585435405 -0.0362853035 0.129940212 -0.180340618 -0.0042168498 -0.0102502322 -0.019907428 -0.0337595716 0.011648912 -0.0742350146 -0.0976785719 0.312928557 0.155635819 -0.0777315274 -0.0847643167 0.153143525 0.14398998 -0.143116653 -0.0797678605 -0.0100072473 -0.0623889454 0.154640049 0.0234434456 0.0636849031 0.0363832712 -0.0110224932 0.0186237413 -0.0607130975 0.0666373819 0.151188836 0.103790358 0.0827786922 -0.00566204451 -0.103437282 -0.109887123 0.200640529
G290 0.106904618 -0.00824262388 -0.0478382558 0.049547933 -0.0286757834 0.12793009 0.014298982 -0.02756216 0.0713617504 0.0701267198 -0.013650056 0.185996816 -0.0594352037 -0.115887739 -0.0910551772 -0.0512433201 0.115809321 0.151255101 -0.034083087 -0.0839149952 -0.00392732769 -0.0834566504 -0.0258699954 0.0214138664 -0.0257094894 -0.0418294258 -0.241347358 0.0290953815 0.0585435033 -0.0362853147 0.129940197 -0.180340618 -0.0042168498 -0.0102502275 -0.0199074242 -0.0337595791 0.0116489138 -0.0742349997 -0.0976786017 0.312928587 0.155635819 -0.0777315423 -0.0847643465 0.15314351 0.143989965 -0.143116668 -0.0797678679 -0.0100072324 -0.0623889342 0.154640049 0.0234434605 0.063684918 0.0363832824 -0.0110224783 0.0186237432 -0.0607131049 0.0666373968 0.151188836 0.10379035 0.0827786997 -0.00566204265 -0.10343729 -0.109887108 0.200640529
G293 0.106904618 -0.00824263878 -0.0478382558 0.0495479256 -0.0286757797 0.127930075 0.0142989783 -0.02756216 0.071361728 0.0701267198 -0.0136500672 0.185996801 -0.0594352111 -0.115887761 -0.0910551772 -0.0512433201 0.115809307 0.151255116 -0.034083087 -0.0839149952 -0.00392732769 -0.0834566355 -0.0258699879 0.0214138739 -0.0257094912 -0.0418294147 -0.241347358 0.0290953815 0.0585435182 -0.0362853035 0.129940212 -0.180340588 -0.0042168498 -0.0102502359 -0.0199074298 -0.0337595716 0.0116489213 -0.0742350072 -0.0976786017 0.312928587 0.155635804 -0.0777315348 -0.0847643241 0.153143525 0.14398998 -0.143116653 -0.0797678679 -0.0100072473 -0.0623889528 0.154640049 0.0234434605 0.0636849031 0.0363832749 -0.0110224634 0.0186237451 -0.0607131049 0.0666373894 0.151188836 0.10379035 0.0827786848 -0.00566205382 -0.103437275 -0.109887116 0.200640529
G296 0.106904618 -0.00824264251 -0.0478382558 0.0495479405 -0.0286757797 0.12793009 0.0142989727 -0.0275621526 0.0713617504 0.0701267198 -0.0136500597 0.185996816 -0.0594352037 -0.115887754 -0.0910551772 -0.0512433201 0.115809321 0.151255131 -0.034083087 -0.0839149952 -0.00392732769 -0.083456628 -0.0258699805 0.0214138553 -0.0257094931 -0.0418294258 -0.241347373 0.0290953964 0.0585435033 -0.036285311 0.129940212 -0.180340603 -0.0042168498 -0.0102502247 -0.0199074261 -0.0337595716 0.0116489213 -0.0742349997 -0.0976785719 0.312928587 0.155635819 -0.0777315348 -0.0847643465 0.15314351 0.14398998 -0.143116683 -0.0797678605 -0.0100072324 -0.0623889379 0.154640049 0.0234434605 0.0636849105 0.0363832898 -0.0110224634 0.0186237469 -0.0607130826 0.0666373968 0.15118885 0.10379035 0.0827786922 -0.00566204824 -0.10343729 -0.109887108 0.200640514
G299 0.106904626 -0.00824262761 -0.0478382558 0.049547933 -0.028675776 0.12793009 0.0142989857 -0.0275621638 0.0713617355 0.0701267272 -0.0136500597 0.185996801 -0.0594352037 -0.115887754 -0.0910551921 -0.0512433313 0.115809307 0.151255116 -0.0340830944 -0.0839149877 -0.00392732769 -0.0834566355 -0.025869973 0.0214138627 -0.0257094894 -0.0418294147 -0.241347343 0.0290953815 0.0585435107 -0.0362852998 0.129940227 -0.180340618 -0.0042168498 -0.0102502313 -0.0199074224 -0.0337595753 0.0116489083 -0.0742350072 -0.0976785794 0.312928587 0.155635819 -0.0777315348 -0.0847643316 0.153143525 0.14398998 -0.143116668 -0.0797678605 -0.0100072473 -0.0623889416 0.154640049 0.0234434605 0.0636849105 0.0363832749 -0.0110224634 0.0186237339 -0.0607130975 0.0666373968 0.151188836 0.103790358 0.0827786922 -0.00566204451 -0.103437282 -0.109887116 0.200640514
G302 0.106904611 -0.00824261457 -0.0478382558 0.0495479256 -0.0286757722 0.12793009 0.0142989876 -0.0275621675 0.0713617355 0.0701267347 -0.0136500672 0.18599683 -0.0594352111 -0.115887754 -0.0910551846 -0.051243335 0.115809321 0.151255101 -0.0340830944 -0.0839149952 -0.00392733514 -0.083456628 -0.025869973 0.021413859 -0.0257095005 -0.0418294147 -0.241347373 0.0290953964 0.0585435331 -0.0362853147 0.129940212 -0.180340618 -0.00421686471 -0.0102502331 -0.0199074224 -0.0337595716 0.0116489157 -0.0742349997 -0.0976785868 0.312928587 0.155635834 -0.0777315497 -0.0847643316 0.15314351 0.143989995 -0.143116683 -0.0797678605 -0.0100072324 -0.0623889454 0.154640049 0.0234434605 0.063684918 0.0363832787 -0.0110224634 0.0186237376 -0.0607131124 0.0666374043 0.151188836 0.103790365 0.0827787071 -0.00566203333 -0.103437275 -0.109887123 0.200640544
G305 0.106904626 -0.00824264437 -0.0478382558 0.0495479405 -0.0286757797 0.127930105 0.0142989838 -0.0275621638 0.0713617355 0.0701267198 -0.0136500672 0.18599683 -0.0594352111 -0.115887783 -0.0910551697 -0.0512433164 0.115809292 0.151255131 -0.0340831019 -0.0839150026 -0.00392733514 -0.0834566355 -0.0258699916 0.0214138925 -0.0257094968 -0.0418294147 -0.241347373 0.0290953815 0.0585435331 -0.0362853035 0.129940212 -0.180340603 -0.0042168498 -0.0102502415 -0.0199074261 -0.0337595828 0.0116489101 -0.0742350072 -0.0976785943 0.312928587 0.155635819 -0.0777315497 -0.0847643167 0.153143525 0.143989965 -0.143116668 -0.0797678754 -0.0100072324 -0.0623889565 0.154640049 0.0234434605 0.0636849031 0.03638326 -0.0110224634 0.0186237451 -0.0607130975 0.0666373894 0.15118885 0.103790343 0.0827786848 -0.00566204824 -0.103437282 -0.109887123 0.200640544
G308 0.106904626 -0.00824264251 -0.0478382409 0.049547933 -0.0286757834 0.12793009 0.0142989783 -0.0275621638 0.0713617429 0.0701267272 -0.0136500634 0.18599683 -0.0594352186 -0.115887769 -0.0910551846 -0.0512433313 0.115809321 0.151255101 -0.0340830982 -0.0839149952 -0.00392732024 -0.0834566504 -0.0258699991 0.0214138664 -0.0257094838 -0.0418294184 -0.241347358 0.0290953964 0.0585434958 -0.0362853035 0.129940212 -0.180340618 -0.00421686471 -0.0102502238 -0.0199074242 -0.0337595753 0.0116489176 -0.0742350072 -0.0976786241 0.312928587 0.155635834 -0.0777315497 -0.0847643465 0.15314354 0.143989965 -0.143116668 -0.0797678605 -0.0100072473 -0.0623889565 0.154640049 0.0234434605 0.063684918 0.0363832898 -0.0110224783 0.0186237544 -0.0607131049 0.0666374043 0.151188821 0.103790365 0.0827786922 -0.00566204451 -0.103437282 -0.109887108 0.200640514
G311 0.106904618 -0.00824264437 -0.0478382558 0.049547933 -0.0286757797 0.12793009 0.014298982 -0.0275621638 0.071361728 0.0701267272 -0.013650056 0.185996816 -0.0594352186 -0.115887754 -0.0910551772 -0.0512433164 0.115809292 0.151255101 -0.0340831019 -0.0839150101 -0.00392734259 -0.0834566504 -0.025869973 0.0214138627 -0.0257094968 -0.0418294109 -0.241347373 0.0290953815 0.0585435256 -0.036285311 0.129940212 -0.180340618 -0.0042168498 -0.0102502275 -0.0199074298 -0.0337595902 0.0116489045 -0.0742349997 -0.0976785943 0.312928617 0.155635819 -0.0777315497 -0.0847643316 0.15314351 0.14398998 -0.143116683 -0.079767853 -0.0100072324 -0.0623889565 0.154640049 0.0234434605 0.0636849254 0.0363832787 -0.0110224634 0.0186237451 -0.0607130975 0.0666374117 0.15118885 0.103790335 0.0827786997 -0.00566204637 -0.103437275 -0.109887123 0.200640529
G314 0.106887609 -0.00826047361 -0.0478203297 0.0496266261 -0.0286826454 0.128037915 0.0143692689 -0.0275551695 0.0713247359 0.0700369179 -0.0136697218 0.185930312 -0.0594301373 -0.115797341 -0.0910897553 -0.0513344333 0.115848944 0.151202306 -0.0340997018 -0.0838467479 -0.00388425589 -0.0833530575 -0.0258362405 0.0213536657 -0.0257817172 -0.0417667963 -0.241332233 0.0290852487 0.0587387308 -0.0363279879 0.129904151 -0.180405617 -0.00420300663 -0.0102280872 -0.0199139565 -0.0338512808 0.0117180143 -0.0741694868 -0.0976622552 0.312874556 0.155604467 -0.0778131858 -0.0846490785 0.153073981 0.144015208 -0.14307858 -0.0796904042 -0.00995585322 -0.0623623095 0.154683709 0.0234370828 0.0637088567 0.0362795293 -0.0110943913 0.0185825638 -0.0608248413 0.066598013 0.151169375 0.103809521 0.0826990083 -0.0056950897 -0.1032928 -0.109832592 0.200572446
G317 0.106887594 -0.00826047733 -0.047820285 0.0496266112 -0.028682664 0.128037944 0.0143692764 -0.0275551807 0.0713247359 0.0700369254 -0.0136697218 0.185930282 -0.0594301298 -0.115797341 -0.0910897404 -0.0513344295 0.115848944 0.151202306 -0.0340997092 -0.0838467479 -0.00388424844 -0.0833530575 -0.0258362405 0.0213536769 -0.025781706 -0.0417668 -0.241332233 0.0290852338 0.0587387457 -0.0363279991 0.129904151 -0.180405617 -0.00420300663 -0.0102280788 -0.0199139602 -0.0338512659 0.0117180068 -0.0741694868 -0.0976622403 0.312874585 0.155604482 -0.0778131858 -0.0846490785 0.153073981 0.144015208 -0.143078595 -0.0796904042 -0.00995583832 -0.0623623244 0.154683709 0.0234370753 0.0637088493 0.0362795293 -0.0110944062 0.0185825564 -0.0608248413 0.0665980205 0.151169375 0.103809513 0.0826990083 -0.00569510087 -0.103292793 -0.1098326 0.200572446
G320 0.106887601 -0.00826047175 -0.0478203446 0.0496266186 -0.0286826529 0.128037915 0.014369267 -0.0275551695 0.0713247359 0.0700369179 -0.013669733 0.185930312 -0.0594301447 -0.115797333 -0.0910897478 -0.0513344295 0.115848944 0.151202306 -0.0340996943 -0.0838467404 -0.00388424844 -0.0833530724 -0.0258362256 0.0213536657 -0.0257817172 -0.0417668 -0.241332233 0.0290852487 0.0587387532 -0.036327973 0.129904181 -0.180405617 -0.00420299172 -0.0102280807 -0.0199139528 -0.0338512659 0.0117180049 -0.0741694868 -0.0976622403 0.312874556 0.155604467 -0.0778131709 -0.084649086 0.153073981 0.144015208 -0.143078566 -0.0796904042 -0.00995586812 -0.0623623207 0.154683709 0.0234370753 0.0637088493 0.0362795442 -0.0110944211 0.0185825676 -0.0608248413 0.066598013 0.151169375 0.103809521 0.0826990008 -0.00569508597 -0.103292793 -0.1098326 0.200572461
G323 0.106887609 -0.00826046988 -0.0478202999 0.0496266335 -0.0286826566 0.1280379 0.0143692764 -0.0275551733 0.0713247433 0.0700369179 -0.0136697367 0.185930312 -0.0594301224 -0.115797326 -0.0910897702 -0.0513344519 0.115848929 0.151202306 -0.0340997167 -0.0838467479 -0.00388426334 -0.0833530724 -0.025836233 0.0213536434 -0.0257817172 -0.0417668 -0.241332233 0.0290852487 0.0587387532 -0.0363279916 0.129904166 -0.180405617 -0.00420303643 -0.01022809 -0.0199139491 -0.0338512808 0.0117180143 -0.0741694868 -0.0976622403 0.312874556 0.155604482 -0.0778131932 -0.0846490934 0.153073967 0.144015223 -0.14307858 -0.0796903893 -0.00995585322 -0.0623623095 0.154683694 0.0234370604 0.0637088716 0.0362795293 -0.0110944062 0.018582575 -0.0608248413 0.0665980279 0.151169375 0.103809521 0.0826990083 -0.0056950897 -0.103292793 -0.109832615 0.200572476
G326 0.106887609 -0.00826047175 -0.0478203148 0.0496266261 -0.0286826566 0.128037915 0.0143692652 -0.0275551658 0.0713247433 0.070036903 -0.0136697255 0.185930312 -0.0594301447 -0.115797326 -0.0910897553 -0.0513344295 0.115848944 0.151202306 -0.0340997018 -0.0838467479 -0.00388424098 -0.0833530724 -0.0258362256 0.0213536806 -0.0257817116 -0.0417668074 -0.241332218 0.0290852487 0.0587387383 -0.0363279954 0.129904151 -0.180405617 -0.00420299172 -0.0102280853 -0.019913964 -0.0338512808 0.0117180143 -0.0741694793 -0.0976622552 0.312874556 0.155604482 -0.0778131783 -0.0846490785 0.153073996 0.144015208 -0.14307858 -0.0796904117 -0.00995583832 -0.0623623095 0.154683709 0.0234370679 0.0637088493 0.0362795293 -0.0110944062 0.0185825787 -0.0608248562 0.0665980205 0.151169389 0.103809528 0.0826990157 -0.00569508411 -0.1032928 -0.109832622 0.200572446
G329 0.106887594 -0.00826047175 -0.0478203148 0.0496266261 -0.0286826454 0.128037915 0.0143692652 -0.0275551621 0.0713247359 0.0700369254 -0.013669733 0.185930282 -0.0594301373 -0.115797341 -0.0910897627 -0.0513344333 0.115848944 0.151202306 -0.034099713 -0.0838467479 -0.00388424098 -0.0833530724 -0.0258362256 0.0213536806 -0.0257817116 -0.0417668149 -0.241332233 0.0290852338 0.0587387383 -0.0363279767 0.129904151 -0.180405617 -0.00420299172 -0.0102280779 -0.0199139565 -0.0338512771 0.0117180087 -0.0741694868 -0.0976622626 0.312874556 0.155604467 -0.0778131709 -0.0846490711 0.153073981 0.144015223 -0.14307858 -0.0796904117 -0.00995585322 -0.062362317 0.154683709 0.0234370679 0.0637088567 0.0362795219 -0.0110944062 0.0185825713 -0.0608248413 0.0665979981 0.151169389 0.103809513 0.0826989934 -0.00569508597 -0.103292793 -0.109832607 0.200572446
G332 0.106887624 -0.00826045871 -0.0478203297 0.0496266261 -0.0286826529 0.1280379 0.0143692708 -0.0275551695 0.0713247359 0.0700369179 -0.0136697143 0.185930312 -0.0594301298 -0.115797341 -0.0910897553 -0.0513344333 0.115848929 0.151202306 -0.0340996943 -0.0838467479 -0.00388424844 -0.0833530724 -0.0258362405 0.0213536769 -0.0257817134 -0.0417668037 -0.241332248 0.0290852487 0.0587387234 -0.0363279805 0.129904196 -0.180405617 -0.00420300663 -0.0102280863 -0.0199139528 -0.0338512734 0.0117180031 -0.0741694868 -0.0976622403 0.312874556 0.155604482 -0.0778131709 -0.0846490934 0.153073996 0.144015193 -0.14307858 -0.0796904117 -0.00995586812 -0.0623623058 0.154683709 0.0234370679 0.0637088493 0.0362795442 -0.0110944062 0.0185825676 -0.0608248487 0.066598013 0.151169375 0.103809521 0.0826990083 -0.00569509342 -0.1032928 -0.109832615 0.200572461
G335 0.106887616 -0.00826046057 -0.0478203297 0.0496266186 -0.0286826491 0.128037915 0.0143692633 -0.0275551733 0.0713247359 0.070036903 -0.0136697292 0.185930312 -0.0594301373 -0.115797333 -0.0910897553 -0.0513344333 0.115848929 0.151202306 -0.0340997092 -0.0838467479 -0.00388424844 -0.0833530575 -0.0258362405 0.0213536732 -0.0257817116 -0.0417668149 -0.241332218 0.0290852338 0.0587387532 -0.0363279842 0.129904166 -0.180405617 -0.00420297682 -0.0102280732 -0.019913964 -0.0338512734 0.0117180031 -0.0741694942 -0.0976622403 0.312874556 0.155604482 -0.0778131709 -0.0846490934 0.153073981 0.144015193 -0.143078566 -0.0796903968 -0.00995585322 -0.0623623282 0.154683709 0.0234370828 0.0637088418 0.0362795293 -0.0110944062 0.0185825732 -0.0608248487 0.066598013 0.151169375 0.103809521 0.0826990083 -0.00569509156 -0.103292793 -0.109832607 0.200572461
G338 0.106887609 -0.00826047361 -0.0478203148 0.0496266261 -0.0286826491 0.1280379 0.014369267 -0.0275551658 0.0713247508 0.0700369179 -0.0136697292 0.185930312 -0.0594301298 -0.115797341 -0.0910897478 -0.051334437 0.115848944 0.151202306 -0.0340997092 -0.0838467479 -0.00388424844 -0.0833530724 -0.0258362368 0.0213536732 -0.0257817134 -0.0417668037 -0.241332218 0.0290852487 0.0587387383 -0.0363279656 0.129904181 -0.180405617 -0.00420303643 -0.0102280797 -0.0199139602 -0.0338512845 0.0117180124 -0.0741694868 -0.0976622403 0.312874556 0.155604482 -0.0778131783 -0.0846491084 0.153073996 0.144015208 -0.143078566 -0.0796904117 -0.00995585322 -0.0623623207 0.154683709 0.0234370679 0.0637088418 0.0362795293 -0.0110944062 0.0185825694 -0.0608248487 0.066598013 0.151169375 0.103809528 0.0826990008 -0.00569509342 -0.103292808 -0.1098326 0.200572446
G341 0.106887624 -0.00826048106 -0.0478202999 0.0496266261 -0.0286826529 0.128037915 0.0143692615 -0.0275551733 0.0713247359 0.0700369105 -0.0136697367 0.185930312 -0.0594301298 -0.115797319 -0.0910897553 -0.0513344333 0.115848929 0.151202306 -0.0340997092 -0.0838467479 -0.00388424844 -0.0833530575 -0.0258362442 0.0213536769 -0.0257817153 -0.0417668 -0.241332233 0.0290852189 0.0587387457 -0.0363279693 0.129904166 -0.180405602 -0.00420303643 -0.0102280807 -0.0199139602 -0.0338512659 0.0117180143 -0.0741694868 -0.0976622477 0.312874556 0.155604467 -0.0778131709 -0.0846491084 0.153074011 0.144015193 -0.143078566 -0.0796904117 -0.00995586812 -0.0623623095 0.154683709 0.0234370753 0.0637088493 0.0362795368 -0.0110944062 0.0185825843 -0.0608248487 0.066598013 0.151169375 0.103809521 0.0826990008 -0.00569508784 -0.1032928 -0.109832607 0.200572461
G344 0.106887601 -0.00826046243 -0.0478203297 0.0496266261 -0.0286826529 0.1280379 0.0143692782 -0.0275551844 0.0713247508 0.0700369105 -0.0136697367 0.185930312 -0.0594301187 -0.115797326 -0.0910897478 -0.0513344482 0.115848914 0.151202306 -0.0340996981 -0.0838467553 -0.00388426334 -0.0833530724 -0.025836248 0.0213536508 -0.0257817209 -0.0417667963 -0.241332218 0.0290852487 0.0587387607 -0.0363279991 0.129904151 -0.180405617 -0.00420300663 -0.0102280807 -0.0199139602 -0.0338512585 0.011718018 -0.0741694868 -0.0976622403 0.312874556 0.155604467 -0.0778131932 -0.0846491009 0.153073996 0.144015208 -0.143078595 -0.0796904042 -0.00995583832 -0.0623623021 0.154683694 0.0234370679 0.0637088567 0.0362795293 -0.0110944062 0.0185825899 -0.0608248487 0.0665980279 0.151169375 0.103809521 0.0826990157 -0.00569509156 -0.1032928 -0.109832622 0.200572461
G347 0.106887609 -0.00826046988 -0.0478203297 0.0496266261 -0.0286826529 0.128037915 0.014369267 -0.0275551658 0.0713247284 0.0700369179 -0.0136697218 0.185930282 -0.0594301298 -0.115797333 -0.0910897553 -0.0513344482 0.115848929 0.151202291 -0.0340997092 -0.0838467404 -0.00388424844 -0.0833530575 -0.0258362256 0.0213536657 -0.025781719 -0.0417668149 -0.241332218 0.0290852487 0.0587387383 -0.0363279954 0.129904181 -0.180405617 -0.00420300663 -0.0102280844 -0.0199139565 -0.0338512808 0.0117180217 -0.0741694868 -0.0976622552 0.312874556 0.155604482 -0.0778131783 -0.0846491084 0.153073996 0.144015223 -0.14307858 -0.0796903968 -0.00995585322 -0.062362317 0.154683709 0.0234370679 0.0637088567 0.0362795293 -0.0110944062 0.0185825732 -0.0608248413 0.0665980056 0.151169389 0.103809521 0.0826990008 -0.00569509529 -0.1032928 -0.1098326 0.200572431
G350 0.106887609 -0.00826047733 -0.0478203297 0.0496266261 -0.0286826454 0.128037944 0.0143692764 -0.0275551733 0.0713247433 0.0700369179 -0.0136697292 0.185930297 -0.0594301298 -0.115797333 -0.0910897553 -0.0513344333 0.115848944 0.151202306 -0.0340997092 -0.0838467479 -0.00388424844 -0.0833530724 -0.025836248 0.0213536657 -0.025781706 -0.0417667963 -0.241332233 0.0290852189 0.0587387308 -0.0363279879 0.129904166 -0.180405617 -0.00420302153 -0.0102280825 -0.019913964 -0.0338512808 0.0117179956 -0.0741694868 -0.0976622552 0.312874556 0.155604482 -0.0778131858 -0.0846490934 0.153073981 0.144015223 -0.143078595 -0.0796904117 -0.00995585322 -0.0623623021 0.154683709 0.0234370753 0.0637088344 0.0362795293 -0.0110944062 0.0185825713 -0.0608248562 0.066598013 0.151169375 0.103809513 0.0826989934 -0.0056950897 -0.103292808 -0.109832607 0.200572461
G353 0.106887609 -0.00826048292 -0.0478202999 0.0496266261 -0.0286826566 0.1280379 0.0143692708 -0.0275551733 0.0713247508 0.0700369179 -0.0136697106 0.185930282 -0.0594301373 -0.115797341 -0.0910897553 -0.0513344407 0.115848944 0.151202306 -0.0340997092 -0.0838467404 -0.00388426334 -0.0833530724 -0.0258362219 0.0213536732 -0.025781706 -0.0417668074 -0.241332218 0.0290852487 0.0587387457 -0.0363279842 0.129904151 -0.180405617 -0.00420299172 -0.0102280788 -0.0199139528 -0.0338512734 0.0117180031 -0.0741694793 -0.0976622403 0.312874585 0.155604482 -0.0778131783 -0.0846490785 0.153073981 0.144015223 -0.14307858 -0.0796904117 -0.00995585322 -0.062362317 0.154683709 0.0234370604 0.0637088493 0.0362795293 -0.0110944062 0.0185825862 -0.0608248487 0.0665980056 0.151169389 0.103809513 0.0826990008 -0.00569508597 -0.103292793 -0.1098326 0.200572461
G356 0.106887594 -0.00826047175 -0.0478203297 0.0496266261 -0.0286826529 0.12803793 0.0143692726 -0.0275551546 0.0713247359 0.0700369179 -0.013669733 0.185930282 -0.0594301373 -0.115797319 -0.0910897553 -0.0513344333 0.115848929 0.151202306 -0.034099713 -0.0838467479 -0.00388424844 -0.0833530724 -0.0258362144 0.0213536806 -0.025781706 -0.0417667963 -0.241332218 0.0290852487 0.0587387532 -0.0363279991 0.129904166 -0.180405617 -0.00420299172 -0.0102280779 -0.0199139602 -0.0338512771 0.0117180049 -0.0741694868 -0.0976622477 0.312874556 0.155604482 -0.0778131634 -0.0846490785 0.153073981 0.144015223 -0.14307858 -0.0796904117 -0.00995585322 -0.062362317 0.154683694 0.0234370679 0.0637088418 0.0362795442 -0.0110944062 0.0185825694 -0.0608248413 0.0665979981 0.151169389 0.103809506 0.0826989934 -0.00569509529 -0.103292808 -0.1098326 0.200572461
G359 0.106887609 -0.00826046243 -0.0478203297 0.0496266261 -0.0286826454 0.128037915 0.0143692745 -0.0275551807 0.0713247359 0.0700369328 -0.0136697218 0.185930312 -0.0594301336 -0.115797333 -0.0910897553 -0.0513344333 0.115848944 0.151202306 -0.0340997092 -0.0838467479 -0.00388425589 -0.0833530575 -0.0258362256 0.0213536732 -0.0257817209 -0.0417668074 -0.241332233 0.0290852487 0.0587387457 -0.0363279954 0.129904151 -0.180405617 -0.00420296192 -0.0102280816 -0.0199139602 -0.0338512808 0.0117180105 -0.0741694942 -0.0976622477 0.312874556 0.155604482 -0.0778131783 -0.0846490934 0.153073996 0.144015193 -0.143078595 -0.0796903968 -0.00995582342 -0.062362317 0.154683709 0.0234370902 0.0637088567 0.0362795293 -0.0110944062 0.0185825769 -0.0608248487 0.066598013 0.151169375 0.103809521 0.0826990306 -0.0056950897 -0.1032928 -0.1098326 0.200572461
G362 0.126390323 -0.0214057546 -0.0715666562 0.0592673644 -0.0042347461 0.0244538262 0.0375737324 -0.0181424227 0.0037225876 0.115761474 0.0237801112 0.100998558 -0.0691897199 -0.09167777 -0.111069396 -0.00719445385 0.0803579912 0.114438474 -0.0377989076 -0.143770307 -0.0306343138 -0.0288129076 0.0404536799 -0.0317817703 -0.0259956941 -0.0273745153 -0.255571812 0.0553524792 -0.0111908466 -0.0458088666 0.0498955026 -0.145659119 -0.00433148444 -0.0435522422 0.0499380492 -0.0489152484 0.0446816273 -0.0968870819 -0.0994263366 0.257746994 0.0863582417 -0.12120226 -0.0794020966 0.121052884 0.131586283 -0.0676216707 -0.0242440142 -0.00448189676 -0.0251150429 0.110520899 0.0178912655 0.0359059125 0.033198081 0.0456749201 0.0365488045 -0.0407311395 0.0598281547 0.139620408 0.0420341641 0.0439805165 0.031230038 -0.0681148693 0.000411998481 0.145690948
G363 0.126390323 -0.0214057527 -0.0715666711 0.0592673644 -0.00423475355 0.0244538262 0.0375737324 -0.0181424282 0.00372258388 0.115761489 0.0237801149 0.100998558 -0.0691897124 -0.0916777626 -0.111069404 -0.00719445478 0.0803579837 0.114438474 -0.0377989188 -0.143770307 -0.0306343064 -0.0288128965 0.0404536761 -0.0317817554 -0.0259956997 -0.0273745172 -0.255571812 0.0553524718 -0.0111908317 -0.0458088629 0.0498955064 -0.145659119 -0.00433149934 -0.0435522459 0.0499380529 -0.0489152484 0.0446816199 -0.0968870595 -0.0994263291 0.257746994 0.0863582417 -0.121202275 -0.0794020966 0.121052884 0.131586283 -0.0676216632 -0.0242440142 -0.00448191166 -0.0251150429 0.110520899 0.017891258 0.0359059125 0.033198081 0.0456749126 0.0365488045 -0.0407311395 0.0598281436 0.139620423 0.0420341678 0.0439805016 0.0312300362 -0.0681148693 0.000411994755 0.145690948
G364 0.126390323 -0.0214057434 -0.0715666711 0.0592673495 -0.00423475355 0.0244538262 0.0375737287 -0.018142432 0.00372258388 0.115761466 0.0237801298 0.100998566 -0.0691896975 -0.0916777551 -0.111069396 -0.00719446409 0.0803579912 0.114438482 -0.0377989039 -0.143770322 -0.0306343064 -0.0288128909 0.0404536724 -0.0317817628 -0.0259956867 -0.0273745228 -0.255571812 0.0553524867 -0.0111908466 -0.0458088741 0.0498954989 -0.145659134 -0.00433148444 -0.0435522422 0.0499380603 -0.0489152409 0.0446816422 -0.0968870819 -0.0994263291 0.257746994 0.0863582417 -0.121202283 -0.079402104 0.121052876 0.131586283 -0.0676216632 -0.0242440216 -0.00448191166 -0.0251150541 0.110520899 0.0178912655 0.0359059088 0.0331980884 0.0456748903 0.0365487933 -0.0407311544 0.0598281622 0.139620423 0.0420341752 0.043980509 0.0312300306 -0.0681148693 0.000411983579 0.145690948
G365 0.126390323 -0.0214057472 -0.0715666786 0.0592673495 -0.00423475355 0.0244538262 0.0375737324 -0.018142432 0.00372258388 0.115761474 0.0237801298 0.100998558 -0.069189705 -0.0916777551 -0.111069396 -0.00719446409 0.0803579837 0.114438474 -0.0377988927 -0.143770322 -0.0306343138 -0.0288128927 0.0404536761 -0.0317817703 -0.0259956829 -0.0273745172 -0.255571812 0.0553524867 -0.0111908466 -0.0458088778 0.0498955026 -0.145659134 -0.00433148444 -0.0435522422 0.0499380566 -0.0489152446 0.0446816236 -0.0968870744 -0.0994263142 0.257746994 0.0863582417 -0.12120229 -0.0794020891 0.121052876 0.131586283 -0.0676216707 -0.0242440142 -0.00448191166 -0.0251150429 0.110520892 0.017891258 0.0359059125 0.0331980959 0.0456748977 0.0365487896 -0.0407311469 0.0598281547 0.139620423 0.0420341715 0.0439805016 0.0312300269 -0.0681148767 0.000411983579 0.145690948
G366 0.126390338 -0.0214057472 -0.0715666637 0.0592673644 -0.004234761 0.0244538262 0.0375737362 -0.0181424208 0.00372258574 0.115761466 0.0237801149 0.100998558 -0.0691897124 -0.0916777551 -0.111069404 -0.00719445664 0.0803579986 0.114438459 -0.0377988964 -0.143770322 -0.0306343213 -0.028812902 0.0404536724 -0.0317817777 -0.0259956941 -0.0273745097 -0.255571812 0.0553524867 -0.0111908391 -0.045808889 0.0498954952 -0.145659119 -0.00433149934 -0.0435522422 0.0499380566 -0.0489152446 0.0446816199 -0.0968870744 -0.0994263142 0.257746994 0.0863582417 -0.121202268 -0.0794020966 0.121052869 0.131586283 -0.0676216558 -0.0242440272 -0.00448189676 -0.0251150429 0.110520899 0.017891258 0.03590592 0.0331980959 0.0456749052 0.0365488157 -0.0407311544 0.0598281547 0.139620423 0.0420341864 0.0439805053 0.0312300362 -0.0681148693 0.000411987305 0.145690948
G367 0.126390323 -0.0214057472 -0.0715666562 0.0592673644 -0.00423475355 0.0244538262 0.0375737362 -0.0181424245 0.00372258201 0.115761474 0.0237801298 0.100998551 -0.0691897124 -0.0916777551 -0.111069404 -0.00719445013 0.0803579986 0.114438459 -0.0377988964 -0.143770322 -0.0306343138 -0.0288129095 0.0404536761 -0.0317817628 -0.0259956904 -0.0273745079 -0.255571812 0.0553524941 -0.0111908391 -0.0458088741 0.0498954915 -0.145659134 -0.00433149934 -0.0435522385 0.0499380603 -0.0489152446 0.0446816199 -0.0968870744 -0.0994263217 0.257746994 0.0863582566 -0.121202268 -0.079402104 0.121052869 0.131586269 -0.0676216558 -0.0242440123 -0.00448191166 -0.0251150578 0.110520899 0.0178912655 0.03590592 0.0331980884 0.0456748977 0.0365488157 -0.0407311544 0.0598281547 0.139620438 0.0420341678 0.0439804941 0.0312300362 -0.0681148618 0.000412005931 0.145690963
G368 0.126390323 -0.021405749 -0.0715666711 0.059267357 -0.00423475355 0.0244538188 0.0375737287 -0.0181424264 0.00372258388 0.115761489 0.0237801336 0.100998566 -0.0691897124 -0.09167777 -0.111069396 -0.00719446037 0.0803579912 0.114438482 -0.0377989113 -0.143770322 -0.0306342989 -0.0288128946 0.0404536724 -0.0317817703 -0.0259956904 -0.0273745134 -0.255571812 0.0553524867 -0.0111908391 -0.0458088703 0.0498954989 -0.145659134 -0.00433149934 -0.0435522459 0.0499380566 -0.0489152409 0.0446816273 -0.0968870744 -0.0994263142 0.257747024 0.0863582566 -0.12120229 -0.079402104 0.121052876 0.131586283 -0.0676216558 -0.0242440142 -0.00448189676 -0.0251150429 0.110520899 0.0178912729 0.0359059125 0.0331980884 0.0456748903 0.036548797 -0.0407311395 0.0598281622 0.139620408 0.0420341715 0.0439805165 0.0312300418 -0.0681148842 0.000411987305 0.145690948
G369 0.126390323 -0.0214057453 -0.0715666562 0.0592673644 -0.004234761 0.0244538113 0.0375737287 -0.0181424245 0.00372258388 0.115761474 0.0237801336 0.100998566 -0.069189705 -0.0916777551 -0.111069404 -0.00719445013 0.0803579837 0.114438467 -0.0377989113 -0.143770322 -0.0306342989 -0.028812889 0.0404536724 -0.0317817703 -0.0259956867 -0.0273745134 -0.255571812 0.0553525016 -0.0111908391 -0.0458088666 0.0498955026 -0.145659119 -0.00433149934 -0.0435522422 0.0499380678 -0.0489152521 0.044681631 -0.0968870744 -0.0994262993 0.257747024 0.0863582641 -0.121202275 -0.079402104 0.121052876 0.131586283 -0.0676216632 -0.0242440123 -0.00448191166 -0.0251150355 0.110520899 0.0178912655 0.0359059125 0.0331980884 0.0456748903 0.0365487896 -0.0407311395 0.0598281622 0.139620408 0.0420341715 0.0439805016 0.0312300455 -0.0681148618 0.00041199103 0.145690948
G370 0.126390323 -0.0214057565 -0.0715666562 0.0592673644 -0.00423475355 0.0244538262 0.0375737399 -0.0181424338 0.00372258201 0.115761489 0.0237801224 0.100998551 -0.0691897124 -0.0916777551 -0.111069396 -0.00719445106 0.0803579986 0.114438459 -0.0377989039 -0.143770307 -0.0306343138 -0.0288128965 0.0404536724 -0.0317817777 -0.0259956848 -0.0273745172 -0.255571812 0.0553524867 -0.0111908466 -0.0458088741 0.0498954915 -0.145659119 -0.00433148444 -0.0435522385 0.0499380603 -0.0489152409 0.044681631 -0.0968870744 -0.0994263366 0.257747024 0.0863582492 -0.121202283 -0.079402104 0.121052884 0.131586283 -0.0676216632 -0.0242440049 -0.00448189676 -0.0251150578 0.110520899 0.017891258 0.03590592 0.0331980959 0.0456749052 0.0365488157 -0.0407311469 0.0598281585 0.139620423 0.0420341603 0.0439805128 0.0312300399 -0.0681148693 0.000411998481 0.145690963
G371 0.126390338 -0.021405749 -0.0715666413 0.059267357 -0.00423475355 0.0244538262 0.0375737362 -0.0181424357 0.00372258574 0.115761489 0.0237801187 0.100998566 -0.0691897124 -0.0916777551 -0.111069396 -0.00719445944 0.0803579837 0.114438474 -0.0377989039 -0.143770322 -0.0306343138 -0.0288128946 0.0404536687 -0.0317817777 -0.0259956848 -0.0273745134 -0.255571812 0.0553524941 -0.0111908466 -0.0458088778 0.0498954952 -0.145659134 -0.00433148444 -0.0435522422 0.0499380603 -0.0489152409 0.0446816273 -0.0968870819 -0.0994263142 0.257747024 0.0863582492 -0.121202283 -0.0794021189 0.121052876 0.131586269 -0.0676216707 -0.0242440123 -0.00448191166 -0.0251150429 0.110520899 0.017891258 0.03590592 0.0331980959 0.0456749052 0.0365488082 -0.0407311395 0.0598281734 0.139620423 0.0420341715 0.0439805016 0.0312300418 -0.0681148767 0.000411983579 0.145690963
G372 0.126390323 -0.0214057583 -0.0715666711 0.0592673644 -0.00423476845 0.0244538113 0.0375737324 -0.0181424282 0.0037225727 0.115761474 0.0237801112 0.100998558 -0.0691897124 -0.0916777626 -0.111069396 -0.00719445292 0.0803579986 0.114438474 -0.0377988964 -0.143770307 -0.0306343064 -0.0288128965 0.0404536836 -0.0317817703 -0.0259956792 -0.0273745134 -0.255571812 0.0553524867 -0.0111908391 -0.0458088666 0.0498954989 -0.145659134 -0.00433149934 -0.043552231 0.0499380641 -0.0489152558 0.044681631 -0.096887067 -0.0994263291 0.257746994 0.0863582566 -0.121202275 -0.0794021115 0.121052876 0.131586283 -0.0676216632 -0.0242440123 -0.00448189676 -0.0251150429 0.110520899 0.0178912729 0.0359059125 0.0331980884 0.0456749052 0.0365488119 -0.0407311395 0.0598281547 0.139620423 0.0420341641 0.0439805165 0.031230038 -0.0681148618 0.000412009656 0.145690948
G373 0.126390338 -0.0214057546 -0.0715666786 0.0592673495 -0.00423475355 0.0244538262 0.0375737287 -0.0181424282 0.00372258015 0.115761474 0.0237801075 0.100998566 -0.0691897124 -0.0916777551 -0.111069396 -0.00719445851 0.0803579912 0.114438482 -0.0377989002 -0.143770322 -0.0306343138 -0.0288128965 0.0404536724 -0.0317817628 -0.0259956811 -0.0273745153 -0.255571812 0.0553524867 -0.0111908317 -0.0458088741 0.0498954989 -0.145659119 -0.00433149934 -0.0435522348 0.0499380566 -0.0489152484 0.0446816273 -0.096887067 -0.0994263217 0.257746994 0.0863582641 -0.121202275 -0.079402104 0.121052876 0.131586283 -0.0676216781 -0.0242440123 -0.00448189676 -0.0251150467 0.110520899 0.017891258 0.0359059051 0.0331980884 0.0456749052 0.0365488119 -0.0407311395 0.0598281585 0.139620423 0.0420341715 0.0439805053 0.0312300362 -0.0681148767 0.000411994755 0.145690948
G374 0.126390323 -0.0214057453 -0.0715666711 0.059267357 -0.0042347461 0.0244538262 0.0375737324 -0.0181424376 0.00372258388 0.115761489 0.0237801224 0.100998558 -0.0691897124 -0.0916777551 -0.111069404 -0.00719445664 0.0803579912 0.114438459 -0.0377989039 -0.143770322 -0.0306343064 -0.0288129002 0.0404536761 -0.0317817703 -0.0259956867 -0.0273745134 -0.255571812 0.0553524867 -0.011190854 -0.0458088741 0.0498954877 -0.145659134 -0.00433148444 -0.0435522422 0.0499380566 -0.0489152446 0.0446816199 -0.0968870744 -0.0994263068 0.257746994 0.0863582715 -0.121202283 -0.0794020966 0.121052876 0.131586269 -0.0676216632 -0.0242440011 -0.00448191166 -0.0251150578 0.110520914 0.0178912655 0.0359059125 0.0331980884 0.0456749201 0.036548797 -0.0407311469 0.0598281771 0.139620408 0.0420341678 0.0439805016 0.0312300343 -0.0681148693 0.000411994755 0.145690948
G375 0.126390323 -0.0214057453 -0.0715666562 0.0592673644 -0.004234761 0.0244538337 0.0375737324 -0.0181424357 0.00372258574 0.115761474 0.0237801224 0.100998558 -0.0691897124 -0.0916777551 -0.111069396 -0.00719446409 0.0803579912 0.114438459 -0.0377988927 -0.143770322 -0.0306342989 -0.028812902 0.0404536724 -0.0317817628 -0.0259956848 -0.0273745134 -0.255571812 0.0553524867 -0.0111908466 -0.0458088703 0.0498955064 -0.145659134 -0.00433148444 -0.0435522385 0.0499380603 -0.0489152409 0.0446816124 -0.0968870744 -0.0994263068 0.257746994 0.0863582641 -0.121202275 -0.0794020966 0.121052861 0.131586283 -0.0676216632 -0.0242440011 -0.00448191166 -0.0251150578 0.110520914 0.017891258 0.03590592 0.0331980884 0.0456749052 0.036548797 -0.0407311395 0.0598281622 0.139620408 0.0420341603 0.0439805016 0.0312300324 -0.0681148693 0.000412002206 0.145690948
G376 0.126390338 -0.0214057453 -0.0715666711 0.059267357 -0.00423475355 0.0244538262 0.0375737324 -0.0181424227 0.0037225876 0.115761474 0.0237801224 0.100998566 -0.069189705 -0.09167777 -0.111069396 -0.00719445013 0.0803579837 0.114438489 -0.0377989076 -0.143770322 -0.0306342989 -0.0288129039 0.0404536724 -0.0317817703 -0.0259956829 -0.0273745097 -0.255571812 0.0553524867 -0.0111908317 -0.0458088666 0.0498954915 -0.145659119 -0.00433148444 -0.0435522459 0.0499380603 -0.0489152335 0.0446816273 -0.0968870744 -0.0994263142 0.257746994 0.0863582566 -0.121202275 -0.079402104 0.121052876 0.131586283 -0.0676216632 -0.0242440216 -0.00448189676 -0.0251150429 0.110520892 0.017891258 0.0359059125 0.0331981033 0.0456749052 0.0365488119 -0.0407311395 0.0598281696 0.139620423 0.042034179 0.0439805016 0.0312300473 -0.0681148693 0.00041199103 0.145690963
G377 0.126390338 -0.0214057453 -0.0715666711 0.059267357 -0.004234761 0.0244538113 0.0375737324 -0.0181424264 0.00372258201 0.115761489 0.0237801187 0.100998566 -0.0691897124 -0.0916777626 -0.111069404 -0.00719445013 0.0803579837 0.114438482 -0.0377989076 -0.143770322 -0.0306343064 -0.0288129039 0.0404536799 -0.0317817703 -0.0259956848 -0.0273745097 -0.255571812 0.0553524867 -0.0111908466 -0.0458088629 0.0498954915 -0.145659119 -0.00433148444 -0.0435522422 0.0499380566 -0.0489152446 0.0446816348 -0.0968870744 -0.0994263142 0.257746994 0.0863582566 -0.121202268 -0.079402104 0.121052884 0.131586283 -0.0676216632 -0.024244016 -0.00448189676 -0.0251150504 0.110520884 0.017891258 0.0359059125 0.0331981033 0.0456749052 0.0365488157 -0.0407311395 0.0598281696 0.139620423 0.0420341752 0.0439804941 0.0312300548 -0.0681148618 0.00041199103 0.145690948
G378 0.126390323 -0.0214057527 -0.0715666786 0.0592673644 -0.00423475355 0.0244538188 0.0375737324 -0.0181424245 0.00372257456 0.115761489 0.0237801261 0.100998566 -0.0691897124 -0.0916777477 -0.111069411 -0.00719445851 0.0803579986 0.114438474 -0.0377989076 -0.143770307 -0.0306342989 -0.0288129039 0.0404536948 -0.0317817628 -0.0259956867 -0.027374506 -0.255571812 0.0553525016 -0.0111908466 -0.0458088592 0.0498954989 -0.145659134 -0.00433148444 -0.0435522422 0.0499380641 -0.0489152558 0.0446816273 -0.0968870744 -0.0994263291 0.257747024 0.0863582566 -0.121202253 -0.079402104 0.121052876 0.131586298 -0.0676216632 -0.0242440142 -0.00448191166 -0.0251150429 0.110520899 0.017891258 0.0359059125 0.0331980884 0.0456749052 0.0365488045 -0.0407311469 0.0598281585 0.139620423 0.0420341641 0.043980509 0.0312300343 -0.0681148693 0.000411998481 0.145690948
G379 0.126390338 -0.0214057527 -0.0715666711 0.0592673719 -0.004234761 0.0244538188 0.0375737324 -0.0181424264 0.00372258015 0.115761489 0.0237801149 0.100998566 -0.0691897124 -0.0916777626 -0.111069404 -0.00719446409 0.0803579837 0.114438467 -0.0377989039 -0.143770322 -0.0306343064 -0.0288129114 0.0404536873 -0.0317817777 -0.025995696 -0.0273745209 -0.255571812 0.0553524867 -0.0111908466 -0.0458088741 0.0498954989 -0.145659134 -0.00433146954 -0.0435522348 0.0499380566 -0.0489152484 0.044681631 -0.0968870744 -0.0994263366 0.257746994 0.0863582641 -0.121202268 -0.0794020891 0.121052876 0.131586283 -0.0676216781 -0.0242440179 -0.00448189676 -0.0251150429 0.110520899 0.017891258 0.0359059125 0.0331980959 0.0456749052 0.0365488045 -0.0407311544 0.0598281585 0.139620423 0.0420341641 0.0439805165 0.0312300343 -0.0681148693 0.000411987305 0.145690963
G380 0.126390323 -0.0214057472 -0.0715666711 0.059267357 -0.00423475355 0.0244538188 0.0375737324 -0.0181424282 0.00372257642 0.115761466 0.0237801149 0.100998558 -0.069189705 -0.0916777551 -0.111069396 -0.00719445851 0.0803579986 0.114438474 -0.0377989002 -0.143770322 -0.0306343213 -0.0288128927 0.0404536612 -0.0317817703 -0.025995696 -0.0273745079 -0.255571812 0.0553524867 -0.0111908466 -0.045808889 0.0498954989 -0.145659119 -0.00433149934 -0.0435522348 0.0499380603 -0.0489152335 0.0446816199 -0.0968870819 -0.0994263142 0.257746994 0.0863582417 -0.121202283 -0.0794020817 0.121052876 0.131586283 -0.0676216632 -0.0242440216 -0.00448191166 -0.0251150467 0.110520899 0.017891258 0.0359059125 0.0331980884 0.0456749126 0.0365488008 -0.0407311469 0.0598281622 0.139620423 0.0420341715 0.0439805053 0.0312300418 -0.0681148618 0.000411998481 0.145690948
G381 0.126390338 -0.021405749 -0.0715666711 0.0592673644 -0.0042347461 0.0244538411 0.0375737324 -0.0181424338 0.00372258388 0.115761474 0.0237801224 0.100998566 -0.069189705 -0.0916777551 -0.111069411 -0.00719446037 0.0803579986 0.114438467 -0.0377989076 -0.143770307 -0.0306343287 -0.028812889 0.040453665 -0.0317817703 -0.0259956941 -0.0273745079 -0.255571812 0.0553524867 -0.0111908466 -0.0458088852 0.0498954989 -0.145659134 -0.00433148444 -0.0435522422 0.0499380566 -0.0489152409 0.044681631 -0.0968870744 -0.0994263142 0.257746994 0.0863582417 -0.121202283 -0.0794020891 0.121052876 0.131586283 -0.0676216632 -0.0242440142 -0.00448191166 -0.0251150429 0.110520899 0.017891258 0.0359059125 0.033198081 0.0456749052 0.0365488082 -0.0407311395 0.0598281585 0.139620423 0.0420341678 0.0439805053 0.0312300418 -0.0681148767 0.000411998481 0.145690933
G382 0.126390338 -0.0214057434 -0.0715666637 0.0592673644 -0.00423475355 0.0244538262 0.037573725 -0.0181424357 0.00372258574 0.115761489 0.0237801187 0.100998558 -0.0691897124 -0.0916777551 -0.111069396 -0.00719445292 0.0803579986 0.114438459 -0.037798889 -0.143770307 -0.0306343138 -0.0288128946 0.0404536761 -0.0317817777 -0.0259956885 -0.027374519 -0.255571812 0.0553524867 -0.0111908466 -0.0458088741 0.0498955026 -0.145659119 -0.00433148444 -0.0435522348 0.0499380529 -0.0489152484 0.0446816236 -0.0968870744 -0.0994263142 0.257746994 0.0863582417 -0.121202275 -0.079402104 0.121052861 0.131586283 -0.0676216632 -0.0242440235 -0.00448189676 -0.0251150429 0.110520899 0.0178912729 0.0359059125 0.0331980959 0.0456749126 0.0365488119 -0.0407311395 0.0598281659 0.139620423 0.0420341678 0.0439805239 0.0312300343 -0.0681148693 0.000411994755 0.145690933
G383 0.126390323 -0.0214057472 -0.0715666711 0.0592673644 -0.00423475355 0.0244538262 0.0375737287 -0.0181424264 0.00372258015 0.115761489 0.0237801187 0.100998558 -0.0691897124 -0.0916777626 -0.111069396 -0.00719445106 0.0803580061 0.114438459 -0.0377989039 -0.143770322 -0.0306343064 -0.0288129002 0.0404536799 -0.0317817703 -0.0259956904 -0.0273745172 -0.255571812 0.0553524867 -0.0111908391 -0.0458088741 0.0498954989 -0.145659134 -0.00433148444 -0.0435522348 0.0499380566 -0.0489152409 0.0446816273 -0.0968870744 -0.0994263068 0.257746994 0.0863582566 -0.121202268 -0.079402104 0.121052876 0.131586283 -0.0676216632 -0.0242440179 -0.00448189676 -0.0251150429 0.110520899 0.017891258 0.0359059125 0.0331980959 0.0456749126 0.0365488194 -0.0407311395 0.0598281547 0.139620423 0.0420341566 0.0439805165 0.0312300343 -0.0681148693 0.000412009656 0.145690948
G384 0.126390323 -0.0214057434 -0.0715666562 0.059267357 -0.00423475355 0.0244538188 0.0375737213 -0.0181424208 0.00372258574 0.115761489 0.0237801224 0.100998566 -0.069189705 -0.0916777551 -0.111069404 -0.00719446223 0.0803579986 0.114438459 -0.0377989039 -0.143770322 -0.0306342989 -0.0288129039 0.0404536724 -0.0317817628 -0.0259956867 -0.0273745097 -0.255571812 0.0553524941 -0.0111908391 -0.0458088815 0.0498954989 -0.145659134 -0.00433149934 -0.0435522459 0.0499380641 -0.0489152558 0.0446816273 -0.0968870744 -0.0994263142 0.257747024 0.0863582641 -0.121202275 -0.079402104 0.121052876 0.131586283 -0.0676216632 -0.024244016 -0.00448191166 -0.0251150429 0.110520899 0.0178912729 0.0359059125 0.0331980884 0.0456749052 0.0365488008 -0.0407311469 0.0598281696 0.139620423 0.0420341678 0.0439805053 0.0312300436 -0.0681148693 0.000411998481 0.145690963
G385 0.126390323 -0.0214057434 -0.0715666711 0.059267357 -0.004234761 0.0244538188 0.0375737287 -0.0181424282 0.00372258015 0.115761474 0.0237801187 0.100998558 -0.0691897124 -0.0916777626 -0.111069404 -0.00719445851 0.0803579837 0.114438474 -0.0377989039 -0.143770307 -0.0306343064 -0.0288129114 0.0404536761 -0.0317817703 -0.025995696 -0.0273745097 -0.255571812 0.0553524941 -0.0111908466 -0.0458088778 0.0498954989 -0.145659134 -0.00433148444 -0.0435522497 0.0499380603 -0.0489152484 0.0446816236 -0.0968870744 -0.0994262919 0.257746994 0.0863582566 -0.121202268 -0.0794020891 0.121052869 0.131586283 -0.0676216558 -0.024244016 -0.00448189676 -0.0251150355 0.110520899 0.017891258 0.0359059125 0.0331980959 0.0456749126 0.0365487933 -0.0407311395 0.0598281585 0.139620408 0.0420341641 0.0439805128 0.031230038 -0.0681148693 0.000411998481 0.145690963
G386 0.126390323 -0.0214057509 -0.0715666711 0.0592673495 -0.00423475355 0.0244538113 0.0375737287 -0.0181424282 0.00372258015 0.115761481 0.0237801187 0.100998558 -0.0691897124 -0.0916777626 -0.111069404 -0.00719445944 0.0803579986 0.114438459 -0.0377989076 -0.143770322 -0.0306343064 -0.0288128927 0.0404536761 -0.0317817628 -0.0259956885 -0.027374506 -0.255571812 0.0553524867 -0.0111908466 -0.0458088592 0.0498955026 -0.145659134 -0.00433148444 -0.0435522385 0.0499380603 -0.0489152335 0.044681631 -0.0968870744 -0.0994262993 0.257747024 0.0863582492 -0.121202268 -0.0794020817 0.121052869 0.131586283 -0.0676216558 -0.0242440104 -0.00448189676 -0.0251150467 0.110520899 0.017891258 0.0359058976 0.0331980959 0.0456749052 0.0365488119 -0.0407311544 0.0598281547 0.139620408 0.0420341678 0.0439805016 0.0312300492 -0.0681148693 0.000412002206 0.145690963
G387 0.126390323 -0.0214057546 -0.0715666711 0.0592673495 -0.00423476845 0.0244538113 0.0375737287 -0.0181424301 0.00372257829 0.115761489 0.0237801149 0.100998558 -0.0691897124 -0.09167777 -0.111069404 -0.00719446037 0.0803579837 0.114438467 -0.0377989076 -0.143770322 -0.0306343138 -0.0288128965 0.0404536761 -0.0317817554 -0.0259956904 -0.0273745041 -0.255571812 0.0553524867 -0.0111908466 -0.0458088592 0.0498954989 -0.145659134 -0.00433148444 -0.0435522422 0.0499380641 -0.0489152409 0.0446816348 -0.096887067 -0.0994263068 0.257747024 0.0863582641 -0.121202268 -0.0794020817 0.121052898 0.131586283 -0.0676216632 -0.0242440235 -0.00448189676 -0.0251150429 0.110520907 0.0178912655 0.0359059051 0.0331980959 0.0456749052 0.0365488119 -0.0407311469 0.0598281585 0.139620408 0.0420341752 0.043980509 0.0312300473 -0.0681148693 0.00041199103 0.145690963
G388 0.126390323 -0.0214057527 -0.0715666637 0.0592673644 -0.0042347461 0.0244538113 0.0375737213 -0.0181424413 0.00372258574 0.115761489 0.0237801224 0.100998566 -0.069189705 -0.0916777551 -0.111069396 -0.00719445385 0.0803579986 0.114438459 -0.0377989039 -0.143770322 -0.0306343064 -0.0288128965 0.0404536799 -0.0317817703 -0.0259956792 -0.0273745134 -0.255571812 0.0553524867 -0.0111908466 -0.0458088666 0.0498955026 -0.145659119 -0.00433148444 -0.0435522459 0.0499380715 -0.0489152521 0.0446816199 -0.0968870744 -0.0994263217 0.257746994 0.0863582492 -0.121202275 -0.0794020817 0.121052869 0.131586283 -0.0676216707 -0.0242440216 -0.00448191166 -0.0251150541 0.110520899 0.0178912655 0.0359059051 0.033198081 0.0456749126 0.0365488008 -0.040731132 0.0598281659 0.139620423 0.0420341678 0.043980509 0.0312300455 -0.0681148693 0.000411998481 0.145690948
G389 0.126390353 -0.0214057583 -0.0715666562 0.0592673644 -0.0042347461 0.0244538262 0.0375737362 -0.0181424413 0.00372257829 0.115761489 0.0237801261 0.100998566 -0.0691897124 -0.0916777626 -0.111069396 -0.00719444919 0.0803579986 0.114438474 -0.0377989039 -0.143770337 -0.0306342989 -0.0288128965 0.0404536761 -0.0317817703 -0.0259956904 -0.0273745097 -0.255571812 0.0553524867 -0.0111908466 -0.0458088741 0.0498955026 -0.145659134 -0.00433148444 -0.0435522459 0.0499380715 -0.0489152521 0.0446816385 -0.0968870819 -0.0994263217 0.257746994 0.0863582417 -0.12120229 -0.0794020966 0.121052884 0.131586283 -0.0676216632 -0.0242440123 -0.00448191166 -0.0251150504 0.110520899 0.0178912655 0.0359059125 0.0331980884 0.0456749052 0.0365488082 -0.0407311395 0.0598281696 0.139620423 0.0420341603 0.0439805202 0.0312300492 -0.0681148618 0.000411998481 0.145690948
G390 0.126390338 -0.0214057434 -0.0715666711 0.059267357 -0.00423475355 0.0244538262 0.0375737287 -0.0181424264 0.00372257642 0.115761466 0.0237801336 0.100998566 -0.0691897124 -0.0916777551 -0.111069396 -0.00719445851 0.0803579986 0.114438459 -0.0377988927 -0.143770307 -0.0306343064 -0.028812889 0.0404536724 -0.0317817703 -0.0259956867 -0.0273745097 -0.255571812 0.0553524867 -0.0111908466 -0.0458088741 0.0498955026 -0.145659149 -0.00433149934 -0.0435522385 0.0499380603 -0.0489152409 0.0446816273 -0.0968870819 -0.0994263366 0.257746994 0.0863582641 -0.121202253 -0.079402104 0.121052898 0.131586269 -0.0676216558 -0.024244016 -0.00448191166 -0.0251150429 0.110520907 0.017891258 0.0359059125 0.033198081 0.0456749052 0.0365488008 -0.0407311544 0.0598281585 0.139620423 0.0420341715 0.0439805053 0.0312300269 -0.0681148693 0.000411979854 0.145690963
G391 0.126390323 -0.0214057472 -0.0715666711 0.0592673644 -0.00423475355 0.0244538262 0.0375737175 -0.0181424245 0.00372258388 0.115761474 0.0237801298 0.100998558 -0.0691897199 -0.0916777551 -0.111069396 -0.00719444919 0.0803580061 0.114438482 -0.0377988853 -0.143770322 -0.0306343138 -0.0288128983 0.0404536799 -0.0317817703 -0.0259956829 -0.0273745097 -0.255571783 0.0553525016 -0.011190854 -0.0458088778 0.0498954952 -0.145659134 -0.00433149934 -0.0435522385 0.0499380566 -0.0489152372 0.0446816236 -0.0968870744 -0.0994263217 0.257747024 0.0863582492 -0.12120226 -0.0794021189 0.121052884 0.131586283 -0.0676216632 -0.0242440142 -0.00448191166 -0.0251150541 0.110520914 0.0178912729 0.0359059125 0.033198081 0.0456748977 0.0365488082 -0.0407311469 0.0598281734 0.139620423 0.0420341641 0.0439804904 0.0312300343 -0.0681148618 0.000411994755 0.145690963
G392 0.126390323 -0.0214057378 -0.0715666786 0.0592673495 -0.004234761 0.0244538113 0.0375737175 -0.0181424282 0.00372257456 0.115761489 0.0237801298 0.100998566 -0.0691897124 -0.0916777626 -0.111069389 -0.00719445292 0.0803579912 0.114438459 -0.0377989113 -0.143770322 -0.0306343138 -0.0288129039 0.0404536836 -0.0317817703 -0.0259956941 -0.0273745172 -0.255571812 0.0553524867 -0.0111908391 -0.0458088666 0.0498954989 -0.145659119 -0.00433148444 -0.0435522348 0.0499380641 -0.0489152409 0.0446816273 -0.096887067 -0.0994263217 0.257746994 0.0863582492 -0.12120229 -0.079402104 0.121052884 0.131586283 -0.0676216632 -0.024244016 -0.00448189676 -0.0251150504 0.110520892 0.017891258 0.03590592 0.0331980959 0.0456749126 0.036548797 -0.0407311469 0.0598281585 0.139620408 0.0420341678 0.0439804941 0.0312300343 -0.0681148693 0.000411998481 0.145690933
G393 0.126390308 -0.0214057397 -0.0715666711 0.0592673495 -0.00423475355 0.0244538113 0.037573725 -0.0181424338 0.00372257456 0.115761504 0.0237801448 0.100998566 -0.0691897124 -0.0916777551 -0.111069396 -0.00719444733 0.0803579986 0.114438459 -0.0377989039 -0.143770322 -0.0306343138 -0.0288129076 0.0404536948 -0.0317817703 -0.0259956904 -0.0273745153 -0.255571812 0.0553524867 -0.0111908466 -0.0458088703 0.0498954915 -0.145659134 -0.00433148444 -0.0435522422 0.0499380641 -0.0489152484 0.0446816236 -0.096887067 -0.0994263366 0.257746994 0.0863582492 -0.121202283 -0.079402104 0.121052884 0.131586283 -0.0676216632 -0.0242440123 -0.00448191166 -0.0251150541 0.110520892 0.0178912655 0.0359059125 0.0331980959 0.0456749126 0.0365487933 -0.0407311618 0.0598281547 0.139620408 0.0420341678 0.0439804979 0.0312300269 -0.0681148693 0.000412005931 0.145690948
G394 0.12641257 -0.0216781888 -0.0716554746 0.0595550761 -0.00445981324 0.0243054107 0.0374937132 -0.0176742431 0.00338481553 0.115565643 0.0239086896 0.100746773 -0.0692017823 -0.0917622074 -0.110987484 -0.0072782496 0.080153361 0.114773609 -0.0380439982 -0.143704012 -0.0300468057 -0.0287113283 0.04048853 -0.0319090933 -0.0262450147 -0.0272773802 -0.255795956 0.0554116815 -0.0105407685 -0.0459643304 0.049755577 -0.14558515 -0.00434522331 -0.0437322818 0.0497449152 -0.0487454459 0.0449019149 -0.0970426202 -0.0995227396 0.257453978 0.0858789608 -0.12097384 -0.0792305171 0.120989159 0.131625965 -0.067464456 -0.0242475756 -0.00438740849 -0.0250707529 0.110358119 0.0178628862 0.0360940024 0.0328796655 0.0455198437 0.036637105 -0.0408927724 0.0596896 0.139721677 0.0423047915 0.0440631062 0.0314672366 -0.0676788986 0.000535555184 0.145467073
G395 0.12641257 -0.0216781925 -0.0716554895 0.0595550835 -0.00445980579 0.0243054032 0.0374937095 -0.0176742449 0.00338481739 0.115565658 0.0239086822 0.100746781 -0.0692017823 -0.0917622074 -0.110987484 -0.00727825705 0.0801533759 0.114773616 -0.0380439907 -0.143704012 -0.0300468057 -0.0287113301 0.0404885225 -0.0319090858 -0.0262450166 -0.0272773802 -0.255795926 0.0554116815 -0.0105407611 -0.0459643304 0.0497555844 -0.14558515 -0.00434520841 -0.0437322818 0.0497449115 -0.0487454459 0.0449019186 -0.0970426202 -0.0995227471 0.257453978 0.0858789533 -0.120973855 -0.0792305171 0.120989159 0.13162598 -0.067464456 -0.024247583 -0.0043874234 -0.0250707641 0.110358119 0.0178628936 0.0360940024 0.0328796767 0.0455198437 0.0366371013 -0.0408927649 0.0596896037 0.139721677 0.0423047915 0.0440631136 0.0314672291 -0.0676788911 0.000535536557 0.145467058
G396 0.126412585 -0.0216781907 -0.0716554746 0.0595550835 -0.00445980579 0.0243054107 0.0374937169 -0.0176742431 0.00338481925 0.115565658 0.0239086822 0.100746773 -0.0692017823 -0.0917622223 -0.110987477 -0.00727824587 0.0801533684 0.114773616 -0.0380439982 -0.143704027 -0.0300468057 -0.0287113339 0.0404885262 -0.0319090858 -0.026245011 -0.0272773802 -0.255795926 0.0554116741 -0.010540776 -0.0459643267 0.0497555695 -0.145585135 -0.00434522331 -0.043732293 0.0497449115 -0.0487454347 0.0449019149 -0.0970426202 -0.0995227471 0.257453978 0.0858789533 -0.120973848 -0.0792305022 0.120989159 0.13162598 -0.0674644634 -0.0242475867 -0.00438740849 -0.0250707716 0.110358119 0.0178628862 0.0360940062 0.0328796692 0.0455198288 0.036637105 -0.0408927724 0.0596896075 0.139721677 0.0423047841 0.0440631062 0.0314672366 -0.0676788986 0.000535555184 0.145467073
G397 0.12641257 -0.0216781925 -0.0716554821 0.059555091 -0.00445980579 0.0243054181 0.0374937132 -0.0176742505 0.00338481739 0.115565658 0.0239086822 0.100746781 -0.0692017823 -0.0917622223 -0.110987492 -0.00727825798 0.0801533759 0.114773616 -0.0380439907 -0.143704012 -0.0300468132 -0.0287113339 0.0404885113 -0.0319090858 -0.0262450185 -0.027277384 -0.255795926 0.0554116741 -0.0105407611 -0.0459643304 0.0497555807 -0.14558515 -0.00434522331 -0.0437322818 0.0497449078 -0.0487454347 0.0449019223 -0.0970426202 -0.0995227396 0.257453978 0.0858789533 -0.120973855 -0.0792305022 0.120989151 0.13162598 -0.067464456 -0.0242475886 -0.00438740849 -0.0250707716 0.110358119 0.0178628862 0.0360939987 0.0328796767 0.0455198288 0.0366371125 -0.0408927724 0.0596896149 0.139721677 0.0423047915 0.0440631062 0.0314672366 -0.067678906 0.000535547733 0.145467043
G398 0.126412585 -0.021678187 -0.0716554895 0.059555091 -0.00445980579 0.0243053883 0.0374937132 -0.0176742394 0.00338480994 0.11556565 0.0239086896 0.100746781 -0.0692017823 -0.0917622223 -0.110987484 -0.00727825891 0.080153361 0.114773624 -0.0380439907 -0.143703997 -0.0300467908 -0.0287113469 0.040488515 -0.0319090784 -0.0262450241 -0.0272773877 -0.255795926 0.0554116741 -0.0105407611 -0.0459643304 0.0497555882 -0.14558512 -0.00434522331 -0.0437322892 0.0497449152 -0.048745431 0.0449019149 -0.0970426202 -0.0995227396 0.257453948 0.0858789533 -0.12097387 -0.0792304948 0.120989159 0.13162601 -0.067464456 -0.0242475886 -0.0043874234 -0.0250707753 0.110358119 0.0178628862 0.0360940062 0.0328796916 0.0455198288 0.0366370976 -0.0408927649 0.0596895963 0.139721677 0.0423047952 0.0440630987 0.0314672329 -0.067678906 0.000535544008 0.145467073
G399 0.126412585 -0.0216781814 -0.0716554895 0.0595550686 -0.00445980579 0.0243053958 0.0374937132 -0.0176742431 0.00338480994 0.11556565 0.0239086859 0.100746773 -0.0692017898 -0.0917622223 -0.110987499 -0.00727825053 0.0801533684 0.114773616 -0.038043987 -0.143704012 -0.0300468057 -0.0287113413 0.0404885188 -0.0319090784 -0.0262450166 -0.0272773877 -0.255795926 0.0554116741 -0.0105407685 -0.0459643342 0.049755577 -0.14558512 -0.00434520841 -0.0437322892 0.0497449152 -0.0487454347 0.0449019186 -0.0970426276 -0.0995227322 0.257453978 0.0858789608 -0.120973863 -0.0792305097 0.120989159 0.131625995 -0.067464456 -0.0242475867 -0.00438740849 -0.0250707678 0.110358112 0.0178628862 0.0360940099 0.0328796916 0.0455198362 0.0366370976 -0.0408927649 0.0596896075 0.139721677 0.0423047952 0.0440630913 0.0314672366 -0.0676788986 0.000535555184 0.145467058
G400 0.126412585 -0.0216781814 -0.0716554895 0.0595550761 -0.00445980579 0.0243054032 0.0374937169 -0.0176742412 0.00338481553 0.11556565 0.0239086896 0.100746781 -0.0692017823 -0.0917622149 -0.110987484 -0.00727825612 0.0801533684 0.114773609 -0.0380439758 -0.143704012 -0.0300468206 -0.0287113264 0.0404885188 -0.0319090933 -0.0262450129 -0.027277384 -0.255795926 0.0554116815 -0.0105407611 -0.0459643342 0.049755577 -0.145585135 -0.00434522331 -0.043732278 0.0497449115 -0.0487454347 0.0449019149 -0.0970426202 -0.0995227471 0.257453978 0.0858789533 -0.12097384 -0.0792305246 0.120989159 0.131625965 -0.067464456 -0.0242475905 -0.0043874234 -0.0250707753 0.110358119 0.0178628936 0.0360939987 0.0328796767 0.0455198437 0.0366371125 -0.0408927575 0.0596896037 0.139721677 0.0423048027 0.0440630987 0.0314672329 -0.0676788911 0.000535536557 0.145467058
G401 0.12641257 -0.0216781888 -0.0716554895 0.0595550686 -0.00445980579 0.0243054032 0.0374937132 -0.0176742468 0.00338481367 0.11556565 0.0239086933 0.100746781 -0.0692017898 -0.0917622074 -0.110987499 -0.00727825426 0.0801533759 0.114773616 -0.0380439833 -0.143704012 -0.0300468132 -0.028711332 0.0404885188 -0.0319090933 -0.0262450129 -0.0272773877 -0.255795956 0.0554116592 -0.0105407611 -0.045964323 0.0497555807 -0.145585135 -0.00434520841 -0.043732278 0.049744904 -0.0487454273 0.0449019149 -0.0970426202 -0.0995227471 0.257453978 0.0858789533 -0.120973848 -0.0792305246 0.120989159 0.13162598 -0.067464456 -0.0242475905 -0.0043874234 -0.025070779 0.110358119 0.0178629011 0.0360939912 0.0328796767 0.0455198437 0.0366371125 -0.0408927575 0.0596896037 0.139721677 0.0423047878 0.0440631136 0.0314672291 -0.067678906 0.000535555184 0.145467058
G402 0.126412585 -0.0216781776 -0.0716554895 0.0595550761 -0.00445980579 0.0243054107 0.0374937095 -0.0176742505 0.00338481553 0.115565673 0.0239087008 0.100746788 -0.0692017823 -0.0917622149 -0.110987484 -0.00727825705 0.0801533461 0.114773616 -0.0380439945 -0.143704027 -0.0300468132 -0.0287113395 0.0404885076 -0.0319090933 -0.0262450166 -0.027277384 -0.255795956 0.0554116741 -0.0105407685 -0.0459643342 0.0497555844 -0.14558515 -0.00434520841 -0.0437322855 0.0497449115 -0.0487454347 0.0449019261 -0.0970426202 -0.0995227396 0.257453978 0.0858789533 -0.12097387 -0.0792304948 0.120989159 0.131625995 -0.067464456 -0.0242475923 -0.0043874234 -0.0250707641 0.110358119 0.0178628862 0.0360939912 0.0328796878 0.0455198288 0.0366371013 -0.0408927649 0.0596896037 0.139721692 0.0423047841 0.0440631062 0.0314672291 -0.067678906 0.000535536557 0.145467073
G403 0.12641257 -0.0216781814 -0.0716555044 0.0595550761 -0.00445979834 0.0243054107 0.0374937132 -0.0176742468 0.00338481553 0.115565665 0.0239086859 0.100746781 -0.0692017823 -0.0917622223 -0.110987484 -0.00727825891 0.080153361 0.114773616 -0.0380439982 -0.143704027 -0.0300468132 -0.0287113339 0.0404885188 -0.0319090933 -0.0262450166 -0.0272773951 -0.255795926 0.0554116741 -0.0105407611 -0.0459643453 0.0497555807 -0.145585135 -0.00434520841 -0.0437322855 0.0497449078 -0.0487454385 0.0449019298 -0.0970426202 -0.0995227471 0.257453978 0.0858789533 -0.120973878 -0.0792304948 0.120989159 0.131625995 -0.067464456 -0.024247583 -0.00438740849 -0.0250707641 0.110358119 0.0178628862 0.0360939987 0.0328796841 0.0455198213 0.036637105 -0.0408927649 0.0596896037 0.139721677 0.0423047915 0.0440630987 0.0314672254 -0.067678906 0.000535547733 0.145467058
G404 0.126412585 -0.0216781851 -0.0716554895 0.0595550761 -0.00445979834 0.0243053958 0.0374937207 -0.0176742468 0.00338480622 0.11556565 0.0239086896 0.100746773 -0.0692017823 -0.0917622149 -0.110987484 -0.00727825332 0.0801533684 0.114773616 -0.038043987 -0.143704012 -0.0300468057 -0.0287113339 0.0404885188 -0.0319090933 -0.0262450147 -0.0272773877 -0.255795956 0.0554116666 -0.0105407611 -0.0459643304 0.049755577 -0.145585135 -0.00434522331 -0.043732278 0.0497449115 -0.0487454385 0.0449019223 -0.0970426276 -0.0995227396 0.257453978 0.0858789533 -0.120973863 -0.0792304948 0.120989151 0.13162598 -0.0674644709 -0.0242475942 -0.00438740849 -0.0250707678 0.110358112 0.0178628936 0.0360940024 0.0328796729 0.0455198362 0.036637105 -0.0408927649 0.0596896075 0.139721692 0.0423047915 0.0440631062 0.0314672254 -0.0676788911 0.000535547733 0.145467058
G405 0.126412585 -0.0216781814 -0.0716554895 0.0595550686 -0.00445979834 0.0243054107 0.0374937244 -0.0176742505 0.00338481367 0.115565658 0.0239086784 0.100746788 -0.0692017749 -0.0917622149 -0.11098747 -0.00727825146 0.0801533684 0.114773631 -0.0380439907 -0.143704027 -0.0300468206 -0.0287113357 0.0404885113 -0.0319090933 -0.0262450203 -0.027277384 -0.255795956 0.0554116815 -0.0105407611 -0.0459643342 0.0497555807 -0.145585135 -0.00434522331 -0.0437322855 0.0497449115 -0.0487454459 0.0449019261 -0.0970426276 -0.0995227322 0.257453978 0.0858789608 -0.120973863 -0.0792304948 0.120989159 0.13162598 -0.0674644709 -0.0242475942 -0.00438740849 -0.0250707641 0.110358112 0.0178628936 0.0360940024 0.0328796729 0.0455198362 0.036637105 -0.0408927649 0.0596896037 0.139721677 0.0423047841 0.0440631062 0.0314672291 -0.067678906 0.000535540283 0.145467058
G406 0.12641257 -0.0216781851 -0.0716554895 0.0595550761 -0.00445979834 0.0243053958 0.0374937169 -0.0176742543 0.00338481553 0.115565665 0.0239086822 0.100746788 -0.0692017749 -0.0917622223 -0.110987484 -0.00727824681 0.0801533684 0.114773616 -0.0380439907 -0.143704027 -0.0300468057 -0.0287113376 0.0404885225 -0.0319090933 -0.0262450185 -0.0272773765 -0.255795926 0.0554116741 -0.0105407536 -0.045964323 0.0497555919 -0.14558512 -0.00434520841 -0.0437322855 0.0497449115 -0.0487454385 0.0449019261 -0.09704265 -0.0995227322 0.257453978 0.0858789533 -0.120973855 -0.0792304799 0.120989159 0.131625995 -0.067464456 -0.0242475979 -0.0043874234 -0.0250707641 0.110358112 0.0178629011 0.0360939912 0.0328796804 0.0455198288 0.0366370864 -0.0408927575 0.0596896075 0.139721677 0.042304799 0.0440630987 0.0314672515 -0.067678906 0.000535536557 0.145467058
G407 0.126412585 -0.0216781851 -0.0716554895 0.059555091 -0.00445980579 0.0243053958 0.0374937095 -0.0176742524 0.00338480622 0.115565673 0.0239086822 0.100746781 -0.0692017823 -0.0917622149 -0.110987484 -0.00727825612 0.0801533684 0.114773616 -0.038043987 -0.143704027 -0.0300468057 -0.0287113376 0.0404885262 -0.0319090933 -0.0262450166 -0.0272773802 -0.255795926 0.0554116741 -0.0105407611 -0.0459643267 0.0497555882 -0.14558512 -0.00434522331 -0.0437322743 0.0497449115 -0.0487454385 0.0449019223 -0.0970426425 -0.0995227322 0.257453978 0.0858789459 -0.120973855 -0.0792304948 0.120989159 0.131625995 -0.0674644709 -0.0242475923 -0.0043874234 -0.0250707641 0.110358119 0.0178628936 0.0360939912 0.0328796804 0.0455198288 0.0366370976 -0.04089275 0.0596896112 0.139721677 0.0423048027 0.0440630987 0.0314672515 -0.0676789135 0.000535540283 0.145467058
G408 0.126412585 -0.0216781907 -0.0716555044 0.0595550835 -0.00445980579 0.0243054032 0.037493702 -0.0176742524 0.00338481739 0.11556565 0.0239086896 0.100746788 -0.0692017749 -0.0917622149 -0.110987477 -0.00727824867 0.0801533684 0.114773631 -0.038043987 -0.143704012 -0.0300468057 -0.0287113413 0.0404885076 -0.0319090784 -0.0262450129 -0.0272773951 -0.255795956 0.0554116741 -0.010540776 -0.0459643342 0.0497555882 -0.145585135 -0.00434520841 -0.0437322818 0.0497449078 -0.0487454347 0.0449019186 -0.0970426351 -0.0995227396 0.257454008 0.0858789533 -0.12097387 -0.0792304948 0.120989159 0.13162598 -0.0674644709 -0.0242475867 -0.0043874234 -0.0250707567 0.110358119 0.0178628936 0.0360940062 0.0328796767 0.0455198437 0.0366371088 -0.04089275 0.0596895926 0.139721677 0.042304799 0.0440631136 0.0314672366 -0.067678906 0.000535532832 0.145467058
G409 0.126412585 -0.0216781907 -0.0716554895 0.0595550686 -0.00445980579 0.0243053958 0.0374936983 -0.0176742505 0.00338481739 0.11556565 0.0239086747 0.100746788 -0.0692017749 -0.0917622149 -0.110987462 -0.00727825426 0.0801533684 0.114773631 -0.0380439945 -0.143704012 -0.0300468057 -0.0287113506 0.0404885001 -0.0319090933 -0.0262450147 -0.0272773877 -0.255795926 0.0554116741 -0.010540776 -0.0459643304 0.049755577 -0.145585135 -0.00434522331 -0.0437322818 0.0497449115 -0.048745431 0.0449019261 -0.0970426351 -0.0995227322 0.257453978 0.0858789459 -0.12097387 -0.0792304948 0.120989159 0.131625995 -0.0674644709 -0.0242475942 -0.0043874234 -0.0250707641 0.110358112 0.017862916 0.0360940099 0.0328796767 0.0455198288 0.036637105 -0.0408927649 0.0596896037 0.139721677 0.0423048027 0.0440631062 0.0314672366 -0.067678906 0.000535536557 0.145467058
G410 0.12641257 -0.0216781851 -0.0716554895 0.0595550984 -0.00445980579 0.0243054256 0.0374937207 -0.0176742561 0.00338480808 0.11556565 0.0239086896 0.100746773 -0.0692017823 -0.0917622074 -0.110987499 -0.00727825146 0.0801533759 0.114773609 -0.0380439907 -0.143704027 -0.0300468057 -0.0287113264 0.0404885188 -0.0319090858 -0.0262450129 -0.0272773728 -0.255795926 0.0554116741 -0.010540776 -0.045964323 0.0497555658 -0.145585164 -0.00434520841 -0.0437322855 0.0497449115 -0.0487454422 0.0449019186 -0.0970426202 -0.099522762 0.257453978 0.0858789533 -0.12097387 -0.0792304873 0.120989151 0.131625965 -0.0674644485 -0.0242475774 -0.00438740849 -0.0250707455 0.110358112 0.0178628862 0.0360940062 0.0328796841 0.0455198288 0.0366370976 -0.0408927649 0.0596896075 0.139721677 0.0423047841 0.0440631062 0.0314672366 -0.0676788986 0.000535558909 0.145467058
G411 0.126412585 -0.0216781832 -0.071655497 0.0595550761 -0.00445980579 0.0243054256 0.0374937169 -0.017674258 0.00338482298 0.11556565 0.0239086822 0.100746788 -0.0692017823 -0.0917622149 -0.110987499 -0.00727825053 0.0801533684 0.114773616 -0.0380439945 -0.143704027 -0.0300468057 -0.0287113357 0.0404885113 -0.0319091007 -0.0262450147 -0.0272773728 -0.255795926 0.0554116741 -0.0105407685 -0.0459643267 0.0497555695 -0.14558512 -0.00434520841 -0.0437322855 0.0497449189 -0.0487454347 0.0449019223 -0.0970426202 -0.0995227396 0.257453978 0.0858789533 -0.120973878 -0.0792305022 0.120989151 0.13162598 -0.067464456 -0.0242475867 -0.0043874234 -0.0250707567 0.110358119 0.0178629085 0.0360940211 0.0328796804 0.0455198288 0.0366370939 -0.0408927649 0.0596896149 0.139721677 0.042304799 0.0440630987 0.0314672329 -0.067678906 0.000535540283 0.145467058
G412 0.126412585 -0.0216781832 -0.0716555044 0.059555091 -0.00445980579 0.0243054256 0.0374937057 -0.0176742543 0.0033848118 0.11556565 0.0239086747 0.100746788 -0.0692017823 -0.0917622149 -0.110987477 -0.00727825612 0.0801533684 0.114773609 -0.0380439833 -0.143704012 -0.0300468206 -0.0287113301 0.0404885113 -0.0319090933 -0.0262450166 -0.0272773802 -0.255795956 0.0554116741 -0.0105407611 -0.0459643304 0.0497555733 -0.14558512 -0.00434520841 -0.043732278 0.0497449115 -0.048745431 0.0449019261 -0.0970426202 -0.0995227471 0.257453978 0.0858789533 -0.12097387 -0.0792305022 0.120989159 0.131625995 -0.0674644709 -0.0242475923 -0.0043874234 -0.0250707567 0.110358119 0.0178629011 0.0360940024 0.0328796804 0.0455198437 0.0366371125 -0.0408927649 0.0596896112 0.139721677 0.042304799 0.0440630987 0.0314672291 -0.0676788986 0.000535547733 0.145467043
G413 0.126412585 -0.0216781814 -0.0716555044 0.0595550984 -0.00445979834 0.0243054107 0.0374937095 -0.017674258 0.0033848118 0.11556565 0.0239086822 0.100746788 -0.0692017823 -0.0917622149 -0.110987484 -0.00727824308 0.0801533759 0.114773609 -0.038043987 -0.143703997 -0.0300468206 -0.0287113376 0.0404885113 -0.0319090784 -0.026245011 -0.0272773765 -0.255795926 0.0554116741 -0.0105407685 -0.0459643304 0.049755577 -0.145585135 -0.00434520841 -0.0437322855 0.0497449115 -0.0487454385 0.0449019186 -0.0970426202 -0.0995227322 0.257453978 0.0858789533 -0.12097387 -0.0792304873 0.120989159 0.13162598 -0.0674644634 -0.0242475979 -0.0043874234 -0.0250707567 0.110358119 0.0178628862 0.0360940062 0.0328796767 0.0455198362 0.0366371013 -0.0408927649 0.0596896075 0.139721677 0.0423048027 0.0440630838 0.0314672329 -0.067678906 0.000535540283 0.145467043
G414 0.12641257 -0.0216781851 -0.0716554895 0.0595550686 -0.00445980579 0.0243053958 0.0374937169 -0.0176742468 0.00338481739 0.115565658 0.0239086896 0.100746781 -0.0692017823 -0.0917622074 -0.110987484 -0.00727824867 0.080153361 0.114773631 -0.0380439945 -0.143704012 -0.0300468206 -0.0287113339 0.040488515 -0.0319090933 -0.0262450203 -0.0272773802 -0.255795926 0.055411689 -0.0105407611 -0.0459643379 0.0497555807 -0.145585135 -0.00434520841 -0.043732278 0.0497449078 -0.0487454385 0.0449019372 -0.0970426276 -0.0995227471 0.257453978 0.0858789533 -0.12097387 -0.0792304873 0.120989159 0.13162598 -0.0674644634 -0.0242475923 -0.00438740849 -0.0250707641 0.110358119 0.0178628936 0.0360940062 0.0328796916 0.0455198288 0.0366371088 -0.0408927575 0.0596896112 0.139721677 0.0423047915 0.0440631136 0.0314672329 -0.067678906 0.000535551459 0.145467058
G415 0.126412585 -0.0216781814 -0.0716554895 0.0595550835 -0.00445980579 0.0243054181 0.0374937169 -0.0176742431 0.00338481553 0.115565658 0.0239086896 0.100746788 -0.0692017823 -0.0917622223 -0.11098747 -0.00727824401 0.0801533684 0.114773624 -0.0380439907 -0.143704012 -0.0300468057 -0.0287113339 0.0404885188 -0.0319090933 -0.0262450185 -0.0272773802 -0.255795926 0.0554116741 -0.0105407611 -0.0459643342 0.0497555844 -0.14558512 -0.00434520841 -0.0437322855 0.0497449115 -0.0487454385 0.0449019261 -0.0970426202 -0.0995227396 0.257453978 0.0858789533 -0.120973863 -0.0792305022 0.120989159 0.131625965 -0.0674644634 -0.0242475942 -0.00438740849 -0.0250707641 0.110358104 0.0178628862 0.0360940099 0.0328796804 0.0455198362 0.036637105 -0.0408927575 0.0596896112 0.139721677 0.0423047841 0.0440630987 0.0314672291 -0.0676788986 0.000535547733 0.145467073
G416 0.126412585 -0.0216781832 -0.0716554821 0.0595550835 -0.00445980579 0.0243054107 0.0374937132 -0.0176742468 0.00338480622 0.115565658 0.0239086822 0.100746788 -0.0692017749 -0.0917622074 -0.110987477 -0.00727825239 0.080153361 0.114773616 -0.0380439982 -0.143704012 -0.0300468206 -0.0287113339 0.0404885188 -0.0319090784 -0.0262450203 -0.0272773765 -0.255795926 0.0554116741 -0.0105407611 -0.0459643379 0.0497555807 -0.14558512 -0.00434520841 -0.0437322855 0.0497449189 -0.048745431 0.0449019298 -0.0970426276 -0.0995227396 0.257453948 0.0858789533 -0.12097387 -0.0792304948 0.120989159 0.13162598 -0.0674644709 -0.0242475923 -0.0043874234 -0.0250707604 0.110358119 0.0178629011 0.0360940024 0.0328796841 0.0455198213 0.0366370901 -0.0408927575 0.0596896037 0.139721677 0.0423047915 0.0440630987 0.0314672366 -0.0676788986 0.000535544008 0.145467058
G417 0.1264126 -0.0216781776 -0.0716555119 0.059555091 -0.00445980579 0.0243053958 0.0374937095 -0.0176742561 0.00338481553 0.115565665 0.0239086822 0.100746788 -0.0692017749 -0.0917622149 -0.110987477 -0.00727825705 0.0801533684 0.114773616 -0.0380439982 -0.143704012 -0.0300468057 -0.0287113413 0.0404885039 -0.0319090858 -0.0262450166 -0.0272773802 -0.255795956 0.0554116741 -0.0105407685 -0.0459643342 0.0497555844 -0.14558512 -0.00434520841 -0.0437322855 0.0497449152 -0.0487454347 0.0449019186 -0.0970426276 -0.0995227173 0.257453978 0.0858789608 -0.12097387 -0.0792305097 0.120989159 0.131625995 -0.067464456 -0.0242475867 -0.0043874234 -0.0250707641 0.110358119 0.0178628862 0.0360940024 0.0328796767 0.0455198213 0.0366370939 -0.04089275 0.0596896 0.139721677 0.0423047878 0.0440630987 0.031467244 -0.0676788986 0.000535544008 0.145467073
G418 0.126412585 -0.0216781832 -0.0716554895 0.0595550686 -0.00445980579 0.0243053958 0.0374937132 -0.0176742431 0.0033848118 0.115565658 0.023908671 0.100746788 -0.0692017823 -0.0917622223 -0.110987477 -0.00727825426 0.080153361 0.114773616 -0.0380439907 -0.143704027 -0.0300468206 -0.0287113339 0.0404885225 -0.0319090858 -0.0262450166 -0.0272773765 -0.255795926 0.0554116815 -0.0105407685 -0.0459643304 0.0497555844 -0.145585135 -0.00434520841 -0.0437322818 0.0497449189 -0.0487454347 0.0449019149 -0.0970426276 -0.099522762 0.257453978 0.0858789682 -0.12097387 -0.0792305022 0.120989166 0.13162598 -0.0674644634 -0.0242475886 -0.0043874234 -0.0250707716 0.110358112 0.0178629085 0.0360939987 0.0328796804 0.0455198288 0.0366371088 -0.04089275 0.0596896075 0.139721677 0.0423048027 0.0440631136 0.0314672291 -0.067678906 0.000535540283 0.145467058
G419 0.126412585 -0.0216781907 -0.0716554895 0.0595550761 -0.00445980579 0.0243054107 0.0374937095 -0.0176742468 0.00338481367 0.115565658 0.0239086822 0.100746788 -0.0692017898 -0.0917622149 -0.110987492 -0.00727825612 0.080153361 0.114773616 -0.0380439907 -0.143704027 -0.0300468057 -0.0287113339 0.0404885225 -0.0319090784 -0.0262450166 -0.0272773802 -0.255795926 0.0554116741 -0.0105407685 -0.0459643379 0.0497555807 -0.14558515 -0.00434520841 -0.043732278 0.0497449152 -0.0487454385 0.0449019298 -0.0970426276 -0.0995227471 0.257453978 0.0858789533 -0.12097387 -0.0792304948 0.120989159 0.13162601 -0.0674644709 -0.0242475886 -0.0043874234 -0.0250707753 0.110358119 0.0178628862 0.0360939912 0.0328796767 0.0455198288 0.036637105 -0.04089275 0.0596896149 0.139721677 0.0423047952 0.0440631136 0.0314672291 -0.0676788911 0.000535540283 0.145467058
G420 0.126412585 -0.0216781888 -0.0716554895 0.0595550761 -0.00445981324 0.0243053958 0.0374937095 -0.0176742543 0.00338481553 0.115565665 0.0239086747 0.100746788 -0.0692017823 -0.0917622149 -0.110987462 -0.00727825519 0.080153361 0.114773616 -0.0380439907 -0.143704012 -0.0300468132 -0.0287113376 0.0404885262 -0.0319090784 -0.0262450166 -0.027277384 -0.255795926 0.0554116741 -0.010540776 -0.0459643304 0.0497555956 -0.14558515 -0.00434520841 -0.0437322818 0.0497449115 -0.0487454347 0.0449019261 -0.0970426202 -0.0995227322 0.257453978 0.0858789384 -0.120973855 -0.0792305097 0.120989151 0.13162601 -0.0674644709 -0.0242475923 -0.0043874234 -0.025070779 0.110358112 0.0178628936 0.0360939912 0.0328796804 0.0455198213 0.036637105 -0.0408927426 0.0596896037 0.139721677 0.0423047841 0.0440631136 0.0314672291 -0.0676788986 0.000535551459 0.145467058
G421 0.126412585 -0.0216781925 -0.0716554746 0.0595550686 -0.00445981324 0.0243053958 0.0374937095 -0.0176742543 0.00338480994 0.115565665 0.0239086896 0.100746781 -0.0692017823 -0.0917622074 -0.110987484 -0.00727825891 0.080153361 0.114773616 -0.0380439945 -0.143704027 -0.0300468132 -0.0287113413 0.0404885262 -0.0319090858 -0.0262450222 -0.027277384 -0.255795956 0.0554116741 -0.0105407685 -0.045964323 0.0497555844 -0.145585135 -0.00434520841 -0.0437322855 0.0497449078 -0.0487454534 0.0449019223 -0.0970426276 -0.0995227471 0.257453978 0.0858789533 -0.120973848 -0.0792304948 0.120989151 0.13162601 -0.0674644709 -0.0242475923 -0.0043874234 -0.0250707716 0.110358104 0.0178628862 0.0360940024 0.0328796841 0.0455198288 0.0366371162 -0.04089275 0.0596896 0.139721677 0.0423047729 0.0440631136 0.0314672366 -0.0676788837 0.000535547733 0.145467058
G422 0.126412585 -0.021678187 -0.0716554895 0.0595550835 -0.00445979834 0.0243054107 0.0374937207 -0.0176742543 0.00338481739 0.115565665 0.0239086822 0.100746781 -0.0692017898 -0.0917622149 -0.110987514 -0.00727826729 0.0801533759 0.114773616 -0.0380439982 -0.143704012 -0.0300468206 -0.0287113339 0.0404885262 -0.0319090858 -0.0262450222 -0.0272773802 -0.255795926 0.0554116741 -0.0105407611 -0.0459643379 0.049755577 -0.14558512 -0.00434520841 -0.0437322818 0.0497449115 -0.0487454347 0.0449019223 -0.0970426276 -0.0995227471 0.257453978 0.0858789533 -0.12097387 -0.0792304948 0.120989144 0.13162598 -0.0674644709 -0.024247583 -0.0043874234 -0.0250707641 0.110358112 0.0178628787 0.0360940024 0.0328796692 0.0455198139 0.036637105 -0.04089275 0.0596896112 0.139721662 0.0423047952 0.0440630987 0.0314672291 -0.0676789135 0.000535547733 0.145467073
G423 0.12641257 -0.0216781851 -0.0716554895 0.0595550835 -0.00445979834 0.0243054107 0.0374937132 -0.0176742561 0.00338480994 0.115565665 0.0239086896 0.100746781 -0.0692017823 -0.0917622149 -0.110987484 -0.00727825984 0.0801533684 0.114773616 -0.0380439982 -0.143704012 -0.0300468206 -0.0287113301 0.0404885262 -0.0319090933 -0.0262450147 -0.0272773802 -0.255795956 0.0554116741 -0.0105407611 -0.0459643342 0.0497555807 -0.14558515 -0.00434520841 -0.0437322818 0.0497449152 -0.0487454385 0.0449019223 -0.0970426351 -0.0995227545 0.257453978 0.0858789533 -0.120973855 -0.0792305097 0.120989151 0.13162598 -0.0674644709 -0.0242475867 -0.0043874234 -0.0250707641 0.110358112 0.0178628936 0.0360940024 0.0328796767 0.0455198437 0.036637105 -0.04089275 0.0596896075 0.139721662 0.0423047915 0.0440631136 0.0314672217 -0.067678906 0.000535551459 0.145467073
G424 0.126412585 -0.0216781888 -0.0716555044 0.0595550761 -0.00445980579 0.0243054107 0.0374937207 -0.017674258 0.00338480994 0.11556565 0.0239086859 0.100746766 -0.0692017898 -0.0917622149 -0.110987484 -0.00727824029 0.0801533684 0.114773616 -0.0380439907 -0.143704012 -0.0300468057 -0.0287113301 0.0404885113 -0.0319090933 -0.0262450147 -0.0272773802 -0.255795926 0.0554116815 -0.0105407611 -0.0459643416 0.0497555695 -0.14558515 -0.00434520841 -0.0437322706 0.0497449078 -0.0487454422 0.0449019223 -0.0970426202 -0.0995227545 0.257453978 0.0858789459 -0.120973855 -0.0792304948 0.120989159 0.13162598 -0.0674644709 -0.0242475886 -0.00438740849 -0.0250707641 0.110358119 0.0178629011 0.0360940062 0.0328796692 0.0455198586 0.0366371088 -0.0408927575 0.0596896112 0.139721677 0.0423047878 0.0440631136 0.0314672217 -0.067678906 0.000535547733 0.145467073
G425 0.126412585 -0.0216781888 -0.071655497 0.0595550835 -0.00445980579 0.0243054107 0.0374937207 -0.017674258 0.00338481367 0.115565643 0.0239086822 0.100746773 -0.0692017823 -0.0917622074 -0.110987499 -0.00727824029 0.0801533759 0.114773609 -0.0380439907 -0.143704012 -0.0300468132 -0.0287113413 0.040488515 -0.0319090933 -0.0262450147 -0.0272773765 -0.255795926 0.055411689 -0.0105407685 -0.0459643342 0.0497555733 -0.14558515 -0.00434520841 -0.0437322706 0.0497449115 -0.0487454459 0.0449019186 -0.0970426202 -0.0995227695 0.257453978 0.0858789459 -0.120973855 -0.0792305022 0.120989159 0.13162598 -0.0674644709 -0.0242475774 -0.00438740849 -0.0250707641 0.110358119 0.0178628787 0.0360940062 0.0328796767 0.0455198437 0.036637105 -0.0408927575 0.0596896149 0.139721677 0.0423047878 0.0440631211 0.0314672291 -0.0676788911 0.000535555184 0.145467058
G426 0.137036353 0.026658088 -0.0549903773 0.027155675 0.0240544192 -0.0792343542 0.0305073466 0.0433718264 -0.0251288712 0.0495129377 -0.0254302174 0.0513182804 -0.123202637 0.0318094343 -0.116581634 0.0153215397 0.137772292 0.0341947079 -0.0214903168 -0.0840393305 -0.0118288323 0.0141640883 0.0620329529 -0.0852034315 0.0543338135 0.00915802363 -0.217811361 0.171474576 -0.0786952525 -0.0200387985 -0.0398073308 -0.133788109 -0.0921784118 -0.0707794428 0.100216039 -0.0613681972 0.0222167298 -0.0925288051 -0.0448830202 0.138477519 0.0347945057 -0.0605825335 -0.0708485171 0.132067651 -0.0553019494 0.0384150483 0.00439462811 -0.042775549 0.0423002094 -0.00181611627 -0.0134313181 0.0347766094 -0.00658938289 0.146931827 0.0281982645 0.0388032943 0.0920224339 0.0731336847 0.022795286 0.015271062 0.0470941067 0.032895945 0.0558555499 0.118640445
G429 0.137036338 0.0266581029 -0.0549903847 0.0271556675 0.0240544155 -0.0792343691 0.0305073503 0.0433718227 -0.0251288861 0.0495129451 -0.0254302174 0.0513182953 -0.123202637 0.031809438 -0.116581641 0.0153215211 0.137772292 0.0341947228 -0.021490328 -0.0840393305 -0.0118288249 0.0141640827 0.0620329529 -0.0852034166 0.0543338098 0.00915802177 -0.217811346 0.171474576 -0.07869526 -0.0200387985 -0.0398073234 -0.133788094 -0.0921783969 -0.0707794428 0.100216031 -0.0613681972 0.0222167298 -0.0925287902 -0.0448830239 0.138477519 0.034794502 -0.060582526 -0.0708485022 0.132067665 -0.0553019345 0.0384150483 0.00439463183 -0.0427755341 0.0423002169 -0.00181610882 -0.0134313181 0.0347766019 -0.00658938289 0.146931812 0.0281982683 0.0388032943 0.0920224339 0.0731336921 0.0227952823 0.015271063 0.0470941141 0.032895945 0.0558555573 0.118640468
G432 0.137036353 0.0266581029 -0.0549903922 0.027155675 0.0240544081 -0.0792343691 0.0305073485 0.043371819 -0.0251288861 0.0495129302 -0.0254302099 0.0513183028 -0.123202644 0.0318094417 -0.116581641 0.015321536 0.137772292 0.0341947228 -0.0214903243 -0.0840393379 -0.01182881 0.0141640864 0.0620329529 -0.0852034241 0.0543338098 0.00915801246 -0.217811361 0.171474576 -0.07869526 -0.020038791 -0.0398073196 -0.133788094 -0.0921784043 -0.0707794353 0.100216046 -0.0613682047 0.0222167447 -0.0925287977 -0.0448830277 0.138477489 0.034794502 -0.0605825298 -0.0708485171 0.132067651 -0.055301927 0.038415052 0.00439464115 -0.042775549 0.0423002131 -0.00181610882 -0.0134313181 0.0347766094 -0.00658938661 0.146931797 0.0281982534 0.0388032943 0.092022419 0.0731336921 0.0227952898 0.0152710723 0.0470941141 0.0328959562 0.0558555573 0.118640453
G435 0.137036353 0.0266581029 -0.0549903847 0.0271556899 0.0240544081 -0.079234384 0.0305073373 0.0433718264 -0.0251288787 0.0495129451 -0.0254302323 0.0513182953 -0.123202652 0.0318094417 -0.116581634 0.0153215397 0.137772292 0.0341947228 -0.0214903131 -0.084039323 -0.0118288249 0.0141640827 0.062032938 -0.0852034241 0.0543338172 0.00915801339 -0.217811346 0.171474576 -0.0786952674 -0.020038791 -0.0398073271 -0.133788094 -0.0921784043 -0.0707794428 0.100216031 -0.0613681972 0.0222167224 -0.0925288051 -0.0448830202 0.138477504 0.0347945094 -0.0605825111 -0.0708485097 0.132067651 -0.0553019345 0.038415052 0.00439463556 -0.042775549 0.0423002057 -0.00181610882 -0.013431333 0.0347766019 -0.00658937916 0.146931827 0.0281982645 0.0388032943 0.0920224264 0.0731336847 0.022795286 0.0152710611 0.0470941179 0.0328959413 0.0558555499 0.118640453
G438 0.137036353 0.0266581029 -0.0549903847 0.027155675 0.0240544192 -0.079234384 0.0305073485 0.0433718227 -0.0251288861 0.0495129451 -0.0254302099 0.0513182953 -0.123202637 0.031809438 -0.116581649 0.0153215341 0.137772292 0.0341947228 -0.0214903206 -0.0840393305 -0.0118288323 0.0141640846 0.0620329566 -0.0852034241 0.0543338135 0.00915801991 -0.217811361 0.171474576 -0.07869526 -0.020038791 -0.0398073234 -0.133788094 -0.0921784043 -0.0707794428 0.100216046 -0.0613681898 0.0222167373 -0.0925288051 -0.0448830314 0.138477489 0.034794502 -0.0605825298 -0.0708485097 0.132067665 -0.0553019345 0.0384150445 0.00439463742 -0.0427755415 0.0423002131 -0.00181610882 -0.0134313181 0.0347765982 -0.00658939034 0.146931827 0.0281982608 0.0388032831 0.092022419 0.0731336921 0.022795286 0.0152710574 0.0470941141 0.0328959487 0.0558555648 0.118640438
G441 0.137036353 0.0266581178 -0.0549903773 0.0271556824 0.0240544155 -0.0792343765 0.0305073503 0.0433718115 -0.0251288712 0.0495129377 -0.0254302099 0.0513182953 -0.123202644 0.031809438 -0.116581649 0.0153215285 0.137772292 0.0341947228 -0.0214903206 -0.0840393305 -0.0118288249 0.0141640808 0.0620329455 -0.0852034241 0.0543338135 0.00915802084 -0.217811361 0.171474576 -0.0786952674 -0.0200387985 -0.0398073308 -0.133788109 -0.0921784118 -0.0707794428 0.100216046 -0.0613681898 0.0222167298 -0.0925287977 -0.0448830277 0.138477504 0.0347944945 -0.0605825335 -0.0708485097 0.132067651 -0.0553019345 0.0384150445 0.00439463183 -0.042775549 0.0423002131 -0.00181611627 -0.0134313181 0.0347766019 -0.00658938289 0.146931812 0.0281982608 0.0388032831 0.092022419 0.0731336847 0.0227952898 0.0152710592 0.0470941141 0.0328959487 0.0558555499 0.118640453
G444 0.137036353 0.0266581178 -0.0549903698 0.0271556899 0.0240544192 -0.079234384 0.0305073392 0.0433718264 -0.0251288787 0.0495129377 -0.0254302099 0.0513182953 -0.123202637 0.0318094417 -0.116581634 0.0153215341 0.137772292 0.0341947228 -0.0214903206 -0.084039323 -0.0118288398 0.0141640827 0.0620329566 -0.0852034241 0.0543338135 0.00915801525 -0.217811361 0.171474576 -0.0786952674 -0.0200387985 -0.0398073308 -0.133788109 -0.0921783969 -0.0707794279 0.100216046 -0.0613681972 0.0222167298 -0.0925287902 -0.0448830314 0.138477519 0.0347945094 -0.0605825223 -0.0708485097 0.132067651 -0.0553019568 0.0384150371 0.00439464115 -0.042775549 0.0423002094 -0.00181610137 -0.0134313256 0.0347766019 -0.00658938289 0.146931827 0.0281982534 0.0388032869 0.0920224339 0.0731336996 0.0227952972 0.0152710602 0.0470941104 0.0328959413 0.0558555573 0.118640453
G447 0.137036353 0.0266581029 -0.0549903736 0.0271556899 0.0240544155 -0.0792343691 0.0305073429 0.0433718152 -0.0251288787 0.0495129488 -0.0254302248 0.0513182878 -0.123202652 0.0318094306 -0.116581656 0.0153215304 0.137772292 0.0341947079 -0.0214903168 -0.0840393305 -0.01182881 0.014164079 0.0620329455 -0.0852034166 0.0543338135 0.00915801991 -0.217811346 0.171474576 -0.07869526 -0.0200387985 -0.0398073234 -0.133788109 -0.0921783969 -0.0707794353 0.100216031 -0.0613682047 0.0222167298 -0.0925288051 -0.0448830239 0.138477504 0.0347945057 -0.0605825298 -0.0708485022 0.132067651 -0.0553019419 0.0384150408 0.00439462811 -0.0427755415 0.0423002094 -0.00181610882 -0.013431333 0.0347766243 -0.00658938289 0.146931827 0.0281982645 0.0388032869 0.0920224264 0.0731336847 0.022795286 0.0152710667 0.0470941141 0.032895945 0.0558555499 0.118640445
G450 0.137036353 0.0266581029 -0.0549903698 0.0271556899 0.0240544081 -0.079234384 0.0305073392 0.043371819 -0.0251288712 0.0495129377 -0.0254302248 0.0513182878 -0.123202644 0.0318094306 -0.116581649 0.0153215434 0.137772292 0.0341947228 -0.0214903168 -0.084039323 -0.0118288249 0.0141640771 0.062032938 -0.0852034241 0.0543338098 0.00915801805 -0.217811346 0.171474576 -0.0786952674 -0.020038791 -0.0398073383 -0.133788109 -0.0921784043 -0.0707794428 0.100216031 -0.0613681972 0.0222167298 -0.0925288051 -0.0448830202 0.138477519 0.034794502 -0.0605825409 -0.0708485097 0.132067651 -0.0553019419 0.0384150371 0.00439462438 -0.0427755415 0.0423002131 -0.00181611627 -0.0134313032 0.0347766168 -0.00658937916 0.146931812 0.0281982422 0.0388032869 0.092022419 0.0731336921 0.0227952935 0.0152710592 0.0470941216 0.0328959487 0.0558555573 0.11864046
G453 0.137036353 0.0266581029 -0.0549903773 0.0271556899 0.0240544118 -0.0792343765 0.0305073503 0.0433718264 -0.0251288712 0.0495129377 -0.0254302099 0.0513182878 -0.123202652 0.0318094455 -0.116581641 0.0153215267 0.137772292 0.0341947377 -0.021490328 -0.084039323 -0.01182881 0.014164079 0.0620329604 -0.0852034166 0.0543338135 0.00915802084 -0.217811361 0.171474576 -0.0786952674 -0.020038791 -0.0398073196 -0.133788109 -0.0921783969 -0.0707794502 0.100216024 -0.0613682047 0.0222167298 -0.0925287977 -0.0448830239 0.138477519 0.034794502 -0.060582526 -0.0708485097 0.132067651 -0.0553019345 0.0384150483 0.00439464487 -0.0427755415 0.0423002131 -0.00181610882 -0.0134313181 0.0347766131 -0.00658938289 0.146931812 0.0281982608 0.0388032869 0.0920224264 0.0731336847 0.022795286 0.0152710639 0.0470941216 0.032895945 0.0558555573 0.11864046
G456 0.137036353 0.0266581103 -0.0549903922 0.027155675 0.0240544155 -0.079234384 0.0305073503 0.0433718264 -0.0251288861 0.0495129377 -0.0254302174 0.0513182953 -0.123202644 0.0318094306 -0.116581641 0.0153215304 0.137772292 0.0341947228 -0.0214903206 -0.0840393305 -0.0118288249 0.0141640771 0.0620329529 -0.0852034241 0.0543338209 0.00915801246 -0.217811361 0.171474591 -0.0786952674 -0.0200387985 -0.0398073345 -0.133788109 -0.0921784043 -0.0707794428 0.100216046 -0.0613681972 0.0222167373 -0.0925287977 -0.0448830277 0.138477519 0.034794502 -0.0605825335 -0.0708485097 0.132067651 -0.0553019345 0.0384150483 0.00439464115 -0.042775549 0.0423002131 -0.00181609392 -0.0134313181 0.0347766019 -0.00658938289 0.146931827 0.0281982534 0.0388032943 0.0920224264 0.0731336847 0.0227952935 0.015271062 0.0470941216 0.032895945 0.0558555499 0.118640453
G459 0.137036353 0.0266581029 -0.0549903885 0.0271556899 0.0240544081 -0.0792343691 0.0305073503 0.043371819 -0.0251288861 0.0495129377 -0.0254302174 0.0513182878 -0.123202652 0.0318094231 -0.116581649 0.0153215267 0.137772292 0.0341947228 -0.0214903243 -0.084039323 -0.0118288249 0.014164079 0.0620329529 -0.0852034166 0.0543338135 0.00915801711 -0.217811361 0.171474576 -0.0786952674 -0.020038791 -0.0398073271 -0.133788109 -0.0921783894 -0.0707794502 0.100216039 -0.0613681972 0.0222167224 -0.0925287977 -0.0448830239 0.138477534 0.0347945094 -0.0605825372 -0.0708485097 0.132067651 -0.055301927 0.0384150371 0.00439463183 -0.042775549 0.0423002206 -0.00181610882 -0.0134313181 0.0347766131 -0.00658937544 0.146931827 0.0281982571 0.0388032869 0.0920224264 0.0731336921 0.0227952823 0.0152710611 0.0470941179 0.0328959376 0.0558555499 0.118640468
G462 0.137036353 0.0266581029 -0.0549903922 0.027155675 0.0240544155 -0.0792343691 0.0305073466 0.0433718152 -0.0251288638 0.0495129451 -0.0254302248 0.0513183028 -0.123202637 0.031809438 -0.116581649 0.015321536 0.137772292 0.0341947079 -0.0214903243 -0.0840393305 -0.0118288249 0.0141640808 0.0620329455 -0.0852034241 0.0543338209 0.00915802922 -0.217811361 0.171474561 -0.0786952674 -0.020038791 -0.0398073308 -0.133788109 -0.0921783969 -0.0707794428 0.100216031 -0.0613681972 0.0222167298 -0.0925288051 -0.0448830239 0.138477519 0.0347945057 -0.0605825335 -0.0708485171 0.132067665 -0.0553019345 0.0384150445 0.00439463556 -0.0427755639 0.0423002131 -0.00181610137 -0.0134313181 0.0347766094 -0.00658938661 0.146931812 0.0281982571 0.0388032943 0.0920224339 0.0731336847 0.0227952935 0.0152710695 0.0470941141 0.0328959413 0.0558555573 0.11864046
G465 0.137036353 0.0266581029 -0.0549903922 0.0271556899 0.0240544155 -0.0792343765 0.0305073485 0.043371819 -0.0251288638 0.0495129377 -0.0254302174 0.0513182953 -0.123202652 0.031809438 -0.116581649 0.0153215304 0.137772292 0.0341947228 -0.0214903243 -0.0840393305 -0.0118288249 0.0141640864 0.0620329529 -0.0852034241 0.0543338098 0.00915801991 -0.217811361 0.171474576 -0.0786952525 -0.0200387985 -0.0398073345 -0.133788109 -0.0921784118 -0.0707794428 0.100216031 -0.0613682047 0.0222167373 -0.0925287977 -0.0448830277 0.138477519 0.0347945094 -0.0605825223 -0.0708485022 0.132067665 -0.0553019568 0.038415052 0.00439463556 -0.042775549 0.0423002131 -0.00181611627 -0.0134313181 0.0347766057 -0.00658938661 0.146931812 0.0281982645 0.0388032943 0.0920224264 0.0731336921 0.0227952823 0.0152710695 0.0470941141 0.032895945 0.0558555499 0.118640475
G468 0.137036353 0.0266581178 -0.0549903922 0.0271556675 0.0240544192 -0.0792343765 0.0305073615 0.0433718264 -0.0251288712 0.0495129302 -0.0254302174 0.0513182878 -0.123202652 0.0318094306 -0.116581634 0.0153215323 0.137772292 0.0341947377 -0.0214903243 -0.0840393454 -0.0118288249 0.0141640827 0.0620329566 -0.0852034166 0.0543338135 0.00915802736 -0.217811361 0.171474576 -0.0786952525 -0.020038791 -0.0398073308 -0.133788109 -0.0921783969 -0.0707794428 0.100216031 -0.0613681898 0.0222167373 -0.0925287902 -0.0448830277 0.138477504 0.0347945057 -0.0605825409 -0.0708484948 0.132067651 -0.0553019568 0.038415052 0.00439463742 -0.042775549 0.0423002094 -0.00181610137 -0.0134313181 0.0347766094 -0.00658937916 0.146931797 0.0281982645 0.0388032943 0.0920224339 0.0731336921 0.0227952786 0.0152710592 0.0470941104 0.032895945 0.0558555573 0.118640438
G471 0.137036353 0.0266581029 -0.0549903698 0.0271556675 0.0240544081 -0.079234384 0.0305073541 0.043371819 -0.0251288787 0.0495129377 -0.0254302174 0.0513182953 -0.123202644 0.031809438 -0.116581649 0.0153215434 0.137772292 0.0341947228 -0.021490328 -0.0840393305 -0.0118288174 0.0141640902 0.0620329566 -0.0852034166 0.0543338135 0.00915801711 -0.217811361 0.171474561 -0.0786952525 -0.0200387985 -0.0398073308 -0.133788109 -0.092178382 -0.0707794353 0.100216031 -0.0613682047 0.0222167373 -0.0925287902 -0.0448830239 0.138477519 0.0347944982 -0.0605825298 -0.0708484948 0.132067651 -0.0553019419 0.0384150483 0.00439463928 -0.0427755341 0.0423002131 -0.00181611627 -0.0134313181 0.0347766094 -0.00658937916 0.146931827 0.0281982496 0.038803298 0.092022419 0.0731336921 0.022795286 0.015271062 0.0470941067 0.0328959599 0.0558555573 0.118640453
G474 0.136667639 0.026537396 -0.054093875 0.0273195878 0.0235668831 -0.0802038014 0.0305495486 0.0435330644 -0.0266185924 0.0481674969 -0.0246087462 0.0506105572 -0.122715414 0.0306308605 -0.116257504 0.0143501097 0.137977064 0.0346437544 -0.0222196914 -0.0855233744 -0.0104101077 0.013837887 0.0607427545 -0.0846241564 0.0552986488 0.00950331986 -0.218985319 0.172412038 -0.0780053884 -0.0207320824 -0.040219754 -0.134057075 -0.0918440148 -0.0707957149 0.100662857 -0.0605756827 0.0226450413 -0.0929302126 -0.0447838679 0.138216227 0.0329048634 -0.0609892979 -0.0712174028 0.12993452 -0.0550686941 0.0388013162 0.0032911906 -0.0428334922 0.0434339643 -0.00317660719 -0.014374949 0.0348619819 -0.00737287104 0.146142259 0.0288713872 0.038630154 0.092203185 0.0727254823 0.0226093009 0.0157357417 0.0470264032 0.033866141 0.055242084 0.118784048
G477 0.136667654 0.026537396 -0.0540938713 0.0273195878 0.0235668868 -0.0802038014 0.030549556 0.0435330607 -0.026618585 0.0481675081 -0.0246087536 0.0506105572 -0.122715406 0.0306308605 -0.116257504 0.0143501228 0.137977064 0.0346437544 -0.0222196952 -0.0855233818 -0.0104101226 0.013837887 0.0607427768 -0.0846241489 0.0552986562 0.00950332358 -0.218985304 0.172412038 -0.0780053884 -0.0207320824 -0.0402197503 -0.134057075 -0.0918440074 -0.0707957 0.100662842 -0.0605756752 0.0226450413 -0.0929302126 -0.0447838679 0.138216242 0.0329048634 -0.060989283 -0.0712174103 0.12993452 -0.0550687015 0.0388013162 0.00329120271 -0.0428334922 0.0434339643 -0.00317660719 -0.0143749416 0.0348619856 -0.00737287104 0.146142244 0.0288713872 0.0386301614 0.0922031924 0.0727254823 0.0226093046 0.0157357436 0.0470263995 0.033866141 0.0552420765 0.11878404
G480 0.136667654 0.026537396 -0.0540938638 0.0273196101 0.0235668831 -0.0802038014 0.030549556 0.0435330495 -0.026618585 0.0481675006 -0.0246087536 0.0506105423 -0.122715391 0.0306308642 -0.116257496 0.014350119 0.137977064 0.0346437544 -0.0222197138 -0.0855233818 -0.0104101226 0.0138378758 0.0607427619 -0.0846241564 0.055298645 0.00950331241 -0.218985319 0.172412038 -0.0780053809 -0.0207320824 -0.0402197465 -0.134057075 -0.0918440074 -0.0707957 0.100662857 -0.0605756715 0.0226450339 -0.0929302052 -0.0447838604 0.138216242 0.0329048634 -0.0609893128 -0.0712173954 0.129934505 -0.0550687015 0.0388013311 0.00329120271 -0.0428334922 0.0434339605 -0.00317662209 -0.014374949 0.0348619781 -0.00737287477 0.146142244 0.0288713798 0.0386301652 0.0922031999 0.0727254748 0.0226092972 0.0157357473 0.0470263958 0.0338661447 0.055242084 0.118784033
G483 0.136667654 0.026537396 -0.0540938638 0.0273195803 0.0235668831 -0.0802038014 0.0305495616 0.0435330495 -0.0266185924 0.0481675044 -0.0246087536 0.0506105423 -0.122715399 0.0306308679 -0.116257504 0.0143501079 0.137977034 0.0346437544 -0.0222196914 -0.0855233818 -0.01041013 0.0138378739 0.0607427545 -0.0846241564 0.0552986488 0.00950331334 -0.218985304 0.172412038 -0.0780053809 -0.0207320973 -0.0402197465 -0.134057075 -0.0918439999 -0.0707957149 0.100662857 -0.0605756789 0.0226450339 -0.0929302052 -0.0447838604 0.138216242 0.0329048634 -0.0609892942 -0.0712173954 0.12993452 -0.0550687015 0.0388013273 0.00329120085 -0.0428334922 0.0434339531 -0.00317661464 -0.0143749565 0.0348619856 -0.00737287477 0.146142244 0.0288713947 0.0386301614 0.0922031999 0.0727254823 0.0226093009 0.0157357436 0.0470263995 0.0338661335 0.0552420765 0.118784025
G486 0.136667654 0.026537396 -0.0540938713 0.0273195878 0.0235668868 -0.0802038163 0.0305495542 0.043533057 -0.0266185924 0.0481675006 -0.0246087536 0.0506105572 -0.122715406 0.0306308642 -0.116257511 0.0143501246 0.137977093 0.0346437544 -0.0222196877 -0.0855233818 -0.0104101151 0.0138378814 0.0607427657 -0.0846241489 0.055298645 0.00950332638 -0.218985304 0.172412053 -0.0780053884 -0.0207320973 -0.0402197428 -0.134057075 -0.0918440074 -0.0707957149 0.10066285 -0.0605756864 0.0226450339 -0.0929302126 -0.0447838604 0.138216227 0.0329048671 -0.060989283 -0.0712174103 0.12993452 -0.0550686941 0.0388013385 0.00329120085 -0.0428334922 0.0434339605 -0.00317662954 -0.0143749565 0.0348619819 -0.00737287104 0.146142244 0.0288713835 0.0386301614 0.092203185 0.0727254748 0.0226093084 0.0157357417 0.0470264107 0.033866141 0.055242084 0.118784033
G489 0.136667654 0.0265373886 -0.0540938787 0.0273195878 0.0235668831 -0.0802038088 0.0305495486 0.043533057 -0.0266185924 0.0481674969 -0.0246087536 0.0506105423 -0.122715414 0.0306308642 -0.116257504 0.0143501209 0.137977093 0.0346437544 -0.0222196989 -0.0855233818 -0.0104101151 0.0138378832 0.0607427731 -0.0846241564 0.0552986562 0.00950332358 -0.218985319 0.172412053 -0.0780053809 -0.0207320899 -0.0402197503 -0.134057075 -0.0918440148 -0.0707957074 0.100662857 -0.0605756864 0.0226450339 -0.0929302201 -0.044783853 0.138216242 0.0329048634 -0.060989283 -0.0712174103 0.12993452 -0.0550687015 0.0388013311 0.00329120085 -0.0428334922 0.043433968 -0.00317662209 -0.0143749416 0.0348619781 -0.00737287849 0.146142259 0.028871391 0.0386301689 0.0922031999 0.0727254823 0.0226093046 0.0157357417 0.0470264107 0.0338661484 0.0552420765 0.118784025
G492 0.136667654 0.026537396 -0.054093875 0.0273195878 0.0235668756 -0.0802038088 0.030549556 0.0435330532 -0.026618585 0.0481675044 -0.0246087685 0.0506105423 -0.122715406 0.0306308568 -0.116257489 0.0143501265 0.137977093 0.0346437544 -0.0222196952 -0.0855233818 -0.0104101151 0.0138378702 0.0607427396 -0.0846241489 0.0552986525 0.00950331986 -0.218985304 0.172412038 -0.0780053884 -0.0207320824 -0.0402197577 -0.13405706 -0.0918439999 -0.0707957149 0.100662857 -0.0605756864 0.0226450264 -0.0929302201 -0.044783853 0.138216242 0.0329048708 -0.0609892979 -0.0712173954 0.12993452 -0.0550687015 0.0388013348 0.0032911757 -0.0428334922 0.0434339754 -0.00317661464 -0.0143749416 0.0348619893 -0.00737287104 0.146142259 0.0288713947 0.0386301614 0.0922031999 0.0727254748 0.0226093084 0.015735751 0.0470263995 0.0338661447 0.055242084 0.118784033
G495 0.136667639 0.026537396 -0.0540938638 0.0273195952 0.0235668831 -0.0802038014 0.030549556 0.0435330458 -0.0266185924 0.0481675044 -0.0246087611 0.0506105497 -0.122715414 0.0306308679 -0.116257504 0.0143501116 0.137977064 0.0346437395 -0.0222196989 -0.0855233669 -0.0104101151 0.0138378814 0.0607427619 -0.0846241489 0.0552986488 0.00950331893 -0.218985304 0.172412053 -0.0780053884 -0.0207320899 -0.0402197391 -0.134057075 -0.0918440074 -0.0707957149 0.100662842 -0.0605756789 0.0226450339 -0.0929302126 -0.0447838567 0.138216242 0.0329048708 -0.0609892868 -0.0712173954 0.12993449 -0.0550686941 0.0388013385 0.00329119246 -0.0428334922 0.0434339717 -0.00317662209 -0.0143749565 0.0348619856 -0.00737287477 0.146142259 0.0288713798 0.0386301652 0.0922031999 0.0727254599 0.0226093009 0.0157357361 0.0470264107 0.0338661373 0.0552420765 0.118784033
G498 0.136667639 0.0265373886 -0.0540938713 0.0273196101 0.0235668793 -0.0802038014 0.0305495523 0.0435330607 -0.0266185924 0.0481675044 -0.0246087536 0.0506105497 -0.122715421 0.0306308717 -0.116257504 0.0143501172 0.137977064 0.0346437544 -0.022219684 -0.0855233744 -0.0104101151 0.0138378758 0.0607427582 -0.0846241564 0.0552986413 0.0095033301 -0.218985319 0.172412053 -0.0780053735 -0.0207320824 -0.0402197503 -0.134057075 -0.0918440074 -0.0707957149 0.100662842 -0.0605756864 0.0226450339 -0.0929302275 -0.0447838604 0.138216227 0.0329048708 -0.0609892905 -0.0712173954 0.12993452 -0.0550687015 0.0388013199 0.00329121388 -0.0428334922 0.043433968 -0.00317660719 -0.014374949 0.0348619819 -0.00737286732 0.146142259 0.0288713872 0.0386301614 0.0922031775 0.0727254748 0.0226093121 0.0157357454 0.0470264107 0.0338661484 0.0552420765 0.118784018
G501 0.136667654 0.026537396 -0.0540938713 0.0273195878 0.0235668831 -0.0802038014 0.0305495542 0.043533057 -0.0266185924 0.0481675044 -0.0246087462 0.0506105497 -0.122715399 0.0306308642 -0.116257496 0.0143501172 0.137977064 0.0346437544 -0.0222196952 -0.0855233818 -0.0104101151 0.0138378721 0.060742747 -0.0846241489 0.0552986488 0.0095033301 -0.218985319 0.172412068 -0.0780053735 -0.0207320824 -0.0402197503 -0.134057075 -0.0918440074 -0.0707957149 0.10066285 -0.0605756827 0.0226450413 -0.0929302201 -0.0447838604 0.138216227 0.0329048745 -0.0609892868 -0.0712174028 0.129934534 -0.0550687015 0.0388013348 0.00329120457 -0.0428334996 0.0434339754 -0.00317661464 -0.0143749416 0.0348619819 -0.00737286732 0.146142259 0.0288713798 0.0386301614 0.092203185 0.0727254748 0.0226093084 0.0157357436 0.0470264107 0.0338661335 0.055242084 0.118784025
G504 0.136667654 0.026537396 -0.0540938713 0.0273195878 0.0235668868 -0.0802038014 0.0305495523 0.043533057 -0.0266185924 0.0481674969 -0.0246087536 0.0506105423 -0.122715414 0.0306308493 -0.116257511 0.0143501284 0.137977093 0.0346437544 -0.022219684 -0.0855233744 -0.0104101077 0.0138378795 0.0607427694 -0.0846241564 0.0552986525 0.00950332358 -0.218985304 0.172412068 -0.0780053884 -0.0207320899 -0.0402197391 -0.13405709 -0.0918440074 -0.0707957149 0.100662857 -0.0605756789 0.0226450339 -0.0929302275 -0.0447838679 0.138216257 0.0329048634 -0.060989283 -0.0712174028 0.12993452 -0.0550687015 0.0388013199 0.00329121016 -0.0428334922 0.0434339568 -0.00317661464 -0.014374949 0.0348619819 -0.00737287104 0.146142244 0.0288713798 0.0386301726 0.0922031924 0.0727254674 0.0226093046 0.0157357398 0.0470263995 0.0338661559 0.055242084 0.118784033
G507 0.136667654 0.0265373811 -0.0540938675 0.0273195878 0.0235668868 -0.0802038163 0.0305495467 0.0435330607 -0.0266185924 0.0481675044 -0.0246087536 0.0506105497 -0.122715414 0.0306308605 -0.116257504 0.0143501284 0.137977093 0.0346437544 -0.0222196952 -0.0855233744 -0.0104101002 0.0138378777 0.0607427619 -0.0846241564 0.0552986525 0.00950333104 -0.218985304 0.172412038 -0.0780053884 -0.0207320824 -0.040219754 -0.134057075 -0.0918439999 -0.0707957149 0.100662857 -0.0605756827 0.0226450413 -0.0929302275 -0.0447838679 0.138216227 0.0329048634 -0.0609892905 -0.0712174028 0.129934534 -0.0550686866 0.0388013199 0.00329119898 -0.0428334922 0.0434339754 -0.00317660719 -0.0143749416 0.0348619819 -0.00737287104 0.146142259 0.0288713798 0.0386301614 0.0922031999 0.0727254674 0.0226093084 0.0157357454 0.0470264107 0.0338661447 0.055242084 0.118784033
G510 0.136667654 0.0265373886 -0.0540938713 0.0273196101 0.0235668868 -0.0802038088 0.0305495448 0.0435330532 -0.0266185924 0.0481675044 -0.0246087536 0.0506105423 -0.122715406 0.0306308642 -0.116257496 0.0143501265 0.137977064 0.0346437395 -0.0222196989 -0.0855233669 -0.0104101077 0.0138378814 0.0607427694 -0.0846241564 0.0552986488 0.00950332358 -0.218985319 0.172412068 -0.0780053884 -0.0207320824 -0.040219754 -0.134057075 -0.0918440148 -0.0707957074 0.100662857 -0.0605756827 0.0226450339 -0.0929302126 -0.0447838567 0.138216227 0.0329048671 -0.0609892905 -0.0712174103 0.12993452 -0.0550687015 0.0388013311 0.00329119898 -0.0428334922 0.0434339754 -0.00317661464 -0.0143749565 0.0348619819 -0.00737286732 0.146142244 0.0288713798 0.0386301689 0.0922031775 0.0727254748 0.0226092972 0.015735751 0.0470264032 0.0338661484 0.0552420914 0.118784048
G513 0.136667654 0.0265373811 -0.0540938638 0.0273196101 0.0235668868 -0.0802038163 0.0305495635 0.0435330532 -0.026618585 0.0481675118 -0.0246087611 0.0506105423 -0.122715406 0.0306308605 -0.116257496 0.0143501172 0.137977079 0.0346437544 -0.022219684 -0.0855233669 -0.0104101226 0.0138378832 0.0607427582 -0.0846241564 0.0552986488 0.0095033329 -0.218985304 0.172412068 -0.0780053958 -0.0207320824 -0.040219754 -0.134057075 -0.0918440074 -0.0707957074 0.10066285 -0.0605756827 0.0226450339 -0.0929302126 -0.0447838679 0.138216227 0.0329048708 -0.0609892868 -0.0712173954 0.12993452 -0.0550687164 0.0388013236 0.00329119712 -0.0428334922 0.0434339717 -0.00317661464 -0.0143749565 0.0348619856 -0.00737287477 0.146142244 0.0288713798 0.0386301689 0.0922031924 0.0727254748 0.0226093009 0.0157357417 0.0470264032 0.033866141 0.0552420765 0.11878404
G516 0.136667654 0.0265373811 -0.0540938787 0.0273195878 0.0235668793 -0.0802038014 0.030549556 0.0435330532 -0.0266185999 0.0481675118 -0.0246087536 0.0506105423 -0.122715414 0.0306308605 -0.116257504 0.0143501172 0.137977064 0.0346437544 -0.0222197063 -0.0855233669 -0.0104101077 0.0138378777 0.0607427694 -0.0846241489 0.0552986488 0.00950330961 -0.218985319 0.172412038 -0.0780053884 -0.0207320824 -0.0402197465 -0.134057075 -0.0918440148 -0.0707957223 0.100662857 -0.0605756827 0.0226450264 -0.0929302275 -0.0447838604 0.138216242 0.0329048634 -0.0609892793 -0.0712173954 0.12993452 -0.0550686941 0.0388013311 0.00329119898 -0.0428334922 0.0434339754 -0.00317662209 -0.0143749565 0.0348619819 -0.00737286359 0.146142259 0.028871391 0.0386301652 0.092203185 0.0727254823 0.0226093046 0.015735751 0.0470263958 0.0338661559 0.0552420914 0.11878404
G519 0.136667654 0.0265373886 -0.0540938713 0.0273195952 0.0235668793 -0.0802038014 0.0305495523 0.0435330495 -0.0266185924 0.0481675155 -0.0246087536 0.0506105423 -0.122715414 0.0306308679 -0.116257504 0.0143501004 0.137977093 0.0346437544 -0.0222197026 -0.0855233744 -0.0104101077 0.0138378739 0.0607427582 -0.0846241564 0.0552986488 0.00950331241 -0.218985319 0.172412038 -0.0780053884 -0.0207320824 -0.0402197316 -0.134057075 -0.0918440074 -0.0707957149 0.100662857 -0.0605756789 0.0226450339 -0.0929302275 -0.044783853 0.138216242 0.0329048559 -0.060989283 -0.0712174028 0.12993452 -0.0550686941 0.0388013236 0.0032911934 -0.0428334922 0.0434339605 -0.00317661464 -0.0143749565 0.0348619819 -0.00737286359 0.146142259 0.0288713872 0.0386301652 0.0922031999 0.0727254748 0.0226093046 0.0157357473 0.0470264107 0.0338661559 0.0552420616 0.118784033
G522 0.104390621 0.0673903227 -0.0829389095 0.00115742534 0.0113909617 -0.0597743168 -0.0154659916 0.0307054333 0.0267690197 0.0370024219 -0.0744298175 0.100576565 -0.0575507209 -0.0113344342 -0.0655246526 -0.0701003745 0.0402832627 0.0579316691 0.00866393 -0.00454646023 0.0175708681 0.00253549172 -0.0491240472 -0.109950587 0.0312575027 -0.0416923165 -0.206348121 0.097997725 -0.0254035778 -0.0079870522 0.0888606906 -0.040882729 -0.088644512 0.00744368136 0.0495845005 -0.0116453115 -0.0315181762 -0.13309297 -0.00375470519 0.117198229 0.0472806916 -0.0234153159 -0.0415900312 0.128022507 -0.0027718097 -0.0518215485 -0.0718391463 -0.100571692 0.00558749214 0.0453654453 0.00647882372 0.0613690987 0.0234365761 0.11862231 0.0161113869 0.006330356 0.0671344474 0.0545335189 0.134816945 0.0288452618 0.0132768676 -0.0066743074 -0.123337694 0.067903541
G525 0.104390621 0.0673903227 -0.0829388946 0.00115741044 0.0113909617 -0.0597743466 -0.0154659916 0.0307054296 0.0267690122 0.0370024219 -0.07442981 0.100576565 -0.057550706 -0.0113344491 -0.0655246526 -0.0701003671 0.0402832478 0.0579316691 0.00866393 -0.0045464607 0.0175708607 0.00253549172 -0.0491240472 -0.109950587 0.0312574953 -0.0416923128 -0.206348121 0.097997725 -0.0254035741 -0.0079870522 0.0888606831 -0.0408827141 -0.0886445269 0.00744367763 0.0495845154 -0.0116453208 -0.0315181725 -0.133092955 -0.00375470519 0.117198214 0.0472806916 -0.0234153122 -0.041590035 0.128022507 -0.00277178735 -0.0518215559 -0.0718391389 -0.100571699 0.00558749586 0.0453654453 0.00647882372 0.0613690987 0.0234365836 0.118622303 0.0161113814 0.0063303411 0.0671344548 0.0545335077 0.134816945 0.0288452655 0.0132768787 -0.00667430274 -0.123337686 0.067903541
G528 0.104390621 0.0673903301 -0.0829388946 0.00115740299 0.0113909692 -0.0597743317 -0.0154659916 0.0307054333 0.0267690197 0.0370024219 -0.07442981 0.100576572 -0.057550706 -0.0113344453 -0.0655246526 -0.0701003671 0.0402832478 0.0579316691 0.0086639449 -0.00454646023 0.0175708681 0.00253548846 -0.0491240472 -0.109950587 0.0312574953 -0.0416923128 -0.206348121 0.097997725 -0.0254035741 -0.0079870522 0.0888606757 -0.040882729 -0.088644512 0.00744367763 0.0495845079 -0.0116453096 -0.031518165 -0.13309297 -0.00375470892 0.117198214 0.0472806953 -0.0234153084 -0.0415900312 0.128022522 -0.00277178735 -0.051821541 -0.0718391389 -0.100571692 0.00558749586 0.0453654453 0.00647883117 0.0613690838 0.0234365761 0.118622303 0.0161113869 0.0063303411 0.0671344399 0.0545335077 0.13481693 0.0288452655 0.0132768862 -0.00667429576 -0.123337664 0.0679035336
G531 0.104390606 0.0673903301 -0.0829389095 0.00115740299 0.0113909692 -0.0597743466 -0.0154659953 0.0307054296 0.0267690197 0.0370024294 -0.07442981 0.100576565 -0.0575507283 -0.0113344453 -0.0655246451 -0.0701003671 0.0402832478 0.0579316616 0.00866393 -0.00454646116 0.0175708607 0.00253548659 -0.0491240397 -0.109950595 0.0312575065 -0.0416923165 -0.206348106 0.0979977399 -0.0254035853 -0.00798705593 0.0888606682 -0.0408827178 -0.088644512 0.00744368508 0.0495845154 -0.0116453208 -0.0315181687 -0.13309297 -0.00375471637 0.117198229 0.0472806916 -0.0234153122 -0.0415900275 0.128022522 -0.00277180225 -0.0518215559 -0.0718391389 -0.100571692 0.00558749586 0.0453654379 0.00647882372 0.0613690838 0.0234365687 0.11862231 0.0161113944 0.006330356 0.0671344325 0.0545335189 0.134816945 0.0288452655 0.0132768899 -0.0066743046 -0.123337694 0.067903541
G534 0.104390606 0.0673903301 -0.0829389095 0.00115740299 0.0113909617 -0.0597743392 -0.0154659897 0.0307054352 0.0267690197 0.0370024219 -0.0744298175 0.100576565 -0.057550706 -0.0113344416 -0.0655246526 -0.0701003745 0.0402832478 0.057931684 0.00866393 -0.00454646489 0.0175708532 0.00253549358 -0.0491240397 -0.109950587 0.031257499 -0.0416923091 -0.206348136 0.097997725 -0.0254035741 -0.00798705965 0.0888606906 -0.040882729 -0.088644512 0.00744368881 0.0495845079 -0.0116453208 -0.0315181725 -0.13309297 -0.00375470892 0.117198229 0.047280699 -0.0234153084 -0.0415900312 0.128022507 -0.00277180225 -0.0518215485 -0.0718391389 -0.100571699 0.00558750704 0.0453654379 0.00647882372 0.0613691024 0.0234365761 0.118622303 0.0161113981 0.0063303411 0.0671344325 0.0545335039 0.134816945 0.0288452692 0.0132768787 -0.00667431019 -0.123337686 0.0679035485
G537 0.104390606 0.0673903301 -0.0829388946 0.00115739554 0.0113909617 -0.0597743466 -0.0154659934 0.0307054371 0.0267690197 0.0370024256 -0.0744298026 0.10057658 -0.0575507134 -0.0113344453 -0.0655246526 -0.0701003745 0.0402832627 0.0579316691 0.0086639449 -0.00454646442 0.0175708681 0.00253549032 -0.0491240397 -0.109950587 0.0312574953 -0.0416923165 -0.206348121 0.0979977176 -0.0254035816 -0.0079870522 0.0888606757 -0.040882729 -0.088644512 0.00744367391 0.0495845079 -0.0116453134 -0.0315181948 -0.13309297 -0.00375470892 0.117198229 0.047280699 -0.0234153084 -0.0415900275 0.128022507 -0.00277180225 -0.0518215634 -0.0718391389 -0.100571692 0.00558750331 0.0453654304 0.00647883117 0.0613690913 0.0234365836 0.11862231 0.0161113925 0.0063303411 0.0671344325 0.0545335189 0.13481693 0.028845273 0.0132768899 -0.00667430088 -0.123337679 0.0679035559
G540 0.104390606 0.0673903227 -0.0829388797 0.00115742534 0.0113909692 -0.0597743168 -0.0154659953 0.0307054352 0.0267690197 0.0370024182 -0.0744298026 0.100576572 -0.0575506985 -0.0113344491 -0.0655246526 -0.0701003745 0.0402832627 0.0579316542 0.00866392255 -0.00454646861 0.0175708681 0.00253549265 -0.0491240472 -0.109950587 0.031257499 -0.0416923128 -0.206348121 0.0979977176 -0.0254035741 -0.00798705593 0.0888606831 -0.0408827215 -0.088644512 0.00744368508 0.0495845005 -0.0116453171 -0.031518165 -0.13309297 -0.00375471264 0.117198229 0.0472806916 -0.0234153271 -0.041590035 0.128022522 -0.00277178735 -0.0518215671 -0.0718391389 -0.100571692 0.00558748841 0.0453654304 0.00647883117 0.061369095 0.0234365761 0.118622318 0.0161113907 0.0063303411 0.0671344697 0.0545335151 0.134816945 0.0288452692 0.0132768825 -0.00667430228 -0.123337679 0.067903541
G543 0.104390629 0.0673903376 -0.0829389095 0.00115740299 0.0113909617 -0.0597743317 -0.0154659897 0.0307054333 0.0267690197 0.0370024145 -0.0744298026 0.100576565 -0.057550706 -0.0113344379 -0.0655246451 -0.0701003745 0.0402832627 0.0579316616 0.00866393 -0.00454647047 0.0175708607 0.00253549125 -0.0491240397 -0.10995061 0.0312575027 -0.0416923091 -0.206348136 0.097997725 -0.0254035853 -0.00798705965 0.0888606757 -0.040882729 -0.0886445194 0.00744368136 0.0495845079 -0.0116453189 -0.0315181725 -0.133092955 -0.00375471637 0.117198229 0.0472806916 -0.0234153233 -0.0415900424 0.128022522 -0.00277178735 -0.0518215671 -0.071839124 -0.100571699 0.00558749586 0.0453654379 0.00647881627 0.0613690838 0.0234365761 0.118622303 0.0161114 0.0063303411 0.0671344697 0.0545335151 0.134816945 0.0288452655 0.013276875 -0.00667430693 -0.123337686 0.067903541
G546 0.103531092 0.0677719712 -0.0810634494 0.000980168581 0.0109470859 -0.0611430556 -0.015173262 0.0300860927 0.0243441239 0.0344497263 -0.0730385482 0.0995825827 -0.0564728007 -0.0131230503 -0.065166831 -0.0722473934 0.0411918759 0.058011651 0.00737634301 -0.00753494818 0.0192177966 0.00189671386 -0.0520648956 -0.108948208 0.0334275998 -0.0409402251 -0.208276168 0.0998802781 -0.0249215513 -0.0089899078 0.0882276818 -0.0416052416 -0.0881408155 0.00782744214 0.0507555865 -0.0106779383 -0.030956082 -0.133320346 -0.00314077735 0.117217362 0.0443153903 -0.0249631405 -0.0423838012 0.12373206 -0.00250717252 -0.0512034409 -0.0737395734 -0.100830056 0.00780795515 0.0430257022 0.00447192043 0.0611677393 0.0221678913 0.117187813 0.0171950869 0.00611950457 0.067785576 0.0532986261 0.133653864 0.0293163676 0.012462385 -0.00522990478 -0.124619596 0.0685348287
G549 0.1035311 0.0677719712 -0.0810634345 0.000980190933 0.0109470785 -0.0611430556 -0.0151732545 0.0300860833 0.0243441239 0.0344497263 -0.0730385482 0.0995825678 -0.0564727932 -0.0131230466 -0.065166831 -0.0722473934 0.0411918908 0.0580116436 0.00737633556 -0.00753496122 0.0192177817 0.00189671339 -0.0520648919 -0.108948208 0.0334275961 -0.0409402288 -0.208276182 0.0998802781 -0.0249215625 -0.00898991153 0.0882276818 -0.0416052379 -0.0881408304 0.00782743841 0.0507555827 -0.0106779421 -0.0309560932 -0.133320346 -0.00314078107 0.117217347 0.0443153903 -0.0249631312 -0.0423838012 0.123732053 -0.00250717252 -0.0512034409 -0.0737395808 -0.100830056 0.0078079477 0.0430256873 0.00447190553 0.0611677431 0.0221678838 0.117187805 0.0171950851 0.00611950457 0.0677855834 0.0532986298 0.133653864 0.0293163694 0.012462385 -0.00522990478 -0.124619603 0.0685348287
G552 0.103531092 0.0677719861 -0.0810634568 0.000980183482 0.0109470934 -0.0611430556 -0.0151732545 0.0300860871 0.0243441239 0.0344497189 -0.0730385631 0.0995825827 -0.0564727969 -0.0131230503 -0.065166831 -0.0722473934 0.0411918759 0.0580116436 0.00737635046 -0.00753493607 0.0192177817 0.0018967092 -0.0520649031 -0.108948216 0.0334275961 -0.0409402214 -0.208276168 0.0998802781 -0.0249215588 -0.0089899078 0.0882276893 -0.0416052341 -0.0881408155 0.00782745332 0.0507555865 -0.0106779365 -0.0309560969 -0.133320346 -0.00314077362 0.117217347 0.0443153903 -0.0249631368 -0.0423837975 0.12373206 -0.00250716507 -0.0512034409 -0.0737395883 -0.100830056 0.00780795887 0.0430257097 0.00447192043 0.0611677393 0.0221678838 0.117187813 0.0171950944 0.00611950457 0.067785576 0.0532986224 0.133653864 0.029316362 0.0124623738 -0.00522990618 -0.124619618 0.0685348287
G555 0.103531092 0.0677719712 -0.0810634345 0.000980176032 0.0109470934 -0.0611430556 -0.0151732657 0.0300860796 0.0243441388 0.0344497189 -0.0730385482 0.0995825604 -0.0564727932 -0.0131230578 -0.065166831 -0.0722473711 0.041191861 0.058011651 0.00737634301 -0.00753494073 0.0192177817 0.00189671386 -0.0520648919 -0.108948208 0.0334275924 -0.0409402214 -0.208276182 0.0998802781 -0.0249215588 -0.0089899078 0.0882276967 -0.0416052416 -0.0881408155 0.00782743469 0.050755579 -0.0106779421 -0.0309560895 -0.133320346 -0.00314078107 0.117217347 0.044315394 -0.0249631386 -0.0423838124 0.12373206 -0.00250717998 -0.0512034409 -0.0737395883 -0.100830056 0.00780795142 0.0430257022 0.00447192788 0.0611677431 0.0221678838 0.11718782 0.0171950758 0.00611950457 0.067785576 0.0532986335 0.133653879 0.0293163713 0.012462385 -0.00522989826 -0.124619603 0.0685348362
G558 0.103531092 0.0677719712 -0.0810634345 0.000980176032 0.0109470859 -0.0611430407 -0.0151732545 0.0300860815 0.0243441239 0.0344497189 -0.0730385557 0.0995825753 -0.0564727969 -0.0131230466 -0.065166831 -0.072247386 0.0411918759 0.058011651 0.00737635046 -0.00753494259 0.0192177817 0.00189669942 -0.0520648919 -0.108948201 0.0334275961 -0.0409402251 -0.208276168 0.0998802632 -0.0249215588 -0.00898990035 0.0882276744 -0.0416052379 -0.0881408155 0.00782746077 0.0507555753 -0.0106779402 -0.0309560932 -0.133320346 -0.00314078107 0.117217332 0.044315394 -0.0249631442 -0.0423838086 0.12373206 -0.00250715762 -0.0512034409 -0.0737395883 -0.100830048 0.00780795515 0.0430257097 0.00447192043 0.0611677393 0.0221678838 0.117187805 0.0171950795 0.00611950457 0.067785576 0.0532986298 0.133653879 0.0293163732 0.0124623775 -0.00522990525 -0.124619603 0.0685348287
G561 0.1035311 0.0677719712 -0.0810634494 0.000980183482 0.0109470859 -0.0611430705 -0.015173262 0.0300860852 0.0243441239 0.0344497263 -0.0730385631 0.0995825678 -0.0564728044 -0.0131230541 -0.065166831 -0.072247386 0.0411918759 0.058011651 0.00737634301 -0.00753494073 0.0192177966 0.00189670315 -0.0520648956 -0.108948216 0.0334275998 -0.0409402251 -0.208276168 0.0998802632 -0.0249215513 -0.00898990408 0.0882276818 -0.0416052379 -0.088140808 0.00782745332 0.0507555827 -0.0106779383 -0.0309560969 -0.133320361 -0.00314078107 0.117217347 0.0443153977 -0.0249631349 -0.0423838012 0.123732068 -0.00250717252 -0.0512034409 -0.0737395808 -0.100830056 0.0078079477 0.0430257097 0.00447191298 0.0611677393 0.0221678838 0.117187813 0.0171950907 0.00611950457 0.0677855611 0.0532986261 0.133653879 0.029316375 0.0124623738 -0.00522989966 -0.124619603 0.0685348287
G564 0.103531107 0.0677719712 -0.0810634345 0.000980176032 0.0109470859 -0.0611430705 -0.0151732601 0.0300860796 0.0243441388 0.0344497114 -0.0730385482 0.0995825604 -0.0564727932 -0.0131230466 -0.0651668236 -0.072247386 0.0411918759 0.0580116585 0.00737634301 -0.00753495377 0.0192177817 0.0018967092 -0.0520649031 -0.108948216 0.0334275961 -0.0409402288 -0.208276168 0.0998802707 -0.0249215513 -0.0089899078 0.0882276744 -0.0416052341 -0.0881408155 0.00782745332 0.0507555753 -0.0106779365 -0.030956082 -0.133320346 -0.00314077362 0.117217362 0.0443153903 -0.0249631405 -0.0423838049 0.12373206 -0.00250717252 -0.0512034409 -0.0737395808 -0.100830056 0.00780795515 0.0430257022 0.00447192043 0.0611677468 0.0221678838 0.11718782 0.0171950869 0.00611950457 0.0677855685 0.0532986298 0.133653894 0.0293163694 0.0124623775 -0.00522990525 -0.124619603 0.0685348287
G567 0.1035311 0.0677719861 -0.0810634345 0.000980168581 0.0109470859 -0.0611430407 -0.015173262 0.0300860889 0.0243441314 0.0344497189 -0.0730385408 0.0995825678 -0.0564727858 -0.0131230541 -0.065166831 -0.072247386 0.0411918461 0.058011651 0.00737635046 -0.00753495097 0.0192177817 0.00189671572 -0.0520648882 -0.108948223 0.0334275998 -0.0409402288 -0.208276168 0.0998802781 -0.0249215551 -0.0089899078 0.0882276967 -0.0416052416 -0.088140808 0.00782745704 0.0507555827 -0.0106779346 -0.0309561007 -0.133320361 -0.00314078107 0.117217362 0.044315394 -0.0249631424 -0.0423838012 0.123732045 -0.00250717252 -0.0512034334 -0.0737395883 -0.100830041 0.00780795515 0.0430257022 0.00447192043 0.0611677393 0.0221678689 0.11718782 0.0171950925 0.00611950457 0.067785576 0.0532986298 0.133653879 0.0293163694 0.0124623813 -0.0052298978 -0.124619603 0.0685348362
G570 0.0917483419 0.0697648227 -0.0843345374 -0.0259699598 0.0175062381 -0.0659688264 0.00785455015 0.0157239828 0.00330994278 0.0119830072 -0.0644576475 0.107462615 -0.0577384159 0.00146213919 -0.05244302 -0.0735047534 0.0285477489 0.0325366706 0.0156699121 -0.0184768643 -0.00685480982 0.0328195393 -0.0590889901 -0.0871758312 0.0232993513 -0.0303115584 -0.223592728 0.113916129 -0.0275541358 -0.0206458718 0.0736176893 -0.0446049497 -0.07364887 -0.0228930563 0.0640292466 -0.00727257365 -0.0187280998 -0.113567948 0.0281154756 0.113406077 0.0486188792 -0.0469453745 -0.0167050716 0.121936128 -0.0137207061 -0.0241167694 -0.0593568087 -0.0840820223 0.0384221673 0.0489656031 0.0113312677 0.0545962304 0.0138406381 0.121047482 -0.00988312345 -0.00586729497 0.0639353022 0.0399006605 0.111010373 0.0216909833 0.00463891774 -0.00909275934 -0.0842630863 0.039698489
G571 0.0917483419 0.0697648227 -0.0843345299 -0.0259699523 0.0175062381 -0.0659688339 0.00785455573 0.0157239828 0.00330995023 0.01198301 -0.0644576475 0.107462615 -0.0577384196 0.00146213174 -0.05244302 -0.0735047534 0.0285477489 0.0325366631 0.0156699009 -0.0184768699 -0.00685480982 0.0328195393 -0.0590889864 -0.0871758312 0.0232993513 -0.0303115584 -0.223592728 0.113916129 -0.0275541432 -0.0206458643 0.0736176893 -0.0446049422 -0.0736488774 -0.0228930563 0.0640292466 -0.00727257365 -0.0187280998 -0.113567948 0.0281154681 0.113406107 0.0486188792 -0.0469453745 -0.0167050753 0.121936135 -0.0137206912 -0.0241167769 -0.0593568049 -0.0840820223 0.0384221748 0.0489656031 0.0113312677 0.0545962304 0.0138406381 0.121047482 -0.00988312531 -0.00586729497 0.0639353022 0.0399006605 0.111010373 0.0216909815 0.00463891774 -0.00909276307 -0.0842630714 0.0396984965
G572 0.0917483419 0.0697648227 -0.084334515 -0.0259699672 0.0175062343 -0.0659688488 0.00785455853 0.0157239847 0.00330994278 0.0119829988 -0.064457655 0.107462615 -0.0577384047 0.00146213546 -0.0524430126 -0.0735047609 0.0285477489 0.0325366557 0.0156698935 -0.0184768625 -0.00685480982 0.0328195393 -0.0590889938 -0.0871758312 0.0232993495 -0.0303115658 -0.223592713 0.113916129 -0.0275541432 -0.0206458718 0.0736176893 -0.0446049497 -0.0736488774 -0.02289306 0.064029254 -0.00727257924 -0.0187281072 -0.113567941 0.0281154718 0.113406092 0.0486188754 -0.0469453745 -0.0167050753 0.121936157 -0.0137206838 -0.0241167843 -0.0593568087 -0.0840820074 0.0384221673 0.0489655882 0.0113312602 0.0545962378 0.0138406232 0.121047489 -0.00988313276 -0.00586729497 0.0639353171 0.0399006531 0.111010373 0.0216909926 0.00463891402 -0.00909275934 -0.0842630714 0.0396984927
G573 0.0917483419 0.0697648227 -0.0843345225 -0.0259699598 0.0175062306 -0.0659688339 0.0078545576 0.0157239791 0.00330995023 0.0119829969 -0.0644576475 0.107462615 -0.0577384084 0.00146213174 -0.05244302 -0.0735047609 0.0285477489 0.032536678 0.0156699196 -0.0184768625 -0.00685480237 0.0328195393 -0.0590889938 -0.0871758312 0.0232993513 -0.0303115621 -0.223592713 0.113916129 -0.0275541432 -0.020645868 0.0736176819 -0.0446049497 -0.0736488774 -0.0228930637 0.0640292466 -0.00727257458 -0.0187281072 -0.113567933 0.0281154718 0.113406092 0.0486188717 -0.0469453782 -0.0167050753 0.121936142 -0.0137206987 -0.0241167732 -0.0593568087 -0.0840820223 0.038422171 0.0489655882 0.0113312602 0.0545962378 0.0138406381 0.121047489 -0.00988313463 -0.00586729497 0.0639353096 0.0399006568 0.111010373 0.0216909926 0.00463891029 -0.00909276307 -0.0842630714 0.039698489
G574 0.0917483494 0.0697648227 -0.084334515 -0.0259699598 0.0175062381 -0.0659688339 0.00785454549 0.0157239847 0.00330995023 0.0119830109 -0.064457655 0.107462607 -0.0577384233 0.00146213546 -0.05244302 -0.0735047534 0.0285477489 0.0325366706 0.0156698972 -0.0184768699 -0.00685480982 0.0328195319 -0.0590889975 -0.0871758312 0.0232993551 -0.0303115603 -0.223592713 0.113916129 -0.0275541395 -0.0206458718 0.0736177042 -0.0446049497 -0.0736488774 -0.0228930637 0.0640292615 -0.00727257365 -0.0187280998 -0.113567933 0.02811547 0.113406092 0.0486188717 -0.0469453819 -0.016705079 0.121936135 -0.0137207136 -0.0241167843 -0.0593568087 -0.0840820298 0.0384221673 0.0489656031 0.0113312677 0.0545962304 0.0138406307 0.121047474 -0.00988313463 -0.00586729497 0.0639353245 0.039900668 0.111010373 0.0216909852 0.00463891029 -0.00909276493 -0.0842630714 0.0396984965
G575 0.0917483419 0.0697648227 -0.084334515 -0.0259699672 0.0175062455 -0.0659688413 0.00785455015 0.0157239884 0.00330994278 0.0119830007 -0.064457655 0.107462607 -0.0577384271 0.00146214291 -0.05244302 -0.0735047534 0.0285477489 0.0325366706 0.0156699009 -0.018476868 -0.00685480237 0.0328195244 -0.0590889975 -0.0871758237 0.0232993551 -0.0303115584 -0.223592713 0.113916129 -0.0275541395 -0.0206458718 0.0736177042 -0.0446049497 -0.0736488774 -0.0228930674 0.0640292615 -0.00727258204 -0.0187280998 -0.113567926 0.02811547 0.113406092 0.048618868 -0.0469453819 -0.016705079 0.121936135 -0.0137207136 -0.0241167806 -0.0593568087 -0.0840820298 0.0384221673 0.0489656031 0.0113312677 0.0545962304 0.0138406381 0.121047474 -0.00988313649 -0.00586729497 0.0639353245 0.0399006605 0.111010373 0.0216909852 0.00463892147 -0.0090927612 -0.0842630714 0.0396984965
G576 0.0917483345 0.0697648376 -0.0843345076 -0.0259699672 0.0175062455 -0.0659688339 0.00785455666 0.0157239828 0.00330994278 0.0119830016 -0.064457655 0.107462622 -0.0577384233 0.00146213919 -0.0524430126 -0.073504746 0.0285477638 0.032536678 0.0156699046 -0.0184768699 -0.00685480237 0.0328195244 -0.0590889826 -0.0871758237 0.0232993476 -0.0303115621 -0.223592713 0.113916129 -0.0275541507 -0.0206458718 0.0736176968 -0.0446049497 -0.0736488774 -0.0228930563 0.064029254 -0.00727258017 -0.0187280849 -0.113567941 0.0281154756 0.113406092 0.0486188829 -0.0469453707 -0.0167050753 0.121936128 -0.0137206987 -0.0241167657 -0.0593568049 -0.0840820223 0.038422171 0.0489655957 0.0113312677 0.0545962453 0.0138406307 0.121047474 -0.00988312718 -0.00586730987 0.0639353022 0.0399006605 0.111010373 0.0216909815 0.00463891402 -0.00909276679 -0.0842630789 0.0396984816
G577 0.0917483345 0.0697648227 -0.0843345001 -0.0259699672 0.0175062455 -0.0659688339 0.00785455294 0.0157239847 0.00330994278 0.0119830007 -0.064457655 0.107462615 -0.0577384196 0.00146213919 -0.05244302 -0.073504746 0.0285477638 0.0325366557 0.0156699009 -0.0184768736 -0.00685480237 0.0328195244 -0.0590889826 -0.0871758312 0.0232993513 -0.0303115621 -0.223592713 0.113916129 -0.0275541432 -0.0206458718 0.0736176893 -0.0446049497 -0.0736488774 -0.0228930563 0.064029254 -0.0072725839 -0.0187280998 -0.113567933 0.0281154756 0.113406107 0.0486188829 -0.0469453745 -0.0167050753 0.121936135 -0.0137206912 -0.0241167694 -0.0593568049 -0.0840820298 0.038422171 0.0489656031 0.0113312602 0.0545962378 0.0138406232 0.121047474 -0.00988312904 -0.00586729497 0.0639353022 0.0399006605 0.111010365 0.0216909833 0.00463891402 -0.00909276865 -0.0842630714 0.0396984853
G578 0.0917483419 0.0697648227 -0.084334515 -0.0259699672 0.0175062306 -0.0659688339 0.00785455666 0.0157239921 0.00330995023 0.0119830063 -0.064457655 0.107462622 -0.0577384308 0.00146213174 -0.05244302 -0.0735047534 0.0285477638 0.0325366631 0.0156698935 -0.0184768625 -0.00685481727 0.0328195319 -0.0590889826 -0.0871758386 0.0232993476 -0.0303115584 -0.223592713 0.113916129 -0.0275541507 -0.0206458718 0.0736176968 -0.0446049497 -0.0736488774 -0.0228930656 0.0640292466 -0.00727257645 -0.0187280923 -0.113567948 0.0281154718 0.113406107 0.0486188754 -0.0469453745 -0.016705079 0.121936157 -0.0137206987 -0.0241167732 -0.0593568012 -0.0840820223 0.0384221673 0.0489655957 0.0113312602 0.0545962304 0.0138406307 0.121047482 -0.00988313649 -0.00586729497 0.0639353096 0.039900668 0.111010373 0.0216909796 0.00463891774 -0.00909276493 -0.0842630714 0.0396985039
G579 0.0917483494 0.0697648227 -0.0843345225 -0.0259699672 0.0175062343 -0.0659688339 0.00785455108 0.0157239866 0.00330995023 0.0119830044 -0.064457655 0.107462615 -0.0577384159 0.00146213174 -0.05244302 -0.0735047534 0.0285477638 0.0325366706 0.0156699009 -0.0184768699 -0.00685480982 0.0328195319 -0.0590889864 -0.0871758312 0.0232993513 -0.0303115565 -0.223592713 0.113916129 -0.0275541469 -0.020645868 0.0736176968 -0.0446049497 -0.0736488774 -0.0228930693 0.0640292466 -0.00727257179 -0.0187280998 -0.113567941 0.0281154718 0.113406092 0.0486188754 -0.0469453745 -0.016705079 0.121936142 -0.0137206987 -0.0241167732 -0.0593568049 -0.0840820223 0.0384221636 0.0489655882 0.0113312602 0.0545962304 0.0138406307 0.121047482 -0.00988312718 -0.00586729497 0.0639353022 0.039900668 0.111010365 0.0216909777 0.00463891774 -0.00909275934 -0.0842630789 0.0396985039
G580 0.0917483419 0.0697648227 -0.0843345076 -0.0259699672 0.0175062381 -0.0659688339 0.00785454735 0.0157239903 0.00330995023 0.0119829932 -0.064457655 0.107462622 -0.0577384308 0.00146214664 -0.0524430126 -0.0735047609 0.0285477489 0.0325366631 0.0156698935 -0.0184768625 -0.00685480237 0.0328195319 -0.0590889789 -0.0871758312 0.0232993476 -0.0303115584 -0.223592713 0.113916129 -0.0275541432 -0.0206458569 0.0736176968 -0.0446049571 -0.0736488625 -0.02289306 0.064029254 -0.00727257645 -0.0187281072 -0.113567933 0.0281154756 0.113406092 0.0486188754 -0.0469453745 -0.016705079 0.121936142 -0.0137206987 -0.0241167694 -0.0593568049 -0.0840820298 0.0384221636 0.0489656031 0.0113312677 0.0545962304 0.0138406307 0.121047482 -0.00988313276 -0.00586729497 0.0639353022 0.039900668 0.111010358 0.0216909852 0.00463892147 -0.0090927612 -0.0842630714 0.039698489
G581 0.0917483419 0.0697648227 -0.0843345076 -0.0259699672 0.0175062343 -0.0659688339 0.00785454735 0.0157239921 0.00330995023 0.0119829923 -0.0644576401 0.10746263 -0.0577384271 0.00146214291 -0.05244302 -0.0735047534 0.0285477489 0.0325366631 0.0156698935 -0.0184768643 -0.00685480237 0.0328195319 -0.0590889752 -0.0871758312 0.0232993513 -0.0303115584 -0.223592713 0.113916129 -0.0275541395 -0.0206458718 0.0736176968 -0.0446049571 -0.0736488625 -0.0228930674 0.064029254 -0.00727257831 -0.0187281072 -0.113567933 0.0281154774 0.113406092 0.0486188792 -0.0469453707 -0.016705079 0.121936142 -0.0137207136 -0.0241167657 -0.0593568012 -0.0840820298 0.0384221599 0.0489656031 0.0113312602 0.0545962378 0.0138406232 0.121047482 -0.00988313649 -0.00586729497 0.0639353022 0.039900668 0.111010358 0.0216909833 0.00463891774 -0.00909275748 -0.0842630789 0.0396984965
G582 0.0917483494 0.0697648227 -0.084334515 -0.0259699598 0.0175062381 -0.0659688339 0.00785455015 0.0157239847 0.00330994278 0.0119829988 -0.064457655 0.107462615 -0.0577384233 0.00146213919 -0.0524430275 -0.073504746 0.028547734 0.0325366706 0.0156699009 -0.0184768662 -0.00685480237 0.0328195281 -0.0590889789 -0.0871758237 0.0232993513 -0.0303115547 -0.223592713 0.113916129 -0.0275541432 -0.0206458569 0.0736176968 -0.0446049497 -0.0736488774 -0.0228930637 0.0640292466 -0.00727257924 -0.0187281072 -0.113567933 0.028115483 0.113406092 0.0486188717 -0.0469453745 -0.016705079 0.121936142 -0.0137207136 -0.0241167769 -0.0593568049 -0.0840820298 0.0384221673 0.0489655882 0.0113312602 0.0545962378 0.0138406307 0.121047474 -0.00988312345 -0.00586730242 0.0639353096 0.039900668 0.111010373 0.021690974 0.00463892519 -0.00909275562 -0.0842630789 0.0396985039
G583 0.0917483419 0.0697648227 -0.0843345076 -0.0259699598 0.0175062381 -0.0659688339 0.00785455294 0.0157239903 0.00330995023 0.0119829951 -0.064457655 0.107462622 -0.0577384308 0.00146213919 -0.0524430275 -0.0735047534 0.028547734 0.0325366631 0.0156699009 -0.0184768662 -0.00685481727 0.0328195319 -0.0590889826 -0.0871758312 0.0232993513 -0.0303115547 -0.223592713 0.113916129 -0.0275541469 -0.020645868 0.0736176893 -0.0446049497 -0.0736488774 -0.0228930637 0.0640292466 -0.00727258017 -0.0187281072 -0.113567933 0.0281154756 0.113406092 0.0486188754 -0.0469453856 -0.016705079 0.121936142 -0.0137207136 -0.0241167806 -0.0593568012 -0.0840820223 0.0384221748 0.0489655882 0.0113312602 0.0545962378 0.0138406307 0.121047467 -0.00988312531 -0.00586730242 0.0639353022 0.039900668 0.111010373 0.0216909777 0.00463891774 -0.00909275748 -0.084263064 0.0396985002
G584 0.0917483419 0.0697648227 -0.0843345225 -0.0259699598 0.0175062343 -0.0659688339 0.00785455294 0.0157239903 0.00330994278 0.0119830016 -0.064457655 0.107462622 -0.0577384308 0.00146213919 -0.0524430275 -0.0735047534 0.0285477489 0.0325366855 0.0156699196 -0.0184768625 -0.00685481727 0.0328195319 -0.0590889901 -0.0871758312 0.0232993625 -0.0303115584 -0.223592713 0.113916129 -0.0275541432 -0.0206458606 0.0736176968 -0.0446049422 -0.0736488774 -0.0228930619 0.064029254 -0.00727258204 -0.0187280923 -0.113567948 0.0281154681 0.113406092 0.0486188754 -0.0469453745 -0.0167050678 0.121936142 -0.013720721 -0.0241167732 -0.0593568049 -0.0840820298 0.0384221748 0.0489655882 0.0113312677 0.0545962304 0.0138406381 0.121047482 -0.00988313276 -0.00586730987 0.0639352947 0.0399006605 0.111010373 0.0216909777 0.00463890284 -0.00909276213 -0.0842630789 0.0396984965
G585 0.0917483419 0.0697648227 -0.0843345076 -0.0259699598 0.0175062306 -0.0659688339 0.00785454735 0.0157239903 0.00330995023 0.0119830091 -0.0644576475 0.107462622 -0.0577384233 0.00146213919 -0.0524430275 -0.0735047534 0.0285477489 0.0325366706 0.0156699009 -0.018476868 -0.00685480237 0.0328195319 -0.0590889826 -0.0871758312 0.0232993569 -0.030311564 -0.223592713 0.113916129 -0.0275541432 -0.0206458494 0.0736176893 -0.0446049422 -0.0736488774 -0.0228930674 0.064029254 -0.00727257924 -0.0187280923 -0.113567933 0.0281154662 0.113406107 0.0486188717 -0.0469453819 -0.0167050753 0.121936142 -0.0137206987 -0.0241167769 -0.0593568012 -0.0840820298 0.0384221748 0.0489655957 0.0113312677 0.0545962304 0.0138406381 0.121047474 -0.00988312904 -0.00586729497 0.0639353022 0.0399006605 0.111010358 0.0216909796 0.00463891029 -0.00909275934 -0.0842630789 0.0396985002
G586 0.0739948452 0.0649482533 -0.0853691697 -0.0289196298 0.0198761187 -0.0622420087 0.00553016923 0.0238400213 0.0059774369 0.0054348819 -0.0626522601 0.111398742 -0.0552184135 0.0062516965 -0.061748907 -0.0767329484 0.031877026 0.0262442231 0.0110889897 -0.0227754191 -0.00990498066 0.0304537658 -0.061658904 -0.0895938277 0.0296158157 -0.0290567782 -0.2089542 0.110583618 -0.0247262232 -0.00933494046 0.0763745904 -0.0323560163 -0.0778684616 -0.0259584486 0.0594056323 0.00506894477 -0.0160757937 -0.108485535 0.0288002137 0.104403615 0.030582441 -0.0464304909 -0.0155455898 0.118465409 -0.0115704611 -0.0226631872 -0.0697112679 -0.0935736075 0.0360986963 0.0456331298 0.00786246359 0.054031726 0.00888734311 0.112642527 -0.00741156004 -0.00397498906 0.0633127987 0.0440668911 0.111844227 0.0151789216 0.0121271349 -0.0148600116 -0.0876578316 0.0551962778
G587 0.0739948452 0.0649482682 -0.0853691772 -0.0289196298 0.0198761262 -0.0622420087 0.00553017296 0.0238400251 0.005977422 0.00543487817 -0.0626522526 0.111398742 -0.055218406 0.0062516965 -0.061748907 -0.0767329484 0.0318770409 0.0262442306 0.0110889897 -0.0227754135 -0.00990498811 0.0304537676 -0.061658904 -0.0895938203 0.029615812 -0.02905678 -0.2089542 0.110583618 -0.0247262232 -0.00933494046 0.0763745829 -0.0323560163 -0.0778684616 -0.0259584505 0.0594056398 0.00506894477 -0.0160758048 -0.108485535 0.0288002174 0.1044036 0.0305824354 -0.0464304984 -0.0155455861 0.118465394 -0.0115704611 -0.022663191 -0.0697112754 -0.0935736075 0.0360987037 0.0456331298 0.00786246359 0.0540317371 0.00888734311 0.112642542 -0.00741156377 -0.00397498161 0.0633128062 0.0440668873 0.111844227 0.0151789216 0.0121271387 -0.01486002 -0.0876578167 0.0551962741
G588 0.0739948303 0.0649482608 -0.0853691772 -0.0289196298 0.0198761187 -0.0622420162 0.00553016923 0.0238400232 0.00597744435 0.0054348819 -0.0626522601 0.111398742 -0.055218406 0.00625169277 -0.0617489032 -0.076732941 0.0318770409 0.0262442231 0.0110889822 -0.0227754172 -0.00990499556 0.0304537658 -0.061658904 -0.0895938128 0.029615812 -0.0290567782 -0.2089542 0.110583618 -0.0247262157 -0.00933492929 0.0763745755 -0.0323560201 -0.0778684616 -0.0259584505 0.0594056249 0.00506895036 -0.0160758086 -0.108485535 0.0288002193 0.1044036 0.0305824336 -0.0464304723 -0.0155455898 0.118465394 -0.0115704685 -0.0226631984 -0.0697112754 -0.0935736075 0.0360987112 0.0456331298 0.00786246359 0.0540317371 0.00888735056 0.112642542 -0.00741155259 -0.00397499651 0.0633127987 0.0440668873 0.111844212 0.0151789216 0.0121271349 -0.0148600182 -0.0876578167 0.0551962815
G589 0.0739948452 0.0649482608 -0.0853691697 -0.0289196298 0.0198761187 -0.0622420162 0.00553017296 0.0238400269 0.0059774369 0.00543488842 -0.0626522526 0.111398742 -0.0552184135 0.00625169277 -0.061748907 -0.076732941 0.031877026 0.0262442231 0.0110889822 -0.0227754191 -0.00990498066 0.0304537658 -0.0616588928 -0.0895938128 0.0296158195 -0.02905678 -0.208954215 0.110583618 -0.0247262195 -0.00933492929 0.0763745829 -0.0323560201 -0.0778684616 -0.0259584542 0.0594056323 0.00506894849 -0.0160758011 -0.108485535 0.0288002174 0.1044036 0.0305824392 -0.0464304686 -0.0155455898 0.118465401 -0.0115704685 -0.0226632021 -0.0697112754 -0.093573615 0.0360987037 0.0456331298 0.00786246359 0.0540317334 0.00888734311 0.112642542 -0.00741154887 -0.00397499651 0.0633127987 0.0440668836 0.111844219 0.0151789179 0.0121271349 -0.0148600154 -0.0876578167 0.0551962815
G590 0.0739948377 0.0649482608 -0.0853691772 -0.0289196298 0.0198761225 -0.0622420162 0.00553016551 0.0238400288 0.00597744435 0.00543488748 -0.0626522601 0.111398742 -0.0552184135 0.00625168905 -0.0617488995 -0.0767329484 0.031877026 0.0262442231 0.0110889822 -0.0227754172 -0.00990498811 0.0304537695 -0.0616589114 -0.0895938203 0.0296158176 -0.02905678 -0.2089542 0.110583611 -0.024726212 -0.00933494419 0.0763745904 -0.0323560089 -0.0778684616 -0.0259584431 0.0594056249 0.00506895222 -0.0160758011 -0.108485542 0.0288002174 0.1044036 0.0305824298 -0.046430476 -0.0155455861 0.118465401 -0.0115704611 -0.0226631947 -0.0697112828 -0.0935736075 0.0360987037 0.0456331298 0.00786246359 0.0540317334 0.00888734311 0.112642534 -0.00741155259 -0.00397500396 0.0633128211 0.0440668911 0.111844234 0.0151789142 0.0121271312 -0.0148600154 -0.0876578316 0.0551962852
G591 0.0739948452 0.0649482682 -0.0853691697 -0.0289196298 0.0198761262 -0.0622420087 0.00553016737 0.0238400288 0.00597742945 0.00543488096 -0.0626522675 0.111398742 -0.055218406 0.00625168905 -0.0617488995 -0.0767329484 0.031877026 0.0262442306 0.0110889822 -0.0227754135 -0.00990498066 0.0304537695 -0.0616589077 -0.0895938203 0.0296158176 -0.0290567763 -0.2089542 0.110583611 -0.0247262083 -0.00933493674 0.0763745829 -0.0323560089 -0.0778684616 -0.0259584431 0.0594056211 0.00506895036 -0.0160757937 -0.108485542 0.0288002212 0.1044036 0.0305824336 -0.046430476 -0.0155455861 0.118465394 -0.0115704611 -0.022663191 -0.0697112828 -0.0935736001 0.0360987037 0.0456331372 0.00786246359 0.0540317297 0.00888734311 0.112642534 -0.00741156004 -0.00397499651 0.0633127987 0.0440668911 0.111844234 0.0151789179 0.0121271275 -0.0148600126 -0.0876578316 0.0551962852
G592 0.0739948452 0.0649482757 -0.0853691548 -0.0289196298 0.0198761262 -0.0622420087 0.00553016923 0.0238400307 0.0059774518 0.00543488562 -0.0626522601 0.111398742 -0.0552184135 0.00625168905 -0.061748907 -0.0767329484 0.031877026 0.0262442231 0.0110889748 -0.0227754265 -0.00990498066 0.0304537676 -0.0616589077 -0.0895938128 0.0296158195 -0.0290567763 -0.2089542 0.110583618 -0.0247262269 -0.00933494791 0.0763745755 -0.0323560238 -0.077868484 -0.0259584449 0.0594056323 0.00506894477 -0.0160758048 -0.10848555 0.0288002212 0.10440363 0.0305824336 -0.0464304909 -0.0155455973 0.118465416 -0.0115704536 -0.0226631872 -0.0697112828 -0.0935736001 0.0360987037 0.0456331298 0.00786245614 0.0540317409 0.00888735801 0.112642542 -0.00741154887 -0.00397500396 0.0633128211 0.0440668873 0.111844249 0.0151789235 0.0121271424 -0.0148600079 -0.0876578167 0.0551962852
G593 0.0739948452 0.0649482757 -0.0853691548 -0.0289196298 0.0198761262 -0.0622420087 0.00553017296 0.0238400251 0.00597742945 0.00543488842 -0.0626522601 0.111398742 -0.055218406 0.0062516816 -0.061748907 -0.076732941 0.0318770409 0.026244238 0.0110889748 -0.0227754265 -0.00990499556 0.0304537695 -0.0616589077 -0.0895938128 0.0296158176 -0.0290567726 -0.2089542 0.110583611 -0.0247262157 -0.00933494046 0.0763745829 -0.0323560238 -0.0778684616 -0.0259584505 0.0594056323 0.00506894663 -0.0160758011 -0.108485535 0.028800223 0.1044036 0.0305824336 -0.0464304909 -0.0155455898 0.118465409 -0.0115704685 -0.0226631872 -0.0697112828 -0.0935736001 0.0360987037 0.0456331223 0.00786245614 0.054031726 0.00888735801 0.112642542 -0.00741154887 -0.00397500396 0.0633128211 0.0440668836 0.111844242 0.0151789254 0.0121271424 -0.0148600088 -0.0876578167 0.0551962815
G594 0.0739948452 0.0649482608 -0.0853691697 -0.0289196298 0.0198761262 -0.0622420087 0.00553017482 0.0238400288 0.0059774369 0.0054348954 -0.0626522601 0.111398742 -0.0552184135 0.00625168905 -0.0617489032 -0.0767329484 0.0318770409 0.0262442306 0.0110889822 -0.0227754191 -0.00990498066 0.0304537676 -0.0616589002 -0.0895938128 0.0296158195 -0.0290567782 -0.2089542 0.110583618 -0.0247262232 -0.00933492929 0.0763745904 -0.0323560126 -0.0778684616 -0.0259584542 0.0594056323 0.00506894849 -0.0160757974 -0.108485535 0.0288002212 0.1044036 0.0305824392 -0.0464304909 -0.0155455861 0.118465416 -0.0115704611 -0.0226631872 -0.0697112903 -0.0935736075 0.0360987075 0.0456331298 0.00786246359 0.0540317334 0.00888735056 0.112642542 -0.00741154887 -0.00397500396 0.0633128211 0.0440668836 0.111844227 0.0151789142 0.0121271387 -0.014860021 -0.0876578316 0.0551962852
G595 0.0739948452 0.0649482682 -0.0853691772 -0.0289196149 0.0198761187 -0.0622420087 0.0055301711 0.0238400213 0.00597744435 0.00543489447 -0.0626522601 0.111398742 -0.0552184135 0.00625168905 -0.0617489144 -0.0767329484 0.0318770409 0.0262442231 0.0110889897 -0.0227754191 -0.00990498811 0.0304537714 -0.0616589002 -0.0895938054 0.0296158213 -0.02905678 -0.2089542 0.110583611 -0.0247262232 -0.00933494046 0.0763745755 -0.0323560163 -0.0778684765 -0.0259584561 0.0594056323 0.00506894849 -0.0160758011 -0.108485535 0.0288002193 0.104403615 0.0305824392 -0.0464304835 -0.0155455898 0.118465416 -0.0115704685 -0.0226631947 -0.0697112903 -0.0935736001 0.0360987075 0.0456331298 0.00786246359 0.0540317371 0.00888735056 0.112642542 -0.00741154887 -0.00397500396 0.0633128062 0.0440668836 0.111844242 0.0151789179 0.0121271349 -0.0148600172 -0.0876578316 0.055196289
G596 0.0739948452 0.0649482682 -0.0853691697 -0.0289196298 0.0198761113 -0.0622420236 0.00553017855 0.0238400325 0.005977422 0.00543489028 -0.0626522601 0.111398742 -0.0552184209 0.00625168905 -0.0617488995 -0.0767329335 0.031877026 0.026244238 0.0110889897 -0.0227754228 -0.00990499556 0.0304537676 -0.061658904 -0.0895938128 0.0296158157 -0.02905678 -0.2089542 0.110583618 -0.0247262195 -0.00933494419 0.0763745829 -0.0323560163 -0.0778684765 -0.025958458 0.0594056249 0.0050689429 -0.0160757937 -0.108485535 0.0288002174 0.1044036 0.0305824373 -0.0464304835 -0.0155455898 0.118465401 -0.0115704536 -0.0226631947 -0.0697112903 -0.0935736001 0.0360987037 0.0456331447 0.00786245614 0.0540317334 0.00888734311 0.112642534 -0.00741154514 -0.00397499651 0.0633128211 0.0440668836 0.111844242 0.0151789105 0.0121271424 -0.0148600135 -0.0876578167 0.0551962815
G597 0.0739948377 0.0649482831 -0.0853691623 -0.0289196298 0.0198761187 -0.0622420236 0.00553016551 0.0238400288 0.0059774369 0.00543489028 -0.0626522526 0.111398742 -0.0552184097 0.00625168905 -0.0617489032 -0.0767329335 0.031877026 0.0262442231 0.0110889897 -0.0227754172 -0.00990498066 0.0304537676 -0.0616589077 -0.0895938203 0.0296158195 -0.0290567819 -0.2089542 0.110583618 -0.0247262269 -0.00933493674 0.0763745829 -0.0323560163 -0.0778684691 -0.0259584542 0.0594056323 0.00506893918 -0.0160757937 -0.108485535 0.0288002174 0.1044036 0.0305824373 -0.0464304835 -0.0155455898 0.118465401 -0.0115704611 -0.022663191 -0.0697112978 -0.0935736075 0.0360986963 0.0456331447 0.00786246359 0.0540317483 0.00888735056 0.112642542 -0.00741155632 -0.00397500396 0.0633128285 0.0440668836 0.111844242 0.0151789123 0.0121271387 -0.0148600172 -0.0876578167 0.0551962852
G598 0.0739948377 0.0649482682 -0.0853691772 -0.0289196149 0.0198761225 -0.0622420236 0.00553016923 0.0238400213 0.0059774518 0.00543487631 -0.0626522601 0.111398742 -0.0552183986 0.0062516816 -0.0617489032 -0.0767329484 0.031877026 0.0262442231 0.0110889748 -0.0227754135 -0.00990498066 0.0304537639 -0.061658904 -0.0895938128 0.0296158157 -0.02905678 -0.2089542 0.110583618 -0.0247262232 -0.00933493674 0.0763745978 -0.0323560089 -0.0778684765 -0.0259584449 0.0594056398 0.00506894663 -0.0160757974 -0.108485535 0.0288002267 0.1044036 0.0305824485 -0.0464304835 -0.0155455824 0.118465416 -0.0115704611 -0.0226632021 -0.0697112828 -0.0935736075 0.0360986963 0.0456331298 0.00786246359 0.0540317334 0.00888735801 0.112642534 -0.00741154328 -0.00397500396 0.0633128285 0.0440668799 0.111844234 0.0151789216 0.0121271312 -0.0148600256 -0.0876578242 0.0551962852
G599 0.0739948303 0.0649482682 -0.0853691772 -0.0289196149 0.019876115 -0.0622420087 0.0055301711 0.0238400251 0.00597742945 0.00543488562 -0.0626522601 0.111398742 -0.055218406 0.0062516816 -0.061748907 -0.0767329484 0.031877026 0.0262442231 0.0110889748 -0.0227754135 -0.00990499556 0.030453762 -0.0616588965 -0.0895938054 0.0296158101 -0.0290567763 -0.2089542 0.110583618 -0.0247262344 -0.00933494419 0.0763745904 -0.0323560126 -0.0778684616 -0.0259584468 0.0594056398 0.00506894849 -0.0160757974 -0.10848555 0.0288002267 0.1044036 0.0305824485 -0.0464304835 -0.0155455898 0.118465409 -0.0115704611 -0.0226631984 -0.0697112828 -0.0935736075 0.0360987037 0.0456331298 0.00786246359 0.054031726 0.00888735801 0.112642527 -0.00741154328 -0.00397500396 0.0633128211 0.0440668799 0.111844227 0.0151789179 0.0121271312 -0.014860021 -0.0876578242 0.055196289
G600 0.0739948452 0.0649482831 -0.0853691921 -0.0289196223 0.0198761187 -0.0622420162 0.00553017668 0.0238400381 0.0059774369 0.00543488376 -0.0626522601 0.111398742 -0.055218406 0.00625168905 -0.0617489032 -0.0767329484 0.0318770409 0.0262442231 0.0110889822 -0.0227754153 -0.00990498811 0.0304537602 -0.061658904 -0.0895938203 0.029615812 -0.0290567819 -0.2089542 0.110583618 -0.024726212 -0.00933493674 0.0763745829 -0.0323560163 -0.0778684765 -0.0259584524 0.0594056249 0.00506894663 -0.0160757974 -0.108485542 0.0288002212 0.1044036 0.0305824373 -0.0464304835 -0.0155455898 0.118465401 -0.011570476 -0.022663191 -0.0697112828 -0.093573615 0.0360987037 0.0456331223 0.00786245614 0.0540317409 0.00888734311 0.112642534 -0.00741155259 -0.00397500396 0.0633127987 0.0440668836 0.111844227 0.0151789105 0.0121271238 -0.0148600154 -0.0876578167 0.0551962852
G601 0.0739948452 0.0649482757 -0.0853691921 -0.0289196298 0.0198761262 -0.0622420162 0.00553017482 0.0238400344 0.0059774369 0.00543488376 -0.0626522601 0.111398742 -0.0552184135 0.00625168905 -0.0617489032 -0.076732941 0.0318770409 0.0262442231 0.0110889822 -0.0227754116 -0.00990498811 0.0304537676 -0.0616589002 -0.0895938128 0.0296158101 -0.02905678 -0.2089542 0.110583618 -0.0247262157 -0.00933493674 0.0763745829 -0.0323560126 -0.0778684765 -0.0259584542 0.0594056323 0.00506894849 -0.0160758048 -0.108485535 0.028800223 0.1044036 0.0305824354 -0.0464304835 -0.0155455824 0.118465401 -0.0115704685 -0.0226631872 -0.0697112828 -0.0935736075 0.0360987075 0.0456331298 0.00786245614 0.0540317409 0.00888734311 0.112642534 -0.00741155632 -0.00397499651 0.0633128062 0.0440668836 0.111844227 0.0151789123 0.01212712 -0.0148600116 -0.0876578167 0.0551962852
G602 0.0840786919 0.0680555701 -0.100477837 -0.0253894627 0.0219284855 -0.0635840669 0.00890683383 0.0302234497 -0.0350684226 0.0506276228 -0.0434215479 0.112918019 -0.0614014715 0.0371425599 -0.0386803746 -0.0749820918 0.0508143604 0.0745516419 0.00689583272 -0.0101156253 -0.00220106542 0.0267071538 -0.0491845906 -0.074271217 0.0280326679 -0.0155219259 -0.199553981 0.127672195 0.00443619862 0.00376509503 0.0731928796 -0.0593462475 -0.0887100399 -0.0625261366 0.0585220605 0.0162882227 0.0565636158 -0.102366544 0.0362140164 0.107657075 0.0467171222 -0.00956144743 0.0258196685 0.17334947 -0.0081814602 0.00955781713 -0.0593910441 -0.0917767137 0.0406177789 0.045134142 0.0110939592 0.0425743684 0.0555396937 0.111984976 -0.0210548732 -0.0403644219 0.0531413257 0.0274104699 0.0875126421 0.0297364108 0.0232924037 -0.0266026594 -0.0854723528 0.0734942555
G607 0.0840786844 0.068055585 -0.100477852 -0.0253894553 0.0219284967 -0.0635840669 0.00890683383 0.0302234404 -0.0350684226 0.0506276265 -0.0434215516 0.112918019 -0.0614014715 0.0371425524 -0.0386803821 -0.0749820918 0.0508143604 0.0745516419 0.00689582527 -0.0101156281 -0.00220106542 0.0267071482 -0.0491845943 -0.0742712021 0.0280326679 -0.0155219259 -0.199553996 0.127672181 0.00443619117 0.00376510248 0.0731928796 -0.0593462586 -0.0887100399 -0.0625261292 0.058522068 0.0162882321 0.0565636158 -0.102366552 0.0362140238 0.107657075 0.0467171259 -0.00956145115 0.0258196723 0.17334947 -0.0081814602 0.00955781341 -0.0593910404 -0.0917767212 0.0406177714 0.0451341495 0.0110939592 0.0425743684 0.0555396862 0.111984976 -0.021054877 -0.0403644145 0.0531413294 0.0274104755 0.0875126421 0.0297364164 0.0232924055 -0.0266026594 -0.0854723454 0.0734942704
G612 0.0840786919 0.0680555776 -0.100477837 -0.0253894553 0.0219284967 -0.063584052 0.00890683383 0.0302234441 -0.0350684226 0.0506276302 -0.0434215479 0.112918027 -0.0614014789 0.0371425487 -0.0386803746 -0.0749820918 0.0508143604 0.0745516568 0.00689583272 -0.0101156225 -0.00220106542 0.0267071556 -0.0491845943 -0.0742712021 0.0280326791 -0.0155219277 -0.199553981 0.127672181 0.00443619117 0.0037651062 0.0731928796 -0.0593462475 -0.0887100399 -0.0625261292 0.058522068 0.0162882321 0.0565636121 -0.102366537 0.0362140238 0.107657075 0.0467171334 -0.00956145115 0.0258196797 0.17334947 -0.0081814453 0.00955781713 -0.0593910404 -0.0917767137 0.0406177714 0.045134142 0.0110939592 0.0425743684 0.0555396974 0.111984976 -0.0210548826 -0.0403644145 0.0531413183 0.0274104718 0.0875126645 0.029736409 0.0232924111 -0.0266026594 -0.0854723379 0.0734942555
G617 0.0840786844 0.068055585 -0.10047783 -0.0253894553 0.0219285004 -0.0635840669 0.00890683383 0.0302234404 -0.0350684226 0.050627619 -0.043421559 0.112918019 -0.0614014678 0.0371425524 -0.0386803821 -0.0749820918 0.0508143455 0.0745516419 0.00689584017 -0.0101156225 -0.00220106542 0.02670715 -0.0491846055 -0.0742712021 0.0280326791 -0.015521924 -0.199553981 0.127672181 0.00443619117 0.00376510248 0.0731928796 -0.0593462549 -0.0887100399 -0.0625261217 0.058522068 0.0162882209 0.0565636083 -0.102366544 0.0362140201 0.107657075 0.0467171259 -0.00956144743 0.0258196723 0.17334947 -0.0081814453 0.00955781713 -0.0593910478 -0.0917767286 0.0406177714 0.0451341495 0.0110939592 0.042574361 0.0555396862 0.111984976 -0.0210548863 -0.0403644145 0.0531413257 0.0274104774 0.087512657 0.0297364052 0.0232924093 -0.0266026575 -0.0854723454 0.0734942481
G622 0.0840786919 0.0680555776 -0.100477844 -0.0253894478 0.0219284855 -0.0635840595 0.00890683383 0.0302234385 -0.0350684226 0.0506276265 -0.0434215479 0.112918027 -0.0614014789 0.0371425487 -0.0386803821 -0.0749820918 0.0508143604 0.0745516419 0.00689583272 -0.0101156263 -0.00220105797 0.0267071519 -0.0491845906 -0.074271217 0.0280326642 -0.0155219315 -0.199553981 0.127672181 0.00443618372 0.0037651062 0.0731928796 -0.0593462549 -0.0887100399 -0.0625261292 0.058522068 0.0162882227 0.0565636009 -0.102366552 0.0362140164 0.107657075 0.0467171296 -0.0095614586 0.025819663 0.173349455 -0.00818143785 0.00955781713 -0.0593910441 -0.0917767212 0.0406177789 0.0451341495 0.0110939443 0.0425743684 0.0555396862 0.111984976 -0.0210548732 -0.040364407 0.0531413257 0.0274104699 0.0875126421 0.029736409 0.0232924093 -0.026602665 -0.0854723379 0.0734942555
G627 0.0840786844 0.068055585 -0.100477852 -0.0253894553 0.0219284929 -0.0635840595 0.00890682265 0.0302234404 -0.03506843 0.0506276228 -0.0434215441 0.112918019 -0.0614014752 0.0371425562 -0.0386803821 -0.0749820918 0.0508143455 0.0745516568 0.00689583272 -0.0101156337 -0.00220105797 0.0267071463 -0.0491846055 -0.0742712021 0.0280326754 -0.015521924 -0.199553981 0.127672181 0.00443619862 0.00376509875 0.073192887 -0.0593462512 -0.0887100399 -0.0625261217 0.058522068 0.0162882246 0.0565636158 -0.102366552 0.0362140201 0.10765709 0.0467171222 -0.00956144743 0.0258196704 0.17334947 -0.0081814453 0.00955781341 -0.0593910404 -0.0917767212 0.0406177752 0.045134142 0.0110939443 0.0425743684 0.0555396862 0.111984976 -0.0210548844 -0.0403644219 0.0531413294 0.0274104718 0.0875126421 0.0297364071 0.0232924111 -0.0266026594 -0.0854723379 0.0734942481
G632 0.0840786844 0.0680555999 -0.100477822 -0.0253894627 0.0219284855 -0.0635840669 0.0089068301 0.0302234385 -0.0350684226 0.0506276302 -0.0434215404 0.112918027 -0.061401464 0.0371425524 -0.0386803821 -0.0749820992 0.0508143902 0.0745516568 0.00689583272 -0.0101156337 -0.00220106542 0.0267071556 -0.0491846204 -0.0742712095 0.0280326754 -0.0155219277 -0.199553981 0.127672195 0.00443618372 0.00376509875 0.0731928796 -0.0593462549 -0.0887100399 -0.0625261441 0.058522068 0.0162882227 0.0565636158 -0.102366552 0.0362140276 0.107657075 0.0467171334 -0.00956144743 0.025819676 0.17334947 -0.00818145275 0.00955782458 -0.0593910366 -0.0917767212 0.0406177789 0.0451341569 0.0110939443 0.0425743684 0.05553969 0.111984968 -0.0210548788 -0.040364407 0.053141322 0.0274104681 0.0875126496 0.0297364164 0.0232924148 -0.0266026575 -0.0854723379 0.0734942332
G637 0.0840786844 0.068055585 -0.10047783 -0.0253894627 0.0219284929 -0.0635840669 0.0089068301 0.0302234422 -0.0350684226 0.0506276302 -0.0434215441 0.112918019 -0.061401464 0.037142545 -0.0386803821 -0.0749820843 0.0508143902 0.0745516419 0.00689581037 -0.0101156291 -0.00220105797 0.0267071482 -0.049184598 -0.0742712095 0.0280326772 -0.015521924 -0.199553981 0.127672195 0.00443619117 0.00376509875 0.073192887 -0.05934624 -0.0887100548 -0.0625261515 0.058522068 0.016288219 0.0565636232 -0.102366552 0.036214035 0.107657075 0.0467171334 -0.00956143811 0.0258196797 0.17334947 -0.0081814453 0.00955782458 -0.0593910441 -0.0917767212 0.0406177714 0.0451341569 0.0110939592 0.0425743833 0.0555396862 0.111984983 -0.021054877 -0.0403644145 0.053141322 0.0274104625 0.0875126496 0.0297364127 0.0232924186 -0.0266026594 -0.0854723305 0.0734942406
G642 0.040095713 0.0562866032 -0.109752893 -0.0514531285 0.0208490342 -0.0381196588 -0.00154025108 0.0609881729 0.0037503615 0.0119678229 -0.0482180491 0.147546917 -0.0776318386 0.035859935 -0.0548512712 -0.0552409068 0.0279385149 0.0428552553 0.00965820625 -0.00977507047 -0.0292390883 0.0349677503 -0.0191996936 -0.0539253727 0.0232574735 -0.0437346622 -0.176425993 0.0885786936 0.00496045128 0.00958232209 0.0784049407 -0.0232774764 -0.0698340982 -0.0753868222 0.052279491 0.0434227064 0.0171330459 -0.0840766281 0.0406634286 0.0807939172 0.02732444 -0.0179742109 0.0176043771 0.170239896 -0.00141003728 0.00500435382 -0.083169654 -0.0981490761 0.0264788941 0.0294998363 0.0246682167 0.0421717837 0.0319727212 0.108047605 0.00292396545 -0.0340900719 0.0438364521 0.0577127673 0.10314443 0.0293160994 0.0345302336 -0.0416443907 -0.0592218861 0.0695396885
G645 0.040095713 0.0562866032 -0.109752893 -0.0514531285 0.0208490416 -0.0381196365 -0.00154025108 0.060988158 0.00375035778 0.0119678304 -0.0482180454 0.147546917 -0.0776318386 0.0358599275 -0.0548512712 -0.0552409068 0.0279385298 0.0428552702 0.00965820625 -0.00977506116 -0.0292390883 0.0349677429 -0.0191996936 -0.0539253764 0.0232574716 -0.0437346548 -0.176425993 0.088578701 0.00496045128 0.00958232209 0.0784049481 -0.0232774876 -0.0698341057 -0.0753868222 0.052279491 0.0434227139 0.0171330459 -0.0840766355 0.0406634212 0.0807939172 0.02732444 -0.0179742128 0.0176043697 0.170239896 -0.00141004473 0.00500435382 -0.0831696466 -0.0981490687 0.0264788922 0.0294998363 0.0246682167 0.0421717837 0.0319727063 0.10804759 0.00292396173 -0.0340900794 0.0438364446 0.0577127635 0.103144415 0.0293161049 0.0345302336 -0.0416443907 -0.0592218935 0.069539696
G648 0.0400957055 0.0562866032 -0.109752886 -0.051453121 0.0208490416 -0.0381196514 -0.00154025108 0.0609881654 0.00375036523 0.011967821 -0.0482180528 0.147546917 -0.0776318535 0.0358599201 -0.0548512638 -0.0552408993 0.0279385298 0.0428552702 0.0096582137 -0.00977505837 -0.0292391032 0.0349677429 -0.0191996936 -0.0539253689 0.0232574791 -0.0437346585 -0.176425993 0.0885787085 0.00496044382 0.00958231837 0.0784049481 -0.0232774876 -0.0698341057 -0.0753868222 0.0522794984 0.0434227064 0.0171330459 -0.0840766281 0.0406634212 0.0807939023 0.0273244437 -0.0179742109 0.017604379 0.170239896 -0.00141004473 0.005004365 -0.0831696466 -0.0981490687 0.0264788903 0.0294998363 0.0246682093 0.0421717912 0.0319727212 0.108047612 0.00292395428 -0.0340900645 0.0438364521 0.0577127673 0.103144422 0.0293161031 0.0345302336 -0.0416443907 -0.0592218935 0.0695396811
G651 0.0400957167 0.0562866032 -0.109752893 -0.0514531285 0.0208490454 -0.0381196588 -0.0015402548 0.0609881654 0.00375036895 0.0119678276 -0.0482180491 0.147546902 -0.0776318461 0.0358599275 -0.0548512638 -0.0552408993 0.0279385149 0.0428552702 0.00965819135 -0.00977506675 -0.0292390883 0.0349677429 -0.0191996973 -0.0539253801 0.0232574698 -0.0437346473 -0.176425993 0.088578701 0.00496044382 0.00958232582 0.0784049481 -0.0232774876 -0.0698341057 -0.0753868148 0.0522794947 0.0434227139 0.0171330422 -0.0840766281 0.0406634137 0.0807939172 0.0273244362 -0.0179742128 0.0176043771 0.17023991 -0.00141002983 0.00500435382 -0.083169654 -0.0981490687 0.0264789015 0.0294998363 0.0246682093 0.0421717837 0.0319727212 0.108047605 0.002923958 -0.0340900719 0.0438364446 0.0577127673 0.103144407 0.0293161049 0.0345302485 -0.0416443981 -0.0592218935 0.069539696
G654 0.0400957093 0.0562866107 -0.109752908 -0.0514531285 0.0208490454 -0.0381196588 -0.00154024735 0.0609881654 0.00375036523 0.0119678276 -0.0482180491 0.147546917 -0.0776318386 0.035859935 -0.0548512712 -0.0552408993 0.0279385149 0.0428552702 0.0096582137 -0.00977506582 -0.0292390883 0.0349677466 -0.0191996899 -0.0539253801 0.0232574791 -0.0437346548 -0.176425993 0.088578701 0.00496045128 0.00958232209 0.0784049481 -0.0232774802 -0.0698341057 -0.0753868222 0.052279491 0.0434227102 0.0171330385 -0.0840766281 0.0406634286 0.0807939023 0.02732444 -0.0179742053 0.0176043808 0.17023991 -0.00141005218 0.00500435382 -0.0831696615 -0.0981490687 0.0264788922 0.0294998363 0.0246682242 0.0421717912 0.0319727212 0.108047605 0.00292396545 -0.0340900645 0.0438364446 0.0577127635 0.103144415 0.0293161049 0.034530241 -0.0416443944 -0.0592218935 0.0695396885
G657 0.0400957167 0.0562866032 -0.109752893 -0.0514531359 0.0208490491 -0.0381196514 -0.00154025108 0.060988158 0.0037503615 0.0119678322 -0.0482180454 0.147546917 -0.0776318386 0.0358599275 -0.0548512712 -0.0552408993 0.0279385298 0.0428552702 0.00965820625 -0.00977506116 -0.0292390734 0.0349677429 -0.0191996973 -0.0539253764 0.0232574753 -0.0437346548 -0.176425993 0.088578701 0.00496044382 0.00958232582 0.0784049556 -0.0232774764 -0.0698341057 -0.0753868222 0.0522794984 0.0434227139 0.0171330459 -0.0840766281 0.0406634212 0.0807939023 0.0273244418 -0.017974209 0.0176043771 0.170239896 -0.00141003728 0.00500436127 -0.0831696466 -0.0981490687 0.0264788941 0.0294998363 0.0246682316 0.0421717837 0.0319727212 0.108047612 0.00292395428 -0.0340900645 0.0438364372 0.057712771 0.103144422 0.0293161068 0.0345302336 -0.0416443944 -0.0592218786 0.069539696
G660 0.0400957167 0.0562866181 -0.109752893 -0.0514531285 0.0208490416 -0.0381196439 -0.00154024735 0.0609881505 0.00375037268 0.0119678238 -0.0482180528 0.147546917 -0.0776318461 0.0358599387 -0.0548512712 -0.055240903 0.0279385298 0.0428552702 0.00965821743 -0.00977506675 -0.0292390883 0.0349677391 -0.0191996936 -0.0539253801 0.0232574828 -0.0437346548 -0.176425993 0.0885787085 0.00496045128 0.00958231837 0.0784049481 -0.0232774876 -0.0698341131 -0.0753868371 0.0522794984 0.0434227102 0.0171330385 -0.0840766281 0.0406634174 0.0807939321 0.0273244437 -0.0179742109 0.0176043883 0.17023991 -0.00141005963 0.005004365 -0.0831696615 -0.0981490761 0.0264788922 0.0294998363 0.0246682242 0.0421717837 0.0319727063 0.108047605 0.002923958 -0.0340900719 0.0438364372 0.0577127561 0.103144415 0.0293160975 0.034530241 -0.0416443981 -0.0592218861 0.069539696
G663 0.0400957093 0.0562866107 -0.109752886 -0.0514531285 0.0208490491 -0.0381196439 -0.0015402548 0.0609881654 0.0037503615 0.0119678341 -0.0482180454 0.147546917 -0.0776318461 0.035859935 -0.0548512712 -0.0552408993 0.0279385149 0.0428552702 0.00965820253 -0.00977506768 -0.0292390883 0.0349677429 -0.0191996861 -0.0539253764 0.0232574679 -0.0437346548 -0.176425993 0.0885786936 0.00496045128 0.00958233327 0.0784049556 -0.0232774913 -0.0698341131 -0.0753868297 0.0522794984 0.0434227139 0.0171330459 -0.0840766355 0.0406634212 0.0807939023 0.0273244418 -0.017974209 0.0176043734 0.17023991 -0.00141003728 0.00500437245 -0.083169654 -0.0981490761 0.0264788941 0.0294998363 0.0246682242 0.0421717837 0.0319727287 0.108047605 0.00292396173 -0.0340900719 0.0438364372 0.0577127635 0.103144422 0.0293161068 0.0345302522 -0.0416443944 -0.0592218935 0.0695396885
G666 0.0759882033 0.047115989 -0.100368962 -0.030513525 0.00969239697 -0.0536080748 -0.00491799042 0.0303243287 2.11000443e-05 0.0419997536 -0.0530811995 0.122286722 -0.0654601678 -0.00668688864 -0.0483294204 -0.068548575 0.0365184397 0.0629521757 0.00433468074 -0.0200497061 0.00500176102 0.0311949495 -0.058522474 -0.0521159843 0.0063373642 -0.0280107725 -0.210122809 0.0911943913 -0.000121630728 0.000712055713 0.0776630193 -0.0295099989 -0.0685208738 -0.0618209355 0.0531345382 0.0343433172 0.023301065 -0.118449405 0.0328010842 0.110876843 0.0329396538 -0.0321114138 0.00770727731 0.153880388 0.00182770938 -0.0028151758 -0.0803084821 -0.0857759118 0.0326471217 0.0445952639 0.0203454196 0.0558231249 0.0410818718 0.103394315 -0.0264565963 -0.0228407905 0.0481453016 0.0421266928 0.098648645 0.0315793306 0.0317253433 -0.0295224488 -0.0753416866 0.0656491369
G669 0.0759881958 0.0471159816 -0.100368962 -0.0305135399 0.00969239697 -0.0536080897 -0.00491798297 0.0303243268 2.10851431e-05 0.0419997573 -0.0530811995 0.122286722 -0.0654601604 -0.00668688677 -0.0483294129 -0.0685485825 0.0365184546 0.0629521981 0.00433468446 -0.0200496987 0.00500176847 0.0311949402 -0.0585224628 -0.0521159843 0.00633735675 -0.0280107763 -0.210122809 0.0911943763 -0.000121623278 0.000712070614 0.0776630193 -0.0295099989 -0.0685208738 -0.0618209392 0.0531345382 0.0343433246 0.0233010799 -0.118449412 0.0328010842 0.110876843 0.0329396538 -0.0321114175 0.00770728104 0.153880402 0.00182770938 -0.00281517953 -0.0803085044 -0.0857759118 0.0326471254 0.0445952788 0.0203454122 0.0558231249 0.0410818718 0.1033943 -0.0264566019 -0.0228407905 0.0481452867 0.0421266854 0.098648645 0.0315793343 0.0317253433 -0.0295224488 -0.0753416717 0.0656491518
G672 0.0759882033 0.047115989 -0.100368947 -0.0305135399 0.00969239324 -0.0536080897 -0.00491799042 0.0303243361 2.10851431e-05 0.0419997647 -0.0530811995 0.122286722 -0.0654601678 -0.00668688864 -0.0483294129 -0.0685485899 0.0365184397 0.0629521832 0.00433468446 -0.0200497061 0.00500176102 0.0311949458 -0.0585224703 -0.0521159843 0.00633735582 -0.0280107725 -0.210122809 0.0911943913 -0.000121623278 0.000712051988 0.0776630193 -0.0295100063 -0.0685208738 -0.0618209355 0.0531345382 0.0343433246 0.0233010724 -0.118449405 0.0328010842 0.110876843 0.0329396464 -0.0321114026 0.00770727918 0.153880402 0.00182770938 -0.00281517953 -0.080308497 -0.0857759118 0.0326471254 0.0445952639 0.0203454047 0.0558231249 0.0410818718 0.1033943 -0.0264566001 -0.0228407905 0.0481452942 0.0421266966 0.098648645 0.0315793417 0.031725347 -0.0295224488 -0.0753416866 0.0656491444
G675 0.0759882033 0.0471159667 -0.100368947 -0.0305135399 0.00969240069 -0.0536080748 -0.00491798669 0.0303243324 2.10925937e-05 0.0419997498 -0.0530812033 0.122286722 -0.0654601604 -0.00668688864 -0.0483294241 -0.0685485899 0.0365184397 0.0629521757 0.00433468074 -0.0200497024 0.00500176102 0.0311949439 -0.0585224554 -0.0521159768 0.00633736234 -0.0280107651 -0.210122794 0.0911943913 -0.000121623278 0.000712055713 0.0776630268 -0.0295099989 -0.0685208738 -0.0618209243 0.0531345382 0.0343433246 0.023301065 -0.118449405 0.0328010842 0.110876828 0.0329396427 -0.0321114101 0.00770728476 0.153880388 0.00182770938 -0.00281515718 -0.0803085044 -0.0857759118 0.032647118 0.0445952713 0.0203454047 0.0558231249 0.0410818718 0.1033943 -0.0264566056 -0.022840783 0.0481452942 0.0421266891 0.098648645 0.031579338 0.0317253508 -0.0295224525 -0.0753416717 0.0656491444
G678 0.0759882033 0.047115989 -0.100368947 -0.0305135325 0.00969239697 -0.0536080897 -0.00491798297 0.0303243324 2.10851431e-05 0.0419997536 -0.0530811995 0.122286722 -0.0654601678 -0.00668688677 -0.0483294204 -0.0685485825 0.0365184397 0.0629521832 0.00433469191 -0.0200497061 0.00500176847 0.0311949495 -0.0585224628 -0.0521159805 0.00633735582 -0.0280107725 -0.210122794 0.0911943763 -0.000121623278 0.000712055713 0.0776630118 -0.0295099989 -0.0685208738 -0.0618209355 0.0531345382 0.0343433246 0.023301065 -0.118449405 0.0328010805 0.110876828 0.0329396501 -0.0321114101 0.00770727545 0.153880402 0.00182770938 -0.0028151758 -0.0803085044 -0.0857759044 0.0326471254 0.0445952639 0.0203454047 0.0558231398 0.0410818718 0.1033943 -0.0264566038 -0.0228407905 0.0481452793 0.0421266928 0.0986486375 0.031579338 0.0317253582 -0.0295224488 -0.0753416866 0.0656491369
G681 0.0759882033 0.0471159667 -0.100368962 -0.030513525 0.00969239697 -0.0536080673 -0.00491799042 0.0303243268 2.11000443e-05 0.0419997536 -0.0530812033 0.122286722 -0.0654601604 -0.00668688864 -0.0483294129 -0.0685485825 0.0365184546 0.0629521757 0.00433468446 -0.0200496949 0.00500177592 0.0311949439 -0.0585224703 -0.0521159843 0.00633735768 -0.0280107744 -0.210122809 0.0911943913 -0.000121623278 0.000712059438 0.0776630268 -0.0295099989 -0.0685208589 -0.0618209206 0.0531345345 0.0343433209 0.023301065 -0.118449405 0.0328010842 0.110876858 0.0329396501 -0.0321114138 0.00770728104 0.153880402 0.00182770938 -0.0028151609 -0.080308497 -0.0857759118 0.0326471105 0.0445952639 0.0203454122 0.0558231249 0.0410818644 0.103394292 -0.0264565945 -0.0228407905 0.0481452942 0.0421266928 0.0986486524 0.031579338 0.0317253433 -0.0295224488 -0.0753416866 0.0656491369
G684 0.0759882107 0.0471159667 -0.100368962 -0.030513525 0.00969240069 -0.0536080748 -0.00491798297 0.0303243306 2.10851431e-05 0.0419997573 -0.053081207 0.122286722 -0.0654601604 -0.00668687746 -0.0483294204 -0.0685485825 0.0365184546 0.0629521906 0.00433468446 -0.0200497042 0.00500176102 0.0311949607 -0.0585224628 -0.052115988 0.00633735023 -0.0280107725 -0.210122809 0.0911943913 -0.000121623278 0.000712051988 0.0776630118 -0.0295100026 -0.0685208738 -0.0618209243 0.0531345345 0.0343433246 0.0233010724 -0.118449405 0.0328010768 0.110876843 0.0329396464 -0.0321114063 0.00770727545 0.153880388 0.00182770938 -0.00281517953 -0.0803085044 -0.0857759044 0.0326471291 0.0445952639 0.0203454122 0.0558231249 0.0410818718 0.103394307 -0.0264566001 -0.0228407905 0.0481452942 0.0421267003 0.0986486524 0.0315793417 0.0317253508 -0.0295224451 -0.0753416866 0.0656491444
G687 0.0759881958 0.047115989 -0.100368947 -0.030513525 0.00969239697 -0.0536080897 -0.00491799042 0.0303243324 2.10925937e-05 0.041999761 -0.0530811995 0.122286722 -0.0654601604 -0.00668688864 -0.0483294129 -0.068548575 0.0365184546 0.0629521832 0.00433468446 -0.0200497061 0.00500176102 0.0311949477 -0.0585224703 -0.0521159917 0.006337367 -0.0280107707 -0.210122809 0.0911943913 -0.000121623278 0.000712051988 0.0776630193 -0.0295100063 -0.0685208589 -0.0618209317 0.0531345382 0.0343433246 0.023301065 -0.118449405 0.0328010842 0.110876843 0.0329396427 -0.0321114101 0.00770727731 0.153880388 0.00182770938 -0.00281517208 -0.0803085044 -0.0857759267 0.0326471291 0.0445952788 0.0203454047 0.0558231249 0.0410818681 0.1033943 -0.0264566038 -0.022840783 0.0481452867 0.0421266928 0.0986486524 0.031579338 0.0317253433 -0.0295224413 -0.0753416866 0.0656491369
G690 0.0703391731 0.0452151522 -0.102372192 -0.0436092243 0.0086671263 -0.0469061956 -0.00235523842 0.0214739051 0.00888121128 0.0233768392 -0.053266421 0.126304209 -0.0738411248 -0.00704447925 -0.0501567349 -0.0671074912 0.0242246762 0.0432764888 0.00568557158 -0.0256614536 -0.00587303191 0.0389568731 -0.0647565275 -0.04251609 0.000591939315 -0.0242936946 -0.21340473 0.0823222995 -0.00162309781 0.000671453774 0.0666446388 -0.0170918927 -0.0628382117 -0.0683157966 0.0507818013 0.0388391018 0.0104213431 -0.115849555 0.0421821997 0.110982046 0.0300932098 -0.0563614108 0.00507964008 0.149698868 0.00344729424 0.00171591714 -0.0775110871 -0.0787540823 0.0426371247 0.0447387472 0.0184599832 0.0600332096 0.0286103934 0.100462735 -0.031004332 -0.0206261128 0.0574464276 0.0387629792 0.10175851 0.0282355994 0.0322750956 -0.0332953259 -0.0578532331 0.0528759584
G691 0.0703391582 0.0452151522 -0.102372184 -0.0436092243 0.00866713375 -0.0469061956 -0.0023552347 0.0214739088 0.00888120383 0.0233768411 -0.053266421 0.126304209 -0.0738411322 -0.00704447925 -0.0501567274 -0.0671074912 0.0242246762 0.0432764888 0.00568556786 -0.0256614536 -0.00587302446 0.0389568694 -0.0647565275 -0.0425160863 0.000591939315 -0.0242936946 -0.21340473 0.0823223069 -0.00162309781 0.000671453774 0.0666446537 -0.0170918964 -0.0628382266 -0.0683157891 0.0507818088 0.0388391092 0.0104213431 -0.115849562 0.0421821959 0.110982046 0.0300932154 -0.0563614182 0.00507963356 0.149698868 0.00344730169 0.00171591714 -0.0775110871 -0.0787540823 0.0426371247 0.0447387472 0.0184599832 0.0600332245 0.028610386 0.100462742 -0.031004332 -0.0206261203 0.0574464276 0.0387629792 0.10175851 0.0282356031 0.0322750993 -0.0332953222 -0.0578532256 0.0528759584
G692 0.0703391731 0.045215182 -0.102372199 -0.0436092243 0.0086671263 -0.0469061807 -0.00235523656 0.0214739088 0.00888120383 0.0233768411 -0.0532664284 0.126304209 -0.0738411322 -0.00704447925 -0.05015672 -0.0671074837 0.0242246762 0.0432765111 0.00568557158 -0.0256614592 -0.00587303191 0.0389568768 -0.0647565275 -0.04251609 0.00059193559 -0.0242937002 -0.21340476 0.0823222995 -0.00162310153 0.000671453774 0.0666446313 -0.0170919001 -0.0628382117 -0.0683157891 0.0507818088 0.0388391092 0.0104213469 -0.115849562 0.0421821997 0.110982046 0.0300932135 -0.056361407 0.00507962983 0.149698853 0.00344730169 0.00171592459 -0.077511102 -0.0787540823 0.0426371209 0.0447387472 0.0184599906 0.0600332245 0.028610386 0.100462757 -0.0310043357 -0.0206261277 0.0574464202 0.0387629718 0.101758502 0.0282356068 0.0322750919 -0.0332953222 -0.0578532293 0.0528759584
G693 0.0703391731 0.045215182 -0.102372192 -0.0436092317 0.00866712257 -0.0469061881 -0.00235524029 0.0214739051 0.00888120383 0.0233768392 -0.053266421 0.126304209 -0.0738411322 -0.00704447925 -0.05015672 -0.0671074763 0.0242246762 0.0432765037 0.00568556786 -0.0256614611 -0.00587302446 0.0389568694 -0.0647565275 -0.0425160863 0.000591932796 -0.0242936909 -0.21340476 0.0823222995 -0.00162310526 0.000671450049 0.0666446537 -0.0170919001 -0.0628382117 -0.0683157891 0.0507818013 0.0388391018 0.0104213431 -0.115849569 0.0421821997 0.110982046 0.0300932135 -0.0563614145 0.00507962983 0.149698853 0.00344730914 0.00171592087 -0.0775110871 -0.0787540823 0.0426371284 0.0447387472 0.0184599832 0.0600332245 0.028610386 0.100462757 -0.031004332 -0.0206261128 0.0574464276 0.0387629718 0.101758495 0.0282356031 0.0322750919 -0.0332953259 -0.0578532182 0.0528759547
G694 0.0703391656 0.0452151671 -0.102372192 -0.0436092243 0.00866713002 -0.0469061881 -0.00235523842 0.0214739088 0.00888121128 0.0233768485 -0.0532664172 0.126304209 -0.0738411397 -0.0070444867 -0.0501567349 -0.0671074837 0.0242246762 0.0432765037 0.00568556413 -0.0256614555 -0.00587302446 0.0389568694 -0.0647565275 -0.0425160863 0.000591937453 -0.0242936965 -0.21340476 0.0823222995 -0.00162310526 0.000671453774 0.0666446388 -0.0170918889 -0.0628382117 -0.0683157966 0.0507818013 0.0388391092 0.0104213431 -0.115849555 0.0421822071 0.110982046 0.030093208 -0.0563614182 0.00507963542 0.149698853 0.00344729424 0.00171592087 -0.0775110945 -0.0787540823 0.0426371247 0.0447387397 0.0184599757 0.0600332133 0.0286103785 0.10046275 -0.0310043357 -0.0206261203 0.0574464239 0.0387629718 0.10175851 0.0282356031 0.0322750881 -0.0332953297 -0.0578532331 0.0528759584
G695 0.0703391582 0.0452151671 -0.102372192 -0.0436092243 0.0086671263 -0.0469061881 -0.00235523842 0.0214739107 0.00888121873 0.0233768485 -0.0532664172 0.126304209 -0.0738411397 -0.0070444867 -0.0501567349 -0.0671074837 0.0242246836 0.0432765037 0.00568556041 -0.0256614611 -0.00587303191 0.0389568657 -0.0647565275 -0.04251609 0.000591937453 -0.0242937002 -0.21340476 0.0823222995 -0.00162310153 0.000671450049 0.0666446537 -0.0170918815 -0.0628382117 -0.0683157966 0.0507818088 0.0388391092 0.0104213469 -0.115849555 0.0421822034 0.110982046 0.0300932117 -0.0563614182 0.00507963169 0.149698853 0.00344729424 0.00171591714 -0.0775110945 -0.0787540898 0.0426371321 0.0447387397 0.0184599757 0.0600332245 0.0286103785 0.10046275 -0.0310043357 -0.0206261203 0.0574464239 0.0387629718 0.10175851 0.0282356031 0.0322750881 -0.0332953259 -0.0578532219 0.0528759584
G696 0.0703391582 0.0452151522 -0.102372162 -0.0436092243 0.0086671263 -0.0469061881 -0.00235523656 0.0214739088 0.00888121128 0.0233768411 -0.053266421 0.126304209 -0.0738411397 -0.00704447553 -0.0501567274 -0.0671074763 0.0242246836 0.0432765111 0.00568555668 -0.0256614592 -0.00587303191 0.0389568731 -0.0647565275 -0.0425160863 0.000591932796 -0.0242936984 -0.213404745 0.0823222995 -0.00162309781 0.000671461225 0.0666446388 -0.0170919038 -0.0628382117 -0.0683157891 0.0507818013 0.0388391167 0.0104213394 -0.115849555 0.0421821997 0.110982046 0.0300932061 -0.0563614257 0.00507963542 0.149698868 0.00344729424 0.00171592459 -0.077511102 -0.0787540898 0.0426371358 0.0447387397 0.0184599832 0.0600332096 0.028610386 0.10046275 -0.031004332 -0.0206261128 0.0574464165 0.0387629792 0.10175851 0.0282356068 0.0322750919 -0.0332953259 -0.0578532182 0.0528759658
G697 0.0703391507 0.0452151522 -0.102372192 -0.0436092243 0.0086671263 -0.0469061881 -0.00235524029 0.0214739107 0.00888121128 0.023376843 -0.0532664172 0.126304209 -0.0738411397 -0.00704447553 -0.0501567274 -0.0671074763 0.0242246762 0.0432765111 0.00568556413 -0.0256614629 -0.00587302446 0.0389568731 -0.064756535 -0.04251609 0.000591937453 -0.0242936946 -0.213404745 0.0823222995 -0.00162309781 0.000671461225 0.0666446388 -0.0170919038 -0.0628382117 -0.0683157966 0.0507818013 0.0388391092 0.0104213394 -0.115849562 0.0421821997 0.110982046 0.0300932061 -0.0563614219 0.00507963728 0.149698868 0.00344729424 0.00171591714 -0.077511102 -0.0787540898 0.0426371396 0.0447387397 0.0184599757 0.0600332096 0.0286103785 0.10046275 -0.0310043283 -0.0206261128 0.0574464239 0.0387629792 0.10175851 0.0282356106 0.0322750881 -0.0332953259 -0.0578532293 0.0528759658
G698 0.0703391582 0.0452151671 -0.102372192 -0.0436092317 0.0086671263 -0.0469061807 -0.00235523842 0.0214739088 0.00888120383 0.0233768485 -0.0532664135 0.126304209 -0.0738411322 -0.0070444718 -0.0501567274 -0.0671074763 0.0242246762 0.0432764888 0.00568557158 -0.0256614555 -0.00587302446 0.0389568657 -0.0647565275 -0.04251609 0.00059193559 -0.0242936928 -0.213404745 0.0823222995 -0.00162309408 0.000671453774 0.0666446537 -0.0170918889 -0.0628382117 -0.068315804 0.0507818013 0.0388391092 0.0104213357 -0.115849555 0.0421821997 0.110982031 0.030093208 -0.056361407 0.00507964287 0.149698853 0.00344729424 0.00171592459 -0.0775110945 -0.0787540898 0.0426371247 0.0447387546 0.0184599832 0.0600332282 0.028610386 0.100462757 -0.031004332 -0.0206261203 0.0574464239 0.0387629792 0.10175851 0.0282356031 0.0322750993 -0.0332953334 -0.0578532256 0.0528759584
G699 0.0703391731 0.0452151671 -0.102372192 -0.0436092243 0.0086671263 -0.0469061881 -0.00235524029 0.0214739107 0.00888120383 0.0233768411 -0.0532664135 0.126304209 -0.0738411322 -0.0070444718 -0.0501567274 -0.0671074763 0.0242246762 0.0432765037 0.00568557158 -0.0256614592 -0.00587302446 0.0389568694 -0.064756535 -0.04251609 0.000591933727 -0.0242936928 -0.213404745 0.0823222995 -0.00162309781 0.000671453774 0.0666446388 -0.0170918889 -0.0628382117 -0.0683157966 0.0507818013 0.0388391092 0.010421332 -0.115849555 0.0421821997 0.110982031 0.0300932098 -0.056361407 0.00507963914 0.149698853 0.00344729424 0.00171592087 -0.0775110945 -0.0787540898 0.0426371247 0.0447387472 0.0184599832 0.0600332133 0.028610386 0.100462757 -0.0310043357 -0.0206261128 0.0574464239 0.0387629792 0.101758502 0.0282356068 0.0322750993 -0.0332953259 -0.0578532293 0.0528759584
G700 0.0703391731 0.0452151522 -0.102372192 -0.0436092243 0.00866713002 -0.0469061956 -0.00235523842 0.0214739051 0.00888121128 0.0233768392 -0.0532664135 0.126304224 -0.0738411322 -0.00704448298 -0.0501567274 -0.0671074763 0.0242246762 0.0432765037 0.00568556413 -0.0256614592 -0.00587303191 0.0389568657 -0.0647565275 -0.0425160825 0.000591933727 -0.0242936965 -0.21340476 0.0823222995 -0.00162309781 0.000671453774 0.0666446537 -0.0170918927 -0.0628382117 -0.0683157891 0.0507818013 0.038839113 0.0104213394 -0.115849562 0.0421821997 0.110982046 0.0300932135 -0.0563614145 0.00507963914 0.149698853 0.00344730169 0.00171591714 -0.0775110945 -0.0787540898 0.0426371321 0.0447387397 0.0184599832 0.0600332096 0.0286103785 0.10046275 -0.0310043246 -0.0206261128 0.0574464425 0.0387629792 0.10175851 0.0282356031 0.0322750993 -0.0332953185 -0.0578532331 0.0528759584
G701 0.0703391731 0.0452151448 -0.102372184 -0.0436092243 0.0086671263 -0.0469061881 -0.00235524029 0.0214739051 0.00888121873 0.0233768374 -0.0532664135 0.126304224 -0.0738411322 -0.00704448298 -0.0501567349 -0.0671074688 0.0242246762 0.0432765037 0.00568556413 -0.0256614573 -0.00587303191 0.0389568657 -0.0647565275 -0.0425160825 0.000591937453 -0.0242936946 -0.21340476 0.0823222995 -0.00162309408 0.000671453774 0.0666446537 -0.0170919001 -0.0628382117 -0.0683157966 0.0507818013 0.0388391092 0.0104213431 -0.115849547 0.0421821997 0.110982046 0.0300932117 -0.0563614219 0.00507963542 0.149698868 0.00344730169 0.00171590969 -0.077511102 -0.0787540823 0.0426371284 0.0447387397 0.0184599832 0.0600332096 0.028610386 0.10046275 -0.0310043246 -0.0206261128 0.0574464351 0.0387629792 0.101758502 0.0282356068 0.032275103 -0.0332953222 -0.0578532256 0.0528759584
G702 0.0703391731 0.0452151373 -0.102372214 -0.0436092317 0.00866713002 -0.0469061956 -0.00235524029 0.0214739162 0.00888120383 0.0233768485 -0.053266421 0.126304224 -0.0738411322 -0.00704447925 -0.05015672 -0.0671074688 0.0242246762 0.0432764888 0.00568557158 -0.0256614499 -0.00587303191 0.0389568657 -0.0647565275 -0.0425160825 0.000591937453 -0.0242936928 -0.21340473 0.0823222995 -0.00162309781 0.000671461225 0.0666446388 -0.0170918889 -0.0628382117 -0.0683157966 0.0507818088 0.0388390981 0.0104213357 -0.115849555 0.0421821997 0.110982031 0.030093208 -0.0563614182 0.00507964287 0.149698868 0.00344729424 0.00171592459 -0.077511102 -0.0787540898 0.0426371247 0.0447387472 0.0184599832 0.0600332245 0.028610386 0.10046275 -0.0310043246 -0.0206261128 0.0574464314 0.0387629792 0.10175851 0.0282356031 0.0322750919 -0.0332953185 -0.0578532368 0.0528759509
G703 0.0703391731 0.0452151522 -0.102372199 -0.0436092243 0.00866713002 -0.0469061956 -0.00235523097 0.0214739144 0.00888121873 0.023376843 -0.0532664135 0.126304209 -0.0738411248 -0.00704449415 -0.0501567274 -0.0671074763 0.0242246762 0.0432765037 0.00568557531 -0.0256614629 -0.00587304682 0.0389568694 -0.0647565275 -0.0425160825 0.000591941178 -0.0242936909 -0.21340473 0.0823223069 -0.00162310898 0.000671450049 0.0666446462 -0.0170918927 -0.0628382117 -0.0683157966 0.0507818088 0.0388391092 0.0104213357 -0.115849562 0.0421821997 0.110982046 0.0300932117 -0.0563614108 0.00507964194 0.149698868 0.00344729424 0.00171592459 -0.0775110945 -0.0787540898 0.0426371358 0.0447387472 0.0184599832 0.0600332133 0.0286103785 0.10046275 -0.0310043246 -0.0206261128 0.0574464276 0.0387629718 0.10175851 0.0282355994 0.0322750956 -0.0332953259 -0.0578532219 0.0528759658
G704 0.0703391582 0.0452151671 -0.102372199 -0.0436092243 0.00866713002 -0.0469061881 -0.00235524215 0.0214739107 0.00888120383 0.0233768448 -0.053266421 0.126304209 -0.0738411397 -0.0070444867 -0.0501567274 -0.0671074763 0.0242246836 0.0432765037 0.00568557158 -0.0256614555 -0.00587303191 0.0389568694 -0.0647565424 -0.0425160863 0.000591931865 -0.0242936872 -0.21340476 0.0823222995 -0.00162310898 0.000671453774 0.0666446388 -0.0170919001 -0.0628382266 -0.0683157891 0.0507818013 0.038839113 0.0104213431 -0.115849555 0.0421822034 0.110982046 0.0300932117 -0.0563614145 0.00507964008 0.149698853 0.00344729424 0.00171592459 -0.077511102 -0.0787540898 0.0426371172 0.0447387472 0.0184599757 0.0600332208 0.0286103785 0.100462765 -0.0310043395 -0.0206261203 0.0574464314 0.0387629718 0.10175851 0.0282356031 0.0322750956 -0.0332953222 -0.0578532331 0.0528759621
G705 0.0703391731 0.0452151597 -0.102372192 -0.0436092243 0.0086671263 -0.0469061881 -0.00235524401 0.0214739088 0.00888120383 0.0233768299 -0.053266421 0.126304209 -0.0738411322 -0.00704448298 -0.0501567274 -0.0671074688 0.0242246836 0.0432765111 0.00568556041 -0.0256614611 -0.00587303191 0.0389568731 -0.064756535 -0.0425160825 0.000591933727 -0.0242936891 -0.21340476 0.0823222995 -0.00162311271 0.000671457499 0.0666446388 -0.0170918964 -0.0628382117 -0.0683157891 0.0507818013 0.0388391092 0.0104213394 -0.115849555 0.0421821959 0.11098206 0.0300932098 -0.0563614108 0.00507963542 0.149698853 0.00344730914 0.00171592087 -0.0775110871 -0.0787540823 0.0426371247 0.0447387472 0.0184599832 0.0600332133 0.0286103785 0.100462757 -0.0310043283 -0.0206261128 0.0574464239 0.0387629755 0.10175851 0.0282356068 0.0322750993 -0.0332953185 -0.0578532219 0.0528759621
G706 0.0680643469 0.0634446293 -0.0964761078 -0.0378099829 0.00627160445 -0.0376825109 -0.00280172005 0.0316237509 0.0113766119 0.0184732601 -0.0479602255 0.123258255 -0.0697420835 0.0230627097 -0.051602181 -0.0536068007 0.0284915194 0.0577596128 0.00437358022 -0.0112623591 -0.010097295 0.0524203256 -0.0503777266 -0.0521401726 0.00642806571 -0.022282077 -0.22336407 0.0965079367 0.00961285084 -0.0131576136 0.0460046977 -0.0452053174 -0.0600030869 -0.0675218329 0.0499255359 0.042497199 0.0174719617 -0.102649063 0.0334736258 0.117730364 0.0455891825 -0.0465288796 -0.00388259999 0.165552735 -0.0118792653 -0.00508382544 -0.0656542629 -0.0786258653 0.0403843336 0.0330754519 0.0177001059 0.0631967485 0.0286024511 0.0996538177 -0.0228606388 -0.0333073959 0.0659748539 0.0558337383 0.10048487 0.0402527936 0.0322029069 -0.0391262062 -0.0547917262 0.0725209564
G709 0.068064332 0.0634446144 -0.0964761153 -0.0378099829 0.00627160817 -0.0376825035 -0.00280172378 0.0316237584 0.0113766156 0.0184732731 -0.0479602218 0.123258263 -0.0697420835 0.023062706 -0.0516022034 -0.0536068007 0.0284915343 0.0577596128 0.00437358767 -0.011262361 -0.0100973025 0.0524203256 -0.0503777191 -0.0521401651 0.00642807316 -0.0222820807 -0.22336407 0.0965079367 0.00961284712 -0.0131576061 0.0460047051 -0.04520531 -0.0600030795 -0.0675218329 0.0499255322 0.042497199 0.0174719542 -0.102649063 0.0334736183 0.117730379 0.0455891751 -0.0465288907 -0.00388259813 0.165552735 -0.0118792728 -0.00508382544 -0.0656542629 -0.0786258653 0.0403843299 0.0330754519 0.0177001059 0.0631967634 0.0286024511 0.0996538177 -0.0228606351 -0.0333074108 0.0659748763 0.055833742 0.100484885 0.0402527973 0.0322029106 -0.0391262174 -0.0547917187 0.0725209638
G712 0.0680643469 0.0634446144 -0.0964760929 -0.0378099829 0.00627160817 -0.0376825035 -0.00280172378 0.0316237584 0.0113766119 0.0184732545 -0.047960218 0.123258263 -0.069742091 0.0230627097 -0.0516021922 -0.0536067933 0.0284915194 0.0577596128 0.00437358022 -0.0112623628 -0.010097295 0.0524203256 -0.0503777228 -0.0521401688 0.0064280713 -0.0222820789 -0.22336407 0.0965079367 0.00961285084 -0.0131576099 0.0460047051 -0.0452053174 -0.0600030795 -0.0675218403 0.0499255322 0.0424972102 0.017471958 -0.102649048 0.0334736183 0.117730379 0.0455891788 -0.0465288945 -0.00388260558 0.165552735 -0.0118792579 -0.00508383289 -0.0656542629 -0.0786258727 0.0403843373 0.0330754593 0.0177001059 0.0631967485 0.0286024511 0.0996538252 -0.0228606332 -0.0333074033 0.0659748688 0.0558337457 0.100484878 0.0402527936 0.0322028957 -0.0391262099 -0.0547917113 0.0725209713
G715 0.068064332 0.0634445995 -0.0964761078 -0.0378099978 0.0062716119 -0.0376824886 -0.0028017275 0.0316237584 0.0113766119 0.0184732638 -0.0479602255 0.123258263 -0.069742091 0.023062706 -0.0516021922 -0.0536068082 0.0284915194 0.0577596277 0.00437358022 -0.0112623628 -0.0100973099 0.0524203293 -0.0503777266 -0.0521401651 0.00642806944 -0.0222820789 -0.22336407 0.0965079218 0.00961284712 -0.0131576024 0.0460047014 -0.0452053249 -0.0600030795 -0.0675218403 0.0499255359 0.0424972102 0.0174719617 -0.102649063 0.0334736146 0.117730379 0.0455891714 -0.046528887 -0.00388260838 0.16555272 -0.0118792802 -0.00508382171 -0.0656542704 -0.0786258653 0.0403843261 0.0330754444 0.0177001208 0.0631967485 0.0286024511 0.0996538252 -0.0228606332 -0.0333073959 0.0659748688 0.055833742 0.100484863 0.0402527899 0.0322029144 -0.0391262099 -0.0547917113 0.0725209564
G718 0.0680643544 0.0634446144 -0.0964761004 -0.0378099829 0.0062716119 -0.0376825035 -0.00280171633 0.0316237584 0.0113766156 0.0184732676 -0.0479602255 0.123258263 -0.0697420835 0.023062706 -0.0516021922 -0.0536067933 0.0284915194 0.0577596277 0.00437358394 -0.0112623628 -0.0100973099 0.0524203256 -0.0503777228 -0.0521401651 0.0064280713 -0.0222820826 -0.22336407 0.0965079218 0.00961285457 -0.0131576061 0.0460046977 -0.0452053174 -0.0600030795 -0.0675218329 0.0499255322 0.0424972102 0.0174719542 -0.102649063 0.0334736183 0.117730379 0.0455891825 -0.0465289056 -0.00388260372 0.165552735 -0.0118792653 -0.00508383289 -0.0656542629 -0.0786258653 0.0403843373 0.0330754593 0.0177001134 0.0631967559 0.0286024511 0.0996538177 -0.0228606332 -0.0333073884 0.0659748614 0.0558337495 0.100484863 0.0402527973 0.0322029106 -0.0391262025 -0.0547917113 0.0725209415
G721 0.068064332 0.0634446144 -0.0964760929 -0.0378099829 0.00627160817 -0.0376825035 -0.00280173123 0.0316237584 0.0113766119 0.0184732638 -0.0479602069 0.123258263 -0.0697420835 0.0230627097 -0.0516021959 -0.0536068007 0.0284915194 0.0577596128 0.00437357277 -0.0112623535 -0.0100973099 0.0524203256 -0.0503777266 -0.0521401688 0.00642807409 -0.0222820807 -0.22336407 0.0965079367 0.00961285457 -0.0131576099 0.0460047014 -0.0452053174 -0.0600030795 -0.0675218403 0.0499255322 0.0424972102 0.017471958 -0.102649063 0.0334736183 0.117730379 0.0455891751 -0.0465289019 -0.00388261024 0.165552735 -0.0118792579 -0.00508382916 -0.0656542629 -0.0786258727 0.0403843336 0.0330754519 0.0177001059 0.0631967485 0.0286024585 0.0996538177 -0.0228606183 -0.0333074033 0.0659748614 0.0558337346 0.10048487 0.0402527899 0.0322029106 -0.0391262062 -0.0547917038 0.0725209713
G724 0.0680643246 0.0634446293 -0.096476078 -0.0378099829 0.0062716119 -0.0376825109 -0.00280172378 0.0316237547 0.0113766156 0.0184732638 -0.0479602143 0.123258278 -0.069742091 0.0230627134 -0.0516021885 -0.0536067784 0.0284915343 0.0577596128 0.00437358394 -0.0112623647 -0.0100973025 0.0524203256 -0.0503777266 -0.0521401614 0.0064280713 -0.0222820733 -0.22336407 0.0965079218 0.0096128583 -0.0131576136 0.0460047051 -0.0452053025 -0.0600030944 -0.0675218403 0.0499255247 0.0424972102 0.0174719617 -0.102649063 0.0334736258 0.117730379 0.04558919 -0.0465288982 -0.00388259441 0.165552735 -0.0118792728 -0.00508383289 -0.0656542704 -0.0786258727 0.0403843373 0.0330754668 0.0177000985 0.0631967634 0.0286024511 0.0996538177 -0.0228606425 -0.0333074108 0.0659748763 0.055833742 0.100484863 0.0402527936 0.0322029106 -0.0391262025 -0.0547917113 0.0725209564
G727 0.068064332 0.0634446144 -0.0964761078 -0.0378099829 0.00627160445 -0.0376825184 -0.00280172005 0.0316237547 0.0113766119 0.018473275 -0.047960218 0.123258263 -0.069742091 0.023062706 -0.0516021885 -0.0536067821 0.0284915194 0.0577596128 0.00437358022 -0.0112623554 -0.0100973025 0.0524203293 -0.0503777266 -0.0521401614 0.00642807037 -0.0222820751 -0.22336407 0.0965079218 0.00961284712 -0.0131576099 0.0460046977 -0.04520531 -0.0600030944 -0.0675218478 0.0499255322 0.0424972102 0.0174719617 -0.102649063 0.0334736146 0.117730379 0.0455891863 -0.0465289094 -0.00388259627 0.165552735 -0.0118792728 -0.00508383289 -0.0656542629 -0.0786258727 0.0403843299 0.0330754593 0.0177001134 0.0631967634 0.0286024511 0.0996538177 -0.0228606332 -0.0333073959 0.0659748614 0.055833742 0.10048487 0.0402527899 0.0322029032 -0.0391262136 -0.0547917113 0.0725209713
G730 0.107050426 0.0277842954 -0.0613228343 -0.0610516816 -0.00924545899 -0.0460082591 -0.00283674896 0.00696014054 0.0723514557 0.0626688078 0.0089507848 0.102522187 -0.124583751 0.0291472897 -0.0547209531 0.0232363492 0.0978436172 0.0653527603 -0.0775847286 -0.22423631 -0.0508047864 -0.00932853669 -0.0199484825 -0.123921804 0.00838521309 -0.00748255569 -0.217952654 0.10958375 -0.0172142312 -0.0215300284 -0.0120250061 -0.125682667 -0.0205957741 -0.0799536929 0.0816329941 0.0121961646 0.0837426484 -0.129113734 0.00464979 0.201419413 0.00521752052 -0.112715364 -0.0549051091 0.159986347 0.0371419266 0.0361166298 -0.0414651856 -0.049263157 0.0326713994 0.00957909971 0.0172015503 0.0607234314 0.0302008986 0.136664942 0.077069588 -0.0544665046 0.17529346 0.0510844924 -0.0017485451 0.061388921 0.0953294709 -0.0171669312 0.0164710395 0.0898919553
G733 0.107050434 0.0277843103 -0.0613228269 -0.0610516816 -0.00924547017 -0.0460082516 -0.00283675268 0.00696014613 0.072351478 0.0626688004 0.00895077735 0.102522187 -0.124583751 0.0291472953 -0.0547209494 0.023236353 0.0978436098 0.0653527677 -0.077584736 -0.22423631 -0.0508047789 -0.00932853669 -0.0199484788 -0.123921789 0.00838521682 -0.00748255244 -0.217952669 0.10958375 -0.0172142312 -0.021530021 -0.0120250136 -0.125682667 -0.0205957592 -0.0799536929 0.0816329792 0.0121961683 0.0837426484 -0.129113734 0.00464979745 0.201419413 0.00521751679 -0.112715364 -0.0549051166 0.159986347 0.0371419303 0.0361166373 -0.041465193 -0.049263157 0.0326714031 0.00957909226 0.0172015503 0.0607234538 0.0302008875 0.136664942 0.0770695806 -0.0544665046 0.175293446 0.0510844998 -0.00174855068 0.0613889247 0.0953294635 -0.0171669275 0.0164710432 0.0898919553
G736 0.107050441 0.0277843028 -0.0613228232 -0.0610516742 -0.00924547017 -0.0460082591 -0.00283674523 0.00696014427 0.0723514482 0.0626688078 0.00895077735 0.102522187 -0.124583758 0.0291472822 -0.0547209606 0.0232363548 0.0978436172 0.0653527677 -0.0775847435 -0.22423631 -0.0508047827 -0.00932854041 -0.0199484732 -0.123921797 0.00838521309 -0.00748254405 -0.217952654 0.10958375 -0.0172142386 -0.0215300359 -0.0120250136 -0.125682682 -0.0205957592 -0.0799537003 0.0816329867 0.0121961683 0.0837426484 -0.129113734 0.00464978442 0.201419428 0.00521751307 -0.112715364 -0.054905124 0.159986347 0.0371419378 0.0361166336 -0.0414652005 -0.0492631644 0.0326714106 0.00957909971 0.0172015652 0.0607234463 0.0302009061 0.136664942 0.0770695955 -0.0544665121 0.175293416 0.0510844998 -0.00174853578 0.061388921 0.0953294635 -0.0171669312 0.0164710395 0.0898919627
G739 0.107050434 0.0277843028 -0.0613228418 -0.0610516891 -0.00924545899 -0.0460082442 -0.00283675641 0.00696013868 0.0723514557 0.0626688153 0.0089507699 0.102522179 -0.124583758 0.0291472841 -0.0547209531 0.0232363492 0.0978436172 0.0653527528 -0.077584736 -0.22423631 -0.0508047827 -0.00932854414 -0.0199484807 -0.123921812 0.00838521495 -0.00748253893 -0.217952654 0.10958375 -0.0172142386 -0.021530021 -0.0120250136 -0.125682652 -0.0205957592 -0.0799536929 0.0816329867 0.012196172 0.0837426484 -0.129113734 0.00464978814 0.201419413 0.00521751121 -0.112715364 -0.0549051166 0.159986377 0.0371419229 0.0361166261 -0.0414651893 -0.049263157 0.0326714106 0.00957909226 0.0172015503 0.0607234426 0.0302009024 0.136664942 0.0770695955 -0.0544665121 0.175293446 0.0510844998 -0.00174854882 0.061388921 0.0953294486 -0.0171669349 0.0164710395 0.0898919702
G742 0.107050419 0.0277842954 -0.0613228306 -0.0610516965 -0.00924547017 -0.0460082516 -0.00283674896 0.0069601424 0.0723514557 0.0626688153 0.0089507699 0.102522187 -0.124583751 0.0291472822 -0.0547209494 0.0232363418 0.0978436098 0.0653527677 -0.077584736 -0.22423628 -0.0508047789 -0.00932853296 -0.0199484825 -0.123921812 0.00838521309 -0.0074825529 -0.217952654 0.10958375 -0.0172142461 -0.0215300247 -0.0120250061 -0.125682652 -0.0205957443 -0.0799537003 0.0816329941 0.012196172 0.0837426484 -0.129113734 0.00464980118 0.201419413 0.00521751679 -0.112715364 -0.0549051017 0.159986347 0.0371419303 0.0361166187 -0.041465193 -0.049263157 0.0326714106 0.00957909971 0.0172015652 0.0607234351 0.0302009024 0.136664942 0.0770695806 -0.054466527 0.175293446 0.0510844998 -0.00174853764 0.0613889173 0.095329456 -0.0171669386 0.0164710358 0.0898919702
G745 0.107050426 0.0277843103 -0.0613228418 -0.0610516891 -0.00924547017 -0.0460082665 -0.00283675268 0.00696014427 0.0723514706 0.0626688153 0.00895077735 0.102522172 -0.124583758 0.0291472804 -0.0547209568 0.0232363604 0.0978436172 0.0653527677 -0.0775847286 -0.22423631 -0.0508047678 -0.00932853669 -0.0199484751 -0.123921797 0.00838521589 -0.00748255383 -0.217952654 0.10958375 -0.0172142386 -0.0215300284 -0.0120250136 -0.125682652 -0.0205957592 -0.0799536929 0.0816329867 0.0121961646 0.0837426409 -0.129113734 0.00464978628 0.201419413 0.00521751679 -0.112715364 -0.0549051166 0.159986347 0.0371419191 0.0361166298 -0.041465193 -0.0492631495 0.0326714106 0.00957909226 0.0172015652 0.0607234426 0.0302009061 0.136664942 0.0770695955 -0.0544665046 0.175293446 0.0510844998 -0.0017485451 0.0613889284 0.0953294635 -0.0171669237 0.0164710358 0.0898919702
G748 0.107050419 0.0277843103 -0.0613228232 -0.0610516816 -0.00924545899 -0.0460082665 -0.00283674523 0.00696013495 0.072351478 0.0626688078 0.00895076245 0.102522187 -0.124583758 0.0291472822 -0.0547209494 0.023236338 0.0978436172 0.0653527528 -0.0775847286 -0.22423631 -0.0508047827 -0.00932852924 -0.0199484676 -0.123921812 0.00838521961 -0.00748254824 -0.217952654 0.10958375 -0.0172142461 -0.0215300284 -0.0120250061 -0.125682667 -0.0205957592 -0.0799537003 0.0816329941 0.0121961646 0.0837426484 -0.129113734 0.00464979373 0.201419413 0.00521751307 -0.112715378 -0.0549051166 0.159986347 0.0371419303 0.0361166261 -0.0414652079 -0.049263157 0.0326714069 0.00957909226 0.0172015652 0.0607234314 0.0302008912 0.136664927 0.077069588 -0.0544665083 0.17529346 0.0510845073 -0.00174854882 0.0613889098 0.0953294709 -0.0171669386 0.0164710358 0.0898919702
G751 0.107050419 0.0277843103 -0.0613228418 -0.0610516965 -0.00924547017 -0.0460082591 -0.00283675268 0.00696014613 0.072351478 0.0626688004 0.0089507699 0.102522194 -0.124583758 0.029147299 -0.0547209568 0.0232363306 0.0978435948 0.0653527528 -0.0775847211 -0.22423631 -0.0508047789 -0.00932853296 -0.0199484807 -0.123921804 0.00838520937 -0.00748254359 -0.217952639 0.10958375 -0.0172142386 -0.0215300284 -0.0120250136 -0.125682652 -0.0205957592 -0.0799536854 0.0816329941 0.0121961758 0.0837426484 -0.129113734 0.00464980304 0.201419413 0.00521751493 -0.112715378 -0.0549051166 0.159986347 0.037141934 0.0361166224 -0.0414651856 -0.049263157 0.0326713957 0.00957910717 0.0172015503 0.0607234426 0.0302008912 0.136664942 0.0770695806 -0.0544665195 0.17529346 0.0510844924 -0.00174855068 0.061388921 0.0953294635 -0.0171669386 0.0164710451 0.0898919702
G754 0.0937045589 0.00732652098 -0.0373969264 -0.0403594449 -0.01004076 -0.016167514 -0.015498667 0.00378832314 0.0683456957 0.0510123409 0.00500241667 0.085722886 -0.145116597 0.0384187549 -0.0845515355 0.00276379287 0.115012154 0.00319638848 -0.0473003015 -0.184676334 -0.0226840004 0.017269183 -0.00394085236 -0.128700316 0.0228792652 -0.0245678201 -0.207130373 0.0994758531 -0.038664896 -0.0181197673 -0.0119078271 -0.101763703 -0.0303177387 -0.0460246168 0.0857229158 -0.0140970163 0.0399181396 -0.112132944 -0.0212108903 0.169991136 0.00476139784 -0.146647498 -0.0918764025 0.115532622 0.0206361488 0.0307384171 -0.0241493192 -0.0472083241 0.0145422108 0.0139003694 -0.00492380559 0.0467033088 0.00895911455 0.12838763 0.0697092712 -0.0112645701 0.150928378 0.0592120141 0.00869852677 0.0299324654 0.0583798401 0.00265710056 0.0369747803 0.0859397426
G755 0.043318361 0.0397840068 -0.0761506036 -0.0183560252 0.00296546519 -0.000926174223 -0.0194289889 0.0467403121 0.00377474725 0.017006116 -0.0459227934 0.108618721 -0.0985220522 0.0357475467 -0.0775250122 -0.072642073 0.0358500779 0.00101532787 0.0476687513 0.0373967364 0.0271480083 0.0876372457 -0.022912493 -0.0470257327 0.017386118 -0.0499042198 -0.216864139 0.0851126909 -0.0072257556 -0.0175358355 0.0511487126 -0.0259032659 -0.0633108467 -0.0426516943 0.0542688742 0.0180533603 -0.0290529951 -0.0842553675 0.00275127217 0.0790720284 0.0463301539 -0.0767413303 -0.0478004068 0.130138695 -0.035024628 -0.0112138726 -0.0451909788 -0.076249741 0.0126094036 0.0352937579 -0.0102533102 0.0408841223 0.00603810698 0.085215956 -0.0308762081 0.0124013647 0.0184319653 0.0749897584 0.110514715 0.0133110927 -0.01060527 -0.0243876353 -0.0298315585 0.0726054162
G756 0.0937045589 0.00732653588 -0.0373969153 -0.0403594449 -0.01004076 -0.016167514 -0.0154986754 0.00378831872 0.0683456957 0.0510123521 0.00500241667 0.0857228637 -0.145116597 0.0384187698 -0.0845515355 0.00276377797 0.115012154 0.00319638848 -0.0473003015 -0.184676334 -0.0226840004 0.017269183 -0.00394085795 -0.128700316 0.022879269 -0.0245678164 -0.207130358 0.0994758457 -0.0386648998 -0.0181197673 -0.0119078234 -0.101763695 -0.0303177387 -0.0460246094 0.0857229084 -0.0140970051 0.0399181396 -0.112132952 -0.0212108996 0.169991136 0.00476139039 -0.146647498 -0.0918764025 0.115532622 0.0206361338 0.0307384096 -0.0241493341 -0.0472083241 0.0145422034 0.0139003545 -0.00492380559 0.0467033125 0.00895911828 0.128387645 0.0697092786 -0.0112645775 0.150928393 0.0592120178 0.00869852677 0.0299324617 0.0583798327 0.00265709683 0.0369747877 0.0859397501
G757 0.0433183536 0.0397839993 -0.0761505961 -0.0183560252 0.00296547264 -0.000926144421 -0.0194289908 0.0467403196 0.0037747398 0.0170061234 -0.045922786 0.108618721 -0.0985220522 0.0357475616 -0.0775250196 -0.0726420805 0.0358500853 0.00101534277 0.0476687625 0.0373967513 0.0271480158 0.0876372457 -0.0229124948 -0.0470257252 0.0173861217 -0.0499042198 -0.216864139 0.0851126909 -0.00722575933 -0.0175358355 0.0511487126 -0.0259032585 -0.0633108392 -0.0426516905 0.0542688631 0.018053364 -0.0290529951 -0.084255375 0.00275127217 0.0790720284 0.0463301539 -0.0767413378 -0.0478004068 0.130138695 -0.0350246429 -0.01121388 -0.0451909862 -0.0762497559 0.0126093999 0.0352937505 -0.0102533177 0.0408841223 0.00603810698 0.0852159485 -0.0308762118 0.0124013796 0.0184319466 0.0749897659 0.110514715 0.0133110918 -0.0106052924 -0.024387639 -0.0298315659 0.0726054236
G758 0.0937045664 0.00732653588 -0.0373969264 -0.0403594449 -0.01004076 -0.016167514 -0.0154986642 0.00378831686 0.0683456883 0.0510123484 0.00500243157 0.0857228711 -0.145116597 0.0384187512 -0.0845515355 0.0027637817 0.115012161 0.00319640338 -0.0473003015 -0.184676319 -0.022683993 0.0172691867 -0.00394086726 -0.128700301 0.0228792764 -0.0245678183 -0.207130373 0.0994758457 -0.0386649072 -0.0181197673 -0.0119078271 -0.101763688 -0.0303177387 -0.0460246131 0.0857229084 -0.0140969977 0.0399181321 -0.112132937 -0.0212108921 0.169991136 0.00476139039 -0.146647483 -0.0918764174 0.115532622 0.0206361413 0.0307384171 -0.0241493266 -0.0472083166 0.0145422108 0.0139003545 -0.00492379814 0.0467033237 0.008959122 0.128387645 0.0697092861 -0.011264585 0.150928393 0.0592120029 0.00869852677 0.0299324654 0.0583798289 0.00265709311 0.036974784 0.0859397426
G759 0.0433183648 0.0397840068 -0.0761506036 -0.0183560103 0.00296547264 -0.000926174223 -0.0194289926 0.0467403159 0.00377474725 0.017006116 -0.045922786 0.108618706 -0.0985220522 0.0357475504 -0.0775250122 -0.0726420805 0.0358500853 0.00101533532 0.0476687439 0.0373967178 0.0271480083 0.0876372382 -0.0229124986 -0.0470257327 0.0173861217 -0.0499042198 -0.216864139 0.0851126909 -0.0072257556 -0.0175358355 0.0511487201 -0.0259032585 -0.0633108541 -0.0426516831 0.0542688705 0.0180533715 -0.0290530026 -0.0842553675 0.0027512759 0.0790720284 0.0463301539 -0.0767413378 -0.0478004105 0.130138695 -0.0350246504 -0.01121388 -0.0451909825 -0.076249741 0.0126094054 0.0352937579 -0.0102533177 0.0408841297 0.00603811443 0.0852159634 -0.0308762081 0.0124013647 0.0184319615 0.074989751 0.110514708 0.0133110937 -0.0106052924 -0.0243876278 -0.0298315622 0.0726054013
G760 0.0937045589 0.00732654333 -0.0373969153 -0.0403594449 -0.0100407526 -0.016167514 -0.0154986698 0.00378831383 0.0683456957 0.0510123558 0.00500241667 0.0857228786 -0.145116597 0.0384187512 -0.0845515281 0.00276377797 0.115012154 0.00319638848 -0.0473003089 -0.184676319 -0.0226839855 0.0172691792 -0.00394084863 -0.128700316 0.0228792652 -0.0245678164 -0.207130387 0.0994758457 -0.0386648998 -0.0181197599 -0.0119078271 -0.101763695 -0.0303177387 -0.0460246205 0.0857229233 -0.0140970051 0.0399181396 -0.112132937 -0.0212108847 0.169991106 0.00476139225 -0.146647498 -0.0918764025 0.115532622 0.0206361338 0.0307384245 -0.0241493229 -0.0472083241 0.0145422108 0.013900362 -0.00492379814 0.0467033088 0.00895912573 0.12838766 0.0697092786 -0.0112645701 0.150928393 0.0592120066 0.00869851932 0.0299324617 0.0583798289 0.00265710801 0.0369747877 0.0859397501
G761 0.0433183685 0.0397839993 -0.0761505887 -0.0183559954 0.00296547264 -0.000926159322 -0.0194289926 0.0467403084 0.0037747398 0.0170061328 -0.0459227897 0.108618721 -0.0985220522 0.0357475542 -0.0775250122 -0.0726420954 0.0358500779 0.00101532787 0.0476687476 0.0373967402 0.0271480158 0.0876372457 -0.0229124855 -0.0470257327 0.0173861235 -0.0499042198 -0.216864154 0.0851126909 -0.00722575933 -0.0175358281 0.0511487126 -0.0259032585 -0.0633108541 -0.0426516905 0.0542688817 0.0180533603 -0.0290530026 -0.084255375 0.0027512759 0.0790720284 0.0463301577 -0.0767413378 -0.047800418 0.130138695 -0.0350246504 -0.0112138726 -0.0451909713 -0.0762497485 0.0126093999 0.035293743 -0.0102533177 0.0408841297 0.00603811443 0.0852159634 -0.0308762118 0.0124013796 0.0184319578 0.0749897584 0.110514723 0.0133110909 -0.0106052887 -0.0243876316 -0.0298315585 0.0726054162
G762 0.0937045515 0.00732653588 -0.0373969153 -0.0403594449 -0.01004076 -0.016167514 -0.0154986689 0.00378831825 0.0683456808 0.0510123558 0.00500240922 0.085722886 -0.145116597 0.0384187475 -0.0845515355 0.00276377797 0.115012154 0.00319639593 -0.0473002978 -0.184676304 -0.022683993 0.0172691792 -0.00394085236 -0.128700301 0.0228792671 -0.024567822 -0.207130373 0.0994758382 -0.0386648886 -0.0181197599 -0.0119078234 -0.101763681 -0.0303177387 -0.0460246168 0.0857229158 -0.0140969977 0.0399181321 -0.112132937 -0.021210894 0.169991136 0.00476139784 -0.146647498 -0.0918764099 0.115532622 0.0206361637 0.0307384152 -0.0241493192 -0.0472083241 0.0145422202 0.0139003694 -0.00492379814 0.0467033088 0.00895912945 0.128387645 0.0697092637 -0.0112645626 0.150928378 0.0592120141 0.00869852304 0.029932458 0.0583798327 0.00265709311 0.0369747877 0.0859397575
G763 0.0433183685 0.0397840068 -0.0761506036 -0.0183560103 0.00296546519 -0.000926159322 -0.0194289945 0.0467403159 0.00377474725 0.0170061179 -0.045922786 0.108618721 -0.0985220447 0.0357475542 -0.0775250047 -0.0726420805 0.0358500779 0.00101532787 0.0476687662 0.0373967439 0.0271480158 0.0876372308 -0.0229124893 -0.0470257252 0.0173861198 -0.0499042273 -0.216864139 0.0851126909 -0.0072257556 -0.0175358355 0.0511487015 -0.0259032585 -0.0633108392 -0.0426516943 0.0542688705 0.0180533677 -0.02905301 -0.084255375 0.00275127217 0.0790720582 0.0463301577 -0.0767413303 -0.0478004068 0.130138695 -0.0350246429 -0.01121388 -0.0451909788 -0.0762497559 0.0126094092 0.0352937579 -0.0102533177 0.0408841148 0.00603811443 0.085215956 -0.0308762193 0.0124013647 0.0184319504 0.0749897659 0.110514723 0.0133110965 -0.0106052849 -0.0243876334 -0.0298315547 0.0726054162
G764 0.0937045664 0.00732652843 -0.0373969302 -0.0403594449 -0.01004076 -0.016167514 -0.0154986726 0.00378831662 0.0683456957 0.0510123447 0.00500241667 0.0857228786 -0.145116597 0.0384187512 -0.0845515355 0.00276378915 0.115012154 0.00319638848 -0.0473003089 -0.184676334 -0.0226840004 0.0172691792 -0.00394085981 -0.128700316 0.0228792727 -0.0245678183 -0.207130373 0.0994758457 -0.038664896 -0.0181197673 -0.0119078271 -0.101763695 -0.0303177387 -0.0460246243 0.0857229084 -0.0140969977 0.0399181396 -0.112132937 -0.0212109014 0.169991136 0.00476138853 -0.146647498 -0.0918764174 0.115532622 0.0206361488 0.0307384171 -0.0241493229 -0.0472083241 0.0145422146 0.013900362 -0.00492379814 0.0467033125 0.00895911828 0.12838763 0.0697092786 -0.0112645775 0.150928393 0.0592120178 0.00869851932 0.0299324654 0.0583798327 0.00265709683 0.036974784 0.0859397575
G765 0.0433183685 0.0397840068 -0.0761506036 -0.0183560252 0.00296547264 -0.000926159322 -0.0194289945 0.0467403084 0.00377474725 0.0170061104 -0.0459227823 0.108618714 -0.0985220522 0.0357475542 -0.0775250196 -0.072642073 0.0358500853 0.00101532787 0.0476687513 0.0373967253 0.0271480083 0.0876372382 -0.0229125004 -0.0470257327 0.0173861254 -0.0499042273 -0.216864139 0.0851126909 -0.0072257556 -0.0175358355 0.0511487052 -0.0259032659 -0.0633108392 -0.0426516831 0.0542688631 0.0180533677 -0.02905301 -0.0842553675 0.00275127962 0.0790720582 0.046330139 -0.0767413378 -0.0478004068 0.130138695 -0.035024628 -0.0112138875 -0.04519099 -0.0762497485 0.0126094073 0.0352937579 -0.0102533028 0.0408841297 0.00603810698 0.0852159634 -0.0308762006 0.0124013647 0.0184319615 0.0749897584 0.110514715 0.0133110918 -0.0106052831 -0.0243876353 -0.0298315622 0.0726054162
G766 0.0937045589 0.00732655078 -0.0373969115 -0.04035943 -0.0100407526 -0.0161675066 -0.0154986698 0.003788325 0.0683456808 0.0510123409 0.00500242412 0.0857228786 -0.145116597 0.0384187587 -0.0845515355 0.00276378542 0.115012147 0.00319638848 -0.0473003052 -0.184676334 -0.022683993 0.0172691718 -0.00394085422 -0.128700301 0.0228792671 -0.0245678127 -0.207130373 0.0994758531 -0.038664896 -0.0181197748 -0.0119078197 -0.101763695 -0.0303177387 -0.0460246243 0.0857229084 -0.0140970014 0.0399181396 -0.112132952 -0.0212108977 0.169991136 0.0047613997 -0.146647498 -0.0918764174 0.115532622 0.0206361413 0.0307384245 -0.0241493229 -0.0472083241 0.014542222 0.0139003545 -0.00492381305 0.0467033051 0.00895911455 0.12838766 0.0697092786 -0.0112645775 0.150928378 0.0592120104 0.00869851932 0.029932458 0.0583798327 0.00265709683 0.0369747914 0.0859397426
G767 0.0433183573 0.0397839993 -0.0761505961 -0.0183560252 0.00296547264 -0.000926174223 -0.0194289871 0.0467403233 0.0037747398 0.0170061085 -0.0459227897 0.108618714 -0.0985220522 0.0357475616 -0.0775250122 -0.0726420805 0.0358500779 0.00101532787 0.0476687439 0.0373967327 0.0271480158 0.0876372457 -0.0229124874 -0.0470257327 0.0173861198 -0.0499042198 -0.216864139 0.0851127058 -0.0072257556 -0.0175358355 0.0511487052 -0.0259032659 -0.0633108392 -0.0426516943 0.0542688705 0.0180533603 -0.0290529951 -0.084255375 0.00275127217 0.0790720284 0.0463301539 -0.0767413378 -0.0478004031 0.130138695 -0.0350246504 -0.0112138726 -0.0451909713 -0.0762497485 0.012609411 0.0352937579 -0.0102533251 0.0408841148 0.00603809953 0.0852159485 -0.0308762118 0.0124013722 0.0184319578 0.0749897584 0.110514715 0.0133110927 -0.0106052812 -0.0243876353 -0.0298315547 0.0726054162
G768 0.0937045515 0.00732652843 -0.0373969078 -0.0403594449 -0.01004076 -0.0161675289 -0.0154986735 0.00378831057 0.0683456957 0.0510123521 0.00500241667 0.0857228711 -0.145116597 0.0384187549 -0.0845515206 0.00276377425 0.115012154 0.00319640338 -0.0473002978 -0.184676304 -0.0226839855 0.0172691792 -0.0039408505 -0.128700301 0.0228792597 -0.0245678145 -0.207130373 0.0994758457 -0.038664896 -0.0181197748 -0.0119078234 -0.101763688 -0.0303177387 -0.0460246168 0.0857229084 -0.0140969977 0.0399181321 -0.112132937 -0.0212108865 0.169991121 0.0047614146 -0.146647513 -0.0918764174 0.115532622 0.0206361562 0.0307384059 -0.0241493229 -0.0472083315 0.0145422146 0.0139003694 -0.00492380559 0.0467033014 0.00895912573 0.12838766 0.0697092935 -0.0112645924 0.150928378 0.0592120178 0.00869853422 0.029932458 0.0583798215 0.00265709311 0.0369747914 0.0859397352
G769 0.0433183536 0.0397840068 -0.0761505812 -0.0183560103 0.00296547264 -0.000926144421 -0.0194289926 0.0467403159 0.00377474725 0.017006116 -0.0459227934 0.108618714 -0.0985220447 0.035747543 -0.0775250047 -0.0726420879 0.0358500779 0.00101532787 0.0476687662 0.0373967402 0.0271480158 0.0876372382 -0.0229124855 -0.0470257252 0.017386118 -0.0499042235 -0.216864139 0.085112676 -0.00722575374 -0.0175358355 0.0511487126 -0.025903251 -0.0633108616 -0.0426516868 0.0542688668 0.0180533715 -0.02905301 -0.084255375 0.00275126845 0.0790720284 0.0463301577 -0.0767413527 -0.0478004068 0.130138695 -0.0350246355 -0.0112138987 -0.0451909788 -0.076249741 0.0126094054 0.035293743 -0.0102533102 0.0408841297 0.00603811443 0.085215956 -0.0308762044 0.0124013647 0.0184319541 0.0749897659 0.110514715 0.0133110741 -0.0106052887 -0.0243876316 -0.0298315436 0.0726054087
G770 0.026669845 0.034905687 -0.0916436166 -0.0511576235 0.00701641664 -0.0122513399 -0.0230804496 0.0577549301 0.00245065987 0.0202964917 -0.043740876 0.138351485 -0.115577973 0.0639106631 -0.0540905297 -0.053423088 0.0274154618 0.014171496 0.0368794799 0.0252733547 0.00730515271 0.0644225702 -0.00130963698 -0.034587685 0.0235180017 -0.0522505157 -0.187792853 0.079636015 0.0220955182 0.0145319104 0.0532009043 -0.0158332959 -0.0644349828 -0.0637359619 0.0534791723 0.0285833068 -0.00399438292 -0.082230106 0.0116146207 0.0755534172 0.048415713 -0.0370255858 -0.0213279705 0.173992693 -0.0341242105 -0.000737890601 -0.0614949949 -0.0735301897 0.00925379712 0.0171430334 0.00873755664 0.0345853493 0.034081202 0.0880389661 -0.00519831106 -0.00436668843 0.0205382779 0.0735412836 0.108736575 0.0337853245 0.0238221847 -0.0322990865 -0.0285307541 0.0616272651
G773 0.0266698599 0.0349056721 -0.0916435942 -0.0511576086 0.00701642036 -0.0122513399 -0.0230804458 0.0577549301 0.00245065987 0.0202964991 -0.0437408872 0.138351485 -0.115577981 0.0639106631 -0.0540905222 -0.0534230843 0.0274154544 0.0141715035 0.036879465 0.0252733454 0.00730514526 0.0644225702 -0.00130963326 -0.0345876813 0.0235179979 -0.0522505157 -0.187792853 0.0796360075 0.0220955256 0.0145319067 0.0532009006 -0.0158332884 -0.0644349828 -0.0637359694 0.0534791648 0.0285833068 -0.00399438292 -0.082230106 0.0116146281 0.0755534172 0.048415713 -0.0370255895 -0.021327965 0.173992693 -0.0341241881 -0.000737898052 -0.0614949949 -0.0735301897 0.00925379433 0.0171430334 0.00873755664 0.0345853716 0.0340812244 0.0880389661 -0.00519831479 -0.00436668098 0.0205382705 0.0735412687 0.10873656 0.0337853283 0.0238221735 -0.0322990865 -0.0285307541 0.0616272651
G776 0.0266698599 0.0349056795 -0.0916435868 -0.0511576235 0.00701641664 -0.0122513473 -0.0230804496 0.0577549338 0.00245065615 0.0202965029 -0.0437408797 0.138351485 -0.115577966 0.0639106631 -0.0540905297 -0.053423088 0.0274154693 0.0141715035 0.0368794724 0.0252733584 0.00730514526 0.0644225776 -0.00130964816 -0.034587685 0.0235180035 -0.0522505082 -0.187792867 0.0796360224 0.0220955107 0.0145319104 0.0532009006 -0.0158332959 -0.0644349903 -0.0637359694 0.0534791648 0.0285833031 -0.00399437547 -0.082230106 0.0116146281 0.0755534172 0.0484157018 -0.0370255783 -0.021327965 0.173992693 -0.0341242105 -0.000737890601 -0.0614949986 -0.0735301971 0.0092538083 0.0171430409 0.00873756409 0.0345853642 0.0340811983 0.0880389661 -0.00519832224 -0.00436668843 0.0205382779 0.0735412687 0.108736567 0.0337853171 0.0238221735 -0.0322990902 -0.0285307691 0.0616272576
G779 0.0266698673 0.034905687 -0.0916436091 -0.0511575937 0.00701641664 -0.0122513399 -0.0230804496 0.0577549301 0.00245065615 0.020296501 -0.0437408835 0.138351485 -0.115577981 0.0639106706 -0.0540905297 -0.0534230992 0.0274154544 0.0141715109 0.036879465 0.0252733566 0.00730514526 0.0644225851 -0.00130964443 -0.0345876887 0.0235179961 -0.0522505119 -0.187792853 0.0796360224 0.0220955219 0.0145319104 0.0532008931 -0.0158332884 -0.0644349828 -0.0637359694 0.0534791648 0.0285832994 -0.00399437547 -0.082230106 0.0116146281 0.0755534321 0.048415713 -0.0370255858 -0.0213279687 0.173992708 -0.0341241956 -0.000737890601 -0.0614949986 -0.0735301897 0.00925379712 0.0171430334 0.00873757154 0.0345853642 0.034081202 0.0880389661 -0.00519831106 -0.00436668843 0.0205382705 0.0735412836 0.108736567 0.0337853283 0.0238221735 -0.0322990865 -0.0285307541 0.0616272651
G782 0.0266698599 0.0349056721 -0.0916436017 -0.0511576086 0.00701641291 -0.012251325 -0.0230804458 0.0577549413 0.00245065615 0.0202964842 -0.043740876 0.138351485 -0.115577981 0.0639106631 -0.0540905222 -0.053423088 0.0274154693 0.0141715109 0.036879465 0.0252733491 0.00730514526 0.0644225776 -0.00130963698 -0.0345876776 0.0235180054 -0.0522505194 -0.187792853 0.0796360224 0.0220955219 0.0145319067 0.053200908 -0.0158332884 -0.0644349903 -0.0637359619 0.0534791648 0.0285833068 -0.00399438292 -0.082230106 0.0116146281 0.0755534172 0.0484157056 -0.0370255895 -0.0213279687 0.173992723 -0.0341241881 -0.000737898052 -0.0614949986 -0.0735301897 0.00925379992 0.0171430558 0.00873756409 0.0345853716 0.0340812132 0.0880389661 -0.00519831851 -0.00436668843 0.0205382779 0.0735412836 0.10873656 0.0337853245 0.0238221809 -0.0322990902 -0.0285307541 0.0616272725
G785 0.0266698673 0.034905687 -0.0916435942 -0.0511576235 0.00701641664 -0.012251325 -0.0230804496 0.0577549264 0.00245065987 0.0202964935 -0.0437408723 0.138351485 -0.115577988 0.0639106706 -0.054090526 -0.0534230843 0.0274154693 0.0141715035 0.0368794724 0.0252733547 0.00730513781 0.0644225776 -0.00130963698 -0.0345876776 0.0235179998 -0.0522505082 -0.187792853 0.079636015 0.0220955145 0.0145319216 0.0532009006 -0.0158332959 -0.0644349828 -0.0637359694 0.0534791723 0.0285833031 -0.00399438292 -0.0822300985 0.0116146281 0.0755534172 0.0484157018 -0.0370255969 -0.021327978 0.173992708 -0.0341241807 -0.000737883151 -0.0614949949 -0.0735301897 0.00925379992 0.0171430409 0.00873755664 0.0345853642 0.0340812132 0.0880389661 -0.00519831851 -0.00436668098 0.0205382705 0.0735412836 0.10873656 0.0337853245 0.0238221735 -0.0322990902 -0.0285307541 0.0616272576
G788 0.0266698673 0.034905687 -0.0916435868 -0.0511576086 0.00701640919 -0.0122513324 -0.0230804384 0.0577549376 0.00245065987 0.0202964991 -0.0437408835 0.138351485 -0.115577973 0.0639106631 -0.0540905409 -0.0534230843 0.0274154693 0.0141715109 0.0368794724 0.0252733491 0.00730514526 0.0644225702 -0.0013096258 -0.034587685 0.0235180128 -0.0522505194 -0.187792867 0.079636015 0.0220955182 0.0145319141 0.0532009006 -0.0158332884 -0.0644349903 -0.0637359619 0.0534791723 0.0285833068 -0.00399438292 -0.0822301134 0.0116146207 0.0755534172 0.0484157093 -0.0370255858 -0.0213279724 0.173992708 -0.0341241956 -0.000737890601 -0.0614949875 -0.0735301897 0.0092537934 0.0171430334 0.00873755664 0.0345853567 0.034081202 0.0880389586 -0.00519831106 -0.00436668843 0.0205382705 0.0735412836 0.108736575 0.0337853171 0.0238221809 -0.0322990939 -0.0285307467 0.0616272651
G791 0.0266698599 0.034905687 -0.0916435942 -0.0511576235 0.00701640919 -0.012251325 -0.0230804384 0.0577549376 0.0024506487 0.020296488 -0.0437408835 0.1383515 -0.115577973 0.0639106706 -0.0540905297 -0.0534230955 0.0274154544 0.0141715109 0.0368794799 0.0252733566 0.00730515271 0.0644225776 -0.00130962953 -0.0345876887 0.0235180072 -0.0522505157 -0.187792853 0.0796360224 0.0220955182 0.0145318992 0.0532008857 -0.0158332959 -0.0644349828 -0.0637359768 0.0534791797 0.0285833068 -0.00399439037 -0.082230106 0.0116146319 0.0755534172 0.0484157093 -0.0370255895 -0.0213279687 0.173992708 -0.0341241956 -0.000737883151 -0.0614949949 -0.0735301971 0.00925378967 0.0171430409 0.00873755664 0.0345853567 0.0340812281 0.0880389661 -0.00519831851 -0.00436668098 0.0205382779 0.0735412687 0.108736567 0.0337853208 0.0238221735 -0.0322990939 -0.0285307541 0.0616272576
G794 0.0204760693 0.0184456483 -0.126306921 -0.0870062932 -0.00050996244 -0.0148680359 -0.0361873731 0.0758081898 0.0200717561 0.049422577 -0.0313145109 0.181828201 -0.138999343 0.0332774147 -0.0250154156 -0.0274667647 0.000107131898 0.0538138673 0.0206009224 -0.00726571679 -0.0076777637 0.0322696641 0.0245817192 0.0110352039 -0.007007787 -0.0809308887 -0.175179377 0.0352503844 0.047822278 0.0226537492 0.07209903 0.00794203579 -0.0355598032 -0.110461183 0.0439758599 0.0698654652 0.0157506615 -0.102159888 0.0245467145 0.0797685683 0.0457646511 -0.00978326425 0.010142955 0.218923599 0.00880308449 0.0170658231 -0.0960363597 -0.0668499246 0.0024150759 0.000398851931 0.0391795188 0.0373720899 0.0658928752 0.0935661495 0.0184410699 -0.0336843655 0.0130227432 0.0769532919 0.102542095 0.0772330239 0.070056349 -0.0592898764 -0.0128376707 0.0356263854
G797 0.0204760991 0.0184456334 -0.126306936 -0.0870062783 -0.00050996244 -0.0148680359 -0.0361873694 0.0758081898 0.0200717598 0.049422577 -0.0313145109 0.181828186 -0.138999373 0.033277411 -0.0250154082 -0.0274667554 0.000107139349 0.0538138673 0.0206009299 -0.00726572424 -0.00767775625 0.0322696567 0.0245817341 0.0110352039 -0.00700778142 -0.0809308887 -0.175179377 0.0352503955 0.0478222743 0.0226537306 0.07209903 0.00794202089 -0.0355598032 -0.11046119 0.0439758562 0.0698654652 0.0157506615 -0.102159888 0.0245467201 0.0797685981 0.0457646474 -0.00978326425 0.0101429578 0.218923584 0.00880307704 0.0170658082 -0.0960363448 -0.0668499246 0.00241507031 0.000398851931 0.0391795188 0.0373720974 0.0658928752 0.0935661569 0.0184410661 -0.033684358 0.0130227581 0.0769533068 0.102542102 0.0772330314 0.070056349 -0.0592898838 -0.0128376707 0.0356263742
G800 0.0204760768 0.0184456483 -0.126306936 -0.0870062783 -0.00050996989 -0.0148680285 -0.0361873768 0.0758081749 0.0200717635 0.0494225845 -0.0313145146 0.181828201 -0.138999358 0.0332774073 -0.0250154082 -0.0274667684 0.000107139349 0.0538138747 0.0206009224 -0.00726570934 -0.0076777637 0.0322696641 0.0245817043 0.0110352039 -0.00700777723 -0.0809308887 -0.175179392 0.0352503881 0.047822278 0.022653738 0.0720990375 0.00794203579 -0.0355597883 -0.110461168 0.0439758636 0.0698654652 0.015750654 -0.102159895 0.0245467164 0.0797685981 0.0457646511 -0.00978325307 0.0101429541 0.218923584 0.00880307704 0.0170658082 -0.0960363597 -0.0668499172 0.00241507217 0.000398851931 0.0391795337 0.0373720974 0.0658928752 0.0935661495 0.0184410624 -0.0336843655 0.0130227655 0.0769533068 0.102542102 0.0772330314 0.070056349 -0.0592898726 -0.0128376782 0.0356263742
G803 0.0204760917 0.0184456483 -0.126306936 -0.0870062709 -0.00050996244 -0.0148680359 -0.0361873694 0.0758081973 0.0200717673 0.0494225882 -0.0313145109 0.181828201 -0.138999343 0.033277411 -0.0250154082 -0.0274667572 0.000107131898 0.0538138673 0.0206009224 -0.00726573169 -0.00767775625 0.0322696567 0.0245817266 0.0110352039 -0.00700777769 -0.0809308961 -0.175179392 0.0352503844 0.0478222743 0.022653738 0.07209903 0.00794202834 -0.0355598032 -0.11046119 0.0439758599 0.0698654503 0.0157506466 -0.102159888 0.0245467108 0.0797685832 0.0457646549 -0.00978325307 0.0101429364 0.218923569 0.00880308449 0.0170658082 -0.0960363597 -0.0668499172 0.00241507217 0.000398844481 0.0391795188 0.0373720974 0.0658928901 0.0935661495 0.0184410661 -0.033684358 0.0130227581 0.0769532919 0.102542102 0.0772330388 0.070056349 -0.0592898764 -0.0128376707 0.0356263667
G806 0.0204760917 0.0184456483 -0.126306951 -0.0870062858 -0.00050996244 -0.0148680359 -0.0361873731 0.0758081898 0.0200717524 0.049422577 -0.0313145109 0.181828201 -0.138999358 0.033277411 -0.0250154193 -0.0274667516 0.000107139349 0.0538138747 0.0206009299 -0.00726571679 -0.0076777637 0.0322696641 0.0245817304 0.0110352039 -0.00700778514 -0.0809308961 -0.175179392 0.0352503881 0.047822278 0.0226537418 0.0720990375 0.00794202834 -0.0355597734 -0.110461175 0.0439758599 0.0698654652 0.0157506466 -0.10215988 0.024546707 0.0797685832 0.0457646549 -0.0097832568 0.0101429541 0.218923599 0.00880308449 0.0170658082 -0.0960363522 -0.0668499172 0.00241506845 0.000398851931 0.0391795337 0.0373720899 0.0658928826 0.0935661495 0.0184410699 -0.0336843655 0.0130227581 0.0769533068 0.102542102 0.0772330314 0.070056349 -0.0592898801 -0.0128376782 0.035626363
G809 0.0204760768 0.0184456408 -0.126306951 -0.0870062932 -0.00050996989 -0.014868021 -0.0361873768 0.0758081973 0.0200717635 0.049422577 -0.0313145034 0.181828186 -0.138999358 0.0332774185 -0.0250154082 -0.0274667628 0.000107139349 0.0538138822 0.0206009224 -0.00726571679 -0.0076777488 0.0322696716 0.0245817155 0.0110352151 -0.0070077749 -0.0809308887 -0.175179377 0.0352503844 0.0478222743 0.0226537455 0.0720990375 0.00794203579 -0.0355597883 -0.110461183 0.0439758524 0.0698654652 0.015750654 -0.102159888 0.0245467126 0.0797685981 0.0457646511 -0.00978325307 0.0101429522 0.218923599 0.00880307704 0.0170658082 -0.0960363597 -0.0668499246 0.00241506845 0.000398851931 0.0391795337 0.0373720974 0.0658928826 0.0935661495 0.0184410624 -0.0336843617 0.0130227655 0.0769532919 0.102542095 0.0772330239 0.070056349 -0.0592898838 -0.0128376707 0.0356263742
G812 0.0204760917 0.0184456483 -0.126306951 -0.0870062709 -0.00050996244 -0.0148680136 -0.036187347 0.0758081898 0.0200717598 0.049422577 -0.0313145071 0.181828216 -0.138999388 0.0332774036 -0.0250154044 -0.0274667572 0.000107139349 0.0538138747 0.0206009373 -0.00726570934 -0.00767777115 0.0322696641 0.0245817229 0.0110352151 -0.00700778421 -0.0809308961 -0.175179377 0.0352503955 0.047822278 0.0226537492 0.0720990449 0.00794202834 -0.0355598032 -0.110461175 0.0439758636 0.0698654577 0.0157506466 -0.10215988 0.0245467145 0.0797685981 0.0457646511 -0.00978326425 0.010142955 0.218923599 0.00880306959 0.0170658156 -0.0960363448 -0.0668499246 0.00241506658 0.000398844481 0.0391795337 0.0373720899 0.0658928603 0.0935661495 0.0184410773 -0.0336843506 0.0130227581 0.0769533068 0.102542102 0.0772330239 0.070056349 -0.0592898726 -0.0128376707 0.0356263742
G815 0.0204760917 0.0184456557 -0.126306921 -0.0870062709 -0.00050996244 -0.0148680136 -0.036187347 0.0758081824 0.0200717561 0.0494225733 -0.031314522 0.181828216 -0.138999388 0.0332774036 -0.0250154119 -0.0274667535 0.000107139349 0.0538138673 0.0206009299 -0.00726572424 -0.0076777637 0.0322696678 0.0245817229 0.0110352151 -0.00700779445 -0.0809308961 -0.175179377 0.0352503918 0.0478222817 0.0226537492 0.0720990524 0.00794203579 -0.0355598032 -0.110461183 0.0439758562 0.0698654503 0.015750654 -0.10215988 0.0245467126 0.0797685981 0.0457646549 -0.0097832717 0.010142955 0.218923599 0.00880306959 0.0170658231 -0.0960363448 -0.0668499097 0.00241507217 0.000398844481 0.0391795188 0.0373720974 0.0658928826 0.0935661346 0.0184410699 -0.033684358 0.0130227581 0.0769533068 0.102542095 0.0772330239 0.070056349 -0.0592898838 -0.0128376633 0.0356263742
G818 0.061123196 0.122560099 -0.0361675546 -0.105150253 -0.00969871506 0.0818733573 0.0611586347 -0.0293437205 0.0592632145 -0.0918655768 -0.0446186401 0.117119357 -0.120765567 0.0940754861 -0.0157657117 -0.0719745085 0.0375197828 -0.00544954836 0.0417863838 0.0197038837 -0.0237850621 0.148120165 -0.0397786126 -0.0578002483 0.000840985216 -0.0966390893 -0.272131592 0.127242237 0.0398416519 -0.132956684 0.0552095957 -0.14900735 -0.0074044317 -0.0260969363 0.0719551593 -0.0101601891 -0.0568592809 0.00871076435 0.0880431905 0.145454049 0.138983324 -0.143254548 -0.0149275726 0.106729053 -0.0294842124 -0.0169390533 -0.000875797123 -0.0413959064 0.0186356474 0.0441290885 -0.00129473954 0.0596801192 -0.0335900411 0.125747994 -0.0072264038 -0.0717934817 0.0651964694 0.0293880533 0.0589949749 0.0544817075 -0.0943711177 -0.0220751818 -0.0159032643 0.0132908979
G819 0.0604676493 0.125873059 -0.0378554612 -0.111602411 -0.00475470349 0.0763030276 0.0644299611 -0.0281616151 0.057929378 -0.0953765959 -0.0439812876 0.117560551 -0.118440188 0.100211427 -0.0106653422 -0.0723421127 0.0330379531 -0.00498832762 0.041327104 0.0138854086 -0.0278202593 0.147662804 -0.0421547331 -0.060561873 0.00252721924 -0.0917073116 -0.271930367 0.132866889 0.0412632488 -0.13228476 0.0523362756 -0.15141587 -0.01003097 -0.0289348103 0.0749624819 -0.0111291744 -0.0512991846 0.00683867186 0.0911051184 0.146309167 0.136447296 -0.140806481 -0.0113910008 0.110846743 -0.0331325196 -0.0163622163 0.000553179532 -0.0407463685 0.0209089797 0.0453547388 -0.00226762891 0.0584978759 -0.0356577039 0.127879545 -0.00808399171 -0.0727982521 0.0688590556 0.0283255596 0.0579845794 0.0528056622 -0.0933663025 -0.0221227072 -0.0194099993 0.00971570238
G820 0.0611231886 0.122560099 -0.0361675546 -0.105150253 -0.00969871506 0.0818733275 0.0611586347 -0.0293437205 0.0592631996 -0.0918655545 -0.0446186401 0.117119357 -0.120765567 0.0940754786 -0.0157656968 -0.0719745159 0.0375197828 -0.00544955581 0.0417863764 0.0197038762 -0.0237850398 0.14812018 -0.0397786126 -0.057800252 0.000840975903 -0.0966390967 -0.272131562 0.127242237 0.0398416594 -0.132956669 0.0552095994 -0.14900735 -0.0074044317 -0.0260969289 0.0719551742 -0.0101601919 -0.0568592697 0.00871074945 0.0880431831 0.145454049 0.138983339 -0.143254533 -0.0149275735 0.106729053 -0.0294842049 -0.0169390347 -0.000875785947 -0.0413959101 0.0186356418 0.0441291034 -0.00129471719 0.0596801266 -0.0335900113 0.125747979 -0.0072264038 -0.0717934817 0.0651964769 0.0293880589 0.0589949749 0.0544817112 -0.0943711251 -0.0220751688 -0.0159032568 0.0132908896
G821 0.0604676493 0.125873059 -0.037855491 -0.111602411 -0.00475471467 0.0763029978 0.064429976 -0.0281616151 0.0579293594 -0.095376581 -0.0439812765 0.117560551 -0.118440181 0.100211412 -0.0106653236 -0.0723421127 0.0330379531 -0.00498833135 0.0413271002 0.0138854012 -0.027820237 0.147662789 -0.0421547256 -0.0605618767 0.00252721086 -0.091707319 -0.271930397 0.132866889 0.0412632488 -0.132284746 0.0523362681 -0.15141587 -0.01003097 -0.028934814 0.0749625042 -0.0111291744 -0.0512991697 0.00683864206 0.0911051035 0.146309152 0.136447296 -0.140806466 -0.0113910036 0.110846728 -0.033132527 -0.0163622014 0.000553190708 -0.0407463759 0.0209089797 0.0453547388 -0.00226762891 0.0584978685 -0.0356577039 0.12787956 -0.00808399916 -0.072798267 0.0688590631 0.0283255689 0.0579845831 0.0528056584 -0.09336631 -0.0221226923 -0.0194099993 0.00971569493
G822 0.061123196 0.122560114 -0.0361675695 -0.105150253 -0.00969871506 0.0818733722 0.0611586384 -0.0293437243 0.0592631996 -0.0918655545 -0.0446186364 0.117119364 -0.120765582 0.0940754712 -0.0157656968 -0.0719745085 0.0375197828 -0.00544955954 0.0417863652 0.0197038762 -0.0237850547 0.14812015 -0.03977862 -0.0578002483 0.000840974972 -0.0966390818 -0.272131562 0.127242237 0.0398416556 -0.132956669 0.0552095994 -0.14900732 -0.0074044317 -0.02609694 0.0719551444 -0.0101601882 -0.0568592586 0.008710742 0.088043198 0.145454049 0.138983339 -0.143254548 -0.0149275651 0.106729046 -0.0294841975 -0.0169390459 -0.000875785947 -0.0413959175 0.0186356399 0.044129096 -0.00129474699 0.0596801266 -0.0335900262 0.125747979 -0.00722639635 -0.0717934966 0.0651964545 0.0293880571 0.0589949898 0.0544817038 -0.0943711251 -0.0220751725 -0.0159032494 0.0132908998
G823 0.0604676493 0.125873029 -0.037855491 -0.111602411 -0.00475470349 0.0763030276 0.0644299686 -0.0281616151 0.0579293817 -0.0953765735 -0.0439812839 0.117560551 -0.118440203 0.100211412 -0.0106653273 -0.0723421052 0.0330379531 -0.00498833507 0.0413271002 0.0138853937 -0.0278202444 0.147662789 -0.0421547331 -0.060561873 0.00252721645 -0.0917073041 -0.271930367 0.132866889 0.0412632562 -0.132284746 0.0523362756 -0.151415855 -0.01003097 -0.0289348178 0.0749624819 -0.0111291707 -0.0512991697 0.00683864951 0.0911051184 0.146309152 0.136447296 -0.140806451 -0.0113909952 0.110846728 -0.0331325158 -0.0163622051 0.000553194433 -0.0407463647 0.0209089816 0.0453547388 -0.00226763636 0.0584978834 -0.0356577188 0.127879545 -0.00808399916 -0.072798267 0.0688590556 0.0283255596 0.057984598 0.052805651 -0.0933662951 -0.022122696 -0.0194100067 0.00971569493
G824 0.0611232035 0.122560084 -0.0361675695 -0.105150253 -0.00969871506 0.0818733573 0.0611586273 -0.029343728 0.059263207 -0.0918655545 -0.0446186475 0.117119372 -0.120765582 0.0940754786 -0.0157657079 -0.0719744936 0.0375197977 -0.00544954836 0.0417863801 0.0197038688 -0.0237850398 0.148120165 -0.0397786126 -0.0578002408 0.000840993598 -0.0966390893 -0.272131562 0.127242237 0.0398416519 -0.132956669 0.0552095883 -0.14900735 -0.0074044317 -0.0260969326 0.0719551519 -0.010160191 -0.0568592772 0.00871076435 0.0880431831 0.145454049 0.138983324 -0.143254519 -0.0149275661 0.106729068 -0.0294842087 -0.0169390347 -0.000875789672 -0.0413959026 0.0186356455 0.0441290885 -0.00129474699 0.0596801341 -0.0335900262 0.125747979 -0.0072264038 -0.0717934817 0.0651964769 0.0293880459 0.0589949861 0.0544817001 -0.0943711251 -0.0220751744 -0.0159032568 0.0132909017
G825 0.0604676493 0.125873029 -0.0378554836 -0.111602411 -0.00475471094 0.0763030276 0.0644299686 -0.02816163 0.0579293668 -0.095376581 -0.0439812839 0.117560551 -0.118440196 0.100211404 -0.010665331 -0.0723421127 0.0330379456 -0.00498832762 0.041327104 0.0138854012 -0.027820237 0.147662789 -0.0421547368 -0.0605618656 0.00252721831 -0.0917073116 -0.271930367 0.132866904 0.0412632488 -0.132284746 0.0523362644 -0.15141587 -0.0100309849 -0.028934814 0.0749624819 -0.0111291725 -0.0512991771 0.00683865696 0.0911051184 0.146309152 0.136447296 -0.140806437 -0.0113909924 0.110846743 -0.0331325233 -0.0163621902 0.000553190708 -0.0407463573 0.0209089853 0.0453547388 -0.00226764381 0.0584978685 -0.0356577039 0.12787956 -0.00808400288 -0.072798267 0.0688590556 0.0283255447 0.0579846017 0.0528056473 -0.09336631 -0.022122696 -0.0194099993 0.00971569866
G826 0.0611232109 0.122560099 -0.0361675695 -0.105150253 -0.00969871506 0.0818733573 0.0611586496 -0.029343728 0.0592631996 -0.0918655545 -0.0446186364 0.117119357 -0.120765582 0.0940754786 -0.0157657042 -0.0719745085 0.0375197977 -0.00544955954 0.0417863764 0.0197038651 -0.0237850472 0.14812018 -0.03977862 -0.057800252 0.000840978697 -0.0966390967 -0.272131592 0.127242237 0.0398416556 -0.132956684 0.0552095845 -0.149007365 -0.0074044317 -0.0260969289 0.0719551519 -0.0101602022 -0.0568592697 0.0087107718 0.088043198 0.145454049 0.138983339 -0.143254533 -0.0149275735 0.106729046 -0.0294842049 -0.0169390496 -0.000875782222 -0.0413959101 0.0186356455 0.0441291183 -0.00129471719 0.0596801266 -0.0335900262 0.125747994 -0.0072264038 -0.0717934892 0.0651964694 0.0293880533 0.0589949898 0.0544817001 -0.0943711251 -0.0220751669 -0.0159032568 0.0132908914
G827 0.0604676493 0.125873029 -0.0378554761 -0.111602411 -0.00475470722 0.076303035 0.064429976 -0.0281616189 0.0579293706 -0.095376581 -0.0439812839 0.117560551 -0.118440203 0.100211419 -0.0106653161 -0.0723420978 0.0330379531 -0.00498833507 0.0413271077 0.0138853863 -0.027820237 0.147662804 -0.0421547294 -0.0605618805 0.00252721086 -0.0917073116 -0.271930397 0.132866904 0.0412632599 -0.13228476 0.0523362607 -0.151415899 -0.0100309849 -0.0289348066 0.0749624819 -0.0111291884 -0.0512991697 0.00683867931 0.0911051109 0.146309167 0.136447296 -0.140806466 -0.0113910064 0.110846728 -0.0331325158 -0.0163622126 0.000553201884 -0.0407463536 0.0209089853 0.0453547537 -0.00226762891 0.058497861 -0.0356577039 0.127879545 -0.00808400288 -0.072798267 0.068859078 0.0283255596 0.057984598 0.0528056584 -0.09336631 -0.0221226905 -0.0194100142 0.00971568748
G828 0.061123196 0.122560084 -0.0361675546 -0.105150253 -0.00969871506 0.0818733573 0.0611586347 -0.0293437354 0.0592631996 -0.0918655545 -0.0446186438 0.117119357 -0.120765559 0.0940754712 -0.0157657042 -0.0719745085 0.0375197977 -0.00544955954 0.0417863876 0.0197038725 -0.0237850621 0.148120165 -0.03977862 -0.0578002408 0.000840977766 -0.0966390893 -0.272131562 0.127242237 0.0398416556 -0.132956669 0.0552095808 -0.14900735 -0.0074044317 -0.0260969289 0.0719551593 -0.0101601956 -0.0568592623 0.008710742 0.0880431905 0.145454079 0.138983324 -0.143254533 -0.0149275698 0.106729053 -0.0294842012 -0.0169390459 -0.000875789672 -0.0413959138 0.0186356474 0.0441291034 -0.00129472464 0.0596801415 -0.0335900113 0.125747979 -0.0072264187 -0.0717934892 0.0651964694 0.0293880515 0.0589949898 0.0544817075 -0.0943711177 -0.0220751725 -0.0159032494 0.0132908998
G829 0.0604676418 0.125873059 -0.037855491 -0.111602411 -0.00475470722 0.0763030276 0.0644299686 -0.02816163 0.0579293594 -0.095376581 -0.0439812914 0.117560551 -0.118440181 0.100211404 -0.0106653236 -0.0723421127 0.0330379531 -0.0049883388 0.0413271077 0.0138854086 -0.027820237 0.147662789 -0.0421547443 -0.0605618693 0.00252721272 -0.0917073116 -0.271930397 0.132866904 0.0412632562 -0.132284746 0.0523362607 -0.15141587 -0.01003097 -0.0289348178 0.0749624819 -0.011129179 -0.0512991697 0.00683866441 0.0911051258 0.146309182 0.136447296 -0.140806451 -0.0113909887 0.110846728 -0.0331325196 -0.0163622126 0.000553190708 -0.0407463685 0.0209089871 0.0453547537 -0.00226763636 0.058497861 -0.035657689 0.127879545 -0.00808401406 -0.072798267 0.0688590556 0.0283255558 0.0579845943 0.0528056622 -0.0933662951 -0.0221226998 -0.0194099918 0.00971569493
G830 0.061123196 0.122560099 -0.0361675546 -0.105150253 -0.00969872251 0.0818733722 0.0611586273 -0.0293437205 0.059263207 -0.0918655768 -0.0446186364 0.11711935 -0.120765582 0.0940754861 -0.0157657042 -0.0719745159 0.0375197977 -0.00544955209 0.0417863727 0.01970388 -0.0237850547 0.14812018 -0.03977862 -0.0578002483 0.000840971246 -0.0966390967 -0.272131592 0.127242237 0.0398416519 -0.132956684 0.0552095994 -0.14900735 -0.0074044466 -0.0260969233 0.0719551742 -0.0101601956 -0.0568592846 0.0087107718 0.088043198 0.145454034 0.138983324 -0.143254548 -0.0149275698 0.106729038 -0.0294842161 -0.0169390459 -0.000875782222 -0.0413959138 0.0186356455 0.0441290885 -0.00129471719 0.0596801415 -0.0335900113 0.125747994 -0.00722639635 -0.0717935115 0.0651964545 0.0293880422 0.0589949712 0.0544817075 -0.0943711251 -0.0220751762 -0.0159032643 0.0132908933
G831 0.0604676493 0.125873044 -0.0378554612 -0.111602411 -0.00475471094 0.076303035 0.0644299686 -0.0281616189 0.0579293668 -0.0953765884 -0.0439812839 0.117560551 -0.118440196 0.100211419 -0.0106653273 -0.0723421127 0.0330379605 -0.0049883239 0.0413270965 0.0138853863 -0.0278202519 0.147662804 -0.0421547443 -0.0605618767 0.00252720807 -0.091707319 -0.271930397 0.132866904 0.0412632488 -0.132284775 0.0523362756 -0.15141587 -0.0100309849 -0.0289348029 0.0749624968 -0.0111291781 -0.0512991734 0.00683867186 0.0911051184 0.146309152 0.136447296 -0.140806466 -0.011390998 0.110846728 -0.0331325233 -0.0163622051 0.000553186983 -0.0407463685 0.0209089834 0.0453547388 -0.00226762891 0.0584978834 -0.0356577039 0.12787956 -0.00808399543 -0.0727982819 0.0688590482 0.0283255484 0.0579845794 0.0528056547 -0.0933663025 -0.0221227016 -0.0194100067 0.00971569121
G832 0.0611232035 0.122560099 -0.0361675695 -0.105150253 -0.00969872251 0.0818733424 0.0611586273 -0.029343728 0.0592631996 -0.0918655768 -0.0446186438 0.117119364 -0.120765582 0.0940754861 -0.0157657042 -0.071974501 0.0375197977 -0.00544955209 0.0417863838 0.0197038725 -0.0237850398 0.14812018 -0.03977862 -0.0578002483 0.000840977766 -0.0966390893 -0.272131592 0.127242237 0.0398416482 -0.132956669 0.0552095883 -0.14900735 -0.0074044317 -0.0260969363 0.0719551593 -0.0101601919 -0.056859266 0.00871076435 0.088043198 0.145454049 0.138983339 -0.143254548 -0.0149275651 0.106729046 -0.0294842049 -0.0169390347 -0.000875782222 -0.0413959026 0.0186356399 0.044129096 -0.00129471719 0.0596801415 -0.0335900113 0.125747979 -0.0072264038 -0.0717935041 0.0651964545 0.0293880533 0.0589949861 0.0544817001 -0.0943711177 -0.0220751707 -0.0159032568 0.0132909026
G833 0.0604676493 0.125873044 -0.0378554761 -0.111602411 -0.00475471839 0.0763030127 0.0644299686 -0.0281616189 0.0579293706 -0.0953765959 -0.0439812839 0.117560551 -0.118440196 0.100211427 -0.0106653273 -0.0723420978 0.0330379531 -0.00498832762 0.0413271114 0.0138853937 -0.027820237 0.147662804 -0.0421547368 -0.0605618767 0.00252721272 -0.0917073041 -0.271930367 0.132866889 0.0412632599 -0.132284746 0.0523362607 -0.15141587 -0.0100309849 -0.0289348066 0.0749624819 -0.0111291762 -0.0512991697 0.00683865696 0.0911051258 0.146309152 0.136447296 -0.140806451 -0.0113909822 0.110846713 -0.0331325121 -0.0163621977 0.000553186983 -0.0407463685 0.0209089834 0.0453547388 -0.00226762891 0.0584978685 -0.035657689 0.127879545 -0.00808399916 -0.072798267 0.0688590482 0.0283255558 0.0579845905 0.0528056584 -0.0933662951 -0.022122696 -0.0194100067 0.00971569493
G834 0.00811911374 0.0646132603 -0.0650217384 0.014781747 -0.0064118579 0.0343022197 0.0148758516 0.106825151 -0.117127962 0.229317561 0.0677639171 0.0778233409 -0.115715504 0.219691321 -0.0120045692 -0.0765168592 0.106855385 0.167170867 0.0373694748 0.0124687739 0.077115342 0.133333892 0.142234981 -0.0835916921 0.0604540259 -0.0948443115 -0.203175902 0.194749862 0.0603977479 -0.0460089035 0.0964562893 -0.226403013 -0.0858269334 -0.0614011213 0.139604926 -0.0289415196 0.187565655 -0.019125985 -0.0415542834 0.113578349 0.141087025 0.0413686633 0.0271668974 0.225878775 -0.041192323 -0.008164078 0.0458649322 -0.0787756294 -0.0770386755 0.0511992723 -0.0612227581 -0.0242325515 0.147576079 0.0967266038 0.0387292691 -0.137594759 -0.0453347862 0.109385565 -0.00529965013 0.0437935516 -0.0713761672 -0.0631984472 -0.0563310087 0.183412924
G847 0.00811912119 0.0646132529 -0.0650217235 0.014781747 -0.0064118579 0.0343022197 0.0148758367 0.106825128 -0.117127977 0.229317561 0.0677639246 0.0778233334 -0.115715496 0.219691321 -0.0120045692 -0.0765168667 0.106855385 0.167170882 0.0373694748 0.0124687757 0.0771153197 0.133333892 0.142234951 -0.0835916847 0.060454011 -0.0948443115 -0.203175902 0.194749862 0.0603977479 -0.0460088998 0.0964562669 -0.226402998 -0.0858269483 -0.0614011213 0.139604941 -0.0289415177 0.187565684 -0.0191259813 -0.0415542834 0.113578334 0.141087025 0.0413686708 0.0271668918 0.225878775 -0.0411923304 -0.0081640631 0.0458649322 -0.0787756294 -0.0770386606 0.0511992574 -0.0612227544 -0.0242325366 0.147576064 0.0967265964 0.0387292765 -0.137594759 -0.0453347713 0.109385565 -0.00529964268 0.0437935553 -0.0713761747 -0.0631984398 -0.0563310087 0.183412939
G860 0.00811911374 0.064613238 -0.0650217384 0.0147817619 -0.00641184673 0.0343022272 0.0148758441 0.106825136 -0.117127962 0.229317561 0.0677639246 0.077823326 -0.115715496 0.219691306 -0.0120045692 -0.0765168518 0.106855385 0.167170867 0.0373694673 0.0124687543 0.0771153122 0.133333892 0.142234951 -0.0835916921 0.0604540221 -0.094844304 -0.203175902 0.194749862 0.0603977442 -0.0460089073 0.0964562595 -0.226402998 -0.0858269334 -0.0614011288 0.139604926 -0.0289415196 0.187565669 -0.0191259887 -0.0415542796 0.113578334 0.141087025 0.0413686745 0.0271668974 0.225878775 -0.041192323 -0.0081640631 0.0458649248 -0.0787756294 -0.0770386606 0.0511992499 -0.0612227358 -0.0242325217 0.147576064 0.0967265964 0.0387292653 -0.137594759 -0.0453347787 0.109385565 -0.00529964268 0.0437935442 -0.0713761598 -0.0631984472 -0.0563309789 0.18341291
G873 0.00811911374 0.0646132678 -0.0650217235 0.0147817619 -0.00641185418 0.0343022346 0.0148758292 0.106825113 -0.117127977 0.229317561 0.0677639171 0.0778233334 -0.115715496 0.219691321 -0.0120045692 -0.0765168592 0.106855392 0.167170882 0.0373694673 0.0124687711 0.0771153197 0.133333892 0.142234951 -0.0835916847 0.0604540221 -0.0948443115 -0.203175902 0.194749862 0.0603977479 -0.0460089073 0.0964562744 -0.226403013 -0.0858269334 -0.0614011139 0.139604926 -0.0289415084 0.187565669 -0.0191259887 -0.0415542834 0.113578364 0.141087025 0.0413686782 0.0271668993 0.225878775 -0.041192323 -0.00816407055 0.0458649248 -0.078775622 -0.0770386532 0.0511992499 -0.0612227619 -0.0242325217 0.147576064 0.0967265964 0.0387292616 -0.137594774 -0.0453347787 0.10938558 -0.00529965013 0.0437935591 -0.0713761598 -0.0631984547 -0.0563310087 0.183412939
G886 0.00811908394 0.0646132454 -0.0650217459 0.0147817619 -0.00641186163 0.0343022048 0.0148758367 0.106825143 -0.11712797 0.229317561 0.0677639246 0.0778233409 -0.115715496 0.219691321 -0.0120045692 -0.0765168667 0.106855385 0.167170897 0.0373694673 0.0124687636 0.0771153271 0.133333892 0.142234966 -0.0835916847 0.0604540184 -0.0948442966 -0.203175902 0.194749862 0.0603977405 -0.0460089035 0.0964562595 -0.226403013 -0.0858269334 -0.061401125 0.139604926 -0.0289415196 0.187565684 -0.0191259924 -0.0415542759 0.113578364 0.14108704 0.0413686708 0.0271668993 0.225878775 -0.0411923155 -0.0081640631 0.0458649248 -0.078775622 -0.0770386532 0.0511992648 -0.0612227507 -0.0242325217 0.147576064 0.0967266113 0.0387292653 -0.137594759 -0.0453347787 0.109385565 -0.00529965013 0.0437935553 -0.0713761598 -0.0631984547 -0.0563310087 0.183412939
G899 0.00811909884 0.0646132529 -0.0650217086 0.0147817694 -0.00641186535 0.0343022197 0.0148758367 0.106825136 -0.11712797 0.229317561 0.0677639246 0.077823326 -0.115715496 0.219691321 -0.0120045692 -0.0765168592 0.106855385 0.167170897 0.0373694673 0.0124687692 0.0771153271 0.133333892 0.142234951 -0.0835916921 0.0604540221 -0.094844304 -0.203175902 0.194749862 0.0603977405 -0.0460088998 0.0964562595 -0.226402998 -0.0858269334 -0.0614011213 0.139604926 -0.0289415233 0.187565684 -0.019125985 -0.0415542871 0.113578334 0.141087025 0.0413686745 0.0271668918 0.225878745 -0.0411923081 -0.00816407055 0.0458649248 -0.0787756294 -0.0770386457 0.0511992574 -0.061222747 -0.0242325515 0.147576064 0.0967266038 0.0387292691 -0.137594789 -0.0453347862 0.109385565 -0.00529965758 0.0437935553 -0.0713761598 -0.0631984472 -0.0563309789 0.18341291
G912 0.00811909884 0.0646132603 -0.0650217384 0.0147817694 -0.006411843 0.0343022048 0.0148758516 0.106825113 -0.117127985 0.229317576 0.0677639246 0.077823326 -0.115715504 0.219691321 -0.0120045692 -0.0765168667 0.106855385 0.167170897 0.0373694673 0.0124687795 0.0771153271 0.133333892 0.142234966 -0.0835916847 0.0604540221 -0.0948442966 -0.203175902 0.194749862 0.0603977516 -0.0460088998 0.0964562744 -0.226403013 -0.0858269483 -0.0614011213 0.139604941 -0.0289415177 0.187565684 -0.0191259738 -0.0415542834 0.113578334 0.141087025 0.0413686447 0.0271669198 0.225878775 -0.0411923006 -0.00816405565 0.0458649471 -0.0787756145 -0.0770386606 0.0511992499 -0.0612227619 -0.0242325366 0.147576064 0.0967266038 0.0387292579 -0.137594789 -0.0453347787 0.10938558 -0.00529965013 0.0437935516 -0.0713761896 -0.0631984472 -0.0563310087 0.183412924
G925 0.00811909884 0.0646132529 -0.0650217384 0.0147817545 -0.00641183928 0.0343022123 0.0148758292 0.106825128 -0.117127985 0.229317561 0.0677639246 0.077823326 -0.115715511 0.219691306 -0.0120045692 -0.0765168518 0.106855385 0.167170912 0.0373694748 0.0124687683 0.0771153271 0.133333892 0.142234981 -0.0835916772 0.0604540296 -0.094844304 -0.203175902 0.194749877 0.0603977479 -0.0460089184 0.0964562595 -0.226402998 -0.0858269483 -0.0614011213 0.139604941 -0.0289415196 0.187565684 -0.0191259813 -0.0415542908 0.113578334 0.14108704 0.0413686596 0.0271669105 0.225878775 -0.0411923155 -0.0081640631 0.0458649471 -0.0787756294 -0.0770386457 0.0511992499 -0.0612227581 -0.0242325217 0.147576064 0.0967266113 0.0387292579 -0.137594789 -0.0453347787 0.10938558 -0.00529965758 0.0437935442 -0.0713761672 -0.0631984472 -0.0563309938 0.183412924
G938 -0.0657734945 -0.0209373534 -0.0972535014 -0.0280095227 -0.00222600996 0.0167048685 0.0486675128 0.0702398419 -0.0830067322 0.233326674 0.00185830146 0.0652001649 -0.07116732 0.0809966028 -0.117673613 -0.03184193 -0.0126180639 0.0304417461 0.0114670461 -0.0425598472 0.101002246 0.123375982 0.0841947496 -0.0247192103 -0.0162679292 -0.16143389 -0.219609931 0.0814160407 0.0685014278 -0.0254613981 0.0106985569 -0.0113722086 -0.0486421436 -0.112690598 0.123780705 -0.0470383428 0.0257860571 -0.0562450215 0.0206283145 0.0949198008 0.024062179 -0.0880459249 0.0482665002 0.087237142 -0.0836909711 0.04919447 -0.0203644782 -0.0917475745 -0.0157703459 0.122916386 -0.0150068328 -0.0213052183 0.0715225264 0.0273296162 -0.0773207694 -0.0859790891 -0.119208656 -0.000163026154 -0.0257961452 0.00441536494 -0.0929191187 -0.0115402415 0.109275706 0.18457979
G939 -0.0657735094 -0.0209373571 -0.0972534865 -0.0280095208 -0.00222600996 0.016704876 0.0486675166 0.0702398494 -0.0830067396 0.233326688 0.00185829401 0.0652001724 -0.0711673349 0.0809966028 -0.117673613 -0.0318419337 -0.0126180556 0.0304417443 0.0114670349 -0.0425598472 0.101002246 0.123375967 0.0841947496 -0.0247192103 -0.0162679292 -0.16143389 -0.219609931 0.0814160407 0.0685014278 -0.0254613906 0.0106985644 -0.0113722086 -0.0486421585 -0.11269059 0.123780698 -0.0470383428 0.0257860571 -0.0562450215 0.0206283182 0.0949197933 0.0240621753 -0.0880459249 0.0482665002 0.087237142 -0.0836909562 0.04919447 -0.0203644931 -0.0917475671 -0.0157703515 0.122916371 -0.0150068328 -0.0213052109 0.0715225413 0.0273296162 -0.0773207843 -0.0859790817 -0.119208664 -0.000163033605 -0.0257961452 0.0044153668 -0.0929191187 -0.0115402415 0.109275706 0.18457979
G940 -0.0657735094 -0.0209373645 -0.0972535014 -0.0280095208 -0.00222600996 0.0167048723 0.0486675166 0.0702398494 -0.0830067322 0.233326688 0.00185830146 0.0652001724 -0.0711673349 0.0809966028 -0.117673621 -0.0318419263 -0.0126180574 0.0304417536 0.0114670461 -0.0425598472 0.101002254 0.123375982 0.084194757 -0.0247192141 -0.0162679292 -0.161433876 -0.219609931 0.0814160407 0.0685014278 -0.0254613906 0.0106985569 -0.0113722086 -0.0486421585 -0.112690598 0.123780705 -0.0470383465 0.0257860571 -0.0562450141 0.0206283145 0.0949198008 0.0240621641 -0.0880459249 0.0482664928 0.087237142 -0.0836909711 0.0491944849 -0.0203644857 -0.0917475745 -0.0157703478 0.122916371 -0.0150068402 -0.0213052109 0.0715225339 0.0273296274 -0.0773207843 -0.0859790891 -0.119208656 -0.000163018703 -0.0257961378 0.00441536307 -0.0929191187 -0.0115402415 0.109275706 0.18457979
G941 -0.0657734796 -0.0209373534 -0.0972535014 -0.0280095153 -0.00222600996 0.0167048611 0.0486675128 0.0702398345 -0.0830067396 0.233326674 0.00185830891 0.0652001649 -0.07116732 0.0809966028 -0.117673613 -0.0318419337 -0.0126180658 0.0304417536 0.0114670461 -0.0425598472 0.101002246 0.123375975 0.084194757 -0.0247192122 -0.0162679292 -0.16143389 -0.219609946 0.0814160407 0.0685014352 -0.0254613981 0.0106985793 -0.011372216 -0.0486421287 -0.112690598 0.123780712 -0.0470383391 0.0257860571 -0.0562450215 0.0206283145 0.0949198082 0.0240621828 -0.08804591 0.0482665077 0.087237142 -0.0836909711 0.0491944775 -0.0203644931 -0.0917475671 -0.0157703478 0.122916371 -0.0150068328 -0.0213052109 0.0715225413 0.0273296125 -0.0773207694 -0.0859790891 -0.119208664 -0.000163026154 -0.0257961452 0.0044153668 -0.0929191262 -0.0115402415 0.109275714 0.184579805
G942 -0.0657734796 -0.0209373534 -0.0972535014 -0.0280095208 -0.00222600996 0.0167048648 0.0486675128 0.0702398345 -0.0830067396 0.233326674 0.00185830891 0.0652001649 -0.0711673275 0.0809966028 -0.117673606 -0.0318419412 -0.0126180565 0.0304417536 0.0114670387 -0.0425598472 0.101002261 0.123375967 0.084194757 -0.0247192122 -0.0162679255 -0.16143389 -0.219609946 0.0814160481 0.0685014278 -0.0254613906 0.0106985793 -0.011372216 -0.0486421436 -0.112690598 0.123780705 -0.0470383391 0.0257860646 -0.0562450252 0.0206283145 0.0949198082 0.024062179 -0.08804591 0.0482665077 0.087237142 -0.0836909562 0.0491944849 -0.0203644931 -0.0917475745 -0.0157703534 0.122916386 -0.0150068328 -0.0213052109 0.0715225413 0.0273296125 -0.0773207843 -0.0859790891 -0.119208671 -0.000163033605 -0.0257961452 0.0044153668 -0.0929191262 -0.0115402341 0.109275721 0.18457979
G943 -0.0657734871 -0.0209373534 -0.0972535014 -0.0280095208 -0.00222600996 0.0167048723 0.0486675277 0.0702398419 -0.0830067396 0.233326674 0.00185829401 0.0652001649 -0.0711673275 0.0809966028 -0.117673613 -0.0318419375 -0.0126180658 0.0304417461 0.0114670461 -0.0425598472 0.101002246 0.123375975 0.0841947645 -0.0247192178 -0.0162679292 -0.161433876 -0.219609946 0.0814160481 0.0685014352 -0.0254613981 0.0106985569 -0.011372216 -0.0486421436 -0.112690598 0.12378072 -0.0470383428 0.0257860646 -0.0562450178 0.020628307 0.0949198008 0.0240621753 -0.08804591 0.0482665151 0.087237142 -0.0836909711 0.0491944849 -0.0203644931 -0.0917475671 -0.0157703534 0.122916371 -0.0150068328 -0.0213052109 0.0715225413 0.0273296237 -0.0773207843 -0.0859790891 -0.119208656 -0.000163018703 -0.0257961452 0.0044153668 -0.0929191262 -0.0115402341 0.109275721 0.18457979
G944 -0.0657734871 -0.0209373571 -0.0972535163 -0.0280095208 -0.00222600251 0.0167048723 0.0486675203 0.0702398419 -0.0830067322 0.233326674 0.00185830146 0.0652001649 -0.0711673275 0.0809966028 -0.117673613 -0.0318419337 -0.0126180658 0.0304417461 0.0114670461 -0.0425598472 0.101002231 0.123375982 0.0841947645 -0.0247192178 -0.0162679292 -0.161433876 -0.219609931 0.0814160407 0.0685014278 -0.0254613906 0.0106985718 -0.0113722011 -0.0486421436 -0.112690598 0.123780705 -0.047038354 0.0257860646 -0.0562450141 0.0206283145 0.0949197933 0.0240621902 -0.0880459175 0.0482665002 0.0872371495 -0.0836909562 0.0491944775 -0.0203644857 -0.0917475671 -0.0157703608 0.122916386 -0.0150068253 -0.0213052109 0.0715225488 0.0273296237 -0.0773207694 -0.0859790891 -0.119208656 -0.000163018703 -0.0257961452 0.00441537052 -0.0929191262 -0.0115402415 0.109275691 0.184579775
G945 -0.0657734871 -0.0209373645 -0.0972535163 -0.0280095171 -0.00222599506 0.0167048723 0.0486675091 0.0702398419 -0.0830067247 0.233326674 0.00185830146 0.0652001649 -0.0711673275 0.0809966028 -0.117673621 -0.0318419263 -0.0126180602 0.0304417461 0.0114670461 -0.0425598472 0.101002246 0.123375975 0.0841947496 -0.0247192159 -0.0162679292 -0.16143389 -0.219609931 0.0814160332 0.0685014278 -0.0254613906 0.0106985644 -0.0113722011 -0.0486421436 -0.112690583 0.123780698 -0.0470383465 0.0257860646 -0.0562450103 0.0206283182 0.0949198008 0.0240621828 -0.0880459249 0.0482664928 0.087237142 -0.0836909637 0.0491944775 -0.0203644931 -0.0917475671 -0.015770359 0.122916386 -0.0150068328 -0.0213052109 0.0715225488 0.0273296274 -0.0773207769 -0.0859790891 -0.119208656 -0.000163011253 -0.0257961378 0.00441536307 -0.0929191262 -0.011540249 0.109275699 0.184579775
G946 -0.0657734871 -0.0209373534 -0.0972535014 -0.0280095171 -0.00222600251 0.0167048723 0.0486675203 0.0702398494 -0.0830067322 0.233326674 0.00185830146 0.0652001649 -0.0711673275 0.0809966028 -0.117673621 -0.0318419337 -0.0126180658 0.0304417424 0.0114670461 -0.0425598472 0.101002246 0.123375975 0.0841947496 -0.0247192159 -0.0162679367 -0.16143389 -0.219609931 0.0814160332 0.0685014278 -0.0254613906 0.0106985644 -0.0113722011 -0.0486421436 -0.112690598 0.123780705 -0.0470383465 0.0257860646 -0.0562450103 0.0206283145 0.0949197933 0.0240621865 -0.0880459249 0.0482665002 0.0872371495 -0.0836909562 0.0491944849 -0.0203644782 -0.0917475671 -0.0157703627 0.122916371 -0.0150068402 -0.0213052109 0.0715225413 0.0273296237 -0.0773207769 -0.0859790742 -0.119208656 -0.000163026154 -0.0257961527 0.00441536307 -0.0929191262 -0.0115402415 0.109275714 0.18457976
G947 -0.065773502 -0.0209373459 -0.0972535163 -0.0280095208 -0.00222600996 0.0167048797 0.0486675017 0.0702398419 -0.0830067322 0.233326659 0.00185829401 0.0652001724 -0.0711673275 0.0809966028 -0.117673606 -0.0318419337 -0.0126180556 0.0304417498 0.0114670424 -0.0425598472 0.101002261 0.123375967 0.0841947496 -0.0247192122 -0.0162679292 -0.16143389 -0.219609946 0.0814160481 0.0685014352 -0.0254613906 0.0106985793 -0.0113722086 -0.0486421436 -0.112690598 0.123780705 -0.0470383391 0.0257860646 -0.0562450141 0.0206283219 0.0949198008 0.0240621865 -0.0880459175 0.0482665002 0.0872371346 -0.0836909562 0.0491944775 -0.0203644782 -0.0917475596 -0.0157703534 0.1229164 -0.0150068328 -0.0213052109 0.0715225413 0.0273296162 -0.0773207843 -0.0859790817 -0.119208664 -0.000163041055 -0.0257961452 0.00441537239 -0.0929191262 -0.0115402415 0.109275728 0.184579775
G948 -0.0657734871 -0.0209373534 -0.0972535014 -0.0280095208 -0.00222600996 0.0167048797 0.0486675091 0.0702398419 -0.0830067247 0.233326659 0.00185830891 0.0652001724 -0.0711673275 0.0809966028 -0.117673613 -0.03184193 -0.0126180574 0.0304417498 0.011467048 -0.0425598472 0.101002254 0.123375967 0.0841947496 -0.0247192122 -0.0162679292 -0.16143389 -0.219609946 0.0814160481 0.0685014352 -0.0254613906 0.0106985793 -0.0113722011 -0.0486421585 -0.112690598 0.123780712 -0.0470383465 0.025786072 -0.0562450141 0.0206283182 0.0949198008 0.0240621679 -0.0880459249 0.0482665002 0.0872371346 -0.0836909637 0.0491944775 -0.0203644857 -0.0917475671 -0.0157703497 0.122916386 -0.0150068328 -0.0213052109 0.0715225488 0.02732962 -0.0773207843 -0.0859790891 -0.119208656 -0.000163033605 -0.0257961378 0.00441536494 -0.0929191262 -0.011540249 0.109275706 0.184579775
G949 -0.0657734871 -0.0209373459 -0.0972534865 -0.0280095171 -0.00222600996 0.0167048834 0.0486675203 0.0702398419 -0.0830067322 0.233326659 0.00185829401 0.0652001649 -0.0711673275 0.0809966028 -0.117673613 -0.0318419337 -0.0126180639 0.0304417424 0.011467048 -0.0425598472 0.101002254 0.123375975 0.0841947645 -0.0247192103 -0.0162679292 -0.16143389 -0.219609946 0.0814160407 0.0685014352 -0.0254613906 0.0106985718 -0.011372216 -0.0486421436 -0.112690605 0.12378072 -0.0470383465 0.025786072 -0.0562450103 0.0206283145 0.0949197933 0.0240621865 -0.0880459249 0.0482665002 0.0872371346 -0.0836909637 0.0491944849 -0.0203644782 -0.0917475671 -0.0157703534 0.122916371 -0.0150068328 -0.0213052109 0.0715225488 0.02732962 -0.0773207843 -0.0859790742 -0.119208671 -0.000163033605 -0.0257961527 0.00441536494 -0.0929191187 -0.0115402415 0.109275706 0.184579775
G950 -0.012339294 0.0301463194 -0.0337228179 -0.0344032161 -0.0216917545 0.045656167 0.102456599 0.0194520112 -0.098157309 0.177882716 0.00162504613 0.0039581731 -0.0498702191 0.124818727 -0.0884787142 -0.0700284988 0.00844152644 0.0110886842 0.0230763368 -0.00992146879 0.0991653055 0.193599761 0.0659896657 -0.0769768655 -0.0356631875 -0.164050996 -0.296338469 0.146942779 0.0628889501 -0.137600586 0.0104535557 -0.14089036 -0.0159249902 -0.0698501021 0.153435349 -0.101279497 0.0109473765 -0.00983557478 0.0292883292 0.144563928 0.0597870238 -0.12530525 0.0216761157 0.0241280869 -0.109257564 0.0224534795 0.0487151071 -0.0776673108 -0.0300827511 0.163926661 -0.0247107148 -0.0336671546 -0.000438053161 0.0598434024 -0.0978474617 -0.0998846367 -0.100564778 -0.0121706836 -0.0684208572 0.00272063911 -0.193166211 0.0458192155 0.0931596234 0.144865274
G951 -0.0123393014 0.0301463343 -0.0337228179 -0.0344032198 -0.021691747 0.0456561744 0.102456599 0.0194520149 -0.098157309 0.177882716 0.00162504613 0.0039581731 -0.0498702154 0.124818712 -0.0884787142 -0.0700284988 0.00844153017 0.0110886768 0.0230763424 -0.00992146879 0.0991653055 0.193599761 0.0659896657 -0.0769768581 -0.0356631875 -0.164050996 -0.296338469 0.146942779 0.0628889501 -0.137600586 0.010453552 -0.140890345 -0.0159250051 -0.0698501095 0.153435349 -0.10127949 0.0109473839 -0.00983558223 0.0292883292 0.144563928 0.0597870089 -0.125305235 0.0216761157 0.0241280869 -0.109257571 0.022453472 0.0487151071 -0.0776673034 -0.0300827436 0.163926661 -0.0247107074 -0.0336671546 -0.000438056886 0.0598434098 -0.0978474617 -0.0998846367 -0.100564778 -0.0121706836 -0.0684208423 0.00272064097 -0.193166211 0.0458192229 0.0931596383 0.144865274
G952 -0.0123393014 0.030146312 -0.0337228179 -0.0344032124 -0.0216917694 0.0456561595 0.102456614 0.0194520131 -0.098157309 0.177882686 0.00162504613 0.0039581731 -0.0498702154 0.124818727 -0.0884787068 -0.0700284988 0.00844152551 0.0110886768 0.0230763312 -0.00992146879 0.0991653278 0.193599731 0.0659896731 -0.0769768655 -0.035663195 -0.164051011 -0.296338469 0.146942779 0.0628889352 -0.137600571 0.0104535483 -0.14089033 -0.0159250051 -0.069850117 0.153435349 -0.10127949 0.010947369 -0.00983557478 0.0292883217 0.144563943 0.0597870164 -0.12530525 0.0216761008 0.024128072 -0.109257564 0.0224534646 0.0487151071 -0.0776673108 -0.0300827567 0.163926661 -0.0247107297 -0.0336671472 -0.000438060611 0.0598433986 -0.0978474766 -0.0998846218 -0.100564793 -0.012170691 -0.0684208572 0.00272062607 -0.193166196 0.0458192229 0.0931596234 0.14486526
G953 -0.0123393014 0.030146312 -0.0337228179 -0.0344032198 -0.0216917768 0.0456561595 0.102456614 0.0194520075 -0.098157309 0.177882671 0.00162503868 0.0039581731 -0.0498702116 0.124818727 -0.0884787142 -0.0700284988 0.00844152458 0.0110886917 0.0230763275 -0.00992146879 0.099165298 0.193599731 0.0659896731 -0.0769768506 -0.0356632024 -0.164050996 -0.296338469 0.146942779 0.0628889501 -0.137600586 0.0104535483 -0.14089036 -0.0159249902 -0.0698501095 0.153435349 -0.101279482 0.0109473765 -0.0098355785 0.0292883217 0.144563943 0.0597870089 -0.12530525 0.0216761082 0.0241280869 -0.109257556 0.022453472 0.0487150997 -0.0776673183 -0.0300827548 0.163926691 -0.024710726 -0.0336671472 -0.000438056886 0.0598433986 -0.0978474617 -0.0998846367 -0.100564785 -0.012170691 -0.0684208572 0.00272062793 -0.193166196 0.0458192229 0.0931596383 0.14486526
G954 -0.0123392865 0.0301463213 -0.0337228328 -0.0344032273 -0.021691747 0.0456561558 0.102456599 0.0194520038 -0.0981573015 0.177882671 0.00162503868 0.00395818055 -0.0498702042 0.124818727 -0.0884787068 -0.0700284913 0.0084415134 0.0110886768 0.0230763461 -0.00992146134 0.099165298 0.193599746 0.0659896582 -0.0769768581 -0.0356631875 -0.164050996 -0.296338469 0.146942779 0.0628889576 -0.137600586 0.0104535595 -0.140890345 -0.0159249902 -0.069850117 0.153435349 -0.101279482 0.0109473541 -0.0098356083 0.0292883217 0.144563943 0.0597870052 -0.125305235 0.0216761008 0.0241280869 -0.109257571 0.0224534869 0.0487150997 -0.0776673108 -0.0300827473 0.163926676 -0.024710726 -0.0336671546 -0.000438049436 0.0598433986 -0.0978474766 -0.0998846218 -0.100564793 -0.0121706836 -0.0684208572 0.00272063538 -0.193166211 0.0458192229 0.093159616 0.14486526
G955 -0.0123392865 0.0301463194 -0.0337228328 -0.0344032198 -0.0216917396 0.0456561595 0.102456599 0.0194520019 -0.098157309 0.177882686 0.00162503868 0.0039581731 -0.0498702116 0.124818727 -0.0884787068 -0.0700284913 0.00844151899 0.0110886768 0.0230763424 -0.00992146134 0.0991653055 0.193599746 0.0659896657 -0.0769768581 -0.0356631875 -0.164050996 -0.296338469 0.146942779 0.0628889501 -0.137600586 0.0104535557 -0.14089033 -0.0159249902 -0.0698501095 0.153435349 -0.101279482 0.0109473616 -0.00983560458 0.0292883143 0.144563928 0.0597870052 -0.125305235 0.0216761082 0.0241280869 -0.109257571 0.0224534869 0.0487151071 -0.0776673108 -0.0300827436 0.163926661 -0.024710726 -0.0336671621 -0.000438060611 0.0598434098 -0.0978474766 -0.0998846069 -0.100564793 -0.0121706836 -0.0684208423 0.00272064097 -0.193166226 0.0458192267 0.0931596383 0.144865274
G956 -0.012339294 0.0301463045 -0.0337228328 -0.0344032273 -0.0216917694 0.0456561483 0.102456599 0.0194520075 -0.098157309 0.177882701 0.00162503868 0.0039581731 -0.0498702116 0.124818727 -0.0884786993 -0.0700284913 0.00844152085 0.0110886768 0.0230763387 -0.00992145389 0.0991653278 0.193599731 0.0659896582 -0.0769768581 -0.035663195 -0.164050996 -0.296338469 0.146942794 0.0628889501 -0.137600586 0.0104535632 -0.140890315 -0.0159250051 -0.0698501021 0.153435349 -0.10127949 0.010947369 -0.00983558595 0.0292883292 0.144563943 0.0597870126 -0.12530525 0.0216761157 0.0241280869 -0.109257556 0.0224534869 0.0487150997 -0.0776673108 -0.0300827473 0.163926661 -0.0247107297 -0.0336671472 -0.000438056886 0.0598433986 -0.0978474841 -0.0998846218 -0.100564785 -0.012170691 -0.0684208274 0.00272063166 -0.193166211 0.0458192229 0.093159616 0.14486526
G957 -0.0123393014 0.0301463045 -0.0337228626 -0.0344032198 -0.0216917694 0.0456561483 0.102456599 0.0194520038 -0.098157309 0.177882701 0.00162503868 0.00395816565 -0.0498702116 0.124818712 -0.0884786993 -0.0700284839 0.00844152737 0.0110886842 0.023076335 -0.00992146134 0.0991653055 0.193599731 0.0659896657 -0.0769768581 -0.0356631912 -0.164050996 -0.296338469 0.146942794 0.0628889501 -0.137600586 0.0104535595 -0.140890315 -0.0159250051 -0.0698501021 0.153435349 -0.10127949 0.0109473765 -0.00983558968 0.0292883292 0.144563943 0.0597870164 -0.12530525 0.0216761157 0.0241280943 -0.109257571 0.0224534869 0.0487151071 -0.0776673108 -0.0300827585 0.163926661 -0.0247107223 -0.0336671546 -0.000438056886 0.0598434061 -0.0978474692 -0.0998846218 -0.100564778 -0.012170691 -0.0684208274 0.00272064097 -0.193166211 0.0458192229 0.0931596383 0.144865274
G958 -0.0657734796 -0.0209373608 -0.0972535163 -0.0280095246 -0.00222599506 0.0167048685 0.0486675166 0.0702398419 -0.0830067471 0.233326688 0.00185830146 0.0652001649 -0.07116732 0.0809966028 -0.117673621 -0.0318419337 -0.0126180667 0.0304417573 0.011467048 -0.0425598398 0.101002246 0.123375975 0.0841947421 -0.0247192029 -0.0162679218 -0.16143389 -0.219609931 0.0814160481 0.0685014278 -0.0254613906 0.0106985718 -0.0113721713 -0.0486421436 -0.11269059 0.123780698 -0.0470383428 0.025786072 -0.0562450141 0.0206283145 0.0949197859 0.0240621716 -0.0880459324 0.0482665077 0.0872371346 -0.0836909413 0.0491944849 -0.0203644931 -0.0917475745 -0.0157703497 0.122916371 -0.0150068551 -0.0213052109 0.0715225413 0.0273296125 -0.0773207769 -0.0859790742 -0.119208656 -0.000163033605 -0.0257961378 0.00441535935 -0.0929191187 -0.0115402266 0.109275714 0.184579775
G959 -0.0657734796 -0.0209373608 -0.0972535014 -0.0280095246 -0.00222600251 0.0167048723 0.0486675128 0.0702398419 -0.0830067396 0.233326688 0.00185829401 0.0652001724 -0.07116732 0.0809966028 -0.117673621 -0.0318419337 -0.0126180705 0.0304417498 0.0114670461 -0.0425598472 0.101002254 0.123375982 0.0841947496 -0.0247192122 -0.0162679255 -0.16143389 -0.219609931 0.0814160332 0.0685014278 -0.0254613906 0.0106985644 -0.0113721788 -0.0486421436 -0.112690598 0.123780705 -0.0470383465 0.0257860646 -0.0562450215 0.0206283145 0.0949198008 0.0240621716 -0.0880459249 0.0482665002 0.0872371495 -0.0836909488 0.0491944849 -0.0203644931 -0.0917475671 -0.0157703497 0.122916386 -0.0150068402 -0.0213052109 0.0715225488 0.0273296088 -0.0773207843 -0.0859790817 -0.119208656 -0.000163026154 -0.0257961378 0.00441536121 -0.0929191187 -0.0115402341 0.109275714 0.18457979
G960 -0.0657734796 -0.0209373608 -0.0972535014 -0.0280095283 -0.00222599506 0.0167048648 0.0486675128 0.0702398345 -0.0830067396 0.233326688 0.00185828656 0.0652001649 -0.0711673126 0.0809965879 -0.117673621 -0.0318419337 -0.0126180667 0.0304417573 0.0114670387 -0.0425598472 0.101002246 0.123375982 0.0841947421 -0.0247192048 -0.0162679292 -0.16143389 -0.219609931 0.0814160407 0.0685014278 -0.0254613906 0.0106985718 -0.0113721862 -0.0486421436 -0.112690583 0.123780698 -0.0470383465 0.0257860795 -0.0562450215 0.0206283145 0.0949197933 0.0240621716 -0.0880459249 0.0482665077 0.087237142 -0.0836909488 0.0491944849 -0.0203644931 -0.0917475745 -0.0157703515 0.122916371 -0.0150068402 -0.0213052109 0.0715225488 0.0273296162 -0.0773207694 -0.0859790891 -0.119208649 -0.000163033605 -0.0257961452 0.00441536307 -0.0929191187 -0.0115402266 0.109275721 0.184579775
G961 -0.0657734796 -0.0209373571 -0.0972535163 -0.0280095246 -0.00222599506 0.0167048648 0.0486675203 0.0702398345 -0.0830067247 0.233326659 0.00185829401 0.0652001724 -0.07116732 0.0809966028 -0.117673621 -0.0318419263 -0.0126180649 0.0304417629 0.0114670536 -0.0425598323 0.101002261 0.123375967 0.0841947496 -0.0247192085 -0.0162679292 -0.16143389 -0.219609931 0.0814160481 0.0685014203 -0.0254613906 0.0106985793 -0.0113721937 -0.0486421585 -0.112690598 0.12378069 -0.0470383391 0.0257860497 -0.0562450178 0.0206283145 0.0949197933 0.0240621716 -0.0880459324 0.0482665226 0.0872371271 -0.0836909562 0.04919447 -0.0203644931 -0.0917475745 -0.0157703497 0.122916371 -0.0150068402 -0.0213052109 0.0715225488 0.0273296088 -0.0773207843 -0.0859790891 -0.119208656 -0.000163041055 -0.0257961452 0.00441535749 -0.0929191336 -0.0115402266 0.109275699 0.184579775
G962 -0.0657734796 -0.0209373645 -0.0972535014 -0.0280095208 -0.00222599506 0.0167048797 0.0486675166 0.0702398419 -0.0830067322 0.233326674 0.00185830891 0.0652001724 -0.0711673275 0.0809966028 -0.117673621 -0.0318419337 -0.0126180621 0.0304417536 0.0114670536 -0.0425598398 0.101002261 0.123375967 0.0841947645 -0.0247192159 -0.0162679292 -0.16143389 -0.219609931 0.0814160407 0.0685014203 -0.0254613906 0.0106985569 -0.0113721862 -0.0486421585 -0.112690598 0.123780698 -0.0470383391 0.0257860571 -0.0562450178 0.0206283145 0.0949198008 0.0240621716 -0.0880459324 0.0482665077 0.0872371346 -0.0836909488 0.04919447 -0.0203644931 -0.0917475671 -0.015770359 0.122916356 -0.0150068402 -0.0213052109 0.0715225488 0.0273296051 -0.0773207843 -0.0859790817 -0.119208641 -0.000163033605 -0.0257961378 0.00441535562 -0.0929191336 -0.0115402266 0.109275699 0.184579775
G963 -0.0657734871 -0.0209373534 -0.0972535014 -0.028009519 -0.00222599506 0.0167048685 0.0486675166 0.0702398345 -0.0830067322 0.233326674 0.00185828656 0.0652001724 -0.07116732 0.0809966028 -0.117673621 -0.0318419337 -0.0126180612 0.0304417573 0.0114670554 -0.0425598174 0.101002261 0.123375967 0.0841947496 -0.0247192085 -0.0162679292 -0.16143389 -0.219609931 0.0814160481 0.0685014278 -0.0254613981 0.0106985718 -0.0113722011 -0.0486421585 -0.11269059 0.12378069 -0.0470383354 0.0257860497 -0.0562450141 0.0206283145 0.0949197933 0.0240621753 -0.0880459324 0.0482665077 0.0872371271 -0.0836909488 0.04919447 -0.0203644857 -0.0917475671 -0.0157703478 0.122916371 -0.0150068402 -0.0213052258 0.0715225488 0.0273296125 -0.0773207843 -0.0859790742 -0.119208649 -0.000163041055 -0.0257961378 0.00441535935 -0.0929191336 -0.0115402266 0.109275721 0.184579775
G964 -0.0657734796 -0.0209373608 -0.0972535163 -0.0280095208 -0.00222600996 0.0167048685 0.0486675166 0.0702398345 -0.0830067322 0.233326644 0.00185829401 0.0652001798 -0.07116732 0.0809966028 -0.117673621 -0.0318419226 -0.0126180649 0.0304417536 0.0114670517 -0.0425598472 0.101002239 0.123375982 0.0841947421 -0.0247192048 -0.016267933 -0.16143389 -0.219609931 0.0814160183 0.0685014278 -0.0254613906 0.0106985494 -0.0113721862 -0.0486421585 -0.112690605 0.12378069 -0.0470383465 0.0257860571 -0.0562450141 0.0206283145 0.0949198008 0.0240621753 -0.0880459175 0.0482665002 0.087237142 -0.0836909488 0.0491944849 -0.0203644857 -0.0917475671 -0.0157703292 0.122916371 -0.0150068402 -0.0213052109 0.0715225488 0.0273296088 -0.0773207769 -0.0859790891 -0.119208664 -0.000163033605 -0.0257961303 0.00441535935 -0.0929191262 -0.0115402266 0.109275699 0.184579805
G965 -0.0657734796 -0.0209373757 -0.0972535163 -0.0280095208 -0.00222600996 0.016704876 0.0486675166 0.070239827 -0.0830067322 0.233326659 0.00185830146 0.0652001649 -0.0711673275 0.0809966028 -0.117673621 -0.0318419151 -0.0126180612 0.0304417443 0.0114670498 -0.0425598472 0.101002246 0.123375982 0.0841947496 -0.0247192029 -0.016267933 -0.16143389 -0.219609931 0.0814160407 0.0685014278 -0.0254613981 0.0106985569 -0.0113721862 -0.0486421436 -0.112690605 0.12378069 -0.0470383465 0.0257860795 -0.0562450141 0.020628307 0.0949198008 0.0240621828 -0.0880459249 0.0482665077 0.0872371271 -0.0836909562 0.04919447 -0.0203644857 -0.0917475596 -0.0157703422 0.122916371 -0.0150068477 -0.0213052109 0.0715225562 0.02732962 -0.0773207694 -0.0859790817 -0.119208656 -0.000163026154 -0.0257961378 0.0044153668 -0.0929191262 -0.0115402117 0.109275714 0.184579805
G966 -0.0657734796 -0.0209373571 -0.0972535014 -0.0280095171 -0.00222600996 0.016704876 0.0486675128 0.070239827 -0.0830067396 0.233326644 0.00185829401 0.0652001649 -0.0711673275 0.0809966028 -0.117673621 -0.0318419226 -0.0126180612 0.0304417517 0.0114670498 -0.0425598323 0.101002239 0.123375982 0.0841947421 -0.0247192029 -0.016267933 -0.16143389 -0.219609931 0.0814160183 0.0685014278 -0.0254613981 0.0106985494 -0.0113721862 -0.0486421585 -0.112690605 0.12378069 -0.0470383391 0.0257860571 -0.0562450141 0.0206283219 0.0949198008 0.024062179 -0.0880459175 0.0482665002 0.0872371346 -0.0836909562 0.04919447 -0.0203644782 -0.0917475671 -0.0157703385 0.122916371 -0.0150068402 -0.0213052109 0.0715225562 0.0273296125 -0.0773207694 -0.0859790742 -0.119208664 -0.000163033605 -0.0257961303 0.00441536307 -0.0929191262 -0.0115402266 0.109275721 0.184579805
G967 -0.0657734796 -0.0209373608 -0.0972535312 -0.0280095097 -0.00222599506 0.0167048723 0.0486675203 0.0702398419 -0.0830067396 0.233326688 0.00185830146 0.0652001724 -0.0711673275 0.0809966028 -0.117673621 -0.0318419263 -0.012618063 0.0304417536 0.0114670498 -0.0425598398 0.101002246 0.123375982 0.084194757 -0.0247192122 -0.0162679292 -0.16143389 -0.219609931 0.0814160258 0.0685014203 -0.0254613757 0.0106985644 -0.0113721788 -0.0486421585 -0.112690598 0.123780698 -0.0470383465 0.0257860646 -0.0562450141 0.0206283182 0.0949197933 0.0240621828 -0.0880459249 0.0482665002 0.0872371495 -0.0836909562 0.04919447 -0.0203644782 -0.0917475596 -0.0157703385 0.122916356 -0.0150068477 -0.0213052109 0.0715225488 0.0273296051 -0.0773207769 -0.0859790817 -0.119208641 -0.000163026154 -0.0257961378 0.00441536307 -0.0929191262 -0.0115402266 0.109275699 0.184579805
G968 -0.0657734871 -0.0209373608 -0.0972535163 -0.0280095115 -0.00222599506 0.0167048685 0.0486675203 0.070239827 -0.0830067322 0.233326674 0.00185828656 0.0652001724 -0.07116732 0.0809965879 -0.117673613 -0.0318419188 -0.0126180612 0.0304417573 0.0114670424 -0.0425598472 0.101002246 0.123375982 0.0841947421 -0.0247192029 -0.0162679367 -0.16143389 -0.219609931 0.0814160183 0.0685014278 -0.0254613757 0.0106985644 -0.0113721862 -0.0486421436 -0.112690598 0.12378069 -0.0470383465 0.025786072 -0.0562450141 0.0206283219 0.0949197933 0.0240621753 -0.0880459249 0.0482665077 0.087237142 -0.0836909562 0.04919447 -0.0203644857 -0.0917475671 -0.0157703422 0.122916371 -0.0150068402 -0.0213052109 0.0715225488 0.0273296125 -0.077320762 -0.0859790891 -0.119208649 -0.000163026154 -0.0257961452 0.0044153668 -0.0929191262 -0.0115402266 0.109275714 0.18457979
G969 -0.0657734945 -0.0209373608 -0.0972535163 -0.0280095059 -0.00222599506 0.0167048648 0.0486675166 0.0702398345 -0.0830067396 0.233326674 0.00185829401 0.0652001649 -0.07116732 0.0809966028 -0.117673613 -0.03184193 -0.0126180612 0.0304417536 0.0114670461 -0.0425598323 0.101002254 0.123375982 0.084194757 -0.0247192048 -0.0162679367 -0.16143389 -0.219609931 0.0814160407 0.0685014352 -0.0254613757 0.0106985644 -0.0113721862 -0.0486421585 -0.112690598 0.123780698 -0.0470383465 0.0257860571 -0.0562450103 0.0206283182 0.0949197933 0.0240621865 -0.0880459249 0.0482665002 0.0872371346 -0.0836909562 0.04919447 -0.0203644782 -0.0917475671 -0.015770331 0.122916371 -0.0150068477 -0.0213052109 0.0715225488 0.0273296125 -0.0773207769 -0.0859790742 -0.119208656 -0.000163033605 -0.0257961378 0.00441536494 -0.0929191262 -0.0115402266 0.109275714 0.18457979
G970 -0.0123393014 0.0301463194 -0.0337228179 -0.0344032235 -0.0216917619 0.0456561483 0.102456592 0.0194520168 -0.098157309 0.177882686 0.00162503868 0.0039581731 -0.0498702228 0.124818727 -0.0884787068 -0.0700284913 0.00844152085 0.0110886805 0.0230763312 -0.00992146134 0.0991653055 0.193599746 0.0659896657 -0.0769768581 -0.035663195 -0.164050996 -0.296338469 0.146942779 0.062888965 -0.137600586 0.010453552 -0.140890315 -0.0159249902 -0.0698501095 0.153435335 -0.10127949 0.010947369 -0.00983558968 0.0292883217 0.144563928 0.0597870126 -0.12530525 0.0216760933 0.0241280869 -0.109257571 0.0224534869 0.0487151146 -0.0776673034 -0.0300827473 0.163926661 -0.0247107223 -0.0336671546 -0.000438060611 0.0598434061 -0.0978474692 -0.0998846218 -0.10056477 -0.0121706761 -0.0684208274 0.00272065215 -0.193166196 0.0458192267 0.0931596458 0.144865245
G971 -0.012339294 0.0301463231 -0.0337228179 -0.0344032198 -0.0216917619 0.0456561483 0.102456607 0.0194520112 -0.0981573015 0.177882686 0.00162503868 0.00395816565 -0.0498702191 0.124818727 -0.0884787068 -0.0700284988 0.00844151061 0.0110886768 0.0230763368 -0.00992146134 0.099165298 0.193599761 0.0659896657 -0.0769768655 -0.0356631912 -0.164050996 -0.296338469 0.146942779 0.0628889576 -0.137600601 0.010453552 -0.14089033 -0.0159249902 -0.069850117 0.153435349 -0.101279482 0.010947369 -0.00983558223 0.0292883217 0.144563943 0.0597870126 -0.12530525 0.0216761008 0.0241280869 -0.109257579 0.0224534869 0.0487151146 -0.0776673034 -0.0300827436 0.163926661 -0.0247107185 -0.0336671621 -0.000438060611 0.0598434135 -0.0978474766 -0.0998846218 -0.10056477 -0.0121706761 -0.0684208423 0.0027206447 -0.193166196 0.0458192229 0.0931596458 0.144865245
G972 -0.0123393014 0.0301463194 -0.0337228626 -0.0344032198 -0.0216917768 0.0456561558 0.102456614 0.0194520094 -0.098157309 0.177882686 0.00162503868 0.00395818055 -0.0498702116 0.124818727 -0.0884786993 -0.0700284988 0.00844152458 0.0110886879 0.0230763387 -0.00992145389 0.0991653055 0.193599746 0.0659896731 -0.0769768655 -0.0356631838 -0.164050981 -0.296338469 0.146942794 0.0628889501 -0.137600586 0.010453552 -0.14089033 -0.0159249902 -0.0698501095 0.153435349 -0.101279482 0.0109473765 -0.0098355934 0.0292883217 0.144563943 0.0597870313 -0.12530525 0.0216761082 0.0241280943 -0.109257564 0.022453472 0.0487151146 -0.0776673034 -0.0300827511 0.163926661 -0.0247107223 -0.0336671472 -0.000438060611 0.0598434135 -0.0978474468 -0.0998846069 -0.100564785 -0.0121706985 -0.0684208274 0.00272065029 -0.193166196 0.0458192378 0.0931596383 0.14486526
G973 -0.0123393014 0.0301463176 -0.0337228328 -0.0344032235 -0.0216917694 0.0456561521 0.102456614 0.0194520056 -0.0981572941 0.177882701 0.00162503868 0.00395818055 -0.0498702154 0.124818727 -0.0884787068 -0.0700284839 0.00844152831 0.0110886879 0.0230763424 -0.00992146134 0.0991653055 0.193599761 0.0659896657 -0.0769768581 -0.0356631838 -0.164050996 -0.296338469 0.146942794 0.0628889427 -0.137600601 0.0104535557 -0.14089033 -0.0159250051 -0.0698501095 0.153435349 -0.101279482 0.0109473765 -0.0098355934 0.0292883217 0.144563958 0.0597870238 -0.12530525 0.0216761008 0.0241280943 -0.109257579 0.022453472 0.0487150997 -0.0776673108 -0.0300827511 0.163926661 -0.0247107223 -0.0336671472 -0.000438049436 0.0598434135 -0.0978474617 -0.0998846069 -0.100564793 -0.012170691 -0.0684208274 0.00272063911 -0.193166211 0.0458192229 0.0931596383 0.14486526
G974 -0.0123393014 0.0301463306 -0.0337228328 -0.0344032198 -0.021691747 0.045656167 0.102456614 0.0194520056 -0.0981572941 0.177882701 0.00162505358 0.00395816565 -0.0498702079 0.124818727 -0.0884787142 -0.0700284988 0.00844151713 0.0110886842 0.0230763387 -0.00992146879 0.0991653055 0.193599761 0.0659896731 -0.0769768581 -0.0356631912 -0.164051011 -0.296338469 0.146942779 0.0628889576 -0.137600616 0.0104535557 -0.14089036 -0.0159250051 -0.069850117 0.153435349 -0.101279482 0.0109473616 -0.0098355785 0.0292883366 0.144563928 0.0597870201 -0.125305265 0.0216761157 0.0241280869 -0.109257571 0.022453472 0.048715122 -0.0776673183 -0.0300827585 0.163926691 -0.0247107223 -0.0336671546 -0.000438064337 0.0598434135 -0.0978474617 -0.0998846292 -0.100564778 -0.0121706985 -0.0684208274 0.00272063166 -0.193166226 0.0458192229 0.0931596309 0.144865245
G975 -0.0123393089 0.0301463287 -0.0337228328 -0.0344032198 -0.021691747 0.0456561819 0.102456622 0.0194520094 -0.0981572941 0.177882701 0.00162503868 0.0039581731 -0.0498702116 0.124818727 -0.0884787142 -0.0700284988 0.00844152272 0.0110886768 0.0230763387 -0.00992146134 0.099165298 0.193599761 0.0659896731 -0.0769768581 -0.0356631912 -0.164051011 -0.296338469 0.146942779 0.0628889501 -0.137600601 0.0104535557 -0.14089036 -0.01592502 -0.069850117 0.153435364 -0.101279482 0.010947369 -0.00983557478 0.0292883292 0.144563928 0.0597870201 -0.12530525 0.0216761157 0.0241280869 -0.109257579 0.0224534795 0.0487151146 -0.0776673108 -0.0300827622 0.163926661 -0.024710726 -0.0336671397 -0.000438064337 0.059843421 -0.0978474617 -0.0998846367 -0.100564778 -0.012170691 -0.0684208274 0.00272062793 -0.193166226 0.0458192192 0.0931596458 0.14486526
G976 -0.0123392865 0.0301463269 -0.0337228179 -0.0344032273 -0.0216917694 0.0456561744 0.102456614 0.019451987 -0.0981572941 0.177882686 0.00162503868 0.00395816565 -0.0498702042 0.124818727 -0.0884787068 -0.0700284988 0.00844152272 0.0110886768 0.0230763275 -0.00992145389 0.099165298 0.193599761 0.0659896582 -0.0769768655 -0.0356632024 -0.164051011 -0.296338469 0.146942794 0.062888965 -0.137600616 0.0104535632 -0.14089036 -0.0159250051 -0.0698501095 0.153435349 -0.101279475 0.0109473616 -0.0098355636 0.0292883292 0.144563943 0.0597870164 -0.125305265 0.0216761082 0.0241280869 -0.109257571 0.022453472 0.0487151071 -0.0776673034 -0.0300827511 0.163926661 -0.0247107334 -0.0336671621 -0.000438060611 0.0598434061 -0.0978474617 -0.0998846218 -0.100564778 -0.0121706985 -0.0684208572 0.00272063166 -0.193166211 0.0458192118 0.0931596309 0.14486526
G977 -0.0123393014 0.0301463176 -0.0337228179 -0.0344032273 -0.0216917619 0.0456561819 0.102456614 0.0194519907 -0.0981572941 0.177882686 0.00162503868 0.00395816565 -0.0498702079 0.124818727 -0.0884787142 -0.0700284988 0.00844152924 0.011088673 0.0230763275 -0.00992146134 0.099165298 0.193599761 0.0659896582 -0.0769768655 -0.0356632024 -0.164050996 -0.296338469 0.146942779 0.0628889576 -0.137600601 0.0104535557 -0.140890375 -0.0159250051 -0.0698501021 0.153435349 -0.101279482 0.0109473765 -0.00983556733 0.0292883292 0.144563958 0.0597870164 -0.125305265 0.0216761082 0.0241280794 -0.109257571 0.022453472 0.0487150997 -0.0776672959 -0.0300827511 0.163926691 -0.0247107223 -0.0336671546 -0.000438064337 0.0598434135 -0.0978474617 -0.0998846367 -0.100564778 -0.012170691 -0.0684208572 0.00272063166 -0.193166226 0.0458192267 0.0931596309 0.144865274
G978 0.11910262 -0.071551159 -0.138755634 -0.00439816341 0.0915352255 0.142650664 0.184582695 0.0580869056 0.00144027732 0.132367879 -0.136182114 0.0600400269 -0.147694454 -0.0670452863 -0.0551300794 0.0362522006 0.0966858417 -0.0889452547 0.0674383044 0.0901656151 0.116091765 0.107118852 0.190658554 0.0750248879 0.0389410369 -0.16883263 -0.263771147 0.103639923 0.0857806131 -0.0424120873 -0.0211354792 -0.0559637845 0.091791898 -0.189942226 0.0941071436 0.0137805715 -0.00653894991 0.00438826531 0.147366941 0.150305048 -0.00728140399 -0.0461551137 -0.119887628 0.0660987496 -0.0594940148 0.185561806 0.0244804099 -0.0293305144 0.0103040654 -0.0196319949 0.0638471842 0.00137735903 -0.020357769 0.119904652 0.0489378013 0.0416005179 -0.154327974 0.00353509933 0.0273895301 0.171635613 -0.0517003015 0.0574818626 0.0670258999 0.174817264
G979 0.11910262 -0.071551159 -0.138755634 -0.00439815596 0.0915352255 0.142650664 0.184582695 0.0580869019 0.00144027174 0.132367864 -0.1361821 0.0600400344 -0.147694454 -0.0670452714 -0.0551300794 0.0362522006 0.0966858417 -0.0889452547 0.0674383044 0.0901656002 0.11609178 0.10711886 0.190658554 0.075024873 0.0389410406 -0.16883263 -0.263771147 0.103639916 0.0857806206 -0.0424120799 -0.0211354792 -0.0559637807 0.091791898 -0.189942226 0.094107151 0.0137805678 -0.00653894618 0.00438826531 0.147366941 0.150305048 -0.00728140026 -0.0461551063 -0.119887628 0.0660987422 -0.0594940186 0.185561821 0.0244804174 -0.0293305069 0.0103040691 -0.0196320042 0.0638471991 0.00137735903 -0.020357769 0.119904652 0.0489377975 0.0416005179 -0.154327944 0.00353510678 0.0273895189 0.171635613 -0.0517003015 0.0574818701 0.0670258999 0.174817264
G980 0.11910262 -0.071551159 -0.138755634 -0.00439815968 0.0915352255 0.142650649 0.184582695 0.0580869131 0.00144027919 0.132367879 -0.1361821 0.0600400344 -0.147694454 -0.0670452863 -0.0551300719 0.0362522043 0.0966858417 -0.0889452547 0.0674383044 0.0901656002 0.11609178 0.10711886 0.190658554 0.0750248805 0.0389410332 -0.16883263 -0.263771147 0.103639923 0.0857806206 -0.0424120799 -0.0211354643 -0.055963777 0.091791898 -0.189942226 0.0941071436 0.0137805752 -0.00653894618 0.00438826531 0.147366941 0.150305048 -0.00728140026 -0.0461551063 -0.119887628 0.0660987496 -0.0594940074 0.185561806 0.0244804025 -0.0293305069 0.0103040747 -0.0196320023 0.0638471916 0.00137735158 -0.0203577727 0.11990463 0.0489377975 0.0416005254 -0.154327959 0.00353510678 0.0273895264 0.171635613 -0.0517003015 0.0574818626 0.0670258999 0.174817264
G981 0.11910262 -0.071551159 -0.138755634 -0.00439815968 0.0915352255 0.142650649 0.184582695 0.0580869056 0.00144027732 0.132367879 -0.136182114 0.0600400269 -0.147694454 -0.0670452863 -0.0551300719 0.0362522006 0.0966858417 -0.0889452547 0.0674383119 0.0901656151 0.116091765 0.10711886 0.190658554 0.0750248805 0.0389410406 -0.16883263 -0.263771147 0.103639923 0.0857806206 -0.0424120873 -0.0211354792 -0.0559637845 0.0917918906 -0.189942226 0.0941071436 0.0137805752 -0.00653895363 0.00438827276 0.147366941 0.150305048 -0.00728139654 -0.0461551063 -0.11988762 0.0660987496 -0.0594940148 0.185561806 0.0244804174 -0.0293305181 0.0103040747 -0.0196320042 0.0638472065 0.00137735903 -0.020357769 0.119904637 0.0489377901 0.0416005254 -0.154327974 0.00353510678 0.0273895264 0.171635613 -0.0517003015 0.0574818701 0.0670258999 0.174817264
G982 0.119102634 -0.071551159 -0.13875562 -0.00439815596 0.0915352255 0.142650664 0.18458268 0.0580869094 0.0014402885 0.132367864 -0.136182114 0.0600400195 -0.147694454 -0.0670452863 -0.0551300719 0.0362522155 0.0966858417 -0.0889452547 0.0674383268 0.0901656002 0.116091765 0.10711886 0.190658569 0.0750248879 0.0389410332 -0.16883263 -0.263771147 0.103639916 0.0857806206 -0.0424121022 -0.0211354792 -0.0559637919 0.091791898 -0.189942241 0.0941071436 0.0137805678 -0.00653895736 0.00438827276 0.147366941 0.150305063 -0.00728139654 -0.0461551175 -0.119887628 0.0660987496 -0.0594940186 0.185561806 0.0244804025 -0.0293305106 0.0103040859 -0.0196320042 0.0638471916 0.00137736648 -0.0203577727 0.119904652 0.0489377901 0.0416005291 -0.154327959 0.00353510678 0.0273895226 0.171635613 -0.0517002866 0.0574818626 0.0670258999 0.174817264
G983 0.119102634 -0.071551159 -0.13875562 -0.00439816713 0.0915352255 0.142650679 0.18458268 0.0580869131 0.00144028291 0.132367879 -0.136182114 0.0600400306 -0.147694454 -0.0670452863 -0.0551300719 0.0362522192 0.0966858417 -0.0889452547 0.0674383193 0.0901656002 0.116091765 0.10711886 0.190658554 0.075024873 0.0389410295 -0.16883263 -0.263771147 0.103639916 0.0857806206 -0.0424121022 -0.0211354792 -0.055963777 0.091791898 -0.189942241 0.094107151 0.0137805678 -0.00653894991 0.00438827276 0.147366941 0.150305063 -0.00728140026 -0.0461551212 -0.119887628 0.0660987645 -0.0594940186 0.185561821 0.024480395 -0.0293305218 0.0103040896 -0.0196320042 0.0638471916 0.00137736648 -0.0203577764 0.119904652 0.0489377975 0.0416005254 -0.154327959 0.00353510678 0.0273895189 0.171635613 -0.0517002866 0.0574818589 0.0670259073 0.174817264
G984 0.119102642 -0.0715511441 -0.138755649 -0.00439815596 0.0915352255 0.142650679 0.184582695 0.0580869056 0.00144028291 0.132367849 -0.136182085 0.0600400269 -0.147694468 -0.0670453012 -0.0551300682 0.0362522155 0.0966858566 -0.0889452547 0.0674383268 0.0901656151 0.116091788 0.107118852 0.190658569 0.0750248581 0.0389410593 -0.168832645 -0.263771147 0.10363993 0.0857806355 -0.0424120948 -0.0211354792 -0.0559638105 0.0917919055 -0.189942241 0.0941071361 0.0137805752 -0.00653895363 0.00438826531 0.147366926 0.150305063 -0.00728140026 -0.0461551175 -0.119887628 0.0660987571 -0.0594940186 0.185561836 0.0244804025 -0.0293305069 0.0103040859 -0.0196320172 0.0638471842 0.00137736648 -0.0203577727 0.119904675 0.0489378162 0.0416005105 -0.154327944 0.00353509933 0.0273895226 0.171635613 -0.0517002791 0.0574818701 0.0670258999 0.174817249
G985 0.119102642 -0.0715511441 -0.138755649 -0.00439815596 0.0915352181 0.142650679 0.18458271 0.0580869056 0.00144029036 0.132367849 -0.1361821 0.0600400306 -0.147694454 -0.0670453012 -0.0551300682 0.036252223 0.0966858417 -0.0889452547 0.0674383268 0.0901656002 0.11609178 0.10711886 0.190658569 0.0750248581 0.0389410593 -0.168832645 -0.263771147 0.103639916 0.0857806355 -0.0424120948 -0.0211354792 -0.0559638031 0.0917919055 -0.189942256 0.0941071287 0.0137805752 -0.00653894618 0.00438826531 0.147366941 0.150305077 -0.00728140399 -0.0461551137 -0.119887628 0.0660987496 -0.0594940148 0.185561836 0.0244803876 -0.0293305144 0.0103040896 -0.0196320228 0.0638471842 0.00137737393 -0.0203577764 0.119904675 0.0489378199 0.0416005179 -0.154327959 0.00353510678 0.0273895301 0.171635628 -0.0517002754 0.0574818738 0.0670258999 0.174817234
G986 0.124500908 -0.104104377 -0.0283052921 -0.0915648863 -0.0311432257 0.0667633936 0.0714199394 0.0398737937 0.00146579742 0.293479472 -0.0379988849 0.0634116158 -0.275607705 0.198200122 -0.178627938 -0.0236133263 0.00345237087 0.0653482676 -0.0707190484 -0.0612725094 0.132639125 0.165998161 0.0431980491 -0.172505423 0.0365356393 -0.185275704 -0.298551321 0.260243058 0.0833257809 0.0542333871 0.10067448 -0.119918838 0.0734773129 -0.0205973908 0.0864282474 -0.138841867 0.0972334072 0.120538265 0.0507719852 0.223995447 0.159952521 -0.170034379 -0.15525116 0.0969023407 -0.181475371 0.0816032067 0.0016746074 0.0517759211 -0.069100976 0.169173807 -0.092972517 0.0934533328 -0.0676947981 0.106362969 0.16223228 -0.144541726 0.0160268694 0.104802504 -0.0101001412 0.116190225 -0.0559858717 0.140540957 -0.0621625409 0.0800260603
G991 0.124500915 -0.104104362 -0.0283052996 -0.0915648788 -0.0311432406 0.0667633861 0.0714199394 0.0398737937 0.00146581233 0.293479472 -0.0379988775 0.0634116232 -0.275607705 0.198200122 -0.178627938 -0.0236133337 0.00345238205 0.065348275 -0.0707190633 -0.0612725168 0.13263914 0.165998161 0.0431980379 -0.172505438 0.036535643 -0.185275689 -0.298551351 0.260243058 0.0833257884 0.0542333797 0.100674488 -0.119918853 0.0734773129 -0.0205973852 0.0864282474 -0.138841867 0.0972333997 0.120538265 0.0507719889 0.223995447 0.159952536 -0.170034379 -0.155251175 0.0969023407 -0.181475356 0.0816032067 0.0016746074 0.0517759062 -0.0691009909 0.169173822 -0.092972517 0.0934533328 -0.0676947981 0.106362969 0.162232295 -0.144541711 0.0160268694 0.104802497 -0.0101001412 0.116190225 -0.055985868 0.140540972 -0.0621625409 0.0800260752
G996 0.0553619787 -0.161575407 -0.200515836 0.0787054151 0.116714165 0.0768112093 0.140249223 0.116591915 -0.170585811 0.365790635 -0.0548066683 -0.00853790715 -0.0943919048 -0.0477807745 -0.0367809795 -0.0656899214 0.0452821963 0.00056701526 0.0930007696 0.01873409 0.222217709 0.13978824 0.157206699 0.0896824002 0.0665653795 -0.152508602 -0.24225606 0.169202596 0.0283546019 0.0426235907 0.043209061 0.0178548321 -0.0224138424 -0.20561713 0.134786621 0.00355232507 0.148822039 -0.0640460402 0.104343534 0.0764092281 -0.048068773 -0.0399222225 -0.0994459763 0.0831493959 -0.0672236532 0.181100935 0.0500264019 -0.0494935587 -0.0136795864 0.0599326044 -0.0361186899 -0.0341689736 0.084418118 0.0751723126 0.0017452687 0.00297421496 -0.251211971 -0.0100829415 0.0233299695 0.0832905173 -0.0812342912 0.0358026735 0.0107646957 0.244367853
G1001 0.0553619638 -0.161575407 -0.200515836 0.0787054151 0.116714165 0.0768112168 0.140249252 0.116591923 -0.170585826 0.365790635 -0.0548066758 -0.00853790902 -0.0943918973 -0.0477807634 -0.0367809832 -0.0656899363 0.0452821963 0.000566998497 0.0930007622 0.0187341049 0.222217679 0.13978827 0.157206684 0.0896824002 0.066565387 -0.152508616 -0.242256075 0.169202596 0.0283545982 0.0426235907 0.0432090685 0.0178548321 -0.0224138536 -0.205617145 0.134786621 0.00355233252 0.148822024 -0.0640460327 0.104343541 0.0764092281 -0.0480687916 -0.0399222225 -0.0994459689 0.0831493884 -0.0672236681 0.18110092 0.0500264093 -0.0494935624 -0.0136795864 0.0599325933 -0.0361187086 -0.0341689587 0.0844181105 0.0751723051 0.00174527243 0.00297420938 -0.251211971 -0.0100829415 0.0233299732 0.0832905024 -0.0812342986 0.0358026847 0.0107646883 0.244367883
G1006 0.0553619638 -0.161575407 -0.200515836 0.0787054077 0.116714165 0.0768112093 0.140249237 0.116591901 -0.170585811 0.365790635 -0.0548066683 -0.00853790808 -0.0943919122 -0.0477807708 -0.0367809758 -0.0656899214 0.0452821963 0.000567005947 0.0930007696 0.0187340975 0.222217709 0.13978824 0.157206699 0.0896824002 0.0665653944 -0.152508616 -0.242256045 0.169202596 0.0283546057 0.0426235981 0.0432090648 0.0178548321 -0.0224138461 -0.205617115 0.134786621 0.0035523288 0.14882201 -0.0640460327 0.104343534 0.0764092281 -0.0480687842 -0.0399222076 -0.0994459689 0.0831493959 -0.0672236532 0.18110092 0.0500263944 -0.0494935624 -0.0136795938 0.0599326007 -0.0361187086 -0.0341689587 0.084418118 0.07517232 0.00174527988 0.00297421496 -0.251211941 -0.010082949 0.0233299732 0.0832905099 -0.0812342912 0.0358026884 0.0107646883 0.244367868
G1011 0.0553619787 -0.161575407 -0.200515836 0.0787054077 0.116714165 0.0768112168 0.140249223 0.116591915 -0.170585811 0.365790665 -0.0548066683 -0.00853791274 -0.0943919122 -0.0477807783 -0.036780972 -0.0656899214 0.0452822037 0.000567020848 0.0930007622 0.0187340975 0.222217709 0.139788255 0.157206684 0.0896823928 0.0665653795 -0.152508616 -0.242256075 0.169202596 0.0283546019 0.0426235907 0.0432090573 0.0178548321 -0.0224138461 -0.20561713 0.134786621 0.00355232693 0.148822024 -0.0640460402 0.104343534 0.0764092356 -0.0480687842 -0.039922215 -0.0994459763 0.0831493884 -0.0672236681 0.181100935 0.050026387 -0.0494935587 -0.0136795864 0.059932597 -0.0361186974 -0.0341689438 0.0844181105 0.0751723126 0.00174527243 0.00297420844 -0.251211941 -0.0100829415 0.0233299695 0.0832905173 -0.0812343061 0.0358026773 0.0107646957 0.244367883
G1016 0.0553619638 -0.161575407 -0.200515836 0.0787054151 0.116714157 0.0768112019 0.140249237 0.116591915 -0.170585811 0.365790635 -0.0548066758 -0.00853791367 -0.0943919122 -0.0477807708 -0.0367809832 -0.0656899214 0.0452822 0.000567005947 0.0930007622 0.0187340975 0.222217709 0.139788255 0.157206699 0.0896824002 0.0665653944 -0.152508616 -0.242256075 0.169202596 0.0283546019 0.0426235907 0.0432090573 0.0178548321 -0.0224138424 -0.20561713 0.134786621 0.00355232321 0.14882201 -0.0640460402 0.104343548 0.0764092281 -0.0480687879 -0.0399222225 -0.0994459763 0.0831493959 -0.0672236681 0.18110092 0.0500264019 -0.0494935587 -0.0136795938 0.0599325933 -0.0361187011 -0.0341689587 0.0844181105 0.07517232 0.0017452836 0.00297420286 -0.251211941 -0.0100829341 0.0233299658 0.0832905099 -0.0812343061 0.0358026847 0.0107646808 0.244367883
G1021 0.0553619787 -0.161575407 -0.200515836 0.0787054151 0.116714157 0.0768112242 0.140249252 0.116591901 -0.170585811 0.365790635 -0.0548066646 -0.00853791274 -0.0943919048 -0.0477807596 -0.0367809832 -0.0656899214 0.0452822 0.000567004085 0.0930007622 0.0187340975 0.222217709 0.139788255 0.157206699 0.0896824077 0.066565387 -0.152508616 -0.24225606 0.169202596 0.0283546019 0.0426235907 0.0432090648 0.0178548321 -0.022413861 -0.20561713 0.134786621 0.0035523288 0.14882201 -0.0640460253 0.104343548 0.0764092281 -0.0480687842 -0.0399222225 -0.0994459689 0.083149381 -0.0672236532 0.18110092 0.0500263944 -0.0494935662 -0.0136795826 0.0599325895 -0.0361187011 -0.0341689438 0.084418118 0.07517232 0.00174527243 0.00297420751 -0.251211941 -0.0100829564 0.0233299695 0.0832905099 -0.0812343061 0.0358026773 0.0107646883 0.244367898
G1026 0.0553619638 -0.161575407 -0.200515836 0.0787054077 0.116714165 0.0768112093 0.140249223 0.116591901 -0.170585826 0.365790665 -0.0548066534 -0.00853790902 -0.0943919122 -0.0477807671 -0.0367809758 -0.0656899288 0.0452821888 0.00056701526 0.0930007622 0.01873409 0.222217709 0.13978824 0.157206699 0.0896824077 0.0665653795 -0.152508602 -0.24225606 0.169202596 0.0283546094 0.0426235981 0.0432090722 0.0178548172 -0.0224138498 -0.20561713 0.134786621 0.00355233625 0.148822039 -0.0640460402 0.104343541 0.0764092505 -0.0480687656 -0.0399222299 -0.0994459689 0.083149381 -0.0672236681 0.181100905 0.0500263944 -0.0494935662 -0.0136795864 0.0599326044 -0.0361187011 -0.0341689587 0.0844181031 0.07517232 0.0017452687 0.00297421124 -0.251212001 -0.0100829415 0.0233299695 0.0832905322 -0.0812342986 0.0358026922 0.0107646808 0.244367853
G1031 0.0553619638 -0.161575422 -0.200515836 0.0787054151 0.116714165 0.0768112168 0.140249223 0.116591901 -0.170585811 0.365790665 -0.0548066534 -0.00853791088 -0.0943919122 -0.0477807634 -0.036780972 -0.0656899288 0.0452821888 0.000567017123 0.0930007547 0.0187341049 0.222217709 0.139788255 0.157206699 0.0896824226 0.0665653944 -0.152508602 -0.24225606 0.169202596 0.0283546094 0.0426235981 0.0432090648 0.0178548172 -0.0224138498 -0.205617115 0.134786621 0.00355233438 0.148822069 -0.0640460327 0.104343534 0.0764092281 -0.0480687618 -0.0399222225 -0.0994459689 0.083149381 -0.0672236383 0.181100905 0.0500264019 -0.0494935662 -0.0136795789 0.0599326156 -0.0361186936 -0.0341689736 0.084418118 0.0751723051 0.00174526125 0.00297420658 -0.251212001 -0.0100829266 0.0233299769 0.0832905248 -0.0812343061 0.0358026847 0.0107646883 0.244367868
G1036 0.0978643149 -0.0947408825 -0.189115927 -0.0250915624 0.126467481 0.0847879648 0.156481937 0.0454608947 -0.012645971 0.158386573 -0.159898028 0.0798513815 -0.167483822 -0.0829197839 -0.0385449044 8.20495188e-07 0.0590809286 -0.0568155833 0.0588273033 0.0503366739 0.168257743 0.0412395969 0.0825386941 0.108241826 0.0710814744 -0.105547555 -0.203313231 0.13315165 0.0945702046 0.0650548488 -0.0101102591 0.0240583792 0.00172517076 -0.201066807 0.0629496723 0.0278541893 0.0235028416 -0.0308970027 0.19976151 0.122814484 -0.0111353733 -0.0393210128 -0.102585241 0.11785841 -0.0611048676 0.215891361 -0.0173154846 -0.0264176819 0.0508078821 -0.00621766318 0.0521486104 0.0282097757 0.020539809 0.0786650479 0.0135605931 0.0370188057 -0.13915801 -0.0707977861 0.0563178919 0.159996837 0.0239000153 0.0722394958 -0.0309557691 0.193295911
G1039 0.0978643075 -0.0947408825 -0.189115927 -0.0250915624 0.126467481 0.0847879574 0.156481937 0.0454608947 -0.0126459934 0.158386588 -0.159898028 0.0798513666 -0.167483807 -0.0829197764 -0.0385449044 8.2468614e-07 0.0590809248 -0.0568155684 0.0588273033 0.0503366888 0.168257743 0.0412395969 0.0825386941 0.108241826 0.071081467 -0.105547555 -0.203313246 0.13315165 0.0945702046 0.0650548488 -0.0101102591 0.0240583792 0.00172516331 -0.201066822 0.0629496798 0.0278541856 0.0235028341 -0.0308970027 0.19976154 0.122814476 -0.0111353658 -0.0393210128 -0.102585226 0.11785841 -0.0611048676 0.215891361 -0.0173155069 -0.0264176838 0.0508078746 -0.00621765014 0.0521485955 0.0282097757 0.0205398127 0.0786650404 0.0135605745 0.0370188057 -0.13915804 -0.0707977936 0.0563178919 0.159996837 0.023900019 0.0722394884 -0.0309557915 0.193295911
G1042 0.0978643224 -0.09474089 -0.189115927 -0.0250915587 0.126467481 0.0847879425 0.156481937 0.0454609022 -0.0126459859 0.158386588 -0.159898013 0.0798513666 -0.167483822 -0.0829197839 -0.0385449082 8.13044608e-07 0.0590809323 -0.0568155795 0.0588273033 0.0503366888 0.168257773 0.0412395969 0.0825386941 0.108241819 0.071081467 -0.105547555 -0.203313246 0.13315165 0.0945702046 0.0650548488 -0.0101102442 0.0240583792 0.00172515959 -0.201066822 0.0629496872 0.0278541874 0.0235028341 -0.0308969952 0.19976151 0.122814484 -0.0111353695 -0.0393210128 -0.102585226 0.11785841 -0.0611048713 0.215891361 -0.0173155069 -0.0264176875 0.0508078821 -0.0062176371 0.0521486104 0.0282097757 0.0205398127 0.0786650479 0.0135605745 0.0370187908 -0.13915804 -0.0707977787 0.0563178919 0.159996837 0.023900006 0.0722394958 -0.030955784 0.193295926
G1045 0.0978643075 -0.09474089 -0.189115927 -0.0250915699 0.126467481 0.0847879648 0.156481937 0.0454608947 -0.0126459859 0.158386588 -0.159898013 0.0798513666 -0.167483822 -0.0829197764 -0.0385449082 8.14907253e-07 0.0590809248 -0.0568155721 0.0588273033 0.0503366739 0.168257743 0.0412396044 0.0825386867 0.108241811 0.0710814521 -0.105547555 -0.203313246 0.13315165 0.0945702121 0.0650548488 -0.0101102591 0.0240583718 0.00172516704 -0.201066822 0.0629496798 0.0278541818 0.0235028267 -0.0308969989 0.19976154 0.122814491 -0.0111353733 -0.0393210091 -0.102585226 0.117858425 -0.0611048751 0.215891376 -0.0173154995 -0.0264176913 0.0508078858 -0.00621765014 0.0521485955 0.0282097682 0.0205398127 0.0786650479 0.0135605894 0.037018802 -0.13915804 -0.0707977861 0.0563178919 0.159996837 0.0239000134 0.0722394884 -0.0309557915 0.193295926
G1048 0.0978643298 -0.0947408825 -0.189115942 -0.0250915624 0.126467481 0.0847879648 0.156481937 0.0454608947 -0.0126460008 0.158386588 -0.159898028 0.0798513591 -0.167483822 -0.0829197764 -0.0385449082 8.20495188e-07 0.0590809397 -0.056815587 0.0588272959 0.0503366888 0.168257743 0.0412396118 0.0825386941 0.108241826 0.0710814744 -0.105547555 -0.203313246 0.13315165 0.0945702046 0.0650548488 -0.0101102591 0.0240583792 0.00172516331 -0.201066807 0.0629496798 0.0278541818 0.0235028341 -0.0308970027 0.19976151 0.122814484 -0.0111353844 -0.0393210277 -0.102585226 0.11785841 -0.0611048788 0.215891346 -0.0173154846 -0.0264176875 0.0508078858 -0.00621766131 0.0521485955 0.0282097608 0.0205398127 0.0786650479 0.0135605894 0.0370188057 -0.139158025 -0.0707977712 0.0563178919 0.159996837 0.0239000116 0.0722395107 -0.0309557617 0.193295926
G1051 0.0978643075 -0.0947408825 -0.189115927 -0.0250915624 0.126467481 0.0847879499 0.156481922 0.0454608984 -0.0126459915 0.158386588 -0.159898028 0.0798513591 -0.167483822 -0.0829197839 -0.0385449082 8.17235559e-07 0.0590809248 -0.0568155795 0.0588273033 0.0503366888 0.168257743 0.0412396044 0.0825386941 0.108241841 0.071081467 -0.105547547 -0.203313246 0.13315165 0.0945702121 0.0650548562 -0.0101102442 0.0240583792 0.00172517449 -0.201066837 0.0629496798 0.0278541893 0.0235028416 -0.0308970101 0.199761525 0.122814476 -0.0111353695 -0.0393210091 -0.102585226 0.11785841 -0.0611048713 0.215891361 -0.0173154995 -0.0264176857 0.0508078858 -0.00621765386 0.0521485955 0.0282097682 0.0205398146 0.0786650404 0.013560582 0.037018802 -0.139158055 -0.0707977787 0.0563178882 0.159996837 0.0239000171 0.0722394958 -0.0309557617 0.193295911
G1054 0.0978643298 -0.0947408825 -0.189115927 -0.0250915624 0.126467481 0.0847879574 0.156481937 0.0454608947 -0.0126459841 0.158386573 -0.159898028 0.0798513666 -0.167483822 -0.0829197764 -0.0385449119 8.14441592e-07 0.0590809397 -0.0568155833 0.0588273033 0.0503367037 0.168257773 0.0412396044 0.0825386941 0.108241841 0.0710814595 -0.105547547 -0.203313246 0.13315165 0.0945702121 0.0650548562 -0.0101102591 0.0240583867 0.00172517076 -0.201066837 0.0629496723 0.0278541893 0.0235028341 -0.0308969952 0.19976154 0.122814476 -0.0111353733 -0.0393210053 -0.102585226 0.117858425 -0.0611048713 0.215891361 -0.017315492 -0.0264176857 0.0508078784 -0.00621764828 0.0521486029 0.0282097757 0.020539809 0.0786650404 0.0135605745 0.037018802 -0.13915804 -0.0707977861 0.0563178957 0.159996852 0.0239000116 0.0722395033 -0.030955784 0.193295926
G1057 0.0978643447 -0.09474089 -0.189115927 -0.0250915587 0.126467496 0.0847879499 0.156481937 0.0454608984 -0.0126459878 0.158386588 -0.159898028 0.0798513666 -0.167483822 -0.0829197764 -0.0385449082 8.16769898e-07 0.0590809323 -0.0568155795 0.0588273033 0.0503366739 0.168257743 0.0412396118 0.0825386941 0.108241834 0.0710814595 -0.105547547 -0.203313246 0.13315165 0.0945702121 0.0650548488 -0.0101102442 0.0240583718 0.00172517821 -0.201066822 0.0629496798 0.0278541818 0.0235028416 -0.0308970027 0.19976151 0.122814469 -0.011135377 -0.0393210091 -0.102585241 0.11785841 -0.0611048713 0.215891361 -0.017315492 -0.0264176857 0.0508078858 -0.00621765386 0.0521485955 0.0282097682 0.0205398016 0.0786650479 0.013560582 0.037018802 -0.139158055 -0.0707977861 0.0563178882 0.159996852 0.0239000209 0.0722395033 -0.0309557691 0.193295911
G1060 0.0978643149 -0.0947408825 -0.189115927 -0.0250915661 0.126467481 0.0847879648 0.156481937 0.0454608947 -0.0126459915 0.158386573 -0.159898013 0.0798513666 -0.167483807 -0.0829197541 -0.0385449082 8.17701221e-07 0.0590809397 -0.0568155721 0.0588272884 0.0503366888 0.168257773 0.0412396118 0.0825386867 0.108241811 0.0710814744 -0.105547547 -0.203313246 0.13315165 0.0945702121 0.0650548637 -0.0101102591 0.0240583867 0.00172516704 -0.201066837 0.0629496798 0.0278541874 0.0235028341 -0.0308969878 0.19976151 0.122814469 -0.0111353695 -0.0393210128 -0.102585241 0.11785841 -0.0611048751 0.215891361 -0.017315492 -0.0264176801 0.0508078858 -0.006217652 0.0521486029 0.0282097831 0.0205398109 0.0786650479 0.0135605969 0.0370188057 -0.13915804 -0.0707977787 0.0563178957 0.159996837 0.0239000171 0.0722394958 -0.0309557766 0.193295926
G1063 0.0978643149 -0.09474089 -0.189115927 -0.0250915624 0.126467481 0.0847879723 0.156481922 0.0454608947 -0.0126459897 0.158386573 -0.159898013 0.079851374 -0.167483822 -0.0829197764 -0.0385449082 8.14907253e-07 0.0590809397 -0.056815587 0.0588273033 0.0503366888 0.168257773 0.0412395969 0.0825386941 0.108241811 0.071081467 -0.105547547 -0.203313246 0.13315165 0.0945702046 0.0650548637 -0.0101102591 0.0240583718 0.00172517076 -0.201066822 0.0629496798 0.0278541893 0.023502849 -0.0308969989 0.19976151 0.122814469 -0.011135377 -0.0393210165 -0.102585226 0.11785841 -0.0611048713 0.215891361 -0.0173154995 -0.0264176838 0.0508078821 -0.00621765759 0.0521485955 0.0282097682 0.0205398239 0.0786650479 0.013560582 0.037018802 -0.139158025 -0.0707977787 0.0563178882 0.159996837 0.0239000134 0.0722395107 -0.030955784 0.193295926
G1066 0.0978643149 -0.0947408825 -0.189115912 -0.0250915624 0.126467496 0.0847879648 0.156481937 0.045460891 -0.0126459841 0.158386588 -0.159898028 0.0798513591 -0.167483807 -0.0829197764 -0.0385449082 8.08387995e-07 0.059080936 -0.0568155758 0.0588273033 0.0503366888 0.168257773 0.0412396044 0.0825386792 0.108241811 0.0710814744 -0.105547547 -0.203313246 0.13315165 0.0945702046 0.0650548637 -0.0101102442 0.0240583867 0.00172516704 -0.201066837 0.0629496798 0.0278541818 0.0235028341 -0.0308969989 0.19976154 0.122814484 -0.0111353733 -0.0393210165 -0.102585226 0.11785841 -0.0611048713 0.215891346 -0.0173155069 -0.0264176782 0.0508078784 -0.00621764269 0.0521485955 0.0282097906 0.020539809 0.0786650479 0.0135605782 0.0370187946 -0.13915801 -0.0707977787 0.0563178994 0.159996837 0.0239000116 0.0722394958 -0.0309557766 0.193295926
G1069 0.0978643298 -0.0947409049 -0.189115927 -0.0250915624 0.126467481 0.0847879648 0.156481937 0.0454608947 -0.0126459859 0.158386588 -0.159898028 0.0798513666 -0.167483822 -0.0829197839 -0.0385449044 8.2468614e-07 0.0590809323 -0.0568155721 0.0588273033 0.0503366739 0.168257773 0.0412396044 0.0825386941 0.108241811 0.071081467 -0.105547555 -0.203313246 0.13315165 0.0945702121 0.0650548562 -0.0101102591 0.0240583643 0.00172516704 -0.201066822 0.0629496798 0.0278541856 0.0235028341 -0.0308969915 0.19976154 0.122814491 -0.0111353621 -0.0393210165 -0.102585226 0.117858425 -0.0611048676 0.215891376 -0.0173154995 -0.0264176838 0.0508078821 -0.00621764455 0.0521486029 0.0282097682 0.0205398127 0.0786650479 0.0135605745 0.0370187946 -0.13915801 -0.0707977861 0.0563178919 0.159996837 0.023900019 0.0722394958 -0.030955784 0.193295926
G1072 0.0978643149 -0.0947408825 -0.189115927 -0.0250915624 0.126467481 0.0847879723 0.156481937 0.0454608984 -0.0126459897 0.158386588 -0.159898013 0.0798513666 -0.167483836 -0.082919769 -0.0385449082 8.27480108e-07 0.0590809397 -0.0568155833 0.0588273033 0.0503366739 0.168257743 0.0412396193 0.0825386867 0.108241811 0.0710814744 -0.105547547 -0.203313261 0.13315165 0.0945702046 0.0650548562 -0.0101102591 0.0240583867 0.00172515586 -0.201066822 0.0629496723 0.0278541837 0.023502849 -0.0308969952 0.19976154 0.122814476 -0.011135377 -0.0393210128 -0.102585234 0.11785841 -0.0611048676 0.215891361 -0.0173155069 -0.0264176931 0.0508078821 -0.00621765573 0.0521486029 0.0282097757 0.0205398072 0.078665033 0.0135605894 0.0370188057 -0.13915804 -0.0707977787 0.0563178919 0.159996837 0.0239000134 0.0722395033 -0.0309557691 0.193295926
G1075 0.0978643298 -0.0947408825 -0.189115942 -0.0250915624 0.126467481 0.0847879425 0.156481937 0.0454608947 -0.0126459878 0.158386588 -0.159898013 0.0798513517 -0.167483822 -0.0829197839 -0.0385449082 8.13044608e-07 0.0590809435 -0.0568155795 0.0588272884 0.0503366888 0.168257743 0.0412395969 0.0825386867 0.108241819 0.071081467 -0.105547547 -0.203313246 0.13315165 0.0945701972 0.0650548562 -0.0101102442 0.0240583941 0.00172516331 -0.201066837 0.0629496649 0.0278541893 0.0235028416 -0.0308970027 0.19976154 0.122814491 -0.0111353695 -0.0393210016 -0.102585241 0.11785841 -0.0611048862 0.215891361 -0.017315492 -0.0264176857 0.0508078784 -0.00621765573 0.0521485955 0.0282097682 0.0205398183 0.0786650479 0.0135605745 0.037018802 -0.13915801 -0.0707977861 0.0563178882 0.159996822 0.0239000153 0.0722394884 -0.0309557915 0.193295926
G1078 0.0978643149 -0.0947409049 -0.189115927 -0.0250915624 0.126467481 0.0847879499 0.156481937 0.045460891 -0.0126459766 0.158386588 -0.159898013 0.0798513591 -0.167483836 -0.082919769 -0.0385449044 8.2096085e-07 0.0590809397 -0.0568155833 0.0588273033 0.0503366888 0.168257743 0.0412395969 0.0825386941 0.108241811 0.071081467 -0.105547547 -0.203313231 0.13315165 0.0945702046 0.0650548637 -0.0101102591 0.0240583941 0.00172516331 -0.201066822 0.0629496798 0.02785418 0.0235028341 -0.0308969952 0.19976151 0.122814484 -0.011135377 -0.0393210128 -0.102585226 0.11785841 -0.0611048713 0.215891361 -0.017315492 -0.0264176801 0.0508078821 -0.00621764828 0.0521485955 0.0282097831 0.0205398109 0.0786650479 0.013560582 0.037018802 -0.13915804 -0.0707977787 0.0563178919 0.159996837 0.0239000134 0.0722394958 -0.0309557766 0.193295926
G1081 0.0978643447 -0.09474089 -0.189115927 -0.0250915661 0.126467481 0.0847879425 0.156481951 0.0454608947 -0.0126459934 0.158386603 -0.159898028 0.0798513591 -0.167483836 -0.082919769 -0.0385449082 8.23289156e-07 0.0590809397 -0.0568155684 0.0588273033 0.0503366739 0.168257773 0.0412395969 0.0825386941 0.108241811 0.071081467 -0.105547555 -0.203313246 0.13315165 0.0945702046 0.0650548562 -0.0101102591 0.0240583718 0.00172516331 -0.201066822 0.0629496798 0.0278541818 0.0235028267 -0.0308970101 0.19976151 0.122814484 -0.0111353621 -0.0393210128 -0.102585226 0.11785841 -0.0611048788 0.215891376 -0.017315492 -0.0264176764 0.0508078821 -0.00621765573 0.0521485955 0.0282097757 0.0205398109 0.0786650479 0.0135605782 0.0370188169 -0.13915804 -0.0707977787 0.0563178957 0.159996837 0.023900019 0.0722394958 -0.0309557691 0.193295926
G1084 0.0978643 -0.09474089 -0.189115927 -0.0250915699 0.126467496 0.0847879648 0.156481937 0.045460891 -0.0126459934 0.158386588 -0.159898013 0.0798513666 -0.167483822 -0.0829197839 -0.0385449044 8.20029527e-07 0.0590809248 -0.0568155833 0.0588273033 0.0503366888 0.168257773 0.0412396044 0.0825386792 0.108241826 0.071081467 -0.105547555 -0.203313246 0.13315165 0.0945702046 0.0650548562 -0.0101102442 0.0240583941 0.00172517076 -0.201066822 0.0629496798 0.0278541818 0.0235028341 -0.0308969766 0.19976154 0.122814476 -0.0111353695 -0.0393210202 -0.102585226 0.11785841 -0.0611048713 0.215891361 -0.0173154995 -0.0264176819 0.0508078784 -0.00621764269 0.0521486029 0.0282097757 0.0205398109 0.0786650479 0.013560582 0.0370188057 -0.139158055 -0.0707977787 0.0563178882 0.159996837 0.0239000134 0.0722394884 -0.0309557766 0.193295926
G1087 0.0978643224 -0.09474089 -0.189115927 -0.0250915661 0.126467496 0.0847879648 0.156481937 0.045460891 -0.0126459841 0.158386588 -0.159898013 0.0798513591 -0.167483822 -0.082919769 -0.0385449119 8.17701221e-07 0.059080936 -0.0568155833 0.0588273033 0.0503366888 0.168257773 0.0412396044 0.0825386941 0.108241811 0.0710814819 -0.105547555 -0.203313246 0.13315165 0.0945702046 0.0650548488 -0.0101102442 0.0240583718 0.00172516331 -0.201066822 0.0629496798 0.0278541818 0.0235028267 -0.0308969989 0.19976154 0.122814491 -0.0111353807 -0.0393210053 -0.102585226 0.11785841 -0.0611048564 0.215891361 -0.017315492 -0.0264176838 0.0508078784 -0.00621764269 0.0521486029 0.0282097682 0.0205398183 0.0786650479 0.0135605931 0.0370188095 -0.13915804 -0.0707977861 0.0563178845 0.159996837 0.0239000134 0.0722394884 -0.030955784 0.193295926
G1090 0.0978643224 -0.09474089 -0.189115927 -0.0250915624 0.126467481 0.0847879574 0.156481937 0.045460891 -0.0126460008 0.158386588 -0.159898028 0.0798513666 -0.167483822 -0.082919769 -0.0385449082 8.25617462e-07 0.0590809248 -0.0568155684 0.0588273033 0.0503366739 0.168257758 0.0412396118 0.0825386941 0.108241826 0.0710814521 -0.105547555 -0.203313246 0.13315165 0.0945702046 0.0650548488 -0.0101102591 0.0240583718 0.00172517449 -0.201066837 0.0629496723 0.0278541818 0.0235028416 -0.0308970027 0.19976151 0.122814484 -0.0111353733 -0.0393210202 -0.102585226 0.11785841 -0.0611048788 0.215891361 -0.0173154846 -0.0264176875 0.0508078821 -0.00621764828 0.0521486104 0.0282097682 0.0205398016 0.0786650404 0.0135605745 0.037018802 -0.13915804 -0.0707977861 0.0563178882 0.159996837 0.0239000171 0.0722394884 -0.0309557691 0.193295911
G1093 0.0978643 -0.09474089 -0.189115927 -0.0250915587 0.126467466 0.0847879574 0.156481937 0.0454609022 -0.0126459934 0.158386573 -0.159898028 0.0798513666 -0.167483822 -0.0829197764 -0.0385449119 8.25617462e-07 0.0590809472 -0.0568155721 0.0588273033 0.0503366888 0.168257773 0.0412396193 0.0825386941 0.108241826 0.0710814819 -0.105547555 -0.203313246 0.13315165 0.0945702046 0.0650548488 -0.0101102591 0.0240583792 0.00172516331 -0.201066807 0.0629496798 0.0278541856 0.0235028416 -0.0308969989 0.19976151 0.122814491 -0.0111353695 -0.0393210053 -0.102585226 0.11785841 -0.0611048751 0.215891361 -0.0173155144 -0.0264176838 0.0508078858 -0.00621763524 0.0521485955 0.0282097757 0.0205398127 0.0786650404 0.013560582 0.037018802 -0.13915804 -0.0707977787 0.0563178994 0.159996837 0.0239000171 0.0722394884 -0.0309557617 0.193295911
G1096 0.0978643149 -0.0947408825 -0.189115927 -0.0250915624 0.126467481 0.0847879425 0.156481937 0.0454608984 -0.0126459971 0.158386573 -0.159898013 0.0798513666 -0.167483822 -0.0829197615 -0.0385449044 8.21892172e-07 0.0590809435 -0.0568155795 0.0588273033 0.0503366888 0.168257743 0.0412396118 0.0825386941 0.108241834 0.0710814819 -0.10554757 -0.203313246 0.13315165 0.0945702195 0.0650548488 -0.0101102442 0.0240583718 0.00172516704 -0.201066807 0.0629496723 0.0278541874 0.0235028267 -0.0308969878 0.19976154 0.122814476 -0.011135377 -0.0393210053 -0.102585226 0.11785841 -0.0611048676 0.215891361 -0.0173154995 -0.0264176857 0.0508078896 -0.006217652 0.052148588 0.0282097757 0.0205398053 0.0786650404 0.0135605969 0.037018802 -0.139158025 -0.0707977787 0.0563178919 0.159996837 0.0239000153 0.0722394958 -0.0309557766 0.193295926
G1099 0.0978643075 -0.0947408825 -0.189115927 -0.0250915624 0.126467481 0.0847879574 0.156481937 0.0454609022 -0.0126459841 0.158386588 -0.159898028 0.0798513889 -0.167483822 -0.082919769 -0.0385449119 8.23754817e-07 0.0590809472 -0.0568155795 0.0588273033 0.0503366888 0.168257743 0.0412396193 0.0825386941 0.108241841 0.0710814595 -0.105547555 -0.203313246 0.13315165 0.0945702046 0.0650548637 -0.0101102591 0.0240583718 0.00172517076 -0.201066837 0.0629496872 0.0278541856 0.0235028267 -0.0308969952 0.19976151 0.122814484 -0.0111353695 -0.0393210053 -0.102585249 0.11785841 -0.0611048825 0.215891361 -0.017315492 -0.0264176857 0.0508078896 -0.00621766318 0.0521485955 0.0282097682 0.0205398053 0.0786650479 0.013560582 0.037018802 -0.13915804 -0.0707977787 0.0563178919 0.159996852 0.0239000209 0.0722394884 -0.0309557617 0.193295926
G1102 0.0978643075 -0.09474089 -0.189115927 -0.0250915624 0.126467481 0.0847879723 0.156481937 0.0454608984 -0.0126459822 0.158386573 -0.159898013 0.079851374 -0.167483822 -0.082919769 -0.0385449044 8.23289156e-07 0.0590809509 -0.0568155721 0.0588272959 0.0503366888 0.168257773 0.0412396267 0.0825387016 0.108241834 0.0710814521 -0.105547547 -0.203313246 0.13315165 0.0945702121 0.0650548562 -0.010110274 0.0240583867 0.00172516704 -0.201066837 0.0629496872 0.0278541893 0.0235028416 -0.030896984 0.19976154 0.122814491 -0.0111353733 -0.0393210165 -0.102585241 0.11785841 -0.0611048751 0.215891361 -0.017315492 -0.0264176913 0.0508078784 -0.00621764828 0.0521486104 0.0282097757 0.0205398053 0.0786650479 0.0135605894 0.0370187946 -0.13915804 -0.0707977787 0.0563178882 0.159996822 0.0239000209 0.0722394809 -0.0309557542 0.193295911
G1105 0.0978643 -0.09474089 -0.189115912 -0.0250915624 0.126467481 0.0847879946 0.156481937 0.0454608984 -0.0126459748 0.158386573 -0.159898013 0.079851374 -0.167483807 -0.0829197764 -0.0385449119 8.15838575e-07 0.0590809435 -0.0568155795 0.0588273033 0.0503367037 0.168257773 0.0412396342 0.0825386941 0.108241826 0.071081467 -0.10554757 -0.203313246 0.13315165 0.0945702195 0.0650548488 -0.0101102442 0.0240583867 0.00172516704 -0.201066822 0.0629496798 0.0278541837 0.0235028267 -0.0308970027 0.19976151 0.122814476 -0.0111353733 -0.0393210091 -0.102585226 0.117858395 -0.0611048788 0.215891346 -0.017315492 -0.0264176875 0.0508078784 -0.00621766131 0.052148588 0.0282097831 0.0205398165 0.0786650479 0.013560582 0.037018802 -0.13915804 -0.0707977712 0.0563178882 0.159996837 0.0239000041 0.0722394884 -0.0309557617 0.193295911
G1108 0.0978643 -0.0947408825 -0.189115927 -0.0250915773 0.126467481 0.0847879574 0.156481951 0.0454608984 -0.0126459785 0.158386588 -0.159898028 0.079851374 -0.167483822 -0.0829197839 -0.0385449044 8.21892172e-07 0.0590809248 -0.0568155721 0.0588273033 0.0503366888 0.168257773 0.0412396044 0.0825386867 0.108241826 0.0710814744 -0.105547555 -0.203313246 0.13315165 0.0945702195 0.0650548488 -0.0101102591 0.0240583941 0.00172517076 -0.201066822 0.0629496872 0.0278541874 0.0235028267 -0.0308969989 0.199761525 0.122814484 -0.0111353695 -0.039321024 -0.102585226 0.11785841 -0.0611048751 0.215891361 -0.0173155069 -0.0264176894 0.0508078784 -0.0062176371 0.0521486029 0.0282097757 0.0205398146 0.0786650479 0.013560582 0.0370187946 -0.139158055 -0.0707977787 0.0563178919 0.159996837 0.0239000116 0.0722394884 -0.0309557617 0.193295911
G1111 0.0978643149 -0.09474089 -0.189115912 -0.0250915624 0.126467481 0.0847879574 0.156481937 0.0454608984 -0.0126459785 0.158386573 -0.159898013 0.0798513666 -0.167483807 -0.0829197764 -0.0385449082 8.1397593e-07 0.0590809248 -0.0568155795 0.0588273033 0.0503366739 0.168257773 0.0412395969 0.0825386792 0.108241826 0.0710814521 -0.105547555 -0.203313246 0.13315165 0.0945702121 0.0650548488 -0.0101102591 0.0240583792 0.00172516704 -0.201066822 0.0629496872 0.0278541818 0.023502849 -0.030896984 0.19976154 0.122814491 -0.0111353733 -0.039321024 -0.102585226 0.117858395 -0.0611048713 0.215891361 -0.0173154995 -0.0264176875 0.0508078858 -0.00621764828 0.0521486029 0.0282097682 0.0205398034 0.0786650479 0.0135605894 0.0370188169 -0.13915801 -0.0707977936 0.0563178957 0.159996822 0.0239000171 0.0722394809 -0.0309557766 0.193295911
G1114 0.0978643149 -0.0947408825 -0.189115942 -0.0250915661 0.126467481 0.0847879574 0.156481937 0.0454608947 -0.0126459841 0.158386573 -0.159898028 0.0798513517 -0.167483807 -0.082919769 -0.0385449082 8.21426511e-07 0.0590809248 -0.0568155795 0.0588273033 0.0503367037 0.168257773 0.0412395969 0.0825386941 0.108241826 0.071081467 -0.105547555 -0.203313246 0.13315165 0.0945702046 0.0650548562 -0.010110274 0.0240583867 0.00172516331 -0.201066822 0.0629496947 0.0278541818 0.0235028341 -0.0308969952 0.19976154 0.122814469 -0.0111353733 -0.0393210128 -0.102585226 0.11785841 -0.0611048751 0.215891361 -0.017315492 -0.0264176875 0.0508078858 -0.00621765386 0.0521486104 0.0282097757 0.0205398146 0.0786650479 0.013560582 0.0370188057 -0.139158025 -0.0707977787 0.0563178919 0.159996837 0.0239000246 0.0722394884 -0.030955784 0.193295926
G1117 0.0978643149 -0.0947408825 -0.189115927 -0.0250915624 0.126467481 0.0847879723 0.156481937 0.0454608947 -0.0126459785 0.158386573 -0.159898028 0.079851374 -0.167483822 -0.0829197764 -0.0385449044 8.16304237e-07 0.0590809286 -0.0568155833 0.0588273033 0.0503367037 0.168257773 0.0412396118 0.0825386941 0.108241811 0.071081467 -0.105547547 -0.203313246 0.13315165 0.0945702046 0.0650548488 -0.0101102442 0.0240583792 0.00172516331 -0.201066807 0.0629496798 0.0278541837 0.0235028341 -0.0308969915 0.19976154 0.122814476 -0.0111353695 -0.0393210128 -0.102585241 0.11785841 -0.0611048788 0.215891361 -0.017315492 -0.0264176838 0.0508078746 -0.00621765386 0.0521486029 0.0282097682 0.0205398127 0.0786650479 0.013560582 0.0370188095 -0.13915801 -0.0707977712 0.0563178994 0.159996837 0.0239000134 0.0722395033 -0.0309557766 0.193295926
G1120 0.0978643149 -0.0947408825 -0.189115927 -0.0250915773 0.126467481 0.0847879574 0.156481937 0.0454608984 -0.0126459785 0.158386588 -0.159898028 0.079851374 -0.167483822 -0.082919769 -0.0385449082 8.16769898e-07 0.0590809286 -0.0568155795 0.0588272884 0.0503366739 0.168257758 0.0412396044 0.0825386867 0.108241826 0.0710814595 -0.105547555 -0.203313246 0.13315165 0.0945702195 0.0650548488 -0.0101102442 0.0240583867 0.00172517076 -0.201066822 0.0629496798 0.0278541856 0.0235028267 -0.0308969989 0.199761525 0.122814491 -0.011135377 -0.0393210016 -0.102585226 0.11785841 -0.0611048713 0.215891361 -0.0173155069 -0.0264176764 0.0508078746 -0.00621765386 0.0521486029 0.0282097757 0.0205398183 0.0786650479 0.013560582 0.0370187983 -0.13915804 -0.0707977787 0.0563178882 0.159996837 0.0239000153 0.0722394884 -0.0309557766 0.193295926
G1123 0.0978643298 -0.0947408825 -0.189115912 -0.0250915624 0.126467481 0.0847879648 0.156481937 0.0454608947 -0.0126459822 0.158386573 -0.159898013 0.0798513666 -0.167483822 -0.0829197615 -0.0385449082 8.22357833e-07 0.0590809174 -0.0568155795 0.0588273033 0.0503366888 0.168257758 0.0412395969 0.0825386941 0.108241826 0.071081467 -0.10554754 -0.203313246 0.13315165 0.0945702195 0.0650548488 -0.0101102591 0.0240583792 0.00172517449 -0.201066822 0.0629496798 0.0278541856 0.0235028192 -0.0308969989 0.19976154 0.122814491 -0.0111353733 -0.0393210091 -0.102585249 0.11785841 -0.0611048751 0.215891361 -0.0173154995 -0.0264176913 0.0508078821 -0.00621765386 0.0521486029 0.0282097682 0.0205398034 0.0786650404 0.013560582 0.0370188095 -0.13915804 -0.0707977787 0.0563178994 0.159996852 0.0239000153 0.0722395033 -0.0309557766 0.193295926
G1126 0.0978643298 -0.0947408825 -0.189115912 -0.025091555 0.126467481 0.0847879574 0.156481951 0.0454608873 -0.0126459841 0.158386603 -0.159898028 0.0798513517 -0.167483836 -0.0829197839 -0.0385449119 8.2468614e-07 0.059080936 -0.0568155721 0.0588272884 0.0503366739 0.168257743 0.0412396118 0.0825386941 0.108241834 0.0710814521 -0.105547555 -0.203313261 0.13315165 0.0945702046 0.0650548488 -0.010110274 0.0240583569 0.00172516331 -0.201066822 0.0629496872 0.0278541856 0.0235028416 -0.0308970176 0.19976151 0.122814484 -0.011135377 -0.0393210091 -0.102585241 0.11785844 -0.0611048788 0.215891376 -0.0173154846 -0.0264176801 0.0508078784 -0.00621764269 0.0521485955 0.0282097533 0.0205398202 0.0786650479 0.0135605671 0.0370187946 -0.13915804 -0.0707977638 0.0563178957 0.159996822 0.0239000209 0.0722394958 -0.030955784 0.193295911
G1129 0.0978643373 -0.09474089 -0.189115927 -0.0250915512 0.126467496 0.0847879499 0.156481951 0.0454608947 -0.0126459785 0.158386588 -0.159898043 0.0798513517 -0.167483822 -0.082919769 -0.0385449082 8.13510269e-07 0.0590809323 -0.0568155758 0.0588273033 0.0503366739 0.168257773 0.0412396118 0.0825386867 0.108241826 0.0710814521 -0.105547547 -0.203313246 0.13315165 0.0945702046 0.0650548339 -0.010110274 0.0240583718 0.00172516704 -0.201066822 0.0629496798 0.0278541818 0.0235028192 -0.0308970101 0.19976151 0.122814462 -0.0111353621 -0.0393210165 -0.102585226 0.11785844 -0.0611048751 0.215891376 -0.0173154771 -0.0264176689 0.0508078784 -0.00621764269 0.0521485955 0.0282097533 0.0205398165 0.0786650479 0.0135605782 0.0370187983 -0.13915804 -0.0707977563 0.0563179031 0.159996837 0.0239000134 0.0722395033 -0.0309557766 0.193295911
G1132 0.00977690518 -0.0306000076 -0.0448161513 -0.0997637957 -0.0704822391 0.138914019 -0.0694218576 -0.0139359441 0.125209957 0.0536940172 0.0226694942 0.202957287 -0.166022047 0.00996915251 -0.0172611475 -0.0310730934 0.0619936883 0.0550111234 -0.029704012 -0.1159022 0.00517568737 0.00975622982 -0.0520331524 -0.00740556233 -0.0532580502 -0.076409705 -0.219638497 -0.0251973346 0.120352738 -0.0035010986 0.0825469643 -0.0943618268 0.0476698279 -0.0556514636 0.00041206181 0.0388622805 0.0400237963 -0.0793055072 -0.0402602553 0.247892186 0.084683843 -0.145638093 -0.105815999 0.20306997 0.123500459 -0.0582320653 -0.0719746873 -0.00103145838 -0.066642791 0.0667094588 0.0264025182 0.0615986958 0.0584773868 -0.000600151718 0.040262796 -0.0730558634 0.100607298 0.115536317 0.0557034239 0.116153449 0.0422620624 -0.09767811 -0.0264561847 0.106940657
G1135 0.00977690518 -0.0306000039 -0.0448161662 -0.0997637957 -0.0704822242 0.138914004 -0.0694218501 -0.0139359366 0.125209957 0.0536940247 0.0226694942 0.202957287 -0.166022047 0.00996913761 -0.01726114 -0.0310730971 0.0619937107 0.0550111383 -0.0297040157 -0.1159022 0.00517570227 0.00975622237 -0.0520331487 -0.00740555394 -0.0532580502 -0.0764096975 -0.219638512 -0.0251973346 0.12035273 -0.00350108743 0.0825469643 -0.0943618342 0.0476698428 -0.0556514673 0.00041206181 0.0388622805 0.0400238074 -0.0793055147 -0.0402602479 0.247892201 0.0846838355 -0.145638078 -0.105816014 0.20306997 0.123500466 -0.0582320578 -0.0719746873 -0.00103147328 -0.066642791 0.0667094514 0.0264025182 0.0615986884 0.0584773943 -0.000600155443 0.0402627923 -0.0730558485 0.100607283 0.115536317 0.0557034276 0.116153441 0.0422620773 -0.0976781249 -0.0264561996 0.106940642
G1138 0.00977690518 -0.0306000113 -0.0448161736 -0.0997638106 -0.0704822242 0.138914004 -0.0694218576 -0.0139359478 0.125209957 0.0536940396 0.0226694942 0.202957302 -0.166022047 0.00996914506 -0.0172611251 -0.0310730897 0.0619936883 0.0550111309 -0.0297040194 -0.115902223 0.00517567992 0.00975622237 -0.0520331562 -0.00740556419 -0.0532580614 -0.0764096975 -0.219638512 -0.0251973346 0.120352745 -0.00350109488 0.0825469717 -0.0943618342 0.0476698279 -0.0556514673 0.000412065536 0.0388622805 0.0400238037 -0.079305537 -0.0402602479 0.247892171 0.0846838355 -0.145638078 -0.105815999 0.20306997 0.123500459 -0.0582320578 -0.0719746724 -0.00103147328 -0.0666427836 0.0667094514 0.0264025182 0.0615986809 0.0584773943 -0.000600155443 0.040262796 -0.0730558783 0.100607283 0.115536317 0.0557034239 0.116153449 0.0422620811 -0.0976781249 -0.026456207 0.106940635
G1141 0.00977690518 -0.0306000076 -0.0448161662 -0.0997637808 -0.0704822242 0.138914004 -0.069421865 -0.0139359441 0.125209957 0.0536940172 0.0226694942 0.202957287 -0.166022032 0.00996913761 -0.0172611475 -0.0310731009 0.0619936958 0.0550111458 -0.0297040232 -0.11590223 0.00517567992 0.00975622982 -0.0520331636 -0.00740556512 -0.0532580614 -0.076409705 -0.219638512 -0.0251973271 0.12035273 -0.00350109115 0.0825469643 -0.0943618342 0.0476698279 -0.0556514598 0.000412069261 0.0388622954 0.0400238037 -0.0793055147 -0.040260233 0.247892171 0.0846838206 -0.145638078 -0.105816014 0.203069985 0.123500451 -0.0582320504 -0.0719746873 -0.00103147328 -0.066642791 0.0667094439 0.0264025107 0.0615986958 0.0584773943 -0.000600162894 0.0402627997 -0.0730558634 0.100607306 0.115536325 0.0557034239 0.116153441 0.0422620699 -0.0976781175 -0.026456207 0.10694062
G1144 0.00977692008 -0.0306000039 -0.0448161662 -0.0997638106 -0.0704822391 0.138914004 -0.0694218576 -0.0139359403 0.125209972 0.0536940172 0.0226694942 0.202957302 -0.166022047 0.00996913016 -0.0172611326 -0.0310730971 0.0619936846 0.0550111383 -0.0297040138 -0.1159022 0.00517567247 0.00975623727 -0.0520331673 -0.00740556419 -0.053258054 -0.0764096975 -0.219638497 -0.0251973271 0.12035273 -0.0035011135 0.0825469643 -0.0943618417 0.0476698428 -0.0556514636 0.00041206181 0.0388622805 0.0400238074 -0.0793055221 -0.0402602255 0.247892171 0.0846838355 -0.145638078 -0.105816014 0.20306997 0.123500451 -0.0582320727 -0.0719746649 -0.00103147328 -0.066642791 0.0667094588 0.0264025107 0.0615987033 0.0584773943 -0.000600155443 0.0402627997 -0.0730558485 0.100607283 0.115536317 0.0557034314 0.116153449 0.0422620736 -0.0976781249 -0.0264562219 0.106940642
G1147 0.00977690518 -0.0306000151 -0.0448161662 -0.0997637957 -0.0704822242 0.138914004 -0.069421865 -0.0139359403 0.125209972 0.0536940098 0.0226695016 0.202957287 -0.166022047 0.00996915251 -0.0172611326 -0.0310730897 0.0619937032 0.0550111383 -0.0297040083 -0.11590223 0.00517568737 0.00975622982 -0.0520331524 -0.00740556139 -0.053258054 -0.076409705 -0.219638512 -0.0251973346 0.120352745 -0.0035010837 0.0825469643 -0.0943618417 0.0476698428 -0.0556514636 0.00041206181 0.0388622954 0.0400238074 -0.0793055147 -0.0402602628 0.247892171 0.0846838355 -0.145638078 -0.105815999 0.20306997 0.123500444 -0.0582320653 -0.0719746798 -0.00103145838 -0.0666427985 0.0667094439 0.0264025182 0.0615986958 0.0584773943 -0.000600162894 0.0402627997 -0.0730558559 0.100607306 0.115536317 0.0557034202 0.116153441 0.0422620736 -0.09767811 -0.0264562145 0.106940635
G1150 0.00977690518 -0.0306000039 -0.0448161662 -0.0997637957 -0.0704822391 0.138914019 -0.069421865 -0.0139359385 0.125209957 0.0536940172 0.0226695165 0.202957287 -0.166022032 0.00996913016 -0.0172611177 -0.0310731046 0.0619936883 0.0550111532 -0.029704025 -0.11590223 0.00517569482 0.00975622982 -0.0520331599 -0.00740556605 -0.0532580614 -0.0764097124 -0.219638497 -0.0251973271 0.12035273 -0.00350109488 0.0825469643 -0.0943618342 0.0476698279 -0.0556514636 0.000412065536 0.0388622805 0.0400238074 -0.0793055221 -0.0402602553 0.247892171 0.084683843 -0.145638078 -0.105816014 0.20306997 0.123500459 -0.0582320653 -0.0719746798 -0.00103145838 -0.0666427985 0.0667094439 0.0264025182 0.0615986958 0.0584773868 -0.000600162894 0.0402628146 -0.0730558485 0.100607306 0.115536317 0.0557034314 0.116153441 0.0422620699 -0.0976781175 -0.0264562294 0.106940627
G1153 0.00977692008 -0.0306000076 -0.0448161662 -0.0997637957 -0.0704822391 0.138913989 -0.0694218576 -0.013935931 0.125209972 0.0536940172 0.0226694867 0.202957287 -0.166022032 0.00996914506 -0.0172611326 -0.0310730971 0.0619936883 0.0550111383 -0.0297040157 -0.115902215 0.00517567992 0.00975622982 -0.052033145 -0.00740556419 -0.0532580614 -0.076409705 -0.219638497 -0.0251973346 0.120352745 -0.0035010986 0.0825469643 -0.0943618268 0.0476698279 -0.0556514598 0.000412058085 0.0388622805 0.0400238037 -0.0793055221 -0.040260233 0.247892201 0.0846838281 -0.145638093 -0.105815999 0.20306997 0.123500466 -0.0582320504 -0.0719746798 -0.00103148818 -0.0666427836 0.066709429 0.0264025182 0.0615987107 0.0584773868 -0.000600162894 0.040262796 -0.0730558559 0.100607291 0.115536317 0.0557034239 0.116153441 0.0422620773 -0.0976781175 -0.0264561996 0.106940635
G1156 0.00977690518 -0.0306000151 -0.0448161587 -0.0997638106 -0.0704822391 0.138914019 -0.0694218576 -0.0139359459 0.125209957 0.0536940172 0.0226694867 0.202957302 -0.166022047 0.00996914506 -0.0172611326 -0.031073099 0.0619936958 0.0550111458 -0.0297040194 -0.1159022 0.00517567992 0.00975622982 -0.0520331487 -0.00740555301 -0.0532580502 -0.0764097124 -0.219638497 -0.025197342 0.12035273 -0.00350108743 0.0825469717 -0.0943618342 0.0476698577 -0.0556514636 0.000412058085 0.0388622805 0.0400238074 -0.0793055147 -0.040260233 0.247892171 0.0846838355 -0.145638078 -0.105815999 0.20306997 0.123500451 -0.0582320653 -0.0719746798 -0.00103145838 -0.0666427985 0.0667094439 0.0264025182 0.0615987033 0.0584773943 -0.000600159168 0.0402628034 -0.0730558485 0.100607298 0.115536317 0.0557034202 0.116153449 0.0422620811 -0.0976781175 -0.0264561996 0.106940649
G1159 0.00977690518 -0.0306000113 -0.0448161662 -0.0997637957 -0.0704822391 0.138914004 -0.0694218725 -0.0139359478 0.125209957 0.0536940172 0.0226694942 0.202957287 -0.166022047 0.00996914506 -0.0172611326 -0.0310730971 0.0619936883 0.0550111383 -0.0297040176 -0.115902208 0.00517567992 0.00975622982 -0.0520331599 -0.00740556139 -0.0532580577 -0.076409705 -0.219638512 -0.0251973271 0.12035273 -0.00350109115 0.0825469568 -0.0943618193 0.0476698279 -0.0556514673 0.00041206181 0.0388622805 0.0400238074 -0.0793055147 -0.0402602479 0.247892171 0.084683843 -0.145638078 -0.105815999 0.20306997 0.123500451 -0.0582320578 -0.0719746873 -0.00103145838 -0.066642791 0.0667094588 0.0264025107 0.0615987107 0.0584773943 -0.000600155443 0.0402627923 -0.0730558559 0.100607306 0.115536317 0.0557034239 0.116153449 0.0422620811 -0.0976781175 -0.0264561996 0.106940642
G1162 0.00977690518 -0.0306000113 -0.0448161736 -0.0997637808 -0.0704822391 0.138914004 -0.0694218725 -0.013935931 0.125209942 0.0536940247 0.0226694867 0.202957302 -0.166022047 0.00996914506 -0.0172611326 -0.0310730916 0.0619936921 0.0550111383 -0.0297040194 -0.1159022 0.00517567992 0.00975622982 -0.052033145 -0.00740555674 -0.0532580465 -0.0764096975 -0.219638497 -0.0251973346 0.12035273 -0.0035010986 0.0825469717 -0.0943618342 0.047669813 -0.0556514747 0.000412069261 0.0388622805 0.0400238112 -0.0793055147 -0.0402602628 0.247892201 0.0846838355 -0.145638064 -0.105815999 0.203069985 0.123500451 -0.0582320578 -0.0719746798 -0.00103147328 -0.066642791 0.0667094365 0.0264025182 0.0615986884 0.0584773868 -0.000600159168 0.040262796 -0.0730558485 0.100607291 0.115536325 0.0557034239 0.116153449 0.0422620811 -0.0976781175 -0.0264561921 0.106940635
G1165 0.00977690518 -0.0306000076 -0.0448161662 -0.0997637808 -0.0704822391 0.138913989 -0.0694218725 -0.0139359441 0.125209957 0.0536940247 0.0226694942 0.202957302 -0.166022047 0.00996913761 -0.0172611326 -0.0310730971 0.0619936883 0.0550111383 -0.0297040194 -0.115902208 0.00517569482 0.00975622982 -0.0520331562 -0.00740556139 -0.0532580614 -0.076409705 -0.219638512 -0.0251973271 0.120352738 -0.00350109115 0.0825469717 -0.0943618268 0.0476698279 -0.0556514636 0.00041205436 0.0388622954 0.0400238 -0.0793055221 -0.040260233 0.247892186 0.0846838355 -0.145638078 -0.105815999 0.203069955 0.123500459 -0.0582320578 -0.0719746873 -0.00103145838 -0.066642791 0.0667094439 0.0264025107 0.0615986809 0.0584773943 -0.000600166619 0.0402627997 -0.0730558559 0.100607291 0.115536317 0.0557034276 0.116153449 0.0422620811 -0.0976781249 -0.026456207 0.106940627
G1168 0.00977689028 -0.0306000151 -0.0448161662 -0.0997637957 -0.0704822391 0.138914019 -0.0694218725 -0.0139359366 0.125209957 0.0536940321 0.0226695016 0.202957287 -0.166022047 0.00996914506 -0.0172611326 -0.0310730934 0.0619936958 0.0550111383 -0.0297040194 -0.115902208 0.00517567247 0.00975622982 -0.0520331487 -0.00740555581 -0.0532580465 -0.076409705 -0.219638512 -0.0251973197 0.12035273 -0.00350109115 0.0825469643 -0.0943618342 0.0476698279 -0.0556514673 0.00041205436 0.0388622805 0.0400238074 -0.0793055147 -0.0402602479 0.247892201 0.0846838281 -0.145638078 -0.105816014 0.203069955 0.123500459 -0.0582320653 -0.0719746724 -0.00103145838 -0.066642791 0.0667094439 0.0264025182 0.0615986958 0.0584773943 -0.000600155443 0.0402628034 -0.0730558708 0.100607283 0.115536325 0.0557034314 0.116153456 0.0422620773 -0.0976781249 -0.026456207 0.106940635
G1171 0.00977690518 -0.0306000076 -0.0448161587 -0.0997637957 -0.0704822242 0.138914004 -0.069421865 -0.0139359441 0.125209957 0.0536940098 0.0226694867 0.202957287 -0.166022032 0.00996914506 -0.0172611251 -0.031073099 0.0619937032 0.0550111383 -0.0297040157 -0.115902178 0.00517567247 0.00975622982 -0.0520331487 -0.00740556978 -0.053258054 -0.076409705 -0.219638497 -0.0251973271 0.12035273 -0.00350109115 0.0825469643 -0.0943618417 0.0476698279 -0.0556514636 0.000412069261 0.0388622954 0.0400238074 -0.0793055147 -0.0402602553 0.247892201 0.0846838355 -0.145638078 -0.105816014 0.203069955 0.123500451 -0.0582320727 -0.0719746798 -0.00103145838 -0.0666427985 0.0667094439 0.0264025182 0.0615986958 0.0584773943 -0.000600155443 0.0402627885 -0.0730558559 0.100607306 0.115536317 0.0557034314 0.116153441 0.0422620736 -0.0976781249 -0.026456207 0.10694062
G1174 0.00977689028 -0.0306000151 -0.0448161662 -0.0997637957 -0.0704822391 0.138914004 -0.069421865 -0.013935931 0.125209957 0.0536940247 0.0226694867 0.202957302 -0.166022047 0.00996915251 -0.0172611326 -0.0310730897 0.0619936921 0.0550111309 -0.0297040176 -0.11590223 0.00517567992 0.00975622237 -0.0520331524 -0.00740556139 -0.053258054 -0.076409705 -0.219638497 -0.0251973346 0.12035273 -0.00350109115 0.0825469717 -0.0943618268 0.0476698577 -0.0556514673 0.00041205436 0.038862288 0.0400238074 -0.0793055147 -0.0402602479 0.247892201 0.0846838355 -0.145638078 -0.105815999 0.20306997 0.123500451 -0.0582320578 -0.0719746947 -0.00103145838 -0.066642791 0.0667094439 0.0264025182 0.0615987107 0.0584773868 -0.000600166619 0.0402627923 -0.0730558559 0.100607298 0.115536317 0.0557034314 0.116153441 0.0422620736 -0.0976781249 -0.0264561996 0.106940642
G1177 0.00977690518 -0.0306000113 -0.0448161662 -0.0997637957 -0.0704822391 0.138914019 -0.069421865 -0.0139359403 0.125209957 0.053694047 0.0226694942 0.202957302 -0.166022047 0.00996913761 -0.01726114 -0.031073086 0.0619936921 0.0550111458 -0.029704012 -0.1159022 0.00517567992 0.00975621492 -0.0520331487 -0.00740555953 -0.0532580577 -0.0764096975 -0.219638512 -0.025197342 0.12035273 -0.00350109115 0.0825469643 -0.0943618268 0.0476698279 -0.0556514673 0.000412069261 0.0388622805 0.0400238074 -0.0793055221 -0.0402602479 0.247892171 0.084683843 -0.145638078 -0.105815992 0.20306997 0.123500451 -0.0582320504 -0.0719746798 -0.00103147328 -0.0666427761 0.0667094588 0.0264025182 0.0615986958 0.0584773943 -0.000600162894 0.0402628034 -0.0730558634 0.100607291 0.115536317 0.0557034239 0.116153441 0.0422620885 -0.0976781249 -0.026456207 0.106940642
G1180 0.00977690518 -0.0306000076 -0.0448161662 -0.0997638106 -0.0704822242 0.138914019 -0.0694218501 -0.0139359515 0.125209957 0.0536940172 0.0226694867 0.202957287 -0.166022032 0.00996915251 -0.0172611326 -0.0310730897 0.0619936921 0.0550111383 -0.0297040083 -0.115902215 0.00517567992 0.00975622982 -0.0520331487 -0.00740555581 -0.053258054 -0.076409705 -0.219638512 -0.0251973346 0.120352738 -0.0035010986 0.0825469568 -0.0943618417 0.0476698279 -0.055651471 0.00041206181 0.0388622805 0.0400238074 -0.0793055147 -0.0402602479 0.247892201 0.084683843 -0.145638078 -0.105816014 0.203069955 0.123500459 -0.0582320504 -0.0719746798 -0.00103147328 -0.066642791 0.0667094439 0.0264025182 0.0615986958 0.0584773943 -0.000600155443 0.0402627997 -0.0730558634 0.100607291 0.115536317 0.0557034276 0.116153449 0.0422620773 -0.0976781249 -0.0264561996 0.106940635
G1183 0.00977690518 -0.0306000188 -0.0448161662 -0.0997637957 -0.0704822391 0.138914019 -0.069421865 -0.0139359329 0.125209957 0.0536940247 0.0226695016 0.202957287 -0.166022032 0.00996915251 -0.01726114 -0.0310730953 0.0619936883 0.0550111383 -0.029704012 -0.115902208 0.00517567992 0.00975622237 -0.052033145 -0.00740555208 -0.053258054 -0.0764097124 -0.219638512 -0.0251973346 0.120352723 -0.00350108743 0.0825469643 -0.0943618417 0.0476698279 -0.0556514636 0.000412076712 0.0388622805 0.0400238074 -0.0793055147 -0.0402602553 0.247892171 0.0846838355 -0.145638093 -0.105816014 0.20306997 0.123500459 -0.0582320578 -0.0719746873 -0.00103145838 -0.066642791 0.0667094514 0.0264025182 0.0615987033 0.0584773794 -0.000600159168 0.0402628034 -0.0730558634 0.100607276 0.115536325 0.0557034202 0.116153456 0.0422620699 -0.0976781175 -0.026456207 0.106940635
G1186 0.00977692008 -0.0305999964 -0.0448161811 -0.0997637957 -0.0704822391 0.138914019 -0.069421865 -0.0139359403 0.125209957 0.0536940321 0.0226695016 0.202957287 -0.166022047 0.00996913761 -0.0172611326 -0.0310730934 0.0619936883 0.0550111383 -0.029704012 -0.1159022 0.00517568737 0.00975622982 -0.0520331599 -0.00740556885 -0.0532580577 -0.0764096975 -0.219638526 -0.0251973271 0.12035273 -0.00350108743 0.0825469643 -0.0943618268 0.0476698279 -0.0556514598 0.000412065536 0.0388622805 0.0400238 -0.0793055147 -0.0402602479 0.247892201 0.0846838355 -0.145638093 -0.105816007 0.20306997 0.123500459 -0.0582320727 -0.0719746873 -0.00103145838 -0.066642791 0.0667094514 0.0264025107 0.0615987033 0.0584773943 -0.000600159168 0.0402627923 -0.0730558708 0.100607298 0.115536317 0.0557034165 0.116153441 0.0422620811 -0.0976781175 -0.0264562145 0.106940635
G1189 0.00977690518 -0.0306000113 -0.0448161662 -0.0997637808 -0.0704822242 0.138914019 -0.0694218576 -0.0139359366 0.125209957 0.0536940321 0.0226694942 0.202957302 -0.166022047 0.00996913761 -0.0172611475 -0.0310730897 0.0619937032 0.0550111309 -0.0297040138 -0.11590223 0.00517567247 0.00975622982 -0.0520331487 -0.00740556046 -0.053258054 -0.0764097124 -0.219638497 -0.0251973346 0.12035273 -0.0035010986 0.0825469792 -0.0943618342 0.0476698279 -0.0556514673 0.00041206181 0.0388622805 0.0400238037 -0.0793055296 -0.0402602479 0.247892201 0.0846838355 -0.145638078 -0.105815999 0.20306997 0.123500466 -0.0582320504 -0.0719746873 -0.00103145838 -0.066642791 0.0667094514 0.0264025182 0.0615986958 0.0584773794 -0.000600170344 0.0402628034 -0.0730558708 0.100607283 0.115536317 0.0557034202 0.116153456 0.0422620736 -0.0976781175 -0.0264561996 0.106940649
G1192 0.00977690518 -0.0306000076 -0.0448161662 -0.0997637808 -0.0704822391 0.138914004 -0.0694218725 -0.0139359497 0.125209957 0.0536940172 0.0226695091 0.202957287 -0.166022047 0.00996913761 -0.0172611326 -0.031073086 0.0619936921 0.0550111383 -0.0297040194 -0.115902185 0.00517567247 0.00975622237 -0.0520331487 -0.00740556605 -0.0532580428 -0.076409705 -0.219638497 -0.025197342 0.12035273 -0.00350109115 0.0825469643 -0.0943618119 0.0476698428 -0.0556514636 0.00041206181 0.0388622805 0.0400238074 -0.0793055296 -0.0402602553 0.247892201 0.0846838355 -0.145638078 -0.105816014 0.203069985 0.123500459 -0.0582320653 -0.0719746798 -0.00103145838 -0.0666427836 0.0667094439 0.0264025182 0.0615987033 0.0584774017 -0.000600159168 0.0402627997 -0.0730558485 0.100607291 0.115536317 0.0557034202 0.116153441 0.0422620736 -0.0976781249 -0.0264561996 0.106940635
G1195 0.00977688283 -0.0306000151 -0.0448161736 -0.0997637957 -0.0704822242 0.138914019 -0.0694218576 -0.0139359441 0.125209972 0.0536940247 0.0226694942 0.202957287 -0.166022047 0.00996914506 -0.0172611326 -0.0310730822 0.0619937032 0.0550111383 -0.0297040138 -0.115902208 0.00517567992 0.00975622982 -0.0520331524 -0.00740555674 -0.053258054 -0.0764097124 -0.219638497 -0.0251973346 0.120352738 -0.0035010986 0.0825469568 -0.0943618342 0.0476698726 -0.0556514673 0.00041206181 0.0388622805 0.0400238149 -0.0793055147 -0.0402602553 0.247892201 0.0846838504 -0.145638093 -0.105816007 0.20306994 0.123500451 -0.0582320504 -0.0719746873 -0.00103145838 -0.066642791 0.0667094439 0.0264025256 0.0615986958 0.0584773943 -0.000600155443 0.0402628034 -0.0730558559 0.100607306 0.115536325 0.0557034202 0.116153449 0.0422620624 -0.0976781249 -0.0264561921 0.106940642
G1198 0.00977690518 -0.0306000076 -0.0448161662 -0.0997637957 -0.0704822391 0.138914019 -0.0694218576 -0.0139359348 0.125209957 0.0536940172 0.0226695091 0.202957287 -0.166022032 0.00996914506 -0.0172611326 -0.0310730971 0.0619936883 0.0550111383 -0.0297040176 -0.115902208 0.00517568737 0.00975622982 -0.0520331487 -0.00740555581 -0.053258054 -0.0764097124 -0.219638512 -0.0251973271 0.12035273 -0.00350110605 0.0825469717 -0.0943618268 0.0476698279 -0.0556514598 0.000412069261 0.0388622805 0.0400238074 -0.0793055221 -0.0402602479 0.247892171 0.0846838504 -0.145638093 -0.105816014 0.20306997 0.123500459 -0.0582320653 -0.0719746798 -0.00103145838 -0.0666427985 0.0667094514 0.0264025182 0.0615986958 0.0584773794 -0.000600162894 0.0402627997 -0.0730558634 0.100607291 0.115536317 0.0557034165 0.116153456 0.0422620811 -0.0976781249 -0.026456207 0.10694062
G1201 0.00977689028 -0.0306000113 -0.0448161662 -0.0997637957 -0.0704822242 0.138914019 -0.069421865 -0.0139359403 0.125209957 0.0536940247 0.0226694942 0.202957302 -0.166022047 0.00996914506 -0.0172611326 -0.031073086 0.0619937107 0.0550111309 -0.029704012 -0.115902215 0.00517567992 0.00975622982 -0.0520331375 -0.00740555488 -0.053258054 -0.0764097124 -0.219638497 -0.025197342 0.120352745 -0.00350109115 0.0825469717 -0.0943618417 0.0476698279 -0.0556514636 0.000412058085 0.0388622805 0.0400238112 -0.0793055147 -0.040260233 0.247892201 0.084683843 -0.145638064 -0.105815999 0.20306997 0.123500459 -0.0582320727 -0.0719746873 -0.00103145838 -0.066642791 0.066709429 0.0264025182 0.0615986884 0.0584773943 -0.000600155443 0.0402628072 -0.0730558634 0.100607298 0.115536317 0.0557034202 0.116153441 0.0422620773 -0.0976781175 -0.0264561996 0.106940635
G1204 0.00977690518 -0.0306000076 -0.0448161662 -0.0997637808 -0.0704822242 0.138913989 -0.069421865 -0.0139359403 0.125209957 0.0536940172 0.0226695016 0.202957287 -0.166022047 0.00996913761 -0.0172611326 -0.0310731009 0.0619936958 0.0550111309 -0.029704012 -0.115902223 0.00517567992 0.00975622237 -0.0520331413 -0.00740556139 -0.0532580502 -0.0764097124 -0.219638497 -0.025197342 0.12035273 -0.00350109115 0.0825469643 -0.0943618342 0.0476698279 -0.0556514636 0.00041206181 0.0388622954 0.0400238074 -0.0793055072 -0.0402602479 0.247892201 0.084683843 -0.145638078 -0.105816014 0.203069985 0.123500466 -0.0582320578 -0.0719746947 -0.00103147328 -0.0666427985 0.0667094439 0.0264025182 0.0615986958 0.0584773943 -0.000600162894 0.0402628034 -0.0730558559 0.100607283 0.115536325 0.0557034239 0.116153464 0.0422620811 -0.0976781175 -0.026456207 0.106940642
G1207 0.00977690518 -0.0306000113 -0.0448161587 -0.0997637957 -0.0704822391 0.138914004 -0.069421865 -0.0139359366 0.125209957 0.0536940396 0.0226695016 0.202957302 -0.166022047 0.00996914506 -0.0172611475 -0.0310731009 0.0619936921 0.0550111532 -0.0297040232 -0.1159022 0.00517569482 0.00975622982 -0.052033145 -0.00740555394 -0.0532580577 -0.0764096975 -0.219638512 -0.0251973271 0.120352738 -0.00350108743 0.0825469792 -0.0943618268 0.0476698279 -0.0556514636 0.00041206181 0.038862288 0.0400238074 -0.0793055221 -0.0402602479 0.247892171 0.084683843 -0.145638078 -0.105815999 0.203069955 0.123500459 -0.0582320578 -0.0719746873 -0.00103145838 -0.066642791 0.0667094439 0.0264025107 0.0615986958 0.0584773943 -0.000600162894 0.040262796 -0.0730558559 0.100607283 0.115536317 0.0557034388 0.116153441 0.0422620773 -0.0976781249 -0.0264561996 0.106940635
G1210 0.00977690518 -0.0306000113 -0.0448161662 -0.0997637808 -0.0704822391 0.138914019 -0.0694218725 -0.0139359403 0.125209957 0.0536940247 0.0226695165 0.202957302 -0.166022047 0.00996913761 -0.01726114 -0.0310730934 0.0619936883 0.0550111532 -0.029704012 -0.115902215 0.00517567992 0.00975621492 -0.0520331487 -0.00740555301 -0.053258054 -0.076409705 -0.219638512 -0.025197342 0.12035273 -0.00350109115 0.0825469643 -0.0943618417 0.0476698279 -0.0556514524 0.000412065536 0.0388622805 0.0400238 -0.0793055296 -0.0402602479 0.247892201 0.084683843 -0.145638078 -0.105816014 0.20306997 0.123500466 -0.0582320653 -0.0719746873 -0.00103145838 -0.066642791 0.0667094439 0.0264025033 0.0615986884 0.0584773794 -0.000600162894 0.0402627997 -0.0730558634 0.100607276 0.115536325 0.0557034239 0.116153449 0.0422620699 -0.0976781249 -0.0264561996 0.106940635
G1213 0.00977690518 -0.0306000151 -0.0448161662 -0.0997637957 -0.0704822391 0.138914019 -0.069421865 -0.0139359403 0.125209957 0.0536940321 0.0226694942 0.202957287 -0.166022047 0.00996914506 -0.0172611475 -0.0310730971 0.0619936883 0.0550111383 -0.0297040176 -0.11590223 0.00517567992 0.00975622982 -0.0520331487 -0.00740555301 -0.0532580614 -0.0764096975 -0.219638512 -0.0251973346 0.12035273 -0.0035010986 0.0825469717 -0.0943618417 0.0476698279 -0.0556514785 0.000412069261 0.0388622805 0.0400238149 -0.0793055147 -0.0402602255 0.247892171 0.0846838206 -0.145638093 -0.105815999 0.20306997 0.123500451 -0.0582320653 -0.0719746873 -0.00103145838 -0.0666427985 0.0667094439 0.0264025182 0.0615986958 0.0584773943 -0.000600151718 0.0402627997 -0.0730558559 0.100607261 0.115536332 0.0557034314 0.116153441 0.0422620736 -0.0976781249 -0.0264561921 0.106940635
G1216 0.00977689773 -0.0306000076 -0.0448161662 -0.0997637808 -0.0704822391 0.138914004 -0.069421865 -0.0139359403 0.125209972 0.0536940247 0.0226695016 0.202957287 -0.166022032 0.00996915251 -0.01726114 -0.0310731046 0.0619937032 0.0550111458 -0.0297040194 -0.115902215 0.00517568737 0.00975622982 -0.0520331487 -0.0074055735 -0.053258054 -0.0764097124 -0.219638512 -0.0251973346 0.12035273 -0.0035010986 0.0825469643 -0.0943618119 0.0476698279 -0.0556514636 0.00041206181 0.0388622805 0.0400238037 -0.0793055147 -0.0402602479 0.247892171 0.0846838206 -0.145638078 -0.105815999 0.20306997 0.123500451 -0.0582320578 -0.0719746798 -0.00103145838 -0.066642791 0.0667094588 0.0264025033 0.0615986958 0.0584773868 -0.000600159168 0.040262796 -0.0730558634 0.100607306 0.115536317 0.0557034239 0.116153434 0.0422620662 -0.0976781249 -0.0264562219 0.106940635
G1219 0.00977689028 -0.0306000076 -0.0448161662 -0.0997637808 -0.0704822391 0.138914019 -0.069421865 -0.013935931 0.125209972 0.0536940321 0.0226695016 0.202957302 -0.166022047 0.00996915251 -0.0172611326 -0.0310730934 0.0619936958 0.0550111458 -0.0297040213 -0.115902208 0.00517567992 0.00975622237 -0.0520331599 -0.0074055586 -0.0532580465 -0.0764097124 -0.219638512 -0.0251973346 0.12035273 -0.00350109488 0.0825469568 -0.0943618417 0.0476698279 -0.0556514636 0.00041206181 0.0388622805 0.0400238037 -0.0793055147 -0.0402602479 0.247892201 0.084683843 -0.145638078 -0.105815999 0.203069985 0.123500459 -0.0582320578 -0.0719746798 -0.00103145838 -0.066642791 0.0667094439 0.0264025182 0.0615986958 0.0584773794 -0.000600159168 0.0402627997 -0.0730558634 0.100607306 0.115536332 0.0557034165 0.116153449 0.0422620699 -0.0976781175 -0.0264561921 0.106940635
G1222 0.00977692008 -0.0306000151 -0.0448161662 -0.0997637808 -0.0704822391 0.138914019 -0.069421865 -0.0139359552 0.125209942 0.0536940247 0.0226694867 0.202957287 -0.166022032 0.00996913016 -0.0172611475 -0.0310730897 0.061993707 0.0550111458 -0.0297040232 -0.115902215 0.00517567992 0.00975621492 -0.0520331711 -0.00740555581 -0.053258054 -0.0764096975 -0.219638497 -0.025197342 0.120352723 -0.00350109115 0.0825469643 -0.0943618417 0.0476698279 -0.0556514636 0.000412080437 0.0388622731 0.0400238149 -0.0793055296 -0.0402602628 0.247892186 0.084683843 -0.145638093 -0.105816014 0.20306997 0.123500444 -0.0582320578 -0.0719746798 -0.00103145838 -0.0666428134 0.066709429 0.0264025107 0.0615986958 0.0584773943 -0.000600159168 0.0402628034 -0.0730558559 0.100607291 0.115536317 0.0557034165 0.116153449 0.0422620773 -0.0976781175 -0.0264561996 0.106940627
G1225 0.00977690518 -0.0306000076 -0.0448161662 -0.0997637808 -0.0704822242 0.138913989 -0.0694218725 -0.0139359292 0.125209957 0.0536940321 0.0226694942 0.202957287 -0.166022047 0.00996915996 -0.0172611326 -0.031073086 0.0619937032 0.0550111458 -0.0297040306 -0.115902223 0.00517567992 0.00975621492 -0.0520331599 -0.00740555301 -0.053258054 -0.0764096901 -0.219638497 -0.0251973346 0.12035273 -0.00350109115 0.0825469643 -0.0943618417 0.0476698279 -0.0556514636 0.000412069261 0.0388622656 0.0400238112 -0.0793055221 -0.0402602479 0.247892201 0.0846838504 -0.145638078 -0.105816007 0.20307 0.123500466 -0.0582320578 -0.0719746873 -0.00103145838 -0.0666428059 0.066709429 0.0264025182 0.0615986884 0.0584773868 -0.000600166619 0.0402628146 -0.0730558559 0.100607283 0.115536332 0.0557034202 0.116153464 0.0422620811 -0.0976781175 -0.0264561996 0.106940635
G1228 0.0152881742 -0.0803420767 -0.0581139997 -0.0639963299 -0.0437110364 0.142242327 -0.0258554947 -0.0568203628 0.00773301721 0.119319052 0.070130229 0.147753209 -0.156253278 -0.0121664926 -0.0305494517 -0.0582956858 0.0365592949 0.038015075 0.033322081 -0.0736397952 0.00270474702 0.076932773 0.00412512198 0.0638951585 -0.071482271 -0.0524768494 -0.259045154 0.000946931541 0.0816640556 -0.018748641 0.071418643 -0.124141313 0.0704498067 -0.0836994946 0.0463104174 -0.00368915498 0.0527596846 -0.0591450371 -0.0875733718 0.247114867 0.0984956622 -0.187471956 -0.118271351 0.163631693 0.118865684 -0.0455552265 0.00551251322 0.0470092297 -0.0850742757 0.118840896 -0.0155198574 -0.0133404881 0.0434836484 -0.0257009529 -0.0439680181 -0.0285038948 -0.00806713849 0.141295463 -0.0003939569 0.076655291 -0.0255246647 -0.108493909 0.0687031299 0.0940633193
G1229 0.0322881714 0.0127200112 -0.0331892557 -0.101482689 -0.0196792483 0.0433572829 -0.0463492237 -0.0297151655 0.0707226023 0.0590259209 0.028487619 0.0987126306 -0.140718862 0.0904336646 -0.0211917683 -0.04296159 0.0485568307 -0.0243806168 -0.000961619313 -0.130351633 -0.00959737599 0.103823252 -0.0600358732 -0.106681101 -0.0181210991 -0.0253616311 -0.245286256 0.0904351696 -0.00659178942 -0.0261193067 -0.00261496007 -0.119038805 0.016302526 -0.0537678748 0.0840848237 0.0176381469 0.0463524088 -0.0972725302 -0.00911134854 0.176501498 0.0310450383 -0.183392957 -0.106844977 0.140992939 0.00114031136 0.0116102435 0.00885632634 -0.0377609953 -0.0150248576 0.0583564267 -0.0206655115 0.0311938077 0.00571256131 0.104116887 -0.0035876371 -0.0342425853 0.126274809 0.068716675 -0.0108343512 0.0440307781 -0.00220301747 -0.0428182259 0.0295609534 0.0472521335
G1230 0.015288204 -0.0803420767 -0.0581140146 -0.0639963448 -0.0437110364 0.142242342 -0.0258554853 -0.0568203777 0.00773303583 0.119319066 0.0701302215 0.147753209 -0.156253263 -0.0121665075 -0.0305494368 -0.0582956783 0.0365592912 0.038015075 0.033322081 -0.0736398101 0.00270473957 0.076932773 0.00412509218 0.0638951734 -0.071482271 -0.0524768531 -0.259045184 0.00094691664 0.081664063 -0.0187486336 0.0714186728 -0.124141313 0.0704497918 -0.0836995095 0.0463104323 -0.00368916988 0.0527596697 -0.059145052 -0.0875733644 0.247114867 0.0984956771 -0.187471971 -0.118271351 0.163631693 0.118865669 -0.0455552042 0.00551251322 0.0470092073 -0.0850742757 0.118840925 -0.0155198425 -0.0133404732 0.0434836484 -0.0257009529 -0.0439680517 -0.0285038985 -0.00806713104 0.141295463 -0.000393949449 0.0766552836 -0.0255246647 -0.108493902 0.0687031001 0.0940633416
G1231 0.0322881639 0.0127200261 -0.0331892706 -0.101482689 -0.0196792409 0.0433572605 -0.0463492163 -0.0297151841 0.0707226098 0.0590259358 0.0284876041 0.0987126231 -0.140718848 0.0904336795 -0.0211917609 -0.0429615788 0.048556827 -0.0243806094 -0.000961607206 -0.130351633 -0.00959739089 0.103823245 -0.0600358956 -0.106681101 -0.018121101 -0.0253616273 -0.245286271 0.0904351771 -0.00659180433 -0.0261193141 -0.00261495262 -0.119038805 0.0163025111 -0.0537678711 0.0840848312 0.0176381618 0.0463523939 -0.0972725451 -0.00911134481 0.176501513 0.0310450494 -0.183392987 -0.106844969 0.140992939 0.00114030391 0.0116102546 0.00885631889 -0.0377610177 -0.0150248539 0.0583564416 -0.0206654891 0.0311938077 0.00571256131 0.104116872 -0.00358765945 -0.0342425667 0.126274794 0.068716675 -0.0108343512 0.0440307781 -0.0022030212 -0.0428182334 0.0295609385 0.0472521447
G1232 0.0152881891 -0.0803420693 -0.058114022 -0.0639963448 -0.0437110253 0.142242312 -0.0258554965 -0.0568203777 0.00773301721 0.119319081 0.0701302141 0.147753224 -0.156253278 -0.0121665075 -0.0305494592 -0.0582956895 0.0365592763 0.0380150601 0.0333220847 -0.0736397952 0.00270473957 0.0769327581 0.00412509963 0.0638951585 -0.071482271 -0.0524768457 -0.259045154 0.000946938992 0.0816640481 -0.0187486261 0.0714186579 -0.124141313 0.0704497918 -0.0836994946 0.0463104248 -0.00368914753 0.0527596846 -0.0591450445 -0.0875733718 0.247114867 0.0984956771 -0.187471971 -0.118271351 0.163631678 0.118865691 -0.0455552116 0.00551252812 0.0470091999 -0.0850742757 0.118840925 -0.0155198574 -0.0133404881 0.0434836559 -0.0257009342 -0.0439680293 -0.0285038911 -0.00806710869 0.141295448 -0.000393949449 0.0766552836 -0.0255246647 -0.108493902 0.0687031001 0.0940633118
G1233 0.0322881714 0.0127200112 -0.033189293 -0.101482689 -0.0196792185 0.0433572605 -0.0463492163 -0.0297151767 0.0707226023 0.0590259396 0.0284876041 0.0987126231 -0.140718848 0.0904336572 -0.0211917609 -0.0429615788 0.0485568084 -0.0243806168 -0.000961616402 -0.130351633 -0.00959737599 0.103823237 -0.0600358695 -0.106681086 -0.018121101 -0.0253616273 -0.245286241 0.0904351771 -0.00659180433 -0.0261193141 -0.00261495262 -0.119038805 0.0163025111 -0.0537678711 0.0840848386 0.0176381469 0.0463524014 -0.0972725451 -0.00911133736 0.176501513 0.0310450438 -0.183392972 -0.106844977 0.140992939 0.00114031136 0.0116102491 0.00885631889 -0.0377610028 -0.0150248567 0.058356449 -0.0206654966 0.0311938077 0.00571256131 0.104116894 -0.00358765945 -0.0342425704 0.126274794 0.0687166378 -0.0108343512 0.0440307818 -0.00220301934 -0.0428182259 0.0295609348 0.0472521111
G1234 0.0152881742 -0.0803420767 -0.0581140146 -0.0639963448 -0.0437110364 0.142242327 -0.0258554965 -0.056820374 0.00773302838 0.119319066 0.0701302141 0.147753224 -0.156253263 -0.0121664926 -0.0305494443 -0.0582956821 0.0365592912 0.0380150601 0.0333220847 -0.0736397952 0.00270473957 0.076932773 0.0041250959 0.0638951585 -0.0714822561 -0.0524768457 -0.259045154 0.000946931541 0.0816640705 -0.0187486261 0.0714186653 -0.124141313 0.0704497918 -0.0836995021 0.0463104174 -0.00368915498 0.0527596846 -0.0591450445 -0.0875733718 0.247114867 0.0984956771 -0.187471941 -0.118271351 0.163631707 0.118865676 -0.0455552191 0.00551249832 0.0470092222 -0.0850742757 0.11884091 -0.0155198425 -0.0133404732 0.0434836484 -0.0257009603 -0.0439680368 -0.0285038799 -0.00806711614 0.141295463 -0.000393941998 0.076655291 -0.0255246721 -0.108493902 0.068703115 0.0940633118
G1235 0.0322881639 0.0127200186 -0.0331892632 -0.101482689 -0.0196792409 0.043357268 -0.0463492237 -0.0297151767 0.0707226098 0.0590259358 0.0284876041 0.098712638 -0.140718862 0.0904336795 -0.0211917609 -0.0429615788 0.0485568307 -0.0243806243 -0.000961608137 -0.130351633 -0.00959738344 0.103823245 -0.0600358918 -0.106681086 -0.0181210935 -0.0253616311 -0.245286241 0.0904351696 -0.00659179688 -0.0261192992 -0.00261495635 -0.119038798 0.0163025111 -0.0537678674 0.0840848312 0.0176381506 0.0463524014 -0.0972725451 -0.00911135226 0.176501498 0.0310450457 -0.183392972 -0.106844969 0.140992939 0.00114031881 0.0116102397 0.00885631144 -0.0377610102 -0.0150248595 0.0583564341 -0.0206654966 0.0311938077 0.00571257621 0.104116887 -0.00358765014 -0.0342425629 0.126274824 0.0687166601 -0.0108343437 0.0440307744 -0.00220301747 -0.0428182334 0.0295609385 0.0472521111
G1236 0.0152881965 -0.0803420693 -0.0581140071 -0.0639963299 -0.043711029 0.142242298 -0.0258554909 -0.0568203703 0.00773302093 0.119319081 0.070130229 0.147753209 -0.156253278 -0.0121664852 -0.0305494517 -0.0582956821 0.0365592949 0.0380150825 0.033322081 -0.0736397952 0.00270473957 0.0769327581 0.00412508473 0.0638951585 -0.071482271 -0.0524768382 -0.259045154 0.000946931541 0.081664063 -0.0187486336 0.0714186579 -0.124141313 0.0704498142 -0.0836995021 0.0463104099 -0.00368915498 0.0527596846 -0.0591450445 -0.0875733569 0.247114882 0.0984956622 -0.187471956 -0.118271351 0.163631678 0.118865661 -0.0455552191 0.00551251322 0.0470092073 -0.0850742757 0.11884091 -0.0155198574 -0.0133404732 0.0434836484 -0.0257009491 -0.0439680442 -0.0285038911 -0.00806713849 0.141295463 -0.000393949449 0.076655291 -0.0255246628 -0.108493902 0.0687031001 0.0940633267
G1237 0.0322881788 0.0127200261 -0.0331892706 -0.101482689 -0.0196792483 0.0433572605 -0.0463492237 -0.0297151729 0.0707226023 0.0590259433 0.0284876116 0.0987126306 -0.140718848 0.0904336646 -0.0211917534 -0.04296159 0.048556827 -0.0243806094 -0.000961625599 -0.130351648 -0.00959738344 0.103823237 -0.0600358956 -0.106681108 -0.018121101 -0.0253616273 -0.245286271 0.0904351845 -0.00659179688 -0.0261193067 -0.00261494145 -0.119038798 0.0163025111 -0.0537678823 0.0840848237 0.0176381543 0.0463524088 -0.0972725451 -0.00911134481 0.176501513 0.0310450401 -0.183392972 -0.106844977 0.140992939 0.00114028901 0.0116102435 0.00885632634 -0.0377610102 -0.0150248576 0.0583564341 -0.0206655115 0.0311938226 0.00571256131 0.104116879 -0.00358765759 -0.0342425741 0.126274809 0.068716675 -0.0108343586 0.0440307856 -0.00220301002 -0.0428182259 0.0295609348 0.0472521335
G1238 0.0152881816 -0.0803420842 -0.0581139997 -0.0639963299 -0.043711029 0.142242357 -0.0258554947 -0.0568203703 0.00773302093 0.119319066 0.070130229 0.147753209 -0.156253278 -0.0121664852 -0.0305494443 -0.0582956858 0.0365593024 0.0380150601 0.0333220884 -0.0736397952 0.00270473212 0.076932773 0.00412511826 0.063895151 -0.0714822635 -0.0524768531 -0.259045154 0.000946931541 0.0816640556 -0.018748641 0.071418643 -0.124141313 0.0704497844 -0.0836994871 0.0463104248 -0.00368914753 0.0527596846 -0.0591450408 -0.0875733867 0.247114867 0.0984956771 -0.187471956 -0.118271358 0.163631693 0.118865684 -0.0455552191 0.00551250577 0.0470092222 -0.0850742906 0.118840903 -0.0155198574 -0.0133404881 0.0434836484 -0.0257009417 -0.0439680368 -0.0285038762 -0.00806713104 0.141295478 -0.0003939569 0.0766552836 -0.0255246721 -0.108493902 0.068703115 0.0940633193
G1239 0.0322881714 0.0127200112 -0.0331892632 -0.101482689 -0.0196792409 0.0433572829 -0.04634922 -0.0297151804 0.0707226247 0.0590259321 0.0284876041 0.0987126082 -0.140718848 0.0904336721 -0.0211917609 -0.0429615825 0.0485568307 -0.0243806168 -0.000961615588 -0.130351633 -0.00959738344 0.103823245 -0.0600358844 -0.106681108 -0.0181211047 -0.0253616311 -0.245286256 0.0904351622 -0.00659180433 -0.0261193067 -0.00261495262 -0.119038798 0.016302526 -0.0537678711 0.0840848088 0.0176381469 0.0463524163 -0.0972725451 -0.00911134481 0.176501513 0.0310450327 -0.183392987 -0.106844969 0.140992939 0.00114031136 0.0116102397 0.00885631889 -0.0377610102 -0.0150248604 0.0583564267 -0.0206655115 0.0311938077 0.00571256131 0.104116894 -0.00358765759 -0.0342425779 0.126274824 0.0687166601 -0.0108343586 0.0440307781 -0.0022030212 -0.0428182334 0.0295609348 0.0472521186
G1240 0.015288204 -0.0803420842 -0.0581140146 -0.0639963299 -0.043711029 0.142242327 -0.0258554909 -0.056820374 0.00773301721 0.119319096 0.070130229 0.147753209 -0.156253278 -0.0121665075 -0.0305494517 -0.0582956858 0.0365592875 0.0380150899 0.0333220921 -0.0736398101 0.00270473957 0.0769327804 0.0041250959 0.0638951659 -0.071482271 -0.0524768531 -0.259045184 0.000946953893 0.081664063 -0.0187486336 0.071418643 -0.124141343 0.0704498217 -0.0836995021 0.0463104248 -0.00368915498 0.0527596697 -0.0591450408 -0.0875733867 0.247114882 0.0984956697 -0.187471971 -0.118271351 0.163631678 0.118865684 -0.0455552265 0.00551251322 0.0470092148 -0.0850742906 0.11884091 -0.0155198425 -0.0133404732 0.0434836484 -0.0257009417 -0.0439680219 -0.028503906 -0.00806713849 0.141295448 -0.000393941998 0.076655291 -0.0255246758 -0.108493909 0.068703115 0.0940633193
G1241 0.0322881639 0.0127200112 -0.0331892855 -0.101482689 -0.0196792409 0.0433572829 -0.04634922 -0.0297151804 0.0707226023 0.0590259433 0.028487619 0.0987126231 -0.140718848 0.0904336572 -0.0211917534 -0.0429615825 0.0485568158 -0.0243806094 -0.000961613841 -0.130351618 -0.00959738344 0.103823259 -0.0600358993 -0.106681094 -0.0181211084 -0.0253616404 -0.245286256 0.0904351845 -0.00659180805 -0.0261193141 -0.0026149489 -0.119038813 0.0163025111 -0.0537678748 0.0840848312 0.0176381543 0.0463524088 -0.0972725451 -0.00911135226 0.176501527 0.0310450327 -0.183392972 -0.106844969 0.140992939 0.00114031881 0.0116102416 0.00885632634 -0.0377610028 -0.0150248567 0.0583564416 -0.0206654966 0.0311938077 0.00571256131 0.104116902 -0.00358764268 -0.0342425853 0.126274824 0.0687166601 -0.0108343512 0.0440307781 -0.00220302865 -0.0428182334 0.0295609459 0.0472521149
G1242 0.0152881816 -0.0803420618 -0.0581139997 -0.0639963448 -0.0437110364 0.142242327 -0.0258554947 -0.0568203777 0.00773302093 0.119319052 0.0701302215 0.147753209 -0.156253263 -0.0121664926 -0.0305494517 -0.0582956895 0.0365592949 0.0380150601 0.0333220921 -0.0736397952 0.00270474702 0.076932773 0.00412510335 0.0638951436 -0.071482271 -0.0524768494 -0.259045154 0.000946946442 0.0816640556 -0.0187486261 0.0714186504 -0.124141306 0.0704497769 -0.0836994797 0.0463104248 -0.00368915498 0.0527596846 -0.0591450445 -0.0875733718 0.247114867 0.0984956771 -0.187471941 -0.118271351 0.163631663 0.118865691 -0.0455552116 0.00551251322 0.0470092371 -0.0850742832 0.118840903 -0.0155198574 -0.0133404732 0.0434836559 -0.0257009417 -0.0439680368 -0.0285038911 -0.00806711614 0.141295463 -0.000393949449 0.0766552836 -0.0255246572 -0.108493902 0.0687031001 0.0940632895
G1243 0.0322881639 0.0127200186 -0.0331892781 -0.101482689 -0.0196792483 0.043357268 -0.0463492237 -0.0297151767 0.0707226023 0.0590259284 0.028487619 0.0987126082 -0.140718862 0.0904336646 -0.0211917758 -0.0429615825 0.0485568233 -0.0243806168 -0.000961609767 -0.130351633 -0.00959737599 0.103823252 -0.0600358844 -0.106681108 -0.0181211047 -0.0253616273 -0.245286271 0.090435192 -0.0065918006 -0.0261193067 -0.00261495262 -0.119038805 0.016302526 -0.0537678525 0.0840848312 0.0176381618 0.0463523939 -0.0972725451 -0.00911134481 0.176501513 0.0310450476 -0.183392957 -0.106844977 0.14099291 0.00114030391 0.0116102509 0.00885632634 -0.0377610028 -0.0150248623 0.0583564416 -0.0206655189 0.0311938077 0.00571256876 0.104116879 -0.00358766131 -0.0342425853 0.126274809 0.068716675 -0.0108343512 0.0440307781 -0.00220300816 -0.0428182259 0.0295609385 0.0472520962
G1244 0.015288204 -0.0803420693 -0.0581140071 -0.0639963299 -0.0437110364 0.142242342 -0.0258554928 -0.0568203777 0.00773302466 0.119319059 0.070130229 0.147753209 -0.156253278 -0.0121664926 -0.0305494368 -0.0582956821 0.0365592912 0.038015075 0.0333220847 -0.0736397952 0.00270473957 0.076932773 0.00412508845 0.0638951659 -0.071482271 -0.0524768531 -0.259045184 0.00094691664 0.0816640556 -0.0187486485 0.0714186579 -0.124141313 0.0704497993 -0.0836995021 0.0463104174 -0.00368914753 0.0527596846 -0.0591450483 -0.0875733569 0.247114867 0.0984956771 -0.187471956 -0.118271366 0.163631693 0.118865676 -0.0455552265 0.00551251322 0.0470091999 -0.0850742757 0.118840925 -0.0155198425 -0.0133404732 0.0434836484 -0.0257009454 -0.0439680442 -0.0285038911 -0.00806713849 0.141295463 -0.0003939569 0.0766552836 -0.0255246684 -0.108493902 0.068703115 0.0940633342
G1245 0.0322881714 0.0127200112 -0.0331892557 -0.101482689 -0.0196792409 0.0433572829 -0.0463492237 -0.0297151729 0.0707226247 0.0590259284 0.028487619 0.0987126231 -0.140718862 0.0904336795 -0.0211917534 -0.0429615751 0.0485568233 -0.0243806094 -0.000961617101 -0.130351648 -0.00959739089 0.103823245 -0.0600358993 -0.106681101 -0.0181211103 -0.0253616273 -0.245286241 0.0904351771 -0.00659179688 -0.0261193141 -0.00261495262 -0.119038805 0.016302526 -0.0537678748 0.0840848088 0.0176381469 0.0463524014 -0.0972725451 -0.00911134481 0.176501498 0.031045042 -0.183392987 -0.106844984 0.140992939 0.00114031136 0.0116102509 0.00885631889 -0.0377610102 -0.0150248576 0.0583564565 -0.0206654966 0.0311938226 0.00571256131 0.104116879 -0.00358765014 -0.0342425928 0.126274824 0.068716675 -0.0108343586 0.0440307818 -0.00220301747 -0.0428182334 0.0295609385 0.047252126
G1246 0.0152881891 -0.0803420767 -0.058114022 -0.0639963448 -0.0437110215 0.142242312 -0.0258554984 -0.0568203665 0.00773302838 0.119319066 0.0701302141 0.147753224 -0.156253278 -0.0121665001 -0.0305494443 -0.0582956858 0.0365592837 0.0380150676 0.0333220884 -0.0736397952 0.00270473957 0.076932773 0.00412508845 0.063895151 -0.071482271 -0.0524768606 -0.259045154 0.000946931541 0.0816640556 -0.0187486336 0.0714186579 -0.124141328 0.0704498217 -0.0836994946 0.0463104174 -0.00368915498 0.0527596846 -0.0591450408 -0.0875733495 0.247114867 0.0984956771 -0.187471956 -0.118271351 0.163631693 0.118865676 -0.0455552265 0.00551250577 0.0470091999 -0.0850742608 0.11884091 -0.0155198574 -0.0133404732 0.0434836559 -0.0257009231 -0.0439680293 -0.0285039023 -0.00806713104 0.141295463 -0.000393949449 0.076655291 -0.0255246572 -0.108493894 0.0687031001 0.0940633193
G1247 0.0322881639 0.0127200112 -0.0331892706 -0.101482689 -0.0196792409 0.0433572829 -0.0463492237 -0.0297151692 0.0707226023 0.0590259358 0.0284876116 0.0987126231 -0.140718862 0.0904336721 -0.0211917683 -0.0429615825 0.0485568233 -0.0243806168 -0.000961607555 -0.130351633 -0.00959739089 0.103823252 -0.0600358918 -0.106681101 -0.0181211047 -0.0253616367 -0.245286256 0.0904351696 -0.00659179315 -0.0261193067 -0.00261495635 -0.119038805 0.016302526 -0.0537678748 0.0840848237 0.0176381618 0.0463524088 -0.0972725451 -0.00911133364 0.176501513 0.0310450438 -0.183392972 -0.106844977 0.140992939 0.00114030391 0.0116102472 0.00885631889 -0.0377610102 -0.0150248474 0.0583564341 -0.0206654817 0.0311938077 0.00571256131 0.104116879 -0.00358765014 -0.0342425853 0.126274824 0.0687166601 -0.0108343586 0.0440307818 -0.00220301934 -0.0428182334 0.0295609422 0.0472521186
G1248 0.0152881891 -0.0803420767 -0.0581140146 -0.0639963299 -0.0437110402 0.142242312 -0.0258554928 -0.0568203814 0.00773301721 0.119319066 0.0701302364 0.147753209 -0.156253278 -0.0121665075 -0.0305494443 -0.0582956821 0.0365593061 0.0380150825 0.0333220735 -0.0736397952 0.00270474702 0.0769327581 0.00412509218 0.0638951734 -0.071482271 -0.0524768569 -0.259045184 0.00094692409 0.0816640556 -0.0187486336 0.0714186579 -0.124141313 0.0704498067 -0.0836995021 0.0463104323 -0.00368915498 0.0527596697 -0.0591450557 -0.0875733718 0.247114867 0.0984956771 -0.187471971 -0.118271351 0.163631693 0.118865684 -0.0455552116 0.00551252067 0.0470091999 -0.0850742906 0.11884091 -0.0155198425 -0.0133404732 0.0434836559 -0.0257009491 -0.0439680293 -0.0285038762 -0.00806713849 0.141295463 -0.0003939569 0.0766552761 -0.0255246684 -0.108493902 0.068703115 0.0940633118
G1249 0.0322881639 0.0127200186 -0.0331892632 -0.101482689 -0.0196792334 0.0433572605 -0.04634922 -0.0297151767 0.0707226098 0.0590259358 0.028487619 0.0987126231 -0.140718862 0.0904336646 -0.0211917534 -0.0429615788 0.0485568196 -0.0243806094 -0.00096162525 -0.130351633 -0.00959736854 0.103823237 -0.0600358993 -0.106681094 -0.018121101 -0.0253616311 -0.245286241 0.0904351771 -0.00659181178 -0.0261193067 -0.00261494145 -0.119038805 0.016302526 -0.0537678674 0.0840848312 0.0176381506 0.0463524014 -0.09727256 -0.00911134481 0.176501527 0.0310450438 -0.183392972 -0.106844984 0.140992939 0.00114030391 0.0116102509 0.00885632634 -0.0377609879 -0.0150248613 0.0583564341 -0.0206654966 0.0311938226 0.00571257621 0.104116887 -0.00358764268 -0.0342425592 0.126274809 0.0687166601 -0.0108343512 0.0440307781 -0.00220301747 -0.0428182259 0.0295609348 0.0472521186
G1250 0.0152881891 -0.0803420767 -0.0581139997 -0.063996315 -0.0437110215 0.142242298 -0.0258554928 -0.0568203852 0.00773302466 0.119319066 0.0701302141 0.147753209 -0.156253263 -0.0121664926 -0.0305494517 -0.0582957007 0.0365593024 0.0380150601 0.0333220847 -0.0736397952 0.00270473212 0.076932773 0.00412508845 0.0638951585 -0.0714822784 -0.0524768531 -0.259045154 0.000946931541 0.081664063 -0.018748641 0.0714186653 -0.124141313 0.0704497695 -0.0836995021 0.0463104248 -0.00368914753 0.0527596846 -0.0591450557 -0.0875733644 0.247114882 0.0984956771 -0.187471956 -0.118271351 0.163631693 0.118865676 -0.045555234 0.00551250577 0.0470092073 -0.0850742757 0.11884091 -0.0155198425 -0.0133404732 0.0434836484 -0.0257009529 -0.0439680442 -0.0285038836 -0.00806710869 0.141295463 -0.000393949449 0.0766552761 -0.0255246684 -0.108493894 0.0687031075 0.0940633267
G1251 0.0322881788 0.0127200112 -0.0331892483 -0.101482689 -0.0196792409 0.043357268 -0.0463492163 -0.0297151878 0.0707226098 0.0590259284 0.0284876116 0.0987126157 -0.140718848 0.0904336721 -0.0211917609 -0.0429615825 0.0485568196 -0.0243806094 -0.000961613492 -0.130351633 -0.00959739089 0.103823252 -0.0600358918 -0.106681101 -0.0181211121 -0.0253616273 -0.245286256 0.0904351771 -0.0065917857 -0.0261193141 -0.0026149489 -0.119038805 0.0163025111 -0.0537678786 0.0840848312 0.0176381469 0.0463524088 -0.09727256 -0.00911134481 0.176501513 0.0310450476 -0.183392972 -0.106844969 0.140992925 0.00114031881 0.0116102416 0.00885631889 -0.0377609953 -0.015024852 0.0583564416 -0.0206654966 0.0311938077 0.00571256876 0.104116887 -0.00358766131 -0.0342425667 0.126274824 0.0687166601 -0.0108343586 0.0440307707 -0.00220301934 -0.0428182185 0.0295609385 0.047252126
G1252 0.0152881891 -0.0803420693 -0.0581140146 -0.0639963299 -0.0437110364 0.142242327 -0.0258554947 -0.056820374 0.00773302466 0.119319066 0.0701302215 0.147753224 -0.156253278 -0.0121664926 -0.0305494368 -0.0582956932 0.0365593024 0.0380150601 0.033322081 -0.0736397952 0.00270473957 0.076932773 0.00412509218 0.063895151 -0.071482271 -0.0524768494 -0.259045154 0.00094692409 0.081664063 -0.018748641 0.071418643 -0.124141321 0.0704497993 -0.0836995095 0.0463104099 -0.00368914753 0.0527596697 -0.0591450408 -0.0875733569 0.247114867 0.0984956622 -0.187471941 -0.118271351 0.163631693 0.118865684 -0.0455552116 0.00551251322 0.0470091999 -0.0850742757 0.118840896 -0.01551985 -0.0133404732 0.043483641 -0.0257009529 -0.0439680442 -0.0285038874 -0.00806712359 0.141295463 -0.000393949449 0.076655291 -0.0255246796 -0.108493909 0.0687031075 0.0940633416
G1253 0.0322881714 0.0127200335 -0.0331892632 -0.101482674 -0.0196792334 0.043357268 -0.0463492274 -0.0297151729 0.0707226172 0.0590259284 0.0284876116 0.0987126306 -0.140718862 0.0904336721 -0.0211917609 -0.0429615863 0.0485568345 -0.0243806243 -0.000961615471 -0.130351633 -0.00959738344 0.103823252 -0.0600358881 -0.106681101 -0.018121101 -0.0253616236 -0.245286271 0.0904351696 -0.00659179688 -0.0261193141 -0.00261495262 -0.119038805 0.016302526 -0.0537678823 0.0840848237 0.0176381506 0.0463523865 -0.0972725302 -0.00911134481 0.176501483 0.0310450364 -0.183392957 -0.106844977 0.140992939 0.00114030391 0.0116102472 0.00885632634 -0.0377610102 -0.015024852 0.0583564192 -0.0206654966 0.0311938226 0.00571256131 0.104116887 -0.00358766131 -0.0342425667 0.126274809 0.068716675 -0.0108343512 0.0440307781 -0.00220303424 -0.0428182185 0.0295609497 0.0472521409
G1254 0.0152881742 -0.0803420842 -0.058114022 -0.0639963299 -0.0437110253 0.142242312 -0.0258554928 -0.0568203777 0.00773302838 0.119319081 0.0701302215 0.147753209 -0.156253278 -0.0121664926 -0.0305494443 -0.0582956746 0.0365592912 0.0380150676 0.0333220921 -0.0736398101 0.00270473957 0.076932773 0.00412509218 0.0638951585 -0.071482271 -0.0524768494 -0.259045154 0.000946909189 0.0816640556 -0.0187486112 0.071418643 -0.124141321 0.0704498067 -0.0836994946 0.0463104323 -0.00368915498 0.0527596846 -0.059145052 -0.0875733718 0.247114867 0.0984956771 -0.187471956 -0.118271351 0.163631693 0.118865684 -0.0455552042 0.00551252067 0.0470092148 -0.0850742757 0.11884091 -0.0155198574 -0.0133404881 0.0434836484 -0.0257009454 -0.0439680368 -0.0285038985 -0.00806713849 0.141295478 -0.0003939569 0.0766552761 -0.0255246647 -0.108493909 0.068703115 0.0940633118
G1255 0.0322881714 0.0127200112 -0.033189293 -0.101482689 -0.0196792409 0.043357268 -0.04634922 -0.0297151841 0.0707226247 0.0590259507 0.028487619 0.0987126231 -0.140718848 0.0904336721 -0.0211917609 -0.0429615788 0.0485568158 -0.0243806094 -0.000961613259 -0.130351648 -0.00959739089 0.103823237 -0.0600358993 -0.106681108 -0.0181211103 -0.0253616199 -0.245286241 0.0904351696 -0.00659180619 -0.0261192992 -0.00261495635 -0.119038805 0.016302526 -0.0537678711 0.0840848386 0.0176381506 0.0463524163 -0.09727256 -0.00911134109 0.176501483 0.0310450383 -0.183392972 -0.106844977 0.140992939 0.00114031881 0.0116102472 0.00885632634 -0.0377610102 -0.015024852 0.058356449 -0.0206654966 0.0311938226 0.00571257621 0.104116894 -0.003587652 -0.0342425779 0.126274794 0.0687166601 -0.0108343512 0.0440307744 -0.0022030212 -0.0428182259 0.0295609385 0.0472521074
G1256 0.0152882114 -0.0803420767 -0.0581140146 -0.0639963299 -0.0437110327 0.142242357 -0.0258554965 -0.0568203777 0.00773302838 0.119319066 0.0701301992 0.147753209 -0.156253278 -0.0121665075 -0.0305494219 -0.0582956821 0.0365592912 0.038015075 0.0333220959 -0.0736397952 0.00270474702 0.076932773 0.00412511081 0.0638951585 -0.0714822561 -0.0524768569 -0.259045184 0.000946938992 0.0816640481 -0.0187486336 0.071418643 -0.124141328 0.0704497993 -0.0836994871 0.0463104323 -0.00368915498 0.0527596697 -0.0591450408 -0.0875733718 0.247114867 0.0984956771 -0.187471956 -0.118271351 0.163631678 0.118865684 -0.0455552191 0.00551252067 0.0470092222 -0.0850742906 0.11884091 -0.0155198425 -0.0133404732 0.0434836335 -0.0257009454 -0.0439680293 -0.028503906 -0.00806711614 0.141295463 -0.000393941998 0.0766552836 -0.0255246758 -0.108493894 0.0687031224 0.0940633044
G1257 0.0322881788 0.0127200261 -0.0331892632 -0.101482689 -0.0196792409 0.0433572605 -0.04634922 -0.0297151804 0.0707226247 0.0590259284 0.0284875967 0.0987126306 -0.140718862 0.0904336721 -0.021191746 -0.0429615825 0.0485568233 -0.0243806243 -0.000961607904 -0.130351618 -0.00959738344 0.103823245 -0.0600358769 -0.106681094 -0.018121101 -0.0253616385 -0.245286271 0.0904351696 -0.0065918006 -0.0261193067 -0.00261495635 -0.119038813 0.0163025409 -0.0537678674 0.0840848237 0.0176381543 0.0463523939 -0.0972725451 -0.00911135226 0.176501513 0.0310450494 -0.183392957 -0.106844984 0.140992939 0.00114029646 0.0116102435 0.00885633379 -0.0377609879 -0.0150248613 0.0583564341 -0.0206654817 0.0311938077 0.00571256131 0.104116887 -0.00358765572 -0.0342425779 0.126274794 0.068716675 -0.0108343437 0.0440307856 -0.00220302679 -0.0428182185 0.0295609534 0.0472521111
G1258 0.0152882189 -0.0803420544 -0.0581139997 -0.0639963299 -0.0437110364 0.142242357 -0.0258554965 -0.0568203665 0.00773301721 0.119319052 0.0701301992 0.147753224 -0.156253248 -0.0121664852 -0.0305494517 -0.0582956783 0.0365592912 0.038015075 0.0333220847 -0.0736397803 0.00270474702 0.076932773 0.00412509963 0.063895151 -0.0714822635 -0.0524768606 -0.259045184 0.000946931541 0.0816640481 -0.0187486708 0.0714186579 -0.124141313 0.0704498067 -0.0836994946 0.0463104323 -0.00368915498 0.0527596995 -0.0591450557 -0.0875733718 0.247114882 0.0984956846 -0.187471956 -0.118271336 0.163631707 0.118865654 -0.0455552191 0.00551252067 0.0470092073 -0.0850742757 0.118840903 -0.01551985 -0.0133404881 0.0434836186 -0.0257009529 -0.0439680405 -0.0285038911 -0.00806710869 0.141295463 -0.000393941998 0.0766552761 -0.0255246647 -0.108493909 0.068703115 0.0940633044
G1259 0.0322881788 0.012720041 -0.0331892557 -0.101482689 -0.019679226 0.0433572531 -0.0463492237 -0.0297151692 0.0707226321 0.0590259209 0.0284876041 0.0987126306 -0.140718848 0.0904336572 -0.0211917683 -0.0429615788 0.0485568233 -0.0243806168 -0.00096161 -0.130351618 -0.00959736109 0.103823245 -0.0600358918 -0.106681094 -0.0181211047 -0.0253616385 -0.245286256 0.090435192 -0.00659180433 -0.0261193439 -0.00261494145 -0.11903882 0.0163025409 -0.0537678599 0.0840848312 0.0176381543 0.0463523939 -0.0972725451 -0.00911134481 0.176501527 0.0310450532 -0.183392972 -0.106844969 0.140992939 0.00114028901 0.0116102472 0.00885631144 -0.0377609953 -0.015024852 0.0583564267 -0.0206654966 0.0311937928 0.00571256131 0.104116902 -0.00358765572 -0.0342425853 0.126274824 0.0687166601 -0.0108343512 0.0440307669 -0.00220302679 -0.0428182259 0.0295609497 0.0472521223
G1260 0.0152881816 -0.0803420842 -0.0581140146 -0.0639963299 -0.0437110439 0.142242342 -0.0258554909 -0.0568203814 0.00773302466 0.119319066 0.0701302364 0.147753224 -0.156253278 -0.0121664852 -0.0305494443 -0.0582956783 0.0365593024 0.0380150825 0.0333220921 -0.0736398101 0.00270473957 0.0769327655 0.00412511453 0.0638951659 -0.0714822635 -0.0524768494 -0.259045154 0.000946931541 0.0816640556 -0.018748641 0.0714186504 -0.12414135 0.0704497918 -0.0836994946 0.0463104248 -0.00368914753 0.0527596772 -0.0591450483 -0.0875734016 0.247114867 0.0984956771 -0.187471941 -0.118271351 0.163631693 0.118865669 -0.0455552228 0.00551252067 0.0470092222 -0.0850742906 0.118840896 -0.0155198574 -0.0133404881 0.0434836335 -0.0257009529 -0.0439680368 -0.0285038911 -0.00806713104 0.141295463 -0.000393949449 0.0766552836 -0.0255246609 -0.108493909 0.0687031224 0.0940633193
G1261 0.0322881714 0.0127200186 -0.0331892706 -0.101482689 -0.0196792334 0.0433572754 -0.04634922 -0.0297151767 0.0707226098 0.0590259284 0.0284876116 0.0987126157 -0.140718848 0.0904336646 -0.0211917609 -0.0429615788 0.048556827 -0.0243806243 -0.000961613958 -0.130351633 -0.00959738344 0.103823245 -0.0600358732 -0.106681094 -0.0181211084 -0.0253616292 -0.245286256 0.0904351771 -0.00659179688 -0.0261193141 -0.0026149638 -0.119038805 0.0163025111 -0.0537678748 0.0840848237 0.0176381692 0.0463523939 -0.0972725525 -0.00911134481 0.176501498 0.0310450606 -0.183392972 -0.106844977 0.140992939 0.00114029646 0.0116102472 0.00885632634 -0.0377610028 -0.0150248613 0.0583564267 -0.0206654966 0.0311938077 0.00571256131 0.104116894 -0.00358765572 -0.0342425667 0.126274824 0.068716675 -0.0108343512 0.0440307856 -0.00220300816 -0.0428182259 0.0295609459 0.047252126
G1262 0.015288204 -0.0803420693 -0.0581139997 -0.0639963448 -0.043711029 0.142242342 -0.0258554965 -0.056820374 0.00773302838 0.119319074 0.070130229 0.147753209 -0.156253278 -0.0121664926 -0.0305494517 -0.0582956858 0.0365592949 0.0380150452 0.0333220959 -0.0736398101 0.00270473212 0.0769327804 0.00412509218 0.063895151 -0.0714822784 -0.0524768457 -0.259045184 0.00094691664 0.0816640556 -0.018748641 0.0714186579 -0.124141328 0.0704497993 -0.0836994946 0.0463104174 -0.00368914753 0.0527596846 -0.0591450445 -0.0875733718 0.247114867 0.0984956771 -0.187471971 -0.118271351 0.163631693 0.118865684 -0.0455552414 0.00551252067 0.0470092148 -0.0850742757 0.118840933 -0.0155198425 -0.0133404732 0.0434836484 -0.0257009417 -0.0439680368 -0.0285038948 -0.00806712359 0.141295463 -0.0003939569 0.0766552836 -0.0255246572 -0.108493909 0.068703115 0.0940633267
G1263 0.0322881639 0.0127200261 -0.0331892632 -0.101482689 -0.0196792409 0.0433572605 -0.0463492163 -0.0297151767 0.0707226023 0.0590259284 0.0284876041 0.0987126008 -0.140718848 0.0904336721 -0.0211917609 -0.0429615825 0.0485568158 -0.0243806243 -0.00096160057 -0.130351633 -0.00959738344 0.103823259 -0.0600358918 -0.106681094 -0.0181211028 -0.0253616199 -0.245286271 0.0904351771 -0.0065918006 -0.0261193141 -0.00261495262 -0.119038805 0.0163025111 -0.0537678674 0.0840848312 0.0176381506 0.0463523939 -0.0972725376 -0.00911135226 0.176501527 0.0310450401 -0.183392972 -0.106844977 0.140992939 0.00114031136 0.0116102509 0.00885631889 -0.0377609953 -0.0150248483 0.0583564565 -0.020665504 0.0311938077 0.00571256131 0.104116879 -0.00358766131 -0.0342425779 0.126274794 0.0687166601 -0.0108343512 0.0440307707 -0.00220300816 -0.0428182334 0.029560931 0.0472521186
G1264 0.015288204 -0.0803420842 -0.0581139997 -0.0639963299 -0.0437110327 0.142242312 -0.0258555003 -0.0568203777 0.00773302466 0.119319074 0.0701302066 0.147753224 -0.156253263 -0.0121665075 -0.0305494517 -0.0582956858 0.0365593024 0.038015075 0.0333220884 -0.0736397952 0.00270474702 0.0769327581 0.00412510335 0.0638951585 -0.071482271 -0.0524768494 -0.259045154 0.000946938992 0.0816640481 -0.0187486112 0.0714186579 -0.124141306 0.0704497993 -0.0836994946 0.0463104323 -0.00368914008 0.0527596846 -0.0591450594 -0.0875733718 0.247114882 0.0984956771 -0.187471956 -0.118271336 0.163631693 0.118865684 -0.0455552191 0.00551250577 0.0470092073 -0.0850742757 0.118840925 -0.01551985 -0.0133404732 0.0434836559 -0.0257009417 -0.0439680368 -0.0285038725 -0.00806712359 0.141295478 -0.0003939569 0.0766552687 -0.0255246572 -0.108493917 0.068703115 0.0940633118
G1265 0.0322881714 0.0127200112 -0.0331892632 -0.101482689 -0.0196792483 0.0433572456 -0.0463492274 -0.0297151804 0.0707226321 0.0590259433 0.0284876041 0.0987126231 -0.140718848 0.0904336646 -0.021191746 -0.0429615751 0.0485568233 -0.0243806094 -0.000961604877 -0.130351633 -0.00959737599 0.103823237 -0.0600358807 -0.106681086 -0.018121101 -0.0253616348 -0.245286256 0.0904351696 -0.00659180433 -0.0261192918 -0.00261496007 -0.119038805 0.016302526 -0.0537678711 0.0840848386 0.0176381581 0.0463524014 -0.0972725749 -0.00911135972 0.176501513 0.0310450457 -0.183392972 -0.106844962 0.140992939 0.00114030391 0.0116102565 0.00885631889 -0.0377609953 -0.0150248557 0.0583564416 -0.0206654966 0.0311938077 0.00571257621 0.104116879 -0.00358765386 -0.0342425667 0.126274824 0.068716675 -0.0108343512 0.0440307707 -0.00220301002 -0.0428182334 0.0295609348 0.0472521111
G1266 0.0152881965 -0.0803420767 -0.0581140071 -0.0639963448 -0.0437110215 0.142242342 -0.0258554965 -0.0568203777 0.00773301721 0.119319066 0.0701302141 0.147753224 -0.156253278 -0.0121665001 -0.0305494517 -0.0582956858 0.0365593061 0.0380150378 0.033322081 -0.0736397952 0.00270474702 0.076932773 0.00412509218 0.0638951585 -0.071482271 -0.0524768382 -0.259045154 0.000946931541 0.0816640556 -0.018748641 0.0714186579 -0.124141306 0.0704498067 -0.0836995095 0.0463104174 -0.00368914008 0.0527596772 -0.0591450445 -0.0875733718 0.247114867 0.0984956622 -0.187471971 -0.118271351 0.163631678 0.118865684 -0.0455552191 0.00551251322 0.0470092148 -0.0850742757 0.118840903 -0.0155198425 -0.0133404881 0.0434836335 -0.0257009342 -0.0439680368 -0.0285038948 -0.00806711614 0.141295448 -0.0003939569 0.0766552836 -0.0255246572 -0.108493902 0.068703115 0.0940633193
G1267 0.0322881564 0.0127200186 -0.0331892483 -0.101482689 -0.0196792185 0.043357268 -0.0463492163 -0.0297151841 0.0707226023 0.0590259247 0.0284876116 0.0987126231 -0.140718848 0.0904336572 -0.0211917683 -0.0429615825 0.0485568307 -0.0243806168 -0.000961615355 -0.130351648 -0.00959739089 0.103823252 -0.0600358993 -0.106681101 -0.0181211084 -0.0253616236 -0.245286241 0.0904351622 -0.00659179688 -0.0261193141 -0.00261496007 -0.119038805 0.0163025111 -0.0537678674 0.0840848163 0.0176381581 0.0463523939 -0.0972725451 -0.00911134481 0.176501483 0.031045042 -0.183392987 -0.106844962 0.140992939 0.00114030391 0.0116102546 0.00885632634 -0.0377610102 -0.0150248567 0.0583564341 -0.0206655115 0.0311938077 0.00571256131 0.104116887 -0.00358765386 -0.0342425928 0.126274824 0.0687166601 -0.0108343586 0.0440307744 -0.00220301375 -0.0428182259 0.0295609348 0.0472521298
G1268 0.0152881965 -0.0803420693 -0.0581140071 -0.0639963299 -0.043711029 0.142242312 -0.0258554853 -0.0568203852 0.00773302093 0.119319066 0.0701302215 0.147753209 -0.156253278 -0.0121665001 -0.0305494517 -0.0582956858 0.0365592949 0.0380150527 0.0333220959 -0.0736398101 0.00270474702 0.076932773 0.0041250959 0.0638951436 -0.071482271 -0.052476842 -0.259045184 0.000946953893 0.0816640556 -0.0187486485 0.071418643 -0.124141313 0.0704497993 -0.0836995021 0.0463104174 -0.00368913263 0.0527596846 -0.0591450445 -0.0875733644 0.247114897 0.0984956771 -0.187471971 -0.118271351 0.163631678 0.118865676 -0.0455552079 0.00551250577 0.0470092446 -0.0850742757 0.11884091 -0.01551985 -0.0133404881 0.0434836484 -0.0257009417 -0.043968033 -0.0285038762 -0.00806712359 0.141295463 -0.000393941998 0.0766552761 -0.0255246647 -0.108493894 0.0687031075 0.0940633044
G1269 0.0322881639 0.0127200261 -0.0331892632 -0.101482689 -0.019679226 0.0433572605 -0.0463492163 -0.0297151767 0.0707226023 0.0590259284 0.0284876116 0.0987126231 -0.140718862 0.0904336646 -0.0211917609 -0.0429615825 0.0485568307 -0.0243806243 -0.000961618731 -0.130351633 -0.00959736854 0.103823252 -0.0600358993 -0.106681094 -0.0181211084 -0.0253616292 -0.245286256 0.0904351771 -0.00659179315 -0.0261193141 -0.0026149638 -0.119038805 0.016302526 -0.0537678674 0.0840848237 0.0176381543 0.0463524014 -0.0972725525 -0.00911133736 0.176501513 0.0310450383 -0.183392987 -0.106844977 0.140992939 0.00114029646 0.0116102565 0.00885631889 -0.0377610028 -0.0150248567 0.0583564341 -0.0206655115 0.0311938077 0.00571256876 0.104116879 -0.00358765572 -0.0342425741 0.126274809 0.0687166601 -0.0108343512 0.0440307707 -0.00220301002 -0.0428182185 0.0295609385 0.0472521037
G1270 0.0152881891 -0.0803420767 -0.0581139997 -0.0639963299 -0.0437110364 0.142242327 -0.0258554965 -0.0568203777 0.00773301721 0.119319052 0.070130229 0.147753209 -0.156253263 -0.0121665001 -0.0305494517 -0.0582956858 0.0365592986 0.0380150601 0.0333220996 -0.0736397952 0.00270473957 0.0769327655 0.00412511453 0.0638951585 -0.071482271 -0.0524768606 -0.259045154 0.000946931541 0.0816640481 -0.0187486336 0.0714186355 -0.124141328 0.0704497769 -0.0836995021 0.0463104248 -0.00368915498 0.0527596846 -0.0591450445 -0.0875733569 0.247114867 0.0984956771 -0.187471971 -0.118271366 0.163631693 0.118865684 -0.0455552414 0.00551252067 0.0470092073 -0.0850742757 0.118840903 -0.0155198574 -0.0133404732 0.0434836708 -0.0257009491 -0.0439680293 -0.0285038948 -0.00806712359 0.141295478 -0.000393949449 0.0766552687 -0.0255246758 -0.108493909 0.068703115 0.0940633118
G1271 0.0322881564 0.0127200335 -0.0331892632 -0.101482689 -0.0196792409 0.043357268 -0.0463492125 -0.0297151729 0.0707226023 0.0590259358 0.0284876265 0.0987126231 -0.140718848 0.0904336646 -0.0211917609 -0.0429615788 0.048556827 -0.0243806168 -0.000961613376 -0.130351663 -0.00959737599 0.103823245 -0.0600358807 -0.106681116 -0.0181211047 -0.0253616273 -0.245286241 0.0904351771 -0.00659180805 -0.0261193141 -0.00261495635 -0.11903882 0.0163025111 -0.0537678674 0.0840848312 0.0176381506 0.0463524014 -0.0972725451 -0.00911134481 0.176501498 0.031045042 -0.183392987 -0.106844977 0.140992939 0.00114030391 0.0116102472 0.00885632634 -0.0377609953 -0.0150248585 0.0583564416 -0.0206655189 0.0311938226 0.00571257621 0.104116902 -0.00358764455 -0.0342425779 0.126274824 0.0687166601 -0.0108343512 0.0440307669 -0.00220303051 -0.0428182185 0.0295609459 0.0472521111
G1272 0.0152881891 -0.0803420693 -0.0581140146 -0.0639963299 -0.043711029 0.142242372 -0.0258554872 -0.0568203777 0.00773302838 0.119319081 0.070130229 0.147753209 -0.156253278 -0.0121664926 -0.0305494368 -0.0582956821 0.0365592949 0.0380150601 0.0333220884 -0.0736397952 0.00270473957 0.0769327804 0.00412511453 0.0638951585 -0.0714822635 -0.0524768718 -0.259045154 0.000946931541 0.0816640481 -0.0187486336 0.0714186504 -0.124141313 0.0704497844 -0.0836994946 0.0463104323 -0.00368914753 0.0527596846 -0.0591450445 -0.0875733718 0.247114882 0.0984956771 -0.187471971 -0.118271336 0.163631678 0.118865691 -0.0455552265 0.00551253557 0.0470092222 -0.0850742832 0.118840903 -0.01551985 -0.0133404881 0.0434836484 -0.025700938 -0.043968033 -0.0285038985 -0.00806713849 0.141295463 -0.0003939569 0.076655291 -0.0255246684 -0.108493909 0.068703115 0.0940633118
G1273 0.0322881639 0.0127200186 -0.0331892781 -0.101482689 -0.0196792409 0.0433572829 -0.04634922 -0.0297151767 0.0707226247 0.0590259433 0.028487619 0.0987126231 -0.140718862 0.0904336646 -0.021191746 -0.0429615788 0.0485568233 -0.0243806094 -0.000961620361 -0.130351633 -0.00959738344 0.103823259 -0.0600358732 -0.106681094 -0.018121101 -0.025361646 -0.245286256 0.0904351696 -0.00659179874 -0.0261193141 -0.0026149489 -0.119038805 0.016302526 -0.0537678711 0.0840848237 0.0176381394 0.0463524163 -0.0972725451 -0.00911134481 0.176501527 0.0310450401 -0.183392987 -0.106844969 0.140992925 0.00114030391 0.0116102397 0.00885632634 -0.0377609953 -0.0150248585 0.0583564416 -0.0206654966 0.0311938077 0.00571256131 0.104116894 -0.00358766131 -0.0342425853 0.126274809 0.068716675 -0.0108343661 0.0440307744 -0.00220301561 -0.042818211 0.0295609534 0.0472521074
G1274 0.0152881742 -0.0803420693 -0.0581140146 -0.0639963448 -0.0437110364 0.142242342 -0.0258554891 -0.0568203777 0.00773302838 0.119319052 0.0701302215 0.147753209 -0.156253263 -0.0121664926 -0.0305494517 -0.0582956895 0.0365592949 0.0380150452 0.0333220884 -0.0736397952 0.00270473957 0.0769327879 0.00412510708 0.063895151 -0.071482271 -0.0524768643 -0.259045184 0.000946938992 0.0816640556 -0.0187486485 0.0714186579 -0.124141328 0.0704497993 -0.0836994946 0.0463104248 -0.00368916243 0.0527596697 -0.0591450408 -0.0875733718 0.247114882 0.0984956771 -0.187471941 -0.118271358 0.163631678 0.118865684 -0.0455552265 0.00551251322 0.0470092148 -0.0850742757 0.118840925 -0.0155198425 -0.0133404732 0.0434836484 -0.0257009342 -0.043968033 -0.0285038985 -0.00806712359 0.141295478 -0.0003939569 0.0766552985 -0.0255246758 -0.108493902 0.068703115 0.0940633193
G1275 0.0322881639 0.0127200186 -0.0331892706 -0.101482689 -0.0196792409 0.0433572829 -0.04634922 -0.0297151841 0.0707226172 0.0590259358 0.0284876116 0.0987126231 -0.140718862 0.0904336795 -0.0211917609 -0.0429615825 0.0485568307 -0.0243806243 -0.000961610815 -0.130351633 -0.00959739834 0.103823252 -0.0600358769 -0.106681094 -0.0181211047 -0.0253616367 -0.245286271 0.0904351771 -0.00659179688 -0.0261193141 -0.00261495635 -0.119038805 0.016302526 -0.0537678786 0.0840848312 0.0176381469 0.0463524088 -0.0972725302 -0.00911135972 0.176501513 0.0310450327 -0.183392972 -0.106844984 0.140992939 0.00114031881 0.0116102602 0.00885632634 -0.0377610102 -0.015024852 0.058356449 -0.0206654966 0.0311937928 0.00571256876 0.104116879 -0.00358764827 -0.0342425928 0.126274824 0.068716675 -0.0108343512 0.0440307893 -0.0022030212 -0.0428182334 0.0295609459 0.047252126
G1276 0.0152881891 -0.0803420767 -0.0581140146 -0.0639963299 -0.0437110327 0.142242283 -0.0258555003 -0.0568203777 0.00773302093 0.119319066 0.0701302215 0.147753224 -0.156253263 -0.0121664852 -0.0305494443 -0.0582956932 0.0365592912 0.0380150676 0.033322081 -0.0736397803 0.00270473957 0.0769327655 0.00412509218 0.063895151 -0.071482271 -0.0524768494 -0.259045184 0.000946931541 0.0816640556 -0.0187486336 0.0714186504 -0.124141298 0.0704497918 -0.0836994946 0.0463104174 -0.00368915498 0.0527596921 -0.059145052 -0.0875733569 0.247114867 0.0984956771 -0.187471956 -0.118271351 0.163631693 0.118865684 -0.045555234 0.00551252067 0.0470091999 -0.0850742906 0.118840925 -0.0155198425 -0.0133404732 0.0434836484 -0.0257009491 -0.0439680368 -0.0285038911 -0.00806712359 0.141295463 -0.000393941998 0.076655291 -0.0255246703 -0.108493902 0.0687031001 0.0940633193
G1277 0.0322881788 0.0127200261 -0.0331892632 -0.101482689 -0.0196792409 0.0433572605 -0.0463492274 -0.0297151692 0.0707226023 0.0590259358 0.0284876116 0.0987126157 -0.140718848 0.0904336646 -0.0211917609 -0.0429615825 0.0485568196 -0.0243806094 -0.000961624784 -0.130351633 -0.00959736854 0.103823245 -0.0600358956 -0.106681101 -0.0181211084 -0.0253616199 -0.245286256 0.0904351622 -0.0065918006 -0.0261193141 -0.00261495262 -0.119038805 0.0163025111 -0.0537678786 0.0840848237 0.0176381506 0.0463524163 -0.09727256 -0.00911134109 0.176501513 0.0310450457 -0.183392987 -0.106844969 0.140992925 0.00114029646 0.0116102416 0.00885632634 -0.0377610102 -0.0150248539 0.058356449 -0.0206655115 0.0311938226 0.00571256131 0.104116887 -0.00358764827 -0.0342425741 0.126274824 0.0687166527 -0.0108343586 0.0440307744 -0.00220301561 -0.0428182185 0.0295609348 0.0472521223
G1278 0.0152882189 -0.0803420767 -0.0581139997 -0.0639963299 -0.043711029 0.142242327 -0.0258554891 -0.056820374 0.00773302093 0.119319081 0.0701302141 0.147753224 -0.156253278 -0.0121665224 -0.0305494294 -0.0582956858 0.0365592875 0.0380150825 0.0333220847 -0.0736397952 0.00270474702 0.0769327655 0.00412508473 0.0638951659 -0.071482271 -0.0524768569 -0.259045154 0.000946931541 0.0816640556 -0.0187486485 0.0714186579 -0.124141306 0.0704497918 -0.0836994946 0.0463104174 -0.00368914753 0.0527596846 -0.0591450557 -0.0875733718 0.247114867 0.0984956548 -0.187471941 -0.118271343 0.163631693 0.118865669 -0.0455552265 0.00551250577 0.0470092148 -0.0850742757 0.118840903 -0.0155198574 -0.013340503 0.0434836261 -0.0257009417 -0.0439680368 -0.0285038911 -0.00806712359 0.141295463 -0.000393941998 0.0766552836 -0.025524646 -0.108493902 0.068703115 0.0940633044
G1279 0.0322881639 0.0127200261 -0.0331892706 -0.101482689 -0.019679226 0.0433572456 -0.04634922 -0.0297151692 0.0707225874 0.0590259321 0.0284876116 0.0987126231 -0.140718862 0.0904336572 -0.0211917534 -0.0429615788 0.0485568307 -0.0243806168 -0.000961615471 -0.130351618 -0.00959736854 0.103823237 -0.0600358993 -0.106681086 -0.0181211047 -0.0253616311 -0.245286271 0.0904351771 -0.00659179688 -0.0261193141 -0.00261495262 -0.119038805 0.016302526 -0.0537678748 0.0840848163 0.0176381543 0.0463524014 -0.0972725451 -0.00911134854 0.176501513 0.031045042 -0.183392972 -0.106844969 0.140992925 0.00114028901 0.0116102546 0.00885631889 -0.0377610028 -0.0150248576 0.0583564118 -0.020665504 0.0311937854 0.00571256876 0.104116887 -0.00358765386 -0.0342425592 0.126274824 0.0687166527 -0.0108343437 0.0440307818 -0.00220300071 -0.0428182185 0.0295609385 0.0472521186
G1280 0.0152881816 -0.0803420693 -0.0581140146 -0.0639963299 -0.043711029 0.142242342 -0.0258554909 -0.0568203852 0.00773302093 0.119319066 0.0701302215 0.147753224 -0.156253278 -0.0121665001 -0.0305494592 -0.0582956821 0.0365592949 0.0380150825 0.0333220921 -0.0736398101 0.00270474702 0.076932773 0.00412511453 0.0638951734 -0.0714822635 -0.0524768606 -0.259045184 0.000946931541 0.081664063 -0.018748641 0.0714186504 -0.124141335 0.0704497993 -0.0836994946 0.0463104248 -0.00368914753 0.0527596623 -0.0591450445 -0.0875733718 0.247114882 0.0984956771 -0.187471956 -0.118271336 0.163631693 0.118865676 -0.0455552116 0.00551251322 0.0470092297 -0.0850742906 0.118840903 -0.01551985 -0.0133404881 0.0434836484 -0.0257009491 -0.0439680442 -0.0285038836 -0.00806713849 0.141295463 -0.000393941998 0.076655291 -0.0255246684 -0.108493902 0.068703115 0.0940633267
G1281 0.0322881714 0.0127200261 -0.0331892557 -0.101482689 -0.0196792409 0.0433572829 -0.0463492163 -0.0297151841 0.0707226098 0.0590259284 0.0284876041 0.0987126231 -0.140718848 0.0904336646 -0.0211917609 -0.0429615825 0.0485568307 -0.0243806168 -0.000961614307 -0.130351633 -0.00959738344 0.103823245 -0.0600358993 -0.106681101 -0.018121101 -0.0253616367 -0.245286256 0.0904351845 -0.00659179501 -0.0261193216 -0.0026149638 -0.119038805 0.016302526 -0.0537678748 0.0840848237 0.0176381506 0.0463524014 -0.0972725451 -0.00911134481 0.176501527 0.0310450513 -0.183392972 -0.106844962 0.140992939 0.00114031136 0.0116102491 0.00885631889 -0.0377610028 -0.0150248567 0.0583564341 -0.0206654966 0.0311938077 0.00571256131 0.104116902 -0.00358765572 -0.0342425741 0.126274809 0.0687166527 -0.0108343586 0.0440307856 -0.00220301747 -0.0428182334 0.0295609385 0.047252126
G1282 0.0152881891 -0.0803420693 -0.0581140146 -0.0639963299 -0.0437110253 0.142242342 -0.0258554835 -0.0568203665 0.00773302093 0.119319066 0.070130229 0.147753209 -0.156253278 -0.0121664926 -0.0305494368 -0.058295697 0.0365592837 0.0380150676 0.0333220959 -0.0736397803 0.00270474702 0.0769327879 0.00412509218 0.0638951659 -0.0714822784 -0.0524768531 -0.259045154 0.000946931541 0.081664063 -0.018748641 0.071418643 -0.124141335 0.0704497844 -0.0836995021 0.0463104323 -0.00368914753 0.0527596846 -0.0591450445 -0.0875733569 0.247114867 0.0984956771 -0.187471956 -0.118271351 0.163631678 0.118865676 -0.0455552116 0.00551252067 0.0470092222 -0.0850742906 0.11884091 -0.0155198425 -0.0133404881 0.0434836484 -0.0257009417 -0.043968033 -0.0285038985 -0.00806713849 0.141295463 -0.000393941998 0.0766552761 -0.0255246796 -0.108493894 0.068703115 0.0940633193
G1283 0.0322881788 0.0127200261 -0.0331892632 -0.101482689 -0.0196792334 0.0433572754 -0.0463492237 -0.0297151767 0.0707226098 0.0590259209 0.0284876153 0.0987126306 -0.140718848 0.0904336721 -0.0211917609 -0.04296159 0.0485568233 -0.0243806094 -0.000961606274 -0.130351633 -0.00959736854 0.103823252 -0.0600358993 -0.106681101 -0.0181211084 -0.0253616385 -0.245286256 0.090435192 -0.00659179315 -0.0261193141 -0.00261495635 -0.11903882 0.0163025409 -0.0537678674 0.0840848312 0.0176381469 0.0463524088 -0.0972725451 -0.00911134481 0.176501527 0.0310450513 -0.183392972 -0.106844977 0.14099291 0.00114030391 0.0116102546 0.00885634124 -0.0377610028 -0.0150248604 0.0583564341 -0.0206654966 0.0311938226 0.00571256131 0.104116909 -0.00358764827 -0.0342425853 0.126274824 0.068716675 -0.0108343512 0.0440307781 -0.0022030361 -0.0428182036 0.0295609497 0.0472521298
G1284 0.015288204 -0.0803420767 -0.0581140146 -0.0639963299 -0.0437110364 0.142242298 -0.0258554909 -0.0568203852 0.00773302093 0.119319059 0.0701302141 0.147753209 -0.156253263 -0.0121665001 -0.0305494368 -0.0582956932 0.0365592912 0.0380150527 0.0333220847 -0.0736398101 0.00270473957 0.076932773 0.00412508473 0.063895151 -0.071482271 -0.0524768569 -0.259045184 0.000946938992 0.0816640556 -0.0187486336 0.071418643 -0.12414135 0.0704497993 -0.0836994871 0.0463104174 -0.00368915498 0.0527596697 -0.0591450445 -0.0875733867 0.247114867 0.0984956771 -0.187471941 -0.118271351 0.163631678 0.118865669 -0.0455552228 0.00551251322 0.0470092297 -0.0850742906 0.11884091 -0.0155198425 -0.0133404732 0.0434836484 -0.0257009566 -0.0439680368 -0.0285038911 -0.00806711614 0.141295463 -0.000393949449 0.0766552836 -0.0255246703 -0.108493902 0.0687031075 0.0940633118
G1285 0.0322881788 0.0127200261 -0.0331892706 -0.101482689 -0.0196792334 0.0433572605 -0.04634922 -0.0297151841 0.0707226098 0.0590259172 0.0284876116 0.0987126231 -0.140718848 0.0904336721 -0.021191746 -0.0429615937 0.0485568158 -0.0243806243 -0.000961619313 -0.130351633 -0.00959736854 0.103823259 -0.0600358918 -0.106681108 -0.0181211121 -0.0253616311 -0.245286271 0.0904351622 -0.00659179315 -0.0261193067 -0.0026149489 -0.119038805 0.016302526 -0.0537678674 0.0840848312 0.0176381506 0.0463524014 -0.0972725302 -0.00911134481 0.176501498 0.0310450401 -0.183392957 -0.106844969 0.140992939 0.00114030391 0.0116102397 0.00885631889 -0.0377610028 -0.0150248576 0.0583564267 -0.0206654966 0.0311938226 0.00571256131 0.104116909 -0.003587652 -0.0342425667 0.126274794 0.0687166601 -0.0108343586 0.044030793 -0.00220303424 -0.0428182185 0.0295609385 0.0472521111
G1286 0.015288204 -0.0803420767 -0.0581140071 -0.063996315 -0.043711029 0.142242342 -0.0258554947 -0.0568203777 0.00773302466 0.119319059 0.070130229 0.147753209 -0.156253263 -0.0121664852 -0.0305494443 -0.0582956895 0.0365593024 0.0380150676 0.0333220959 -0.0736397952 0.00270474702 0.076932773 0.00412511453 0.0638951659 -0.0714822635 -0.0524768494 -0.259045154 0.000946938992 0.0816640556 -0.0187486485 0.0714186579 -0.124141335 0.0704497918 -0.0836994946 0.0463104174 -0.00368914753 0.0527596697 -0.0591450445 -0.0875733718 0.247114867 0.0984956771 -0.187471956 -0.118271366 0.163631693 0.118865669 -0.045555234 0.00551250577 0.0470092371 -0.0850742832 0.118840903 -0.0155198574 -0.0133404732 0.0434836484 -0.0257009566 -0.0439680368 -0.0285038836 -0.00806711614 0.141295463 -0.000393949449 0.076655291 -0.0255246721 -0.108493894 0.068703115 0.0940633193
G1287 0.0322881788 0.0127200186 -0.0331892557 -0.101482674 -0.0196792409 0.0433572605 -0.04634922 -0.0297151767 0.0707226098 0.0590259209 0.0284876041 0.0987126231 -0.140718862 0.0904336721 -0.0211917534 -0.0429615937 0.048556827 -0.0243806094 -0.000961616519 -0.130351633 -0.00959737599 0.103823252 -0.0600358769 -0.106681094 -0.0181210972 -0.0253616311 -0.245286241 0.0904351771 -0.00659179315 -0.0261193141 -0.0026149489 -0.119038798 0.0163025111 -0.0537678674 0.0840848163 0.0176381506 0.0463524014 -0.0972725376 -0.00911134481 0.176501498 0.0310450438 -0.183392972 -0.106844977 0.140992939 0.00114029646 0.0116102342 0.00885631889 -0.0377610028 -0.0150248557 0.0583564341 -0.0206655115 0.0311938077 0.00571256131 0.104116872 -0.003587652 -0.0342425667 0.126274824 0.068716675 -0.0108343512 0.0440307818 -0.00220302492 -0.0428182185 0.0295609385 0.047252126
G1288 0.015288204 -0.0803420842 -0.0581140146 -0.0639963299 -0.0437110364 0.142242327 -0.0258554853 -0.0568203926 0.00773302093 0.119319066 0.0701302215 0.147753209 -0.156253263 -0.0121665075 -0.0305494368 -0.0582956895 0.0365592949 0.038015075 0.0333220884 -0.0736398101 0.00270473212 0.0769327655 0.00412509218 0.0638951659 -0.0714822561 -0.0524768494 -0.259045184 0.000946931541 0.0816640481 -0.0187486261 0.0714186579 -0.124141313 0.0704497993 -0.0836995021 0.0463104174 -0.00368916243 0.0527596846 -0.059145052 -0.0875733718 0.247114867 0.0984956771 -0.187471986 -0.118271336 0.163631678 0.118865691 -0.0455552191 0.00551252067 0.0470091999 -0.0850742757 0.118840918 -0.0155198425 -0.0133404732 0.0434836484 -0.0257009417 -0.0439680293 -0.0285038874 -0.00806713849 0.141295463 -0.000393941998 0.0766552761 -0.0255246609 -0.108493894 0.068703115 0.0940633267
G1289 0.0322881863 0.0127200112 -0.0331892706 -0.101482689 -0.0196792409 0.0433572754 -0.0463492125 -0.0297151953 0.0707226172 0.0590259284 0.0284875967 0.0987126231 -0.140718848 0.0904336572 -0.0211917534 -0.0429615788 0.0485568158 -0.0243806094 -0.000961623271 -0.130351648 -0.00959736854 0.103823245 -0.0600358918 -0.106681108 -0.018121101 -0.0253616292 -0.245286241 0.090435192 -0.00659180619 -0.0261193141 -0.0026149638 -0.119038813 0.016302526 -0.0537678674 0.0840848312 0.0176381618 0.0463524163 -0.0972725749 -0.00911134481 0.176501527 0.0310450476 -0.183392987 -0.106844977 0.140992939 0.00114031136 0.0116102528 0.00885632634 -0.0377609953 -0.0150248474 0.0583564416 -0.020665504 0.0311938226 0.00571256876 0.104116902 -0.00358764827 -0.0342425816 0.126274809 0.0687166601 -0.0108343512 0.0440307707 -0.00220302492 -0.0428182185 0.0295609348 0.047252126
G1290 0.0152882114 -0.0803420693 -0.0581140071 -0.0639963448 -0.0437110402 0.142242357 -0.0258554835 -0.056820374 0.00773302466 0.119319037 0.0701301992 0.147753209 -0.156253263 -0.0121665001 -0.0305494517 -0.0582956783 0.0365592949 0.0380150601 0.0333220772 -0.0736397877 0.00270474702 0.0769327804 0.0041250959 0.063895151 -0.071482271 -0.0524768457 -0.259045154 0.000946938992 0.081664063 -0.0187486708 0.0714186504 -0.124141343 0.0704497844 -0.0836994797 0.0463104248 -0.00368916988 0.0527596846 -0.0591450483 -0.0875733942 0.247114882 0.0984956771 -0.187471956 -0.118271351 0.163631707 0.118865669 -0.0455552191 0.00551252067 0.0470092297 -0.0850742981 0.118840903 -0.0155198574 -0.0133404732 0.043483641 -0.0257009603 -0.0439680405 -0.0285038948 -0.00806713104 0.141295463 -0.0003939569 0.0766552761 -0.0255246833 -0.108493902 0.0687031224 0.0940633118
G1291 0.0322881788 0.0127200484 -0.0331892632 -0.101482719 -0.0196792334 0.0433572829 -0.0463492163 -0.0297151692 0.0707226321 0.059025906 0.0284876116 0.0987126157 -0.140718848 0.0904336721 -0.0211917683 -0.0429615825 0.0485568233 -0.0243806168 -0.000961624668 -0.130351633 -0.00959736854 0.103823259 -0.060035903 -0.106681101 -0.018121101 -0.0253616311 -0.245286271 0.0904351994 -0.0065917857 -0.0261193365 -0.0026149489 -0.119038828 0.0163025111 -0.0537678599 0.0840848312 0.0176381469 0.0463524088 -0.0972725451 -0.00911134481 0.176501527 0.0310450438 -0.183392972 -0.106844969 0.140992939 0.00114029646 0.0116102509 0.00885631144 -0.0377610102 -0.0150248557 0.0583564341 -0.0206655115 0.0311937928 0.00571255386 0.104116902 -0.00358765014 -0.0342426002 0.126274824 0.068716675 -0.0108343586 0.0440307707 -0.00220303796 -0.042818211 0.0295609459 0.0472521186
G1292 -0.053508997 -0.0491410047 -0.0851882324 -0.0527041107 -0.0206236299 0.0135703608 -0.0466157608 0.0324667692 -0.0282032788 0.178234443 -0.0155722052 0.16091153 -0.200320616 0.118872434 -0.0987653509 -0.0354362652 0.030038707 -0.057412602 0.0580613539 0.0135252066 0.0823504254 0.119518243 0.0574336536 0.0782758966 0.0257922225 0.0755349025 -0.220017403 0.0657542795 -0.0252507329 0.108198121 -0.00296193082 0.0159584135 -0.121118888 -0.0880573168 0.142224997 -0.0165029243 0.0133312643 -0.0788836479 -0.0161573961 0.112631574 0.116279639 -0.0848154426 -0.0462024063 0.23105742 -0.0801074281 0.0228925832 0.0644977838 -0.00939569622 0.0159552619 0.0765213966 -0.0555075519 0.0375738889 0.116207197 0.101887152 -0.173007846 0.0234377533 0.04409004 0.139841497 0.0937423855 -0.014380998 0.0446526371 -0.10056974 0.099397108 0.156122744
G1293 -0.0535089672 -0.0491409749 -0.0851882473 -0.0527040958 -0.020623615 0.0135703534 -0.0466157645 0.0324667878 -0.0282032639 0.178234458 -0.0155722275 0.16091156 -0.200320616 0.118872426 -0.0987653509 -0.0354362689 0.0300386995 -0.0574125722 0.0580613688 0.0135252029 0.0823504329 0.11951822 0.0574336722 0.0782759041 0.0257922225 0.0755348951 -0.220017374 0.0657542646 -0.0252507329 0.108198136 -0.00296193082 0.0159584284 -0.121118933 -0.0880573243 0.142224997 -0.0165029317 0.0133312792 -0.0788836777 -0.0161573999 0.112631559 0.116279669 -0.0848154277 -0.0462023914 0.231057495 -0.0801074207 0.0228926204 0.0644977763 -0.00939569622 0.0159552544 0.0765213966 -0.0555075444 0.037573874 0.116207227 0.101887152 -0.173007846 0.0234377384 0.0440900363 0.139841482 0.0937424004 -0.0143809924 0.0446526445 -0.100569725 0.0993971154 0.156122759
G1294 -0.0535089672 -0.04914096 -0.0851882547 -0.0527041107 -0.020623615 0.013570331 -0.0466157719 0.032466799 -0.0282032639 0.178234443 -0.0155722275 0.16091153 -0.200320601 0.118872419 -0.0987653285 -0.0354362503 0.030038707 -0.0574125797 0.0580613688 0.0135252029 0.0823504254 0.11951825 0.0574336462 0.0782759041 0.0257922225 0.0755349249 -0.220017388 0.0657542646 -0.0252507329 0.108198121 -0.00296191964 0.0159584135 -0.121118918 -0.0880573168 0.142224997 -0.0165029243 0.0133312792 -0.0788836628 -0.016157385 0.112631574 0.116279654 -0.0848154202 -0.0462024063 0.231057435 -0.080107443 0.022892613 0.0644977838 -0.00939569622 0.0159552619 0.0765214264 -0.055507537 0.037573874 0.116207227 0.101887144 -0.173007861 0.0234377459 0.0440900326 0.139841497 0.0937424004 -0.0143810036 0.0446526445 -0.100569732 0.099397108 0.156122774
G1295 -0.0535090119 -0.0491409749 -0.0851882398 -0.0527041107 -0.0206236262 0.0135703385 -0.0466157645 0.0324667841 -0.0282032639 0.178234443 -0.0155722126 0.160911545 -0.200320616 0.118872419 -0.0987653434 -0.0354362689 0.0300386995 -0.0574125797 0.0580613688 0.0135251991 0.082350418 0.119518235 0.0574336424 0.0782759041 0.0257922187 0.0755349025 -0.220017388 0.0657542571 -0.0252507254 0.108198121 -0.00296191871 0.0159584284 -0.121118918 -0.0880573243 0.142224997 -0.0165029094 0.0133312941 -0.0788836777 -0.0161573812 0.112631574 0.116279662 -0.0848154277 -0.0462023839 0.231057465 -0.0801074207 0.0228926055 0.0644977763 -0.00939569622 0.015955247 0.0765213966 -0.0555075295 0.037573874 0.116207227 0.101887137 -0.173007846 0.0234377384 0.0440900326 0.139841467 0.0937424004 -0.0143809943 0.0446526594 -0.100569718 0.099397108 0.156122759
G1296 -0.053508997 -0.0491410047 -0.0851882547 -0.0527041256 -0.0206236113 0.013570331 -0.0466157608 0.0324667729 -0.0282032937 0.178234458 -0.0155722275 0.16091153 -0.200320616 0.118872412 -0.0987653583 -0.0354362689 0.030038707 -0.0574125946 0.0580613688 0.0135252029 0.0823504403 0.119518235 0.0574336424 0.0782759115 0.0257922355 0.0755349323 -0.220017403 0.065754272 -0.0252507478 0.108198151 -0.00296192151 0.0159584433 -0.121118918 -0.0880573168 0.142224997 -0.0165029317 0.0133312792 -0.0788836628 -0.0161573924 0.112631574 0.116279654 -0.08481545 -0.0462023765 0.23105745 -0.0801074207 0.0228926018 0.0644977763 -0.00939568877 0.015955247 0.0765213966 -0.0555075519 0.037573874 0.116207212 0.101887167 -0.173007876 0.0234377459 0.0440900438 0.139841482 0.0937424004 -0.014381011 0.0446526445 -0.100569718 0.0993971154 0.156122729
G1297 -0.0535089672 -0.0491410047 -0.0851882473 -0.0527041256 -0.0206236225 0.0135703161 -0.0466157533 0.0324667767 -0.0282032788 0.178234458 -0.0155722126 0.16091153 -0.200320616 0.118872419 -0.0987653434 -0.0354362652 0.0300386995 -0.0574125871 0.0580613613 0.0135251991 0.0823504254 0.119518235 0.0574336573 0.0782759115 0.0257922132 0.0755349025 -0.220017388 0.0657542795 -0.0252507515 0.108198136 -0.00296192244 0.0159584135 -0.121118918 -0.0880573243 0.142224997 -0.0165029205 0.0133312717 -0.0788836628 -0.0161573924 0.112631559 0.116279662 -0.0848154277 -0.0462024063 0.231057465 -0.0801074356 0.0228926055 0.0644977912 -0.00939568877 0.0159552582 0.0765213966 -0.0555075519 0.0375738665 0.116207227 0.101887144 -0.173007861 0.0234377459 0.0440900326 0.139841497 0.0937423855 -0.0143810036 0.0446526483 -0.100569725 0.0993971154 0.156122759
G1298 -0.053508997 -0.0491409898 -0.0851882473 -0.0527041107 -0.0206236225 0.0135703385 -0.0466157645 0.0324667767 -0.0282032713 0.178234473 -0.0155722275 0.16091153 -0.200320616 0.118872426 -0.0987653509 -0.0354362801 0.030038707 -0.0574125871 0.0580613837 0.0135252103 0.0823504478 0.119518235 0.0574336536 0.0782759041 0.0257922262 0.0755349174 -0.220017403 0.0657542944 -0.0252507441 0.108198121 -0.00296191219 0.0159584135 -0.121118948 -0.0880573243 0.142224997 -0.0165029205 0.0133312941 -0.0788836703 -0.0161573701 0.112631589 0.116279639 -0.0848154277 -0.0462023839 0.23105745 -0.0801074207 0.0228926353 0.0644977987 -0.00939569622 0.0159552693 0.0765214115 -0.0555075556 0.037573874 0.116207205 0.101887137 -0.173007861 0.0234377384 0.0440900326 0.139841482 0.0937424004 -0.0143810222 0.0446526445 -0.10056971 0.099397108 0.156122759
G1299 -0.053508997 -0.0491409898 -0.0851882398 -0.0527041256 -0.0206236262 0.0135703161 -0.0466157719 0.0324667767 -0.0282032713 0.178234473 -0.0155722126 0.16091153 -0.200320601 0.118872434 -0.098765336 -0.0354362614 0.0300386921 -0.0574125871 0.0580613725 0.0135252029 0.082350418 0.119518235 0.0574336462 0.0782759115 0.0257922225 0.0755349174 -0.220017388 0.0657542646 -0.0252507366 0.108198151 -0.00296192523 0.0159584284 -0.121118948 -0.0880573243 0.142224997 -0.0165029243 0.0133312866 -0.0788836703 -0.016157385 0.112631559 0.116279632 -0.0848154277 -0.0462023914 0.231057465 -0.0801074207 0.0228926204 0.0644977763 -0.00939570367 0.0159552544 0.0765213966 -0.0555075556 0.0375738591 0.116207227 0.101887144 -0.173007876 0.0234377459 0.0440900512 0.139841497 0.0937423706 -0.0143810222 0.0446526557 -0.100569718 0.099397108 0.156122744
G1300 -0.0535090119 -0.0491410047 -0.0851882324 -0.0527040958 -0.0206236225 0.0135703459 -0.0466157719 0.0324667804 -0.0282032862 0.178234473 -0.0155721977 0.16091156 -0.200320616 0.118872419 -0.0987653509 -0.0354362652 0.030038707 -0.0574125871 0.0580613613 0.0135252029 0.0823504403 0.11951825 0.0574336499 0.0782759041 0.0257922262 0.07553491 -0.220017388 0.0657542795 -0.0252507403 0.108198121 -0.00296191964 0.0159584135 -0.121118918 -0.0880573317 0.142224967 -0.0165029168 0.0133312792 -0.0788836554 -0.0161573924 0.112631559 0.116279647 -0.0848154426 -0.0462023988 0.231057465 -0.0801074505 0.0228925981 0.0644977763 -0.00939568132 0.0159552433 0.0765214115 -0.0555075556 0.037573874 0.116207227 0.101887144 -0.173007876 0.0234377459 0.0440900251 0.139841482 0.0937424153 -0.0143810147 0.0446526371 -0.100569725 0.0993971229 0.156122759
G1301 -0.0535089672 -0.0491409898 -0.0851882398 -0.0527041107 -0.0206236225 0.0135703534 -0.0466157682 0.0324667655 -0.0282032713 0.178234428 -0.0155721903 0.16091153 -0.200320601 0.118872419 -0.098765336 -0.0354362726 0.030038707 -0.0574125797 0.0580613613 0.0135251954 0.0823504329 0.119518243 0.0574336499 0.0782759041 0.0257922038 0.0755348951 -0.220017388 0.0657542795 -0.0252507217 0.108198121 -0.00296191126 0.0159584135 -0.121118918 -0.0880573243 0.142224997 -0.0165029243 0.0133312717 -0.0788836479 -0.016157411 0.112631574 0.116279662 -0.0848154202 -0.0462023914 0.231057465 -0.0801074281 0.0228925943 0.0644977912 -0.00939569622 0.0159552395 0.0765214115 -0.0555075593 0.037573874 0.116207227 0.101887152 -0.173007876 0.0234377459 0.0440900438 0.139841497 0.0937423855 -0.014380998 0.044652652 -0.100569725 0.0993971154 0.156122744
G1302 -0.0535089672 -0.0491409749 -0.0851882622 -0.0527041256 -0.0206236262 0.0135703236 -0.0466157608 0.0324667767 -0.0282032862 0.178234458 -0.0155722126 0.16091153 -0.200320616 0.118872412 -0.0987653285 -0.0354362689 0.0300387219 -0.0574125722 0.0580613576 0.013525214 0.0823504329 0.119518228 0.0574336462 0.0782759041 0.0257922262 0.07553491 -0.220017374 0.065754272 -0.0252507515 0.108198136 -0.00296192057 0.0159584433 -0.121118948 -0.0880573168 0.142224967 -0.0165029056 0.0133312792 -0.0788836777 -0.016157385 0.112631589 0.116279647 -0.0848154351 -0.0462024063 0.231057465 -0.0801074207 0.0228926204 0.0644977763 -0.00939571112 0.0159552582 0.0765213817 -0.0555075593 0.037573874 0.11620722 0.101887144 -0.173007876 0.0234377384 0.0440900363 0.139841467 0.0937424004 -0.0143810185 0.0446526557 -0.100569725 0.099397108 0.156122759
G1303 -0.0535089672 -0.0491409898 -0.0851882696 -0.0527041107 -0.0206236225 0.0135703385 -0.0466157682 0.0324667841 -0.0282032788 0.178234428 -0.0155722052 0.16091156 -0.200320616 0.118872397 -0.0987653509 -0.0354362689 0.0300386772 -0.0574125797 0.0580613688 0.0135251917 0.0823504478 0.119518228 0.0574336536 0.078275919 0.0257922225 0.0755349323 -0.220017374 0.0657542795 -0.0252507478 0.108198121 -0.0029619243 0.0159584284 -0.121118918 -0.0880573243 0.142224997 -0.0165029131 0.0133312792 -0.0788836628 -0.0161573924 0.112631544 0.116279662 -0.0848154202 -0.0462023914 0.23105745 -0.0801074207 0.0228926018 0.0644977763 -0.00939569622 0.015955247 0.0765213966 -0.0555075519 0.037573874 0.11620722 0.101887144 -0.173007861 0.0234377384 0.0440900326 0.139841497 0.0937424004 -0.0143810036 0.044652652 -0.100569725 0.0993971229 0.156122759
G1304 -0.0535089672 -0.0491410047 -0.0851882175 -0.0527041107 -0.020623615 0.013570331 -0.0466157794 0.0324667692 -0.0282032788 0.178234458 -0.0155722126 0.160911545 -0.200320616 0.118872404 -0.098765336 -0.0354362689 0.0300386995 -0.0574125871 0.0580613464 0.0135251917 0.0823504254 0.119518243 0.0574336462 0.078275919 0.0257922206 0.0755349249 -0.220017403 0.0657542646 -0.0252507478 0.108198136 -0.00296192523 0.0159583986 -0.121118918 -0.0880573168 0.142224997 -0.0165029317 0.0133312643 -0.0788836703 -0.0161573999 0.112631589 0.116279654 -0.0848154351 -0.0462024063 0.23105745 -0.0801074207 0.0228926018 0.0644977763 -0.00939568877 0.0159552619 0.0765213966 -0.0555075556 0.037573874 0.11620722 0.101887152 -0.173007846 0.0234377459 0.0440900475 0.139841482 0.0937423855 -0.0143809961 0.0446526483 -0.10056971 0.0993971229 0.156122744
G1305 -0.053508997 -0.0491409749 -0.0851882547 -0.0527041256 -0.0206236336 0.0135703087 -0.0466157719 0.0324667841 -0.0282032788 0.178234458 -0.0155722126 0.160911545 -0.200320616 0.118872419 -0.0987653434 -0.0354362577 0.030038707 -0.0574125871 0.0580613688 0.0135252178 0.0823504403 0.119518228 0.0574336648 0.0782759041 0.0257922225 0.0755349249 -0.220017403 0.0657542646 -0.0252507292 0.108198136 -0.00296192616 0.0159584284 -0.121118918 -0.0880573243 0.142224997 -0.0165029317 0.0133312792 -0.0788836703 -0.0161573812 0.112631574 0.116279662 -0.0848154202 -0.0462024063 0.231057465 -0.0801074356 0.022892613 0.0644978061 -0.00939569622 0.0159552544 0.0765214115 -0.0555075407 0.0375738889 0.116207227 0.101887144 -0.173007876 0.0234377459 0.0440900438 0.139841482 0.0937424004 -0.0143809887 0.0446526594 -0.100569718 0.099397108 0.156122729
G1306 -0.0535089672 -0.0491409749 -0.0851882398 -0.0527041256 -0.0206236225 0.0135703459 -0.0466157608 0.0324667916 -0.0282032639 0.178234488 -0.0155722126 0.16091153 -0.200320601 0.118872426 -0.098765336 -0.0354362763 0.0300386995 -0.0574125797 0.0580613762 0.0135252029 0.0823504254 0.119518235 0.0574336387 0.0782759041 0.0257922187 0.0755349174 -0.220017403 0.065754272 -0.0252507366 0.108198121 -0.00296192337 0.0159584135 -0.121118918 -0.0880573243 0.142224997 -0.0165029317 0.0133312866 -0.0788836479 -0.0161573738 0.112631559 0.116279624 -0.0848154277 -0.0462023914 0.231057435 -0.0801074207 0.022892613 0.0644977763 -0.00939569622 0.0159552656 0.0765214264 -0.0555075593 0.037573874 0.116207212 0.101887137 -0.173007846 0.0234377235 0.0440900475 0.139841497 0.0937424004 -0.0143810222 0.0446526408 -0.100569703 0.099397108 0.156122789
G1307 -0.0535089672 -0.0491409898 -0.0851882473 -0.0527041256 -0.0206236262 0.013570331 -0.0466157719 0.0324667841 -0.0282032788 0.178234503 -0.0155722201 0.160911515 -0.200320616 0.118872419 -0.0987653434 -0.0354362726 0.0300386995 -0.0574125871 0.0580613613 0.0135252066 0.0823504403 0.119518228 0.0574336611 0.0782758892 0.0257921945 0.0755349174 -0.220017403 0.0657542646 -0.0252507292 0.108198136 -0.00296191592 0.0159584284 -0.121118903 -0.0880573168 0.142224997 -0.0165029243 0.0133312792 -0.0788836852 -0.0161573887 0.112631589 0.116279624 -0.0848154277 -0.0462023988 0.231057465 -0.0801074207 0.0228926092 0.0644977838 -0.00939570367 0.0159552507 0.0765214264 -0.0555075668 0.0375738591 0.11620722 0.101887167 -0.173007861 0.023437731 0.0440900587 0.139841512 0.0937423855 -0.0143810222 0.044652652 -0.100569695 0.099397108 0.156122729
G1308 -0.0535089672 -0.0491409898 -0.0851882547 -0.0527041107 -0.0206236187 0.0135703459 -0.0466157608 0.0324667618 -0.0282032788 0.178234458 -0.0155722201 0.16091153 -0.200320616 0.118872412 -0.0987653434 -0.0354362614 0.030038707 -0.0574125871 0.0580613613 0.0135251805 0.0823504403 0.119518235 0.0574336536 0.0782759041 0.0257922206 0.0755349025 -0.220017388 0.0657542795 -0.0252507441 0.108198151 -0.00296191964 0.0159584135 -0.121118918 -0.0880573094 0.142224997 -0.0165029243 0.0133312717 -0.0788836628 -0.0161573961 0.112631559 0.116279647 -0.08481545 -0.0462023914 0.23105745 -0.0801074281 0.0228926018 0.0644977838 -0.00939570367 0.0159552544 0.0765214264 -0.0555075444 0.0375738889 0.116207212 0.101887152 -0.173007846 0.0234377384 0.0440900326 0.139841497 0.0937423855 -0.0143810185 0.044652652 -0.100569718 0.099397108 0.156122744
G1309 -0.0535090268 -0.0491409898 -0.0851882398 -0.0527041107 -0.0206236225 0.0135703161 -0.0466157757 0.0324667841 -0.0282032937 0.178234488 -0.0155721903 0.16091153 -0.200320616 0.118872412 -0.0987653509 -0.0354362763 0.0300386846 -0.0574125797 0.0580613576 0.0135251991 0.082350418 0.11951822 0.0574336536 0.0782758892 0.0257922169 0.0755349249 -0.220017403 0.0657542646 -0.0252507366 0.108198151 -0.00296191499 0.0159584433 -0.121118918 -0.0880573243 0.142224997 -0.0165029243 0.0133312866 -0.0788836703 -0.016157385 0.112631574 0.116279662 -0.0848154351 -0.0462023988 0.231057465 -0.0801074505 0.0228926204 0.0644977689 -0.00939569622 0.0159552544 0.0765213966 -0.055507537 0.037573874 0.116207235 0.101887159 -0.173007861 0.0234377459 0.0440900326 0.139841497 0.0937424004 -0.0143809868 0.0446526669 -0.100569725 0.099397108 0.156122759
G1310 -0.0535089672 -0.0491409749 -0.0851882249 -0.0527041256 -0.020623615 0.0135703161 -0.0466157608 0.0324667692 -0.0282032862 0.178234443 -0.0155722052 0.160911545 -0.200320601 0.118872404 -0.0987653434 -0.0354362763 0.0300386995 -0.0574125797 0.0580613688 0.0135251917 0.082350418 0.119518228 0.0574336424 0.0782759041 0.0257922038 0.07553491 -0.220017388 0.065754272 -0.0252507217 0.108198136 -0.00296191406 0.0159584284 -0.121118963 -0.0880573243 0.142224982 -0.0165029317 0.0133312792 -0.0788836777 -0.0161573775 0.112631559 0.116279669 -0.0848154277 -0.0462023988 0.231057465 -0.0801074207 0.0228925981 0.0644977838 -0.00939570367 0.015955247 0.0765214264 -0.0555075519 0.037573874 0.116207212 0.101887144 -0.173007861 0.0234377384 0.0440900475 0.139841482 0.0937423706 -0.0143809961 0.044652652 -0.10056974 0.0993971229 0.156122759
G1311 -0.0535090119 -0.0491409898 -0.0851882398 -0.0527041107 -0.0206236225 0.013570331 -0.0466157645 0.0324667729 -0.0282032862 0.178234443 -0.0155722126 0.16091156 -0.200320616 0.118872404 -0.098765336 -0.0354362763 0.0300386772 -0.0574125946 0.0580613613 0.0135252066 0.0823504329 0.119518235 0.0574336536 0.0782759041 0.0257922225 0.0755349174 -0.220017403 0.0657542795 -0.0252507292 0.108198121 -0.00296192244 0.0159584135 -0.121118933 -0.0880573317 0.142224982 -0.0165029317 0.0133312792 -0.0788836554 -0.0161573924 0.112631559 0.116279654 -0.0848154351 -0.0462023988 0.231057435 -0.0801074356 0.0228925943 0.0644977763 -0.00939568132 0.0159552544 0.0765214264 -0.055507537 0.037573874 0.116207212 0.101887174 -0.173007876 0.0234377384 0.04409004 0.139841497 0.0937424153 -0.0143809961 0.044652652 -0.100569725 0.0993971154 0.156122729
G1312 -0.0535089672 -0.0491410047 -0.0851882473 -0.0527041107 -0.0206236225 0.0135703087 -0.0466157831 0.0324667916 -0.0282032937 0.178234458 -0.0155721977 0.16091153 -0.200320616 0.118872404 -0.0987653434 -0.0354362614 0.0300386995 -0.0574125797 0.0580613539 0.0135251954 0.082350418 0.119518243 0.0574336313 0.078275919 0.0257922262 0.07553491 -0.220017374 0.0657542646 -0.0252507366 0.108198151 -0.00296191499 0.0159584433 -0.121118918 -0.0880573168 0.142224997 -0.0165029094 0.0133312866 -0.0788836852 -0.0161573924 0.112631574 0.116279647 -0.0848154128 -0.0462023988 0.23105745 -0.0801074207 0.0228926204 0.0644977614 -0.00939569622 0.0159552544 0.0765213966 -0.0555075593 0.037573874 0.116207227 0.101887152 -0.173007861 0.0234377533 0.0440900438 0.139841497 0.0937424004 -0.014381011 0.0446526743 -0.100569688 0.0993971005 0.156122744
G1313 -0.0535089821 -0.0491409898 -0.0851882473 -0.0527041256 -0.0206236225 0.013570331 -0.0466157682 0.0324667841 -0.0282032788 0.178234428 -0.0155721903 0.160911545 -0.200320616 0.118872419 -0.0987653509 -0.0354362577 0.0300386921 -0.0574125797 0.0580613613 0.0135252029 0.0823504329 0.119518235 0.0574336536 0.0782759041 0.0257922225 0.0755349249 -0.220017403 0.0657542646 -0.025250718 0.108198144 -0.00296192616 0.0159584433 -0.121118948 -0.0880573243 0.142224997 -0.0165029168 0.0133312941 -0.0788836628 -0.0161573924 0.112631589 0.116279647 -0.0848154128 -0.0462023988 0.231057465 -0.0801074356 0.0228926204 0.0644977763 -0.00939569622 0.0159552544 0.0765213966 -0.055507537 0.0375738665 0.116207227 0.101887137 -0.173007876 0.0234377608 0.0440900177 0.139841497 0.0937423706 -0.0143810017 0.0446526445 -0.10056974 0.0993971303 0.156122729
G1314 -0.0535089821 -0.0491409749 -0.0851882547 -0.0527041256 -0.0206236299 0.013570331 -0.0466157645 0.0324667953 -0.0282032788 0.178234458 -0.0155722201 0.16091153 -0.200320616 0.118872434 -0.0987653583 -0.0354362689 0.0300386995 -0.0574125722 0.0580613762 0.0135252215 0.0823504254 0.119518243 0.0574336648 0.078275919 0.0257922243 0.07553491 -0.220017418 0.0657542944 -0.0252507254 0.108198121 -0.00296191778 0.0159583986 -0.121118948 -0.0880573317 0.142225012 -0.0165029243 0.0133312792 -0.0788836554 -0.0161573812 0.112631574 0.116279647 -0.0848154128 -0.0462024063 0.231057465 -0.0801074281 0.0228926204 0.0644977763 -0.00939570367 0.0159552582 0.0765213966 -0.0555075519 0.037573874 0.116207212 0.101887152 -0.173007861 0.023437731 0.04409004 0.139841512 0.0937423706 -0.0143810129 0.044652652 -0.100569703 0.099397108 0.156122759
G1315 -0.053508997 -0.0491410047 -0.0851882398 -0.0527041107 -0.020623615 0.0135703385 -0.0466157645 0.0324667916 -0.0282032788 0.178234458 -0.0155722126 0.16091153 -0.200320616 0.118872426 -0.0987653583 -0.0354362763 0.0300386995 -0.0574125871 0.0580613464 0.0135251991 0.0823504403 0.119518243 0.0574336499 0.0782759041 0.0257922225 0.07553491 -0.220017374 0.0657542795 -0.0252507329 0.108198136 -0.00296192337 0.0159584284 -0.121118948 -0.0880573317 0.142224997 -0.0165029243 0.0133312792 -0.0788836703 -0.0161573999 0.112631544 0.116279639 -0.0848154426 -0.0462023914 0.231057495 -0.0801074281 0.0228926167 0.0644977912 -0.00939569622 0.0159552507 0.0765214264 -0.0555075593 0.037573874 0.116207212 0.101887144 -0.173007891 0.0234377235 0.0440900438 0.139841512 0.0937423855 -0.0143810222 0.0446526371 -0.100569725 0.099397108 0.156122759
G1316 -0.0535089672 -0.0491409749 -0.0851882398 -0.0527041256 -0.0206236225 0.0135703161 -0.046615757 0.0324667841 -0.0282032862 0.178234473 -0.015572235 0.160911545 -0.200320616 0.118872404 -0.0987653434 -0.0354362801 0.0300386921 -0.0574125797 0.0580613613 0.0135251954 0.0823504403 0.119518235 0.0574336462 0.0782758892 0.0257922243 0.0755349249 -0.220017418 0.0657542869 -0.0252507515 0.108198121 -0.00296192244 0.0159584135 -0.121118918 -0.0880573094 0.142224997 -0.0165029317 0.0133312792 -0.0788836852 -0.0161573775 0.112631559 0.116279647 -0.0848154202 -0.0462023988 0.23105745 -0.0801074356 0.0228925981 0.0644977912 -0.00939568877 0.015955247 0.0765213966 -0.0555075742 0.037573874 0.116207197 0.101887152 -0.173007891 0.023437731 0.0440900326 0.139841497 0.0937424004 -0.014381011 0.0446526445 -0.100569725 0.099397108 0.156122744
G1317 -0.0535089672 -0.0491409898 -0.0851882398 -0.0527041256 -0.0206236113 0.0135703161 -0.0466157757 0.0324667543 -0.0282032713 0.178234458 -0.0155722052 0.16091153 -0.200320601 0.118872412 -0.098765336 -0.0354362763 0.030038707 -0.0574125871 0.0580613539 0.0135252178 0.0823504329 0.119518235 0.0574336313 0.0782759041 0.0257922243 0.0755349472 -0.220017403 0.065754272 -0.0252507366 0.108198136 -0.00296192523 0.0159584284 -0.121118933 -0.0880573168 0.142224997 -0.0165029243 0.0133312792 -0.0788836703 -0.0161573775 0.112631589 0.116279647 -0.0848154426 -0.0462023988 0.231057435 -0.0801074058 0.0228926018 0.0644977763 -0.00939570367 0.0159552619 0.0765214115 -0.0555075444 0.037573874 0.11620722 0.101887152 -0.173007861 0.023437731 0.04409004 0.139841482 0.0937424004 -0.0143809961 0.0446526483 -0.100569725 0.099397108 0.156122744
G1318 -0.0535089672 -0.04914096 -0.0851882398 -0.0527041256 -0.0206236225 0.013570331 -0.0466157608 0.0324667729 -0.0282032862 0.178234443 -0.0155722052 0.16091153 -0.200320616 0.118872419 -0.0987653434 -0.0354362726 0.030038707 -0.0574125871 0.0580613688 0.0135251954 0.082350418 0.119518243 0.0574336387 0.0782759041 0.0257922225 0.07553491 -0.220017388 0.0657542869 -0.0252507366 0.108198121 -0.00296191499 0.0159584135 -0.121118933 -0.0880573317 0.142224997 -0.0165029243 0.0133312866 -0.0788836628 -0.0161573924 0.112631559 0.116279647 -0.0848154351 -0.0462023914 0.231057435 -0.0801074207 0.0228926018 0.0644977838 -0.00939570367 0.0159552544 0.0765214115 -0.0555075668 0.037573874 0.116207197 0.101887152 -0.173007846 0.0234377384 0.0440900326 0.139841482 0.0937423557 -0.0143809998 0.0446526483 -0.10056974 0.0993971154 0.156122744
G1319 -0.0535089672 -0.0491409749 -0.0851882622 -0.0527041256 -0.0206236225 0.0135703161 -0.0466157757 0.0324667916 -0.0282032788 0.178234473 -0.0155721977 0.16091156 -0.200320616 0.118872419 -0.0987653509 -0.0354362689 0.0300386995 -0.0574125722 0.0580613613 0.013525188 0.0823504403 0.119518235 0.0574336611 0.0782759115 0.0257922187 0.07553491 -0.220017403 0.0657542944 -0.0252507478 0.108198114 -0.00296192802 0.0159584284 -0.121118918 -0.0880573243 0.142224997 -0.016502928 0.0133312792 -0.0788836777 -0.0161573999 0.112631544 0.116279654 -0.0848154202 -0.0462023988 0.23105745 -0.0801074207 0.0228926018 0.0644977987 -0.00939568877 0.0159552582 0.0765213966 -0.0555075444 0.037573874 0.116207242 0.101887129 -0.173007831 0.0234377459 0.0440900326 0.139841497 0.0937424004 -0.0143810073 0.0446526557 -0.100569695 0.0993971229 0.156122774
G1320 -0.053508997 -0.0491410047 -0.0851882473 -0.0527041107 -0.0206236225 0.0135703608 -0.0466157645 0.0324667841 -0.0282032788 0.178234458 -0.0155722275 0.16091153 -0.200320631 0.118872412 -0.0987653434 -0.0354362465 0.030038707 -0.0574125797 0.0580613539 0.0135252029 0.0823504329 0.119518243 0.0574336536 0.0782759115 0.0257922057 0.07553491 -0.220017388 0.0657542497 -0.0252507515 0.108198136 -0.00296192244 0.0159584433 -0.121118963 -0.0880573168 0.142224997 -0.0165029168 0.0133312792 -0.0788836628 -0.016157385 0.112631574 0.116279654 -0.0848154426 -0.0462023988 0.231057435 -0.080107443 0.0228925981 0.0644977838 -0.00939568877 0.015955247 0.0765213966 -0.0555075593 0.0375739187 0.116207205 0.101887152 -0.173007861 0.023437731 0.0440900475 0.139841497 0.0937424004 -0.0143810185 0.044652652 -0.10056971 0.0993971229 0.156122744
G1321 -0.053508997 -0.0491409749 -0.0851882547 -0.0527041107 -0.0206236113 0.0135703385 -0.046615757 0.0324667804 -0.0282032862 0.178234443 -0.0155722126 0.160911545 -0.200320631 0.118872419 -0.098765336 -0.0354362614 0.030038707 -0.0574125797 0.0580613613 0.0135252252 0.082350418 0.119518243 0.0574336499 0.078275919 0.0257922206 0.0755349323 -0.220017403 0.0657542795 -0.0252507292 0.108198121 -0.00296192709 0.0159584135 -0.121118918 -0.0880573243 0.142224997 -0.0165029168 0.0133312941 -0.0788836554 -0.016157385 0.112631559 0.116279647 -0.0848154351 -0.0462023914 0.23105745 -0.0801074207 0.0228926055 0.0644977838 -0.00939568132 0.0159552619 0.0765213966 -0.0555075668 0.0375738814 0.116207197 0.101887159 -0.173007861 0.0234377384 0.0440900438 0.139841482 0.0937424004 -0.0143810054 0.0446526371 -0.100569725 0.099397108 0.156122759
G1322 -0.0535089821 -0.0491409749 -0.08518821 -0.0527041107 -0.0206236262 0.0135703161 -0.0466157533 0.0324667953 -0.0282032713 0.178234473 -0.0155722126 0.16091153 -0.200320616 0.118872419 -0.0987653434 -0.0354362801 0.030038707 -0.0574125797 0.0580613613 0.0135252178 0.0823504478 0.119518243 0.0574336387 0.0782759041 0.0257922225 0.0755349323 -0.220017403 0.0657542944 -0.0252507292 0.108198121 -0.00296191033 0.0159584433 -0.121118948 -0.0880573243 0.142224997 -0.0165029205 0.0133312792 -0.0788836926 -0.0161573999 0.112631589 0.116279624 -0.0848154128 -0.0462023914 0.231057465 -0.0801074505 0.0228926204 0.0644977763 -0.00939568877 0.0159552619 0.0765213817 -0.0555075519 0.0375739038 0.116207197 0.101887152 -0.173007876 0.0234377384 0.0440900475 0.139841497 0.0937423855 -0.0143809943 0.0446526669 -0.100569725 0.099397108 0.156122744
G1323 -0.0535090119 -0.0491409898 -0.0851882324 -0.0527041107 -0.0206236299 0.0135703087 -0.0466157645 0.0324667916 -0.0282032862 0.178234518 -0.0155722052 0.16091153 -0.200320616 0.118872419 -0.098765336 -0.0354362652 0.0300386995 -0.0574125797 0.0580613464 0.0135251991 0.0823504478 0.119518235 0.0574336573 0.0782759041 0.025792215 0.0755349323 -0.220017403 0.0657542944 -0.0252507254 0.108198136 -0.00296189729 0.0159584284 -0.121118918 -0.0880573317 0.142224997 -0.0165029392 0.0133312792 -0.0788837001 -0.0161573999 0.112631544 0.116279639 -0.0848154128 -0.0462023988 0.231057465 -0.0801074505 0.0228926241 0.0644977763 -0.00939567387 0.0159552395 0.0765213966 -0.0555075556 0.037573874 0.116207212 0.101887144 -0.173007861 0.0234377347 0.0440900289 0.139841512 0.0937423855 -0.0143809868 0.0446526594 -0.10056971 0.099397108 0.156122744
G1324 0.258970469 0.00421202183 -0.290940702 -0.14146173 -0.157663986 0.053586442 -0.00229782425 0.0276627894 0.112609185 0.303088069 -0.219985887 0.289870501 -0.0193024091 0.062388733 -0.0475675054 0.301412106 0.0375868902 0.218218848 0.0507168546 0.144295156 -0.144150198 0.0758138523 -0.0595433451 0.100359663 0.107636325 0.0823744833 -0.460852653 0.00327540934 0.143610835 -0.110102542 -0.36365211 -0.285260618 0.219654903 -0.17028065 0.120977938 -0.0212578177 0.00101333857 -0.247353733 0.00844405591 0.357920647 0.129721016 -0.20341146 -0.19315955 0.400622487 -0.189143822 0.0200172961 -0.18037571 -0.125977516 0.293770075 0.15155293 0.158813119 0.0516101308 0.134438023 0.0293260068 -0.112879939 -0.0891266316 -0.0434275046 0.0279784054 0.158569172 0.113372326 -0.201414317 0.0675785914 0.0686211661 0.375619352
G1325 0.258970529 0.00421202928 -0.290940762 -0.1414617 -0.157663956 0.0535864271 -0.00229781307 0.0276627783 0.112609178 0.303088009 -0.219985873 0.289870501 -0.0193024017 0.062388733 -0.047567483 0.301412106 0.0375868827 0.218218803 0.0507168435 0.144295156 -0.144150198 0.0758138299 -0.0595433526 0.100359656 0.107636325 0.0823744759 -0.460852623 0.00327543169 0.143610865 -0.110102549 -0.36365211 -0.285260588 0.219654918 -0.170280635 0.120977946 -0.0212578475 0.00101331621 -0.247353747 0.00844407082 0.357920647 0.129721045 -0.2034114 -0.193159565 0.400622398 -0.189143836 0.0200173408 -0.18037571 -0.125977531 0.293770075 0.151552901 0.158813134 0.0516100936 0.134438038 0.0293260217 -0.112879939 -0.0891265869 -0.0434274897 0.0279784277 0.158569187 0.113372348 -0.201414317 0.0675785914 0.0686211437 0.375619352
G1326 0.258970469 0.00421202928 -0.290940762 -0.14146173 -0.157663971 0.0535864495 -0.00229780562 0.0276627708 0.112609178 0.303088009 -0.219985843 0.28987053 -0.0193024017 0.0623887032 -0.0475674905 0.301412076 0.0375869013 0.218218848 0.0507168621 0.144295216 -0.144150198 0.0758137852 -0.0595433637 0.100359626 0.107636303 0.082374461 -0.460852623 0.00327542424 0.143610835 -0.110102512 -0.36365211 -0.285260618 0.219654933 -0.170280665 0.120977946 -0.0212578475 0.00101333857 -0.247353747 0.00844407827 0.357920647 0.129721045 -0.20341146 -0.193159536 0.400622368 -0.189143792 0.0200173557 -0.18037574 -0.125977516 0.293770075 0.15155293 0.158813149 0.0516101159 0.134438023 0.0293260142 -0.112879939 -0.0891266018 -0.043427512 0.0279784463 0.158569172 0.113372341 -0.201414302 0.0675785989 0.0686211437 0.375619352
G1327 0.258970499 0.00421202928 -0.290940762 -0.141461745 -0.157663956 0.0535864867 -0.00229781121 0.0276627783 0.112609208 0.303088009 -0.219985843 0.289870501 -0.0193023719 0.062388733 -0.0475675091 0.301412076 0.0375868976 0.218218833 0.0507168621 0.144295156 -0.144150212 0.075813815 -0.0595433637 0.100359686 0.10763631 0.0823744759 -0.460852653 0.00327542424 0.14361085 -0.110102542 -0.36365211 -0.285260648 0.219654933 -0.17028062 0.120977938 -0.0212578624 0.00101334602 -0.247353718 0.00844405591 0.357920647 0.129721016 -0.203411445 -0.193159521 0.400622368 -0.189143792 0.0200173408 -0.180375755 -0.125977546 0.293770075 0.151552901 0.158813104 0.0516101159 0.134438008 0.0293260291 -0.112879932 -0.0891266093 -0.0434274971 0.0279784277 0.158569172 0.113372348 -0.201414302 0.067578584 0.0686211586 0.375619352
G1328 0.258970469 0.00421203673 -0.290940791 -0.14146173 -0.157663986 0.0535864197 -0.00229781866 0.0276627336 0.112609215 0.303088039 -0.219985887 0.289870471 -0.0193023831 0.0623887181 -0.0475674868 0.301412106 0.0375868939 0.218218893 0.0507168621 0.144295186 -0.144150212 0.0758138224 -0.0595433637 0.100359648 0.107636325 0.0823744461 -0.460852623 0.00327540189 0.14361085 -0.110102519 -0.36365211 -0.285260588 0.219654933 -0.170280635 0.120977938 -0.0212578326 0.00101332366 -0.247353762 0.00844405591 0.357920617 0.129721031 -0.203411445 -0.193159536 0.400622427 -0.189143822 0.0200173259 -0.180375695 -0.125977546 0.293770134 0.15155293 0.158813149 0.051610101 0.134438023 0.0293260068 -0.112879947 -0.0891266167 -0.0434274897 0.0279784054 0.158569172 0.113372341 -0.201414287 0.0675785914 0.0686211288 0.375619322
G1329 0.258970499 0.00421202928 -0.290940762 -0.14146173 -0.157663971 0.053586442 -0.00229781121 0.0276627671 0.112609185 0.303088039 -0.219985873 0.289870501 -0.0193023905 0.062388733 -0.0475674942 0.301412106 0.0375868753 0.218218878 0.0507168621 0.144295216 -0.144150212 0.075813815 -0.0595433637 0.100359648 0.107636325 0.0823745131 -0.460852683 0.00327542424 0.143610835 -0.110102504 -0.36365211 -0.285260588 0.219654948 -0.17028062 0.120977946 -0.0212578475 0.00101335347 -0.247353718 0.00844406337 0.357920587 0.129721016 -0.20341146 -0.19315955 0.400622398 -0.189143807 0.0200173408 -0.18037574 -0.125977531 0.293770075 0.15155293 0.158813149 0.0516101234 0.134438008 0.0293260105 -0.112879924 -0.0891266316 -0.0434275046 0.0279784203 0.158569187 0.113372326 -0.201414302 0.0675785989 0.0686211437 0.375619382
G1330 0.258970469 0.00421201065 -0.290940702 -0.1414617 -0.157663971 0.053586442 -0.00229782797 0.0276628099 0.112609155 0.30308798 -0.219985843 0.289870471 -0.0193023682 0.0623886734 -0.0475674756 0.301412076 0.0375869088 0.218218848 0.0507168807 0.144295156 -0.144150198 0.0758137703 -0.0595433787 0.100359693 0.107636295 0.0823744908 -0.460852623 0.00327540934 0.14361088 -0.110102519 -0.36365211 -0.285260588 0.219654933 -0.170280695 0.120977923 -0.0212578177 0.00101335347 -0.247353777 0.00844404846 0.357920617 0.129721045 -0.2034114 -0.193159536 0.400622427 -0.189143792 0.0200173855 -0.18037571 -0.125977501 0.293770075 0.151552901 0.158813149 0.0516100712 0.134438023 0.0293259993 -0.112879962 -0.0891265944 -0.043427527 0.0279784575 0.158569187 0.113372341 -0.201414257 0.067578584 0.0686211586 0.375619382
G1331 0.258970499 0.00421202183 -0.290940762 -0.1414617 -0.157663956 0.0535864718 -0.00229782611 0.0276627988 0.112609163 0.303088009 -0.219985858 0.289870501 -0.0193023905 0.0623887032 -0.0475675017 0.301412106 0.03758692 0.218218818 0.050716877 0.144295186 -0.144150242 0.0758138001 -0.0595433749 0.100359686 0.107636325 0.0823744833 -0.460852623 0.00327540934 0.143610865 -0.110102542 -0.36365211 -0.285260588 0.219654933 -0.170280635 0.120977938 -0.0212578028 0.00101334602 -0.247353777 0.00844404474 0.357920587 0.129721016 -0.2034114 -0.19315958 0.400622487 -0.189143807 0.0200173706 -0.18037571 -0.125977546 0.293770075 0.151552916 0.158813134 0.0516100936 0.134438023 0.0293259993 -0.112879932 -0.0891266167 -0.0434275344 0.0279784426 0.158569187 0.113372348 -0.201414287 0.0675785765 0.0686211437 0.375619382
G1332 0.258970469 0.00421202555 -0.290940762 -0.141461715 -0.157663941 0.053586442 -0.00229780562 0.0276627578 0.112609193 0.303088039 -0.219985873 0.289870501 -0.019302398 0.0623887032 -0.047567483 0.301412106 0.037586879 0.218218818 0.0507168584 0.144295186 -0.144150212 0.0758137926 -0.0595433526 0.100359656 0.107636325 0.0823744833 -0.460852623 0.00327540934 0.143610865 -0.110102504 -0.36365211 -0.285260588 0.219654918 -0.17028065 0.120977961 -0.0212578028 0.00101333112 -0.247353747 0.00844406337 0.357920617 0.129721016 -0.20341143 -0.193159536 0.400622398 -0.189143807 0.0200173408 -0.18037574 -0.125977501 0.293770134 0.151552916 0.158813119 0.0516101085 0.134438023 0.0293260179 -0.112879947 -0.0891266167 -0.0434274897 0.0279784352 0.158569187 0.113372341 -0.201414302 0.0675785765 0.0686211437 0.375619352
G1333 0.258970469 0.00421202928 -0.290940732 -0.1414617 -0.157664001 0.0535864569 -0.00229780935 0.0276627745 0.112609193 0.303088039 -0.219985887 0.289870471 -0.0193023831 0.062388733 -0.0475674756 0.301412106 0.0375868902 0.218218848 0.0507168658 0.144295186 -0.144150198 0.0758138075 -0.0595433749 0.100359656 0.107636333 0.0823745057 -0.460852653 0.00327543914 0.143610835 -0.110102527 -0.36365211 -0.285260618 0.219654918 -0.17028065 0.120977946 -0.0212578624 0.00101334602 -0.247353747 0.00844405591 0.357920587 0.129721016 -0.2034114 -0.193159565 0.400622427 -0.189143807 0.0200173259 -0.18037571 -0.125977531 0.293770134 0.151552916 0.158813104 0.0516101085 0.134438008 0.0293260217 -0.112879932 -0.0891266018 -0.0434274822 0.0279784203 0.158569202 0.113372356 -0.201414347 0.0675785989 0.0686211586 0.375619352
G1334 0.258970499 0.00421204418 -0.290940762 -0.14146173 -0.157663956 0.0535864495 -0.00229780562 0.027662769 0.112609223 0.303088009 -0.219985858 0.289870501 -0.0193023756 0.062388733 -0.0475674942 0.301412106 0.0375869013 0.218218833 0.0507168435 0.144295186 -0.144150227 0.0758137926 -0.0595433675 0.100359648 0.10763634 0.0823745057 -0.460852653 0.00327542424 0.143610865 -0.110102527 -0.36365211 -0.285260588 0.219654933 -0.170280665 0.120977946 -0.0212578028 0.00101333112 -0.247353762 0.00844406337 0.357920587 0.129721016 -0.20341146 -0.193159536 0.400622427 -0.189143822 0.0200173408 -0.18037571 -0.125977516 0.293770075 0.151552916 0.158813149 0.0516101234 0.134438023 0.0293260328 -0.112879947 -0.0891266242 -0.0434275046 0.0279784575 0.158569187 0.113372326 -0.201414287 0.067578584 0.0686211288 0.375619382
G1335 0.258970439 0.00421205163 -0.290940672 -0.14146173 -0.157663956 0.0535864495 -0.00229780935 0.0276627541 0.112609193 0.30308798 -0.219985887 0.289870501 -0.0193023719 0.062388733 -0.0475674868 0.301412076 0.0375868902 0.218218848 0.0507168584 0.144295216 -0.144150227 0.0758138001 -0.0595433936 0.100359656 0.107636325 0.0823744833 -0.460852623 0.00327541679 0.14361085 -0.110102534 -0.36365211 -0.285260648 0.219654933 -0.170280635 0.120977938 -0.0212578028 0.00101333857 -0.247353733 0.00844410062 0.357920647 0.129721045 -0.20341146 -0.193159536 0.400622398 -0.189143807 0.0200173259 -0.18037574 -0.125977531 0.293770134 0.151552916 0.158813119 0.051610101 0.134438023 0.0293260142 -0.112879962 -0.0891266018 -0.0434274822 0.0279784352 0.158569187 0.113372356 -0.201414317 0.0675786063 0.0686211362 0.375619382
G1336 0.258970499 0.00421199948 -0.290940702 -0.14146173 -0.157663956 0.0535864569 -0.00229780748 0.027662769 0.112609215 0.303088039 -0.219985887 0.289870471 -0.0193024166 0.0623887181 -0.0475675017 0.301412076 0.0375868902 0.218218848 0.0507168546 0.144295186 -0.144150198 0.075813815 -0.0595433637 0.100359663 0.107636325 0.0823745206 -0.460852623 0.00327540189 0.143610835 -0.110102512 -0.36365211 -0.285260588 0.219654918 -0.170280635 0.120977946 -0.0212578177 0.00101333112 -0.247353747 0.00844407827 0.357920587 0.129721031 -0.20341143 -0.193159565 0.400622427 -0.189143836 0.020017311 -0.180375755 -0.125977516 0.293770134 0.15155293 0.158813134 0.0516101234 0.134438023 0.0293260254 -0.112879954 -0.0891266167 -0.0434275046 0.0279784538 0.158569187 0.113372326 -0.201414287 0.0675785989 0.0686211437 0.375619411
G1337 0.258970529 0.00421204045 -0.290940702 -0.14146173 -0.157663971 0.0535864495 -0.00229780935 0.0276627317 0.112609178 0.303088009 -0.219985843 0.289870471 -0.0193023831 0.0623887032 -0.047567483 0.301412106 0.0375868976 0.218218878 0.0507168621 0.144295156 -0.144150212 0.0758138299 -0.0595433861 0.100359641 0.107636333 0.0823744535 -0.460852623 0.00327539444 0.143610865 -0.110102542 -0.36365211 -0.285260618 0.219654933 -0.170280635 0.120977961 -0.0212578326 0.00101333857 -0.247353762 0.00844407082 0.357920587 0.129721031 -0.20341146 -0.19315955 0.400622398 -0.189143792 0.0200173408 -0.180375725 -0.125977546 0.293770075 0.15155293 0.158813119 0.0516101085 0.134438023 0.029326003 -0.112879932 -0.0891266167 -0.0434275195 0.0279784203 0.158569187 0.113372341 -0.201414302 0.067578584 0.0686211288 0.375619352
G1338 0.258970499 0.00421201438 -0.290940762 -0.141461685 -0.157663971 0.0535864495 -0.00229783915 0.0276628044 0.112609163 0.303088009 -0.219985828 0.289870471 -0.0193023644 0.0623886734 -0.0475675017 0.301412106 0.0375868939 0.218218833 0.0507168658 0.144295156 -0.144150198 0.075813815 -0.0595433973 0.100359716 0.10763631 0.0823744237 -0.460852623 0.00327541679 0.14361088 -0.110102542 -0.36365211 -0.285260618 0.219654933 -0.170280665 0.120977923 -0.0212578177 0.00101333857 -0.247353762 0.00844406337 0.357920617 0.129721045 -0.2034114 -0.19315958 0.400622427 -0.189143792 0.0200173706 -0.180375725 -0.125977516 0.293770075 0.151552916 0.158813134 0.0516100712 0.134437993 0.0293260142 -0.112879924 -0.0891266018 -0.0434275195 0.0279784463 0.158569187 0.113372341 -0.201414287 0.0675785691 0.0686211511 0.375619382
G1339 0.258970529 0.00421202555 -0.290940762 -0.14146167 -0.157663956 0.0535864346 -0.00229782239 0.0276627932 0.112609155 0.303088009 -0.219985873 0.289870471 -0.0193023682 0.0623886734 -0.0475675203 0.301412106 0.03758692 0.218218803 0.0507168844 0.144295186 -0.144150198 0.0758138224 -0.059543401 0.100359678 0.107636303 0.0823744461 -0.460852623 0.00327541679 0.14361088 -0.110102557 -0.36365211 -0.285260558 0.219654918 -0.17028065 0.120977938 -0.0212578177 0.00101333112 -0.247353762 0.00844408572 0.357920587 0.129721045 -0.20341146 -0.193159595 0.400622487 -0.189143822 0.0200173259 -0.180375695 -0.125977516 0.293770075 0.151552916 0.158813119 0.0516100936 0.134438008 0.0293260068 -0.112879962 -0.0891266093 -0.0434275344 0.0279784463 0.158569202 0.113372311 -0.201414317 0.067578584 0.0686211288 0.375619352
G1340 0.258970469 0.00421202928 -0.290940732 -0.14146173 -0.157663971 0.0535864271 -0.0022978168 0.027662782 0.112609185 0.303088039 -0.219985887 0.28987053 -0.0193023719 0.062388733 -0.0475674942 0.301412106 0.0375868827 0.218218878 0.0507168695 0.144295186 -0.144150227 0.075813815 -0.0595433302 0.100359648 0.107636347 0.0823744535 -0.460852623 0.00327542424 0.143610835 -0.110102527 -0.36365217 -0.285260588 0.219654948 -0.17028062 0.120977953 -0.0212578326 0.00101333857 -0.247353747 0.00844407082 0.357920587 0.129721045 -0.2034114 -0.193159565 0.400622427 -0.189143807 0.0200173408 -0.180375695 -0.125977531 0.293770134 0.151552916 0.158813119 0.0516100936 0.134438023 0.0293260254 -0.112879932 -0.0891266167 -0.0434275046 0.0279784314 0.158569202 0.113372341 -0.201414302 0.0675785914 0.0686211661 0.375619382
G1341 0.258970529 0.00421204045 -0.290940732 -0.14146173 -0.157663956 0.0535864495 -0.00229781121 0.0276627317 0.112609193 0.303088009 -0.219985873 0.289870501 -0.019302357 0.0623887181 -0.0475675017 0.301412106 0.0375869088 0.218218848 0.0507168621 0.144295156 -0.144150227 0.075813815 -0.0595433712 0.100359663 0.107636325 0.0823744684 -0.460852623 0.00327540189 0.143610835 -0.110102542 -0.36365211 -0.285260618 0.219654933 -0.170280606 0.120977916 -0.0212578326 0.00101333857 -0.247353733 0.00844407827 0.357920647 0.129721016 -0.20341146 -0.193159565 0.400622398 -0.189143807 0.0200173408 -0.180375725 -0.125977546 0.293770105 0.151552916 0.158813149 0.0516101234 0.134438008 0.0293260254 -0.112879947 -0.0891266167 -0.0434274971 0.0279784091 0.158569202 0.113372341 -0.201414317 0.0675786063 0.0686211362 0.375619352
G1342 0.258970499 0.00421204418 -0.290940762 -0.1414617 -0.157663986 0.0535864271 -0.00229779631 0.0276627671 0.112609163 0.303088039 -0.219985858 0.289870501 -0.0193023942 0.0623887479 -0.0475675091 0.301412106 0.037586879 0.218218833 0.0507168546 0.144295186 -0.144150198 0.075813815 -0.0595433488 0.100359656 0.107636333 0.0823744908 -0.460852653 0.00327545404 0.143610835 -0.110102534 -0.36365211 -0.285260558 0.219654918 -0.17028062 0.120977953 -0.0212578475 0.00101331621 -0.247353718 0.00844407082 0.357920617 0.129721031 -0.2034114 -0.193159565 0.400622427 -0.189143807 0.0200172961 -0.180375725 -0.125977546 0.293770075 0.151552916 0.158813119 0.0516101085 0.134438008 0.0293260179 -0.112879917 -0.0891266316 -0.0434274822 0.0279784203 0.158569202 0.113372348 -0.201414302 0.0675785989 0.0686211586 0.375619382
G1343 0.258970469 0.004212033 -0.290940762 -0.14146173 -0.157663986 0.053586442 -0.00229781866 0.0276627671 0.112609208 0.303088009 -0.219985873 0.289870501 -0.0193023607 0.0623887479 -0.0475674793 0.301412106 0.0375869013 0.218218848 0.050716877 0.144295216 -0.144150227 0.0758138224 -0.0595433637 0.100359619 0.107636333 0.0823744759 -0.460852653 0.00327543169 0.143610865 -0.110102504 -0.36365211 -0.285260648 0.219654948 -0.170280606 0.120977946 -0.0212578326 0.00101335347 -0.247353747 0.00844406337 0.357920647 0.129721016 -0.20341146 -0.193159565 0.400622427 -0.189143807 0.0200173259 -0.180375755 -0.125977546 0.293770134 0.151552916 0.158813104 0.051610101 0.134438023 0.0293260328 -0.112879924 -0.0891266316 -0.0434274971 0.0279784054 0.158569187 0.113372333 -0.201414332 0.0675785989 0.0686211437 0.375619352
G1344 0.258970469 0.00421202928 -0.290940732 -0.141461715 -0.157663956 0.0535864569 -0.00229781307 0.0276627485 0.112609208 0.30308798 -0.219985887 0.289870471 -0.019302398 0.062388733 -0.0475675054 0.301412076 0.0375868827 0.218218818 0.0507168472 0.144295186 -0.144150212 0.0758137777 -0.0595433712 0.100359648 0.107636318 0.0823745131 -0.460852653 0.00327539444 0.14361085 -0.110102504 -0.36365211 -0.285260558 0.219654918 -0.170280635 0.120977931 -0.0212578028 0.00101330876 -0.247353718 0.00844404846 0.357920587 0.129721001 -0.20341143 -0.193159536 0.400622427 -0.189143777 0.0200173557 -0.18037577 -0.125977516 0.293770105 0.151552916 0.158813149 0.051610101 0.134438008 0.0293260105 -0.112879947 -0.0891266316 -0.0434274897 0.0279784389 0.158569187 0.113372348 -0.201414287 0.0675785914 0.0686211288 0.375619352
G1345 0.258970499 0.004212033 -0.290940702 -0.141461715 -0.157663971 0.0535864495 -0.00229781494 0.0276627447 0.112609193 0.30308798 -0.219985873 0.289870471 -0.0193023793 0.0623887032 -0.0475674942 0.301412106 0.0375869013 0.218218833 0.0507168621 0.144295186 -0.144150212 0.0758138001 -0.0595433637 0.100359663 0.107636333 0.0823745057 -0.460852623 0.00327542424 0.143610865 -0.110102519 -0.36365211 -0.285260588 0.219654903 -0.170280635 0.120977938 -0.0212578326 0.00101333112 -0.247353747 0.00844406337 0.357920617 0.129721016 -0.20341143 -0.193159536 0.400622427 -0.189143807 0.0200173408 -0.180375755 -0.125977516 0.293770105 0.151552901 0.158813134 0.0516101159 0.134438008 0.0293260068 -0.112879947 -0.0891265869 -0.0434274822 0.0279784277 0.158569172 0.113372341 -0.201414317 0.067578584 0.0686211661 0.375619352
G1346 0.258970499 0.0042120181 -0.290940791 -0.1414617 -0.157663971 0.0535864718 -0.00229782425 0.0276627932 0.112609178 0.303088009 -0.219985843 0.289870471 -0.0193023756 0.0623887032 -0.0475675091 0.301412106 0.0375869051 0.218218848 0.0507168695 0.144295156 -0.144150198 0.075813815 -0.0595433787 0.100359671 0.10763631 0.0823744461 -0.460852653 0.00327543169 0.143610895 -0.110102542 -0.36365205 -0.285260588 0.219654933 -0.170280665 0.120977923 -0.0212578177 0.00101333112 -0.247353762 0.00844407082 0.357920587 0.129721031 -0.20341146 -0.193159565 0.400622427 -0.189143807 0.0200173557 -0.18037571 -0.125977546 0.293770075 0.151552916 0.158813119 0.0516100787 0.134438023 0.0293259807 -0.112879932 -0.0891266167 -0.0434275493 0.0279784426 0.158569187 0.113372341 -0.201414317 0.067578584 0.0686211288 0.375619352
G1347 0.258970439 0.00421201438 -0.290940732 -0.14146167 -0.157663986 0.0535864569 -0.00229782797 0.0276627857 0.11260917 0.303088009 -0.219985873 0.289870501 -0.0193023905 0.0623887032 -0.0475674719 0.301412106 0.0375869311 0.218218833 0.0507168621 0.144295156 -0.144150198 0.075813815 -0.0595433824 0.100359693 0.10763634 0.0823744908 -0.460852623 0.00327540934 0.143610865 -0.110102542 -0.36365211 -0.285260558 0.219654918 -0.170280665 0.120977946 -0.0212578326 0.00101334602 -0.247353777 0.00844407082 0.357920587 0.129721031 -0.20341143 -0.19315958 0.400622427 -0.189143807 0.0200173259 -0.180375695 -0.125977501 0.293770075 0.151552916 0.158813149 0.0516100712 0.134438008 0.0293260105 -0.112879947 -0.0891266167 -0.0434275195 0.0279784463 0.158569187 0.113372356 -0.201414317 0.0675785914 0.0686211511 0.375619322
G1348 0.258970499 0.00421203673 -0.290940732 -0.1414617 -0.157663986 0.0535864197 -0.00229781307 0.0276627596 0.112609178 0.303088039 -0.219985873 0.289870501 -0.0193023942 0.0623887181 -0.0475675054 0.301412106 0.0375868827 0.218218818 0.0507168621 0.144295186 -0.144150198 0.075813815 -0.0595433526 0.100359634 0.107636318 0.0823744908 -0.460852653 0.00327543169 0.143610865 -0.110102504 -0.36365211 -0.285260558 0.219654933 -0.170280635 0.120977953 -0.0212578326 0.00101333112 -0.247353762 0.00844407082 0.357920617 0.129721001 -0.2034114 -0.193159536 0.400622427 -0.189143807 0.0200173408 -0.180375725 -0.125977531 0.293770075 0.15155293 0.158813104 0.051610101 0.134438023 0.0293260217 -0.112879932 -0.0891266167 -0.043427527 0.0279784538 0.158569187 0.113372341 -0.201414302 0.0675785765 0.0686211437 0.375619382
G1349 0.258970499 0.00421201438 -0.290940762 -0.1414617 -0.157664001 0.0535864346 -0.00229780003 0.0276627596 0.112609193 0.303088039 -0.219985873 0.289870501 -0.0193024054 0.062388733 -0.047567483 0.301412106 0.0375868939 0.218218848 0.0507168695 0.144295186 -0.144150183 0.0758138001 -0.0595433526 0.100359641 0.10763634 0.0823745057 -0.460852623 0.00327543914 0.143610835 -0.110102512 -0.36365211 -0.285260588 0.219654933 -0.17028065 0.120977946 -0.0212578177 0.00101333857 -0.247353777 0.00844404846 0.357920587 0.129721045 -0.20341146 -0.19315955 0.400622398 -0.189143807 0.0200173408 -0.18037571 -0.125977516 0.293770075 0.151552916 0.158813134 0.0516101308 0.134438038 0.0293260179 -0.112879977 -0.0891266167 -0.0434274897 0.0279784352 0.158569217 0.113372348 -0.201414287 0.0675785914 0.0686211437 0.375619382
G1350 0.258970469 0.00421202555 -0.290940762 -0.14146173 -0.157663941 0.0535864495 -0.00229782239 0.027662782 0.112609185 0.303088039 -0.219985917 0.289870501 -0.0193023831 0.062388733 -0.0475675091 0.301412106 0.0375869162 0.218218848 0.0507168695 0.144295156 -0.144150198 0.0758138001 -0.0595433451 0.100359656 0.10763634 0.0823744833 -0.460852623 0.00327542424 0.143610835 -0.110102527 -0.36365211 -0.285260588 0.219654933 -0.170280635 0.120977938 -0.0212578624 0.00101333112 -0.247353762 0.00844407082 0.357920587 0.129721016 -0.20341143 -0.193159536 0.400622398 -0.189143807 0.0200173259 -0.18037571 -0.125977516 0.293770075 0.15155293 0.158813104 0.0516101085 0.134438008 0.0293260142 -0.112879947 -0.0891266093 -0.0434274971 0.0279784538 0.158569187 0.113372348 -0.201414287 0.0675785914 0.0686211586 0.375619382
G1351 0.258970499 0.00421204045 -0.290940732 -0.1414617 -0.157663971 0.0535864495 -0.00229780562 0.0276627615 0.112609208 0.303088009 -0.219985843 0.289870501 -0.0193023793 0.0623887032 -0.0475674719 0.301412106 0.0375868827 0.218218878 0.050716877 0.144295186 -0.144150212 0.0758138224 -0.0595433749 0.100359671 0.107636318 0.0823744461 -0.460852623 0.00327540934 0.143610835 -0.110102549 -0.36365211 -0.285260588 0.219654933 -0.170280635 0.120977923 -0.0212578177 0.00101334602 -0.247353733 0.00844404101 0.357920647 0.129721016 -0.20341146 -0.19315955 0.400622398 -0.189143792 0.0200173259 -0.180375695 -0.125977516 0.293770075 0.15155293 0.158813119 0.0516100861 0.134438008 0.0293260217 -0.112879932 -0.0891266093 -0.0434275195 0.0279784016 0.158569157 0.113372341 -0.201414317 0.0675785989 0.0686211437 0.375619352
G1352 0.258970439 0.00421204418 -0.290940762 -0.14146173 -0.157663941 0.053586442 -0.00229780562 0.0276627876 0.112609215 0.303088009 -0.219985858 0.289870501 -0.019302357 0.062388733 -0.0475675091 0.301412106 0.037586879 0.218218833 0.0507168509 0.144295216 -0.144150212 0.0758138224 -0.0595433526 0.100359641 0.107636325 0.0823745057 -0.460852623 0.00327540934 0.143610835 -0.110102549 -0.36365211 -0.285260618 0.219654948 -0.17028068 0.120977938 -0.0212578028 0.00101335347 -0.247353762 0.00844406337 0.357920587 0.129721031 -0.20341146 -0.193159565 0.400622457 -0.189143807 0.0200173259 -0.180375695 -0.125977546 0.293770134 0.151552945 0.158813119 0.0516101085 0.134438008 0.0293260105 -0.112879947 -0.0891266316 -0.0434274897 0.0279784203 0.158569187 0.113372318 -0.201414302 0.067578584 0.0686211586 0.375619322
G1353 0.258970469 0.004212033 -0.290940732 -0.1414617 -0.157663986 0.0535864271 -0.00229780562 0.0276627783 0.112609215 0.303088039 -0.219985843 0.289870471 -0.019302398 0.062388733 -0.0475674942 0.301412106 0.03758692 0.218218848 0.0507168621 0.144295186 -0.144150227 0.0758138224 -0.0595433563 0.100359641 0.107636325 0.0823744759 -0.460852653 0.00327539444 0.143610835 -0.110102534 -0.36365211 -0.285260618 0.219654918 -0.17028065 0.120977938 -0.0212578177 0.00101333112 -0.247353777 0.00844407082 0.357920587 0.129721031 -0.20341146 -0.193159565 0.400622427 -0.189143807 0.0200173259 -0.18037568 -0.125977516 0.293770075 0.15155293 0.158813149 0.0516100936 0.134438038 0.0293260291 -0.112879947 -0.0891266242 -0.043427512 0.0279784538 0.158569202 0.113372326 -0.201414287 0.0675785616 0.0686211586 0.375619322
G1354 0.258970499 0.00421201438 -0.290940732 -0.1414617 -0.157663986 0.0535864569 -0.00229780748 0.0276627503 0.112609163 0.303088009 -0.219985873 0.289870471 -0.0193023421 0.0623886734 -0.0475675054 0.301412135 0.0375868976 0.218218848 0.0507168658 0.144295156 -0.144150212 0.075813815 -0.0595433787 0.100359693 0.107636303 0.0823744833 -0.460852623 0.00327540189 0.143610805 -0.110102527 -0.36365211 -0.285260588 0.219654918 -0.17028065 0.120977923 -0.0212578177 0.00101334602 -0.247353762 0.00844406337 0.357920587 0.129721031 -0.20341143 -0.193159521 0.400622427 -0.189143777 0.0200173706 -0.180375725 -0.125977516 0.293770015 0.15155293 0.158813104 0.0516100712 0.134438038 0.029326003 -0.112879984 -0.0891266093 -0.043427512 0.0279784314 0.158569172 0.113372341 -0.201414302 0.0675785989 0.0686211586 0.375619322
G1355 0.258970469 0.00421200693 -0.290940732 -0.14146173 -0.157663941 0.0535864644 -0.00229779445 0.027662741 0.112609163 0.303088009 -0.219985873 0.289870471 -0.0193023495 0.0623886883 -0.0475675091 0.301412076 0.037586879 0.218218818 0.0507168919 0.144295156 -0.144150212 0.0758138001 -0.0595434047 0.100359656 0.107636288 0.0823745057 -0.460852623 0.00327540934 0.143610805 -0.110102527 -0.36365211 -0.285260588 0.219654918 -0.17028065 0.120977938 -0.0212578475 0.00101336092 -0.247353718 0.00844409317 0.357920557 0.129721016 -0.20341146 -0.193159521 0.400622427 -0.189143792 0.0200173408 -0.180375725 -0.125977531 0.293770015 0.15155293 0.158813149 0.0516100638 0.134438023 0.029326003 -0.112879969 -0.0891265795 -0.0434275046 0.0279784165 0.158569187 0.113372326 -0.201414332 0.0675786212 0.0686211586 0.375619322
output_pin_G1324 0.778809071 0.471942723 -0.544774711 0.146200284 0.048812028 0.839436412 0.0488708317 0.653606713 0.410569042 0.760316432 -0.15773426 0.00128664635 -0.780013025 -0.385842323 -0.712260067 -0.0483809523 0.363860756 0.143604979 -0.455040395 -0.225734323 0.667473733 0.626519978 0.13604793 -0.219232976 0.306270778 -0.5450688 -0.353521883 0.503221929 0.0190379862 0.167276204 0.0541844144 -0.421886504 0.345269769 -0.750167787 0.337172031 0.506715953 -0.053343609 -0.528889835 -0.107751012 0.613953352 0.711035788 -0.398835093 0.0447949059 0.420172155 -0.192684785 0.127586663 -0.416897565 0.437150717 -0.274038285 0.18115896 -0.292923272 0.48692587 0.472184926 0.286513597 -0.410598427 0.0412559845 0.600587666 0.0330476016 0.121383622 0.158253521 -0.534384608 0.184310138 0.213617876 0.941091895
output_pin_G1325 0.778809071 0.471942723 -0.544774711 0.146200269 0.0488120355 0.839436352 0.0488708466 0.653606713 0.410569042 0.760316432 -0.157734275 0.00128669478 -0.780013025 -0.385842323 -0.712260127 -0.0483809635 0.363860726 0.143604979 -0.455040485 -0.225734293 0.667473793 0.626519978 0.13604793 -0.219232991 0.306270778 -0.5450688 -0.353521854 0.503221929 0.019037975 0.167276204 0.0541844293 -0.421886504 0.345269769 -0.750167727 0.337172031 0.506715953 -0.0533436239 -0.528889835 -0.107751004 0.613953352 0.711035848 -0.398835093 0.044794932 0.420172215 -0.192684785 0.127586648 -0.416897535 0.437150687 -0.274038255 0.181158945 -0.292923272 0.48692584 0.472184956 0.286513597 -0.410598427 0.0412559845 0.600587726 0.0330475941 0.121383578 0.158253521 -0.534384549 0.184310138 0.213617861 0.941091895
output_pin_G1326 0.778809071 0.471942753 -0.544774711 0.146200299 0.0488120355 0.839436412 0.0488708392 0.653606653 0.410569042 0.760316372 -0.157734245 0.00128670037 -0.780013025 -0.385842294 -0.712260067 -0.0483809561 0.363860726 0.143604979 -0.455040485 -0.225734308 0.667473793 0.626519978 0.136047959 -0.219232991 0.306270808 -0.5450688 -0.353521883 0.503221929 0.0190379601 0.167276204 0.0541844442 -0.421886474 0.34526974 -0.750167727 0.337172002 0.506715953 -0.053343609 -0.528889894 -0.107750989 0.613953352 0.711035848 -0.398835093 0.044794932 0.420172185 -0.192684755 0.127586678 -0.416897535 0.437150687 -0.274038285 0.181158915 -0.292923272 0.48692584 0.472184956 0.286513597 -0.410598427 0.041255977 0.600587726 0.0330476016 0.121383585 0.158253536 -0.534384489 0.184310138 0.213617876 0.941091895
output_pin_G1327 0.778809071 0.471942693 -0.544774711 0.146200299 0.0488120168 0.839436412 0.0488708392 0.653606713 0.410569012 0.760316372 -0.157734245 0.00128668267 -0.780013025 -0.385842323 -0.712260067 -0.0483809561 0.363860756 0.143604949 -0.455040485 -0.225734308 0.667473793 0.626520038 0.136047974 -0.219232991 0.306270808 -0.5450688 -0.353521854 0.503221929 0.0190379694 0.167276219 0.0541844219 -0.421886474 0.34526974 -0.750167727 0.337172031 0.506715953 -0.0533436388 -0.528889835 -0.107751034 0.613953352 0.711035848 -0.398835063 0.0447949134 0.420172155 -0.19268477 0.127586663 -0.416897535 0.437150687 -0.274038255 0.181158915 -0.292923242 0.48692584 0.472184926 0.286513597 -0.410598427 0.0412559658 0.600587726 0.033047609 0.12138357 0.158253536 -0.534384489 0.184310153 0.213617906 0.941091895
output_pin_G1328 0.778809071 0.471942753 -0.544774711 0.146200299 0.0488120019 0.839436412 0.0488708466 0.653606713 0.410569042 0.760316372 -0.157734275 0.00128666591 -0.780013025 -0.385842353 -0.712260127 -0.048380971 0.363860726 0.143604949 -0.455040425 -0.225734323 0.667473793 0.626519978 0.13604793 -0.219233006 0.306270778 -0.5450688 -0.353521854 0.503221929 0.0190379582 0.167276219 0.0541844182 -0.421886474 0.34526974 -0.750167727 0.337172031 0.506715953 -0.0533436388 -0.528889835 -0.107751012 0.613953352 0.711035848 -0.398835063 0.0447949059 0.420172155 -0.192684755 0.127586663 -0.416897565 0.437150717 -0.274038255 0.18115893 -0.292923242 0.4869259 0.472184926 0.286513597 -0.410598457 0.0412559919 0.600587726 0.0330475941 0.121383585 0.158253521 -0.534384549 0.184310138 0.213617876 0.941091895
output_pin_G1329 0.778809071 0.471942723 -0.544774711 0.146200329 0.0488120131 0.839436412 0.0488708392 0.653606713 0.410569042 0.760316372 -0.15773426 0.00128666777 -0.780013025 -0.385842353 -0.712260067 -0.0483809561 0.363860786 0.143604949 -0.455040425 -0.225734338 0.667473793 0.626520038 0.136047944 -0.219232991 0.306270808 -0.5450688 -0.353521883 0.503221929 0.0190379731 0.167276204 0.0541844293 -0.421886474 0.34526974 -0.750167787 0.337172031 0.506715953 -0.0533436313 -0.528889894 -0.107751004 0.613953352 0.711035848 -0.398835093 0.0447949171 0.420172185 -0.19268477 0.127586693 -0.416897535 0.437150657 -0.274038255 0.18115893 -0.292923272 0.4869259 0.472184956 0.286513597 -0.410598427 0.041255977 0.600587666 0.0330475979 0.121383592 0.158253536 -0.534384549 0.184310138 0.213617891 0.941091895
output_pin_G1330 0.778809071 0.471942753 -0.544774711 0.146200299 0.0488119982 0.839436412 0.0488708243 0.653606713 0.410569012 0.760316372 -0.15773429 0.00128668454 -0.780013025 -0.385842323 -0.712260067 -0.0483809486 0.363860756 0.143604964 -0.455040485 -0.225734338 0.667473793 0.626519978 0.13604793 -0.219233006 0.306270808 -0.5450688 -0.353521854 0.503221929 0.0190379471 0.167276204 0.0541844256 -0.421886474 0.34526974 -0.750167727 0.337172002 0.506715953 -0.0533436388 -0.528889894 -0.107750997 0.613953352 0.711035848 -0.398835093 0.0447949171 0.420172155 -0.19268474 0.127586663 -0.416897535 0.437150717 -0.274038285 0.18115893 -0.292923242 0.48692587 0.472184926 0.286513627 -0.410598427 0.0412559584 0.600587726 0.0330476016 0.121383585 0.158253536 -0.534384608 0.184310123 0.213617906 0.941091895
output_pin_G1331 0.778809071 0.471942753 -0.544774711 0.146200329 0.0488120243 0.839436412 0.0488708392 0.653606713 0.410569042 0.760316372 -0.15773426 0.0012866864 -0.780013025 -0.385842323 -0.712260067 -0.0483809747 0.363860756 0.143604994 -0.455040425 -0.225734323 0.667473793 0.626520038 0.136047915 -0.219233021 0.306270808 -0.5450688 -0.353521854 0.503221929 0.019037962 0.167276204 0.0541844182 -0.421886474 0.34526974 -0.750167727 0.337172031 0.506715953 -0.0533436388 -0.528889835 -0.107750997 0.613953352 0.711035848 -0.398835123 0.0447949022 0.420172185 -0.192684785 0.127586663 -0.416897535 0.437150687 -0.274038255 0.181158945 -0.292923242 0.48692587 0.472184896 0.286513597 -0.410598427 0.0412559919 0.600587666 0.0330475979 0.121383607 0.158253536 -0.534384608 0.184310138 0.213617876 0.941091895
output_pin_G1332 0.778809071 0.471942753 -0.544774711 0.146200314 0.0488120168 0.839436412 0.0488708466 0.653606713 0.410569012 0.760316372 -0.15773426 0.00128669851 -0.780013025 -0.385842323 -0.712260067 -0.0483809821 0.363860726 0.143604949 -0.455040425 -0.225734323 0.667473793 0.626519978 0.136047944 -0.219233006 0.306270808 -0.5450688 -0.353521883 0.503221929 0.0190379638 0.167276204 0.0541844182 -0.421886474 0.345269769 -0.750167727 0.337172031 0.506715953 -0.0533436313 -0.528889894 -0.107750997 0.613953352 0.711035848 -0.398835093 0.0447949171 0.420172185 -0.19268477 0.127586648 -0.416897565 0.437150717 -0.274038255 0.181158945 -0.292923242 0.48692584 0.472184896 0.286513627 -0.410598427 0.0412559584 0.600587726 0.0330476016 0.121383592 0.158253536 -0.534384489 0.184310153 0.213617831 0.941091895
output_pin_G1333 0.778809071 0.471942693 -0.544774771 0.146200299 0.0488120131 0.839436412 0.0488708392 0.653606713 0.410569042 0.760316372 -0.157734245 0.00128667802 -0.780012965 -0.385842323 -0.712260067 -0.0483809784 0.363860756 0.143604994 -0.455040455 -0.225734293 0.667473793 0.626519978 0.136047944 -0.219232976 0.306270808 -0.5450688 -0.353521854 0.503221869 0.0190379657 0.167276204 0.0541844442 -0.421886474 0.34526974 -0.750167727 0.337172031 0.506715953 -0.0533436351 -0.528889894 -0.107750997 0.613953352 0.711035848 -0.398835123 0.0447949208 0.420172155 -0.19268474 0.127586663 -0.416897535 0.437150687 -0.274038285 0.181158915 -0.292923242 0.48692584 0.472184956 0.286513597 -0.410598427 0.041255977 0.600587726 0.033047609 0.121383578 0.158253521 -0.534384489 0.184310138 0.213617876 0.941091895
output_pin_G1334 0.778809071 0.471942723 -0.544774711 0.146200314 0.0488120168 0.839436412 0.0488708392 0.653606713 0.410568982 0.760316372 -0.15773426 0.00128669199 -0.780013025 -0.385842323 -0.712260067 -0.0483809747 0.363860756 0.143604949 -0.455040425 -0.225734323 0.667473793 0.626519978 0.136047944 -0.219233006 0.306270808 -0.5450688 -0.353521854 0.503221929 0.0190379508 0.167276204 0.0541844219 -0.421886444 0.34526974 -0.750167727 0.337172031 0.506715953 -0.0533436388 -0.528889894 -0.107750982 0.613953352 0.711035848 -0.398835093 0.0447949357 0.420172185 -0.19268477 0.127586678 -0.416897535 0.437150717 -0.274038285 0.18115893 -0.292923272 0.48692587 0.472184896 0.286513597 -0.410598457 0.0412559584 0.600587726 0.0330476165 0.1213836 0.158253536 -0.534384489 0.184310123 0.213617876 0.941091835
output_pin_G1335 0.778809071 0.471942693 -0.544774711 0.146200269 0.0488120019 0.839436412 0.0488708392 0.653606713 0.410569042 0.760316432 -0.1577342 0.00128669478 -0.780013025 -0.385842353 -0.712260067 -0.0483809821 0.363860756 0.143604949 -0.455040485 -0.225734308 0.667473793 0.626519978 0.136047959 -0.219232991 0.306270808 -0.5450688 -0.353521854 0.503221929 0.0190379433 0.167276204 0.0541844405 -0.421886444 0.345269769 -0.750167727 0.337172031 0.506715953 -0.0533436239 -0.528889835 -0.107751004 0.613953352 0.711035848 -0.398835093 0.0447949208 0.420172185 -0.19268474 0.127586648 -0.416897535 0.437150717 -0.274038255 0.18115893 -0.292923242 0.48692584 0.472184956 0.286513597 -0.410598427 0.0412559621 0.600587666 0.0330476165 0.121383592 0.158253536 -0.534384489 0.184310153 0.213617906 0.941091895
output_pin_G1336 0.778809071 0.471942753 -0.544774711 0.146200314 0.0488120355 0.839436412 0.0488708317 0.653606713 0.410569042 0.760316372 -0.15773426 0.00128668826 -0.780013025 -0.385842353 -0.712260067 -0.0483809635 0.363860726 0.143604979 -0.455040485 -0.225734308 0.667473733 0.626520038 0.13604793 -0.219233006 0.306270808 -0.5450688 -0.353521883 0.503221929 0.019037962 0.167276204 0.0541844107 -0.421886504 0.345269769 -0.750167727 0.337172031 0.506715953 -0.0533436313 -0.528889894 -0.107751004 0.613953412 0.711035848 -0.398835123 0.0447949208 0.420172155 -0.19268477 0.127586663 -0.416897565 0.437150687 -0.274038255 0.18115893 -0.292923242 0.48692587 0.472184896 0.286513597 -0.410598427 0.0412559807 0.600587726 0.0330476053 0.121383607 0.158253536 -0.534384608 0.184310138 0.213617891 0.941091895
output_pin_G1337 0.778809071 0.471942723 -0.544774711 0.146200329 0.0488120243 0.839436352 0.0488708392 0.653606713 0.410569042 0.760316372 -0.157734245 0.0012866836 -0.780013025 -0.385842294 -0.712260067 -0.0483809523 0.363860726 0.143604949 -0.455040485 -0.225734308 0.667473793 0.626519978 0.13604793 -0.219233006 0.306270808 -0.5450688 -0.353521883 0.503221929 0.0190379396 0.167276233 0.0541844331 -0.421886444 0.34526974 -0.750167727 0.337172031 0.506715953 -0.05334365 -0.528889894 -0.107750997 0.613953412 0.711035848 -0.398835093 0.0447949208 0.420172185 -0.192684755 0.127586663 -0.416897535 0.437150687 -0.274038255 0.181158915 -0.292923272 0.48692584 0.472184956 0.286513597 -0.410598427 0.0412559882 0.600587726 0.033047609 0.121383563 0.158253521 -0.534384489 0.184310168 0.213617861 0.941091895
output_pin_G1338 0.778809071 0.471942723 -0.544774711 0.146200299 0.0488120392 0.839436412 0.0488708541 0.653606713 0.410569012 0.760316372 -0.157734275 0.00128669571 -0.780013025 -0.385842323 -0.712260067 -0.0483809561 0.363860726 0.143604949 -0.455040455 -0.225734338 0.667473793 0.626519978 0.13604793 -0.219232991 0.306270808 -0.5450688 -0.353521854 0.503221929 0.0190379731 0.167276204 0.0541844144 -0.421886474 0.34526974 -0.750167727 0.337172031 0.506715953 -0.0533436351 -0.528889835 -0.107751019 0.613953352 0.711035848 -0.398835093 0.0447949097 0.420172185 -0.19268477 0.127586663 -0.416897535 0.437150717 -0.274038285 0.18115893 -0.292923272 0.48692587 0.472184896 0.286513597 -0.410598427 0.0412559584 0.600587726 0.0330475979 0.121383585 0.158253551 -0.534384608 0.184310138 0.213617891 0.941091835
output_pin_G1339 0.778809071 0.471942753 -0.544774771 0.146200299 0.0488120317 0.839436412 0.0488708243 0.653606713 0.410569012 0.760316432 -0.157734275 0.0012866864 -0.780013025 -0.385842353 -0.712260067 -0.0483809784 0.363860726 0.143604979 -0.455040455 -0.225734308 0.667473793 0.626519978 0.136047944 -0.219232991 0.306270838 -0.5450688 -0.353521854 0.503221929 0.0190379694 0.167276204 0.0541844219 -0.421886504 0.345269769 -0.750167727 0.337172031 0.506715953 -0.0533436164 -0.528889894 -0.107751004 0.613953352 0.711035848 -0.398835093 0.0447949432 0.420172185 -0.192684785 0.127586663 -0.416897595 0.437150687 -0.274038285 0.181158945 -0.292923272 0.48692584 0.472184926 0.286513597 -0.410598427 0.0412559621 0.600587726 0.0330475867 0.1213836 0.158253536 -0.534384608 0.184310123 0.213617876 0.941091895
output_pin_G1340 0.77880913 0.471942723 -0.544774711 0.146200299 0.0488119982 0.839436412 0.0488708466 0.653606653 0.410569042 0.760316372 -0.157734275 0.00128669851 -0.780013025 -0.385842323 -0.712260127 -0.0483809896 0.363860756 0.143604964 -0.455040455 -0.225734293 0.667473793 0.626520038 0.136047974 -0.219233006 0.306270778 -0.5450688 -0.353521883 0.503221929 0.0190379638 0.167276189 0.0541844293 -0.421886474 0.34526974 -0.750167727 0.337172002 0.506715953 -0.0533436239 -0.528889894 -0.107751012 0.613953352 0.711035848 -0.398835093 0.0447949171 0.420172185 -0.192684785 0.127586648 -0.416897565 0.437150717 -0.274038285 0.18115893 -0.292923272 0.48692584 0.472184956 0.286513597 -0.410598427 0.0412559882 0.600587666 0.0330476016 0.121383607 0.158253536 -0.534384549 0.184310138 0.213617876 0.941091895
output_pin_G1341 0.77880913 0.471942693 -0.544774711 0.146200284 0.0488119945 0.839436412 0.0488708541 0.653606713 0.410569042 0.760316432 -0.15773423 0.00128669199 -0.780013025 -0.385842353 -0.712260067 -0.0483809635 0.363860756 0.143604979 -0.455040455 -0.225734323 0.667473793 0.626519978 0.136047944 -0.219232991 0.306270778 -0.5450688 -0.353521854 0.503221989 0.0190379526 0.167276219 0.0541844331 -0.421886474 0.34526974 -0.750167727 0.337172031 0.506715953 -0.0533436164 -0.528889835 -0.107751012 0.613953352 0.711035848 -0.398835093 0.0447949134 0.420172155 -0.192684755 0.127586663 -0.416897535 0.437150687 -0.274038255 0.18115893 -0.292923242 0.4869259 0.472184926 0.286513597 -0.410598427 0.0412559621 0.600587726 0.033047609 0.1213836 0.158253521 -0.534384489 0.184310123 0.213617906 0.941091895
output_pin_G1342 0.778809071 0.471942693 -0.544774711 0.146200299 0.048812028 0.839436412 0.0488708168 0.653606713 0.410569042 0.760316432 -0.1577342 0.00128667895 -0.780013025 -0.385842323 -0.712260067 -0.048380971 0.363860756 0.143604964 -0.455040425 -0.225734323 0.667473733 0.626519978 0.136047959 -0.219233006 0.306270808 -0.5450688 -0.353521883 0.503221929 0.019037962 0.167276233 0.0541844144 -0.421886474 0.345269769 -0.750167787 0.337172031 0.506715953 -0.0533436313 -0.528889894 -0.107751012 0.613953352 0.711035848 -0.398835093 0.0447949171 0.420172185 -0.192684799 0.127586663 -0.416897535 0.437150717 -0.274038285 0.181158915 -0.292923272 0.48692584 0.472184956 0.286513597 -0.410598427 0.0412559696 0.600587666 0.0330475941 0.1213836 0.158253536 -0.534384549 0.184310138 0.213617891 0.941091895
output_pin_G1343 0.778809071 0.471942693 -0.544774711 0.146200299 0.0488119982 0.839436412 0.0488708466 0.653606713 0.410569042 0.760316432 -0.15773423 0.00128667802 -0.780013025 -0.385842353 -0.712260127 -0.0483809523 0.363860756 0.143604949 -0.455040455 -0.225734293 0.667473793 0.626520038 0.136047974 -0.219232991 0.306270808 -0.5450688 -0.353521883 0.503221929 0.0190379918 0.167276219 0.0541844256 -0.421886474 0.34526974 -0.750167787 0.337172031 0.506715953 -0.0533436425 -0.528889894 -0.107751012 0.613953352 0.711035848 -0.398835093 0.0447949134 0.420172155 -0.19268477 0.127586678 -0.416897535 0.437150717 -0.274038285 0.181158915 -0.292923242 0.48692587 0.472184956 0.286513627 -0.410598427 0.0412559956 0.600587726 0.0330476016 0.121383592 0.158253536 -0.534384489 0.184310123 0.213617891 0.941091895
output_pin_G1344 0.778809071 0.471942723 -0.544774711 0.146200314 0.0488120168 0.839436412 0.0488708541 0.653606713 0.410569042 0.760316372 -0.157734245 0.00128667615 -0.780013025 -0.385842323 -0.712260067 -0.0483809598 0.363860756 0.143604979 -0.455040455 -0.225734323 0.667473733 0.626520038 0.136047959 -0.219233006 0.306270808 -0.5450688 -0.353521883 0.503221929 0.0190379526 0.167276204 0.0541844107 -0.421886474 0.345269769 -0.750167727 0.337172031 0.506715953 -0.0533436239 -0.528889835 -0.107751004 0.613953352 0.711035848 -0.398835093 0.0447949134 0.420172185 -0.19268477 0.127586663 -0.416897506 0.437150687 -0.274038255 0.18115893 -0.292923242 0.48692584 0.472184896 0.286513627 -0.410598457 0.041255977 0.600587726 0.0330476016 0.1213836 0.158253536 -0.534384489 0.184310138 0.213617891 0.941091895
output_pin_G1345 0.778809071 0.471942693 -0.544774771 0.146200284 0.0488120206 0.839436412 0.0488708243 0.653606653 0.410569042 0.760316372 -0.157734245 0.00128667895 -0.780013025 -0.385842323 -0.712260067 -0.0483809784 0.363860726 0.143604979 -0.455040485 -0.225734308 0.667473733 0.626520038 0.136047944 -0.219233006 0.306270808 -0.5450688 -0.353521883 0.503221929 0.019037975 0.167276233 0.054184407 -0.421886474 0.34526974 -0.750167727 0.337172031 0.506715953 -0.0533436388 -0.528889894 -0.107750989 0.613953412 0.711035848 -0.398835093 0.0447949097 0.420172185 -0.19268474 0.127586633 -0.416897535 0.437150747 -0.274038255 0.181158915 -0.292923242 0.48692584 0.472184896 0.286513597 -0.410598427 0.0412559807 0.600587726 0.0330475941 0.121383592 0.158253536 -0.534384489 0.184310123 0.213617861 0.941091835
output_pin_G1346 0.778809071 0.471942753 -0.544774711 0.146200299 0.0488120317 0.839436412 0.0488708541 0.653606713 0.410569012 0.760316432 -0.157734275 0.00128666218 -0.780013025 -0.385842323 -0.712260067 -0.0483809374 0.363860756 0.143604979 -0.455040485 -0.225734323 0.667473793 0.626519978 0.136047944 -0.219232976 0.306270838 -0.5450688 -0.353521883 0.503221929 0.0190379974 0.167276204 0.0541844182 -0.421886504 0.345269769 -0.750167787 0.337172031 0.506715953 -0.053343609 -0.528889894 -0.107751012 0.613953352 0.711035848 -0.398835093 0.0447949283 0.420172155 -0.192684785 0.127586693 -0.416897535 0.437150687 -0.274038255 0.18115893 -0.292923272 0.48692584 0.472184926 0.286513597 -0.410598427 0.0412559509 0.600587726 0.0330476016 0.121383578 0.158253521 -0.534384608 0.184310138 0.213617906 0.941091895
output_pin_G1347 0.778809071 0.471942753 -0.544774711 0.146200299 0.0488120243 0.839436412 0.0488708541 0.653606713 0.410569012 0.760316432 -0.15773426 0.00128671154 -0.780012965 -0.385842353 -0.712260127 -0.0483809784 0.363860756 0.143604964 -0.455040425 -0.225734279 0.667473793 0.626520038 0.13604793 -0.219233006 0.306270808 -0.5450688 -0.353521854 0.503221929 0.0190379545 0.167276204 0.0541844144 -0.421886474 0.345269769 -0.750167727 0.337172031 0.506715953 -0.0533436276 -0.528889894 -0.107751004 0.613953352 0.711035848 -0.398835123 0.0447949171 0.420172155 -0.192684785 0.127586648 -0.416897535 0.437150657 -0.274038255 0.181158945 -0.292923242 0.48692584 0.472184956 0.286513597 -0.410598427 0.0412559882 0.600587666 0.0330476016 0.121383592 0.158253506 -0.534384608 0.184310138 0.213617876 0.941091895
output_pin_G1348 0.77880913 0.471942723 -0.544774711 0.146200314 0.0488120355 0.839436412 0.0488708541 0.653606713 0.410569042 0.760316372 -0.157734215 0.00128666591 -0.780013025 -0.385842323 -0.712260127 -0.0483809635 0.363860726 0.143604964 -0.455040425 -0.225734323 0.667473733 0.626520038 0.136047959 -0.219232991 0.306270838 -0.5450688 -0.353521883 0.503221929 0.0190379657 0.167276204 0.0541844219 -0.421886504 0.34526974 -0.750167727 0.337172031 0.506715953 -0.0533436425 -0.528889835 -0.107751004 0.613953352 0.711035848 -0.398835093 0.0447949208 0.420172155 -0.192684785 0.127586663 -0.416897535 0.437150687 -0.274038285 0.18115893 -0.292923272 0.48692584 0.472184896 0.286513597 -0.410598427 0.0412559845 0.600587726 0.033047609 0.121383592 0.158253536 -0.534384608 0.184310153 0.213617876 0.941091895
output_pin_G1349 0.778809071 0.471942753 -0.544774771 0.146200314 0.048812028 0.839436412 0.0488708243 0.653606713 0.410569042 0.760316372 -0.157734245 0.00128670037 -0.780013025 -0.385842323 -0.712260067 -0.0483809784 0.363860726 0.143604964 -0.455040425 -0.225734308 0.667473793 0.626519978 0.13604793 -0.219233006 0.306270808 -0.5450688 -0.353521854 0.503221929 0.0190379638 0.167276204 0.0541844256 -0.421886474 0.34526974 -0.750167727 0.337172031 0.506715953 -0.0533436388 -0.528889894 -0.107751004 0.613953352 0.711035848 -0.398835093 0.0447949171 0.420172185 -0.192684785 0.127586663 -0.416897535 0.437150687 -0.274038255 0.18115893 -0.292923272 0.48692587 0.472184956 0.286513597 -0.410598427 0.041255977 0.600587726 0.0330475941 0.121383592 0.158253521 -0.534384489 0.184310138 0.213617846 0.941091895
output_pin_G1350 0.778809071 0.471942723 -0.544774711 0.146200314 0.0488120243 0.839436352 0.0488708541 0.653606713 0.410569042 0.760316372 -0.157734275 0.00128668454 -0.780012965 -0.385842353 -0.712260067 -0.0483809523 0.363860756 0.143604964 -0.455040485 -0.225734293 0.667473793 0.626520038 0.136047944 -0.219233006 0.306270778 -0.5450688 -0.353521883 0.503221929 0.0190379675 0.167276204 0.0541844405 -0.421886474 0.345269769 -0.750167787 0.337172061 0.506715953 -0.0533436388 -0.528889894 -0.107751019 0.613953412 0.711035848 -0.398835093 0.0447949134 0.420172185 -0.192684785 0.127586663 -0.416897535 0.437150747 -0.274038255 0.181158945 -0.292923242 0.48692587 0.472184956 0.286513597 -0.410598427 0.0412559658 0.600587726 0.0330476016 0.1213836 0.158253536 -0.534384549 0.184310138 0.213617906 0.941091895
output_pin_G1351 0.778809071 0.471942693 -0.544774771 0.146200299 0.0488120094 0.839436412 0.0488708392 0.653606713 0.410569012 0.760316372 -0.157734245 0.00128665473 -0.780013025 -0.385842323 -0.712260067 -0.0483809561 0.363860726 0.143604949 -0.455040425 -0.225734308 0.667473793 0.626519978 0.136047959 -0.219233006 0.306270808 -0.5450688 -0.353521824 0.503221929 0.0190379508 0.167276233 0.0541844331 -0.421886474 0.34526974 -0.750167787 0.337172002 0.506715953 -0.0533436425 -0.528889835 -0.107750997 0.613953352 0.711035848 -0.398835093 0.0447949134 0.420172185 -0.19268477 0.127586678 -0.416897535 0.437150717 -0.274038255 0.181158915 -0.292923242 0.4869259 0.472184956 0.286513597 -0.410598427 0.041255977 0.600587666 0.0330475867 0.121383578 0.158253536 -0.534384489 0.184310108 0.213617891 0.941091895
output_pin_G1352 0.778809071 0.471942723 -0.544774711 0.146200299 0.0488120131 0.839436412 0.048870869 0.653606713 0.410569012 0.760316372 -0.15773423 0.00128669292 -0.780013025 -0.385842323 -0.712260127 -0.0483809672 0.363860756 0.143604934 -0.455040455 -0.225734308 0.667473793 0.626519978 0.13604793 -0.219232991 0.306270808 -0.5450688 -0.353521883 0.503221929 0.0190379713 0.167276233 0.0541844256 -0.421886474 0.34526974 -0.750167727 0.337172002 0.506715894 -0.0533436313 -0.528889894 -0.107751004 0.613953352 0.711035848 -0.398835093 0.0447949208 0.420172155 -0.19268477 0.127586648 -0.416897535 0.437150717 -0.274038285 0.18115893 -0.292923272 0.48692587 0.472184926 0.286513627 -0.410598457 0.0412559733 0.600587666 0.0330476016 0.121383592 0.158253536 -0.534384549 0.184310123 0.213617891 0.941091835
output_pin_G1353 0.77880913 0.471942753 -0.544774771 0.146200299 0.0488120094 0.839436412 0.0488708392 0.653606713 0.410568982 0.760316372 -0.157734245 0.00128670223 -0.780013025 -0.385842353 -0.712260067 -0.048380971 0.363860786 0.143604934 -0.455040485 -0.225734308 0.667473793 0.626520038 0.136047959 -0.219233006 0.306270838 -0.5450688 -0.353521883 0.503221869 0.0190379582 0.167276219 0.0541844331 -0.421886444 0.345269769 -0.750167727 0.337172002 0.506715953 -0.0533436388 -0.528889835 -0.107751012 0.613953352 0.711035848 -0.398835093 0.0447949208 0.420172185 -0.192684755 0.127586663 -0.416897535 0.437150687 -0.274038255 0.18115893 -0.292923272 0.48692584 0.472184926 0.286513597 -0.410598427 0.0412559919 0.600587666 0.033047609 0.121383615 0.158253521 -0.534384489 0.184310138 0.213617906 0.941091895
output_pin_G1354 0.77880913 0.471942723 -0.544774771 0.146200329 0.0488120019 0.839436412 0.0488708541 0.653606713 0.410569042 0.760316372 -0.15773423 0.0012866538 -0.780013025 -0.385842323 -0.712260067 -0.0483809635 0.363860697 0.143604979 -0.455040455 -0.225734308 0.667473733 0.626520038 0.136047959 -0.219233021 0.306270808 -0.545068681 -0.353521854 0.503221869 0.0190379601 0.167276233 0.0541844293 -0.421886504 0.34526971 -0.750167787 0.337172002 0.506715953 -0.0533436239 -0.528889835 -0.107750989 0.613953352 0.711035848 -0.398835093 0.0447949059 0.420172155 -0.192684799 0.127586663 -0.416897535 0.437150657 -0.274038285 0.18115893 -0.292923242 0.486925811 0.472184896 0.286513597 -0.410598427 0.0412559733 0.600587666 0.0330475941 0.121383592 0.158253521 -0.534384549 0.184310138 0.213617906 0.941091895
output_pin_G1355 0.778809071 0.471942693 -0.54477483 0.146200269 0.0488120168 0.839436412 0.0488708541 0.653606653 0.410568982 0.760316372 -0.15773423 0.00128666963 -0.780013025 -0.385842323 -0.712260067 -0.0483809784 0.363860726 0.143604979 -0.455040425 -0.225734323 0.667473733 0.626520038 0.136047959 -0.219232976 0.306270808 -0.545068681 -0.353521854 0.503221869 0.0190379936 0.167276204 0.0541844442 -0.421886474 0.34526974 -0.750167727 0.337172002 0.506715953 -0.0533436127 -0.528889894 -0.107750982 0.613953352 0.711035788 -0.398835093 0.0447949171 0.420172185 -0.19268477 0.127586663 -0.416897506 0.437150687 -0.274038285 0.181158915 -0.292923242 0.486925811 0.472184867 0.286513597 -0.410598427 0.0412559733 0.600587666 0.0330475867 0.121383585 0.158253536 -0.534384489 0.184310108 0.213617906 0.941091895
