BC_RESULT best_accuracy=1.000000
VALIDATION {"aggregate": {"aborted": 4, "decisions": 29049, "detected": 496, "mean_backtrace_ratio": 1.0, "mean_backtrack_ratio": 1.0, "score": [-496, 4, 1.0, 1.0, 29049]}, "circuits": {"c1355": {"aborted": 0, "backtrace_steps": 25712, "backtracks": 107, "decisions": 4101, "detected": 50, "episodes": 50, "pi_visits": 2023, "redundant": 0}, "c1908": {"aborted": 0, "backtrace_steps": 8365, "backtracks": 3, "decisions": 1146, "detected": 50, "episodes": 50, "pi_visits": 769, "redundant": 0}, "c2670": {"aborted": 0, "backtrace_steps": 11398, "backtracks": 529, "decisions": 1411, "detected": 50, "episodes": 50, "pi_visits": 1780, "redundant": 0}, "c3540": {"aborted": 1, "backtrace_steps": 24236, "backtracks": 1036, "decisions": 2649, "detected": 49, "episodes": 50, "pi_visits": 2725, "redundant": 0}, "c432": {"aborted": 0, "backtrace_steps": 3996, "backtracks": 13, "decisions": 1254, "detected": 50, "episodes": 50, "pi_visits": 648, "redundant": 0}, "c499": {"aborted": 1, "backtrace_steps": 39581, "backtracks": 1032, "decisions": 6126, "detected": 49, "episodes": 50, "pi_visits": 3856, "redundant": 0}, "c5315": {"aborted": 0, "backtrace_steps": 7412, "backtracks": 103, "decisions": 1217, "detected": 50, "episodes": 50, "pi_visits": 911, "redundant": 0}, "c6288": {"aborted": 0, "backtrace_steps": 31981, "backtracks": 647, "decisions": 6566, "detected": 50, "episodes": 50, "pi_visits": 2527, "redundant": 0}, "c7552": {"aborted": 2, "backtrace_steps": 25434, "backtracks": 1111, "decisions": 3522, "detected": 48, "episodes": 50, "pi_visits": 3365, "redundant": 0}, "s38417_scan": {"aborted": 0, "backtrace_steps": 6914, "backtracks": 14, "decisions": 1057, "detected": 50, "episodes": 50, "pi_visits": 692, "redundant": 0}}, "label": "behavior_cloning"}
TRAIN_START stage=easy sweep=1/2 circuit=c432 difficulty=easy faults=40
TRAIN_RESULT {"circuit": "c432", "difficulty": "easy", "learning": {"attributed_backtrace_steps": 2591, "attributed_backtracks": 1, "backtrace_event_mismatch": 0, "backtrace_event_mismatch_abs": 0, "backtrack_event_mismatch": 0, "backtrack_event_mismatch_abs": 0, "combined_reward_sum": 3902.5493780739985, "counter_mismatch_episode": 0, "distributed_potential_reward": -513.7592158338609, "entropy_mean": 0.3337644949555397, "episodes": 40, "episodes_with_updates": 40, "extrinsic_reward_sum": 3873.5042030985737, "intrinsic_reward_sum": 580.9034995084862, "policy_loss_mean": -0.0021958058525342493, "ratio_mean": 1.002421359717846, "rnd_loss_mean": 0.03506601881235838, "scaled_intrinsic_reward_sum": 29.045174975424313, "steps": 859, "terminal_reward_residual": 4387.263418932435, "total_loss_mean": -0.003151261926541338, "value_loss_mean": 0.004764377177343704}, "stage": 0, "stage_name": "easy", "summary": {"aborted": 0, "backtrace_steps": 2663, "backtracks": 1, "decisions": 859, "detected": 40, "episodes": 40, "pi_visits": 443, "redundant": 0}, "sweep": 1}
TRAIN_START stage=easy sweep=1/2 circuit=c3540 difficulty=easy faults=40
TRAIN_RESULT {"circuit": "c3540", "difficulty": "easy", "learning": {"attributed_backtrace_steps": 4583, "attributed_backtracks": 3, "backtrace_event_mismatch": 0, "backtrace_event_mismatch_abs": 0, "backtrack_event_mismatch": 0, "backtrack_event_mismatch_abs": 0, "combined_reward_sum": 3843.122009284704, "counter_mismatch_episode": 0, "distributed_potential_reward": -586.5269556022582, "entropy_mean": 0.49011323153972625, "episodes": 40, "episodes_with_updates": 40, "extrinsic_reward_sum": 3803.6636599304766, "intrinsic_reward_sum": 789.1669870845402, "policy_loss_mean": -0.0005822217237437144, "ratio_mean": 1.0000998303294182, "rnd_loss_mean": 0.030981142539530993, "scaled_intrinsic_reward_sum": 39.458349354227025, "steps": 735, "terminal_reward_residual": 4390.190615532735, "total_loss_mean": -0.0031153745483607055, "value_loss_mean": 0.004735958892342751}, "stage": 0, "stage_name": "easy", "summary": {"aborted": 0, "backtrace_steps": 4631, "backtracks": 3, "decisions": 735, "detected": 40, "episodes": 40, "pi_visits": 509, "redundant": 0}, "sweep": 1}
TRAIN_START stage=easy sweep=1/2 circuit=s38417_scan difficulty=easy faults=40
TRAIN_RESULT {"circuit": "s38417_scan", "difficulty": "easy", "learning": {"attributed_backtrace_steps": 275, "attributed_backtracks": 0, "backtrace_event_mismatch": 0, "backtrace_event_mismatch_abs": 0, "backtrack_event_mismatch": 0, "backtrack_event_mismatch_abs": 0, "combined_reward_sum": 3962.035542994571, "counter_mismatch_episode": 0, "distributed_potential_reward": -173.7941176470588, "entropy_mean": 0.512964632950331, "episodes": 40, "episodes_with_updates": 19, "extrinsic_reward_sum": 3958.75, "intrinsic_reward_sum": 65.71085989143756, "policy_loss_mean": 0.004860722790717294, "ratio_mean": 0.9780982230838976, "rnd_loss_mean": 0.02911559835468468, "scaled_intrinsic_reward_sum": 3.2855429945718786, "steps": 57, "terminal_reward_residual": 4132.5441176470595, "total_loss_mean": 0.00039810889498575737, "value_loss_mean": 0.0013340648594365983}, "stage": 0, "stage_name": "easy", "summary": {"aborted": 0, "backtrace_steps": 413, "backtracks": 0, "decisions": 57, "detected": 40, "episodes": 40, "pi_visits": 130, "redundant": 0}, "sweep": 1}
TRAIN_START stage=easy sweep=1/2 circuit=c1355 difficulty=easy faults=40
TRAIN_RESULT {"circuit": "c1355", "difficulty": "easy", "learning": {"attributed_backtrace_steps": 21864, "attributed_backtracks": 546, "backtrace_event_mismatch": 0, "backtrace_event_mismatch_abs": 0, "backtrack_event_mismatch": 0, "backtrack_event_mismatch_abs": 0, "combined_reward_sum": 3749.1007911385886, "counter_mismatch_episode": 0, "distributed_potential_reward": -822.2212164798344, "entropy_mean": 0.5353801108896732, "episodes": 40, "episodes_with_updates": 40, "extrinsic_reward_sum": 3376.5984062172824, "intrinsic_reward_sum": 7450.047698426105, "policy_loss_mean": 0.013365214463556185, "ratio_mean": 1.0011611208319664, "rnd_loss_mean": 0.02553289677016437, "scaled_intrinsic_reward_sum": 372.5023849213053, "steps": 4692, "terminal_reward_residual": 4198.819622697116, "total_loss_mean": 0.0313754535629414, "value_loss_mean": 0.046728085941867906}, "stage": 0, "stage_name": "easy", "summary": {"aborted": 1, "backtrace_steps": 21897, "backtracks": 546, "decisions": 4692, "detected": 39, "episodes": 40, "pi_visits": 2114, "redundant": 0}, "sweep": 1}
TRAIN_START stage=easy sweep=1/2 circuit=c5315 difficulty=easy faults=40
TRAIN_RESULT {"circuit": "c5315", "difficulty": "easy", "learning": {"attributed_backtrace_steps": 2119, "attributed_backtracks": 1, "backtrace_event_mismatch": 0, "backtrace_event_mismatch_abs": 0, "backtrack_event_mismatch": 0, "backtrack_event_mismatch_abs": 0, "combined_reward_sum": 3922.842039797081, "counter_mismatch_episode": 0, "distributed_potential_reward": -409.2748723259226, "entropy_mean": 0.5122939664870501, "episodes": 40, "episodes_with_updates": 32, "extrinsic_reward_sum": 3891.088855271349, "intrinsic_reward_sum": 635.0636905146182, "policy_loss_mean": -0.01784062525985064, "ratio_mean": 1.001767884939909, "rnd_loss_mean": 0.022725305811036378, "scaled_intrinsic_reward_sum": 31.75318452573091, "steps": 369, "terminal_reward_residual": 4300.363727597271, "total_loss_mean": -0.0210568253423844, "value_loss_mean": 0.0038134764002677457}, "stage": 0, "stage_name": "easy", "summary": {"aborted": 0, "backtrace_steps": 2194, "backtracks": 1, "decisions": 369, "detected": 40, "episodes": 40, "pi_visits": 311, "redundant": 0}, "sweep": 1}
TRAIN_START stage=easy sweep=1/2 circuit=c7552 difficulty=easy faults=40
TRAIN_RESULT {"circuit": "c7552", "difficulty": "easy", "learning": {"attributed_backtrace_steps": 7226, "attributed_backtracks": 5, "backtrace_event_mismatch": 0, "backtrace_event_mismatch_abs": 0, "backtrack_event_mismatch": 0, "backtrack_event_mismatch_abs": 0, "combined_reward_sum": 3936.075104330233, "counter_mismatch_episode": 0, "distributed_potential_reward": -505.4191202357638, "entropy_mean": 0.5726892093294546, "episodes": 40, "episodes_with_updates": 38, "extrinsic_reward_sum": 3856.977735760731, "intrinsic_reward_sum": 1581.947371390058, "policy_loss_mean": -0.004777337988152316, "ratio_mean": 1.0009406397217198, "rnd_loss_mean": 0.018905926250705595, "scaled_intrinsic_reward_sum": 79.09736856950292, "steps": 1042, "terminal_reward_residual": 4362.396855996494, "total_loss_mean": -0.007413956918753684, "value_loss_mean": 0.0061805476660466456}, "stage": 0, "stage_name": "easy", "summary": {"aborted": 0, "backtrace_steps": 7274, "backtracks": 5, "decisions": 1042, "detected": 40, "episodes": 40, "pi_visits": 682, "redundant": 0}, "sweep": 1}
TRAIN_START stage=easy sweep=1/2 circuit=c499 difficulty=easy faults=40
TRAIN_RESULT {"circuit": "c499", "difficulty": "easy", "learning": {"attributed_backtrace_steps": 14723, "attributed_backtracks": 4, "backtrace_event_mismatch": 0, "backtrace_event_mismatch_abs": 0, "backtrack_event_mismatch": 0, "backtrack_event_mismatch_abs": 0, "combined_reward_sum": 3994.594461051175, "counter_mismatch_episode": 0, "distributed_potential_reward": -528.917694093987, "entropy_mean": 0.6314818382263183, "episodes": 40, "episodes_with_updates": 40, "extrinsic_reward_sum": 3869.4780596349833, "intrinsic_reward_sum": 2502.3280283238596, "policy_loss_mean": -0.0034691616194322704, "ratio_mean": 1.0018855139613152, "rnd_loss_mean": 0.015003623929806054, "scaled_intrinsic_reward_sum": 125.11640141619299, "steps": 2017, "terminal_reward_residual": 4398.39575372897, "total_loss_mean": -0.005464574607321993, "value_loss_mean": 0.008638810559932607}, "stage": 0, "stage_name": "easy", "summary": {"aborted": 0, "backtrace_steps": 14768, "backtracks": 4, "decisions": 2017, "detected": 40, "episodes": 40, "pi_visits": 1165, "redundant": 0}, "sweep": 1}
TRAIN_START stage=easy sweep=1/2 circuit=c1908 difficulty=easy faults=40
TRAIN_RESULT {"circuit": "c1908", "difficulty": "easy", "learning": {"attributed_backtrace_steps": 5742, "attributed_backtracks": 6, "backtrace_event_mismatch": 0, "backtrace_event_mismatch_abs": 0, "backtrack_event_mismatch": 0, "backtrack_event_mismatch_abs": 0, "combined_reward_sum": 3724.656124168829, "counter_mismatch_episode": 0, "distributed_potential_reward": -694.4869851827514, "entropy_mean": 0.5612850919365883, "episodes": 40, "episodes_with_updates": 40, "extrinsic_reward_sum": 3688.377027606132, "intrinsic_reward_sum": 725.5819312539569, "policy_loss_mean": 0.007535132593329763, "ratio_mean": 1.0015021085739135, "rnd_loss_mean": 0.011635610763914884, "scaled_intrinsic_reward_sum": 36.27909656269783, "steps": 755, "terminal_reward_residual": 4382.864012788884, "total_loss_mean": 0.007129489280850975, "value_loss_mean": 0.010414415027480573}, "stage": 0, "stage_name": "easy", "summary": {"aborted": 0, "backtrace_steps": 5810, "backtracks": 6, "decisions": 755, "detected": 40, "episodes": 40, "pi_visits": 546, "redundant": 0}, "sweep": 1}
TRAIN_START stage=easy sweep=1/2 circuit=c6288 difficulty=easy faults=40
TRAIN_RESULT {"circuit": "c6288", "difficulty": "easy", "learning": {"attributed_backtrace_steps": 8864, "attributed_backtracks": 17, "backtrace_event_mismatch": 0, "backtrace_event_mismatch_abs": 0, "backtrack_event_mismatch": 0, "backtrack_event_mismatch_abs": 0, "combined_reward_sum": 3630.424187156588, "counter_mismatch_episode": 0, "distributed_potential_reward": -827.3580482833255, "entropy_mean": 0.6101681903004647, "episodes": 40, "episodes_with_updates": 40, "extrinsic_reward_sum": 3570.5944249452496, "intrinsic_reward_sum": 1196.5952442267694, "policy_loss_mean": -0.0012794688227586448, "ratio_mean": 1.0025552541017533, "rnd_loss_mean": 0.00735928239300847, "scaled_intrinsic_reward_sum": 59.82976221133848, "steps": 2013, "terminal_reward_residual": 4397.9524732285745, "total_loss_mean": 0.0012203831691294908, "value_loss_mean": 0.017203067324589937}, "stage": 0, "stage_name": "easy", "summary": {"aborted": 0, "backtrace_steps": 8881, "backtracks": 17, "decisions": 2013, "detected": 40, "episodes": 40, "pi_visits": 934, "redundant": 0}, "sweep": 1}
TRAIN_START stage=easy sweep=1/2 circuit=c2670 difficulty=easy faults=40
TRAIN_RESULT {"circuit": "c2670", "difficulty": "easy", "learning": {"attributed_backtrace_steps": 1444, "attributed_backtracks": 1, "backtrace_event_mismatch": 0, "backtrace_event_mismatch_abs": 0, "backtrack_event_mismatch": 0, "backtrack_event_mismatch_abs": 0, "combined_reward_sum": 3965.525433419703, "counter_mismatch_episode": 0, "distributed_potential_reward": -358.5037560035114, "entropy_mean": 0.553512064899717, "episodes": 40, "episodes_with_updates": 35, "extrinsic_reward_sum": 3959.765356915576, "intrinsic_reward_sum": 115.20153008253035, "policy_loss_mean": -0.006955813676384943, "ratio_mean": 0.9962499414171492, "rnd_loss_mean": 0.005340057225631816, "scaled_intrinsic_reward_sum": 5.760076504126518, "steps": 275, "terminal_reward_residual": 4318.269112919087, "total_loss_mean": -0.011247940461284347, "value_loss_mean": 0.0024859867629337326}, "stage": 0, "stage_name": "easy", "summary": {"aborted": 0, "backtrace_steps": 1520, "backtracks": 1, "decisions": 275, "detected": 40, "episodes": 40, "pi_visits": 286, "redundant": 0}, "sweep": 1}

#Circuit Summary:
#---------------
#number of inputs = 36
#number of outputs = 7
#number of gates = 288
#number of wires = 324
#number of equivalent faults = 560

#Circuit Summary:
#---------------
#number of inputs = 41
#number of outputs = 32
#number of gates = 662
#number of wires = 703
#number of equivalent faults = 1158

#Circuit Summary:
#---------------
#number of inputs = 41
#number of outputs = 32
#number of gates = 590
#number of wires = 631
#number of equivalent faults = 1574

#Circuit Summary:
#---------------
#number of inputs = 33
#number of outputs = 25
#number of gates = 1056
#number of wires = 1089
#number of equivalent faults = 1876

#Circuit Summary:
#---------------
#number of inputs = 157
#number of outputs = 64
#number of gates = 1400
#number of wires = 1557
#number of equivalent faults = 2595

#Circuit Summary:
#---------------
#number of inputs = 50
#number of outputs = 22
#number of gates = 1983
#number of wires = 2033
#number of equivalent faults = 3428

#Circuit Summary:
#---------------
#number of inputs = 178
#number of outputs = 123
#number of gates = 2973
#number of wires = 3151
#number of equivalent faults = 5350

#Circuit Summary:
#---------------
#number of inputs = 207
#number of outputs = 108
#number of gates = 4042
#number of wires = 4249
#number of equivalent faults = 7550

#Circuit Summary:
#---------------
#number of inputs = 32
#number of outputs = 32
#number of gates = 2416
#number of wires = 2448
#number of equivalent faults = 7744

#Circuit Summary:
#---------------
#number of inputs = 1664
#number of outputs = 1742
#number of gates = 23319
#number of wires = 24983
#number of equivalent faults = 31180

#Circuit Summary:
#---------------
#number of inputs = 36
#number of outputs = 7
#number of gates = 288
#number of wires = 324
#number of equivalent faults = 560

#Circuit Summary:
#---------------
#number of inputs = 50
#number of outputs = 22
#number of gates = 1983
#number of wires = 2033
#number of equivalent faults = 3428

#Circuit Summary:
#---------------
#number of inputs = 1664
#number of outputs = 1742
#number of gates = 23319
#number of wires = 24983
#number of equivalent faults = 31180

#Circuit Summary:
#---------------
#number of inputs = 41
#number of outputs = 32
#number of gates = 590
#number of wires = 631
#number of equivalent faults = 1574

#Circuit Summary:
#---------------
#number of inputs = 178
#number of outputs = 123
#number of gates = 2973
#number of wires = 3151
#number of equivalent faults = 5350

#Circuit Summary:
#---------------
#number of inputs = 207
#number of outputs = 108
#number of gates = 4042
#number of wires = 4249
#number of equivalent faults = 7550

#Circuit Summary:
#---------------
#number of inputs = 41
#number of outputs = 32
#number of gates = 662
#number of wires = 703
#number of equivalent faults = 1158

#Circuit Summary:
#---------------
#number of inputs = 33
#number of outputs = 25
#number of gates = 1056
#number of wires = 1089
#number of equivalent faults = 1876

#Circuit Summary:
#---------------
#number of inputs = 32
#number of outputs = 32
#number of gates = 2416
#number of wires = 2448
#number of equivalent faults = 7744

#Circuit Summary:
#---------------
#number of inputs = 157
#number of outputs = 64
#number of gates = 1400
#number of wires = 1557
#number of equivalent faults = 2595

#Circuit Summary:
#---------------
#number of inputs = 36
#number of outputs = 7
#number of gates = 288
#number of wires = 324
#number of equivalent faults = 560

#Circuit Summary:
#---------------
#number of inputs = 41
#number of outputs = 32
#number of gates = 662
#number of wires = 703
#number of equivalent faults = 1158

#Circuit Summary:
#---------------
#number of inputs = 41
#number of outputs = 32
#number of gates = 590
#number of wires = 631
#number of equivalent faults = 1574

#Circuit Summary:
#---------------
#number of inputs = 33
#number of outputs = 25
#number of gates = 1056
#number of wires = 1089
#number of equivalent faults = 1876

#Circuit Summary:
#---------------
#number of inputs = 157
#number of outputs = 64
#numVALIDATION selection=best {"aggregate": {"aborted": 3, "decisions": 28427, "detected": 497, "mean_backtrace_ratio": 1.0459208036180778, "mean_backtrack_ratio": 1.0105426323652271, "score": [-497, 3, 1.0105426323652271, 1.0459208036180778, 28427]}, "circuits": {"c1355": {"aborted": 0, "backtrace_steps": 23285, "backtracks": 94, "decisions": 3599, "detected": 50, "episodes": 50, "pi_visits": 1906, "redundant": 0}, "c1908": {"aborted": 0, "backtrace_steps": 14975, "backtracks": 9, "decisions": 1602, "detected": 50, "episodes": 50, "pi_visits": 1022, "redundant": 0}, "c2670": {"aborted": 1, "backtrace_steps": 13213, "backtracks": 729, "decisions": 1685, "detected": 49, "episodes": 50, "pi_visits": 2153, "redundant": 0}, "c3540": {"aborted": 1, "backtrace_steps": 26017, "backtracks": 854, "decisions": 2557, "detected": 49, "episodes": 50, "pi_visits": 2413, "redundant": 0}, "c432": {"aborted": 0, "backtrace_steps": 3682, "backtracks": 8, "decisions": 1193, "detected": 50, "episodes": 50, "pi_visits": 623, "redundant": 0}, "c499": {"aborted": 1, "backtrace_steps": 47761, "backtracks": 1377, "decisions": 7261, "detected": 49, "episodes": 50, "pi_visits": 4579, "redundant": 0}, "c5315": {"aborted": 0, "backtrace_steps": 6886, "backtracks": 4, "decisions": 1133, "detected": 50, "episodes": 50, "pi_visits": 760, "redundant": 0}, "c6288": {"aborted": 0, "backtrace_steps": 31981, "backtracks": 647, "decisions": 6566, "detected": 50, "episodes": 50, "pi_visits": 2527, "redundant": 0}, "c7552": {"aborted": 0, "backtrace_steps": 11180, "backtracks": 40, "decisions": 1766, "detected": 50, "episodes": 50, "pi_visits": 1105, "redundant": 0}, "s38417_scan": {"aborted": 0, "backtrace_steps": 7149, "backtracks": 14, "decisions": 1065, "detected": 50, "episodes": 50, "pi_visits": 710, "redundant": 0}}, "label": "easy_sweep_1"}
TRAIN_START stage=easy sweep=2/2 circuit=c2670 difficulty=easy faults=40
TRAIN_RESULT {"circuit": "c2670", "difficulty": "easy", "learning": {"attributed_backtrace_steps": 1428, "attributed_backtracks": 0, "backtrace_event_mismatch": 0, "backtrace_event_mismatch_abs": 0, "backtrack_event_mismatch": 0, "backtrack_event_mismatch_abs": 0, "combined_reward_sum": 4002.711734046908, "counter_mismatch_episode": 0, "distributed_potential_reward": -319.6542627496282, "entropy_mean": 0.6173848748207093, "episodes": 40, "episodes_with_updates": 35, "extrinsic_reward_sum": 3998.61485016946, "intrinsic_reward_sum": 81.93767754894353, "policy_loss_mean": -0.00026224684427558846, "ratio_mean": 0.9944274629865374, "rnd_loss_mean": 0.0036520374273615224, "scaled_intrinsic_reward_sum": 4.096883877447176, "steps": 283, "terminal_reward_residual": 4318.269112919087, "total_loss_mean": -0.0060336567328444545, "value_loss_mean": 0.0008048775738903455}, "stage": 0, "stage_name": "easy", "summary": {"aborted": 0, "backtrace_steps": 1504, "backtracks": 0, "decisions": 283, "detected": 40, "episodes": 40, "pi_visits": 282, "redundant": 0}, "sweep": 2}
TRAIN_START stage=easy sweep=2/2 circuit=c5315 difficulty=easy faults=40
TRAIN_RESULT {"circuit": "c5315", "difficulty": "easy", "learning": {"attributed_backtrace_steps": 1716, "attributed_backtracks": 0, "backtrace_event_mismatch": 0, "backtrace_event_mismatch_abs": 0, "backtrack_event_mismatch": 0, "backtrack_event_mismatch_abs": 0, "combined_reward_sum": 3920.6727604940243, "counter_mismatch_episode": 0, "distributed_potential_reward": -383.0213196096242, "entropy_mean": 0.6199298519641161, "episodes": 40, "episodes_with_updates": 32, "extrinsic_reward_sum": 3917.342407987648, "intrinsic_reward_sum": 66.60705012751319, "policy_loss_mean": 0.0022892631313879974, "ratio_mean": 0.9959732834249735, "rnd_loss_mean": 0.0027327575226081535, "scaled_intrinsic_reward_sum": 3.3303525063756614, "steps": 304, "terminal_reward_residual": 4300.363727597271, "total_loss_mean": -0.002138289390131831, "value_loss_mean": 0.003543492037579199}, "stage": 0, "stage_name": "easy", "summary": {"aborted": 0, "backtrace_steps": 1791, "backtracks": 0, "decisions": 304, "detected": 40, "episodes": 40, "pi_visits": 281, "redundant": 0}, "sweep": 2}
TRAIN_START stage=easy sweep=2/2 circuit=s38417_scan difficulty=easy faults=40
TRAIN_RESULT {"circuit": "s38417_scan", "difficulty": "easy", "learning": {"attributed_backtrace_steps": 1255, "attributed_backtracks": 0, "backtrace_event_mismatch": 0, "backtrace_event_mismatch_abs": 0, "backtrack_event_mismatch": 0, "backtrack_event_mismatch_abs": 0, "combined_reward_sum": 3917.7447172800917, "counter_mismatch_episode": 0, "distributed_potential_reward": -215.87745098039213, "entropy_mean": 0.5250780017752397, "episodes": 40, "episodes_with_updates": 19, "extrinsic_reward_sum": 3916.666666666667, "intrinsic_reward_sum": 21.561012268503863, "policy_loss_mean": 0.008491551852785051, "ratio_mean": 0.99559002487283, "rnd_loss_mean": 0.002349561576633469, "scaled_intrinsic_reward_sum": 1.0780506134251933, "steps": 122, "terminal_reward_residual": 4132.5441176470595, "total_loss_mean": 0.004678153126549564, "value_loss_mean": 0.002874764224182214}, "stage": 0, "stage_name": "easy", "summary": {"aborted": 0, "backtrace_steps": 1393, "backtracks": 0, "decisions": 122, "detected": 40, "episodes": 40, "pi_visits": 170, "redundant": 0}, "sweep": 2}
TRAIN_START stage=easy sweep=2/2 circuit=c3540 difficulty=easy faults=40
TRAIN_RESULT {"circuit": "c3540", "difficulty": "easy", "learning": {"attributed_backtrace_steps": 4123, "attributed_backtracks": 2, "backtrace_event_mismatch": 0, "backtrace_event_mismatch_abs": 0, "backtrack_event_mismatch": 0, "backtrack_event_mismatch_abs": 0, "combined_reward_sum": 3854.1826472547436, "counter_mismatch_episode": 0, "distributed_potential_reward": -540.3870866587813, "entropy_mean": 0.6015462227165699, "episodes": 40, "episodes_with_updates": 40, "extrinsic_reward_sum": 3849.8035288739543, "intrinsic_reward_sum": 87.58236761579087, "policy_loss_mean": -0.005034366429026704, "ratio_mean": 1.0036993443965911, "rnd_loss_mean": 0.001691670817672275, "scaled_intrinsic_reward_sum": 4.379118380789544, "steps": 670, "terminal_reward_residual": 4390.190615532735, "total_loss_mean": -0.009253755700774491, "value_loss_mean": 0.0035921456081268845}, "stage": 0, "stage_name": "easy", "summary": {"aborted": 0, "backtrace_steps": 4171, "backtracks": 2, "decisions": 670, "detected": 40, "episodes": 40, "pi_visits": 475, "redundant": 0}, "sweep": 2}
TRAIN_START stage=easy sweep=2/2 circuit=c499 difficulty=easy faults=40
TRAIN_RESULT {"circuit": "c499", "difficulty": "easy", "learning": {"attributed_backtrace_steps": 14004, "attributed_backtracks": 0, "backtrace_event_mismatch": 0, "backtrace_event_mismatch_abs": 0, "backtrack_event_mismatch": 0, "backtrack_event_mismatch_abs": 0, "combined_reward_sum": 3973.675053528023, "counter_mismatch_episode": 0, "distributed_potential_reward": -436.14862390476327, "entropy_mean": 0.624676202237606, "episodes": 40, "episodes_with_updates": 40, "extrinsic_reward_sum": 3962.2471298242053, "intrinsic_reward_sum": 228.55847407634496, "policy_loss_mean": -0.0039527735072624635, "ratio_mean": 1.0005130007863046, "rnd_loss_mean": 0.0015284186723874883, "scaled_intrinsic_reward_sum": 11.427923703817248, "steps": 1979, "terminal_reward_residual": 4398.395753728969, "total_loss_mean": -0.009480655047809705, "value_loss_mean": 0.0014377610088558868}, "stage": 0, "stage_name": "easy", "summary": {"aborted": 0, "backtrace_steps": 14049, "backtracks": 0, "decisions": 1979, "detected": 40, "episodes": 40, "pi_visits": 1146, "redundant": 0}, "sweep": 2}
TRAIN_START stage=easy sweep=2/2 circuit=c1908 difficulty=easy faults=40
TRAIN_RESULT {"circuit": "c1908", "difficulty": "easy", "learning": {"attributed_backtrace_steps": 6102, "attributed_backtracks": 3, "backtrace_event_mismatch": 0, "backtrace_event_mismatch_abs": 0, "backtrack_event_mismatch": 0, "backtrack_event_mismatch_abs": 0, "combined_reward_sum": 3702.7609348663286, "counter_mismatch_episode": 0, "distributed_potential_reward": -683.8631544972554, "entropy_mean": 0.573505911231041, "episodes": 40, "episodes_with_updates": 40, "extrinsic_reward_sum": 3699.000858291628, "intrinsic_reward_sum": 75.2015314939912, "policy_loss_mean": 0.0009569824382197112, "ratio_mean": 1.0014668121933936, "rnd_loss_mean": 0.0012251779524376615, "scaled_intrinsic_reward_sum": 3.760076574699558, "steps": 825, "terminal_reward_residual": 4382.864012788883, "total_loss_mean": -0.0010037673884653487, "value_loss_mean": 0.007548618182772771}, "stage": 0, "stage_name": "easy", "summary": {"aborted": 0, "backtrace_steps": 6170, "backtracks": 3, "decisions": 825, "detected": 40, "episodes": 40, "pi_visits": 549, "redundant": 0}, "sweep": 2}
TRAIN_START stage=easy sweep=2/2 circuit=c432 difficulty=easy faults=40
TRAIN_RESULT {"circuit": "c432", "difficulty": "easy", "learning": {"attributed_backtrace_steps": 3110, "attributed_backtracks": 1, "backtrace_event_mismatch": 0, "backtrace_event_mismatch_abs": 0, "backtrack_event_mismatch": 0, "backtrack_event_mismatch_abs": 0, "combined_reward_sum": 3792.896695705388, "counter_mismatch_episode": 0, "distributed_potential_reward": -597.6248721344786, "entropy_mean": 0.48477100729942324, "episodes": 40, "episodes_with_updates": 40, "extrinsic_reward_sum": 3789.6385467979567, "intrinsic_reward_sum": 65.162978148631, "policy_loss_mean": -0.0015303342588595115, "ratio_mean": 1.0011292412877082, "rnd_loss_mean": 0.000949408471933566, "scaled_intrinsic_reward_sum": 3.2581489074315497, "steps": 922, "terminal_reward_residual": 4387.263418932434, "total_loss_mean": -0.0035916521155741066, "value_loss_mean": 0.005572782079980243}, "stage": 0, "stage_name": "easy", "summary": {"aborted": 0, "backtrace_steps": 3182, "backtracks": 1, "decisions": 922, "detected": 40, "episodes": 40, "pi_visits": 471, "redundant": 0}, "sweep": 2}
TRAIN_START stage=easy sweep=2/2 circuit=c7552 difficulty=easy faults=40
TRAIN_RESULT {"circuit": "c7552", "difficulty": "easy", "learning": {"attributed_backtrace_steps": 4978, "attributed_backtracks": 0, "backtrace_event_mismatch": 0, "backtrace_event_mismatch_abs": 0, "backtrack_event_mismatch": 0, "backtrack_event_mismatch_abs": 0, "combined_reward_sum": 3987.5698361299605, "counter_mismatch_episode": 0, "distributed_potential_reward": -377.4232803446944, "entropy_mean": 0.5199084368191267, "episodes": 40, "episodes_with_updates": 38, "extrinsic_reward_sum": 3984.9735756517994, "intrinsic_reward_sum": 51.925209563211716, "policy_loss_mean": -0.0016284508762366482, "ratio_mean": 0.9878858280809302, "rnd_loss_mean": 0.000888075356334938, "scaled_intrinsic_reward_sum": 2.596260478160584, "steps": 810, "terminal_reward_residual": 4362.396855996494, "total_loss_mean": -0.005992608304184519, "value_loss_mean": 0.0016698544365537696}, "stage": 0, "stage_name": "easy", "summary": {"aborted": 0, "backtrace_steps": 5026, "backtracks": 0, "decisions": 810, "detected": 40, "episodes": 40, "pi_visits": 530, "redundant": 0}, "sweep": 2}
TRAIN_START stage=easy sweep=2/2 circuit=c6288 difficulty=easy faults=40
TRAIN_RESULT {"circuit": "c6288", "difficulty": "easy", "learning": {"attributed_backtrace_steps": 11630, "attributed_backtracks": 107, "backtrace_event_mismatch": 0, "backtrace_event_mismatch_abs": 0, "backtrack_event_mismatch": 0, "backtrack_event_mismatch_abs": 0, "combined_reward_sum": 3331.2604246811484, "counter_mismatch_episode": 0, "distributed_potential_reward": -1074.5676560246159, "entropy_mean": 0.6404818832874298, "episodes": 40, "episodes_with_updates": 40, "extrinsic_reward_sum": 3323.3848172039593, "intrinsic_reward_sum": 157.51214954380782, "policy_loss_mean": 0.005857011038460769, "ratio_mean": 0.9980924978852272, "rnd_loss_mean": 0.0007352169515797869, "scaled_intrinsic_reward_sum": 7.875607477190393, "steps": 3004, "terminal_reward_residual": 4397.9524732285745, "total_loss_mean": 0.008409884001594037, "value_loss_mean": 0.01791538145043887}, "stage": 0, "stage_name": "easy", "summary": {"aborted": 0, "backtrace_steps": 11647, "backtracks": 107, "decisions": 3004, "detected": 40, "episodes": 40, "pi_visits": 1109, "redundant": 0}, "sweep": 2}
TRAIN_START stage=easy sweep=2/2 circuit=c1355 difficulty=easy faults=40
TRAIN_RESULT {"circuit": "c1355", "difficulty": "easy", "learning": {"attributed_backtrace_steps": 62389, "attributed_backtracks": 2923, "backtrace_event_mismatch": 0, "backtrace_event_mismatch_abs": 0, "backtrack_event_mismatch": 0, "backtrack_event_mismatch_abs": 0, "combined_reward_sum": 2360.7179219676013, "counter_mismatch_episode": 0, "distributed_potential_reward": -1286.2185093234064, "entropy_mean": 0.6035894431173802, "episodes": 40, "episodes_with_updates": 40, "extrinsic_reward_sum": 2312.6011133737084, "intrinsic_reward_sum": 962.336171877891, "policy_loss_mean": 0.1295937413815409, "ratio_mean": 1.0030252501368522, "rnd_loss_mean": 0.0008518596165231429, "scaled_intrinsic_reward_sum": 48.11680859389454, "steps": 14454, "terminal_reward_residual": 3598.819622697114, "total_loss_mean": 0.30139097552746535, "value_loss_mean": 0.3556662629620405}, "stage": 0, "stage_name": "easy", "summary": {"aborted": 4, "backtrace_steps": 62422, "backtracks": 2923, "decisions": 14454, "detected": 36, "episodes": 40, "pi_visits": 6877, "redundant": 0}, "sweep": 2}
ber of gates = 1400
#number of wires = 1557
#number of equivalent faults = 2595

#Circuit Summary:
#---------------
#number of inputs = 50
#number of outputs = 22
#number of gates = 1983
#number of wires = 2033
#number of equivalent faults = 3428

#Circuit Summary:
#---------------
#number of inputs = 178
#number of outputs = 123
#number of gates = 2973
#number of wires = 3151
#number of equivalent faults = 5350

#Circuit Summary:
#---------------
#number of inputs = 207
#number of outputs = 108
#number of gates = 4042
#number of wires = 4249
#number of equivalent faults = 7550

#Circuit Summary:
#---------------
#number of inputs = 32
#number of outputs = 32
#number of gates = 2416
#number of wires = 2448
#number of equivalent faults = 7744

#Circuit Summary:
#---------------
#number of inputs = 1664
#number of outputs = 1742
#number of gates = 23319
#number of wires = 24983
#number of equivalent faults = 31180

#Circuit Summary:
#---------------
#number of inputs = 157
#number of outputs = 64
#number of gates = 1400
#number of wires = 1557
#number of equivalent faults = 2595

#Circuit Summary:
#---------------
#number of inputs = 178
#number of outputs = 123
#number of gates = 2973
#number of wires = 3151
#number of equivalent faults = 5350

#Circuit Summary:
#---------------
#number of inputs = 1664
#number of outputs = 1742
#number of gates = 23319
#number of wires = 24983
#number of equivalent faults = 31180

#Circuit Summary:
#---------------
#number of inputs = 50
#number of outputs = 22
#number of gates = 1983
#number of wires = 2033
#number of equivalent faults = 3428

#Circuit Summary:
#---------------
#number of inputs = 41
#number of outputs = 32
#number of gates = 662
#number of wires = 703
#number of equivalent faults = 1158

#Circuit Summary:
#---------------
#number of inputs = 33
#number of outputs = 25
#number of gates = 1056
#number of wires = 1089
#number of equivalent faults = 1876

#Circuit Summary:
#---------------
#number of inputs = 36
#number of outputs = 7
#number of gates = 288
#number of wires = 324
#number of equivalent faults = 560

#Circuit Summary:
#---------------
#number of inputs = 207
#number of outputs = 108
#number of gates = 4042
#number of wires = 4249
#number of equivalent faults = 7550

#Circuit Summary:
#---------------
#number of inputs = 32
#number of outputs = 32
#number of gates = 2416
#number of wires = 2448
#number of equivalent faults = 7744

#Circuit Summary:
#---------------
#number of inputs = 41
#number of outputs = 32
#number of gates = 590
#number of wires = 631
#number of equivalent faults = 1574

#Circuit Summary:
#---------------
#number of inputs = 36
#number of outputs = 7
#number of gates = 288
#number of wires = 324
#number of equivalent faults = 560

#Circuit Summary:
#---------------
#number of inputs = 41
#number of outputs = 32
#number of gates = 662
#number of wires = 703
#number of equivalent faults = 1158

#Circuit Summary:
#---------------
#number of inputs = 41
#number of outputs = 32
#number of gates = 590
#number of wires = 631
#number of equivalent faults = 1574

#Circuit Summary:
#---------------
#number of inputs = 33
#number of outputs = 25
#number of gates = 1056
#number of wires = 1089
#number of equivalent faults = 1876

#Circuit Summary:
#---------------
#number of inputs = 157
#number of outputs = 64
#number of gates = 1400
#number of wires = 1557
#number of equivalent faults = 2595

#Circuit Summary:
#---------------
#number of inputs = 50
#number of outputs = 22
#number of gates = 1983
#number of wires = 2033
#number of equivalent faults = 3428

#Circuit Summary:
#---------------
#number of inputs = 178
#number of outputs = 123
#number of gates = 2973
#number of wires = 3151
#number of equivalent faults = 5350

#Circuit Summary:
#---------------
#number of inputs = 207
#number of outputs = 108
#number of gates = 4042
#number of wires = 4249
#number of equivalent faults = 7550

#Circuit Summary:
#---------------
#number of inputs = 32
#number of outputs = 32
#number of gates = 2416
#number of wires = 2448
#number of equivalent faults = 7VALIDATION selection=kept {"aggregate": {"aborted": 4, "decisions": 29782, "detected": 496, "mean_backtrace_ratio": 1.4484971212239048, "mean_backtrack_ratio": 7.9277731843464, "score": [-496, 4, 7.9277731843464, 1.4484971212239048, 29782]}, "circuits": {"c1355": {"aborted": 0, "backtrace_steps": 28564, "backtracks": 105, "decisions": 4137, "detected": 50, "episodes": 50, "pi_visits": 1887, "redundant": 0}, "c1908": {"aborted": 0, "backtrace_steps": 16128, "backtracks": 34, "decisions": 1843, "detected": 50, "episodes": 50, "pi_visits": 1106, "redundant": 0}, "c2670": {"aborted": 0, "backtrace_steps": 6952, "backtracks": 3, "decisions": 997, "detected": 50, "episodes": 50, "pi_visits": 729, "redundant": 0}, "c3540": {"aborted": 1, "backtrace_steps": 20787, "backtracks": 624, "decisions": 2715, "detected": 49, "episodes": 50, "pi_visits": 1965, "redundant": 0}, "c432": {"aborted": 1, "backtrace_steps": 18435, "backtracks": 694, "decisions": 2771, "detected": 49, "episodes": 50, "pi_visits": 2258, "redundant": 0}, "c499": {"aborted": 0, "backtrace_steps": 32218, "backtracks": 419, "decisions": 3917, "detected": 50, "episodes": 50, "pi_visits": 2494, "redundant": 0}, "c5315": {"aborted": 0, "backtrace_steps": 8438, "backtracks": 40, "decisions": 1274, "detected": 50, "episodes": 50, "pi_visits": 822, "redundant": 0}, "c6288": {"aborted": 0, "backtrace_steps": 35900, "backtracks": 660, "decisions": 6998, "detected": 50, "episodes": 50, "pi_visits": 2629, "redundant": 0}, "c7552": {"aborted": 2, "backtrace_steps": 32161, "backtracks": 1205, "decisions": 4261, "detected": 48, "episodes": 50, "pi_visits": 3787, "redundant": 0}, "s38417_scan": {"aborted": 0, "backtrace_steps": 7091, "backtracks": 141, "decisions": 869, "detected": 50, "episodes": 50, "pi_visits": 750, "redundant": 0}}, "label": "easy_sweep_2"}
TRAIN_START stage=medium sweep=1/2 circuit=c1355 difficulty=medium faults=40
TRAIN_RESULT {"circuit": "c1355", "difficulty": "medium", "learning": {"attributed_backtrace_steps": 25320, "attributed_backtracks": 235, "backtrace_event_mismatch": 0, "backtrace_event_mismatch_abs": 0, "backtrack_event_mismatch": 0, "backtrack_event_mismatch_abs": 0, "combined_reward_sum": 3446.616178433194, "counter_mismatch_episode": 0, "distributed_potential_reward": -1136.871323472264, "entropy_mean": 0.41115115359425547, "episodes": 40, "episodes_with_updates": 40, "extrinsic_reward_sum": 3442.297615845878, "intrinsic_reward_sum": 215.9281293657379, "policy_loss_mean": -0.03403060215059668, "ratio_mean": 1.0006983682513237, "rnd_loss_mean": 0.0005629950923321303, "scaled_intrinsic_reward_sum": 4.318562587314759, "steps": 4404, "terminal_reward_residual": 4579.168939318142, "total_loss_mean": -0.01913568495074287, "value_loss_mean": 0.03390134409710299}, "stage": 1, "stage_name": "medium", "summary": {"aborted": 0, "backtrace_steps": 25363, "backtracks": 235, "decisions": 4404, "detected": 40, "episodes": 40, "pi_visits": 2009, "redundant": 0}, "sweep": 1}
TRAIN_START stage=medium sweep=1/2 circuit=c1908 difficulty=easy faults=40
TRAIN_RESULT {"circuit": "c1908", "difficulty": "easy", "learning": {"attributed_backtrace_steps": 15950, "attributed_backtracks": 501, "backtrace_event_mismatch": 0, "backtrace_event_mismatch_abs": 0, "backtrack_event_mismatch": 0, "backtrack_event_mismatch_abs": 0, "combined_reward_sum": 3459.5571083919767, "counter_mismatch_episode": 0, "distributed_potential_reward": -725.2655109667434, "entropy_mean": 0.34682857654988763, "episodes": 40, "episodes_with_updates": 40, "extrinsic_reward_sum": 3457.59850182214, "intrinsic_reward_sum": 97.93032849178897, "policy_loss_mean": -0.005167929758317769, "ratio_mean": 1.006797705590725, "rnd_loss_mean": 0.0006268107608775608, "scaled_intrinsic_reward_sum": 1.9586065698357804, "steps": 1984, "terminal_reward_residual": 4182.864012788884, "total_loss_mean": 0.04311608900316059, "value_loss_mean": 0.10003633911255747}, "stage": 1, "stage_name": "medium", "summary": {"aborted": 1, "backtrace_steps": 16018, "backtracks": 501, "decisions": 1984, "detected": 39, "episodes": 40, "pi_visits": 1586, "redundant": 0}, "sweep": 1}
TRAIN_START stage=medium sweep=1/2 circuit=c3540 difficulty=easy faults=40
TRAIN_RESULT {"circuit": "c3540", "difficulty": "easy", "learning": {"attributed_backtrace_steps": 4786, "attributed_backtracks": 15, "backtrace_event_mismatch": 0, "backtrace_event_mismatch_abs": 0, "backtrack_event_mismatch": 0, "backtrack_event_mismatch_abs": 0, "combined_reward_sum": 3762.517908645006, "counter_mismatch_episode": 0, "distributed_potential_reward": -628.8208079061704, "entropy_mean": 0.3512058585882187, "episodes": 40, "episodes_with_updates": 40, "extrinsic_reward_sum": 3761.369807626564, "intrinsic_reward_sum": 57.40505092209147, "policy_loss_mean": -0.015563069668132812, "ratio_mean": 1.0016538083553315, "rnd_loss_mean": 0.0007470197480870411, "scaled_intrinsic_reward_sum": 1.148101018441829, "steps": 834, "terminal_reward_residual": 4390.190615532735, "total_loss_mean": -0.01242274879477918, "value_loss_mean": 0.009792702652339358}, "stage": 1, "stage_name": "medium", "summary": {"aborted": 0, "backtrace_steps": 4834, "backtracks": 15, "decisions": 834, "detected": 40, "episodes": 40, "pi_visits": 547, "redundant": 0}, "sweep": 1}
TRAIN_START stage=medium sweep=1/2 circuit=c499 difficulty=easy faults=40
TRAIN_RESULT {"circuit": "c499", "difficulty": "easy", "learning": {"attributed_backtrace_steps": 20490, "attributed_backtracks": 500, "backtrace_event_mismatch": 0, "backtrace_event_mismatch_abs": 0, "backtrack_event_mismatch": 0, "backtrack_event_mismatch_abs": 0, "combined_reward_sum": 3675.731378520421, "counter_mismatch_episode": 0, "distributed_potential_reward": -524.848240037674, "entropy_mean": 0.40692325606942176, "episodes": 40, "episodes_with_updates": 40, "extrinsic_reward_sum": 3673.5475136912946, "intrinsic_reward_sum": 109.19324145636376, "policy_loss_mean": 0.02250896133482456, "ratio_mean": 1.0008254513144492, "rnd_loss_mean": 0.00047328663858934303, "scaled_intrinsic_reward_sum": 2.183864829127276, "steps": 2537, "terminal_reward_residual": 4198.395753728968, "total_loss_mean": 0.07169184123049491, "value_loss_mean": 0.10243497867777478}, "stage": 1, "stage_name": "medium", "summary": {"aborted": 1, "backtrace_steps": 20535, "backtracks": 500, "decisions": 2537, "detected": 39, "episodes": 40, "pi_visits": 2153, "redundant": 0}, "sweep": 1}
TRAIN_START stage=medium sweep=1/2 circuit=c1908 difficulty=medium faults=40
TRAIN_RESULT {"circuit": "c1908", "difficulty": "medium", "learning": {"attributed_backtrace_steps": 7684, "attributed_backtracks": 3, "backtrace_event_mismatch": 0, "backtrace_event_mismatch_abs": 0, "backtrack_event_mismatch": 0, "backtrack_event_mismatch_abs": 0, "combined_reward_sum": 3864.374035270529, "counter_mismatch_episode": 0, "distributed_potential_reward": -529.5948432201634, "entropy_mean": 0.5115952171385288, "episodes": 40, "episodes_with_updates": 40, "extrinsic_reward_sum": 3863.5515645064525, "intrinsic_reward_sum": 41.12353820384259, "policy_loss_mean": -0.006319357917527668, "ratio_mean": 1.0020495668053626, "rnd_loss_mean": 0.00043309067405061796, "scaled_intrinsic_reward_sum": 0.8224707640768517, "steps": 1009, "terminal_reward_residual": 4393.146407726616, "total_loss_mean": -0.006136178234010003, "value_loss_mean": 0.005482312379172072}, "stage": 1, "stage_name": "medium", "summary": {"aborted": 0, "backtrace_steps": 7766, "backtracks": 3, "decisions": 1009, "detected": 40, "episodes": 40, "pi_visits": 680, "redundant": 0}, "sweep": 1}
TRAIN_START stage=medium sweep=1/2 circuit=c7552 difficulty=easy faults=40
TRAIN_RESULT {"circuit": "c7552", "difficulty": "easy", "learning": {"attributed_backtrace_steps": 8553, "attributed_backtracks": 15, "backtrace_event_mismatch": 0, "backtrace_event_mismatch_abs": 0, "backtrack_event_mismatch": 0, "backtrack_event_mismatch_abs": 0, "combined_reward_sum": 3780.132397980446, "counter_mismatch_episode": 0, "distributed_potential_reward": -583.4248733972528, "entropy_mean": 0.5918268388823459, "episodes": 40, "episodes_with_updates": 38, "extrinsic_reward_sum": 3778.97198259924, "intrinsic_reward_sum": 58.02076906017385, "policy_loss_mean": 0.0032295682099892906, "ratio_mean": 0.9993464758521632, "rnd_loss_mean": 0.0005688892966932862, "scaled_intrinsic_reward_sum": 1.160415381203477, "steps": 1185, "terminal_reward_residual": 4362.396855996494, "total_loss_mean": 0.003740559549585573, "value_loss_mean": 0.00694025363420798}, "stage": 1, "stage_name": "medium", "summary": {"aborted": 0, "backtrace_steps": 8601, "backtracks": 15, "decisions": 1185, "detected": 40, "episodes": 40, "pi_visits": 795, "redundant": 0}, "sweep": 1}
TRAIN_START stage=medium sweep=1/2 circuit=c2670 difficulty=easy faults=40
TRAIN_RESULT {"circuit": "c2670", "difficulty": "easy", "learning": {"attributed_backtrace_steps": 1590, "attributed_backtracks": 0, "backtrace_event_mismatch": 0, "backtrace_event_mismatch_abs": 0, "backtrack_event_mismatch": 0, "backtrack_event_mismatch_abs": 0, "combined_reward_sum": 3940.6887606179857, "counter_mismatch_episode": 0, "distributed_potential_reward": -377.8228210921028, "entropy_mean": 0.5823162181036813, "episodes": 40, "episodes_with_updates": 35, "extrinsic_reward_sum": 3940.446291826985, "intrinsic_reward_sum": 12.123439550067793, "policy_loss_mean": -0.0050957139115780595, "ratio_mean": 0.998318236214774, "rnd_loss_mean": 0.0004672057186585984, "scaled_intrinsic_reward_sum": 0.2424687910013559, "steps": 292, "terminal_reward_residual": 4318.269112919087, "total_loss_mean": -0.006919748193052198, "value_loss_mean": 0.002175094215739851}, "stage": 1, "stage_name": "medium", "summary": {"aborted": 0, "backtrace_steps": 1666, "backtracks": 0, "decisions": 292, "detected": 40, "episodes": 40, "pi_visits": 296, "redundant": 0}, "sweep": 1}
TRAIN_START stage=medium sweep=1/2 circuit=s38417_scan difficulty=medium faults=40
TRAIN_RESULT {"circuit": "s38417_scan", "difficulty": "medium", "learning": {"attributed_backtrace_steps": 5034, "attributed_backtracks": 2, "backtrace_event_mismatch": 0, "backtrace_event_mismatch_abs": 0, "backtrack_event_mismatch": 0, "backtrack_event_mismatch_abs": 0, "combined_reward_sum": 3890.2705492570512, "counter_mismatch_episode": 0, "distributed_potential_reward": -491.1023390417699, "entropy_mean": 0.6060586221516132, "episodes": 40, "episodes_with_updates": 40, "extrinsic_reward_sum": 3889.621564057021, "intrinsic_reward_sum": 32.449260001505166, "policy_loss_mean": -0.0007564487306808588, "ratio_mean": 0.997973358631134, "rnd_loss_mean": 0.00044891541037941354, "scaled_intrinsic_reward_sum": 0.6489852000301032, "steps": 780, "terminal_reward_residual": 4380.723903098789, "total_loss_mean": -0.0019443650598987006, "value_loss_mean": 0.0036847538263828027}, "stage": 1, "stage_name": "medium", "summary": {"aborted": 0, "backtrace_steps": 5114, "backtracks": 2, "decisions": 780, "detected": 40, "episodes": 40, "pi_visits": 560, "redundant": 0}, "sweep": 1}
TRAIN_START stage=medium sweep=1/2 circuit=c6288 difficulty=easy faults=40
TRAIN_RESULT {"circuit": "c6288", "difficulty": "easy", "learning": {"attributed_backtrace_steps": 17495, "attributed_backtracks": 447, "backtrace_event_mismatch": 0, "backtrace_event_mismatch_abs": 0, "backtrack_event_mismatch": 0, "backtrack_event_mismatch_abs": 0, "combined_reward_sum": 3382.168725611443, "counter_mismatch_episode": 0, "distributed_potential_reward": -1018.5406174810095, "entropy_mean": 0.5967133976519108, "episodes": 40, "episodes_with_updates": 40, "extrinsic_reward_sum": 3379.411855747565, "intrinsic_reward_sum": 137.84349319386615, "policy_loss_mean": 0.005915918457321823, "ratio_mean": 0.9960461035370827, "rnd_loss_mean": 0.00036661386729974765, "scaled_intrinsic_reward_sum": 2.756869863877323, "steps": 3679, "terminal_reward_residual": 4397.9524732285745, "total_loss_mean": 0.012325612686981912, "value_loss_mean": 0.018786522523441818}, "stage": 1, "stage_name": "medium", "summary": {"aborted": 0, "backtrace_steps": 17512, "backtracks": 447, "decisions": 3679, "detected": 40, "episodes": 40, "pi_visits": 1787, "redundant": 0}, "sweep": 1}
TRAIN_START stage=medium sweep=1/2 circuit=c5315 difficulty=medium faults=40
TRAIN_RESULT {"circuit": "c5315", "difficulty": "medium", "learning": {"attributed_backtrace_steps": 6807, "attributed_backtracks": 7, "backtrace_event_mismatch": 0, "backtrace_event_mismatch_abs": 0, "backtrack_event_mismatch": 0, "backtrack_event_mismatch_abs": 0, "combined_reward_sum": 3813.1594495508493, "counter_mismatch_episode": 0, "distributed_potential_reward": -580.5097648156528, "entropy_mean": 0.547148772329092, "episodes": 40, "episodes_with_updates": 40, "extrinsic_reward_sum": 3812.0077710920236, "intrinsic_reward_sum": 57.5839229412524, "policy_loss_mean": 0.004098212224198506, "ratio_mean": 1.0018683150410652, "rnd_loss_mean": 0.00053831771001569, "scaled_intrinsic_reward_sum": 1.151678458825048, "steps": 1111, "terminal_reward_residual": 4392.517535907676, "total_loss_mean": 0.007451327866874635, "value_loss_mean": 0.012177721528860274}, "stage": 1, "stage_name": "medium", "summary": {"aborted": 0, "backtrace_steps": 6899, "backtracks": 7, "decisions": 1111, "detected": 40, "episodes": 40, "pi_visits": 761, "redundant": 0}, "sweep": 1}
TRAIN_START stage=medium sweep=1/2 circuit=c1355 difficulty=easy faults=40
TRAIN_RESULT {"circuit": "c1355", "difficulty": "easy", "learning": {"attributed_backtrace_steps": 14897, "attributed_backtracks": 36, "backtrace_event_mismatch": 0, "backtrace_event_mismatch_abs": 0, "backtrack_event_mismatch": 0, "backtrack_event_mismatch_abs": 0, "combined_reward_sum": 3555.3969402418006, "counter_mismatch_episode": 0, "distributed_potential_reward": -845.2010118728031, "entropy_mean": 0.5270987667143345, "episodes": 40, "episodes_with_updates": 40, "extrinsic_reward_sum": 3553.6186108243132, "intrinsic_reward_sum": 88.91647087432726, "policy_loss_mean": 0.011272677918896079, "ratio_mean": 1.0005202740430832, "rnd_loss_mean": 0.00034208630604553035, "scaled_intrinsic_reward_sum": 1.778329417486545, "steps": 2623, "terminal_reward_residual": 4398.819622697116, "total_loss_mean": 0.020972661208361387, "value_loss_mean": 0.02467094811145216}, "stage": 1, "stage_name": "medium", "summary": {"aborted": 0, "backtrace_steps": 14930, "backtracks": 36, "decisions": 2623, "detected": 40, "episodes": 40, "pi_visits": 1166, "redundant": 0}, "sweep": 1}
TRAIN_START stage=medium sweep=1/2 circuit=c3540 difficulty=medium faults=40
TRAIN_RESULT {"circuit": "c3540", "difficulty": "medium", "learning": {"attributed_backtrace_steps": 8195, "attributed_backtracks": 37, "backtrace_event_mismatch": 0, "backtrace_event_mismatch_abs": 0, "backtrack_event_mismatch": 0, "backtrack_event_mismatch_abs": 0, "combined_reward_sum": 3967.231996023078, "counter_mismatch_episode": 0, "distributed_potential_reward": -769.3345873358321, "entropy_mean": 0.6324861615896225, "episodes": 40, "episodes_with_updates": 40, "extrinsic_reward_sum": 3966.0461485244305, "intrinsic_reward_sum": 59.29237493253002, "policy_loss_mean": -0.040956568426918236, "ratio_mean": 1.0059720948338509, "rnd_loss_mean": 0.0005540689176996239, "scaled_intrinsic_reward_sum": 1.1858474986506005, "steps": 1098, "terminal_reward_residual": 4735.380735860262, "total_loss_mean": -0.03340261107077822, "value_loss_mean": 0.02143277528739418}, "stage": 1, "stage_name": "medium", "summary": {"aborted": 0, "backtrace_steps": 8254, "backtracks": 37, "decisions": 1098, "detected": 40, "episodes": 40, "pi_visits": 708, "redundant": 0}, "sweep": 1}
TRAIN_START stage=medium sweep=1/2 circuit=c499 difficulty=medium faults=40
TRAIN_RESULT {"circuit": "c499", "difficulty": "medium", "learning": {"attributed_backtrace_steps": 18943, "attributed_backtracks": 3, "backtrace_event_mismatch": 0, "backtrace_event_mismatch_abs": 0, "backtrack_event_mismatch": 0, "backtrack_event_mismatch_abs": 0, "combined_reward_sum": 3971.106257354263, "counter_mismatch_episode": 0, "distributed_potential_reward": -429.9196299182185, "entropy_mean": 0.6541204765439034, "episodes": 40, "episodes_with_updates": 40, "extrinsic_reward_sum": 3969.350288977258, "intrinsic_reward_sum": 87.79841885026268, "policy_loss_mean": 0.01233018158818595, "ratio_mean": 0.9991398498415947, "rnd_loss_mean": 0.00032502252906851936, "scaled_intrinsic_reward_sum": 1.755968377005253, "steps": 2695, "terminal_reward_residual": 4399.2699188954775, "total_loss_mean": 0.011682683475373778, "value_loss_mean": 0.0052462085943261625}, "stage": 1, "stage_name": "medium", "summary": {"aborted": 0, "backtrace_steps": 18980, "backtracks": 3, "decisions": 2695, "detected": 40, "episodes": 40, "pi_visits": 1579, "redundant": 0}, "sweep": 1}
TRAIN_START stage=medium sweep=1/2 circuit=c432 difficulty=medium faults=40
TRAIN_RESULT {"circuit": "c432", "difficulty": "medium", "learning": {"attributed_backtrace_steps": 12834, "attributed_backtracks": 509, "backtrace_event_mismatch": 0, "backtrace_event_mismatch_abs": 0, "backtrack_event_mismatch": 0, "backtrack_event_mismatch_abs": 0, "combined_reward_sum": 3576.7222836904148, "counter_mismatch_episode": 0, "distributed_potential_reward": -680.0125130749454, "entropy_mean": 0.4939364314079285, "episodes": 40, "episodes_with_updates": 40, "extrinsic_reward_sum": 3575.0572368433914, "intrinsic_reward_sum": 83.25234235110386, "policy_loss_mean": 0.024500930623617023, "ratio_mean": 1.001469925045967, "rnd_loss_mean": 0.000375922739476664, "scaled_intrinsic_reward_sum": 1.6650468470220767, "steps": 2410, "terminal_reward_residual": 4255.069749918337, "total_loss_mean": 0.07539568722131662, "value_loss_mean": 0.10672886717948131}, "stage": 1, "stage_name": "medium", "summary": {"aborted": 1, "backtrace_steps": 12879, "backtracks": 509, "decisions": 2410, "detected": 39, "episodes": 40, "pi_visits": 1587, "redundant": 0}, "sweep": 1}
TRAIN_START stage=medium sweep=1/2 circuit=c6288 difficulty=medium faults=40
TRAIN_RESULT {"circuit": "c6288", "difficulty": "medium", "learning": {"attributed_backtrace_steps": 42782, "attributed_backtracks": 805, "backtrace_event_mismatch": 0, "backtrace_event_mismatch_abs": 0, "backtrack_event_mismatch": 0, "backtrack_event_mismatch_abs": 0, "combined_reward_sum": 3378.194173014842, "counter_mismatch_episode": 0, "distributed_potential_reward": -825.5990692400259, "entropy_mean": 0.5253340803086758, "episodes": 40, "episodes_with_updates": 40, "extrinsic_reward_sum": 3374.3828148179464, "intrinsic_reward_sum": 190.567909844725, "policy_loss_mean": 0.044510703440755604, "ratio_mean": 0.9996006309986114, "rnd_loss_mean": 0.0002803976312861778, "scaled_intrinsic_reward_sum": 3.8113581968945005, "steps": 7536, "terminal_reward_residual": 4199.981884057972, "total_loss_mean": 0.09456016743788495, "value_loss_mean": 0.10535226150241214}, "stage": 1, "stage_name": "medium", "summary": {"aborted": 1, "backtrace_steps": 42783, "backtracks": 805, "decisions": 7536, "detected": 39, "episodes": 40, "pi_visits": 2680, "redundant": 0}, "sweep": 1}
TRAIN_START stage=medium sweep=1/2 circuit=c5315 difficulty=easy faults=40
TRAIN_RESULT {"circuit": "c5315", "difficulty": "easy", "learning": {"attributed_backtrace_steps": 1206, "attributed_backtracks": 1, "backtrace_event_mismatch": 0, "backtrace_event_mismatch_abs": 0, "backtrack_event_mismatch": 0, "backtrack_event_mismatch_abs": 0, "combined_reward_sum": 3928.0804693690056, "counter_mismatch_episode": 0, "distributed_potential_reward": -372.5216143728059, "entropy_mean": 0.4431542893871665, "episodes": 40, "episodes_with_updates": 32, "extrinsic_reward_sum": 3927.842113224466, "intrinsic_reward_sum": 11.917807227011119, "policy_loss_mean": -0.017333496565697715, "ratio_mean": 0.9981718547642231, "rnd_loss_mean": 0.0004436556719156215, "scaled_intrinsic_reward_sum": 0.23835614454022241, "steps": 250, "terminal_reward_residual": 4300.363727597271, "total_loss_mean": -0.01765931156114675, "value_loss_mean": 0.003779910362368355}, "stage": 1, "stage_name": "medium", "summary": {"aborted": 0, "backtrace_steps": 1281, "backtracks": 1, "decisions": 250, "detected": 40, "episodes": 40, "pi_visits": 258, "redundant": 0}, "sweep": 1}
TRAIN_START stage=medium sweep=1/2 circuit=c432 difficulty=easy faults=40
TRAIN_RESULT {"circuit": "c432", "difficulty": "easy", "learning": {"attributed_backtrace_steps": 2289, "attributed_backtracks": 1, "backtrace_event_mismatch": 0, "backtrace_event_mismatch_abs": 0, "backtrack_event_mismatch": 0, "backtrack_event_mismatch_abs": 0, "combined_reward_sum": 3921.8338613105598, "counter_mismatch_episode": 0, "distributed_potential_reward": -466.1184225546806, "entropy_mean": 0.27455457746982576, "episodes": 40, "episodes_with_updates": 40, "extrinsic_reward_sum": 3921.1449963777545, "intrinsic_reward_sum": 34.44324664027359, "policy_loss_mean": -0.010432916961144656, "ratio_mean": 0.9996464312076568, "rnd_loss_mean": 0.0004266973650373984, "scaled_intrinsic_reward_sum": 0.6888649328054718, "steps": 757, "terminal_reward_residual": 4387.263418932434, "total_loss_mean": -0.010320724570192397, "value_loss_mean": 0.0029699313119635916}, "stage": 1, "stage_name": "medium", "summary": {"aborted": 0, "backtrace_steps": 2361, "backtracks": 1, "decisions": 757, "detected": 40, "episodes": 40, "pi_visits": 432, "redundant": 0}, "sweep": 1}
TRAIN_START stage=medium sweep=1/2 circuit=s38417_scan difficulty=easy faults=40
TRAIN_RESULT {"circuit": "s38417_scan", "difficulty": "easy", "learning": {"attributed_backtrace_steps": 161, "attributed_backtracks": 0, "backtrace_event_mismatch": 0, "backtrace_event_mismatch_abs": 0, "backtrack_event_mismatch": 0, "backtrack_event_mismatch_abs": 0, "combined_reward_sum": 3980.023968578071, "counter_mismatch_episode": 0, "distributed_potential_reward": -152.54411764705878, "entropy_mean": 0.31569660964765045, "episodes": 40, "episodes_with_updates": 19, "extrinsic_reward_sum": 3980.0, "intrinsic_reward_sum": 1.198428903549995, "policy_loss_mean": 0.012881068904933176, "ratio_mean": 0.9920800516479894, "rnd_loss_mean": 0.0003299424118411384, "scaled_intrinsic_reward_sum": 0.0239685780709999, "steps": 37, "terminal_reward_residual": 4132.5441176470595, "total_loss_mean": 0.012024410436616131, "value_loss_mean": 0.0014436477603770694}, "stage": 1, "stage_name": "medium", "summary": {"aborted": 0, "backtrace_steps": 299, "backtracks": 0, "decisions": 37, "detected": 40, "episodes": 40, "pi_visits": 126, "redundant": 0}, "sweep": 1}
TRAIN_START stage=medium sweep=1/2 circuit=c2670 difficulty=medium faults=40
TRAIN_RESULT {"circuit": "c2670", "difficulty": "medium", "learning": {"attributed_backtrace_steps": 7523, "attributed_backtracks": 2, "backtrace_event_mismatch": 0, "backtrace_event_mismatch_abs": 0, "backtrack_event_mismatch": 0, "backtrack_event_mismatch_abs": 0, "combined_reward_sum": 3896.2176666248024, "counter_mismatch_episode": 0, "distributed_potential_reward": -500.0001848312606, "entropy_mean": 0.4896412953734398, "episodes": 40, "episodes_with_updates": 40, "extrinsic_reward_sum": 3895.431560436566, "intrinsic_reward_sum": 39.30530941185327, "policy_loss_mean": -0.00400714676361531, "ratio_mean": 1.0005845516920089, "rnd_loss_mean": 0.00032296152676281054, "scaled_intrinsic_reward_sum": 0.7861061882370658, "steps": 1147, "terminal_reward_residual": 4395.431745267826, "total_loss_mean": -0.0044507979997433725, "value_loss_mean": 0.004009109761682339}, "stage": 1, "stage_name": "medium", "summary": {"aborted": 0, "backtrace_steps": 7591, "backtracks": 2, "decisions": 1147, "detected": 40, "episodes": 40, "pi_visits": 794, "redundant": 0}, "sweep": 1}
TRAIN_START stage=medium sweep=1/2 circuit=c7552 difficulty=medium faults=40
TRAIN_RESULT {"circuit": "c7552", "difficulty": "medium", "learning": {"attributed_backtrace_steps": 16231, "attributed_backtracks": 71, "backtrace_event_mismatch": 0, "backtrace_event_mismatch_abs": 0, "backtrack_event_mismatch": 0, "backtrack_event_mismatch_abs": 0, "combined_reward_sum": 4052.341458518327, "counter_mismatch_episode": 0, "distributed_potential_reward": -607.9672984237307, "entropy_mean": 0.5559441693127155, "episodes": 40, "episodes_with_updates": 40, "extrinsic_reward_sum": 4051.074117356995, "intrinsic_reward_sum": 63.36705806658503, "policy_loss_mean": -0.02520150491036475, "ratio_mean": 1.0032871440052986, "rnd_loss_mean": 0.0002662070946826134, "scaled_intrinsic_reward_sum": 1.2673411613317007, "steps": 2230, "terminal_reward_residual": 4659.041415780726, "total_loss_mean": -0.01979358182288706, "value_loss_mean": 0.016375288953713606}, "stage": 1, "stage_name": "medium", "summary": {"aborted": 0, "backtrace_steps": 16267, "backtracks": 71, "decisions": 2230, "detected": 40, "episodes": 40, "pi_visits": 1418, "redundant": 0}, "sweep": 1}
744

#Circuit Summary:
#---------------
#number of inputs = 1664
#number of outputs = 1742
#number of gates = 23319
#number of wires = 24983
#number of equivalent faults = 31180

#Circuit Summary:
#---------------
#number of inputs = 41
#number of outputs = 32
#number of gates = 590
#number of wires = 631
#number of equivalent faults = 1574

#Circuit Summary:
#---------------
#number of inputs = 33
#number of outputs = 25
#number of gates = 1056
#number of wires = 1089
#number of equivalent faults = 1876

#Circuit Summary:
#---------------
#number of inputs = 50
#number of outputs = 22
#number of gates = 1983
#number of wires = 2033
#number of equivalent faults = 3428

#Circuit Summary:
#---------------
#number of inputs = 41
#number of outputs = 32
#number of gates = 662
#number of wires = 703
#number of equivalent faults = 1158

#Circuit Summary:
#---------------
#number of inputs = 33
#number of outputs = 25
#number of gates = 1056
#number of wires = 1089
#number of equivalent faults = 1876

#Circuit Summary:
#---------------
#number of inputs = 207
#number of outputs = 108
#number of gates = 4042
#number of wires = 4249
#number of equivalent faults = 7550

#Circuit Summary:
#---------------
#number of inputs = 157
#number of outputs = 64
#number of gates = 1400
#number of wires = 1557
#number of equivalent faults = 2595

#Circuit Summary:
#---------------
#number of inputs = 1664
#number of outputs = 1742
#number of gates = 23319
#number of wires = 24983
#number of equivalent faults = 31180

#Circuit Summary:
#---------------
#number of inputs = 32
#number of outputs = 32
#number of gates = 2416
#number of wires = 2448
#number of equivalent faults = 7744

#Circuit Summary:
#---------------
#number of inputs = 178
#number of outputs = 123
#number of gates = 2973
#number of wires = 3151
#number of equivalent faults = 5350

#Circuit Summary:
#---------------
#number of inputs = 41
#number of outputs = 32
#number of gates = 590
#number of wires = 631
#number of equivalent faults = 1574

#Circuit Summary:
#---------------
#number of inputs = 50
#number of outputs = 22
#number of gates = 1983
#number of wires = 2033
#number of equivalent faults = 3428

#Circuit Summary:
#---------------
#number of inputs = 41
#number of outputs = 32
#number of gates = 662
#number of wires = 703
#number of equivalent faults = 1158

#Circuit Summary:
#---------------
#number of inputs = 36
#number of outputs = 7
#number of gates = 288
#number of wires = 324
#number of equivalent faults = 560

#Circuit Summary:
#---------------
#number of inputs = 32
#number of outputs = 32
#number of gates = 2416
#number of wires = 2448
#number of equivalent faults = 7744

#Circuit Summary:
#---------------
#number of inputs = 178
#number of outputs = 123
#number of gates = 2973
#number of wires = 3151
#number of equivalent faults = 5350

#Circuit Summary:
#---------------
#number of inputs = 36
#number of outputs = 7
#number of gates = 288
#number of wires = 324
#number of equivalent faults = 560

#Circuit Summary:
#---------------
#number of inputs = 1664
#number of outputs = 1742
#number of gates = 23319
#number of wires = 24983
#number of equivalent faults = 31180

#Circuit Summary:
#---------------
#number of inputs = 157
#number of outputs = 64
#number of gates = 1400
#number of wires = 1557
#number of equivalent faults = 2595

#Circuit Summary:
#---------------
#number of inputs = 207
#number of outputs = 108
#number of gates = 4042
#number of wires = 4249
#number of equivalent faults = 7550

#Circuit Summary:
#---------------
#number of inputs = 36
#number of outputs = 7
#number of gates = 288
#number of wires = 324
#number of equivalent faults = 560

#Circuit Summary:
#---------------
#number of inputs = 41
#number of outputs = 32
#number of gates = 662
#number of wires = 703
#number of equivalent faults = 1158

#Circuit Summary:
#---------------
#number of inputs = 41
#number of outputs = 32
#number of gates = 590
#number of wires = 631
#number of equivalent faults = 1574

#Circuit Summary:
#---------------
#number of inputs = 33
#number of outputsVALIDATION selection=kept {"aggregate": {"aborted": 3, "decisions": 26245, "detected": 497, "mean_backtrace_ratio": 1.0127461639467332, "mean_backtrack_ratio": 1.0151890119083684, "score": [-497, 3, 1.0151890119083684, 1.0127461639467332, 26245]}, "circuits": {"c1355": {"aborted": 0, "backtrace_steps": 23106, "backtracks": 52, "decisions": 3395, "detected": 50, "episodes": 50, "pi_visits": 1851, "redundant": 0}, "c1908": {"aborted": 0, "backtrace_steps": 14722, "backtracks": 12, "decisions": 1558, "detected": 50, "episodes": 50, "pi_visits": 1006, "redundant": 0}, "c2670": {"aborted": 1, "backtrace_steps": 13213, "backtracks": 729, "decisions": 1685, "detected": 49, "episodes": 50, "pi_visits": 2153, "redundant": 0}, "c3540": {"aborted": 1, "backtrace_steps": 25957, "backtracks": 845, "decisions": 2519, "detected": 49, "episodes": 50, "pi_visits": 2404, "redundant": 0}, "c432": {"aborted": 0, "backtrace_steps": 3682, "backtracks": 8, "decisions": 1193, "detected": 50, "episodes": 50, "pi_visits": 623, "redundant": 0}, "c499": {"aborted": 1, "backtrace_steps": 37680, "backtracks": 807, "decisions": 5457, "detected": 49, "episodes": 50, "pi_visits": 3389, "redundant": 0}, "c5315": {"aborted": 0, "backtrace_steps": 6616, "backtracks": 4, "decisions": 1063, "detected": 50, "episodes": 50, "pi_visits": 735, "redundant": 0}, "c6288": {"aborted": 0, "backtrace_steps": 31981, "backtracks": 647, "decisions": 6566, "detected": 50, "episodes": 50, "pi_visits": 2527, "redundant": 0}, "c7552": {"aborted": 0, "backtrace_steps": 11156, "backtracks": 40, "decisions": 1744, "detected": 50, "episodes": 50, "pi_visits": 1101, "redundant": 0}, "s38417_scan": {"aborted": 0, "backtrace_steps": 7149, "backtracks": 14, "decisions": 1065, "detected": 50, "episodes": 50, "pi_visits": 710, "redundant": 0}}, "label": "medium_sweep_1"}
TRAIN_START stage=medium sweep=2/2 circuit=c432 difficulty=medium faults=40
TRAIN_RESULT {"circuit": "c432", "difficulty": "medium", "learning": {"attributed_backtrace_steps": 4852, "attributed_backtracks": 15, "backtrace_event_mismatch": 0, "backtrace_event_mismatch_abs": 0, "backtrack_event_mismatch": 0, "backtrack_event_mismatch_abs": 0, "combined_reward_sum": 3724.7625200569205, "counter_mismatch_episode": 0, "distributed_potential_reward": -731.0703771106507, "entropy_mean": 0.4994840405881405, "episodes": 40, "episodes_with_updates": 40, "extrinsic_reward_sum": 3723.9993728076865, "intrinsic_reward_sum": 38.157362461724034, "policy_loss_mean": 0.017677873361390085, "ratio_mean": 1.0019150227308273, "rnd_loss_mean": 0.00028861791288363746, "scaled_intrinsic_reward_sum": 0.7631472492344804, "steps": 1225, "terminal_reward_residual": 4455.069749918337, "total_loss_mean": 0.023670112737454473, "value_loss_mean": 0.016979322741099166}, "stage": 1, "stage_name": "medium", "summary": {"aborted": 0, "backtrace_steps": 4897, "backtracks": 15, "decisions": 1225, "detected": 40, "episodes": 40, "pi_visits": 608, "redundant": 0}, "sweep": 2}
TRAIN_START stage=medium sweep=2/2 circuit=c1908 difficulty=medium faults=40
TRAIN_RESULT {"circuit": "c1908", "difficulty": "medium", "learning": {"attributed_backtrace_steps": 7977, "attributed_backtracks": 2, "backtrace_event_mismatch": 0, "backtrace_event_mismatch_abs": 0, "backtrack_event_mismatch": 0, "backtrack_event_mismatch_abs": 0, "combined_reward_sum": 3886.589183729156, "counter_mismatch_episode": 0, "distributed_potential_reward": -507.0904100231644, "entropy_mean": 0.4504617273807526, "episodes": 40, "episodes_with_updates": 40, "extrinsic_reward_sum": 3886.055997703452, "intrinsic_reward_sum": 26.65930128519162, "policy_loss_mean": 0.010443106514867396, "ratio_mean": 0.9994390219449997, "rnd_loss_mean": 0.00022016153743606993, "scaled_intrinsic_reward_sum": 0.5331860257038324, "steps": 1050, "terminal_reward_residual": 4393.146407726616, "total_loss_mean": 0.011313093287753873, "value_loss_mean": 0.0062445906165521595}, "stage": 1, "stage_name": "medium", "summary": {"aborted": 0, "backtrace_steps": 8059, "backtracks": 2, "decisions": 1050, "detected": 40, "episodes": 40, "pi_visits": 700, "redundant": 0}, "sweep": 2}
TRAIN_START stage=medium sweep=2/2 circuit=c499 difficulty=easy faults=40
TRAIN_RESULT {"circuit": "c499", "difficulty": "easy", "learning": {"attributed_backtrace_steps": 17115, "attributed_backtracks": 321, "backtrace_event_mismatch": 0, "backtrace_event_mismatch_abs": 0, "backtrack_event_mismatch": 0, "backtrack_event_mismatch_abs": 0, "combined_reward_sum": 3891.434547025799, "counter_mismatch_episode": 0, "distributed_potential_reward": -508.00201967537373, "entropy_mean": 0.5627980992197991, "episodes": 40, "episodes_with_updates": 40, "extrinsic_reward_sum": 3890.393734053594, "intrinsic_reward_sum": 52.04064861025802, "policy_loss_mean": -0.008649827593762894, "ratio_mean": 0.999900932610035, "rnd_loss_mean": 0.00019380678895686287, "scaled_intrinsic_reward_sum": 1.04081297220516, "steps": 2374, "terminal_reward_residual": 4398.395753728968, "total_loss_mean": -0.009755250648595393, "value_loss_mean": 0.0034171355451690032}, "stage": 1, "stage_name": "medium", "summary": {"aborted": 0, "backtrace_steps": 17160, "backtracks": 321, "decisions": 2374, "detected": 40, "episodes": 40, "pi_visits": 1793, "redundant": 0}, "sweep": 2}
TRAIN_START stage=medium sweep=2/2 circuit=c1355 difficulty=easy faults=40
TRAIN_RESULT {"circuit": "c1355", "difficulty": "easy", "learning": {"attributed_backtrace_steps": 25418, "attributed_backtracks": 800, "backtrace_event_mismatch": 0, "backtrace_event_mismatch_abs": 0, "backtrack_event_mismatch": 0, "backtrack_event_mismatch_abs": 0, "combined_reward_sum": 3301.1828255697437, "counter_mismatch_episode": 0, "distributed_potential_reward": -899.9387032325308, "entropy_mean": 0.6028062209486962, "episodes": 40, "episodes_with_updates": 40, "extrinsic_reward_sum": 3298.880919464582, "intrinsic_reward_sum": 115.09530525814952, "policy_loss_mean": 0.046281062485650185, "ratio_mean": 1.000222846865654, "rnd_loss_mean": 0.00017244507544091902, "scaled_intrinsic_reward_sum": 2.301906105162991, "steps": 4867, "terminal_reward_residual": 4198.819622697114, "total_loss_mean": 0.09976118202321231, "value_loss_mean": 0.11298830000741873}, "stage": 1, "stage_name": "medium", "summary": {"aborted": 1, "backtrace_steps": 25451, "backtracks": 800, "decisions": 4867, "detected": 39, "episodes": 40, "pi_visits": 2722, "redundant": 0}, "sweep": 2}
TRAIN_START stage=medium sweep=2/2 circuit=c5315 difficulty=medium faults=40
TRAIN_RESULT {"circuit": "c5315", "difficulty": "medium", "learning": {"attributed_backtrace_steps": 16981, "attributed_backtracks": 500, "backtrace_event_mismatch": 0, "backtrace_event_mismatch_abs": 0, "backtrack_event_mismatch": 0, "backtrack_event_mismatch_abs": 0, "combined_reward_sum": 3699.2577058783922, "counter_mismatch_episode": 0, "distributed_potential_reward": -494.8022417028243, "entropy_mean": 0.5935736685991287, "episodes": 40, "episodes_with_updates": 40, "extrinsic_reward_sum": 3697.715294204852, "intrinsic_reward_sum": 77.12058367695354, "policy_loss_mean": 0.013666048595769097, "ratio_mean": 1.0029717579483985, "rnd_loss_mean": 0.0003016575537913013, "scaled_intrinsic_reward_sum": 1.5424116735390716, "steps": 2138, "terminal_reward_residual": 4192.517535907676, "total_loss_mean": 0.0590542159290635, "value_loss_mean": 0.09671208914951421}, "stage": 1, "stage_name": "medium", "summary": {"aborted": 1, "backtrace_steps": 17073, "backtracks": 500, "decisions": 2138, "detected": 39, "episodes": 40, "pi_visits": 1716, "redundant": 0}, "sweep": 2}
TRAIN_START stage=medium sweep=2/2 circuit=c2670 difficulty=medium faults=40
TRAIN_RESULT {"circuit": "c2670", "difficulty": "medium", "learning": {"attributed_backtrace_steps": 8070, "attributed_backtracks": 17, "backtrace_event_mismatch": 0, "backtrace_event_mismatch_abs": 0, "backtrack_event_mismatch": 0, "backtrack_event_mismatch_abs": 0, "combined_reward_sum": 3833.5334098536773, "counter_mismatch_episode": 0, "distributed_potential_reward": -562.541777368219, "entropy_mean": 0.5866771593689919, "episodes": 40, "episodes_with_updates": 40, "extrinsic_reward_sum": 3832.889967899606, "intrinsic_reward_sum": 32.172097703588754, "policy_loss_mean": -0.006923476082738489, "ratio_mean": 1.0023624911904334, "rnd_loss_mean": 0.00023813145817257463, "scaled_intrinsic_reward_sum": 0.6434419540717748, "steps": 1180, "terminal_reward_residual": 4395.431745267826, "total_loss_mean": -0.003645870836771792, "value_loss_mean": 0.012421980958606582}, "stage": 1, "stage_name": "medium", "summary": {"aborted": 0, "backtrace_steps": 8138, "backtracks": 17, "decisions": 1180, "detected": 40, "episodes": 40, "pi_visits": 837, "redundant": 0}, "sweep": 2}
TRAIN_START stage=medium sweep=2/2 circuit=c6288 difficulty=medium faults=40
TRAIN_RESULT {"circuit": "c6288", "difficulty": "medium", "learning": {"attributed_backtrace_steps": 18370, "attributed_backtracks": 10, "backtrace_event_mismatch": 0, "backtrace_event_mismatch_abs": 0, "backtrack_event_mismatch": 0, "backtrack_event_mismatch_abs": 0, "combined_reward_sum": 3828.618848798885, "counter_mismatch_episode": 0, "distributed_potential_reward": -572.7396357873533, "entropy_mean": 0.44734118059277533, "episodes": 40, "episodes_with_updates": 40, "extrinsic_reward_sum": 3827.2422482706174, "intrinsic_reward_sum": 68.83002641329807, "policy_loss_mean": -0.0020359122892841695, "ratio_mean": 1.0000248566269874, "rnd_loss_mean": 0.00019545744671631838, "scaled_intrinsic_reward_sum": 1.3766005282659612, "steps": 3035, "terminal_reward_residual": 4399.981884057972, "total_loss_mean": 0.0008058941457420588, "value_loss_mean": 0.01015702506119851}, "stage": 1, "stage_name": "medium", "summary": {"aborted": 0, "backtrace_steps": 18371, "backtracks": 10, "decisions": 3035, "detected": 40, "episodes": 40, "pi_visits": 1096, "redundant": 0}, "sweep": 2}
TRAIN_START stage=medium sweep=2/2 circuit=c432 difficulty=easy faults=40
TRAIN_RESULT {"circuit": "c432", "difficulty": "easy", "learning": {"attributed_backtrace_steps": 19643, "attributed_backtracks": 1007, "backtrace_event_mismatch": 0, "backtrace_event_mismatch_abs": 0, "backtrack_event_mismatch": 0, "backtrack_event_mismatch_abs": 0, "combined_reward_sum": 3027.2269984652644, "counter_mismatch_episode": 0, "distributed_potential_reward": -961.6631699647826, "entropy_mean": 0.5869567364454269, "episodes": 40, "episodes_with_updates": 40, "extrinsic_reward_sum": 3025.6002489676516, "intrinsic_reward_sum": 81.33747488058602, "policy_loss_mean": 0.05831559263460804, "ratio_mean": 1.0054587692022323, "rnd_loss_mean": 0.0002945601885585347, "scaled_intrinsic_reward_sum": 1.6267494976117214, "steps": 2417, "terminal_reward_residual": 3987.263418932435, "total_loss_mean": 0.15090669507044369, "value_loss_mean": 0.19105179962934926}, "stage": 1, "stage_name": "medium", "summary": {"aborted": 2, "backtrace_steps": 19715, "backtracks": 1007, "decisions": 2417, "detected": 38, "episodes": 40, "pi_visits": 2574, "redundant": 0}, "sweep": 2}
TRAIN_START stage=medium sweep=2/2 circuit=c5315 difficulty=easy faults=40
TRAIN_RESULT {"circuit": "c5315", "difficulty": "easy", "learning": {"attributed_backtrace_steps": 1368, "attributed_backtracks": 0, "backtrace_event_mismatch": 0, "backtrace_event_mismatch_abs": 0, "backtrack_event_mismatch": 0, "backtrack_event_mismatch_abs": 0, "combined_reward_sum": 3946.3506228501, "counter_mismatch_episode": 0, "distributed_potential_reward": -354.17827294364355, "entropy_mean": 0.5183861572295427, "episodes": 40, "episodes_with_updates": 32, "extrinsic_reward_sum": 3946.1854546536283, "intrinsic_reward_sum": 8.258409823665305, "policy_loss_mean": -0.022565459526958875, "ratio_mean": 1.0062874611467123, "rnd_loss_mean": 0.0002760470667908521, "scaled_intrinsic_reward_sum": 0.16516819647330608, "steps": 264, "terminal_reward_residual": 4300.363727597271, "total_loss_mean": -0.02373141157295322, "value_loss_mean": 0.002851954892946651}, "stage": 1, "stage_name": "medium", "summary": {"aborted": 0, "backtrace_steps": 1443, "backtracks": 0, "decisions": 264, "detected": 40, "episodes": 40, "pi_visits": 264, "redundant": 0}, "sweep": 2}
TRAIN_START stage=medium sweep=2/2 circuit=s38417_scan difficulty=easy faults=40
TRAIN_RESULT {"circuit": "s38417_scan", "difficulty": "easy", "learning": {"attributed_backtrace_steps": 169, "attributed_backtracks": 0, "backtrace_event_mismatch": 0, "backtrace_event_mismatch_abs": 0, "backtrack_event_mismatch": 0, "backtrack_event_mismatch_abs": 0, "combined_reward_sum": 3964.7432590424833, "counter_mismatch_episode": 0, "distributed_potential_reward": -167.8218954248366, "entropy_mean": 0.366782883280202, "episodes": 40, "episodes_with_updates": 19, "extrinsic_reward_sum": 3964.722222222222, "intrinsic_reward_sum": 1.0518410130586213, "policy_loss_mean": 0.006248005485088613, "ratio_mean": 1.0003700758281506, "rnd_loss_mean": 0.00023069146769366374, "scaled_intrinsic_reward_sum": 0.02103682026117243, "steps": 39, "terminal_reward_residual": 4132.5441176470595, "total_loss_mean": 0.005155066401991797, "value_loss_mean": 0.0014819510008482883}, "stage": 1, "stage_name": "medium", "summary": {"aborted": 0, "backtrace_steps": 307, "backtracks": 0, "decisions": 39, "detected": 40, "episodes": 40, "pi_visits": 127, "redundant": 0}, "sweep": 2}
TRAIN_START stage=medium sweep=2/2 circuit=c1355 difficulty=medium faults=40
TRAIN_RESULT {"circuit": "c1355", "difficulty": "medium", "learning": {"attributed_backtrace_steps": 19002, "attributed_backtracks": 72, "backtrace_event_mismatch": 0, "backtrace_event_mismatch_abs": 0, "backtrack_event_mismatch": 0, "backtrack_event_mismatch_abs": 0, "combined_reward_sum": 3612.4550516422914, "counter_mismatch_episode": 0, "distributed_potential_reward": -968.2955862387597, "entropy_mean": 0.5078275308012963, "episodes": 40, "episodes_with_updates": 40, "extrinsic_reward_sum": 3610.873353079381, "intrinsic_reward_sum": 79.08492814552936, "policy_loss_mean": 0.0020995109342038633, "ratio_mean": 0.9992907077074051, "rnd_loss_mean": 0.00017450071281928105, "scaled_intrinsic_reward_sum": 1.5816985629105866, "steps": 3689, "terminal_reward_residual": 4579.1689393181405, "total_loss_mean": 0.01168051566928625, "value_loss_mean": 0.024240286712301894}, "stage": 1, "stage_name": "medium", "summary": {"aborted": 0, "backtrace_steps": 19045, "backtracks": 72, "decisions": 3689, "detected": 40, "episodes": 40, "pi_visits": 1707, "redundant": 0}, "sweep": 2}
TRAIN_START stage=medium sweep=2/2 circuit=c3540 difficulty=easy faults=40
TRAIN_RESULT {"circuit": "c3540", "difficulty": "easy", "learning": {"attributed_backtrace_steps": 5186, "attributed_backtracks": 4, "backtrace_event_mismatch": 0, "backtrace_event_mismatch_abs": 0, "backtrack_event_mismatch": 0, "backtrack_event_mismatch_abs": 0, "combined_reward_sum": 3695.5416707093755, "counter_mismatch_episode": 0, "distributed_potential_reward": -695.2556782227562, "entropy_mean": 0.542605609446764, "episodes": 40, "episodes_with_updates": 40, "extrinsic_reward_sum": 3694.9349373099776, "intrinsic_reward_sum": 30.33666996982142, "policy_loss_mean": -0.004486999637447297, "ratio_mean": 1.0058707922697068, "rnd_loss_mean": 0.0003039636205357965, "scaled_intrinsic_reward_sum": 0.606733399396428, "steps": 808, "terminal_reward_residual": 4390.190615532735, "total_loss_mean": -0.001295885199215263, "value_loss_mean": 0.011808284587459639}, "stage": 1, "stage_name": "medium", "summary": {"aborted": 0, "backtrace_steps": 5234, "backtracks": 4, "decisions": 808, "detected": 40, "episodes": 40, "pi_visits": 559, "redundant": 0}, "sweep": 2}
TRAIN_START stage=medium sweep=2/2 circuit=s38417_scan difficulty=medium faults=40
TRAIN_RESULT {"circuit": "s38417_scan", "difficulty": "medium", "learning": {"attributed_backtrace_steps": 5434, "attributed_backtracks": 11, "backtrace_event_mismatch": 0, "backtrace_event_mismatch_abs": 0, "backtrack_event_mismatch": 0, "backtrack_event_mismatch_abs": 0, "combined_reward_sum": 3843.1220779022606, "counter_mismatch_episode": 0, "distributed_potential_reward": -538.0320526103449, "entropy_mean": 0.4947991319000721, "episodes": 40, "episodes_with_updates": 40, "extrinsic_reward_sum": 3842.691850488446, "intrinsic_reward_sum": 21.511370690768914, "policy_loss_mean": -0.004698606333113276, "ratio_mean": 1.005482666194439, "rnd_loss_mean": 0.0001926884779095417, "scaled_intrinsic_reward_sum": 0.43022741381537827, "steps": 909, "terminal_reward_residual": 4380.72390309879, "total_loss_mean": -0.003990800422616303, "value_loss_mean": 0.006363603584213706}, "stage": 1, "stage_name": "medium", "summary": {"aborted": 0, "backtrace_steps": 5514, "backtracks": 11, "decisions": 909, "detected": 40, "episodes": 40, "pi_visits": 609, "redundant": 0}, "sweep": 2}
TRAIN_START stage=medium sweep=2/2 circuit=c7552 difficulty=medium faults=40
TRAIN_RESULT {"circuit": "c7552", "difficulty": "medium", "learning": {"attributed_backtrace_steps": 14996, "attributed_backtracks": 10, "backtrace_event_mismatch": 0, "backtrace_event_mismatch_abs": 0, "backtrack_event_mismatch": 0, "backtrack_event_mismatch_abs": 0, "combined_reward_sum": 4066.4528810954216, "counter_mismatch_episode": 0, "distributed_potential_reward": -593.4632438373798, "entropy_mean": 0.6230670288205147, "episodes": 40, "episodes_with_updates": 40, "extrinsic_reward_sum": 4065.578171943349, "intrinsic_reward_sum": 43.735457603678746, "policy_loss_mean": -0.02501596232468728, "ratio_mean": 1.0025354623794556, "rnd_loss_mean": 0.00017109408763644752, "scaled_intrinsic_reward_sum": 0.8747091520735752, "steps": 2150, "terminal_reward_residual": 4659.041415780729, "total_loss_mean": -0.017623510520206765, "value_loss_mean": 0.02101557415444404}, "stage": 1, "stage_name": "medium", "summary": {"aborted": 0, "backtrace_steps": 15032, "backtracks": 10, "decisions": 2150, "detected": 40, "episodes": 40, "pi_visits": 1258, "redundant": 0}, "sweep": 2}
TRAIN_START stage=medium sweep=2/2 circuit=c6288 difficulty=easy faults=40
TRAIN_RESULT {"circuit": "c6288", "difficulty": "easy", "learning": {"attributed_backtrace_steps": 8092, "attributed_backtracks": 6, "backtrace_event_mismatch": 0, "backtrace_event_mismatch_abs": 0, "backtrack_event_mismatch": 0, "backtrack_event_mismatch_abs": 0, "combined_reward_sum": 3792.2511878432842, "counter_mismatch_episode": 0, "distributed_potential_reward": -606.4023844766799, "entropy_mean": 0.3869023069739342, "episodes": 40, "episodes_with_updates": 40, "extrinsic_reward_sum": 3791.5500887518965, "intrinsic_reward_sum": 35.05495456943589, "policy_loss_mean": 0.017493202182231472, "ratio_mean": 0.998624338209629, "rnd_loss_mean": 0.00014456310746027156, "scaled_intrinsic_reward_sum": 0.7010990913887178, "steps": 1925, "terminal_reward_residual": 4397.952473228575, "total_loss_mean": 0.01867861581267789, "value_loss_mean": 0.0062398502457654105}, "stage": 1, "stage_name": "medium", "summary": {"aborted": 0, "backtrace_steps": 8109, "backtracks": 6, "decisions": 1925, "detected": 40, "episodes": 40, "pi_visits": 909, "redundant": 0}, "sweep": 2}
TRAIN_START stage=medium sweep=2/2 circuit=c7552 difficulty=easy faults=40
TRAIN_RESULT {"circuit": "c7552", "difficulty": "easy", "learning": {"attributed_backtrace_steps": 7170, "attributed_backtracks": 0, "backtrace_event_mismatch": 0, "backtrace_event_mismatch_abs": 0, "backtrack_event_mismatch": 0, "backtrack_event_mismatch_abs": 0, "combined_reward_sum": 3868.6797847193966, "counter_mismatch_episode": 0, "distributed_potential_reward": -494.2690821580473, "entropy_mean": 0.5934140258713773, "episodes": 40, "episodes_with_updates": 38, "extrinsic_reward_sum": 3868.127773838447, "intrinsic_reward_sum": 27.600544047467352, "policy_loss_mean": 0.002147569057629689, "ratio_mean": 0.9984660854465083, "rnd_loss_mean": 0.00022565173237939904, "scaled_intrinsic_reward_sum": 0.5520108809493469, "steps": 1009, "terminal_reward_residual": 4362.396855996494, "total_loss_mean": 0.0008095977184558777, "value_loss_mean": 0.003258196817784521}, "stage": 1, "stage_name": "medium", "summary": {"aborted": 0, "backtrace_steps": 7218, "backtracks": 0, "decisions": 1009, "detected": 40, "episodes": 40, "pi_visits": 677, "redundant": 0}, "sweep": 2}
TRAIN_START stage=medium sweep=2/2 circuit=c1908 difficulty=easy faults=40
TRAIN_RESULT {"circuit": "c1908", "difficulty": "easy", "learning": {"attributed_backtrace_steps": 7239, "attributed_backtracks": 1, "backtrace_event_mismatch": 0, "backtrace_event_mismatch_abs": 0, "backtrack_event_mismatch": 0, "backtrack_event_mismatch_abs": 0, "combined_reward_sum": 3703.682300363159, "counter_mismatch_episode": 0, "distributed_potential_reward": -679.5666049955322, "entropy_mean": 0.6046825356781482, "episodes": 40, "episodes_with_updates": 40, "extrinsic_reward_sum": 3703.297407793352, "intrinsic_reward_sum": 19.24462849039567, "policy_loss_mean": 0.004056309977386263, "ratio_mean": 1.0018291562795638, "rnd_loss_mean": 0.0001864450958237285, "scaled_intrinsic_reward_sum": 0.3848925698079135, "steps": 877, "terminal_reward_residual": 4382.864012788884, "total_loss_mean": 0.004287955380277708, "value_loss_mean": 0.006510115836863406}, "stage": 1, "stage_name": "medium", "summary": {"aborted": 0, "backtrace_steps": 7307, "backtracks": 1, "decisions": 877, "detected": 40, "episodes": 40, "pi_visits": 595, "redundant": 0}, "sweep": 2}
TRAIN_START stage=medium sweep=2/2 circuit=c499 difficulty=medium faults=40
 = 25
#number of gates = 1056
#number of wires = 1089
#number of equivalent faults = 1876

#Circuit Summary:
#---------------
#number of inputs = 157
#number of outputs = 64
#number of gates = 1400
#number of wires = 1557
#number of equivalent faults = 2595

#Circuit Summary:
#---------------
#number of inputs = 50
#number of outputs = 22
#number of gates = 1983
#number of wires = 2033
#number of equivalent faults = 3428

#Circuit Summary:
#---------------
#number of inputs = 178
#number of outputs = 123
#number of gates = 2973
#number of wires = 3151
#number of equivalent faults = 5350

#Circuit Summary:
#---------------
#number of inputs = 207
#number of outputs = 108
#number of gates = 4042
#number of wires = 4249
#number of equivalent faults = 7550

#Circuit Summary:
#---------------
#number of inputs = 32
#number of outputs = 32
#number of gates = 2416
#number of wires = 2448
#number of equivalent faults = 7744

#Circuit Summary:
#---------------
#number of inputs = 1664
#number of outputs = 1742
#number of gates = 23319
#number of wires = 24983
#number of equivalent faults = 31180

#Circuit Summary:
#---------------
#number of inputs = 36
#number of outputs = 7
#number of gates = 288
#number of wires = 324
#number of equivalent faults = 560

#Circuit Summary:
#---------------
#number of inputs = 33
#number of outputs = 25
#number of gates = 1056
#number of wires = 1089
#number of equivalent faults = 1876

#Circuit Summary:
#---------------
#number of inputs = 41
#number of outputs = 32
#number of gates = 662
#number of wires = 703
#number of equivalent faults = 1158

#Circuit Summary:
#---------------
#number of inputs = 41
#number of outputs = 32
#number of gates = 590
#number of wires = 631
#number of equivalent faults = 1574

#Circuit Summary:
#---------------
#number of inputs = 178
#number of outputs = 123
#number of gates = 2973
#number of wires = 3151
#number of equivalent faults = 5350

#Circuit Summary:
#---------------
#number of inputs = 157
#number of outputs = 64
#number of gates = 1400
#number of wires = 1557
#number of equivalent faults = 2595

#Circuit Summary:
#---------------
#number of inputs = 32
#number of outputs = 32
#number of gates = 2416
#number of wires = 2448
#number of equivalent faults = 7744

#Circuit Summary:
#---------------
#number of inputs = 36
#number of outputs = 7
#number of gates = 288
#number of wires = 324
#number of equivalent faults = 560

#Circuit Summary:
#---------------
#number of inputs = 178
#number of outputs = 123
#number of gates = 2973
#number of wires = 3151
#number of equivalent faults = 5350

#Circuit Summary:
#---------------
#number of inputs = 1664
#number of outputs = 1742
#number of gates = 23319
#number of wires = 24983
#number of equivalent faults = 31180

#Circuit Summary:
#---------------
#number of inputs = 41
#number of outputs = 32
#number of gates = 590
#number of wires = 631
#number of equivalent faults = 1574

#Circuit Summary:
#---------------
#number of inputs = 50
#number of outputs = 22
#number of gates = 1983
#number of wires = 2033
#number of equivalent faults = 3428

#Circuit Summary:
#---------------
#number of inputs = 1664
#number of outputs = 1742
#number of gates = 23319
#number of wires = 24983
#number of equivalent faults = 31180

#Circuit Summary:
#---------------
#number of inputs = 207
#number of outputs = 108
#number of gates = 4042
#number of wires = 4249
#number of equivalent faults = 7550

#Circuit Summary:
#---------------
#number of inputs = 32
#number of outputs = 32
#number of gates = 2416
#number of wires = 2448
#number of equivalent faults = 7744

#Circuit Summary:
#---------------
#number of inputs = 207
#number of outputs = 108
#number of gates = 4042
#number of wires = 4249
#number of equivalent faults = 7550

#Circuit Summary:
#---------------
#number of inputs = 33
#number of outputs = 25
#number of gates = 1056
#number of wires = 1089
#number of equivalent faults = 1876

#Circuit Summary:
#---------------
#number of inputs = 41
#number of outputs = 32
#number of gates = 662
#number of wires = 703
#number of equiTRAIN_RESULT {"circuit": "c499", "difficulty": "medium", "learning": {"attributed_backtrace_steps": 20655, "attributed_backtracks": 10, "backtrace_event_mismatch": 0, "backtrace_event_mismatch_abs": 0, "backtrack_event_mismatch": 0, "backtrack_event_mismatch_abs": 0, "combined_reward_sum": 3857.1703046585067, "counter_mismatch_episode": 0, "distributed_potential_reward": -543.0031751783512, "entropy_mean": 0.6456400990486145, "episodes": 40, "episodes_with_updates": 40, "extrinsic_reward_sum": 3856.2667437171253, "intrinsic_reward_sum": 45.17804706910653, "policy_loss_mean": 0.004136832506628707, "ratio_mean": 0.9991339161992073, "rnd_loss_mean": 0.0001284506806769059, "scaled_intrinsic_reward_sum": 0.9035609413821305, "steps": 2749, "terminal_reward_residual": 4399.2699188954775, "total_loss_mean": 0.006708205607719719, "value_loss_mean": 0.011599150612892118}, "stage": 1, "stage_name": "medium", "summary": {"aborted": 0, "backtrace_steps": 20692, "backtracks": 10, "decisions": 2749, "detected": 40, "episodes": 40, "pi_visits": 1632, "redundant": 0}, "sweep": 2}
TRAIN_START stage=medium sweep=2/2 circuit=c2670 difficulty=easy faults=40
TRAIN_RESULT {"circuit": "c2670", "difficulty": "easy", "learning": {"attributed_backtrace_steps": 1442, "attributed_backtracks": 1, "backtrace_event_mismatch": 0, "backtrace_event_mismatch_abs": 0, "backtrack_event_mismatch": 0, "backtrack_event_mismatch_abs": 0, "combined_reward_sum": 3976.8372174644055, "counter_mismatch_episode": 0, "distributed_potential_reward": -341.55203863513543, "entropy_mean": 0.5513419457844325, "episodes": 40, "episodes_with_updates": 35, "extrinsic_reward_sum": 3976.7170742839526, "intrinsic_reward_sum": 6.007159022674517, "policy_loss_mean": -0.0098248444031924, "ratio_mean": 1.0020312973431178, "rnd_loss_mean": 0.00018913615806793262, "scaled_intrinsic_reward_sum": 0.12014318045349036, "steps": 279, "terminal_reward_residual": 4318.269112919087, "total_loss_mean": -0.011388527115091815, "value_loss_mean": 0.0023860536179979267}, "stage": 1, "stage_name": "medium", "summary": {"aborted": 0, "backtrace_steps": 1518, "backtracks": 1, "decisions": 279, "detected": 40, "episodes": 40, "pi_visits": 283, "redundant": 0}, "sweep": 2}
TRAIN_START stage=medium sweep=2/2 circuit=c3540 difficulty=medium faults=40
TRAIN_RESULT {"circuit": "c3540", "difficulty": "medium", "learning": {"attributed_backtrace_steps": 9350, "attributed_backtracks": 30, "backtrace_event_mismatch": 0, "backtrace_event_mismatch_abs": 0, "backtrack_event_mismatch": 0, "backtrack_event_mismatch_abs": 0, "combined_reward_sum": 3853.7498405355213, "counter_mismatch_episode": 0, "distributed_potential_reward": -882.3222717662871, "entropy_mean": 0.5591451957821846, "episodes": 40, "episodes_with_updates": 40, "extrinsic_reward_sum": 3853.0584640939765, "intrinsic_reward_sum": 34.56882207728535, "policy_loss_mean": -0.014125471818260849, "ratio_mean": 1.0043307721614838, "rnd_loss_mean": 0.00024204203218687327, "scaled_intrinsic_reward_sum": 0.6913764415457065, "steps": 1144, "terminal_reward_residual": 4735.3807358602635, "total_loss_mean": -0.007303657731972635, "value_loss_mean": 0.019235078695055564}, "stage": 1, "stage_name": "medium", "summary": {"aborted": 0, "backtrace_steps": 9409, "backtracks": 30, "decisions": 1144, "detected": 40, "episodes": 40, "pi_visits": 771, "redundant": 0}, "sweep": 2}
VALIDATION selection=best {"aggregate": {"aborted": 3, "decisions": 26228, "detected": 497, "mean_backtrace_ratio": 1.008341615843907, "mean_backtrack_ratio": 0.9845422610708294, "score": [-497, 3, 0.9845422610708294, 1.008341615843907, 26228]}, "circuits": {"c1355": {"aborted": 0, "backtrace_steps": 23106, "backtracks": 52, "decisions": 3395, "detected": 50, "episodes": 50, "pi_visits": 1851, "redundant": 0}, "c1908": {"aborted": 0, "backtrace_steps": 13283, "backtracks": 11, "decisions": 1447, "detected": 50, "episodes": 50, "pi_visits": 945, "redundant": 0}, "c2670": {"aborted": 1, "backtrace_steps": 14371, "backtracks": 729, "decisions": 1710, "detected": 49, "episodes": 50, "pi_visits": 2180, "redundant": 0}, "c3540": {"aborted": 1, "backtrace_steps": 26769, "backtracks": 901, "decisions": 2589, "detected": 49, "episodes": 50, "pi_visits": 2511, "redundant": 0}, "c432": {"aborted": 0, "backtrace_steps": 3682, "backtracks": 8, "decisions": 1193, "detected": 50, "episodes": 50, "pi_visits": 623, "redundant": 0}, "c499": {"aborted": 1, "backtrace_steps": 37700, "backtracks": 809, "decisions": 5469, "detected": 49, "episodes": 50, "pi_visits": 3392, "redundant": 0}, "c5315": {"aborted": 0, "backtrace_steps": 6440, "backtracks": 1, "decisions": 1016, "detected": 50, "episodes": 50, "pi_visits": 717, "redundant": 0}, "c6288": {"aborted": 0, "backtrace_steps": 31981, "backtracks": 647, "decisions": 6566, "detected": 50, "episodes": 50, "pi_visits": 2527, "redundant": 0}, "c7552": {"aborted": 0, "backtrace_steps": 11566, "backtracks": 40, "decisions": 1778, "detected": 50, "episodes": 50, "pi_visits": 1119, "redundant": 0}, "s38417_scan": {"aborted": 0, "backtrace_steps": 7149, "backtracks": 14, "decisions": 1065, "detected": 50, "episodes": 50, "pi_visits": 710, "redundant": 0}}, "label": "medium_sweep_2"}
TRAIN_START stage=hard sweep=1/3 circuit=s38417_scan difficulty=easy faults=20
TRAIN_RESULT {"circuit": "s38417_scan", "difficulty": "easy", "learning": {"attributed_backtrace_steps": 286, "attributed_backtracks": 0, "backtrace_event_mismatch": 0, "backtrace_event_mismatch_abs": 0, "backtrack_event_mismatch": 0, "backtrack_event_mismatch_abs": 0, "combined_reward_sum": 1928.9999999999998, "counter_mismatch_episode": 0, "distributed_potential_reward": -161.96078431372544, "entropy_mean": 0.5181079736122718, "episodes": 20, "episodes_with_updates": 13, "extrinsic_reward_sum": 1928.9999999999998, "intrinsic_reward_sum": 0.0, "policy_loss_mean": 0.053301569289312914, "ratio_mean": 0.9830252161392798, "rnd_loss_mean": 0.0, "scaled_intrinsic_reward_sum": 0.0, "steps": 48, "terminal_reward_residual": 2090.9607843137255, "total_loss_mean": 0.05642136043080917, "value_loss_mean": 0.007275796713656746}, "stage": 2, "stage_name": "hard", "summary": {"aborted": 0, "backtrace_steps": 339, "backtracks": 0, "decisions": 48, "detected": 20, "episodes": 20, "pi_visits": 79, "redundant": 0}, "sweep": 1}
TRAIN_START stage=hard sweep=1/3 circuit=c2670 difficulty=medium faults=20
TRAIN_RESULT {"circuit": "c2670", "difficulty": "medium", "learning": {"attributed_backtrace_steps": 3529, "attributed_backtracks": 0, "backtrace_event_mismatch": 0, "backtrace_event_mismatch_abs": 0, "backtrack_event_mismatch": 0, "backtrack_event_mismatch_abs": 0, "combined_reward_sum": 1971.024643095283, "counter_mismatch_episode": 0, "distributed_potential_reward": -226.14692041415216, "entropy_mean": 0.5296401992440224, "episodes": 20, "episodes_with_updates": 20, "extrinsic_reward_sum": 1971.0246430952827, "intrinsic_reward_sum": 0.0, "policy_loss_mean": -0.009943052905146032, "ratio_mean": 0.9997893929481506, "rnd_loss_mean": 0.0, "scaled_intrinsic_reward_sum": 0.0, "steps": 550, "terminal_reward_residual": 2197.1715635094356, "total_loss_mean": -0.009672623209189624, "value_loss_mean": 0.0016001409472664817}, "stage": 2, "stage_name": "hard", "summary": {"aborted": 0, "backtrace_steps": 3570, "backtracks": 0, "decisions": 550, "detected": 20, "episodes": 20, "pi_visits": 375, "redundant": 0}, "sweep": 1}
TRAIN_START stage=hard sweep=1/3 circuit=c6288 difficulty=hard faults=20
TRAIN_RESULT {"circuit": "c6288", "difficulty": "hard", "learning": {"attributed_backtrace_steps": 13428, "attributed_backtracks": 6, "backtrace_event_mismatch": 0, "backtrace_event_mismatch_abs": 0, "backtrack_event_mismatch": 0, "backtrack_event_mismatch_abs": 0, "combined_reward_sum": 2245.8870713647398, "counter_mismatch_episode": 0, "distributed_potential_reward": -193.9949601046767, "entropy_mean": 0.4706285670399666, "episodes": 20, "episodes_with_updates": 20, "extrinsic_reward_sum": 2245.8870713647393, "intrinsic_reward_sum": 0.0, "policy_loss_mean": -0.07741179619915783, "ratio_mean": 1.0026763945817947, "rnd_loss_mean": 0.0, "scaled_intrinsic_reward_sum": 0.0, "steps": 2131, "terminal_reward_residual": 2439.882031469416, "total_loss_mean": -0.06529763368889689, "value_loss_mean": 0.02516958109335974}, "stage": 2, "stage_name": "hard", "summary": {"aborted": 0, "backtrace_steps": 13437, "backtracks": 6, "decisions": 2131, "detected": 20, "episodes": 20, "pi_visits": 606, "redundant": 0}, "sweep": 1}
TRAIN_START stage=hard sweep=1/3 circuit=c499 difficulty=easy faults=20
TRAIN_RESULT {"circuit": "c499", "difficulty": "easy", "learning": {"attributed_backtrace_steps": 6618, "attributed_backtracks": 2, "backtrace_event_mismatch": 0, "backtrace_event_mismatch_abs": 0, "backtrack_event_mismatch": 0, "backtrack_event_mismatch_abs": 0, "combined_reward_sum": 1952.3960393910168, "counter_mismatch_episode": 0, "distributed_potential_reward": -246.55718075677527, "entropy_mean": 0.5030079215765, "episodes": 20, "episodes_with_updates": 20, "extrinsic_reward_sum": 1952.3960393910168, "intrinsic_reward_sum": 0.0, "policy_loss_mean": 0.07737437390023842, "ratio_mean": 0.9980699211359024, "rnd_loss_mean": 0.0, "scaled_intrinsic_reward_sum": 0.0, "steps": 976, "terminal_reward_residual": 2198.9532201477914, "total_loss_mean": 0.08176517593674362, "value_loss_mean": 0.009787622303701938}, "stage": 2, "stage_name": "hard", "summary": {"aborted": 0, "backtrace_steps": 6647, "backtracks": 2, "decisions": 976, "detected": 20, "episodes": 20, "pi_visits": 562, "redundant": 0}, "sweep": 1}
TRAIN_START stage=hard sweep=1/3 circuit=c1908 difficulty=medium faults=20
TRAIN_RESULT {"circuit": "c1908", "difficulty": "medium", "learning": {"attributed_backtrace_steps": 3659, "attributed_backtracks": 0, "backtrace_event_mismatch": 0, "backtrace_event_mismatch_abs": 0, "backtrack_event_mismatch": 0, "backtrack_event_mismatch_abs": 0, "combined_reward_sum": 1964.2177430210368, "counter_mismatch_episode": 0, "distributed_potential_reward": -230.73729478913756, "entropy_mean": 0.5213621899485588, "episodes": 20, "episodes_with_updates": 20, "extrinsic_reward_sum": 1964.217743021037, "intrinsic_reward_sum": 0.0, "policy_loss_mean": -0.0016854495537700132, "ratio_mean": 0.9997641295194626, "rnd_loss_mean": 0.0, "scaled_intrinsic_reward_sum": 0.0, "steps": 481, "terminal_reward_residual": 2194.9550378101744, "total_loss_mean": -0.0011770792218158022, "value_loss_mean": 0.0020594651985447856}, "stage": 2, "stage_name": "hard", "summary": {"aborted": 0, "backtrace_steps": 3717, "backtracks": 0, "decisions": 481, "detected": 20, "episodes": 20, "pi_visits": 343, "redundant": 0}, "sweep": 1}
TRAIN_START stage=hard sweep=1/3 circuit=c2670 difficulty=hard faults=20
TRAIN_RESULT {"circuit": "c2670", "difficulty": "hard", "learning": {"attributed_backtrace_steps": 38372, "attributed_backtracks": 3027, "backtrace_event_mismatch": 0, "backtrace_event_mismatch_abs": 0, "backtrack_event_mismatch": 0, "backtrack_event_mismatch_abs": 0, "combined_reward_sum": 610.6608234771413, "counter_mismatch_episode": 0, "distributed_potential_reward": -668.5904801660126, "entropy_mean": 0.46983369886875154, "episodes": 20, "episodes_with_updates": 20, "extrinsic_reward_sum": 610.6608234771437, "intrinsic_reward_sum": 0.0, "policy_loss_mean": 0.44848206078168007, "ratio_mean": 1.0001517623662948, "rnd_loss_mean": 0.0, "scaled_intrinsic_reward_sum": 0.0, "steps": 4404, "terminal_reward_residual": 1279.2513036431565, "total_loss_mean": 0.9630290572997182, "value_loss_mean": 1.030033579916926}, "stage": 2, "stage_name": "hard", "summary": {"aborted": 6, "backtrace_steps": 38395, "backtracks": 3027, "decisions": 4404, "detected": 14, "episodes": 20, "pi_visits": 6498, "redundant": 0}, "sweep": 1}
TRAIN_START stage=hard sweep=1/3 circuit=c7552 difficulty=easy faults=20
TRAIN_RESULT {"circuit": "c7552", "difficulty": "easy", "learning": {"attributed_backtrace_steps": 2497, "attributed_backtracks": 0, "backtrace_event_mismatch": 0, "backtrace_event_mismatch_abs": 0, "backtrack_event_mismatch": 0, "backtrack_event_mismatch_abs": 0, "combined_reward_sum": 1948.779196335832, "counter_mismatch_episode": 0, "distributed_potential_reward": -222.5913197771972, "entropy_mean": 0.4287425759765837, "episodes": 20, "episodes_with_updates": 18, "extrinsic_reward_sum": 1948.7791963358318, "intrinsic_reward_sum": 0.0, "policy_loss_mean": -0.1394164359403981, "ratio_mean": 1.0255974001354642, "rnd_loss_mean": 0.0, "scaled_intrinsic_reward_sum": 0.0, "steps": 399, "terminal_reward_residual": 2171.370516113029, "total_loss_mean": -0.12933734845783976, "value_loss_mean": 0.02101566559738583}, "stage": 2, "stage_name": "hard", "summary": {"aborted": 0, "backtrace_steps": 2518, "backtracks": 0, "decisions": 399, "detected": 20, "episodes": 20, "pi_visits": 267, "redundant": 0}, "sweep": 1}
TRAIN_START stage=hard sweep=1/3 circuit=c7552 difficulty=medium faults=20
TRAIN_RESULT {"circuit": "c7552", "difficulty": "medium", "learning": {"attributed_backtrace_steps": 7958, "attributed_backtracks": 0, "backtrace_event_mismatch": 0, "backtrace_event_mismatch_abs": 0, "backtrack_event_mismatch": 0, "backtrack_event_mismatch_abs": 0, "combined_reward_sum": 2057.6044495647275, "counter_mismatch_episode": 0, "distributed_potential_reward": -221.80122010980756, "entropy_mean": 0.44482621252536775, "episodes": 20, "episodes_with_updates": 20, "extrinsic_reward_sum": 2057.604449564727, "intrinsic_reward_sum": 0.0, "policy_loss_mean": -0.106908227968961, "ratio_mean": 1.002265501022339, "rnd_loss_mean": 0.0, "scaled_intrinsic_reward_sum": 0.0, "steps": 1167, "terminal_reward_residual": 2279.4056696745347, "total_loss_mean": -0.09777794014662504, "value_loss_mean": 0.019150220928713678}, "stage": 2, "stage_name": "hard", "summary": {"aborted": 0, "backtrace_steps": 7979, "backtracks": 0, "decisions": 1167, "detected": 20, "episodes": 20, "pi_visits": 691, "redundant": 0}, "sweep": 1}
TRAIN_START stage=hard sweep=1/3 circuit=c432 difficulty=hard faults=20
TRAIN_RESULT {"circuit": "c432", "difficulty": "hard", "learning": {"attributed_backtrace_steps": 28128, "attributed_backtracks": 2054, "backtrace_event_mismatch": 0, "backtrace_event_mismatch_abs": 0, "backtrack_event_mismatch": 0, "backtrack_event_mismatch_abs": 0, "combined_reward_sum": 1186.0368884194954, "counter_mismatch_episode": 0, "distributed_potential_reward": -612.928740177041, "entropy_mean": 0.2795653648674488, "episodes": 20, "episodes_with_updates": 20, "extrinsic_reward_sum": 1186.0368884194918, "intrinsic_reward_sum": 0.0, "policy_loss_mean": 0.22595401015132666, "ratio_mean": 1.003105965256691, "rnd_loss_mean": 0.0, "scaled_intrinsic_reward_sum": 0.0, "steps": 3285, "terminal_reward_residual": 1798.9656285965332, "total_loss_mean": 0.5982117399573326, "value_loss_mean": 0.7450746027752757}, "stage": 2, "stage_name": "hard", "summary": {"aborted": 4, "backtrace_steps": 28141, "backtracks": 2054, "decisions": 3285, "detected": 16, "episodes": 20, "pi_visits": 4375, "redundant": 0}, "sweep": 1}
TRAIN_START stage=hard sweep=1/3 circuit=c1355 difficulty=hard faults=20
TRAIN_RESULT {"circuit": "c1355", "difficulty": "hard", "learning": {"attributed_backtrace_steps": 21994, "attributed_backtracks": 1322, "backtrace_event_mismatch": 0, "backtrace_event_mismatch_abs": 0, "backtrack_event_mismatch": 0, "backtrack_event_mismatch_abs": 0, "combined_reward_sum": 1765.1401078188208, "counter_mismatch_episode": 0, "distributed_potential_reward": -434.7314342409062, "entropy_mean": 0.13783983662724494, "episodes": 20, "episodes_with_updates": 20, "extrinsic_reward_sum": 1765.1401078188203, "intrinsic_reward_sum": 0.0, "policy_loss_mean": 0.015989928878843783, "ratio_mean": 1.0005164325237275, "rnd_loss_mean": 0.0, "scaled_intrinsic_reward_sum": 0.0, "steps": 3821, "terminal_reward_residual": 2199.871542059727, "total_loss_mean": 0.21273075584322215, "value_loss_mean": 0.39375733346678315}, "stage": 2, "stage_name": "hard", "summary": {"aborted": 2, "backtrace_steps": 22004, "backtracks": 1322, "decisions": 3821, "detected": 18, "episodes": 20, "pi_visits": 3388, "redundant": 0}, "sweep": 1}
TRAIN_START stage=hard sweep=1/3 circuit=c499 difficulty=medium faults=20
TRAIN_RESULT {"circuit": "c499", "difficulty": "medium", "learning": {"attributed_backtrace_steps": 9099, "attributed_backtracks": 2, "backtrace_event_mismatch": 0, "backtrace_event_mismatch_abs": 0, "backtrack_event_mismatch": 0, "backtrack_event_mismatch_abs": 0, "combined_reward_sum": 1982.2254032461876, "counter_mismatch_episode": 0, "distributed_potential_reward": -217.35956781678834, "entropy_mean": 0.11134819015860557, "episodes": 20, "episodes_with_updates": 20, "extrinsic_reward_sum": 1982.225403246188, "intrinsic_reward_sum": 0.0, "policy_loss_mean": -0.01648468915373087, "ratio_mean": 1.0000867664813995, "rnd_loss_mean": 0.0, "scaled_intrinsic_reward_sum": 0.0, "steps": 1379, "terminal_reward_residual": 2199.584971062976, "total_loss_mean": -0.01444002715870738, "value_loss_mean": 0.004312021215446294}, "stage": 2, "stage_name": "hard", "summary": {"aborted": 0, "backtrace_steps": 9120, "backtracks": 2, "decisions": 1379, "detected": 20, "episodes": 20, "pi_visits": 822, "redundant": 0}, "sweep": 1}
TRAIN_START stage=hard sweep=1/3 circuit=c7552 difficulty=hard faults=20
TRAIN_RESULT {"circuit": "c7552", "difficulty": "hard", "learning": {"attributed_backtrace_steps": 4090, "attributed_backtracks": 6, "backtrace_event_mismatch": 0, "backtrace_event_mismatch_abs": 0, "backtrack_event_mismatch": 0, "backtrack_event_mismatch_abs": 0, "combined_reward_sum": 2509.0862148467454, "counter_mismatch_episode": 0, "distributed_potential_reward": -90.76767973108802, "entropy_mean": 0.08872258625924587, "episodes": 20, "episodes_with_updates": 20, "extrinsic_reward_sum": 2509.0862148467454, "intrinsic_reward_sum": 0.0, "policy_loss_mean": -0.20014866515994073, "ratio_mean": 1.0008599638938904, "rnd_loss_mean": 0.0, "scaled_intrinsic_reward_sum": 0.0, "steps": 718, "terminal_reward_residual": 2599.853894577833, "total_loss_mean": -0.18036139234900475, "value_loss_mean": 0.03975199144333601}, "stage": 2, "stage_name": "hard", "summary": {"aborted": 0, "backtrace_steps": 4095, "backtracks": 6, "decisions": 718, "detected": 20, "episodes": 20, "pi_visits": 403, "redundant": 0}, "sweep": 1}
TRAIN_START stage=hard sweep=1/3 circuit=c6288 difficulty=easy faults=20
valent faults = 1158

#Circuit Summary:
#---------------
#number of inputs = 157
#number of outputs = 64
#number of gates = 1400
#number of wires = 1557
#number of equivalent faults = 2595

#Circuit Summary:
#---------------
#number of inputs = 50
#number of outputs = 22
#number of gates = 1983
#number of wires = 2033
#number of equivalent faults = 3428

#Circuit Summary:
#---------------
#number of inputs = 36
#number of outputs = 7
#number of gates = 288
#number of wires = 324
#number of equivalent faults = 560

#Circuit Summary:
#---------------
#number of inputs = 41
#number of outputs = 32
#number of gates = 662
#number of wires = 703
#number of equivalent faults = 1158

#Circuit Summary:
#---------------
#number of inputs = 41
#number of outputs = 32
#number of gates = 590
#number of wires = 631
#number of equivalent faults = 1574

#Circuit Summary:
#---------------
#number of inputs = 33
#number of outputs = 25
#number of gates = 1056
#number of wires = 1089
#number of equivalent faults = 1876

#Circuit Summary:
#---------------
#number of inputs = 157
#number of outputs = 64
#number of gates = 1400
#number of wires = 1557
#number of equivalent faults = 2595

#Circuit Summary:
#---------------
#number of inputs = 50
#number of outputs = 22
#number of gates = 1983
#number of wires = 2033
#number of equivalent faults = 3428

#Circuit Summary:
#---------------
#number of inputs = 178
#number of outputs = 123
#number of gates = 2973
#number of wires = 3151
#number of equivalent faults = 5350

#Circuit Summary:
#---------------
#number of inputs = 207
#number of outputs = 108
#number of gates = 4042
#number of wires = 4249
#number of equivalent faults = 7550

#Circuit Summary:
#---------------
#number of inputs = 32
#number of outputs = 32
#number of gates = 2416
#number of wires = 2448
#number of equivalent faults = 7744

#Circuit Summary:
#---------------
#number of inputs = 1664
#number of outputs = 1742
#number of gates = 23319
#number of wires = 24983
#number of equivalent faults = 31180

#Circuit Summary:
#---------------
#number of inputs = 1664
#number of outputs = 1742
#number of gates = 23319
#number of wires = 24983
#number of equivalent faults = 31180

#Circuit Summary:
#---------------
#number of inputs = 157
#number of outputs = 64
#number of gates = 1400
#number of wires = 1557
#number of equivalent faults = 2595

#Circuit Summary:
#---------------
#number of inputs = 32
#number of outputs = 32
#number of gates = 2416
#number of wires = 2448
#number of equivalent faults = 7744

#Circuit Summary:
#---------------
#number of inputs = 41
#number of outputs = 32
#number of gates = 662
#number of wires = 703
#number of equivalent faults = 1158

#Circuit Summary:
#---------------
#number of inputs = 33
#number of outputs = 25
#number of gates = 1056
#number of wires = 1089
#number of equivalent faults = 1876

#Circuit Summary:
#---------------
#number of inputs = 157
#number of outputs = 64
#number of gates = 1400
#number of wires = 1557
#number of equivalent faults = 2595

#Circuit Summary:
#---------------
#number of inputs = 207
#number of outputs = 108
#number of gates = 4042
#number of wires = 4249
#number of equivalent faults = 7550

#Circuit Summary:
#---------------
#number of inputs = 207
#number of outputs = 108
#number of gates = 4042
#number of wires = 4249
#number of equivalent faults = 7550

#Circuit Summary:
#---------------
#number of inputs = 36
#number of outputs = 7
#number of gates = 288
#number of wires = 324
#number of equivalent faults = 560

#Circuit Summary:
#---------------
#number of inputs = 41
#number of outputs = 32
#number of gates = 590
#number of wires = 631
#number of equivalent faults = 1574

#Circuit Summary:
#---------------
#number of inputs = 41
#number of outputs = 32
#number of gates = 662
#number of wires = 703
#number of equivalent faults = 1158

#Circuit Summary:
#---------------
#number of inputs = 207
#number of outputs = 108
#number of gates = 4042
#number of wires = 4249
#number of equivalent faults = 7550

#Circuit Summary:
#---------------
#number of inputs = 3TRAIN_RESULT {"circuit": "c6288", "difficulty": "easy", "learning": {"attributed_backtrace_steps": 13807, "attributed_backtracks": 448, "backtrace_event_mismatch": 0, "backtrace_event_mismatch_abs": 0, "backtrack_event_mismatch": 0, "backtrack_event_mismatch_abs": 0, "combined_reward_sum": 1499.7459375538065, "counter_mismatch_episode": 0, "distributed_potential_reward": -699.506337053305, "entropy_mean": 0.07373855784535407, "episodes": 20, "episodes_with_updates": 20, "extrinsic_reward_sum": 1499.7459375538072, "intrinsic_reward_sum": 0.0, "policy_loss_mean": 0.13309892402030526, "ratio_mean": 0.9989139348268509, "rnd_loss_mean": 0.0, "scaled_intrinsic_reward_sum": 0.0, "steps": 2543, "terminal_reward_residual": 2199.252274607112, "total_loss_mean": 0.15577361518517135, "value_loss_mean": 0.04549687094986439}, "stage": 2, "stage_name": "hard", "summary": {"aborted": 0, "backtrace_steps": 13811, "backtracks": 448, "decisions": 2543, "detected": 20, "episodes": 20, "pi_visits": 1317, "redundant": 0}, "sweep": 1}
TRAIN_START stage=hard sweep=1/3 circuit=c1908 difficulty=easy faults=20
TRAIN_RESULT {"circuit": "c1908", "difficulty": "easy", "learning": {"attributed_backtrace_steps": 2844, "attributed_backtracks": 2, "backtrace_event_mismatch": 0, "backtrace_event_mismatch_abs": 0, "backtrack_event_mismatch": 0, "backtrack_event_mismatch_abs": 0, "combined_reward_sum": 1852.3261628768728, "counter_mismatch_episode": 0, "distributed_potential_reward": -337.1017439569163, "entropy_mean": 0.14006277173757553, "episodes": 20, "episodes_with_updates": 20, "extrinsic_reward_sum": 1852.326162876873, "intrinsic_reward_sum": 0.0, "policy_loss_mean": 0.04097641799016856, "ratio_mean": 1.0002142280340194, "rnd_loss_mean": 0.0, "scaled_intrinsic_reward_sum": 0.0, "steps": 389, "terminal_reward_residual": 2189.427906833789, "total_loss_mean": 0.04538560900837183, "value_loss_mean": 0.009098507231101394}, "stage": 2, "stage_name": "hard", "summary": {"aborted": 0, "backtrace_steps": 2883, "backtracks": 2, "decisions": 389, "detected": 20, "episodes": 20, "pi_visits": 266, "redundant": 0}, "sweep": 1}
TRAIN_START stage=hard sweep=1/3 circuit=c5315 difficulty=hard faults=20
TRAIN_RESULT {"circuit": "c5315", "difficulty": "hard", "learning": {"attributed_backtrace_steps": 4419, "attributed_backtracks": 49, "backtrace_event_mismatch": 0, "backtrace_event_mismatch_abs": 0, "backtrack_event_mismatch": 0, "backtrack_event_mismatch_abs": 0, "combined_reward_sum": 2307.827728513697, "counter_mismatch_episode": 0, "distributed_potential_reward": -271.7949247138595, "entropy_mean": 0.18460411056876183, "episodes": 20, "episodes_with_updates": 20, "extrinsic_reward_sum": 2307.8277285136974, "intrinsic_reward_sum": 0.0, "policy_loss_mean": -0.13782781418412923, "ratio_mean": 1.002222204208374, "rnd_loss_mean": 0.0, "scaled_intrinsic_reward_sum": 0.0, "steps": 654, "terminal_reward_residual": 2579.622653227557, "total_loss_mean": -0.12508290875703096, "value_loss_mean": 0.025859023490920664}, "stage": 2, "stage_name": "hard", "summary": {"aborted": 0, "backtrace_steps": 4428, "backtracks": 49, "decisions": 654, "detected": 20, "episodes": 20, "pi_visits": 501, "redundant": 0}, "sweep": 1}
TRAIN_START stage=hard sweep=1/3 circuit=c2670 difficulty=easy faults=20
TRAIN_RESULT {"circuit": "c2670", "difficulty": "easy", "learning": {"attributed_backtrace_steps": 564, "attributed_backtracks": 0, "backtrace_event_mismatch": 0, "backtrace_event_mismatch_abs": 0, "backtrack_event_mismatch": 0, "backtrack_event_mismatch_abs": 0, "combined_reward_sum": 2001.08066618173, "counter_mismatch_episode": 0, "distributed_potential_reward": -144.66919568085768, "entropy_mean": 0.1083192138466984, "episodes": 20, "episodes_with_updates": 16, "extrinsic_reward_sum": 2001.08066618173, "intrinsic_reward_sum": 0.0, "policy_loss_mean": 0.07971331547014415, "ratio_mean": 0.9985138103365898, "rnd_loss_mean": 0.0, "scaled_intrinsic_reward_sum": 0.0, "steps": 111, "terminal_reward_residual": 2145.7498618625877, "total_loss_mean": 0.08302815398201346, "value_loss_mean": 0.006846312986453995}, "stage": 2, "stage_name": "hard", "summary": {"aborted": 0, "backtrace_steps": 602, "backtracks": 0, "decisions": 111, "detected": 20, "episodes": 20, "pi_visits": 128, "redundant": 0}, "sweep": 1}
TRAIN_START stage=hard sweep=1/3 circuit=c3540 difficulty=hard faults=20
TRAIN_RESULT {"circuit": "c3540", "difficulty": "hard", "learning": {"attributed_backtrace_steps": 74985, "attributed_backtracks": 3084, "backtrace_event_mismatch": 0, "backtrace_event_mismatch_abs": 0, "backtrack_event_mismatch": 0, "backtrack_event_mismatch_abs": 0, "combined_reward_sum": 725.0420692347305, "counter_mismatch_episode": 0, "distributed_potential_reward": -674.1141664356065, "entropy_mean": 0.12306909784674644, "episodes": 20, "episodes_with_updates": 20, "extrinsic_reward_sum": 725.0420692347158, "intrinsic_reward_sum": 0.0, "policy_loss_mean": 0.4977070948109031, "ratio_mean": 1.0007863372564316, "rnd_loss_mean": 0.0, "scaled_intrinsic_reward_sum": 0.0, "steps": 6507, "terminal_reward_residual": 1399.156235670322, "total_loss_mean": 1.0432538773864508, "value_loss_mean": 1.0913397364667616}, "stage": 2, "stage_name": "hard", "summary": {"aborted": 6, "backtrace_steps": 74999, "backtracks": 3084, "decisions": 6507, "detected": 14, "episodes": 20, "pi_visits": 6448, "redundant": 0}, "sweep": 1}
TRAIN_START stage=hard sweep=1/3 circuit=c1908 difficulty=hard faults=20
TRAIN_RESULT {"circuit": "c1908", "difficulty": "hard", "learning": {"attributed_backtrace_steps": 56839, "attributed_backtracks": 3005, "backtrace_event_mismatch": 0, "backtrace_event_mismatch_abs": 0, "backtrack_event_mismatch": 0, "backtrack_event_mismatch_abs": 0, "combined_reward_sum": 788.6107196334327, "counter_mismatch_episode": 0, "distributed_potential_reward": -430.8837850578664, "entropy_mean": 0.1617986835539341, "episodes": 20, "episodes_with_updates": 20, "extrinsic_reward_sum": 788.6107196334399, "intrinsic_reward_sum": 0.0, "policy_loss_mean": 0.4066142180934548, "ratio_mean": 1.000466486811638, "rnd_loss_mean": 0.0, "scaled_intrinsic_reward_sum": 0.0, "steps": 4974, "terminal_reward_residual": 1219.4945046913062, "total_loss_mean": 0.8965457996353507, "value_loss_mean": 0.9801867702975869}, "stage": 2, "stage_name": "hard", "summary": {"aborted": 6, "backtrace_steps": 56859, "backtracks": 3005, "decisions": 4974, "detected": 14, "episodes": 20, "pi_visits": 6532, "redundant": 0}, "sweep": 1}
TRAIN_START stage=hard sweep=1/3 circuit=c6288 difficulty=medium faults=20
TRAIN_RESULT {"circuit": "c6288", "difficulty": "medium", "learning": {"attributed_backtrace_steps": 30617, "attributed_backtracks": 759, "backtrace_event_mismatch": 0, "backtrace_event_mismatch_abs": 0, "backtrack_event_mismatch": 0, "backtrack_event_mismatch_abs": 0, "combined_reward_sum": 1638.499172004257, "counter_mismatch_episode": 0, "distributed_potential_reward": -361.48271205371304, "entropy_mean": 0.12056137658655644, "episodes": 20, "episodes_with_updates": 20, "extrinsic_reward_sum": 1638.4991720042572, "intrinsic_reward_sum": 0.0, "policy_loss_mean": -0.05063173142261803, "ratio_mean": 1.0002947986125945, "rnd_loss_mean": 0.0, "scaled_intrinsic_reward_sum": 0.0, "steps": 4165, "terminal_reward_residual": 1999.9818840579705, "total_loss_mean": 0.04434760273288703, "value_loss_mean": 0.19019979503937065}, "stage": 2, "stage_name": "hard", "summary": {"aborted": 1, "backtrace_steps": 30618, "backtracks": 759, "decisions": 4165, "detected": 19, "episodes": 20, "pi_visits": 2016, "redundant": 0}, "sweep": 1}
TRAIN_START stage=hard sweep=1/3 circuit=c1355 difficulty=easy faults=20
TRAIN_RESULT {"circuit": "c1355", "difficulty": "easy", "learning": {"attributed_backtrace_steps": 6147, "attributed_backtracks": 3, "backtrace_event_mismatch": 0, "backtrace_event_mismatch_abs": 0, "backtrack_event_mismatch": 0, "backtrack_event_mismatch_abs": 0, "combined_reward_sum": 1945.4530368679896, "counter_mismatch_episode": 0, "distributed_potential_reward": -253.99748142738198, "entropy_mean": 0.1609821915626526, "episodes": 20, "episodes_with_updates": 20, "extrinsic_reward_sum": 1945.4530368679896, "intrinsic_reward_sum": 0.0, "policy_loss_mean": -0.09692149423062801, "ratio_mean": 1.0010786950588226, "rnd_loss_mean": 0.0, "scaled_intrinsic_reward_sum": 0.0, "steps": 1106, "terminal_reward_residual": 2199.4505182953717, "total_loss_mean": -0.08818741627037525, "value_loss_mean": 0.017790120630525052}, "stage": 2, "stage_name": "hard", "summary": {"aborted": 0, "backtrace_steps": 6161, "backtracks": 3, "decisions": 1106, "detected": 20, "episodes": 20, "pi_visits": 562, "redundant": 0}, "sweep": 1}
TRAIN_START stage=hard sweep=1/3 circuit=c1355 difficulty=medium faults=20
TRAIN_RESULT {"circuit": "c1355", "difficulty": "medium", "learning": {"attributed_backtrace_steps": 17627, "attributed_backtracks": 522, "backtrace_event_mismatch": 0, "backtrace_event_mismatch_abs": 0, "backtrack_event_mismatch": 0, "backtrack_event_mismatch_abs": 0, "combined_reward_sum": 1447.271041725459, "counter_mismatch_episode": 0, "distributed_potential_reward": -652.3444833714159, "entropy_mean": 0.1345897190272808, "episodes": 20, "episodes_with_updates": 20, "extrinsic_reward_sum": 1447.271041725459, "intrinsic_reward_sum": 0.0, "policy_loss_mean": 0.1141206931322813, "ratio_mean": 0.9998483240604401, "rnd_loss_mean": 0.0, "scaled_intrinsic_reward_sum": 0.0, "steps": 2996, "terminal_reward_residual": 2099.6155250968745, "total_loss_mean": 0.20214769765734672, "value_loss_mean": 0.17632321271812543}, "stage": 2, "stage_name": "hard", "summary": {"aborted": 1, "backtrace_steps": 17647, "backtracks": 522, "decisions": 2996, "detected": 19, "episodes": 20, "pi_visits": 1827, "redundant": 0}, "sweep": 1}
TRAIN_START stage=hard sweep=1/3 circuit=c499 difficulty=hard faults=20
TRAIN_RESULT {"circuit": "c499", "difficulty": "hard", "learning": {"attributed_backtrace_steps": 14999, "attributed_backtracks": 365, "backtrace_event_mismatch": 0, "backtrace_event_mismatch_abs": 0, "backtrack_event_mismatch": 0, "backtrack_event_mismatch_abs": 0, "combined_reward_sum": 2251.8556322954514, "counter_mismatch_episode": 0, "distributed_potential_reward": -268.01686034182586, "entropy_mean": 0.12995908297598363, "episodes": 20, "episodes_with_updates": 20, "extrinsic_reward_sum": 2251.8556322954505, "intrinsic_reward_sum": 0.0, "policy_loss_mean": -0.2516268521081656, "ratio_mean": 1.001105296611786, "rnd_loss_mean": 0.0, "scaled_intrinsic_reward_sum": 0.0, "steps": 2010, "terminal_reward_residual": 2519.872492637276, "total_loss_mean": -0.21512398216873407, "value_loss_mean": 0.07326565035618841}, "stage": 2, "stage_name": "hard", "summary": {"aborted": 0, "backtrace_steps": 15010, "backtracks": 365, "decisions": 2010, "detected": 20, "episodes": 20, "pi_visits": 1541, "redundant": 0}, "sweep": 1}
TRAIN_START stage=hard sweep=1/3 circuit=s38417_scan difficulty=hard faults=20
TRAIN_RESULT {"circuit": "s38417_scan", "difficulty": "hard", "learning": {"attributed_backtrace_steps": 8115, "attributed_backtracks": 5, "backtrace_event_mismatch": 0, "backtrace_event_mismatch_abs": 0, "backtrack_event_mismatch": 0, "backtrack_event_mismatch_abs": 0, "combined_reward_sum": 2170.1131162854354, "counter_mismatch_episode": 0, "distributed_potential_reward": -229.24443563576972, "entropy_mean": 0.0787099352106452, "episodes": 20, "episodes_with_updates": 20, "extrinsic_reward_sum": 2170.1131162854354, "intrinsic_reward_sum": 0.0, "policy_loss_mean": -0.08965460553299635, "ratio_mean": 1.0002888768911362, "rnd_loss_mean": 0.0, "scaled_intrinsic_reward_sum": 0.0, "steps": 1249, "terminal_reward_residual": 2399.357551921206, "total_loss_mean": -0.0800027159973979, "value_loss_mean": 0.019461199556826615}, "stage": 2, "stage_name": "hard", "summary": {"aborted": 0, "backtrace_steps": 8142, "backtracks": 5, "decisions": 1249, "detected": 20, "episodes": 20, "pi_visits": 764, "redundant": 0}, "sweep": 1}
TRAIN_START stage=hard sweep=1/3 circuit=c432 difficulty=medium faults=20
TRAIN_RESULT {"circuit": "c432", "difficulty": "medium", "learning": {"attributed_backtrace_steps": 1718, "attributed_backtracks": 1, "backtrace_event_mismatch": 0, "backtrace_event_mismatch_abs": 0, "backtrack_event_mismatch": 0, "backtrack_event_mismatch_abs": 0, "combined_reward_sum": 2042.8878587273716, "counter_mismatch_episode": 0, "distributed_potential_reward": -194.98519575828516, "entropy_mean": 0.11345785595476628, "episodes": 20, "episodes_with_updates": 20, "extrinsic_reward_sum": 2042.8878587273716, "intrinsic_reward_sum": 0.0, "policy_loss_mean": 0.008146464684978127, "ratio_mean": 0.9999450623989106, "rnd_loss_mean": 0.0, "scaled_intrinsic_reward_sum": 0.0, "steps": 568, "terminal_reward_residual": 2237.8730544856567, "total_loss_mean": 0.010847665392793715, "value_loss_mean": 0.005629318843421061}, "stage": 2, "stage_name": "hard", "summary": {"aborted": 0, "backtrace_steps": 1738, "backtracks": 1, "decisions": 568, "detected": 20, "episodes": 20, "pi_visits": 279, "redundant": 0}, "sweep": 1}
TRAIN_START stage=hard sweep=1/3 circuit=c432 difficulty=easy faults=20
TRAIN_RESULT {"circuit": "c432", "difficulty": "easy", "learning": {"attributed_backtrace_steps": 1172, "attributed_backtracks": 0, "backtrace_event_mismatch": 0, "backtrace_event_mismatch_abs": 0, "backtrack_event_mismatch": 0, "backtrack_event_mismatch_abs": 0, "combined_reward_sum": 1977.8502244798024, "counter_mismatch_episode": 0, "distributed_potential_reward": -214.6295950041443, "entropy_mean": 0.19375957995653154, "episodes": 20, "episodes_with_updates": 20, "extrinsic_reward_sum": 1977.8502244798024, "intrinsic_reward_sum": 0.0, "policy_loss_mean": 0.029524531331844628, "ratio_mean": 1.0010784268379211, "rnd_loss_mean": 0.0, "scaled_intrinsic_reward_sum": 0.0, "steps": 403, "terminal_reward_residual": 2192.479819483947, "total_loss_mean": 0.030565003352239727, "value_loss_mean": 0.0024684643838554622}, "stage": 2, "stage_name": "hard", "summary": {"aborted": 0, "backtrace_steps": 1215, "backtracks": 0, "decisions": 403, "detected": 20, "episodes": 20, "pi_visits": 220, "redundant": 0}, "sweep": 1}
TRAIN_START stage=hard sweep=1/3 circuit=c3540 difficulty=easy faults=20
TRAIN_RESULT {"circuit": "c3540", "difficulty": "easy", "learning": {"attributed_backtrace_steps": 9366, "attributed_backtracks": 500, "backtrace_event_mismatch": 0, "backtrace_event_mismatch_abs": 0, "backtrack_event_mismatch": 0, "backtrack_event_mismatch_abs": 0, "combined_reward_sum": 1719.7818055448997, "counter_mismatch_episode": 0, "distributed_potential_reward": -277.58566281717106, "entropy_mean": 0.1448121305555105, "episodes": 20, "episodes_with_updates": 20, "extrinsic_reward_sum": 1719.7818055448997, "intrinsic_reward_sum": 0.0, "policy_loss_mean": 0.11543363899108953, "ratio_mean": 0.998328623175621, "rnd_loss_mean": 0.0, "scaled_intrinsic_reward_sum": 0.0, "steps": 1612, "terminal_reward_residual": 1997.3674683620711, "total_loss_mean": 0.21152959752362221, "value_loss_mean": 0.19248153631342574}, "stage": 2, "stage_name": "hard", "summary": {"aborted": 1, "backtrace_steps": 9383, "backtracks": 500, "decisions": 1612, "detected": 19, "episodes": 20, "pi_visits": 1257, "redundant": 0}, "sweep": 1}
TRAIN_START stage=hard sweep=1/3 circuit=c3540 difficulty=medium faults=20
TRAIN_RESULT {"circuit": "c3540", "difficulty": "medium", "learning": {"attributed_backtrace_steps": 23421, "attributed_backtracks": 659, "backtrace_event_mismatch": 0, "backtrace_event_mismatch_abs": 0, "backtrack_event_mismatch": 0, "backtrack_event_mismatch_abs": 0, "combined_reward_sum": 1674.6742282686619, "counter_mismatch_episode": 0, "distributed_potential_reward": -463.20264365797425, "entropy_mean": 0.21608202755451203, "episodes": 20, "episodes_with_updates": 20, "extrinsic_reward_sum": 1674.6742282686641, "intrinsic_reward_sum": 0.0, "policy_loss_mean": 0.02529803740326315, "ratio_mean": 1.0046739518642425, "rnd_loss_mean": 0.0, "scaled_intrinsic_reward_sum": 0.0, "steps": 2070, "terminal_reward_residual": 2137.876871926638, "total_loss_mean": 0.13261612142669038, "value_loss_mean": 0.21506832016748376}, "stage": 2, "stage_name": "hard", "summary": {"aborted": 1, "backtrace_steps": 23453, "backtracks": 659, "decisions": 2070, "detected": 19, "episodes": 20, "pi_visits": 1705, "redundant": 0}, "sweep": 1}
TRAIN_START stage=hard sweep=1/3 circuit=s38417_scan difficulty=medium faults=20
TRAIN_RESULT {"circuit": "s38417_scan", "difficulty": "medium", "learning": {"attributed_backtrace_steps": 2463, "attributed_backtracks": 0, "backtrace_event_mismatch": 0, "backtrace_event_mismatch_abs": 0, "backtrack_event_mismatch": 0, "backtrack_event_mismatch_abs": 0, "combined_reward_sum": 1983.4864635620056, "counter_mismatch_episode": 0, "distributed_potential_reward": -201.67647576091906, "entropy_mean": 0.18254850544035434, "episodes": 20, "episodes_with_updates": 20, "extrinsic_reward_sum": 1983.4864635620058, "intrinsic_reward_sum": 0.0, "policy_loss_mean": -0.0018688990268856287, "ratio_mean": 0.9996873617172242, "rnd_loss_mean": 0.0, "scaled_intrinsic_reward_sum": 0.0, "steps": 409, "terminal_reward_residual": 2185.1629393229246, "total_loss_mean": -0.0014372954770806245, "value_loss_mean": 0.0012283041141927242}, "stage": 2, "stage_name": "hard", "summary": {"aborted": 0, "backtrace_steps": 2513, "backtracks": 0, "decisions": 409, "detected": 20, "episodes": 20, "pi_visits": 288, "redundant": 0}, "sweep": 1}
TRAIN_START stage=hard sweep=1/3 circuit=c5315 difficulty=easy faults=20
TRAIN_RESULT {"circuit": "c5315", "difficulty": "easy", "learning": {"attributed_backtrace_steps": 637, "attributed_backtracks": 0, "backtrace_event_mismatch": 0, "backtrace_event_mismatch_abs": 0, "backtrack_event_mismatch": 0, "backtrack_event_mismatch_abs": 0, "combined_reward_sum": 1984.8550627571594, "counter_mismatch_episode": 0, "distributed_potential_reward": -145.61281924197476, "entropy_mean": 0.18575392769915716, "episodes": 20, "episodes_with_updates": 14, "extrinsic_reward_sum": 1984.8550627571594, "intrinsic_reward_sum": 0.0, "policy_loss_mean": 0.0033468545672284172, "ratio_mean": 1.0003055887562888, "rnd_loss_mean": 0.0, "scaled_intrinsic_reward_sum": 0.0, "steps": 118, "terminal_reward_residual": 2130.467881999134, "total_loss_mean": 0.0038256766565609723, "value_loss_mean": 0.001329151790871817}, "stage": 2, "stage_name": "hard", "summary": {"aborted": 0, "backtrace_steps": 673, "backtracks": 0, "decisions": 118, "detected": 20, "episodes": 20, "pi_visits": 121, "redundant": 0}, "sweep": 1}
TRAIN_START stage=hard sweep=1/3 circuit=c5315 difficulty=medium faults=20
TRAIN_RESULT {"circuit": "c5315", "difficulty": "medium", "learning": {"attributed_backtrace_steps": 3140, "attributed_backtracks": 0, "backtrace_event_mismatch": 0, "backtrace_event_mismatch_abs": 0, "backtrack_event_mismatch": 0, "backtrack_event_mismatch_abs": 0, "combined_reward_sum": 1985.4998539233327, "counter_mismatch_episode": 0, "distributed_potential_reward": -211.30513429814064, "entropy_mean": 0.1530283246189356, "episodes": 20, "episodes_with_updates": 20, "extrinsic_reward_sum": 1985.4998539233327, "intrinsic_reward_sum": 0.0, "policy_loss_mean": -0.003969248177600093, "ratio_mean": 1.000608241558075, "rnd_loss_mean": 0.0, "scaled_intrinsic_reward_sum": 0.0, "steps": 512, "terminal_reward_residual": 2196.8049882214736, "total_loss_mean": -0.003094484386383556, "value_loss_mean": 0.0020555829134536905}, "stage": 2, "stage_name": "hard", "summary": {"aborted": 0, "backtrace_steps": 3180, "backtracks": 0, "decisions": 512, "detected": 20, "episodes": 20, "pi_visits": 360, "redundant": 0}, "sweep": 1}
2
#number of outputs = 32
#number of gates = 2416
#number of wires = 2448
#number of equivalent faults = 7744

#Circuit Summary:
#---------------
#number of inputs = 33
#number of outputs = 25
#number of gates = 1056
#number of wires = 1089
#number of equivalent faults = 1876

#Circuit Summary:
#---------------
#number of inputs = 178
#number of outputs = 123
#number of gates = 2973
#number of wires = 3151
#number of equivalent faults = 5350

#Circuit Summary:
#---------------
#number of inputs = 157
#number of outputs = 64
#number of gates = 1400
#number of wires = 1557
#number of equivalent faults = 2595

#Circuit Summary:
#---------------
#number of inputs = 50
#number of outputs = 22
#number of gates = 1983
#number of wires = 2033
#number of equivalent faults = 3428

#Circuit Summary:
#---------------
#number of inputs = 33
#number of outputs = 25
#number of gates = 1056
#number of wires = 1089
#number of equivalent faults = 1876

#Circuit Summary:
#---------------
#number of inputs = 32
#number of outputs = 32
#number of gates = 2416
#number of wires = 2448
#number of equivalent faults = 7744

#Circuit Summary:
#---------------
#number of inputs = 41
#number of outputs = 32
#number of gates = 590
#number of wires = 631
#number of equivalent faults = 1574

#Circuit Summary:
#---------------
#number of inputs = 41
#number of outputs = 32
#number of gates = 590
#number of wires = 631
#number of equivalent faults = 1574

#Circuit Summary:
#---------------
#number of inputs = 41
#number of outputs = 32
#number of gates = 662
#number of wires = 703
#number of equivalent faults = 1158

#Circuit Summary:
#---------------
#number of inputs = 1664
#number of outputs = 1742
#number of gates = 23319
#number of wires = 24983
#number of equivalent faults = 31180

#Circuit Summary:
#---------------
#number of inputs = 36
#number of outputs = 7
#number of gates = 288
#number of wires = 324
#number of equivalent faults = 560

#Circuit Summary:
#---------------
#number of inputs = 36
#number of outputs = 7
#number of gates = 288
#number of wires = 324
#number of equivalent faults = 560

#Circuit Summary:
#---------------
#number of inputs = 50
#number of outputs = 22
#number of gates = 1983
#number of wires = 2033
#number of equivalent faults = 3428

#Circuit Summary:
#---------------
#number of inputs = 50
#number of outputs = 22
#number of gates = 1983
#number of wires = 2033
#number of equivalent faults = 3428

#Circuit Summary:
#---------------
#number of inputs = 1664
#number of outputs = 1742
#number of gates = 23319
#number of wires = 24983
#number of equivalent faults = 31180

#Circuit Summary:
#---------------
#number of inputs = 178
#number of outputs = 123
#number of gates = 2973
#number of wires = 3151
#number of equivalent faults = 5350

#Circuit Summary:
#---------------
#number of inputs = 178
#number of outputs = 123
#number of gates = 2973
#number of wires = 3151
#number of equivalent faults = 5350

#Circuit Summary:
#---------------
#number of inputs = 36
#number of outputs = 7
#number of gates = 288
#number of wires = 324
#number of equivalent faults = 560

#Circuit Summary:
#---------------
#number of inputs = 41
#number of outputs = 32
#number of gates = 662
#number of wires = 703
#number of equivalent faults = 1158

#Circuit Summary:
#---------------
#number of inputs = 41
#number of outputs = 32
#number of gates = 590
#number of wires = 631
#number of equivalent faults = 1574

#Circuit Summary:
#---------------
#number of inputs = 33
#number of outputs = 25
#number of gates = 1056
#number of wires = 1089
#number of equivalent faults = 1876

#Circuit Summary:
#---------------
#number of inputs = 157
#number of outputs = 64
#number of gates = 1400
#number of wires = 1557
#number of equivalent faults = 2595

#Circuit Summary:
#---------------
#number of inputs = 50
#number of outputs = 22
#number of gates = 1983
#number of wires = 2033
#number of equivalent faults = 3428

#Circuit Summary:
#---------------
#number of inputs = 178
#number of outputs = 123
#number of gates = 2973
#number of wires = 3151
#number of eVALIDATION selection=kept {"aggregate": {"aborted": 9, "decisions": 28854, "detected": 491, "mean_backtrace_ratio": 1.204473954768516, "mean_backtrack_ratio": 1.092695472813903, "score": [-491, 9, 1.092695472813903, 1.204473954768516, 28854]}, "circuits": {"c1355": {"aborted": 0, "backtrace_steps": 18806, "backtracks": 17, "decisions": 3330, "detected": 50, "episodes": 50, "pi_visits": 1781, "redundant": 0}, "c1908": {"aborted": 0, "backtrace_steps": 13781, "backtracks": 7, "decisions": 1583, "detected": 50, "episodes": 50, "pi_visits": 991, "redundant": 0}, "c2670": {"aborted": 3, "backtrace_steps": 21838, "backtracks": 1514, "decisions": 2555, "detected": 47, "episodes": 50, "pi_visits": 3759, "redundant": 0}, "c3540": {"aborted": 3, "backtrace_steps": 50408, "backtracks": 1761, "decisions": 4627, "detected": 47, "episodes": 50, "pi_visits": 4249, "redundant": 0}, "c432": {"aborted": 0, "backtrace_steps": 3638, "backtracks": 8, "decisions": 1184, "detected": 50, "episodes": 50, "pi_visits": 613, "redundant": 0}, "c499": {"aborted": 0, "backtrace_steps": 21479, "backtracks": 3, "decisions": 3181, "detected": 50, "episodes": 50, "pi_visits": 1849, "redundant": 0}, "c5315": {"aborted": 0, "backtrace_steps": 6536, "backtracks": 2, "decisions": 1057, "detected": 50, "episodes": 50, "pi_visits": 734, "redundant": 0}, "c6288": {"aborted": 3, "backtrace_steps": 59225, "backtracks": 1833, "decisions": 8512, "detected": 47, "episodes": 50, "pi_visits": 4879, "redundant": 0}, "c7552": {"aborted": 0, "backtrace_steps": 11177, "backtracks": 50, "decisions": 1765, "detected": 50, "episodes": 50, "pi_visits": 1118, "redundant": 0}, "s38417_scan": {"aborted": 0, "backtrace_steps": 7217, "backtracks": 5, "decisions": 1060, "detected": 50, "episodes": 50, "pi_visits": 701, "redundant": 0}}, "label": "hard_sweep_1"}
TRAIN_START stage=hard sweep=2/3 circuit=c1908 difficulty=medium faults=20
TRAIN_RESULT {"circuit": "c1908", "difficulty": "medium", "learning": {"attributed_backtrace_steps": 4665, "attributed_backtracks": 54, "backtrace_event_mismatch": 0, "backtrace_event_mismatch_abs": 0, "backtrack_event_mismatch": 0, "backtrack_event_mismatch_abs": 0, "combined_reward_sum": 1914.3451907160625, "counter_mismatch_episode": 0, "distributed_potential_reward": -283.8461792003794, "entropy_mean": 0.19176006093621253, "episodes": 20, "episodes_with_updates": 20, "extrinsic_reward_sum": 1914.3451907160625, "intrinsic_reward_sum": 0.0, "policy_loss_mean": 0.0063595914962206734, "ratio_mean": 0.9994505524635315, "rnd_loss_mean": 0.0, "scaled_intrinsic_reward_sum": 0.0, "steps": 626, "terminal_reward_residual": 2198.191369916442, "total_loss_mean": 0.010215669101853564, "value_loss_mean": 0.008095675247022881}, "stage": 2, "stage_name": "hard", "summary": {"aborted": 0, "backtrace_steps": 4689, "backtracks": 54, "decisions": 626, "detected": 20, "episodes": 20, "pi_visits": 454, "redundant": 0}, "sweep": 2}
TRAIN_START stage=hard sweep=2/3 circuit=c499 difficulty=medium faults=20
TRAIN_RESULT {"circuit": "c499", "difficulty": "medium", "learning": {"attributed_backtrace_steps": 9213, "attributed_backtracks": 2, "backtrace_event_mismatch": 0, "backtrace_event_mismatch_abs": 0, "backtrack_event_mismatch": 0, "backtrack_event_mismatch_abs": 0, "combined_reward_sum": 1979.7610786939142, "counter_mismatch_episode": 0, "distributed_potential_reward": -219.92386913858684, "entropy_mean": 0.15469633266329766, "episodes": 20, "episodes_with_updates": 20, "extrinsic_reward_sum": 1979.7610786939138, "intrinsic_reward_sum": 0.0, "policy_loss_mean": -0.001955624669790268, "ratio_mean": 1.000096583366394, "rnd_loss_mean": 0.0, "scaled_intrinsic_reward_sum": 0.0, "steps": 1380, "terminal_reward_residual": 2199.6849478325007, "total_loss_mean": 1.1521205306053161e-05, "value_loss_mean": 0.004243684021639637}, "stage": 2, "stage_name": "hard", "summary": {"aborted": 0, "backtrace_steps": 9229, "backtracks": 2, "decisions": 1380, "detected": 20, "episodes": 20, "pi_visits": 822, "redundant": 0}, "sweep": 2}
TRAIN_START stage=hard sweep=2/3 circuit=c2670 difficulty=hard faults=20
TRAIN_RESULT {"circuit": "c2670", "difficulty": "hard", "learning": {"attributed_backtrace_steps": 42504, "attributed_backtracks": 3137, "backtrace_event_mismatch": 0, "backtrace_event_mismatch_abs": 0, "backtrack_event_mismatch": 0, "backtrack_event_mismatch_abs": 0, "combined_reward_sum": 492.5391425127895, "counter_mismatch_episode": 0, "distributed_potential_reward": -786.7121611303622, "entropy_mean": 0.12300879359245301, "episodes": 20, "episodes_with_updates": 20, "extrinsic_reward_sum": 492.5391425127931, "intrinsic_reward_sum": 0.0, "policy_loss_mean": 0.4730034235864878, "ratio_mean": 1.0008954614400865, "rnd_loss_mean": 0.0, "scaled_intrinsic_reward_sum": 0.0, "steps": 4540, "terminal_reward_residual": 1279.2513036431553, "total_loss_mean": 0.9965139076346532, "value_loss_mean": 1.0472669480601327}, "stage": 2, "stage_name": "hard", "summary": {"aborted": 6, "backtrace_steps": 42527, "backtracks": 3137, "decisions": 4540, "detected": 14, "episodes": 20, "pi_visits": 6723, "redundant": 0}, "sweep": 2}
TRAIN_START stage=hard sweep=2/3 circuit=c1908 difficulty=hard faults=20
TRAIN_RESULT {"circuit": "c1908", "difficulty": "hard", "learning": {"attributed_backtrace_steps": 46974, "attributed_backtracks": 3003, "backtrace_event_mismatch": 0, "backtrace_event_mismatch_abs": 0, "backtrack_event_mismatch": 0, "backtrack_event_mismatch_abs": 0, "combined_reward_sum": 895.6726203235198, "counter_mismatch_episode": 0, "distributed_potential_reward": -323.8218843677766, "entropy_mean": 0.22115252427756787, "episodes": 20, "episodes_with_updates": 20, "extrinsic_reward_sum": 895.6726203235282, "intrinsic_reward_sum": 0.0, "policy_loss_mean": 0.3195055492222309, "ratio_mean": 1.0075650632381439, "rnd_loss_mean": 0.0, "scaled_intrinsic_reward_sum": 0.0, "steps": 4584, "terminal_reward_residual": 1219.4945046913049, "total_loss_mean": 0.788034875690937, "value_loss_mean": 0.9375009698793292}, "stage": 2, "stage_name": "hard", "summary": {"aborted": 6, "backtrace_steps": 46994, "backtracks": 3003, "decisions": 4584, "detected": 14, "episodes": 20, "pi_visits": 6438, "redundant": 0}, "sweep": 2}
TRAIN_START stage=hard sweep=2/3 circuit=c499 difficulty=easy faults=20
TRAIN_RESULT {"circuit": "c499", "difficulty": "easy", "learning": {"attributed_backtrace_steps": 7261, "attributed_backtracks": 2, "backtrace_event_mismatch": 0, "backtrace_event_mismatch_abs": 0, "backtrack_event_mismatch": 0, "backtrack_event_mismatch_abs": 0, "combined_reward_sum": 1928.6375236345316, "counter_mismatch_episode": 0, "distributed_potential_reward": -270.80500994664595, "entropy_mean": 0.16676568984985352, "episodes": 20, "episodes_with_updates": 20, "extrinsic_reward_sum": 1928.6375236345318, "intrinsic_reward_sum": 0.0, "policy_loss_mean": -0.1643265949562192, "ratio_mean": 1.0031066298484803, "rnd_loss_mean": 0.0, "scaled_intrinsic_reward_sum": 0.0, "steps": 1062, "terminal_reward_residual": 2199.4425335811775, "total_loss_mean": -0.14899311177432537, "value_loss_mean": 0.03100049963686615}, "stage": 2, "stage_name": "hard", "summary": {"aborted": 0, "backtrace_steps": 7277, "backtracks": 2, "decisions": 1062, "detected": 20, "episodes": 20, "pi_visits": 619, "redundant": 0}, "sweep": 2}
TRAIN_START stage=hard sweep=2/3 circuit=c7552 difficulty=hard faults=20
TRAIN_RESULT {"circuit": "c7552", "difficulty": "hard", "learning": {"attributed_backtrace_steps": 9189, "attributed_backtracks": 522, "backtrace_event_mismatch": 0, "backtrace_event_mismatch_abs": 0, "backtrack_event_mismatch": 0, "backtrack_event_mismatch_abs": 0, "combined_reward_sum": 2266.020841911854, "counter_mismatch_episode": 0, "distributed_potential_reward": -133.83305266598433, "entropy_mean": 0.1416310088708997, "episodes": 20, "episodes_with_updates": 20, "extrinsic_reward_sum": 2266.020841911851, "intrinsic_reward_sum": 0.0, "policy_loss_mean": -0.22089383602142335, "ratio_mean": 1.0114123821258545, "rnd_loss_mean": 0.0, "scaled_intrinsic_reward_sum": 0.0, "steps": 1229, "terminal_reward_residual": 2399.853894577836, "total_loss_mean": -0.08875566646456719, "value_loss_mean": 0.2645595815032721}, "stage": 2, "stage_name": "hard", "summary": {"aborted": 1, "backtrace_steps": 9194, "backtracks": 522, "decisions": 1229, "detected": 19, "episodes": 20, "pi_visits": 1441, "redundant": 0}, "sweep": 2}
TRAIN_START stage=hard sweep=2/3 circuit=s38417_scan difficulty=easy faults=20
TRAIN_RESULT {"circuit": "s38417_scan", "difficulty": "easy", "learning": {"attributed_backtrace_steps": 72, "attributed_backtracks": 0, "backtrace_event_mismatch": 0, "backtrace_event_mismatch_abs": 0, "backtrack_event_mismatch": 0, "backtrack_event_mismatch_abs": 0, "combined_reward_sum": 1980.0, "counter_mismatch_episode": 0, "distributed_potential_reward": -61.58333333333333, "entropy_mean": 0.06862780451774597, "episodes": 20, "episodes_with_updates": 6, "extrinsic_reward_sum": 1980.0, "intrinsic_reward_sum": 0.0, "policy_loss_mean": 0.02249640777396659, "ratio_mean": 0.9937987327575684, "rnd_loss_mean": 0.0, "scaled_intrinsic_reward_sum": 0.0, "steps": 16, "terminal_reward_residual": 2041.5833333333333, "total_loss_mean": 0.024188332492485642, "value_loss_mean": 0.003521107961811746}, "stage": 2, "stage_name": "hard", "summary": {"aborted": 0, "backtrace_steps": 157, "backtracks": 0, "decisions": 16, "detected": 20, "episodes": 20, "pi_visits": 60, "redundant": 0}, "sweep": 2}
TRAIN_START stage=hard sweep=2/3 circuit=c2670 difficulty=easy faults=20
TRAIN_RESULT {"circuit": "c2670", "difficulty": "easy", "learning": {"attributed_backtrace_steps": 940, "attributed_backtracks": 0, "backtrace_event_mismatch": 0, "backtrace_event_mismatch_abs": 0, "backtrack_event_mismatch": 0, "backtrack_event_mismatch_abs": 0, "combined_reward_sum": 1983.6591437361333, "counter_mismatch_episode": 0, "distributed_potential_reward": -188.86010732036706, "entropy_mean": 0.0558528049211753, "episodes": 20, "episodes_with_updates": 19, "extrinsic_reward_sum": 1983.6591437361335, "intrinsic_reward_sum": 0.0, "policy_loss_mean": -0.01015092457926489, "ratio_mean": 1.000559361357438, "rnd_loss_mean": 0.0, "scaled_intrinsic_reward_sum": 0.0, "steps": 186, "terminal_reward_residual": 2172.5192510565003, "total_loss_mean": -0.009601033690973725, "value_loss_mean": 0.001211488072601098}, "stage": 2, "stage_name": "hard", "summary": {"aborted": 0, "backtrace_steps": 978, "backtracks": 0, "decisions": 186, "detected": 20, "episodes": 20, "pi_visits": 165, "redundant": 0}, "sweep": 2}
TRAIN_START stage=hard sweep=2/3 circuit=c432 difficulty=easy faults=20
TRAIN_RESULT {"circuit": "c432", "difficulty": "easy", "learning": {"attributed_backtrace_steps": 1185, "attributed_backtracks": 0, "backtrace_event_mismatch": 0, "backtrace_event_mismatch_abs": 0, "backtrack_event_mismatch": 0, "backtrack_event_mismatch_abs": 0, "combined_reward_sum": 1964.9882113484011, "counter_mismatch_episode": 0, "distributed_potential_reward": -229.79538810008714, "entropy_mean": 0.1116358608007431, "episodes": 20, "episodes_with_updates": 20, "extrinsic_reward_sum": 1964.9882113484011, "intrinsic_reward_sum": 0.0, "policy_loss_mean": -0.012164891319116578, "ratio_mean": 1.00022454559803, "rnd_loss_mean": 0.0, "scaled_intrinsic_reward_sum": 0.0, "steps": 408, "terminal_reward_residual": 2194.783599448488, "total_loss_mean": -0.011296413264790316, "value_loss_mean": 0.0019602282933192327}, "stage": 2, "stage_name": "hard", "summary": {"aborted": 0, "backtrace_steps": 1214, "backtracks": 0, "decisions": 408, "detected": 20, "episodes": 20, "pi_visits": 216, "redundant": 0}, "sweep": 2}
TRAIN_START stage=hard sweep=2/3 circuit=c1355 difficulty=hard faults=20
TRAIN_RESULT {"circuit": "c1355", "difficulty": "hard", "learning": {"attributed_backtrace_steps": 18201, "attributed_backtracks": 1025, "backtrace_event_mismatch": 0, "backtrace_event_mismatch_abs": 0, "backtrack_event_mismatch": 0, "backtrack_event_mismatch_abs": 0, "combined_reward_sum": 1679.5456177815634, "counter_mismatch_episode": 0, "distributed_potential_reward": -520.3259242781612, "entropy_mean": 0.09086397700011731, "episodes": 20, "episodes_with_updates": 20, "extrinsic_reward_sum": 1679.5456177815645, "intrinsic_reward_sum": 0.0, "policy_loss_mean": 0.11832082960754634, "ratio_mean": 1.0008422613143921, "rnd_loss_mean": 0.0, "scaled_intrinsic_reward_sum": 0.0, "steps": 3014, "terminal_reward_residual": 2199.871542059726, "total_loss_mean": 0.32235805224627256, "value_loss_mean": 0.4082561888033524}, "stage": 2, "stage_name": "hard", "summary": {"aborted": 2, "backtrace_steps": 18211, "backtracks": 1025, "decisions": 3014, "detected": 18, "episodes": 20, "pi_visits": 2800, "redundant": 0}, "sweep": 2}
TRAIN_START stage=hard sweep=2/3 circuit=c3540 difficulty=easy faults=20
TRAIN_RESULT {"circuit": "c3540", "difficulty": "easy", "learning": {"attributed_backtrace_steps": 1790, "attributed_backtracks": 0, "backtrace_event_mismatch": 0, "backtrace_event_mismatch_abs": 0, "backtrack_event_mismatch": 0, "backtrack_event_mismatch_abs": 0, "combined_reward_sum": 1989.9781797085845, "counter_mismatch_episode": 0, "distributed_potential_reward": -202.8449674620794, "entropy_mean": 0.08710810081101954, "episodes": 20, "episodes_with_updates": 20, "extrinsic_reward_sum": 1989.9781797085845, "intrinsic_reward_sum": 0.0, "policy_loss_mean": -0.016788305644877256, "ratio_mean": 1.0005843877792358, "rnd_loss_mean": 0.0, "scaled_intrinsic_reward_sum": 0.0, "steps": 300, "terminal_reward_residual": 2192.823147170664, "total_loss_mean": -0.016236467263661326, "value_loss_mean": 0.0012778931712091434}, "stage": 2, "stage_name": "hard", "summary": {"aborted": 0, "backtrace_steps": 1821, "backtracks": 0, "decisions": 300, "detected": 20, "episodes": 20, "pi_visits": 224, "redundant": 0}, "sweep": 2}
TRAIN_START stage=hard sweep=2/3 circuit=c2670 difficulty=medium faults=20
TRAIN_RESULT {"circuit": "c2670", "difficulty": "medium", "learning": {"attributed_backtrace_steps": 3748, "attributed_backtracks": 3, "backtrace_event_mismatch": 0, "backtrace_event_mismatch_abs": 0, "backtrack_event_mismatch": 0, "backtrack_event_mismatch_abs": 0, "combined_reward_sum": 1933.5191940792856, "counter_mismatch_episode": 0, "distributed_potential_reward": -264.7409876791048, "entropy_mean": 0.17697405219078063, "episodes": 20, "episodes_with_updates": 20, "extrinsic_reward_sum": 1933.519194079286, "intrinsic_reward_sum": 0.0, "policy_loss_mean": -0.005061075083358446, "ratio_mean": 1.0011789858341218, "rnd_loss_mean": 0.0, "scaled_intrinsic_reward_sum": 0.0, "steps": 593, "terminal_reward_residual": 2198.260181758391, "total_loss_mean": -0.002768906301935203, "value_loss_mean": 0.004938286752440036}, "stage": 2, "stage_name": "hard", "summary": {"aborted": 0, "backtrace_steps": 3775, "backtracks": 3, "decisions": 593, "detected": 20, "episodes": 20, "pi_visits": 411, "redundant": 0}, "sweep": 2}
TRAIN_START stage=hard sweep=2/3 circuit=c5315 difficulty=medium faults=20
TRAIN_RESULT {"circuit": "c5315", "difficulty": "medium", "learning": {"attributed_backtrace_steps": 3146, "attributed_backtracks": 1, "backtrace_event_mismatch": 0, "backtrace_event_mismatch_abs": 0, "backtrack_event_mismatch": 0, "backtrack_event_mismatch_abs": 0, "combined_reward_sum": 1965.0559711933474, "counter_mismatch_episode": 0, "distributed_potential_reward": -230.65657649285592, "entropy_mean": 0.14487565946765243, "episodes": 20, "episodes_with_updates": 20, "extrinsic_reward_sum": 1965.0559711933474, "intrinsic_reward_sum": 0.0, "policy_loss_mean": -0.0030033954080863623, "ratio_mean": 1.0001684784889222, "rnd_loss_mean": 0.0, "scaled_intrinsic_reward_sum": 0.0, "steps": 507, "terminal_reward_residual": 2195.712547686203, "total_loss_mean": -0.0017250272758246865, "value_loss_mean": 0.002846487538772635}, "stage": 2, "stage_name": "hard", "summary": {"aborted": 0, "backtrace_steps": 3198, "backtracks": 1, "decisions": 507, "detected": 20, "episodes": 20, "pi_visits": 362, "redundant": 0}, "sweep": 2}
TRAIN_START stage=hard sweep=2/3 circuit=c6288 difficulty=easy faults=20
TRAIN_RESULT {"circuit": "c6288", "difficulty": "easy", "learning": {"attributed_backtrace_steps": 4506, "attributed_backtracks": 8, "backtrace_event_mismatch": 0, "backtrace_event_mismatch_abs": 0, "backtrack_event_mismatch": 0, "backtrack_event_mismatch_abs": 0, "combined_reward_sum": 1754.643881930275, "counter_mismatch_episode": 0, "distributed_potential_reward": -444.05631669118674, "entropy_mean": 0.044934735912829635, "episodes": 20, "episodes_with_updates": 20, "extrinsic_reward_sum": 1754.6438819302753, "intrinsic_reward_sum": 0.0, "policy_loss_mean": 0.01388311272021383, "ratio_mean": 1.0003068029880524, "rnd_loss_mean": 0.0, "scaled_intrinsic_reward_sum": 0.0, "steps": 1083, "terminal_reward_residual": 2198.700198621462, "total_loss_mean": 0.019696328882128, "value_loss_mean": 0.011716299477848224}, "stage": 2, "stage_name": "hard", "summary": {"aborted": 0, "backtrace_steps": 4519, "backtracks": 8, "decisions": 1083, "detected": 20, "episodes": 20, "pi_visits": 503, "redundant": 0}, "sweep": 2}
TRAIN_START stage=hard sweep=2/3 circuit=c6288 difficulty=hard faults=20
TRAIN_RESULT {"circuit": "c6288", "difficulty": "hard", "learning": {"attributed_backtrace_steps": 26128, "attributed_backtracks": 1028, "backtrace_event_mismatch": 0, "backtrace_event_mismatch_abs": 0, "backtrack_event_mismatch": 0, "backtrack_event_mismatch_abs": 0, "combined_reward_sum": 1702.8065710923331, "counter_mismatch_episode": 0, "distributed_potential_reward": -337.075460377082, "entropy_mean": 0.03798415875062346, "episodes": 20, "episodes_with_updates": 20, "extrinsic_reward_sum": 1702.8065710923336, "intrinsic_reward_sum": 0.0, "policy_loss_mean": 0.07271478057373315, "ratio_mean": 1.0002443999052049, "rnd_loss_mean": 0.0, "scaled_intrinsic_reward_sum": 0.0, "steps": 5606, "terminal_reward_residual": 2039.8820314694156, "total_loss_mean": 0.28234477177029477, "value_loss_mean": 0.4193359131750185}, "stage": 2, "stage_name": "hard", "summary": {"aborted": 2, "backtrace_steps": 26137, "backtracks": 1028, "decisions": 5606, "detected": 18, "episodes": 20, "pi_visits": 2633, "redundant": 0}, "sweep": 2}
TRAIN_START stage=hard sweep=2/3 circuit=s38417_scan difficulty=medium faults=20
TRAIN_RESULT {"circuit": "s38417_scan", "difficulty": "medium", "learning": {"attributed_backtrace_steps": 2954, "attributed_backtracks": 0, "backtrace_event_mismatch": 0, "backtrace_event_mismatch_abs": 0, "backtrack_event_mismatch": 0, "backtrack_event_mismatch_abs": 0, "combined_reward_sum": 1971.9919088831243, "counter_mismatch_episode": 0, "distributed_potential_reward": -223.56905489274092, "entropy_mean": 0.08246325966902077, "episodes": 20, "episodes_with_updates": 20, "extrinsic_reward_sum": 1971.9919088831243, "intrinsic_reward_sum": 0.0, "policy_loss_mean": -0.0030982306387159044, "ratio_mean": 0.9992764204740524, "rnd_loss_mean": 0.0, "scaled_intrinsic_reward_sum": 0.0, "steps": 468, "terminal_reward_residual": 2195.5609637758653, "total_loss_mean": -0.002269409603468375, "value_loss_mean": 0.001822568182615214}, "stage": 2, "stage_name": "hard", "summary": {"aborted": 0, "backtrace_steps": 2984, "backtracks": 0, "decisions": 468, "detected": 20, "episodes": 20, "pi_visits": 308, "redundant": 0}, "sweep": 2}
TRAIN_START stage=hard sweep=2/3 circuit=c7552 difficulty=medium faults=20
TRAIN_RESULT {"circuit": "c7552", "difficulty": "medium", "learning": {"attributed_backtrace_steps": 6500, "attributed_backtracks": 6, "backtrace_event_mismatch": 0, "backtrace_event_mismatch_abs": 0, "backtrack_event_mismatch": 0, "backtrack_event_mismatch_abs": 0, "combined_reward_sum": 2113.4210437245365, "counter_mismatch_episode": 0, "distributed_potential_reward": -266.2147023816577, "entropy_mean": 0.15979183111339806, "episodes": 20, "episodes_with_updates": 20, "extrinsic_reward_sum": 2113.4210437245365, "intrinsic_reward_sum": 0.0, "policy_loss_mean": -0.05084158180397935, "ratio_mean": 0.9986657679080964, "rnd_loss_mean": 0.0, "scaled_intrinsic_reward_sum": 0.0, "steps": 974, "terminal_reward_residual": 2379.635746106194, "total_loss_mean": -0.03908384465030394, "value_loss_mean": 0.023835061269346626}, "stage": 2, "stage_name": "hard", "summary": {"aborted": 0, "backtrace_steps": 6515, "backtracks": 6, "decisions": 974, "detected": 20, "episodes": 20, "pi_visits": 568, "redundant": 0}, "sweep": 2}
TRAIN_START stage=hard sweep=2/3 circuit=s38417_scan difficulty=hard faults=20
TRAIN_RESULT {"circuit": "s38417_scan", "difficulty": "hard", "learning": {"attributed_backtrace_steps": 7919, "attributed_backtracks": 5, "backtrace_event_mismatch": 0, "backtrace_event_mismatch_abs": 0, "backtrack_event_mismatch": 0, "backtrack_event_mismatch_abs": 0, "combined_reward_sum": 2173.0879734952264, "counter_mismatch_episode": 0, "distributed_potential_reward": -226.2695784259796, "entropy_mean": 0.0546190345659852, "episodes": 20, "episodes_with_updates": 20, "extrinsic_reward_sum": 2173.087973495227, "intrinsic_reward_sum": 0.0, "policy_loss_mean": -0.056290618237107994, "ratio_mean": 1.0008016109466553, "rnd_loss_mean": 0.0, "scaled_intrinsic_reward_sum": 0.0, "steps": 1243, "terminal_reward_residual": 2399.3575519212054, "total_loss_mean": -0.049054065346717836, "value_loss_mean": 0.01458234692690894}, "stage": 2, "stage_name": "hard", "summary": {"aborted": 0, "backtrace_steps": 7946, "backtracks": 5, "decisions": 1243, "detected": 20, "episodes": 20, "pi_visits": 752, "redundant": 0}, "sweep": 2}
TRAIN_START stage=hard sweep=2/3 circuit=c3540 difficulty=hard faults=20
TRAIN_RESULT {"circuit": "c3540", "difficulty": "hard", "learning": {"attributed_backtrace_steps": 76863, "attributed_backtracks": 3083, "backtrace_event_mismatch": 0, "backtrace_event_mismatch_abs": 0, "backtrack_event_mismatch": 0, "backtrack_event_mismatch_abs": 0, "combined_reward_sum": 774.6868199227093, "counter_mismatch_episode": 0, "distributed_potential_reward": -624.4694157476239, "entropy_mean": 0.046841831505298616, "episodes": 20, "episodes_with_updates": 20, "extrinsic_reward_sum": 774.6868199226961, "intrinsic_reward_sum": 0.0, "policy_loss_mean": 0.5144151375512592, "ratio_mean": 1.0003757536411286, "rnd_loss_mean": 0.0, "scaled_intrinsic_reward_sum": 0.0, "steps": 6646, "terminal_reward_residual": 1399.1562356703198, "total_loss_mean": 1.0805951036280022, "value_loss_mean": 1.1324536236235871}, "stage": 2, "stage_name": "hard", "summary": {"aborted": 6, "backtrace_steps": 76877, "backtracks": 3083, "decisions": 6646, "detected": 14, "episodes": 20, "pi_visits": 6425, "redundant": 0}, "sweep": 2}
TRAIN_START stage=hard sweep=2/3 circuit=c3540 difficulty=medium faults=20
TRAIN_RESULT {"circuit": "c3540", "difficulty": "medium", "learning": {"attributed_backtrace_steps": 3130, "attributed_backtracks": 9, "backtrace_event_mismatch": 0, "backtrace_event_mismatch_abs": 0, "backtrack_event_mismatch": 0, "backtrack_event_mismatch_abs": 0, "combined_reward_sum": 2067.2373168319436, "counter_mismatch_episode": 0, "distributed_potential_reward": -330.2665471016821, "entropy_mean": 0.03196884305216372, "episodes": 20, "episodes_with_updates": 20, "extrinsic_reward_sum": 2067.2373168319436, "intrinsic_reward_sum": 0.0, "policy_loss_mean": -0.0980920904316008, "ratio_mean": 1.0006682455539704, "rnd_loss_mean": 0.0, "scaled_intrinsic_reward_sum": 0.0, "steps": 452, "terminal_reward_residual": 2397.503863933626, "total_loss_mean": -0.08928903918713331, "value_loss_mean": 0.017670038167852908}, "stage": 2, "stage_name": "hard", "summary": {"aborted": 0, "backtrace_steps": 3157, "backtracks": 9, "decisions": 452, "detected": 20, "episodes": 20, "pi_visits": 322, "redundant": 0}, "sweep": 2}
TRAIN_START stage=hard sweep=2/3 circuit=c7552 difficulty=easy faults=20
TRAIN_RESULT {"circuit": "c7552", "difficulty": "easy", "learning": {"attributed_backtrace_steps": 3001, "attributed_backtracks": 0, "backtrace_event_mismatch": 0, "backtrace_event_mismatch_abs": 0, "backtrack_event_mismatch": 0, "backtrack_event_mismatch_abs": 0, "combined_reward_sum": 1980.0045532176525, "counter_mismatch_episode": 0, "distributed_potential_reward": -211.02178666581213, "entropy_mean": 0.024999361438676714, "episodes": 20, "episodes_with_updates": 20, "extrinsic_reward_sum": 1980.0045532176528, "intrinsic_reward_sum": 0.0, "policy_loss_mean": -0.005044474394526333, "ratio_mean": 1.0000379085540771, "rnd_loss_mean": 0.0, "scaled_intrinsic_reward_sum": 0.0, "steps": 483, "terminal_reward_residual": 2191.026339883465, "total_loss_mean": -0.004015796410385519, "value_loss_mean": 0.002107354789040983}, "stage": 2, "stage_name": "hard", "summary": {"aborted": 0, "backtrace_steps": 3028, "backtracks": 0, "decisions": 483, "detected": 20, "episodes": 20, "pi_visits": 311, "redundant": 0}, "sweep": 2}
TRAIN_START stage=hard sweep=2/3 circuit=c1355 difficulty=easy faults=20
quivalent faults = 5350

#Circuit Summary:
#---------------
#number of inputs = 207
#number of outputs = 108
#number of gates = 4042
#number of wires = 4249
#number of equivalent faults = 7550

#Circuit Summary:
#---------------
#number of inputs = 32
#number of outputs = 32
#number of gates = 2416
#number of wires = 2448
#number of equivalent faults = 7744

#Circuit Summary:
#---------------
#number of inputs = 1664
#number of outputs = 1742
#number of gates = 23319
#number of wires = 24983
#number of equivalent faults = 31180

#Circuit Summary:
#---------------
#number of inputs = 33
#number of outputs = 25
#number of gates = 1056
#number of wires = 1089
#number of equivalent faults = 1876

#Circuit Summary:
#---------------
#number of inputs = 41
#number of outputs = 32
#number of gates = 662
#number of wires = 703
#number of equivalent faults = 1158

#Circuit Summary:
#---------------
#number of inputs = 157
#number of outputs = 64
#number of gates = 1400
#number of wires = 1557
#number of equivalent faults = 2595

#Circuit Summary:
#---------------
#number of inputs = 33
#number of outputs = 25
#number of gates = 1056
#number of wires = 1089
#number of equivalent faults = 1876

#Circuit Summary:
#---------------
#number of inputs = 41
#number of outputs = 32
#number of gates = 662
#number of wires = 703
#number of equivalent faults = 1158

#Circuit Summary:
#---------------
#number of inputs = 207
#number of outputs = 108
#number of gates = 4042
#number of wires = 4249
#number of equivalent faults = 7550

#Circuit Summary:
#---------------
#number of inputs = 1664
#number of outputs = 1742
#number of gates = 23319
#number of wires = 24983
#number of equivalent faults = 31180

#Circuit Summary:
#---------------
#number of inputs = 157
#number of outputs = 64
#number of gates = 1400
#number of wires = 1557
#number of equivalent faults = 2595

#Circuit Summary:
#---------------
#number of inputs = 36
#number of outputs = 7
#number of gates = 288
#number of wires = 324
#number of equivalent faults = 560

#Circuit Summary:
#---------------
#number of inputs = 41
#number of outputs = 32
#number of gates = 590
#number of wires = 631
#number of equivalent faults = 1574

#Circuit Summary:
#---------------
#number of inputs = 50
#number of outputs = 22
#number of gates = 1983
#number of wires = 2033
#number of equivalent faults = 3428

#Circuit Summary:
#---------------
#number of inputs = 157
#number of outputs = 64
#number of gates = 1400
#number of wires = 1557
#number of equivalent faults = 2595

#Circuit Summary:
#---------------
#number of inputs = 178
#number of outputs = 123
#number of gates = 2973
#number of wires = 3151
#number of equivalent faults = 5350

#Circuit Summary:
#---------------
#number of inputs = 32
#number of outputs = 32
#number of gates = 2416
#number of wires = 2448
#number of equivalent faults = 7744

#Circuit Summary:
#---------------
#number of inputs = 32
#number of outputs = 32
#number of gates = 2416
#number of wires = 2448
#number of equivalent faults = 7744

#Circuit Summary:
#---------------
#number of inputs = 1664
#number of outputs = 1742
#number of gates = 23319
#number of wires = 24983
#number of equivalent faults = 31180

#Circuit Summary:
#---------------
#number of inputs = 207
#number of outputs = 108
#number of gates = 4042
#number of wires = 4249
#number of equivalent faults = 7550

#Circuit Summary:
#---------------
#number of inputs = 1664
#number of outputs = 1742
#number of gates = 23319
#number of wires = 24983
#number of equivalent faults = 31180

#Circuit Summary:
#---------------
#number of inputs = 50
#number of outputs = 22
#number of gates = 1983
#number of wires = 2033
#number of equivalent faults = 3428

#Circuit Summary:
#---------------
#number of inputs = 50
#number of outputs = 22
#number of gates = 1983
#number of wires = 2033
#number of equivalent faults = 3428

#Circuit Summary:
#---------------
#number of inputs = 207
#number of outputs = 108
#number of gates = 4042
#number of wires = 4249
#number of equivalent faults = 7550

#Circuit Summary:
#-------------TRAIN_RESULT {"circuit": "c1355", "difficulty": "easy", "learning": {"attributed_backtrace_steps": 6010, "attributed_backtracks": 2, "backtrace_event_mismatch": 0, "backtrace_event_mismatch_abs": 0, "backtrack_event_mismatch": 0, "backtrack_event_mismatch_abs": 0, "combined_reward_sum": 1972.1468435229351, "counter_mismatch_episode": 0, "distributed_potential_reward": -227.22226087880927, "entropy_mean": 0.05698769595474005, "episodes": 20, "episodes_with_updates": 20, "extrinsic_reward_sum": 1972.1468435229353, "intrinsic_reward_sum": 0.0, "policy_loss_mean": 0.0050191554822959, "ratio_mean": 1.0000878036022187, "rnd_loss_mean": 0.0, "scaled_intrinsic_reward_sum": 0.0, "steps": 1048, "terminal_reward_residual": 2199.369104401744, "total_loss_mean": 0.006981911649927497, "value_loss_mean": 0.004039485554676503}, "stage": 2, "stage_name": "hard", "summary": {"aborted": 0, "backtrace_steps": 6029, "backtracks": 2, "decisions": 1048, "detected": 20, "episodes": 20, "pi_visits": 552, "redundant": 0}, "sweep": 2}
TRAIN_START stage=hard sweep=2/3 circuit=c5315 difficulty=hard faults=20
TRAIN_RESULT {"circuit": "c5315", "difficulty": "hard", "learning": {"attributed_backtrace_steps": 4211, "attributed_backtracks": 4, "backtrace_event_mismatch": 0, "backtrace_event_mismatch_abs": 0, "backtrack_event_mismatch": 0, "backtrack_event_mismatch_abs": 0, "combined_reward_sum": 2348.726416873501, "counter_mismatch_episode": 0, "distributed_potential_reward": -230.8962363540555, "entropy_mean": 0.023126634769141674, "episodes": 20, "episodes_with_updates": 20, "extrinsic_reward_sum": 2348.7264168735014, "intrinsic_reward_sum": 0.0, "policy_loss_mean": -0.1452572394773597, "ratio_mean": 1.0007115453481674, "rnd_loss_mean": 0.0, "scaled_intrinsic_reward_sum": 0.0, "steps": 646, "terminal_reward_residual": 2579.622653227557, "total_loss_mean": -0.13036917478311807, "value_loss_mean": 0.02982238295080606}, "stage": 2, "stage_name": "hard", "summary": {"aborted": 0, "backtrace_steps": 4220, "backtracks": 4, "decisions": 646, "detected": 20, "episodes": 20, "pi_visits": 422, "redundant": 0}, "sweep": 2}
TRAIN_START stage=hard sweep=2/3 circuit=c432 difficulty=hard faults=20
TRAIN_RESULT {"circuit": "c432", "difficulty": "hard", "learning": {"attributed_backtrace_steps": 28770, "attributed_backtracks": 2020, "backtrace_event_mismatch": 0, "backtrace_event_mismatch_abs": 0, "backtrack_event_mismatch": 0, "backtrack_event_mismatch_abs": 0, "combined_reward_sum": 1206.8216738924966, "counter_mismatch_episode": 0, "distributed_potential_reward": -592.1439547040395, "entropy_mean": 0.025378878507763148, "episodes": 20, "episodes_with_updates": 20, "extrinsic_reward_sum": 1206.8216738924932, "intrinsic_reward_sum": 0.0, "policy_loss_mean": 0.3315958118066192, "ratio_mean": 0.9996433109045029, "rnd_loss_mean": 0.0, "scaled_intrinsic_reward_sum": 0.0, "steps": 2955, "terminal_reward_residual": 1798.9656285965323, "total_loss_mean": 0.7276130261132494, "value_loss_mean": 0.7920852171257138}, "stage": 2, "stage_name": "hard", "summary": {"aborted": 4, "backtrace_steps": 28783, "backtracks": 2020, "decisions": 2955, "detected": 16, "episodes": 20, "pi_visits": 4303, "redundant": 0}, "sweep": 2}
TRAIN_START stage=hard sweep=2/3 circuit=c1908 difficulty=easy faults=20
TRAIN_RESULT {"circuit": "c1908", "difficulty": "easy", "learning": {"attributed_backtrace_steps": 2769, "attributed_backtracks": 1, "backtrace_event_mismatch": 0, "backtrace_event_mismatch_abs": 0, "backtrack_event_mismatch": 0, "backtrack_event_mismatch_abs": 0, "combined_reward_sum": 1890.3652759875952, "counter_mismatch_episode": 0, "distributed_potential_reward": -303.07082996749926, "entropy_mean": 0.011657628975808621, "episodes": 20, "episodes_with_updates": 20, "extrinsic_reward_sum": 1890.3652759875952, "intrinsic_reward_sum": 0.0, "policy_loss_mean": 0.009545259371861903, "ratio_mean": 0.9985285997390747, "rnd_loss_mean": 0.0, "scaled_intrinsic_reward_sum": 0.0, "steps": 377, "terminal_reward_residual": 2193.4361059550947, "total_loss_mean": 0.012015089666238054, "value_loss_mean": 0.004962974104273599}, "stage": 2, "stage_name": "hard", "summary": {"aborted": 0, "backtrace_steps": 2798, "backtracks": 1, "decisions": 377, "detected": 20, "episodes": 20, "pi_visits": 267, "redundant": 0}, "sweep": 2}
TRAIN_START stage=hard sweep=2/3 circuit=c5315 difficulty=easy faults=20
TRAIN_RESULT {"circuit": "c5315", "difficulty": "easy", "learning": {"attributed_backtrace_steps": 678, "attributed_backtracks": 1, "backtrace_event_mismatch": 0, "backtrace_event_mismatch_abs": 0, "backtrack_event_mismatch": 0, "backtrack_event_mismatch_abs": 0, "combined_reward_sum": 1978.3447772034729, "counter_mismatch_episode": 0, "distributed_potential_reward": -191.55106839466515, "entropy_mean": 0.00979582745478385, "episodes": 20, "episodes_with_updates": 18, "extrinsic_reward_sum": 1978.3447772034729, "intrinsic_reward_sum": 0.0, "policy_loss_mean": 0.013048717341411652, "ratio_mean": 0.999710202217102, "rnd_loss_mean": 0.0, "scaled_intrinsic_reward_sum": 0.0, "steps": 132, "terminal_reward_residual": 2169.8958455981383, "total_loss_mean": 0.01461935714016565, "value_loss_mean": 0.003160872802254744}, "stage": 2, "stage_name": "hard", "summary": {"aborted": 0, "backtrace_steps": 717, "backtracks": 1, "decisions": 132, "detected": 20, "episodes": 20, "pi_visits": 139, "redundant": 0}, "sweep": 2}
TRAIN_START stage=hard sweep=2/3 circuit=c499 difficulty=hard faults=20
TRAIN_RESULT {"circuit": "c499", "difficulty": "hard", "learning": {"attributed_backtrace_steps": 10582, "attributed_backtracks": 7, "backtrace_event_mismatch": 0, "backtrace_event_mismatch_abs": 0, "backtrack_event_mismatch": 0, "backtrack_event_mismatch_abs": 0, "combined_reward_sum": 2315.886420414354, "counter_mismatch_episode": 0, "distributed_potential_reward": -203.98607222292426, "entropy_mean": 0.012388321477919817, "episodes": 20, "episodes_with_updates": 20, "extrinsic_reward_sum": 2315.886420414352, "intrinsic_reward_sum": 0.0, "policy_loss_mean": -0.14885387336835265, "ratio_mean": 1.000098419189453, "rnd_loss_mean": 0.0, "scaled_intrinsic_reward_sum": 0.0, "steps": 1519, "terminal_reward_residual": 2519.8724926372765, "total_loss_mean": -0.13390767402015627, "value_loss_mean": 0.02991717071563471}, "stage": 2, "stage_name": "hard", "summary": {"aborted": 0, "backtrace_steps": 10593, "backtracks": 7, "decisions": 1519, "detected": 20, "episodes": 20, "pi_visits": 827, "redundant": 0}, "sweep": 2}
TRAIN_START stage=hard sweep=2/3 circuit=c6288 difficulty=medium faults=20
TRAIN_RESULT {"circuit": "c6288", "difficulty": "medium", "learning": {"attributed_backtrace_steps": 69164, "attributed_backtracks": 2133, "backtrace_event_mismatch": 0, "backtrace_event_mismatch_abs": 0, "backtrack_event_mismatch": 0, "backtrack_event_mismatch_abs": 0, "combined_reward_sum": 823.461295956715, "counter_mismatch_episode": 0, "distributed_potential_reward": -576.5387040432851, "entropy_mean": 0.0033277419395744802, "episodes": 20, "episodes_with_updates": 20, "extrinsic_reward_sum": 823.4612959567152, "intrinsic_reward_sum": 0.0, "policy_loss_mean": 0.4116585591575131, "ratio_mean": 0.9999982476234436, "rnd_loss_mean": 0.0, "scaled_intrinsic_reward_sum": 0.0, "steps": 9701, "terminal_reward_residual": 1400.0, "total_loss_mean": 0.8105992015451193, "value_loss_mean": 0.7978879903370398}, "stage": 2, "stage_name": "hard", "summary": {"aborted": 4, "backtrace_steps": 69164, "backtracks": 2133, "decisions": 9701, "detected": 16, "episodes": 20, "pi_visits": 4718, "redundant": 0}, "sweep": 2}
TRAIN_START stage=hard sweep=2/3 circuit=c1355 difficulty=medium faults=20
TRAIN_RESULT {"circuit": "c1355", "difficulty": "medium", "learning": {"attributed_backtrace_steps": 8554, "attributed_backtracks": 9, "backtrace_event_mismatch": 0, "backtrace_event_mismatch_abs": 0, "backtrack_event_mismatch": 0, "backtrack_event_mismatch_abs": 0, "combined_reward_sum": 1933.8804818060466, "counter_mismatch_episode": 0, "distributed_potential_reward": -345.6729324152204, "entropy_mean": 0.01067133923061192, "episodes": 20, "episodes_with_updates": 20, "extrinsic_reward_sum": 1933.8804818060466, "intrinsic_reward_sum": 0.0, "policy_loss_mean": -0.009014645591378212, "ratio_mean": 0.9999765813350677, "rnd_loss_mean": 0.0, "scaled_intrinsic_reward_sum": 0.0, "steps": 1547, "terminal_reward_residual": 2279.553414221267, "total_loss_mean": -0.0010307401418685914, "value_loss_mean": 0.015989160060416906}, "stage": 2, "stage_name": "hard", "summary": {"aborted": 0, "backtrace_steps": 8577, "backtracks": 9, "decisions": 1547, "detected": 20, "episodes": 20, "pi_visits": 829, "redundant": 0}, "sweep": 2}
TRAIN_START stage=hard sweep=2/3 circuit=c432 difficulty=medium faults=20
TRAIN_RESULT {"circuit": "c432", "difficulty": "medium", "learning": {"attributed_backtrace_steps": 1435, "attributed_backtracks": 0, "backtrace_event_mismatch": 0, "backtrace_event_mismatch_abs": 0, "backtrack_event_mismatch": 0, "backtrack_event_mismatch_abs": 0, "combined_reward_sum": 2053.443140835753, "counter_mismatch_episode": 0, "distributed_potential_reward": -163.75355459692742, "entropy_mean": 0.008076466200873256, "episodes": 20, "episodes_with_updates": 20, "extrinsic_reward_sum": 2053.4431408357527, "intrinsic_reward_sum": 0.0, "policy_loss_mean": -0.05286045493558049, "ratio_mean": 1.000010621547699, "rnd_loss_mean": 0.0, "scaled_intrinsic_reward_sum": 0.0, "steps": 497, "terminal_reward_residual": 2217.196695432681, "total_loss_mean": -0.05030252542346716, "value_loss_mean": 0.005132010468514636}, "stage": 2, "stage_name": "hard", "summary": {"aborted": 0, "backtrace_steps": 1460, "backtracks": 0, "decisions": 497, "detected": 20, "episodes": 20, "pi_visits": 248, "redundant": 0}, "sweep": 2}
VALIDATION selection=kept {"aggregate": {"aborted": 9, "decisions": 28854, "detected": 491, "mean_backtrace_ratio": 1.204473954768516, "mean_backtrack_ratio": 1.092695472813903, "score": [-491, 9, 1.092695472813903, 1.204473954768516, 28854]}, "circuits": {"c1355": {"aborted": 0, "backtrace_steps": 18806, "backtracks": 17, "decisions": 3330, "detected": 50, "episodes": 50, "pi_visits": 1781, "redundant": 0}, "c1908": {"aborted": 0, "backtrace_steps": 13781, "backtracks": 7, "decisions": 1583, "detected": 50, "episodes": 50, "pi_visits": 991, "redundant": 0}, "c2670": {"aborted": 3, "backtrace_steps": 21838, "backtracks": 1514, "decisions": 2555, "detected": 47, "episodes": 50, "pi_visits": 3759, "redundant": 0}, "c3540": {"aborted": 3, "backtrace_steps": 50408, "backtracks": 1761, "decisions": 4627, "detected": 47, "episodes": 50, "pi_visits": 4249, "redundant": 0}, "c432": {"aborted": 0, "backtrace_steps": 3638, "backtracks": 8, "decisions": 1184, "detected": 50, "episodes": 50, "pi_visits": 613, "redundant": 0}, "c499": {"aborted": 0, "backtrace_steps": 21479, "backtracks": 3, "decisions": 3181, "detected": 50, "episodes": 50, "pi_visits": 1849, "redundant": 0}, "c5315": {"aborted": 0, "backtrace_steps": 6536, "backtracks": 2, "decisions": 1057, "detected": 50, "episodes": 50, "pi_visits": 734, "redundant": 0}, "c6288": {"aborted": 3, "backtrace_steps": 59225, "backtracks": 1833, "decisions": 8512, "detected": 47, "episodes": 50, "pi_visits": 4879, "redundant": 0}, "c7552": {"aborted": 0, "backtrace_steps": 11177, "backtracks": 50, "decisions": 1765, "detected": 50, "episodes": 50, "pi_visits": 1118, "redundant": 0}, "s38417_scan": {"aborted": 0, "backtrace_steps": 7217, "backtracks": 5, "decisions": 1060, "detected": 50, "episodes": 50, "pi_visits": 701, "redundant": 0}}, "label": "hard_sweep_2"}
TRAIN_START stage=hard sweep=3/3 circuit=s38417_scan difficulty=hard faults=20
TRAIN_RESULT {"circuit": "s38417_scan", "difficulty": "hard", "learning": {"attributed_backtrace_steps": 8246, "attributed_backtracks": 5, "backtrace_event_mismatch": 0, "backtrace_event_mismatch_abs": 0, "backtrack_event_mismatch": 0, "backtrack_event_mismatch_abs": 0, "combined_reward_sum": 2167.783815743493, "counter_mismatch_episode": 0, "distributed_potential_reward": -231.57373617771248, "entropy_mean": 0.00427715121768415, "episodes": 20, "episodes_with_updates": 20, "extrinsic_reward_sum": 2167.783815743493, "intrinsic_reward_sum": 0.0, "policy_loss_mean": -0.08394610357936472, "ratio_mean": 1.000003582239151, "rnd_loss_mean": 0.0, "scaled_intrinsic_reward_sum": 0.0, "steps": 1284, "terminal_reward_residual": 2399.357551921206, "total_loss_mean": -0.0746269976021722, "value_loss_mean": 0.018646765107405372}, "stage": 2, "stage_name": "hard", "summary": {"aborted": 0, "backtrace_steps": 8273, "backtracks": 5, "decisions": 1284, "detected": 20, "episodes": 20, "pi_visits": 780, "redundant": 0}, "sweep": 3}
TRAIN_START stage=hard sweep=3/3 circuit=c5315 difficulty=medium faults=20
TRAIN_RESULT {"circuit": "c5315", "difficulty": "medium", "learning": {"attributed_backtrace_steps": 3006, "attributed_backtracks": 0, "backtrace_event_mismatch": 0, "backtrace_event_mismatch_abs": 0, "backtrack_event_mismatch": 0, "backtrack_event_mismatch_abs": 0, "combined_reward_sum": 1991.8887020341144, "counter_mismatch_episode": 0, "distributed_potential_reward": -204.91628618735888, "entropy_mean": 0.005053814651910215, "episodes": 20, "episodes_with_updates": 20, "extrinsic_reward_sum": 1991.8887020341142, "intrinsic_reward_sum": 0.0, "policy_loss_mean": 0.040249617281369866, "ratio_mean": 0.9999978572130204, "rnd_loss_mean": 0.0, "scaled_intrinsic_reward_sum": 0.0, "steps": 501, "terminal_reward_residual": 2196.8049882214736, "total_loss_mean": 0.04222571569262072, "value_loss_mean": 0.003962303198568407}, "stage": 2, "stage_name": "hard", "summary": {"aborted": 0, "backtrace_steps": 3046, "backtracks": 0, "decisions": 501, "detected": 20, "episodes": 20, "pi_visits": 352, "redundant": 0}, "sweep": 3}
TRAIN_START stage=hard sweep=3/3 circuit=c7552 difficulty=easy faults=20
TRAIN_RESULT {"circuit": "c7552", "difficulty": "easy", "learning": {"attributed_backtrace_steps": 2488, "attributed_backtracks": 0, "backtrace_event_mismatch": 0, "backtrace_event_mismatch_abs": 0, "backtrack_event_mismatch": 0, "backtrack_event_mismatch_abs": 0, "combined_reward_sum": 1946.3137965212925, "counter_mismatch_episode": 0, "distributed_potential_reward": -225.05671959173657, "entropy_mean": 0.004734723479487002, "episodes": 20, "episodes_with_updates": 18, "extrinsic_reward_sum": 1946.3137965212925, "intrinsic_reward_sum": 0.0, "policy_loss_mean": 0.025717030900220077, "ratio_mean": 0.9999988906913333, "rnd_loss_mean": 0.0, "scaled_intrinsic_reward_sum": 0.0, "steps": 396, "terminal_reward_residual": 2171.370516113029, "total_loss_mean": 0.027786943401830893, "value_loss_mean": 0.004149296168988157}, "stage": 2, "stage_name": "hard", "summary": {"aborted": 0, "backtrace_steps": 2509, "backtracks": 0, "decisions": 396, "detected": 20, "episodes": 20, "pi_visits": 268, "redundant": 0}, "sweep": 3}
TRAIN_START stage=hard sweep=3/3 circuit=c1355 difficulty=hard faults=20
TRAIN_RESULT {"circuit": "c1355", "difficulty": "hard", "learning": {"attributed_backtrace_steps": 17933, "attributed_backtracks": 1012, "backtrace_event_mismatch": 0, "backtrace_event_mismatch_abs": 0, "backtrack_event_mismatch": 0, "backtrack_event_mismatch_abs": 0, "combined_reward_sum": 1875.136773376614, "counter_mismatch_episode": 0, "distributed_potential_reward": -324.73476868311127, "entropy_mean": 0.004995893337763846, "episodes": 20, "episodes_with_updates": 20, "extrinsic_reward_sum": 1875.1367733766149, "intrinsic_reward_sum": 0.0, "policy_loss_mean": 0.06595345618879947, "ratio_mean": 0.9998667478561402, "rnd_loss_mean": 0.0, "scaled_intrinsic_reward_sum": 0.0, "steps": 2891, "terminal_reward_residual": 2199.871542059726, "total_loss_mean": 0.27193011462368305, "value_loss_mean": 0.4119633082649671}, "stage": 2, "stage_name": "hard", "summary": {"aborted": 2, "backtrace_steps": 17943, "backtracks": 1012, "decisions": 2891, "detected": 18, "episodes": 20, "pi_visits": 2786, "redundant": 0}, "sweep": 3}
TRAIN_START stage=hard sweep=3/3 circuit=c499 difficulty=easy faults=20
TRAIN_RESULT {"circuit": "c499", "difficulty": "easy", "learning": {"attributed_backtrace_steps": 6794, "attributed_backtracks": 0, "backtrace_event_mismatch": 0, "backtrace_event_mismatch_abs": 0, "backtrack_event_mismatch": 0, "backtrack_event_mismatch_abs": 0, "combined_reward_sum": 1990.7259389687508, "counter_mismatch_episode": 0, "distributed_potential_reward": -208.22728117904143, "entropy_mean": 0.0026179108652286233, "episodes": 20, "episodes_with_updates": 20, "extrinsic_reward_sum": 1990.7259389687504, "intrinsic_reward_sum": 0.0, "policy_loss_mean": 0.018567568412981926, "ratio_mean": 1.000000610947609, "rnd_loss_mean": 0.0, "scaled_intrinsic_reward_sum": 0.0, "steps": 1008, "terminal_reward_residual": 2198.9532201477914, "total_loss_mean": 0.019238142971880735, "value_loss_mean": 0.0013463844574289397}, "stage": 2, "stage_name": "hard", "summary": {"aborted": 0, "backtrace_steps": 6823, "backtracks": 0, "decisions": 1008, "detected": 20, "episodes": 20, "pi_visits": 579, "redundant": 0}, "sweep": 3}
TRAIN_START stage=hard sweep=3/3 circuit=c499 difficulty=hard faults=20
--
#number of inputs = 41
#number of outputs = 32
#number of gates = 590
#number of wires = 631
#number of equivalent faults = 1574

#Circuit Summary:
#---------------
#number of inputs = 178
#number of outputs = 123
#number of gates = 2973
#number of wires = 3151
#number of equivalent faults = 5350

#Circuit Summary:
#---------------
#number of inputs = 36
#number of outputs = 7
#number of gates = 288
#number of wires = 324
#number of equivalent faults = 560

#Circuit Summary:
#---------------
#number of inputs = 33
#number of outputs = 25
#number of gates = 1056
#number of wires = 1089
#number of equivalent faults = 1876

#Circuit Summary:
#---------------
#number of inputs = 178
#number of outputs = 123
#number of gates = 2973
#number of wires = 3151
#number of equivalent faults = 5350

#Circuit Summary:
#---------------
#number of inputs = 41
#number of outputs = 32
#number of gates = 662
#number of wires = 703
#number of equivalent faults = 1158

#Circuit Summary:
#---------------
#number of inputs = 32
#number of outputs = 32
#number of gates = 2416
#number of wires = 2448
#number of equivalent faults = 7744

#Circuit Summary:
#---------------
#number of inputs = 41
#number of outputs = 32
#number of gates = 590
#number of wires = 631
#number of equivalent faults = 1574

#Circuit Summary:
#---------------
#number of inputs = 36
#number of outputs = 7
#number of gates = 288
#number of wires = 324
#number of equivalent faults = 560

#Circuit Summary:
#---------------
#number of inputs = 36
#number of outputs = 7
#number of gates = 288
#number of wires = 324
#number of equivalent faults = 560

#Circuit Summary:
#---------------
#number of inputs = 41
#number of outputs = 32
#number of gates = 662
#number of wires = 703
#number of equivalent faults = 1158

#Circuit Summary:
#---------------
#number of inputs = 41
#number of outputs = 32
#number of gates = 590
#number of wires = 631
#number of equivalent faults = 1574

#Circuit Summary:
#---------------
#number of inputs = 33
#number of outputs = 25
#number of gates = 1056
#number of wires = 1089
#number of equivalent faults = 1876

#Circuit Summary:
#---------------
#number of inputs = 157
#number of outputs = 64
#number of gates = 1400
#number of wires = 1557
#number of equivalent faults = 2595

#Circuit Summary:
#---------------
#number of inputs = 50
#number of outputs = 22
#number of gates = 1983
#number of wires = 2033
#number of equivalent faults = 3428

#Circuit Summary:
#---------------
#number of inputs = 178
#number of outputs = 123
#number of gates = 2973
#number of wires = 3151
#number of equivalent faults = 5350

#Circuit Summary:
#---------------
#number of inputs = 207
#number of outputs = 108
#number of gates = 4042
#number of wires = 4249
#number of equivalent faults = 7550

#Circuit Summary:
#---------------
#number of inputs = 32
#number of outputs = 32
#number of gates = 2416
#number of wires = 2448
#number of equivalent faults = 7744

#Circuit Summary:
#---------------
#number of inputs = 1664
#number of outputs = 1742
#number of gates = 23319
#number of wires = 24983
#number of equivalent faults = 31180

#Circuit Summary:
#---------------
#number of inputs = 1664
#number of outputs = 1742
#number of gates = 23319
#number of wires = 24983
#number of equivalent faults = 31180

#Circuit Summary:
#---------------
#number of inputs = 178
#number of outputs = 123
#number of gates = 2973
#number of wires = 3151
#number of equivalent faults = 5350

#Circuit Summary:
#---------------
#number of inputs = 207
#number of outputs = 108
#number of gates = 4042
#number of wires = 4249
#number of equivalent faults = 7550

#Circuit Summary:
#---------------
#number of inputs = 41
#number of outputs = 32
#number of gates = 590
#number of wires = 631
#number of equivalent faults = 1574

#Circuit Summary:
#---------------
#number of inputs = 41
#number of outputs = 32
#number of gates = 662
#number of wires = 703
#number of equivalent faults = 1158

#Circuit Summary:
#---------------
#number of inputs = 41
#number of outputs = 32
#number of gates = 662
#number of wirTRAIN_RESULT {"circuit": "c499", "difficulty": "hard", "learning": {"attributed_backtrace_steps": 10578, "attributed_backtracks": 7, "backtrace_event_mismatch": 0, "backtrace_event_mismatch_abs": 0, "backtrack_event_mismatch": 0, "backtrack_event_mismatch_abs": 0, "combined_reward_sum": 2315.9590695234674, "counter_mismatch_episode": 0, "distributed_potential_reward": -203.9134231138104, "entropy_mean": 0.0023469729581847786, "episodes": 20, "episodes_with_updates": 20, "extrinsic_reward_sum": 2315.959069523466, "intrinsic_reward_sum": 0.0, "policy_loss_mean": -0.12545412410981954, "ratio_mean": 0.999987006187439, "rnd_loss_mean": 0.0, "scaled_intrinsic_reward_sum": 0.0, "steps": 1519, "terminal_reward_residual": 2519.872492637276, "total_loss_mean": -0.11359531886409968, "value_loss_mean": 0.023722305055707694}, "stage": 2, "stage_name": "hard", "summary": {"aborted": 0, "backtrace_steps": 10589, "backtracks": 7, "decisions": 1519, "detected": 20, "episodes": 20, "pi_visits": 827, "redundant": 0}, "sweep": 3}
TRAIN_START stage=hard sweep=3/3 circuit=c2670 difficulty=easy faults=20
TRAIN_RESULT {"circuit": "c2670", "difficulty": "easy", "learning": {"attributed_backtrace_steps": 570, "attributed_backtracks": 0, "backtrace_event_mismatch": 0, "backtrace_event_mismatch_abs": 0, "backtrack_event_mismatch": 0, "backtrack_event_mismatch_abs": 0, "combined_reward_sum": 1999.3370764381402, "counter_mismatch_episode": 0, "distributed_potential_reward": -146.41278542444743, "entropy_mean": 0.0017883726468426175, "episodes": 20, "episodes_with_updates": 16, "extrinsic_reward_sum": 1999.3370764381402, "intrinsic_reward_sum": 0.0, "policy_loss_mean": 0.09180097677744925, "ratio_mean": 0.999999463558197, "rnd_loss_mean": 0.0, "scaled_intrinsic_reward_sum": 0.0, "steps": 114, "terminal_reward_residual": 2145.7498618625877, "total_loss_mean": 0.09620419470593333, "value_loss_mean": 0.008810009894659743}, "stage": 2, "stage_name": "hard", "summary": {"aborted": 0, "backtrace_steps": 608, "backtracks": 0, "decisions": 114, "detected": 20, "episodes": 20, "pi_visits": 130, "redundant": 0}, "sweep": 3}
TRAIN_START stage=hard sweep=3/3 circuit=c432 difficulty=medium faults=20
TRAIN_RESULT {"circuit": "c432", "difficulty": "medium", "learning": {"attributed_backtrace_steps": 1612, "attributed_backtracks": 0, "backtrace_event_mismatch": 0, "backtrace_event_mismatch_abs": 0, "backtrack_event_mismatch": 0, "backtrack_event_mismatch_abs": 0, "combined_reward_sum": 2072.5280207088313, "counter_mismatch_episode": 0, "distributed_potential_reward": -165.3450337768257, "entropy_mean": 0.002333465439733118, "episodes": 20, "episodes_with_updates": 20, "extrinsic_reward_sum": 2072.5280207088313, "intrinsic_reward_sum": 0.0, "policy_loss_mean": 0.00677668433636427, "ratio_mean": 0.9999997764825821, "rnd_loss_mean": 0.0, "scaled_intrinsic_reward_sum": 0.0, "steps": 562, "terminal_reward_residual": 2237.8730544856567, "total_loss_mean": 0.008942681504413486, "value_loss_mean": 0.004336662645800971}, "stage": 2, "stage_name": "hard", "summary": {"aborted": 0, "backtrace_steps": 1632, "backtracks": 0, "decisions": 562, "detected": 20, "episodes": 20, "pi_visits": 273, "redundant": 0}, "sweep": 3}
TRAIN_START stage=hard sweep=3/3 circuit=c2670 difficulty=hard faults=20
TRAIN_RESULT {"circuit": "c2670", "difficulty": "hard", "learning": {"attributed_backtrace_steps": 41793, "attributed_backtracks": 3136, "backtrace_event_mismatch": 0, "backtrace_event_mismatch_abs": 0, "backtrack_event_mismatch": 0, "backtrack_event_mismatch_abs": 0, "combined_reward_sum": 521.524706039771, "counter_mismatch_episode": 0, "distributed_potential_reward": -757.7265976033797, "entropy_mean": 0.002438242349307984, "episodes": 20, "episodes_with_updates": 20, "extrinsic_reward_sum": 521.5247060397751, "intrinsic_reward_sum": 0.0, "policy_loss_mean": 0.5150310825556517, "ratio_mean": 0.9999984622001648, "rnd_loss_mean": 0.0, "scaled_intrinsic_reward_sum": 0.0, "steps": 4548, "terminal_reward_residual": 1279.2513036431546, "total_loss_mean": 1.0616299126762896, "value_loss_mean": 1.093202499882318}, "stage": 2, "stage_name": "hard", "summary": {"aborted": 6, "backtrace_steps": 41816, "backtracks": 3136, "decisions": 4548, "detected": 14, "episodes": 20, "pi_visits": 6730, "redundant": 0}, "sweep": 3}
TRAIN_START stage=hard sweep=3/3 circuit=c3540 difficulty=medium faults=20
TRAIN_RESULT {"circuit": "c3540", "difficulty": "medium", "learning": {"attributed_backtrace_steps": 6657, "attributed_backtracks": 75, "backtrace_event_mismatch": 0, "backtrace_event_mismatch_abs": 0, "backtrack_event_mismatch": 0, "backtrack_event_mismatch_abs": 0, "combined_reward_sum": 1856.4606105829432, "counter_mismatch_episode": 0, "distributed_potential_reward": -481.41626134369363, "entropy_mean": 0.0019960588891990484, "episodes": 20, "episodes_with_updates": 20, "extrinsic_reward_sum": 1856.460610582945, "intrinsic_reward_sum": 0.0, "policy_loss_mean": -0.10892686676234006, "ratio_mean": 1.000001221895218, "rnd_loss_mean": 0.0, "scaled_intrinsic_reward_sum": 0.0, "steps": 782, "terminal_reward_residual": 2337.8768719266386, "total_loss_mean": -0.08897955315187574, "value_loss_mean": 0.03989861966110766}, "stage": 2, "stage_name": "hard", "summary": {"aborted": 0, "backtrace_steps": 6689, "backtracks": 75, "decisions": 782, "detected": 20, "episodes": 20, "pi_visits": 516, "redundant": 0}, "sweep": 3}
TRAIN_START stage=hard sweep=3/3 circuit=c499 difficulty=medium faults=20
TRAIN_RESULT {"circuit": "c499", "difficulty": "medium", "learning": {"attributed_backtrace_steps": 9073, "attributed_backtracks": 2, "backtrace_event_mismatch": 0, "backtrace_event_mismatch_abs": 0, "backtrack_event_mismatch": 0, "backtrack_event_mismatch_abs": 0, "combined_reward_sum": 1982.7546843482853, "counter_mismatch_episode": 0, "distributed_potential_reward": -216.8302867146904, "entropy_mean": 0.002518287079874426, "episodes": 20, "episodes_with_updates": 20, "extrinsic_reward_sum": 1982.7546843482858, "intrinsic_reward_sum": 0.0, "policy_loss_mean": -0.04882924426347017, "ratio_mean": 1.0000008672475815, "rnd_loss_mean": 0.0, "scaled_intrinsic_reward_sum": 0.0, "steps": 1376, "terminal_reward_residual": 2199.584971062976, "total_loss_mean": -0.045811697468161584, "value_loss_mean": 0.006040128099266439}, "stage": 2, "stage_name": "hard", "summary": {"aborted": 0, "backtrace_steps": 9094, "backtracks": 2, "decisions": 1376, "detected": 20, "episodes": 20, "pi_visits": 822, "redundant": 0}, "sweep": 3}
TRAIN_START stage=hard sweep=3/3 circuit=c7552 difficulty=medium faults=20
TRAIN_RESULT {"circuit": "c7552", "difficulty": "medium", "learning": {"attributed_backtrace_steps": 7303, "attributed_backtracks": 2, "backtrace_event_mismatch": 0, "backtrace_event_mismatch_abs": 0, "backtrack_event_mismatch": 0, "backtrack_event_mismatch_abs": 0, "combined_reward_sum": 2045.5278164964511, "counter_mismatch_episode": 0, "distributed_potential_reward": -233.87785317808374, "entropy_mean": 0.005144069617381319, "episodes": 20, "episodes_with_updates": 20, "extrinsic_reward_sum": 2045.5278164964504, "intrinsic_reward_sum": 0.0, "policy_loss_mean": -0.0502751390915364, "ratio_mean": 1.0008363753557206, "rnd_loss_mean": 0.0, "scaled_intrinsic_reward_sum": 0.0, "steps": 1115, "terminal_reward_residual": 2279.4056696745342, "total_loss_mean": -0.042002763319760564, "value_loss_mean": 0.016555040175444447}, "stage": 2, "stage_name": "hard", "summary": {"aborted": 0, "backtrace_steps": 7324, "backtracks": 2, "decisions": 1115, "detected": 20, "episodes": 20, "pi_visits": 651, "redundant": 0}, "sweep": 3}
TRAIN_START stage=hard sweep=3/3 circuit=s38417_scan difficulty=easy faults=20
TRAIN_RESULT {"circuit": "s38417_scan", "difficulty": "easy", "learning": {"attributed_backtrace_steps": 84, "attributed_backtracks": 0, "backtrace_event_mismatch": 0, "backtrace_event_mismatch_abs": 0, "backtrack_event_mismatch": 0, "backtrack_event_mismatch_abs": 0, "combined_reward_sum": 2000.0, "counter_mismatch_episode": 0, "distributed_potential_reward": -90.96078431372548, "entropy_mean": 0.006842398120520206, "episodes": 20, "episodes_with_updates": 13, "extrinsic_reward_sum": 2000.0, "intrinsic_reward_sum": 0.0, "policy_loss_mean": 0.024229839730721254, "ratio_mean": 0.9999891290297875, "rnd_loss_mean": 0.0, "scaled_intrinsic_reward_sum": 0.0, "steps": 20, "terminal_reward_residual": 2090.9607843137255, "total_loss_mean": 0.02460049486790712, "value_loss_mean": 0.0007549949827639816}, "stage": 2, "stage_name": "hard", "summary": {"aborted": 0, "backtrace_steps": 137, "backtracks": 0, "decisions": 20, "detected": 20, "episodes": 20, "pi_visits": 66, "redundant": 0}, "sweep": 3}
TRAIN_START stage=hard sweep=3/3 circuit=c1908 difficulty=easy faults=20
TRAIN_RESULT {"circuit": "c1908", "difficulty": "easy", "learning": {"attributed_backtrace_steps": 2858, "attributed_backtracks": 2, "backtrace_event_mismatch": 0, "backtrace_event_mismatch_abs": 0, "backtrack_event_mismatch": 0, "backtrack_event_mismatch_abs": 0, "combined_reward_sum": 1847.079739983391, "counter_mismatch_episode": 0, "distributed_potential_reward": -342.3481668503981, "entropy_mean": 0.0059432746260426935, "episodes": 20, "episodes_with_updates": 20, "extrinsic_reward_sum": 1847.079739983391, "intrinsic_reward_sum": 0.0, "policy_loss_mean": 0.015187316272204043, "ratio_mean": 0.9997882574796677, "rnd_loss_mean": 0.0, "scaled_intrinsic_reward_sum": 0.0, "steps": 389, "terminal_reward_residual": 2189.427906833789, "total_loss_mean": 0.019024881422228645, "value_loss_mean": 0.007687016716226935}, "stage": 2, "stage_name": "hard", "summary": {"aborted": 0, "backtrace_steps": 2897, "backtracks": 2, "decisions": 389, "detected": 20, "episodes": 20, "pi_visits": 267, "redundant": 0}, "sweep": 3}
TRAIN_START stage=hard sweep=3/3 circuit=c5315 difficulty=hard faults=20
TRAIN_RESULT {"circuit": "c5315", "difficulty": "hard", "learning": {"attributed_backtrace_steps": 4202, "attributed_backtracks": 4, "backtrace_event_mismatch": 0, "backtrace_event_mismatch_abs": 0, "backtrack_event_mismatch": 0, "backtrack_event_mismatch_abs": 0, "combined_reward_sum": 2349.102985911158, "counter_mismatch_episode": 0, "distributed_potential_reward": -230.5196673163986, "entropy_mean": 0.002620080759515986, "episodes": 20, "episodes_with_updates": 20, "extrinsic_reward_sum": 2349.102985911158, "intrinsic_reward_sum": 0.0, "policy_loss_mean": -0.1478275926783681, "ratio_mean": 1.0000052511692048, "rnd_loss_mean": 0.0, "scaled_intrinsic_reward_sum": 0.0, "steps": 645, "terminal_reward_residual": 2579.6226532275573, "total_loss_mean": -0.13243249126244336, "value_loss_mean": 0.030795450558071025}, "stage": 2, "stage_name": "hard", "summary": {"aborted": 0, "backtrace_steps": 4211, "backtracks": 4, "decisions": 645, "detected": 20, "episodes": 20, "pi_visits": 422, "redundant": 0}, "sweep": 3}
TRAIN_START stage=hard sweep=3/3 circuit=c432 difficulty=easy faults=20
TRAIN_RESULT {"circuit": "c432", "difficulty": "easy", "learning": {"attributed_backtrace_steps": 1047, "attributed_backtracks": 0, "backtrace_event_mismatch": 0, "backtrace_event_mismatch_abs": 0, "backtrack_event_mismatch": 0, "backtrack_event_mismatch_abs": 0, "combined_reward_sum": 1998.0845042935207, "counter_mismatch_episode": 0, "distributed_potential_reward": -194.395315190426, "entropy_mean": 0.002701670443639159, "episodes": 20, "episodes_with_updates": 20, "extrinsic_reward_sum": 1998.0845042935207, "intrinsic_reward_sum": 0.0, "policy_loss_mean": 0.06064752619713545, "ratio_mean": 0.999998289346695, "rnd_loss_mean": 0.0, "scaled_intrinsic_reward_sum": 0.0, "steps": 377, "terminal_reward_residual": 2192.4798194839473, "total_loss_mean": 0.0630351161584258, "value_loss_mean": 0.004780585051048547}, "stage": 2, "stage_name": "hard", "summary": {"aborted": 0, "backtrace_steps": 1090, "backtracks": 0, "decisions": 377, "detected": 20, "episodes": 20, "pi_visits": 214, "redundant": 0}, "sweep": 3}
TRAIN_START stage=hard sweep=3/3 circuit=c6288 difficulty=medium faults=20
TRAIN_RESULT {"circuit": "c6288", "difficulty": "medium", "learning": {"attributed_backtrace_steps": 46761, "attributed_backtracks": 1326, "backtrace_event_mismatch": 0, "backtrace_event_mismatch_abs": 0, "backtrack_event_mismatch": 0, "backtrack_event_mismatch_abs": 0, "combined_reward_sum": 1307.0480343741733, "counter_mismatch_episode": 0, "distributed_potential_reward": -492.93384968379655, "entropy_mean": 0.0018020686926320194, "episodes": 20, "episodes_with_updates": 20, "extrinsic_reward_sum": 1307.0480343741735, "intrinsic_reward_sum": 0.0, "policy_loss_mean": 0.22430722191929817, "ratio_mean": 1.0000015109777451, "rnd_loss_mean": 0.0, "scaled_intrinsic_reward_sum": 0.0, "steps": 6432, "terminal_reward_residual": 1799.9818840579703, "total_loss_mean": 0.417726003844291, "value_loss_mean": 0.3868411647694302}, "stage": 2, "stage_name": "hard", "summary": {"aborted": 2, "backtrace_steps": 46762, "backtracks": 1326, "decisions": 6432, "detected": 18, "episodes": 20, "pi_visits": 3117, "redundant": 0}, "sweep": 3}
TRAIN_START stage=hard sweep=3/3 circuit=c1908 difficulty=medium faults=20
TRAIN_RESULT {"circuit": "c1908", "difficulty": "medium", "learning": {"attributed_backtrace_steps": 3575, "attributed_backtracks": 0, "backtrace_event_mismatch": 0, "backtrace_event_mismatch_abs": 0, "backtrack_event_mismatch": 0, "backtrack_event_mismatch_abs": 0, "combined_reward_sum": 1969.5928812692339, "counter_mismatch_episode": 0, "distributed_potential_reward": -225.36215654094056, "entropy_mean": 0.0032055788906291127, "episodes": 20, "episodes_with_updates": 20, "extrinsic_reward_sum": 1969.592881269234, "intrinsic_reward_sum": 0.0, "policy_loss_mean": -0.04467152003198862, "ratio_mean": 1.0000023394823074, "rnd_loss_mean": 0.0, "scaled_intrinsic_reward_sum": 0.0, "steps": 465, "terminal_reward_residual": 2194.9550378101744, "total_loss_mean": -0.042698493041098115, "value_loss_mean": 0.003952464472968131}, "stage": 2, "stage_name": "hard", "summary": {"aborted": 0, "backtrace_steps": 3633, "backtracks": 0, "decisions": 465, "detected": 20, "episodes": 20, "pi_visits": 336, "redundant": 0}, "sweep": 3}
TRAIN_START stage=hard sweep=3/3 circuit=c6288 difficulty=hard faults=20
TRAIN_RESULT {"circuit": "c6288", "difficulty": "hard", "learning": {"attributed_backtrace_steps": 25349, "attributed_backtracks": 1028, "backtrace_event_mismatch": 0, "backtrace_event_mismatch_abs": 0, "backtrack_event_mismatch": 0, "backtrack_event_mismatch_abs": 0, "combined_reward_sum": 1704.6263200252697, "counter_mismatch_episode": 0, "distributed_potential_reward": -335.2557114441457, "entropy_mean": 0.0014027788187377156, "episodes": 20, "episodes_with_updates": 20, "extrinsic_reward_sum": 1704.6263200252695, "intrinsic_reward_sum": 0.0, "policy_loss_mean": 0.06927761612460018, "ratio_mean": 1.0000000596046448, "rnd_loss_mean": 0.0, "scaled_intrinsic_reward_sum": 0.0, "steps": 5536, "terminal_reward_residual": 2039.8820314694156, "total_loss_mean": 0.27892189580015836, "value_loss_mean": 0.41929139773128554}, "stage": 2, "stage_name": "hard", "summary": {"aborted": 2, "backtrace_steps": 25358, "backtracks": 1028, "decisions": 5536, "detected": 18, "episodes": 20, "pi_visits": 2623, "redundant": 0}, "sweep": 3}
TRAIN_START stage=hard sweep=3/3 circuit=c3540 difficulty=easy faults=20
TRAIN_RESULT {"circuit": "c3540", "difficulty": "easy", "learning": {"attributed_backtrace_steps": 9305, "attributed_backtracks": 500, "backtrace_event_mismatch": 0, "backtrace_event_mismatch_abs": 0, "backtrack_event_mismatch": 0, "backtrack_event_mismatch_abs": 0, "combined_reward_sum": 1718.9978069348142, "counter_mismatch_episode": 0, "distributed_potential_reward": -278.36966142725663, "entropy_mean": 0.0017768514633644372, "episodes": 20, "episodes_with_updates": 20, "extrinsic_reward_sum": 1718.9978069348142, "intrinsic_reward_sum": 0.0, "policy_loss_mean": 0.09358938962977845, "ratio_mean": 0.9999988198280334, "rnd_loss_mean": 0.0, "scaled_intrinsic_reward_sum": 0.0, "steps": 1595, "terminal_reward_residual": 1997.3674683620711, "total_loss_mean": 0.18816043838451152, "value_loss_mean": 0.18914562781574204}, "stage": 2, "stage_name": "hard", "summary": {"aborted": 1, "backtrace_steps": 9322, "backtracks": 500, "decisions": 1595, "detected": 19, "episodes": 20, "pi_visits": 1258, "redundant": 0}, "sweep": 3}
TRAIN_START stage=hard sweep=3/3 circuit=c7552 difficulty=hard faults=20
TRAIN_RESULT {"circuit": "c7552", "difficulty": "hard", "learning": {"attributed_backtrace_steps": 4214, "attributed_backtracks": 4, "backtrace_event_mismatch": 0, "backtrace_event_mismatch_abs": 0, "backtrack_event_mismatch": 0, "backtrack_event_mismatch_abs": 0, "combined_reward_sum": 2506.415841393624, "counter_mismatch_episode": 0, "distributed_potential_reward": -93.4380531842095, "entropy_mean": 0.001782238361192867, "episodes": 20, "episodes_with_updates": 20, "extrinsic_reward_sum": 2506.415841393624, "intrinsic_reward_sum": 0.0, "policy_loss_mean": -0.210121937841177, "ratio_mean": 1.0000035107135772, "rnd_loss_mean": 0.0, "scaled_intrinsic_reward_sum": 0.0, "steps": 739, "terminal_reward_residual": 2599.853894577833, "total_loss_mean": -0.18817021921277047, "value_loss_mean": 0.0439069977030158}, "stage": 2, "stage_name": "hard", "summary": {"aborted": 0, "backtrace_steps": 4219, "backtracks": 4, "decisions": 739, "detected": 20, "episodes": 20, "pi_visits": 411, "redundant": 0}, "sweep": 3}
TRAIN_START stage=hard sweep=3/3 circuit=s38417_scan difficulty=medium faults=20
TRAIN_RESULT {"circuit": "s38417_scan", "difficulty": "medium", "learning": {"attributed_backtrace_steps": 2587, "attributed_backtracks": 0, "backtrace_event_mismatch": 0, "backtrace_event_mismatch_abs": 0, "backtrack_event_mismatch": 0, "backtrack_event_mismatch_abs": 0, "combined_reward_sum": 1975.77249482667, "counter_mismatch_episode": 0, "distributed_potential_reward": -209.39044449625496, "entropy_mean": 0.00145982974790968, "episodes": 20, "episodes_with_updates": 20, "extrinsic_reward_sum": 1975.7724948266696, "intrinsic_reward_sum": 0.0, "policy_loss_mean": 0.08257344216108323, "ratio_mean": 0.9999990284442901, "rnd_loss_mean": 0.0, "scaled_intrinsic_reward_sum": 0.0, "steps": 456, "terminal_reward_residual": 2185.1629393229246, "total_loss_mean": 0.08672768818214535, "value_loss_mean": 0.008311414736090228}, "stage": 2, "stage_name": "hard", "summary": {"aborted": 0, "backtrace_steps": 2637, "backtracks": 0, "decisions": 456, "detected": 20, "episodes": 20, "pi_visits": 304, "redundant": 0}, "sweep": 3}
TRAIN_START stage=hard sweep=3/3 circuit=c2670 difficulty=medium faults=20
TRAIN_RESULT {"circuit": "c2670", "difficulty": "medium", "learning": {"attributed_backtrace_steps": 3434, "attributed_backtracks": 0, "backtrace_event_mismatch": 0, "backtrace_event_mismatch_abs": 0, "backtrack_event_mismatch": 0, "backtrack_event_mismatch_abs": 0, "combined_reward_sum": 1971.8401606291138, "counter_mismatch_episode": 0, "distributed_potential_reward": -225.3314028803213, "entropy_mean": 0.0018512763548642398, "episodes": 20, "episodes_with_updates": 20, "extrinsic_reward_sum": 1971.840160629114, "intrinsic_reward_sum": 0.0, "policy_loss_mean": 0.039270510990172626, "ratio_mean": 0.9999991118907928, "rnd_loss_mean": 0.0, "scaled_intrinsic_reward_sum": 0.0, "steps": 544, "terminal_reward_residual": 2197.1715635094356, "total_loss_mean": 0.041031444212421775, "value_loss_mean": 0.0035255702532595024}, "stage": 2, "stage_name": "hard", "summary": {"aborted": 0, "backtrace_steps": 3475, "backtracks": 0, "decisions": 544, "detected": 20, "episodes": 20, "pi_visits": 370, "redundant": 0}, "sweep": 3}
TRAIN_START stage=hard sweep=3/3 circuit=c6288 difficulty=easy faults=20
TRAIN_RESULT {"circuit": "c6288", "difficulty": "easy", "learning": {"attributed_backtrace_steps": 13756, "attributed_backtracks": 451, "backtrace_event_mismatch": 0, "backtrace_event_mismatch_abs": 0, "backtrack_event_mismatch": 0, "backtrack_event_mismatch_abs": 0, "combined_reward_sum": 1462.5825173090034, "counter_mismatch_episode": 0, "distributed_potential_reward": -736.6697572981082, "entropy_mean": 0.0014722676889505238, "episodes": 20, "episodes_with_updates": 20, "extrinsic_reward_sum": 1462.582517309004, "intrinsic_reward_sum": 0.0, "policy_loss_mean": 0.06952695045620202, "ratio_mean": 0.9999990373849869, "rnd_loss_mean": 0.0, "scaled_intrinsic_reward_sum": 0.0, "steps": 2543, "terminal_reward_residual": 2199.252274607112, "total_loss_mean": 0.08762665209360421, "value_loss_mean": 0.03620234794507269}, "stage": 2, "stage_name": "hard", "summary": {"aborted": 0, "backtrace_steps": 13760, "backtracks": 451, "decisions": 2543, "detected": 20, "episodes": 20, "pi_visits": 1320, "redundant": 0}, "sweep": 3}
TRAIN_START stage=hard sweep=3/3 circuit=c1908 difficulty=hard faults=20
TRAIN_RESULT {"circuit": "c1908", "difficulty": "hard", "learning": {"attributed_backtrace_steps": 58466, "attributed_backtracks": 3005, "backtrace_event_mismatch": 0, "backtrace_event_mismatch_abs": 0, "backtrack_event_mismatch": 0, "backtrack_event_mismatch_abs": 0, "combined_reward_sum": 783.690501433675, "counter_mismatch_episode": 0, "distributed_potential_reward": -435.80400325762236, "entropy_mean": 0.0018141141452360898, "episodes": 20, "episodes_with_updates": 20, "extrinsic_reward_sum": 783.690501433683, "intrinsic_reward_sum": 0.0, "policy_loss_mean": 0.44029269833117723, "ratio_mean": 0.9999378383159637, "rnd_loss_mean": 0.0, "scaled_intrinsic_reward_sum": 0.0, "steps": 4853, "terminal_reward_residual": 1219.4945046913053, "total_loss_mean": 0.9444755330681801, "value_loss_mean": 1.008369286241941}, "stage": 2, "stage_name": "hard", "summary": {"aborted": 6, "backtrace_steps": 58486, "backtracks": 3005, "decisions": 4853, "detected": 14, "episodes": 20, "pi_visits": 6535, "redundant": 0}, "sweep": 3}
TRAIN_START stage=hard sweep=3/3 circuit=c5315 difficulty=easy faults=20
TRAIN_RESULT {"circuit": "c5315", "difficulty": "easy", "learning": {"attributed_backtrace_steps": 421, "attributed_backtracks": 0, "backtrace_event_mismatch": 0, "backtrace_event_mismatch_abs": 0, "backtrack_event_mismatch": 0, "backtrack_event_mismatch_abs": 0, "combined_reward_sum": 2002.0501219439836, "counter_mismatch_episode": 0, "distributed_potential_reward": -128.41776005515024, "entropy_mean": 0.0004564501577988267, "episodes": 20, "episodes_with_updates": 14, "extrinsic_reward_sum": 2002.0501219439839, "intrinsic_reward_sum": 0.0, "policy_loss_mean": -0.13359865971973964, "ratio_mean": 1.0000000851494926, "rnd_loss_mean": 0.0, "scaled_intrinsic_reward_sum": 0.0, "steps": 96, "terminal_reward_residual": 2130.467881999134, "total_loss_mean": -0.12453222061906542, "value_loss_mean": 0.018133791496178935}, "stage": 2, "stage_name": "hard", "summary": {"aborted": 0, "backtrace_steps": 457, "backtracks": 0, "decisions": 96, "detected": 20, "episodes": 20, "pi_visits": 109, "redundant": 0}, "sweep": 3}
TRAIN_START stage=hard sweep=3/3 circuit=c432 difficulty=hard faults=20
TRAIN_RESULT {"circuit": "c432", "difficulty": "hard", "learning": {"attributed_backtrace_steps": 28936, "attributed_backtracks": 2022, "backtrace_event_mismatch": 0, "backtrace_event_mismatch_abs": 0, "backtrack_event_mismatch": 0, "backtrack_event_mismatch_abs": 0, "combined_reward_sum": 1208.1032380150139, "counter_mismatch_episode": 0, "distributed_potential_reward": -590.8623905815219, "entropy_mean": 0.0005566551786614582, "episodes": 20, "episodes_with_updates": 20, "extrinsic_reward_sum": 1208.1032380150102, "intrinsic_reward_sum": 0.0, "policy_loss_mean": 0.16770307570695878, "ratio_mean": 1.000000110268593, "rnd_loss_mean": 0.0, "scaled_intrinsic_reward_sum": 0.0, "steps": 2961, "terminal_reward_residual": 1798.9656285965323, "total_loss_mean": 0.5221691057085991, "value_loss_mean": 0.7089331779628992}, "stage": 2, "stage_name": "hard", "summary": {"aborted": 4, "backtrace_steps": 28949, "backtracks": 2022, "decisions": 2961, "detected": 16, "episodes": 20, "pi_visits": 4305, "redundant": 0}, "sweep": 3}
TRAIN_START stage=hard sweep=3/3 circuit=c1355 difficulty=easy faults=20
TRAIN_RESULT {"circuit": "c1355", "difficulty": "easy", "learning": {"attributed_backtrace_steps": 5985, "attributed_backtracks": 1, "backtrace_event_mismatch": 0, "backtrace_event_mismatch_abs": 0, "backtrack_event_mismatch": 0, "backtrack_event_mismatch_abs": 0, "combined_reward_sum": 1991.4629583779833, "counter_mismatch_episode": 0, "distributed_potential_reward": -207.98755991738858, "entropy_mean": 0.0005859635391971096, "episodes": 20, "episodes_with_updates": 20, "extrinsic_reward_sum": 1991.462958377983, "intrinsic_reward_sum": 0.0, "policy_loss_mean": -0.09592658020555973, "ratio_mean": 1.0000002324581145, "rnd_loss_mean": 0.0, "scaled_intrinsic_reward_sum": 0.0, "steps": 1058, "terminal_reward_residual": 2199.4505182953717, "total_loss_mean": -0.09014906883239746, "value_loss_mean": 0.01155618978664279}, "stage": 2, "stage_name": "hard", "summary": {"aborted": 0, "backtrace_steps": 5999, "backtracks": 1, "decisions": 1058, "detected": 20, "episodes": 20, "pi_visits": 559, "redundant": 0}, "sweep": 3}
TRAIN_START stage=hard sweep=3/3 circuit=c1355 difficulty=medium faults=20
TRAIN_RESULT {"circuit": "c1355", "difficulty": "medium", "learning": {"attributed_backtrace_steps": 8652, "attributed_backtracks": 15, "backtrace_event_mismatch": 0, "backtrace_event_mismatch_abs": 0, "backtrack_event_mismatch": 0, "backtrack_event_mismatch_abs": 0, "combined_reward_sum": 1911.8620402132879, "counter_mismatch_episode": 0, "distributed_potential_reward": -387.75348488358736, "entropy_mean": 0.000562806538073346, "episodes": 20, "episodes_with_updates": 20, "extrinsic_reward_sum": 1911.8620402132879, "intrinsic_reward_sum": 0.0, "policy_loss_mean": -0.03207537531852722, "ratio_mean": 1.0000000566244125, "rnd_loss_mean": 0.0, "scaled_intrinsic_reward_sum": 0.0, "steps": 1575, "terminal_reward_residual": 2299.615525096875, "total_loss_mean": -0.015026772022247314, "value_loss_mean": 0.03409832990728319}, "stage": 2, "stage_name": "hard", "summary": {"aborted": 0, "backtrace_steps": 8672, "backtracks": 15, "decisions": 1575, "detected": 20, "episodes": 20, "pi_visits": 835, "redundant": 0}, "sweep": 3}
TRAIN_START stage=hard sweep=3/3 circuit=c3540 difficulty=hard faults=20
TRAIN_RESULT {"circuit": "c3540", "difficulty": "hard", "learning": {"attributed_backtrace_steps": 74262, "attributed_backtracks": 3077, "backtrace_event_mismatch": 0, "backtrace_event_mismatch_abs": 0, "backtrack_event_mismatch": 0, "backtrack_event_mismatch_abs": 0, "combined_reward_sum": 786.5390789520744, "counter_mismatch_episode": 0, "distributed_potential_reward": -612.6171567182628, "entropy_mean": 0.00042014222271973266, "episodes": 20, "episodes_with_updates": 20, "extrinsic_reward_sum": 786.5390789520594, "intrinsic_reward_sum": 0.0, "policy_loss_mean": 0.41025384683161975, "ratio_mean": 0.9999997735023498, "rnd_loss_mean": 0.0, "scaled_intrinsic_reward_sum": 0.0, "steps": 6349, "terminal_reward_residual": 1399.1562356703225, "total_loss_mean": 0.9342864515725523, "value_loss_mean": 1.0480660792440175}, "stage": 2, "stage_name": "hard", "summary": {"aborted": 6, "backtrace_steps": 74276, "backtracks": 3077, "decisions": 6349, "detected": 14, "episodes": 20, "pi_visits": 6421, "redundant": 0}, "sweep": 3}
es = 703
#number of equivalent faults = 1158

#Circuit Summary:
#---------------
#number of inputs = 157
#number of outputs = 64
#number of gates = 1400
#number of wires = 1557
#number of equivalent faults = 2595

#Circuit Summary:
#---------------
#number of inputs = 36
#number of outputs = 7
#number of gates = 288
#number of wires = 324
#number of equivalent faults = 560

#Circuit Summary:
#---------------
#number of inputs = 157
#number of outputs = 64
#number of gates = 1400
#number of wires = 1557
#number of equivalent faults = 2595

#Circuit Summary:
#---------------
#number of inputs = 50
#number of outputs = 22
#number of gates = 1983
#number of wires = 2033
#number of equivalent faults = 3428

#Circuit Summary:
#---------------
#number of inputs = 41
#number of outputs = 32
#number of gates = 662
#number of wires = 703
#number of equivalent faults = 1158

#Circuit Summary:
#---------------
#number of inputs = 207
#number of outputs = 108
#number of gates = 4042
#number of wires = 4249
#number of equivalent faults = 7550

#Circuit Summary:
#---------------
#number of inputs = 1664
#number of outputs = 1742
#number of gates = 23319
#number of wires = 24983
#number of equivalent faults = 31180

#Circuit Summary:
#---------------
#number of inputs = 33
#number of outputs = 25
#number of gates = 1056
#number of wires = 1089
#number of equivalent faults = 1876

#Circuit Summary:
#---------------
#number of inputs = 178
#number of outputs = 123
#number of gates = 2973
#number of wires = 3151
#number of equivalent faults = 5350

#Circuit Summary:
#---------------
#number of inputs = 36
#number of outputs = 7
#number of gates = 288
#number of wires = 324
#number of equivalent faults = 560

#Circuit Summary:
#---------------
#number of inputs = 32
#number of outputs = 32
#number of gates = 2416
#number of wires = 2448
#number of equivalent faults = 7744

#Circuit Summary:
#---------------
#number of inputs = 33
#number of outputs = 25
#number of gates = 1056
#number of wires = 1089
#number of equivalent faults = 1876

#Circuit Summary:
#---------------
#number of inputs = 32
#number of outputs = 32
#number of gates = 2416
#number of wires = 2448
#number of equivalent faults = 7744

#Circuit Summary:
#---------------
#number of inputs = 50
#number of outputs = 22
#number of gates = 1983
#number of wires = 2033
#number of equivalent faults = 3428

#Circuit Summary:
#---------------
#number of inputs = 207
#number of outputs = 108
#number of gates = 4042
#number of wires = 4249
#number of equivalent faults = 7550

#Circuit Summary:
#---------------
#number of inputs = 1664
#number of outputs = 1742
#number of gates = 23319
#number of wires = 24983
#number of equivalent faults = 31180

#Circuit Summary:
#---------------
#number of inputs = 157
#number of outputs = 64
#number of gates = 1400
#number of wires = 1557
#number of equivalent faults = 2595

#Circuit Summary:
#---------------
#number of inputs = 32
#number of outputs = 32
#number of gates = 2416
#number of wires = 2448
#number of equivalent faults = 7744

#Circuit Summary:
#---------------
#number of inputs = 33
#number of outputs = 25
#number of gates = 1056
#number of wires = 1089
#number of equivalent faults = 1876

#Circuit Summary:
#---------------
#number of inputs = 178
#number of outputs = 123
#number of gates = 2973
#number of wires = 3151
#number of equivalent faults = 5350

#Circuit Summary:
#---------------
#number of inputs = 36
#number of outputs = 7
#number of gates = 288
#number of wires = 324
#number of equivalent faults = 560

#Circuit Summary:
#---------------
#number of inputs = 41
#number of outputs = 32
#number of gates = 590
#number of wires = 631
#number of equivalent faults = 1574

#Circuit Summary:
#---------------
#number of inputs = 41
#number of outputs = 32
#number of gates = 590
#number of wires = 631
#number of equivalent faults = 1574

#Circuit Summary:
#---------------
#number of inputs = 50
#number of outputs = 22
#number of gates = 1983
#number of wires = 2033
#number of equivalent faults = 3428

#Circuit Summary:
#---------------
VALIDATION selection=kept {"aggregate": {"aborted": 9, "decisions": 28854, "detected": 491, "mean_backtrace_ratio": 1.204473954768516, "mean_backtrack_ratio": 1.092695472813903, "score": [-491, 9, 1.092695472813903, 1.204473954768516, 28854]}, "circuits": {"c1355": {"aborted": 0, "backtrace_steps": 18806, "backtracks": 17, "decisions": 3330, "detected": 50, "episodes": 50, "pi_visits": 1781, "redundant": 0}, "c1908": {"aborted": 0, "backtrace_steps": 13781, "backtracks": 7, "decisions": 1583, "detected": 50, "episodes": 50, "pi_visits": 991, "redundant": 0}, "c2670": {"aborted": 3, "backtrace_steps": 21838, "backtracks": 1514, "decisions": 2555, "detected": 47, "episodes": 50, "pi_visits": 3759, "redundant": 0}, "c3540": {"aborted": 3, "backtrace_steps": 50408, "backtracks": 1761, "decisions": 4627, "detected": 47, "episodes": 50, "pi_visits": 4249, "redundant": 0}, "c432": {"aborted": 0, "backtrace_steps": 3638, "backtracks": 8, "decisions": 1184, "detected": 50, "episodes": 50, "pi_visits": 613, "redundant": 0}, "c499": {"aborted": 0, "backtrace_steps": 21479, "backtracks": 3, "decisions": 3181, "detected": 50, "episodes": 50, "pi_visits": 1849, "redundant": 0}, "c5315": {"aborted": 0, "backtrace_steps": 6536, "backtracks": 2, "decisions": 1057, "detected": 50, "episodes": 50, "pi_visits": 734, "redundant": 0}, "c6288": {"aborted": 3, "backtrace_steps": 59225, "backtracks": 1833, "decisions": 8512, "detected": 47, "episodes": 50, "pi_visits": 4879, "redundant": 0}, "c7552": {"aborted": 0, "backtrace_steps": 11177, "backtracks": 50, "decisions": 1765, "detected": 50, "episodes": 50, "pi_visits": 1118, "redundant": 0}, "s38417_scan": {"aborted": 0, "backtrace_steps": 7217, "backtracks": 5, "decisions": 1060, "detected": 50, "episodes": 50, "pi_visits": 701, "redundant": 0}}, "label": "hard_sweep_3"}
TRAINING_COMPLETE best=medium_sweep_2 score=[-497, 3, 0.9845422610708294, 1.008341615843907, 26228]
#number of inputs = 36
#number of outputs = 7
#number of gates = 288
#number of wires = 324
#number of equivalent faults = 560

#Circuit Summary:
#---------------
#number of inputs = 41
#number of outputs = 32
#number of gates = 662
#number of wires = 703
#number of equivalent faults = 1158

#Circuit Summary:
#---------------
#number of inputs = 41
#number of outputs = 32
#number of gates = 590
#number of wires = 631
#number of equivalent faults = 1574

#Circuit Summary:
#---------------
#number of inputs = 33
#number of outputs = 25
#number of gates = 1056
#number of wires = 1089
#number of equivalent faults = 1876

#Circuit Summary:
#---------------
#number of inputs = 157
#number of outputs = 64
#number of gates = 1400
#number of wires = 1557
#number of equivalent faults = 2595

#Circuit Summary:
#---------------
#number of inputs = 50
#number of outputs = 22
#number of gates = 1983
#number of wires = 2033
#number of equivalent faults = 3428

#Circuit Summary:
#---------------
#number of inputs = 178
#number of outputs = 123
#number of gates = 2973
#number of wires = 3151
#number of equivalent faults = 5350

#Circuit Summary:
#---------------
#number of inputs = 207
#number of outputs = 108
#number of gates = 4042
#number of wires = 4249
#number of equivalent faults = 7550

#Circuit Summary:
#---------------
#number of inputs = 32
#number of outputs = 32
#number of gates = 2416
#number of wires = 2448
#number of equivalent faults = 7744

#Circuit Summary:
#---------------
#number of inputs = 1664
#number of outputs = 1742
#number of gates = 23319
#number of wires = 24983
#number of equivalent faults = 31180
